2026-09-04 13:45:51,225 DEBUG [WB_to_MX.lambda$run_gui_mode$0] Arguments: [-mx_timeout, -1, -pack, assets/MotorControlPack/MotorControl.zip, -exp, templates/wb-defines_where_and_what.txt, -ftl, templates/wb_ioc_template.ftl, -xdm, C:\Users\azmib\Desktop\Bachelorarbeit\05Software\STM_Workspace\PilotixFOC_Measurement\PilotixFOC_Measurement.wbdef, -ioc, C:\Users\azmib\Desktop\Bachelorarbeit\05Software\STM_Workspace\PilotixFOC_Measurement\PilotixFOC_Measurement.ioc]
2026-09-04 13:45:51,227 DEBUG [ArgsValue.lambda$retrieve$2] CLI_ARG[ftl]: templates/wb_ioc_template.ftl
2026-09-04 13:45:51,227 DEBUG [ArgsValue.lambda$retrieve$2] CLI_ARG[exp]: templates/wb-defines_where_and_what.txt
2026-09-04 13:45:51,237 DEBUG [ArgsValue.lambda$retrieve$2] CLI_ARG[xdm]: C:\Users\azmib\Desktop\Bachelorarbeit\05Software\STM_Workspace\PilotixFOC_Measurement\PilotixFOC_Measurement.wbdef
2026-09-04 13:45:51,237 DEBUG [ArgsValue.lambda$retrieve$2] CLI_ARG[ioc]: C:\Users\azmib\Desktop\Bachelorarbeit\05Software\STM_Workspace\PilotixFOC_Measurement\PilotixFOC_Measurement.ioc
2026-09-04 13:45:51,237 DEBUG [ArgsValue.lambda$retrieve$2] CLI_ARG[pack]: assets/MotorControlPack/MotorControl.zip
2026-09-04 13:45:51,237 DEBUG [ArgsValue.lambda$retrieve$2] CLI_ARG[mx_timeout]: -1
2026-09-04 13:45:51,237 DEBUG [ArgsValue.retrieve] {xdm=C:\Users\azmib\Desktop\Bachelorarbeit\05Software\STM_Workspace\PilotixFOC_Measurement\PilotixFOC_Measurement.wbdef, updftl=templates/wb_ioc_mc-middleware.ftl, mx_timeout=-1, exp=templates/wb-defines_where_and_what.txt, ioc=C:\Users\azmib\Desktop\Bachelorarbeit\05Software\STM_Workspace\PilotixFOC_Measurement\PilotixFOC_Measurement.ioc, pack=assets/MotorControlPack/MotorControl.zip, ftl=templates/wb_ioc_template.ftl}
2026-09-04 13:45:51,255 DEBUG [WB_to_MX.run] Targeted MCU family = G4
2026-09-04 13:45:51,261 DEBUG [WB_to_MX.run] Minimum associated CubeMx to the `6.0.0-a0` targeted MCU family is `G4`
2026-09-04 13:45:53,281 DEBUG [EnvironmentChecker.checkPack] STM32CubeMX.Version: 6.18.1-RC2
2026-09-04 13:45:53,283 DEBUG [RetrieveFirmwareVersion.from_zip] Trying to read Firmware version from zipped version Pack: C:\Program Files (x86)\STMicroelectronics\MC_SDK_6.4.2\Utilities\PC_Software\STMCWB\assets\MotorControlPack\MotorControl.zip
2026-09-04 13:45:53,312 DEBUG [RetrieveFirmwareVersion.minimum_supporte_version] minimum_supporte_version MotorControlFirmware.Version: 6.4.2-Full
2026-09-04 13:45:53,313 DEBUG [PackInfoFactory.deploy_MCPack_to_MxRepo] Deployment strategy class: VersionedFolderStyle_MCPackDeployer
2026-09-04 13:45:53,313 DEBUG [PackInfoFactory.deploy_MCPack_to_MxRepo] Expected MC Pack 6.4.2-Full already deployed
2026-09-04 13:45:53,330 DEBUG [DataSetUpdater.update] Updating data set
2026-09-04 13:45:53,330 DEBUG [DataSetUpdater.update] Update done
2026-09-04 13:45:53,330 INFO  [IocGenerator.logModulesVersionInfo] Version info: 
2026-09-04 13:45:53,340 INFO  [IocGenerator.logModulesVersionInfo]   MC Workbench       : 6.4.2
2026-09-04 13:45:53,341 INFO  [IocGenerator.logModulesVersionInfo]   WB_to_Mx           : 6.4.2.template-25-05-06
2026-09-04 13:45:53,341 INFO  [IocGenerator.logModulesVersionInfo]   STM32CubeMX        : 6.18.1
2026-09-04 13:45:53,342 INFO  [IocGenerator.logModulesVersionInfo]   MC Firmware Library: 6.4.2-Full
2026-09-04 13:45:53,342 INFO  [IocGenerator.logModulesVersionInfo] 
Generation options: 
2026-09-04 13:45:53,342 INFO  [IocGenerator.logModulesVersionInfo]   Target Toolchain   : ST STM32CubeIDE
2026-09-04 13:45:53,343 INFO  [IocGenerator.logModulesVersionInfo]   Target Driver      : HAL - Hardware Abstraction Layer
2026-09-04 13:45:53,343 INFO  [IocGenerator.logModulesVersionInfo]   Target STM32 FW    : 1.6.2

2026-09-04 13:45:53,346 DEBUG [IocGenerator.process] C:\Users\azmib\Desktop\Bachelorarbeit\05Software\STM_Workspace\PilotixFOC_Measurement\PilotixFOC_Measurement.ioc ioc file: Generating
2026-09-04 13:45:53,347 DEBUG [IocGenerator.createOutput] Generating file from template templates\wb_ioc_template.ftl
2026-09-04 13:45:54,032 DEBUG [IocGenerator.process] ioc file C:\Users\azmib\Desktop\Bachelorarbeit\05Software\STM_Workspace\PilotixFOC_Measurement\PilotixFOC_Measurement.ioc Generated
2026-09-04 13:45:54,039 INFO  [LineInfo_to_exitCode.log_LineInfo] C:\Users\azmib\Desktop\Bachelorarbeit\05Software\STM_Workspace\PilotixFOC_Measurement\PilotixFOC_Measurement.ioc ioc: Generated
2026-09-04 13:45:54,115 INFO  [Wb2MxProcess.lambda$copyFolder$e7a869af$1] Folder Overwritten C:\Users\azmib\Desktop\Bachelorarbeit\05Software\STM_Workspace\PilotixFOC_Measurement\ftl
2026-09-04 13:45:54,167 INFO  [extSettings.lambda$writeContentToFile$f5919002$1] Generated C:\Users\azmib\Desktop\Bachelorarbeit\05Software\STM_Workspace\PilotixFOC_Measurement\.extSettings
2026-09-04 13:45:54,173 INFO  [Wb2MxProcess.lambda$run$$19] 
Started STM32CubeMX for final c-code generation
2026-09-04 13:45:54,210 DEBUG [CubeMxRunner.create_code_generation_script_for] Generated CubeMx script file: C:\Users\azmib\AppData\Local\Temp\WB_to_Mx-pilotixfocmeasurement-17942490510813219951.script
2026-09-04 13:45:54,780 DEBUG [LineInfo_to_exitCode.log_LineInfo] 2026-09-04 13:45:54,778 [INFO] MicroXplorer:98 - [MX] MX Start == 144655184727600
2026-09-04 13:45:54,780 DEBUG [LineInfo_to_exitCode.log_LineInfo] 2026-09-04 13:45:54,780 [INFO] MicroXplorer:653 - Detected Java Version = 21.0.10
2026-09-04 13:45:54,781 DEBUG [LineInfo_to_exitCode.log_LineInfo] 2026-09-04 13:45:54,781 [INFO] ApplicationProperties:184 - Using Application install path: C:\Users\azmib\AppData\Local\Programs\STM32CubeMX
2026-09-04 13:45:54,792 DEBUG [LineInfo_to_exitCode.log_LineInfo] 2026-09-04 13:45:54,792 [INFO] DbMcusXml:78 - Set database path to: C:\Users\azmib\AppData\Local\Programs\STM32CubeMX\\db\/mcu/
2026-09-04 13:45:54,793 DEBUG [LineInfo_to_exitCode.log_LineInfo] 2026-09-04 13:45:54,792 [INFO] ApiDb:274 - Set plugin database path to: C:\Users\azmib\AppData\Local\Programs\STM32CubeMX\\db\/plugins/boardmanager/
2026-09-04 13:45:54,796 DEBUG [LineInfo_to_exitCode.log_LineInfo] 2026-09-04 13:45:54,795 [INFO] McuFinderGlobals:63 - Set McuFinder mode to 1 (CubeMX integrated)
2026-09-04 13:45:54,804 DEBUG [LineInfo_to_exitCode.log_LineInfo] 2026-09-04 13:45:54,803 [INFO] ApiDb:250 - Set database path to: C:\Users\azmib\.stmcufinder\plugins\mcufinder//mcu/
2026-09-04 13:45:54,805 DEBUG [LineInfo_to_exitCode.log_LineInfo] 2026-09-04 13:45:54,804 [INFO] DbMcusAds:125 - Set database path to: C:\Users\azmib\.stmcufinder\plugins\mcufinder//mcu/
2026-09-04 13:45:54,814 DEBUG [LineInfo_to_exitCode.log_LineInfo] 2026-09-04 13:45:54,814 [INFO] CrossReferenceDbSqlite:203 - Set database path to: C:\Users\azmib\.stmcufinder\plugins\mcufinder//mcu/cs/
2026-09-04 13:45:54,893 DEBUG [LineInfo_to_exitCode.log_LineInfo] 2026-09-04 13:45:54,893 [INFO] RulesReader:64 - Compatibility file has been processed (337 Rules)
2026-09-04 13:45:54,915 DEBUG [LineInfo_to_exitCode.log_LineInfo] 2026-09-04 13:45:54,915 [INFO] STM32CubeMX:60 - Starting STM32CubeMX
2026-09-04 13:45:55,062 DEBUG [LineInfo_to_exitCode.log_LineInfo] 2026-09-04 13:45:55,061 [INFO] MainPanel:275 - HeapMemory: 41943040
2026-09-04 13:45:55,114 DEBUG [LineInfo_to_exitCode.log_LineInfo] 2026-09-04 13:45:55,113 [INFO] MainFrame:149 - AppUserModelID : STM32CubeMX.6.18.1-RC2
2026-09-04 13:45:55,306 DEBUG [LineInfo_to_exitCode.log_LineInfo] 2026-09-04 13:45:55,305 [INFO] DbMcusXml:78 - Set database path to: C:\Users\azmib\AppData\Local\Programs\STM32CubeMX\\db\/mcu/
2026-09-04 13:45:55,306 DEBUG [LineInfo_to_exitCode.log_LineInfo] 2026-09-04 13:45:55,306 [INFO] ApiDb:274 - Set plugin database path to: C:\Users\azmib\AppData\Local\Programs\STM32CubeMX\\db\/plugins/boardmanager/
2026-09-04 13:45:55,307 DEBUG [LineInfo_to_exitCode.log_LineInfo] 2026-09-04 13:45:55,306 [INFO] ApiDb:261 - Set plugin images path to: C:\Users\azmib\AppData\Local\Programs\STM32CubeMX\\db\/plugins/mcufinder/images/
2026-09-04 13:45:55,307 DEBUG [LineInfo_to_exitCode.log_LineInfo] 2026-09-04 13:45:55,307 [INFO] ApiDb:250 - Set database path to: C:\Users\azmib\.stmcufinder\plugins\mcufinder//mcu/
2026-09-04 13:45:55,308 DEBUG [LineInfo_to_exitCode.log_LineInfo] 2026-09-04 13:45:55,308 [INFO] DbMcusAds:125 - Set database path to: C:\Users\azmib\.stmcufinder\plugins\mcufinder//mcu/
2026-09-04 13:45:55,308 DEBUG [LineInfo_to_exitCode.log_LineInfo] 2026-09-04 13:45:55,308 [INFO] CrossReferenceDbSqlite:203 - Set database path to: C:\Users\azmib\.stmcufinder\plugins\mcufinder//mcu/cs/
2026-09-04 13:45:55,324 DEBUG [LineInfo_to_exitCode.log_LineInfo] 2026-09-04 13:45:55,324 [INFO] ApplicationProperties:184 - Using Application install path: C:\Users\azmib\AppData\Local\Programs\STM32CubeMX
2026-09-04 13:45:55,326 DEBUG [LineInfo_to_exitCode.log_LineInfo] 2026-09-04 13:45:55,325 [INFO] PluginManage:196 - Search for loadable plugins [exclusion list=, ]
2026-09-04 13:45:55,327 DEBUG [LineInfo_to_exitCode.log_LineInfo] 2026-09-04 13:45:55,327 [INFO] PluginManage:310 - Check plugin analytics
2026-09-04 13:45:55,545 DEBUG [LineInfo_to_exitCode.log_LineInfo] 2026-09-04 13:45:55,544 [INFO] AnalyticsPlugin:253 - Accepted Software Licenses: STM32CubeMX.6.18.1
2026-09-04 13:45:55,545 DEBUG [LineInfo_to_exitCode.log_LineInfo] 2026-09-04 13:45:55,545 [INFO] AnalyticsPlugin:255 - Accepted CMSIS Pack Licenses: 
2026-09-04 13:45:55,546 DEBUG [LineInfo_to_exitCode.log_LineInfo] 2026-09-04 13:45:55,545 [INFO] AnalyticsPlugin:257 - Accepted Firmware Licenses: FW.G4.1.6.0,FW.G4.1.6.3,FW.F4.1.28.0,FW.F4.1.28.3,FW.G4.1.6.2
2026-09-04 13:45:55,550 DEBUG [LineInfo_to_exitCode.log_LineInfo] 2026-09-04 13:45:55,549 [INFO] PluginManage:359 - Loaded plugin analytics (category:tool,tabindex:-1)
2026-09-04 13:45:55,550 DEBUG [LineInfo_to_exitCode.log_LineInfo] 2026-09-04 13:45:55,549 [INFO] PluginManage:310 - Check plugin cadmodel
2026-09-04 13:45:55,553 DEBUG [LineInfo_to_exitCode.log_LineInfo] 2026-09-04 13:45:55,553 [INFO] CADModel:93 - Init CAD model plugin
2026-09-04 13:45:55,554 DEBUG [LineInfo_to_exitCode.log_LineInfo] 2026-09-04 13:45:55,553 [INFO] PluginManage:359 - Loaded plugin cadmodel (category:power,tabindex:5)
2026-09-04 13:45:55,554 DEBUG [LineInfo_to_exitCode.log_LineInfo] 2026-09-04 13:45:55,554 [INFO] PluginManage:310 - Check plugin clock
2026-09-04 13:45:55,559 DEBUG [LineInfo_to_exitCode.log_LineInfo] 2026-09-04 13:45:55,559 [INFO] PluginManage:359 - Loaded plugin clock (category:base,tabindex:2)
2026-09-04 13:45:55,559 DEBUG [LineInfo_to_exitCode.log_LineInfo] 2026-09-04 13:45:55,559 [INFO] PluginManage:310 - Check plugin ddr
2026-09-04 13:45:55,565 DEBUG [LineInfo_to_exitCode.log_LineInfo] 2026-09-04 13:45:55,564 [INFO] PluginManage:359 - Loaded plugin ddr (category:tool,tabindex:6)
2026-09-04 13:45:55,565 DEBUG [LineInfo_to_exitCode.log_LineInfo] 2026-09-04 13:45:55,565 [INFO] PluginManage:310 - Check plugin filemanager
2026-09-04 13:45:55,668 DEBUG [LineInfo_to_exitCode.log_LineInfo] 2026-09-04 13:45:55,667 [INFO] PluginManage:359 - Loaded plugin filemanager (category:base,tabindex:10)
2026-09-04 13:45:55,668 DEBUG [LineInfo_to_exitCode.log_LineInfo] 2026-09-04 13:45:55,668 [INFO] PluginManage:310 - Check plugin ipmanager
2026-09-04 13:45:55,674 DEBUG [LineInfo_to_exitCode.log_LineInfo] 2026-09-04 13:45:55,674 [INFO] PluginManage:359 - Loaded plugin ipmanager (category:base,tabindex:5)
2026-09-04 13:45:55,674 DEBUG [LineInfo_to_exitCode.log_LineInfo] 2026-09-04 13:45:55,674 [INFO] PluginManage:310 - Check plugin lpbam
2026-09-04 13:45:55,680 DEBUG [LineInfo_to_exitCode.log_LineInfo] 2026-09-04 13:45:55,679 [INFO] PluginManage:359 - Loaded plugin lpbam (category:base,tabindex:0)
2026-09-04 13:45:55,680 DEBUG [LineInfo_to_exitCode.log_LineInfo] 2026-09-04 13:45:55,680 [INFO] PluginManage:310 - Check plugin memorymap
2026-09-04 13:45:55,688 DEBUG [LineInfo_to_exitCode.log_LineInfo] 2026-09-04 13:45:55,687 [INFO] PluginManage:359 - Loaded plugin memorymap (category:base,tabindex:4)
2026-09-04 13:45:55,688 DEBUG [LineInfo_to_exitCode.log_LineInfo] 2026-09-04 13:45:55,688 [INFO] PluginManage:310 - Check plugin pinoutandconfiguration
2026-09-04 13:45:55,694 DEBUG [LineInfo_to_exitCode.log_LineInfo] 2026-09-04 13:45:55,694 [INFO] PluginManage:359 - Loaded plugin pinoutandconfiguration (category:base,tabindex:1)
2026-09-04 13:45:55,695 DEBUG [LineInfo_to_exitCode.log_LineInfo] 2026-09-04 13:45:55,694 [INFO] PluginManage:310 - Check plugin pinoutconfig
2026-09-04 13:45:55,864 DEBUG [LineInfo_to_exitCode.log_LineInfo] 2026-09-04 13:45:55,864 [INFO] PluginManage:359 - Loaded plugin pinoutconfig (category:base,tabindex:0)
2026-09-04 13:45:55,865 DEBUG [LineInfo_to_exitCode.log_LineInfo] 2026-09-04 13:45:55,864 [INFO] PluginManage:310 - Check plugin power
2026-09-04 13:45:55,870 DEBUG [LineInfo_to_exitCode.log_LineInfo] 2026-09-04 13:45:55,870 [INFO] PluginManage:359 - Loaded plugin power (category:power,tabindex:4)
2026-09-04 13:45:55,870 DEBUG [LineInfo_to_exitCode.log_LineInfo] 2026-09-04 13:45:55,870 [INFO] PluginManage:310 - Check plugin projectmanager
2026-09-04 13:45:55,913 DEBUG [LineInfo_to_exitCode.log_LineInfo] 2026-09-04 13:45:55,912 [INFO] PluginManage:359 - Loaded plugin projectmanager (category:projectmanager,tabindex:4)
2026-09-04 13:45:55,913 DEBUG [LineInfo_to_exitCode.log_LineInfo] 2026-09-04 13:45:55,912 [INFO] PluginManage:310 - Check plugin rif
2026-09-04 13:45:55,918 DEBUG [LineInfo_to_exitCode.log_LineInfo] 2026-09-04 13:45:55,917 [INFO] PluginManage:359 - Loaded plugin rif (category:base,tabindex:3)
2026-09-04 13:45:55,918 DEBUG [LineInfo_to_exitCode.log_LineInfo] 2026-09-04 13:45:55,917 [INFO] PluginManage:310 - Check plugin thirdparty
2026-09-04 13:45:56,001 DEBUG [LineInfo_to_exitCode.log_LineInfo] 2026-09-04 13:45:56,001 [INFO] PluginManage:359 - Loaded plugin thirdparty (category:base,tabindex:-1)
2026-09-04 13:45:56,002 DEBUG [LineInfo_to_exitCode.log_LineInfo] 2026-09-04 13:45:56,001 [INFO] PluginManage:310 - Check plugin tools
2026-09-04 13:45:56,002 DEBUG [LineInfo_to_exitCode.log_LineInfo] 2026-09-04 13:45:56,001 [INFO] IntegrityCheckThread:86 - entering critical section [integrity check]
2026-09-04 13:45:56,002 DEBUG [LineInfo_to_exitCode.log_LineInfo] 2026-09-04 13:45:56,002 [INFO] ThirdPartyUpdaterWithRetryManager:70 - Updater plugin not ready yet. [1/15]
2026-09-04 13:45:56,003 DEBUG [LineInfo_to_exitCode.log_LineInfo] 2026-09-04 13:45:56,002 [INFO] PluginManage:359 - Loaded plugin tools (category:base,tabindex:7)
2026-09-04 13:45:56,003 DEBUG [LineInfo_to_exitCode.log_LineInfo] 2026-09-04 13:45:56,003 [INFO] PluginManage:310 - Check plugin tutovideos
2026-09-04 13:45:56,044 DEBUG [LineInfo_to_exitCode.log_LineInfo] 2026-09-04 13:45:56,044 [INFO] PluginManage:359 - Loaded plugin tutovideos (category:base,tabindex:-1)
2026-09-04 13:45:56,045 DEBUG [LineInfo_to_exitCode.log_LineInfo] 2026-09-04 13:45:56,044 [INFO] PluginManage:310 - Check plugin updater
2026-09-04 13:45:56,059 DEBUG [LineInfo_to_exitCode.log_LineInfo] 2026-09-04 13:45:56,059 [INFO] PluginManage:359 - Loaded plugin updater (category:base,tabindex:12)
2026-09-04 13:45:56,059 DEBUG [LineInfo_to_exitCode.log_LineInfo] 2026-09-04 13:45:56,059 [INFO] PluginManage:310 - Check plugin usernotification
2026-09-04 13:45:56,065 DEBUG [LineInfo_to_exitCode.log_LineInfo] 2026-09-04 13:45:56,065 [INFO] UserNotification:110 - Init UserNotification plugin
2026-09-04 13:45:56,065 DEBUG [LineInfo_to_exitCode.log_LineInfo] 2026-09-04 13:45:56,065 [INFO] PluginManage:359 - Loaded plugin usernotification (category:base,tabindex:19)
2026-09-04 13:45:56,065 DEBUG [LineInfo_to_exitCode.log_LineInfo] 2026-09-04 13:45:56,065 [INFO] PluginManage:283 - PluginManage : Loaded plugins [18]
2026-09-04 13:45:56,227 DEBUG [LineInfo_to_exitCode.log_LineInfo] 2026-09-04 13:45:56,226 [INFO] PinOutPanel:1500 - setPackage(No Configuration,No Configuration)
2026-09-04 13:45:56,280 DEBUG [LineInfo_to_exitCode.log_LineInfo] 2026-09-04 13:45:56,280 [INFO] CADModel:153 - CPN selected for project level
2026-09-04 13:45:56,280 DEBUG [LineInfo_to_exitCode.log_LineInfo] 2026-09-04 13:45:56,280 [INFO] CADModel:102 - Register for checkConnection events
2026-09-04 13:45:56,291 DEBUG [LineInfo_to_exitCode.log_LineInfo] 2026-09-04 13:45:56,291 [INFO] IPUIPlugin:83 - create IPUIPlugin
2026-09-04 13:45:56,292 DEBUG [LineInfo_to_exitCode.log_LineInfo] 2026-09-04 13:45:56,291 [INFO] PluginManager:220 - loadIPPluginJar : add adc
2026-09-04 13:45:56,293 DEBUG [LineInfo_to_exitCode.log_LineInfo] 2026-09-04 13:45:56,293 [INFO] IPUIPlugin:83 - create IPUIPlugin
2026-09-04 13:45:56,293 DEBUG [LineInfo_to_exitCode.log_LineInfo] 2026-09-04 13:45:56,293 [INFO] PluginManager:220 - loadIPPluginJar : add aes
2026-09-04 13:45:56,295 DEBUG [LineInfo_to_exitCode.log_LineInfo] 2026-09-04 13:45:56,294 [INFO] IPUIPlugin:83 - create IPUIPlugin
2026-09-04 13:45:56,295 DEBUG [LineInfo_to_exitCode.log_LineInfo] 2026-09-04 13:45:56,295 [INFO] PluginManager:220 - loadIPPluginJar : add can
2026-09-04 13:45:56,296 DEBUG [LineInfo_to_exitCode.log_LineInfo] 2026-09-04 13:45:56,295 [INFO] IPUIPlugin:83 - create IPUIPlugin
2026-09-04 13:45:56,296 DEBUG [LineInfo_to_exitCode.log_LineInfo] 2026-09-04 13:45:56,296 [INFO] PluginManager:220 - loadIPPluginJar : add comp
2026-09-04 13:45:56,297 DEBUG [LineInfo_to_exitCode.log_LineInfo] 2026-09-04 13:45:56,297 [INFO] IPUIPlugin:83 - create IPUIPlugin
2026-09-04 13:45:56,297 DEBUG [LineInfo_to_exitCode.log_LineInfo] 2026-09-04 13:45:56,297 [INFO] PluginManager:220 - loadIPPluginJar : add cryp
2026-09-04 13:45:56,300 DEBUG [LineInfo_to_exitCode.log_LineInfo] 2026-09-04 13:45:56,300 [INFO] IPUIPlugin:83 - create IPUIPlugin
2026-09-04 13:45:56,300 DEBUG [LineInfo_to_exitCode.log_LineInfo] 2026-09-04 13:45:56,300 [INFO] PluginManager:220 - loadIPPluginJar : add ddr_ctrl_phy
2026-09-04 13:45:56,301 DEBUG [LineInfo_to_exitCode.log_LineInfo] 2026-09-04 13:45:56,301 [INFO] IPUIPlugin:83 - create IPUIPlugin
2026-09-04 13:45:56,302 DEBUG [LineInfo_to_exitCode.log_LineInfo] 2026-09-04 13:45:56,301 [INFO] PluginManager:220 - loadIPPluginJar : add dfsdm
2026-09-04 13:45:56,305 DEBUG [LineInfo_to_exitCode.log_LineInfo] 2026-09-04 13:45:56,305 [INFO] IPUIPlugin:83 - create IPUIPlugin
2026-09-04 13:45:56,306 DEBUG [LineInfo_to_exitCode.log_LineInfo] 2026-09-04 13:45:56,305 [INFO] PluginManager:220 - loadIPPluginJar : add dma
2026-09-04 13:45:56,307 DEBUG [LineInfo_to_exitCode.log_LineInfo] 2026-09-04 13:45:56,307 [INFO] IPUIPlugin:83 - create IPUIPlugin
2026-09-04 13:45:56,307 DEBUG [LineInfo_to_exitCode.log_LineInfo] 2026-09-04 13:45:56,307 [INFO] PluginManager:220 - loadIPPluginJar : add dma3
2026-09-04 13:45:56,308 DEBUG [LineInfo_to_exitCode.log_LineInfo] 2026-09-04 13:45:56,308 [INFO] IPUIPlugin:83 - create IPUIPlugin
2026-09-04 13:45:56,308 DEBUG [LineInfo_to_exitCode.log_LineInfo] 2026-09-04 13:45:56,308 [INFO] PluginManager:220 - loadIPPluginJar : add extmemmanager
2026-09-04 13:45:56,309 DEBUG [LineInfo_to_exitCode.log_LineInfo] 2026-09-04 13:45:56,309 [INFO] IPUIPlugin:83 - create IPUIPlugin
2026-09-04 13:45:56,310 DEBUG [LineInfo_to_exitCode.log_LineInfo] 2026-09-04 13:45:56,309 [INFO] PluginManager:220 - loadIPPluginJar : add fatfs
2026-09-04 13:45:56,311 DEBUG [LineInfo_to_exitCode.log_LineInfo] 2026-09-04 13:45:56,311 [INFO] IPUIPlugin:83 - create IPUIPlugin
2026-09-04 13:45:56,312 DEBUG [LineInfo_to_exitCode.log_LineInfo] 2026-09-04 13:45:56,311 [INFO] PluginManager:220 - loadIPPluginJar : add fmc
2026-09-04 13:45:56,315 DEBUG [LineInfo_to_exitCode.log_LineInfo] 2026-09-04 13:45:56,314 [INFO] IPUIPlugin:83 - create IPUIPlugin
2026-09-04 13:45:56,315 DEBUG [LineInfo_to_exitCode.log_LineInfo] 2026-09-04 13:45:56,314 [INFO] PluginManager:220 - loadIPPluginJar : add freertos
2026-09-04 13:45:56,316 DEBUG [LineInfo_to_exitCode.log_LineInfo] 2026-09-04 13:45:56,316 [INFO] IPUIPlugin:83 - create IPUIPlugin
2026-09-04 13:45:56,316 DEBUG [LineInfo_to_exitCode.log_LineInfo] 2026-09-04 13:45:56,316 [INFO] PluginManager:220 - loadIPPluginJar : add genericplugin
2026-09-04 13:45:56,317 DEBUG [LineInfo_to_exitCode.log_LineInfo] 2026-09-04 13:45:56,317 [INFO] IPUIPlugin:83 - create IPUIPlugin
2026-09-04 13:45:56,317 DEBUG [LineInfo_to_exitCode.log_LineInfo] 2026-09-04 13:45:56,317 [INFO] PluginManager:220 - loadIPPluginJar : add gfxmmu
2026-09-04 13:45:56,320 DEBUG [LineInfo_to_exitCode.log_LineInfo] 2026-09-04 13:45:56,320 [INFO] IPUIPlugin:83 - create IPUIPlugin
2026-09-04 13:45:56,321 DEBUG [LineInfo_to_exitCode.log_LineInfo] 2026-09-04 13:45:56,320 [INFO] PluginManager:220 - loadIPPluginJar : add gic
2026-09-04 13:45:56,322 DEBUG [LineInfo_to_exitCode.log_LineInfo] 2026-09-04 13:45:56,322 [INFO] IPUIPlugin:83 - create IPUIPlugin
2026-09-04 13:45:56,323 DEBUG [LineInfo_to_exitCode.log_LineInfo] 2026-09-04 13:45:56,322 [INFO] PluginManager:220 - loadIPPluginJar : add gpio
2026-09-04 13:45:56,324 DEBUG [LineInfo_to_exitCode.log_LineInfo] 2026-09-04 13:45:56,324 [INFO] IPUIPlugin:83 - create IPUIPlugin
2026-09-04 13:45:56,324 DEBUG [LineInfo_to_exitCode.log_LineInfo] 2026-09-04 13:45:56,324 [INFO] PluginManager:220 - loadIPPluginJar : add gtzc
2026-09-04 13:45:56,325 DEBUG [LineInfo_to_exitCode.log_LineInfo] 2026-09-04 13:45:56,325 [INFO] IPUIPlugin:83 - create IPUIPlugin
2026-09-04 13:45:56,325 DEBUG [LineInfo_to_exitCode.log_LineInfo] 2026-09-04 13:45:56,325 [INFO] PluginManager:220 - loadIPPluginJar : add hash
2026-09-04 13:45:56,328 DEBUG [LineInfo_to_exitCode.log_LineInfo] 2026-09-04 13:45:56,328 [INFO] IPUIPlugin:83 - create IPUIPlugin
2026-09-04 13:45:56,328 DEBUG [LineInfo_to_exitCode.log_LineInfo] 2026-09-04 13:45:56,328 [INFO] PluginManager:220 - loadIPPluginJar : add hsp_engine
2026-09-04 13:45:56,329 DEBUG [LineInfo_to_exitCode.log_LineInfo] 2026-09-04 13:45:56,329 [INFO] IPUIPlugin:83 - create IPUIPlugin
2026-09-04 13:45:56,330 DEBUG [LineInfo_to_exitCode.log_LineInfo] 2026-09-04 13:45:56,329 [INFO] PluginManager:220 - loadIPPluginJar : add i2c
2026-09-04 13:45:56,331 DEBUG [LineInfo_to_exitCode.log_LineInfo] 2026-09-04 13:45:56,330 [INFO] IPUIPlugin:83 - create IPUIPlugin
2026-09-04 13:45:56,331 DEBUG [LineInfo_to_exitCode.log_LineInfo] 2026-09-04 13:45:56,331 [INFO] PluginManager:220 - loadIPPluginJar : add i2s
2026-09-04 13:45:56,332 DEBUG [LineInfo_to_exitCode.log_LineInfo] 2026-09-04 13:45:56,332 [INFO] IPUIPlugin:83 - create IPUIPlugin
2026-09-04 13:45:56,332 DEBUG [LineInfo_to_exitCode.log_LineInfo] 2026-09-04 13:45:56,332 [INFO] PluginManager:220 - loadIPPluginJar : add i3c
2026-09-04 13:45:56,334 DEBUG [LineInfo_to_exitCode.log_LineInfo] 2026-09-04 13:45:56,334 [INFO] IPUIPlugin:83 - create IPUIPlugin
2026-09-04 13:45:56,335 DEBUG [LineInfo_to_exitCode.log_LineInfo] 2026-09-04 13:45:56,334 [INFO] PluginManager:220 - loadIPPluginJar : add ipddr
2026-09-04 13:45:56,339 DEBUG [LineInfo_to_exitCode.log_LineInfo] 2026-09-04 13:45:56,338 [INFO] IPUIPlugin:83 - create IPUIPlugin
2026-09-04 13:45:56,339 DEBUG [LineInfo_to_exitCode.log_LineInfo] 2026-09-04 13:45:56,338 [INFO] PluginManager:220 - loadIPPluginJar : add linkedlist
2026-09-04 13:45:56,341 DEBUG [LineInfo_to_exitCode.log_LineInfo] 2026-09-04 13:45:56,341 [INFO] IPUIPlugin:83 - create IPUIPlugin
2026-09-04 13:45:56,342 DEBUG [LineInfo_to_exitCode.log_LineInfo] 2026-09-04 13:45:56,341 [INFO] PluginManager:220 - loadIPPluginJar : add lorawan
2026-09-04 13:45:56,343 DEBUG [LineInfo_to_exitCode.log_LineInfo] 2026-09-04 13:45:56,343 [INFO] IPUIPlugin:83 - create IPUIPlugin
2026-09-04 13:45:56,343 DEBUG [LineInfo_to_exitCode.log_LineInfo] 2026-09-04 13:45:56,343 [INFO] PluginManager:220 - loadIPPluginJar : add ltdc
2026-09-04 13:45:56,346 DEBUG [LineInfo_to_exitCode.log_LineInfo] 2026-09-04 13:45:56,346 [INFO] IPUIPlugin:83 - create IPUIPlugin
2026-09-04 13:45:56,346 DEBUG [LineInfo_to_exitCode.log_LineInfo] 2026-09-04 13:45:56,346 [INFO] PluginManager:220 - loadIPPluginJar : add mdma
2026-09-04 13:45:56,349 DEBUG [LineInfo_to_exitCode.log_LineInfo] 2026-09-04 13:45:56,348 [INFO] IPUIPlugin:83 - create IPUIPlugin
2026-09-04 13:45:56,349 DEBUG [LineInfo_to_exitCode.log_LineInfo] 2026-09-04 13:45:56,349 [INFO] PluginManager:220 - loadIPPluginJar : add nvic
2026-09-04 13:45:56,350 DEBUG [LineInfo_to_exitCode.log_LineInfo] 2026-09-04 13:45:56,350 [INFO] IPUIPlugin:83 - create IPUIPlugin
2026-09-04 13:45:56,350 DEBUG [LineInfo_to_exitCode.log_LineInfo] 2026-09-04 13:45:56,350 [INFO] PluginManager:220 - loadIPPluginJar : add opamp
2026-09-04 13:45:56,352 DEBUG [LineInfo_to_exitCode.log_LineInfo] 2026-09-04 13:45:56,351 [INFO] IPUIPlugin:83 - create IPUIPlugin
2026-09-04 13:45:56,352 DEBUG [LineInfo_to_exitCode.log_LineInfo] 2026-09-04 13:45:56,352 [INFO] PluginManager:220 - loadIPPluginJar : add openamp
2026-09-04 13:45:56,353 DEBUG [LineInfo_to_exitCode.log_LineInfo] 2026-09-04 13:45:56,353 [INFO] IPUIPlugin:83 - create IPUIPlugin
2026-09-04 13:45:56,353 DEBUG [LineInfo_to_exitCode.log_LineInfo] 2026-09-04 13:45:56,353 [INFO] PluginManager:220 - loadIPPluginJar : add pdm2pcm
2026-09-04 13:45:56,356 DEBUG [LineInfo_to_exitCode.log_LineInfo] 2026-09-04 13:45:56,356 [INFO] IPUIPlugin:83 - create IPUIPlugin
2026-09-04 13:45:56,358 DEBUG [LineInfo_to_exitCode.log_LineInfo] 2026-09-04 13:45:56,358 [INFO] PluginManager:220 - loadIPPluginJar : add plateformsettings
2026-09-04 13:45:56,359 DEBUG [LineInfo_to_exitCode.log_LineInfo] 2026-09-04 13:45:56,359 [INFO] IPUIPlugin:83 - create IPUIPlugin
2026-09-04 13:45:56,359 DEBUG [LineInfo_to_exitCode.log_LineInfo] 2026-09-04 13:45:56,359 [INFO] PluginManager:220 - loadIPPluginJar : add quadspi
2026-09-04 13:45:56,360 DEBUG [LineInfo_to_exitCode.log_LineInfo] 2026-09-04 13:45:56,360 [INFO] IPUIPlugin:83 - create IPUIPlugin
2026-09-04 13:45:56,360 DEBUG [LineInfo_to_exitCode.log_LineInfo] 2026-09-04 13:45:56,360 [INFO] PluginManager:220 - loadIPPluginJar : add radio
2026-09-04 13:45:56,362 DEBUG [LineInfo_to_exitCode.log_LineInfo] 2026-09-04 13:45:56,362 [INFO] IPUIPlugin:83 - create IPUIPlugin
2026-09-04 13:45:56,362 DEBUG [LineInfo_to_exitCode.log_LineInfo] 2026-09-04 13:45:56,362 [INFO] PluginManager:220 - loadIPPluginJar : add resmgrutility
2026-09-04 13:45:56,364 DEBUG [LineInfo_to_exitCode.log_LineInfo] 2026-09-04 13:45:56,364 [INFO] IPUIPlugin:83 - create IPUIPlugin
2026-09-04 13:45:56,364 DEBUG [LineInfo_to_exitCode.log_LineInfo] 2026-09-04 13:45:56,364 [INFO] PluginManager:220 - loadIPPluginJar : add sai
2026-09-04 13:45:56,365 DEBUG [LineInfo_to_exitCode.log_LineInfo] 2026-09-04 13:45:56,365 [INFO] IPUIPlugin:83 - create IPUIPlugin
2026-09-04 13:45:56,365 DEBUG [LineInfo_to_exitCode.log_LineInfo] 2026-09-04 13:45:56,365 [INFO] PluginManager:220 - loadIPPluginJar : add spi
2026-09-04 13:45:56,368 DEBUG [LineInfo_to_exitCode.log_LineInfo] 2026-09-04 13:45:56,368 [INFO] IPUIPlugin:83 - create IPUIPlugin
2026-09-04 13:45:56,369 DEBUG [LineInfo_to_exitCode.log_LineInfo] 2026-09-04 13:45:56,368 [INFO] PluginManager:220 - loadIPPluginJar : add stm32_wpan
2026-09-04 13:45:56,370 DEBUG [LineInfo_to_exitCode.log_LineInfo] 2026-09-04 13:45:56,370 [INFO] IPUIPlugin:83 - create IPUIPlugin
2026-09-04 13:45:56,370 DEBUG [LineInfo_to_exitCode.log_LineInfo] 2026-09-04 13:45:56,370 [INFO] PluginManager:220 - loadIPPluginJar : add tim
2026-09-04 13:45:56,371 DEBUG [LineInfo_to_exitCode.log_LineInfo] 2026-09-04 13:45:56,371 [INFO] IPUIPlugin:83 - create IPUIPlugin
2026-09-04 13:45:56,372 DEBUG [LineInfo_to_exitCode.log_LineInfo] 2026-09-04 13:45:56,371 [INFO] PluginManager:220 - loadIPPluginJar : add touchsensing
2026-09-04 13:45:56,372 DEBUG [LineInfo_to_exitCode.log_LineInfo] 2026-09-04 13:45:56,372 [INFO] IPUIPlugin:83 - create IPUIPlugin
2026-09-04 13:45:56,373 DEBUG [LineInfo_to_exitCode.log_LineInfo] 2026-09-04 13:45:56,372 [INFO] PluginManager:220 - loadIPPluginJar : add tracer_emb
2026-09-04 13:45:56,373 DEBUG [LineInfo_to_exitCode.log_LineInfo] 2026-09-04 13:45:56,373 [INFO] IPUIPlugin:83 - create IPUIPlugin
2026-09-04 13:45:56,374 DEBUG [LineInfo_to_exitCode.log_LineInfo] 2026-09-04 13:45:56,373 [INFO] PluginManager:220 - loadIPPluginJar : add ts
2026-09-04 13:45:56,375 DEBUG [LineInfo_to_exitCode.log_LineInfo] 2026-09-04 13:45:56,374 [INFO] IPUIPlugin:83 - create IPUIPlugin
2026-09-04 13:45:56,375 DEBUG [LineInfo_to_exitCode.log_LineInfo] 2026-09-04 13:45:56,374 [INFO] PluginManager:220 - loadIPPluginJar : add tsc
2026-09-04 13:45:56,375 DEBUG [LineInfo_to_exitCode.log_LineInfo] 2026-09-04 13:45:56,375 [INFO] IPUIPlugin:83 - create IPUIPlugin
2026-09-04 13:45:56,376 DEBUG [LineInfo_to_exitCode.log_LineInfo] 2026-09-04 13:45:56,375 [INFO] PluginManager:220 - loadIPPluginJar : add ucpd
2026-09-04 13:45:56,377 DEBUG [LineInfo_to_exitCode.log_LineInfo] 2026-09-04 13:45:56,377 [INFO] IPUIPlugin:83 - create IPUIPlugin
2026-09-04 13:45:56,377 DEBUG [LineInfo_to_exitCode.log_LineInfo] 2026-09-04 13:45:56,377 [INFO] PluginManager:220 - loadIPPluginJar : add usart
2026-09-04 13:45:56,378 DEBUG [LineInfo_to_exitCode.log_LineInfo] 2026-09-04 13:45:56,378 [INFO] IPUIPlugin:83 - create IPUIPlugin
2026-09-04 13:45:56,378 DEBUG [LineInfo_to_exitCode.log_LineInfo] 2026-09-04 13:45:56,378 [INFO] PluginManager:220 - loadIPPluginJar : add usbx
2026-09-04 13:45:56,393 DEBUG [LineInfo_to_exitCode.log_LineInfo] 2026-09-04 13:45:56,393 [INFO] Updater:1136 - Updater Version found : 6.18.1
2026-09-04 13:45:56,404 DEBUG [LineInfo_to_exitCode.log_LineInfo] 2026-09-04 13:45:56,403 [INFO] ApplicationProperties:184 - Using Application install path: C:\Users\azmib\AppData\Local\Programs\STM32CubeMX
2026-09-04 13:45:58,017 DEBUG [LineInfo_to_exitCode.log_LineInfo] mx [ERROR] stderr - Sep 04, 2026 1:45:58 PM java.util.prefs.WindowsPreferences <init>
2026-09-04 13:45:58,017 DEBUG [LineInfo_to_exitCode.log_LineInfo] mx [ERROR] stderr - WARNING: Could not open/create prefs root node Software\JavaSoft\Prefs at root 0xffffffff80000002. Windows RegCreateKeyEx(...) returned error code 5.
2026-09-04 13:45:58,115 DEBUG [LineInfo_to_exitCode.log_LineInfo] 2026-09-04 13:45:58,115 [INFO] MainUpdater:2878 - connection check result : 10
2026-09-04 13:45:58,116 DEBUG [LineInfo_to_exitCode.log_LineInfo] 2026-09-04 13:45:58,116 [INFO] MainUpdater:287 - Updater Check For Update Now.
2026-09-04 13:45:58,116 DEBUG [LineInfo_to_exitCode.log_LineInfo] 2026-09-04 13:45:58,116 [INFO] MicroXplorer:498 - Change Database Version : DB.6.0.181
2026-09-04 13:45:58,198 DEBUG [LineInfo_to_exitCode.log_LineInfo] 2026-09-04 13:45:58,198 [INFO] RulesReader:64 - Compatibility file has been processed (337 Rules)
2026-09-04 13:45:58,204 DEBUG [LineInfo_to_exitCode.log_LineInfo] 2026-09-04 13:45:58,204 [INFO] RulesReader:64 - Compatibility file has been processed (337 Rules)
2026-09-04 13:45:58,214 DEBUG [LineInfo_to_exitCode.log_LineInfo] 2026-09-04 13:45:58,214 [INFO] CADModel:153 - CPN selected for project level
2026-09-04 13:45:58,215 DEBUG [LineInfo_to_exitCode.log_LineInfo] 2026-09-04 13:45:58,214 [INFO] CADModel:102 - Register for checkConnection events
2026-09-04 13:45:58,293 DEBUG [LineInfo_to_exitCode.log_LineInfo] 2026-09-04 13:45:58,293 [INFO] CheckServerUpdateThread:120 - End of CheckServer Thread
2026-09-04 13:45:58,397 DEBUG [LineInfo_to_exitCode.log_LineInfo] 2026-09-04 13:45:58,396 [INFO] CADModel:153 - CPN selected for project level
2026-09-04 13:45:58,397 DEBUG [LineInfo_to_exitCode.log_LineInfo] 2026-09-04 13:45:58,397 [INFO] CADModel:102 - Register for checkConnection events
2026-09-04 13:45:58,459 DEBUG [LineInfo_to_exitCode.log_LineInfo] 2026-09-04 13:45:58,459 [INFO] HomeAdPanel:117 - Auto-refresh data requested => check proxy status ongoing
2026-09-04 13:45:58,839 DEBUG [LineInfo_to_exitCode.log_LineInfo] 2026-09-04 13:45:58,838 [INFO] ServerAccessManage:452 - Complete download http(s) 200
2026-09-04 13:45:58,839 DEBUG [LineInfo_to_exitCode.log_LineInfo] 2026-09-04 13:45:58,838 [INFO] ServerAccessManage:509 - Download File 
2026-09-04 13:45:58,842 DEBUG [LineInfo_to_exitCode.log_LineInfo] 2026-09-04 13:45:58,841 [INFO] LoadUrlFilesThread:185 - End of LoadServerUrlFiles without Thread
2026-09-04 13:45:58,845 DEBUG [LineInfo_to_exitCode.log_LineInfo] 2026-09-04 13:45:58,845 [INFO] DbMcusAds:53 - JSON generation date=Wed Jul 15 11:44:54 CEST 2026 (1784108694001)
2026-09-04 13:45:58,847 DEBUG [LineInfo_to_exitCode.log_LineInfo] 2026-09-04 13:45:58,846 [INFO] LoadUrlFilesThread:185 - End of LoadServerUrlFiles without Thread
2026-09-04 13:45:58,847 DEBUG [LineInfo_to_exitCode.log_LineInfo] 2026-09-04 13:45:58,847 [INFO] HomeAdPanel:128 - Refresh advertisement image is successful
2026-09-04 13:45:58,885 DEBUG [LineInfo_to_exitCode.log_LineInfo] 2026-09-04 13:45:58,884 [INFO] LoadUrlFilesThread:185 - End of LoadServerUrlFiles without Thread
2026-09-04 13:45:58,891 DEBUG [LineInfo_to_exitCode.log_LineInfo] 2026-09-04 13:45:58,891 [INFO] DetailPanel:341 - Set advertising image to C:/Users/azmib/STM32Cube/Repository/\en.stm32h5cubemxbanner.png
2026-09-04 13:45:59,011 DEBUG [LineInfo_to_exitCode.log_LineInfo] 2026-09-04 13:45:59,011 [INFO] ThirdPartyUpdaterWithRetryManager:96 - Updater plugin is busy. [1/15]
2026-09-04 13:45:59,118 DEBUG [LineInfo_to_exitCode.log_LineInfo] 2026-09-04 13:45:59,117 [INFO] LoadUrlFilesThread:185 - End of LoadServerUrlFiles without Thread
2026-09-04 13:45:59,218 DEBUG [LineInfo_to_exitCode.log_LineInfo] 2026-09-04 13:45:59,217 [INFO] LoadUrlFilesThread:185 - End of LoadServerUrlFiles without Thread
2026-09-04 13:45:59,218 DEBUG [LineInfo_to_exitCode.log_LineInfo] 2026-09-04 13:45:59,218 [INFO] DetailPanel:341 - Set advertising image to C:/Users/azmib/STM32Cube/Repository/\en.stm32h5cubemxbanner.png
2026-09-04 13:45:59,277 DEBUG [LineInfo_to_exitCode.log_LineInfo] 2026-09-04 13:45:59,277 [INFO] ServerAccessManage:452 - Complete download http(s) 200
2026-09-04 13:45:59,278 DEBUG [LineInfo_to_exitCode.log_LineInfo] 2026-09-04 13:45:59,277 [INFO] ServerAccessManage:509 - Download File 
2026-09-04 13:45:59,278 DEBUG [LineInfo_to_exitCode.log_LineInfo] 2026-09-04 13:45:59,278 [INFO] LoadUrlFilesThread:185 - End of LoadServerUrlFiles without Thread
2026-09-04 13:45:59,279 DEBUG [LineInfo_to_exitCode.log_LineInfo] 2026-09-04 13:45:59,278 [INFO] ComparatorMD5DB:85 - Refresh file md5.xml
2026-09-04 13:45:59,469 DEBUG [LineInfo_to_exitCode.log_LineInfo] 2026-09-04 13:45:59,469 [INFO] MainFrame:215 - [MX] HOME_PANEL == 144659879323900
2026-09-04 13:45:59,470 DEBUG [LineInfo_to_exitCode.log_LineInfo] 2026-09-04 13:45:59,470 [INFO] MainFrame:590 - Register for checkConnection events
2026-09-04 13:45:59,473 DEBUG [LineInfo_to_exitCode.log_LineInfo] 2026-09-04 13:45:59,472 [INFO] FastPollingNetworkMonitor:182 - Apply proxy settings
2026-09-04 13:45:59,473 DEBUG [LineInfo_to_exitCode.log_LineInfo] 2026-09-04 13:45:59,473 [INFO] FastPollingNetworkMonitor:201 - Direct internet connection detected
2026-09-04 13:45:59,479 DEBUG [LineInfo_to_exitCode.log_LineInfo] 2026-09-04 13:45:59,479 [INFO] FastPollingNetworkMonitor:158 - Register for checkConnection events
2026-09-04 13:45:59,483 DEBUG [LineInfo_to_exitCode.log_LineInfo] 2026-09-04 13:45:59,483 [INFO] MicroXplorer:468 - Change Database Path : 
2026-09-04 13:45:59,483 DEBUG [LineInfo_to_exitCode.log_LineInfo] 2026-09-04 13:45:59,483 [INFO] MicroXplorer:498 - Change Database Version : DB.6.0.181
2026-09-04 13:46:02,825 DEBUG [LineInfo_to_exitCode.log_LineInfo] 2026-09-04 13:46:02,824 [INFO] ThirdParty:981 - Integrity check success = true
2026-09-04 13:46:02,826 DEBUG [LineInfo_to_exitCode.log_LineInfo] 2026-09-04 13:46:02,825 [INFO] IntegrityCheckThread:100 - exiting critical section [integrity check]
2026-09-04 13:46:02,826 DEBUG [LineInfo_to_exitCode.log_LineInfo] 2026-09-04 13:46:02,825 [INFO] IntegrityCheckThread:103 - End integrity checks thread
2026-09-04 13:46:02,826 DEBUG [LineInfo_to_exitCode.log_LineInfo] 2026-09-04 13:46:02,825 [INFO] ThirdParty:876 - entering critical section [close project]
2026-09-04 13:46:02,827 DEBUG [LineInfo_to_exitCode.log_LineInfo] 2026-09-04 13:46:02,826 [INFO] ThirdParty:886 - exiting critical section [close project]
2026-09-04 13:46:02,831 DEBUG [LineInfo_to_exitCode.log_LineInfo] 2026-09-04 13:46:02,830 [INFO] PinOutPanel:1500 - setPackage(No Configuration,No Configuration)
2026-09-04 13:46:02,852 DEBUG [LineInfo_to_exitCode.log_LineInfo] 2026-09-04 13:46:02,852 [INFO] UtilMem:75 - Begin LoadConfig() Used Memory: 143770232 Bytes (169869312)
2026-09-04 13:46:02,857 DEBUG [LineInfo_to_exitCode.log_LineInfo] 2026-09-04 13:46:02,857 [INFO] MicroXplorer:468 - Change Database Path : 
2026-09-04 13:46:02,858 DEBUG [LineInfo_to_exitCode.log_LineInfo] 2026-09-04 13:46:02,857 [INFO] MicroXplorer:498 - Change Database Version : DB.6.0.181
2026-09-04 13:46:02,858 DEBUG [LineInfo_to_exitCode.log_LineInfo] 2026-09-04 13:46:02,857 [INFO] OpenFileManager:370 - Change cursor
2026-09-04 13:46:02,891 DEBUG [LineInfo_to_exitCode.log_LineInfo] 2026-09-04 13:46:02,891 [INFO] Mcu:2036 - Initializing MCU STM32G431R(6-8-B)Tx STM32G431RBTx 
2026-09-04 13:46:03,035 DEBUG [LineInfo_to_exitCode.log_LineInfo] 2026-09-04 13:46:03,035 [INFO] ApiDb:581 - Connected to CubeFinder SQLite database (C:\Users\azmib\.stmcufinder\plugins\mcufinder\mcu\cube-finder-db.db)
2026-09-04 13:46:03,088 DEBUG [LineInfo_to_exitCode.log_LineInfo] 2026-09-04 13:46:03,087 [INFO] ApiDb:668 - CubeFinder database Data Model version=2.1
2026-09-04 13:46:03,088 DEBUG [LineInfo_to_exitCode.log_LineInfo] 2026-09-04 13:46:03,088 [INFO] ApiDb:669 - CubeFinder database Configuration version=3.0.42
2026-09-04 13:46:03,089 DEBUG [LineInfo_to_exitCode.log_LineInfo] 2026-09-04 13:46:03,088 [INFO] ApiDb:670 - CubeFinder database generation date=2026-08-04 (1785840812)
2026-09-04 13:46:03,089 DEBUG [LineInfo_to_exitCode.log_LineInfo] 2026-09-04 13:46:03,088 [INFO] ApiDb:671 - CubeFinder database FW Pack versions=[FP-ATR-ASTRA1_V2.0.0, FP-SNS-FLIGHT1_V5.1.0, FP-SNS-MOTENV1_V5.1.0, FP-SNS-MOTENVWB1_V1.5.0, FP-SNS-SMARTAG2_V1.2.0, FP-SNS-STBOX1_V2.1.0, STM32Cube_FW_C0_V1.4.1, STM32Cube_FW_F4_V1.28.3, STM32Cube_FW_F7_V1.17.4, STM32Cube_FW_G0_V1.6.3, STM32Cube_FW_G4_V1.6.2, STM32Cube_FW_H5_V1.7.0, STM32Cube_FW_H7RS_V1.3.0, STM32Cube_FW_H7_V1.13.0, STM32Cube_FW_L0_V1.12.2, STM32Cube_FW_L4_V1.18.2, STM32Cube_FW_L5_V1.6.0, STM32Cube_FW_N6_V1.4.0, STM32Cube_FW_U0_V1.3.0, STM32Cube_FW_U3_V1.4.0, STM32Cube_FW_U5_V1.9.0, STM32Cube_FW_WB0_V1.5.0, STM32Cube_FW_WBA_V1.10.0, STM32Cube_FW_WB_V1.24.0, STM32Cube_FW_WL3_V1.5.0, STM32Cube_FW_WL_V1.6.0, X-CUBE-ALGOBUILD_V1.5.0, X-CUBE-ALS_V1.0.2, X-CUBE-AZRTOS-F4_V1.1.0, X-CUBE-AZRTOS-F7_V1.1.0, X-CUBE-AZRTOS-G0_V1.1.0, X-CUBE-AZRTOS-G4_V2.0.0, X-CUBE-AZRTOS-H7RS_V1.3.0, X-CUBE-AZRTOS-H7_V3.5.0, X-CUBE-AZRTOS-L4_V2.0.0, X-CUBE-AZRTOS-L5_V2.0.0, X-CUBE-AZRTOS-WB_V2.0.0, X-CUBE-AZRTOS-WL_V2.0.0, X-CUBE-BLE1_V7.1.0, X-CUBE-BLE2_V3.3.0, X-CUBE-BLEMGR_V4.2.0, X-CUBE-EEPRMA1_V5.2.0, X-CUBE-FREERTOS_V1.6.0, X-CUBE-GNSS1_V7.1.1, X-CUBE-MEMS1_V13.0.0, X-CUBE-NFC4_V3.0.0, X-CUBE-NFC7_V2.0.0, X-CUBE-SFXS2LP1_V4.0.0, X-CUBE-ST67W61_V1.3.0, X-CUBE-SUBG2_V5.0.0, X-CUBE-TOF1_V3.4.3]
2026-09-04 13:46:04,570 DEBUG [LineInfo_to_exitCode.log_LineInfo] 2026-09-04 13:46:04,569 [INFO] ApiDb:240 - Found 1237 in-development CPN: [B-G473E-ZEST1S, B-WB1M-WPAN1, B-WBA5M-WPAN, B-WBA6M-WPAN, B-WL5M-SUBG1, NUCLEO-C031C6, NUCLEO-C051C8, NUCLEO-C071RB, NUCLEO-C092RC, NUCLEO-H503RB, NUCLEO-H533RE, NUCLEO-H553ZG, NUCLEO-H563ZI, NUCLEO-H5E5ZJ, NUCLEO-H7S3L8, NUCLEO-U031R8, NUCLEO-U083RC, NUCLEO-U345RC-Q, NUCLEO-U366RE-Q, NUCLEO-U385RG-Q, NUCLEO-U3C5ZI-Q, NUCLEO-U545RE-Q, NUCLEO-U5A5ZJ-Q, NUCLEO-WB05KZ, NUCLEO-WB07CC, NUCLEO-WB09KE, NUCLEO-WBA25CE1, NUCLEO-WBA52CG, NUCLEO-WBA55CG, NUCLEO-WL3RKB1, NUCLEO-WL3RKB2, NUCLEO-WL43RE1, NUCLEO-WL43RE2, STEVAL-PROTEUS1, STEVAL-SMARTAG2, STEVAL-STWINBX1, STM320518-EVAL, STM32C0116-DK, STM32C011D6Y3TR, STM32C011D6Y6TR, STM32C011F4P3, STM32C011F4P6, STM32C011F4U3, STM32C011F4U6TR, STM32C011F6P3, STM32C011F6P6, STM32C011F6U3, STM32C011F6U6TR, STM32C011J4M3, STM32C011J4M6, STM32C011J6M3, STM32C011J6M6, STM32C0316-DK, STM32C031C4T3, STM32C031C4T6, STM32C031C4U3, STM32C031C4U6, STM32C031C6T3, STM32C031C6T6, STM32C031C6U3, STM32C031C6U6, STM32C031F4P3, STM32C031F4P6, STM32C031F6P3, STM32C031F6P6, STM32C031G4U3, STM32C031G4U6, STM32C031G6U3, STM32C031G6U6, STM32C031K4T3, STM32C031K4T6, STM32C031K4U3, STM32C031K4U6, STM32C031K6T3, STM32C031K6T6, STM32C031K6U3, STM32C031K6U6, STM32C051C6T6, STM32C051C6U6, STM32C051C8T6, STM32C051C8U6, STM32C051D8Y6TR, STM32C051F6P6, STM32C051F8P6, STM32C051G6U6, STM32C051G8U6, STM32C051K6T6, STM32C051K6U6, STM32C051K8T6, STM32C071C8T6, STM32C071C8T6N, STM32C071C8U6, STM32C071C8U6N, STM32C071CBT6, STM32C071CBT6N, STM32C071CBU6, STM32C071CBU6N, STM32C071F8P6, STM32C071F8P6N, STM32C071FBP6, STM32C071FBP6N, STM32C071FBY6TR, STM32C071G8U6, STM32C071G8U6N, STM32C071GBU6, STM32C071GBU6N, STM32C071K8T6, STM32C071K8T6N, STM32C071K8U6, STM32C071K8U6N, STM32C071KBT6, STM32C071KBT6N, STM32C071KBU6, STM32C071KBU6N, STM32C071R8T6, STM32C071R8T6N, STM32C071RBI6N, STM32C071RBT6, STM32C071RBT6N, STM32C091CBT6, STM32C091CBU6, STM32C091CCT6, STM32C091CCU6, STM32C091ECY6TR, STM32C091FBP6, STM32C091FCP6, STM32C091GBU6, STM32C091GCU6, STM32C091KBT6, STM32C091KBU6, STM32C091KCT6, STM32C091KCU6, STM32C091RBT6, STM32C091RCI6, STM32C091RCT6, STM32C092CBT6, STM32C092CBU6, STM32C092CCT6, STM32C092CCU6, STM32C092ECY6TR, STM32C092FBP6, STM32C092FCP6, STM32C092GBU6, STM32C092GCU6, STM32C092KBT6, STM32C092KBU6, STM32C092KCT6, STM32C092KCU6, STM32C092RBT6, STM32C092RCI6, STM32C092RCT6, STM32C531CBT6, STM32C531CBU6, STM32C531CCT6, STM32C531CCU6, STM32C531EBU6, STM32C531ECU6, STM32C531FBP6, STM32C531FBU6, STM32C531FCP6, STM32C531FCU6, STM32C531GBU6, STM32C531GCU6, STM32C531KBT6, STM32C531KBU6, STM32C531KCT6, STM32C531KCU6, STM32C531RBT6, STM32C531RCT6, STM32C532CBT6, STM32C532CBU6, STM32C532CCT6, STM32C532CCU6, STM32C532EBU6, STM32C532ECU6, STM32C532FBP6, STM32C532FBU6, STM32C532FCP6, STM32C532FCU6, STM32C532GBU6, STM32C532GCU6, STM32C532KBT6, STM32C532KBU6, STM32C532KCT6, STM32C532KCU6, STM32C532RBT6, STM32C532RCT6, STM32C542CCT6, STM32C542CCU6, STM32C542ECU6, STM32C542FCP6, STM32C542FCU6, STM32C542GCU6, STM32C542KCT6, STM32C542KCU6, STM32C542RCT6, STM32C591CET6, STM32C591CEU6, STM32C591CGT6, STM32C591CGU6, STM32C591KET6, STM32C591KEU6, STM32C591KGT6, STM32C591KGU6, STM32C591MET6, STM32C591MGT6, STM32C591RET6, STM32C591RGT6, STM32C591VET6, STM32C591VGT6, STM32C591ZET6, STM32C591ZGT6, STM32C593CET6, STM32C593CEU6, STM32C593CGT6, STM32C593CGU6, STM32C593KET6, STM32C593KEU6, STM32C593KGT6, STM32C593KGU6, STM32C593MET6, STM32C593MGT6, STM32C593RET6, STM32C593RGT6, STM32C593VET6, STM32C593VGT6, STM32C593ZET6, STM32C593ZGT6, STM32C5A3CGT6, STM32C5A3CGU6, STM32C5A3KGT6, STM32C5A3KGU6, STM32C5A3MGT6, STM32C5A3RGT6, STM32C5A3VGT6, STM32C5A3ZGT6, STM32F723RCV6, STM32F723REV6, STM32G071K8TXN, STM32G071K8UXN, STM32G081GBU6N, STM32G081KBT6N, STM32G081KBUXN, STM32G0B1CCT6N, STM32G0B1KCT6, STM32G0B1NEY6TR, STM32G0B1RCT6N, STM32G0C1CCT6, STM32G0C1CCT6N, STM32G0C1CCU6N, STM32G0C1CET6N, STM32G0C1CEU6N, STM32G0C1KCT6, STM32G0C1NEY6TR, STM32G0C1RCI6N, STM32G0C1RCT6N, STM32G0C1REI6N, STM32G0C1RET6N, STM32G0C1VCI6, STM32G0C1VEI6, STM32G411C6T3, STM32G411C6T6, STM32G411C6U3, STM32G411C6U6, STM32G411C8T3, STM32G411C8T6, STM32G411C8U3, STM32G411C8U6, STM32G411CBT3, STM32G411CBT6, STM32G411CBU3, STM32G411CBU6, STM32G411CCT3, STM32G411CCT6, STM32G411CCU3, STM32G411CCU6, STM32G411K6T3, STM32G411K6T6, STM32G411K6U3, STM32G411K6U6, STM32G411K8T3, STM32G411K8T6, STM32G411K8U3, STM32G411K8U6, STM32G411KBT3, STM32G411KBT6, STM32G411KBU3, STM32G411KBU6, STM32G411M6T3, STM32G411M6T6, STM32G411M8T3, STM32G411M8T6, STM32G411MBT3, STM32G411MBT6, STM32G411MCT3, STM32G411MCT6, STM32G411R6T3, STM32G411R6T6, STM32G411R8T3, STM32G411R8T6, STM32G411RBT3, STM32G411RBT6, STM32G411RCT3, STM32G411RCT6, STM32G414CBT3, STM32G414CBT6, STM32G414CBU3, STM32G414CBU6, STM32G414CCT3, STM32G414CCT6, STM32G414CCU3, STM32G414CCU6, STM32G414MBT3, STM32G414MBT6, STM32G414MCT3, STM32G414MCT6, STM32G414RBT3, STM32G414RBT6, STM32G414RCT3, STM32G414RCT6, STM32G414VBT3, STM32G414VBT6, STM32G414VCT3, STM32G414VCT6, STM32G431CBT3Z, STM32G431RBT3Z, STM32G471CCT6, STM32G471CCU6, STM32G471CET3, STM32G471CET6, STM32G471CEU3, STM32G471CEU6, STM32G471MCT6, STM32G471MET3, STM32G471MET6, STM32G471MEY6TR, STM32G471QCT6, STM32G471QET3, STM32G471RCT6, STM32G471RET3, STM32G471RET6, STM32G471VCH6, STM32G471VCI6, STM32G471VCT6, STM32G471VEH3, STM32G471VEH6, STM32G471VEI3, STM32G471VEI6, STM32G471VET3, STM32G471VET6, STM32G473QET3Z, STM32G473RET3Z, STM32G474CCT6, STM32G491CET3Z, STM32G491RET3Z, STM32H503CBT6, STM32H503CBU6, STM32H503EBY6TR, STM32H503KBU6, STM32H503RBT6, STM32H523CCT6, STM32H523CCU6, STM32H523CET6, STM32H523CEU6, STM32H523HEY6TR, STM32H523RCT6, STM32H523RET6, STM32H523VCI6, STM32H523VCT6, STM32H523VEI6, STM32H523VET6, STM32H523ZCJ6, STM32H523ZCT6, STM32H523ZEJ6, STM32H523ZET6, STM32H533CET6, STM32H533CEU6, STM32H533HEY6TR, STM32H533RET6, STM32H533VEI6, STM32H533VET6, STM32H533ZEJ6, STM32H533ZET6, STM32H543CET6, STM32H543CEU6, STM32H543CGT6, STM32H543CGU6, STM32H543RET6, STM32H543RGT6, STM32H543UGY6TR, STM32H543VEI6, STM32H543VET6, STM32H543VEZ3, STM32H543VGI6, STM32H543VGT6, STM32H543VGZ3, STM32H543ZEJ6, STM32H543ZET6, STM32H543ZEZ3, STM32H543ZGJ6, STM32H543ZGT6, STM32H543ZGZ3, STM32H553CGT6, STM32H553CGU6, STM32H553RGT6, STM32H553UGY6TR, STM32H553VGI6, STM32H553VGT6, STM32H553VGZ3, STM32H553ZGJ6, STM32H553ZGT6, STM32H553ZGZ3, STM32H562AGI6, STM32H562AII6, STM32H562IGK6, STM32H562IGT6, STM32H562IIK6, STM32H562IIT6, STM32H562RGT6, STM32H562RGV6, STM32H562RIT6, STM32H562RIV6, STM32H562VGT6, STM32H562VIT6, STM32H562ZGT6, STM32H562ZIT6, STM32H563AGI6, STM32H563AII3Q, STM32H563AII6, STM32H563IGK6, STM32H563IGT6, STM32H563IIK3Q, STM32H563IIK6, STM32H563IIT3Q, STM32H563IIT6, STM32H563MIY3QTR, STM32H563RGT6, STM32H563RGV6, STM32H563RIT6, STM32H563RIV6, STM32H563VGT6, STM32H563VIT3Q, STM32H563VIT6, STM32H563ZGT6, STM32H563ZIT3Q, STM32H563ZIT6, STM32H573AII3Q, STM32H573AII6, STM32H573I-DK, STM32H573IIK3Q, STM32H573IIK6, STM32H573IIT3Q, STM32H573IIT6, STM32H573MIY3QTR, STM32H573RIT6, STM32H573RIV6, STM32H573VIT3Q, STM32H573VIT6, STM32H573ZIT3Q, STM32H573ZIT6, STM32H5E4AJI6, STM32H5E4AJI7Q, STM32H5E4AKI6, STM32H5E4IJK6, STM32H5E4IJK7Q, STM32H5E4IJT6, STM32H5E4IJT7Q, STM32H5E4IKK6, STM32H5E4IKT6, STM32H5E4VJT6, STM32H5E4VJT7Q, STM32H5E4VKT6, STM32H5E4ZJJ6, STM32H5E4ZJJ7Q, STM32H5E4ZJT6, STM32H5E4ZJT7Q, STM32H5E4ZKJ6, STM32H5E4ZKT6, STM32H5E5IJK7Q, STM32H5E5IJT7Q, STM32H5E5IKK7Q, STM32H5E5IKT7Q, STM32H5E5LJH7Q, STM32H5E5LKH7Q, STM32H5E5VJY7QTR, STM32H5E5VKY7QTR, STM32H5E5ZJT6, STM32H5E5ZKT6, STM32H5F4AJI6, STM32H5F4AJI7Q, STM32H5F4IJK6, STM32H5F4IJK7Q, STM32H5F4IJT6, STM32H5F4IJT7Q, STM32H5F4VJT6, STM32H5F4VJT7Q, STM32H5F4ZJJ6, STM32H5F4ZJJ7Q, STM32H5F4ZJT6, STM32H5F4ZJT7Q, STM32H5F5IJK7Q, STM32H5F5IJT7Q, STM32H5F5J-DK, STM32H5F5LJH7Q, STM32H5F5VJY7QTR, STM32H5F5ZJT6, STM32H7R3A8I6, STM32H7R3I8K6, STM32H7R3I8T6, STM32H7R3L8H6, STM32H7R3L8H6H, STM32H7R3R8V6, STM32H7R3V8H6, STM32H7R3V8T6, STM32H7R3V8Y6TR, STM32H7R3Z8J6, STM32H7R3Z8T6, STM32H7R7A8I6, STM32H7R7I8K6, STM32H7R7I8T6, STM32H7R7L8H6, STM32H7R7L8H6H, STM32H7R7Z8J6, STM32H7S3A8I6, STM32H7S3I8K6, STM32H7S3I8T6, STM32H7S3L8H6, STM32H7S3L8H6H, STM32H7S3R8V6, STM32H7S3V8H6, STM32H7S3V8T6, STM32H7S3V8Y6TR, STM32H7S3Z8J6, STM32H7S3Z8T6, STM32H7S78-DK, STM32H7S7A8I6, STM32H7S7I8K6, STM32H7S7I8T6, STM32H7S7L8H6, STM32H7S7L8H6H, STM32H7S7Z8J6, STM32L4R5QGI6STR, STM32MP131AAE3, STM32MP131AAF3, STM32MP131AAG3, STM32MP131CAE3, STM32MP131CAF3, STM32MP131CAG3, STM32MP131DAE7, STM32MP131DAF7, STM32MP131DAG7, STM32MP131FAE7, STM32MP131FAF7, STM32MP131FAG7, STM32MP133AAE3, STM32MP133AAF3, STM32MP133AAG3, STM32MP133CAE3, STM32MP133CAF3, STM32MP133CAG3, STM32MP133DAE7, STM32MP133DAF7, STM32MP133DAG7, STM32MP133FAE7, STM32MP133FAF7, STM32MP133FAG7, STM32MP135AAE3, STM32MP135AAF3, STM32MP135AAG3, STM32MP135CAE3, STM32MP135CAF3, STM32MP135CAG3, STM32MP135DAE7, STM32MP135DAF7, STM32MP135DAG7, STM32MP135F-DK, STM32MP135FAE7, STM32MP135FAF7, STM32MP135FAF7T, STM32MP135FAF7U, STM32MP135FAG7, STM32MP211AAL3, STM32MP211AAM3, STM32MP211AAN3, STM32MP211AAO3, STM32MP211CAL3, STM32MP211CAM3, STM32MP211CAN3, STM32MP211CAO3, STM32MP211DAL3, STM32MP211DAM3, STM32MP211DAN3, STM32MP211DAO3, STM32MP211FAL3, STM32MP211FAM3, STM32MP211FAN3, STM32MP211FAO3, STM32MP213AAL3, STM32MP213AAM3, STM32MP213AAN3, STM32MP213AAO3, STM32MP213CAL3, STM32MP213CAM3, STM32MP213CAN3, STM32MP213CAO3, STM32MP213DAL3, STM32MP213DAM3, STM32MP213DAN3, STM32MP213DAO3, STM32MP213FAL3, STM32MP213FAM3, STM32MP213FAN3, STM32MP213FAO3, STM32MP215AAL3, STM32MP215AAM3, STM32MP215AAN3, STM32MP215AAO3, STM32MP215CAL3, STM32MP215CAM3, STM32MP215CAN3, STM32MP215CAO3, STM32MP215DAL3, STM32MP215DAM3, STM32MP215DAN3, STM32MP215DAO3, STM32MP215F-DK, STM32MP215FAL3, STM32MP215FAM3, STM32MP215FAN3, STM32MP215FAO3, STM32MP251AAI3, STM32MP251AAJ3, STM32MP251AAK3, STM32MP251AAL3, STM32MP251CAI3, STM32MP251CAJ3, STM32MP251CAK3, STM32MP251CAL3, STM32MP251DAI3, STM32MP251DAJ3, STM32MP251DAK3, STM32MP251DAL3, STM32MP251FAI3, STM32MP251FAJ3, STM32MP251FAK3, STM32MP251FAL3, STM32MP253AAI3, STM32MP253AAJ3, STM32MP253AAK3, STM32MP253AAL3, STM32MP253CAI3, STM32MP253CAJ3, STM32MP253CAK3, STM32MP253CAL3, STM32MP253DAI3, STM32MP253DAJ3, STM32MP253DAK3, STM32MP253DAL3, STM32MP253FAI3, STM32MP253FAJ3, STM32MP253FAK3, STM32MP253FAL3, STM32MP255AAI3, STM32MP255AAJ3, STM32MP255AAK3, STM32MP255AAL3, STM32MP255CAI3, STM32MP255CAJ3, STM32MP255CAK3, STM32MP255CAL3, STM32MP255DAI3, STM32MP255DAJ3, STM32MP255DAK3, STM32MP255DAL3, STM32MP255FAI3, STM32MP255FAJ3, STM32MP255FAK3, STM32MP255FAL3, STM32MP257AAI3, STM32MP257AAJ3, STM32MP257AAK3, STM32MP257AAL3, STM32MP257CAI3, STM32MP257CAJ3, STM32MP257CAK3, STM32MP257CAL3, STM32MP257DAI3, STM32MP257DAJ3, STM32MP257DAK3, STM32MP257DAL3, STM32MP257F-DK, STM32MP257F-EV1, STM32MP257FAI3, STM32MP257FAJ3, STM32MP257FAK3, STM32MP257FAL3, STM32N645A0H3Q, STM32N645A0H3QG, STM32N645B0H3Q, STM32N645I0H3Q, STM32N645L0H3Q, STM32N645X0H3Q, STM32N645Z0H3Q, STM32N647A0H3Q, STM32N647A0H3QG, STM32N655A0H3Q, STM32N655A0H3QG, STM32N655B0H3Q, STM32N655I0H3Q, STM32N655L0H3Q, STM32N655X0H3Q, STM32N655Z0H3Q, STM32U031C6T6, STM32U031C6U6, STM32U031C8T6, STM32U031C8U6, STM32U031F4P6, STM32U031F6P6, STM32U031F8P6, STM32U031G6Y6TR, STM32U031G8Y6TR, STM32U031K4U6, STM32U031K6U6, STM32U031K8U6, STM32U031R6I6, STM32U031R6T6, STM32U031R8I6, STM32U031R8T6, STM32U073C8T6, STM32U073C8U6, STM32U073CBT6, STM32U073CBU6, STM32U073CCT6, STM32U073CCU6, STM32U073H8Y6TR, STM32U073HBY6TR, STM32U073HCY6TR, STM32U073K8U6, STM32U073KBU6, STM32U073KCU6, STM32U073M8I6, STM32U073M8T6, STM32U073MBI6, STM32U073MBT6, STM32U073MCI6, STM32U073MCT6, STM32U073R8I6, STM32U073R8T6, STM32U073RBI6, STM32U073RBT6, STM32U073RCI6, STM32U073RCT6, STM32U083C-DK, STM32U083CCT6, STM32U083CCU6, STM32U083HCY6TR, STM32U083KCU6, STM32U083MCI6, STM32U083MCT6, STM32U083RCI6, STM32U083RCT6, STM32U335CBT6, STM32U335CBT6Q, STM32U335CBU6, STM32U335CBU6Q, STM32U335CBY6QTR, STM32U335CCT6, STM32U335CCT6Q, STM32U335CCU6, STM32U335CCU6Q, STM32U335CCY6QTR, STM32U335KBU6, STM32U335KBY6QTR, STM32U335KCU6, STM32U335KCY6QTR, STM32U335RBI6, STM32U335RBI6Q, STM32U335RBT6, STM32U335RBT6Q, STM32U335RCI6, STM32U335RCI6Q, STM32U335RCT6, STM32U335RCT6Q, STM32U345CCT6, STM32U345CCT6Q, STM32U345CCU6, STM32U345CCU6Q, STM32U345CCY6QTR, STM32U345KCU6, STM32U345KCY6QTR, STM32U345RCI6, STM32U345RCI6Q, STM32U345RCT6, STM32U345RCT6Q, STM32U356CCT6, STM32U356CCT6Q, STM32U356CCU6, STM32U356CCU6Q, STM32U356CCY6QTR, STM32U356CET6, STM32U356CET6Q, STM32U356CEU6, STM32U356CEU6Q, STM32U356CEY6QTR, STM32U356KCU6, STM32U356KEU6, STM32U356RCI6, STM32U356RCI6Q, STM32U356RCT6, STM32U356RCT6Q, STM32U356RCY6QTR, STM32U356REI6, STM32U356REI6Q, STM32U356RET6, STM32U356RET6Q, STM32U356REY6QTR, STM32U356VCI6, STM32U356VCI6Q, STM32U356VCT6, STM32U356VCT6Q, STM32U356VEI6, STM32U356VEI6Q, STM32U356VET6, STM32U356VET6Q, STM32U366CET6, STM32U366CET6Q, STM32U366CEU6, STM32U366CEU6Q, STM32U366CEY6QTR, STM32U366E-DK, STM32U366KEU6, STM32U366REI6, STM32U366REI6Q, STM32U366RET6, STM32U366RET6Q, STM32U366REY6QTR, STM32U366VEI6, STM32U366VEI6Q, STM32U366VET6, STM32U366VET6Q, STM32U375CET6, STM32U375CET6Q, STM32U375CEU6, STM32U375CEU6Q, STM32U375CEY6QTR, STM32U375CGT6, STM32U375CGT6Q, STM32U375CGU6, STM32U375CGU6Q, STM32U375CGY6QTR, STM32U375KEU6, STM32U375KGU6, STM32U375REI6, STM32U375REI6Q, STM32U375RET6, STM32U375RET6Q, STM32U375REY6GTR, STM32U375REY6QTR, STM32U375RGI6Q, STM32U375RGT6Q, STM32U375RGY6GTR, STM32U375RGY6QTR, STM32U375VEI6, STM32U375VEI6Q, STM32U375VET6, STM32U375VET6Q, STM32U375VGI6Q, STM32U375VGT6Q, STM32U385CGT6, STM32U385CGT6Q, STM32U385CGU6, STM32U385CGU6Q, STM32U385CGY6QTR, STM32U385KGU6, STM32U385RGI6, STM32U385RGI6Q, STM32U385RGT6, STM32U385RGT6Q, STM32U385RGY6GTR, STM32U385RGY6QTR, STM32U385VGI6, STM32U385VGI6Q, STM32U385VGT6, STM32U385VGT6Q, STM32U3B5CGT6, STM32U3B5CGT6Q, STM32U3B5CGU6, STM32U3B5CGU6Q, STM32U3B5CIT6, STM32U3B5CIT6Q, STM32U3B5CIU6, STM32U3B5CIU6Q, STM32U3B5JGY6QTR, STM32U3B5JIY6QTR, STM32U3B5QGI6, STM32U3B5QGI6Q, STM32U3B5QII6, STM32U3B5QII6Q, STM32U3B5RGT6, STM32U3B5RGT6Q, STM32U3B5RIT6, STM32U3B5RIT6Q, STM32U3B5VGT6, STM32U3B5VGT6Q, STM32U3B5VGY6QTR, STM32U3B5VIT6, STM32U3B5VIT6Q, STM32U3B5VIY6QTR, STM32U3B5WGY6QTR, STM32U3B5WIY6QTR, STM32U3B5ZGT6, STM32U3B5ZGT6Q, STM32U3B5ZIT6, STM32U3B5ZIT6Q, STM32U3C5CIT6, STM32U3C5CIT6Q, STM32U3C5CIU6, STM32U3C5CIU6Q, STM32U3C5JIY6QTR, STM32U3C5QII6, STM32U3C5QII6Q, STM32U3C5RIT6, STM32U3C5RIT6Q, STM32U3C5VIT6, STM32U3C5VIT6Q, STM32U3C5VIY6QTR, STM32U3C5WIY6QTR, STM32U3C5ZIT6, STM32U3C5ZIT6Q, STM32U535CBT6, STM32U535CBT6Q, STM32U535CBU6, STM32U535CBU6Q, STM32U535CCT6, STM32U535CCT6Q, STM32U535CCU6, STM32U535CCU6Q, STM32U535CET6, STM32U535CET6Q, STM32U535CEU6, STM32U535CEU6Q, STM32U535JEY6QTR, STM32U535NCY6QTR, STM32U535NEY6QTR, STM32U535RBI6, STM32U535RBI6Q, STM32U535RBT6, STM32U535RBT6Q, STM32U535RCI6, STM32U535RCI6Q, STM32U535RCT6, STM32U535RCT6Q, STM32U535REI6, STM32U535REI6Q, STM32U535RET6, STM32U535RET6Q, STM32U535VCI6, STM32U535VCI6Q, STM32U535VCT6, STM32U535VCT6Q, STM32U535VEI6, STM32U535VEI6Q, STM32U535VET6, STM32U535VET6Q, STM32U545CET6, STM32U545CET6Q, STM32U545CEU6, STM32U545CEU6Q, STM32U545JEY6QTR, STM32U545NEY6QTR, STM32U545REI6, STM32U545REI6Q, STM32U545RET6, STM32U545RET6Q, STM32U545VEI6, STM32U545VEI6Q, STM32U545VET6, STM32U545VET6Q, STM32U595AIH6, STM32U595AIH6Q, STM32U595AJH6, STM32U595AJH6Q, STM32U595QII6, STM32U595QII6Q, STM32U595QJI6, STM32U595QJI6Q, STM32U595RIT6, STM32U595RIT6Q, STM32U595RJT6, STM32U595RJT6Q, STM32U595VIT6, STM32U595VIT6Q, STM32U595VJT6, STM32U595VJT6Q, STM32U595ZIT6, STM32U595ZIT6Q, STM32U595ZIY6QTR, STM32U595ZJT6, STM32U595ZJT6Q, STM32U595ZJY6QTR, STM32U599BJY6QTR, STM32U599NIH6Q, STM32U599NJH6Q, STM32U599VIT6Q, STM32U599VJT6, STM32U599VJT6Q, STM32U599ZIT6Q, STM32U599ZIY6QTR, STM32U599ZJT6Q, STM32U599ZJY6QTR, STM32U5A5AJH6, STM32U5A5AJH6Q, STM32U5A5QII3Q, STM32U5A5QJI6, STM32U5A5QJI6Q, STM32U5A5RJT6, STM32U5A5RJT6Q, STM32U5A5VJT6, STM32U5A5VJT6Q, STM32U5A5ZJT6, STM32U5A5ZJT6Q, STM32U5A5ZJY6QTR, STM32U5A9BJY6QTR, STM32U5A9J-DK, STM32U5A9NJH6Q, STM32U5A9VJT6Q, STM32U5A9ZJT6Q, STM32U5A9ZJY6QTR, STM32U5F7VIT6, STM32U5F7VIT6Q, STM32U5F7VJT6, STM32U5F7VJT6Q, STM32U5F9BJY6QTR, STM32U5F9NJH6Q, STM32U5F9VIT6Q, STM32U5F9VJT6Q, STM32U5F9ZIJ6QTR, STM32U5F9ZIT6Q, STM32U5F9ZJJ6QTR, STM32U5F9ZJT6Q, STM32U5G7VJT6, STM32U5G7VJT6Q, STM32U5G9BJY6QTR, STM32U5G9J-DK1, STM32U5G9J-DK2, STM32U5G9NJH6Q, STM32U5G9VJT6Q, STM32U5G9ZJJ6QTR, STM32U5G9ZJT6Q, STM32V863AII3, STM32V863AII6, STM32V863AJI3, STM32V863AJI6, STM32V863IIK3, STM32V863IIK6, STM32V863IIT3, STM32V863IIT6, STM32V863IJK3, STM32V863IJK6, STM32V863IJT3, STM32V863IJT6, STM32V863RIV3, STM32V863RIV6, STM32V863RJV3, STM32V863RJV6, STM32V863VIH3, STM32V863VIH6, STM32V863VIT3, STM32V863VIT6, STM32V863VJH3, STM32V863VJH6, STM32V863VJT3, STM32V863VJT6, STM32V863XIH3, STM32V863XIH6, STM32V863XJH3, STM32V863XJH6, STM32V863ZIT3, STM32V863ZIT6, STM32V863ZJT3, STM32V863ZJT6, STM32V873AII3, STM32V873AII6, STM32V873AJI3, STM32V873AJI6, STM32V873IIK3, STM32V873IIK6, STM32V873IIT3, STM32V873IIT6, STM32V873IJK3, STM32V873IJK6, STM32V873IJT3, STM32V873IJT6, STM32V873RIV3, STM32V873RIV6, STM32V873RJV3, STM32V873RJV6, STM32V873VIH3, STM32V873VIH6, STM32V873VIT3, STM32V873VIT6, STM32V873VJH3, STM32V873VJH6, STM32V873VJT3, STM32V873VJT6, STM32V873XIH3, STM32V873XIH6, STM32V873XJH3, STM32V873XJH6, STM32V873ZIT3, STM32V873ZIT6, STM32V873ZJT3, STM32V873ZJT6, STM32WB05KZV6TR, STM32WB05KZV7TR, STM32WB05TZF6TR, STM32WB05TZF7TR, STM32WB06CCF6TR, STM32WB06CCF7TR, STM32WB06CCV6TR, STM32WB06CCV7TR, STM32WB06KCV6TR, STM32WB06KCV7TR, STM32WB07CCF6TR, STM32WB07CCF7TR, STM32WB07CCV6TR, STM32WB07CCV7TR, STM32WB07KCV6TR, STM32WB07KCV7TR, STM32WB09KEV6TR, STM32WB09KEV7TR, STM32WB09TEF6TR, STM32WB09TEF7TR, STM32WB1MMCH6, STM32WBA23CEU6, STM32WBA23CEU6TR, STM32WBA23CEU7, STM32WBA23CEU7TR, STM32WBA23KEU6, STM32WBA23KEU6TR, STM32WBA23KEU7, STM32WBA23KEU7TR, STM32WBA25CEU6, STM32WBA25CEU6TR, STM32WBA25CEU7, STM32WBA25CEU7TR, STM32WBA25HEF6, STM32WBA25HEF6TR, STM32WBA25HEF7, STM32WBA25HEF7TR, STM32WBA50KGU6, STM32WBA50KGU6TR, STM32WBA52CEU6, STM32WBA52CEU6TR, STM32WBA52CEU7, STM32WBA52CEU7TR, STM32WBA52CGU6, STM32WBA52CGU6TR, STM32WBA52CGU7, STM32WBA52CGU7TR, STM32WBA52KEU6, STM32WBA52KEU6TR, STM32WBA52KGU6, STM32WBA52KGU6TR, STM32WBA54CEU6, STM32WBA54CEU6TR, STM32WBA54CEU7, STM32WBA54CEU7TR, STM32WBA54CGU6, STM32WBA54CGU6TR, STM32WBA54CGU7, STM32WBA54CGU7TR, STM32WBA54KEU6, STM32WBA54KEU6TR, STM32WBA54KEU7, STM32WBA54KEU7TR, STM32WBA54KGU6, STM32WBA54KGU6TR, STM32WBA54KGU7, STM32WBA54KGU7TR, STM32WBA55CEU6, STM32WBA55CEU6TR, STM32WBA55CEU7, STM32WBA55CEU7TR, STM32WBA55CGU6, STM32WBA55CGU6TR, STM32WBA55CGU6U, STM32WBA55CGU7, STM32WBA55CGU7TR, STM32WBA55G-DK1, STM32WBA55HGF6, STM32WBA55HGF7, STM32WBA55UEI6, STM32WBA55UEI6TR, STM32WBA55UEI7, STM32WBA55UEI7TR, STM32WBA55UGI6, STM32WBA55UGI6TR, STM32WBA55UGI7, STM32WBA55UGI7TR, STM32WBA62MGF6, STM32WBA62MIF6, STM32WBA62PII6, STM32WBA65MGF7, STM32WBA65MIF6, STM32WBA65MIF7, STM32WBA6MOIH6, STM32WL30K8V6, STM32WL30KBV6, STM32WL31C8V6, STM32WL31CBV6, STM32WL31K8V6, STM32WL31KBV6, STM32WL33C8V6X, STM32WL33CBV6X, STM32WL33CCV6X, STM32WL33K8V7X, STM32WL33KBV7X, STM32WL33KCV7X, STM32WL3RK8V6, STM32WL3RK8V6X, STM32WL3RKBV6, STM32WL3RKBV6X, STM32WL40CCV6, STM32WL40CEV6, STM32WL41CCV6, STM32WL41CEV6, STM32WL41RCV6, STM32WL41REV6, STM32WL43CCV6, STM32WL43CEV6, STM32WL43E-DK, STM32WL43RCV6, STM32WL43REV6, STM32WL5MOCH6, STM32WL5MOCH6STR, STM32WL5MOCH6TR]
2026-09-04 13:46:04,576 DEBUG [LineInfo_to_exitCode.log_LineInfo] 2026-09-04 13:46:04,575 [INFO] DbMcus:218 - Found 5401 MCUs, 5213 are supported
2026-09-04 13:46:04,576 DEBUG [LineInfo_to_exitCode.log_LineInfo] 2026-09-04 13:46:04,576 [INFO] ApiDb:423 - Load user favorites file C:\Users\azmib/.stm32cubemx/favorites.mcus.txt: 0 item(s)
2026-09-04 13:46:04,576 DEBUG [LineInfo_to_exitCode.log_LineInfo] 2026-09-04 13:46:04,576 [INFO] ApiDb:427 - User favorites MCUs=[]
2026-09-04 13:46:04,576 DEBUG [LineInfo_to_exitCode.log_LineInfo] 2026-09-04 13:46:04,576 [INFO] DbMcus:224 - Set 0 / 0 favorites MCUs
2026-09-04 13:46:04,877 DEBUG [LineInfo_to_exitCode.log_LineInfo] 2026-09-04 13:46:04,877 [INFO] Mcu:2051 - No CPN specified => set CPN to STM32G431RBT3
2026-09-04 13:46:06,560 DEBUG [LineInfo_to_exitCode.log_LineInfo] 2026-09-04 13:46:06,560 [INFO] Context:734 - Trying to add GPIOservice into a context  which must be forbidden
2026-09-04 13:46:07,201 DEBUG [LineInfo_to_exitCode.log_LineInfo] 2026-09-04 13:46:07,201 [INFO] ImportTextPane:234 - (OptionalMessage_ERROR) Unable to find key (Mcu.ThirdPartyNb) in loaded IOC file
2026-09-04 13:46:07,205 DEBUG [LineInfo_to_exitCode.log_LineInfo] 2026-09-04 13:46:07,204 [INFO] ImportTextPane:234 - (OptionalMessage_ERROR) Pin22 (VP_RIF_VS_RIF1) cannot be retrieved for this MCU
2026-09-04 13:46:07,323 DEBUG [LineInfo_to_exitCode.log_LineInfo] 2026-09-04 13:46:07,323 [INFO] RtosManager:552 - Registered RTOS mode: class=CMSIS, group=RTOS, mode=CMSIS_V1, owner=FREERTOS
2026-09-04 13:46:07,324 DEBUG [LineInfo_to_exitCode.log_LineInfo] 2026-09-04 13:46:07,323 [INFO] RtosManager:552 - Registered RTOS mode: class=CMSIS, group=RTOS2, mode=CMSIS_V2, owner=FREERTOS
2026-09-04 13:46:07,324 DEBUG [LineInfo_to_exitCode.log_LineInfo] 2026-09-04 13:46:07,323 [INFO] RtosManager:552 - Registered RTOS mode: class=RTOS, group=Core, mode=CMSIS_V1, owner=FREERTOS
2026-09-04 13:46:07,324 DEBUG [LineInfo_to_exitCode.log_LineInfo] 2026-09-04 13:46:07,324 [INFO] RtosManager:552 - Registered RTOS mode: class=RTOS, group=Core, mode=CMSIS_V2, owner=FREERTOS
2026-09-04 13:46:07,409 DEBUG [LineInfo_to_exitCode.log_LineInfo] 2026-09-04 13:46:07,408 [INFO] ThirdPartyModel:298 - Start build external matchings
2026-09-04 13:46:07,593 DEBUG [LineInfo_to_exitCode.log_LineInfo] 2026-09-04 13:46:07,592 [INFO] ThirdPartyModel:316 - End build external matchings
2026-09-04 13:46:07,616 DEBUG [LineInfo_to_exitCode.log_LineInfo] 2026-09-04 13:46:07,616 [INFO] ImportTextPane:234 - (OptionalMessage_ERROR) IP (DMA) : Parameter (Instance) has Id (USART2_RX) currently not set
2026-09-04 13:46:07,617 DEBUG [LineInfo_to_exitCode.log_LineInfo] 2026-09-04 13:46:07,616 [INFO] ImportTextPane:234 - (OptionalMessage_ERROR) IP (DMA) : Parameter (Request) has Id (USART2_RX) currently not set
2026-09-04 13:46:07,617 DEBUG [LineInfo_to_exitCode.log_LineInfo] 2026-09-04 13:46:07,616 [INFO] ImportTextPane:234 - (OptionalMessage_ERROR) IP (DMA) : Parameter (Direction) has Id (USART2_RX) currently not set
2026-09-04 13:46:07,617 DEBUG [LineInfo_to_exitCode.log_LineInfo] 2026-09-04 13:46:07,616 [INFO] ImportTextPane:234 - (OptionalMessage_ERROR) IP (DMA) : Parameter (PeriphInc) has Id (USART2_RX) currently not set
2026-09-04 13:46:07,617 DEBUG [LineInfo_to_exitCode.log_LineInfo] 2026-09-04 13:46:07,617 [INFO] ImportTextPane:234 - (OptionalMessage_ERROR) IP (DMA) : Parameter (MemInc) has Id (USART2_RX) currently not set
2026-09-04 13:46:07,617 DEBUG [LineInfo_to_exitCode.log_LineInfo] 2026-09-04 13:46:07,617 [INFO] ImportTextPane:234 - (OptionalMessage_ERROR) IP (DMA) : Parameter (PeriphDataAlignment) has Id (USART2_RX) currently not set
2026-09-04 13:46:07,618 DEBUG [LineInfo_to_exitCode.log_LineInfo] 2026-09-04 13:46:07,618 [INFO] ImportTextPane:234 - (OptionalMessage_ERROR) IP (DMA) : Parameter (MemDataAlignment) has Id (USART2_RX) currently not set
2026-09-04 13:46:07,618 DEBUG [LineInfo_to_exitCode.log_LineInfo] 2026-09-04 13:46:07,618 [INFO] ImportTextPane:234 - (OptionalMessage_ERROR) IP (DMA) : Parameter (Mode) has Id (USART2_RX) currently not set
2026-09-04 13:46:07,618 DEBUG [LineInfo_to_exitCode.log_LineInfo] 2026-09-04 13:46:07,618 [INFO] ImportTextPane:234 - (OptionalMessage_ERROR) IP (DMA) : Parameter (Priority) has Id (USART2_RX) currently not set
2026-09-04 13:46:07,618 DEBUG [LineInfo_to_exitCode.log_LineInfo] 2026-09-04 13:46:07,618 [INFO] ImportTextPane:234 - (OptionalMessage_ERROR) IP (DMA) : Parameter (Instance) has Id (USART2_TX) currently not set
2026-09-04 13:46:07,618 DEBUG [LineInfo_to_exitCode.log_LineInfo] 2026-09-04 13:46:07,618 [INFO] ImportTextPane:234 - (OptionalMessage_ERROR) IP (DMA) : Parameter (Request) has Id (USART2_TX) currently not set
2026-09-04 13:46:07,618 DEBUG [LineInfo_to_exitCode.log_LineInfo] 2026-09-04 13:46:07,618 [INFO] ImportTextPane:234 - (OptionalMessage_ERROR) IP (DMA) : Parameter (Direction) has Id (USART2_TX) currently not set
2026-09-04 13:46:07,619 DEBUG [LineInfo_to_exitCode.log_LineInfo] 2026-09-04 13:46:07,618 [INFO] ImportTextPane:234 - (OptionalMessage_ERROR) IP (DMA) : Parameter (PeriphInc) has Id (USART2_TX) currently not set
2026-09-04 13:46:07,619 DEBUG [LineInfo_to_exitCode.log_LineInfo] 2026-09-04 13:46:07,618 [INFO] ImportTextPane:234 - (OptionalMessage_ERROR) IP (DMA) : Parameter (MemInc) has Id (USART2_TX) currently not set
2026-09-04 13:46:07,619 DEBUG [LineInfo_to_exitCode.log_LineInfo] 2026-09-04 13:46:07,618 [INFO] ImportTextPane:234 - (OptionalMessage_ERROR) IP (DMA) : Parameter (PeriphDataAlignment) has Id (USART2_TX) currently not set
2026-09-04 13:46:07,619 DEBUG [LineInfo_to_exitCode.log_LineInfo] 2026-09-04 13:46:07,618 [INFO] ImportTextPane:234 - (OptionalMessage_ERROR) IP (DMA) : Parameter (MemDataAlignment) has Id (USART2_TX) currently not set
2026-09-04 13:46:07,619 DEBUG [LineInfo_to_exitCode.log_LineInfo] 2026-09-04 13:46:07,618 [INFO] ImportTextPane:234 - (OptionalMessage_ERROR) IP (DMA) : Parameter (Mode) has Id (USART2_TX) currently not set
2026-09-04 13:46:07,619 DEBUG [LineInfo_to_exitCode.log_LineInfo] 2026-09-04 13:46:07,618 [INFO] ImportTextPane:234 - (OptionalMessage_ERROR) IP (DMA) : Parameter (Priority) has Id (USART2_TX) currently not set
2026-09-04 13:46:07,655 DEBUG [LineInfo_to_exitCode.log_LineInfo] 2026-09-04 13:46:07,655 [INFO] ImportTextPane:234 - (OptionalMessage_ERROR) IP (MotorControl) : Invalid parameter (ADC_AHBPERIPH)
2026-09-04 13:46:07,655 DEBUG [LineInfo_to_exitCode.log_LineInfo] 2026-09-04 13:46:07,655 [INFO] ImportTextPane:234 - (OptionalMessage_ERROR) IP (MotorControl) : Invalid parameter (BUS_VOLTAGE_READING)
2026-09-04 13:46:07,655 DEBUG [LineInfo_to_exitCode.log_LineInfo] 2026-09-04 13:46:07,655 [INFO] ImportTextPane:234 - (OptionalMessage_ERROR) IP (MotorControl) : Invalid parameter (CCMRAM_ENABLED)
2026-09-04 13:46:07,655 DEBUG [LineInfo_to_exitCode.log_LineInfo] 2026-09-04 13:46:07,655 [INFO] ImportTextPane:234 - (OptionalMessage_ERROR) IP (MotorControl) : Invalid parameter (CLOCK_FREQUENCY)
2026-09-04 13:46:07,656 DEBUG [LineInfo_to_exitCode.log_LineInfo] 2026-09-04 13:46:07,655 [INFO] ImportTextPane:234 - (OptionalMessage_ERROR) IP (MotorControl) : Invalid parameter (CLOCK_SOURCE)
2026-09-04 13:46:07,656 DEBUG [LineInfo_to_exitCode.log_LineInfo] 2026-09-04 13:46:07,656 [INFO] ImportTextPane:234 - (OptionalMessage_ERROR) IP (MotorControl) : Invalid parameter (CPU_CLK_170_MHZ)
2026-09-04 13:46:07,656 DEBUG [LineInfo_to_exitCode.log_LineInfo] 2026-09-04 13:46:07,656 [INFO] ImportTextPane:234 - (OptionalMessage_ERROR) IP (MotorControl) : Invalid parameter (CURR_SAMPLING_TIME)
2026-09-04 13:46:07,656 DEBUG [LineInfo_to_exitCode.log_LineInfo] 2026-09-04 13:46:07,656 [INFO] ImportTextPane:234 - (OptionalMessage_ERROR) IP (MotorControl) : Invalid parameter (CURRENT_READING_TOPOLOGY)
2026-09-04 13:46:07,657 DEBUG [LineInfo_to_exitCode.log_LineInfo] 2026-09-04 13:46:07,657 [INFO] ImportTextPane:234 - (OptionalMessage_ERROR) IP (MotorControl) : Invalid parameter (DRIVE_TYPE)
2026-09-04 13:46:07,657 DEBUG [LineInfo_to_exitCode.log_LineInfo] 2026-09-04 13:46:07,657 [INFO] ImportTextPane:234 - (OptionalMessage_ERROR) IP (MotorControl) : Invalid parameter (DRIVES_NUMBER_SELECTION)
2026-09-04 13:46:07,657 DEBUG [LineInfo_to_exitCode.log_LineInfo] 2026-09-04 13:46:07,657 [INFO] ImportTextPane:234 - (OptionalMessage_ERROR) IP (MotorControl) : Invalid parameter (ENCODER_AVAILABLE)
2026-09-04 13:46:07,658 DEBUG [LineInfo_to_exitCode.log_LineInfo] 2026-09-04 13:46:07,658 [INFO] ImportTextPane:234 - (OptionalMessage_ERROR) IP (MotorControl) : Invalid parameter (ENCODER_PPR)
2026-09-04 13:46:07,658 DEBUG [LineInfo_to_exitCode.log_LineInfo] 2026-09-04 13:46:07,658 [INFO] ImportTextPane:234 - (OptionalMessage_ERROR) IP (MotorControl) : Invalid parameter (EXT_CLK_24_MHZ)
2026-09-04 13:46:07,658 DEBUG [LineInfo_to_exitCode.log_LineInfo] 2026-09-04 13:46:07,658 [INFO] ImportTextPane:234 - (OptionalMessage_ERROR) IP (MotorControl) : Invalid parameter (EXT_CLOCK_FREQUENCY)
2026-09-04 13:46:07,658 DEBUG [LineInfo_to_exitCode.log_LineInfo] 2026-09-04 13:46:07,658 [INFO] ImportTextPane:234 - (OptionalMessage_ERROR) IP (MotorControl) : Invalid parameter (FEEDBACK_NET_FILTERING)
2026-09-04 13:46:07,658 DEBUG [LineInfo_to_exitCode.log_LineInfo] 2026-09-04 13:46:07,658 [INFO] ImportTextPane:234 - (OptionalMessage_ERROR) IP (MotorControl) : Invalid parameter (FLASH_SIZE)
2026-09-04 13:46:07,658 DEBUG [LineInfo_to_exitCode.log_LineInfo] 2026-09-04 13:46:07,658 [INFO] ImportTextPane:234 - (OptionalMessage_ERROR) IP (MotorControl) : Invalid parameter (HALL_SENSORS_AVAILABLE)
2026-09-04 13:46:07,659 DEBUG [LineInfo_to_exitCode.log_LineInfo] 2026-09-04 13:46:07,658 [INFO] ImportTextPane:234 - (OptionalMessage_ERROR) IP (MotorControl) : Invalid parameter (HW_COMPLEMENTED_LOW_SIDE)
2026-09-04 13:46:07,659 DEBUG [LineInfo_to_exitCode.log_LineInfo] 2026-09-04 13:46:07,658 [INFO] ImportTextPane:234 - (OptionalMessage_ERROR) IP (MotorControl) : Invalid parameter (HW_DEAD_TIME_NS)
2026-09-04 13:46:07,659 DEBUG [LineInfo_to_exitCode.log_LineInfo] 2026-09-04 13:46:07,658 [INFO] ImportTextPane:234 - (OptionalMessage_ERROR) IP (MotorControl) : Invalid parameter (HWV_CS)
2026-09-04 13:46:07,659 DEBUG [LineInfo_to_exitCode.log_LineInfo] 2026-09-04 13:46:07,659 [INFO] ImportTextPane:234 - (OptionalMessage_ERROR) IP (MotorControl) : Invalid parameter (HWV_POTENTIOMETER)
2026-09-04 13:46:07,659 DEBUG [LineInfo_to_exitCode.log_LineInfo] 2026-09-04 13:46:07,659 [INFO] ImportTextPane:234 - (OptionalMessage_ERROR) IP (MotorControl) : Invalid parameter (HWV_PWM)
2026-09-04 13:46:07,659 DEBUG [LineInfo_to_exitCode.log_LineInfo] 2026-09-04 13:46:07,659 [INFO] ImportTextPane:234 - (OptionalMessage_ERROR) IP (MotorControl) : Invalid parameter (IPs)
2026-09-04 13:46:07,659 DEBUG [LineInfo_to_exitCode.log_LineInfo] 2026-09-04 13:46:07,659 [INFO] ImportTextPane:234 - (OptionalMessage_ERROR) IP (MotorControl) : Invalid parameter (LOW_SIDE_SIGNALS_ENABLING)
2026-09-04 13:46:07,659 DEBUG [LineInfo_to_exitCode.log_LineInfo] 2026-09-04 13:46:07,659 [INFO] ImportTextPane:234 - (OptionalMessage_ERROR) IP (MotorControl) : Invalid parameter (M1_COMMUTATION_STEP_TIME_BUF_SIZE)
2026-09-04 13:46:07,659 DEBUG [LineInfo_to_exitCode.log_LineInfo] 2026-09-04 13:46:07,659 [INFO] ImportTextPane:234 - (OptionalMessage_ERROR) IP (MotorControl) : Invalid parameter (M1_CURRENT_AMPLIFICATION_TOPO)
2026-09-04 13:46:07,660 DEBUG [LineInfo_to_exitCode.log_LineInfo] 2026-09-04 13:46:07,660 [INFO] ImportTextPane:234 - (OptionalMessage_ERROR) IP (MotorControl) : Invalid parameter (M1_DC_CURRENT_RS_MEAS)
2026-09-04 13:46:07,660 DEBUG [LineInfo_to_exitCode.log_LineInfo] 2026-09-04 13:46:07,660 [INFO] ImportTextPane:234 - (OptionalMessage_ERROR) IP (MotorControl) : Invalid parameter (M1_HIGH_SIDE_IDLE_STATE)
2026-09-04 13:46:07,660 DEBUG [LineInfo_to_exitCode.log_LineInfo] 2026-09-04 13:46:07,660 [INFO] ImportTextPane:234 - (OptionalMessage_ERROR) IP (MotorControl) : Invalid parameter (M1_LOW_SIDE_IDLE_STATE)
2026-09-04 13:46:07,661 DEBUG [LineInfo_to_exitCode.log_LineInfo] 2026-09-04 13:46:07,660 [INFO] ImportTextPane:234 - (OptionalMessage_ERROR) IP (MotorControl) : Parameter (M1_PWM_CHARGE_BOOT_CAP_DUTY_CYCLES) has invalid value (0.000)
2026-09-04 13:46:07,661 DEBUG [LineInfo_to_exitCode.log_LineInfo] 2026-09-04 13:46:07,661 [INFO] ImportTextPane:234 - (OptionalMessage_ERROR) IP (MotorControl) : Invalid parameter (M1_PWM_TIMER_BRK_IRQ)
2026-09-04 13:46:07,661 DEBUG [LineInfo_to_exitCode.log_LineInfo] 2026-09-04 13:46:07,661 [INFO] ImportTextPane:234 - (OptionalMessage_ERROR) IP (MotorControl) : Invalid parameter (M1_PWM_TIMER_UP_IRQ)
2026-09-04 13:46:07,661 DEBUG [LineInfo_to_exitCode.log_LineInfo] 2026-09-04 13:46:07,661 [INFO] ImportTextPane:234 - (OptionalMessage_ERROR) IP (MotorControl) : Invalid parameter (M1_SPD_DIFFERENTIAL_TERM_ENABLING)
2026-09-04 13:46:07,661 DEBUG [LineInfo_to_exitCode.log_LineInfo] 2026-09-04 13:46:07,661 [INFO] ImportTextPane:234 - (OptionalMessage_ERROR) IP (MotorControl) : Invalid parameter (MAX_READABLE_CURRENT)
2026-09-04 13:46:07,661 DEBUG [LineInfo_to_exitCode.log_LineInfo] 2026-09-04 13:46:07,661 [INFO] ImportTextPane:234 - (OptionalMessage_ERROR) IP (MotorControl) : Invalid parameter (MC_WORKBENCH_VERSION)
2026-09-04 13:46:07,661 DEBUG [LineInfo_to_exitCode.log_LineInfo] 2026-09-04 13:46:07,661 [INFO] ImportTextPane:234 - (OptionalMessage_ERROR) IP (MotorControl) : Invalid parameter (MCU)
2026-09-04 13:46:07,661 DEBUG [LineInfo_to_exitCode.log_LineInfo] 2026-09-04 13:46:07,661 [INFO] ImportTextPane:234 - (OptionalMessage_ERROR) IP (MotorControl) : Invalid parameter (MCU_FAMILY)
2026-09-04 13:46:07,662 DEBUG [LineInfo_to_exitCode.log_LineInfo] 2026-09-04 13:46:07,661 [INFO] ImportTextPane:234 - (OptionalMessage_ERROR) IP (MotorControl) : Invalid parameter (MCU_LINE)
2026-09-04 13:46:07,662 DEBUG [LineInfo_to_exitCode.log_LineInfo] 2026-09-04 13:46:07,661 [INFO] ImportTextPane:234 - (OptionalMessage_ERROR) IP (MotorControl) : Invalid parameter (MCU_PACKAGE)
2026-09-04 13:46:07,662 DEBUG [LineInfo_to_exitCode.log_LineInfo] 2026-09-04 13:46:07,661 [INFO] ImportTextPane:234 - (OptionalMessage_ERROR) IP (MotorControl) : Invalid parameter (MCU_TYPE)
2026-09-04 13:46:07,662 DEBUG [LineInfo_to_exitCode.log_LineInfo] 2026-09-04 13:46:07,661 [INFO] ImportTextPane:234 - (OptionalMessage_ERROR) IP (MotorControl) : Invalid parameter (MCU_USERNAME)
2026-09-04 13:46:07,662 DEBUG [LineInfo_to_exitCode.log_LineInfo] 2026-09-04 13:46:07,661 [INFO] ImportTextPane:234 - (OptionalMessage_ERROR) IP (MotorControl) : Invalid parameter (MOTOR_TYPE)
2026-09-04 13:46:07,662 DEBUG [LineInfo_to_exitCode.log_LineInfo] 2026-09-04 13:46:07,661 [INFO] ImportTextPane:234 - (OptionalMessage_ERROR) IP (MotorControl) : Invalid parameter (ON_OVER_VOLTAGE)
2026-09-04 13:46:07,662 DEBUG [LineInfo_to_exitCode.log_LineInfo] 2026-09-04 13:46:07,661 [INFO] ImportTextPane:234 - (OptionalMessage_ERROR) IP (MotorControl) : Invalid parameter (OV_TEMPERATURE_PROT_ENABLING)
2026-09-04 13:46:07,662 DEBUG [LineInfo_to_exitCode.log_LineInfo] 2026-09-04 13:46:07,661 [INFO] ImportTextPane:234 - (OptionalMessage_ERROR) IP (MotorControl) : Invalid parameter (OV_VOLTAGE_PROT_ENABLING)
2026-09-04 13:46:07,663 DEBUG [LineInfo_to_exitCode.log_LineInfo] 2026-09-04 13:46:07,661 [INFO] ImportTextPane:234 - (OptionalMessage_ERROR) IP (MotorControl) : Invalid parameter (PHASE_U_CURR_ADC)
2026-09-04 13:46:07,663 DEBUG [LineInfo_to_exitCode.log_LineInfo] 2026-09-04 13:46:07,661 [INFO] ImportTextPane:234 - (OptionalMessage_ERROR) IP (MotorControl) : Invalid parameter (PHASE_U_GPIO_PIN)
2026-09-04 13:46:07,663 DEBUG [LineInfo_to_exitCode.log_LineInfo] 2026-09-04 13:46:07,662 [INFO] ImportTextPane:234 - (OptionalMessage_ERROR) IP (MotorControl) : Invalid parameter (PHASE_U_GPIO_PORT)
2026-09-04 13:46:07,663 DEBUG [LineInfo_to_exitCode.log_LineInfo] 2026-09-04 13:46:07,662 [INFO] ImportTextPane:234 - (OptionalMessage_ERROR) IP (MotorControl) : Invalid parameter (PHASE_U_PWM_CHANNEL)
2026-09-04 13:46:07,663 DEBUG [LineInfo_to_exitCode.log_LineInfo] 2026-09-04 13:46:07,662 [INFO] ImportTextPane:234 - (OptionalMessage_ERROR) IP (MotorControl) : Invalid parameter (PHASE_UH_GPIO_PIN)
2026-09-04 13:46:07,663 DEBUG [LineInfo_to_exitCode.log_LineInfo] 2026-09-04 13:46:07,662 [INFO] ImportTextPane:234 - (OptionalMessage_ERROR) IP (MotorControl) : Invalid parameter (PHASE_UH_GPIO_PORT)
2026-09-04 13:46:07,663 DEBUG [LineInfo_to_exitCode.log_LineInfo] 2026-09-04 13:46:07,662 [INFO] ImportTextPane:234 - (OptionalMessage_ERROR) IP (MotorControl) : Invalid parameter (PHASE_UL_GPIO_PIN)
2026-09-04 13:46:07,663 DEBUG [LineInfo_to_exitCode.log_LineInfo] 2026-09-04 13:46:07,662 [INFO] ImportTextPane:234 - (OptionalMessage_ERROR) IP (MotorControl) : Invalid parameter (PHASE_UL_GPIO_PORT)
2026-09-04 13:46:07,664 DEBUG [LineInfo_to_exitCode.log_LineInfo] 2026-09-04 13:46:07,662 [INFO] ImportTextPane:234 - (OptionalMessage_ERROR) IP (MotorControl) : Parameter (PHASE_UL_POLARITY) has invalid value (L_ACTIVE_HIGH)
2026-09-04 13:46:07,664 DEBUG [LineInfo_to_exitCode.log_LineInfo] 2026-09-04 13:46:07,662 [INFO] ImportTextPane:234 - (OptionalMessage_ERROR) IP (MotorControl) : Invalid parameter (PHASE_V_CURR_ADC)
2026-09-04 13:46:07,664 DEBUG [LineInfo_to_exitCode.log_LineInfo] 2026-09-04 13:46:07,662 [INFO] ImportTextPane:234 - (OptionalMessage_ERROR) IP (MotorControl) : Invalid parameter (PHASE_V_GPIO_PIN)
2026-09-04 13:46:07,664 DEBUG [LineInfo_to_exitCode.log_LineInfo] 2026-09-04 13:46:07,662 [INFO] ImportTextPane:234 - (OptionalMessage_ERROR) IP (MotorControl) : Invalid parameter (PHASE_V_GPIO_PORT)
2026-09-04 13:46:07,664 DEBUG [LineInfo_to_exitCode.log_LineInfo] 2026-09-04 13:46:07,662 [INFO] ImportTextPane:234 - (OptionalMessage_ERROR) IP (MotorControl) : Invalid parameter (PHASE_V_PWM_CHANNEL)
2026-09-04 13:46:07,664 DEBUG [LineInfo_to_exitCode.log_LineInfo] 2026-09-04 13:46:07,662 [INFO] ImportTextPane:234 - (OptionalMessage_ERROR) IP (MotorControl) : Invalid parameter (PHASE_VH_GPIO_PIN)
2026-09-04 13:46:07,664 DEBUG [LineInfo_to_exitCode.log_LineInfo] 2026-09-04 13:46:07,662 [INFO] ImportTextPane:234 - (OptionalMessage_ERROR) IP (MotorControl) : Invalid parameter (PHASE_VH_GPIO_PORT)
2026-09-04 13:46:07,664 DEBUG [LineInfo_to_exitCode.log_LineInfo] 2026-09-04 13:46:07,662 [INFO] ImportTextPane:234 - (OptionalMessage_ERROR) IP (MotorControl) : Invalid parameter (PHASE_VL_GPIO_PIN)
2026-09-04 13:46:07,664 DEBUG [LineInfo_to_exitCode.log_LineInfo] 2026-09-04 13:46:07,662 [INFO] ImportTextPane:234 - (OptionalMessage_ERROR) IP (MotorControl) : Invalid parameter (PHASE_VL_GPIO_PORT)
2026-09-04 13:46:07,664 DEBUG [LineInfo_to_exitCode.log_LineInfo] 2026-09-04 13:46:07,662 [INFO] ImportTextPane:234 - (OptionalMessage_ERROR) IP (MotorControl) : Parameter (PHASE_VL_POLARITY) has invalid value (L_ACTIVE_HIGH)
2026-09-04 13:46:07,664 DEBUG [LineInfo_to_exitCode.log_LineInfo] 2026-09-04 13:46:07,662 [INFO] ImportTextPane:234 - (OptionalMessage_ERROR) IP (MotorControl) : Invalid parameter (PHASE_W_CURR_ADC)
2026-09-04 13:46:07,664 DEBUG [LineInfo_to_exitCode.log_LineInfo] 2026-09-04 13:46:07,662 [INFO] ImportTextPane:234 - (OptionalMessage_ERROR) IP (MotorControl) : Invalid parameter (PHASE_W_GPIO_PIN)
2026-09-04 13:46:07,664 DEBUG [LineInfo_to_exitCode.log_LineInfo] 2026-09-04 13:46:07,662 [INFO] ImportTextPane:234 - (OptionalMessage_ERROR) IP (MotorControl) : Invalid parameter (PHASE_W_GPIO_PORT)
2026-09-04 13:46:07,664 DEBUG [LineInfo_to_exitCode.log_LineInfo] 2026-09-04 13:46:07,662 [INFO] ImportTextPane:234 - (OptionalMessage_ERROR) IP (MotorControl) : Invalid parameter (PHASE_W_PWM_CHANNEL)
2026-09-04 13:46:07,664 DEBUG [LineInfo_to_exitCode.log_LineInfo] 2026-09-04 13:46:07,662 [INFO] ImportTextPane:234 - (OptionalMessage_ERROR) IP (MotorControl) : Invalid parameter (PHASE_WH_GPIO_PIN)
2026-09-04 13:46:07,664 DEBUG [LineInfo_to_exitCode.log_LineInfo] 2026-09-04 13:46:07,662 [INFO] ImportTextPane:234 - (OptionalMessage_ERROR) IP (MotorControl) : Invalid parameter (PHASE_WH_GPIO_PORT)
2026-09-04 13:46:07,664 DEBUG [LineInfo_to_exitCode.log_LineInfo] 2026-09-04 13:46:07,662 [INFO] ImportTextPane:234 - (OptionalMessage_ERROR) IP (MotorControl) : Invalid parameter (PHASE_WL_GPIO_PIN)
2026-09-04 13:46:07,664 DEBUG [LineInfo_to_exitCode.log_LineInfo] 2026-09-04 13:46:07,662 [INFO] ImportTextPane:234 - (OptionalMessage_ERROR) IP (MotorControl) : Invalid parameter (PHASE_WL_GPIO_PORT)
2026-09-04 13:46:07,665 DEBUG [LineInfo_to_exitCode.log_LineInfo] 2026-09-04 13:46:07,662 [INFO] ImportTextPane:234 - (OptionalMessage_ERROR) IP (MotorControl) : Parameter (PHASE_WL_POLARITY) has invalid value (L_ACTIVE_HIGH)
2026-09-04 13:46:07,665 DEBUG [LineInfo_to_exitCode.log_LineInfo] 2026-09-04 13:46:07,662 [INFO] ImportTextPane:234 - (OptionalMessage_ERROR) IP (MotorControl) : Invalid parameter (POTENTIOMETER_READING)
2026-09-04 13:46:07,665 DEBUG [LineInfo_to_exitCode.log_LineInfo] 2026-09-04 13:46:07,662 [INFO] ImportTextPane:234 - (OptionalMessage_ERROR) IP (MotorControl) : Invalid parameter (PWM_FREQUENCY)
2026-09-04 13:46:07,665 DEBUG [LineInfo_to_exitCode.log_LineInfo] 2026-09-04 13:46:07,662 [INFO] ImportTextPane:234 - (OptionalMessage_ERROR) IP (MotorControl) : Invalid parameter (PWM_TIMER_SELECTION)
2026-09-04 13:46:07,665 DEBUG [LineInfo_to_exitCode.log_LineInfo] 2026-09-04 13:46:07,662 [INFO] ImportTextPane:234 - (OptionalMessage_ERROR) IP (MotorControl) : Invalid parameter (R_BRAKE_SWITCH_OFF_THRES_V)
2026-09-04 13:46:07,665 DEBUG [LineInfo_to_exitCode.log_LineInfo] 2026-09-04 13:46:07,662 [INFO] ImportTextPane:234 - (OptionalMessage_ERROR) IP (MotorControl) : Invalid parameter (REGULATION_EXECUTION_RATE)
2026-09-04 13:46:07,665 DEBUG [LineInfo_to_exitCode.log_LineInfo] 2026-09-04 13:46:07,662 [INFO] ImportTextPane:234 - (OptionalMessage_ERROR) IP (MotorControl) : Invalid parameter (SINGLEDRIVE)
2026-09-04 13:46:07,665 DEBUG [LineInfo_to_exitCode.log_LineInfo] 2026-09-04 13:46:07,662 [INFO] ImportTextPane:234 - (OptionalMessage_ERROR) IP (MotorControl) : Invalid parameter (SPD_DIFFERENTIAL_TERM_ENABLING)
2026-09-04 13:46:07,665 DEBUG [LineInfo_to_exitCode.log_LineInfo] 2026-09-04 13:46:07,662 [INFO] ImportTextPane:234 - (OptionalMessage_ERROR) IP (MotorControl) : Invalid parameter (SPEED_SENSOR_SELECTION)
2026-09-04 13:46:07,665 DEBUG [LineInfo_to_exitCode.log_LineInfo] 2026-09-04 13:46:07,662 [INFO] ImportTextPane:234 - (OptionalMessage_ERROR) IP (MotorControl) : Invalid parameter (START_STOP_GPIO_IRQ)
2026-09-04 13:46:07,665 DEBUG [LineInfo_to_exitCode.log_LineInfo] 2026-09-04 13:46:07,662 [INFO] ImportTextPane:234 - (OptionalMessage_ERROR) IP (MotorControl) : Invalid parameter (START_STOP_POLARITY)
2026-09-04 13:46:07,665 DEBUG [LineInfo_to_exitCode.log_LineInfo] 2026-09-04 13:46:07,662 [INFO] ImportTextPane:234 - (OptionalMessage_ERROR) IP (MotorControl) : Invalid parameter (START_STOP_POLARITY_EDGE)
2026-09-04 13:46:07,665 DEBUG [LineInfo_to_exitCode.log_LineInfo] 2026-09-04 13:46:07,663 [INFO] ImportTextPane:234 - (OptionalMessage_ERROR) IP (MotorControl) : Invalid parameter (STATE_OBSERVER_PLL)
2026-09-04 13:46:07,666 DEBUG [LineInfo_to_exitCode.log_LineInfo] 2026-09-04 13:46:07,663 [INFO] ImportTextPane:234 - (OptionalMessage_ERROR) IP (MotorControl) : Invalid parameter (STM32G431RB)
2026-09-04 13:46:07,666 DEBUG [LineInfo_to_exitCode.log_LineInfo] 2026-09-04 13:46:07,663 [INFO] ImportTextPane:234 - (OptionalMessage_ERROR) IP (MotorControl) : Invalid parameter (SW_DEADTIME_NS)
2026-09-04 13:46:07,666 DEBUG [LineInfo_to_exitCode.log_LineInfo] 2026-09-04 13:46:07,663 [INFO] ImportTextPane:234 - (OptionalMessage_ERROR) IP (MotorControl) : Invalid parameter (TEMP_ADC_SAMPLING_TIME)
2026-09-04 13:46:07,666 DEBUG [LineInfo_to_exitCode.log_LineInfo] 2026-09-04 13:46:07,663 [INFO] ImportTextPane:234 - (OptionalMessage_ERROR) IP (MotorControl) : Invalid parameter (TEMP_FDBK_ADC)
2026-09-04 13:46:07,666 DEBUG [LineInfo_to_exitCode.log_LineInfo] 2026-09-04 13:46:07,663 [INFO] ImportTextPane:234 - (OptionalMessage_ERROR) IP (MotorControl) : Invalid parameter (TEMP_FDBK_CHANNEL)
2026-09-04 13:46:07,666 DEBUG [LineInfo_to_exitCode.log_LineInfo] 2026-09-04 13:46:07,663 [INFO] ImportTextPane:234 - (OptionalMessage_ERROR) IP (MotorControl) : Invalid parameter (TEMP_FDBK_GPIO_PIN)
2026-09-04 13:46:07,667 DEBUG [LineInfo_to_exitCode.log_LineInfo] 2026-09-04 13:46:07,663 [INFO] ImportTextPane:234 - (OptionalMessage_ERROR) IP (MotorControl) : Invalid parameter (TEMP_FDBK_GPIO_PORT)
2026-09-04 13:46:07,667 DEBUG [LineInfo_to_exitCode.log_LineInfo] 2026-09-04 13:46:07,663 [INFO] ImportTextPane:234 - (OptionalMessage_ERROR) IP (MotorControl) : Invalid parameter (TEMPERATURE_READING)
2026-09-04 13:46:07,667 DEBUG [LineInfo_to_exitCode.log_LineInfo] 2026-09-04 13:46:07,663 [INFO] ImportTextPane:234 - (OptionalMessage_ERROR) IP (MotorControl) : Invalid parameter (TFDIFFERENTIAL_TERM_ENABLING)
2026-09-04 13:46:07,667 DEBUG [LineInfo_to_exitCode.log_LineInfo] 2026-09-04 13:46:07,663 [INFO] ImportTextPane:234 - (OptionalMessage_ERROR) IP (MotorControl) : Invalid parameter (TRISE_NS)
2026-09-04 13:46:07,667 DEBUG [LineInfo_to_exitCode.log_LineInfo] 2026-09-04 13:46:07,663 [INFO] ImportTextPane:234 - (OptionalMessage_ERROR) IP (MotorControl) : Invalid parameter (USART_RX_GPIO_PIN)
2026-09-04 13:46:07,667 DEBUG [LineInfo_to_exitCode.log_LineInfo] 2026-09-04 13:46:07,663 [INFO] ImportTextPane:234 - (OptionalMessage_ERROR) IP (MotorControl) : Invalid parameter (USART_RX_GPIO_PORT)
2026-09-04 13:46:07,667 DEBUG [LineInfo_to_exitCode.log_LineInfo] 2026-09-04 13:46:07,665 [INFO] ImportTextPane:234 - (OptionalMessage_ERROR) IP (MotorControl) : Invalid parameter (USART_SELECTION)
2026-09-04 13:46:07,667 DEBUG [LineInfo_to_exitCode.log_LineInfo] 2026-09-04 13:46:07,665 [INFO] ImportTextPane:234 - (OptionalMessage_ERROR) IP (MotorControl) : Invalid parameter (USART_SPEED)
2026-09-04 13:46:07,667 DEBUG [LineInfo_to_exitCode.log_LineInfo] 2026-09-04 13:46:07,665 [INFO] ImportTextPane:234 - (OptionalMessage_ERROR) IP (MotorControl) : Invalid parameter (USART_TX_GPIO_PIN)
2026-09-04 13:46:07,667 DEBUG [LineInfo_to_exitCode.log_LineInfo] 2026-09-04 13:46:07,665 [INFO] ImportTextPane:234 - (OptionalMessage_ERROR) IP (MotorControl) : Invalid parameter (USART_TX_GPIO_PORT)
2026-09-04 13:46:07,668 DEBUG [LineInfo_to_exitCode.log_LineInfo] 2026-09-04 13:46:07,665 [INFO] ImportTextPane:234 - (OptionalMessage_ERROR) IP (MotorControl) : Invalid parameter (USE_3OPAMPS)
2026-09-04 13:46:07,668 DEBUG [LineInfo_to_exitCode.log_LineInfo] 2026-09-04 13:46:07,665 [INFO] ImportTextPane:234 - (OptionalMessage_ERROR) IP (MotorControl) : Invalid parameter (USE_INTERNAL_OPAMP)
2026-09-04 13:46:07,668 DEBUG [LineInfo_to_exitCode.log_LineInfo] 2026-09-04 13:46:07,665 [INFO] ImportTextPane:234 - (OptionalMessage_ERROR) IP (MotorControl) : Invalid parameter (UV_VOLTAGE_PROT_ENABLING)
2026-09-04 13:46:07,668 DEBUG [LineInfo_to_exitCode.log_LineInfo] 2026-09-04 13:46:07,665 [INFO] ImportTextPane:234 - (OptionalMessage_ERROR) IP (MotorControl) : Invalid parameter (VBUS_ADC)
2026-09-04 13:46:07,668 DEBUG [LineInfo_to_exitCode.log_LineInfo] 2026-09-04 13:46:07,666 [INFO] ImportTextPane:234 - (OptionalMessage_ERROR) IP (MotorControl) : Invalid parameter (VBUS_ADC_SAMPLING_TIME)
2026-09-04 13:46:07,668 DEBUG [LineInfo_to_exitCode.log_LineInfo] 2026-09-04 13:46:07,666 [INFO] ImportTextPane:234 - (OptionalMessage_ERROR) IP (MotorControl) : Invalid parameter (VBUS_CHANNEL)
2026-09-04 13:46:07,668 DEBUG [LineInfo_to_exitCode.log_LineInfo] 2026-09-04 13:46:07,666 [INFO] ImportTextPane:234 - (OptionalMessage_ERROR) IP (MotorControl) : Invalid parameter (VBUS_GPIO_PIN)
2026-09-04 13:46:07,668 DEBUG [LineInfo_to_exitCode.log_LineInfo] 2026-09-04 13:46:07,666 [INFO] ImportTextPane:234 - (OptionalMessage_ERROR) IP (MotorControl) : Invalid parameter (VBUS_GPIO_PORT)
2026-09-04 13:46:07,668 DEBUG [LineInfo_to_exitCode.log_LineInfo] 2026-09-04 13:46:07,666 [INFO] ImportTextPane:234 - (OptionalMessage_ERROR) IP (MotorControl) : Invalid parameter (WB_MX_HEAPSIZE)
2026-09-04 13:46:07,668 DEBUG [LineInfo_to_exitCode.log_LineInfo] 2026-09-04 13:46:07,666 [INFO] ImportTextPane:234 - (OptionalMessage_ERROR) IP (MotorControl) : Invalid parameter (WB_MX_STACKSIZE)
2026-09-04 13:46:07,668 DEBUG [LineInfo_to_exitCode.log_LineInfo] 2026-09-04 13:46:07,666 [INFO] ImportTextPane:234 - (OptionalMessage_ERROR) IP (MotorControl) : Invalid parameter (WB_MX_TRUSTZONE_AVAILABLE)
2026-09-04 13:46:07,668 DEBUG [LineInfo_to_exitCode.log_LineInfo] 2026-09-04 13:46:07,666 [INFO] ImportTextPane:234 - (OptionalMessage_ERROR) IP (MotorControl) : Invalid parameter (WB_to_Mx_template_version)
2026-09-04 13:46:07,669 DEBUG [LineInfo_to_exitCode.log_LineInfo] 2026-09-04 13:46:07,666 [INFO] ImportTextPane:234 - (OptionalMessage_ERROR) IP (MotorControl) : Invalid parameter (WB_to_Mx_version)
2026-09-04 13:46:07,669 DEBUG [LineInfo_to_exitCode.log_LineInfo] 2026-09-04 13:46:07,666 [INFO] ImportTextPane:234 - (OptionalMessage_ERROR) IP (MotorControl) : Invalid parameter (WB_UI_CUTOFF_FREQUENCY)
2026-09-04 13:46:07,669 DEBUG [LineInfo_to_exitCode.log_LineInfo] 2026-09-04 13:46:07,666 [INFO] ImportTextPane:234 - (OptionalMessage_ERROR) IP (MotorControl) : Invalid parameter (WB_UI_ENCODER_HAS_INDEX_PIN)
2026-09-04 13:46:07,669 DEBUG [LineInfo_to_exitCode.log_LineInfo] 2026-09-04 13:46:07,667 [INFO] ImportTextPane:234 - (OptionalMessage_ERROR) IP (MotorControl) : Invalid parameter (WB_UI_FLUX_TARGET)
2026-09-04 13:46:07,669 DEBUG [LineInfo_to_exitCode.log_LineInfo] 2026-09-04 13:46:07,667 [INFO] ImportTextPane:234 - (OptionalMessage_ERROR) IP (MotorControl) : Invalid parameter (WB_UI_FRICTION)
2026-09-04 13:46:07,670 DEBUG [LineInfo_to_exitCode.log_LineInfo] 2026-09-04 13:46:07,667 [INFO] ImportTextPane:234 - (OptionalMessage_ERROR) IP (MotorControl) : Invalid parameter (WB_UI_INERTIA)
2026-09-04 13:46:07,670 DEBUG [LineInfo_to_exitCode.log_LineInfo] 2026-09-04 13:46:07,667 [INFO] ImportTextPane:234 - (OptionalMessage_ERROR) IP (MotorControl) : Invalid parameter (WB_UI_MAGNETIC_STRUCTURE)
2026-09-04 13:46:07,670 DEBUG [LineInfo_to_exitCode.log_LineInfo] 2026-09-04 13:46:07,667 [INFO] ImportTextPane:234 - (OptionalMessage_ERROR) IP (MotorControl) : Invalid parameter (WB_UI_MAX_CURRENT)
2026-09-04 13:46:07,670 DEBUG [LineInfo_to_exitCode.log_LineInfo] 2026-09-04 13:46:07,667 [INFO] ImportTextPane:234 - (OptionalMessage_ERROR) IP (MotorControl) : Invalid parameter (WB_UI_MAX_NOMINAL_DC_VOLTAGE)
2026-09-04 13:46:07,670 DEBUG [LineInfo_to_exitCode.log_LineInfo] 2026-09-04 13:46:07,667 [INFO] ImportTextPane:234 - (OptionalMessage_ERROR) IP (MotorControl) : Invalid parameter (WB_UI_MAX_PWMFREQUENCY)
2026-09-04 13:46:07,670 DEBUG [LineInfo_to_exitCode.log_LineInfo] 2026-09-04 13:46:07,667 [INFO] ImportTextPane:234 - (OptionalMessage_ERROR) IP (MotorControl) : Invalid parameter (WB_UI_MOTOR_DESCRIPTION)
2026-09-04 13:46:07,670 DEBUG [LineInfo_to_exitCode.log_LineInfo] 2026-09-04 13:46:07,667 [INFO] ImportTextPane:234 - (OptionalMessage_ERROR) IP (MotorControl) : Invalid parameter (WB_UI_PW_BOARD_MAX_RATED_CURRENT)
2026-09-04 13:46:07,671 DEBUG [LineInfo_to_exitCode.log_LineInfo] 2026-09-04 13:46:07,667 [INFO] ImportTextPane:234 - (OptionalMessage_ERROR) IP (MotorControl) : Invalid parameter (WB_UI_PW_BOARD_MAX_VOLTAGE)
2026-09-04 13:46:07,671 DEBUG [LineInfo_to_exitCode.log_LineInfo] 2026-09-04 13:46:07,668 [INFO] ImportTextPane:234 - (OptionalMessage_ERROR) IP (MotorControl) : Invalid parameter (WB_UI_PW_BOARD_MIN_VOLTAGE)
2026-09-04 13:46:07,671 DEBUG [LineInfo_to_exitCode.log_LineInfo] 2026-09-04 13:46:07,668 [INFO] ImportTextPane:234 - (OptionalMessage_ERROR) IP (MotorControl) : Invalid parameter (WB_UI_VPOL)
2026-09-04 13:46:07,671 DEBUG [LineInfo_to_exitCode.log_LineInfo] 2026-09-04 13:46:07,668 [INFO] ImportTextPane:234 - (OptionalMessage_ERROR) IP (RCC) : Invalid parameter (FamilyName)
2026-09-04 13:46:07,671 DEBUG [LineInfo_to_exitCode.log_LineInfo] 2026-09-04 13:46:07,669 [INFO] ImportTextPane:234 - (OptionalMessage_ERROR) IP (RCC) : Parameter (RNGFreq_Value) has invalid value (170000000)
2026-09-04 13:46:07,671 DEBUG [LineInfo_to_exitCode.log_LineInfo] 2026-09-04 13:46:07,669 [INFO] ImportTextPane:234 - (OptionalMessage_ERROR) IP (RCC) : Parameter (USBFreq_Value) has invalid value (170000000)
2026-09-04 13:46:07,694 DEBUG [LineInfo_to_exitCode.log_LineInfo] 2026-09-04 13:46:07,694 [INFO] ImportTextPane:234 - (OptionalMessage_ERROR) IP (TIM1) : Parameter (TIM_SlaveMode) has invalid value (TIM_SLAVEMODE_TRIGGER)
2026-09-04 13:46:07,699 DEBUG [LineInfo_to_exitCode.log_LineInfo] 2026-09-04 13:46:07,699 [INFO] ImportTextPane:234 - (OptionalMessage_ERROR) IP (TIM1) : Parameter (SourceBRKDigInputPolarity) has invalid value (TIM_BREAKINPUTSOURCE_POLARITY_LOW)
2026-09-04 13:46:07,700 DEBUG [LineInfo_to_exitCode.log_LineInfo] 2026-09-04 13:46:07,699 [INFO] ImportTextPane:234 - (OptionalMessage_ERROR) IP (TIM1) : Parameter (SourceBRK2DigInputPolarity) has invalid value (TIM_BREAKINPUTSOURCE_POLARITY_LOW)
2026-09-04 13:46:07,896 DEBUG [LineInfo_to_exitCode.log_LineInfo] 2026-09-04 13:46:07,896 [INFO] UtilMem:75 - End LoadConfig() Used Memory: 576968448 Bytes (845152256)
2026-09-04 13:46:07,968 DEBUG [LineInfo_to_exitCode.log_LineInfo] 2026-09-04 13:46:07,968 [INFO] ThirdParty:838 - entering critical section [change project]
2026-09-04 13:46:07,968 DEBUG [LineInfo_to_exitCode.log_LineInfo] 2026-09-04 13:46:07,968 [INFO] ThirdParty:1033 - CMSIS Pack Vendor :STMicroelectronics X-CUBE-AZRTOS-H7 3.5.0
2026-09-04 13:46:07,968 DEBUG [LineInfo_to_exitCode.log_LineInfo] 2026-09-04 13:46:07,968 [INFO] ThirdParty:1033 - CMSIS Pack Vendor :STMicroelectronics X-CUBE-PM33A1 1.0.0
2026-09-04 13:46:07,969 DEBUG [LineInfo_to_exitCode.log_LineInfo] 2026-09-04 13:46:07,968 [INFO] ThirdParty:1033 - CMSIS Pack Vendor :STMicroelectronics USBPD 4.1
2026-09-04 13:46:07,969 DEBUG [LineInfo_to_exitCode.log_LineInfo] 2026-09-04 13:46:07,968 [INFO] ThirdParty:1033 - CMSIS Pack Vendor :STMicroelectronics X-CUBE-NFC9 1.0.0
2026-09-04 13:46:07,969 DEBUG [LineInfo_to_exitCode.log_LineInfo] 2026-09-04 13:46:07,969 [INFO] ThirdParty:1033 - CMSIS Pack Vendor :STMicroelectronics USB_HOST 2.0.0
2026-09-04 13:46:07,969 DEBUG [LineInfo_to_exitCode.log_LineInfo] 2026-09-04 13:46:07,969 [INFO] ThirdParty:1033 - CMSIS Pack Vendor :STMicroelectronics FP-ATR-ASTRA1 2.0.3
2026-09-04 13:46:07,969 DEBUG [LineInfo_to_exitCode.log_LineInfo] 2026-09-04 13:46:07,969 [INFO] ThirdParty:1033 - CMSIS Pack Vendor :STMicroelectronics X-CUBE-AZRTOS-F4 1.1.0
2026-09-04 13:46:07,969 DEBUG [LineInfo_to_exitCode.log_LineInfo] 2026-09-04 13:46:07,969 [INFO] ThirdParty:1033 - CMSIS Pack Vendor :STMicroelectronics LIBJPEG 8.0.0
2026-09-04 13:46:07,969 DEBUG [LineInfo_to_exitCode.log_LineInfo] 2026-09-04 13:46:07,969 [INFO] ThirdParty:1033 - CMSIS Pack Vendor :STMicroelectronics X-CUBE-BLE1 7.1.0
2026-09-04 13:46:07,969 DEBUG [LineInfo_to_exitCode.log_LineInfo] 2026-09-04 13:46:07,969 [INFO] ThirdParty:1033 - CMSIS Pack Vendor :STMicroelectronics X-CUBE-SMBUS 2.1.1
2026-09-04 13:46:07,969 DEBUG [LineInfo_to_exitCode.log_LineInfo] 2026-09-04 13:46:07,969 [INFO] ThirdParty:1033 - CMSIS Pack Vendor :wolfSSL I-CUBE-wolfMQTT 1.19.2
2026-09-04 13:46:07,970 DEBUG [LineInfo_to_exitCode.log_LineInfo] 2026-09-04 13:46:07,969 [INFO] ThirdParty:1033 - CMSIS Pack Vendor :STMicroelectronics USB_DEVICE 3.0.0
2026-09-04 13:46:07,970 DEBUG [LineInfo_to_exitCode.log_LineInfo] 2026-09-04 13:46:07,969 [INFO] ThirdParty:1033 - CMSIS Pack Vendor :STMicroelectronics X-CUBE-ISPU 2.1.0
2026-09-04 13:46:07,970 DEBUG [LineInfo_to_exitCode.log_LineInfo] 2026-09-04 13:46:07,969 [INFO] ThirdParty:1033 - CMSIS Pack Vendor :STMicroelectronics X-CUBE-EEPRMA1 5.2.0
2026-09-04 13:46:07,970 DEBUG [LineInfo_to_exitCode.log_LineInfo] 2026-09-04 13:46:07,969 [INFO] ThirdParty:1033 - CMSIS Pack Vendor :STMicroelectronics X-CUBE-IPS 3.2.0
2026-09-04 13:46:07,970 DEBUG [LineInfo_to_exitCode.log_LineInfo] 2026-09-04 13:46:07,969 [INFO] ThirdParty:1033 - CMSIS Pack Vendor :STMicroelectronics eDS-WB_DPC_TT-BIDIR 2.1.1
2026-09-04 13:46:07,970 DEBUG [LineInfo_to_exitCode.log_LineInfo] 2026-09-04 13:46:07,969 [INFO] ThirdParty:1033 - CMSIS Pack Vendor :STMicroelectronics X-CUBE-AZRTOS-WB 2.0.0
2026-09-04 13:46:07,970 DEBUG [LineInfo_to_exitCode.log_LineInfo] 2026-09-04 13:46:07,969 [INFO] ThirdParty:1033 - CMSIS Pack Vendor :STMicroelectronics X-CUBE-NFC12 1.0.0
2026-09-04 13:46:07,970 DEBUG [LineInfo_to_exitCode.log_LineInfo] 2026-09-04 13:46:07,969 [INFO] ThirdParty:1033 - CMSIS Pack Vendor :STMicroelectronics X-CUBE-AZRTOS-F7 1.1.0
2026-09-04 13:46:07,970 DEBUG [LineInfo_to_exitCode.log_LineInfo] 2026-09-04 13:46:07,969 [INFO] ThirdParty:1033 - CMSIS Pack Vendor :STMicroelectronics X-CUBE-AZRTOS-L5 2.0.0
2026-09-04 13:46:07,970 DEBUG [LineInfo_to_exitCode.log_LineInfo] 2026-09-04 13:46:07,969 [INFO] ThirdParty:1033 - CMSIS Pack Vendor :STMicroelectronics USB_DEVICE 2.0.0
2026-09-04 13:46:07,970 DEBUG [LineInfo_to_exitCode.log_LineInfo] 2026-09-04 13:46:07,969 [INFO] ThirdParty:1033 - CMSIS Pack Vendor :STMicroelectronics X-CUBE-FREERTOS 1.6.0
2026-09-04 13:46:07,970 DEBUG [LineInfo_to_exitCode.log_LineInfo] 2026-09-04 13:46:07,969 [INFO] ThirdParty:1033 - CMSIS Pack Vendor :quantropi X-CUBE-qispace-sdk-base 2.1.0
2026-09-04 13:46:07,970 DEBUG [LineInfo_to_exitCode.log_LineInfo] 2026-09-04 13:46:07,969 [INFO] ThirdParty:1033 - CMSIS Pack Vendor :STMicroelectronics X-CUBE-STSE01 2.0.0
2026-09-04 13:46:07,970 DEBUG [LineInfo_to_exitCode.log_LineInfo] 2026-09-04 13:46:07,969 [INFO] ThirdParty:1033 - CMSIS Pack Vendor :STMicroelectronics X-CUBE-ALGOBUILD 1.5.0
2026-09-04 13:46:07,970 DEBUG [LineInfo_to_exitCode.log_LineInfo] 2026-09-04 13:46:07,969 [INFO] ThirdParty:1033 - CMSIS Pack Vendor :STMicroelectronics FP-SNS-MOTENV1 5.1.0
2026-09-04 13:46:07,970 DEBUG [LineInfo_to_exitCode.log_LineInfo] 2026-09-04 13:46:07,969 [INFO] ThirdParty:1033 - CMSIS Pack Vendor :STMicroelectronics FreeRTOS 0.0.1
2026-09-04 13:46:07,970 DEBUG [LineInfo_to_exitCode.log_LineInfo] 2026-09-04 13:46:07,969 [INFO] ThirdParty:1033 - CMSIS Pack Vendor :STMicroelectronics X-CUBE-AZRTOS-H7RS 1.3.0
2026-09-04 13:46:07,970 DEBUG [LineInfo_to_exitCode.log_LineInfo] 2026-09-04 13:46:07,969 [INFO] ThirdParty:1033 - CMSIS Pack Vendor :STMicroelectronics X-CUBE-AZRTOS-G0 1.1.0
2026-09-04 13:46:07,970 DEBUG [LineInfo_to_exitCode.log_LineInfo] 2026-09-04 13:46:07,969 [INFO] ThirdParty:1033 - CMSIS Pack Vendor :STMicroelectronics X-CUBE-NFC4 3.0.0
2026-09-04 13:46:07,970 DEBUG [LineInfo_to_exitCode.log_LineInfo] 2026-09-04 13:46:07,969 [INFO] ThirdParty:1033 - CMSIS Pack Vendor :STMicroelectronics X-CUBE-SUBG2 5.0.0
2026-09-04 13:46:07,971 DEBUG [LineInfo_to_exitCode.log_LineInfo] 2026-09-04 13:46:07,969 [INFO] ThirdParty:1033 - CMSIS Pack Vendor :STMicroelectronics STM32_WPAN 1.0.0
2026-09-04 13:46:07,971 DEBUG [LineInfo_to_exitCode.log_LineInfo] 2026-09-04 13:46:07,969 [INFO] ThirdParty:1033 - CMSIS Pack Vendor :STMicroelectronics eDS-WB_DPC_VIENNA 1.2.0
2026-09-04 13:46:07,971 DEBUG [LineInfo_to_exitCode.log_LineInfo] 2026-09-04 13:46:07,969 [INFO] ThirdParty:1033 - CMSIS Pack Vendor :EmbeddedOffice I-CUBE-FS-RTOS 1.0.1
2026-09-04 13:46:07,971 DEBUG [LineInfo_to_exitCode.log_LineInfo] 2026-09-04 13:46:07,969 [INFO] ThirdParty:1033 - CMSIS Pack Vendor :STMicroelectronics lwIP 2.0.3
2026-09-04 13:46:07,971 DEBUG [LineInfo_to_exitCode.log_LineInfo] 2026-09-04 13:46:07,969 [INFO] ThirdParty:1033 - CMSIS Pack Vendor :WES I-CUBE-Cesium 1.4.0
2026-09-04 13:46:07,971 DEBUG [LineInfo_to_exitCode.log_LineInfo] 2026-09-04 13:46:07,969 [INFO] ThirdParty:1033 - CMSIS Pack Vendor :STMicroelectronics X-CUBE-MEMS1 13.0.0
2026-09-04 13:46:07,971 DEBUG [LineInfo_to_exitCode.log_LineInfo] 2026-09-04 13:46:07,969 [INFO] ThirdParty:1033 - CMSIS Pack Vendor :STMicroelectronics eDS-WB_DPC_3PH2L-BIDIR 1.1.1
2026-09-04 13:46:07,971 DEBUG [LineInfo_to_exitCode.log_LineInfo] 2026-09-04 13:46:07,970 [INFO] ThirdParty:1033 - CMSIS Pack Vendor :STMicroelectronics USB_HOST 1.0.0
2026-09-04 13:46:07,971 DEBUG [LineInfo_to_exitCode.log_LineInfo] 2026-09-04 13:46:07,970 [INFO] ThirdParty:1033 - CMSIS Pack Vendor :STMicroelectronics X-CUBE-AZRTOS-G4 2.0.0
2026-09-04 13:46:07,971 DEBUG [LineInfo_to_exitCode.log_LineInfo] 2026-09-04 13:46:07,970 [INFO] ThirdParty:1033 - CMSIS Pack Vendor :STMicroelectronics PDM2PCM 3.1.0
2026-09-04 13:46:07,971 DEBUG [LineInfo_to_exitCode.log_LineInfo] 2026-09-04 13:46:07,970 [INFO] ThirdParty:1033 - CMSIS Pack Vendor :STMicroelectronics X-CUBE-ST67W61 1.3.0
2026-09-04 13:46:07,971 DEBUG [LineInfo_to_exitCode.log_LineInfo] 2026-09-04 13:46:07,970 [INFO] ThirdParty:1033 - CMSIS Pack Vendor :STMicroelectronics PDM2PCM 3.3.0
2026-09-04 13:46:07,971 DEBUG [LineInfo_to_exitCode.log_LineInfo] 2026-09-04 13:46:07,970 [INFO] ThirdParty:1033 - CMSIS Pack Vendor :wolfSSL I-CUBE-wolfTPM 3.8.0
2026-09-04 13:46:07,971 DEBUG [LineInfo_to_exitCode.log_LineInfo] 2026-09-04 13:46:07,970 [INFO] ThirdParty:1033 - CMSIS Pack Vendor :STMicroelectronics X-CUBE-DISPLAY 3.0.0
2026-09-04 13:46:07,971 DEBUG [LineInfo_to_exitCode.log_LineInfo] 2026-09-04 13:46:07,970 [INFO] ThirdParty:1033 - CMSIS Pack Vendor :wolfSSL I-CUBE-wolfSSH 1.4.20
2026-09-04 13:46:07,971 DEBUG [LineInfo_to_exitCode.log_LineInfo] 2026-09-04 13:46:07,970 [INFO] ThirdParty:1033 - CMSIS Pack Vendor :STMicroelectronics X-CUBE-NFC7 2.0.0
2026-09-04 13:46:07,972 DEBUG [LineInfo_to_exitCode.log_LineInfo] 2026-09-04 13:46:07,970 [INFO] ThirdParty:1033 - CMSIS Pack Vendor :STMicroelectronics X-CUBE-GNSS1 7.1.1
2026-09-04 13:46:07,972 DEBUG [LineInfo_to_exitCode.log_LineInfo] 2026-09-04 13:46:07,970 [INFO] ThirdParty:1033 - CMSIS Pack Vendor :STMicroelectronics FP-SNS-MOTENVWB1 1.5.0
2026-09-04 13:46:07,972 DEBUG [LineInfo_to_exitCode.log_LineInfo] 2026-09-04 13:46:07,970 [INFO] ThirdParty:1033 - CMSIS Pack Vendor :STMicroelectronics X-CUBE-TCPP 4.2.0
2026-09-04 13:46:07,972 DEBUG [LineInfo_to_exitCode.log_LineInfo] 2026-09-04 13:46:07,970 [INFO] ThirdParty:1033 - CMSIS Pack Vendor :RealThread X-CUBE-RT-Thread_Nano 4.1.1
2026-09-04 13:46:07,972 DEBUG [LineInfo_to_exitCode.log_LineInfo] 2026-09-04 13:46:07,970 [INFO] ThirdParty:1033 - CMSIS Pack Vendor :STMicroelectronics FP-ATR-SIGFOX1 3.2.0
2026-09-04 13:46:07,972 DEBUG [LineInfo_to_exitCode.log_LineInfo] 2026-09-04 13:46:07,970 [INFO] ThirdParty:1033 - CMSIS Pack Vendor :STMicroelectronics X-CUBE-NFC10 1.0.0
2026-09-04 13:46:07,972 DEBUG [LineInfo_to_exitCode.log_LineInfo] 2026-09-04 13:46:07,970 [INFO] ThirdParty:1033 - CMSIS Pack Vendor :STMicroelectronics HAL Drivers 0.0.0
2026-09-04 13:46:07,972 DEBUG [LineInfo_to_exitCode.log_LineInfo] 2026-09-04 13:46:07,970 [INFO] ThirdParty:1033 - CMSIS Pack Vendor :STMicroelectronics MBEDTLS 2.16.2
2026-09-04 13:46:07,972 DEBUG [LineInfo_to_exitCode.log_LineInfo] 2026-09-04 13:46:07,970 [INFO] ThirdParty:1033 - CMSIS Pack Vendor :STMicroelectronics X-CUBE-ST60 1.1.0
2026-09-04 13:46:07,972 DEBUG [LineInfo_to_exitCode.log_LineInfo] 2026-09-04 13:46:07,970 [INFO] ThirdParty:1033 - CMSIS Pack Vendor :STMicroelectronics X-CUBE-BLEMGR 4.2.0
2026-09-04 13:46:07,972 DEBUG [LineInfo_to_exitCode.log_LineInfo] 2026-09-04 13:46:07,970 [INFO] ThirdParty:1033 - CMSIS Pack Vendor :STMicroelectronics X-CUBE-ALS 1.0.2
2026-09-04 13:46:07,972 DEBUG [LineInfo_to_exitCode.log_LineInfo] 2026-09-04 13:46:07,970 [INFO] ThirdParty:1033 - CMSIS Pack Vendor :emotas I-CUBE-CANOPEN 1.3.0
2026-09-04 13:46:07,972 DEBUG [LineInfo_to_exitCode.log_LineInfo] 2026-09-04 13:46:07,970 [INFO] ThirdParty:1033 - CMSIS Pack Vendor :wolfSSL I-CUBE-wolfSSL 5.9.2
2026-09-04 13:46:07,973 DEBUG [LineInfo_to_exitCode.log_LineInfo] 2026-09-04 13:46:07,970 [INFO] ThirdParty:1033 - CMSIS Pack Vendor :STMicroelectronics X-CUBE-WBA 1.1.0
2026-09-04 13:46:07,973 DEBUG [LineInfo_to_exitCode.log_LineInfo] 2026-09-04 13:46:07,970 [INFO] ThirdParty:1033 - CMSIS Pack Vendor :STMicroelectronics MBEDTLS 2.14.1
2026-09-04 13:46:07,973 DEBUG [LineInfo_to_exitCode.log_LineInfo] 2026-09-04 13:46:07,970 [INFO] ThirdParty:1033 - CMSIS Pack Vendor :ITTIA_DB I-CUBE-ITTIADB 8.9.0
2026-09-04 13:46:07,973 DEBUG [LineInfo_to_exitCode.log_LineInfo] 2026-09-04 13:46:07,971 [INFO] ThirdParty:1033 - CMSIS Pack Vendor :Cesanta I-CUBE-Mongoose 7.21.7
2026-09-04 13:46:07,973 DEBUG [LineInfo_to_exitCode.log_LineInfo] 2026-09-04 13:46:07,971 [INFO] ThirdParty:1033 - CMSIS Pack Vendor :STMicroelectronics X-CUBE-TOUCHGFX 4.26.1
2026-09-04 13:46:07,973 DEBUG [LineInfo_to_exitCode.log_LineInfo] 2026-09-04 13:46:07,971 [INFO] ThirdParty:1033 - CMSIS Pack Vendor :STMicroelectronics X-CUBE-NFC6 3.2.0
2026-09-04 13:46:07,973 DEBUG [LineInfo_to_exitCode.log_LineInfo] 2026-09-04 13:46:07,971 [INFO] ThirdParty:1033 - CMSIS Pack Vendor :STMicroelectronics FP-SNS-STBOX1 2.1.0
2026-09-04 13:46:07,973 DEBUG [LineInfo_to_exitCode.log_LineInfo] 2026-09-04 13:46:07,971 [INFO] ThirdParty:1033 - CMSIS Pack Vendor :STMicroelectronics X-CUBE-AI 10.2.1
2026-09-04 13:46:07,973 DEBUG [LineInfo_to_exitCode.log_LineInfo] 2026-09-04 13:46:07,971 [INFO] ThirdParty:1033 - CMSIS Pack Vendor :STMicroelectronics ThreadX 1.0.0
2026-09-04 13:46:07,973 DEBUG [LineInfo_to_exitCode.log_LineInfo] 2026-09-04 13:46:07,971 [INFO] ThirdParty:1033 - CMSIS Pack Vendor :STMicroelectronics FP-SNS-SMARTAG2 1.2.0
2026-09-04 13:46:07,973 DEBUG [LineInfo_to_exitCode.log_LineInfo] 2026-09-04 13:46:07,971 [INFO] ThirdParty:1033 - CMSIS Pack Vendor :STMicroelectronics FP-SNS-FLIGHT1 5.1.0
2026-09-04 13:46:07,973 DEBUG [LineInfo_to_exitCode.log_LineInfo] 2026-09-04 13:46:07,971 [INFO] ThirdParty:1033 - CMSIS Pack Vendor :STMicroelectronics X-CUBE-AZRTOS-WL 2.0.0
2026-09-04 13:46:07,973 DEBUG [LineInfo_to_exitCode.log_LineInfo] 2026-09-04 13:46:07,971 [INFO] ThirdParty:1033 - CMSIS Pack Vendor :SEGGER I-CUBE-embOS 1.3.1
2026-09-04 13:46:07,973 DEBUG [LineInfo_to_exitCode.log_LineInfo] 2026-09-04 13:46:07,971 [INFO] ThirdParty:1033 - CMSIS Pack Vendor :STMicroelectronics X-CUBE-DPower 1.3.0
2026-09-04 13:46:07,973 DEBUG [LineInfo_to_exitCode.log_LineInfo] 2026-09-04 13:46:07,971 [INFO] ThirdParty:1033 - CMSIS Pack Vendor :STMicroelectronics USB_DEVICE 1.0.0
2026-09-04 13:46:07,973 DEBUG [LineInfo_to_exitCode.log_LineInfo] 2026-09-04 13:46:07,971 [INFO] ThirdParty:1033 - CMSIS Pack Vendor :STMicroelectronics X-CUBE-AZRTOS-L4 2.0.0
2026-09-04 13:46:07,973 DEBUG [LineInfo_to_exitCode.log_LineInfo] 2026-09-04 13:46:07,971 [INFO] ThirdParty:1033 - CMSIS Pack Vendor :STMicroelectronics ThreadX 0.0.2
2026-09-04 13:46:07,973 DEBUG [LineInfo_to_exitCode.log_LineInfo] 2026-09-04 13:46:07,971 [INFO] ThirdParty:1033 - CMSIS Pack Vendor :STMicroelectronics FP-SNS-STAIOTCFT 2.0.0
2026-09-04 13:46:07,973 DEBUG [LineInfo_to_exitCode.log_LineInfo] 2026-09-04 13:46:07,971 [INFO] ThirdParty:1033 - CMSIS Pack Vendor :STMicroelectronics lwIP 2.1.2
2026-09-04 13:46:07,973 DEBUG [LineInfo_to_exitCode.log_LineInfo] 2026-09-04 13:46:07,971 [INFO] ThirdParty:1033 - CMSIS Pack Vendor :STMicroelectronics X-CUBE-SFXS2LP1 4.0.0
2026-09-04 13:46:07,973 DEBUG [LineInfo_to_exitCode.log_LineInfo] 2026-09-04 13:46:07,972 [INFO] ThirdParty:1033 - CMSIS Pack Vendor :STMicroelectronics X-CUBE-BLE2 3.3.0
2026-09-04 13:46:07,973 DEBUG [LineInfo_to_exitCode.log_LineInfo] 2026-09-04 13:46:07,972 [INFO] ThirdParty:1033 - CMSIS Pack Vendor :Avnet-IOTCONNECT X-CUBE-iotc-st67-sdk 1.0.0
2026-09-04 13:46:07,973 DEBUG [LineInfo_to_exitCode.log_LineInfo] 2026-09-04 13:46:07,972 [INFO] ThirdParty:1033 - CMSIS Pack Vendor :STMicroelectronics X-CUBE-TOF1 3.4.3
2026-09-04 13:46:07,973 DEBUG [LineInfo_to_exitCode.log_LineInfo] 2026-09-04 13:46:07,972 [INFO] ThirdParty:1033 - CMSIS Pack Vendor :Infineon AIROC-Wi-Fi-Bluetooth-STM32 1.8.0
2026-09-04 13:46:07,973 DEBUG [LineInfo_to_exitCode.log_LineInfo] 2026-09-04 13:46:07,972 [INFO] ThirdParty:1033 - CMSIS Pack Vendor :STMicroelectronics X-CUBE-NFC13 1.0.0
2026-09-04 13:46:07,974 DEBUG [LineInfo_to_exitCode.log_LineInfo] 2026-09-04 13:46:07,972 [INFO] ThirdParty:1033 - CMSIS Pack Vendor :STMicroelectronics PDM2PCM 3.2.0
2026-09-04 13:46:07,974 DEBUG [LineInfo_to_exitCode.log_LineInfo] 2026-09-04 13:46:07,972 [INFO] ThirdParty:1033 - CMSIS Pack Vendor :STMicroelectronics X-CUBE-WB05N 2.1.0
2026-09-04 13:46:07,974 DEBUG [LineInfo_to_exitCode.log_LineInfo] 2026-09-04 13:46:07,972 [INFO] ThirdParty:844 - exiting critical section [change project]
2026-09-04 13:46:08,383 DEBUG [LineInfo_to_exitCode.log_LineInfo] 2026-09-04 13:46:08,382 [INFO] PinOutPanel:1500 - setPackage(No Configuration,No Configuration)
2026-09-04 13:46:08,384 DEBUG [LineInfo_to_exitCode.log_LineInfo] 2026-09-04 13:46:08,383 [INFO] PinOutPanel:1500 - setPackage(STM32G431RBTx,LQFP64)
2026-09-04 13:46:08,694 DEBUG [LineInfo_to_exitCode.log_LineInfo] 2026-09-04 13:46:08,693 [INFO] UtilMem:75 - Before build in PCC Used Memory: 381948200 Bytes (845152256)
2026-09-04 13:46:09,280 DEBUG [LineInfo_to_exitCode.log_LineInfo] 2026-09-04 13:46:09,279 [INFO] UtilMem:75 - After build in PCC Used Memory: 488902952 Bytes (845152256)
2026-09-04 13:46:09,353 DEBUG [LineInfo_to_exitCode.log_LineInfo] 2026-09-04 13:46:09,351 [INFO] ApiDbMcu:530 - Load IP Config File for MotorControl
2026-09-04 13:46:09,372 DEBUG [LineInfo_to_exitCode.log_LineInfo] 2026-09-04 13:46:09,372 [INFO] IPUIPlugin:83 - create IPUIPlugin
2026-09-04 13:46:09,373 DEBUG [LineInfo_to_exitCode.log_LineInfo] 2026-09-04 13:46:09,372 [INFO] IPUIPlugin:83 - create IPUIPlugin
2026-09-04 13:46:09,373 DEBUG [LineInfo_to_exitCode.log_LineInfo] 2026-09-04 13:46:09,372 [INFO] IPUIPlugin:83 - create IPUIPlugin
2026-09-04 13:46:09,373 DEBUG [LineInfo_to_exitCode.log_LineInfo] 2026-09-04 13:46:09,372 [INFO] IPUIPlugin:83 - create IPUIPlugin
2026-09-04 13:46:09,373 DEBUG [LineInfo_to_exitCode.log_LineInfo] 2026-09-04 13:46:09,372 [INFO] IPUIPlugin:83 - create IPUIPlugin
2026-09-04 13:46:09,373 DEBUG [LineInfo_to_exitCode.log_LineInfo] 2026-09-04 13:46:09,372 [INFO] IPUIPlugin:83 - create IPUIPlugin
2026-09-04 13:46:09,373 DEBUG [LineInfo_to_exitCode.log_LineInfo] 2026-09-04 13:46:09,373 [INFO] IPUIPlugin:83 - create IPUIPlugin
2026-09-04 13:46:09,373 DEBUG [LineInfo_to_exitCode.log_LineInfo] 2026-09-04 13:46:09,373 [INFO] IPUIPlugin:83 - create IPUIPlugin
2026-09-04 13:46:09,373 DEBUG [LineInfo_to_exitCode.log_LineInfo] 2026-09-04 13:46:09,373 [INFO] IPUIPlugin:83 - create IPUIPlugin
2026-09-04 13:46:09,373 DEBUG [LineInfo_to_exitCode.log_LineInfo] 2026-09-04 13:46:09,373 [INFO] IPUIPlugin:83 - create IPUIPlugin
2026-09-04 13:46:09,373 DEBUG [LineInfo_to_exitCode.log_LineInfo] 2026-09-04 13:46:09,373 [INFO] IPUIPlugin:83 - create IPUIPlugin
2026-09-04 13:46:09,373 DEBUG [LineInfo_to_exitCode.log_LineInfo] 2026-09-04 13:46:09,373 [INFO] IPUIPlugin:83 - create IPUIPlugin
2026-09-04 13:46:09,373 DEBUG [LineInfo_to_exitCode.log_LineInfo] 2026-09-04 13:46:09,373 [INFO] IPUIPlugin:83 - create IPUIPlugin
2026-09-04 13:46:09,375 DEBUG [LineInfo_to_exitCode.log_LineInfo] 2026-09-04 13:46:09,375 [INFO] IPUIPlugin:83 - create IPUIPlugin
2026-09-04 13:46:09,375 DEBUG [LineInfo_to_exitCode.log_LineInfo] 2026-09-04 13:46:09,375 [INFO] IPUIPlugin:83 - create IPUIPlugin
2026-09-04 13:46:09,375 DEBUG [LineInfo_to_exitCode.log_LineInfo] 2026-09-04 13:46:09,375 [INFO] IPUIPlugin:83 - create IPUIPlugin
2026-09-04 13:46:09,375 DEBUG [LineInfo_to_exitCode.log_LineInfo] 2026-09-04 13:46:09,375 [INFO] IPUIPlugin:83 - create IPUIPlugin
2026-09-04 13:46:09,375 DEBUG [LineInfo_to_exitCode.log_LineInfo] 2026-09-04 13:46:09,375 [INFO] IPUIPlugin:83 - create IPUIPlugin
2026-09-04 13:46:09,375 DEBUG [LineInfo_to_exitCode.log_LineInfo] 2026-09-04 13:46:09,375 [INFO] IPUIPlugin:83 - create IPUIPlugin
2026-09-04 13:46:09,375 DEBUG [LineInfo_to_exitCode.log_LineInfo] 2026-09-04 13:46:09,375 [INFO] IPUIPlugin:83 - create IPUIPlugin
2026-09-04 13:46:09,375 DEBUG [LineInfo_to_exitCode.log_LineInfo] 2026-09-04 13:46:09,375 [INFO] IPUIPlugin:83 - create IPUIPlugin
2026-09-04 13:46:09,375 DEBUG [LineInfo_to_exitCode.log_LineInfo] 2026-09-04 13:46:09,375 [INFO] IPUIPlugin:83 - create IPUIPlugin
2026-09-04 13:46:09,375 DEBUG [LineInfo_to_exitCode.log_LineInfo] 2026-09-04 13:46:09,375 [INFO] IPUIPlugin:83 - create IPUIPlugin
2026-09-04 13:46:09,376 DEBUG [LineInfo_to_exitCode.log_LineInfo] 2026-09-04 13:46:09,376 [INFO] IPUIPlugin:83 - create IPUIPlugin
2026-09-04 13:46:09,376 DEBUG [LineInfo_to_exitCode.log_LineInfo] 2026-09-04 13:46:09,376 [INFO] IPUIPlugin:83 - create IPUIPlugin
2026-09-04 13:46:09,376 DEBUG [LineInfo_to_exitCode.log_LineInfo] 2026-09-04 13:46:09,376 [INFO] IPUIPlugin:83 - create IPUIPlugin
2026-09-04 13:46:09,376 DEBUG [LineInfo_to_exitCode.log_LineInfo] 2026-09-04 13:46:09,376 [INFO] IPUIPlugin:83 - create IPUIPlugin
2026-09-04 13:46:09,376 DEBUG [LineInfo_to_exitCode.log_LineInfo] 2026-09-04 13:46:09,376 [INFO] IPUIPlugin:83 - create IPUIPlugin
2026-09-04 13:46:09,376 DEBUG [LineInfo_to_exitCode.log_LineInfo] 2026-09-04 13:46:09,376 [INFO] IPUIPlugin:83 - create IPUIPlugin
2026-09-04 13:46:09,376 DEBUG [LineInfo_to_exitCode.log_LineInfo] 2026-09-04 13:46:09,376 [INFO] IPUIPlugin:83 - create IPUIPlugin
2026-09-04 13:46:09,376 DEBUG [LineInfo_to_exitCode.log_LineInfo] 2026-09-04 13:46:09,376 [INFO] IPUIPlugin:83 - create IPUIPlugin
2026-09-04 13:46:09,376 DEBUG [LineInfo_to_exitCode.log_LineInfo] 2026-09-04 13:46:09,376 [INFO] IPUIPlugin:83 - create IPUIPlugin
2026-09-04 13:46:09,376 DEBUG [LineInfo_to_exitCode.log_LineInfo] 2026-09-04 13:46:09,376 [INFO] IPUIPlugin:83 - create IPUIPlugin
2026-09-04 13:46:09,376 DEBUG [LineInfo_to_exitCode.log_LineInfo] 2026-09-04 13:46:09,376 [INFO] IPUIPlugin:83 - create IPUIPlugin
2026-09-04 13:46:09,376 DEBUG [LineInfo_to_exitCode.log_LineInfo] 2026-09-04 13:46:09,376 [INFO] IPUIPlugin:83 - create IPUIPlugin
2026-09-04 13:46:09,376 DEBUG [LineInfo_to_exitCode.log_LineInfo] 2026-09-04 13:46:09,376 [INFO] IPUIPlugin:83 - create IPUIPlugin
2026-09-04 13:46:09,376 DEBUG [LineInfo_to_exitCode.log_LineInfo] 2026-09-04 13:46:09,376 [INFO] IPUIPlugin:83 - create IPUIPlugin
2026-09-04 13:46:09,376 DEBUG [LineInfo_to_exitCode.log_LineInfo] 2026-09-04 13:46:09,376 [INFO] IPUIPlugin:83 - create IPUIPlugin
2026-09-04 13:46:09,376 DEBUG [LineInfo_to_exitCode.log_LineInfo] 2026-09-04 13:46:09,376 [INFO] IPUIPlugin:83 - create IPUIPlugin
2026-09-04 13:46:09,376 DEBUG [LineInfo_to_exitCode.log_LineInfo] 2026-09-04 13:46:09,376 [INFO] IPUIPlugin:83 - create IPUIPlugin
2026-09-04 13:46:09,376 DEBUG [LineInfo_to_exitCode.log_LineInfo] 2026-09-04 13:46:09,376 [INFO] IPUIPlugin:83 - create IPUIPlugin
2026-09-04 13:46:09,377 DEBUG [LineInfo_to_exitCode.log_LineInfo] 2026-09-04 13:46:09,376 [INFO] IPUIPlugin:83 - create IPUIPlugin
2026-09-04 13:46:09,377 DEBUG [LineInfo_to_exitCode.log_LineInfo] 2026-09-04 13:46:09,377 [INFO] IPUIPlugin:83 - create IPUIPlugin
2026-09-04 13:46:09,377 DEBUG [LineInfo_to_exitCode.log_LineInfo] 2026-09-04 13:46:09,377 [INFO] IPUIPlugin:83 - create IPUIPlugin
2026-09-04 13:46:09,377 DEBUG [LineInfo_to_exitCode.log_LineInfo] 2026-09-04 13:46:09,377 [INFO] IPUIPlugin:83 - create IPUIPlugin
2026-09-04 13:46:09,377 DEBUG [LineInfo_to_exitCode.log_LineInfo] 2026-09-04 13:46:09,377 [INFO] IPUIPlugin:83 - create IPUIPlugin
2026-09-04 13:46:09,377 DEBUG [LineInfo_to_exitCode.log_LineInfo] 2026-09-04 13:46:09,377 [INFO] IPUIPlugin:83 - create IPUIPlugin
2026-09-04 13:46:09,377 DEBUG [LineInfo_to_exitCode.log_LineInfo] 2026-09-04 13:46:09,377 [INFO] IPUIPlugin:83 - create IPUIPlugin
2026-09-04 13:46:09,377 DEBUG [LineInfo_to_exitCode.log_LineInfo] 2026-09-04 13:46:09,377 [INFO] IPUIPlugin:83 - create IPUIPlugin
2026-09-04 13:46:09,377 DEBUG [LineInfo_to_exitCode.log_LineInfo] 2026-09-04 13:46:09,377 [INFO] IPUIPlugin:83 - create IPUIPlugin
2026-09-04 13:46:09,377 DEBUG [LineInfo_to_exitCode.log_LineInfo] 2026-09-04 13:46:09,377 [INFO] IPUIPlugin:83 - create IPUIPlugin
2026-09-04 13:46:09,378 DEBUG [LineInfo_to_exitCode.log_LineInfo] 2026-09-04 13:46:09,378 [INFO] IPUIPlugin:83 - create IPUIPlugin
2026-09-04 13:46:09,378 DEBUG [LineInfo_to_exitCode.log_LineInfo] 2026-09-04 13:46:09,378 [INFO] IPUIPlugin:83 - create IPUIPlugin
2026-09-04 13:46:09,378 DEBUG [LineInfo_to_exitCode.log_LineInfo] 2026-09-04 13:46:09,378 [INFO] IPUIPlugin:83 - create IPUIPlugin
2026-09-04 13:46:09,378 DEBUG [LineInfo_to_exitCode.log_LineInfo] 2026-09-04 13:46:09,378 [INFO] IPUIPlugin:83 - create IPUIPlugin
2026-09-04 13:46:09,378 DEBUG [LineInfo_to_exitCode.log_LineInfo] 2026-09-04 13:46:09,378 [INFO] IPUIPlugin:83 - create IPUIPlugin
2026-09-04 13:46:09,378 DEBUG [LineInfo_to_exitCode.log_LineInfo] 2026-09-04 13:46:09,378 [INFO] IPUIPlugin:83 - create IPUIPlugin
2026-09-04 13:46:09,380 DEBUG [LineInfo_to_exitCode.log_LineInfo] 2026-09-04 13:46:09,380 [INFO] IPUIPlugin:83 - create IPUIPlugin
2026-09-04 13:46:09,380 DEBUG [LineInfo_to_exitCode.log_LineInfo] 2026-09-04 13:46:09,380 [INFO] IPUIPlugin:83 - create IPUIPlugin
2026-09-04 13:46:09,551 DEBUG [LineInfo_to_exitCode.log_LineInfo] 2026-09-04 13:46:09,551 [INFO] ProjectChoiceTab:3888 - New firmware version: STM32Cube FW_G4 V1.6.3 Old firmware version: null
2026-09-04 13:46:09,552 DEBUG [LineInfo_to_exitCode.log_LineInfo] 2026-09-04 13:46:09,551 [INFO] ProjectChoiceTab:3898 - H7FWmigrated= false
2026-09-04 13:46:09,561 DEBUG [LineInfo_to_exitCode.log_LineInfo] 2026-09-04 13:46:09,561 [INFO] CADModel:153 - CPN selected for project levelSTM32G431RBT3
2026-09-04 13:46:09,562 DEBUG [LineInfo_to_exitCode.log_LineInfo] 2026-09-04 13:46:09,561 [INFO] CADModel:102 - Register for checkConnection events
2026-09-04 13:46:09,772 DEBUG [LineInfo_to_exitCode.log_LineInfo] 2026-09-04 13:46:09,772 [INFO] OpenFileManager:403 - Restore cursor
2026-09-04 13:46:09,909 DEBUG [LineInfo_to_exitCode.log_LineInfo] 2026-09-04 13:46:09,908 [INFO] ProjectChoiceTab:3888 - New firmware version: STM32Cube FW_G4 V1.6.3 Old firmware version: STM32Cube FW_G4 V1.6.3
2026-09-04 13:46:09,910 DEBUG [LineInfo_to_exitCode.log_LineInfo] 2026-09-04 13:46:09,910 [INFO] ProjectChoiceTab:3888 - New firmware version: STM32Cube FW_G4 V1.6.2 Old firmware version: STM32Cube FW_G4 V1.6.3
2026-09-04 13:46:09,910 DEBUG [LineInfo_to_exitCode.log_LineInfo] 2026-09-04 13:46:09,910 [INFO] ProjectChoiceTab:3898 - H7FWmigrated= false
2026-09-04 13:46:10,156 DEBUG [LineInfo_to_exitCode.log_LineInfo] 2026-09-04 13:46:10,156 [INFO] UtilMem:75 - End SaveConfig() Used Memory: 434691104 Bytes (845152256)
2026-09-04 13:46:10,193 DEBUG [LineInfo_to_exitCode.log_LineInfo] 2026-09-04 13:46:10,192 [INFO] ProjectChoiceTab:3888 - New firmware version: STM32Cube FW_G4 V1.6.3 Old firmware version: STM32Cube FW_G4 V1.6.2
2026-09-04 13:46:10,193 DEBUG [LineInfo_to_exitCode.log_LineInfo] 2026-09-04 13:46:10,192 [INFO] ProjectChoiceTab:3898 - H7FWmigrated= false
2026-09-04 13:46:10,194 DEBUG [LineInfo_to_exitCode.log_LineInfo] 2026-09-04 13:46:10,194 [INFO] ProjectChoiceTab:3888 - New firmware version: STM32Cube FW_G4 V1.6.2 Old firmware version: STM32Cube FW_G4 V1.6.3
2026-09-04 13:46:10,194 DEBUG [LineInfo_to_exitCode.log_LineInfo] 2026-09-04 13:46:10,194 [INFO] ProjectChoiceTab:3898 - H7FWmigrated= false
2026-09-04 13:46:10,502 DEBUG [LineInfo_to_exitCode.log_LineInfo] 2026-09-04 13:46:10,502 [INFO] IPsOverviews:2785 - set Specific Code input for plugin: MotorControl
2026-09-04 13:46:10,503 DEBUG [LineInfo_to_exitCode.log_LineInfo] 2026-09-04 13:46:10,502 [INFO] IPsOverviews:2785 - set Specific Code input for plugin: TIM1_8G4
2026-09-04 13:46:10,503 DEBUG [LineInfo_to_exitCode.log_LineInfo] 2026-09-04 13:46:10,502 [INFO] IPsOverviews:2785 - set Specific Code input for plugin: ADC
2026-09-04 13:46:10,504 DEBUG [LineInfo_to_exitCode.log_LineInfo] 2026-09-04 13:46:10,502 [INFO] IPsOverviews:2785 - set Specific Code input for plugin: SYS
2026-09-04 13:46:10,504 DEBUG [LineInfo_to_exitCode.log_LineInfo] 2026-09-04 13:46:10,502 [INFO] IPsOverviews:2785 - set Specific Code input for plugin: ADC
2026-09-04 13:46:10,504 DEBUG [LineInfo_to_exitCode.log_LineInfo] 2026-09-04 13:46:10,502 [INFO] IPsOverviews:2785 - set Specific Code input for plugin: RCC
2026-09-04 13:46:10,504 DEBUG [LineInfo_to_exitCode.log_LineInfo] 2026-09-04 13:46:10,502 [INFO] IPsOverviews:2785 - set Specific Code input for plugin: NVIC
2026-09-04 13:46:10,504 DEBUG [LineInfo_to_exitCode.log_LineInfo] 2026-09-04 13:46:10,502 [INFO] IPsOverviews:2785 - set Specific Code input for plugin: USART
2026-09-04 13:46:10,504 DEBUG [LineInfo_to_exitCode.log_LineInfo] 2026-09-04 13:46:10,502 [INFO] IPsOverviews:2785 - set Specific Code input for plugin: DMA
2026-09-04 13:46:10,504 DEBUG [LineInfo_to_exitCode.log_LineInfo] 2026-09-04 13:46:10,502 [INFO] IPsOverviews:2785 - set Specific Code input for plugin: CORDIC
2026-09-04 13:46:10,504 DEBUG [LineInfo_to_exitCode.log_LineInfo] 2026-09-04 13:46:10,503 [INFO] IPsOverviews:2785 - set Specific Code input for plugin: GPIO
2026-09-04 13:46:10,508 DEBUG [LineInfo_to_exitCode.log_LineInfo] 2026-09-04 13:46:10,508 [INFO] CodeGenerator:899 - code generatio: config db path: C:\Users\azmib\AppData\Local\Programs\STM32CubeMX\\db\
2026-09-04 13:46:10,715 DEBUG [LineInfo_to_exitCode.log_LineInfo] 2026-09-04 13:46:10,715 [INFO] CodeEngine:297 - oldGeneratedFile, C:\Users\azmib\Desktop\Bachelorarbeit\05Software\STM_Workspace\PilotixFOC_Measurement\MXTmpFiles\license.tmp_save
2026-09-04 13:46:10,925 DEBUG [LineInfo_to_exitCode.log_LineInfo] 2026-09-04 13:46:10,925 [INFO] CodeEngine:321 - Generated code: C:\Users\azmib\Desktop\Bachelorarbeit\05Software\STM_Workspace\PilotixFOC_Measurement\MXTmpFiles\license.tmp
2026-09-04 13:46:11,026 DEBUG [LineInfo_to_exitCode.log_LineInfo] 2026-09-04 13:46:11,025 [INFO] CodeEngine:297 - oldGeneratedFile, C:\Users\azmib\Desktop\Bachelorarbeit\05Software\STM_Workspace\PilotixFOC_Measurement\MXTmpFiles\gpio.tmp_save
2026-09-04 13:46:11,153 DEBUG [LineInfo_to_exitCode.log_LineInfo] 2026-09-04 13:46:11,152 [INFO] CodeEngine:321 - Generated code: C:\Users\azmib\Desktop\Bachelorarbeit\05Software\STM_Workspace\PilotixFOC_Measurement\MXTmpFiles\gpio.tmp
2026-09-04 13:46:11,820 DEBUG [LineInfo_to_exitCode.log_LineInfo] 2026-09-04 13:46:11,820 [INFO] Middleware:1457 - No code input for Bsp Dependency
2026-09-04 13:46:11,922 DEBUG [LineInfo_to_exitCode.log_LineInfo] 2026-09-04 13:46:11,921 [INFO] CodeEngine:297 - oldGeneratedFile, C:\Users\azmib\Desktop\Bachelorarbeit\05Software\STM_Workspace\PilotixFOC_Measurement\MXTmpFiles\dma.tmp_save
2026-09-04 13:46:11,984 DEBUG [LineInfo_to_exitCode.log_LineInfo] 2026-09-04 13:46:11,984 [INFO] CodeEngine:321 - Generated code: C:\Users\azmib\Desktop\Bachelorarbeit\05Software\STM_Workspace\PilotixFOC_Measurement\MXTmpFiles\dma.tmp
2026-09-04 13:46:11,988 DEBUG [LineInfo_to_exitCode.log_LineInfo] 2026-09-04 13:46:11,988 [INFO] CodeEngine:297 - oldGeneratedFile, C:\Users\azmib\Desktop\Bachelorarbeit\05Software\STM_Workspace\PilotixFOC_Measurement\MXTmpFiles\dma_GV.tmp_save
2026-09-04 13:46:12,040 DEBUG [LineInfo_to_exitCode.log_LineInfo] 2026-09-04 13:46:12,040 [INFO] CodeEngine:321 - Generated code: C:\Users\azmib\Desktop\Bachelorarbeit\05Software\STM_Workspace\PilotixFOC_Measurement\MXTmpFiles\dma_GV.tmp
2026-09-04 13:46:12,144 DEBUG [LineInfo_to_exitCode.log_LineInfo] 2026-09-04 13:46:12,144 [INFO] Middleware:1457 - No code input for Bsp Dependency
2026-09-04 13:46:12,182 DEBUG [LineInfo_to_exitCode.log_LineInfo] 2026-09-04 13:46:12,182 [INFO] CodeEngine:297 - oldGeneratedFile, C:\Users\azmib\Desktop\Bachelorarbeit\05Software\STM_Workspace\PilotixFOC_Measurement\Src\motorcontrol.c_save
2026-09-04 13:46:12,230 INFO  [LineInfo_to_exitCode.log_LineInfo] Generated code: C:\Users\azmib\Desktop\Bachelorarbeit\05Software\STM_Workspace\PilotixFOC_Measurement\Src\motorcontrol.c
2026-09-04 13:46:12,243 DEBUG [LineInfo_to_exitCode.log_LineInfo] 2026-09-04 13:46:12,243 [INFO] CodeEngine:297 - oldGeneratedFile, C:\Users\azmib\Desktop\Bachelorarbeit\05Software\STM_Workspace\PilotixFOC_Measurement\Inc\motorcontrol.h_save
2026-09-04 13:46:12,287 INFO  [LineInfo_to_exitCode.log_LineInfo] Generated code: C:\Users\azmib\Desktop\Bachelorarbeit\05Software\STM_Workspace\PilotixFOC_Measurement\Inc\motorcontrol.h
2026-09-04 13:46:12,303 DEBUG [LineInfo_to_exitCode.log_LineInfo] 2026-09-04 13:46:12,302 [INFO] CodeEngine:297 - oldGeneratedFile, C:\Users\azmib\Desktop\Bachelorarbeit\05Software\STM_Workspace\PilotixFOC_Measurement\Inc\drive_parameters.h_save
2026-09-04 13:46:12,374 INFO  [LineInfo_to_exitCode.log_LineInfo] Generated code: C:\Users\azmib\Desktop\Bachelorarbeit\05Software\STM_Workspace\PilotixFOC_Measurement\Inc\drive_parameters.h
2026-09-04 13:46:12,379 DEBUG [LineInfo_to_exitCode.log_LineInfo] 2026-09-04 13:46:12,379 [INFO] CodeEngine:297 - oldGeneratedFile, C:\Users\azmib\Desktop\Bachelorarbeit\05Software\STM_Workspace\PilotixFOC_Measurement\Inc\mc_type.h_save
2026-09-04 13:46:12,432 INFO  [LineInfo_to_exitCode.log_LineInfo] Generated code: C:\Users\azmib\Desktop\Bachelorarbeit\05Software\STM_Workspace\PilotixFOC_Measurement\Inc\mc_type.h
2026-09-04 13:46:12,440 DEBUG [LineInfo_to_exitCode.log_LineInfo] 2026-09-04 13:46:12,440 [INFO] CodeEngine:297 - oldGeneratedFile, C:\Users\azmib\Desktop\Bachelorarbeit\05Software\STM_Workspace\PilotixFOC_Measurement\Src\speed_torq_ctrl.c_save
2026-09-04 13:46:12,487 INFO  [LineInfo_to_exitCode.log_LineInfo] Generated code: C:\Users\azmib\Desktop\Bachelorarbeit\05Software\STM_Workspace\PilotixFOC_Measurement\Src\speed_torq_ctrl.c
2026-09-04 13:46:12,493 DEBUG [LineInfo_to_exitCode.log_LineInfo] 2026-09-04 13:46:12,493 [INFO] CodeEngine:297 - oldGeneratedFile, C:\Users\azmib\Desktop\Bachelorarbeit\05Software\STM_Workspace\PilotixFOC_Measurement\Inc\speed_torq_ctrl.h_save
2026-09-04 13:46:12,536 INFO  [LineInfo_to_exitCode.log_LineInfo] Generated code: C:\Users\azmib\Desktop\Bachelorarbeit\05Software\STM_Workspace\PilotixFOC_Measurement\Inc\speed_torq_ctrl.h
2026-09-04 13:46:12,541 DEBUG [LineInfo_to_exitCode.log_LineInfo] 2026-09-04 13:46:12,541 [INFO] CodeEngine:297 - oldGeneratedFile, C:\Users\azmib\Desktop\Bachelorarbeit\05Software\STM_Workspace\PilotixFOC_Measurement\Inc\mc_tasks.h_save
2026-09-04 13:46:12,587 INFO  [LineInfo_to_exitCode.log_LineInfo] Generated code: C:\Users\azmib\Desktop\Bachelorarbeit\05Software\STM_Workspace\PilotixFOC_Measurement\Inc\mc_tasks.h
2026-09-04 13:46:12,592 DEBUG [LineInfo_to_exitCode.log_LineInfo] 2026-09-04 13:46:12,592 [INFO] CodeEngine:297 - oldGeneratedFile, C:\Users\azmib\Desktop\Bachelorarbeit\05Software\STM_Workspace\PilotixFOC_Measurement\Src\pwm_common.c_save
2026-09-04 13:46:12,640 INFO  [LineInfo_to_exitCode.log_LineInfo] Generated code: C:\Users\azmib\Desktop\Bachelorarbeit\05Software\STM_Workspace\PilotixFOC_Measurement\Src\pwm_common.c
2026-09-04 13:46:12,646 DEBUG [LineInfo_to_exitCode.log_LineInfo] 2026-09-04 13:46:12,645 [INFO] CodeEngine:297 - oldGeneratedFile, C:\Users\azmib\Desktop\Bachelorarbeit\05Software\STM_Workspace\PilotixFOC_Measurement\Inc\pwm_common.h_save
2026-09-04 13:46:12,690 INFO  [LineInfo_to_exitCode.log_LineInfo] Generated code: C:\Users\azmib\Desktop\Bachelorarbeit\05Software\STM_Workspace\PilotixFOC_Measurement\Inc\pwm_common.h
2026-09-04 13:46:12,696 DEBUG [LineInfo_to_exitCode.log_LineInfo] 2026-09-04 13:46:12,695 [INFO] CodeEngine:297 - oldGeneratedFile, C:\Users\azmib\Desktop\Bachelorarbeit\05Software\STM_Workspace\PilotixFOC_Measurement\Src\mc_api.c_save
2026-09-04 13:46:12,749 INFO  [LineInfo_to_exitCode.log_LineInfo] Generated code: C:\Users\azmib\Desktop\Bachelorarbeit\05Software\STM_Workspace\PilotixFOC_Measurement\Src\mc_api.c
2026-09-04 13:46:12,754 DEBUG [LineInfo_to_exitCode.log_LineInfo] 2026-09-04 13:46:12,754 [INFO] CodeEngine:297 - oldGeneratedFile, C:\Users\azmib\Desktop\Bachelorarbeit\05Software\STM_Workspace\PilotixFOC_Measurement\Inc\mc_api.h_save
2026-09-04 13:46:12,797 INFO  [LineInfo_to_exitCode.log_LineInfo] Generated code: C:\Users\azmib\Desktop\Bachelorarbeit\05Software\STM_Workspace\PilotixFOC_Measurement\Inc\mc_api.h
2026-09-04 13:46:12,802 DEBUG [LineInfo_to_exitCode.log_LineInfo] 2026-09-04 13:46:12,802 [INFO] CodeEngine:297 - oldGeneratedFile, C:\Users\azmib\Desktop\Bachelorarbeit\05Software\STM_Workspace\PilotixFOC_Measurement\Src\mc_config.c_save
2026-09-04 13:46:12,862 INFO  [LineInfo_to_exitCode.log_LineInfo] Generated code: C:\Users\azmib\Desktop\Bachelorarbeit\05Software\STM_Workspace\PilotixFOC_Measurement\Src\mc_config.c
2026-09-04 13:46:12,868 DEBUG [LineInfo_to_exitCode.log_LineInfo] 2026-09-04 13:46:12,867 [INFO] CodeEngine:297 - oldGeneratedFile, C:\Users\azmib\Desktop\Bachelorarbeit\05Software\STM_Workspace\PilotixFOC_Measurement\Src\mc_config_common.c_save
2026-09-04 13:46:12,916 INFO  [LineInfo_to_exitCode.log_LineInfo] Generated code: C:\Users\azmib\Desktop\Bachelorarbeit\05Software\STM_Workspace\PilotixFOC_Measurement\Src\mc_config_common.c
2026-09-04 13:46:12,921 DEBUG [LineInfo_to_exitCode.log_LineInfo] 2026-09-04 13:46:12,921 [INFO] CodeEngine:297 - oldGeneratedFile, C:\Users\azmib\Desktop\Bachelorarbeit\05Software\STM_Workspace\PilotixFOC_Measurement\Inc\mc_config.h_save
2026-09-04 13:46:12,963 INFO  [LineInfo_to_exitCode.log_LineInfo] Generated code: C:\Users\azmib\Desktop\Bachelorarbeit\05Software\STM_Workspace\PilotixFOC_Measurement\Inc\mc_config.h
2026-09-04 13:46:12,968 DEBUG [LineInfo_to_exitCode.log_LineInfo] 2026-09-04 13:46:12,968 [INFO] CodeEngine:297 - oldGeneratedFile, C:\Users\azmib\Desktop\Bachelorarbeit\05Software\STM_Workspace\PilotixFOC_Measurement\Inc\mc_config_common.h_save
2026-09-04 13:46:13,008 INFO  [LineInfo_to_exitCode.log_LineInfo] Generated code: C:\Users\azmib\Desktop\Bachelorarbeit\05Software\STM_Workspace\PilotixFOC_Measurement\Inc\mc_config_common.h
2026-09-04 13:46:13,013 DEBUG [LineInfo_to_exitCode.log_LineInfo] 2026-09-04 13:46:13,013 [INFO] CodeEngine:297 - oldGeneratedFile, C:\Users\azmib\Desktop\Bachelorarbeit\05Software\STM_Workspace\PilotixFOC_Measurement\Inc\mcp_config.h_save
2026-09-04 13:46:13,053 INFO  [LineInfo_to_exitCode.log_LineInfo] Generated code: C:\Users\azmib\Desktop\Bachelorarbeit\05Software\STM_Workspace\PilotixFOC_Measurement\Inc\mcp_config.h
2026-09-04 13:46:13,058 DEBUG [LineInfo_to_exitCode.log_LineInfo] 2026-09-04 13:46:13,057 [INFO] CodeEngine:297 - oldGeneratedFile, C:\Users\azmib\Desktop\Bachelorarbeit\05Software\STM_Workspace\PilotixFOC_Measurement\Src\mcp_config.c_save
2026-09-04 13:46:13,095 INFO  [LineInfo_to_exitCode.log_LineInfo] Generated code: C:\Users\azmib\Desktop\Bachelorarbeit\05Software\STM_Workspace\PilotixFOC_Measurement\Src\mcp_config.c
2026-09-04 13:46:13,100 DEBUG [LineInfo_to_exitCode.log_LineInfo] 2026-09-04 13:46:13,100 [INFO] CodeEngine:297 - oldGeneratedFile, C:\Users\azmib\Desktop\Bachelorarbeit\05Software\STM_Workspace\PilotixFOC_Measurement\Inc\mc_stm_types.h_save
2026-09-04 13:46:13,144 INFO  [LineInfo_to_exitCode.log_LineInfo] Generated code: C:\Users\azmib\Desktop\Bachelorarbeit\05Software\STM_Workspace\PilotixFOC_Measurement\Inc\mc_stm_types.h
2026-09-04 13:46:13,149 DEBUG [LineInfo_to_exitCode.log_LineInfo] 2026-09-04 13:46:13,149 [INFO] CodeEngine:297 - oldGeneratedFile, C:\Users\azmib\Desktop\Bachelorarbeit\05Software\STM_Workspace\PilotixFOC_Measurement\Src\mc_tasks.c_save
2026-09-04 13:46:13,212 INFO  [LineInfo_to_exitCode.log_LineInfo] Generated code: C:\Users\azmib\Desktop\Bachelorarbeit\05Software\STM_Workspace\PilotixFOC_Measurement\Src\mc_tasks.c
2026-09-04 13:46:13,218 DEBUG [LineInfo_to_exitCode.log_LineInfo] 2026-09-04 13:46:13,218 [INFO] CodeEngine:297 - oldGeneratedFile, C:\Users\azmib\Desktop\Bachelorarbeit\05Software\STM_Workspace\PilotixFOC_Measurement\Src\mc_tasks_foc.c_save
2026-09-04 13:46:13,288 INFO  [LineInfo_to_exitCode.log_LineInfo] Generated code: C:\Users\azmib\Desktop\Bachelorarbeit\05Software\STM_Workspace\PilotixFOC_Measurement\Src\mc_tasks_foc.c
2026-09-04 13:46:13,294 DEBUG [LineInfo_to_exitCode.log_LineInfo] 2026-09-04 13:46:13,294 [INFO] CodeEngine:297 - oldGeneratedFile, C:\Users\azmib\Desktop\Bachelorarbeit\05Software\STM_Workspace\PilotixFOC_Measurement\Src\pwm_curr_fdbk.c_save
2026-09-04 13:46:13,337 INFO  [LineInfo_to_exitCode.log_LineInfo] Generated code: C:\Users\azmib\Desktop\Bachelorarbeit\05Software\STM_Workspace\PilotixFOC_Measurement\Src\pwm_curr_fdbk.c
2026-09-04 13:46:13,343 DEBUG [LineInfo_to_exitCode.log_LineInfo] 2026-09-04 13:46:13,343 [INFO] CodeEngine:297 - oldGeneratedFile, C:\Users\azmib\Desktop\Bachelorarbeit\05Software\STM_Workspace\PilotixFOC_Measurement\Inc\pwm_curr_fdbk.h_save
2026-09-04 13:46:13,381 INFO  [LineInfo_to_exitCode.log_LineInfo] Generated code: C:\Users\azmib\Desktop\Bachelorarbeit\05Software\STM_Workspace\PilotixFOC_Measurement\Inc\pwm_curr_fdbk.h
2026-09-04 13:46:13,386 DEBUG [LineInfo_to_exitCode.log_LineInfo] 2026-09-04 13:46:13,386 [INFO] CodeEngine:297 - oldGeneratedFile, C:\Users\azmib\Desktop\Bachelorarbeit\05Software\STM_Workspace\PilotixFOC_Measurement\Src\regular_conversion_manager.c_save
2026-09-04 13:46:13,430 INFO  [LineInfo_to_exitCode.log_LineInfo] Generated code: C:\Users\azmib\Desktop\Bachelorarbeit\05Software\STM_Workspace\PilotixFOC_Measurement\Src\regular_conversion_manager.c
2026-09-04 13:46:13,435 DEBUG [LineInfo_to_exitCode.log_LineInfo] 2026-09-04 13:46:13,435 [INFO] CodeEngine:297 - oldGeneratedFile, C:\Users\azmib\Desktop\Bachelorarbeit\05Software\STM_Workspace\PilotixFOC_Measurement\Inc\regular_conversion_manager.h_save
2026-09-04 13:46:13,475 INFO  [LineInfo_to_exitCode.log_LineInfo] Generated code: C:\Users\azmib\Desktop\Bachelorarbeit\05Software\STM_Workspace\PilotixFOC_Measurement\Inc\regular_conversion_manager.h
2026-09-04 13:46:13,481 DEBUG [LineInfo_to_exitCode.log_LineInfo] 2026-09-04 13:46:13,481 [INFO] CodeEngine:297 - oldGeneratedFile, C:\Users\azmib\Desktop\Bachelorarbeit\05Software\STM_Workspace\PilotixFOC_Measurement\Src\mc_math.c_save
2026-09-04 13:46:13,522 INFO  [LineInfo_to_exitCode.log_LineInfo] Generated code: C:\Users\azmib\Desktop\Bachelorarbeit\05Software\STM_Workspace\PilotixFOC_Measurement\Src\mc_math.c
2026-09-04 13:46:13,527 DEBUG [LineInfo_to_exitCode.log_LineInfo] 2026-09-04 13:46:13,527 [INFO] CodeEngine:297 - oldGeneratedFile, C:\Users\azmib\Desktop\Bachelorarbeit\05Software\STM_Workspace\PilotixFOC_Measurement\Inc\mc_math.h_save
2026-09-04 13:46:13,568 INFO  [LineInfo_to_exitCode.log_LineInfo] Generated code: C:\Users\azmib\Desktop\Bachelorarbeit\05Software\STM_Workspace\PilotixFOC_Measurement\Inc\mc_math.h
2026-09-04 13:46:13,575 DEBUG [LineInfo_to_exitCode.log_LineInfo] 2026-09-04 13:46:13,575 [INFO] CodeEngine:297 - oldGeneratedFile, C:\Users\azmib\Desktop\Bachelorarbeit\05Software\STM_Workspace\PilotixFOC_Measurement\Src\mc_interface.c_save
2026-09-04 13:46:13,625 INFO  [LineInfo_to_exitCode.log_LineInfo] Generated code: C:\Users\azmib\Desktop\Bachelorarbeit\05Software\STM_Workspace\PilotixFOC_Measurement\Src\mc_interface.c
2026-09-04 13:46:13,631 DEBUG [LineInfo_to_exitCode.log_LineInfo] 2026-09-04 13:46:13,631 [INFO] CodeEngine:297 - oldGeneratedFile, C:\Users\azmib\Desktop\Bachelorarbeit\05Software\STM_Workspace\PilotixFOC_Measurement\Inc\mc_interface.h_save
2026-09-04 13:46:13,671 INFO  [LineInfo_to_exitCode.log_LineInfo] Generated code: C:\Users\azmib\Desktop\Bachelorarbeit\05Software\STM_Workspace\PilotixFOC_Measurement\Inc\mc_interface.h
2026-09-04 13:46:13,677 DEBUG [LineInfo_to_exitCode.log_LineInfo] 2026-09-04 13:46:13,676 [INFO] CodeEngine:297 - oldGeneratedFile, C:\Users\azmib\Desktop\Bachelorarbeit\05Software\STM_Workspace\PilotixFOC_Measurement\Inc\parameters_conversion.h_save
2026-09-04 13:46:13,743 INFO  [LineInfo_to_exitCode.log_LineInfo] Generated code: C:\Users\azmib\Desktop\Bachelorarbeit\05Software\STM_Workspace\PilotixFOC_Measurement\Inc\parameters_conversion.h
2026-09-04 13:46:13,749 DEBUG [LineInfo_to_exitCode.log_LineInfo] 2026-09-04 13:46:13,749 [INFO] CodeEngine:297 - oldGeneratedFile, C:\Users\azmib\Desktop\Bachelorarbeit\05Software\STM_Workspace\PilotixFOC_Measurement\Inc\parameters_conversion_g4xx.h_save
2026-09-04 13:46:13,799 INFO  [LineInfo_to_exitCode.log_LineInfo] Generated code: C:\Users\azmib\Desktop\Bachelorarbeit\05Software\STM_Workspace\PilotixFOC_Measurement\Inc\parameters_conversion_g4xx.h
2026-09-04 13:46:13,804 DEBUG [LineInfo_to_exitCode.log_LineInfo] 2026-09-04 13:46:13,803 [INFO] CodeEngine:297 - oldGeneratedFile, C:\Users\azmib\Desktop\Bachelorarbeit\05Software\STM_Workspace\PilotixFOC_Measurement\Inc\pmsm_motor_parameters.h_save
2026-09-04 13:46:13,850 INFO  [LineInfo_to_exitCode.log_LineInfo] Generated code: C:\Users\azmib\Desktop\Bachelorarbeit\05Software\STM_Workspace\PilotixFOC_Measurement\Inc\pmsm_motor_parameters.h
2026-09-04 13:46:13,862 DEBUG [LineInfo_to_exitCode.log_LineInfo] 2026-09-04 13:46:13,861 [INFO] CodeEngine:297 - oldGeneratedFile, C:\Users\azmib\Desktop\Bachelorarbeit\05Software\STM_Workspace\PilotixFOC_Measurement\Inc\power_stage_parameters.h_save
2026-09-04 13:46:13,928 INFO  [LineInfo_to_exitCode.log_LineInfo] Generated code: C:\Users\azmib\Desktop\Bachelorarbeit\05Software\STM_Workspace\PilotixFOC_Measurement\Inc\power_stage_parameters.h
2026-09-04 13:46:13,934 DEBUG [LineInfo_to_exitCode.log_LineInfo] 2026-09-04 13:46:13,934 [INFO] CodeEngine:297 - oldGeneratedFile, C:\Users\azmib\Desktop\Bachelorarbeit\05Software\STM_Workspace\PilotixFOC_Measurement\Src\stm32_mc_common_it.c_save
2026-09-04 13:46:13,989 INFO  [LineInfo_to_exitCode.log_LineInfo] Generated code: C:\Users\azmib\Desktop\Bachelorarbeit\05Software\STM_Workspace\PilotixFOC_Measurement\Src\stm32_mc_common_it.c
2026-09-04 13:46:13,995 DEBUG [LineInfo_to_exitCode.log_LineInfo] 2026-09-04 13:46:13,995 [INFO] CodeEngine:297 - oldGeneratedFile, C:\Users\azmib\Desktop\Bachelorarbeit\05Software\STM_Workspace\PilotixFOC_Measurement\Src\stm32g4xx_mc_it.c_save
2026-09-04 13:46:14,054 INFO  [LineInfo_to_exitCode.log_LineInfo] Generated code: C:\Users\azmib\Desktop\Bachelorarbeit\05Software\STM_Workspace\PilotixFOC_Measurement\Src\stm32g4xx_mc_it.c
2026-09-04 13:46:14,060 DEBUG [LineInfo_to_exitCode.log_LineInfo] 2026-09-04 13:46:14,059 [INFO] CodeEngine:297 - oldGeneratedFile, C:\Users\azmib\Desktop\Bachelorarbeit\05Software\STM_Workspace\PilotixFOC_Measurement\Inc\mc_parameters.h_save
2026-09-04 13:46:14,109 INFO  [LineInfo_to_exitCode.log_LineInfo] Generated code: C:\Users\azmib\Desktop\Bachelorarbeit\05Software\STM_Workspace\PilotixFOC_Measurement\Inc\mc_parameters.h
2026-09-04 13:46:14,115 DEBUG [LineInfo_to_exitCode.log_LineInfo] 2026-09-04 13:46:14,115 [INFO] CodeEngine:297 - oldGeneratedFile, C:\Users\azmib\Desktop\Bachelorarbeit\05Software\STM_Workspace\PilotixFOC_Measurement\Src\mc_parameters.c_save
2026-09-04 13:46:14,193 INFO  [LineInfo_to_exitCode.log_LineInfo] Generated code: C:\Users\azmib\Desktop\Bachelorarbeit\05Software\STM_Workspace\PilotixFOC_Measurement\Src\mc_parameters.c
2026-09-04 13:46:14,198 DEBUG [LineInfo_to_exitCode.log_LineInfo] 2026-09-04 13:46:14,198 [INFO] CodeEngine:297 - oldGeneratedFile, C:\Users\azmib\Desktop\Bachelorarbeit\05Software\STM_Workspace\PilotixFOC_Measurement\Src\hf_registers.c_save
2026-09-04 13:46:14,243 INFO  [LineInfo_to_exitCode.log_LineInfo] Generated code: C:\Users\azmib\Desktop\Bachelorarbeit\05Software\STM_Workspace\PilotixFOC_Measurement\Src\hf_registers.c
2026-09-04 13:46:14,249 DEBUG [LineInfo_to_exitCode.log_LineInfo] 2026-09-04 13:46:14,248 [INFO] CodeEngine:297 - oldGeneratedFile, C:\Users\azmib\Desktop\Bachelorarbeit\05Software\STM_Workspace\PilotixFOC_Measurement\Src\sync_registers.c_save
2026-09-04 13:46:14,308 INFO  [LineInfo_to_exitCode.log_LineInfo] Generated code: C:\Users\azmib\Desktop\Bachelorarbeit\05Software\STM_Workspace\PilotixFOC_Measurement\Src\sync_registers.c
2026-09-04 13:46:14,314 DEBUG [LineInfo_to_exitCode.log_LineInfo] 2026-09-04 13:46:14,314 [INFO] CodeEngine:297 - oldGeneratedFile, C:\Users\azmib\Desktop\Bachelorarbeit\05Software\STM_Workspace\PilotixFOC_Measurement\Src\mcp.c_save
2026-09-04 13:46:14,355 INFO  [LineInfo_to_exitCode.log_LineInfo] Generated code: C:\Users\azmib\Desktop\Bachelorarbeit\05Software\STM_Workspace\PilotixFOC_Measurement\Src\mcp.c
2026-09-04 13:46:14,361 DEBUG [LineInfo_to_exitCode.log_LineInfo] 2026-09-04 13:46:14,360 [INFO] CodeEngine:297 - oldGeneratedFile, C:\Users\azmib\Desktop\Bachelorarbeit\05Software\STM_Workspace\PilotixFOC_Measurement\Inc\mc_perf.h_save
2026-09-04 13:46:14,403 INFO  [LineInfo_to_exitCode.log_LineInfo] Generated code: C:\Users\azmib\Desktop\Bachelorarbeit\05Software\STM_Workspace\PilotixFOC_Measurement\Inc\mc_perf.h
2026-09-04 13:46:14,408 DEBUG [LineInfo_to_exitCode.log_LineInfo] 2026-09-04 13:46:14,408 [INFO] CodeEngine:297 - oldGeneratedFile, C:\Users\azmib\Desktop\Bachelorarbeit\05Software\STM_Workspace\PilotixFOC_Measurement\Src\mc_perf.c_save
2026-09-04 13:46:14,448 INFO  [LineInfo_to_exitCode.log_LineInfo] Generated code: C:\Users\azmib\Desktop\Bachelorarbeit\05Software\STM_Workspace\PilotixFOC_Measurement\Src\mc_perf.c
2026-09-04 13:46:14,454 DEBUG [LineInfo_to_exitCode.log_LineInfo] 2026-09-04 13:46:14,454 [INFO] CodeEngine:297 - oldGeneratedFile, C:\Users\azmib\Desktop\Bachelorarbeit\05Software\STM_Workspace\PilotixFOC_Measurement\Inc\register_interface.h_save
2026-09-04 13:46:14,500 INFO  [LineInfo_to_exitCode.log_LineInfo] Generated code: C:\Users\azmib\Desktop\Bachelorarbeit\05Software\STM_Workspace\PilotixFOC_Measurement\Inc\register_interface.h
2026-09-04 13:46:14,505 DEBUG [LineInfo_to_exitCode.log_LineInfo] 2026-09-04 13:46:14,505 [INFO] CodeEngine:297 - oldGeneratedFile, C:\Users\azmib\Desktop\Bachelorarbeit\05Software\STM_Workspace\PilotixFOC_Measurement\Src\usart_aspep_driver.c_save
2026-09-04 13:46:14,550 INFO  [LineInfo_to_exitCode.log_LineInfo] Generated code: C:\Users\azmib\Desktop\Bachelorarbeit\05Software\STM_Workspace\PilotixFOC_Measurement\Src\usart_aspep_driver.c
2026-09-04 13:46:14,556 DEBUG [LineInfo_to_exitCode.log_LineInfo] 2026-09-04 13:46:14,556 [INFO] CodeEngine:297 - oldGeneratedFile, C:\Users\azmib\Desktop\Bachelorarbeit\05Software\STM_Workspace\PilotixFOC_Measurement\Src\mc_configuration_registers.c_save
2026-09-04 13:46:14,603 INFO  [LineInfo_to_exitCode.log_LineInfo] Generated code: C:\Users\azmib\Desktop\Bachelorarbeit\05Software\STM_Workspace\PilotixFOC_Measurement\Src\mc_configuration_registers.c
2026-09-04 13:46:14,608 DEBUG [LineInfo_to_exitCode.log_LineInfo] 2026-09-04 13:46:14,608 [INFO] CodeEngine:297 - oldGeneratedFile, C:\Users\azmib\Desktop\Bachelorarbeit\05Software\STM_Workspace\PilotixFOC_Measurement\Inc\mc_configuration_registers.h_save
2026-09-04 13:46:14,653 INFO  [LineInfo_to_exitCode.log_LineInfo] Generated code: C:\Users\azmib\Desktop\Bachelorarbeit\05Software\STM_Workspace\PilotixFOC_Measurement\Inc\mc_configuration_registers.h
2026-09-04 13:46:14,659 DEBUG [LineInfo_to_exitCode.log_LineInfo] 2026-09-04 13:46:14,658 [INFO] CodeEngine:297 - oldGeneratedFile, C:\Users\azmib\Desktop\Bachelorarbeit\05Software\STM_Workspace\PilotixFOC_Measurement\Inc\aspep.h_save
2026-09-04 13:46:14,701 INFO  [LineInfo_to_exitCode.log_LineInfo] Generated code: C:\Users\azmib\Desktop\Bachelorarbeit\05Software\STM_Workspace\PilotixFOC_Measurement\Inc\aspep.h
2026-09-04 13:46:14,707 DEBUG [LineInfo_to_exitCode.log_LineInfo] 2026-09-04 13:46:14,706 [INFO] CodeEngine:297 - oldGeneratedFile, C:\Users\azmib\Desktop\Bachelorarbeit\05Software\STM_Workspace\PilotixFOC_Measurement\Src\aspep.c_save
2026-09-04 13:46:14,752 INFO  [LineInfo_to_exitCode.log_LineInfo] Generated code: C:\Users\azmib\Desktop\Bachelorarbeit\05Software\STM_Workspace\PilotixFOC_Measurement\Src\aspep.c
2026-09-04 13:46:14,758 DEBUG [LineInfo_to_exitCode.log_LineInfo] 2026-09-04 13:46:14,758 [INFO] CodeEngine:297 - oldGeneratedFile, C:\Users\azmib\Desktop\Bachelorarbeit\05Software\STM_Workspace\PilotixFOC_Measurement\Inc\mc_app_hooks.h_save
2026-09-04 13:46:14,794 INFO  [LineInfo_to_exitCode.log_LineInfo] Generated code: C:\Users\azmib\Desktop\Bachelorarbeit\05Software\STM_Workspace\PilotixFOC_Measurement\Inc\mc_app_hooks.h
2026-09-04 13:46:14,798 DEBUG [LineInfo_to_exitCode.log_LineInfo] 2026-09-04 13:46:14,798 [INFO] CodeEngine:297 - oldGeneratedFile, C:\Users\azmib\Desktop\Bachelorarbeit\05Software\STM_Workspace\PilotixFOC_Measurement\Src\mc_app_hooks.c_save
2026-09-04 13:46:14,835 INFO  [LineInfo_to_exitCode.log_LineInfo] Generated code: C:\Users\azmib\Desktop\Bachelorarbeit\05Software\STM_Workspace\PilotixFOC_Measurement\Src\mc_app_hooks.c
2026-09-04 13:46:14,839 DEBUG [LineInfo_to_exitCode.log_LineInfo] 2026-09-04 13:46:14,839 [INFO] CodeEngine:297 - oldGeneratedFile, C:\Users\azmib\Desktop\Bachelorarbeit\05Software\STM_Workspace\PilotixFOC_Measurement\Src\speed_potentiometer.c_save
2026-09-04 13:46:14,877 INFO  [LineInfo_to_exitCode.log_LineInfo] Generated code: C:\Users\azmib\Desktop\Bachelorarbeit\05Software\STM_Workspace\PilotixFOC_Measurement\Src\speed_potentiometer.c
2026-09-04 13:46:14,889 DEBUG [LineInfo_to_exitCode.log_LineInfo] 2026-09-04 13:46:14,889 [INFO] CodeEngine:297 - oldGeneratedFile, C:\Users\azmib\Desktop\Bachelorarbeit\05Software\STM_Workspace\PilotixFOC_Measurement\Src\stm32g4xx_it.c_save
2026-09-04 13:46:14,936 INFO  [LineInfo_to_exitCode.log_LineInfo] Generated code: C:\Users\azmib\Desktop\Bachelorarbeit\05Software\STM_Workspace\PilotixFOC_Measurement\Src\stm32g4xx_it.c
2026-09-04 13:46:14,940 DEBUG [LineInfo_to_exitCode.log_LineInfo] 2026-09-04 13:46:14,940 [INFO] CodeEngine:297 - oldGeneratedFile, C:\Users\azmib\Desktop\Bachelorarbeit\05Software\STM_Workspace\PilotixFOC_Measurement\Inc\stm32g4xx_it.h_save
2026-09-04 13:46:14,973 INFO  [LineInfo_to_exitCode.log_LineInfo] Generated code: C:\Users\azmib\Desktop\Bachelorarbeit\05Software\STM_Workspace\PilotixFOC_Measurement\Inc\stm32g4xx_it.h
2026-09-04 13:46:14,986 DEBUG [LineInfo_to_exitCode.log_LineInfo] 2026-09-04 13:46:14,986 [INFO] CodeEngine:297 - oldGeneratedFile, C:\Users\azmib\Desktop\Bachelorarbeit\05Software\STM_Workspace\PilotixFOC_Measurement\Src\stm32g4xx_hal_msp.c_save
2026-09-04 13:46:15,066 INFO  [LineInfo_to_exitCode.log_LineInfo] Generated code: C:\Users\azmib\Desktop\Bachelorarbeit\05Software\STM_Workspace\PilotixFOC_Measurement\Src\stm32g4xx_hal_msp.c
2026-09-04 13:46:15,071 DEBUG [LineInfo_to_exitCode.log_LineInfo] 2026-09-04 13:46:15,071 [INFO] CodeEngine:297 - oldGeneratedFile, C:\Users\azmib\Desktop\Bachelorarbeit\05Software\STM_Workspace\PilotixFOC_Measurement\MXTmpFiles\system.tmp_save
2026-09-04 13:46:15,105 DEBUG [LineInfo_to_exitCode.log_LineInfo] 2026-09-04 13:46:15,105 [INFO] CodeEngine:321 - Generated code: C:\Users\azmib\Desktop\Bachelorarbeit\05Software\STM_Workspace\PilotixFOC_Measurement\MXTmpFiles\system.tmp
2026-09-04 13:46:15,115 DEBUG [LineInfo_to_exitCode.log_LineInfo] 2026-09-04 13:46:15,114 [INFO] CodeEngine:353 - oldGeneratedFile, C:\Users\azmib\Desktop\Bachelorarbeit\05Software\STM_Workspace\PilotixFOC_Measurement\Inc\stm32g4xx_hal_conf.h_save
2026-09-04 13:46:15,153 INFO  [LineInfo_to_exitCode.log_LineInfo] Generated code: C:\Users\azmib\Desktop\Bachelorarbeit\05Software\STM_Workspace\PilotixFOC_Measurement\Inc\stm32g4xx_hal_conf.h
2026-09-04 13:46:15,177 DEBUG [LineInfo_to_exitCode.log_LineInfo] 2026-09-04 13:46:15,177 [INFO] ApiDbMcu:530 - Load IP Config File for ADC1
2026-09-04 13:46:15,180 DEBUG [LineInfo_to_exitCode.log_LineInfo] 2026-09-04 13:46:15,180 [INFO] ApiDbMcu:530 - Load IP Config File for ADC2
2026-09-04 13:46:15,182 DEBUG [LineInfo_to_exitCode.log_LineInfo] 2026-09-04 13:46:15,182 [INFO] ApiDbMcu:530 - Load IP Config File for CORDIC
2026-09-04 13:46:15,194 DEBUG [LineInfo_to_exitCode.log_LineInfo] 2026-09-04 13:46:15,194 [INFO] ApiDbMcu:530 - Load IP Config File for TIM1
2026-09-04 13:46:15,203 DEBUG [LineInfo_to_exitCode.log_LineInfo] 2026-09-04 13:46:15,203 [INFO] ApiDbMcu:530 - Load IP Config File for USART2
2026-09-04 13:46:15,205 DEBUG [LineInfo_to_exitCode.log_LineInfo] 2026-09-04 13:46:15,205 [INFO] ApiDbMcu:530 - Load IP Config File for RCC
2026-09-04 13:46:15,221 DEBUG [LineInfo_to_exitCode.log_LineInfo] 2026-09-04 13:46:15,220 [INFO] CodeEngine:297 - oldGeneratedFile, C:\Users\azmib\Desktop\Bachelorarbeit\05Software\STM_Workspace\PilotixFOC_Measurement\Inc\main.h_save
2026-09-04 13:46:15,270 INFO  [LineInfo_to_exitCode.log_LineInfo] Generated code: C:\Users\azmib\Desktop\Bachelorarbeit\05Software\STM_Workspace\PilotixFOC_Measurement\Inc\main.h
2026-09-04 13:46:15,276 DEBUG [LineInfo_to_exitCode.log_LineInfo] 2026-09-04 13:46:15,275 [INFO] CodeEngine:297 - oldGeneratedFile, C:\Users\azmib\Desktop\Bachelorarbeit\05Software\STM_Workspace\PilotixFOC_Measurement\Src\main.c_save
2026-09-04 13:46:15,367 INFO  [LineInfo_to_exitCode.log_LineInfo] Generated code: C:\Users\azmib\Desktop\Bachelorarbeit\05Software\STM_Workspace\PilotixFOC_Measurement\Src\main.c
2026-09-04 13:46:15,555 DEBUG [LineInfo_to_exitCode.log_LineInfo] 2026-09-04 13:46:15,555 [INFO] ProjectBuilder:3738 - Time for Copy HAL[0] : 71mS.
2026-09-04 13:46:15,561 DEBUG [LineInfo_to_exitCode.log_LineInfo] 2026-09-04 13:46:15,561 [INFO] ProjectBuilder:5348 - Project Generator version: 4.10.0-B28
2026-09-04 13:46:15,605 DEBUG [LineInfo_to_exitCode.log_LineInfo] 2026-09-04 13:46:15,605 [INFO] ConfigFileManager:1614 - The Die is : DIE468
2026-09-04 13:46:15,609 DEBUG [LineInfo_to_exitCode.log_LineInfo] 2026-09-04 13:46:15,609 [INFO] ApiDbMcu:530 - Load IP Config File for FATFS
2026-09-04 13:46:15,611 DEBUG [LineInfo_to_exitCode.log_LineInfo] 2026-09-04 13:46:15,611 [INFO] ApiDbMcu:530 - Load IP Config File for FREERTOS
2026-09-04 13:46:15,614 DEBUG [LineInfo_to_exitCode.log_LineInfo] 2026-09-04 13:46:15,614 [INFO] ApiDbMcu:530 - Load IP Config File for USBPD
2026-09-04 13:46:15,618 DEBUG [LineInfo_to_exitCode.log_LineInfo] 2026-09-04 13:46:15,618 [INFO] ApiDbMcu:530 - Load IP Config File for USB_DEVICE
2026-09-04 13:46:20,085 DEBUG [LineInfo_to_exitCode.log_LineInfo] 2026-09-04 13:46:20,084 [INFO] ConfigFileManager:3225 - mx.scratch is deleted!
2026-09-04 13:46:20,085 DEBUG [LineInfo_to_exitCode.log_LineInfo] 2026-09-04 13:46:20,085 [INFO] ProjectBuilder:5636 - Time for Generating toolchain IDE Files: 4523mS.
2026-09-04 13:46:20,392 DEBUG [LineInfo_to_exitCode.log_LineInfo] 2026-09-04 13:46:20,391 [INFO] ProjectBuilder:3589 - Time for Copy CMSIS : 306mS.
2026-09-04 13:46:20,612 DEBUG [LineInfo_to_exitCode.log_LineInfo] 2026-09-04 13:46:20,611 [INFO] ProjectBuilder:3589 - Time for Copy CMSIS : 218mS.
2026-09-04 13:46:20,620 DEBUG [LineInfo_to_exitCode.log_LineInfo] 2026-09-04 13:46:20,620 [INFO] MainFileManager:752 - Exiting application...
2026-09-04 13:46:20,620 DEBUG [LineInfo_to_exitCode.log_LineInfo] 2026-09-04 13:46:20,620 [INFO] MainFileManager:780 - Starting shutdown procedure: hiding main window.
2026-09-04 13:46:20,621 DEBUG [LineInfo_to_exitCode.log_LineInfo] 2026-09-04 13:46:20,621 [INFO] MainFileManager:829 - Proxy status is invalid, do not check for advertisement updates
2026-09-04 13:46:20,621 DEBUG [LineInfo_to_exitCode.log_LineInfo] 2026-09-04 13:46:20,621 [INFO] ApplicationProperties:184 - Using Application install path: C:\Users\azmib\AppData\Local\Programs\STM32CubeMX
2026-09-04 13:46:20,622 DEBUG [LineInfo_to_exitCode.log_LineInfo] 2026-09-04 13:46:20,621 [INFO] ApplicationProperties:184 - Using Application install path: C:\Users\azmib\AppData\Local\Programs\STM32CubeMX
2026-09-04 13:46:20,751 DEBUG [LineInfo_to_exitCode.log_LineInfo] 2026-09-04 13:46:20,751 [INFO] MainFileManager:851 - No tmpupd_list.txt file found, skipping TMPUPD cleanup on exit.
2026-09-04 13:49:06,635 DEBUG [IOCDialogController.lambda$onClose$8] IOCGenerationDialog exists with return code 0
