ISO-10303-21;
HEADER;
FILE_DESCRIPTION(('STEP AP242'),'1');
FILE_NAME('1873802.stp','2025-04-14T18:08:10',('TraceParts'),('TraceParts S.A.'),'Spatial InterOp 3D',' ',' ');
FILE_SCHEMA(('AP242_MANAGED_MODEL_BASED_3D_ENGINEERING_MIM_LF  {1 0 10303 442 1 1 4}'));
ENDSEC;
DATA;
#1=MECHANICAL_DESIGN_GEOMETRIC_PRESENTATION_REPRESENTATION(' ',(#10,#11,#12,#13,#14,#15,#16,#17,#18,#19,#20,#21,#22,#23,#24,#25,#26,#27,#28,#29,#30,#31,#32,#33,#34,#35,#36,#37,#38,#39,#40,#41,#42,#43,#44,#45,#46,#47,#48,#49,#50,#51,#52,#53,#54,#55,#56,#57,#58,#59,#60,#61,#62,#63,#64,#65,#66,#67,#68,#69,#70,#71,#72,#73,#74,#75,#76,#77,#78,#79,#80,#81,#82,#83,#84,#85,#86,#87,#88,#89,#90,#91,#92,#93,#94,#95,#96,#97,#98,#99,#100,#101,#102,#103,#104,#105,#106,#107,#108,#109,#110,#111,#112,#113,#114,#115,#116,#117,#118,#119,#120,#121,#122,#123,#124,#125,#126,#127,#128,#129,#130,#131,#132,#133,#134,#135,#136,#137,#138,#139,#140,#141,#142,#143,#144,#145,#146,#147,#148,#149,#150,#151,#152,#153,#154,#155,#156,#157,#158,#159,#160,#161,#162,#163,#164,#165,#166,#167,#168,#169,#170,#171,#172,#173,#174,#175,#176,#177,#178,#179,#180,#181,#182,#183,#184,#185,#186,#187,#188,#189,#190,#191,#192,#193,#194,#195,#196,#197,#198,#199,#200,#201,#202,#203,#204,#205,#206,#207,#208,#209,#210,#211,#212,#213,#214,#215,#216,#217,#218,#219,#220,#221,#222,#223,#224,#225,#226,#227,#228,#229,#230,#231,#232,#233,#234,#235,#236,#237,#238,#239,#240,#241,#242,#243,#244,#245,#246,#247,#248,#249,#250,#251,#252,#253,#254,#255,#256,#257,#258,#259,#260,#261,#262,#263,#264,#265,#266,#267,#268,#269,#270,#271,#272,#273,#274,#275,#276,#277,#278,#279,#280,#281,#282,#283,#284,#285,#286,#287,#288,#289,#290,#291,#292,#293,#294,#295,#296,#297,#298),#6);
#2=PRODUCT_DEFINITION_CONTEXT('',#299,'design');
#3=APPLICATION_PROTOCOL_DEFINITION('INTERNATIONAL STANDARD','ap242_managed_model_based_3d_engineering',2014,#299);
#4=PRODUCT_CATEGORY_RELATIONSHIP('NONE','NONE',#300,#301);
#5=SHAPE_DEFINITION_REPRESENTATION(#302,#303);
#6= (GEOMETRIC_REPRESENTATION_CONTEXT(3)GLOBAL_UNCERTAINTY_ASSIGNED_CONTEXT((#306))GLOBAL_UNIT_ASSIGNED_CONTEXT((#308,#309,#310))REPRESENTATION_CONTEXT('NONE','WORKSPACE'));
#10=STYLED_ITEM('',(#312),#313);
#11=STYLED_ITEM('',(#314),#315);
#12=STYLED_ITEM('',(#316),#317);
#13=STYLED_ITEM('',(#318),#319);
#14=STYLED_ITEM('',(#320),#321);
#15=STYLED_ITEM('',(#322),#323);
#16=STYLED_ITEM('',(#324),#325);
#17=STYLED_ITEM('',(#326),#327);
#18=STYLED_ITEM('',(#328),#329);
#19=STYLED_ITEM('',(#330),#331);
#20=STYLED_ITEM('',(#332),#333);
#21=STYLED_ITEM('',(#334),#335);
#22=STYLED_ITEM('',(#336),#337);
#23=STYLED_ITEM('',(#338),#339);
#24=STYLED_ITEM('',(#340),#341);
#25=STYLED_ITEM('',(#342),#343);
#26=STYLED_ITEM('',(#344),#345);
#27=STYLED_ITEM('',(#346),#347);
#28=STYLED_ITEM('',(#348),#349);
#29=STYLED_ITEM('',(#350),#351);
#30=STYLED_ITEM('',(#352),#353);
#31=STYLED_ITEM('',(#354),#355);
#32=STYLED_ITEM('',(#356),#357);
#33=STYLED_ITEM('',(#358),#359);
#34=STYLED_ITEM('',(#360),#361);
#35=STYLED_ITEM('',(#362),#363);
#36=STYLED_ITEM('',(#364),#365);
#37=STYLED_ITEM('',(#366),#367);
#38=STYLED_ITEM('',(#368),#369);
#39=STYLED_ITEM('',(#370),#371);
#40=STYLED_ITEM('',(#372),#373);
#41=STYLED_ITEM('',(#374),#375);
#42=STYLED_ITEM('',(#376),#377);
#43=STYLED_ITEM('',(#378),#379);
#44=STYLED_ITEM('',(#380),#381);
#45=STYLED_ITEM('',(#382),#383);
#46=STYLED_ITEM('',(#384),#385);
#47=STYLED_ITEM('',(#386),#387);
#48=STYLED_ITEM('',(#388),#389);
#49=STYLED_ITEM('',(#390),#391);
#50=STYLED_ITEM('',(#392),#393);
#51=STYLED_ITEM('',(#394),#395);
#52=STYLED_ITEM('',(#396),#397);
#53=STYLED_ITEM('',(#398),#399);
#54=STYLED_ITEM('',(#400),#401);
#55=STYLED_ITEM('',(#402),#403);
#56=STYLED_ITEM('',(#404),#405);
#57=STYLED_ITEM('',(#406),#407);
#58=STYLED_ITEM('',(#408),#409);
#59=STYLED_ITEM('',(#410),#411);
#60=STYLED_ITEM('',(#412),#413);
#61=STYLED_ITEM('',(#414),#415);
#62=STYLED_ITEM('',(#416),#417);
#63=STYLED_ITEM('',(#418),#419);
#64=STYLED_ITEM('',(#420),#421);
#65=STYLED_ITEM('',(#422),#423);
#66=STYLED_ITEM('',(#424),#425);
#67=STYLED_ITEM('',(#426),#427);
#68=STYLED_ITEM('',(#428),#429);
#69=STYLED_ITEM('',(#430),#431);
#70=STYLED_ITEM('',(#432),#433);
#71=STYLED_ITEM('',(#434),#435);
#72=STYLED_ITEM('',(#436),#437);
#73=STYLED_ITEM('',(#438),#439);
#74=STYLED_ITEM('',(#440),#441);
#75=STYLED_ITEM('',(#442),#443);
#76=STYLED_ITEM('',(#444),#445);
#77=STYLED_ITEM('',(#446),#447);
#78=STYLED_ITEM('',(#448),#449);
#79=STYLED_ITEM('',(#450),#451);
#80=STYLED_ITEM('',(#452),#453);
#81=STYLED_ITEM('',(#454),#455);
#82=STYLED_ITEM('',(#456),#457);
#83=STYLED_ITEM('',(#458),#459);
#84=STYLED_ITEM('',(#460),#461);
#85=STYLED_ITEM('',(#462),#463);
#86=STYLED_ITEM('',(#464),#465);
#87=STYLED_ITEM('',(#466),#467);
#88=STYLED_ITEM('',(#468),#469);
#89=STYLED_ITEM('',(#470),#471);
#90=STYLED_ITEM('',(#472),#473);
#91=STYLED_ITEM('',(#474),#475);
#92=STYLED_ITEM('',(#476),#477);
#93=STYLED_ITEM('',(#478),#479);
#94=STYLED_ITEM('',(#480),#481);
#95=STYLED_ITEM('',(#482),#483);
#96=STYLED_ITEM('',(#484),#485);
#97=STYLED_ITEM('',(#486),#487);
#98=STYLED_ITEM('',(#488),#489);
#99=STYLED_ITEM('',(#490),#491);
#100=STYLED_ITEM('',(#492),#493);
#101=STYLED_ITEM('',(#494),#495);
#102=STYLED_ITEM('',(#496),#497);
#103=STYLED_ITEM('',(#498),#499);
#104=STYLED_ITEM('',(#500),#501);
#105=STYLED_ITEM('',(#502),#503);
#106=STYLED_ITEM('',(#504),#505);
#107=STYLED_ITEM('',(#506),#507);
#108=STYLED_ITEM('',(#508),#509);
#109=STYLED_ITEM('',(#510),#511);
#110=STYLED_ITEM('',(#512),#513);
#111=STYLED_ITEM('',(#514),#515);
#112=STYLED_ITEM('',(#516),#517);
#113=STYLED_ITEM('',(#518),#519);
#114=STYLED_ITEM('',(#520),#521);
#115=STYLED_ITEM('',(#522),#523);
#116=STYLED_ITEM('',(#524),#525);
#117=STYLED_ITEM('',(#526),#527);
#118=STYLED_ITEM('',(#528),#529);
#119=STYLED_ITEM('',(#530),#531);
#120=STYLED_ITEM('',(#532),#533);
#121=STYLED_ITEM('',(#534),#535);
#122=STYLED_ITEM('',(#536),#537);
#123=STYLED_ITEM('',(#538),#539);
#124=STYLED_ITEM('',(#540),#541);
#125=STYLED_ITEM('',(#542),#543);
#126=STYLED_ITEM('',(#544),#545);
#127=STYLED_ITEM('',(#546),#547);
#128=STYLED_ITEM('',(#548),#549);
#129=STYLED_ITEM('',(#550),#551);
#130=STYLED_ITEM('',(#552),#553);
#131=STYLED_ITEM('',(#554),#555);
#132=STYLED_ITEM('',(#556),#557);
#133=STYLED_ITEM('',(#558),#559);
#134=STYLED_ITEM('',(#560),#561);
#135=STYLED_ITEM('',(#562),#563);
#136=STYLED_ITEM('',(#564),#565);
#137=STYLED_ITEM('',(#566),#567);
#138=STYLED_ITEM('',(#568),#569);
#139=STYLED_ITEM('',(#570),#571);
#140=STYLED_ITEM('',(#572),#573);
#141=STYLED_ITEM('',(#574),#575);
#142=STYLED_ITEM('',(#576),#577);
#143=STYLED_ITEM('',(#578),#579);
#144=STYLED_ITEM('',(#580),#581);
#145=STYLED_ITEM('',(#582),#583);
#146=STYLED_ITEM('',(#584),#585);
#147=STYLED_ITEM('',(#586),#587);
#148=STYLED_ITEM('',(#588),#589);
#149=STYLED_ITEM('',(#590),#591);
#150=STYLED_ITEM('',(#592),#593);
#151=STYLED_ITEM('',(#594),#595);
#152=STYLED_ITEM('',(#596),#597);
#153=STYLED_ITEM('',(#598),#599);
#154=STYLED_ITEM('',(#600),#601);
#155=STYLED_ITEM('',(#602),#603);
#156=STYLED_ITEM('',(#604),#605);
#157=STYLED_ITEM('',(#606),#607);
#158=STYLED_ITEM('',(#608),#609);
#159=STYLED_ITEM('',(#610),#611);
#160=STYLED_ITEM('',(#612),#613);
#161=STYLED_ITEM('',(#614),#615);
#162=STYLED_ITEM('',(#616),#617);
#163=STYLED_ITEM('',(#618),#619);
#164=STYLED_ITEM('',(#620),#621);
#165=STYLED_ITEM('',(#622),#623);
#166=STYLED_ITEM('',(#624),#625);
#167=STYLED_ITEM('',(#626),#627);
#168=STYLED_ITEM('',(#628),#629);
#169=STYLED_ITEM('',(#630),#631);
#170=STYLED_ITEM('',(#632),#633);
#171=STYLED_ITEM('',(#634),#635);
#172=STYLED_ITEM('',(#636),#637);
#173=STYLED_ITEM('',(#638),#639);
#174=STYLED_ITEM('',(#640),#641);
#175=STYLED_ITEM('',(#642),#643);
#176=STYLED_ITEM('',(#644),#645);
#177=STYLED_ITEM('',(#646),#647);
#178=STYLED_ITEM('',(#648),#649);
#179=STYLED_ITEM('',(#650),#651);
#180=STYLED_ITEM('',(#652),#653);
#181=STYLED_ITEM('',(#654),#655);
#182=STYLED_ITEM('',(#656),#657);
#183=STYLED_ITEM('',(#658),#659);
#184=STYLED_ITEM('',(#660),#661);
#185=STYLED_ITEM('',(#662),#663);
#186=STYLED_ITEM('',(#664),#665);
#187=STYLED_ITEM('',(#666),#667);
#188=STYLED_ITEM('',(#668),#669);
#189=STYLED_ITEM('',(#670),#671);
#190=STYLED_ITEM('',(#672),#673);
#191=STYLED_ITEM('',(#674),#675);
#192=STYLED_ITEM('',(#676),#677);
#193=STYLED_ITEM('',(#678),#679);
#194=STYLED_ITEM('',(#680),#681);
#195=STYLED_ITEM('',(#682),#683);
#196=STYLED_ITEM('',(#684),#685);
#197=STYLED_ITEM('',(#686),#687);
#198=STYLED_ITEM('',(#688),#689);
#199=STYLED_ITEM('',(#690),#691);
#200=STYLED_ITEM('',(#692),#693);
#201=STYLED_ITEM('',(#694),#695);
#202=STYLED_ITEM('',(#696),#697);
#203=STYLED_ITEM('',(#698),#699);
#204=STYLED_ITEM('',(#700),#701);
#205=STYLED_ITEM('',(#702),#703);
#206=STYLED_ITEM('',(#704),#705);
#207=STYLED_ITEM('',(#706),#707);
#208=STYLED_ITEM('',(#708),#709);
#209=STYLED_ITEM('',(#710),#711);
#210=STYLED_ITEM('',(#712),#713);
#211=STYLED_ITEM('',(#714),#715);
#212=STYLED_ITEM('',(#716),#717);
#213=STYLED_ITEM('',(#718),#719);
#214=STYLED_ITEM('',(#720),#721);
#215=STYLED_ITEM('',(#722),#723);
#216=STYLED_ITEM('',(#724),#725);
#217=STYLED_ITEM('',(#726),#727);
#218=STYLED_ITEM('',(#728),#729);
#219=STYLED_ITEM('',(#730),#731);
#220=STYLED_ITEM('',(#732),#733);
#221=STYLED_ITEM('',(#734),#735);
#222=STYLED_ITEM('',(#736),#737);
#223=STYLED_ITEM('',(#738),#739);
#224=STYLED_ITEM('',(#740),#741);
#225=STYLED_ITEM('',(#742),#743);
#226=STYLED_ITEM('',(#744),#745);
#227=STYLED_ITEM('',(#746),#747);
#228=STYLED_ITEM('',(#748),#749);
#229=STYLED_ITEM('',(#750),#751);
#230=STYLED_ITEM('',(#752),#753);
#231=STYLED_ITEM('',(#754),#755);
#232=STYLED_ITEM('',(#756),#757);
#233=STYLED_ITEM('',(#758),#759);
#234=STYLED_ITEM('',(#760),#761);
#235=STYLED_ITEM('',(#762),#763);
#236=STYLED_ITEM('',(#764),#765);
#237=STYLED_ITEM('',(#766),#767);
#238=STYLED_ITEM('',(#768),#769);
#239=STYLED_ITEM('',(#770),#771);
#240=STYLED_ITEM('',(#772),#773);
#241=STYLED_ITEM('',(#774),#775);
#242=STYLED_ITEM('',(#776),#777);
#243=STYLED_ITEM('',(#778),#779);
#244=STYLED_ITEM('',(#780),#781);
#245=STYLED_ITEM('',(#782),#783);
#246=STYLED_ITEM('',(#784),#785);
#247=STYLED_ITEM('',(#786),#787);
#248=STYLED_ITEM('',(#788),#789);
#249=STYLED_ITEM('',(#790),#791);
#250=STYLED_ITEM('',(#792),#793);
#251=STYLED_ITEM('',(#794),#795);
#252=STYLED_ITEM('',(#796),#797);
#253=STYLED_ITEM('',(#798),#799);
#254=STYLED_ITEM('',(#800),#801);
#255=STYLED_ITEM('',(#802),#803);
#256=STYLED_ITEM('',(#804),#805);
#257=STYLED_ITEM('',(#806),#807);
#258=STYLED_ITEM('',(#808),#809);
#259=STYLED_ITEM('',(#810),#811);
#260=STYLED_ITEM('',(#812),#813);
#261=STYLED_ITEM('',(#814),#815);
#262=STYLED_ITEM('',(#816),#817);
#263=STYLED_ITEM('',(#818),#819);
#264=STYLED_ITEM('',(#820),#821);
#265=STYLED_ITEM('',(#822),#823);
#266=STYLED_ITEM('',(#824),#825);
#267=STYLED_ITEM('',(#826),#827);
#268=STYLED_ITEM('',(#828),#829);
#269=STYLED_ITEM('',(#830),#831);
#270=STYLED_ITEM('',(#832),#833);
#271=STYLED_ITEM('',(#834),#835);
#272=STYLED_ITEM('',(#836),#837);
#273=STYLED_ITEM('',(#838),#839);
#274=STYLED_ITEM('',(#840),#841);
#275=STYLED_ITEM('',(#842),#843);
#276=STYLED_ITEM('',(#844),#845);
#277=STYLED_ITEM('',(#846),#847);
#278=STYLED_ITEM('',(#848),#849);
#279=STYLED_ITEM('',(#850),#851);
#280=STYLED_ITEM('',(#852),#853);
#281=STYLED_ITEM('',(#854),#855);
#282=STYLED_ITEM('',(#856),#857);
#283=STYLED_ITEM('',(#858),#859);
#284=STYLED_ITEM('',(#860),#861);
#285=STYLED_ITEM('',(#862),#863);
#286=STYLED_ITEM('',(#864),#865);
#287=STYLED_ITEM('',(#866),#867);
#288=STYLED_ITEM('',(#868),#869);
#289=STYLED_ITEM('',(#870),#871);
#290=STYLED_ITEM('',(#872),#873);
#291=STYLED_ITEM('',(#874),#875);
#292=STYLED_ITEM('',(#876),#877);
#293=STYLED_ITEM('',(#878),#879);
#294=STYLED_ITEM('',(#880),#881);
#295=STYLED_ITEM('',(#882),#883);
#296=STYLED_ITEM('',(#884),#885);
#297=STYLED_ITEM('',(#886),#887);
#298=STYLED_ITEM('',(#888),#889);
#299=APPLICATION_CONTEXT('managed model based 3d engineering');
#300=PRODUCT_CATEGORY('part','NONE');
#301=PRODUCT_RELATED_PRODUCT_CATEGORY('detail',' ',(#890));
#302=PRODUCT_DEFINITION_SHAPE('NONE','NONE',#891);
#303=ADVANCED_BREP_SHAPE_REPRESENTATION('1873802',(#889,#892),#6);
#306=UNCERTAINTY_MEASURE_WITH_UNIT(LENGTH_MEASURE(1.0E-06),#308,'','');
#308= (CONVERSION_BASED_UNIT('MILLIMETRE',#895)LENGTH_UNIT()NAMED_UNIT(#898));
#309= (NAMED_UNIT(#900)PLANE_ANGLE_UNIT()SI_UNIT($,.RADIAN.));
#310= (NAMED_UNIT(#900)SOLID_ANGLE_UNIT()SI_UNIT($,.STERADIAN.));
#312=PRESENTATION_STYLE_ASSIGNMENT((#906));
#313=ADVANCED_FACE('',(#907),#908,.T.);
#314=PRESENTATION_STYLE_ASSIGNMENT((#909));
#315=ADVANCED_FACE('',(#910),#911,.F.);
#316=PRESENTATION_STYLE_ASSIGNMENT((#912));
#317=ADVANCED_FACE('',(#913),#914,.T.);
#318=PRESENTATION_STYLE_ASSIGNMENT((#915));
#319=ADVANCED_FACE('',(#916),#917,.T.);
#320=PRESENTATION_STYLE_ASSIGNMENT((#918));
#321=ADVANCED_FACE('',(#919),#920,.F.);
#322=PRESENTATION_STYLE_ASSIGNMENT((#921));
#323=ADVANCED_FACE('',(#922),#923,.T.);
#324=PRESENTATION_STYLE_ASSIGNMENT((#924));
#325=ADVANCED_FACE('',(#925),#926,.T.);
#326=PRESENTATION_STYLE_ASSIGNMENT((#927));
#327=ADVANCED_FACE('',(#928),#929,.T.);
#328=PRESENTATION_STYLE_ASSIGNMENT((#930));
#329=ADVANCED_FACE('',(#931),#932,.F.);
#330=PRESENTATION_STYLE_ASSIGNMENT((#933));
#331=ADVANCED_FACE('',(#934),#935,.T.);
#332=PRESENTATION_STYLE_ASSIGNMENT((#936));
#333=ADVANCED_FACE('',(#937),#938,.T.);
#334=PRESENTATION_STYLE_ASSIGNMENT((#939));
#335=ADVANCED_FACE('',(#940),#941,.T.);
#336=PRESENTATION_STYLE_ASSIGNMENT((#942));
#337=ADVANCED_FACE('',(#943),#944,.T.);
#338=PRESENTATION_STYLE_ASSIGNMENT((#945));
#339=ADVANCED_FACE('',(#946),#947,.F.);
#340=PRESENTATION_STYLE_ASSIGNMENT((#948));
#341=ADVANCED_FACE('',(#949),#950,.T.);
#342=PRESENTATION_STYLE_ASSIGNMENT((#951));
#343=ADVANCED_FACE('',(#952),#953,.F.);
#344=PRESENTATION_STYLE_ASSIGNMENT((#954));
#345=ADVANCED_FACE('',(#955),#956,.F.);
#346=PRESENTATION_STYLE_ASSIGNMENT((#957));
#347=ADVANCED_FACE('',(#958),#959,.F.);
#348=PRESENTATION_STYLE_ASSIGNMENT((#960));
#349=ADVANCED_FACE('',(#961),#962,.F.);
#350=PRESENTATION_STYLE_ASSIGNMENT((#963));
#351=ADVANCED_FACE('',(#964),#965,.F.);
#352=PRESENTATION_STYLE_ASSIGNMENT((#966));
#353=ADVANCED_FACE('',(#967),#968,.F.);
#354=PRESENTATION_STYLE_ASSIGNMENT((#969));
#355=ADVANCED_FACE('',(#970),#971,.F.);
#356=PRESENTATION_STYLE_ASSIGNMENT((#972));
#357=ADVANCED_FACE('',(#973),#974,.F.);
#358=PRESENTATION_STYLE_ASSIGNMENT((#975));
#359=ADVANCED_FACE('',(#976),#977,.F.);
#360=PRESENTATION_STYLE_ASSIGNMENT((#978));
#361=ADVANCED_FACE('',(#979),#980,.F.);
#362=PRESENTATION_STYLE_ASSIGNMENT((#981));
#363=ADVANCED_FACE('',(#982),#983,.F.);
#364=PRESENTATION_STYLE_ASSIGNMENT((#984));
#365=ADVANCED_FACE('',(#985),#986,.T.);
#366=PRESENTATION_STYLE_ASSIGNMENT((#987));
#367=ADVANCED_FACE('',(#988),#989,.T.);
#368=PRESENTATION_STYLE_ASSIGNMENT((#990));
#369=ADVANCED_FACE('',(#991),#992,.F.);
#370=PRESENTATION_STYLE_ASSIGNMENT((#993));
#371=ADVANCED_FACE('',(#994),#995,.F.);
#372=PRESENTATION_STYLE_ASSIGNMENT((#996));
#373=ADVANCED_FACE('',(#997),#998,.F.);
#374=PRESENTATION_STYLE_ASSIGNMENT((#999));
#375=ADVANCED_FACE('',(#1000),#1001,.F.);
#376=PRESENTATION_STYLE_ASSIGNMENT((#1002));
#377=ADVANCED_FACE('',(#1003),#1004,.T.);
#378=PRESENTATION_STYLE_ASSIGNMENT((#1005));
#379=ADVANCED_FACE('',(#1006),#1007,.F.);
#380=PRESENTATION_STYLE_ASSIGNMENT((#1008));
#381=ADVANCED_FACE('',(#1009),#1010,.F.);
#382=PRESENTATION_STYLE_ASSIGNMENT((#1011));
#383=ADVANCED_FACE('',(#1012),#1013,.T.);
#384=PRESENTATION_STYLE_ASSIGNMENT((#1014));
#385=ADVANCED_FACE('',(#1015),#1016,.T.);
#386=PRESENTATION_STYLE_ASSIGNMENT((#1017));
#387=ADVANCED_FACE('',(#1018),#1019,.F.);
#388=PRESENTATION_STYLE_ASSIGNMENT((#1020));
#389=ADVANCED_FACE('',(#1021,#1022),#1023,.T.);
#390=PRESENTATION_STYLE_ASSIGNMENT((#1024));
#391=ADVANCED_FACE('',(#1025),#1026,.T.);
#392=PRESENTATION_STYLE_ASSIGNMENT((#1027));
#393=ADVANCED_FACE('',(#1028),#1029,.F.);
#394=PRESENTATION_STYLE_ASSIGNMENT((#1030));
#395=ADVANCED_FACE('',(#1031),#1032,.F.);
#396=PRESENTATION_STYLE_ASSIGNMENT((#1033));
#397=ADVANCED_FACE('',(#1034),#1035,.T.);
#398=PRESENTATION_STYLE_ASSIGNMENT((#1036));
#399=ADVANCED_FACE('',(#1037),#1038,.T.);
#400=PRESENTATION_STYLE_ASSIGNMENT((#1039));
#401=ADVANCED_FACE('',(#1040),#1041,.F.);
#402=PRESENTATION_STYLE_ASSIGNMENT((#1042));
#403=ADVANCED_FACE('',(#1043),#1044,.T.);
#404=PRESENTATION_STYLE_ASSIGNMENT((#1045));
#405=ADVANCED_FACE('',(#1046),#1047,.F.);
#406=PRESENTATION_STYLE_ASSIGNMENT((#1048));
#407=ADVANCED_FACE('',(#1049),#1050,.T.);
#408=PRESENTATION_STYLE_ASSIGNMENT((#1051));
#409=ADVANCED_FACE('',(#1052),#1053,.T.);
#410=PRESENTATION_STYLE_ASSIGNMENT((#1054));
#411=ADVANCED_FACE('',(#1055),#1056,.T.);
#412=PRESENTATION_STYLE_ASSIGNMENT((#1057));
#413=ADVANCED_FACE('',(#1058),#1059,.T.);
#414=PRESENTATION_STYLE_ASSIGNMENT((#1060));
#415=ADVANCED_FACE('',(#1061),#1062,.T.);
#416=PRESENTATION_STYLE_ASSIGNMENT((#1063));
#417=ADVANCED_FACE('',(#1064),#1065,.T.);
#418=PRESENTATION_STYLE_ASSIGNMENT((#1066));
#419=ADVANCED_FACE('',(#1067),#1068,.F.);
#420=PRESENTATION_STYLE_ASSIGNMENT((#1069));
#421=ADVANCED_FACE('',(#1070),#1071,.T.);
#422=PRESENTATION_STYLE_ASSIGNMENT((#1072));
#423=ADVANCED_FACE('',(#1073),#1074,.T.);
#424=PRESENTATION_STYLE_ASSIGNMENT((#1075));
#425=ADVANCED_FACE('',(#1076),#1077,.T.);
#426=PRESENTATION_STYLE_ASSIGNMENT((#1078));
#427=ADVANCED_FACE('',(#1079),#1080,.T.);
#428=PRESENTATION_STYLE_ASSIGNMENT((#1081));
#429=ADVANCED_FACE('',(#1082),#1083,.T.);
#430=PRESENTATION_STYLE_ASSIGNMENT((#1084));
#431=ADVANCED_FACE('',(#1085),#1086,.T.);
#432=PRESENTATION_STYLE_ASSIGNMENT((#1087));
#433=ADVANCED_FACE('',(#1088),#1089,.T.);
#434=PRESENTATION_STYLE_ASSIGNMENT((#1090));
#435=ADVANCED_FACE('',(#1091),#1092,.T.);
#436=PRESENTATION_STYLE_ASSIGNMENT((#1093));
#437=ADVANCED_FACE('',(#1094),#1095,.F.);
#438=PRESENTATION_STYLE_ASSIGNMENT((#1096));
#439=ADVANCED_FACE('',(#1097),#1098,.T.);
#440=PRESENTATION_STYLE_ASSIGNMENT((#1099));
#441=ADVANCED_FACE('',(#1100),#1101,.T.);
#442=PRESENTATION_STYLE_ASSIGNMENT((#1102));
#443=ADVANCED_FACE('',(#1103),#1104,.T.);
#444=PRESENTATION_STYLE_ASSIGNMENT((#1105));
#445=ADVANCED_FACE('',(#1106),#1107,.T.);
#446=PRESENTATION_STYLE_ASSIGNMENT((#1108));
#447=ADVANCED_FACE('',(#1109),#1110,.T.);
#448=PRESENTATION_STYLE_ASSIGNMENT((#1111));
#449=ADVANCED_FACE('',(#1112),#1113,.F.);
#450=PRESENTATION_STYLE_ASSIGNMENT((#1114));
#451=ADVANCED_FACE('',(#1115),#1116,.T.);
#452=PRESENTATION_STYLE_ASSIGNMENT((#1117));
#453=ADVANCED_FACE('',(#1118),#1119,.T.);
#454=PRESENTATION_STYLE_ASSIGNMENT((#1120));
#455=ADVANCED_FACE('',(#1121),#1122,.T.);
#456=PRESENTATION_STYLE_ASSIGNMENT((#1123));
#457=ADVANCED_FACE('',(#1124),#1125,.T.);
#458=PRESENTATION_STYLE_ASSIGNMENT((#1126));
#459=ADVANCED_FACE('',(#1127),#1128,.F.);
#460=PRESENTATION_STYLE_ASSIGNMENT((#1129));
#461=ADVANCED_FACE('',(#1130),#1131,.T.);
#462=PRESENTATION_STYLE_ASSIGNMENT((#1132));
#463=ADVANCED_FACE('',(#1133),#1134,.F.);
#464=PRESENTATION_STYLE_ASSIGNMENT((#1135));
#465=ADVANCED_FACE('',(#1136),#1137,.T.);
#466=PRESENTATION_STYLE_ASSIGNMENT((#1138));
#467=ADVANCED_FACE('',(#1139),#1140,.T.);
#468=PRESENTATION_STYLE_ASSIGNMENT((#1141));
#469=ADVANCED_FACE('',(#1142),#1143,.T.);
#470=PRESENTATION_STYLE_ASSIGNMENT((#1144));
#471=ADVANCED_FACE('',(#1145),#1146,.T.);
#472=PRESENTATION_STYLE_ASSIGNMENT((#1147));
#473=ADVANCED_FACE('',(#1148),#1149,.F.);
#474=PRESENTATION_STYLE_ASSIGNMENT((#1150));
#475=ADVANCED_FACE('',(#1151),#1152,.T.);
#476=PRESENTATION_STYLE_ASSIGNMENT((#1153));
#477=ADVANCED_FACE('',(#1154),#1155,.T.);
#478=PRESENTATION_STYLE_ASSIGNMENT((#1156));
#479=ADVANCED_FACE('',(#1157),#1158,.T.);
#480=PRESENTATION_STYLE_ASSIGNMENT((#1159));
#481=ADVANCED_FACE('',(#1160),#1161,.F.);
#482=PRESENTATION_STYLE_ASSIGNMENT((#1162));
#483=ADVANCED_FACE('',(#1163),#1164,.F.);
#484=PRESENTATION_STYLE_ASSIGNMENT((#1165));
#485=ADVANCED_FACE('',(#1166),#1167,.F.);
#486=PRESENTATION_STYLE_ASSIGNMENT((#1168));
#487=ADVANCED_FACE('',(#1169),#1170,.T.);
#488=PRESENTATION_STYLE_ASSIGNMENT((#1171));
#489=ADVANCED_FACE('',(#1172),#1173,.T.);
#490=PRESENTATION_STYLE_ASSIGNMENT((#1174));
#491=ADVANCED_FACE('',(#1175),#1176,.T.);
#492=PRESENTATION_STYLE_ASSIGNMENT((#1177));
#493=ADVANCED_FACE('',(#1178),#1179,.T.);
#494=PRESENTATION_STYLE_ASSIGNMENT((#1180));
#495=ADVANCED_FACE('',(#1181),#1182,.T.);
#496=PRESENTATION_STYLE_ASSIGNMENT((#1183));
#497=ADVANCED_FACE('',(#1184),#1185,.F.);
#498=PRESENTATION_STYLE_ASSIGNMENT((#1186));
#499=ADVANCED_FACE('',(#1187),#1188,.F.);
#500=PRESENTATION_STYLE_ASSIGNMENT((#1189));
#501=ADVANCED_FACE('',(#1190),#1191,.F.);
#502=PRESENTATION_STYLE_ASSIGNMENT((#1192));
#503=ADVANCED_FACE('',(#1193),#1194,.T.);
#504=PRESENTATION_STYLE_ASSIGNMENT((#1195));
#505=ADVANCED_FACE('',(#1196),#1197,.T.);
#506=PRESENTATION_STYLE_ASSIGNMENT((#1198));
#507=ADVANCED_FACE('',(#1199),#1200,.T.);
#508=PRESENTATION_STYLE_ASSIGNMENT((#1201));
#509=ADVANCED_FACE('',(#1202),#1203,.T.);
#510=PRESENTATION_STYLE_ASSIGNMENT((#1204));
#511=ADVANCED_FACE('',(#1205),#1206,.T.);
#512=PRESENTATION_STYLE_ASSIGNMENT((#1207));
#513=ADVANCED_FACE('',(#1208),#1209,.T.);
#514=PRESENTATION_STYLE_ASSIGNMENT((#1210));
#515=ADVANCED_FACE('',(#1211),#1212,.T.);
#516=PRESENTATION_STYLE_ASSIGNMENT((#1213));
#517=ADVANCED_FACE('',(#1214),#1215,.T.);
#518=PRESENTATION_STYLE_ASSIGNMENT((#1216));
#519=ADVANCED_FACE('',(#1217),#1218,.T.);
#520=PRESENTATION_STYLE_ASSIGNMENT((#1219));
#521=ADVANCED_FACE('',(#1220),#1221,.T.);
#522=PRESENTATION_STYLE_ASSIGNMENT((#1222));
#523=ADVANCED_FACE('',(#1223),#1224,.T.);
#524=PRESENTATION_STYLE_ASSIGNMENT((#1225));
#525=ADVANCED_FACE('',(#1226,#1227),#1228,.T.);
#526=PRESENTATION_STYLE_ASSIGNMENT((#1229));
#527=ADVANCED_FACE('',(#1230,#1231),#1232,.F.);
#528=PRESENTATION_STYLE_ASSIGNMENT((#1233));
#529=ADVANCED_FACE('',(#1234),#1235,.F.);
#530=PRESENTATION_STYLE_ASSIGNMENT((#1236));
#531=ADVANCED_FACE('',(#1237),#1238,.F.);
#532=PRESENTATION_STYLE_ASSIGNMENT((#1239));
#533=ADVANCED_FACE('',(#1240),#1241,.F.);
#534=PRESENTATION_STYLE_ASSIGNMENT((#1242));
#535=ADVANCED_FACE('',(#1243),#1244,.F.);
#536=PRESENTATION_STYLE_ASSIGNMENT((#1245));
#537=ADVANCED_FACE('',(#1246),#1247,.F.);
#538=PRESENTATION_STYLE_ASSIGNMENT((#1248));
#539=ADVANCED_FACE('',(#1249),#1250,.T.);
#540=PRESENTATION_STYLE_ASSIGNMENT((#1251));
#541=ADVANCED_FACE('',(#1252),#1253,.T.);
#542=PRESENTATION_STYLE_ASSIGNMENT((#1254));
#543=ADVANCED_FACE('',(#1255),#1256,.T.);
#544=PRESENTATION_STYLE_ASSIGNMENT((#1257));
#545=ADVANCED_FACE('',(#1258),#1259,.T.);
#546=PRESENTATION_STYLE_ASSIGNMENT((#1260));
#547=ADVANCED_FACE('',(#1261),#1262,.T.);
#548=PRESENTATION_STYLE_ASSIGNMENT((#1263));
#549=ADVANCED_FACE('',(#1264),#1265,.T.);
#550=PRESENTATION_STYLE_ASSIGNMENT((#1266));
#551=ADVANCED_FACE('',(#1267),#1268,.T.);
#552=PRESENTATION_STYLE_ASSIGNMENT((#1269));
#553=ADVANCED_FACE('',(#1270),#1271,.T.);
#554=PRESENTATION_STYLE_ASSIGNMENT((#1272));
#555=ADVANCED_FACE('',(#1273),#1274,.T.);
#556=PRESENTATION_STYLE_ASSIGNMENT((#1275));
#557=ADVANCED_FACE('',(#1276),#1277,.T.);
#558=PRESENTATION_STYLE_ASSIGNMENT((#1278));
#559=ADVANCED_FACE('',(#1279),#1280,.T.);
#560=PRESENTATION_STYLE_ASSIGNMENT((#1281));
#561=ADVANCED_FACE('',(#1282),#1283,.T.);
#562=PRESENTATION_STYLE_ASSIGNMENT((#1284));
#563=ADVANCED_FACE('',(#1285),#1286,.T.);
#564=PRESENTATION_STYLE_ASSIGNMENT((#1287));
#565=ADVANCED_FACE('',(#1288),#1289,.T.);
#566=PRESENTATION_STYLE_ASSIGNMENT((#1290));
#567=ADVANCED_FACE('',(#1291),#1292,.T.);
#568=PRESENTATION_STYLE_ASSIGNMENT((#1293));
#569=ADVANCED_FACE('',(#1294),#1295,.T.);
#570=PRESENTATION_STYLE_ASSIGNMENT((#1296));
#571=ADVANCED_FACE('',(#1297),#1298,.T.);
#572=PRESENTATION_STYLE_ASSIGNMENT((#1299));
#573=ADVANCED_FACE('',(#1300),#1301,.T.);
#574=PRESENTATION_STYLE_ASSIGNMENT((#1302));
#575=ADVANCED_FACE('',(#1303),#1304,.T.);
#576=PRESENTATION_STYLE_ASSIGNMENT((#1305));
#577=ADVANCED_FACE('',(#1306),#1307,.T.);
#578=PRESENTATION_STYLE_ASSIGNMENT((#1308));
#579=ADVANCED_FACE('',(#1309),#1310,.T.);
#580=PRESENTATION_STYLE_ASSIGNMENT((#1311));
#581=ADVANCED_FACE('',(#1312),#1313,.T.);
#582=PRESENTATION_STYLE_ASSIGNMENT((#1314));
#583=ADVANCED_FACE('',(#1315),#1316,.T.);
#584=PRESENTATION_STYLE_ASSIGNMENT((#1317));
#585=ADVANCED_FACE('',(#1318),#1319,.T.);
#586=PRESENTATION_STYLE_ASSIGNMENT((#1320));
#587=ADVANCED_FACE('',(#1321),#1322,.T.);
#588=PRESENTATION_STYLE_ASSIGNMENT((#1323));
#589=ADVANCED_FACE('',(#1324),#1325,.T.);
#590=PRESENTATION_STYLE_ASSIGNMENT((#1326));
#591=ADVANCED_FACE('',(#1327),#1328,.T.);
#592=PRESENTATION_STYLE_ASSIGNMENT((#1329));
#593=ADVANCED_FACE('',(#1330),#1331,.T.);
#594=PRESENTATION_STYLE_ASSIGNMENT((#1332));
#595=ADVANCED_FACE('',(#1333),#1334,.T.);
#596=PRESENTATION_STYLE_ASSIGNMENT((#1335));
#597=ADVANCED_FACE('',(#1336),#1337,.T.);
#598=PRESENTATION_STYLE_ASSIGNMENT((#1338));
#599=ADVANCED_FACE('',(#1339),#1340,.T.);
#600=PRESENTATION_STYLE_ASSIGNMENT((#1341));
#601=ADVANCED_FACE('',(#1342),#1343,.T.);
#602=PRESENTATION_STYLE_ASSIGNMENT((#1344));
#603=ADVANCED_FACE('',(#1345),#1346,.T.);
#604=PRESENTATION_STYLE_ASSIGNMENT((#1347));
#605=ADVANCED_FACE('',(#1348),#1349,.T.);
#606=PRESENTATION_STYLE_ASSIGNMENT((#1350));
#607=ADVANCED_FACE('',(#1351),#1352,.T.);
#608=PRESENTATION_STYLE_ASSIGNMENT((#1353));
#609=ADVANCED_FACE('',(#1354),#1355,.T.);
#610=PRESENTATION_STYLE_ASSIGNMENT((#1356));
#611=ADVANCED_FACE('',(#1357),#1358,.T.);
#612=PRESENTATION_STYLE_ASSIGNMENT((#1359));
#613=ADVANCED_FACE('',(#1360),#1361,.T.);
#614=PRESENTATION_STYLE_ASSIGNMENT((#1362));
#615=ADVANCED_FACE('',(#1363),#1364,.T.);
#616=PRESENTATION_STYLE_ASSIGNMENT((#1365));
#617=ADVANCED_FACE('',(#1366),#1367,.T.);
#618=PRESENTATION_STYLE_ASSIGNMENT((#1368));
#619=ADVANCED_FACE('',(#1369),#1370,.T.);
#620=PRESENTATION_STYLE_ASSIGNMENT((#1371));
#621=ADVANCED_FACE('',(#1372),#1373,.T.);
#622=PRESENTATION_STYLE_ASSIGNMENT((#1374));
#623=ADVANCED_FACE('',(#1375),#1376,.T.);
#624=PRESENTATION_STYLE_ASSIGNMENT((#1377));
#625=ADVANCED_FACE('',(#1378),#1379,.T.);
#626=PRESENTATION_STYLE_ASSIGNMENT((#1380));
#627=ADVANCED_FACE('',(#1381),#1382,.T.);
#628=PRESENTATION_STYLE_ASSIGNMENT((#1383));
#629=ADVANCED_FACE('',(#1384),#1385,.T.);
#630=PRESENTATION_STYLE_ASSIGNMENT((#1386));
#631=ADVANCED_FACE('',(#1387),#1388,.T.);
#632=PRESENTATION_STYLE_ASSIGNMENT((#1389));
#633=ADVANCED_FACE('',(#1390),#1391,.T.);
#634=PRESENTATION_STYLE_ASSIGNMENT((#1392));
#635=ADVANCED_FACE('',(#1393),#1394,.T.);
#636=PRESENTATION_STYLE_ASSIGNMENT((#1395));
#637=ADVANCED_FACE('',(#1396),#1397,.T.);
#638=PRESENTATION_STYLE_ASSIGNMENT((#1398));
#639=ADVANCED_FACE('',(#1399),#1400,.T.);
#640=PRESENTATION_STYLE_ASSIGNMENT((#1401));
#641=ADVANCED_FACE('',(#1402),#1403,.T.);
#642=PRESENTATION_STYLE_ASSIGNMENT((#1404));
#643=ADVANCED_FACE('',(#1405),#1406,.T.);
#644=PRESENTATION_STYLE_ASSIGNMENT((#1407));
#645=ADVANCED_FACE('',(#1408),#1409,.T.);
#646=PRESENTATION_STYLE_ASSIGNMENT((#1410));
#647=ADVANCED_FACE('',(#1411),#1412,.T.);
#648=PRESENTATION_STYLE_ASSIGNMENT((#1413));
#649=ADVANCED_FACE('',(#1414),#1415,.T.);
#650=PRESENTATION_STYLE_ASSIGNMENT((#1416));
#651=ADVANCED_FACE('',(#1417),#1418,.T.);
#652=PRESENTATION_STYLE_ASSIGNMENT((#1419));
#653=ADVANCED_FACE('',(#1420),#1421,.T.);
#654=PRESENTATION_STYLE_ASSIGNMENT((#1422));
#655=ADVANCED_FACE('',(#1423),#1424,.T.);
#656=PRESENTATION_STYLE_ASSIGNMENT((#1425));
#657=ADVANCED_FACE('',(#1426),#1427,.T.);
#658=PRESENTATION_STYLE_ASSIGNMENT((#1428));
#659=ADVANCED_FACE('',(#1429),#1430,.T.);
#660=PRESENTATION_STYLE_ASSIGNMENT((#1431));
#661=ADVANCED_FACE('',(#1432),#1433,.T.);
#662=PRESENTATION_STYLE_ASSIGNMENT((#1434));
#663=ADVANCED_FACE('',(#1435),#1436,.T.);
#664=PRESENTATION_STYLE_ASSIGNMENT((#1437));
#665=ADVANCED_FACE('',(#1438),#1439,.T.);
#666=PRESENTATION_STYLE_ASSIGNMENT((#1440));
#667=ADVANCED_FACE('',(#1441),#1442,.T.);
#668=PRESENTATION_STYLE_ASSIGNMENT((#1443));
#669=ADVANCED_FACE('',(#1444),#1445,.T.);
#670=PRESENTATION_STYLE_ASSIGNMENT((#1446));
#671=ADVANCED_FACE('',(#1447),#1448,.T.);
#672=PRESENTATION_STYLE_ASSIGNMENT((#1449));
#673=ADVANCED_FACE('',(#1450),#1451,.T.);
#674=PRESENTATION_STYLE_ASSIGNMENT((#1452));
#675=ADVANCED_FACE('',(#1453),#1454,.T.);
#676=PRESENTATION_STYLE_ASSIGNMENT((#1455));
#677=ADVANCED_FACE('',(#1456),#1457,.T.);
#678=PRESENTATION_STYLE_ASSIGNMENT((#1458));
#679=ADVANCED_FACE('',(#1459),#1460,.T.);
#680=PRESENTATION_STYLE_ASSIGNMENT((#1461));
#681=ADVANCED_FACE('',(#1462),#1463,.T.);
#682=PRESENTATION_STYLE_ASSIGNMENT((#1464));
#683=ADVANCED_FACE('',(#1465),#1466,.T.);
#684=PRESENTATION_STYLE_ASSIGNMENT((#1467));
#685=ADVANCED_FACE('',(#1468),#1469,.T.);
#686=PRESENTATION_STYLE_ASSIGNMENT((#1470));
#687=ADVANCED_FACE('',(#1471),#1472,.T.);
#688=PRESENTATION_STYLE_ASSIGNMENT((#1473));
#689=ADVANCED_FACE('',(#1474),#1475,.T.);
#690=PRESENTATION_STYLE_ASSIGNMENT((#1476));
#691=ADVANCED_FACE('',(#1477),#1478,.T.);
#692=PRESENTATION_STYLE_ASSIGNMENT((#1479));
#693=ADVANCED_FACE('',(#1480),#1481,.T.);
#694=PRESENTATION_STYLE_ASSIGNMENT((#1482));
#695=ADVANCED_FACE('',(#1483),#1484,.T.);
#696=PRESENTATION_STYLE_ASSIGNMENT((#1485));
#697=ADVANCED_FACE('',(#1486),#1487,.T.);
#698=PRESENTATION_STYLE_ASSIGNMENT((#1488));
#699=ADVANCED_FACE('',(#1489),#1490,.T.);
#700=PRESENTATION_STYLE_ASSIGNMENT((#1491));
#701=ADVANCED_FACE('',(#1492),#1493,.T.);
#702=PRESENTATION_STYLE_ASSIGNMENT((#1494));
#703=ADVANCED_FACE('',(#1495),#1496,.T.);
#704=PRESENTATION_STYLE_ASSIGNMENT((#1497));
#705=ADVANCED_FACE('',(#1498),#1499,.T.);
#706=PRESENTATION_STYLE_ASSIGNMENT((#1500));
#707=ADVANCED_FACE('',(#1501),#1502,.T.);
#708=PRESENTATION_STYLE_ASSIGNMENT((#1503));
#709=ADVANCED_FACE('',(#1504),#1505,.T.);
#710=PRESENTATION_STYLE_ASSIGNMENT((#1506));
#711=ADVANCED_FACE('',(#1507),#1508,.T.);
#712=PRESENTATION_STYLE_ASSIGNMENT((#1509));
#713=ADVANCED_FACE('',(#1510),#1511,.T.);
#714=PRESENTATION_STYLE_ASSIGNMENT((#1512));
#715=ADVANCED_FACE('',(#1513),#1514,.T.);
#716=PRESENTATION_STYLE_ASSIGNMENT((#1515));
#717=ADVANCED_FACE('',(#1516),#1517,.T.);
#718=PRESENTATION_STYLE_ASSIGNMENT((#1518));
#719=ADVANCED_FACE('',(#1519),#1520,.T.);
#720=PRESENTATION_STYLE_ASSIGNMENT((#1521));
#721=ADVANCED_FACE('',(#1522),#1523,.T.);
#722=PRESENTATION_STYLE_ASSIGNMENT((#1524));
#723=ADVANCED_FACE('',(#1525),#1526,.T.);
#724=PRESENTATION_STYLE_ASSIGNMENT((#1527));
#725=ADVANCED_FACE('',(#1528),#1529,.T.);
#726=PRESENTATION_STYLE_ASSIGNMENT((#1530));
#727=ADVANCED_FACE('',(#1531),#1532,.T.);
#728=PRESENTATION_STYLE_ASSIGNMENT((#1533));
#729=ADVANCED_FACE('',(#1534),#1535,.T.);
#730=PRESENTATION_STYLE_ASSIGNMENT((#1536));
#731=ADVANCED_FACE('',(#1537),#1538,.T.);
#732=PRESENTATION_STYLE_ASSIGNMENT((#1539));
#733=ADVANCED_FACE('',(#1540),#1541,.T.);
#734=PRESENTATION_STYLE_ASSIGNMENT((#1542));
#735=ADVANCED_FACE('',(#1543),#1544,.T.);
#736=PRESENTATION_STYLE_ASSIGNMENT((#1545));
#737=ADVANCED_FACE('',(#1546),#1547,.T.);
#738=PRESENTATION_STYLE_ASSIGNMENT((#1548));
#739=ADVANCED_FACE('',(#1549),#1550,.T.);
#740=PRESENTATION_STYLE_ASSIGNMENT((#1551));
#741=ADVANCED_FACE('',(#1552),#1553,.T.);
#742=PRESENTATION_STYLE_ASSIGNMENT((#1554));
#743=ADVANCED_FACE('',(#1555),#1556,.T.);
#744=PRESENTATION_STYLE_ASSIGNMENT((#1557));
#745=ADVANCED_FACE('',(#1558),#1559,.T.);
#746=PRESENTATION_STYLE_ASSIGNMENT((#1560));
#747=ADVANCED_FACE('',(#1561),#1562,.T.);
#748=PRESENTATION_STYLE_ASSIGNMENT((#1563));
#749=ADVANCED_FACE('',(#1564),#1565,.T.);
#750=PRESENTATION_STYLE_ASSIGNMENT((#1566));
#751=ADVANCED_FACE('',(#1567),#1568,.T.);
#752=PRESENTATION_STYLE_ASSIGNMENT((#1569));
#753=ADVANCED_FACE('',(#1570),#1571,.T.);
#754=PRESENTATION_STYLE_ASSIGNMENT((#1572));
#755=ADVANCED_FACE('',(#1573),#1574,.T.);
#756=PRESENTATION_STYLE_ASSIGNMENT((#1575));
#757=ADVANCED_FACE('',(#1576),#1577,.T.);
#758=PRESENTATION_STYLE_ASSIGNMENT((#1578));
#759=ADVANCED_FACE('',(#1579),#1580,.T.);
#760=PRESENTATION_STYLE_ASSIGNMENT((#1581));
#761=ADVANCED_FACE('',(#1582),#1583,.F.);
#762=PRESENTATION_STYLE_ASSIGNMENT((#1584));
#763=ADVANCED_FACE('',(#1585),#1586,.F.);
#764=PRESENTATION_STYLE_ASSIGNMENT((#1587));
#765=ADVANCED_FACE('',(#1588),#1589,.F.);
#766=PRESENTATION_STYLE_ASSIGNMENT((#1590));
#767=ADVANCED_FACE('',(#1591),#1592,.F.);
#768=PRESENTATION_STYLE_ASSIGNMENT((#1593));
#769=ADVANCED_FACE('',(#1594,#1595,#1596,#1597,#1598,#1599),#1600,.T.);
#770=PRESENTATION_STYLE_ASSIGNMENT((#1601));
#771=ADVANCED_FACE('',(#1602),#1603,.T.);
#772=PRESENTATION_STYLE_ASSIGNMENT((#1604));
#773=ADVANCED_FACE('',(#1605),#1606,.T.);
#774=PRESENTATION_STYLE_ASSIGNMENT((#1607));
#775=ADVANCED_FACE('',(#1608,#1609,#1610),#1611,.T.);
#776=PRESENTATION_STYLE_ASSIGNMENT((#1612));
#777=ADVANCED_FACE('',(#1613),#1614,.T.);
#778=PRESENTATION_STYLE_ASSIGNMENT((#1615));
#779=ADVANCED_FACE('',(#1616),#1617,.T.);
#780=PRESENTATION_STYLE_ASSIGNMENT((#1618));
#781=ADVANCED_FACE('',(#1619),#1620,.F.);
#782=PRESENTATION_STYLE_ASSIGNMENT((#1621));
#783=ADVANCED_FACE('',(#1622),#1623,.F.);
#784=PRESENTATION_STYLE_ASSIGNMENT((#1624));
#785=ADVANCED_FACE('',(#1625),#1626,.T.);
#786=PRESENTATION_STYLE_ASSIGNMENT((#1627));
#787=ADVANCED_FACE('',(#1628),#1629,.F.);
#788=PRESENTATION_STYLE_ASSIGNMENT((#1630));
#789=ADVANCED_FACE('',(#1631),#1632,.F.);
#790=PRESENTATION_STYLE_ASSIGNMENT((#1633));
#791=ADVANCED_FACE('',(#1634),#1635,.F.);
#792=PRESENTATION_STYLE_ASSIGNMENT((#1636));
#793=ADVANCED_FACE('',(#1637),#1638,.T.);
#794=PRESENTATION_STYLE_ASSIGNMENT((#1639));
#795=ADVANCED_FACE('',(#1640),#1641,.F.);
#796=PRESENTATION_STYLE_ASSIGNMENT((#1642));
#797=ADVANCED_FACE('',(#1643),#1644,.F.);
#798=PRESENTATION_STYLE_ASSIGNMENT((#1645));
#799=ADVANCED_FACE('',(#1646),#1647,.F.);
#800=PRESENTATION_STYLE_ASSIGNMENT((#1648));
#801=ADVANCED_FACE('',(#1649),#1650,.T.);
#802=PRESENTATION_STYLE_ASSIGNMENT((#1651));
#803=ADVANCED_FACE('',(#1652),#1653,.F.);
#804=PRESENTATION_STYLE_ASSIGNMENT((#1654));
#805=ADVANCED_FACE('',(#1655),#1656,.F.);
#806=PRESENTATION_STYLE_ASSIGNMENT((#1657));
#807=ADVANCED_FACE('',(#1658),#1659,.T.);
#808=PRESENTATION_STYLE_ASSIGNMENT((#1660));
#809=ADVANCED_FACE('',(#1661),#1662,.F.);
#810=PRESENTATION_STYLE_ASSIGNMENT((#1663));
#811=ADVANCED_FACE('',(#1664),#1665,.F.);
#812=PRESENTATION_STYLE_ASSIGNMENT((#1666));
#813=ADVANCED_FACE('',(#1667),#1668,.F.);
#814=PRESENTATION_STYLE_ASSIGNMENT((#1669));
#815=ADVANCED_FACE('',(#1670),#1671,.F.);
#816=PRESENTATION_STYLE_ASSIGNMENT((#1672));
#817=ADVANCED_FACE('',(#1673),#1674,.F.);
#818=PRESENTATION_STYLE_ASSIGNMENT((#1675));
#819=ADVANCED_FACE('',(#1676),#1677,.F.);
#820=PRESENTATION_STYLE_ASSIGNMENT((#1678));
#821=ADVANCED_FACE('',(#1679),#1680,.F.);
#822=PRESENTATION_STYLE_ASSIGNMENT((#1681));
#823=ADVANCED_FACE('',(#1682),#1683,.T.);
#824=PRESENTATION_STYLE_ASSIGNMENT((#1684));
#825=ADVANCED_FACE('',(#1685),#1686,.F.);
#826=PRESENTATION_STYLE_ASSIGNMENT((#1687));
#827=ADVANCED_FACE('',(#1688,#1689,#1690,#1691,#1692,#1693,#1694,#1695,#1696,#1697),#1698,.T.);
#828=PRESENTATION_STYLE_ASSIGNMENT((#1699));
#829=ADVANCED_FACE('',(#1700),#1701,.F.);
#830=PRESENTATION_STYLE_ASSIGNMENT((#1702));
#831=ADVANCED_FACE('',(#1703),#1704,.F.);
#832=PRESENTATION_STYLE_ASSIGNMENT((#1705));
#833=ADVANCED_FACE('',(#1706),#1707,.T.);
#834=PRESENTATION_STYLE_ASSIGNMENT((#1708));
#835=ADVANCED_FACE('',(#1709),#1710,.F.);
#836=PRESENTATION_STYLE_ASSIGNMENT((#1711));
#837=ADVANCED_FACE('',(#1712),#1713,.T.);
#838=PRESENTATION_STYLE_ASSIGNMENT((#1714));
#839=ADVANCED_FACE('',(#1715),#1716,.T.);
#840=PRESENTATION_STYLE_ASSIGNMENT((#1717));
#841=ADVANCED_FACE('',(#1718),#1719,.T.);
#842=PRESENTATION_STYLE_ASSIGNMENT((#1720));
#843=ADVANCED_FACE('',(#1721),#1722,.T.);
#844=PRESENTATION_STYLE_ASSIGNMENT((#1723));
#845=ADVANCED_FACE('',(#1724),#1725,.T.);
#846=PRESENTATION_STYLE_ASSIGNMENT((#1726));
#847=ADVANCED_FACE('',(#1727),#1728,.T.);
#848=PRESENTATION_STYLE_ASSIGNMENT((#1729));
#849=ADVANCED_FACE('',(#1730),#1731,.F.);
#850=PRESENTATION_STYLE_ASSIGNMENT((#1732));
#851=ADVANCED_FACE('',(#1733),#1734,.F.);
#852=PRESENTATION_STYLE_ASSIGNMENT((#1735));
#853=ADVANCED_FACE('',(#1736),#1737,.F.);
#854=PRESENTATION_STYLE_ASSIGNMENT((#1738));
#855=ADVANCED_FACE('',(#1739),#1740,.F.);
#856=PRESENTATION_STYLE_ASSIGNMENT((#1741));
#857=ADVANCED_FACE('',(#1742,#1743,#1744),#1745,.T.);
#858=PRESENTATION_STYLE_ASSIGNMENT((#1746));
#859=ADVANCED_FACE('',(#1747),#1748,.T.);
#860=PRESENTATION_STYLE_ASSIGNMENT((#1749));
#861=ADVANCED_FACE('',(#1750),#1751,.T.);
#862=PRESENTATION_STYLE_ASSIGNMENT((#1752));
#863=ADVANCED_FACE('',(#1753),#1754,.T.);
#864=PRESENTATION_STYLE_ASSIGNMENT((#1755));
#865=ADVANCED_FACE('',(#1756),#1757,.F.);
#866=PRESENTATION_STYLE_ASSIGNMENT((#1758));
#867=ADVANCED_FACE('',(#1759),#1760,.T.);
#868=PRESENTATION_STYLE_ASSIGNMENT((#1761));
#869=ADVANCED_FACE('',(#1762),#1763,.T.);
#870=PRESENTATION_STYLE_ASSIGNMENT((#1764));
#871=ADVANCED_FACE('',(#1765,#1766),#1767,.T.);
#872=PRESENTATION_STYLE_ASSIGNMENT((#1768));
#873=ADVANCED_FACE('',(#1769),#1770,.T.);
#874=PRESENTATION_STYLE_ASSIGNMENT((#1771));
#875=ADVANCED_FACE('',(#1772,#1773),#1774,.T.);
#876=PRESENTATION_STYLE_ASSIGNMENT((#1775));
#877=ADVANCED_FACE('',(#1776),#1777,.F.);
#878=PRESENTATION_STYLE_ASSIGNMENT((#1778));
#879=ADVANCED_FACE('',(#1779),#1780,.T.);
#880=PRESENTATION_STYLE_ASSIGNMENT((#1781));
#881=ADVANCED_FACE('',(#1782),#1783,.T.);
#882=PRESENTATION_STYLE_ASSIGNMENT((#1784));
#883=ADVANCED_FACE('',(#1785),#1786,.F.);
#884=PRESENTATION_STYLE_ASSIGNMENT((#1787));
#885=ADVANCED_FACE('',(#1788),#1789,.T.);
#886=PRESENTATION_STYLE_ASSIGNMENT((#1790));
#887=ADVANCED_FACE('',(#1791),#1792,.F.);
#888=PRESENTATION_STYLE_ASSIGNMENT((#1793));
#889=MANIFOLD_SOLID_BREP('1873802',#1794);
#890=PRODUCT('1873802','','PART--DESC',(#1795));
#891=PRODUCT_DEFINITION('','NONE',#1796,#2);
#892=AXIS2_PLACEMENT_3D('',#1797,#1798,#1799);
#895=LENGTH_MEASURE_WITH_UNIT(LENGTH_MEASURE(1.0),#1800);
#898=DIMENSIONAL_EXPONENTS(1.0,0.0,0.0,0.0,0.0,0.0,0.0);
#900=DIMENSIONAL_EXPONENTS(0.0,0.0,0.0,0.0,0.0,0.0,0.0);
#906=SURFACE_STYLE_USAGE(.BOTH.,#1801);
#907=FACE_OUTER_BOUND('',#1802,.T.);
#908=(B_SPLINE_SURFACE(2,2,((#1804,#1805,#1806,#1807,#1808,#1809,#1810,#1811,#1812),(#1813,#1814,#1815,#1816,#1817,#1818,#1819,#1820,#1821),(#1822,#1823,#1824,#1825,#1826,#1827,#1828,#1829,#1830)),.UNSPECIFIED.,.F.,.T.,.F.)B_SPLINE_SURFACE_WITH_KNOTS((3,3),(3,2,2,2,3),(-1.5707963267949,2.64344555032837E-46),(-3.14159265358979,-1.5707963267949,0.0,1.5707963267949,3.14159265358979),.UNSPECIFIED.)RATIONAL_B_SPLINE_SURFACE(((1.0,0.707106781186548,1.0,0.707106781186548,1.0,0.707106781186548,1.0,0.707106781186548,1.0),(0.707106781186548,0.5,0.707106781186548,0.5,0.707106781186548,0.5,0.707106781186548,0.5,0.707106781186548),(1.0,0.707106781186548,1.0,0.707106781186548,1.0,0.707106781186548,1.0,0.707106781186548,1.0)))BOUNDED_SURFACE()REPRESENTATION_ITEM('')GEOMETRIC_REPRESENTATION_ITEM()SURFACE());
#909=SURFACE_STYLE_USAGE(.BOTH.,#1837);
#910=FACE_OUTER_BOUND('',#1838,.T.);
#911=TOROIDAL_SURFACE('',#1839,3.8,0.7);
#912=SURFACE_STYLE_USAGE(.BOTH.,#1840);
#913=FACE_OUTER_BOUND('',#1841,.T.);
#914=CYLINDRICAL_SURFACE('',#1842,5.5);
#915=SURFACE_STYLE_USAGE(.BOTH.,#1843);
#916=FACE_OUTER_BOUND('',#1844,.T.);
#917=TOROIDAL_SURFACE('',#1845,5.25,0.25);
#918=SURFACE_STYLE_USAGE(.BOTH.,#1846);
#919=FACE_OUTER_BOUND('',#1847,.T.);
#920=CYLINDRICAL_SURFACE('',#1848,4.5);
#921=SURFACE_STYLE_USAGE(.BOTH.,#1849);
#922=FACE_OUTER_BOUND('',#1850,.T.);
#923=TOROIDAL_SURFACE('',#1851,4.75,0.25);
#924=SURFACE_STYLE_USAGE(.BOTH.,#1852);
#925=FACE_OUTER_BOUND('',#1853,.T.);
#926=CYLINDRICAL_SURFACE('',#1854,3.1);
#927=SURFACE_STYLE_USAGE(.BOTH.,#1855);
#928=FACE_OUTER_BOUND('',#1856,.T.);
#929=TOROIDAL_SURFACE('',#1857,2.85,0.25);
#930=SURFACE_STYLE_USAGE(.BOTH.,#1858);
#931=FACE_OUTER_BOUND('',#1859,.T.);
#932=CYLINDRICAL_SURFACE('',#1860,2.2);
#933=SURFACE_STYLE_USAGE(.BOTH.,#1861);
#934=FACE_OUTER_BOUND('',#1862,.T.);
#935=CYLINDRICAL_SURFACE('',#1863,1.5);
#936=SURFACE_STYLE_USAGE(.BOTH.,#1864);
#937=FACE_OUTER_BOUND('',#1865,.T.);
#938=CYLINDRICAL_SURFACE('',#1866,1.5);
#939=SURFACE_STYLE_USAGE(.BOTH.,#1867);
#940=FACE_OUTER_BOUND('',#1868,.T.);
#941=CYLINDRICAL_SURFACE('',#1869,1.5);
#942=SURFACE_STYLE_USAGE(.BOTH.,#1870);
#943=FACE_OUTER_BOUND('',#1871,.T.);
#944=CYLINDRICAL_SURFACE('',#1872,1.0);
#945=SURFACE_STYLE_USAGE(.BOTH.,#1873);
#946=FACE_OUTER_BOUND('',#1874,.T.);
#947=CYLINDRICAL_SURFACE('',#1875,1.0);
#948=SURFACE_STYLE_USAGE(.BOTH.,#1876);
#949=FACE_OUTER_BOUND('',#1877,.T.);
#950=CYLINDRICAL_SURFACE('',#1878,1.0);
#951=SURFACE_STYLE_USAGE(.BOTH.,#1879);
#952=FACE_OUTER_BOUND('',#1880,.T.);
#953=CYLINDRICAL_SURFACE('',#1881,1.0);
#954=SURFACE_STYLE_USAGE(.BOTH.,#1882);
#955=FACE_OUTER_BOUND('',#1883,.T.);
#956=CYLINDRICAL_SURFACE('',#1884,1.0);
#957=SURFACE_STYLE_USAGE(.BOTH.,#1885);
#958=FACE_OUTER_BOUND('',#1886,.T.);
#959=CYLINDRICAL_SURFACE('',#1887,1.0);
#960=SURFACE_STYLE_USAGE(.BOTH.,#1888);
#961=FACE_OUTER_BOUND('',#1889,.T.);
#962=CYLINDRICAL_SURFACE('',#1890,0.5);
#963=SURFACE_STYLE_USAGE(.BOTH.,#1891);
#964=FACE_OUTER_BOUND('',#1892,.T.);
#965=CYLINDRICAL_SURFACE('',#1893,0.5);
#966=SURFACE_STYLE_USAGE(.BOTH.,#1894);
#967=FACE_OUTER_BOUND('',#1895,.T.);
#968=CYLINDRICAL_SURFACE('',#1896,0.5);
#969=SURFACE_STYLE_USAGE(.BOTH.,#1897);
#970=FACE_OUTER_BOUND('',#1898,.T.);
#971=CYLINDRICAL_SURFACE('',#1899,0.5);
#972=SURFACE_STYLE_USAGE(.BOTH.,#1900);
#973=FACE_OUTER_BOUND('',#1901,.T.);
#974=CYLINDRICAL_SURFACE('',#1902,0.5);
#975=SURFACE_STYLE_USAGE(.BOTH.,#1903);
#976=FACE_OUTER_BOUND('',#1904,.T.);
#977=CYLINDRICAL_SURFACE('',#1905,0.5);
#978=SURFACE_STYLE_USAGE(.BOTH.,#1906);
#979=FACE_OUTER_BOUND('',#1907,.T.);
#980=CYLINDRICAL_SURFACE('',#1908,0.5);
#981=SURFACE_STYLE_USAGE(.BOTH.,#1909);
#982=FACE_OUTER_BOUND('',#1910,.T.);
#983=CYLINDRICAL_SURFACE('',#1911,0.5);
#984=SURFACE_STYLE_USAGE(.BOTH.,#1912);
#985=FACE_OUTER_BOUND('',#1913,.T.);
#986=CYLINDRICAL_SURFACE('',#1914,0.5);
#987=SURFACE_STYLE_USAGE(.BOTH.,#1915);
#988=FACE_OUTER_BOUND('',#1916,.T.);
#989=CYLINDRICAL_SURFACE('',#1917,0.5);
#990=SURFACE_STYLE_USAGE(.BOTH.,#1918);
#991=FACE_OUTER_BOUND('',#1919,.T.);
#992=CYLINDRICAL_SURFACE('',#1920,0.6);
#993=SURFACE_STYLE_USAGE(.BOTH.,#1921);
#994=FACE_OUTER_BOUND('',#1922,.T.);
#995=CYLINDRICAL_SURFACE('',#1923,0.6);
#996=SURFACE_STYLE_USAGE(.BOTH.,#1924);
#997=FACE_OUTER_BOUND('',#1925,.T.);
#998=CYLINDRICAL_SURFACE('',#1926,0.6);
#999=SURFACE_STYLE_USAGE(.BOTH.,#1927);
#1000=FACE_OUTER_BOUND('',#1928,.T.);
#1001=CYLINDRICAL_SURFACE('',#1929,2.055);
#1002=SURFACE_STYLE_USAGE(.BOTH.,#1930);
#1003=FACE_OUTER_BOUND('',#1931,.T.);
#1004=CONICAL_SURFACE('',#1932,0.875,0.785398163397443);
#1005=SURFACE_STYLE_USAGE(.BOTH.,#1933);
#1006=FACE_OUTER_BOUND('',#1934,.T.);
#1007=CYLINDRICAL_SURFACE('',#1935,0.55);
#1008=SURFACE_STYLE_USAGE(.BOTH.,#1936);
#1009=FACE_OUTER_BOUND('',#1937,.T.);
#1010=CONICAL_SURFACE('',#1938,2.18,0.78539816339745);
#1011=SURFACE_STYLE_USAGE(.BOTH.,#1939);
#1012=FACE_OUTER_BOUND('',#1940,.T.);
#1013=CYLINDRICAL_SURFACE('',#1941,1.0);
#1014=SURFACE_STYLE_USAGE(.BOTH.,#1942);
#1015=FACE_OUTER_BOUND('',#1943,.T.);
#1016=CYLINDRICAL_SURFACE('',#1944,1.0);
#1017=SURFACE_STYLE_USAGE(.BOTH.,#1945);
#1018=FACE_OUTER_BOUND('',#1946,.T.);
#1019=CONICAL_SURFACE('',#1947,2.18,0.78539816339745);
#1020=SURFACE_STYLE_USAGE(.BOTH.,#1948);
#1021=FACE_OUTER_BOUND('',#1949,.T.);
#1022=FACE_BOUND('',#1950,.T.);
#1023=CYLINDRICAL_SURFACE('',#1951,2.6);
#1024=SURFACE_STYLE_USAGE(.BOTH.,#1952);
#1025=FACE_OUTER_BOUND('',#1953,.T.);
#1026=PLANE('',#1954);
#1027=SURFACE_STYLE_USAGE(.BOTH.,#1955);
#1028=FACE_OUTER_BOUND('',#1956,.T.);
#1029=CYLINDRICAL_SURFACE('',#1957,0.55);
#1030=SURFACE_STYLE_USAGE(.BOTH.,#1958);
#1031=FACE_OUTER_BOUND('',#1959,.T.);
#1032=PLANE('',#1960);
#1033=SURFACE_STYLE_USAGE(.BOTH.,#1961);
#1034=FACE_OUTER_BOUND('',#1962,.T.);
#1035=CONICAL_SURFACE('',#1963,0.875,0.785398163397443);
#1036=SURFACE_STYLE_USAGE(.BOTH.,#1964);
#1037=FACE_OUTER_BOUND('',#1965,.T.);
#1038=PLANE('',#1966);
#1039=SURFACE_STYLE_USAGE(.BOTH.,#1967);
#1040=FACE_OUTER_BOUND('',#1968,.T.);
#1041=CYLINDRICAL_SURFACE('',#1969,2.055);
#1042=SURFACE_STYLE_USAGE(.BOTH.,#1970);
#1043=FACE_OUTER_BOUND('',#1971,.T.);
#1044=(B_SPLINE_SURFACE(2,2,((#1973,#1974,#1975,#1976,#1977,#1978,#1979,#1980,#1981),(#1982,#1983,#1984,#1985,#1986,#1987,#1988,#1989,#1990),(#1991,#1992,#1993,#1994,#1995,#1996,#1997,#1998,#1999)),.UNSPECIFIED.,.F.,.T.,.F.)B_SPLINE_SURFACE_WITH_KNOTS((3,3),(3,2,2,2,3),(-1.5707963267949,2.64344555032837E-46),(-3.14159265358979,-1.5707963267949,0.0,1.5707963267949,3.14159265358979),.UNSPECIFIED.)RATIONAL_B_SPLINE_SURFACE(((1.0,0.707106781186548,1.0,0.707106781186548,1.0,0.707106781186548,1.0,0.707106781186548,1.0),(0.707106781186548,0.5,0.707106781186548,0.5,0.707106781186548,0.5,0.707106781186548,0.5,0.707106781186548),(1.0,0.707106781186548,1.0,0.707106781186548,1.0,0.707106781186548,1.0,0.707106781186548,1.0)))BOUNDED_SURFACE()REPRESENTATION_ITEM('')GEOMETRIC_REPRESENTATION_ITEM()SURFACE());
#1045=SURFACE_STYLE_USAGE(.BOTH.,#2006);
#1046=FACE_OUTER_BOUND('',#2007,.T.);
#1047=PLANE('',#2008);
#1048=SURFACE_STYLE_USAGE(.BOTH.,#2009);
#1049=FACE_OUTER_BOUND('',#2010,.T.);
#1050=PLANE('',#2011);
#1051=SURFACE_STYLE_USAGE(.BOTH.,#2012);
#1052=FACE_OUTER_BOUND('',#2013,.T.);
#1053=PLANE('',#2014);
#1054=SURFACE_STYLE_USAGE(.BOTH.,#2015);
#1055=FACE_OUTER_BOUND('',#2016,.T.);
#1056=PLANE('',#2017);
#1057=SURFACE_STYLE_USAGE(.BOTH.,#2018);
#1058=FACE_OUTER_BOUND('',#2019,.T.);
#1059=PLANE('',#2020);
#1060=SURFACE_STYLE_USAGE(.BOTH.,#2021);
#1061=FACE_OUTER_BOUND('',#2022,.T.);
#1062=PLANE('',#2023);
#1063=SURFACE_STYLE_USAGE(.BOTH.,#2024);
#1064=FACE_OUTER_BOUND('',#2025,.T.);
#1065=PLANE('',#2026);
#1066=SURFACE_STYLE_USAGE(.BOTH.,#2027);
#1067=FACE_OUTER_BOUND('',#2028,.T.);
#1068=PLANE('',#2029);
#1069=SURFACE_STYLE_USAGE(.BOTH.,#2030);
#1070=FACE_OUTER_BOUND('',#2031,.T.);
#1071=PLANE('',#2032);
#1072=SURFACE_STYLE_USAGE(.BOTH.,#2033);
#1073=FACE_OUTER_BOUND('',#2034,.T.);
#1074=PLANE('',#2035);
#1075=SURFACE_STYLE_USAGE(.BOTH.,#2036);
#1076=FACE_OUTER_BOUND('',#2037,.T.);
#1077=CYLINDRICAL_SURFACE('',#2038,5.48);
#1078=SURFACE_STYLE_USAGE(.BOTH.,#2039);
#1079=FACE_OUTER_BOUND('',#2040,.T.);
#1080=CYLINDRICAL_SURFACE('',#2041,5.48);
#1081=SURFACE_STYLE_USAGE(.BOTH.,#2042);
#1082=FACE_OUTER_BOUND('',#2043,.T.);
#1083=PLANE('',#2044);
#1084=SURFACE_STYLE_USAGE(.BOTH.,#2045);
#1085=FACE_OUTER_BOUND('',#2046,.T.);
#1086=PLANE('',#2047);
#1087=SURFACE_STYLE_USAGE(.BOTH.,#2048);
#1088=FACE_OUTER_BOUND('',#2049,.T.);
#1089=PLANE('',#2050);
#1090=SURFACE_STYLE_USAGE(.BOTH.,#2051);
#1091=FACE_OUTER_BOUND('',#2052,.T.);
#1092=PLANE('',#2053);
#1093=SURFACE_STYLE_USAGE(.BOTH.,#2054);
#1094=FACE_OUTER_BOUND('',#2055,.T.);
#1095=PLANE('',#2056);
#1096=SURFACE_STYLE_USAGE(.BOTH.,#2057);
#1097=FACE_OUTER_BOUND('',#2058,.T.);
#1098=PLANE('',#2059);
#1099=SURFACE_STYLE_USAGE(.BOTH.,#2060);
#1100=FACE_OUTER_BOUND('',#2061,.T.);
#1101=PLANE('',#2062);
#1102=SURFACE_STYLE_USAGE(.BOTH.,#2063);
#1103=FACE_OUTER_BOUND('',#2064,.T.);
#1104=PLANE('',#2065);
#1105=SURFACE_STYLE_USAGE(.BOTH.,#2066);
#1106=FACE_OUTER_BOUND('',#2067,.T.);
#1107=PLANE('',#2068);
#1108=SURFACE_STYLE_USAGE(.BOTH.,#2069);
#1109=FACE_OUTER_BOUND('',#2070,.T.);
#1110=PLANE('',#2071);
#1111=SURFACE_STYLE_USAGE(.BOTH.,#2072);
#1112=FACE_OUTER_BOUND('',#2073,.T.);
#1113=PLANE('',#2074);
#1114=SURFACE_STYLE_USAGE(.BOTH.,#2075);
#1115=FACE_OUTER_BOUND('',#2076,.T.);
#1116=PLANE('',#2077);
#1117=SURFACE_STYLE_USAGE(.BOTH.,#2078);
#1118=FACE_OUTER_BOUND('',#2079,.T.);
#1119=PLANE('',#2080);
#1120=SURFACE_STYLE_USAGE(.BOTH.,#2081);
#1121=FACE_OUTER_BOUND('',#2082,.T.);
#1122=PLANE('',#2083);
#1123=SURFACE_STYLE_USAGE(.BOTH.,#2084);
#1124=FACE_OUTER_BOUND('',#2085,.T.);
#1125=PLANE('',#2086);
#1126=SURFACE_STYLE_USAGE(.BOTH.,#2087);
#1127=FACE_OUTER_BOUND('',#2088,.T.);
#1128=PLANE('',#2089);
#1129=SURFACE_STYLE_USAGE(.BOTH.,#2090);
#1130=FACE_OUTER_BOUND('',#2091,.T.);
#1131=PLANE('',#2092);
#1132=SURFACE_STYLE_USAGE(.BOTH.,#2093);
#1133=FACE_OUTER_BOUND('',#2094,.T.);
#1134=PLANE('',#2095);
#1135=SURFACE_STYLE_USAGE(.BOTH.,#2096);
#1136=FACE_OUTER_BOUND('',#2097,.T.);
#1137=PLANE('',#2098);
#1138=SURFACE_STYLE_USAGE(.BOTH.,#2099);
#1139=FACE_OUTER_BOUND('',#2100,.T.);
#1140=PLANE('',#2101);
#1141=SURFACE_STYLE_USAGE(.BOTH.,#2102);
#1142=FACE_OUTER_BOUND('',#2103,.T.);
#1143=PLANE('',#2104);
#1144=SURFACE_STYLE_USAGE(.BOTH.,#2105);
#1145=FACE_OUTER_BOUND('',#2106,.T.);
#1146=PLANE('',#2107);
#1147=SURFACE_STYLE_USAGE(.BOTH.,#2108);
#1148=FACE_OUTER_BOUND('',#2109,.T.);
#1149=PLANE('',#2110);
#1150=SURFACE_STYLE_USAGE(.BOTH.,#2111);
#1151=FACE_OUTER_BOUND('',#2112,.T.);
#1152=PLANE('',#2113);
#1153=SURFACE_STYLE_USAGE(.BOTH.,#2114);
#1154=FACE_OUTER_BOUND('',#2115,.T.);
#1155=PLANE('',#2116);
#1156=SURFACE_STYLE_USAGE(.BOTH.,#2117);
#1157=FACE_OUTER_BOUND('',#2118,.T.);
#1158=PLANE('',#2119);
#1159=SURFACE_STYLE_USAGE(.BOTH.,#2120);
#1160=FACE_OUTER_BOUND('',#2121,.T.);
#1161=PLANE('',#2122);
#1162=SURFACE_STYLE_USAGE(.BOTH.,#2123);
#1163=FACE_OUTER_BOUND('',#2124,.T.);
#1164=PLANE('',#2125);
#1165=SURFACE_STYLE_USAGE(.BOTH.,#2126);
#1166=FACE_OUTER_BOUND('',#2127,.T.);
#1167=PLANE('',#2128);
#1168=SURFACE_STYLE_USAGE(.BOTH.,#2129);
#1169=FACE_OUTER_BOUND('',#2130,.T.);
#1170=PLANE('',#2131);
#1171=SURFACE_STYLE_USAGE(.BOTH.,#2132);
#1172=FACE_OUTER_BOUND('',#2133,.T.);
#1173=PLANE('',#2134);
#1174=SURFACE_STYLE_USAGE(.BOTH.,#2135);
#1175=FACE_OUTER_BOUND('',#2136,.T.);
#1176=PLANE('',#2137);
#1177=SURFACE_STYLE_USAGE(.BOTH.,#2138);
#1178=FACE_OUTER_BOUND('',#2139,.T.);
#1179=PLANE('',#2140);
#1180=SURFACE_STYLE_USAGE(.BOTH.,#2141);
#1181=FACE_OUTER_BOUND('',#2142,.T.);
#1182=PLANE('',#2143);
#1183=SURFACE_STYLE_USAGE(.BOTH.,#2144);
#1184=FACE_OUTER_BOUND('',#2145,.T.);
#1185=PLANE('',#2146);
#1186=SURFACE_STYLE_USAGE(.BOTH.,#2147);
#1187=FACE_OUTER_BOUND('',#2148,.T.);
#1188=PLANE('',#2149);
#1189=SURFACE_STYLE_USAGE(.BOTH.,#2150);
#1190=FACE_OUTER_BOUND('',#2151,.T.);
#1191=PLANE('',#2152);
#1192=SURFACE_STYLE_USAGE(.BOTH.,#2153);
#1193=FACE_OUTER_BOUND('',#2154,.T.);
#1194=PLANE('',#2155);
#1195=SURFACE_STYLE_USAGE(.BOTH.,#2156);
#1196=FACE_OUTER_BOUND('',#2157,.T.);
#1197=PLANE('',#2158);
#1198=SURFACE_STYLE_USAGE(.BOTH.,#2159);
#1199=FACE_OUTER_BOUND('',#2160,.T.);
#1200=PLANE('',#2161);
#1201=SURFACE_STYLE_USAGE(.BOTH.,#2162);
#1202=FACE_OUTER_BOUND('',#2163,.T.);
#1203=PLANE('',#2164);
#1204=SURFACE_STYLE_USAGE(.BOTH.,#2165);
#1205=FACE_OUTER_BOUND('',#2166,.T.);
#1206=PLANE('',#2167);
#1207=SURFACE_STYLE_USAGE(.BOTH.,#2168);
#1208=FACE_OUTER_BOUND('',#2169,.T.);
#1209=PLANE('',#2170);
#1210=SURFACE_STYLE_USAGE(.BOTH.,#2171);
#1211=FACE_OUTER_BOUND('',#2172,.T.);
#1212=PLANE('',#2173);
#1213=SURFACE_STYLE_USAGE(.BOTH.,#2174);
#1214=FACE_OUTER_BOUND('',#2175,.T.);
#1215=PLANE('',#2176);
#1216=SURFACE_STYLE_USAGE(.BOTH.,#2177);
#1217=FACE_OUTER_BOUND('',#2178,.T.);
#1218=PLANE('',#2179);
#1219=SURFACE_STYLE_USAGE(.BOTH.,#2180);
#1220=FACE_OUTER_BOUND('',#2181,.T.);
#1221=PLANE('',#2182);
#1222=SURFACE_STYLE_USAGE(.BOTH.,#2183);
#1223=FACE_OUTER_BOUND('',#2184,.T.);
#1224=PLANE('',#2185);
#1225=SURFACE_STYLE_USAGE(.BOTH.,#2186);
#1226=FACE_OUTER_BOUND('',#2187,.T.);
#1227=FACE_BOUND('',#2188,.T.);
#1228=PLANE('',#2189);
#1229=SURFACE_STYLE_USAGE(.BOTH.,#2190);
#1230=FACE_OUTER_BOUND('',#2191,.T.);
#1231=FACE_BOUND('',#2192,.T.);
#1232=PLANE('',#2193);
#1233=SURFACE_STYLE_USAGE(.BOTH.,#2194);
#1234=FACE_OUTER_BOUND('',#2195,.T.);
#1235=CYLINDRICAL_SURFACE('',#2196,0.6);
#1236=SURFACE_STYLE_USAGE(.BOTH.,#2197);
#1237=FACE_OUTER_BOUND('',#2198,.T.);
#1238=PLANE('',#2199);
#1239=SURFACE_STYLE_USAGE(.BOTH.,#2200);
#1240=FACE_OUTER_BOUND('',#2201,.T.);
#1241=CYLINDRICAL_SURFACE('',#2202,0.6);
#1242=SURFACE_STYLE_USAGE(.BOTH.,#2203);
#1243=FACE_OUTER_BOUND('',#2204,.T.);
#1244=PLANE('',#2205);
#1245=SURFACE_STYLE_USAGE(.BOTH.,#2206);
#1246=FACE_OUTER_BOUND('',#2207,.T.);
#1247=CYLINDRICAL_SURFACE('',#2208,0.6);
#1248=SURFACE_STYLE_USAGE(.BOTH.,#2209);
#1249=FACE_OUTER_BOUND('',#2210,.T.);
#1250=PLANE('',#2211);
#1251=SURFACE_STYLE_USAGE(.BOTH.,#2212);
#1252=FACE_OUTER_BOUND('',#2213,.T.);
#1253=PLANE('',#2214);
#1254=SURFACE_STYLE_USAGE(.BOTH.,#2215);
#1255=FACE_OUTER_BOUND('',#2216,.T.);
#1256=B_SPLINE_SURFACE_WITH_KNOTS('',2,1,((#2217,#2218),(#2219,#2220),(#2221,#2222),(#2223,#2224),(#2225,#2226)),.UNSPECIFIED.,.F.,.F.,.F.,(3,1,1,3),(2,2),(-3.0,-2.0,-1.0,0.0),(0.0,0.02),.UNSPECIFIED.);
#1257=SURFACE_STYLE_USAGE(.BOTH.,#2227);
#1258=FACE_OUTER_BOUND('',#2228,.T.);
#1259=PLANE('',#2229);
#1260=SURFACE_STYLE_USAGE(.BOTH.,#2230);
#1261=FACE_OUTER_BOUND('',#2231,.T.);
#1262=PLANE('',#2232);
#1263=SURFACE_STYLE_USAGE(.BOTH.,#2233);
#1264=FACE_OUTER_BOUND('',#2234,.T.);
#1265=PLANE('',#2235);
#1266=SURFACE_STYLE_USAGE(.BOTH.,#2236);
#1267=FACE_OUTER_BOUND('',#2237,.T.);
#1268=B_SPLINE_SURFACE_WITH_KNOTS('',2,1,((#2238,#2239),(#2240,#2241),(#2242,#2243),(#2244,#2245),(#2246,#2247)),.UNSPECIFIED.,.F.,.F.,.F.,(3,1,1,3),(2,2),(-3.0,-2.0,-1.0,0.0),(0.0,0.02),.UNSPECIFIED.);
#1269=SURFACE_STYLE_USAGE(.BOTH.,#2248);
#1270=FACE_OUTER_BOUND('',#2249,.T.);
#1271=PLANE('',#2250);
#1272=SURFACE_STYLE_USAGE(.BOTH.,#2251);
#1273=FACE_OUTER_BOUND('',#2252,.T.);
#1274=PLANE('',#2253);
#1275=SURFACE_STYLE_USAGE(.BOTH.,#2254);
#1276=FACE_OUTER_BOUND('',#2255,.T.);
#1277=PLANE('',#2256);
#1278=SURFACE_STYLE_USAGE(.BOTH.,#2257);
#1279=FACE_OUTER_BOUND('',#2258,.T.);
#1280=PLANE('',#2259);
#1281=SURFACE_STYLE_USAGE(.BOTH.,#2260);
#1282=FACE_OUTER_BOUND('',#2261,.T.);
#1283=PLANE('',#2262);
#1284=SURFACE_STYLE_USAGE(.BOTH.,#2263);
#1285=FACE_OUTER_BOUND('',#2264,.T.);
#1286=B_SPLINE_SURFACE_WITH_KNOTS('',2,1,((#2265,#2266),(#2267,#2268),(#2269,#2270),(#2271,#2272),(#2273,#2274)),.UNSPECIFIED.,.F.,.F.,.F.,(3,1,1,3),(2,2),(-3.0,-2.0,-1.0,0.0),(0.0,0.02),.UNSPECIFIED.);
#1287=SURFACE_STYLE_USAGE(.BOTH.,#2275);
#1288=FACE_OUTER_BOUND('',#2276,.T.);
#1289=PLANE('',#2277);
#1290=SURFACE_STYLE_USAGE(.BOTH.,#2278);
#1291=FACE_OUTER_BOUND('',#2279,.T.);
#1292=PLANE('',#2280);
#1293=SURFACE_STYLE_USAGE(.BOTH.,#2281);
#1294=FACE_OUTER_BOUND('',#2282,.T.);
#1295=B_SPLINE_SURFACE_WITH_KNOTS('',2,1,((#2283,#2284),(#2285,#2286),(#2287,#2288),(#2289,#2290),(#2291,#2292)),.UNSPECIFIED.,.F.,.F.,.F.,(3,1,1,3),(2,2),(-3.0,-2.0,-1.0,0.0),(0.0,0.02),.UNSPECIFIED.);
#1296=SURFACE_STYLE_USAGE(.BOTH.,#2293);
#1297=FACE_OUTER_BOUND('',#2294,.T.);
#1298=PLANE('',#2295);
#1299=SURFACE_STYLE_USAGE(.BOTH.,#2296);
#1300=FACE_OUTER_BOUND('',#2297,.T.);
#1301=PLANE('',#2298);
#1302=SURFACE_STYLE_USAGE(.BOTH.,#2299);
#1303=FACE_OUTER_BOUND('',#2300,.T.);
#1304=PLANE('',#2301);
#1305=SURFACE_STYLE_USAGE(.BOTH.,#2302);
#1306=FACE_OUTER_BOUND('',#2303,.T.);
#1307=PLANE('',#2304);
#1308=SURFACE_STYLE_USAGE(.BOTH.,#2305);
#1309=FACE_OUTER_BOUND('',#2306,.T.);
#1310=PLANE('',#2307);
#1311=SURFACE_STYLE_USAGE(.BOTH.,#2308);
#1312=FACE_OUTER_BOUND('',#2309,.T.);
#1313=B_SPLINE_SURFACE_WITH_KNOTS('',2,1,((#2310,#2311),(#2312,#2313),(#2314,#2315),(#2316,#2317),(#2318,#2319)),.UNSPECIFIED.,.F.,.F.,.F.,(3,1,1,3),(2,2),(-3.0,-2.0,-1.0,0.0),(0.0,0.02),.UNSPECIFIED.);
#1314=SURFACE_STYLE_USAGE(.BOTH.,#2320);
#1315=FACE_OUTER_BOUND('',#2321,.T.);
#1316=PLANE('',#2322);
#1317=SURFACE_STYLE_USAGE(.BOTH.,#2323);
#1318=FACE_OUTER_BOUND('',#2324,.T.);
#1319=B_SPLINE_SURFACE_WITH_KNOTS('',2,1,((#2325,#2326),(#2327,#2328),(#2329,#2330),(#2331,#2332),(#2333,#2334)),.UNSPECIFIED.,.F.,.F.,.F.,(3,1,1,3),(2,2),(-3.0,-2.0,-1.0,0.0),(0.0,0.02),.UNSPECIFIED.);
#1320=SURFACE_STYLE_USAGE(.BOTH.,#2335);
#1321=FACE_OUTER_BOUND('',#2336,.T.);
#1322=PLANE('',#2337);
#1323=SURFACE_STYLE_USAGE(.BOTH.,#2338);
#1324=FACE_OUTER_BOUND('',#2339,.T.);
#1325=PLANE('',#2340);
#1326=SURFACE_STYLE_USAGE(.BOTH.,#2341);
#1327=FACE_OUTER_BOUND('',#2342,.T.);
#1328=PLANE('',#2343);
#1329=SURFACE_STYLE_USAGE(.BOTH.,#2344);
#1330=FACE_OUTER_BOUND('',#2345,.T.);
#1331=PLANE('',#2346);
#1332=SURFACE_STYLE_USAGE(.BOTH.,#2347);
#1333=FACE_OUTER_BOUND('',#2348,.T.);
#1334=PLANE('',#2349);
#1335=SURFACE_STYLE_USAGE(.BOTH.,#2350);
#1336=FACE_OUTER_BOUND('',#2351,.T.);
#1337=PLANE('',#2352);
#1338=SURFACE_STYLE_USAGE(.BOTH.,#2353);
#1339=FACE_OUTER_BOUND('',#2354,.T.);
#1340=B_SPLINE_SURFACE_WITH_KNOTS('',2,1,((#2355,#2356),(#2357,#2358),(#2359,#2360),(#2361,#2362),(#2363,#2364)),.UNSPECIFIED.,.F.,.F.,.F.,(3,1,1,3),(2,2),(-3.0,-2.0,-1.0,0.0),(0.0,0.02),.UNSPECIFIED.);
#1341=SURFACE_STYLE_USAGE(.BOTH.,#2365);
#1342=FACE_OUTER_BOUND('',#2366,.T.);
#1343=PLANE('',#2367);
#1344=SURFACE_STYLE_USAGE(.BOTH.,#2368);
#1345=FACE_OUTER_BOUND('',#2369,.T.);
#1346=B_SPLINE_SURFACE_WITH_KNOTS('',2,1,((#2370,#2371),(#2372,#2373),(#2374,#2375)),.UNSPECIFIED.,.F.,.F.,.F.,(3,3),(2,2),(-1.0,0.0),(0.0,0.02),.UNSPECIFIED.);
#1347=SURFACE_STYLE_USAGE(.BOTH.,#2376);
#1348=FACE_OUTER_BOUND('',#2377,.T.);
#1349=B_SPLINE_SURFACE_WITH_KNOTS('',2,1,((#2378,#2379),(#2380,#2381),(#2382,#2383)),.UNSPECIFIED.,.F.,.F.,.F.,(3,3),(2,2),(-1.0,0.0),(0.0,0.02),.UNSPECIFIED.);
#1350=SURFACE_STYLE_USAGE(.BOTH.,#2384);
#1351=FACE_OUTER_BOUND('',#2385,.T.);
#1352=B_SPLINE_SURFACE_WITH_KNOTS('',2,1,((#2386,#2387),(#2388,#2389),(#2390,#2391)),.UNSPECIFIED.,.F.,.F.,.F.,(3,3),(2,2),(-1.0,0.0),(0.0,0.02),.UNSPECIFIED.);
#1353=SURFACE_STYLE_USAGE(.BOTH.,#2392);
#1354=FACE_OUTER_BOUND('',#2393,.T.);
#1355=PLANE('',#2394);
#1356=SURFACE_STYLE_USAGE(.BOTH.,#2395);
#1357=FACE_OUTER_BOUND('',#2396,.T.);
#1358=B_SPLINE_SURFACE_WITH_KNOTS('',2,1,((#2397,#2398),(#2399,#2400),(#2401,#2402),(#2403,#2404),(#2405,#2406)),.UNSPECIFIED.,.F.,.F.,.F.,(3,1,1,3),(2,2),(-3.0,-2.0,-1.0,0.0),(0.0,0.02),.UNSPECIFIED.);
#1359=SURFACE_STYLE_USAGE(.BOTH.,#2407);
#1360=FACE_OUTER_BOUND('',#2408,.T.);
#1361=PLANE('',#2409);
#1362=SURFACE_STYLE_USAGE(.BOTH.,#2410);
#1363=FACE_OUTER_BOUND('',#2411,.T.);
#1364=PLANE('',#2412);
#1365=SURFACE_STYLE_USAGE(.BOTH.,#2413);
#1366=FACE_OUTER_BOUND('',#2414,.T.);
#1367=PLANE('',#2415);
#1368=SURFACE_STYLE_USAGE(.BOTH.,#2416);
#1369=FACE_OUTER_BOUND('',#2417,.T.);
#1370=PLANE('',#2418);
#1371=SURFACE_STYLE_USAGE(.BOTH.,#2419);
#1372=FACE_OUTER_BOUND('',#2420,.T.);
#1373=PLANE('',#2421);
#1374=SURFACE_STYLE_USAGE(.BOTH.,#2422);
#1375=FACE_OUTER_BOUND('',#2423,.T.);
#1376=B_SPLINE_SURFACE_WITH_KNOTS('',2,1,((#2424,#2425),(#2426,#2427),(#2428,#2429),(#2430,#2431),(#2432,#2433)),.UNSPECIFIED.,.F.,.F.,.F.,(3,1,1,3),(2,2),(-3.0,-2.0,-1.0,0.0),(0.0,0.02),.UNSPECIFIED.);
#1377=SURFACE_STYLE_USAGE(.BOTH.,#2434);
#1378=FACE_OUTER_BOUND('',#2435,.T.);
#1379=PLANE('',#2436);
#1380=SURFACE_STYLE_USAGE(.BOTH.,#2437);
#1381=FACE_OUTER_BOUND('',#2438,.T.);
#1382=B_SPLINE_SURFACE_WITH_KNOTS('',2,1,((#2439,#2440),(#2441,#2442),(#2443,#2444),(#2445,#2446),(#2447,#2448)),.UNSPECIFIED.,.F.,.F.,.F.,(3,1,1,3),(2,2),(-3.0,-2.0,-1.0,0.0),(0.0,0.02),.UNSPECIFIED.);
#1383=SURFACE_STYLE_USAGE(.BOTH.,#2449);
#1384=FACE_OUTER_BOUND('',#2450,.T.);
#1385=PLANE('',#2451);
#1386=SURFACE_STYLE_USAGE(.BOTH.,#2452);
#1387=FACE_OUTER_BOUND('',#2453,.T.);
#1388=PLANE('',#2454);
#1389=SURFACE_STYLE_USAGE(.BOTH.,#2455);
#1390=FACE_OUTER_BOUND('',#2456,.T.);
#1391=PLANE('',#2457);
#1392=SURFACE_STYLE_USAGE(.BOTH.,#2458);
#1393=FACE_OUTER_BOUND('',#2459,.T.);
#1394=PLANE('',#2460);
#1395=SURFACE_STYLE_USAGE(.BOTH.,#2461);
#1396=FACE_OUTER_BOUND('',#2462,.T.);
#1397=PLANE('',#2463);
#1398=SURFACE_STYLE_USAGE(.BOTH.,#2464);
#1399=FACE_OUTER_BOUND('',#2465,.T.);
#1400=PLANE('',#2466);
#1401=SURFACE_STYLE_USAGE(.BOTH.,#2467);
#1402=FACE_OUTER_BOUND('',#2468,.T.);
#1403=B_SPLINE_SURFACE_WITH_KNOTS('',2,1,((#2469,#2470),(#2471,#2472),(#2473,#2474)),.UNSPECIFIED.,.F.,.F.,.F.,(3,3),(2,2),(-1.0,0.0),(0.0,0.02),.UNSPECIFIED.);
#1404=SURFACE_STYLE_USAGE(.BOTH.,#2475);
#1405=FACE_OUTER_BOUND('',#2476,.T.);
#1406=B_SPLINE_SURFACE_WITH_KNOTS('',2,1,((#2477,#2478),(#2479,#2480),(#2481,#2482),(#2483,#2484)),.UNSPECIFIED.,.F.,.F.,.F.,(3,1,3),(2,2),(-2.0,-1.0,0.0),(0.0,0.02),.UNSPECIFIED.);
#1407=SURFACE_STYLE_USAGE(.BOTH.,#2485);
#1408=FACE_OUTER_BOUND('',#2486,.T.);
#1409=B_SPLINE_SURFACE_WITH_KNOTS('',2,1,((#2487,#2488),(#2489,#2490),(#2491,#2492),(#2493,#2494),(#2495,#2496)),.UNSPECIFIED.,.F.,.F.,.F.,(3,1,1,3),(2,2),(-3.0,-2.0,-1.0,0.0),(0.0,0.02),.UNSPECIFIED.);
#1410=SURFACE_STYLE_USAGE(.BOTH.,#2497);
#1411=FACE_OUTER_BOUND('',#2498,.T.);
#1412=B_SPLINE_SURFACE_WITH_KNOTS('',2,1,((#2499,#2500),(#2501,#2502),(#2503,#2504),(#2505,#2506),(#2507,#2508)),.UNSPECIFIED.,.F.,.F.,.F.,(3,1,1,3),(2,2),(-3.0,-2.0,-1.0,0.0),(0.0,0.02),.UNSPECIFIED.);
#1413=SURFACE_STYLE_USAGE(.BOTH.,#2509);
#1414=FACE_OUTER_BOUND('',#2510,.T.);
#1415=B_SPLINE_SURFACE_WITH_KNOTS('',2,1,((#2511,#2512),(#2513,#2514),(#2515,#2516),(#2517,#2518)),.UNSPECIFIED.,.F.,.F.,.F.,(3,1,3),(2,2),(-2.0,-1.0,0.0),(0.0,0.02),.UNSPECIFIED.);
#1416=SURFACE_STYLE_USAGE(.BOTH.,#2519);
#1417=FACE_OUTER_BOUND('',#2520,.T.);
#1418=PLANE('',#2521);
#1419=SURFACE_STYLE_USAGE(.BOTH.,#2522);
#1420=FACE_OUTER_BOUND('',#2523,.T.);
#1421=B_SPLINE_SURFACE_WITH_KNOTS('',2,1,((#2524,#2525),(#2526,#2527),(#2528,#2529)),.UNSPECIFIED.,.F.,.F.,.F.,(3,3),(2,2),(-1.0,0.0),(0.0,0.02),.UNSPECIFIED.);
#1422=SURFACE_STYLE_USAGE(.BOTH.,#2530);
#1423=FACE_OUTER_BOUND('',#2531,.T.);
#1424=B_SPLINE_SURFACE_WITH_KNOTS('',2,1,((#2532,#2533),(#2534,#2535),(#2536,#2537),(#2538,#2539)),.UNSPECIFIED.,.F.,.F.,.F.,(3,1,3),(2,2),(-2.0,-1.0,0.0),(0.0,0.02),.UNSPECIFIED.);
#1425=SURFACE_STYLE_USAGE(.BOTH.,#2540);
#1426=FACE_OUTER_BOUND('',#2541,.T.);
#1427=B_SPLINE_SURFACE_WITH_KNOTS('',2,1,((#2542,#2543),(#2544,#2545),(#2546,#2547)),.UNSPECIFIED.,.F.,.F.,.F.,(3,3),(2,2),(-1.0,0.0),(0.0,0.02),.UNSPECIFIED.);
#1428=SURFACE_STYLE_USAGE(.BOTH.,#2548);
#1429=FACE_OUTER_BOUND('',#2549,.T.);
#1430=B_SPLINE_SURFACE_WITH_KNOTS('',2,1,((#2550,#2551),(#2552,#2553),(#2554,#2555)),.UNSPECIFIED.,.F.,.F.,.F.,(3,3),(2,2),(-1.0,0.0),(0.0,0.02),.UNSPECIFIED.);
#1431=SURFACE_STYLE_USAGE(.BOTH.,#2556);
#1432=FACE_OUTER_BOUND('',#2557,.T.);
#1433=B_SPLINE_SURFACE_WITH_KNOTS('',2,1,((#2558,#2559),(#2560,#2561),(#2562,#2563),(#2564,#2565),(#2566,#2567)),.UNSPECIFIED.,.F.,.F.,.F.,(3,1,1,3),(2,2),(-3.0,-2.0,-1.0,0.0),(0.0,0.02),.UNSPECIFIED.);
#1434=SURFACE_STYLE_USAGE(.BOTH.,#2568);
#1435=FACE_OUTER_BOUND('',#2569,.T.);
#1436=B_SPLINE_SURFACE_WITH_KNOTS('',2,1,((#2570,#2571),(#2572,#2573),(#2574,#2575),(#2576,#2577)),.UNSPECIFIED.,.F.,.F.,.F.,(3,1,3),(2,2),(-2.0,-1.0,0.0),(0.0,0.02),.UNSPECIFIED.);
#1437=SURFACE_STYLE_USAGE(.BOTH.,#2578);
#1438=FACE_OUTER_BOUND('',#2579,.T.);
#1439=PLANE('',#2580);
#1440=SURFACE_STYLE_USAGE(.BOTH.,#2581);
#1441=FACE_OUTER_BOUND('',#2582,.T.);
#1442=PLANE('',#2583);
#1443=SURFACE_STYLE_USAGE(.BOTH.,#2584);
#1444=FACE_OUTER_BOUND('',#2585,.T.);
#1445=PLANE('',#2586);
#1446=SURFACE_STYLE_USAGE(.BOTH.,#2587);
#1447=FACE_OUTER_BOUND('',#2588,.T.);
#1448=PLANE('',#2589);
#1449=SURFACE_STYLE_USAGE(.BOTH.,#2590);
#1450=FACE_OUTER_BOUND('',#2591,.T.);
#1451=PLANE('',#2592);
#1452=SURFACE_STYLE_USAGE(.BOTH.,#2593);
#1453=FACE_OUTER_BOUND('',#2594,.T.);
#1454=B_SPLINE_SURFACE_WITH_KNOTS('',2,1,((#2595,#2596),(#2597,#2598),(#2599,#2600),(#2601,#2602),(#2603,#2604)),.UNSPECIFIED.,.F.,.F.,.F.,(3,1,1,3),(2,2),(-3.0,-2.0,-1.0,0.0),(0.0,0.02),.UNSPECIFIED.);
#1455=SURFACE_STYLE_USAGE(.BOTH.,#2605);
#1456=FACE_OUTER_BOUND('',#2606,.T.);
#1457=PLANE('',#2607);
#1458=SURFACE_STYLE_USAGE(.BOTH.,#2608);
#1459=FACE_OUTER_BOUND('',#2609,.T.);
#1460=B_SPLINE_SURFACE_WITH_KNOTS('',2,1,((#2610,#2611),(#2612,#2613),(#2614,#2615),(#2616,#2617),(#2618,#2619)),.UNSPECIFIED.,.F.,.F.,.F.,(3,1,1,3),(2,2),(-3.0,-2.0,-1.0,0.0),(0.0,0.02),.UNSPECIFIED.);
#1461=SURFACE_STYLE_USAGE(.BOTH.,#2620);
#1462=FACE_OUTER_BOUND('',#2621,.T.);
#1463=PLANE('',#2622);
#1464=SURFACE_STYLE_USAGE(.BOTH.,#2623);
#1465=FACE_OUTER_BOUND('',#2624,.T.);
#1466=PLANE('',#2625);
#1467=SURFACE_STYLE_USAGE(.BOTH.,#2626);
#1468=FACE_OUTER_BOUND('',#2627,.T.);
#1469=PLANE('',#2628);
#1470=SURFACE_STYLE_USAGE(.BOTH.,#2629);
#1471=FACE_OUTER_BOUND('',#2630,.T.);
#1472=PLANE('',#2631);
#1473=SURFACE_STYLE_USAGE(.BOTH.,#2632);
#1474=FACE_OUTER_BOUND('',#2633,.T.);
#1475=PLANE('',#2634);
#1476=SURFACE_STYLE_USAGE(.BOTH.,#2635);
#1477=FACE_OUTER_BOUND('',#2636,.T.);
#1478=B_SPLINE_SURFACE_WITH_KNOTS('',2,1,((#2637,#2638),(#2639,#2640),(#2641,#2642),(#2643,#2644),(#2645,#2646)),.UNSPECIFIED.,.F.,.F.,.F.,(3,1,1,3),(2,2),(-3.0,-2.0,-1.0,0.0),(0.0,0.02),.UNSPECIFIED.);
#1479=SURFACE_STYLE_USAGE(.BOTH.,#2647);
#1480=FACE_OUTER_BOUND('',#2648,.T.);
#1481=PLANE('',#2649);
#1482=SURFACE_STYLE_USAGE(.BOTH.,#2650);
#1483=FACE_OUTER_BOUND('',#2651,.T.);
#1484=B_SPLINE_SURFACE_WITH_KNOTS('',2,1,((#2652,#2653),(#2654,#2655),(#2656,#2657),(#2658,#2659),(#2660,#2661)),.UNSPECIFIED.,.F.,.F.,.F.,(3,1,1,3),(2,2),(-3.0,-2.0,-1.0,0.0),(0.0,0.02),.UNSPECIFIED.);
#1485=SURFACE_STYLE_USAGE(.BOTH.,#2662);
#1486=FACE_OUTER_BOUND('',#2663,.T.);
#1487=PLANE('',#2664);
#1488=SURFACE_STYLE_USAGE(.BOTH.,#2665);
#1489=FACE_OUTER_BOUND('',#2666,.T.);
#1490=PLANE('',#2667);
#1491=SURFACE_STYLE_USAGE(.BOTH.,#2668);
#1492=FACE_OUTER_BOUND('',#2669,.T.);
#1493=PLANE('',#2670);
#1494=SURFACE_STYLE_USAGE(.BOTH.,#2671);
#1495=FACE_OUTER_BOUND('',#2672,.T.);
#1496=PLANE('',#2673);
#1497=SURFACE_STYLE_USAGE(.BOTH.,#2674);
#1498=FACE_OUTER_BOUND('',#2675,.T.);
#1499=PLANE('',#2676);
#1500=SURFACE_STYLE_USAGE(.BOTH.,#2677);
#1501=FACE_OUTER_BOUND('',#2678,.T.);
#1502=PLANE('',#2679);
#1503=SURFACE_STYLE_USAGE(.BOTH.,#2680);
#1504=FACE_OUTER_BOUND('',#2681,.T.);
#1505=B_SPLINE_SURFACE_WITH_KNOTS('',2,1,((#2682,#2683),(#2684,#2685),(#2686,#2687),(#2688,#2689),(#2690,#2691)),.UNSPECIFIED.,.F.,.F.,.F.,(3,1,1,3),(2,2),(-3.0,-2.0,-1.0,0.0),(0.0,0.02),.UNSPECIFIED.);
#1506=SURFACE_STYLE_USAGE(.BOTH.,#2692);
#1507=FACE_OUTER_BOUND('',#2693,.T.);
#1508=PLANE('',#2694);
#1509=SURFACE_STYLE_USAGE(.BOTH.,#2695);
#1510=FACE_OUTER_BOUND('',#2696,.T.);
#1511=PLANE('',#2697);
#1512=SURFACE_STYLE_USAGE(.BOTH.,#2698);
#1513=FACE_OUTER_BOUND('',#2699,.T.);
#1514=PLANE('',#2700);
#1515=SURFACE_STYLE_USAGE(.BOTH.,#2701);
#1516=FACE_OUTER_BOUND('',#2702,.T.);
#1517=B_SPLINE_SURFACE_WITH_KNOTS('',2,1,((#2703,#2704),(#2705,#2706),(#2707,#2708),(#2709,#2710),(#2711,#2712)),.UNSPECIFIED.,.F.,.F.,.F.,(3,1,1,3),(2,2),(-3.0,-2.0,-1.0,0.0),(0.0,0.02),.UNSPECIFIED.);
#1518=SURFACE_STYLE_USAGE(.BOTH.,#2713);
#1519=FACE_OUTER_BOUND('',#2714,.T.);
#1520=PLANE('',#2715);
#1521=SURFACE_STYLE_USAGE(.BOTH.,#2716);
#1522=FACE_OUTER_BOUND('',#2717,.T.);
#1523=PLANE('',#2718);
#1524=SURFACE_STYLE_USAGE(.BOTH.,#2719);
#1525=FACE_OUTER_BOUND('',#2720,.T.);
#1526=PLANE('',#2721);
#1527=SURFACE_STYLE_USAGE(.BOTH.,#2722);
#1528=FACE_OUTER_BOUND('',#2723,.T.);
#1529=PLANE('',#2724);
#1530=SURFACE_STYLE_USAGE(.BOTH.,#2725);
#1531=FACE_OUTER_BOUND('',#2726,.T.);
#1532=PLANE('',#2727);
#1533=SURFACE_STYLE_USAGE(.BOTH.,#2728);
#1534=FACE_OUTER_BOUND('',#2729,.T.);
#1535=B_SPLINE_SURFACE_WITH_KNOTS('',2,1,((#2730,#2731),(#2732,#2733),(#2734,#2735),(#2736,#2737),(#2738,#2739)),.UNSPECIFIED.,.F.,.F.,.F.,(3,1,1,3),(2,2),(-3.0,-2.0,-1.0,0.0),(0.0,0.02),.UNSPECIFIED.);
#1536=SURFACE_STYLE_USAGE(.BOTH.,#2740);
#1537=FACE_OUTER_BOUND('',#2741,.T.);
#1538=PLANE('',#2742);
#1539=SURFACE_STYLE_USAGE(.BOTH.,#2743);
#1540=FACE_OUTER_BOUND('',#2744,.T.);
#1541=PLANE('',#2745);
#1542=SURFACE_STYLE_USAGE(.BOTH.,#2746);
#1543=FACE_OUTER_BOUND('',#2747,.T.);
#1544=B_SPLINE_SURFACE_WITH_KNOTS('',2,1,((#2748,#2749),(#2750,#2751),(#2752,#2753),(#2754,#2755),(#2756,#2757)),.UNSPECIFIED.,.F.,.F.,.F.,(3,1,1,3),(2,2),(-3.0,-2.0,-1.0,0.0),(0.0,0.02),.UNSPECIFIED.);
#1545=SURFACE_STYLE_USAGE(.BOTH.,#2758);
#1546=FACE_OUTER_BOUND('',#2759,.T.);
#1547=PLANE('',#2760);
#1548=SURFACE_STYLE_USAGE(.BOTH.,#2761);
#1549=FACE_OUTER_BOUND('',#2762,.T.);
#1550=PLANE('',#2763);
#1551=SURFACE_STYLE_USAGE(.BOTH.,#2764);
#1552=FACE_OUTER_BOUND('',#2765,.T.);
#1553=PLANE('',#2766);
#1554=SURFACE_STYLE_USAGE(.BOTH.,#2767);
#1555=FACE_OUTER_BOUND('',#2768,.T.);
#1556=PLANE('',#2769);
#1557=SURFACE_STYLE_USAGE(.BOTH.,#2770);
#1558=FACE_OUTER_BOUND('',#2771,.T.);
#1559=PLANE('',#2772);
#1560=SURFACE_STYLE_USAGE(.BOTH.,#2773);
#1561=FACE_OUTER_BOUND('',#2774,.T.);
#1562=B_SPLINE_SURFACE_WITH_KNOTS('',2,1,((#2775,#2776),(#2777,#2778),(#2779,#2780),(#2781,#2782),(#2783,#2784)),.UNSPECIFIED.,.F.,.F.,.F.,(3,1,1,3),(2,2),(-3.0,-2.0,-1.0,0.0),(0.0,0.02),.UNSPECIFIED.);
#1563=SURFACE_STYLE_USAGE(.BOTH.,#2785);
#1564=FACE_OUTER_BOUND('',#2786,.T.);
#1565=PLANE('',#2787);
#1566=SURFACE_STYLE_USAGE(.BOTH.,#2788);
#1567=FACE_OUTER_BOUND('',#2789,.T.);
#1568=B_SPLINE_SURFACE_WITH_KNOTS('',2,1,((#2790,#2791),(#2792,#2793),(#2794,#2795),(#2796,#2797),(#2798,#2799)),.UNSPECIFIED.,.F.,.F.,.F.,(3,1,1,3),(2,2),(-3.0,-2.0,-1.0,0.0),(0.0,0.02),.UNSPECIFIED.);
#1569=SURFACE_STYLE_USAGE(.BOTH.,#2800);
#1570=FACE_OUTER_BOUND('',#2801,.T.);
#1571=PLANE('',#2802);
#1572=SURFACE_STYLE_USAGE(.BOTH.,#2803);
#1573=FACE_OUTER_BOUND('',#2804,.T.);
#1574=PLANE('',#2805);
#1575=SURFACE_STYLE_USAGE(.BOTH.,#2806);
#1576=FACE_OUTER_BOUND('',#2807,.T.);
#1577=PLANE('',#2808);
#1578=SURFACE_STYLE_USAGE(.BOTH.,#2809);
#1579=FACE_OUTER_BOUND('',#2810,.T.);
#1580=PLANE('',#2811);
#1581=SURFACE_STYLE_USAGE(.BOTH.,#2812);
#1582=FACE_OUTER_BOUND('',#2813,.T.);
#1583=CYLINDRICAL_SURFACE('',#2814,1.1);
#1584=SURFACE_STYLE_USAGE(.BOTH.,#2815);
#1585=FACE_OUTER_BOUND('',#2816,.T.);
#1586=PLANE('',#2817);
#1587=SURFACE_STYLE_USAGE(.BOTH.,#2818);
#1588=FACE_OUTER_BOUND('',#2819,.T.);
#1589=CYLINDRICAL_SURFACE('',#2820,1.1);
#1590=SURFACE_STYLE_USAGE(.BOTH.,#2821);
#1591=FACE_OUTER_BOUND('',#2822,.T.);
#1592=PLANE('',#2823);
#1593=SURFACE_STYLE_USAGE(.BOTH.,#2824);
#1594=FACE_OUTER_BOUND('',#2825,.T.);
#1595=FACE_BOUND('',#2826,.T.);
#1596=FACE_BOUND('',#2827,.T.);
#1597=FACE_BOUND('',#2828,.T.);
#1598=FACE_BOUND('',#2829,.T.);
#1599=FACE_BOUND('',#2830,.T.);
#1600=PLANE('',#2831);
#1601=SURFACE_STYLE_USAGE(.BOTH.,#2832);
#1602=FACE_OUTER_BOUND('',#2833,.T.);
#1603=CYLINDRICAL_SURFACE('',#2834,0.5);
#1604=SURFACE_STYLE_USAGE(.BOTH.,#2835);
#1605=FACE_OUTER_BOUND('',#2836,.T.);
#1606=PLANE('',#2837);
#1607=SURFACE_STYLE_USAGE(.BOTH.,#2838);
#1608=FACE_OUTER_BOUND('',#2839,.T.);
#1609=FACE_BOUND('',#2840,.T.);
#1610=FACE_BOUND('',#2841,.T.);
#1611=PLANE('',#2842);
#1612=SURFACE_STYLE_USAGE(.BOTH.,#2843);
#1613=FACE_OUTER_BOUND('',#2844,.T.);
#1614=CYLINDRICAL_SURFACE('',#2845,0.5);
#1615=SURFACE_STYLE_USAGE(.BOTH.,#2846);
#1616=FACE_OUTER_BOUND('',#2847,.T.);
#1617=PLANE('',#2848);
#1618=SURFACE_STYLE_USAGE(.BOTH.,#2849);
#1619=FACE_OUTER_BOUND('',#2850,.T.);
#1620=CYLINDRICAL_SURFACE('',#2851,0.5);
#1621=SURFACE_STYLE_USAGE(.BOTH.,#2852);
#1622=FACE_OUTER_BOUND('',#2853,.T.);
#1623=CYLINDRICAL_SURFACE('',#2854,0.5);
#1624=SURFACE_STYLE_USAGE(.BOTH.,#2855);
#1625=FACE_OUTER_BOUND('',#2856,.T.);
#1626=(B_SPLINE_SURFACE(2,2,((#2858,#2859,#2860,#2861,#2862),(#2863,#2864,#2865,#2866,#2867),(#2868,#2869,#2870,#2871,#2872)),.UNSPECIFIED.,.F.,.F.,.F.)B_SPLINE_SURFACE_WITH_KNOTS((3,3),(3,2,3),(-1.5707963267949,5.17848016226559E-17),(-3.14159265358979,-1.5707963267949,6.12255690666112E-16),.UNSPECIFIED.)RATIONAL_B_SPLINE_SURFACE(((1.0,0.707106781186547,1.0,0.707106781186547,1.0),(0.707106781186548,0.5,0.707106781186548,0.5,0.707106781186548),(1.0,0.707106781186547,1.0,0.707106781186547,1.0)))BOUNDED_SURFACE()REPRESENTATION_ITEM('')GEOMETRIC_REPRESENTATION_ITEM()SURFACE());
#1627=SURFACE_STYLE_USAGE(.BOTH.,#2879);
#1628=FACE_OUTER_BOUND('',#2880,.T.);
#1629=CYLINDRICAL_SURFACE('',#2881,0.5);
#1630=SURFACE_STYLE_USAGE(.BOTH.,#2882);
#1631=FACE_OUTER_BOUND('',#2883,.T.);
#1632=CYLINDRICAL_SURFACE('',#2884,0.5);
#1633=SURFACE_STYLE_USAGE(.BOTH.,#2885);
#1634=FACE_OUTER_BOUND('',#2886,.T.);
#1635=TOROIDAL_SURFACE('',#2887,1.5,0.5);
#1636=SURFACE_STYLE_USAGE(.BOTH.,#2888);
#1637=FACE_OUTER_BOUND('',#2889,.T.);
#1638=(B_SPLINE_SURFACE(2,2,((#2891,#2892,#2893),(#2894,#2895,#2896),(#2897,#2898,#2899)),.UNSPECIFIED.,.F.,.F.,.F.)B_SPLINE_SURFACE_WITH_KNOTS((3,3),(3,3),(-1.5707963267949,5.17848016226564E-17),(3.18642868303235E-16,1.5707963267949),.UNSPECIFIED.)RATIONAL_B_SPLINE_SURFACE(((1.0,0.707106781186547,1.0),(0.707106781186548,0.5,0.707106781186548),(1.0,0.707106781186547,1.0)))BOUNDED_SURFACE()REPRESENTATION_ITEM('')GEOMETRIC_REPRESENTATION_ITEM()SURFACE());
#1639=SURFACE_STYLE_USAGE(.BOTH.,#2906);
#1640=FACE_OUTER_BOUND('',#2907,.T.);
#1641=CYLINDRICAL_SURFACE('',#2908,0.5);
#1642=SURFACE_STYLE_USAGE(.BOTH.,#2909);
#1643=FACE_OUTER_BOUND('',#2910,.T.);
#1644=CYLINDRICAL_SURFACE('',#2911,0.5);
#1645=SURFACE_STYLE_USAGE(.BOTH.,#2912);
#1646=FACE_OUTER_BOUND('',#2913,.T.);
#1647=TOROIDAL_SURFACE('',#2914,1.5,0.5);
#1648=SURFACE_STYLE_USAGE(.BOTH.,#2915);
#1649=FACE_OUTER_BOUND('',#2916,.T.);
#1650=(B_SPLINE_SURFACE(2,2,((#2918,#2919,#2920),(#2921,#2922,#2923),(#2924,#2925,#2926)),.UNSPECIFIED.,.F.,.F.,.F.)B_SPLINE_SURFACE_WITH_KNOTS((3,3),(3,3),(-1.5707963267949,1.75232761339322E-15),(1.5707963267949,3.14159265358979),.UNSPECIFIED.)RATIONAL_B_SPLINE_SURFACE(((1.0,0.707106781186547,1.0),(0.707106781186545,0.499999999999998,0.707106781186545),(1.0,0.707106781186547,1.0)))BOUNDED_SURFACE()REPRESENTATION_ITEM('')GEOMETRIC_REPRESENTATION_ITEM()SURFACE());
#1651=SURFACE_STYLE_USAGE(.BOTH.,#2933);
#1652=FACE_OUTER_BOUND('',#2934,.T.);
#1653=CYLINDRICAL_SURFACE('',#2935,0.5);
#1654=SURFACE_STYLE_USAGE(.BOTH.,#2936);
#1655=FACE_OUTER_BOUND('',#2937,.T.);
#1656=CYLINDRICAL_SURFACE('',#2938,0.5);
#1657=SURFACE_STYLE_USAGE(.BOTH.,#2939);
#1658=FACE_OUTER_BOUND('',#2940,.T.);
#1659=(B_SPLINE_SURFACE(2,2,((#2942,#2943,#2944,#2945,#2946),(#2947,#2948,#2949,#2950,#2951),(#2952,#2953,#2954,#2955,#2956)),.UNSPECIFIED.,.F.,.F.,.F.)B_SPLINE_SURFACE_WITH_KNOTS((3,3),(3,2,3),(-1.5707963267949,1.75232761339322E-15),(-3.14159265358979,-1.5707963267949,3.72662035332857E-16),.UNSPECIFIED.)RATIONAL_B_SPLINE_SURFACE(((1.0,0.707106781186548,1.0,0.707106781186548,1.0),(0.707106781186547,0.5,0.707106781186547,0.5,0.707106781186547),(1.0,0.707106781186548,1.0,0.707106781186548,1.0)))BOUNDED_SURFACE()REPRESENTATION_ITEM('')GEOMETRIC_REPRESENTATION_ITEM()SURFACE());
#1660=SURFACE_STYLE_USAGE(.BOTH.,#2963);
#1661=FACE_OUTER_BOUND('',#2964,.T.);
#1662=PLANE('',#2965);
#1663=SURFACE_STYLE_USAGE(.BOTH.,#2966);
#1664=FACE_OUTER_BOUND('',#2967,.T.);
#1665=CYLINDRICAL_SURFACE('',#2968,1.0);
#1666=SURFACE_STYLE_USAGE(.BOTH.,#2969);
#1667=FACE_OUTER_BOUND('',#2970,.T.);
#1668=PLANE('',#2971);
#1669=SURFACE_STYLE_USAGE(.BOTH.,#2972);
#1670=FACE_OUTER_BOUND('',#2973,.T.);
#1671=CYLINDRICAL_SURFACE('',#2974,1.0);
#1672=SURFACE_STYLE_USAGE(.BOTH.,#2975);
#1673=FACE_OUTER_BOUND('',#2976,.T.);
#1674=PLANE('',#2977);
#1675=SURFACE_STYLE_USAGE(.BOTH.,#2978);
#1676=FACE_OUTER_BOUND('',#2979,.T.);
#1677=CYLINDRICAL_SURFACE('',#2980,1.0);
#1678=SURFACE_STYLE_USAGE(.BOTH.,#2981);
#1679=FACE_OUTER_BOUND('',#2982,.T.);
#1680=PLANE('',#2983);
#1681=SURFACE_STYLE_USAGE(.BOTH.,#2984);
#1682=FACE_OUTER_BOUND('',#2985,.T.);
#1683=CYLINDRICAL_SURFACE('',#2986,1.0);
#1684=SURFACE_STYLE_USAGE(.BOTH.,#2987);
#1685=FACE_OUTER_BOUND('',#2988,.T.);
#1686=PLANE('',#2989);
#1687=SURFACE_STYLE_USAGE(.BOTH.,#2990);
#1688=FACE_OUTER_BOUND('',#2991,.T.);
#1689=FACE_BOUND('',#2992,.T.);
#1690=FACE_BOUND('',#2993,.T.);
#1691=FACE_BOUND('',#2994,.T.);
#1692=FACE_BOUND('',#2995,.T.);
#1693=FACE_BOUND('',#2996,.T.);
#1694=FACE_BOUND('',#2997,.T.);
#1695=FACE_BOUND('',#2998,.T.);
#1696=FACE_BOUND('',#2999,.T.);
#1697=FACE_BOUND('',#3000,.T.);
#1698=PLANE('',#3001);
#1699=SURFACE_STYLE_USAGE(.BOTH.,#3002);
#1700=FACE_OUTER_BOUND('',#3003,.T.);
#1701=CYLINDRICAL_SURFACE('',#3004,1.0);
#1702=SURFACE_STYLE_USAGE(.BOTH.,#3005);
#1703=FACE_OUTER_BOUND('',#3006,.T.);
#1704=PLANE('',#3007);
#1705=SURFACE_STYLE_USAGE(.BOTH.,#3008);
#1706=FACE_OUTER_BOUND('',#3009,.T.);
#1707=CYLINDRICAL_SURFACE('',#3010,1.0);
#1708=SURFACE_STYLE_USAGE(.BOTH.,#3011);
#1709=FACE_OUTER_BOUND('',#3012,.T.);
#1710=PLANE('',#3013);
#1711=SURFACE_STYLE_USAGE(.BOTH.,#3014);
#1712=FACE_OUTER_BOUND('',#3015,.T.);
#1713=CYLINDRICAL_SURFACE('',#3016,1.5);
#1714=SURFACE_STYLE_USAGE(.BOTH.,#3017);
#1715=FACE_OUTER_BOUND('',#3018,.T.);
#1716=TOROIDAL_SURFACE('',#3019,2.5,1.5);
#1717=SURFACE_STYLE_USAGE(.BOTH.,#3020);
#1718=FACE_OUTER_BOUND('',#3021,.T.);
#1719=CYLINDRICAL_SURFACE('',#3022,1.5);
#1720=SURFACE_STYLE_USAGE(.BOTH.,#3023);
#1721=FACE_OUTER_BOUND('',#3024,.T.);
#1722=TOROIDAL_SURFACE('',#3025,2.5,1.5);
#1723=SURFACE_STYLE_USAGE(.BOTH.,#3026);
#1724=FACE_OUTER_BOUND('',#3027,.T.);
#1725=CYLINDRICAL_SURFACE('',#3028,1.5);
#1726=SURFACE_STYLE_USAGE(.BOTH.,#3029);
#1727=FACE_OUTER_BOUND('',#3030,.T.);
#1728=PLANE('',#3031);
#1729=SURFACE_STYLE_USAGE(.BOTH.,#3032);
#1730=FACE_OUTER_BOUND('',#3033,.T.);
#1731=CYLINDRICAL_SURFACE('',#3034,1.5);
#1732=SURFACE_STYLE_USAGE(.BOTH.,#3035);
#1733=FACE_OUTER_BOUND('',#3036,.T.);
#1734=PLANE('',#3037);
#1735=SURFACE_STYLE_USAGE(.BOTH.,#3038);
#1736=FACE_OUTER_BOUND('',#3039,.T.);
#1737=CYLINDRICAL_SURFACE('',#3040,1.5);
#1738=SURFACE_STYLE_USAGE(.BOTH.,#3041);
#1739=FACE_OUTER_BOUND('',#3042,.T.);
#1740=PLANE('',#3043);
#1741=SURFACE_STYLE_USAGE(.BOTH.,#3044);
#1742=FACE_OUTER_BOUND('',#3045,.T.);
#1743=FACE_BOUND('',#3046,.T.);
#1744=FACE_BOUND('',#3047,.T.);
#1745=PLANE('',#3048);
#1746=SURFACE_STYLE_USAGE(.BOTH.,#3049);
#1747=FACE_OUTER_BOUND('',#3050,.T.);
#1748=CYLINDRICAL_SURFACE('',#3051,4.0);
#1749=SURFACE_STYLE_USAGE(.BOTH.,#3052);
#1750=FACE_OUTER_BOUND('',#3053,.T.);
#1751=CYLINDRICAL_SURFACE('',#3054,4.0);
#1752=SURFACE_STYLE_USAGE(.BOTH.,#3055);
#1753=FACE_OUTER_BOUND('',#3056,.T.);
#1754=PLANE('',#3057);
#1755=SURFACE_STYLE_USAGE(.BOTH.,#3058);
#1756=FACE_OUTER_BOUND('',#3059,.T.);
#1757=CYLINDRICAL_SURFACE('',#3060,2.2);
#1758=SURFACE_STYLE_USAGE(.BOTH.,#3061);
#1759=FACE_OUTER_BOUND('',#3062,.T.);
#1760=TOROIDAL_SURFACE('',#3063,2.85,0.25);
#1761=SURFACE_STYLE_USAGE(.BOTH.,#3064);
#1762=FACE_OUTER_BOUND('',#3065,.T.);
#1763=CYLINDRICAL_SURFACE('',#3066,3.1);
#1764=SURFACE_STYLE_USAGE(.BOTH.,#3067);
#1765=FACE_OUTER_BOUND('',#3068,.T.);
#1766=FACE_BOUND('',#3069,.T.);
#1767=PLANE('',#3070);
#1768=SURFACE_STYLE_USAGE(.BOTH.,#3071);
#1769=FACE_OUTER_BOUND('',#3072,.T.);
#1770=TOROIDAL_SURFACE('',#3073,4.75,0.25);
#1771=SURFACE_STYLE_USAGE(.BOTH.,#3074);
#1772=FACE_OUTER_BOUND('',#3075,.T.);
#1773=FACE_BOUND('',#3076,.T.);
#1774=PLANE('',#3077);
#1775=SURFACE_STYLE_USAGE(.BOTH.,#3078);
#1776=FACE_OUTER_BOUND('',#3079,.T.);
#1777=CYLINDRICAL_SURFACE('',#3080,4.5);
#1778=SURFACE_STYLE_USAGE(.BOTH.,#3081);
#1779=FACE_OUTER_BOUND('',#3082,.T.);
#1780=TOROIDAL_SURFACE('',#3083,5.25,0.25);
#1781=SURFACE_STYLE_USAGE(.BOTH.,#3084);
#1782=FACE_OUTER_BOUND('',#3085,.T.);
#1783=CYLINDRICAL_SURFACE('',#3086,5.5);
#1784=SURFACE_STYLE_USAGE(.BOTH.,#3087);
#1785=FACE_OUTER_BOUND('',#3088,.T.);
#1786=TOROIDAL_SURFACE('',#3089,3.8,0.7);
#1787=SURFACE_STYLE_USAGE(.BOTH.,#3090);
#1788=FACE_OUTER_BOUND('',#3091,.T.);
#1789=PLANE('',#3092);
#1790=SURFACE_STYLE_USAGE(.BOTH.,#3093);
#1791=FACE_OUTER_BOUND('',#3094,.T.);
#1792=PLANE('',#3095);
#1793=SURFACE_STYLE_USAGE(.BOTH.,#3096);
#1794=CLOSED_SHELL('',(#313,#315,#317,#319,#321,#323,#325,#327,#329,#331,#333,#335,#337,#339,#341,#343,#345,#347,#349,#351,#353,#355,#357,#359,#361,#363,#365,#367,#369,#371,#373,#375,#377,#379,#381,#383,#385,#387,#389,#391,#393,#395,#397,#399,#401,#403,#405,#407,#409,#411,#413,#415,#417,#419,#421,#423,#425,#427,#429,#431,#433,#435,#437,#439,#441,#443,#445,#447,#449,#451,#453,#455,#457,#459,#461,#463,#465,#467,#469,#471,#473,#475,#477,#479,#481,#483,#485,#487,#489,#491,#493,#495,#497,#499,#501,#503,#505,#507,#509,#511,#513,#515,#517,#519,#521,#523,#525,#527,#529,#531,#533,#535,#537,#539,#541,#543,#545,#547,#549,#551,#553,#555,#557,#559,#561,#563,#565,#567,#569,#571,#573,#575,#577,#579,#581,#583,#585,#587,#589,#591,#593,#595,#597,#599,#601,#603,#605,#607,#609,#611,#613,#615,#617,#619,#621,#623,#625,#627,#629,#631,#633,#635,#637,#639,#641,#643,#645,#647,#649,#651,#653,#655,#657,#659,#661,#663,#665,#667,#669,#671,#673,#675,#677,#679,#681,#683,#685,#687,#689,#691,#693,#695,#697,#699,#701,#703,#705,#707,#709,#711,#713,#715,#717,#719,#721,#723,#725,#727,#729,#731,#733,#735,#737,#739,#741,#743,#745,#747,#749,#751,#753,#755,#757,#759,#761,#763,#765,#767,#769,#771,#773,#775,#777,#779,#781,#783,#785,#787,#789,#791,#793,#795,#797,#799,#801,#803,#805,#807,#809,#811,#813,#815,#817,#819,#821,#823,#825,#827,#829,#831,#833,#835,#837,#839,#841,#843,#845,#847,#849,#851,#853,#855,#857,#859,#861,#863,#865,#867,#869,#871,#873,#875,#877,#879,#881,#883,#885,#887));
#1795=PRODUCT_CONTEXT('',#299,'mechanical');
#1796=PRODUCT_DEFINITION_FORMATION_WITH_SPECIFIED_SOURCE(' ','NONE',#890,.NOT_KNOWN.);
#1797=CARTESIAN_POINT('',(0.0,0.0,0.0));
#1798=DIRECTION('',(0.0,0.0,1.0));
#1799=DIRECTION('',(1.0,0.0,0.0));
#1800= (NAMED_UNIT(#898)LENGTH_UNIT()SI_UNIT(.MILLI.,.METRE.));
#1801=SURFACE_SIDE_STYLE('',(#3098));
#1802=EDGE_LOOP('',(#3099,#3100,#3101,#3102,#3103,#3104));
#1804=CARTESIAN_POINT('',(-1.52561067538178E-45,7.49999999999996,0.0550000000000002));
#1805=CARTESIAN_POINT('',(-0.0550000000000002,7.49999999999996,0.0550000000000002));
#1806=CARTESIAN_POINT('',(-0.0550000000000002,7.49999999999996,4.19976773692411E-46));
#1807=CARTESIAN_POINT('',(-0.0550000000000002,7.49999999999996,-0.0550000000000002));
#1808=CARTESIAN_POINT('',(-1.23045876519454E-45,7.49999999999996,-0.0550000000000002));
#1809=CARTESIAN_POINT('',(0.0550000000000002,7.49999999999996,-0.0550000000000002));
#1810=CARTESIAN_POINT('',(0.0550000000000002,7.49999999999996,7.15128683879656E-46));
#1811=CARTESIAN_POINT('',(0.0550000000000002,7.49999999999996,0.0550000000000002));
#1812=CARTESIAN_POINT('',(-1.52561067538178E-45,7.49999999999996,0.0550000000000002));
#1813=CARTESIAN_POINT('',(-6.89200904242257E-45,7.49999999999996,2.055));
#1814=CARTESIAN_POINT('',(-2.055,7.49999999999996,2.055));
#1815=CARTESIAN_POINT('',(-2.055,7.49999999999996,-4.94642159334838E-45));
#1816=CARTESIAN_POINT('',(-2.055,7.49999999999996,-2.055));
#1817=CARTESIAN_POINT('',(4.13593960184625E-45,7.49999999999996,-2.055));
#1818=CARTESIAN_POINT('',(2.055,7.49999999999996,-2.055));
#1819=CARTESIAN_POINT('',(2.055,7.49999999999996,6.08152705092044E-45));
#1820=CARTESIAN_POINT('',(2.055,7.49999999999996,2.055));
#1821=CARTESIAN_POINT('',(-6.89200904242257E-45,7.49999999999996,2.055));
#1822=CARTESIAN_POINT('',(-6.3774697625533E-45,5.49999999999996,2.055));
#1823=CARTESIAN_POINT('',(-2.055,5.49999999999996,2.055));
#1824=CARTESIAN_POINT('',(-2.055,5.49999999999996,-5.09776898769132E-45));
#1825=CARTESIAN_POINT('',(-2.055,5.49999999999996,-2.055));
#1826=CARTESIAN_POINT('',(4.65047888171552E-45,5.49999999999996,-2.055));
#1827=CARTESIAN_POINT('',(2.055,5.49999999999996,-2.055));
#1828=CARTESIAN_POINT('',(2.055,5.49999999999996,5.9301796565775E-45));
#1829=CARTESIAN_POINT('',(2.055,5.49999999999996,2.055));
#1830=CARTESIAN_POINT('',(-6.3774697625533E-45,5.49999999999996,2.055));
#1837=SURFACE_SIDE_STYLE('',(#3105));
#1838=EDGE_LOOP('',(#3106,#3107,#3108,#3109));
#1839=AXIS2_PLACEMENT_3D('',#3110,#3111,#3112);
#1840=SURFACE_SIDE_STYLE('',(#3113));
#1841=EDGE_LOOP('',(#3114,#3115,#3116,#3117,#3118));
#1842=AXIS2_PLACEMENT_3D('',#3119,#3120,#3121);
#1843=SURFACE_SIDE_STYLE('',(#3122));
#1844=EDGE_LOOP('',(#3123,#3124,#3125,#3126,#3127));
#1845=AXIS2_PLACEMENT_3D('',#3128,#3129,#3130);
#1846=SURFACE_SIDE_STYLE('',(#3131));
#1847=EDGE_LOOP('',(#3132,#3133,#3134,#3135));
#1848=AXIS2_PLACEMENT_3D('',#3136,#3137,#3138);
#1849=SURFACE_SIDE_STYLE('',(#3139));
#1850=EDGE_LOOP('',(#3140,#3141,#3142,#3143));
#1851=AXIS2_PLACEMENT_3D('',#3144,#3145,#3146);
#1852=SURFACE_SIDE_STYLE('',(#3147));
#1853=EDGE_LOOP('',(#3148,#3149,#3150,#3151));
#1854=AXIS2_PLACEMENT_3D('',#3152,#3153,#3154);
#1855=SURFACE_SIDE_STYLE('',(#3155));
#1856=EDGE_LOOP('',(#3156,#3157,#3158,#3159));
#1857=AXIS2_PLACEMENT_3D('',#3160,#3161,#3162);
#1858=SURFACE_SIDE_STYLE('',(#3163));
#1859=EDGE_LOOP('',(#3164,#3165,#3166,#3167,#3168));
#1860=AXIS2_PLACEMENT_3D('',#3169,#3170,#3171);
#1861=SURFACE_SIDE_STYLE('',(#3172));
#1862=EDGE_LOOP('',(#3173,#3174,#3175,#3176));
#1863=AXIS2_PLACEMENT_3D('',#3177,#3178,#3179);
#1864=SURFACE_SIDE_STYLE('',(#3180));
#1865=EDGE_LOOP('',(#3181,#3182,#3183,#3184));
#1866=AXIS2_PLACEMENT_3D('',#3185,#3186,#3187);
#1867=SURFACE_SIDE_STYLE('',(#3188));
#1868=EDGE_LOOP('',(#3189,#3190,#3191,#3192));
#1869=AXIS2_PLACEMENT_3D('',#3193,#3194,#3195);
#1870=SURFACE_SIDE_STYLE('',(#3196));
#1871=EDGE_LOOP('',(#3197,#3198,#3199,#3200));
#1872=AXIS2_PLACEMENT_3D('',#3201,#3202,#3203);
#1873=SURFACE_SIDE_STYLE('',(#3204));
#1874=EDGE_LOOP('',(#3205,#3206,#3207,#3208));
#1875=AXIS2_PLACEMENT_3D('',#3209,#3210,#3211);
#1876=SURFACE_SIDE_STYLE('',(#3212));
#1877=EDGE_LOOP('',(#3213,#3214,#3215,#3216));
#1878=AXIS2_PLACEMENT_3D('',#3217,#3218,#3219);
#1879=SURFACE_SIDE_STYLE('',(#3220));
#1880=EDGE_LOOP('',(#3221,#3222,#3223,#3224));
#1881=AXIS2_PLACEMENT_3D('',#3225,#3226,#3227);
#1882=SURFACE_SIDE_STYLE('',(#3228));
#1883=EDGE_LOOP('',(#3229,#3230,#3231,#3232));
#1884=AXIS2_PLACEMENT_3D('',#3233,#3234,#3235);
#1885=SURFACE_SIDE_STYLE('',(#3236));
#1886=EDGE_LOOP('',(#3237,#3238,#3239,#3240));
#1887=AXIS2_PLACEMENT_3D('',#3241,#3242,#3243);
#1888=SURFACE_SIDE_STYLE('',(#3244));
#1889=EDGE_LOOP('',(#3245,#3246,#3247,#3248));
#1890=AXIS2_PLACEMENT_3D('',#3249,#3250,#3251);
#1891=SURFACE_SIDE_STYLE('',(#3252));
#1892=EDGE_LOOP('',(#3253,#3254,#3255,#3256));
#1893=AXIS2_PLACEMENT_3D('',#3257,#3258,#3259);
#1894=SURFACE_SIDE_STYLE('',(#3260));
#1895=EDGE_LOOP('',(#3261,#3262,#3263,#3264));
#1896=AXIS2_PLACEMENT_3D('',#3265,#3266,#3267);
#1897=SURFACE_SIDE_STYLE('',(#3268));
#1898=EDGE_LOOP('',(#3269,#3270,#3271,#3272));
#1899=AXIS2_PLACEMENT_3D('',#3273,#3274,#3275);
#1900=SURFACE_SIDE_STYLE('',(#3276));
#1901=EDGE_LOOP('',(#3277,#3278,#3279,#3280));
#1902=AXIS2_PLACEMENT_3D('',#3281,#3282,#3283);
#1903=SURFACE_SIDE_STYLE('',(#3284));
#1904=EDGE_LOOP('',(#3285,#3286,#3287,#3288));
#1905=AXIS2_PLACEMENT_3D('',#3289,#3290,#3291);
#1906=SURFACE_SIDE_STYLE('',(#3292));
#1907=EDGE_LOOP('',(#3293,#3294,#3295,#3296));
#1908=AXIS2_PLACEMENT_3D('',#3297,#3298,#3299);
#1909=SURFACE_SIDE_STYLE('',(#3300));
#1910=EDGE_LOOP('',(#3301,#3302,#3303,#3304));
#1911=AXIS2_PLACEMENT_3D('',#3305,#3306,#3307);
#1912=SURFACE_SIDE_STYLE('',(#3308));
#1913=EDGE_LOOP('',(#3309,#3310,#3311,#3312));
#1914=AXIS2_PLACEMENT_3D('',#3313,#3314,#3315);
#1915=SURFACE_SIDE_STYLE('',(#3316));
#1916=EDGE_LOOP('',(#3317,#3318,#3319,#3320));
#1917=AXIS2_PLACEMENT_3D('',#3321,#3322,#3323);
#1918=SURFACE_SIDE_STYLE('',(#3324));
#1919=EDGE_LOOP('',(#3325,#3326,#3327,#3328));
#1920=AXIS2_PLACEMENT_3D('',#3329,#3330,#3331);
#1921=SURFACE_SIDE_STYLE('',(#3332));
#1922=EDGE_LOOP('',(#3333,#3334,#3335,#3336));
#1923=AXIS2_PLACEMENT_3D('',#3337,#3338,#3339);
#1924=SURFACE_SIDE_STYLE('',(#3340));
#1925=EDGE_LOOP('',(#3341,#3342,#3343,#3344));
#1926=AXIS2_PLACEMENT_3D('',#3345,#3346,#3347);
#1927=SURFACE_SIDE_STYLE('',(#3348));
#1928=EDGE_LOOP('',(#3349,#3350,#3351,#3352));
#1929=AXIS2_PLACEMENT_3D('',#3353,#3354,#3355);
#1930=SURFACE_SIDE_STYLE('',(#3356));
#1931=EDGE_LOOP('',(#3357,#3358,#3359,#3360));
#1932=AXIS2_PLACEMENT_3D('',#3361,#3362,#3363);
#1933=SURFACE_SIDE_STYLE('',(#3364));
#1934=EDGE_LOOP('',(#3365,#3366,#3367,#3368,#3369,#3370));
#1935=AXIS2_PLACEMENT_3D('',#3371,#3372,#3373);
#1936=SURFACE_SIDE_STYLE('',(#3374));
#1937=EDGE_LOOP('',(#3375,#3376,#3377,#3378,#3379));
#1938=AXIS2_PLACEMENT_3D('',#3380,#3381,#3382);
#1939=SURFACE_SIDE_STYLE('',(#3383));
#1940=EDGE_LOOP('',(#3384,#3385,#3386,#3387));
#1941=AXIS2_PLACEMENT_3D('',#3388,#3389,#3390);
#1942=SURFACE_SIDE_STYLE('',(#3391));
#1943=EDGE_LOOP('',(#3392,#3393,#3394,#3395));
#1944=AXIS2_PLACEMENT_3D('',#3396,#3397,#3398);
#1945=SURFACE_SIDE_STYLE('',(#3399));
#1946=EDGE_LOOP('',(#3400,#3401,#3402,#3403,#3404));
#1947=AXIS2_PLACEMENT_3D('',#3405,#3406,#3407);
#1948=SURFACE_SIDE_STYLE('',(#3408));
#1949=EDGE_LOOP('',(#3409,#3410));
#1950=EDGE_LOOP('',(#3411,#3412,#3413));
#1951=AXIS2_PLACEMENT_3D('',#3414,#3415,#3416);
#1952=SURFACE_SIDE_STYLE('',(#3417));
#1953=EDGE_LOOP('',(#3418,#3419,#3420,#3421,#3422));
#1954=AXIS2_PLACEMENT_3D('',#3423,#3424,#3425);
#1955=SURFACE_SIDE_STYLE('',(#3426));
#1956=EDGE_LOOP('',(#3427,#3428,#3429,#3430,#3431));
#1957=AXIS2_PLACEMENT_3D('',#3432,#3433,#3434);
#1958=SURFACE_SIDE_STYLE('',(#3435));
#1959=EDGE_LOOP('',(#3436,#3437,#3438));
#1960=AXIS2_PLACEMENT_3D('',#3439,#3440,#3441);
#1961=SURFACE_SIDE_STYLE('',(#3442));
#1962=EDGE_LOOP('',(#3443,#3444,#3445,#3446));
#1963=AXIS2_PLACEMENT_3D('',#3447,#3448,#3449);
#1964=SURFACE_SIDE_STYLE('',(#3450));
#1965=EDGE_LOOP('',(#3451,#3452));
#1966=AXIS2_PLACEMENT_3D('',#3453,#3454,#3455);
#1967=SURFACE_SIDE_STYLE('',(#3456));
#1968=EDGE_LOOP('',(#3457,#3458,#3459,#3460));
#1969=AXIS2_PLACEMENT_3D('',#3461,#3462,#3463);
#1970=SURFACE_SIDE_STYLE('',(#3464));
#1971=EDGE_LOOP('',(#3465,#3466,#3467,#3468,#3469,#3470));
#1973=CARTESIAN_POINT('',(-1.52561067538178E-45,7.49999999999996,0.0550000000000002));
#1974=CARTESIAN_POINT('',(-0.0550000000000002,7.49999999999996,0.0550000000000002));
#1975=CARTESIAN_POINT('',(-0.0550000000000002,7.49999999999996,4.19976773692411E-46));
#1976=CARTESIAN_POINT('',(-0.0550000000000002,7.49999999999996,-0.0550000000000002));
#1977=CARTESIAN_POINT('',(-1.23045876519454E-45,7.49999999999996,-0.0550000000000002));
#1978=CARTESIAN_POINT('',(0.0550000000000002,7.49999999999996,-0.0550000000000002));
#1979=CARTESIAN_POINT('',(0.0550000000000002,7.49999999999996,7.15128683879656E-46));
#1980=CARTESIAN_POINT('',(0.0550000000000002,7.49999999999996,0.0550000000000002));
#1981=CARTESIAN_POINT('',(-1.52561067538178E-45,7.49999999999996,0.0550000000000002));
#1982=CARTESIAN_POINT('',(-6.89200904242257E-45,7.49999999999996,2.055));
#1983=CARTESIAN_POINT('',(-2.055,7.49999999999996,2.055));
#1984=CARTESIAN_POINT('',(-2.055,7.49999999999996,-4.94642159334838E-45));
#1985=CARTESIAN_POINT('',(-2.055,7.49999999999996,-2.055));
#1986=CARTESIAN_POINT('',(4.13593960184625E-45,7.49999999999996,-2.055));
#1987=CARTESIAN_POINT('',(2.055,7.49999999999996,-2.055));
#1988=CARTESIAN_POINT('',(2.055,7.49999999999996,6.08152705092044E-45));
#1989=CARTESIAN_POINT('',(2.055,7.49999999999996,2.055));
#1990=CARTESIAN_POINT('',(-6.89200904242257E-45,7.49999999999996,2.055));
#1991=CARTESIAN_POINT('',(-6.3774697625533E-45,5.49999999999996,2.055));
#1992=CARTESIAN_POINT('',(-2.055,5.49999999999996,2.055));
#1993=CARTESIAN_POINT('',(-2.055,5.49999999999996,-5.09776898769132E-45));
#1994=CARTESIAN_POINT('',(-2.055,5.49999999999996,-2.055));
#1995=CARTESIAN_POINT('',(4.65047888171552E-45,5.49999999999996,-2.055));
#1996=CARTESIAN_POINT('',(2.055,5.49999999999996,-2.055));
#1997=CARTESIAN_POINT('',(2.055,5.49999999999996,5.9301796565775E-45));
#1998=CARTESIAN_POINT('',(2.055,5.49999999999996,2.055));
#1999=CARTESIAN_POINT('',(-6.3774697625533E-45,5.49999999999996,2.055));
#2006=SURFACE_SIDE_STYLE('',(#3471));
#2007=EDGE_LOOP('',(#3472,#3473,#3474,#3475));
#2008=AXIS2_PLACEMENT_3D('',#3476,#3477,#3478);
#2009=SURFACE_SIDE_STYLE('',(#3479));
#2010=EDGE_LOOP('',(#3480,#3481,#3482,#3483,#3484,#3485));
#2011=AXIS2_PLACEMENT_3D('',#3486,#3487,#3488);
#2012=SURFACE_SIDE_STYLE('',(#3489));
#2013=EDGE_LOOP('',(#3490,#3491,#3492,#3493,#3494,#3495));
#2014=AXIS2_PLACEMENT_3D('',#3496,#3497,#3498);
#2015=SURFACE_SIDE_STYLE('',(#3499));
#2016=EDGE_LOOP('',(#3500,#3501,#3502,#3503,#3504,#3505));
#2017=AXIS2_PLACEMENT_3D('',#3506,#3507,#3508);
#2018=SURFACE_SIDE_STYLE('',(#3509));
#2019=EDGE_LOOP('',(#3510,#3511,#3512,#3513));
#2020=AXIS2_PLACEMENT_3D('',#3514,#3515,#3516);
#2021=SURFACE_SIDE_STYLE('',(#3517));
#2022=EDGE_LOOP('',(#3518,#3519,#3520,#3521));
#2023=AXIS2_PLACEMENT_3D('',#3522,#3523,#3524);
#2024=SURFACE_SIDE_STYLE('',(#3525));
#2025=EDGE_LOOP('',(#3526,#3527,#3528,#3529,#3530,#3531));
#2026=AXIS2_PLACEMENT_3D('',#3532,#3533,#3534);
#2027=SURFACE_SIDE_STYLE('',(#3535));
#2028=EDGE_LOOP('',(#3536,#3537,#3538,#3539));
#2029=AXIS2_PLACEMENT_3D('',#3540,#3541,#3542);
#2030=SURFACE_SIDE_STYLE('',(#3543));
#2031=EDGE_LOOP('',(#3544,#3545,#3546,#3547,#3548,#3549));
#2032=AXIS2_PLACEMENT_3D('',#3550,#3551,#3552);
#2033=SURFACE_SIDE_STYLE('',(#3553));
#2034=EDGE_LOOP('',(#3554,#3555,#3556,#3557,#3558,#3559));
#2035=AXIS2_PLACEMENT_3D('',#3560,#3561,#3562);
#2036=SURFACE_SIDE_STYLE('',(#3563));
#2037=EDGE_LOOP('',(#3564,#3565));
#2038=AXIS2_PLACEMENT_3D('',#3566,#3567,#3568);
#2039=SURFACE_SIDE_STYLE('',(#3569));
#2040=EDGE_LOOP('',(#3570,#3571));
#2041=AXIS2_PLACEMENT_3D('',#3572,#3573,#3574);
#2042=SURFACE_SIDE_STYLE('',(#3575));
#2043=EDGE_LOOP('',(#3576,#3577,#3578,#3579));
#2044=AXIS2_PLACEMENT_3D('',#3580,#3581,#3582);
#2045=SURFACE_SIDE_STYLE('',(#3583));
#2046=EDGE_LOOP('',(#3584,#3585,#3586,#3587));
#2047=AXIS2_PLACEMENT_3D('',#3588,#3589,#3590);
#2048=SURFACE_SIDE_STYLE('',(#3591));
#2049=EDGE_LOOP('',(#3592,#3593,#3594,#3595));
#2050=AXIS2_PLACEMENT_3D('',#3596,#3597,#3598);
#2051=SURFACE_SIDE_STYLE('',(#3599));
#2052=EDGE_LOOP('',(#3600,#3601,#3602,#3603));
#2053=AXIS2_PLACEMENT_3D('',#3604,#3605,#3606);
#2054=SURFACE_SIDE_STYLE('',(#3607));
#2055=EDGE_LOOP('',(#3608,#3609,#3610,#3611));
#2056=AXIS2_PLACEMENT_3D('',#3612,#3613,#3614);
#2057=SURFACE_SIDE_STYLE('',(#3615));
#2058=EDGE_LOOP('',(#3616,#3617,#3618,#3619));
#2059=AXIS2_PLACEMENT_3D('',#3620,#3621,#3622);
#2060=SURFACE_SIDE_STYLE('',(#3623));
#2061=EDGE_LOOP('',(#3624,#3625,#3626,#3627));
#2062=AXIS2_PLACEMENT_3D('',#3628,#3629,#3630);
#2063=SURFACE_SIDE_STYLE('',(#3631));
#2064=EDGE_LOOP('',(#3632,#3633,#3634,#3635));
#2065=AXIS2_PLACEMENT_3D('',#3636,#3637,#3638);
#2066=SURFACE_SIDE_STYLE('',(#3639));
#2067=EDGE_LOOP('',(#3640,#3641,#3642,#3643));
#2068=AXIS2_PLACEMENT_3D('',#3644,#3645,#3646);
#2069=SURFACE_SIDE_STYLE('',(#3647));
#2070=EDGE_LOOP('',(#3648,#3649,#3650,#3651));
#2071=AXIS2_PLACEMENT_3D('',#3652,#3653,#3654);
#2072=SURFACE_SIDE_STYLE('',(#3655));
#2073=EDGE_LOOP('',(#3656,#3657,#3658,#3659));
#2074=AXIS2_PLACEMENT_3D('',#3660,#3661,#3662);
#2075=SURFACE_SIDE_STYLE('',(#3663));
#2076=EDGE_LOOP('',(#3664,#3665,#3666,#3667));
#2077=AXIS2_PLACEMENT_3D('',#3668,#3669,#3670);
#2078=SURFACE_SIDE_STYLE('',(#3671));
#2079=EDGE_LOOP('',(#3672,#3673,#3674,#3675));
#2080=AXIS2_PLACEMENT_3D('',#3676,#3677,#3678);
#2081=SURFACE_SIDE_STYLE('',(#3679));
#2082=EDGE_LOOP('',(#3680,#3681,#3682,#3683));
#2083=AXIS2_PLACEMENT_3D('',#3684,#3685,#3686);
#2084=SURFACE_SIDE_STYLE('',(#3687));
#2085=EDGE_LOOP('',(#3688,#3689,#3690,#3691));
#2086=AXIS2_PLACEMENT_3D('',#3692,#3693,#3694);
#2087=SURFACE_SIDE_STYLE('',(#3695));
#2088=EDGE_LOOP('',(#3696,#3697,#3698,#3699));
#2089=AXIS2_PLACEMENT_3D('',#3700,#3701,#3702);
#2090=SURFACE_SIDE_STYLE('',(#3703));
#2091=EDGE_LOOP('',(#3704,#3705,#3706,#3707,#3708,#3709));
#2092=AXIS2_PLACEMENT_3D('',#3710,#3711,#3712);
#2093=SURFACE_SIDE_STYLE('',(#3713));
#2094=EDGE_LOOP('',(#3714,#3715,#3716,#3717));
#2095=AXIS2_PLACEMENT_3D('',#3718,#3719,#3720);
#2096=SURFACE_SIDE_STYLE('',(#3721));
#2097=EDGE_LOOP('',(#3722,#3723,#3724,#3725));
#2098=AXIS2_PLACEMENT_3D('',#3726,#3727,#3728);
#2099=SURFACE_SIDE_STYLE('',(#3729));
#2100=EDGE_LOOP('',(#3730,#3731,#3732,#3733));
#2101=AXIS2_PLACEMENT_3D('',#3734,#3735,#3736);
#2102=SURFACE_SIDE_STYLE('',(#3737));
#2103=EDGE_LOOP('',(#3738,#3739,#3740,#3741));
#2104=AXIS2_PLACEMENT_3D('',#3742,#3743,#3744);
#2105=SURFACE_SIDE_STYLE('',(#3745));
#2106=EDGE_LOOP('',(#3746,#3747,#3748,#3749));
#2107=AXIS2_PLACEMENT_3D('',#3750,#3751,#3752);
#2108=SURFACE_SIDE_STYLE('',(#3753));
#2109=EDGE_LOOP('',(#3754,#3755,#3756,#3757));
#2110=AXIS2_PLACEMENT_3D('',#3758,#3759,#3760);
#2111=SURFACE_SIDE_STYLE('',(#3761));
#2112=EDGE_LOOP('',(#3762,#3763,#3764,#3765));
#2113=AXIS2_PLACEMENT_3D('',#3766,#3767,#3768);
#2114=SURFACE_SIDE_STYLE('',(#3769));
#2115=EDGE_LOOP('',(#3770,#3771,#3772,#3773));
#2116=AXIS2_PLACEMENT_3D('',#3774,#3775,#3776);
#2117=SURFACE_SIDE_STYLE('',(#3777));
#2118=EDGE_LOOP('',(#3778,#3779,#3780,#3781));
#2119=AXIS2_PLACEMENT_3D('',#3782,#3783,#3784);
#2120=SURFACE_SIDE_STYLE('',(#3785));
#2121=EDGE_LOOP('',(#3786,#3787,#3788,#3789));
#2122=AXIS2_PLACEMENT_3D('',#3790,#3791,#3792);
#2123=SURFACE_SIDE_STYLE('',(#3793));
#2124=EDGE_LOOP('',(#3794,#3795,#3796,#3797));
#2125=AXIS2_PLACEMENT_3D('',#3798,#3799,#3800);
#2126=SURFACE_SIDE_STYLE('',(#3801));
#2127=EDGE_LOOP('',(#3802,#3803,#3804,#3805));
#2128=AXIS2_PLACEMENT_3D('',#3806,#3807,#3808);
#2129=SURFACE_SIDE_STYLE('',(#3809));
#2130=EDGE_LOOP('',(#3810,#3811,#3812,#3813));
#2131=AXIS2_PLACEMENT_3D('',#3814,#3815,#3816);
#2132=SURFACE_SIDE_STYLE('',(#3817));
#2133=EDGE_LOOP('',(#3818,#3819,#3820,#3821));
#2134=AXIS2_PLACEMENT_3D('',#3822,#3823,#3824);
#2135=SURFACE_SIDE_STYLE('',(#3825));
#2136=EDGE_LOOP('',(#3826,#3827,#3828,#3829,#3830,#3831));
#2137=AXIS2_PLACEMENT_3D('',#3832,#3833,#3834);
#2138=SURFACE_SIDE_STYLE('',(#3835));
#2139=EDGE_LOOP('',(#3836,#3837,#3838,#3839));
#2140=AXIS2_PLACEMENT_3D('',#3840,#3841,#3842);
#2141=SURFACE_SIDE_STYLE('',(#3843));
#2142=EDGE_LOOP('',(#3844,#3845,#3846,#3847));
#2143=AXIS2_PLACEMENT_3D('',#3848,#3849,#3850);
#2144=SURFACE_SIDE_STYLE('',(#3851));
#2145=EDGE_LOOP('',(#3852,#3853,#3854,#3855));
#2146=AXIS2_PLACEMENT_3D('',#3856,#3857,#3858);
#2147=SURFACE_SIDE_STYLE('',(#3859));
#2148=EDGE_LOOP('',(#3860,#3861,#3862,#3863));
#2149=AXIS2_PLACEMENT_3D('',#3864,#3865,#3866);
#2150=SURFACE_SIDE_STYLE('',(#3867));
#2151=EDGE_LOOP('',(#3868,#3869,#3870,#3871));
#2152=AXIS2_PLACEMENT_3D('',#3872,#3873,#3874);
#2153=SURFACE_SIDE_STYLE('',(#3875));
#2154=EDGE_LOOP('',(#3876,#3877,#3878,#3879));
#2155=AXIS2_PLACEMENT_3D('',#3880,#3881,#3882);
#2156=SURFACE_SIDE_STYLE('',(#3883));
#2157=EDGE_LOOP('',(#3884,#3885,#3886,#3887));
#2158=AXIS2_PLACEMENT_3D('',#3888,#3889,#3890);
#2159=SURFACE_SIDE_STYLE('',(#3891));
#2160=EDGE_LOOP('',(#3892,#3893,#3894,#3895));
#2161=AXIS2_PLACEMENT_3D('',#3896,#3897,#3898);
#2162=SURFACE_SIDE_STYLE('',(#3899));
#2163=EDGE_LOOP('',(#3900,#3901,#3902,#3903));
#2164=AXIS2_PLACEMENT_3D('',#3904,#3905,#3906);
#2165=SURFACE_SIDE_STYLE('',(#3907));
#2166=EDGE_LOOP('',(#3908,#3909,#3910,#3911));
#2167=AXIS2_PLACEMENT_3D('',#3912,#3913,#3914);
#2168=SURFACE_SIDE_STYLE('',(#3915));
#2169=EDGE_LOOP('',(#3916,#3917,#3918,#3919));
#2170=AXIS2_PLACEMENT_3D('',#3920,#3921,#3922);
#2171=SURFACE_SIDE_STYLE('',(#3923));
#2172=EDGE_LOOP('',(#3924,#3925,#3926,#3927));
#2173=AXIS2_PLACEMENT_3D('',#3928,#3929,#3930);
#2174=SURFACE_SIDE_STYLE('',(#3931));
#2175=EDGE_LOOP('',(#3932,#3933,#3934,#3935));
#2176=AXIS2_PLACEMENT_3D('',#3936,#3937,#3938);
#2177=SURFACE_SIDE_STYLE('',(#3939));
#2178=EDGE_LOOP('',(#3940,#3941,#3942,#3943));
#2179=AXIS2_PLACEMENT_3D('',#3944,#3945,#3946);
#2180=SURFACE_SIDE_STYLE('',(#3947));
#2181=EDGE_LOOP('',(#3948,#3949,#3950,#3951));
#2182=AXIS2_PLACEMENT_3D('',#3952,#3953,#3954);
#2183=SURFACE_SIDE_STYLE('',(#3955));
#2184=EDGE_LOOP('',(#3956,#3957,#3958,#3959));
#2185=AXIS2_PLACEMENT_3D('',#3960,#3961,#3962);
#2186=SURFACE_SIDE_STYLE('',(#3963));
#2187=EDGE_LOOP('',(#3964,#3965,#3966,#3967,#3968,#3969,#3970,#3971,#3972,#3973,#3974));
#2188=EDGE_LOOP('',(#3975,#3976,#3977));
#2189=AXIS2_PLACEMENT_3D('',#3978,#3979,#3980);
#2190=SURFACE_SIDE_STYLE('',(#3981));
#2191=EDGE_LOOP('',(#3982,#3983,#3984,#3985,#3986,#3987,#3988,#3989,#3990,#3991,#3992,#3993));
#2192=EDGE_LOOP('',(#3994,#3995,#3996,#3997,#3998,#3999,#4000,#4001,#4002,#4003,#4004));
#2193=AXIS2_PLACEMENT_3D('',#4005,#4006,#4007);
#2194=SURFACE_SIDE_STYLE('',(#4008));
#2195=EDGE_LOOP('',(#4009,#4010,#4011,#4012));
#2196=AXIS2_PLACEMENT_3D('',#4013,#4014,#4015);
#2197=SURFACE_SIDE_STYLE('',(#4016));
#2198=EDGE_LOOP('',(#4017,#4018));
#2199=AXIS2_PLACEMENT_3D('',#4019,#4020,#4021);
#2200=SURFACE_SIDE_STYLE('',(#4022));
#2201=EDGE_LOOP('',(#4023,#4024,#4025,#4026));
#2202=AXIS2_PLACEMENT_3D('',#4027,#4028,#4029);
#2203=SURFACE_SIDE_STYLE('',(#4030));
#2204=EDGE_LOOP('',(#4031,#4032));
#2205=AXIS2_PLACEMENT_3D('',#4033,#4034,#4035);
#2206=SURFACE_SIDE_STYLE('',(#4036));
#2207=EDGE_LOOP('',(#4037,#4038,#4039,#4040));
#2208=AXIS2_PLACEMENT_3D('',#4041,#4042,#4043);
#2209=SURFACE_SIDE_STYLE('',(#4044));
#2210=EDGE_LOOP('',(#4045,#4046,#4047,#4048));
#2211=AXIS2_PLACEMENT_3D('',#4049,#4050,#4051);
#2212=SURFACE_SIDE_STYLE('',(#4052));
#2213=EDGE_LOOP('',(#4053,#4054,#4055,#4056));
#2214=AXIS2_PLACEMENT_3D('',#4057,#4058,#4059);
#2215=SURFACE_SIDE_STYLE('',(#4060));
#2216=EDGE_LOOP('',(#4061,#4062,#4063,#4064));
#2217=CARTESIAN_POINT('',(1.26471760172037,2.13024197333312,5.75000000000001));
#2218=CARTESIAN_POINT('',(1.26471760172037,2.13024197333312,5.95000000000001));
#2219=CARTESIAN_POINT('',(1.42560470488764,2.13024197333312,5.75000000000001));
#2220=CARTESIAN_POINT('',(1.42560470488764,2.13024197333312,5.95000000000001));
#2221=CARTESIAN_POINT('',(1.57681438831553,2.07822584223392,5.75000000000001));
#2222=CARTESIAN_POINT('',(1.57681438831553,2.07822584223392,5.95000000000001));
#2223=CARTESIAN_POINT('',(1.6905240702533,1.95846777295904,5.75000000000001));
#2224=CARTESIAN_POINT('',(1.6905240702533,1.95846777295904,5.95000000000001));
#2225=CARTESIAN_POINT('',(1.74979826615703,1.8205645416728,5.75000000000001));
#2226=CARTESIAN_POINT('',(1.74979826615703,1.8205645416728,5.95000000000001));
#2227=SURFACE_SIDE_STYLE('',(#4065));
#2228=EDGE_LOOP('',(#4066,#4067,#4068,#4069));
#2229=AXIS2_PLACEMENT_3D('',#4070,#4071,#4072);
#2230=SURFACE_SIDE_STYLE('',(#4073));
#2231=EDGE_LOOP('',(#4074,#4075,#4076,#4077));
#2232=AXIS2_PLACEMENT_3D('',#4078,#4079,#4080);
#2233=SURFACE_SIDE_STYLE('',(#4081));
#2234=EDGE_LOOP('',(#4082,#4083,#4084,#4085));
#2235=AXIS2_PLACEMENT_3D('',#4086,#4087,#4088);
#2236=SURFACE_SIDE_STYLE('',(#4089));
#2237=EDGE_LOOP('',(#4090,#4091,#4092,#4093));
#2238=CARTESIAN_POINT('',(1.35907244417937,1.78790325005238,5.75000000000001));
#2239=CARTESIAN_POINT('',(1.35907244417937,1.78790325005238,5.95000000000001));
#2240=CARTESIAN_POINT('',(1.35907244417937,1.69717743999565,5.75000000000001));
#2241=CARTESIAN_POINT('',(1.35907244417937,1.69717743999565,5.95000000000001));
#2242=CARTESIAN_POINT('',(1.30584663561275,1.59919356513437,5.75000000000001));
#2243=CARTESIAN_POINT('',(1.30584663561275,1.59919356513437,5.95000000000001));
#2244=CARTESIAN_POINT('',(1.20423372834921,1.55443549883972,5.75000000000001));
#2245=CARTESIAN_POINT('',(1.20423372834921,1.55443549883972,5.95000000000001));
#2246=CARTESIAN_POINT('',(1.0881046914766,1.55443549883972,5.75000000000001));
#2247=CARTESIAN_POINT('',(1.0881046914766,1.55443549883972,5.95000000000001));
#2248=SURFACE_SIDE_STYLE('',(#4094));
#2249=EDGE_LOOP('',(#4095,#4096,#4097,#4098));
#2250=AXIS2_PLACEMENT_3D('',#4099,#4100,#4101);
#2251=SURFACE_SIDE_STYLE('',(#4102));
#2252=EDGE_LOOP('',(#4103,#4104,#4105,#4106));
#2253=AXIS2_PLACEMENT_3D('',#4107,#4108,#4109);
#2254=SURFACE_SIDE_STYLE('',(#4110));
#2255=EDGE_LOOP('',(#4111,#4112,#4113,#4114));
#2256=AXIS2_PLACEMENT_3D('',#4115,#4116,#4117);
#2257=SURFACE_SIDE_STYLE('',(#4118));
#2258=EDGE_LOOP('',(#4119,#4120,#4121,#4122));
#2259=AXIS2_PLACEMENT_3D('',#4123,#4124,#4125);
#2260=SURFACE_SIDE_STYLE('',(#4126));
#2261=EDGE_LOOP('',(#4127,#4128,#4129,#4130));
#2262=AXIS2_PLACEMENT_3D('',#4131,#4132,#4133);
#2263=SURFACE_SIDE_STYLE('',(#4134));
#2264=EDGE_LOOP('',(#4135,#4136,#4137,#4138));
#2265=CARTESIAN_POINT('',(1.1038304985531,1.44919355917391,5.75000000000001));
#2266=CARTESIAN_POINT('',(1.1038304985531,1.44919355917391,5.95000000000001));
#2267=CARTESIAN_POINT('',(1.21754018049087,1.44919355917391,5.75000000000001));
#2268=CARTESIAN_POINT('',(1.21754018049087,1.44919355917391,5.95000000000001));
#2269=CARTESIAN_POINT('',(1.30705631308018,1.4068548478141,5.75000000000001));
#2270=CARTESIAN_POINT('',(1.30705631308018,1.4068548478141,5.95000000000001));
#2271=CARTESIAN_POINT('',(1.35907244417937,1.3125000053551,5.75000000000001));
#2272=CARTESIAN_POINT('',(1.35907244417937,1.3125000053551,5.95000000000001));
#2273=CARTESIAN_POINT('',(1.35907244417937,1.22782258263548,5.75000000000001));
#2274=CARTESIAN_POINT('',(1.35907244417937,1.22782258263548,5.95000000000001));
#2275=SURFACE_SIDE_STYLE('',(#4139));
#2276=EDGE_LOOP('',(#4140,#4141,#4142,#4143));
#2277=AXIS2_PLACEMENT_3D('',#4144,#4145,#4146);
#2278=SURFACE_SIDE_STYLE('',(#4147));
#2279=EDGE_LOOP('',(#4148,#4149,#4150,#4151));
#2280=AXIS2_PLACEMENT_3D('',#4152,#4153,#4154);
#2281=SURFACE_SIDE_STYLE('',(#4155));
#2282=EDGE_LOOP('',(#4156,#4157,#4158,#4159));
#2283=CARTESIAN_POINT('',(1.0881046914766,0.840725793060092,5.75000000000001));
#2284=CARTESIAN_POINT('',(1.0881046914766,0.840725793060092,5.95000000000001));
#2285=CARTESIAN_POINT('',(1.0203627533009,0.840725793060092,5.75000000000001));
#2286=CARTESIAN_POINT('',(1.0203627533009,0.840725793060092,5.95000000000001));
#2287=CARTESIAN_POINT('',(0.967136944734286,0.8673386973434,5.75000000000001));
#2288=CARTESIAN_POINT('',(0.967136944734286,0.8673386973434,5.95000000000001));
#2289=CARTESIAN_POINT('',(0.940524040450978,0.918145150975171,5.75000000000001));
#2290=CARTESIAN_POINT('',(0.940524040450978,0.918145150975171,5.95000000000001));
#2291=CARTESIAN_POINT('',(0.940524040450978,0.982258056748594,5.75000000000001));
#2292=CARTESIAN_POINT('',(0.940524040450978,0.982258056748594,5.95000000000001));
#2293=SURFACE_SIDE_STYLE('',(#4160));
#2294=EDGE_LOOP('',(#4161,#4162,#4163,#4164));
#2295=AXIS2_PLACEMENT_3D('',#4165,#4166,#4167);
#2296=SURFACE_SIDE_STYLE('',(#4168));
#2297=EDGE_LOOP('',(#4169,#4170,#4171,#4172));
#2298=AXIS2_PLACEMENT_3D('',#4173,#4174,#4175);
#2299=SURFACE_SIDE_STYLE('',(#4176));
#2300=EDGE_LOOP('',(#4177,#4178,#4179,#4180));
#2301=AXIS2_PLACEMENT_3D('',#4181,#4182,#4183);
#2302=SURFACE_SIDE_STYLE('',(#4184));
#2303=EDGE_LOOP('',(#4185,#4186,#4187,#4188));
#2304=AXIS2_PLACEMENT_3D('',#4189,#4190,#4191);
#2305=SURFACE_SIDE_STYLE('',(#4192));
#2306=EDGE_LOOP('',(#4193,#4194,#4195,#4196));
#2307=AXIS2_PLACEMENT_3D('',#4197,#4198,#4199);
#2308=SURFACE_SIDE_STYLE('',(#4200));
#2309=EDGE_LOOP('',(#4201,#4202,#4203,#4204));
#2310=CARTESIAN_POINT('',(0.739717580858743,0.993145153955403,5.75000000000001));
#2311=CARTESIAN_POINT('',(0.739717580858744,0.993145153955403,5.95000000000001));
#2312=CARTESIAN_POINT('',(0.739717580858744,0.921774183377439,5.75000000000001));
#2313=CARTESIAN_POINT('',(0.739717580858744,0.921774183377439,5.95000000000001));
#2314=CARTESIAN_POINT('',(0.715524031510282,0.866129019875978,5.75000000000001));
#2315=CARTESIAN_POINT('',(0.715524031510282,0.866129019875978,5.95000000000001));
#2316=CARTESIAN_POINT('',(0.662298222943665,0.840725793060092,5.75000000000001));
#2317=CARTESIAN_POINT('',(0.662298222943665,0.840725793060092,5.95000000000001));
#2318=CARTESIAN_POINT('',(0.593346607300548,0.840725793060092,5.75000000000001));
#2319=CARTESIAN_POINT('',(0.593346607300548,0.840725793060092,5.95000000000001));
#2320=SURFACE_SIDE_STYLE('',(#4205));
#2321=EDGE_LOOP('',(#4206,#4207,#4208,#4209));
#2322=AXIS2_PLACEMENT_3D('',#4210,#4211,#4212);
#2323=SURFACE_SIDE_STYLE('',(#4213));
#2324=EDGE_LOOP('',(#4214,#4215,#4216,#4217));
#2325=CARTESIAN_POINT('',(0.607862736909625,2.15927423255127,5.75000000000001));
#2326=CARTESIAN_POINT('',(0.607862736909625,2.15927423255127,5.95000000000001));
#2327=CARTESIAN_POINT('',(0.667136932813357,2.15927423255127,5.75000000000001));
#2328=CARTESIAN_POINT('',(0.667136932813357,2.15927423255127,5.95000000000001));
#2329=CARTESIAN_POINT('',(0.715524031510281,2.13387100573538,5.75000000000001));
#2330=CARTESIAN_POINT('',(0.715524031510281,2.13387100573538,5.95000000000001));
#2331=CARTESIAN_POINT('',(0.739717580858743,2.08064519716877,5.75000000000001));
#2332=CARTESIAN_POINT('',(0.739717580858743,2.08064519716877,5.95000000000001));
#2333=CARTESIAN_POINT('',(0.739717580858743,2.01290325899308,5.75000000000001));
#2334=CARTESIAN_POINT('',(0.739717580858743,2.01290325899308,5.95000000000001));
#2335=SURFACE_SIDE_STYLE('',(#4218));
#2336=EDGE_LOOP('',(#4219,#4220,#4221,#4222));
#2337=AXIS2_PLACEMENT_3D('',#4223,#4224,#4225);
#2338=SURFACE_SIDE_STYLE('',(#4226));
#2339=EDGE_LOOP('',(#4227,#4228,#4229,#4230));
#2340=AXIS2_PLACEMENT_3D('',#4231,#4232,#4233);
#2341=SURFACE_SIDE_STYLE('',(#4234));
#2342=EDGE_LOOP('',(#4235,#4236,#4237,#4238));
#2343=AXIS2_PLACEMENT_3D('',#4239,#4240,#4241);
#2344=SURFACE_SIDE_STYLE('',(#4242));
#2345=EDGE_LOOP('',(#4243,#4244,#4245,#4246,#4247,#4248,#4249,#4250,#4251,#4252,#4253,#4254,#4255,#4256,#4257,#4258,#4259,#4260,#4261,#4262,#4263,#4264,#4265,#4266,#4267,#4268,#4269));
#2346=AXIS2_PLACEMENT_3D('',#4270,#4271,#4272);
#2347=SURFACE_SIDE_STYLE('',(#4273));
#2348=EDGE_LOOP('',(#4274,#4275,#4276,#4277));
#2349=AXIS2_PLACEMENT_3D('',#4278,#4279,#4280);
#2350=SURFACE_SIDE_STYLE('',(#4281));
#2351=EDGE_LOOP('',(#4282,#4283,#4284,#4285));
#2352=AXIS2_PLACEMENT_3D('',#4286,#4287,#4288);
#2353=SURFACE_SIDE_STYLE('',(#4289));
#2354=EDGE_LOOP('',(#4290,#4291,#4292,#4293));
#2355=CARTESIAN_POINT('',(-1.13891152604933,2.03225809847184,5.75000000000001));
#2356=CARTESIAN_POINT('',(-1.13891152604933,2.03225809847184,5.95000000000001));
#2357=CARTESIAN_POINT('',(-1.13891152604933,2.09032261690815,5.75000000000001));
#2358=CARTESIAN_POINT('',(-1.13891152604933,2.09032261690815,5.95000000000001));
#2359=CARTESIAN_POINT('',(-1.11471797670087,2.13508068320281,5.75000000000001));
#2360=CARTESIAN_POINT('',(-1.11471797670087,2.13508068320281,5.95000000000001));
#2361=CARTESIAN_POINT('',(-1.0639115230691,2.15927423255127,5.75000000000001));
#2362=CARTESIAN_POINT('',(-1.0639115230691,2.15927423255127,5.95000000000001));
#2363=CARTESIAN_POINT('',(-1.0010082947631,2.15927423255127,5.75000000000001));
#2364=CARTESIAN_POINT('',(-1.0010082947631,2.15927423255127,5.95000000000001));
#2365=SURFACE_SIDE_STYLE('',(#4294));
#2366=EDGE_LOOP('',(#4295,#4296,#4297,#4298));
#2367=AXIS2_PLACEMENT_3D('',#4299,#4300,#4301);
#2368=SURFACE_SIDE_STYLE('',(#4302));
#2369=EDGE_LOOP('',(#4303,#4304,#4305,#4306));
#2370=CARTESIAN_POINT('',(-1.13407281617964,0.898790311496399,5.75000000000001));
#2371=CARTESIAN_POINT('',(-1.13407281617964,0.898790311496399,5.95000000000001));
#2372=CARTESIAN_POINT('',(-1.13891152604933,0.913306441105478,5.75000000000001));
#2373=CARTESIAN_POINT('',(-1.13891152604933,0.913306441105478,5.95000000000001));
#2374=CARTESIAN_POINT('',(-1.13891152604933,0.985887089150864,5.75000000000001));
#2375=CARTESIAN_POINT('',(-1.13891152604933,0.985887089150864,5.95000000000001));
#2376=SURFACE_SIDE_STYLE('',(#4307));
#2377=EDGE_LOOP('',(#4308,#4309,#4310,#4311));
#2378=CARTESIAN_POINT('',(-1.10504055696148,0.870967729745669,5.75000000000001));
#2379=CARTESIAN_POINT('',(-1.10504055696148,0.870967729745669,5.95000000000001));
#2380=CARTESIAN_POINT('',(-1.1268147513751,0.87943547201763,5.75000000000001));
#2381=CARTESIAN_POINT('',(-1.1268147513751,0.87943547201763,5.95000000000001));
#2382=CARTESIAN_POINT('',(-1.13407281617964,0.898790311496399,5.75000000000001));
#2383=CARTESIAN_POINT('',(-1.13407281617964,0.898790311496399,5.95000000000001));
#2384=SURFACE_SIDE_STYLE('',(#4312));
#2385=EDGE_LOOP('',(#4313,#4314,#4315,#4316));
#2386=CARTESIAN_POINT('',(-1.01794377930702,0.864919342408553,5.75000000000001));
#2387=CARTESIAN_POINT('',(-1.01794377930702,0.864919342408553,5.95000000000001));
#2388=CARTESIAN_POINT('',(-1.09052442735241,0.864919342408553,5.75000000000001));
#2389=CARTESIAN_POINT('',(-1.09052442735241,0.864919342408553,5.95000000000001));
#2390=CARTESIAN_POINT('',(-1.10504055696148,0.870967729745669,5.75000000000001));
#2391=CARTESIAN_POINT('',(-1.10504055696148,0.870967729745669,5.95000000000001));
#2392=SURFACE_SIDE_STYLE('',(#4317));
#2393=EDGE_LOOP('',(#4318,#4319,#4320,#4321));
#2394=AXIS2_PLACEMENT_3D('',#4322,#4323,#4324);
#2395=SURFACE_SIDE_STYLE('',(#4325));
#2396=EDGE_LOOP('',(#4326,#4327,#4328,#4329));
#2397=CARTESIAN_POINT('',(-0.378024399040202,1.25201613198394,5.75000000000001));
#2398=CARTESIAN_POINT('',(-0.378024399040202,1.25201613198394,5.95000000000001));
#2399=CARTESIAN_POINT('',(-0.446976014683318,1.09959677108863,5.75000000000001));
#2400=CARTESIAN_POINT('',(-0.446976014683318,1.09959677108863,5.95000000000001));
#2401=CARTESIAN_POINT('',(-0.594556665708936,0.945967732725902,5.75000000000001));
#2402=CARTESIAN_POINT('',(-0.594556665708936,0.945967732725902,5.95000000000001));
#2403=CARTESIAN_POINT('',(-0.798992157703441,0.864919342408553,5.75000000000001));
#2404=CARTESIAN_POINT('',(-0.79899215770344,0.864919342408553,5.95000000000001));
#2405=CARTESIAN_POINT('',(-0.938105066457097,0.864919342408553,5.75000000000001));
#2406=CARTESIAN_POINT('',(-0.938105066457097,0.864919342408553,5.95000000000001));
#2407=SURFACE_SIDE_STYLE('',(#4330));
#2408=EDGE_LOOP('',(#4331,#4332,#4333,#4334));
#2409=AXIS2_PLACEMENT_3D('',#4335,#4336,#4337);
#2410=SURFACE_SIDE_STYLE('',(#4338));
#2411=EDGE_LOOP('',(#4339,#4340,#4341,#4342));
#2412=AXIS2_PLACEMENT_3D('',#4343,#4344,#4345);
#2413=SURFACE_SIDE_STYLE('',(#4346));
#2414=EDGE_LOOP('',(#4347,#4348,#4349,#4350));
#2415=AXIS2_PLACEMENT_3D('',#4351,#4352,#4353);
#2416=SURFACE_SIDE_STYLE('',(#4354));
#2417=EDGE_LOOP('',(#4355,#4356,#4357,#4358));
#2418=AXIS2_PLACEMENT_3D('',#4359,#4360,#4361);
#2419=SURFACE_SIDE_STYLE('',(#4362));
#2420=EDGE_LOOP('',(#4363,#4364,#4365,#4366));
#2421=AXIS2_PLACEMENT_3D('',#4367,#4368,#4369);
#2422=SURFACE_SIDE_STYLE('',(#4370));
#2423=EDGE_LOOP('',(#4371,#4372,#4373,#4374));
#2424=CARTESIAN_POINT('',(-1.33971798564157,0.985887089150864,5.75000000000001));
#2425=CARTESIAN_POINT('',(-1.33971798564157,0.985887089150864,5.95000000000001));
#2426=CARTESIAN_POINT('',(-1.33971798564157,0.919354828442592,5.75000000000001));
#2427=CARTESIAN_POINT('',(-1.33971798564157,0.919354828442592,5.95000000000001));
#2428=CARTESIAN_POINT('',(-1.36512121245745,0.864919342408553,5.75000000000001));
#2429=CARTESIAN_POINT('',(-1.36512121245745,0.864919342408553,5.95000000000001));
#2430=CARTESIAN_POINT('',(-1.41229863368695,0.840725793060091,5.75000000000001));
#2431=CARTESIAN_POINT('',(-1.41229863368695,0.840725793060091,5.95000000000001));
#2432=CARTESIAN_POINT('',(-1.48125024933007,0.840725793060091,5.75000000000001));
#2433=CARTESIAN_POINT('',(-1.48125024933007,0.840725793060091,5.95000000000001));
#2434=SURFACE_SIDE_STYLE('',(#4375));
#2435=EDGE_LOOP('',(#4376,#4377,#4378,#4379));
#2436=AXIS2_PLACEMENT_3D('',#4380,#4381,#4382);
#2437=SURFACE_SIDE_STYLE('',(#4383));
#2438=EDGE_LOOP('',(#4384,#4385,#4386,#4387));
#2439=CARTESIAN_POINT('',(-1.48125024933007,2.15927423255127,5.75000000000001));
#2440=CARTESIAN_POINT('',(-1.48125024933007,2.15927423255127,5.95000000000001));
#2441=CARTESIAN_POINT('',(-1.40866960128468,2.15927423255127,5.75000000000001));
#2442=CARTESIAN_POINT('',(-1.40866960128468,2.15927423255127,5.95000000000001));
#2443=CARTESIAN_POINT('',(-1.36270185752261,2.13629036067023,5.75000000000001));
#2444=CARTESIAN_POINT('',(-1.36270185752261,2.13629036067023,5.95000000000001));
#2445=CARTESIAN_POINT('',(-1.33971798564157,2.08306455210362,5.75000000000001));
#2446=CARTESIAN_POINT('',(-1.33971798564157,2.08306455210362,5.95000000000001));
#2447=CARTESIAN_POINT('',(-1.33971798564157,2.00564519418854,5.75000000000001));
#2448=CARTESIAN_POINT('',(-1.33971798564157,2.00564519418854,5.95000000000001));
#2449=SURFACE_SIDE_STYLE('',(#4388));
#2450=EDGE_LOOP('',(#4389,#4390,#4391,#4392));
#2451=AXIS2_PLACEMENT_3D('',#4393,#4394,#4395);
#2452=SURFACE_SIDE_STYLE('',(#4396));
#2453=EDGE_LOOP('',(#4397,#4398,#4399,#4400));
#2454=AXIS2_PLACEMENT_3D('',#4401,#4402,#4403);
#2455=SURFACE_SIDE_STYLE('',(#4404));
#2456=EDGE_LOOP('',(#4405,#4406,#4407,#4408));
#2457=AXIS2_PLACEMENT_3D('',#4409,#4410,#4411);
#2458=SURFACE_SIDE_STYLE('',(#4412));
#2459=EDGE_LOOP('',(#4413,#4414,#4415,#4416,#4417,#4418,#4419,#4420,#4421,#4422,#4423,#4424,#4425,#4426,#4427,#4428,#4429,#4430,#4431,#4432));
#2460=AXIS2_PLACEMENT_3D('',#4433,#4434,#4435);
#2461=SURFACE_SIDE_STYLE('',(#4436));
#2462=EDGE_LOOP('',(#4437,#4438,#4439,#4440));
#2463=AXIS2_PLACEMENT_3D('',#4441,#4442,#4443);
#2464=SURFACE_SIDE_STYLE('',(#4444));
#2465=EDGE_LOOP('',(#4445,#4446,#4447,#4448));
#2466=AXIS2_PLACEMENT_3D('',#4449,#4450,#4451);
#2467=SURFACE_SIDE_STYLE('',(#4452));
#2468=EDGE_LOOP('',(#4453,#4454,#4455,#4456));
#2469=CARTESIAN_POINT('',(-1.96754059123416,1.95483874055677,5.75000000000001));
#2470=CARTESIAN_POINT('',(-1.96754059123416,1.95483874055677,5.95000000000001));
#2471=CARTESIAN_POINT('',(-1.92641155734177,1.89556454465303,5.75000000000001));
#2472=CARTESIAN_POINT('',(-1.92641155734177,1.89556454465303,5.95000000000001));
#2473=CARTESIAN_POINT('',(-1.84536316702442,1.72258066681153,5.75000000000001));
#2474=CARTESIAN_POINT('',(-1.84536316702442,1.72258066681153,5.95000000000001));
#2475=SURFACE_SIDE_STYLE('',(#4457));
#2476=EDGE_LOOP('',(#4458,#4459,#4460,#4461));
#2477=CARTESIAN_POINT('',(-2.36552447801636,2.16169358748612,5.75000000000001));
#2478=CARTESIAN_POINT('',(-2.36552447801636,2.16169358748612,5.95000000000001));
#2479=CARTESIAN_POINT('',(-2.2421373763392,2.16169358748612,5.75000000000001));
#2480=CARTESIAN_POINT('',(-2.2421373763392,2.16169358748612,5.95000000000001));
#2481=CARTESIAN_POINT('',(-2.03649220687727,2.05040326048319,5.75000000000001));
#2482=CARTESIAN_POINT('',(-2.03649220687727,2.05040326048319,5.95000000000001));
#2483=CARTESIAN_POINT('',(-1.96754059123416,1.95483874055677,5.75000000000001));
#2484=CARTESIAN_POINT('',(-1.96754059123416,1.95483874055677,5.95000000000001));
#2485=SURFACE_SIDE_STYLE('',(#4462));
#2486=EDGE_LOOP('',(#4463,#4464,#4465,#4466));
#2487=CARTESIAN_POINT('',(-2.90625030595448,1.51572581988218,5.75000000000001));
#2488=CARTESIAN_POINT('',(-2.90625030595448,1.51572581988218,5.95000000000001));
#2489=CARTESIAN_POINT('',(-2.90625030595448,1.70443550480018,5.75000000000001));
#2490=CARTESIAN_POINT('',(-2.90625030595448,1.70443550480018,5.95000000000001));
#2491=CARTESIAN_POINT('',(-2.75504062252659,2.00564519418854,5.75000000000001));
#2492=CARTESIAN_POINT('',(-2.75504062252659,2.00564519418854,5.95000000000001));
#2493=CARTESIAN_POINT('',(-2.51068577410713,2.16169358748612,5.75000000000001));
#2494=CARTESIAN_POINT('',(-2.51068577410713,2.16169358748612,5.95000000000001));
#2495=CARTESIAN_POINT('',(-2.36552447801636,2.16169358748612,5.75000000000001));
#2496=CARTESIAN_POINT('',(-2.36552447801636,2.16169358748612,5.95000000000001));
#2497=SURFACE_SIDE_STYLE('',(#4467));
#2498=EDGE_LOOP('',(#4468,#4469,#4470,#4471));
#2499=CARTESIAN_POINT('',(-2.33891157373305,0.855241922669168,5.75000000000001));
#2500=CARTESIAN_POINT('',(-2.33891157373305,0.855241922669168,5.95000000000001));
#2501=CARTESIAN_POINT('',(-2.49012125716094,0.855241922669168,5.75000000000001));
#2502=CARTESIAN_POINT('',(-2.49012125716094,0.855241922669168,5.95000000000001));
#2503=CARTESIAN_POINT('',(-2.75262126759175,1.01854838077129,5.75000000000001));
#2504=CARTESIAN_POINT('',(-2.75262126759175,1.01854838077129,5.95000000000001));
#2505=CARTESIAN_POINT('',(-2.90625030595448,1.32217742509448,5.75000000000001));
#2506=CARTESIAN_POINT('',(-2.90625030595448,1.32217742509448,5.95000000000001));
#2507=CARTESIAN_POINT('',(-2.90625030595448,1.51572581988218,5.75000000000001));
#2508=CARTESIAN_POINT('',(-2.90625030595448,1.51572581988218,5.95000000000001));
#2509=SURFACE_SIDE_STYLE('',(#4472));
#2510=EDGE_LOOP('',(#4473,#4474,#4475,#4476));
#2511=CARTESIAN_POINT('',(-1.78729864858811,1.16733870926433,5.75000000000001));
#2512=CARTESIAN_POINT('',(-1.78729864858811,1.16733870926433,5.95000000000001));
#2513=CARTESIAN_POINT('',(-1.89737929812362,1.01975805823871,5.75000000000001));
#2514=CARTESIAN_POINT('',(-1.89737929812362,1.01975805823871,5.95000000000001));
#2515=CARTESIAN_POINT('',(-2.19616963257712,0.855241922669168,5.75000000000001));
#2516=CARTESIAN_POINT('',(-2.19616963257712,0.855241922669168,5.95000000000001));
#2517=CARTESIAN_POINT('',(-2.33891157373305,0.855241922669168,5.75000000000001));
#2518=CARTESIAN_POINT('',(-2.33891157373305,0.855241922669168,5.95000000000001));
#2519=SURFACE_SIDE_STYLE('',(#4477));
#2520=EDGE_LOOP('',(#4478,#4479,#4480,#4481));
#2521=AXIS2_PLACEMENT_3D('',#4482,#4483,#4484);
#2522=SURFACE_SIDE_STYLE('',(#4485));
#2523=EDGE_LOOP('',(#4486,#4487,#4488,#4489));
#2524=CARTESIAN_POINT('',(-1.84536316702442,0.941129022856209,5.75000000000001));
#2525=CARTESIAN_POINT('',(-1.84536316702442,0.941129022856209,5.95000000000001));
#2526=CARTESIAN_POINT('',(-1.76794380910934,1.0088709610319,5.75000000000001));
#2527=CARTESIAN_POINT('',(-1.76794380910934,1.0088709610319,5.95000000000001));
#2528=CARTESIAN_POINT('',(-1.70141154840107,1.1080645133606,5.75000000000001));
#2529=CARTESIAN_POINT('',(-1.70141154840107,1.1080645133606,5.95000000000001));
#2530=SURFACE_SIDE_STYLE('',(#4490));
#2531=EDGE_LOOP('',(#4491,#4492,#4493,#4494));
#2532=CARTESIAN_POINT('',(-2.39092770483224,0.724596756187472,5.75000000000001));
#2533=CARTESIAN_POINT('',(-2.39092770483224,0.724596756187472,5.95000000000001));
#2534=CARTESIAN_POINT('',(-2.23245995659981,0.724596756187472,5.75000000000001));
#2535=CARTESIAN_POINT('',(-2.23245995659981,0.724596756187472,5.95000000000001));
#2536=CARTESIAN_POINT('',(-1.96754059123416,0.829838695853282,5.75000000000001));
#2537=CARTESIAN_POINT('',(-1.96754059123416,0.829838695853282,5.95000000000001));
#2538=CARTESIAN_POINT('',(-1.84536316702442,0.941129022856209,5.75000000000001));
#2539=CARTESIAN_POINT('',(-1.84536316702442,0.941129022856209,5.95000000000001));
#2540=SURFACE_SIDE_STYLE('',(#4495));
#2541=EDGE_LOOP('',(#4496,#4497,#4498,#4499));
#2542=CARTESIAN_POINT('',(-2.95826643705368,0.983467734216017,5.75000000000001));
#2543=CARTESIAN_POINT('',(-2.95826643705368,0.983467734216017,5.95000000000001));
#2544=CARTESIAN_POINT('',(-2.73931481545009,0.724596756187472,5.75000000000001));
#2545=CARTESIAN_POINT('',(-2.73931481545009,0.724596756187472,5.95000000000001));
#2546=CARTESIAN_POINT('',(-2.39092770483224,0.724596756187472,5.75000000000001));
#2547=CARTESIAN_POINT('',(-2.39092770483224,0.724596756187472,5.95000000000001));
#2548=SURFACE_SIDE_STYLE('',(#4500));
#2549=EDGE_LOOP('',(#4501,#4502,#4503,#4504));
#2550=CARTESIAN_POINT('',(-3.13850837969972,1.49516130293599,5.75000000000001));
#2551=CARTESIAN_POINT('',(-3.13850837969972,1.49516130293599,5.95000000000001));
#2552=CARTESIAN_POINT('',(-3.13850837969972,1.19879032341733,5.75000000000001));
#2553=CARTESIAN_POINT('',(-3.13850837969972,1.19879032341733,5.95000000000001));
#2554=CARTESIAN_POINT('',(-2.95826643705368,0.983467734216017,5.75000000000001));
#2555=CARTESIAN_POINT('',(-2.95826643705368,0.983467734216017,5.95000000000001));
#2556=SURFACE_SIDE_STYLE('',(#4505));
#2557=EDGE_LOOP('',(#4506,#4507,#4508,#4509));
#2558=CARTESIAN_POINT('',(-2.3836696400277,2.27540326942389,5.75000000000001));
#2559=CARTESIAN_POINT('',(-2.3836696400277,2.27540326942389,5.95000000000001));
#2560=CARTESIAN_POINT('',(-2.58689545455478,2.27540326942389,5.75000000000001));
#2561=CARTESIAN_POINT('',(-2.58689545455478,2.27540326942389,5.95000000000001));
#2562=CARTESIAN_POINT('',(-2.93891159757491,2.06733874502711,5.75000000000001));
#2563=CARTESIAN_POINT('',(-2.93891159757491,2.06733874502711,5.95000000000001));
#2564=CARTESIAN_POINT('',(-3.13850837969972,1.71290324707215,5.75000000000001));
#2565=CARTESIAN_POINT('',(-3.13850837969972,1.71290324707215,5.95000000000001));
#2566=CARTESIAN_POINT('',(-3.13850837969972,1.49516130293599,5.75000000000001));
#2567=CARTESIAN_POINT('',(-3.13850837969972,1.49516130293599,5.95000000000001));
#2568=SURFACE_SIDE_STYLE('',(#4510));
#2569=EDGE_LOOP('',(#4511,#4512,#4513,#4514));
#2570=CARTESIAN_POINT('',(-1.99294381805004,2.15080649027931,5.75000000000001));
#2571=CARTESIAN_POINT('',(-1.99294381805004,2.15080649027931,5.95000000000001));
#2572=CARTESIAN_POINT('',(-2.08850833797647,2.21612907352016,5.75000000000001));
#2573=CARTESIAN_POINT('',(-2.08850833797647,2.21612907352016,5.95000000000001));
#2574=CARTESIAN_POINT('',(-2.27479866795962,2.27540326942389,5.75000000000001));
#2575=CARTESIAN_POINT('',(-2.27479866795962,2.27540326942389,5.95000000000001));
#2576=CARTESIAN_POINT('',(-2.3836696400277,2.27540326942389,5.75000000000001));
#2577=CARTESIAN_POINT('',(-2.3836696400277,2.27540326942389,5.95000000000001));
#2578=SURFACE_SIDE_STYLE('',(#4515));
#2579=EDGE_LOOP('',(#4516,#4517,#4518,#4519));
#2580=AXIS2_PLACEMENT_3D('',#4520,#4521,#4522);
#2581=SURFACE_SIDE_STYLE('',(#4523));
#2582=EDGE_LOOP('',(#4524,#4525,#4526,#4527));
#2583=AXIS2_PLACEMENT_3D('',#4528,#4529,#4530);
#2584=SURFACE_SIDE_STYLE('',(#4531));
#2585=EDGE_LOOP('',(#4532,#4533,#4534,#4535,#4536,#4537,#4538,#4539,#4540,#4541,#4542,#4543,#4544,#4545,#4546,#4547));
#2586=AXIS2_PLACEMENT_3D('',#4548,#4549,#4550);
#2587=SURFACE_SIDE_STYLE('',(#4551));
#2588=EDGE_LOOP('',(#4552,#4553,#4554,#4555));
#2589=AXIS2_PLACEMENT_3D('',#4556,#4557,#4558);
#2590=SURFACE_SIDE_STYLE('',(#4559));
#2591=EDGE_LOOP('',(#4560,#4561,#4562,#4563));
#2592=AXIS2_PLACEMENT_3D('',#4564,#4565,#4566);
#2593=SURFACE_SIDE_STYLE('',(#4567));
#2594=EDGE_LOOP('',(#4568,#4569,#4570,#4571));
#2595=CARTESIAN_POINT('',(0.163911106365347,1.96935487016584,5.75000000000001));
#2596=CARTESIAN_POINT('',(0.163911106365347,1.96935487016584,5.95000000000001));
#2597=CARTESIAN_POINT('',(0.163911106365347,2.06129035769,5.75000000000001));
#2598=CARTESIAN_POINT('',(0.163911106365347,2.06129035769,5.95000000000001));
#2599=CARTESIAN_POINT('',(0.189314333181232,2.124193585996,5.75000000000001));
#2600=CARTESIAN_POINT('',(0.189314333181232,2.124193585996,5.95000000000001));
#2601=CARTESIAN_POINT('',(0.246169174150118,2.15927423255127,5.75000000000001));
#2602=CARTESIAN_POINT('',(0.246169174150118,2.15927423255127,5.95000000000001));
#2603=CARTESIAN_POINT('',(0.307862724988696,2.15927423255127,5.75000000000001));
#2604=CARTESIAN_POINT('',(0.307862724988696,2.15927423255127,5.95000000000001));
#2605=SURFACE_SIDE_STYLE('',(#4572));
#2606=EDGE_LOOP('',(#4573,#4574,#4575,#4576));
#2607=AXIS2_PLACEMENT_3D('',#4577,#4578,#4579);
#2608=SURFACE_SIDE_STYLE('',(#4580));
#2609=EDGE_LOOP('',(#4581,#4582,#4583,#4584));
#2610=CARTESIAN_POINT('',(0.307862724988697,0.840725793060092,5.75000000000001));
#2611=CARTESIAN_POINT('',(0.307862724988697,0.840725793060092,5.95000000000001));
#2612=CARTESIAN_POINT('',(0.242540141747849,0.840725793060092,5.75000000000001));
#2613=CARTESIAN_POINT('',(0.242540141747849,0.840725793060092,5.95000000000001));
#2614=CARTESIAN_POINT('',(0.191733688116079,0.868548374810824,5.75000000000001));
#2615=CARTESIAN_POINT('',(0.191733688116079,0.868548374810824,5.95000000000001));
#2616=CARTESIAN_POINT('',(0.163911106365347,0.930241925649401,5.75000000000001));
#2617=CARTESIAN_POINT('',(0.163911106365348,0.930241925649401,5.95000000000001));
#2618=CARTESIAN_POINT('',(0.163911106365347,1.00282257369479,5.75000000000001));
#2619=CARTESIAN_POINT('',(0.163911106365348,1.00282257369479,5.95000000000001));
#2620=SURFACE_SIDE_STYLE('',(#4585));
#2621=EDGE_LOOP('',(#4586,#4587,#4588,#4589));
#2622=AXIS2_PLACEMENT_3D('',#4590,#4591,#4592);
#2623=SURFACE_SIDE_STYLE('',(#4593));
#2624=EDGE_LOOP('',(#4594,#4595,#4596,#4597));
#2625=AXIS2_PLACEMENT_3D('',#4598,#4599,#4600);
#2626=SURFACE_SIDE_STYLE('',(#4601));
#2627=EDGE_LOOP('',(#4602,#4603,#4604,#4605));
#2628=AXIS2_PLACEMENT_3D('',#4606,#4607,#4608);
#2629=SURFACE_SIDE_STYLE('',(#4609));
#2630=EDGE_LOOP('',(#4610,#4611,#4612,#4613));
#2631=AXIS2_PLACEMENT_3D('',#4614,#4615,#4616);
#2632=SURFACE_SIDE_STYLE('',(#4617));
#2633=EDGE_LOOP('',(#4618,#4619,#4620,#4621));
#2634=AXIS2_PLACEMENT_3D('',#4622,#4623,#4624);
#2635=SURFACE_SIDE_STYLE('',(#4625));
#2636=EDGE_LOOP('',(#4626,#4627,#4628,#4629));
#2637=CARTESIAN_POINT('',(-0.0344759982920411,1.00282257369479,5.75000000000001));
#2638=CARTESIAN_POINT('',(-0.034475998292041,1.00282257369479,5.95000000000001));
#2639=CARTESIAN_POINT('',(-0.034475998292041,0.924193538312284,5.75000000000001));
#2640=CARTESIAN_POINT('',(-0.0344759982920409,0.924193538312284,5.95000000000001));
#2641=CARTESIAN_POINT('',(-0.0586695476405029,0.869758052278245,5.75000000000001));
#2642=CARTESIAN_POINT('',(-0.0586695476405028,0.869758052278245,5.95000000000001));
#2643=CARTESIAN_POINT('',(-0.110685678739696,0.840725793060092,5.75000000000001));
#2644=CARTESIAN_POINT('',(-0.110685678739696,0.840725793060092,5.95000000000001));
#2645=CARTESIAN_POINT('',(-0.174798584513121,0.840725793060092,5.75000000000001));
#2646=CARTESIAN_POINT('',(-0.174798584513121,0.840725793060092,5.95000000000001));
#2647=SURFACE_SIDE_STYLE('',(#4630));
#2648=EDGE_LOOP('',(#4631,#4632,#4633,#4634));
#2649=AXIS2_PLACEMENT_3D('',#4635,#4636,#4637);
#2650=SURFACE_SIDE_STYLE('',(#4638));
#2651=EDGE_LOOP('',(#4639,#4640,#4641,#4642));
#2652=CARTESIAN_POINT('',(-0.174798584513121,2.15927423255127,5.75000000000001));
#2653=CARTESIAN_POINT('',(-0.174798584513121,2.15927423255127,5.95000000000001));
#2654=CARTESIAN_POINT('',(-0.110685678739697,2.15927423255127,5.75000000000001));
#2655=CARTESIAN_POINT('',(-0.110685678739697,2.15927423255127,5.95000000000001));
#2656=CARTESIAN_POINT('',(-0.0586695476405033,2.13266132826796,5.75000000000001));
#2657=CARTESIAN_POINT('',(-0.0586695476405032,2.13266132826796,5.95000000000001));
#2658=CARTESIAN_POINT('',(-0.0344759982920415,2.07580648729908,5.75000000000001));
#2659=CARTESIAN_POINT('',(-0.0344759982920414,2.07580648729908,5.95000000000001));
#2660=CARTESIAN_POINT('',(-0.0344759982920414,1.99233874204688,5.75000000000001));
#2661=CARTESIAN_POINT('',(-0.0344759982920413,1.99233874204688,5.95000000000001));
#2662=SURFACE_SIDE_STYLE('',(#4643));
#2663=EDGE_LOOP('',(#4644,#4645,#4646,#4647));
#2664=AXIS2_PLACEMENT_3D('',#4648,#4649,#4650);
#2665=SURFACE_SIDE_STYLE('',(#4651));
#2666=EDGE_LOOP('',(#4652,#4653,#4654,#4655));
#2667=AXIS2_PLACEMENT_3D('',#4656,#4657,#4658);
#2668=SURFACE_SIDE_STYLE('',(#4659));
#2669=EDGE_LOOP('',(#4660,#4661,#4662,#4663));
#2670=AXIS2_PLACEMENT_3D('',#4664,#4665,#4666);
#2671=SURFACE_SIDE_STYLE('',(#4667));
#2672=EDGE_LOOP('',(#4668,#4669,#4670,#4671,#4672,#4673,#4674,#4675,#4676,#4677,#4678,#4679,#4680,#4681,#4682,#4683));
#2673=AXIS2_PLACEMENT_3D('',#4684,#4685,#4686);
#2674=SURFACE_SIDE_STYLE('',(#4687));
#2675=EDGE_LOOP('',(#4688,#4689,#4690,#4691));
#2676=AXIS2_PLACEMENT_3D('',#4692,#4693,#4694);
#2677=SURFACE_SIDE_STYLE('',(#4695));
#2678=EDGE_LOOP('',(#4696,#4697,#4698,#4699));
#2679=AXIS2_PLACEMENT_3D('',#4700,#4701,#4702);
#2680=SURFACE_SIDE_STYLE('',(#4703));
#2681=EDGE_LOOP('',(#4704,#4705,#4706,#4707));
#2682=CARTESIAN_POINT('',(2.67399185126828,2.13024197333312,5.75000000000001));
#2683=CARTESIAN_POINT('',(2.67399185126828,2.13024197333312,5.95000000000001));
#2684=CARTESIAN_POINT('',(2.83487895443555,2.13024197333312,5.75000000000001));
#2685=CARTESIAN_POINT('',(2.83487895443555,2.13024197333312,5.95000000000001));
#2686=CARTESIAN_POINT('',(2.98608863786344,2.07822584223392,5.75000000000001));
#2687=CARTESIAN_POINT('',(2.98608863786344,2.07822584223392,5.95000000000001));
#2688=CARTESIAN_POINT('',(3.09979831980121,1.95846777295904,5.75000000000001));
#2689=CARTESIAN_POINT('',(3.09979831980121,1.95846777295904,5.95000000000001));
#2690=CARTESIAN_POINT('',(3.15907251570494,1.8205645416728,5.75000000000001));
#2691=CARTESIAN_POINT('',(3.15907251570494,1.8205645416728,5.95000000000001));
#2692=SURFACE_SIDE_STYLE('',(#4708));
#2693=EDGE_LOOP('',(#4709,#4710,#4711,#4712));
#2694=AXIS2_PLACEMENT_3D('',#4713,#4714,#4715);
#2695=SURFACE_SIDE_STYLE('',(#4716));
#2696=EDGE_LOOP('',(#4717,#4718,#4719,#4720));
#2697=AXIS2_PLACEMENT_3D('',#4721,#4722,#4723);
#2698=SURFACE_SIDE_STYLE('',(#4724));
#2699=EDGE_LOOP('',(#4725,#4726,#4727,#4728));
#2700=AXIS2_PLACEMENT_3D('',#4729,#4730,#4731);
#2701=SURFACE_SIDE_STYLE('',(#4732));
#2702=EDGE_LOOP('',(#4733,#4734,#4735,#4736));
#2703=CARTESIAN_POINT('',(2.76834669372728,1.78790325005238,5.75000000000001));
#2704=CARTESIAN_POINT('',(2.76834669372728,1.78790325005238,5.95000000000001));
#2705=CARTESIAN_POINT('',(2.76834669372728,1.69717743999565,5.75000000000001));
#2706=CARTESIAN_POINT('',(2.76834669372728,1.69717743999565,5.95000000000001));
#2707=CARTESIAN_POINT('',(2.71512088516067,1.59919356513438,5.75000000000001));
#2708=CARTESIAN_POINT('',(2.71512088516067,1.59919356513438,5.95000000000001));
#2709=CARTESIAN_POINT('',(2.61350797789713,1.55443549883972,5.75000000000001));
#2710=CARTESIAN_POINT('',(2.61350797789713,1.55443549883972,5.95000000000001));
#2711=CARTESIAN_POINT('',(2.49737894102451,1.55443549883972,5.75000000000001));
#2712=CARTESIAN_POINT('',(2.49737894102451,1.55443549883972,5.95000000000001));
#2713=SURFACE_SIDE_STYLE('',(#4737));
#2714=EDGE_LOOP('',(#4738,#4739,#4740,#4741));
#2715=AXIS2_PLACEMENT_3D('',#4742,#4743,#4744);
#2716=SURFACE_SIDE_STYLE('',(#4745));
#2717=EDGE_LOOP('',(#4746,#4747,#4748,#4749));
#2718=AXIS2_PLACEMENT_3D('',#4750,#4751,#4752);
#2719=SURFACE_SIDE_STYLE('',(#4753));
#2720=EDGE_LOOP('',(#4754,#4755,#4756,#4757));
#2721=AXIS2_PLACEMENT_3D('',#4758,#4759,#4760);
#2722=SURFACE_SIDE_STYLE('',(#4761));
#2723=EDGE_LOOP('',(#4762,#4763,#4764,#4765));
#2724=AXIS2_PLACEMENT_3D('',#4766,#4767,#4768);
#2725=SURFACE_SIDE_STYLE('',(#4769));
#2726=EDGE_LOOP('',(#4770,#4771,#4772,#4773));
#2727=AXIS2_PLACEMENT_3D('',#4774,#4775,#4776);
#2728=SURFACE_SIDE_STYLE('',(#4777));
#2729=EDGE_LOOP('',(#4778,#4779,#4780,#4781));
#2730=CARTESIAN_POINT('',(2.51310474810101,1.44919355917391,5.75000000000001));
#2731=CARTESIAN_POINT('',(2.51310474810101,1.44919355917391,5.95000000000001));
#2732=CARTESIAN_POINT('',(2.62681443003878,1.44919355917391,5.75000000000001));
#2733=CARTESIAN_POINT('',(2.62681443003878,1.44919355917391,5.95000000000001));
#2734=CARTESIAN_POINT('',(2.71633056262809,1.4068548478141,5.75000000000001));
#2735=CARTESIAN_POINT('',(2.71633056262809,1.4068548478141,5.95000000000001));
#2736=CARTESIAN_POINT('',(2.76834669372728,1.3125000053551,5.75000000000001));
#2737=CARTESIAN_POINT('',(2.76834669372728,1.3125000053551,5.95000000000001));
#2738=CARTESIAN_POINT('',(2.76834669372728,1.22782258263548,5.75000000000001));
#2739=CARTESIAN_POINT('',(2.76834669372728,1.22782258263548,5.95000000000001));
#2740=SURFACE_SIDE_STYLE('',(#4782));
#2741=EDGE_LOOP('',(#4783,#4784,#4785,#4786));
#2742=AXIS2_PLACEMENT_3D('',#4787,#4788,#4789);
#2743=SURFACE_SIDE_STYLE('',(#4790));
#2744=EDGE_LOOP('',(#4791,#4792,#4793,#4794));
#2745=AXIS2_PLACEMENT_3D('',#4795,#4796,#4797);
#2746=SURFACE_SIDE_STYLE('',(#4798));
#2747=EDGE_LOOP('',(#4799,#4800,#4801,#4802));
#2748=CARTESIAN_POINT('',(2.49737894102451,0.840725793060093,5.75000000000001));
#2749=CARTESIAN_POINT('',(2.49737894102451,0.840725793060093,5.95000000000001));
#2750=CARTESIAN_POINT('',(2.42963700284882,0.840725793060093,5.75000000000001));
#2751=CARTESIAN_POINT('',(2.42963700284882,0.840725793060093,5.95000000000001));
#2752=CARTESIAN_POINT('',(2.3764111942822,0.8673386973434,5.75000000000001));
#2753=CARTESIAN_POINT('',(2.3764111942822,0.8673386973434,5.95000000000001));
#2754=CARTESIAN_POINT('',(2.34979828999889,0.918145150975171,5.75000000000001));
#2755=CARTESIAN_POINT('',(2.34979828999889,0.918145150975171,5.95000000000001));
#2756=CARTESIAN_POINT('',(2.34979828999889,0.982258056748595,5.75000000000001));
#2757=CARTESIAN_POINT('',(2.34979828999889,0.982258056748595,5.95000000000001));
#2758=SURFACE_SIDE_STYLE('',(#4803));
#2759=EDGE_LOOP('',(#4804,#4805,#4806,#4807));
#2760=AXIS2_PLACEMENT_3D('',#4808,#4809,#4810);
#2761=SURFACE_SIDE_STYLE('',(#4811));
#2762=EDGE_LOOP('',(#4812,#4813,#4814,#4815));
#2763=AXIS2_PLACEMENT_3D('',#4816,#4817,#4818);
#2764=SURFACE_SIDE_STYLE('',(#4819));
#2765=EDGE_LOOP('',(#4820,#4821,#4822,#4823));
#2766=AXIS2_PLACEMENT_3D('',#4824,#4825,#4826);
#2767=SURFACE_SIDE_STYLE('',(#4827));
#2768=EDGE_LOOP('',(#4828,#4829,#4830,#4831));
#2769=AXIS2_PLACEMENT_3D('',#4832,#4833,#4834);
#2770=SURFACE_SIDE_STYLE('',(#4835));
#2771=EDGE_LOOP('',(#4836,#4837,#4838,#4839));
#2772=AXIS2_PLACEMENT_3D('',#4840,#4841,#4842);
#2773=SURFACE_SIDE_STYLE('',(#4843));
#2774=EDGE_LOOP('',(#4844,#4845,#4846,#4847));
#2775=CARTESIAN_POINT('',(2.14899183040666,0.993145153955403,5.75000000000001));
#2776=CARTESIAN_POINT('',(2.14899183040666,0.993145153955403,5.95000000000001));
#2777=CARTESIAN_POINT('',(2.14899183040666,0.921774183377439,5.75000000000001));
#2778=CARTESIAN_POINT('',(2.14899183040666,0.921774183377439,5.95000000000001));
#2779=CARTESIAN_POINT('',(2.12479828105819,0.866129019875978,5.75000000000001));
#2780=CARTESIAN_POINT('',(2.12479828105819,0.866129019875978,5.95000000000001));
#2781=CARTESIAN_POINT('',(2.07157247249158,0.840725793060093,5.75000000000001));
#2782=CARTESIAN_POINT('',(2.07157247249158,0.840725793060093,5.95000000000001));
#2783=CARTESIAN_POINT('',(2.00262085684846,0.840725793060093,5.75000000000001));
#2784=CARTESIAN_POINT('',(2.00262085684846,0.840725793060093,5.95000000000001));
#2785=SURFACE_SIDE_STYLE('',(#4848));
#2786=EDGE_LOOP('',(#4849,#4850,#4851,#4852));
#2787=AXIS2_PLACEMENT_3D('',#4853,#4854,#4855);
#2788=SURFACE_SIDE_STYLE('',(#4856));
#2789=EDGE_LOOP('',(#4857,#4858,#4859,#4860));
#2790=CARTESIAN_POINT('',(2.01713698645754,2.15927423255127,5.75000000000001));
#2791=CARTESIAN_POINT('',(2.01713698645754,2.15927423255127,5.95000000000001));
#2792=CARTESIAN_POINT('',(2.07641118236127,2.15927423255127,5.75000000000001));
#2793=CARTESIAN_POINT('',(2.07641118236127,2.15927423255127,5.95000000000001));
#2794=CARTESIAN_POINT('',(2.12479828105819,2.13387100573539,5.75000000000001));
#2795=CARTESIAN_POINT('',(2.12479828105819,2.13387100573539,5.95000000000001));
#2796=CARTESIAN_POINT('',(2.14899183040666,2.08064519716877,5.75000000000001));
#2797=CARTESIAN_POINT('',(2.14899183040666,2.08064519716877,5.95000000000001));
#2798=CARTESIAN_POINT('',(2.14899183040666,2.01290325899308,5.75000000000001));
#2799=CARTESIAN_POINT('',(2.14899183040666,2.01290325899308,5.95000000000001));
#2800=SURFACE_SIDE_STYLE('',(#4861));
#2801=EDGE_LOOP('',(#4862,#4863,#4864,#4865));
#2802=AXIS2_PLACEMENT_3D('',#4866,#4867,#4868);
#2803=SURFACE_SIDE_STYLE('',(#4869));
#2804=EDGE_LOOP('',(#4870,#4871,#4872,#4873));
#2805=AXIS2_PLACEMENT_3D('',#4874,#4875,#4876);
#2806=SURFACE_SIDE_STYLE('',(#4877));
#2807=EDGE_LOOP('',(#4878,#4879,#4880,#4881));
#2808=AXIS2_PLACEMENT_3D('',#4882,#4883,#4884);
#2809=SURFACE_SIDE_STYLE('',(#4885));
#2810=EDGE_LOOP('',(#4886,#4887,#4888,#4889,#4890,#4891,#4892,#4893,#4894,#4895,#4896,#4897,#4898,#4899,#4900,#4901,#4902,#4903,#4904,#4905,#4906,#4907,#4908,#4909,#4910,#4911,#4912));
#2811=AXIS2_PLACEMENT_3D('',#4913,#4914,#4915);
#2812=SURFACE_SIDE_STYLE('',(#4916));
#2813=EDGE_LOOP('',(#4917,#4918,#4919,#4920));
#2814=AXIS2_PLACEMENT_3D('',#4921,#4922,#4923);
#2815=SURFACE_SIDE_STYLE('',(#4924));
#2816=EDGE_LOOP('',(#4925,#4926,#4927,#4928));
#2817=AXIS2_PLACEMENT_3D('',#4929,#4930,#4931);
#2818=SURFACE_SIDE_STYLE('',(#4932));
#2819=EDGE_LOOP('',(#4933,#4934,#4935,#4936));
#2820=AXIS2_PLACEMENT_3D('',#4937,#4938,#4939);
#2821=SURFACE_SIDE_STYLE('',(#4940));
#2822=EDGE_LOOP('',(#4941,#4942,#4943,#4944));
#2823=AXIS2_PLACEMENT_3D('',#4945,#4946,#4947);
#2824=SURFACE_SIDE_STYLE('',(#4948));
#2825=EDGE_LOOP('',(#4949,#4950,#4951,#4952));
#2826=EDGE_LOOP('',(#4953,#4954,#4955,#4956,#4957,#4958,#4959,#4960,#4961,#4962,#4963,#4964,#4965,#4966,#4967,#4968,#4969,#4970,#4971,#4972,#4973,#4974,#4975,#4976,#4977,#4978,#4979));
#2827=EDGE_LOOP('',(#4980,#4981,#4982,#4983,#4984,#4985,#4986,#4987,#4988,#4989,#4990,#4991,#4992,#4993,#4994,#4995,#4996,#4997,#4998,#4999));
#2828=EDGE_LOOP('',(#5000,#5001,#5002,#5003,#5004,#5005,#5006,#5007,#5008,#5009,#5010,#5011,#5012,#5013,#5014,#5015));
#2829=EDGE_LOOP('',(#5016,#5017,#5018,#5019,#5020,#5021,#5022,#5023,#5024,#5025,#5026,#5027,#5028,#5029,#5030,#5031));
#2830=EDGE_LOOP('',(#5032,#5033,#5034,#5035,#5036,#5037,#5038,#5039,#5040,#5041,#5042,#5043,#5044,#5045,#5046,#5047,#5048,#5049,#5050,#5051,#5052,#5053,#5054,#5055,#5056,#5057,#5058));
#2831=AXIS2_PLACEMENT_3D('',#5059,#5060,#5061);
#2832=SURFACE_SIDE_STYLE('',(#5062));
#2833=EDGE_LOOP('',(#5063,#5064,#5065,#5066));
#2834=AXIS2_PLACEMENT_3D('',#5067,#5068,#5069);
#2835=SURFACE_SIDE_STYLE('',(#5070));
#2836=EDGE_LOOP('',(#5071,#5072,#5073,#5074,#5075));
#2837=AXIS2_PLACEMENT_3D('',#5076,#5077,#5078);
#2838=SURFACE_SIDE_STYLE('',(#5079));
#2839=EDGE_LOOP('',(#5080,#5081,#5082,#5083,#5084,#5085,#5086,#5087));
#2840=EDGE_LOOP('',(#5088,#5089,#5090,#5091));
#2841=EDGE_LOOP('',(#5092,#5093,#5094,#5095));
#2842=AXIS2_PLACEMENT_3D('',#5096,#5097,#5098);
#2843=SURFACE_SIDE_STYLE('',(#5099));
#2844=EDGE_LOOP('',(#5100,#5101,#5102,#5103));
#2845=AXIS2_PLACEMENT_3D('',#5104,#5105,#5106);
#2846=SURFACE_SIDE_STYLE('',(#5107));
#2847=EDGE_LOOP('',(#5108,#5109,#5110,#5111,#5112));
#2848=AXIS2_PLACEMENT_3D('',#5113,#5114,#5115);
#2849=SURFACE_SIDE_STYLE('',(#5116));
#2850=EDGE_LOOP('',(#5117,#5118,#5119,#5120));
#2851=AXIS2_PLACEMENT_3D('',#5121,#5122,#5123);
#2852=SURFACE_SIDE_STYLE('',(#5124));
#2853=EDGE_LOOP('',(#5125,#5126,#5127,#5128));
#2854=AXIS2_PLACEMENT_3D('',#5129,#5130,#5131);
#2855=SURFACE_SIDE_STYLE('',(#5132));
#2856=EDGE_LOOP('',(#5133,#5134,#5135,#5136,#5137,#5138,#5139));
#2858=CARTESIAN_POINT('',(-2.5,11.0,1.00000000000001));
#2859=CARTESIAN_POINT('',(-2.5,10.5,1.00000000000001));
#2860=CARTESIAN_POINT('',(-3.0,10.5,1.00000000000001));
#2861=CARTESIAN_POINT('',(-3.5,10.5,1.00000000000001));
#2862=CARTESIAN_POINT('',(-3.5,11.0,1.00000000000001));
#2863=CARTESIAN_POINT('',(-2.0,11.0,1.00000000000001));
#2864=CARTESIAN_POINT('',(-2.0,9.99999999999999,1.00000000000001));
#2865=CARTESIAN_POINT('',(-3.0,9.99999999999999,1.00000000000001));
#2866=CARTESIAN_POINT('',(-4.0,9.99999999999999,1.00000000000001));
#2867=CARTESIAN_POINT('',(-4.0,11.0,1.00000000000001));
#2868=CARTESIAN_POINT('',(-2.0,11.0,0.500000000000005));
#2869=CARTESIAN_POINT('',(-2.0,9.99999999999999,0.500000000000005));
#2870=CARTESIAN_POINT('',(-3.0,9.99999999999999,0.500000000000006));
#2871=CARTESIAN_POINT('',(-4.0,9.99999999999999,0.500000000000006));
#2872=CARTESIAN_POINT('',(-4.0,11.0,0.500000000000006));
#2879=SURFACE_SIDE_STYLE('',(#5140));
#2880=EDGE_LOOP('',(#5141,#5142,#5143,#5144));
#2881=AXIS2_PLACEMENT_3D('',#5145,#5146,#5147);
#2882=SURFACE_SIDE_STYLE('',(#5148));
#2883=EDGE_LOOP('',(#5149,#5150,#5151,#5152));
#2884=AXIS2_PLACEMENT_3D('',#5153,#5154,#5155);
#2885=SURFACE_SIDE_STYLE('',(#5156));
#2886=EDGE_LOOP('',(#5157,#5158,#5159,#5160,#5161,#5162,#5163));
#2887=AXIS2_PLACEMENT_3D('',#5164,#5165,#5166);
#2888=SURFACE_SIDE_STYLE('',(#5167));
#2889=EDGE_LOOP('',(#5168,#5169,#5170,#5171,#5172,#5173,#5174));
#2891=CARTESIAN_POINT('',(-3.5,17.0,1.00000000000001));
#2892=CARTESIAN_POINT('',(-3.5,17.5,1.00000000000001));
#2893=CARTESIAN_POINT('',(-3.0,17.5,1.00000000000001));
#2894=CARTESIAN_POINT('',(-4.0,17.0,1.00000000000001));
#2895=CARTESIAN_POINT('',(-4.0,18.0,1.00000000000001));
#2896=CARTESIAN_POINT('',(-3.0,18.0,1.00000000000001));
#2897=CARTESIAN_POINT('',(-4.0,17.0,0.500000000000006));
#2898=CARTESIAN_POINT('',(-4.0,18.0,0.500000000000006));
#2899=CARTESIAN_POINT('',(-3.0,18.0,0.500000000000006));
#2906=SURFACE_SIDE_STYLE('',(#5175));
#2907=EDGE_LOOP('',(#5176,#5177,#5178,#5179));
#2908=AXIS2_PLACEMENT_3D('',#5180,#5181,#5182);
#2909=SURFACE_SIDE_STYLE('',(#5183));
#2910=EDGE_LOOP('',(#5184,#5185,#5186,#5187));
#2911=AXIS2_PLACEMENT_3D('',#5188,#5189,#5190);
#2912=SURFACE_SIDE_STYLE('',(#5191));
#2913=EDGE_LOOP('',(#5192,#5193,#5194,#5195,#5196,#5197,#5198));
#2914=AXIS2_PLACEMENT_3D('',#5199,#5200,#5201);
#2915=SURFACE_SIDE_STYLE('',(#5202));
#2916=EDGE_LOOP('',(#5203,#5204,#5205,#5206,#5207,#5208,#5209));
#2918=CARTESIAN_POINT('',(3.0,17.5,1.0));
#2919=CARTESIAN_POINT('',(3.5,17.5,1.0));
#2920=CARTESIAN_POINT('',(3.5,17.0,1.0));
#2921=CARTESIAN_POINT('',(3.0,18.0,1.00000000000001));
#2922=CARTESIAN_POINT('',(4.0,18.0,1.0));
#2923=CARTESIAN_POINT('',(4.0,17.0,1.0));
#2924=CARTESIAN_POINT('',(3.0,18.0,0.500000000000003));
#2925=CARTESIAN_POINT('',(4.0,18.0,0.500000000000002));
#2926=CARTESIAN_POINT('',(4.0,17.0,0.500000000000002));
#2933=SURFACE_SIDE_STYLE('',(#5210));
#2934=EDGE_LOOP('',(#5211,#5212,#5213,#5214));
#2935=AXIS2_PLACEMENT_3D('',#5215,#5216,#5217);
#2936=SURFACE_SIDE_STYLE('',(#5218));
#2937=EDGE_LOOP('',(#5219,#5220,#5221,#5222));
#2938=AXIS2_PLACEMENT_3D('',#5223,#5224,#5225);
#2939=SURFACE_SIDE_STYLE('',(#5226));
#2940=EDGE_LOOP('',(#5227,#5228,#5229,#5230,#5231,#5232,#5233));
#2942=CARTESIAN_POINT('',(3.5,11.0,1.0));
#2943=CARTESIAN_POINT('',(3.5,10.5,1.0));
#2944=CARTESIAN_POINT('',(3.0,10.5,1.0));
#2945=CARTESIAN_POINT('',(2.5,10.5,1.0));
#2946=CARTESIAN_POINT('',(2.5,11.0,1.0));
#2947=CARTESIAN_POINT('',(4.0,11.0,1.0));
#2948=CARTESIAN_POINT('',(4.0,10.0,1.0));
#2949=CARTESIAN_POINT('',(3.0,10.0,1.0));
#2950=CARTESIAN_POINT('',(2.0,10.0,1.00000000000001));
#2951=CARTESIAN_POINT('',(2.0,11.0,1.00000000000001));
#2952=CARTESIAN_POINT('',(4.0,11.0,0.500000000000002));
#2953=CARTESIAN_POINT('',(4.0,10.0,0.500000000000002));
#2954=CARTESIAN_POINT('',(3.0,10.0,0.500000000000003));
#2955=CARTESIAN_POINT('',(2.0,10.0,0.500000000000003));
#2956=CARTESIAN_POINT('',(2.0,11.0,0.500000000000003));
#2963=SURFACE_SIDE_STYLE('',(#5234));
#2964=EDGE_LOOP('',(#5235,#5236,#5237,#5238));
#2965=AXIS2_PLACEMENT_3D('',#5239,#5240,#5241);
#2966=SURFACE_SIDE_STYLE('',(#5242));
#2967=EDGE_LOOP('',(#5243,#5244,#5245,#5246));
#2968=AXIS2_PLACEMENT_3D('',#5247,#5248,#5249);
#2969=SURFACE_SIDE_STYLE('',(#5250));
#2970=EDGE_LOOP('',(#5251,#5252,#5253,#5254));
#2971=AXIS2_PLACEMENT_3D('',#5255,#5256,#5257);
#2972=SURFACE_SIDE_STYLE('',(#5258));
#2973=EDGE_LOOP('',(#5259,#5260,#5261,#5262));
#2974=AXIS2_PLACEMENT_3D('',#5263,#5264,#5265);
#2975=SURFACE_SIDE_STYLE('',(#5266));
#2976=EDGE_LOOP('',(#5267,#5268,#5269,#5270));
#2977=AXIS2_PLACEMENT_3D('',#5271,#5272,#5273);
#2978=SURFACE_SIDE_STYLE('',(#5274));
#2979=EDGE_LOOP('',(#5275,#5276,#5277,#5278));
#2980=AXIS2_PLACEMENT_3D('',#5279,#5280,#5281);
#2981=SURFACE_SIDE_STYLE('',(#5282));
#2982=EDGE_LOOP('',(#5283,#5284,#5285));
#2983=AXIS2_PLACEMENT_3D('',#5286,#5287,#5288);
#2984=SURFACE_SIDE_STYLE('',(#5289));
#2985=EDGE_LOOP('',(#5290,#5291,#5292,#5293));
#2986=AXIS2_PLACEMENT_3D('',#5294,#5295,#5296);
#2987=SURFACE_SIDE_STYLE('',(#5297));
#2988=EDGE_LOOP('',(#5298,#5299,#5300,#5301));
#2989=AXIS2_PLACEMENT_3D('',#5302,#5303,#5304);
#2990=SURFACE_SIDE_STYLE('',(#5305));
#2991=EDGE_LOOP('',(#5306,#5307,#5308,#5309,#5310,#5311,#5312,#5313,#5314));
#2992=EDGE_LOOP('',(#5315,#5316));
#2993=EDGE_LOOP('',(#5317,#5318,#5319,#5320));
#2994=EDGE_LOOP('',(#5321,#5322,#5323,#5324));
#2995=EDGE_LOOP('',(#5325,#5326,#5327,#5328));
#2996=EDGE_LOOP('',(#5329,#5330,#5331,#5332));
#2997=EDGE_LOOP('',(#5333,#5334));
#2998=EDGE_LOOP('',(#5335,#5336));
#2999=EDGE_LOOP('',(#5337,#5338));
#3000=EDGE_LOOP('',(#5339,#5340,#5341,#5342,#5343,#5344,#5345,#5346,#5347,#5348,#5349,#5350,#5351,#5352,#5353,#5354,#5355,#5356));
#3001=AXIS2_PLACEMENT_3D('',#5357,#5358,#5359);
#3002=SURFACE_SIDE_STYLE('',(#5360));
#3003=EDGE_LOOP('',(#5361,#5362,#5363,#5364));
#3004=AXIS2_PLACEMENT_3D('',#5365,#5366,#5367);
#3005=SURFACE_SIDE_STYLE('',(#5368));
#3006=EDGE_LOOP('',(#5369,#5370,#5371,#5372));
#3007=AXIS2_PLACEMENT_3D('',#5373,#5374,#5375);
#3008=SURFACE_SIDE_STYLE('',(#5376));
#3009=EDGE_LOOP('',(#5377,#5378,#5379,#5380));
#3010=AXIS2_PLACEMENT_3D('',#5381,#5382,#5383);
#3011=SURFACE_SIDE_STYLE('',(#5384));
#3012=EDGE_LOOP('',(#5385,#5386,#5387,#5388));
#3013=AXIS2_PLACEMENT_3D('',#5389,#5390,#5391);
#3014=SURFACE_SIDE_STYLE('',(#5392));
#3015=EDGE_LOOP('',(#5393,#5394,#5395,#5396));
#3016=AXIS2_PLACEMENT_3D('',#5397,#5398,#5399);
#3017=SURFACE_SIDE_STYLE('',(#5400));
#3018=EDGE_LOOP('',(#5401,#5402,#5403,#5404,#5405,#5406));
#3019=AXIS2_PLACEMENT_3D('',#5407,#5408,#5409);
#3020=SURFACE_SIDE_STYLE('',(#5410));
#3021=EDGE_LOOP('',(#5411,#5412,#5413,#5414));
#3022=AXIS2_PLACEMENT_3D('',#5415,#5416,#5417);
#3023=SURFACE_SIDE_STYLE('',(#5418));
#3024=EDGE_LOOP('',(#5419,#5420,#5421,#5422,#5423,#5424));
#3025=AXIS2_PLACEMENT_3D('',#5425,#5426,#5427);
#3026=SURFACE_SIDE_STYLE('',(#5428));
#3027=EDGE_LOOP('',(#5429,#5430,#5431,#5432));
#3028=AXIS2_PLACEMENT_3D('',#5433,#5434,#5435);
#3029=SURFACE_SIDE_STYLE('',(#5436));
#3030=EDGE_LOOP('',(#5437,#5438,#5439,#5440,#5441,#5442));
#3031=AXIS2_PLACEMENT_3D('',#5443,#5444,#5445);
#3032=SURFACE_SIDE_STYLE('',(#5446));
#3033=EDGE_LOOP('',(#5447,#5448,#5449,#5450));
#3034=AXIS2_PLACEMENT_3D('',#5451,#5452,#5453);
#3035=SURFACE_SIDE_STYLE('',(#5454));
#3036=EDGE_LOOP('',(#5455,#5456,#5457,#5458));
#3037=AXIS2_PLACEMENT_3D('',#5459,#5460,#5461);
#3038=SURFACE_SIDE_STYLE('',(#5462));
#3039=EDGE_LOOP('',(#5463,#5464,#5465,#5466));
#3040=AXIS2_PLACEMENT_3D('',#5467,#5468,#5469);
#3041=SURFACE_SIDE_STYLE('',(#5470));
#3042=EDGE_LOOP('',(#5471,#5472,#5473,#5474));
#3043=AXIS2_PLACEMENT_3D('',#5475,#5476,#5477);
#3044=SURFACE_SIDE_STYLE('',(#5478));
#3045=EDGE_LOOP('',(#5479,#5480,#5481,#5482));
#3046=EDGE_LOOP('',(#5483,#5484));
#3047=EDGE_LOOP('',(#5485,#5486));
#3048=AXIS2_PLACEMENT_3D('',#5487,#5488,#5489);
#3049=SURFACE_SIDE_STYLE('',(#5490));
#3050=EDGE_LOOP('',(#5491,#5492,#5493,#5494));
#3051=AXIS2_PLACEMENT_3D('',#5495,#5496,#5497);
#3052=SURFACE_SIDE_STYLE('',(#5498));
#3053=EDGE_LOOP('',(#5499,#5500,#5501,#5502));
#3054=AXIS2_PLACEMENT_3D('',#5503,#5504,#5505);
#3055=SURFACE_SIDE_STYLE('',(#5506));
#3056=EDGE_LOOP('',(#5507,#5508,#5509,#5510,#5511,#5512));
#3057=AXIS2_PLACEMENT_3D('',#5513,#5514,#5515);
#3058=SURFACE_SIDE_STYLE('',(#5516));
#3059=EDGE_LOOP('',(#5517,#5518,#5519,#5520,#5521));
#3060=AXIS2_PLACEMENT_3D('',#5522,#5523,#5524);
#3061=SURFACE_SIDE_STYLE('',(#5525));
#3062=EDGE_LOOP('',(#5526,#5527,#5528,#5529));
#3063=AXIS2_PLACEMENT_3D('',#5530,#5531,#5532);
#3064=SURFACE_SIDE_STYLE('',(#5533));
#3065=EDGE_LOOP('',(#5534,#5535,#5536,#5537));
#3066=AXIS2_PLACEMENT_3D('',#5538,#5539,#5540);
#3067=SURFACE_SIDE_STYLE('',(#5541));
#3068=EDGE_LOOP('',(#5542,#5543));
#3069=EDGE_LOOP('',(#5544,#5545));
#3070=AXIS2_PLACEMENT_3D('',#5546,#5547,#5548);
#3071=SURFACE_SIDE_STYLE('',(#5549));
#3072=EDGE_LOOP('',(#5550,#5551,#5552,#5553));
#3073=AXIS2_PLACEMENT_3D('',#5554,#5555,#5556);
#3074=SURFACE_SIDE_STYLE('',(#5557));
#3075=EDGE_LOOP('',(#5558,#5559));
#3076=EDGE_LOOP('',(#5560,#5561));
#3077=AXIS2_PLACEMENT_3D('',#5562,#5563,#5564);
#3078=SURFACE_SIDE_STYLE('',(#5565));
#3079=EDGE_LOOP('',(#5566,#5567,#5568,#5569));
#3080=AXIS2_PLACEMENT_3D('',#5570,#5571,#5572);
#3081=SURFACE_SIDE_STYLE('',(#5573));
#3082=EDGE_LOOP('',(#5574,#5575,#5576,#5577,#5578));
#3083=AXIS2_PLACEMENT_3D('',#5579,#5580,#5581);
#3084=SURFACE_SIDE_STYLE('',(#5582));
#3085=EDGE_LOOP('',(#5583,#5584,#5585,#5586,#5587,#5588));
#3086=AXIS2_PLACEMENT_3D('',#5589,#5590,#5591);
#3087=SURFACE_SIDE_STYLE('',(#5592));
#3088=EDGE_LOOP('',(#5593,#5594,#5595,#5596));
#3089=AXIS2_PLACEMENT_3D('',#5597,#5598,#5599);
#3090=SURFACE_SIDE_STYLE('',(#5600));
#3091=EDGE_LOOP('',(#5601,#5602,#5603,#5604,#5605,#5606,#5607,#5608,#5609,#5610,#5611,#5612));
#3092=AXIS2_PLACEMENT_3D('',#5613,#5614,#5615);
#3093=SURFACE_SIDE_STYLE('',(#5616));
#3094=EDGE_LOOP('',(#5617,#5618,#5619,#5620,#5621,#5622));
#3095=AXIS2_PLACEMENT_3D('',#5623,#5624,#5625);
#3096=SURFACE_SIDE_STYLE('',(#5626));
#3098=SURFACE_STYLE_FILL_AREA(#5627);
#3099=ORIENTED_EDGE('',*,*,#5628,.F.);
#3100=ORIENTED_EDGE('',*,*,#5629,.T.);
#3101=ORIENTED_EDGE('',*,*,#5630,.T.);
#3102=ORIENTED_EDGE('',*,*,#5631,.T.);
#3103=ORIENTED_EDGE('',*,*,#5632,.T.);
#3104=ORIENTED_EDGE('',*,*,#5633,.T.);
#3105=SURFACE_STYLE_FILL_AREA(#5634);
#3106=ORIENTED_EDGE('',*,*,#5635,.F.);
#3107=ORIENTED_EDGE('',*,*,#5636,.T.);
#3108=ORIENTED_EDGE('',*,*,#5637,.F.);
#3109=ORIENTED_EDGE('',*,*,#5638,.F.);
#3110=CARTESIAN_POINT('',(8.46358991013693E-16,5.29999999999999,5.55111512312578E-15));
#3111=DIRECTION('',(3.71230823859037E-16,-1.0,-1.89927248328133E-31));
#3112=DIRECTION('',(-5.11614974084834E-16,2.18952885050753E-47,-1.0));
#3113=SURFACE_STYLE_FILL_AREA(#5639);
#3114=ORIENTED_EDGE('',*,*,#5640,.F.);
#3115=ORIENTED_EDGE('',*,*,#5641,.F.);
#3116=ORIENTED_EDGE('',*,*,#5642,.F.);
#3117=ORIENTED_EDGE('',*,*,#5643,.F.);
#3118=ORIENTED_EDGE('',*,*,#5644,.F.);
#3119=CARTESIAN_POINT('',(2.81388235746659E-15,-3.51108031537706E-15,5.55111512312578E-15));
#3120=DIRECTION('',(-3.71230823859037E-16,1.0,4.20158285991929E-32));
#3121=DIRECTION('',(1.0,3.71230823859037E-16,-5.11614974084834E-16));
#3122=SURFACE_STYLE_FILL_AREA(#5645);
#3123=ORIENTED_EDGE('',*,*,#5646,.F.);
#3124=ORIENTED_EDGE('',*,*,#5647,.T.);
#3125=ORIENTED_EDGE('',*,*,#5648,.F.);
#3126=ORIENTED_EDGE('',*,*,#5649,.T.);
#3127=ORIENTED_EDGE('',*,*,#5644,.T.);
#3128=CARTESIAN_POINT('',(7.91830618552834E-15,-13.75,5.55111512312578E-15));
#3129=DIRECTION('',(-3.71230823859037E-16,1.0,1.89927248328133E-31));
#3130=DIRECTION('',(5.11614974084834E-16,0.0,1.0));
#3131=SURFACE_STYLE_FILL_AREA(#5650);
#3132=ORIENTED_EDGE('',*,*,#5651,.F.);
#3133=ORIENTED_EDGE('',*,*,#5652,.F.);
#3134=ORIENTED_EDGE('',*,*,#5653,.F.);
#3135=ORIENTED_EDGE('',*,*,#5654,.F.);
#3136=CARTESIAN_POINT('',(4.4287364412534E-15,-4.35000000000001,5.55111512312578E-15));
#3137=DIRECTION('',(-3.71230823859037E-16,1.0,4.20158285991928E-32));
#3138=DIRECTION('',(5.11614974084834E-16,1.4791141972894E-31,1.0));
#3139=SURFACE_STYLE_FILL_AREA(#5655);
#3140=ORIENTED_EDGE('',*,*,#5656,.F.);
#3141=ORIENTED_EDGE('',*,*,#5657,.T.);
#3142=ORIENTED_EDGE('',*,*,#5658,.F.);
#3143=ORIENTED_EDGE('',*,*,#5659,.T.);
#3144=CARTESIAN_POINT('',(7.91830618552834E-15,-13.75,5.55111512312578E-15));
#3145=DIRECTION('',(-3.71230823859037E-16,1.0,1.89927248328133E-31));
#3146=DIRECTION('',(5.11614974084834E-16,-2.18952885050753E-47,1.0));
#3147=SURFACE_STYLE_FILL_AREA(#5660);
#3148=ORIENTED_EDGE('',*,*,#5661,.F.);
#3149=ORIENTED_EDGE('',*,*,#5662,.T.);
#3150=ORIENTED_EDGE('',*,*,#5663,.T.);
#3151=ORIENTED_EDGE('',*,*,#5664,.F.);
#3152=CARTESIAN_POINT('',(4.4287364412534E-15,-4.35,5.55111512312578E-15));
#3153=DIRECTION('',(-3.71230823859037E-16,1.0,4.20158285991929E-32));
#3154=DIRECTION('',(5.11614974084834E-16,1.4791141972894E-31,1.0));
#3155=SURFACE_STYLE_FILL_AREA(#5665);
#3156=ORIENTED_EDGE('',*,*,#5666,.F.);
#3157=ORIENTED_EDGE('',*,*,#5667,.T.);
#3158=ORIENTED_EDGE('',*,*,#5668,.F.);
#3159=ORIENTED_EDGE('',*,*,#5669,.T.);
#3160=CARTESIAN_POINT('',(7.91830618552834E-15,-13.75,5.55111512312578E-15));
#3161=DIRECTION('',(3.71230823859037E-16,-1.0,-1.89927248328133E-31));
#3162=DIRECTION('',(-5.11614974084834E-16,2.18952885050753E-47,-1.0));
#3163=SURFACE_STYLE_FILL_AREA(#5670);
#3164=ORIENTED_EDGE('',*,*,#5671,.F.);
#3165=ORIENTED_EDGE('',*,*,#5672,.T.);
#3166=ORIENTED_EDGE('',*,*,#5673,.T.);
#3167=ORIENTED_EDGE('',*,*,#5674,.F.);
#3168=ORIENTED_EDGE('',*,*,#5675,.F.);
#3169=CARTESIAN_POINT('',(8.0111138914931E-15,-14.0,5.55111512312578E-15));
#3170=DIRECTION('',(3.71230823859037E-16,-1.0,-4.20158285991929E-32));
#3171=DIRECTION('',(-1.0,-3.71230823859037E-16,5.11614974084834E-16));
#3172=SURFACE_STYLE_FILL_AREA(#5676);
#3173=ORIENTED_EDGE('',*,*,#5677,.F.);
#3174=ORIENTED_EDGE('',*,*,#5678,.T.);
#3175=ORIENTED_EDGE('',*,*,#5679,.T.);
#3176=ORIENTED_EDGE('',*,*,#5680,.F.);
#3177=CARTESIAN_POINT('',(-4.5,17.5,3.12500000000001));
#3178=DIRECTION('',(-9.62140259439971E-16,1.02977208081174E-15,-1.0));
#3179=DIRECTION('',(-0.707106781186548,0.707106781186547,1.40849472332115E-15));
#3180=SURFACE_STYLE_FILL_AREA(#5681);
#3181=ORIENTED_EDGE('',*,*,#5682,.F.);
#3182=ORIENTED_EDGE('',*,*,#5683,.T.);
#3183=ORIENTED_EDGE('',*,*,#5684,.T.);
#3184=ORIENTED_EDGE('',*,*,#5685,.F.);
#3185=CARTESIAN_POINT('',(-1.3803896766848E-15,17.5,4.50000000000001));
#3186=DIRECTION('',(-1.0,-3.71230823859037E-16,5.11614974084834E-16));
#3187=DIRECTION('',(9.9266584595772E-17,0.707106781186547,0.707106781186547));
#3188=SURFACE_STYLE_FILL_AREA(#5686);
#3189=ORIENTED_EDGE('',*,*,#5687,.F.);
#3190=ORIENTED_EDGE('',*,*,#5688,.T.);
#3191=ORIENTED_EDGE('',*,*,#5689,.T.);
#3192=ORIENTED_EDGE('',*,*,#5690,.T.);
#3193=CARTESIAN_POINT('',(4.5,17.5,3.12500000000001));
#3194=DIRECTION('',(8.01238371813135E-16,-2.89623397728302E-16,1.0));
#3195=DIRECTION('',(0.707106781186548,0.707106781186547,-3.61766417531966E-16));
#3196=SURFACE_STYLE_FILL_AREA(#5691);
#3197=ORIENTED_EDGE('',*,*,#5692,.F.);
#3198=ORIENTED_EDGE('',*,*,#5693,.T.);
#3199=ORIENTED_EDGE('',*,*,#5694,.T.);
#3200=ORIENTED_EDGE('',*,*,#5695,.F.);
#3201=CARTESIAN_POINT('',(0.999999999999995,15.0,-5.49999999999999));
#3202=DIRECTION('',(-5.11614974084834E-16,-2.95822839457879E-31,-1.0));
#3203=DIRECTION('',(0.707106781186547,0.707106781186548,-3.61766417531966E-16));
#3204=SURFACE_STYLE_FILL_AREA(#5696);
#3205=ORIENTED_EDGE('',*,*,#5697,.F.);
#3206=ORIENTED_EDGE('',*,*,#5698,.F.);
#3207=ORIENTED_EDGE('',*,*,#5699,.T.);
#3208=ORIENTED_EDGE('',*,*,#5700,.T.);
#3209=CARTESIAN_POINT('',(3.0,11.0,-5.5));
#3210=DIRECTION('',(-5.11614974084834E-16,-2.95822839457879E-31,-1.0));
#3211=DIRECTION('',(-0.707106781186547,-0.707106781186548,3.61766417531966E-16));
#3212=SURFACE_STYLE_FILL_AREA(#5701);
#3213=ORIENTED_EDGE('',*,*,#5702,.F.);
#3214=ORIENTED_EDGE('',*,*,#5703,.T.);
#3215=ORIENTED_EDGE('',*,*,#5704,.T.);
#3216=ORIENTED_EDGE('',*,*,#5705,.F.);
#3217=CARTESIAN_POINT('',(-1.0,15.0,-5.49999999999999));
#3218=DIRECTION('',(-5.11614974084834E-16,9.86076131526265E-32,-1.0));
#3219=DIRECTION('',(-0.707106781186547,0.707106781186548,3.61766417531966E-16));
#3220=SURFACE_STYLE_FILL_AREA(#5706);
#3221=ORIENTED_EDGE('',*,*,#5707,.F.);
#3222=ORIENTED_EDGE('',*,*,#5708,.F.);
#3223=ORIENTED_EDGE('',*,*,#5709,.T.);
#3224=ORIENTED_EDGE('',*,*,#5710,.T.);
#3225=CARTESIAN_POINT('',(-3.0,11.0,-5.49999999999999));
#3226=DIRECTION('',(-5.11614974084834E-16,9.86076131526265E-32,-1.0));
#3227=DIRECTION('',(0.707106781186547,-0.707106781186548,-3.61766417531966E-16));
#3228=SURFACE_STYLE_FILL_AREA(#5711);
#3229=ORIENTED_EDGE('',*,*,#5712,.F.);
#3230=ORIENTED_EDGE('',*,*,#5713,.F.);
#3231=ORIENTED_EDGE('',*,*,#5714,.T.);
#3232=ORIENTED_EDGE('',*,*,#5715,.T.);
#3233=CARTESIAN_POINT('',(-3.00000000000001,17.0,-5.49999999999999));
#3234=DIRECTION('',(-5.11614974084834E-16,9.86076131526265E-32,-1.0));
#3235=DIRECTION('',(-0.707106781186547,0.707106781186548,3.61766417531966E-16));
#3236=SURFACE_STYLE_FILL_AREA(#5716);
#3237=ORIENTED_EDGE('',*,*,#5717,.F.);
#3238=ORIENTED_EDGE('',*,*,#5718,.F.);
#3239=ORIENTED_EDGE('',*,*,#5719,.T.);
#3240=ORIENTED_EDGE('',*,*,#5720,.T.);
#3241=CARTESIAN_POINT('',(3.0,17.0,-5.5));
#3242=DIRECTION('',(-5.11614974084834E-16,-2.95822839457879E-31,-1.0));
#3243=DIRECTION('',(0.707106781186547,0.707106781186548,-3.61766417531966E-16));
#3244=SURFACE_STYLE_FILL_AREA(#5721);
#3245=ORIENTED_EDGE('',*,*,#5722,.F.);
#3246=ORIENTED_EDGE('',*,*,#5723,.T.);
#3247=ORIENTED_EDGE('',*,*,#5724,.T.);
#3248=ORIENTED_EDGE('',*,*,#5725,.F.);
#3249=CARTESIAN_POINT('',(3.5,16.1363636363636,0.500000000000003));
#3250=DIRECTION('',(-3.01841884819965E-16,1.0,-6.93889390390725E-17));
#3251=DIRECTION('',(0.707106781186548,2.62499832936194E-16,0.707106781186547));
#3252=SURFACE_STYLE_FILL_AREA(#5726);
#3253=ORIENTED_EDGE('',*,*,#5727,.F.);
#3254=ORIENTED_EDGE('',*,*,#5728,.F.);
#3255=ORIENTED_EDGE('',*,*,#5729,.T.);
#3256=ORIENTED_EDGE('',*,*,#5730,.T.);
#3257=CARTESIAN_POINT('',(2.5,12.1363636363636,0.500000000000004));
#3258=DIRECTION('',(3.71230823859037E-16,-1.0,-2.71170936169723E-31));
#3259=DIRECTION('',(-0.707106781186547,-2.62499832936194E-16,0.707106781186548));
#3260=SURFACE_STYLE_FILL_AREA(#5731);
#3261=ORIENTED_EDGE('',*,*,#5732,.F.);
#3262=ORIENTED_EDGE('',*,*,#5733,.T.);
#3263=ORIENTED_EDGE('',*,*,#5734,.T.);
#3264=ORIENTED_EDGE('',*,*,#5735,.F.);
#3265=CARTESIAN_POINT('',(-2.0,17.5,0.500000000000006));
#3266=DIRECTION('',(-1.0,-3.71230823859037E-16,5.11614974084834E-16));
#3267=DIRECTION('',(9.92665845957735E-17,0.707106781186546,0.707106781186549));
#3268=SURFACE_STYLE_FILL_AREA(#5736);
#3269=ORIENTED_EDGE('',*,*,#5737,.F.);
#3270=ORIENTED_EDGE('',*,*,#5738,.F.);
#3271=ORIENTED_EDGE('',*,*,#5739,.T.);
#3272=ORIENTED_EDGE('',*,*,#5740,.T.);
#3273=CARTESIAN_POINT('',(0.999999999999997,16.5,0.500000000000005));
#3274=DIRECTION('',(1.0,3.71230823859037E-16,-5.11614974084834E-16));
#3275=DIRECTION('',(6.24266250468159E-16,-0.707106781186549,0.707106781186546));
#3276=SURFACE_STYLE_FILL_AREA(#5741);
#3277=ORIENTED_EDGE('',*,*,#5742,.F.);
#3278=ORIENTED_EDGE('',*,*,#5743,.T.);
#3279=ORIENTED_EDGE('',*,*,#5744,.T.);
#3280=ORIENTED_EDGE('',*,*,#5745,.F.);
#3281=CARTESIAN_POINT('',(-3.5,12.1363636363636,0.500000000000007));
#3282=DIRECTION('',(3.71230823859037E-16,-1.0,1.72563323017096E-31));
#3283=DIRECTION('',(-0.707106781186546,-2.62499832936193E-16,0.707106781186549));
#3284=SURFACE_STYLE_FILL_AREA(#5746);
#3285=ORIENTED_EDGE('',*,*,#5747,.F.);
#3286=ORIENTED_EDGE('',*,*,#5748,.F.);
#3287=ORIENTED_EDGE('',*,*,#5749,.T.);
#3288=ORIENTED_EDGE('',*,*,#5750,.T.);
#3289=CARTESIAN_POINT('',(-2.5,15.1363636363636,0.500000000000006));
#3290=DIRECTION('',(-3.71230823859037E-16,1.0,7.39557098644698E-32));
#3291=DIRECTION('',(0.707106781186548,2.62499832936194E-16,0.707106781186548));
#3292=SURFACE_STYLE_FILL_AREA(#5751);
#3293=ORIENTED_EDGE('',*,*,#5752,.F.);
#3294=ORIENTED_EDGE('',*,*,#5753,.T.);
#3295=ORIENTED_EDGE('',*,*,#5754,.F.);
#3296=ORIENTED_EDGE('',*,*,#5755,.F.);
#3297=CARTESIAN_POINT('',(7.79148373913836E-16,13.75,6.00000000000001));
#3298=DIRECTION('',(5.11614974084834E-16,1.4791141972894E-31,1.0));
#3299=DIRECTION('',(-1.0,-3.71230823859037E-16,5.11614974084834E-16));
#3300=SURFACE_STYLE_FILL_AREA(#5756);
#3301=ORIENTED_EDGE('',*,*,#5757,.F.);
#3302=ORIENTED_EDGE('',*,*,#5758,.T.);
#3303=ORIENTED_EDGE('',*,*,#5759,.F.);
#3304=ORIENTED_EDGE('',*,*,#5760,.F.);
#3305=CARTESIAN_POINT('',(2.72811019917378E-15,8.5,6.00000000000001));
#3306=DIRECTION('',(5.11614974084834E-16,1.4791141972894E-31,1.0));
#3307=DIRECTION('',(-1.0,-3.71230823859037E-16,5.11614974084834E-16));
#3308=SURFACE_STYLE_FILL_AREA(#5761);
#3309=ORIENTED_EDGE('',*,*,#5762,.F.);
#3310=ORIENTED_EDGE('',*,*,#5763,.T.);
#3311=ORIENTED_EDGE('',*,*,#5764,.T.);
#3312=ORIENTED_EDGE('',*,*,#5765,.T.);
#3313=CARTESIAN_POINT('',(5.5,4.74999999999999,5.5));
#3314=DIRECTION('',(3.71230823859037E-16,-1.0,-5.91645678915759E-31));
#3315=DIRECTION('',(0.70710678118655,2.62499832936194E-16,0.707106781186546));
#3316=SURFACE_STYLE_FILL_AREA(#5766);
#3317=ORIENTED_EDGE('',*,*,#5767,.F.);
#3318=ORIENTED_EDGE('',*,*,#5768,.T.);
#3319=ORIENTED_EDGE('',*,*,#5769,.T.);
#3320=ORIENTED_EDGE('',*,*,#5770,.T.);
#3321=CARTESIAN_POINT('',(-5.5,4.74999999999999,5.50000000000001));
#3322=DIRECTION('',(-3.71230823859037E-16,1.0,-2.95822839457879E-31));
#3323=DIRECTION('',(-0.707106781186549,-2.62499832936194E-16,0.707106781186546));
#3324=SURFACE_STYLE_FILL_AREA(#5771);
#3325=ORIENTED_EDGE('',*,*,#5772,.F.);
#3326=ORIENTED_EDGE('',*,*,#5773,.T.);
#3327=ORIENTED_EDGE('',*,*,#5774,.F.);
#3328=ORIENTED_EDGE('',*,*,#5775,.F.);
#3329=CARTESIAN_POINT('',(-2.59861576701326E-15,7.0,-5.49999999999999));
#3330=DIRECTION('',(-5.11614974084834E-16,-1.4791141972894E-31,-1.0));
#3331=DIRECTION('',(1.0,3.71230823859037E-16,-5.11614974084834E-16));
#3332=SURFACE_STYLE_FILL_AREA(#5776);
#3333=ORIENTED_EDGE('',*,*,#5777,.F.);
#3334=ORIENTED_EDGE('',*,*,#5778,.T.);
#3335=ORIENTED_EDGE('',*,*,#5779,.F.);
#3336=ORIENTED_EDGE('',*,*,#5780,.F.);
#3337=CARTESIAN_POINT('',(-3.25,7.0,-5.49999999999999));
#3338=DIRECTION('',(-5.11614974084834E-16,-1.4791141972894E-31,-1.0));
#3339=DIRECTION('',(1.0,3.71230823859037E-16,-5.11614974084834E-16));
#3340=SURFACE_STYLE_FILL_AREA(#5781);
#3341=ORIENTED_EDGE('',*,*,#5782,.F.);
#3342=ORIENTED_EDGE('',*,*,#5783,.T.);
#3343=ORIENTED_EDGE('',*,*,#5784,.F.);
#3344=ORIENTED_EDGE('',*,*,#5785,.F.);
#3345=CARTESIAN_POINT('',(3.25,7.0,-5.5));
#3346=DIRECTION('',(-5.11614974084834E-16,-1.4791141972894E-31,-1.0));
#3347=DIRECTION('',(1.0,3.71230823859037E-16,-5.11614974084834E-16));
#3348=SURFACE_STYLE_FILL_AREA(#5786);
#3349=ORIENTED_EDGE('',*,*,#5787,.F.);
#3350=ORIENTED_EDGE('',*,*,#5629,.F.);
#3351=ORIENTED_EDGE('',*,*,#5788,.F.);
#3352=ORIENTED_EDGE('',*,*,#5789,.F.);
#3353=CARTESIAN_POINT('',(2.86691433863332E-45,-9.00000000000004,-6.81063274543262E-46));
#3354=DIRECTION('',(2.57269639934635E-46,-1.0,-7.56736971714725E-47));
#3355=DIRECTION('',(-2.68319918352039E-45,-7.56736971714725E-47,1.0));
#3356=SURFACE_STYLE_FILL_AREA(#5790);
#3357=ORIENTED_EDGE('',*,*,#5791,.F.);
#3358=ORIENTED_EDGE('',*,*,#5792,.T.);
#3359=ORIENTED_EDGE('',*,*,#5793,.F.);
#3360=ORIENTED_EDGE('',*,*,#5794,.T.);
#3361=CARTESIAN_POINT('',(2.33066194590159E-44,13.5,-9.775));
#3362=DIRECTION('',(-2.68319918352039E-45,-7.56736971714725E-47,1.0));
#3363=DIRECTION('',(-1.0,-2.62743462060903E-46,-2.68319918352039E-45));
#3364=SURFACE_STYLE_FILL_AREA(#5795);
#3365=ORIENTED_EDGE('',*,*,#5796,.F.);
#3366=ORIENTED_EDGE('',*,*,#5797,.F.);
#3367=ORIENTED_EDGE('',*,*,#5798,.F.);
#3368=ORIENTED_EDGE('',*,*,#5799,.F.);
#3369=ORIENTED_EDGE('',*,*,#5633,.F.);
#3370=ORIENTED_EDGE('',*,*,#5800,.F.);
#3371=CARTESIAN_POINT('',(-1.24939990032084E-45,6.99999999999996,5.29715880200297E-46));
#3372=DIRECTION('',(-2.68319918352039E-45,-7.56736971714725E-47,1.0));
#3373=DIRECTION('',(-2.57269639934635E-46,1.0,7.56736971714725E-47));
#3374=SURFACE_STYLE_FILL_AREA(#5801);
#3375=ORIENTED_EDGE('',*,*,#5802,.F.);
#3376=ORIENTED_EDGE('',*,*,#5672,.F.);
#3377=ORIENTED_EDGE('',*,*,#5803,.F.);
#3378=ORIENTED_EDGE('',*,*,#5804,.T.);
#3379=ORIENTED_EDGE('',*,*,#5805,.T.);
#3380=CARTESIAN_POINT('',(2.83475563364149E-45,-8.87500000000004,-6.71604062396828E-46));
#3381=DIRECTION('',(2.57269639934635E-46,-1.0,-7.56736971714725E-47));
#3382=DIRECTION('',(-2.68319918352039E-45,-7.56736971714725E-47,1.0));
#3383=SURFACE_STYLE_FILL_AREA(#5806);
#3384=ORIENTED_EDGE('',*,*,#5807,.F.);
#3385=ORIENTED_EDGE('',*,*,#5808,.F.);
#3386=ORIENTED_EDGE('',*,*,#5809,.F.);
#3387=ORIENTED_EDGE('',*,*,#5810,.F.);
#3388=CARTESIAN_POINT('',(2.44474580714482E-45,13.5,-2.0));
#3389=DIRECTION('',(-2.68319918352039E-45,-1.40534560079134E-16,1.0));
#3390=DIRECTION('',(-1.0,-2.62743462060903E-46,-2.68319918352039E-45));
#3391=SURFACE_STYLE_FILL_AREA(#5811);
#3392=ORIENTED_EDGE('',*,*,#5807,.T.);
#3393=ORIENTED_EDGE('',*,*,#5794,.F.);
#3394=ORIENTED_EDGE('',*,*,#5809,.T.);
#3395=ORIENTED_EDGE('',*,*,#5812,.F.);
#3396=CARTESIAN_POINT('',(2.44474580714482E-45,13.5,-2.0));
#3397=DIRECTION('',(-2.68319918352039E-45,-1.40534560079134E-16,1.0));
#3398=DIRECTION('',(-1.0,-2.62743462060903E-46,-2.68319918352039E-45));
#3399=SURFACE_STYLE_FILL_AREA(#5813);
#3400=ORIENTED_EDGE('',*,*,#5802,.T.);
#3401=ORIENTED_EDGE('',*,*,#5789,.T.);
#3402=ORIENTED_EDGE('',*,*,#5804,.F.);
#3403=ORIENTED_EDGE('',*,*,#5814,.F.);
#3404=ORIENTED_EDGE('',*,*,#5673,.F.);
#3405=CARTESIAN_POINT('',(2.83475563364149E-45,-8.87500000000004,-6.71604062396828E-46));
#3406=DIRECTION('',(2.57269639934635E-46,-1.0,-7.56736971714725E-47));
#3407=DIRECTION('',(-2.68319918352039E-45,-7.56736971714725E-47,1.0));
#3408=SURFACE_STYLE_FILL_AREA(#5815);
#3409=ORIENTED_EDGE('',*,*,#5816,.F.);
#3410=ORIENTED_EDGE('',*,*,#5773,.F.);
#3411=ORIENTED_EDGE('',*,*,#5797,.T.);
#3412=ORIENTED_EDGE('',*,*,#5817,.T.);
#3413=ORIENTED_EDGE('',*,*,#5798,.T.);
#3414=CARTESIAN_POINT('',(-1.76393918019011E-45,8.99999999999996,6.81063274543242E-46));
#3415=DIRECTION('',(-2.62743462060903E-46,1.0,7.56736971714725E-47));
#3416=DIRECTION('',(-1.0,-2.62743462060903E-46,-2.68319918352039E-45));
#3417=SURFACE_STYLE_FILL_AREA(#5818);
#3418=ORIENTED_EDGE('',*,*,#5819,.F.);
#3419=ORIENTED_EDGE('',*,*,#5820,.T.);
#3420=ORIENTED_EDGE('',*,*,#5800,.T.);
#3421=ORIENTED_EDGE('',*,*,#5632,.F.);
#3422=ORIENTED_EDGE('',*,*,#5821,.F.);
#3423=CARTESIAN_POINT('',(-1.24939990032084E-45,6.99999999999996,5.29715880200297E-46));
#3424=DIRECTION('',(2.68319918352039E-45,7.56736971714725E-47,-1.0));
#3425=DIRECTION('',(0.0,-1.0,-7.56736971714725E-47));
#3426=SURFACE_STYLE_FILL_AREA(#5822);
#3427=ORIENTED_EDGE('',*,*,#5796,.T.);
#3428=ORIENTED_EDGE('',*,*,#5820,.F.);
#3429=ORIENTED_EDGE('',*,*,#5823,.F.);
#3430=ORIENTED_EDGE('',*,*,#5799,.T.);
#3431=ORIENTED_EDGE('',*,*,#5817,.F.);
#3432=CARTESIAN_POINT('',(-1.24939990032084E-45,6.99999999999996,5.29715880200297E-46));
#3433=DIRECTION('',(-2.68319918352039E-45,-7.56736971714725E-47,1.0));
#3434=DIRECTION('',(-2.57269639934635E-46,1.0,7.56736971714725E-47));
#3435=SURFACE_STYLE_FILL_AREA(#5824);
#3436=ORIENTED_EDGE('',*,*,#5821,.T.);
#3437=ORIENTED_EDGE('',*,*,#5631,.F.);
#3438=ORIENTED_EDGE('',*,*,#5825,.F.);
#3439=CARTESIAN_POINT('',(-1.37803472028816E-45,7.49999999999996,5.67552728786034E-46));
#3440=DIRECTION('',(-2.57269639934635E-46,1.0,7.56736971714725E-47));
#3441=DIRECTION('',(1.0,2.57269639934635E-46,-0.0));
#3442=SURFACE_STYLE_FILL_AREA(#5826);
#3443=ORIENTED_EDGE('',*,*,#5791,.T.);
#3444=ORIENTED_EDGE('',*,*,#5810,.T.);
#3445=ORIENTED_EDGE('',*,*,#5793,.T.);
#3446=ORIENTED_EDGE('',*,*,#5827,.T.);
#3447=CARTESIAN_POINT('',(2.33066194590159E-44,13.5,-9.775));
#3448=DIRECTION('',(-2.68319918352039E-45,-7.56736971714725E-47,1.0));
#3449=DIRECTION('',(-1.0,-2.62743462060903E-46,-2.68319918352039E-45));
#3450=SURFACE_STYLE_FILL_AREA(#5828);
#3451=ORIENTED_EDGE('',*,*,#5827,.F.);
#3452=ORIENTED_EDGE('',*,*,#5792,.F.);
#3453=CARTESIAN_POINT('',(2.36420193569559E-44,13.5,-9.9));
#3454=DIRECTION('',(2.68319918352039E-45,1.40534560079134E-16,-1.0));
#3455=DIRECTION('',(-1.0,0.0,-2.68319918352039E-45));
#3456=SURFACE_STYLE_FILL_AREA(#5829);
#3457=ORIENTED_EDGE('',*,*,#5787,.T.);
#3458=ORIENTED_EDGE('',*,*,#5805,.F.);
#3459=ORIENTED_EDGE('',*,*,#5788,.T.);
#3460=ORIENTED_EDGE('',*,*,#5830,.F.);
#3461=CARTESIAN_POINT('',(2.86691433863332E-45,-9.00000000000004,-6.81063274543262E-46));
#3462=DIRECTION('',(2.57269639934635E-46,-1.0,-7.56736971714725E-47));
#3463=DIRECTION('',(-2.68319918352039E-45,-7.56736971714725E-47,1.0));
#3464=SURFACE_STYLE_FILL_AREA(#5831);
#3465=ORIENTED_EDGE('',*,*,#5628,.T.);
#3466=ORIENTED_EDGE('',*,*,#5823,.T.);
#3467=ORIENTED_EDGE('',*,*,#5819,.T.);
#3468=ORIENTED_EDGE('',*,*,#5825,.T.);
#3469=ORIENTED_EDGE('',*,*,#5630,.F.);
#3470=ORIENTED_EDGE('',*,*,#5830,.T.);
#3471=SURFACE_STYLE_FILL_AREA(#5832);
#3472=ORIENTED_EDGE('',*,*,#5833,.F.);
#3473=ORIENTED_EDGE('',*,*,#5834,.F.);
#3474=ORIENTED_EDGE('',*,*,#5835,.F.);
#3475=ORIENTED_EDGE('',*,*,#5836,.F.);
#3476=CARTESIAN_POINT('',(-4.09291979267867E-16,8.22,-6.29999999999999));
#3477=DIRECTION('',(0.0,-1.0,0.0));
#3478=DIRECTION('',(0.0,0.0,-1.0));
#3479=SURFACE_STYLE_FILL_AREA(#5837);
#3480=ORIENTED_EDGE('',*,*,#5838,.F.);
#3481=ORIENTED_EDGE('',*,*,#5839,.T.);
#3482=ORIENTED_EDGE('',*,*,#5840,.F.);
#3483=ORIENTED_EDGE('',*,*,#5841,.F.);
#3484=ORIENTED_EDGE('',*,*,#5842,.F.);
#3485=ORIENTED_EDGE('',*,*,#5843,.T.);
#3486=CARTESIAN_POINT('',(-5.48,12.22,-0.299999999999989));
#3487=DIRECTION('',(-1.0,0.0,8.81689315626553E-16));
#3488=DIRECTION('',(0.0,1.0,0.0));
#3489=SURFACE_STYLE_FILL_AREA(#5844);
#3490=ORIENTED_EDGE('',*,*,#5845,.F.);
#3491=ORIENTED_EDGE('',*,*,#5846,.T.);
#3492=ORIENTED_EDGE('',*,*,#5847,.T.);
#3493=ORIENTED_EDGE('',*,*,#5848,.T.);
#3494=ORIENTED_EDGE('',*,*,#5849,.F.);
#3495=ORIENTED_EDGE('',*,*,#5850,.T.);
#3496=CARTESIAN_POINT('',(-4.68,12.22,-6.29999999999999));
#3497=DIRECTION('',(1.0,0.0,-6.04133559470264E-16));
#3498=DIRECTION('',(-6.04133559470264E-16,0.0,-1.0));
#3499=SURFACE_STYLE_FILL_AREA(#5851);
#3500=ORIENTED_EDGE('',*,*,#5852,.F.);
#3501=ORIENTED_EDGE('',*,*,#5853,.T.);
#3502=ORIENTED_EDGE('',*,*,#5854,.F.);
#3503=ORIENTED_EDGE('',*,*,#5855,.F.);
#3504=ORIENTED_EDGE('',*,*,#5856,.T.);
#3505=ORIENTED_EDGE('',*,*,#5834,.T.);
#3506=CARTESIAN_POINT('',(-4.68,12.22,-6.29999999999999));
#3507=DIRECTION('',(1.0,0.0,-6.04133559470264E-16));
#3508=DIRECTION('',(-6.04133559470264E-16,0.0,-1.0));
#3509=SURFACE_STYLE_FILL_AREA(#5857);
#3510=ORIENTED_EDGE('',*,*,#5858,.F.);
#3511=ORIENTED_EDGE('',*,*,#5859,.F.);
#3512=ORIENTED_EDGE('',*,*,#5860,.F.);
#3513=ORIENTED_EDGE('',*,*,#5861,.F.);
#3514=CARTESIAN_POINT('',(2.21242743248293E-15,17.7,-0.09058259632446));
#3515=DIRECTION('',(-0.0,1.0,0.0));
#3516=DIRECTION('',(1.0,0.0,0.0));
#3517=SURFACE_STYLE_FILL_AREA(#5862);
#3518=ORIENTED_EDGE('',*,*,#5863,.F.);
#3519=ORIENTED_EDGE('',*,*,#5850,.F.);
#3520=ORIENTED_EDGE('',*,*,#5864,.F.);
#3521=ORIENTED_EDGE('',*,*,#5839,.F.);
#3522=CARTESIAN_POINT('',(2.21242743248293E-15,17.7,-0.09058259632446));
#3523=DIRECTION('',(-0.0,1.0,0.0));
#3524=DIRECTION('',(1.0,0.0,0.0));
#3525=SURFACE_STYLE_FILL_AREA(#5865);
#3526=ORIENTED_EDGE('',*,*,#5866,.F.);
#3527=ORIENTED_EDGE('',*,*,#5867,.T.);
#3528=ORIENTED_EDGE('',*,*,#5868,.F.);
#3529=ORIENTED_EDGE('',*,*,#5869,.F.);
#3530=ORIENTED_EDGE('',*,*,#5870,.F.);
#3531=ORIENTED_EDGE('',*,*,#5871,.T.);
#3532=CARTESIAN_POINT('',(5.48,12.22,-6.3));
#3533=DIRECTION('',(1.0,0.0,-5.11614974084834E-16));
#3534=DIRECTION('',(-5.11614974084834E-16,0.0,-1.0));
#3535=SURFACE_STYLE_FILL_AREA(#5872);
#3536=ORIENTED_EDGE('',*,*,#5873,.F.);
#3537=ORIENTED_EDGE('',*,*,#5874,.F.);
#3538=ORIENTED_EDGE('',*,*,#5875,.F.);
#3539=ORIENTED_EDGE('',*,*,#5867,.F.);
#3540=CARTESIAN_POINT('',(2.21242743248293E-15,6.74,-0.09058259632446));
#3541=DIRECTION('',(-0.0,1.0,0.0));
#3542=DIRECTION('',(1.0,0.0,0.0));
#3543=SURFACE_STYLE_FILL_AREA(#5876);
#3544=ORIENTED_EDGE('',*,*,#5877,.F.);
#3545=ORIENTED_EDGE('',*,*,#5878,.T.);
#3546=ORIENTED_EDGE('',*,*,#5879,.F.);
#3547=ORIENTED_EDGE('',*,*,#5880,.T.);
#3548=ORIENTED_EDGE('',*,*,#5881,.F.);
#3549=ORIENTED_EDGE('',*,*,#5874,.T.);
#3550=CARTESIAN_POINT('',(4.68,12.22,-0.299999999999997));
#3551=DIRECTION('',(-1.0,0.0,8.81689315626553E-16));
#3552=DIRECTION('',(0.0,1.0,0.0));
#3553=SURFACE_STYLE_FILL_AREA(#5882);
#3554=ORIENTED_EDGE('',*,*,#5883,.F.);
#3555=ORIENTED_EDGE('',*,*,#5861,.T.);
#3556=ORIENTED_EDGE('',*,*,#5884,.F.);
#3557=ORIENTED_EDGE('',*,*,#5885,.F.);
#3558=ORIENTED_EDGE('',*,*,#5886,.F.);
#3559=ORIENTED_EDGE('',*,*,#5887,.T.);
#3560=CARTESIAN_POINT('',(4.68,12.22,-0.299999999999997));
#3561=DIRECTION('',(-1.0,0.0,8.81689315626553E-16));
#3562=DIRECTION('',(0.0,1.0,0.0));
#3563=SURFACE_STYLE_FILL_AREA(#5888);
#3564=ORIENTED_EDGE('',*,*,#5753,.F.);
#3565=ORIENTED_EDGE('',*,*,#5889,.F.);
#3566=CARTESIAN_POINT('',(2.66039786524114E-15,12.22,-0.299999999999994));
#3567=DIRECTION('',(-0.0,-1.0,0.0));
#3568=DIRECTION('',(-1.0,0.0,7.1421041653468E-16));
#3569=SURFACE_STYLE_FILL_AREA(#5890);
#3570=ORIENTED_EDGE('',*,*,#5758,.F.);
#3571=ORIENTED_EDGE('',*,*,#5891,.F.);
#3572=CARTESIAN_POINT('',(2.66039786524114E-15,12.22,-0.299999999999994));
#3573=DIRECTION('',(-0.0,-1.0,0.0));
#3574=DIRECTION('',(-1.0,0.0,7.1421041653468E-16));
#3575=SURFACE_STYLE_FILL_AREA(#5892);
#3576=ORIENTED_EDGE('',*,*,#5893,.T.);
#3577=ORIENTED_EDGE('',*,*,#5894,.T.);
#3578=ORIENTED_EDGE('',*,*,#5864,.T.);
#3579=ORIENTED_EDGE('',*,*,#5895,.F.);
#3580=CARTESIAN_POINT('',(-2.54,17.575,-9.43349364905388));
#3581=DIRECTION('',(-1.32415699052787E-16,0.965925826289069,-0.25881904510252));
#3582=DIRECTION('',(-1.0,0.0,5.11614974084833E-16));
#3583=SURFACE_STYLE_FILL_AREA(#5896);
#3584=ORIENTED_EDGE('',*,*,#5840,.T.);
#3585=ORIENTED_EDGE('',*,*,#5894,.F.);
#3586=ORIENTED_EDGE('',*,*,#5897,.T.);
#3587=ORIENTED_EDGE('',*,*,#5898,.T.);
#3588=CARTESIAN_POINT('',(-5.355,14.76,-9.43349364905388));
#3589=DIRECTION('',(-0.965925826289069,0.0,-0.25881904510252));
#3590=DIRECTION('',(-0.25881904510252,0.0,0.965925826289069));
#3591=SURFACE_STYLE_FILL_AREA(#5899);
#3592=ORIENTED_EDGE('',*,*,#5900,.T.);
#3593=ORIENTED_EDGE('',*,*,#5901,.T.);
#3594=ORIENTED_EDGE('',*,*,#5902,.T.);
#3595=ORIENTED_EDGE('',*,*,#5898,.F.);
#3596=CARTESIAN_POINT('',(-5.28,17.025,-9.43349364905388));
#3597=DIRECTION('',(-1.32415699052788E-16,-0.965925826289068,-0.258819045102521));
#3598=DIRECTION('',(0.0,0.258819045102521,-0.965925826289068));
#3599=SURFACE_STYLE_FILL_AREA(#5903);
#3600=ORIENTED_EDGE('',*,*,#5904,.T.);
#3601=ORIENTED_EDGE('',*,*,#5895,.T.);
#3602=ORIENTED_EDGE('',*,*,#5849,.T.);
#3603=ORIENTED_EDGE('',*,*,#5901,.F.);
#3604=CARTESIAN_POINT('',(-4.805,14.76,-9.43349364905388));
#3605=DIRECTION('',(0.965925826289068,0.0,-0.258819045102522));
#3606=DIRECTION('',(0.0,-1.0,0.0));
#3607=SURFACE_STYLE_FILL_AREA(#5905);
#3608=ORIENTED_EDGE('',*,*,#5893,.F.);
#3609=ORIENTED_EDGE('',*,*,#5904,.F.);
#3610=ORIENTED_EDGE('',*,*,#5900,.F.);
#3611=ORIENTED_EDGE('',*,*,#5897,.F.);
#3612=CARTESIAN_POINT('',(-5.08,17.3,-9.89999999999999));
#3613=DIRECTION('',(5.11614974084834E-16,0.0,1.0));
#3614=DIRECTION('',(1.0,0.0,-5.11614974084834E-16));
#3615=SURFACE_STYLE_FILL_AREA(#5906);
#3616=ORIENTED_EDGE('',*,*,#5907,.T.);
#3617=ORIENTED_EDGE('',*,*,#5908,.T.);
#3618=ORIENTED_EDGE('',*,*,#5909,.T.);
#3619=ORIENTED_EDGE('',*,*,#5910,.F.);
#3620=CARTESIAN_POINT('',(4.88,17.025,-9.43349364905389));
#3621=DIRECTION('',(-1.32415699052788E-16,-0.965925826289068,-0.258819045102521));
#3622=DIRECTION('',(0.0,0.258819045102521,-0.965925826289068));
#3623=SURFACE_STYLE_FILL_AREA(#5911);
#3624=ORIENTED_EDGE('',*,*,#5912,.T.);
#3625=ORIENTED_EDGE('',*,*,#5913,.T.);
#3626=ORIENTED_EDGE('',*,*,#5914,.T.);
#3627=ORIENTED_EDGE('',*,*,#5908,.F.);
#3628=CARTESIAN_POINT('',(5.355,14.76,-9.43349364905389));
#3629=DIRECTION('',(0.965925826289068,0.0,-0.258819045102521));
#3630=DIRECTION('',(0.0,-1.0,0.0));
#3631=SURFACE_STYLE_FILL_AREA(#5915);
#3632=ORIENTED_EDGE('',*,*,#5860,.T.);
#3633=ORIENTED_EDGE('',*,*,#5913,.F.);
#3634=ORIENTED_EDGE('',*,*,#5916,.T.);
#3635=ORIENTED_EDGE('',*,*,#5917,.T.);
#3636=CARTESIAN_POINT('',(2.54,17.575,-9.43349364905389));
#3637=DIRECTION('',(-1.32415699052787E-16,0.965925826289069,-0.25881904510252));
#3638=DIRECTION('',(-1.0,0.0,5.11614974084833E-16));
#3639=SURFACE_STYLE_FILL_AREA(#5918);
#3640=ORIENTED_EDGE('',*,*,#5884,.T.);
#3641=ORIENTED_EDGE('',*,*,#5917,.F.);
#3642=ORIENTED_EDGE('',*,*,#5919,.T.);
#3643=ORIENTED_EDGE('',*,*,#5910,.T.);
#3644=CARTESIAN_POINT('',(4.80499999999999,14.76,-9.43349364905389));
#3645=DIRECTION('',(-0.965925826289068,0.0,-0.258819045102521));
#3646=DIRECTION('',(-0.258819045102521,0.0,0.965925826289068));
#3647=SURFACE_STYLE_FILL_AREA(#5920);
#3648=ORIENTED_EDGE('',*,*,#5909,.F.);
#3649=ORIENTED_EDGE('',*,*,#5921,.F.);
#3650=ORIENTED_EDGE('',*,*,#5922,.F.);
#3651=ORIENTED_EDGE('',*,*,#5885,.T.);
#3652=CARTESIAN_POINT('',(4.68,16.9,-6.3));
#3653=DIRECTION('',(0.0,-1.0,0.0));
#3654=DIRECTION('',(0.0,0.0,-1.0));
#3655=SURFACE_STYLE_FILL_AREA(#5923);
#3656=ORIENTED_EDGE('',*,*,#5907,.F.);
#3657=ORIENTED_EDGE('',*,*,#5919,.F.);
#3658=ORIENTED_EDGE('',*,*,#5916,.F.);
#3659=ORIENTED_EDGE('',*,*,#5912,.F.);
#3660=CARTESIAN_POINT('',(5.08,17.3,-9.9));
#3661=DIRECTION('',(5.11614974084834E-16,0.0,1.0));
#3662=DIRECTION('',(1.0,0.0,-5.11614974084834E-16));
#3663=SURFACE_STYLE_FILL_AREA(#5924);
#3664=ORIENTED_EDGE('',*,*,#5868,.T.);
#3665=ORIENTED_EDGE('',*,*,#5925,.F.);
#3666=ORIENTED_EDGE('',*,*,#5926,.T.);
#3667=ORIENTED_EDGE('',*,*,#5927,.T.);
#3668=CARTESIAN_POINT('',(5.355,9.68,-9.43349364905389));
#3669=DIRECTION('',(0.965925826289068,0.0,-0.258819045102521));
#3670=DIRECTION('',(0.0,-1.0,0.0));
#3671=SURFACE_STYLE_FILL_AREA(#5928);
#3672=ORIENTED_EDGE('',*,*,#5929,.T.);
#3673=ORIENTED_EDGE('',*,*,#5930,.T.);
#3674=ORIENTED_EDGE('',*,*,#5931,.T.);
#3675=ORIENTED_EDGE('',*,*,#5927,.F.);
#3676=CARTESIAN_POINT('',(5.28,7.415,-9.43349364905389));
#3677=DIRECTION('',(-1.32415699052788E-16,0.965925826289068,-0.258819045102521));
#3678=DIRECTION('',(-1.0,0.0,5.11614974084835E-16));
#3679=SURFACE_STYLE_FILL_AREA(#5932);
#3680=ORIENTED_EDGE('',*,*,#5933,.T.);
#3681=ORIENTED_EDGE('',*,*,#5934,.T.);
#3682=ORIENTED_EDGE('',*,*,#5881,.T.);
#3683=ORIENTED_EDGE('',*,*,#5930,.F.);
#3684=CARTESIAN_POINT('',(4.80499999999999,9.68,-9.43349364905389));
#3685=DIRECTION('',(-0.965925826289068,0.0,-0.258819045102521));
#3686=DIRECTION('',(-0.258819045102521,0.0,0.965925826289068));
#3687=SURFACE_STYLE_FILL_AREA(#5935);
#3688=ORIENTED_EDGE('',*,*,#5936,.T.);
#3689=ORIENTED_EDGE('',*,*,#5925,.T.);
#3690=ORIENTED_EDGE('',*,*,#5875,.T.);
#3691=ORIENTED_EDGE('',*,*,#5934,.F.);
#3692=CARTESIAN_POINT('',(2.54,6.865,-9.43349364905389));
#3693=DIRECTION('',(-1.32415699052787E-16,-0.965925826289069,-0.25881904510252));
#3694=DIRECTION('',(0.0,0.25881904510252,-0.965925826289069));
#3695=SURFACE_STYLE_FILL_AREA(#5937);
#3696=ORIENTED_EDGE('',*,*,#5938,.F.);
#3697=ORIENTED_EDGE('',*,*,#5939,.F.);
#3698=ORIENTED_EDGE('',*,*,#5940,.F.);
#3699=ORIENTED_EDGE('',*,*,#5853,.F.);
#3700=CARTESIAN_POINT('',(2.21242743248293E-15,6.74,-0.09058259632446));
#3701=DIRECTION('',(-0.0,1.0,0.0));
#3702=DIRECTION('',(1.0,0.0,0.0));
#3703=SURFACE_STYLE_FILL_AREA(#5941);
#3704=ORIENTED_EDGE('',*,*,#5942,.F.);
#3705=ORIENTED_EDGE('',*,*,#5943,.T.);
#3706=ORIENTED_EDGE('',*,*,#5944,.F.);
#3707=ORIENTED_EDGE('',*,*,#5921,.T.);
#3708=ORIENTED_EDGE('',*,*,#5914,.F.);
#3709=ORIENTED_EDGE('',*,*,#5859,.T.);
#3710=CARTESIAN_POINT('',(5.48,12.22,-6.3));
#3711=DIRECTION('',(1.0,0.0,-5.11614974084834E-16));
#3712=DIRECTION('',(-5.11614974084834E-16,0.0,-1.0));
#3713=SURFACE_STYLE_FILL_AREA(#5945);
#3714=ORIENTED_EDGE('',*,*,#5926,.F.);
#3715=ORIENTED_EDGE('',*,*,#5936,.F.);
#3716=ORIENTED_EDGE('',*,*,#5933,.F.);
#3717=ORIENTED_EDGE('',*,*,#5929,.F.);
#3718=CARTESIAN_POINT('',(5.08,7.14,-9.9));
#3719=DIRECTION('',(5.11614974084834E-16,0.0,1.0));
#3720=DIRECTION('',(1.0,0.0,-5.11614974084834E-16));
#3721=SURFACE_STYLE_FILL_AREA(#5946);
#3722=ORIENTED_EDGE('',*,*,#5854,.T.);
#3723=ORIENTED_EDGE('',*,*,#5947,.F.);
#3724=ORIENTED_EDGE('',*,*,#5948,.T.);
#3725=ORIENTED_EDGE('',*,*,#5949,.T.);
#3726=CARTESIAN_POINT('',(-4.805,9.68,-9.43349364905388));
#3727=DIRECTION('',(0.965925826289068,0.0,-0.258819045102521));
#3728=DIRECTION('',(0.0,-1.0,0.0));
#3729=SURFACE_STYLE_FILL_AREA(#5950);
#3730=ORIENTED_EDGE('',*,*,#5951,.T.);
#3731=ORIENTED_EDGE('',*,*,#5952,.T.);
#3732=ORIENTED_EDGE('',*,*,#5953,.T.);
#3733=ORIENTED_EDGE('',*,*,#5949,.F.);
#3734=CARTESIAN_POINT('',(-4.88,7.415,-9.43349364905388));
#3735=DIRECTION('',(-1.32415699052788E-16,0.965925826289068,-0.258819045102521));
#3736=DIRECTION('',(-1.0,0.0,5.11614974084835E-16));
#3737=SURFACE_STYLE_FILL_AREA(#5954);
#3738=ORIENTED_EDGE('',*,*,#5955,.T.);
#3739=ORIENTED_EDGE('',*,*,#5956,.T.);
#3740=ORIENTED_EDGE('',*,*,#5957,.T.);
#3741=ORIENTED_EDGE('',*,*,#5952,.F.);
#3742=CARTESIAN_POINT('',(-5.355,9.68,-9.43349364905388));
#3743=DIRECTION('',(-0.965925826289068,0.0,-0.258819045102521));
#3744=DIRECTION('',(-0.258819045102521,0.0,0.965925826289068));
#3745=SURFACE_STYLE_FILL_AREA(#5958);
#3746=ORIENTED_EDGE('',*,*,#5940,.T.);
#3747=ORIENTED_EDGE('',*,*,#5956,.F.);
#3748=ORIENTED_EDGE('',*,*,#5959,.T.);
#3749=ORIENTED_EDGE('',*,*,#5947,.T.);
#3750=CARTESIAN_POINT('',(-2.54,6.865,-9.43349364905388));
#3751=DIRECTION('',(-1.32415699052787E-16,-0.965925826289069,-0.25881904510252));
#3752=DIRECTION('',(0.0,0.25881904510252,-0.965925826289069));
#3753=SURFACE_STYLE_FILL_AREA(#5960);
#3754=ORIENTED_EDGE('',*,*,#5948,.F.);
#3755=ORIENTED_EDGE('',*,*,#5959,.F.);
#3756=ORIENTED_EDGE('',*,*,#5955,.F.);
#3757=ORIENTED_EDGE('',*,*,#5951,.F.);
#3758=CARTESIAN_POINT('',(-5.08,7.14,-9.89999999999999));
#3759=DIRECTION('',(5.11614974084834E-16,0.0,1.0));
#3760=DIRECTION('',(1.0,0.0,-5.11614974084834E-16));
#3761=SURFACE_STYLE_FILL_AREA(#5961);
#3762=ORIENTED_EDGE('',*,*,#5953,.F.);
#3763=ORIENTED_EDGE('',*,*,#5962,.F.);
#3764=ORIENTED_EDGE('',*,*,#5963,.F.);
#3765=ORIENTED_EDGE('',*,*,#5855,.T.);
#3766=CARTESIAN_POINT('',(-4.68,7.54,-6.29999999999999));
#3767=DIRECTION('',(-0.0,1.0,0.0));
#3768=DIRECTION('',(1.0,0.0,0.0));
#3769=SURFACE_STYLE_FILL_AREA(#5964);
#3770=ORIENTED_EDGE('',*,*,#5902,.F.);
#3771=ORIENTED_EDGE('',*,*,#5848,.F.);
#3772=ORIENTED_EDGE('',*,*,#5965,.F.);
#3773=ORIENTED_EDGE('',*,*,#5841,.T.);
#3774=CARTESIAN_POINT('',(-5.48,16.9,-6.29999999999999));
#3775=DIRECTION('',(0.0,-1.0,0.0));
#3776=DIRECTION('',(0.0,0.0,-1.0));
#3777=SURFACE_STYLE_FILL_AREA(#5966);
#3778=ORIENTED_EDGE('',*,*,#5931,.F.);
#3779=ORIENTED_EDGE('',*,*,#5880,.F.);
#3780=ORIENTED_EDGE('',*,*,#5967,.F.);
#3781=ORIENTED_EDGE('',*,*,#5869,.T.);
#3782=CARTESIAN_POINT('',(5.48,7.54,-6.3));
#3783=DIRECTION('',(-0.0,1.0,0.0));
#3784=DIRECTION('',(1.0,0.0,0.0));
#3785=SURFACE_STYLE_FILL_AREA(#5968);
#3786=ORIENTED_EDGE('',*,*,#5969,.F.);
#3787=ORIENTED_EDGE('',*,*,#5887,.F.);
#3788=ORIENTED_EDGE('',*,*,#5970,.F.);
#3789=ORIENTED_EDGE('',*,*,#5943,.F.);
#3790=CARTESIAN_POINT('',(5.11614974084834E-16,16.22,-4.49999999999999));
#3791=DIRECTION('',(-0.0,1.0,0.0));
#3792=DIRECTION('',(1.0,0.0,0.0));
#3793=SURFACE_STYLE_FILL_AREA(#5971);
#3794=ORIENTED_EDGE('',*,*,#5972,.F.);
#3795=ORIENTED_EDGE('',*,*,#5843,.F.);
#3796=ORIENTED_EDGE('',*,*,#5973,.F.);
#3797=ORIENTED_EDGE('',*,*,#5846,.F.);
#3798=CARTESIAN_POINT('',(5.11614974084834E-16,16.22,-4.49999999999999));
#3799=DIRECTION('',(-0.0,1.0,0.0));
#3800=DIRECTION('',(1.0,0.0,0.0));
#3801=SURFACE_STYLE_FILL_AREA(#5974);
#3802=ORIENTED_EDGE('',*,*,#5975,.F.);
#3803=ORIENTED_EDGE('',*,*,#5871,.F.);
#3804=ORIENTED_EDGE('',*,*,#5976,.F.);
#3805=ORIENTED_EDGE('',*,*,#5878,.F.);
#3806=CARTESIAN_POINT('',(-4.09291979267867E-16,8.22,-6.29999999999999));
#3807=DIRECTION('',(0.0,-1.0,0.0));
#3808=DIRECTION('',(0.0,0.0,-1.0));
#3809=SURFACE_STYLE_FILL_AREA(#5977);
#3810=ORIENTED_EDGE('',*,*,#5963,.T.);
#3811=ORIENTED_EDGE('',*,*,#5978,.T.);
#3812=ORIENTED_EDGE('',*,*,#5835,.T.);
#3813=ORIENTED_EDGE('',*,*,#5856,.F.);
#3814=CARTESIAN_POINT('',(-5.48,12.22,-6.29999999999999));
#3815=DIRECTION('',(-6.95305927158191E-16,0.0,-1.0));
#3816=DIRECTION('',(-1.0,0.0,6.95305927158191E-16));
#3817=SURFACE_STYLE_FILL_AREA(#5979);
#3818=ORIENTED_EDGE('',*,*,#5965,.T.);
#3819=ORIENTED_EDGE('',*,*,#5847,.F.);
#3820=ORIENTED_EDGE('',*,*,#5973,.T.);
#3821=ORIENTED_EDGE('',*,*,#5842,.T.);
#3822=CARTESIAN_POINT('',(-5.48,12.22,-6.29999999999999));
#3823=DIRECTION('',(-6.95305927158191E-16,0.0,-1.0));
#3824=DIRECTION('',(-1.0,0.0,6.95305927158191E-16));
#3825=SURFACE_STYLE_FILL_AREA(#5980);
#3826=ORIENTED_EDGE('',*,*,#5981,.F.);
#3827=ORIENTED_EDGE('',*,*,#5836,.T.);
#3828=ORIENTED_EDGE('',*,*,#5978,.F.);
#3829=ORIENTED_EDGE('',*,*,#5962,.T.);
#3830=ORIENTED_EDGE('',*,*,#5957,.F.);
#3831=ORIENTED_EDGE('',*,*,#5939,.T.);
#3832=CARTESIAN_POINT('',(-5.48,12.22,-0.299999999999989));
#3833=DIRECTION('',(-1.0,0.0,8.81689315626553E-16));
#3834=DIRECTION('',(0.0,1.0,0.0));
#3835=SURFACE_STYLE_FILL_AREA(#5982);
#3836=ORIENTED_EDGE('',*,*,#5967,.T.);
#3837=ORIENTED_EDGE('',*,*,#5879,.T.);
#3838=ORIENTED_EDGE('',*,*,#5976,.T.);
#3839=ORIENTED_EDGE('',*,*,#5870,.T.);
#3840=CARTESIAN_POINT('',(4.68,12.22,-6.3));
#3841=DIRECTION('',(-6.95305927158191E-16,0.0,-1.0));
#3842=DIRECTION('',(-1.0,0.0,6.95305927158191E-16));
#3843=SURFACE_STYLE_FILL_AREA(#5983);
#3844=ORIENTED_EDGE('',*,*,#5922,.T.);
#3845=ORIENTED_EDGE('',*,*,#5944,.T.);
#3846=ORIENTED_EDGE('',*,*,#5970,.T.);
#3847=ORIENTED_EDGE('',*,*,#5886,.T.);
#3848=CARTESIAN_POINT('',(4.68,12.22,-6.3));
#3849=DIRECTION('',(-6.95305927158191E-16,0.0,-1.0));
#3850=DIRECTION('',(-1.0,0.0,6.95305927158191E-16));
#3851=SURFACE_STYLE_FILL_AREA(#5984);
#3852=ORIENTED_EDGE('',*,*,#5985,.F.);
#3853=ORIENTED_EDGE('',*,*,#5986,.T.);
#3854=ORIENTED_EDGE('',*,*,#5987,.F.);
#3855=ORIENTED_EDGE('',*,*,#5988,.F.);
#3856=CARTESIAN_POINT('',(-0.147876450079919,16.7934362667695,1.00000000000001));
#3857=DIRECTION('',(-1.0,-3.03508928662992E-13,5.11614974084834E-16));
#3858=DIRECTION('',(-3.03508928662992E-13,1.0,0.0));
#3859=SURFACE_STYLE_FILL_AREA(#5989);
#3860=ORIENTED_EDGE('',*,*,#5990,.F.);
#3861=ORIENTED_EDGE('',*,*,#5991,.T.);
#3862=ORIENTED_EDGE('',*,*,#5992,.F.);
#3863=ORIENTED_EDGE('',*,*,#5986,.F.);
#3864=CARTESIAN_POINT('',(0.30308880760516,17.0498069269605,1.00000000000001));
#3865=DIRECTION('',(0.49421399601024,-0.869340282137892,-2.52847280761141E-16));
#3866=DIRECTION('',(0.0,2.90849608555278E-16,-1.0));
#3867=SURFACE_STYLE_FILL_AREA(#5993);
#3868=ORIENTED_EDGE('',*,*,#5994,.F.);
#3869=ORIENTED_EDGE('',*,*,#5988,.T.);
#3870=ORIENTED_EDGE('',*,*,#5995,.F.);
#3871=ORIENTED_EDGE('',*,*,#5991,.F.);
#3872=CARTESIAN_POINT('',(-0.147876450079996,17.0498069269604,1.00000000000001));
#3873=DIRECTION('',(-2.95797010714051E-13,1.0,1.51186268551112E-28));
#3874=DIRECTION('',(1.0,2.95797010714051E-13,-0.0));
#3875=SURFACE_STYLE_FILL_AREA(#5996);
#3876=ORIENTED_EDGE('',*,*,#5997,.F.);
#3877=ORIENTED_EDGE('',*,*,#5998,.T.);
#3878=ORIENTED_EDGE('',*,*,#5999,.F.);
#3879=ORIENTED_EDGE('',*,*,#6000,.F.);
#3880=CARTESIAN_POINT('',(-0.260617764501179,16.6945945664549,1.00000000000001));
#3881=DIRECTION('',(-1.0,-3.00421066399288E-13,5.11614974084834E-16));
#3882=DIRECTION('',(-3.00421066399288E-13,1.0,0.0));
#3883=SURFACE_STYLE_FILL_AREA(#6001);
#3884=ORIENTED_EDGE('',*,*,#6002,.F.);
#3885=ORIENTED_EDGE('',*,*,#6000,.T.);
#3886=ORIENTED_EDGE('',*,*,#6003,.F.);
#3887=ORIENTED_EDGE('',*,*,#6004,.F.);
#3888=CARTESIAN_POINT('',(-0.14787645007989,16.6945945664549,1.00000000000001));
#3889=DIRECTION('',(3.15492062706729E-13,-1.0,-1.61262552065945E-28));
#3890=DIRECTION('',(0.0,1.61262552065945E-28,-1.0));
#3891=SURFACE_STYLE_FILL_AREA(#6005);
#3892=ORIENTED_EDGE('',*,*,#6006,.F.);
#3893=ORIENTED_EDGE('',*,*,#6004,.T.);
#3894=ORIENTED_EDGE('',*,*,#6007,.F.);
#3895=ORIENTED_EDGE('',*,*,#6008,.F.);
#3896=CARTESIAN_POINT('',(0.500000007450558,17.0683397457695,1.00000000000001));
#3897=DIRECTION('',(0.499692660747882,-0.866202773485921,-2.55650247678909E-16));
#3898=DIRECTION('',(0.0,2.95139031534242E-16,-1.0));
#3899=SURFACE_STYLE_FILL_AREA(#6009);
#3900=ORIENTED_EDGE('',*,*,#6010,.F.);
#3901=ORIENTED_EDGE('',*,*,#6008,.T.);
#3902=ORIENTED_EDGE('',*,*,#6011,.F.);
#3903=ORIENTED_EDGE('',*,*,#6012,.F.);
#3904=CARTESIAN_POINT('',(0.500000007450533,17.1509652296262,1.00000000000001));
#3905=DIRECTION('',(1.0,2.95981076620519E-13,-5.11614974084834E-16));
#3906=DIRECTION('',(-2.95981076620519E-13,1.0,0.0));
#3907=SURFACE_STYLE_FILL_AREA(#6013);
#3908=ORIENTED_EDGE('',*,*,#6014,.F.);
#3909=ORIENTED_EDGE('',*,*,#6012,.T.);
#3910=ORIENTED_EDGE('',*,*,#6015,.F.);
#3911=ORIENTED_EDGE('',*,*,#6016,.F.);
#3912=CARTESIAN_POINT('',(-0.147876450080025,17.150965229626,1.00000000000001));
#3913=DIRECTION('',(-2.98543519752363E-13,1.0,1.52591423701571E-28));
#3914=DIRECTION('',(1.0,2.98543519752363E-13,-0.0));
#3915=SURFACE_STYLE_FILL_AREA(#6017);
#3916=ORIENTED_EDGE('',*,*,#6018,.F.);
#3917=ORIENTED_EDGE('',*,*,#6016,.T.);
#3918=ORIENTED_EDGE('',*,*,#6019,.F.);
#3919=ORIENTED_EDGE('',*,*,#6020,.F.);
#3920=CARTESIAN_POINT('',(-0.147876450080059,17.2621621424799,1.00000000000001));
#3921=DIRECTION('',(1.0,2.99900146545858E-13,-5.11614974084834E-16));
#3922=DIRECTION('',(-2.99900146545858E-13,1.0,0.0));
#3923=SURFACE_STYLE_FILL_AREA(#6021);
#3924=ORIENTED_EDGE('',*,*,#6022,.F.);
#3925=ORIENTED_EDGE('',*,*,#6020,.T.);
#3926=ORIENTED_EDGE('',*,*,#6023,.F.);
#3927=ORIENTED_EDGE('',*,*,#6024,.F.);
#3928=CARTESIAN_POINT('',(-0.260617764501348,17.2621621424799,1.00000000000001));
#3929=DIRECTION('',(-2.9579701071405E-13,1.0,1.51186268551111E-28));
#3930=DIRECTION('',(1.0,2.9579701071405E-13,-0.0));
#3931=SURFACE_STYLE_FILL_AREA(#6025);
#3932=ORIENTED_EDGE('',*,*,#6026,.F.);
#3933=ORIENTED_EDGE('',*,*,#6024,.T.);
#3934=ORIENTED_EDGE('',*,*,#6027,.F.);
#3935=ORIENTED_EDGE('',*,*,#6028,.F.);
#3936=CARTESIAN_POINT('',(-0.260617764501315,17.150965229626,1.00000000000001));
#3937=DIRECTION('',(-1.0,-2.99900146545858E-13,5.11614974084834E-16));
#3938=DIRECTION('',(-2.99900146545858E-13,1.0,0.0));
#3939=SURFACE_STYLE_FILL_AREA(#6029);
#3940=ORIENTED_EDGE('',*,*,#6030,.F.);
#3941=ORIENTED_EDGE('',*,*,#6028,.T.);
#3942=ORIENTED_EDGE('',*,*,#6031,.F.);
#3943=ORIENTED_EDGE('',*,*,#6032,.F.);
#3944=CARTESIAN_POINT('',(-0.500000007450628,17.1509652296259,1.00000000000001));
#3945=DIRECTION('',(-2.97194724081273E-13,1.0,1.51901359639261E-28));
#3946=DIRECTION('',(1.0,2.97194724081273E-13,-0.0));
#3947=SURFACE_STYLE_FILL_AREA(#6033);
#3948=ORIENTED_EDGE('',*,*,#6034,.F.);
#3949=ORIENTED_EDGE('',*,*,#6032,.T.);
#3950=ORIENTED_EDGE('',*,*,#6035,.F.);
#3951=ORIENTED_EDGE('',*,*,#6036,.F.);
#3952=CARTESIAN_POINT('',(-0.500000007450599,17.0498069269603,1.00000000000001));
#3953=DIRECTION('',(-1.0,-2.85723968855197E-13,5.11614974084834E-16));
#3954=DIRECTION('',(-2.85723968855197E-13,1.0,0.0));
#3955=SURFACE_STYLE_FILL_AREA(#6037);
#3956=ORIENTED_EDGE('',*,*,#6038,.F.);
#3957=ORIENTED_EDGE('',*,*,#6036,.T.);
#3958=ORIENTED_EDGE('',*,*,#6039,.F.);
#3959=ORIENTED_EDGE('',*,*,#5998,.F.);
#3960=CARTESIAN_POINT('',(-0.260617764501286,17.0498069269603,1.00000000000001));
#3961=DIRECTION('',(2.97194724081273E-13,-1.0,-1.51901359639261E-28));
#3962=DIRECTION('',(0.0,1.51901359639261E-28,-1.0));
#3963=SURFACE_STYLE_FILL_AREA(#6040);
#3964=ORIENTED_EDGE('',*,*,#6039,.T.);
#3965=ORIENTED_EDGE('',*,*,#6035,.T.);
#3966=ORIENTED_EDGE('',*,*,#6031,.T.);
#3967=ORIENTED_EDGE('',*,*,#6027,.T.);
#3968=ORIENTED_EDGE('',*,*,#6023,.T.);
#3969=ORIENTED_EDGE('',*,*,#6019,.T.);
#3970=ORIENTED_EDGE('',*,*,#6015,.T.);
#3971=ORIENTED_EDGE('',*,*,#6011,.T.);
#3972=ORIENTED_EDGE('',*,*,#6007,.T.);
#3973=ORIENTED_EDGE('',*,*,#6003,.T.);
#3974=ORIENTED_EDGE('',*,*,#5999,.T.);
#3975=ORIENTED_EDGE('',*,*,#5987,.T.);
#3976=ORIENTED_EDGE('',*,*,#5992,.T.);
#3977=ORIENTED_EDGE('',*,*,#5995,.T.);
#3978=CARTESIAN_POINT('',(-0.045307306810613,17.0251947067672,0.750000000000005));
#3979=DIRECTION('',(-5.11614974084834E-16,-1.4791141972894E-31,-1.0));
#3980=DIRECTION('',(-1.0,0.0,5.11614974084834E-16));
#3981=SURFACE_STYLE_FILL_AREA(#6041);
#3982=ORIENTED_EDGE('',*,*,#6042,.F.);
#3983=ORIENTED_EDGE('',*,*,#5744,.F.);
#3984=ORIENTED_EDGE('',*,*,#6043,.F.);
#3985=ORIENTED_EDGE('',*,*,#5734,.F.);
#3986=ORIENTED_EDGE('',*,*,#6044,.F.);
#3987=ORIENTED_EDGE('',*,*,#5724,.F.);
#3988=ORIENTED_EDGE('',*,*,#6045,.F.);
#3989=ORIENTED_EDGE('',*,*,#5729,.F.);
#3990=ORIENTED_EDGE('',*,*,#6046,.F.);
#3991=ORIENTED_EDGE('',*,*,#5739,.F.);
#3992=ORIENTED_EDGE('',*,*,#6047,.F.);
#3993=ORIENTED_EDGE('',*,*,#5749,.F.);
#3994=ORIENTED_EDGE('',*,*,#5997,.T.);
#3995=ORIENTED_EDGE('',*,*,#6002,.T.);
#3996=ORIENTED_EDGE('',*,*,#6006,.T.);
#3997=ORIENTED_EDGE('',*,*,#6010,.T.);
#3998=ORIENTED_EDGE('',*,*,#6014,.T.);
#3999=ORIENTED_EDGE('',*,*,#6018,.T.);
#4000=ORIENTED_EDGE('',*,*,#6022,.T.);
#4001=ORIENTED_EDGE('',*,*,#6026,.T.);
#4002=ORIENTED_EDGE('',*,*,#6030,.T.);
#4003=ORIENTED_EDGE('',*,*,#6034,.T.);
#4004=ORIENTED_EDGE('',*,*,#6038,.T.);
#4005=CARTESIAN_POINT('',(-2.25053472877476E-15,14.2727272727273,1.00000000000001));
#4006=DIRECTION('',(5.11614974084834E-16,1.4791141972894E-31,1.0));
#4007=DIRECTION('',(1.0,0.0,-5.11614974084834E-16));
#4008=SURFACE_STYLE_FILL_AREA(#6048);
#4009=ORIENTED_EDGE('',*,*,#5782,.T.);
#4010=ORIENTED_EDGE('',*,*,#6049,.F.);
#4011=ORIENTED_EDGE('',*,*,#5784,.T.);
#4012=ORIENTED_EDGE('',*,*,#6050,.T.);
#4013=CARTESIAN_POINT('',(3.25,7.0,-5.5));
#4014=DIRECTION('',(-5.11614974084834E-16,-1.4791141972894E-31,-1.0));
#4015=DIRECTION('',(1.0,3.71230823859037E-16,-5.11614974084834E-16));
#4016=SURFACE_STYLE_FILL_AREA(#6051);
#4017=ORIENTED_EDGE('',*,*,#6050,.F.);
#4018=ORIENTED_EDGE('',*,*,#5783,.F.);
#4019=CARTESIAN_POINT('',(3.25,7.0,2.0));
#4020=DIRECTION('',(5.11614974084834E-16,1.4791141972894E-31,1.0));
#4021=DIRECTION('',(1.0,0.0,-5.11614974084834E-16));
#4022=SURFACE_STYLE_FILL_AREA(#6052);
#4023=ORIENTED_EDGE('',*,*,#5777,.T.);
#4024=ORIENTED_EDGE('',*,*,#6053,.F.);
#4025=ORIENTED_EDGE('',*,*,#5779,.T.);
#4026=ORIENTED_EDGE('',*,*,#6054,.T.);
#4027=CARTESIAN_POINT('',(-3.25,7.0,-5.49999999999999));
#4028=DIRECTION('',(-5.11614974084834E-16,-1.4791141972894E-31,-1.0));
#4029=DIRECTION('',(1.0,3.71230823859037E-16,-5.11614974084834E-16));
#4030=SURFACE_STYLE_FILL_AREA(#6055);
#4031=ORIENTED_EDGE('',*,*,#6054,.F.);
#4032=ORIENTED_EDGE('',*,*,#5778,.F.);
#4033=CARTESIAN_POINT('',(-3.25,7.0,2.00000000000001));
#4034=DIRECTION('',(5.11614974084834E-16,1.4791141972894E-31,1.0));
#4035=DIRECTION('',(1.0,0.0,-5.11614974084834E-16));
#4036=SURFACE_STYLE_FILL_AREA(#6056);
#4037=ORIENTED_EDGE('',*,*,#5772,.T.);
#4038=ORIENTED_EDGE('',*,*,#6057,.F.);
#4039=ORIENTED_EDGE('',*,*,#5774,.T.);
#4040=ORIENTED_EDGE('',*,*,#5816,.T.);
#4041=CARTESIAN_POINT('',(-2.59861576701326E-15,7.0,-5.49999999999999));
#4042=DIRECTION('',(-5.11614974084834E-16,-1.4791141972894E-31,-1.0));
#4043=DIRECTION('',(1.0,3.71230823859037E-16,-5.11614974084834E-16));
#4044=SURFACE_STYLE_FILL_AREA(#6058);
#4045=ORIENTED_EDGE('',*,*,#6059,.T.);
#4046=ORIENTED_EDGE('',*,*,#6060,.F.);
#4047=ORIENTED_EDGE('',*,*,#6061,.F.);
#4048=ORIENTED_EDGE('',*,*,#6062,.T.);
#4049=CARTESIAN_POINT('',(1.70383052239495,2.250000042608,5.75000000000001));
#4050=DIRECTION('',(0.94304372646741,0.332668799213965,-4.82475291677489E-16));
#4051=DIRECTION('',(0.0,-1.45031723088396E-15,-1.0));
#4052=SURFACE_STYLE_FILL_AREA(#6063);
#4053=ORIENTED_EDGE('',*,*,#6064,.T.);
#4054=ORIENTED_EDGE('',*,*,#6065,.F.);
#4055=ORIENTED_EDGE('',*,*,#6066,.F.);
#4056=ORIENTED_EDGE('',*,*,#6060,.T.);
#4057=CARTESIAN_POINT('',(1.84294343114861,1.85564518822807,5.75000000000001));
#4058=DIRECTION('',(0.352454989950371,-0.935828766419949,-1.8032125054953E-16));
#4059=DIRECTION('',(0.0,1.92686159070912E-16,-1.0));
#4060=SURFACE_STYLE_FILL_AREA(#6067);
#4061=ORIENTED_EDGE('',*,*,#6068,.T.);
#4062=ORIENTED_EDGE('',*,*,#6069,.F.);
#4063=ORIENTED_EDGE('',*,*,#6070,.F.);
#4064=ORIENTED_EDGE('',*,*,#6065,.T.);
#4065=SURFACE_STYLE_FILL_AREA(#6071);
#4066=ORIENTED_EDGE('',*,*,#6072,.T.);
#4067=ORIENTED_EDGE('',*,*,#6073,.F.);
#4068=ORIENTED_EDGE('',*,*,#6074,.F.);
#4069=ORIENTED_EDGE('',*,*,#6069,.T.);
#4070=CARTESIAN_POINT('',(1.26471760172037,2.13024197333312,5.75000000000001));
#4071=DIRECTION('',(3.71230823859037E-16,-1.0,-4.20158285991929E-32));
#4072=DIRECTION('',(0.0,4.20158285991929E-32,-1.0));
#4073=SURFACE_STYLE_FILL_AREA(#6075);
#4074=ORIENTED_EDGE('',*,*,#6076,.T.);
#4075=ORIENTED_EDGE('',*,*,#6077,.F.);
#4076=ORIENTED_EDGE('',*,*,#6078,.F.);
#4077=ORIENTED_EDGE('',*,*,#6073,.T.);
#4078=CARTESIAN_POINT('',(0.940524040450978,2.13024197333312,5.75000000000001));
#4079=DIRECTION('',(1.0,3.71230823859037E-16,-5.11614974084834E-16));
#4080=DIRECTION('',(-5.11614974084834E-16,0.0,-1.0));
#4081=SURFACE_STYLE_FILL_AREA(#6079);
#4082=ORIENTED_EDGE('',*,*,#6080,.T.);
#4083=ORIENTED_EDGE('',*,*,#6081,.F.);
#4084=ORIENTED_EDGE('',*,*,#6082,.F.);
#4085=ORIENTED_EDGE('',*,*,#6077,.T.);
#4086=CARTESIAN_POINT('',(0.940524040450978,1.55443549883972,5.75000000000001));
#4087=DIRECTION('',(-3.71230823859037E-16,1.0,4.20158285991929E-32));
#4088=DIRECTION('',(1.0,3.71230823859037E-16,-0.0));
#4089=SURFACE_STYLE_FILL_AREA(#6083);
#4090=ORIENTED_EDGE('',*,*,#6084,.T.);
#4091=ORIENTED_EDGE('',*,*,#6085,.F.);
#4092=ORIENTED_EDGE('',*,*,#6086,.F.);
#4093=ORIENTED_EDGE('',*,*,#6081,.T.);
#4094=SURFACE_STYLE_FILL_AREA(#6087);
#4095=ORIENTED_EDGE('',*,*,#6088,.T.);
#4096=ORIENTED_EDGE('',*,*,#6089,.F.);
#4097=ORIENTED_EDGE('',*,*,#6090,.F.);
#4098=ORIENTED_EDGE('',*,*,#6085,.T.);
#4099=CARTESIAN_POINT('',(1.35907244417937,1.78790325005238,5.75000000000001));
#4100=DIRECTION('',(-1.0,-3.71230823859037E-16,5.11614974084834E-16));
#4101=DIRECTION('',(-3.71230823859037E-16,1.0,0.0));
#4102=SURFACE_STYLE_FILL_AREA(#6091);
#4103=ORIENTED_EDGE('',*,*,#6092,.T.);
#4104=ORIENTED_EDGE('',*,*,#6093,.F.);
#4105=ORIENTED_EDGE('',*,*,#6094,.F.);
#4106=ORIENTED_EDGE('',*,*,#6089,.T.);
#4107=CARTESIAN_POINT('',(1.35907244417937,1.82782260647734,5.75000000000001));
#4108=DIRECTION('',(-3.71230823859037E-16,1.0,4.20158285991929E-32));
#4109=DIRECTION('',(1.0,3.71230823859037E-16,-0.0));
#4110=SURFACE_STYLE_FILL_AREA(#6095);
#4111=ORIENTED_EDGE('',*,*,#6096,.T.);
#4112=ORIENTED_EDGE('',*,*,#6097,.F.);
#4113=ORIENTED_EDGE('',*,*,#6098,.F.);
#4114=ORIENTED_EDGE('',*,*,#6093,.T.);
#4115=CARTESIAN_POINT('',(1.46431438384518,1.82782260647734,5.75000000000001));
#4116=DIRECTION('',(1.0,3.71230823859037E-16,-5.11614974084834E-16));
#4117=DIRECTION('',(-5.11614974084834E-16,0.0,-1.0));
#4118=SURFACE_STYLE_FILL_AREA(#6099);
#4119=ORIENTED_EDGE('',*,*,#6100,.T.);
#4120=ORIENTED_EDGE('',*,*,#6101,.F.);
#4121=ORIENTED_EDGE('',*,*,#6102,.F.);
#4122=ORIENTED_EDGE('',*,*,#6097,.T.);
#4123=CARTESIAN_POINT('',(1.46431438384518,1.16975806419917,5.75000000000001));
#4124=DIRECTION('',(3.71230823859037E-16,-1.0,-4.20158285991929E-32));
#4125=DIRECTION('',(0.0,4.20158285991929E-32,-1.0));
#4126=SURFACE_STYLE_FILL_AREA(#6103);
#4127=ORIENTED_EDGE('',*,*,#6104,.T.);
#4128=ORIENTED_EDGE('',*,*,#6105,.F.);
#4129=ORIENTED_EDGE('',*,*,#6106,.F.);
#4130=ORIENTED_EDGE('',*,*,#6101,.T.);
#4131=CARTESIAN_POINT('',(1.35907244417937,1.16975806419917,5.75000000000001));
#4132=DIRECTION('',(-1.0,-3.71230823859037E-16,5.11614974084834E-16));
#4133=DIRECTION('',(-3.71230823859037E-16,1.0,0.0));
#4134=SURFACE_STYLE_FILL_AREA(#6107);
#4135=ORIENTED_EDGE('',*,*,#6108,.T.);
#4136=ORIENTED_EDGE('',*,*,#6109,.F.);
#4137=ORIENTED_EDGE('',*,*,#6110,.F.);
#4138=ORIENTED_EDGE('',*,*,#6105,.T.);
#4139=SURFACE_STYLE_FILL_AREA(#6111);
#4140=ORIENTED_EDGE('',*,*,#6112,.T.);
#4141=ORIENTED_EDGE('',*,*,#6113,.F.);
#4142=ORIENTED_EDGE('',*,*,#6114,.F.);
#4143=ORIENTED_EDGE('',*,*,#6109,.T.);
#4144=CARTESIAN_POINT('',(1.1038304985531,1.44919355917391,5.75000000000001));
#4145=DIRECTION('',(3.71230823859037E-16,-1.0,-4.20158285991929E-32));
#4146=DIRECTION('',(0.0,4.20158285991929E-32,-1.0));
#4147=SURFACE_STYLE_FILL_AREA(#6115);
#4148=ORIENTED_EDGE('',*,*,#6116,.T.);
#4149=ORIENTED_EDGE('',*,*,#6117,.F.);
#4150=ORIENTED_EDGE('',*,*,#6118,.F.);
#4151=ORIENTED_EDGE('',*,*,#6113,.T.);
#4152=CARTESIAN_POINT('',(0.940524040450978,1.44919355917391,5.75000000000001));
#4153=DIRECTION('',(1.0,3.71230823859037E-16,-5.11614974084834E-16));
#4154=DIRECTION('',(-5.11614974084834E-16,0.0,-1.0));
#4155=SURFACE_STYLE_FILL_AREA(#6119);
#4156=ORIENTED_EDGE('',*,*,#6120,.T.);
#4157=ORIENTED_EDGE('',*,*,#6121,.F.);
#4158=ORIENTED_EDGE('',*,*,#6122,.F.);
#4159=ORIENTED_EDGE('',*,*,#6117,.T.);
#4160=SURFACE_STYLE_FILL_AREA(#6123);
#4161=ORIENTED_EDGE('',*,*,#6124,.T.);
#4162=ORIENTED_EDGE('',*,*,#6125,.F.);
#4163=ORIENTED_EDGE('',*,*,#6126,.F.);
#4164=ORIENTED_EDGE('',*,*,#6121,.T.);
#4165=CARTESIAN_POINT('',(1.0881046914766,0.840725793060092,5.75000000000001));
#4166=DIRECTION('',(-3.71230823859037E-16,1.0,4.20158285991929E-32));
#4167=DIRECTION('',(1.0,3.71230823859037E-16,-0.0));
#4168=SURFACE_STYLE_FILL_AREA(#6127);
#4169=ORIENTED_EDGE('',*,*,#6128,.T.);
#4170=ORIENTED_EDGE('',*,*,#6129,.F.);
#4171=ORIENTED_EDGE('',*,*,#6130,.F.);
#4172=ORIENTED_EDGE('',*,*,#6125,.T.);
#4173=CARTESIAN_POINT('',(1.12802404790156,0.840725793060092,5.75000000000001));
#4174=DIRECTION('',(1.0,3.71230823859037E-16,-5.11614974084834E-16));
#4175=DIRECTION('',(-5.11614974084834E-16,0.0,-1.0));
#4176=SURFACE_STYLE_FILL_AREA(#6131);
#4177=ORIENTED_EDGE('',*,*,#6132,.T.);
#4178=ORIENTED_EDGE('',*,*,#6133,.F.);
#4179=ORIENTED_EDGE('',*,*,#6134,.F.);
#4180=ORIENTED_EDGE('',*,*,#6129,.T.);
#4181=CARTESIAN_POINT('',(1.12802404790156,0.749999983003359,5.75000000000001));
#4182=DIRECTION('',(3.71230823859037E-16,-1.0,-4.20158285991929E-32));
#4183=DIRECTION('',(0.0,4.20158285991929E-32,-1.0));
#4184=SURFACE_STYLE_FILL_AREA(#6135);
#4185=ORIENTED_EDGE('',*,*,#6136,.T.);
#4186=ORIENTED_EDGE('',*,*,#6137,.F.);
#4187=ORIENTED_EDGE('',*,*,#6138,.F.);
#4188=ORIENTED_EDGE('',*,*,#6133,.T.);
#4189=CARTESIAN_POINT('',(0.557056283277855,0.749999983003359,5.75000000000001));
#4190=DIRECTION('',(-1.0,-3.71230823859037E-16,5.11614974084834E-16));
#4191=DIRECTION('',(-3.71230823859037E-16,1.0,0.0));
#4192=SURFACE_STYLE_FILL_AREA(#6139);
#4193=ORIENTED_EDGE('',*,*,#6140,.T.);
#4194=ORIENTED_EDGE('',*,*,#6141,.F.);
#4195=ORIENTED_EDGE('',*,*,#6142,.F.);
#4196=ORIENTED_EDGE('',*,*,#6137,.T.);
#4197=CARTESIAN_POINT('',(0.557056283277855,0.840725793060092,5.75000000000001));
#4198=DIRECTION('',(-3.71230823859037E-16,1.0,4.20158285991929E-32));
#4199=DIRECTION('',(1.0,3.71230823859037E-16,-0.0));
#4200=SURFACE_STYLE_FILL_AREA(#6143);
#4201=ORIENTED_EDGE('',*,*,#6144,.T.);
#4202=ORIENTED_EDGE('',*,*,#6145,.F.);
#4203=ORIENTED_EDGE('',*,*,#6146,.F.);
#4204=ORIENTED_EDGE('',*,*,#6141,.T.);
#4205=SURFACE_STYLE_FILL_AREA(#6147);
#4206=ORIENTED_EDGE('',*,*,#6148,.T.);
#4207=ORIENTED_EDGE('',*,*,#6149,.F.);
#4208=ORIENTED_EDGE('',*,*,#6150,.F.);
#4209=ORIENTED_EDGE('',*,*,#6145,.T.);
#4210=CARTESIAN_POINT('',(0.739717580858743,0.993145153955403,5.75000000000001));
#4211=DIRECTION('',(-1.0,-3.71230823859037E-16,5.11614974084834E-16));
#4212=DIRECTION('',(-3.71230823859037E-16,1.0,0.0));
#4213=SURFACE_STYLE_FILL_AREA(#6151);
#4214=ORIENTED_EDGE('',*,*,#6152,.T.);
#4215=ORIENTED_EDGE('',*,*,#6153,.F.);
#4216=ORIENTED_EDGE('',*,*,#6154,.F.);
#4217=ORIENTED_EDGE('',*,*,#6149,.T.);
#4218=SURFACE_STYLE_FILL_AREA(#6155);
#4219=ORIENTED_EDGE('',*,*,#6156,.T.);
#4220=ORIENTED_EDGE('',*,*,#6157,.F.);
#4221=ORIENTED_EDGE('',*,*,#6158,.F.);
#4222=ORIENTED_EDGE('',*,*,#6153,.T.);
#4223=CARTESIAN_POINT('',(0.607862736909625,2.15927423255127,5.75000000000001));
#4224=DIRECTION('',(3.71230823859037E-16,-1.0,-4.20158285991929E-32));
#4225=DIRECTION('',(0.0,4.20158285991929E-32,-1.0));
#4226=SURFACE_STYLE_FILL_AREA(#6159);
#4227=ORIENTED_EDGE('',*,*,#6160,.T.);
#4228=ORIENTED_EDGE('',*,*,#6161,.F.);
#4229=ORIENTED_EDGE('',*,*,#6162,.F.);
#4230=ORIENTED_EDGE('',*,*,#6157,.T.);
#4231=CARTESIAN_POINT('',(0.557056283277855,2.15927423255127,5.75000000000001));
#4232=DIRECTION('',(-1.0,-3.71230823859037E-16,5.11614974084834E-16));
#4233=DIRECTION('',(-3.71230823859037E-16,1.0,0.0));
#4234=SURFACE_STYLE_FILL_AREA(#6163);
#4235=ORIENTED_EDGE('',*,*,#6164,.T.);
#4236=ORIENTED_EDGE('',*,*,#6062,.F.);
#4237=ORIENTED_EDGE('',*,*,#6165,.F.);
#4238=ORIENTED_EDGE('',*,*,#6161,.T.);
#4239=CARTESIAN_POINT('',(0.557056283277855,2.250000042608,5.75000000000001));
#4240=DIRECTION('',(-3.71230823859037E-16,1.0,4.20158285991929E-32));
#4241=DIRECTION('',(1.0,3.71230823859037E-16,-0.0));
#4242=SURFACE_STYLE_FILL_AREA(#6166);
#4243=ORIENTED_EDGE('',*,*,#6059,.F.);
#4244=ORIENTED_EDGE('',*,*,#6164,.F.);
#4245=ORIENTED_EDGE('',*,*,#6160,.F.);
#4246=ORIENTED_EDGE('',*,*,#6156,.F.);
#4247=ORIENTED_EDGE('',*,*,#6152,.F.);
#4248=ORIENTED_EDGE('',*,*,#6148,.F.);
#4249=ORIENTED_EDGE('',*,*,#6144,.F.);
#4250=ORIENTED_EDGE('',*,*,#6140,.F.);
#4251=ORIENTED_EDGE('',*,*,#6136,.F.);
#4252=ORIENTED_EDGE('',*,*,#6132,.F.);
#4253=ORIENTED_EDGE('',*,*,#6128,.F.);
#4254=ORIENTED_EDGE('',*,*,#6124,.F.);
#4255=ORIENTED_EDGE('',*,*,#6120,.F.);
#4256=ORIENTED_EDGE('',*,*,#6116,.F.);
#4257=ORIENTED_EDGE('',*,*,#6112,.F.);
#4258=ORIENTED_EDGE('',*,*,#6108,.F.);
#4259=ORIENTED_EDGE('',*,*,#6104,.F.);
#4260=ORIENTED_EDGE('',*,*,#6100,.F.);
#4261=ORIENTED_EDGE('',*,*,#6096,.F.);
#4262=ORIENTED_EDGE('',*,*,#6092,.F.);
#4263=ORIENTED_EDGE('',*,*,#6088,.F.);
#4264=ORIENTED_EDGE('',*,*,#6084,.F.);
#4265=ORIENTED_EDGE('',*,*,#6080,.F.);
#4266=ORIENTED_EDGE('',*,*,#6076,.F.);
#4267=ORIENTED_EDGE('',*,*,#6072,.F.);
#4268=ORIENTED_EDGE('',*,*,#6068,.F.);
#4269=ORIENTED_EDGE('',*,*,#6064,.F.);
#4270=CARTESIAN_POINT('',(1.10814736829598,1.62519898110111,5.95000000000001));
#4271=DIRECTION('',(5.11614974084834E-16,1.4791141972894E-31,1.0));
#4272=DIRECTION('',(1.0,0.0,-5.11614974084834E-16));
#4273=SURFACE_STYLE_FILL_AREA(#6167);
#4274=ORIENTED_EDGE('',*,*,#6168,.T.);
#4275=ORIENTED_EDGE('',*,*,#6169,.F.);
#4276=ORIENTED_EDGE('',*,*,#6170,.F.);
#4277=ORIENTED_EDGE('',*,*,#6171,.T.);
#4278=CARTESIAN_POINT('',(-0.947782486196483,2.250000042608,5.75000000000001));
#4279=DIRECTION('',(1.0,3.71230823859037E-16,-5.11614974084834E-16));
#4280=DIRECTION('',(-5.11614974084834E-16,0.0,-1.0));
#4281=SURFACE_STYLE_FILL_AREA(#6172);
#4282=ORIENTED_EDGE('',*,*,#6173,.T.);
#4283=ORIENTED_EDGE('',*,*,#6174,.F.);
#4284=ORIENTED_EDGE('',*,*,#6175,.F.);
#4285=ORIENTED_EDGE('',*,*,#6169,.T.);
#4286=CARTESIAN_POINT('',(-0.947782486196483,2.15927423255127,5.75000000000001));
#4287=DIRECTION('',(3.71230823859037E-16,-1.0,-4.20158285991929E-32));
#4288=DIRECTION('',(0.0,4.20158285991929E-32,-1.0));
#4289=SURFACE_STYLE_FILL_AREA(#6176);
#4290=ORIENTED_EDGE('',*,*,#6177,.T.);
#4291=ORIENTED_EDGE('',*,*,#6178,.F.);
#4292=ORIENTED_EDGE('',*,*,#6179,.F.);
#4293=ORIENTED_EDGE('',*,*,#6174,.T.);
#4294=SURFACE_STYLE_FILL_AREA(#6180);
#4295=ORIENTED_EDGE('',*,*,#6181,.T.);
#4296=ORIENTED_EDGE('',*,*,#6182,.F.);
#4297=ORIENTED_EDGE('',*,*,#6183,.F.);
#4298=ORIENTED_EDGE('',*,*,#6178,.T.);
#4299=CARTESIAN_POINT('',(-1.13891152604933,2.03225809847184,5.75000000000001));
#4300=DIRECTION('',(1.0,3.71230823859037E-16,-5.11614974084834E-16));
#4301=DIRECTION('',(-5.11614974084834E-16,0.0,-1.0));
#4302=SURFACE_STYLE_FILL_AREA(#6184);
#4303=ORIENTED_EDGE('',*,*,#6185,.T.);
#4304=ORIENTED_EDGE('',*,*,#6186,.F.);
#4305=ORIENTED_EDGE('',*,*,#6187,.F.);
#4306=ORIENTED_EDGE('',*,*,#6182,.T.);
#4307=SURFACE_STYLE_FILL_AREA(#6188);
#4308=ORIENTED_EDGE('',*,*,#6189,.T.);
#4309=ORIENTED_EDGE('',*,*,#6190,.F.);
#4310=ORIENTED_EDGE('',*,*,#6191,.F.);
#4311=ORIENTED_EDGE('',*,*,#6186,.T.);
#4312=SURFACE_STYLE_FILL_AREA(#6192);
#4313=ORIENTED_EDGE('',*,*,#6193,.T.);
#4314=ORIENTED_EDGE('',*,*,#6194,.F.);
#4315=ORIENTED_EDGE('',*,*,#6195,.F.);
#4316=ORIENTED_EDGE('',*,*,#6190,.T.);
#4317=SURFACE_STYLE_FILL_AREA(#6196);
#4318=ORIENTED_EDGE('',*,*,#6197,.T.);
#4319=ORIENTED_EDGE('',*,*,#6198,.F.);
#4320=ORIENTED_EDGE('',*,*,#6199,.F.);
#4321=ORIENTED_EDGE('',*,*,#6194,.T.);
#4322=CARTESIAN_POINT('',(-1.01794377930702,0.864919342408553,5.75000000000001));
#4323=DIRECTION('',(-3.71230823859037E-16,1.0,4.20158285991929E-32));
#4324=DIRECTION('',(1.0,3.71230823859037E-16,-0.0));
#4325=SURFACE_STYLE_FILL_AREA(#6200);
#4326=ORIENTED_EDGE('',*,*,#6201,.T.);
#4327=ORIENTED_EDGE('',*,*,#6202,.F.);
#4328=ORIENTED_EDGE('',*,*,#6203,.F.);
#4329=ORIENTED_EDGE('',*,*,#6198,.T.);
#4330=SURFACE_STYLE_FILL_AREA(#6204);
#4331=ORIENTED_EDGE('',*,*,#6205,.T.);
#4332=ORIENTED_EDGE('',*,*,#6206,.F.);
#4333=ORIENTED_EDGE('',*,*,#6207,.F.);
#4334=ORIENTED_EDGE('',*,*,#6202,.T.);
#4335=CARTESIAN_POINT('',(-0.378024399040202,1.25201613198394,5.75000000000001));
#4336=DIRECTION('',(0.323405480371896,0.946260479606658,-1.65459086459361E-16));
#4337=DIRECTION('',(-5.11614974084834E-16,0.0,-1.0));
#4338=SURFACE_STYLE_FILL_AREA(#6208);
#4339=ORIENTED_EDGE('',*,*,#6209,.T.);
#4340=ORIENTED_EDGE('',*,*,#6210,.F.);
#4341=ORIENTED_EDGE('',*,*,#6211,.F.);
#4342=ORIENTED_EDGE('',*,*,#6206,.T.);
#4343=CARTESIAN_POINT('',(-0.282459879113777,1.21935484036352,5.75000000000001));
#4344=DIRECTION('',(0.941412095358988,-0.337258456842524,-4.81640524770238E-16));
#4345=DIRECTION('',(0.0,1.42810510751738E-15,-1.0));
#4346=SURFACE_STYLE_FILL_AREA(#6212);
#4347=ORIENTED_EDGE('',*,*,#6213,.T.);
#4348=ORIENTED_EDGE('',*,*,#6214,.F.);
#4349=ORIENTED_EDGE('',*,*,#6215,.F.);
#4350=ORIENTED_EDGE('',*,*,#6210,.T.);
#4351=CARTESIAN_POINT('',(-0.450605047085588,0.749999983003359,5.75000000000001));
#4352=DIRECTION('',(3.71230823859037E-16,-1.0,-4.20158285991929E-32));
#4353=DIRECTION('',(0.0,4.20158285991929E-32,-1.0));
#4354=SURFACE_STYLE_FILL_AREA(#6216);
#4355=ORIENTED_EDGE('',*,*,#6217,.T.);
#4356=ORIENTED_EDGE('',*,*,#6218,.F.);
#4357=ORIENTED_EDGE('',*,*,#6219,.F.);
#4358=ORIENTED_EDGE('',*,*,#6214,.T.);
#4359=CARTESIAN_POINT('',(-1.52842767055957,0.749999983003358,5.75000000000001));
#4360=DIRECTION('',(-1.0,-3.71230823859037E-16,5.11614974084834E-16));
#4361=DIRECTION('',(-3.71230823859037E-16,1.0,0.0));
#4362=SURFACE_STYLE_FILL_AREA(#6220);
#4363=ORIENTED_EDGE('',*,*,#6221,.T.);
#4364=ORIENTED_EDGE('',*,*,#6222,.F.);
#4365=ORIENTED_EDGE('',*,*,#6223,.F.);
#4366=ORIENTED_EDGE('',*,*,#6218,.T.);
#4367=CARTESIAN_POINT('',(-1.52842767055957,0.840725793060091,5.75000000000001));
#4368=DIRECTION('',(-3.71230823859037E-16,1.0,4.20158285991929E-32));
#4369=DIRECTION('',(1.0,3.71230823859037E-16,-0.0));
#4370=SURFACE_STYLE_FILL_AREA(#6224);
#4371=ORIENTED_EDGE('',*,*,#6225,.T.);
#4372=ORIENTED_EDGE('',*,*,#6226,.F.);
#4373=ORIENTED_EDGE('',*,*,#6227,.F.);
#4374=ORIENTED_EDGE('',*,*,#6222,.T.);
#4375=SURFACE_STYLE_FILL_AREA(#6228);
#4376=ORIENTED_EDGE('',*,*,#6229,.T.);
#4377=ORIENTED_EDGE('',*,*,#6230,.F.);
#4378=ORIENTED_EDGE('',*,*,#6231,.F.);
#4379=ORIENTED_EDGE('',*,*,#6226,.T.);
#4380=CARTESIAN_POINT('',(-1.33971798564157,0.985887089150864,5.75000000000001));
#4381=DIRECTION('',(-1.0,-3.71230823859037E-16,5.11614974084834E-16));
#4382=DIRECTION('',(-3.71230823859037E-16,1.0,0.0));
#4383=SURFACE_STYLE_FILL_AREA(#6232);
#4384=ORIENTED_EDGE('',*,*,#6233,.T.);
#4385=ORIENTED_EDGE('',*,*,#6234,.F.);
#4386=ORIENTED_EDGE('',*,*,#6235,.F.);
#4387=ORIENTED_EDGE('',*,*,#6230,.T.);
#4388=SURFACE_STYLE_FILL_AREA(#6236);
#4389=ORIENTED_EDGE('',*,*,#6237,.T.);
#4390=ORIENTED_EDGE('',*,*,#6238,.F.);
#4391=ORIENTED_EDGE('',*,*,#6239,.F.);
#4392=ORIENTED_EDGE('',*,*,#6234,.T.);
#4393=CARTESIAN_POINT('',(-1.48125024933007,2.15927423255127,5.75000000000001));
#4394=DIRECTION('',(3.71230823859037E-16,-1.0,-4.20158285991929E-32));
#4395=DIRECTION('',(0.0,4.20158285991929E-32,-1.0));
#4396=SURFACE_STYLE_FILL_AREA(#6240);
#4397=ORIENTED_EDGE('',*,*,#6241,.T.);
#4398=ORIENTED_EDGE('',*,*,#6242,.F.);
#4399=ORIENTED_EDGE('',*,*,#6243,.F.);
#4400=ORIENTED_EDGE('',*,*,#6238,.T.);
#4401=CARTESIAN_POINT('',(-1.52842767055957,2.15927423255127,5.75000000000001));
#4402=DIRECTION('',(-1.0,-3.71230823859037E-16,5.11614974084834E-16));
#4403=DIRECTION('',(-3.71230823859037E-16,1.0,0.0));
#4404=SURFACE_STYLE_FILL_AREA(#6244);
#4405=ORIENTED_EDGE('',*,*,#6245,.T.);
#4406=ORIENTED_EDGE('',*,*,#6171,.F.);
#4407=ORIENTED_EDGE('',*,*,#6246,.F.);
#4408=ORIENTED_EDGE('',*,*,#6242,.T.);
#4409=CARTESIAN_POINT('',(-1.52842767055957,2.250000042608,5.75000000000001));
#4410=DIRECTION('',(-3.71230823859037E-16,1.0,4.20158285991929E-32));
#4411=DIRECTION('',(1.0,3.71230823859037E-16,-0.0));
#4412=SURFACE_STYLE_FILL_AREA(#6247);
#4413=ORIENTED_EDGE('',*,*,#6168,.F.);
#4414=ORIENTED_EDGE('',*,*,#6245,.F.);
#4415=ORIENTED_EDGE('',*,*,#6241,.F.);
#4416=ORIENTED_EDGE('',*,*,#6237,.F.);
#4417=ORIENTED_EDGE('',*,*,#6233,.F.);
#4418=ORIENTED_EDGE('',*,*,#6229,.F.);
#4419=ORIENTED_EDGE('',*,*,#6225,.F.);
#4420=ORIENTED_EDGE('',*,*,#6221,.F.);
#4421=ORIENTED_EDGE('',*,*,#6217,.F.);
#4422=ORIENTED_EDGE('',*,*,#6213,.F.);
#4423=ORIENTED_EDGE('',*,*,#6209,.F.);
#4424=ORIENTED_EDGE('',*,*,#6205,.F.);
#4425=ORIENTED_EDGE('',*,*,#6201,.F.);
#4426=ORIENTED_EDGE('',*,*,#6197,.F.);
#4427=ORIENTED_EDGE('',*,*,#6193,.F.);
#4428=ORIENTED_EDGE('',*,*,#6189,.F.);
#4429=ORIENTED_EDGE('',*,*,#6185,.F.);
#4430=ORIENTED_EDGE('',*,*,#6181,.F.);
#4431=ORIENTED_EDGE('',*,*,#6177,.F.);
#4432=ORIENTED_EDGE('',*,*,#6173,.F.);
#4433=CARTESIAN_POINT('',(-1.05115052616733,1.35243941103273,5.95000000000001));
#4434=DIRECTION('',(5.11614974084834E-16,1.4791141972894E-31,1.0));
#4435=DIRECTION('',(1.0,0.0,-5.11614974084834E-16));
#4436=SURFACE_STYLE_FILL_AREA(#6248);
#4437=ORIENTED_EDGE('',*,*,#6249,.T.);
#4438=ORIENTED_EDGE('',*,*,#6250,.F.);
#4439=ORIENTED_EDGE('',*,*,#6251,.F.);
#4440=ORIENTED_EDGE('',*,*,#6252,.T.);
#4441=CARTESIAN_POINT('',(-1.88165349104712,2.250000042608,5.75000000000001));
#4442=DIRECTION('',(0.964547915829863,0.263907783265798,-4.93477156960876E-16));
#4443=DIRECTION('',(0.0,-1.86988481678793E-15,-1.0));
#4444=SURFACE_STYLE_FILL_AREA(#6253);
#4445=ORIENTED_EDGE('',*,*,#6254,.T.);
#4446=ORIENTED_EDGE('',*,*,#6255,.F.);
#4447=ORIENTED_EDGE('',*,*,#6256,.F.);
#4448=ORIENTED_EDGE('',*,*,#6250,.T.);
#4449=CARTESIAN_POINT('',(-1.74495993722831,1.75040324856226,5.75000000000001));
#4450=DIRECTION('',(0.267044981937503,-0.963684065252715,-1.3662421151344E-16));
#4451=DIRECTION('',(0.0,1.41772824143992E-16,-1.0));
#4452=SURFACE_STYLE_FILL_AREA(#6257);
#4453=ORIENTED_EDGE('',*,*,#6258,.T.);
#4454=ORIENTED_EDGE('',*,*,#6259,.F.);
#4455=ORIENTED_EDGE('',*,*,#6260,.F.);
#4456=ORIENTED_EDGE('',*,*,#6255,.T.);
#4457=SURFACE_STYLE_FILL_AREA(#6261);
#4458=ORIENTED_EDGE('',*,*,#6262,.T.);
#4459=ORIENTED_EDGE('',*,*,#6263,.F.);
#4460=ORIENTED_EDGE('',*,*,#6264,.F.);
#4461=ORIENTED_EDGE('',*,*,#6259,.T.);
#4462=SURFACE_STYLE_FILL_AREA(#6265);
#4463=ORIENTED_EDGE('',*,*,#6266,.T.);
#4464=ORIENTED_EDGE('',*,*,#6267,.F.);
#4465=ORIENTED_EDGE('',*,*,#6268,.F.);
#4466=ORIENTED_EDGE('',*,*,#6263,.T.);
#4467=SURFACE_STYLE_FILL_AREA(#6269);
#4468=ORIENTED_EDGE('',*,*,#6270,.T.);
#4469=ORIENTED_EDGE('',*,*,#6271,.F.);
#4470=ORIENTED_EDGE('',*,*,#6272,.F.);
#4471=ORIENTED_EDGE('',*,*,#6267,.T.);
#4472=SURFACE_STYLE_FILL_AREA(#6273);
#4473=ORIENTED_EDGE('',*,*,#6274,.T.);
#4474=ORIENTED_EDGE('',*,*,#6275,.F.);
#4475=ORIENTED_EDGE('',*,*,#6276,.F.);
#4476=ORIENTED_EDGE('',*,*,#6271,.T.);
#4477=SURFACE_STYLE_FILL_AREA(#6277);
#4478=ORIENTED_EDGE('',*,*,#6278,.T.);
#4479=ORIENTED_EDGE('',*,*,#6279,.F.);
#4480=ORIENTED_EDGE('',*,*,#6280,.F.);
#4481=ORIENTED_EDGE('',*,*,#6275,.T.);
#4482=CARTESIAN_POINT('',(-1.78729864858811,1.16733870926433,5.75000000000001));
#4483=DIRECTION('',(0.56800380783837,0.823025925643362,-2.90599253427315E-16));
#4484=DIRECTION('',(-5.11614974084835E-16,0.0,-1.0));
#4485=SURFACE_STYLE_FILL_AREA(#6281);
#4486=ORIENTED_EDGE('',*,*,#6282,.T.);
#4487=ORIENTED_EDGE('',*,*,#6283,.F.);
#4488=ORIENTED_EDGE('',*,*,#6284,.F.);
#4489=ORIENTED_EDGE('',*,*,#6279,.T.);
#4490=SURFACE_STYLE_FILL_AREA(#6285);
#4491=ORIENTED_EDGE('',*,*,#6286,.T.);
#4492=ORIENTED_EDGE('',*,*,#6287,.F.);
#4493=ORIENTED_EDGE('',*,*,#6288,.F.);
#4494=ORIENTED_EDGE('',*,*,#6283,.T.);
#4495=SURFACE_STYLE_FILL_AREA(#6289);
#4496=ORIENTED_EDGE('',*,*,#6290,.T.);
#4497=ORIENTED_EDGE('',*,*,#6291,.F.);
#4498=ORIENTED_EDGE('',*,*,#6292,.F.);
#4499=ORIENTED_EDGE('',*,*,#6287,.T.);
#4500=SURFACE_STYLE_FILL_AREA(#6293);
#4501=ORIENTED_EDGE('',*,*,#6294,.T.);
#4502=ORIENTED_EDGE('',*,*,#6295,.F.);
#4503=ORIENTED_EDGE('',*,*,#6296,.F.);
#4504=ORIENTED_EDGE('',*,*,#6291,.T.);
#4505=SURFACE_STYLE_FILL_AREA(#6297);
#4506=ORIENTED_EDGE('',*,*,#6298,.T.);
#4507=ORIENTED_EDGE('',*,*,#6299,.F.);
#4508=ORIENTED_EDGE('',*,*,#6300,.F.);
#4509=ORIENTED_EDGE('',*,*,#6295,.T.);
#4510=SURFACE_STYLE_FILL_AREA(#6301);
#4511=ORIENTED_EDGE('',*,*,#6302,.T.);
#4512=ORIENTED_EDGE('',*,*,#6303,.F.);
#4513=ORIENTED_EDGE('',*,*,#6304,.F.);
#4514=ORIENTED_EDGE('',*,*,#6299,.T.);
#4515=SURFACE_STYLE_FILL_AREA(#6305);
#4516=ORIENTED_EDGE('',*,*,#6306,.T.);
#4517=ORIENTED_EDGE('',*,*,#6307,.F.);
#4518=ORIENTED_EDGE('',*,*,#6308,.F.);
#4519=ORIENTED_EDGE('',*,*,#6303,.T.);
#4520=CARTESIAN_POINT('',(-1.99294381805004,2.15080649027931,5.75000000000001));
#4521=DIRECTION('',(-0.946349856067995,0.323143853291511,4.84166757087414E-16));
#4522=DIRECTION('',(5.11614974084834E-16,0.0,1.0));
#4523=SURFACE_STYLE_FILL_AREA(#6309);
#4524=ORIENTED_EDGE('',*,*,#6310,.T.);
#4525=ORIENTED_EDGE('',*,*,#6252,.F.);
#4526=ORIENTED_EDGE('',*,*,#6311,.F.);
#4527=ORIENTED_EDGE('',*,*,#6307,.T.);
#4528=CARTESIAN_POINT('',(-1.95907284896219,2.250000042608,5.75000000000001));
#4529=DIRECTION('',(-3.71230823859037E-16,1.0,4.20158285991929E-32));
#4530=DIRECTION('',(1.0,3.71230823859037E-16,-0.0));
#4531=SURFACE_STYLE_FILL_AREA(#6312);
#4532=ORIENTED_EDGE('',*,*,#6249,.F.);
#4533=ORIENTED_EDGE('',*,*,#6310,.F.);
#4534=ORIENTED_EDGE('',*,*,#6306,.F.);
#4535=ORIENTED_EDGE('',*,*,#6302,.F.);
#4536=ORIENTED_EDGE('',*,*,#6298,.F.);
#4537=ORIENTED_EDGE('',*,*,#6294,.F.);
#4538=ORIENTED_EDGE('',*,*,#6290,.F.);
#4539=ORIENTED_EDGE('',*,*,#6286,.F.);
#4540=ORIENTED_EDGE('',*,*,#6282,.F.);
#4541=ORIENTED_EDGE('',*,*,#6278,.F.);
#4542=ORIENTED_EDGE('',*,*,#6274,.F.);
#4543=ORIENTED_EDGE('',*,*,#6270,.F.);
#4544=ORIENTED_EDGE('',*,*,#6266,.F.);
#4545=ORIENTED_EDGE('',*,*,#6262,.F.);
#4546=ORIENTED_EDGE('',*,*,#6258,.F.);
#4547=ORIENTED_EDGE('',*,*,#6254,.F.);
#4548=CARTESIAN_POINT('',(-2.43645050340642,1.52196222073626,5.95000000000001));
#4549=DIRECTION('',(5.11614974084834E-16,1.4791141972894E-31,1.0));
#4550=DIRECTION('',(1.0,0.0,-5.11614974084834E-16));
#4551=SURFACE_STYLE_FILL_AREA(#6313);
#4552=ORIENTED_EDGE('',*,*,#6314,.T.);
#4553=ORIENTED_EDGE('',*,*,#6315,.F.);
#4554=ORIENTED_EDGE('',*,*,#6316,.F.);
#4555=ORIENTED_EDGE('',*,*,#6317,.T.);
#4556=CARTESIAN_POINT('',(0.352620791283351,2.250000042608,5.75000000000001));
#4557=DIRECTION('',(1.0,3.71230823859037E-16,-5.11614974084834E-16));
#4558=DIRECTION('',(-5.11614974084834E-16,0.0,-1.0));
#4559=SURFACE_STYLE_FILL_AREA(#6318);
#4560=ORIENTED_EDGE('',*,*,#6319,.T.);
#4561=ORIENTED_EDGE('',*,*,#6320,.F.);
#4562=ORIENTED_EDGE('',*,*,#6321,.F.);
#4563=ORIENTED_EDGE('',*,*,#6315,.T.);
#4564=CARTESIAN_POINT('',(0.352620791283351,2.15927423255127,5.75000000000001));
#4565=DIRECTION('',(3.71230823859037E-16,-1.0,-4.20158285991929E-32));
#4566=DIRECTION('',(0.0,4.20158285991929E-32,-1.0));
#4567=SURFACE_STYLE_FILL_AREA(#6322);
#4568=ORIENTED_EDGE('',*,*,#6323,.T.);
#4569=ORIENTED_EDGE('',*,*,#6324,.F.);
#4570=ORIENTED_EDGE('',*,*,#6325,.F.);
#4571=ORIENTED_EDGE('',*,*,#6320,.T.);
#4572=SURFACE_STYLE_FILL_AREA(#6326);
#4573=ORIENTED_EDGE('',*,*,#6327,.T.);
#4574=ORIENTED_EDGE('',*,*,#6328,.F.);
#4575=ORIENTED_EDGE('',*,*,#6329,.F.);
#4576=ORIENTED_EDGE('',*,*,#6324,.T.);
#4577=CARTESIAN_POINT('',(0.163911106365347,1.96935487016584,5.75000000000001));
#4578=DIRECTION('',(1.0,3.71230823859037E-16,-5.11614974084834E-16));
#4579=DIRECTION('',(-5.11614974084834E-16,0.0,-1.0));
#4580=SURFACE_STYLE_FILL_AREA(#6330);
#4581=ORIENTED_EDGE('',*,*,#6331,.T.);
#4582=ORIENTED_EDGE('',*,*,#6332,.F.);
#4583=ORIENTED_EDGE('',*,*,#6333,.F.);
#4584=ORIENTED_EDGE('',*,*,#6328,.T.);
#4585=SURFACE_STYLE_FILL_AREA(#6334);
#4586=ORIENTED_EDGE('',*,*,#6335,.T.);
#4587=ORIENTED_EDGE('',*,*,#6336,.F.);
#4588=ORIENTED_EDGE('',*,*,#6337,.F.);
#4589=ORIENTED_EDGE('',*,*,#6332,.T.);
#4590=CARTESIAN_POINT('',(0.307862724988697,0.840725793060092,5.75000000000001));
#4591=DIRECTION('',(-3.71230823859037E-16,1.0,4.20158285991929E-32));
#4592=DIRECTION('',(1.0,3.71230823859037E-16,-0.0));
#4593=SURFACE_STYLE_FILL_AREA(#6338);
#4594=ORIENTED_EDGE('',*,*,#6339,.T.);
#4595=ORIENTED_EDGE('',*,*,#6340,.F.);
#4596=ORIENTED_EDGE('',*,*,#6341,.F.);
#4597=ORIENTED_EDGE('',*,*,#6336,.T.);
#4598=CARTESIAN_POINT('',(0.352620791283351,0.840725793060092,5.75000000000001));
#4599=DIRECTION('',(1.0,3.71230823859037E-16,-5.11614974084834E-16));
#4600=DIRECTION('',(-5.11614974084834E-16,0.0,-1.0));
#4601=SURFACE_STYLE_FILL_AREA(#6342);
#4602=ORIENTED_EDGE('',*,*,#6343,.T.);
#4603=ORIENTED_EDGE('',*,*,#6344,.F.);
#4604=ORIENTED_EDGE('',*,*,#6345,.F.);
#4605=ORIENTED_EDGE('',*,*,#6340,.T.);
#4606=CARTESIAN_POINT('',(0.352620791283351,0.749999983003359,5.75000000000001));
#4607=DIRECTION('',(3.71230823859037E-16,-1.0,-4.20158285991929E-32));
#4608=DIRECTION('',(0.0,4.20158285991929E-32,-1.0));
#4609=SURFACE_STYLE_FILL_AREA(#6346);
#4610=ORIENTED_EDGE('',*,*,#6347,.T.);
#4611=ORIENTED_EDGE('',*,*,#6348,.F.);
#4612=ORIENTED_EDGE('',*,*,#6349,.F.);
#4613=ORIENTED_EDGE('',*,*,#6344,.T.);
#4614=CARTESIAN_POINT('',(-0.221976005742622,0.749999983003359,5.75000000000001));
#4615=DIRECTION('',(-1.0,-3.71230823859037E-16,5.11614974084834E-16));
#4616=DIRECTION('',(-3.71230823859037E-16,1.0,0.0));
#4617=SURFACE_STYLE_FILL_AREA(#6350);
#4618=ORIENTED_EDGE('',*,*,#6351,.T.);
#4619=ORIENTED_EDGE('',*,*,#6352,.F.);
#4620=ORIENTED_EDGE('',*,*,#6353,.F.);
#4621=ORIENTED_EDGE('',*,*,#6348,.T.);
#4622=CARTESIAN_POINT('',(-0.221976005742622,0.840725793060092,5.75000000000001));
#4623=DIRECTION('',(-3.71230823859037E-16,1.0,4.20158285991929E-32));
#4624=DIRECTION('',(1.0,3.71230823859037E-16,-0.0));
#4625=SURFACE_STYLE_FILL_AREA(#6354);
#4626=ORIENTED_EDGE('',*,*,#6355,.T.);
#4627=ORIENTED_EDGE('',*,*,#6356,.F.);
#4628=ORIENTED_EDGE('',*,*,#6357,.F.);
#4629=ORIENTED_EDGE('',*,*,#6352,.T.);
#4630=SURFACE_STYLE_FILL_AREA(#6358);
#4631=ORIENTED_EDGE('',*,*,#6359,.T.);
#4632=ORIENTED_EDGE('',*,*,#6360,.F.);
#4633=ORIENTED_EDGE('',*,*,#6361,.F.);
#4634=ORIENTED_EDGE('',*,*,#6356,.T.);
#4635=CARTESIAN_POINT('',(-0.0344759982920411,1.00282257369479,5.75000000000001));
#4636=DIRECTION('',(-1.0,-3.71230823859037E-16,5.11614974084834E-16));
#4637=DIRECTION('',(-3.71230823859037E-16,1.0,0.0));
#4638=SURFACE_STYLE_FILL_AREA(#6362);
#4639=ORIENTED_EDGE('',*,*,#6363,.T.);
#4640=ORIENTED_EDGE('',*,*,#6364,.F.);
#4641=ORIENTED_EDGE('',*,*,#6365,.F.);
#4642=ORIENTED_EDGE('',*,*,#6360,.T.);
#4643=SURFACE_STYLE_FILL_AREA(#6366);
#4644=ORIENTED_EDGE('',*,*,#6367,.T.);
#4645=ORIENTED_EDGE('',*,*,#6368,.F.);
#4646=ORIENTED_EDGE('',*,*,#6369,.F.);
#4647=ORIENTED_EDGE('',*,*,#6364,.T.);
#4648=CARTESIAN_POINT('',(-0.174798584513121,2.15927423255127,5.75000000000001));
#4649=DIRECTION('',(3.71230823859037E-16,-1.0,-4.20158285991929E-32));
#4650=DIRECTION('',(0.0,4.20158285991929E-32,-1.0));
#4651=SURFACE_STYLE_FILL_AREA(#6370);
#4652=ORIENTED_EDGE('',*,*,#6371,.T.);
#4653=ORIENTED_EDGE('',*,*,#6372,.F.);
#4654=ORIENTED_EDGE('',*,*,#6373,.F.);
#4655=ORIENTED_EDGE('',*,*,#6368,.T.);
#4656=CARTESIAN_POINT('',(-0.221976005742622,2.15927423255127,5.75000000000001));
#4657=DIRECTION('',(-1.0,-3.71230823859037E-16,5.11614974084834E-16));
#4658=DIRECTION('',(-3.71230823859037E-16,1.0,0.0));
#4659=SURFACE_STYLE_FILL_AREA(#6374);
#4660=ORIENTED_EDGE('',*,*,#6375,.T.);
#4661=ORIENTED_EDGE('',*,*,#6317,.F.);
#4662=ORIENTED_EDGE('',*,*,#6376,.F.);
#4663=ORIENTED_EDGE('',*,*,#6372,.T.);
#4664=CARTESIAN_POINT('',(-0.221976005742622,2.250000042608,5.75000000000001));
#4665=DIRECTION('',(-3.71230823859037E-16,1.0,4.20158285991929E-32));
#4666=DIRECTION('',(1.0,3.71230823859037E-16,-0.0));
#4667=SURFACE_STYLE_FILL_AREA(#6377);
#4668=ORIENTED_EDGE('',*,*,#6314,.F.);
#4669=ORIENTED_EDGE('',*,*,#6375,.F.);
#4670=ORIENTED_EDGE('',*,*,#6371,.F.);
#4671=ORIENTED_EDGE('',*,*,#6367,.F.);
#4672=ORIENTED_EDGE('',*,*,#6363,.F.);
#4673=ORIENTED_EDGE('',*,*,#6359,.F.);
#4674=ORIENTED_EDGE('',*,*,#6355,.F.);
#4675=ORIENTED_EDGE('',*,*,#6351,.F.);
#4676=ORIENTED_EDGE('',*,*,#6347,.F.);
#4677=ORIENTED_EDGE('',*,*,#6343,.F.);
#4678=ORIENTED_EDGE('',*,*,#6339,.F.);
#4679=ORIENTED_EDGE('',*,*,#6335,.F.);
#4680=ORIENTED_EDGE('',*,*,#6331,.F.);
#4681=ORIENTED_EDGE('',*,*,#6327,.F.);
#4682=ORIENTED_EDGE('',*,*,#6323,.F.);
#4683=ORIENTED_EDGE('',*,*,#6319,.F.);
#4684=CARTESIAN_POINT('',(0.065095288174148,1.50005478469119,5.95000000000001));
#4685=DIRECTION('',(5.11614974084834E-16,1.4791141972894E-31,1.0));
#4686=DIRECTION('',(1.0,0.0,-5.11614974084834E-16));
#4687=SURFACE_STYLE_FILL_AREA(#6378);
#4688=ORIENTED_EDGE('',*,*,#6379,.T.);
#4689=ORIENTED_EDGE('',*,*,#6380,.F.);
#4690=ORIENTED_EDGE('',*,*,#6381,.F.);
#4691=ORIENTED_EDGE('',*,*,#6382,.T.);
#4692=CARTESIAN_POINT('',(3.11310477194287,2.250000042608,5.75000000000001));
#4693=DIRECTION('',(0.943043726467411,0.332668799213963,-4.8247529167749E-16));
#4694=DIRECTION('',(0.0,-1.45031723088397E-15,-1.0));
#4695=SURFACE_STYLE_FILL_AREA(#6383);
#4696=ORIENTED_EDGE('',*,*,#6384,.T.);
#4697=ORIENTED_EDGE('',*,*,#6385,.F.);
#4698=ORIENTED_EDGE('',*,*,#6386,.F.);
#4699=ORIENTED_EDGE('',*,*,#6380,.T.);
#4700=CARTESIAN_POINT('',(3.25221768069652,1.85564518822807,5.75000000000001));
#4701=DIRECTION('',(0.352454989950373,-0.935828766419948,-1.80321250549531E-16));
#4702=DIRECTION('',(0.0,1.92686159070914E-16,-1.0));
#4703=SURFACE_STYLE_FILL_AREA(#6387);
#4704=ORIENTED_EDGE('',*,*,#6388,.T.);
#4705=ORIENTED_EDGE('',*,*,#6389,.F.);
#4706=ORIENTED_EDGE('',*,*,#6390,.F.);
#4707=ORIENTED_EDGE('',*,*,#6385,.T.);
#4708=SURFACE_STYLE_FILL_AREA(#6391);
#4709=ORIENTED_EDGE('',*,*,#6392,.T.);
#4710=ORIENTED_EDGE('',*,*,#6393,.F.);
#4711=ORIENTED_EDGE('',*,*,#6394,.F.);
#4712=ORIENTED_EDGE('',*,*,#6389,.T.);
#4713=CARTESIAN_POINT('',(2.67399185126828,2.13024197333312,5.75000000000001));
#4714=DIRECTION('',(3.71230823859037E-16,-1.0,-4.20158285991929E-32));
#4715=DIRECTION('',(0.0,4.20158285991929E-32,-1.0));
#4716=SURFACE_STYLE_FILL_AREA(#6395);
#4717=ORIENTED_EDGE('',*,*,#6396,.T.);
#4718=ORIENTED_EDGE('',*,*,#6397,.F.);
#4719=ORIENTED_EDGE('',*,*,#6398,.F.);
#4720=ORIENTED_EDGE('',*,*,#6393,.T.);
#4721=CARTESIAN_POINT('',(2.34979828999889,2.13024197333312,5.75000000000001));
#4722=DIRECTION('',(1.0,3.71230823859037E-16,-5.11614974084834E-16));
#4723=DIRECTION('',(-5.11614974084834E-16,0.0,-1.0));
#4724=SURFACE_STYLE_FILL_AREA(#6399);
#4725=ORIENTED_EDGE('',*,*,#6400,.T.);
#4726=ORIENTED_EDGE('',*,*,#6401,.F.);
#4727=ORIENTED_EDGE('',*,*,#6402,.F.);
#4728=ORIENTED_EDGE('',*,*,#6397,.T.);
#4729=CARTESIAN_POINT('',(2.34979828999889,1.55443549883972,5.75000000000001));
#4730=DIRECTION('',(-3.71230823859037E-16,1.0,4.20158285991929E-32));
#4731=DIRECTION('',(1.0,3.71230823859037E-16,-0.0));
#4732=SURFACE_STYLE_FILL_AREA(#6403);
#4733=ORIENTED_EDGE('',*,*,#6404,.T.);
#4734=ORIENTED_EDGE('',*,*,#6405,.F.);
#4735=ORIENTED_EDGE('',*,*,#6406,.F.);
#4736=ORIENTED_EDGE('',*,*,#6401,.T.);
#4737=SURFACE_STYLE_FILL_AREA(#6407);
#4738=ORIENTED_EDGE('',*,*,#6408,.T.);
#4739=ORIENTED_EDGE('',*,*,#6409,.F.);
#4740=ORIENTED_EDGE('',*,*,#6410,.F.);
#4741=ORIENTED_EDGE('',*,*,#6405,.T.);
#4742=CARTESIAN_POINT('',(2.76834669372728,1.78790325005238,5.75000000000001));
#4743=DIRECTION('',(-1.0,-3.71230823859037E-16,5.11614974084834E-16));
#4744=DIRECTION('',(-3.71230823859037E-16,1.0,0.0));
#4745=SURFACE_STYLE_FILL_AREA(#6411);
#4746=ORIENTED_EDGE('',*,*,#6412,.T.);
#4747=ORIENTED_EDGE('',*,*,#6413,.F.);
#4748=ORIENTED_EDGE('',*,*,#6414,.F.);
#4749=ORIENTED_EDGE('',*,*,#6409,.T.);
#4750=CARTESIAN_POINT('',(2.76834669372728,1.82782260647734,5.75000000000001));
#4751=DIRECTION('',(-3.71230823859037E-16,1.0,4.20158285991929E-32));
#4752=DIRECTION('',(1.0,3.71230823859037E-16,-0.0));
#4753=SURFACE_STYLE_FILL_AREA(#6415);
#4754=ORIENTED_EDGE('',*,*,#6416,.T.);
#4755=ORIENTED_EDGE('',*,*,#6417,.F.);
#4756=ORIENTED_EDGE('',*,*,#6418,.F.);
#4757=ORIENTED_EDGE('',*,*,#6413,.T.);
#4758=CARTESIAN_POINT('',(2.87358863339309,1.82782260647734,5.75000000000001));
#4759=DIRECTION('',(1.0,3.71230823859037E-16,-5.11614974084834E-16));
#4760=DIRECTION('',(-5.11614974084834E-16,0.0,-1.0));
#4761=SURFACE_STYLE_FILL_AREA(#6419);
#4762=ORIENTED_EDGE('',*,*,#6420,.T.);
#4763=ORIENTED_EDGE('',*,*,#6421,.F.);
#4764=ORIENTED_EDGE('',*,*,#6422,.F.);
#4765=ORIENTED_EDGE('',*,*,#6417,.T.);
#4766=CARTESIAN_POINT('',(2.87358863339309,1.16975806419918,5.75000000000001));
#4767=DIRECTION('',(3.71230823859037E-16,-1.0,-4.20158285991929E-32));
#4768=DIRECTION('',(0.0,4.20158285991929E-32,-1.0));
#4769=SURFACE_STYLE_FILL_AREA(#6423);
#4770=ORIENTED_EDGE('',*,*,#6424,.T.);
#4771=ORIENTED_EDGE('',*,*,#6425,.F.);
#4772=ORIENTED_EDGE('',*,*,#6426,.F.);
#4773=ORIENTED_EDGE('',*,*,#6421,.T.);
#4774=CARTESIAN_POINT('',(2.76834669372728,1.16975806419918,5.75000000000001));
#4775=DIRECTION('',(-1.0,-3.71230823859037E-16,5.11614974084834E-16));
#4776=DIRECTION('',(-3.71230823859037E-16,1.0,0.0));
#4777=SURFACE_STYLE_FILL_AREA(#6427);
#4778=ORIENTED_EDGE('',*,*,#6428,.T.);
#4779=ORIENTED_EDGE('',*,*,#6429,.F.);
#4780=ORIENTED_EDGE('',*,*,#6430,.F.);
#4781=ORIENTED_EDGE('',*,*,#6425,.T.);
#4782=SURFACE_STYLE_FILL_AREA(#6431);
#4783=ORIENTED_EDGE('',*,*,#6432,.T.);
#4784=ORIENTED_EDGE('',*,*,#6433,.F.);
#4785=ORIENTED_EDGE('',*,*,#6434,.F.);
#4786=ORIENTED_EDGE('',*,*,#6429,.T.);
#4787=CARTESIAN_POINT('',(2.51310474810101,1.44919355917391,5.75000000000001));
#4788=DIRECTION('',(3.71230823859037E-16,-1.0,-4.20158285991929E-32));
#4789=DIRECTION('',(0.0,4.20158285991929E-32,-1.0));
#4790=SURFACE_STYLE_FILL_AREA(#6435);
#4791=ORIENTED_EDGE('',*,*,#6436,.T.);
#4792=ORIENTED_EDGE('',*,*,#6437,.F.);
#4793=ORIENTED_EDGE('',*,*,#6438,.F.);
#4794=ORIENTED_EDGE('',*,*,#6433,.T.);
#4795=CARTESIAN_POINT('',(2.34979828999889,1.44919355917391,5.75000000000001));
#4796=DIRECTION('',(1.0,3.71230823859037E-16,-5.11614974084834E-16));
#4797=DIRECTION('',(-5.11614974084834E-16,0.0,-1.0));
#4798=SURFACE_STYLE_FILL_AREA(#6439);
#4799=ORIENTED_EDGE('',*,*,#6440,.T.);
#4800=ORIENTED_EDGE('',*,*,#6441,.F.);
#4801=ORIENTED_EDGE('',*,*,#6442,.F.);
#4802=ORIENTED_EDGE('',*,*,#6437,.T.);
#4803=SURFACE_STYLE_FILL_AREA(#6443);
#4804=ORIENTED_EDGE('',*,*,#6444,.T.);
#4805=ORIENTED_EDGE('',*,*,#6445,.F.);
#4806=ORIENTED_EDGE('',*,*,#6446,.F.);
#4807=ORIENTED_EDGE('',*,*,#6441,.T.);
#4808=CARTESIAN_POINT('',(2.49737894102451,0.840725793060093,5.75000000000001));
#4809=DIRECTION('',(-3.71230823859037E-16,1.0,4.20158285991929E-32));
#4810=DIRECTION('',(1.0,3.71230823859037E-16,-0.0));
#4811=SURFACE_STYLE_FILL_AREA(#6447);
#4812=ORIENTED_EDGE('',*,*,#6448,.T.);
#4813=ORIENTED_EDGE('',*,*,#6449,.F.);
#4814=ORIENTED_EDGE('',*,*,#6450,.F.);
#4815=ORIENTED_EDGE('',*,*,#6445,.T.);
#4816=CARTESIAN_POINT('',(2.53729829744947,0.840725793060093,5.75000000000001));
#4817=DIRECTION('',(1.0,3.71230823859037E-16,-5.11614974084834E-16));
#4818=DIRECTION('',(-5.11614974084834E-16,0.0,-1.0));
#4819=SURFACE_STYLE_FILL_AREA(#6451);
#4820=ORIENTED_EDGE('',*,*,#6452,.T.);
#4821=ORIENTED_EDGE('',*,*,#6453,.F.);
#4822=ORIENTED_EDGE('',*,*,#6454,.F.);
#4823=ORIENTED_EDGE('',*,*,#6449,.T.);
#4824=CARTESIAN_POINT('',(2.53729829744947,0.74999998300336,5.75000000000001));
#4825=DIRECTION('',(3.71230823859037E-16,-1.0,-4.20158285991929E-32));
#4826=DIRECTION('',(0.0,4.20158285991929E-32,-1.0));
#4827=SURFACE_STYLE_FILL_AREA(#6455);
#4828=ORIENTED_EDGE('',*,*,#6456,.T.);
#4829=ORIENTED_EDGE('',*,*,#6457,.F.);
#4830=ORIENTED_EDGE('',*,*,#6458,.F.);
#4831=ORIENTED_EDGE('',*,*,#6453,.T.);
#4832=CARTESIAN_POINT('',(1.96633053282577,0.749999983003359,5.75000000000001));
#4833=DIRECTION('',(-1.0,-3.71230823859037E-16,5.11614974084834E-16));
#4834=DIRECTION('',(-3.71230823859037E-16,1.0,0.0));
#4835=SURFACE_STYLE_FILL_AREA(#6459);
#4836=ORIENTED_EDGE('',*,*,#6460,.T.);
#4837=ORIENTED_EDGE('',*,*,#6461,.F.);
#4838=ORIENTED_EDGE('',*,*,#6462,.F.);
#4839=ORIENTED_EDGE('',*,*,#6457,.T.);
#4840=CARTESIAN_POINT('',(1.96633053282577,0.840725793060093,5.75000000000001));
#4841=DIRECTION('',(-3.71230823859037E-16,1.0,4.20158285991929E-32));
#4842=DIRECTION('',(1.0,3.71230823859037E-16,-0.0));
#4843=SURFACE_STYLE_FILL_AREA(#6463);
#4844=ORIENTED_EDGE('',*,*,#6464,.T.);
#4845=ORIENTED_EDGE('',*,*,#6465,.F.);
#4846=ORIENTED_EDGE('',*,*,#6466,.F.);
#4847=ORIENTED_EDGE('',*,*,#6461,.T.);
#4848=SURFACE_STYLE_FILL_AREA(#6467);
#4849=ORIENTED_EDGE('',*,*,#6468,.T.);
#4850=ORIENTED_EDGE('',*,*,#6469,.F.);
#4851=ORIENTED_EDGE('',*,*,#6470,.F.);
#4852=ORIENTED_EDGE('',*,*,#6465,.T.);
#4853=CARTESIAN_POINT('',(2.14899183040666,0.993145153955403,5.75000000000001));
#4854=DIRECTION('',(-1.0,-3.71230823859037E-16,5.11614974084834E-16));
#4855=DIRECTION('',(-3.71230823859037E-16,1.0,0.0));
#4856=SURFACE_STYLE_FILL_AREA(#6471);
#4857=ORIENTED_EDGE('',*,*,#6472,.T.);
#4858=ORIENTED_EDGE('',*,*,#6473,.F.);
#4859=ORIENTED_EDGE('',*,*,#6474,.F.);
#4860=ORIENTED_EDGE('',*,*,#6469,.T.);
#4861=SURFACE_STYLE_FILL_AREA(#6475);
#4862=ORIENTED_EDGE('',*,*,#6476,.T.);
#4863=ORIENTED_EDGE('',*,*,#6477,.F.);
#4864=ORIENTED_EDGE('',*,*,#6478,.F.);
#4865=ORIENTED_EDGE('',*,*,#6473,.T.);
#4866=CARTESIAN_POINT('',(2.01713698645754,2.15927423255127,5.75000000000001));
#4867=DIRECTION('',(3.71230823859037E-16,-1.0,-4.20158285991929E-32));
#4868=DIRECTION('',(0.0,4.20158285991929E-32,-1.0));
#4869=SURFACE_STYLE_FILL_AREA(#6479);
#4870=ORIENTED_EDGE('',*,*,#6480,.T.);
#4871=ORIENTED_EDGE('',*,*,#6481,.F.);
#4872=ORIENTED_EDGE('',*,*,#6482,.F.);
#4873=ORIENTED_EDGE('',*,*,#6477,.T.);
#4874=CARTESIAN_POINT('',(1.96633053282577,2.15927423255127,5.75000000000001));
#4875=DIRECTION('',(-1.0,-3.71230823859037E-16,5.11614974084834E-16));
#4876=DIRECTION('',(-3.71230823859037E-16,1.0,0.0));
#4877=SURFACE_STYLE_FILL_AREA(#6483);
#4878=ORIENTED_EDGE('',*,*,#6484,.T.);
#4879=ORIENTED_EDGE('',*,*,#6382,.F.);
#4880=ORIENTED_EDGE('',*,*,#6485,.F.);
#4881=ORIENTED_EDGE('',*,*,#6481,.T.);
#4882=CARTESIAN_POINT('',(1.96633053282577,2.250000042608,5.75000000000001));
#4883=DIRECTION('',(-3.71230823859037E-16,1.0,4.20158285991929E-32));
#4884=DIRECTION('',(1.0,3.71230823859037E-16,-0.0));
#4885=SURFACE_STYLE_FILL_AREA(#6486);
#4886=ORIENTED_EDGE('',*,*,#6379,.F.);
#4887=ORIENTED_EDGE('',*,*,#6484,.F.);
#4888=ORIENTED_EDGE('',*,*,#6480,.F.);
#4889=ORIENTED_EDGE('',*,*,#6476,.F.);
#4890=ORIENTED_EDGE('',*,*,#6472,.F.);
#4891=ORIENTED_EDGE('',*,*,#6468,.F.);
#4892=ORIENTED_EDGE('',*,*,#6464,.F.);
#4893=ORIENTED_EDGE('',*,*,#6460,.F.);
#4894=ORIENTED_EDGE('',*,*,#6456,.F.);
#4895=ORIENTED_EDGE('',*,*,#6452,.F.);
#4896=ORIENTED_EDGE('',*,*,#6448,.F.);
#4897=ORIENTED_EDGE('',*,*,#6444,.F.);
#4898=ORIENTED_EDGE('',*,*,#6440,.F.);
#4899=ORIENTED_EDGE('',*,*,#6436,.F.);
#4900=ORIENTED_EDGE('',*,*,#6432,.F.);
#4901=ORIENTED_EDGE('',*,*,#6428,.F.);
#4902=ORIENTED_EDGE('',*,*,#6424,.F.);
#4903=ORIENTED_EDGE('',*,*,#6420,.F.);
#4904=ORIENTED_EDGE('',*,*,#6416,.F.);
#4905=ORIENTED_EDGE('',*,*,#6412,.F.);
#4906=ORIENTED_EDGE('',*,*,#6408,.F.);
#4907=ORIENTED_EDGE('',*,*,#6404,.F.);
#4908=ORIENTED_EDGE('',*,*,#6400,.F.);
#4909=ORIENTED_EDGE('',*,*,#6396,.F.);
#4910=ORIENTED_EDGE('',*,*,#6392,.F.);
#4911=ORIENTED_EDGE('',*,*,#6388,.F.);
#4912=ORIENTED_EDGE('',*,*,#6384,.F.);
#4913=CARTESIAN_POINT('',(2.5174216178439,1.62519898110111,5.95000000000001));
#4914=DIRECTION('',(5.11614974084834E-16,1.4791141972894E-31,1.0));
#4915=DIRECTION('',(1.0,0.0,-5.11614974084834E-16));
#4916=SURFACE_STYLE_FILL_AREA(#6487);
#4917=ORIENTED_EDGE('',*,*,#6488,.F.);
#4918=ORIENTED_EDGE('',*,*,#6489,.F.);
#4919=ORIENTED_EDGE('',*,*,#6490,.F.);
#4920=ORIENTED_EDGE('',*,*,#6491,.T.);
#4921=CARTESIAN_POINT('',(-2.74999999999999,1.49999999999999,6.00000000000001));
#4922=DIRECTION('',(5.11614974084834E-16,1.4791141972894E-31,1.0));
#4923=DIRECTION('',(3.71230823859037E-16,-1.0,-4.20158285991929E-32));
#4924=SURFACE_STYLE_FILL_AREA(#6492);
#4925=ORIENTED_EDGE('',*,*,#6493,.F.);
#4926=ORIENTED_EDGE('',*,*,#6491,.F.);
#4927=ORIENTED_EDGE('',*,*,#6494,.F.);
#4928=ORIENTED_EDGE('',*,*,#6495,.T.);
#4929=CARTESIAN_POINT('',(-2.74999999999999,0.399999999999996,6.00000000000001));
#4930=DIRECTION('',(3.71230823859037E-16,-1.0,-4.20158285991929E-32));
#4931=DIRECTION('',(0.0,4.20158285991929E-32,-1.0));
#4932=SURFACE_STYLE_FILL_AREA(#6496);
#4933=ORIENTED_EDGE('',*,*,#6497,.F.);
#4934=ORIENTED_EDGE('',*,*,#6495,.F.);
#4935=ORIENTED_EDGE('',*,*,#6498,.F.);
#4936=ORIENTED_EDGE('',*,*,#6499,.T.);
#4937=CARTESIAN_POINT('',(2.75000000000001,1.5,6.0));
#4938=DIRECTION('',(5.11614974084834E-16,1.4791141972894E-31,1.0));
#4939=DIRECTION('',(1.33416005516035E-16,1.0,-2.16169045933528E-31));
#4940=SURFACE_STYLE_FILL_AREA(#6500);
#4941=ORIENTED_EDGE('',*,*,#6501,.F.);
#4942=ORIENTED_EDGE('',*,*,#6499,.F.);
#4943=ORIENTED_EDGE('',*,*,#6502,.F.);
#4944=ORIENTED_EDGE('',*,*,#6489,.T.);
#4945=CARTESIAN_POINT('',(2.75000000000001,2.6,6.0));
#4946=DIRECTION('',(-3.71230823859037E-16,1.0,4.20158285991929E-32));
#4947=DIRECTION('',(1.0,3.71230823859037E-16,-0.0));
#4948=SURFACE_STYLE_FILL_AREA(#6503);
#4949=ORIENTED_EDGE('',*,*,#6488,.T.);
#4950=ORIENTED_EDGE('',*,*,#6493,.T.);
#4951=ORIENTED_EDGE('',*,*,#6497,.T.);
#4952=ORIENTED_EDGE('',*,*,#6501,.T.);
#4953=ORIENTED_EDGE('',*,*,#6061,.T.);
#4954=ORIENTED_EDGE('',*,*,#6066,.T.);
#4955=ORIENTED_EDGE('',*,*,#6070,.T.);
#4956=ORIENTED_EDGE('',*,*,#6074,.T.);
#4957=ORIENTED_EDGE('',*,*,#6078,.T.);
#4958=ORIENTED_EDGE('',*,*,#6082,.T.);
#4959=ORIENTED_EDGE('',*,*,#6086,.T.);
#4960=ORIENTED_EDGE('',*,*,#6090,.T.);
#4961=ORIENTED_EDGE('',*,*,#6094,.T.);
#4962=ORIENTED_EDGE('',*,*,#6098,.T.);
#4963=ORIENTED_EDGE('',*,*,#6102,.T.);
#4964=ORIENTED_EDGE('',*,*,#6106,.T.);
#4965=ORIENTED_EDGE('',*,*,#6110,.T.);
#4966=ORIENTED_EDGE('',*,*,#6114,.T.);
#4967=ORIENTED_EDGE('',*,*,#6118,.T.);
#4968=ORIENTED_EDGE('',*,*,#6122,.T.);
#4969=ORIENTED_EDGE('',*,*,#6126,.T.);
#4970=ORIENTED_EDGE('',*,*,#6130,.T.);
#4971=ORIENTED_EDGE('',*,*,#6134,.T.);
#4972=ORIENTED_EDGE('',*,*,#6138,.T.);
#4973=ORIENTED_EDGE('',*,*,#6142,.T.);
#4974=ORIENTED_EDGE('',*,*,#6146,.T.);
#4975=ORIENTED_EDGE('',*,*,#6150,.T.);
#4976=ORIENTED_EDGE('',*,*,#6154,.T.);
#4977=ORIENTED_EDGE('',*,*,#6158,.T.);
#4978=ORIENTED_EDGE('',*,*,#6162,.T.);
#4979=ORIENTED_EDGE('',*,*,#6165,.T.);
#4980=ORIENTED_EDGE('',*,*,#6170,.T.);
#4981=ORIENTED_EDGE('',*,*,#6175,.T.);
#4982=ORIENTED_EDGE('',*,*,#6179,.T.);
#4983=ORIENTED_EDGE('',*,*,#6183,.T.);
#4984=ORIENTED_EDGE('',*,*,#6187,.T.);
#4985=ORIENTED_EDGE('',*,*,#6191,.T.);
#4986=ORIENTED_EDGE('',*,*,#6195,.T.);
#4987=ORIENTED_EDGE('',*,*,#6199,.T.);
#4988=ORIENTED_EDGE('',*,*,#6203,.T.);
#4989=ORIENTED_EDGE('',*,*,#6207,.T.);
#4990=ORIENTED_EDGE('',*,*,#6211,.T.);
#4991=ORIENTED_EDGE('',*,*,#6215,.T.);
#4992=ORIENTED_EDGE('',*,*,#6219,.T.);
#4993=ORIENTED_EDGE('',*,*,#6223,.T.);
#4994=ORIENTED_EDGE('',*,*,#6227,.T.);
#4995=ORIENTED_EDGE('',*,*,#6231,.T.);
#4996=ORIENTED_EDGE('',*,*,#6235,.T.);
#4997=ORIENTED_EDGE('',*,*,#6239,.T.);
#4998=ORIENTED_EDGE('',*,*,#6243,.T.);
#4999=ORIENTED_EDGE('',*,*,#6246,.T.);
#5000=ORIENTED_EDGE('',*,*,#6251,.T.);
#5001=ORIENTED_EDGE('',*,*,#6256,.T.);
#5002=ORIENTED_EDGE('',*,*,#6260,.T.);
#5003=ORIENTED_EDGE('',*,*,#6264,.T.);
#5004=ORIENTED_EDGE('',*,*,#6268,.T.);
#5005=ORIENTED_EDGE('',*,*,#6272,.T.);
#5006=ORIENTED_EDGE('',*,*,#6276,.T.);
#5007=ORIENTED_EDGE('',*,*,#6280,.T.);
#5008=ORIENTED_EDGE('',*,*,#6284,.T.);
#5009=ORIENTED_EDGE('',*,*,#6288,.T.);
#5010=ORIENTED_EDGE('',*,*,#6292,.T.);
#5011=ORIENTED_EDGE('',*,*,#6296,.T.);
#5012=ORIENTED_EDGE('',*,*,#6300,.T.);
#5013=ORIENTED_EDGE('',*,*,#6304,.T.);
#5014=ORIENTED_EDGE('',*,*,#6308,.T.);
#5015=ORIENTED_EDGE('',*,*,#6311,.T.);
#5016=ORIENTED_EDGE('',*,*,#6316,.T.);
#5017=ORIENTED_EDGE('',*,*,#6321,.T.);
#5018=ORIENTED_EDGE('',*,*,#6325,.T.);
#5019=ORIENTED_EDGE('',*,*,#6329,.T.);
#5020=ORIENTED_EDGE('',*,*,#6333,.T.);
#5021=ORIENTED_EDGE('',*,*,#6337,.T.);
#5022=ORIENTED_EDGE('',*,*,#6341,.T.);
#5023=ORIENTED_EDGE('',*,*,#6345,.T.);
#5024=ORIENTED_EDGE('',*,*,#6349,.T.);
#5025=ORIENTED_EDGE('',*,*,#6353,.T.);
#5026=ORIENTED_EDGE('',*,*,#6357,.T.);
#5027=ORIENTED_EDGE('',*,*,#6361,.T.);
#5028=ORIENTED_EDGE('',*,*,#6365,.T.);
#5029=ORIENTED_EDGE('',*,*,#6369,.T.);
#5030=ORIENTED_EDGE('',*,*,#6373,.T.);
#5031=ORIENTED_EDGE('',*,*,#6376,.T.);
#5032=ORIENTED_EDGE('',*,*,#6381,.T.);
#5033=ORIENTED_EDGE('',*,*,#6386,.T.);
#5034=ORIENTED_EDGE('',*,*,#6390,.T.);
#5035=ORIENTED_EDGE('',*,*,#6394,.T.);
#5036=ORIENTED_EDGE('',*,*,#6398,.T.);
#5037=ORIENTED_EDGE('',*,*,#6402,.T.);
#5038=ORIENTED_EDGE('',*,*,#6406,.T.);
#5039=ORIENTED_EDGE('',*,*,#6410,.T.);
#5040=ORIENTED_EDGE('',*,*,#6414,.T.);
#5041=ORIENTED_EDGE('',*,*,#6418,.T.);
#5042=ORIENTED_EDGE('',*,*,#6422,.T.);
#5043=ORIENTED_EDGE('',*,*,#6426,.T.);
#5044=ORIENTED_EDGE('',*,*,#6430,.T.);
#5045=ORIENTED_EDGE('',*,*,#6434,.T.);
#5046=ORIENTED_EDGE('',*,*,#6438,.T.);
#5047=ORIENTED_EDGE('',*,*,#6442,.T.);
#5048=ORIENTED_EDGE('',*,*,#6446,.T.);
#5049=ORIENTED_EDGE('',*,*,#6450,.T.);
#5050=ORIENTED_EDGE('',*,*,#6454,.T.);
#5051=ORIENTED_EDGE('',*,*,#6458,.T.);
#5052=ORIENTED_EDGE('',*,*,#6462,.T.);
#5053=ORIENTED_EDGE('',*,*,#6466,.T.);
#5054=ORIENTED_EDGE('',*,*,#6470,.T.);
#5055=ORIENTED_EDGE('',*,*,#6474,.T.);
#5056=ORIENTED_EDGE('',*,*,#6478,.T.);
#5057=ORIENTED_EDGE('',*,*,#6482,.T.);
#5058=ORIENTED_EDGE('',*,*,#6485,.T.);
#5059=CARTESIAN_POINT('',(5.19882222266583E-15,1.5,5.75000000000001));
#5060=DIRECTION('',(5.11614974084834E-16,-1.88943595945756E-30,1.0));
#5061=DIRECTION('',(1.0,0.0,-5.11614974084834E-16));
#5062=SURFACE_STYLE_FILL_AREA(#6504);
#5063=ORIENTED_EDGE('',*,*,#5767,.T.);
#5064=ORIENTED_EDGE('',*,*,#6505,.T.);
#5065=ORIENTED_EDGE('',*,*,#6506,.T.);
#5066=ORIENTED_EDGE('',*,*,#6507,.T.);
#5067=CARTESIAN_POINT('',(-5.5,4.74999999999999,5.50000000000001));
#5068=DIRECTION('',(-3.71230823859037E-16,1.0,-2.95822839457879E-31));
#5069=DIRECTION('',(-0.707106781186549,-2.62499832936194E-16,0.707106781186546));
#5070=SURFACE_STYLE_FILL_AREA(#6508);
#5071=ORIENTED_EDGE('',*,*,#6507,.F.);
#5072=ORIENTED_EDGE('',*,*,#6509,.F.);
#5073=ORIENTED_EDGE('',*,*,#6510,.T.);
#5074=ORIENTED_EDGE('',*,*,#6511,.F.);
#5075=ORIENTED_EDGE('',*,*,#5768,.F.);
#5076=CARTESIAN_POINT('',(-4.77654674518688,2.99999999999998,4.77654674518688));
#5077=DIRECTION('',(-4.19409245492884E-16,1.0,7.33399184958269E-16));
#5078=DIRECTION('',(0.0,7.33399184958269E-16,-1.0));
#5079=SURFACE_STYLE_FILL_AREA(#6512);
#5080=ORIENTED_EDGE('',*,*,#6506,.F.);
#5081=ORIENTED_EDGE('',*,*,#6513,.T.);
#5082=ORIENTED_EDGE('',*,*,#6514,.F.);
#5083=ORIENTED_EDGE('',*,*,#6515,.T.);
#5084=ORIENTED_EDGE('',*,*,#6516,.T.);
#5085=ORIENTED_EDGE('',*,*,#5684,.F.);
#5086=ORIENTED_EDGE('',*,*,#6517,.F.);
#5087=ORIENTED_EDGE('',*,*,#6509,.T.);
#5088=ORIENTED_EDGE('',*,*,#6490,.T.);
#5089=ORIENTED_EDGE('',*,*,#6502,.T.);
#5090=ORIENTED_EDGE('',*,*,#6498,.T.);
#5091=ORIENTED_EDGE('',*,*,#6494,.T.);
#5092=ORIENTED_EDGE('',*,*,#6518,.T.);
#5093=ORIENTED_EDGE('',*,*,#6519,.T.);
#5094=ORIENTED_EDGE('',*,*,#6520,.T.);
#5095=ORIENTED_EDGE('',*,*,#6521,.T.);
#5096=CARTESIAN_POINT('',(5.8835722019756E-15,-1.23928645123783E-14,6.00000000000001));
#5097=DIRECTION('',(5.11614974084834E-16,1.4791141972894E-31,1.0));
#5098=DIRECTION('',(1.0,0.0,-5.11614974084834E-16));
#5099=SURFACE_STYLE_FILL_AREA(#6522);
#5100=ORIENTED_EDGE('',*,*,#5762,.T.);
#5101=ORIENTED_EDGE('',*,*,#6523,.T.);
#5102=ORIENTED_EDGE('',*,*,#6514,.T.);
#5103=ORIENTED_EDGE('',*,*,#6524,.T.);
#5104=CARTESIAN_POINT('',(5.5,4.74999999999999,5.5));
#5105=DIRECTION('',(3.71230823859037E-16,-1.0,-5.91645678915759E-31));
#5106=DIRECTION('',(0.70710678118655,2.62499832936194E-16,0.707106781186546));
#5107=SURFACE_STYLE_FILL_AREA(#6525);
#5108=ORIENTED_EDGE('',*,*,#5765,.F.);
#5109=ORIENTED_EDGE('',*,*,#6526,.F.);
#5110=ORIENTED_EDGE('',*,*,#6527,.T.);
#5111=ORIENTED_EDGE('',*,*,#6515,.F.);
#5112=ORIENTED_EDGE('',*,*,#6523,.F.);
#5113=CARTESIAN_POINT('',(4.77654674518689,2.99999999999999,4.77654674518688));
#5114=DIRECTION('',(-3.23052402225199E-16,1.0,7.33399184958256E-16));
#5115=DIRECTION('',(0.0,7.33399184958256E-16,-1.0));
#5116=SURFACE_STYLE_FILL_AREA(#6528);
#5117=ORIENTED_EDGE('',*,*,#5757,.T.);
#5118=ORIENTED_EDGE('',*,*,#6529,.F.);
#5119=ORIENTED_EDGE('',*,*,#5759,.T.);
#5120=ORIENTED_EDGE('',*,*,#5891,.T.);
#5121=CARTESIAN_POINT('',(2.72811019917378E-15,8.5,6.00000000000001));
#5122=DIRECTION('',(5.11614974084834E-16,1.4791141972894E-31,1.0));
#5123=DIRECTION('',(-1.0,-3.71230823859037E-16,5.11614974084834E-16));
#5124=SURFACE_STYLE_FILL_AREA(#6530);
#5125=ORIENTED_EDGE('',*,*,#5752,.T.);
#5126=ORIENTED_EDGE('',*,*,#6531,.F.);
#5127=ORIENTED_EDGE('',*,*,#5754,.T.);
#5128=ORIENTED_EDGE('',*,*,#5889,.T.);
#5129=CARTESIAN_POINT('',(7.79148373913836E-16,13.75,6.00000000000001));
#5130=DIRECTION('',(5.11614974084834E-16,1.4791141972894E-31,1.0));
#5131=DIRECTION('',(-1.0,-3.71230823859037E-16,5.11614974084834E-16));
#5132=SURFACE_STYLE_FILL_AREA(#6532);
#5133=ORIENTED_EDGE('',*,*,#5748,.T.);
#5134=ORIENTED_EDGE('',*,*,#6533,.T.);
#5135=ORIENTED_EDGE('',*,*,#5708,.T.);
#5136=ORIENTED_EDGE('',*,*,#6534,.T.);
#5137=ORIENTED_EDGE('',*,*,#6535,.T.);
#5138=ORIENTED_EDGE('',*,*,#5745,.T.);
#5139=ORIENTED_EDGE('',*,*,#6042,.T.);
#5140=SURFACE_STYLE_FILL_AREA(#6536);
#5141=ORIENTED_EDGE('',*,*,#5747,.T.);
#5142=ORIENTED_EDGE('',*,*,#6537,.T.);
#5143=ORIENTED_EDGE('',*,*,#6538,.T.);
#5144=ORIENTED_EDGE('',*,*,#6533,.F.);
#5145=CARTESIAN_POINT('',(-2.5,15.1363636363636,0.500000000000006));
#5146=DIRECTION('',(-3.71230823859037E-16,1.0,7.39557098644698E-32));
#5147=DIRECTION('',(0.707106781186548,2.62499832936194E-16,0.707106781186548));
#5148=SURFACE_STYLE_FILL_AREA(#6539);
#5149=ORIENTED_EDGE('',*,*,#5742,.T.);
#5150=ORIENTED_EDGE('',*,*,#6535,.F.);
#5151=ORIENTED_EDGE('',*,*,#6540,.T.);
#5152=ORIENTED_EDGE('',*,*,#6541,.T.);
#5153=CARTESIAN_POINT('',(-3.5,12.1363636363636,0.500000000000007));
#5154=DIRECTION('',(3.71230823859037E-16,-1.0,1.72563323017096E-31));
#5155=DIRECTION('',(-0.707106781186546,-2.62499832936193E-16,0.707106781186549));
#5156=SURFACE_STYLE_FILL_AREA(#6542);
#5157=ORIENTED_EDGE('',*,*,#5738,.T.);
#5158=ORIENTED_EDGE('',*,*,#6543,.T.);
#5159=ORIENTED_EDGE('',*,*,#6544,.T.);
#5160=ORIENTED_EDGE('',*,*,#5705,.T.);
#5161=ORIENTED_EDGE('',*,*,#6537,.F.);
#5162=ORIENTED_EDGE('',*,*,#5750,.F.);
#5163=ORIENTED_EDGE('',*,*,#6047,.T.);
#5164=CARTESIAN_POINT('',(-1.0,15.0,0.500000000000005));
#5165=DIRECTION('',(-4.9960036108132E-16,-1.4791141972894E-31,-1.0));
#5166=DIRECTION('',(-1.0,0.0,4.9960036108132E-16));
#5167=SURFACE_STYLE_FILL_AREA(#6545);
#5168=ORIENTED_EDGE('',*,*,#6546,.T.);
#5169=ORIENTED_EDGE('',*,*,#5735,.T.);
#5170=ORIENTED_EDGE('',*,*,#6043,.T.);
#5171=ORIENTED_EDGE('',*,*,#5743,.F.);
#5172=ORIENTED_EDGE('',*,*,#6541,.F.);
#5173=ORIENTED_EDGE('',*,*,#5713,.T.);
#5174=ORIENTED_EDGE('',*,*,#6547,.T.);
#5175=SURFACE_STYLE_FILL_AREA(#6548);
#5176=ORIENTED_EDGE('',*,*,#5737,.T.);
#5177=ORIENTED_EDGE('',*,*,#6549,.T.);
#5178=ORIENTED_EDGE('',*,*,#6550,.T.);
#5179=ORIENTED_EDGE('',*,*,#6543,.F.);
#5180=CARTESIAN_POINT('',(0.999999999999997,16.5,0.500000000000005));
#5181=DIRECTION('',(1.0,3.71230823859037E-16,-5.11614974084834E-16));
#5182=DIRECTION('',(6.24266250468159E-16,-0.707106781186549,0.707106781186546));
#5183=SURFACE_STYLE_FILL_AREA(#6551);
#5184=ORIENTED_EDGE('',*,*,#5732,.T.);
#5185=ORIENTED_EDGE('',*,*,#6546,.F.);
#5186=ORIENTED_EDGE('',*,*,#6552,.T.);
#5187=ORIENTED_EDGE('',*,*,#6553,.T.);
#5188=CARTESIAN_POINT('',(-2.0,17.5,0.500000000000006));
#5189=DIRECTION('',(-1.0,-3.71230823859037E-16,5.11614974084834E-16));
#5190=DIRECTION('',(9.92665845957735E-17,0.707106781186546,0.707106781186549));
#5191=SURFACE_STYLE_FILL_AREA(#6554);
#5192=ORIENTED_EDGE('',*,*,#5728,.T.);
#5193=ORIENTED_EDGE('',*,*,#6555,.T.);
#5194=ORIENTED_EDGE('',*,*,#6556,.T.);
#5195=ORIENTED_EDGE('',*,*,#5695,.T.);
#5196=ORIENTED_EDGE('',*,*,#6549,.F.);
#5197=ORIENTED_EDGE('',*,*,#5740,.F.);
#5198=ORIENTED_EDGE('',*,*,#6046,.T.);
#5199=CARTESIAN_POINT('',(0.999999999999998,15.0,0.500000000000005));
#5200=DIRECTION('',(-4.9960036108132E-16,-1.4791141972894E-31,-1.0));
#5201=DIRECTION('',(-1.0,0.0,4.9960036108132E-16));
#5202=SURFACE_STYLE_FILL_AREA(#6557);
#5203=ORIENTED_EDGE('',*,*,#6558,.T.);
#5204=ORIENTED_EDGE('',*,*,#5725,.T.);
#5205=ORIENTED_EDGE('',*,*,#6044,.T.);
#5206=ORIENTED_EDGE('',*,*,#5733,.F.);
#5207=ORIENTED_EDGE('',*,*,#6553,.F.);
#5208=ORIENTED_EDGE('',*,*,#5718,.T.);
#5209=ORIENTED_EDGE('',*,*,#6559,.T.);
#5210=SURFACE_STYLE_FILL_AREA(#6560);
#5211=ORIENTED_EDGE('',*,*,#5727,.T.);
#5212=ORIENTED_EDGE('',*,*,#6561,.T.);
#5213=ORIENTED_EDGE('',*,*,#6562,.T.);
#5214=ORIENTED_EDGE('',*,*,#6555,.F.);
#5215=CARTESIAN_POINT('',(2.5,12.1363636363636,0.500000000000004));
#5216=DIRECTION('',(3.71230823859037E-16,-1.0,-2.71170936169723E-31));
#5217=DIRECTION('',(-0.707106781186547,-2.62499832936194E-16,0.707106781186548));
#5218=SURFACE_STYLE_FILL_AREA(#6563);
#5219=ORIENTED_EDGE('',*,*,#5722,.T.);
#5220=ORIENTED_EDGE('',*,*,#6558,.F.);
#5221=ORIENTED_EDGE('',*,*,#6564,.T.);
#5222=ORIENTED_EDGE('',*,*,#6565,.T.);
#5223=CARTESIAN_POINT('',(3.5,16.1363636363636,0.500000000000003));
#5224=DIRECTION('',(-3.01841884819965E-16,1.0,-6.93889390390725E-17));
#5225=DIRECTION('',(0.707106781186548,2.62499832936194E-16,0.707106781186547));
#5226=SURFACE_STYLE_FILL_AREA(#6566);
#5227=ORIENTED_EDGE('',*,*,#5730,.F.);
#5228=ORIENTED_EDGE('',*,*,#6045,.T.);
#5229=ORIENTED_EDGE('',*,*,#5723,.F.);
#5230=ORIENTED_EDGE('',*,*,#6565,.F.);
#5231=ORIENTED_EDGE('',*,*,#5698,.T.);
#5232=ORIENTED_EDGE('',*,*,#6567,.T.);
#5233=ORIENTED_EDGE('',*,*,#6561,.F.);
#5234=SURFACE_STYLE_FILL_AREA(#6568);
#5235=ORIENTED_EDGE('',*,*,#6564,.F.);
#5236=ORIENTED_EDGE('',*,*,#6569,.F.);
#5237=ORIENTED_EDGE('',*,*,#6570,.F.);
#5238=ORIENTED_EDGE('',*,*,#5699,.F.);
#5239=CARTESIAN_POINT('',(3.99999999999999,18.0,-5.5));
#5240=DIRECTION('',(1.0,2.32452945780892E-16,-5.11614974084834E-16));
#5241=DIRECTION('',(-5.11614974084834E-16,0.0,-1.0));
#5242=SURFACE_STYLE_FILL_AREA(#6571);
#5243=ORIENTED_EDGE('',*,*,#5717,.T.);
#5244=ORIENTED_EDGE('',*,*,#6572,.T.);
#5245=ORIENTED_EDGE('',*,*,#6569,.T.);
#5246=ORIENTED_EDGE('',*,*,#6559,.F.);
#5247=CARTESIAN_POINT('',(3.0,17.0,-5.5));
#5248=DIRECTION('',(-5.11614974084834E-16,-2.95822839457879E-31,-1.0));
#5249=DIRECTION('',(0.707106781186547,0.707106781186548,-3.61766417531966E-16));
#5250=SURFACE_STYLE_FILL_AREA(#6573);
#5251=ORIENTED_EDGE('',*,*,#6552,.F.);
#5252=ORIENTED_EDGE('',*,*,#6574,.F.);
#5253=ORIENTED_EDGE('',*,*,#6575,.F.);
#5254=ORIENTED_EDGE('',*,*,#5719,.F.);
#5255=CARTESIAN_POINT('',(-4.00000000000001,18.0,-5.49999999999999));
#5256=DIRECTION('',(-3.71230823859037E-16,1.0,4.20158285991929E-32));
#5257=DIRECTION('',(1.0,3.71230823859037E-16,-0.0));
#5258=SURFACE_STYLE_FILL_AREA(#6576);
#5259=ORIENTED_EDGE('',*,*,#5712,.T.);
#5260=ORIENTED_EDGE('',*,*,#6577,.T.);
#5261=ORIENTED_EDGE('',*,*,#6574,.T.);
#5262=ORIENTED_EDGE('',*,*,#6547,.F.);
#5263=CARTESIAN_POINT('',(-3.00000000000001,17.0,-5.49999999999999));
#5264=DIRECTION('',(-5.11614974084834E-16,9.86076131526265E-32,-1.0));
#5265=DIRECTION('',(-0.707106781186547,0.707106781186548,3.61766417531966E-16));
#5266=SURFACE_STYLE_FILL_AREA(#6578);
#5267=ORIENTED_EDGE('',*,*,#6540,.F.);
#5268=ORIENTED_EDGE('',*,*,#6579,.F.);
#5269=ORIENTED_EDGE('',*,*,#6580,.F.);
#5270=ORIENTED_EDGE('',*,*,#5714,.F.);
#5271=CARTESIAN_POINT('',(-4.00000000000001,10.0,-5.49999999999999));
#5272=DIRECTION('',(-1.0,-3.71230823859037E-16,5.11614974084834E-16));
#5273=DIRECTION('',(-3.71230823859037E-16,1.0,0.0));
#5274=SURFACE_STYLE_FILL_AREA(#6581);
#5275=ORIENTED_EDGE('',*,*,#5707,.T.);
#5276=ORIENTED_EDGE('',*,*,#6582,.T.);
#5277=ORIENTED_EDGE('',*,*,#6579,.T.);
#5278=ORIENTED_EDGE('',*,*,#6534,.F.);
#5279=CARTESIAN_POINT('',(-3.0,11.0,-5.49999999999999));
#5280=DIRECTION('',(-5.11614974084834E-16,9.86076131526265E-32,-1.0));
#5281=DIRECTION('',(0.707106781186547,-0.707106781186548,-3.61766417531966E-16));
#5282=SURFACE_STYLE_FILL_AREA(#6583);
#5283=ORIENTED_EDGE('',*,*,#5985,.T.);
#5284=ORIENTED_EDGE('',*,*,#5994,.T.);
#5285=ORIENTED_EDGE('',*,*,#5990,.T.);
#5286=CARTESIAN_POINT('',(-2.25053472877476E-15,14.2727272727273,1.00000000000001));
#5287=DIRECTION('',(5.11614974084834E-16,1.4791141972894E-31,1.0));
#5288=DIRECTION('',(1.0,0.0,-5.11614974084834E-16));
#5289=SURFACE_STYLE_FILL_AREA(#6584);
#5290=ORIENTED_EDGE('',*,*,#5702,.T.);
#5291=ORIENTED_EDGE('',*,*,#6544,.F.);
#5292=ORIENTED_EDGE('',*,*,#6585,.T.);
#5293=ORIENTED_EDGE('',*,*,#6586,.T.);
#5294=CARTESIAN_POINT('',(-1.0,15.0,-5.49999999999999));
#5295=DIRECTION('',(-5.11614974084834E-16,9.86076131526265E-32,-1.0));
#5296=DIRECTION('',(-0.707106781186547,0.707106781186548,3.61766417531966E-16));
#5297=SURFACE_STYLE_FILL_AREA(#6587);
#5298=ORIENTED_EDGE('',*,*,#6538,.F.);
#5299=ORIENTED_EDGE('',*,*,#5704,.F.);
#5300=ORIENTED_EDGE('',*,*,#6588,.F.);
#5301=ORIENTED_EDGE('',*,*,#5709,.F.);
#5302=CARTESIAN_POINT('',(-2.00000000000001,16.0,-5.49999999999999));
#5303=DIRECTION('',(1.0,3.71230823859037E-16,-5.11614974084834E-16));
#5304=DIRECTION('',(-5.11614974084834E-16,0.0,-1.0));
#5305=SURFACE_STYLE_FILL_AREA(#6589);
#5306=ORIENTED_EDGE('',*,*,#6590,.F.);
#5307=ORIENTED_EDGE('',*,*,#6591,.T.);
#5308=ORIENTED_EDGE('',*,*,#6592,.F.);
#5309=ORIENTED_EDGE('',*,*,#5690,.F.);
#5310=ORIENTED_EDGE('',*,*,#6593,.T.);
#5311=ORIENTED_EDGE('',*,*,#6594,.T.);
#5312=ORIENTED_EDGE('',*,*,#6595,.T.);
#5313=ORIENTED_EDGE('',*,*,#6596,.T.);
#5314=ORIENTED_EDGE('',*,*,#5678,.F.);
#5315=ORIENTED_EDGE('',*,*,#5808,.T.);
#5316=ORIENTED_EDGE('',*,*,#5812,.T.);
#5317=ORIENTED_EDGE('',*,*,#5852,.T.);
#5318=ORIENTED_EDGE('',*,*,#5833,.T.);
#5319=ORIENTED_EDGE('',*,*,#5981,.T.);
#5320=ORIENTED_EDGE('',*,*,#5938,.T.);
#5321=ORIENTED_EDGE('',*,*,#5845,.T.);
#5322=ORIENTED_EDGE('',*,*,#5863,.T.);
#5323=ORIENTED_EDGE('',*,*,#5838,.T.);
#5324=ORIENTED_EDGE('',*,*,#5972,.T.);
#5325=ORIENTED_EDGE('',*,*,#5858,.T.);
#5326=ORIENTED_EDGE('',*,*,#5883,.T.);
#5327=ORIENTED_EDGE('',*,*,#5969,.T.);
#5328=ORIENTED_EDGE('',*,*,#5942,.T.);
#5329=ORIENTED_EDGE('',*,*,#5877,.T.);
#5330=ORIENTED_EDGE('',*,*,#5873,.T.);
#5331=ORIENTED_EDGE('',*,*,#5866,.T.);
#5332=ORIENTED_EDGE('',*,*,#5975,.T.);
#5333=ORIENTED_EDGE('',*,*,#6049,.T.);
#5334=ORIENTED_EDGE('',*,*,#5785,.T.);
#5335=ORIENTED_EDGE('',*,*,#6053,.T.);
#5336=ORIENTED_EDGE('',*,*,#5780,.T.);
#5337=ORIENTED_EDGE('',*,*,#6057,.T.);
#5338=ORIENTED_EDGE('',*,*,#5775,.T.);
#5339=ORIENTED_EDGE('',*,*,#6586,.F.);
#5340=ORIENTED_EDGE('',*,*,#6597,.T.);
#5341=ORIENTED_EDGE('',*,*,#5693,.F.);
#5342=ORIENTED_EDGE('',*,*,#6598,.F.);
#5343=ORIENTED_EDGE('',*,*,#6599,.T.);
#5344=ORIENTED_EDGE('',*,*,#6600,.F.);
#5345=ORIENTED_EDGE('',*,*,#5700,.F.);
#5346=ORIENTED_EDGE('',*,*,#6570,.T.);
#5347=ORIENTED_EDGE('',*,*,#6572,.F.);
#5348=ORIENTED_EDGE('',*,*,#5720,.F.);
#5349=ORIENTED_EDGE('',*,*,#6575,.T.);
#5350=ORIENTED_EDGE('',*,*,#6577,.F.);
#5351=ORIENTED_EDGE('',*,*,#5715,.F.);
#5352=ORIENTED_EDGE('',*,*,#6580,.T.);
#5353=ORIENTED_EDGE('',*,*,#6582,.F.);
#5354=ORIENTED_EDGE('',*,*,#5710,.F.);
#5355=ORIENTED_EDGE('',*,*,#6588,.T.);
#5356=ORIENTED_EDGE('',*,*,#5703,.F.);
#5357=CARTESIAN_POINT('',(-7.0533856533217E-15,19.0,-5.49999999999999));
#5358=DIRECTION('',(-5.11614974084834E-16,-1.4791141972894E-31,-1.0));
#5359=DIRECTION('',(-1.0,0.0,5.11614974084834E-16));
#5360=SURFACE_STYLE_FILL_AREA(#6601);
#5361=ORIENTED_EDGE('',*,*,#5697,.T.);
#5362=ORIENTED_EDGE('',*,*,#6600,.T.);
#5363=ORIENTED_EDGE('',*,*,#6602,.T.);
#5364=ORIENTED_EDGE('',*,*,#6567,.F.);
#5365=CARTESIAN_POINT('',(3.0,11.0,-5.5));
#5366=DIRECTION('',(-5.11614974084834E-16,-2.95822839457879E-31,-1.0));
#5367=DIRECTION('',(-0.707106781186547,-0.707106781186548,3.61766417531966E-16));
#5368=SURFACE_STYLE_FILL_AREA(#6603);
#5369=ORIENTED_EDGE('',*,*,#6562,.F.);
#5370=ORIENTED_EDGE('',*,*,#6602,.F.);
#5371=ORIENTED_EDGE('',*,*,#6599,.F.);
#5372=ORIENTED_EDGE('',*,*,#6604,.F.);
#5373=CARTESIAN_POINT('',(2.0,10.0,-5.5));
#5374=DIRECTION('',(-1.0,-3.71230823859037E-16,5.11614974084834E-16));
#5375=DIRECTION('',(-3.71230823859037E-16,1.0,0.0));
#5376=SURFACE_STYLE_FILL_AREA(#6605);
#5377=ORIENTED_EDGE('',*,*,#5692,.T.);
#5378=ORIENTED_EDGE('',*,*,#6556,.F.);
#5379=ORIENTED_EDGE('',*,*,#6604,.T.);
#5380=ORIENTED_EDGE('',*,*,#6598,.T.);
#5381=CARTESIAN_POINT('',(0.999999999999995,15.0,-5.49999999999999));
#5382=DIRECTION('',(-5.11614974084834E-16,-2.95822839457879E-31,-1.0));
#5383=DIRECTION('',(0.707106781186547,0.707106781186548,-3.61766417531966E-16));
#5384=SURFACE_STYLE_FILL_AREA(#6606);
#5385=ORIENTED_EDGE('',*,*,#6550,.F.);
#5386=ORIENTED_EDGE('',*,*,#5694,.F.);
#5387=ORIENTED_EDGE('',*,*,#6597,.F.);
#5388=ORIENTED_EDGE('',*,*,#6585,.F.);
#5389=CARTESIAN_POINT('',(1.99999999999999,16.0,-5.5));
#5390=DIRECTION('',(3.71230823859037E-16,-1.0,-4.20158285991929E-32));
#5391=DIRECTION('',(0.0,4.20158285991929E-32,-1.0));
#5392=SURFACE_STYLE_FILL_AREA(#6607);
#5393=ORIENTED_EDGE('',*,*,#5687,.T.);
#5394=ORIENTED_EDGE('',*,*,#6592,.T.);
#5395=ORIENTED_EDGE('',*,*,#6608,.T.);
#5396=ORIENTED_EDGE('',*,*,#6609,.T.);
#5397=CARTESIAN_POINT('',(4.5,17.5,3.12500000000001));
#5398=DIRECTION('',(8.01238371813135E-16,-2.89623397728302E-16,1.0));
#5399=DIRECTION('',(0.707106781186548,0.707106781186547,-3.61766417531966E-16));
#5400=SURFACE_STYLE_FILL_AREA(#6610);
#5401=ORIENTED_EDGE('',*,*,#6611,.T.);
#5402=ORIENTED_EDGE('',*,*,#5685,.T.);
#5403=ORIENTED_EDGE('',*,*,#6612,.T.);
#5404=ORIENTED_EDGE('',*,*,#5688,.F.);
#5405=ORIENTED_EDGE('',*,*,#6609,.F.);
#5406=ORIENTED_EDGE('',*,*,#6613,.T.);
#5407=CARTESIAN_POINT('',(2.0,17.5,2.0));
#5408=DIRECTION('',(-3.71230823859037E-16,1.0,2.06074504049434E-31));
#5409=DIRECTION('',(5.55111512312578E-16,4.37905770101505E-47,1.0));
#5410=SURFACE_STYLE_FILL_AREA(#6614);
#5411=ORIENTED_EDGE('',*,*,#5682,.T.);
#5412=ORIENTED_EDGE('',*,*,#6611,.F.);
#5413=ORIENTED_EDGE('',*,*,#6615,.T.);
#5414=ORIENTED_EDGE('',*,*,#6616,.T.);
#5415=CARTESIAN_POINT('',(-1.3803896766848E-15,17.5,4.50000000000001));
#5416=DIRECTION('',(-1.0,-3.71230823859037E-16,5.11614974084834E-16));
#5417=DIRECTION('',(9.9266584595772E-17,0.707106781186547,0.707106781186547));
#5418=SURFACE_STYLE_FILL_AREA(#6617);
#5419=ORIENTED_EDGE('',*,*,#6618,.T.);
#5420=ORIENTED_EDGE('',*,*,#5680,.T.);
#5421=ORIENTED_EDGE('',*,*,#6619,.T.);
#5422=ORIENTED_EDGE('',*,*,#5683,.F.);
#5423=ORIENTED_EDGE('',*,*,#6616,.F.);
#5424=ORIENTED_EDGE('',*,*,#6620,.T.);
#5425=CARTESIAN_POINT('',(-2.0,17.5,2.00000000000001));
#5426=DIRECTION('',(-3.71230823859037E-16,1.0,2.06074504049434E-31));
#5427=DIRECTION('',(5.55111512312578E-16,4.37905770101505E-47,1.0));
#5428=SURFACE_STYLE_FILL_AREA(#6621);
#5429=ORIENTED_EDGE('',*,*,#5677,.T.);
#5430=ORIENTED_EDGE('',*,*,#6618,.F.);
#5431=ORIENTED_EDGE('',*,*,#6622,.T.);
#5432=ORIENTED_EDGE('',*,*,#6590,.T.);
#5433=CARTESIAN_POINT('',(-4.5,17.5,3.12500000000001));
#5434=DIRECTION('',(-9.62140259439971E-16,1.02977208081174E-15,-1.0));
#5435=DIRECTION('',(-0.707106781186548,0.707106781186547,1.40849472332115E-15));
#5436=SURFACE_STYLE_FILL_AREA(#6623);
#5437=ORIENTED_EDGE('',*,*,#6622,.F.);
#5438=ORIENTED_EDGE('',*,*,#6620,.F.);
#5439=ORIENTED_EDGE('',*,*,#6615,.F.);
#5440=ORIENTED_EDGE('',*,*,#6613,.F.);
#5441=ORIENTED_EDGE('',*,*,#6608,.F.);
#5442=ORIENTED_EDGE('',*,*,#6591,.F.);
#5443=CARTESIAN_POINT('',(-1.16981345134611E-15,19.0,6.00000000000001));
#5444=DIRECTION('',(-3.71230823859037E-16,1.0,5.79246795456603E-16));
#5445=DIRECTION('',(0.0,5.79246795456603E-16,-1.0));
#5446=SURFACE_STYLE_FILL_AREA(#6624);
#5447=ORIENTED_EDGE('',*,*,#6625,.F.);
#5448=ORIENTED_EDGE('',*,*,#6626,.F.);
#5449=ORIENTED_EDGE('',*,*,#6518,.F.);
#5450=ORIENTED_EDGE('',*,*,#6627,.T.);
#5451=CARTESIAN_POINT('',(5.32325651923508E-15,4.5,6.00000000000001));
#5452=DIRECTION('',(5.11614974084834E-16,1.4791141972894E-31,1.0));
#5453=DIRECTION('',(-1.0,-1.15648231731818E-18,5.11614974084834E-16));
#5454=SURFACE_STYLE_FILL_AREA(#6628);
#5455=ORIENTED_EDGE('',*,*,#6629,.F.);
#5456=ORIENTED_EDGE('',*,*,#6627,.F.);
#5457=ORIENTED_EDGE('',*,*,#6521,.F.);
#5458=ORIENTED_EDGE('',*,*,#6630,.T.);
#5459=CARTESIAN_POINT('',(1.50000000000001,4.5,6.00000000000001));
#5460=DIRECTION('',(1.0,3.71230823859037E-16,-5.11614974084834E-16));
#5461=DIRECTION('',(-5.11614974084834E-16,0.0,-1.0));
#5462=SURFACE_STYLE_FILL_AREA(#6631);
#5463=ORIENTED_EDGE('',*,*,#6632,.F.);
#5464=ORIENTED_EDGE('',*,*,#6630,.F.);
#5465=ORIENTED_EDGE('',*,*,#6520,.F.);
#5466=ORIENTED_EDGE('',*,*,#6633,.T.);
#5467=CARTESIAN_POINT('',(3.46016350603599E-15,15.5,6.00000000000001));
#5468=DIRECTION('',(5.11614974084834E-16,1.4791141972894E-31,1.0));
#5469=DIRECTION('',(1.0,3.71230823859037E-16,-5.11614974084834E-16));
#5470=SURFACE_STYLE_FILL_AREA(#6634);
#5471=ORIENTED_EDGE('',*,*,#6635,.F.);
#5472=ORIENTED_EDGE('',*,*,#6633,.F.);
#5473=ORIENTED_EDGE('',*,*,#6519,.F.);
#5474=ORIENTED_EDGE('',*,*,#6626,.T.);
#5475=CARTESIAN_POINT('',(-1.5,15.5,6.00000000000001));
#5476=DIRECTION('',(-1.0,-1.18907409171501E-16,5.11614974084834E-16));
#5477=DIRECTION('',(-1.18907409171501E-16,1.0,0.0));
#5478=SURFACE_STYLE_FILL_AREA(#6636);
#5479=ORIENTED_EDGE('',*,*,#6625,.T.);
#5480=ORIENTED_EDGE('',*,*,#6629,.T.);
#5481=ORIENTED_EDGE('',*,*,#6632,.T.);
#5482=ORIENTED_EDGE('',*,*,#6635,.T.);
#5483=ORIENTED_EDGE('',*,*,#6529,.T.);
#5484=ORIENTED_EDGE('',*,*,#5760,.T.);
#5485=ORIENTED_EDGE('',*,*,#6531,.T.);
#5486=ORIENTED_EDGE('',*,*,#5755,.T.);
#5487=CARTESIAN_POINT('',(4.57035149988056E-15,10.0,5.75000000000001));
#5488=DIRECTION('',(5.11614974084834E-16,-1.4994086408206E-30,1.0));
#5489=DIRECTION('',(1.0,0.0,-5.11614974084834E-16));
#5490=SURFACE_STYLE_FILL_AREA(#6637);
#5491=ORIENTED_EDGE('',*,*,#6612,.F.);
#5492=ORIENTED_EDGE('',*,*,#6516,.F.);
#5493=ORIENTED_EDGE('',*,*,#6527,.F.);
#5494=ORIENTED_EDGE('',*,*,#6638,.T.);
#5495=CARTESIAN_POINT('',(2.0,19.0,2.00000000000001));
#5496=DIRECTION('',(-3.71230823859037E-16,1.0,5.55111512312578E-16));
#5497=DIRECTION('',(-5.11614974084834E-16,5.55111512312578E-16,-1.0));
#5498=SURFACE_STYLE_FILL_AREA(#6639);
#5499=ORIENTED_EDGE('',*,*,#6619,.F.);
#5500=ORIENTED_EDGE('',*,*,#6640,.F.);
#5501=ORIENTED_EDGE('',*,*,#6510,.F.);
#5502=ORIENTED_EDGE('',*,*,#6517,.T.);
#5503=CARTESIAN_POINT('',(-2.0,19.0,2.00000000000001));
#5504=DIRECTION('',(-3.71230823859037E-16,1.0,5.55111512312578E-16));
#5505=DIRECTION('',(1.0,3.71230823859037E-16,-5.11614974084834E-16));
#5506=SURFACE_STYLE_FILL_AREA(#6641);
#5507=ORIENTED_EDGE('',*,*,#5764,.F.);
#5508=ORIENTED_EDGE('',*,*,#6642,.F.);
#5509=ORIENTED_EDGE('',*,*,#6593,.F.);
#5510=ORIENTED_EDGE('',*,*,#5689,.F.);
#5511=ORIENTED_EDGE('',*,*,#6638,.F.);
#5512=ORIENTED_EDGE('',*,*,#6526,.T.);
#5513=CARTESIAN_POINT('',(6.0,9.49999999999999,0.250000000000002));
#5514=DIRECTION('',(1.0,3.71230823859037E-16,-5.11614974084834E-16));
#5515=DIRECTION('',(-5.11614974084834E-16,0.0,-1.0));
#5516=SURFACE_STYLE_FILL_AREA(#6643);
#5517=ORIENTED_EDGE('',*,*,#5671,.T.);
#5518=ORIENTED_EDGE('',*,*,#6644,.F.);
#5519=ORIENTED_EDGE('',*,*,#5674,.T.);
#5520=ORIENTED_EDGE('',*,*,#5814,.T.);
#5521=ORIENTED_EDGE('',*,*,#5803,.T.);
#5522=CARTESIAN_POINT('',(8.0111138914931E-15,-14.0,5.55111512312578E-15));
#5523=DIRECTION('',(3.71230823859037E-16,-1.0,-4.20158285991929E-32));
#5524=DIRECTION('',(-1.0,-3.71230823859037E-16,5.11614974084834E-16));
#5525=SURFACE_STYLE_FILL_AREA(#6645);
#5526=ORIENTED_EDGE('',*,*,#5666,.T.);
#5527=ORIENTED_EDGE('',*,*,#6646,.T.);
#5528=ORIENTED_EDGE('',*,*,#5668,.T.);
#5529=ORIENTED_EDGE('',*,*,#5664,.T.);
#5530=CARTESIAN_POINT('',(7.91830618552834E-15,-13.75,5.55111512312578E-15));
#5531=DIRECTION('',(3.71230823859037E-16,-1.0,-1.89927248328133E-31));
#5532=DIRECTION('',(-5.11614974084834E-16,2.18952885050753E-47,-1.0));
#5533=SURFACE_STYLE_FILL_AREA(#6647);
#5534=ORIENTED_EDGE('',*,*,#5661,.T.);
#5535=ORIENTED_EDGE('',*,*,#5667,.F.);
#5536=ORIENTED_EDGE('',*,*,#5663,.F.);
#5537=ORIENTED_EDGE('',*,*,#5638,.T.);
#5538=CARTESIAN_POINT('',(4.4287364412534E-15,-4.35,5.55111512312578E-15));
#5539=DIRECTION('',(-3.71230823859037E-16,1.0,4.20158285991929E-32));
#5540=DIRECTION('',(5.11614974084834E-16,1.4791141972894E-31,1.0));
#5541=SURFACE_STYLE_FILL_AREA(#6648);
#5542=ORIENTED_EDGE('',*,*,#5669,.F.);
#5543=ORIENTED_EDGE('',*,*,#6646,.F.);
#5544=ORIENTED_EDGE('',*,*,#6644,.T.);
#5545=ORIENTED_EDGE('',*,*,#5675,.T.);
#5546=CARTESIAN_POINT('',(8.0111138914931E-15,-14.0,5.55111512312578E-15));
#5547=DIRECTION('',(3.71230823859037E-16,-1.0,-4.20158285991929E-32));
#5548=DIRECTION('',(0.0,4.20158285991929E-32,-1.0));
#5549=SURFACE_STYLE_FILL_AREA(#6649);
#5550=ORIENTED_EDGE('',*,*,#5656,.T.);
#5551=ORIENTED_EDGE('',*,*,#6650,.T.);
#5552=ORIENTED_EDGE('',*,*,#5658,.T.);
#5553=ORIENTED_EDGE('',*,*,#5652,.T.);
#5554=CARTESIAN_POINT('',(7.91830618552834E-15,-13.75,5.55111512312578E-15));
#5555=DIRECTION('',(-3.71230823859037E-16,1.0,1.89927248328133E-31));
#5556=DIRECTION('',(5.11614974084834E-16,-2.18952885050753E-47,1.0));
#5557=SURFACE_STYLE_FILL_AREA(#6651);
#5558=ORIENTED_EDGE('',*,*,#6652,.F.);
#5559=ORIENTED_EDGE('',*,*,#5647,.F.);
#5560=ORIENTED_EDGE('',*,*,#5659,.F.);
#5561=ORIENTED_EDGE('',*,*,#6650,.F.);
#5562=CARTESIAN_POINT('',(8.0111138914931E-15,-14.0,5.55111512312578E-15));
#5563=DIRECTION('',(3.71230823859037E-16,-1.0,-4.20158285991929E-32));
#5564=DIRECTION('',(0.0,4.20158285991929E-32,-1.0));
#5565=SURFACE_STYLE_FILL_AREA(#6653);
#5566=ORIENTED_EDGE('',*,*,#5651,.T.);
#5567=ORIENTED_EDGE('',*,*,#5636,.F.);
#5568=ORIENTED_EDGE('',*,*,#5653,.T.);
#5569=ORIENTED_EDGE('',*,*,#5657,.F.);
#5570=CARTESIAN_POINT('',(4.4287364412534E-15,-4.35000000000001,5.55111512312578E-15));
#5571=DIRECTION('',(-3.71230823859037E-16,1.0,4.20158285991928E-32));
#5572=DIRECTION('',(5.11614974084834E-16,1.4791141972894E-31,1.0));
#5573=SURFACE_STYLE_FILL_AREA(#6654);
#5574=ORIENTED_EDGE('',*,*,#5646,.T.);
#5575=ORIENTED_EDGE('',*,*,#5643,.T.);
#5576=ORIENTED_EDGE('',*,*,#6655,.T.);
#5577=ORIENTED_EDGE('',*,*,#5648,.T.);
#5578=ORIENTED_EDGE('',*,*,#6652,.T.);
#5579=CARTESIAN_POINT('',(7.91830618552834E-15,-13.75,5.55111512312578E-15));
#5580=DIRECTION('',(-3.71230823859037E-16,1.0,1.89927248328133E-31));
#5581=DIRECTION('',(5.11614974084834E-16,0.0,1.0));
#5582=SURFACE_STYLE_FILL_AREA(#6656);
#5583=ORIENTED_EDGE('',*,*,#5640,.T.);
#5584=ORIENTED_EDGE('',*,*,#5649,.F.);
#5585=ORIENTED_EDGE('',*,*,#6655,.F.);
#5586=ORIENTED_EDGE('',*,*,#5642,.T.);
#5587=ORIENTED_EDGE('',*,*,#6657,.F.);
#5588=ORIENTED_EDGE('',*,*,#6658,.F.);
#5589=CARTESIAN_POINT('',(2.81388235746659E-15,-3.51108031537706E-15,5.55111512312578E-15));
#5590=DIRECTION('',(-3.71230823859037E-16,1.0,4.20158285991929E-32));
#5591=DIRECTION('',(1.0,3.71230823859037E-16,-5.11614974084834E-16));
#5592=SURFACE_STYLE_FILL_AREA(#6659);
#5593=ORIENTED_EDGE('',*,*,#5635,.T.);
#5594=ORIENTED_EDGE('',*,*,#5662,.F.);
#5595=ORIENTED_EDGE('',*,*,#5637,.T.);
#5596=ORIENTED_EDGE('',*,*,#5654,.T.);
#5597=CARTESIAN_POINT('',(8.46358991013693E-16,5.29999999999999,5.55111512312578E-15));
#5598=DIRECTION('',(3.71230823859037E-16,-1.0,-1.89927248328133E-31));
#5599=DIRECTION('',(-5.11614974084834E-16,2.18952885050753E-47,-1.0));
#5600=SURFACE_STYLE_FILL_AREA(#6660);
#5601=ORIENTED_EDGE('',*,*,#5770,.F.);
#5602=ORIENTED_EDGE('',*,*,#6661,.T.);
#5603=ORIENTED_EDGE('',*,*,#6595,.F.);
#5604=ORIENTED_EDGE('',*,*,#6657,.T.);
#5605=ORIENTED_EDGE('',*,*,#5641,.T.);
#5606=ORIENTED_EDGE('',*,*,#6658,.T.);
#5607=ORIENTED_EDGE('',*,*,#6594,.F.);
#5608=ORIENTED_EDGE('',*,*,#6642,.T.);
#5609=ORIENTED_EDGE('',*,*,#5763,.F.);
#5610=ORIENTED_EDGE('',*,*,#6524,.F.);
#5611=ORIENTED_EDGE('',*,*,#6513,.F.);
#5612=ORIENTED_EDGE('',*,*,#6505,.F.);
#5613=CARTESIAN_POINT('',(1.04028278940324E-45,-3.51108031537706E-15,-5.49999999999999));
#5614=DIRECTION('',(3.71230823859036E-16,-1.0,-7.72329060608804E-16));
#5615=DIRECTION('',(0.0,7.72329060608804E-16,-1.0));
#5616=SURFACE_STYLE_FILL_AREA(#6662);
#5617=ORIENTED_EDGE('',*,*,#5769,.F.);
#5618=ORIENTED_EDGE('',*,*,#6511,.T.);
#5619=ORIENTED_EDGE('',*,*,#6640,.T.);
#5620=ORIENTED_EDGE('',*,*,#5679,.F.);
#5621=ORIENTED_EDGE('',*,*,#6596,.F.);
#5622=ORIENTED_EDGE('',*,*,#6661,.F.);
#5623=CARTESIAN_POINT('',(-6.0,9.49999999999999,0.25000000000001));
#5624=DIRECTION('',(1.0,3.71230823859037E-16,-5.11614974084834E-16));
#5625=DIRECTION('',(-5.11614974084834E-16,0.0,-1.0));
#5626=SURFACE_STYLE_FILL_AREA(#6663);
#5627=FILL_AREA_STYLE('',(#6664));
#5628=EDGE_CURVE('',#6665,#6666,#6667,.T.);
#5629=EDGE_CURVE('',#6665,#6668,#6669,.T.);
#5630=EDGE_CURVE('',#6668,#6670,#6671,.T.);
#5631=EDGE_CURVE('',#6670,#6672,#6673,.T.);
#5632=EDGE_CURVE('',#6672,#6674,#6675,.T.);
#5633=EDGE_CURVE('',#6674,#6666,#6676,.T.);
#5634=FILL_AREA_STYLE('',(#6677));
#5635=EDGE_CURVE('',#6678,#6679,#6680,.T.);
#5636=EDGE_CURVE('',#6678,#6681,#6682,.T.);
#5637=EDGE_CURVE('',#6683,#6681,#6684,.T.);
#5638=EDGE_CURVE('',#6679,#6683,#6685,.T.);
#5639=FILL_AREA_STYLE('',(#6686));
#5640=EDGE_CURVE('',#6687,#6688,#6689,.T.);
#5641=EDGE_CURVE('',#6690,#6687,#6691,.T.);
#5642=EDGE_CURVE('',#6692,#6690,#6693,.T.);
#5643=EDGE_CURVE('',#6694,#6692,#6695,.T.);
#5644=EDGE_CURVE('',#6688,#6694,#6696,.T.);
#5645=FILL_AREA_STYLE('',(#6697));
#5646=EDGE_CURVE('',#6698,#6694,#6699,.T.);
#5647=EDGE_CURVE('',#6698,#6700,#6701,.T.);
#5648=EDGE_CURVE('',#6702,#6700,#6703,.T.);
#5649=EDGE_CURVE('',#6702,#6688,#6704,.T.);
#5650=FILL_AREA_STYLE('',(#6705));
#5651=EDGE_CURVE('',#6706,#6681,#6707,.T.);
#5652=EDGE_CURVE('',#6708,#6706,#6709,.T.);
#5653=EDGE_CURVE('',#6678,#6708,#6710,.T.);
#5654=EDGE_CURVE('',#6681,#6678,#6711,.T.);
#5655=FILL_AREA_STYLE('',(#6712));
#5656=EDGE_CURVE('',#6706,#6713,#6714,.T.);
#5657=EDGE_CURVE('',#6706,#6708,#6715,.T.);
#5658=EDGE_CURVE('',#6716,#6708,#6717,.T.);
#5659=EDGE_CURVE('',#6716,#6713,#6718,.T.);
#5660=FILL_AREA_STYLE('',(#6719));
#5661=EDGE_CURVE('',#6683,#6720,#6721,.T.);
#5662=EDGE_CURVE('',#6683,#6679,#6722,.T.);
#5663=EDGE_CURVE('',#6679,#6723,#6724,.T.);
#5664=EDGE_CURVE('',#6720,#6723,#6725,.T.);
#5665=FILL_AREA_STYLE('',(#6726));
#5666=EDGE_CURVE('',#6723,#6727,#6728,.T.);
#5667=EDGE_CURVE('',#6723,#6720,#6729,.T.);
#5668=EDGE_CURVE('',#6730,#6720,#6731,.T.);
#5669=EDGE_CURVE('',#6730,#6727,#6732,.T.);
#5670=FILL_AREA_STYLE('',(#6733));
#5671=EDGE_CURVE('',#6734,#6735,#6736,.T.);
#5672=EDGE_CURVE('',#6734,#6737,#6738,.T.);
#5673=EDGE_CURVE('',#6737,#6739,#6740,.T.);
#5674=EDGE_CURVE('',#6741,#6739,#6742,.T.);
#5675=EDGE_CURVE('',#6735,#6741,#6743,.T.);
#5676=FILL_AREA_STYLE('',(#6744));
#5677=EDGE_CURVE('',#6745,#6746,#6747,.T.);
#5678=EDGE_CURVE('',#6745,#6748,#6749,.T.);
#5679=EDGE_CURVE('',#6748,#6750,#6751,.T.);
#5680=EDGE_CURVE('',#6746,#6750,#6752,.T.);
#5681=FILL_AREA_STYLE('',(#6753));
#5682=EDGE_CURVE('',#6754,#6755,#6756,.T.);
#5683=EDGE_CURVE('',#6754,#6757,#6758,.T.);
#5684=EDGE_CURVE('',#6757,#6759,#6760,.T.);
#5685=EDGE_CURVE('',#6755,#6759,#6761,.T.);
#5686=FILL_AREA_STYLE('',(#6762));
#5687=EDGE_CURVE('',#6763,#6764,#6765,.T.);
#5688=EDGE_CURVE('',#6763,#6766,#6767,.T.);
#5689=EDGE_CURVE('',#6766,#6768,#6769,.T.);
#5690=EDGE_CURVE('',#6768,#6764,#6770,.T.);
#5691=FILL_AREA_STYLE('',(#6771));
#5692=EDGE_CURVE('',#6772,#6773,#6774,.T.);
#5693=EDGE_CURVE('',#6772,#6775,#6776,.T.);
#5694=EDGE_CURVE('',#6775,#6777,#6778,.T.);
#5695=EDGE_CURVE('',#6773,#6777,#6779,.T.);
#5696=FILL_AREA_STYLE('',(#6780));
#5697=EDGE_CURVE('',#6781,#6782,#6783,.T.);
#5698=EDGE_CURVE('',#6784,#6781,#6785,.T.);
#5699=EDGE_CURVE('',#6784,#6786,#6787,.T.);
#5700=EDGE_CURVE('',#6786,#6782,#6788,.T.);
#5701=FILL_AREA_STYLE('',(#6789));
#5702=EDGE_CURVE('',#6790,#6791,#6792,.T.);
#5703=EDGE_CURVE('',#6790,#6793,#6794,.T.);
#5704=EDGE_CURVE('',#6793,#6795,#6796,.T.);
#5705=EDGE_CURVE('',#6791,#6795,#6797,.T.);
#5706=FILL_AREA_STYLE('',(#6798));
#5707=EDGE_CURVE('',#6799,#6800,#6801,.T.);
#5708=EDGE_CURVE('',#6802,#6799,#6803,.T.);
#5709=EDGE_CURVE('',#6802,#6804,#6805,.T.);
#5710=EDGE_CURVE('',#6804,#6800,#6806,.T.);
#5711=FILL_AREA_STYLE('',(#6807));
#5712=EDGE_CURVE('',#6808,#6809,#6810,.T.);
#5713=EDGE_CURVE('',#6811,#6808,#6812,.T.);
#5714=EDGE_CURVE('',#6811,#6813,#6814,.T.);
#5715=EDGE_CURVE('',#6813,#6809,#6815,.T.);
#5716=FILL_AREA_STYLE('',(#6816));
#5717=EDGE_CURVE('',#6817,#6818,#6819,.T.);
#5718=EDGE_CURVE('',#6820,#6817,#6821,.T.);
#5719=EDGE_CURVE('',#6820,#6822,#6823,.T.);
#5720=EDGE_CURVE('',#6822,#6818,#6824,.T.);
#5721=FILL_AREA_STYLE('',(#6825));
#5722=EDGE_CURVE('',#6826,#6827,#6828,.T.);
#5723=EDGE_CURVE('',#6826,#6829,#6830,.T.);
#5724=EDGE_CURVE('',#6829,#6831,#6832,.T.);
#5725=EDGE_CURVE('',#6827,#6831,#6833,.T.);
#5726=FILL_AREA_STYLE('',(#6834));
#5727=EDGE_CURVE('',#6835,#6836,#6837,.T.);
#5728=EDGE_CURVE('',#6838,#6835,#6839,.T.);
#5729=EDGE_CURVE('',#6838,#6840,#6841,.T.);
#5730=EDGE_CURVE('',#6840,#6836,#6842,.T.);
#5731=FILL_AREA_STYLE('',(#6843));
#5732=EDGE_CURVE('',#6844,#6845,#6846,.T.);
#5733=EDGE_CURVE('',#6844,#6847,#6848,.T.);
#5734=EDGE_CURVE('',#6847,#6849,#6850,.T.);
#5735=EDGE_CURVE('',#6845,#6849,#6851,.T.);
#5736=FILL_AREA_STYLE('',(#6852));
#5737=EDGE_CURVE('',#6853,#6854,#6855,.T.);
#5738=EDGE_CURVE('',#6856,#6853,#6857,.T.);
#5739=EDGE_CURVE('',#6856,#6858,#6859,.T.);
#5740=EDGE_CURVE('',#6858,#6854,#6860,.T.);
#5741=FILL_AREA_STYLE('',(#6861));
#5742=EDGE_CURVE('',#6862,#6863,#6864,.T.);
#5743=EDGE_CURVE('',#6862,#6865,#6866,.T.);
#5744=EDGE_CURVE('',#6865,#6867,#6868,.T.);
#5745=EDGE_CURVE('',#6863,#6867,#6869,.T.);
#5746=FILL_AREA_STYLE('',(#6870));
#5747=EDGE_CURVE('',#6871,#6872,#6873,.T.);
#5748=EDGE_CURVE('',#6874,#6871,#6875,.T.);
#5749=EDGE_CURVE('',#6874,#6876,#6877,.T.);
#5750=EDGE_CURVE('',#6876,#6872,#6878,.T.);
#5751=FILL_AREA_STYLE('',(#6879));
#5752=EDGE_CURVE('',#6880,#6881,#6882,.T.);
#5753=EDGE_CURVE('',#6880,#6883,#6884,.T.);
#5754=EDGE_CURVE('',#6885,#6883,#6886,.T.);
#5755=EDGE_CURVE('',#6881,#6885,#6887,.T.);
#5756=FILL_AREA_STYLE('',(#6888));
#5757=EDGE_CURVE('',#6889,#6890,#6891,.T.);
#5758=EDGE_CURVE('',#6889,#6892,#6893,.T.);
#5759=EDGE_CURVE('',#6894,#6892,#6895,.T.);
#5760=EDGE_CURVE('',#6890,#6894,#6896,.T.);
#5761=FILL_AREA_STYLE('',(#6897));
#5762=EDGE_CURVE('',#6898,#6899,#6900,.T.);
#5763=EDGE_CURVE('',#6898,#6901,#6902,.T.);
#5764=EDGE_CURVE('',#6901,#6903,#6904,.T.);
#5765=EDGE_CURVE('',#6903,#6899,#6905,.T.);
#5766=FILL_AREA_STYLE('',(#6906));
#5767=EDGE_CURVE('',#6907,#6908,#6909,.T.);
#5768=EDGE_CURVE('',#6907,#6910,#6911,.T.);
#5769=EDGE_CURVE('',#6910,#6912,#6913,.T.);
#5770=EDGE_CURVE('',#6912,#6908,#6914,.T.);
#5771=FILL_AREA_STYLE('',(#6915));
#5772=EDGE_CURVE('',#6916,#6917,#6918,.T.);
#5773=EDGE_CURVE('',#6916,#6919,#6920,.T.);
#5774=EDGE_CURVE('',#6921,#6919,#6922,.T.);
#5775=EDGE_CURVE('',#6917,#6921,#6923,.T.);
#5776=FILL_AREA_STYLE('',(#6924));
#5777=EDGE_CURVE('',#6925,#6926,#6927,.T.);
#5778=EDGE_CURVE('',#6925,#6928,#6929,.T.);
#5779=EDGE_CURVE('',#6930,#6928,#6931,.T.);
#5780=EDGE_CURVE('',#6926,#6930,#6932,.T.);
#5781=FILL_AREA_STYLE('',(#6933));
#5782=EDGE_CURVE('',#6934,#6935,#6936,.T.);
#5783=EDGE_CURVE('',#6934,#6937,#6938,.T.);
#5784=EDGE_CURVE('',#6939,#6937,#6940,.T.);
#5785=EDGE_CURVE('',#6935,#6939,#6941,.T.);
#5786=FILL_AREA_STYLE('',(#6942));
#5787=EDGE_CURVE('',#6668,#6943,#6944,.T.);
#5788=EDGE_CURVE('',#6945,#6665,#6946,.T.);
#5789=EDGE_CURVE('',#6943,#6945,#6947,.T.);
#5790=FILL_AREA_STYLE('',(#6948));
#5791=EDGE_CURVE('',#6949,#6950,#6951,.T.);
#5792=EDGE_CURVE('',#6949,#6952,#6953,.T.);
#5793=EDGE_CURVE('',#6954,#6952,#6955,.T.);
#5794=EDGE_CURVE('',#6954,#6950,#6956,.T.);
#5795=FILL_AREA_STYLE('',(#6957));
#5796=EDGE_CURVE('',#6958,#6959,#6960,.T.);
#5797=EDGE_CURVE('',#6961,#6958,#6962,.T.);
#5798=EDGE_CURVE('',#6963,#6961,#6964,.T.);
#5799=EDGE_CURVE('',#6666,#6963,#6965,.T.);
#5800=EDGE_CURVE('',#6959,#6674,#6966,.T.);
#5801=FILL_AREA_STYLE('',(#6967));
#5802=EDGE_CURVE('',#6737,#6943,#6968,.T.);
#5803=EDGE_CURVE('',#6969,#6734,#6970,.T.);
#5804=EDGE_CURVE('',#6969,#6945,#6971,.T.);
#5805=EDGE_CURVE('',#6945,#6943,#6972,.T.);
#5806=FILL_AREA_STYLE('',(#6973));
#5807=EDGE_CURVE('',#6974,#6950,#6975,.T.);
#5808=EDGE_CURVE('',#6976,#6974,#6977,.T.);
#5809=EDGE_CURVE('',#6954,#6976,#6978,.T.);
#5810=EDGE_CURVE('',#6950,#6954,#6979,.T.);
#5811=FILL_AREA_STYLE('',(#6980));
#5812=EDGE_CURVE('',#6974,#6976,#6981,.T.);
#5813=FILL_AREA_STYLE('',(#6982));
#5814=EDGE_CURVE('',#6739,#6969,#6983,.T.);
#5815=FILL_AREA_STYLE('',(#6984));
#5816=EDGE_CURVE('',#6919,#6916,#6985,.T.);
#5817=EDGE_CURVE('',#6958,#6963,#6986,.T.);
#5818=FILL_AREA_STYLE('',(#6987));
#5819=EDGE_CURVE('',#6988,#6989,#6990,.T.);
#5820=EDGE_CURVE('',#6988,#6959,#6991,.T.);
#5821=EDGE_CURVE('',#6989,#6672,#6992,.T.);
#5822=FILL_AREA_STYLE('',(#6993));
#5823=EDGE_CURVE('',#6666,#6988,#6994,.T.);
#5824=FILL_AREA_STYLE('',(#6995));
#5825=EDGE_CURVE('',#6989,#6670,#6996,.T.);
#5826=FILL_AREA_STYLE('',(#6997));
#5827=EDGE_CURVE('',#6952,#6949,#6998,.T.);
#5828=FILL_AREA_STYLE('',(#6999));
#5829=FILL_AREA_STYLE('',(#7000));
#5830=EDGE_CURVE('',#6668,#6665,#7001,.T.);
#5831=FILL_AREA_STYLE('',(#7002));
#5832=FILL_AREA_STYLE('',(#7003));
#5833=EDGE_CURVE('',#7004,#7005,#7006,.T.);
#5834=EDGE_CURVE('',#7007,#7004,#7008,.T.);
#5835=EDGE_CURVE('',#7009,#7007,#7010,.T.);
#5836=EDGE_CURVE('',#7005,#7009,#7011,.T.);
#5837=FILL_AREA_STYLE('',(#7012));
#5838=EDGE_CURVE('',#7013,#7014,#7015,.T.);
#5839=EDGE_CURVE('',#7013,#7016,#7017,.T.);
#5840=EDGE_CURVE('',#7018,#7016,#7019,.T.);
#5841=EDGE_CURVE('',#7020,#7018,#7021,.T.);
#5842=EDGE_CURVE('',#7022,#7020,#7023,.T.);
#5843=EDGE_CURVE('',#7022,#7014,#7024,.T.);
#5844=FILL_AREA_STYLE('',(#7025));
#5845=EDGE_CURVE('',#7026,#7027,#7028,.T.);
#5846=EDGE_CURVE('',#7026,#7029,#7030,.T.);
#5847=EDGE_CURVE('',#7029,#7031,#7032,.T.);
#5848=EDGE_CURVE('',#7031,#7033,#7034,.T.);
#5849=EDGE_CURVE('',#7035,#7033,#7036,.T.);
#5850=EDGE_CURVE('',#7035,#7027,#7037,.T.);
#5851=FILL_AREA_STYLE('',(#7038));
#5852=EDGE_CURVE('',#7039,#7004,#7040,.T.);
#5853=EDGE_CURVE('',#7039,#7041,#7042,.T.);
#5854=EDGE_CURVE('',#7043,#7041,#7044,.T.);
#5855=EDGE_CURVE('',#7045,#7043,#7046,.T.);
#5856=EDGE_CURVE('',#7045,#7007,#7047,.T.);
#5857=FILL_AREA_STYLE('',(#7048));
#5858=EDGE_CURVE('',#7049,#7050,#7051,.T.);
#5859=EDGE_CURVE('',#7052,#7049,#7053,.T.);
#5860=EDGE_CURVE('',#7054,#7052,#7055,.T.);
#5861=EDGE_CURVE('',#7050,#7054,#7056,.T.);
#5862=FILL_AREA_STYLE('',(#7057));
#5863=EDGE_CURVE('',#7027,#7013,#7058,.T.);
#5864=EDGE_CURVE('',#7016,#7035,#7059,.T.);
#5865=FILL_AREA_STYLE('',(#7060));
#5866=EDGE_CURVE('',#7061,#7062,#7063,.T.);
#5867=EDGE_CURVE('',#7061,#7064,#7065,.T.);
#5868=EDGE_CURVE('',#7066,#7064,#7067,.T.);
#5869=EDGE_CURVE('',#7068,#7066,#7069,.T.);
#5870=EDGE_CURVE('',#7070,#7068,#7071,.T.);
#5871=EDGE_CURVE('',#7070,#7062,#7072,.T.);
#5872=FILL_AREA_STYLE('',(#7073));
#5873=EDGE_CURVE('',#7074,#7061,#7075,.T.);
#5874=EDGE_CURVE('',#7076,#7074,#7077,.T.);
#5875=EDGE_CURVE('',#7064,#7076,#7078,.T.);
#5876=FILL_AREA_STYLE('',(#7079));
#5877=EDGE_CURVE('',#7080,#7074,#7081,.T.);
#5878=EDGE_CURVE('',#7080,#7082,#7083,.T.);
#5879=EDGE_CURVE('',#7084,#7082,#7085,.T.);
#5880=EDGE_CURVE('',#7084,#7086,#7087,.T.);
#5881=EDGE_CURVE('',#7076,#7086,#7088,.T.);
#5882=FILL_AREA_STYLE('',(#7089));
#5883=EDGE_CURVE('',#7050,#7090,#7091,.T.);
#5884=EDGE_CURVE('',#7092,#7054,#7093,.T.);
#5885=EDGE_CURVE('',#7094,#7092,#7095,.T.);
#5886=EDGE_CURVE('',#7096,#7094,#7097,.T.);
#5887=EDGE_CURVE('',#7096,#7090,#7098,.T.);
#5888=FILL_AREA_STYLE('',(#7099));
#5889=EDGE_CURVE('',#6883,#6880,#7100,.T.);
#5890=FILL_AREA_STYLE('',(#7101));
#5891=EDGE_CURVE('',#6892,#6889,#7102,.T.);
#5892=FILL_AREA_STYLE('',(#7103));
#5893=EDGE_CURVE('',#7104,#7105,#7106,.T.);
#5894=EDGE_CURVE('',#7105,#7016,#7107,.T.);
#5895=EDGE_CURVE('',#7104,#7035,#7108,.T.);
#5896=FILL_AREA_STYLE('',(#7109));
#5897=EDGE_CURVE('',#7105,#7110,#7111,.T.);
#5898=EDGE_CURVE('',#7110,#7018,#7112,.T.);
#5899=FILL_AREA_STYLE('',(#7113));
#5900=EDGE_CURVE('',#7110,#7114,#7115,.T.);
#5901=EDGE_CURVE('',#7114,#7033,#7116,.T.);
#5902=EDGE_CURVE('',#7033,#7018,#7117,.T.);
#5903=FILL_AREA_STYLE('',(#7118));
#5904=EDGE_CURVE('',#7114,#7104,#7119,.T.);
#5905=FILL_AREA_STYLE('',(#7120));
#5906=FILL_AREA_STYLE('',(#7121));
#5907=EDGE_CURVE('',#7122,#7123,#7124,.T.);
#5908=EDGE_CURVE('',#7123,#7125,#7126,.T.);
#5909=EDGE_CURVE('',#7125,#7092,#7127,.T.);
#5910=EDGE_CURVE('',#7122,#7092,#7128,.T.);
#5911=FILL_AREA_STYLE('',(#7129));
#5912=EDGE_CURVE('',#7123,#7130,#7131,.T.);
#5913=EDGE_CURVE('',#7130,#7052,#7132,.T.);
#5914=EDGE_CURVE('',#7052,#7125,#7133,.T.);
#5915=FILL_AREA_STYLE('',(#7134));
#5916=EDGE_CURVE('',#7130,#7135,#7136,.T.);
#5917=EDGE_CURVE('',#7135,#7054,#7137,.T.);
#5918=FILL_AREA_STYLE('',(#7138));
#5919=EDGE_CURVE('',#7135,#7122,#7139,.T.);
#5920=FILL_AREA_STYLE('',(#7140));
#5921=EDGE_CURVE('',#7141,#7125,#7142,.T.);
#5922=EDGE_CURVE('',#7094,#7141,#7143,.T.);
#5923=FILL_AREA_STYLE('',(#7144));
#5924=FILL_AREA_STYLE('',(#7145));
#5925=EDGE_CURVE('',#7146,#7064,#7147,.T.);
#5926=EDGE_CURVE('',#7146,#7148,#7149,.T.);
#5927=EDGE_CURVE('',#7148,#7066,#7150,.T.);
#5928=FILL_AREA_STYLE('',(#7151));
#5929=EDGE_CURVE('',#7148,#7152,#7153,.T.);
#5930=EDGE_CURVE('',#7152,#7086,#7154,.T.);
#5931=EDGE_CURVE('',#7086,#7066,#7155,.T.);
#5932=FILL_AREA_STYLE('',(#7156));
#5933=EDGE_CURVE('',#7152,#7157,#7158,.T.);
#5934=EDGE_CURVE('',#7157,#7076,#7159,.T.);
#5935=FILL_AREA_STYLE('',(#7160));
#5936=EDGE_CURVE('',#7157,#7146,#7161,.T.);
#5937=FILL_AREA_STYLE('',(#7162));
#5938=EDGE_CURVE('',#7163,#7039,#7164,.T.);
#5939=EDGE_CURVE('',#7165,#7163,#7166,.T.);
#5940=EDGE_CURVE('',#7041,#7165,#7167,.T.);
#5941=FILL_AREA_STYLE('',(#7168));
#5942=EDGE_CURVE('',#7169,#7049,#7170,.T.);
#5943=EDGE_CURVE('',#7169,#7171,#7172,.T.);
#5944=EDGE_CURVE('',#7141,#7171,#7173,.T.);
#5945=FILL_AREA_STYLE('',(#7174));
#5946=FILL_AREA_STYLE('',(#7175));
#5947=EDGE_CURVE('',#7176,#7041,#7177,.T.);
#5948=EDGE_CURVE('',#7176,#7178,#7179,.T.);
#5949=EDGE_CURVE('',#7178,#7043,#7180,.T.);
#5950=FILL_AREA_STYLE('',(#7181));
#5951=EDGE_CURVE('',#7178,#7182,#7183,.T.);
#5952=EDGE_CURVE('',#7182,#7184,#7185,.T.);
#5953=EDGE_CURVE('',#7184,#7043,#7186,.T.);
#5954=FILL_AREA_STYLE('',(#7187));
#5955=EDGE_CURVE('',#7182,#7188,#7189,.T.);
#5956=EDGE_CURVE('',#7188,#7165,#7190,.T.);
#5957=EDGE_CURVE('',#7165,#7184,#7191,.T.);
#5958=FILL_AREA_STYLE('',(#7192));
#5959=EDGE_CURVE('',#7188,#7176,#7193,.T.);
#5960=FILL_AREA_STYLE('',(#7194));
#5961=FILL_AREA_STYLE('',(#7195));
#5962=EDGE_CURVE('',#7196,#7184,#7197,.T.);
#5963=EDGE_CURVE('',#7045,#7196,#7198,.T.);
#5964=FILL_AREA_STYLE('',(#7199));
#5965=EDGE_CURVE('',#7020,#7031,#7200,.T.);
#5966=FILL_AREA_STYLE('',(#7201));
#5967=EDGE_CURVE('',#7068,#7084,#7202,.T.);
#5968=FILL_AREA_STYLE('',(#7203));
#5969=EDGE_CURVE('',#7090,#7169,#7204,.T.);
#5970=EDGE_CURVE('',#7171,#7096,#7205,.T.);
#5971=FILL_AREA_STYLE('',(#7206));
#5972=EDGE_CURVE('',#7014,#7026,#7207,.T.);
#5973=EDGE_CURVE('',#7029,#7022,#7208,.T.);
#5974=FILL_AREA_STYLE('',(#7209));
#5975=EDGE_CURVE('',#7062,#7080,#7210,.T.);
#5976=EDGE_CURVE('',#7082,#7070,#7211,.T.);
#5977=FILL_AREA_STYLE('',(#7212));
#5978=EDGE_CURVE('',#7196,#7009,#7213,.T.);
#5979=FILL_AREA_STYLE('',(#7214));
#5980=FILL_AREA_STYLE('',(#7215));
#5981=EDGE_CURVE('',#7005,#7163,#7216,.T.);
#5982=FILL_AREA_STYLE('',(#7217));
#5983=FILL_AREA_STYLE('',(#7218));
#5984=FILL_AREA_STYLE('',(#7219));
#5985=EDGE_CURVE('',#7220,#7221,#7222,.T.);
#5986=EDGE_CURVE('',#7220,#7223,#7224,.T.);
#5987=EDGE_CURVE('',#7225,#7223,#7226,.T.);
#5988=EDGE_CURVE('',#7221,#7225,#7227,.T.);
#5989=FILL_AREA_STYLE('',(#7228));
#5990=EDGE_CURVE('',#7229,#7220,#7230,.T.);
#5991=EDGE_CURVE('',#7229,#7231,#7232,.T.);
#5992=EDGE_CURVE('',#7223,#7231,#7233,.T.);
#5993=FILL_AREA_STYLE('',(#7234));
#5994=EDGE_CURVE('',#7221,#7229,#7235,.T.);
#5995=EDGE_CURVE('',#7231,#7225,#7236,.T.);
#5996=FILL_AREA_STYLE('',(#7237));
#5997=EDGE_CURVE('',#7238,#7239,#7240,.T.);
#5998=EDGE_CURVE('',#7238,#7241,#7242,.T.);
#5999=EDGE_CURVE('',#7243,#7241,#7244,.T.);
#6000=EDGE_CURVE('',#7239,#7243,#7245,.T.);
#6001=FILL_AREA_STYLE('',(#7246));
#6002=EDGE_CURVE('',#7239,#7247,#7248,.T.);
#6003=EDGE_CURVE('',#7249,#7243,#7250,.T.);
#6004=EDGE_CURVE('',#7247,#7249,#7251,.T.);
#6005=FILL_AREA_STYLE('',(#7252));
#6006=EDGE_CURVE('',#7247,#7253,#7254,.T.);
#6007=EDGE_CURVE('',#7255,#7249,#7256,.T.);
#6008=EDGE_CURVE('',#7253,#7255,#7257,.T.);
#6009=FILL_AREA_STYLE('',(#7258));
#6010=EDGE_CURVE('',#7253,#7259,#7260,.T.);
#6011=EDGE_CURVE('',#7261,#7255,#7262,.T.);
#6012=EDGE_CURVE('',#7259,#7261,#7263,.T.);
#6013=FILL_AREA_STYLE('',(#7264));
#6014=EDGE_CURVE('',#7259,#7265,#7266,.T.);
#6015=EDGE_CURVE('',#7267,#7261,#7268,.T.);
#6016=EDGE_CURVE('',#7265,#7267,#7269,.T.);
#6017=FILL_AREA_STYLE('',(#7270));
#6018=EDGE_CURVE('',#7265,#7271,#7272,.T.);
#6019=EDGE_CURVE('',#7273,#7267,#7274,.T.);
#6020=EDGE_CURVE('',#7271,#7273,#7275,.T.);
#6021=FILL_AREA_STYLE('',(#7276));
#6022=EDGE_CURVE('',#7271,#7277,#7278,.T.);
#6023=EDGE_CURVE('',#7279,#7273,#7280,.T.);
#6024=EDGE_CURVE('',#7277,#7279,#7281,.T.);
#6025=FILL_AREA_STYLE('',(#7282));
#6026=EDGE_CURVE('',#7277,#7283,#7284,.T.);
#6027=EDGE_CURVE('',#7285,#7279,#7286,.T.);
#6028=EDGE_CURVE('',#7283,#7285,#7287,.T.);
#6029=FILL_AREA_STYLE('',(#7288));
#6030=EDGE_CURVE('',#7283,#7289,#7290,.T.);
#6031=EDGE_CURVE('',#7291,#7285,#7292,.T.);
#6032=EDGE_CURVE('',#7289,#7291,#7293,.T.);
#6033=FILL_AREA_STYLE('',(#7294));
#6034=EDGE_CURVE('',#7289,#7295,#7296,.T.);
#6035=EDGE_CURVE('',#7297,#7291,#7298,.T.);
#6036=EDGE_CURVE('',#7295,#7297,#7299,.T.);
#6037=FILL_AREA_STYLE('',(#7300));
#6038=EDGE_CURVE('',#7295,#7238,#7301,.T.);
#6039=EDGE_CURVE('',#7241,#7297,#7302,.T.);
#6040=FILL_AREA_STYLE('',(#7303));
#6041=FILL_AREA_STYLE('',(#7304));
#6042=EDGE_CURVE('',#6867,#6874,#7305,.T.);
#6043=EDGE_CURVE('',#6849,#6865,#7306,.T.);
#6044=EDGE_CURVE('',#6831,#6847,#7307,.T.);
#6045=EDGE_CURVE('',#6840,#6829,#7308,.T.);
#6046=EDGE_CURVE('',#6858,#6838,#7309,.T.);
#6047=EDGE_CURVE('',#6876,#6856,#7310,.T.);
#6048=FILL_AREA_STYLE('',(#7311));
#6049=EDGE_CURVE('',#6939,#6935,#7312,.T.);
#6050=EDGE_CURVE('',#6937,#6934,#7313,.T.);
#6051=FILL_AREA_STYLE('',(#7314));
#6052=FILL_AREA_STYLE('',(#7315));
#6053=EDGE_CURVE('',#6930,#6926,#7316,.T.);
#6054=EDGE_CURVE('',#6928,#6925,#7317,.T.);
#6055=FILL_AREA_STYLE('',(#7318));
#6056=FILL_AREA_STYLE('',(#7319));
#6057=EDGE_CURVE('',#6921,#6917,#7320,.T.);
#6058=FILL_AREA_STYLE('',(#7321));
#6059=EDGE_CURVE('',#7322,#7323,#7324,.T.);
#6060=EDGE_CURVE('',#7325,#7323,#7326,.T.);
#6061=EDGE_CURVE('',#7327,#7325,#7328,.T.);
#6062=EDGE_CURVE('',#7327,#7322,#7329,.T.);
#6063=FILL_AREA_STYLE('',(#7330));
#6064=EDGE_CURVE('',#7323,#7331,#7332,.T.);
#6065=EDGE_CURVE('',#7333,#7331,#7334,.T.);
#6066=EDGE_CURVE('',#7325,#7333,#7335,.T.);
#6067=FILL_AREA_STYLE('',(#7336));
#6068=EDGE_CURVE('',#7331,#7337,#7338,.T.);
#6069=EDGE_CURVE('',#7339,#7337,#7340,.T.);
#6070=EDGE_CURVE('',#7333,#7339,#7341,.T.);
#6071=FILL_AREA_STYLE('',(#7342));
#6072=EDGE_CURVE('',#7337,#7343,#7344,.T.);
#6073=EDGE_CURVE('',#7345,#7343,#7346,.T.);
#6074=EDGE_CURVE('',#7339,#7345,#7347,.T.);
#6075=FILL_AREA_STYLE('',(#7348));
#6076=EDGE_CURVE('',#7343,#7349,#7350,.T.);
#6077=EDGE_CURVE('',#7351,#7349,#7352,.T.);
#6078=EDGE_CURVE('',#7345,#7351,#7353,.T.);
#6079=FILL_AREA_STYLE('',(#7354));
#6080=EDGE_CURVE('',#7349,#7355,#7356,.T.);
#6081=EDGE_CURVE('',#7357,#7355,#7358,.T.);
#6082=EDGE_CURVE('',#7351,#7357,#7359,.T.);
#6083=FILL_AREA_STYLE('',(#7360));
#6084=EDGE_CURVE('',#7355,#7361,#7362,.T.);
#6085=EDGE_CURVE('',#7363,#7361,#7364,.T.);
#6086=EDGE_CURVE('',#7357,#7363,#7365,.T.);
#6087=FILL_AREA_STYLE('',(#7366));
#6088=EDGE_CURVE('',#7361,#7367,#7368,.T.);
#6089=EDGE_CURVE('',#7369,#7367,#7370,.T.);
#6090=EDGE_CURVE('',#7363,#7369,#7371,.T.);
#6091=FILL_AREA_STYLE('',(#7372));
#6092=EDGE_CURVE('',#7367,#7373,#7374,.T.);
#6093=EDGE_CURVE('',#7375,#7373,#7376,.T.);
#6094=EDGE_CURVE('',#7369,#7375,#7377,.T.);
#6095=FILL_AREA_STYLE('',(#7378));
#6096=EDGE_CURVE('',#7373,#7379,#7380,.T.);
#6097=EDGE_CURVE('',#7381,#7379,#7382,.T.);
#6098=EDGE_CURVE('',#7375,#7381,#7383,.T.);
#6099=FILL_AREA_STYLE('',(#7384));
#6100=EDGE_CURVE('',#7379,#7385,#7386,.T.);
#6101=EDGE_CURVE('',#7387,#7385,#7388,.T.);
#6102=EDGE_CURVE('',#7381,#7387,#7389,.T.);
#6103=FILL_AREA_STYLE('',(#7390));
#6104=EDGE_CURVE('',#7385,#7391,#7392,.T.);
#6105=EDGE_CURVE('',#7393,#7391,#7394,.T.);
#6106=EDGE_CURVE('',#7387,#7393,#7395,.T.);
#6107=FILL_AREA_STYLE('',(#7396));
#6108=EDGE_CURVE('',#7391,#7397,#7398,.T.);
#6109=EDGE_CURVE('',#7399,#7397,#7400,.T.);
#6110=EDGE_CURVE('',#7393,#7399,#7401,.T.);
#6111=FILL_AREA_STYLE('',(#7402));
#6112=EDGE_CURVE('',#7397,#7403,#7404,.T.);
#6113=EDGE_CURVE('',#7405,#7403,#7406,.T.);
#6114=EDGE_CURVE('',#7399,#7405,#7407,.T.);
#6115=FILL_AREA_STYLE('',(#7408));
#6116=EDGE_CURVE('',#7403,#7409,#7410,.T.);
#6117=EDGE_CURVE('',#7411,#7409,#7412,.T.);
#6118=EDGE_CURVE('',#7405,#7411,#7413,.T.);
#6119=FILL_AREA_STYLE('',(#7414));
#6120=EDGE_CURVE('',#7409,#7415,#7416,.T.);
#6121=EDGE_CURVE('',#7417,#7415,#7418,.T.);
#6122=EDGE_CURVE('',#7411,#7417,#7419,.T.);
#6123=FILL_AREA_STYLE('',(#7420));
#6124=EDGE_CURVE('',#7415,#7421,#7422,.T.);
#6125=EDGE_CURVE('',#7423,#7421,#7424,.T.);
#6126=EDGE_CURVE('',#7417,#7423,#7425,.T.);
#6127=FILL_AREA_STYLE('',(#7426));
#6128=EDGE_CURVE('',#7421,#7427,#7428,.T.);
#6129=EDGE_CURVE('',#7429,#7427,#7430,.T.);
#6130=EDGE_CURVE('',#7423,#7429,#7431,.T.);
#6131=FILL_AREA_STYLE('',(#7432));
#6132=EDGE_CURVE('',#7427,#7433,#7434,.T.);
#6133=EDGE_CURVE('',#7435,#7433,#7436,.T.);
#6134=EDGE_CURVE('',#7429,#7435,#7437,.T.);
#6135=FILL_AREA_STYLE('',(#7438));
#6136=EDGE_CURVE('',#7433,#7439,#7440,.T.);
#6137=EDGE_CURVE('',#7441,#7439,#7442,.T.);
#6138=EDGE_CURVE('',#7435,#7441,#7443,.T.);
#6139=FILL_AREA_STYLE('',(#7444));
#6140=EDGE_CURVE('',#7439,#7445,#7446,.T.);
#6141=EDGE_CURVE('',#7447,#7445,#7448,.T.);
#6142=EDGE_CURVE('',#7441,#7447,#7449,.T.);
#6143=FILL_AREA_STYLE('',(#7450));
#6144=EDGE_CURVE('',#7445,#7451,#7452,.T.);
#6145=EDGE_CURVE('',#7453,#7451,#7454,.T.);
#6146=EDGE_CURVE('',#7447,#7453,#7455,.T.);
#6147=FILL_AREA_STYLE('',(#7456));
#6148=EDGE_CURVE('',#7451,#7457,#7458,.T.);
#6149=EDGE_CURVE('',#7459,#7457,#7460,.T.);
#6150=EDGE_CURVE('',#7453,#7459,#7461,.T.);
#6151=FILL_AREA_STYLE('',(#7462));
#6152=EDGE_CURVE('',#7457,#7463,#7464,.T.);
#6153=EDGE_CURVE('',#7465,#7463,#7466,.T.);
#6154=EDGE_CURVE('',#7459,#7465,#7467,.T.);
#6155=FILL_AREA_STYLE('',(#7468));
#6156=EDGE_CURVE('',#7463,#7469,#7470,.T.);
#6157=EDGE_CURVE('',#7471,#7469,#7472,.T.);
#6158=EDGE_CURVE('',#7465,#7471,#7473,.T.);
#6159=FILL_AREA_STYLE('',(#7474));
#6160=EDGE_CURVE('',#7469,#7475,#7476,.T.);
#6161=EDGE_CURVE('',#7477,#7475,#7478,.T.);
#6162=EDGE_CURVE('',#7471,#7477,#7479,.T.);
#6163=FILL_AREA_STYLE('',(#7480));
#6164=EDGE_CURVE('',#7475,#7322,#7481,.T.);
#6165=EDGE_CURVE('',#7477,#7327,#7482,.T.);
#6166=FILL_AREA_STYLE('',(#7483));
#6167=FILL_AREA_STYLE('',(#7484));
#6168=EDGE_CURVE('',#7485,#7486,#7487,.T.);
#6169=EDGE_CURVE('',#7488,#7486,#7489,.T.);
#6170=EDGE_CURVE('',#7490,#7488,#7491,.T.);
#6171=EDGE_CURVE('',#7490,#7485,#7492,.T.);
#6172=FILL_AREA_STYLE('',(#7493));
#6173=EDGE_CURVE('',#7486,#7494,#7495,.T.);
#6174=EDGE_CURVE('',#7496,#7494,#7497,.T.);
#6175=EDGE_CURVE('',#7488,#7496,#7498,.T.);
#6176=FILL_AREA_STYLE('',(#7499));
#6177=EDGE_CURVE('',#7494,#7500,#7501,.T.);
#6178=EDGE_CURVE('',#7502,#7500,#7503,.T.);
#6179=EDGE_CURVE('',#7496,#7502,#7504,.T.);
#6180=FILL_AREA_STYLE('',(#7505));
#6181=EDGE_CURVE('',#7500,#7506,#7507,.T.);
#6182=EDGE_CURVE('',#7508,#7506,#7509,.T.);
#6183=EDGE_CURVE('',#7502,#7508,#7510,.T.);
#6184=FILL_AREA_STYLE('',(#7511));
#6185=EDGE_CURVE('',#7506,#7512,#7513,.T.);
#6186=EDGE_CURVE('',#7514,#7512,#7515,.T.);
#6187=EDGE_CURVE('',#7508,#7514,#7516,.T.);
#6188=FILL_AREA_STYLE('',(#7517));
#6189=EDGE_CURVE('',#7512,#7518,#7519,.T.);
#6190=EDGE_CURVE('',#7520,#7518,#7521,.T.);
#6191=EDGE_CURVE('',#7514,#7520,#7522,.T.);
#6192=FILL_AREA_STYLE('',(#7523));
#6193=EDGE_CURVE('',#7518,#7524,#7525,.T.);
#6194=EDGE_CURVE('',#7526,#7524,#7527,.T.);
#6195=EDGE_CURVE('',#7520,#7526,#7528,.T.);
#6196=FILL_AREA_STYLE('',(#7529));
#6197=EDGE_CURVE('',#7524,#7530,#7531,.T.);
#6198=EDGE_CURVE('',#7532,#7530,#7533,.T.);
#6199=EDGE_CURVE('',#7526,#7532,#7534,.T.);
#6200=FILL_AREA_STYLE('',(#7535));
#6201=EDGE_CURVE('',#7530,#7536,#7537,.T.);
#6202=EDGE_CURVE('',#7538,#7536,#7539,.T.);
#6203=EDGE_CURVE('',#7532,#7538,#7540,.T.);
#6204=FILL_AREA_STYLE('',(#7541));
#6205=EDGE_CURVE('',#7536,#7542,#7543,.T.);
#6206=EDGE_CURVE('',#7544,#7542,#7545,.T.);
#6207=EDGE_CURVE('',#7538,#7544,#7546,.T.);
#6208=FILL_AREA_STYLE('',(#7547));
#6209=EDGE_CURVE('',#7542,#7548,#7549,.T.);
#6210=EDGE_CURVE('',#7550,#7548,#7551,.T.);
#6211=EDGE_CURVE('',#7544,#7550,#7552,.T.);
#6212=FILL_AREA_STYLE('',(#7553));
#6213=EDGE_CURVE('',#7548,#7554,#7555,.T.);
#6214=EDGE_CURVE('',#7556,#7554,#7557,.T.);
#6215=EDGE_CURVE('',#7550,#7556,#7558,.T.);
#6216=FILL_AREA_STYLE('',(#7559));
#6217=EDGE_CURVE('',#7554,#7560,#7561,.T.);
#6218=EDGE_CURVE('',#7562,#7560,#7563,.T.);
#6219=EDGE_CURVE('',#7556,#7562,#7564,.T.);
#6220=FILL_AREA_STYLE('',(#7565));
#6221=EDGE_CURVE('',#7560,#7566,#7567,.T.);
#6222=EDGE_CURVE('',#7568,#7566,#7569,.T.);
#6223=EDGE_CURVE('',#7562,#7568,#7570,.T.);
#6224=FILL_AREA_STYLE('',(#7571));
#6225=EDGE_CURVE('',#7566,#7572,#7573,.T.);
#6226=EDGE_CURVE('',#7574,#7572,#7575,.T.);
#6227=EDGE_CURVE('',#7568,#7574,#7576,.T.);
#6228=FILL_AREA_STYLE('',(#7577));
#6229=EDGE_CURVE('',#7572,#7578,#7579,.T.);
#6230=EDGE_CURVE('',#7580,#7578,#7581,.T.);
#6231=EDGE_CURVE('',#7574,#7580,#7582,.T.);
#6232=FILL_AREA_STYLE('',(#7583));
#6233=EDGE_CURVE('',#7578,#7584,#7585,.T.);
#6234=EDGE_CURVE('',#7586,#7584,#7587,.T.);
#6235=EDGE_CURVE('',#7580,#7586,#7588,.T.);
#6236=FILL_AREA_STYLE('',(#7589));
#6237=EDGE_CURVE('',#7584,#7590,#7591,.T.);
#6238=EDGE_CURVE('',#7592,#7590,#7593,.T.);
#6239=EDGE_CURVE('',#7586,#7592,#7594,.T.);
#6240=FILL_AREA_STYLE('',(#7595));
#6241=EDGE_CURVE('',#7590,#7596,#7597,.T.);
#6242=EDGE_CURVE('',#7598,#7596,#7599,.T.);
#6243=EDGE_CURVE('',#7592,#7598,#7600,.T.);
#6244=FILL_AREA_STYLE('',(#7601));
#6245=EDGE_CURVE('',#7596,#7485,#7602,.T.);
#6246=EDGE_CURVE('',#7598,#7490,#7603,.T.);
#6247=FILL_AREA_STYLE('',(#7604));
#6248=FILL_AREA_STYLE('',(#7605));
#6249=EDGE_CURVE('',#7606,#7607,#7608,.T.);
#6250=EDGE_CURVE('',#7609,#7607,#7610,.T.);
#6251=EDGE_CURVE('',#7611,#7609,#7612,.T.);
#6252=EDGE_CURVE('',#7611,#7606,#7613,.T.);
#6253=FILL_AREA_STYLE('',(#7614));
#6254=EDGE_CURVE('',#7607,#7615,#7616,.T.);
#6255=EDGE_CURVE('',#7617,#7615,#7618,.T.);
#6256=EDGE_CURVE('',#7609,#7617,#7619,.T.);
#6257=FILL_AREA_STYLE('',(#7620));
#6258=EDGE_CURVE('',#7615,#7621,#7622,.T.);
#6259=EDGE_CURVE('',#7623,#7621,#7624,.T.);
#6260=EDGE_CURVE('',#7617,#7623,#7625,.T.);
#6261=FILL_AREA_STYLE('',(#7626));
#6262=EDGE_CURVE('',#7621,#7627,#7628,.T.);
#6263=EDGE_CURVE('',#7629,#7627,#7630,.T.);
#6264=EDGE_CURVE('',#7623,#7629,#7631,.T.);
#6265=FILL_AREA_STYLE('',(#7632));
#6266=EDGE_CURVE('',#7627,#7633,#7634,.T.);
#6267=EDGE_CURVE('',#7635,#7633,#7636,.T.);
#6268=EDGE_CURVE('',#7629,#7635,#7637,.T.);
#6269=FILL_AREA_STYLE('',(#7638));
#6270=EDGE_CURVE('',#7633,#7639,#7640,.T.);
#6271=EDGE_CURVE('',#7641,#7639,#7642,.T.);
#6272=EDGE_CURVE('',#7635,#7641,#7643,.T.);
#6273=FILL_AREA_STYLE('',(#7644));
#6274=EDGE_CURVE('',#7639,#7645,#7646,.T.);
#6275=EDGE_CURVE('',#7647,#7645,#7648,.T.);
#6276=EDGE_CURVE('',#7641,#7647,#7649,.T.);
#6277=FILL_AREA_STYLE('',(#7650));
#6278=EDGE_CURVE('',#7645,#7651,#7652,.T.);
#6279=EDGE_CURVE('',#7653,#7651,#7654,.T.);
#6280=EDGE_CURVE('',#7647,#7653,#7655,.T.);
#6281=FILL_AREA_STYLE('',(#7656));
#6282=EDGE_CURVE('',#7651,#7657,#7658,.T.);
#6283=EDGE_CURVE('',#7659,#7657,#7660,.T.);
#6284=EDGE_CURVE('',#7653,#7659,#7661,.T.);
#6285=FILL_AREA_STYLE('',(#7662));
#6286=EDGE_CURVE('',#7657,#7663,#7664,.T.);
#6287=EDGE_CURVE('',#7665,#7663,#7666,.T.);
#6288=EDGE_CURVE('',#7659,#7665,#7667,.T.);
#6289=FILL_AREA_STYLE('',(#7668));
#6290=EDGE_CURVE('',#7663,#7669,#7670,.T.);
#6291=EDGE_CURVE('',#7671,#7669,#7672,.T.);
#6292=EDGE_CURVE('',#7665,#7671,#7673,.T.);
#6293=FILL_AREA_STYLE('',(#7674));
#6294=EDGE_CURVE('',#7669,#7675,#7676,.T.);
#6295=EDGE_CURVE('',#7677,#7675,#7678,.T.);
#6296=EDGE_CURVE('',#7671,#7677,#7679,.T.);
#6297=FILL_AREA_STYLE('',(#7680));
#6298=EDGE_CURVE('',#7675,#7681,#7682,.T.);
#6299=EDGE_CURVE('',#7683,#7681,#7684,.T.);
#6300=EDGE_CURVE('',#7677,#7683,#7685,.T.);
#6301=FILL_AREA_STYLE('',(#7686));
#6302=EDGE_CURVE('',#7681,#7687,#7688,.T.);
#6303=EDGE_CURVE('',#7689,#7687,#7690,.T.);
#6304=EDGE_CURVE('',#7683,#7689,#7691,.T.);
#6305=FILL_AREA_STYLE('',(#7692));
#6306=EDGE_CURVE('',#7687,#7693,#7694,.T.);
#6307=EDGE_CURVE('',#7695,#7693,#7696,.T.);
#6308=EDGE_CURVE('',#7689,#7695,#7697,.T.);
#6309=FILL_AREA_STYLE('',(#7698));
#6310=EDGE_CURVE('',#7693,#7606,#7699,.T.);
#6311=EDGE_CURVE('',#7695,#7611,#7700,.T.);
#6312=FILL_AREA_STYLE('',(#7701));
#6313=FILL_AREA_STYLE('',(#7702));
#6314=EDGE_CURVE('',#7703,#7704,#7705,.T.);
#6315=EDGE_CURVE('',#7706,#7704,#7707,.T.);
#6316=EDGE_CURVE('',#7708,#7706,#7709,.T.);
#6317=EDGE_CURVE('',#7708,#7703,#7710,.T.);
#6318=FILL_AREA_STYLE('',(#7711));
#6319=EDGE_CURVE('',#7704,#7712,#7713,.T.);
#6320=EDGE_CURVE('',#7714,#7712,#7715,.T.);
#6321=EDGE_CURVE('',#7706,#7714,#7716,.T.);
#6322=FILL_AREA_STYLE('',(#7717));
#6323=EDGE_CURVE('',#7712,#7718,#7719,.T.);
#6324=EDGE_CURVE('',#7720,#7718,#7721,.T.);
#6325=EDGE_CURVE('',#7714,#7720,#7722,.T.);
#6326=FILL_AREA_STYLE('',(#7723));
#6327=EDGE_CURVE('',#7718,#7724,#7725,.T.);
#6328=EDGE_CURVE('',#7726,#7724,#7727,.T.);
#6329=EDGE_CURVE('',#7720,#7726,#7728,.T.);
#6330=FILL_AREA_STYLE('',(#7729));
#6331=EDGE_CURVE('',#7724,#7730,#7731,.T.);
#6332=EDGE_CURVE('',#7732,#7730,#7733,.T.);
#6333=EDGE_CURVE('',#7726,#7732,#7734,.T.);
#6334=FILL_AREA_STYLE('',(#7735));
#6335=EDGE_CURVE('',#7730,#7736,#7737,.T.);
#6336=EDGE_CURVE('',#7738,#7736,#7739,.T.);
#6337=EDGE_CURVE('',#7732,#7738,#7740,.T.);
#6338=FILL_AREA_STYLE('',(#7741));
#6339=EDGE_CURVE('',#7736,#7742,#7743,.T.);
#6340=EDGE_CURVE('',#7744,#7742,#7745,.T.);
#6341=EDGE_CURVE('',#7738,#7744,#7746,.T.);
#6342=FILL_AREA_STYLE('',(#7747));
#6343=EDGE_CURVE('',#7742,#7748,#7749,.T.);
#6344=EDGE_CURVE('',#7750,#7748,#7751,.T.);
#6345=EDGE_CURVE('',#7744,#7750,#7752,.T.);
#6346=FILL_AREA_STYLE('',(#7753));
#6347=EDGE_CURVE('',#7748,#7754,#7755,.T.);
#6348=EDGE_CURVE('',#7756,#7754,#7757,.T.);
#6349=EDGE_CURVE('',#7750,#7756,#7758,.T.);
#6350=FILL_AREA_STYLE('',(#7759));
#6351=EDGE_CURVE('',#7754,#7760,#7761,.T.);
#6352=EDGE_CURVE('',#7762,#7760,#7763,.T.);
#6353=EDGE_CURVE('',#7756,#7762,#7764,.T.);
#6354=FILL_AREA_STYLE('',(#7765));
#6355=EDGE_CURVE('',#7760,#7766,#7767,.T.);
#6356=EDGE_CURVE('',#7768,#7766,#7769,.T.);
#6357=EDGE_CURVE('',#7762,#7768,#7770,.T.);
#6358=FILL_AREA_STYLE('',(#7771));
#6359=EDGE_CURVE('',#7766,#7772,#7773,.T.);
#6360=EDGE_CURVE('',#7774,#7772,#7775,.T.);
#6361=EDGE_CURVE('',#7768,#7774,#7776,.T.);
#6362=FILL_AREA_STYLE('',(#7777));
#6363=EDGE_CURVE('',#7772,#7778,#7779,.T.);
#6364=EDGE_CURVE('',#7780,#7778,#7781,.T.);
#6365=EDGE_CURVE('',#7774,#7780,#7782,.T.);
#6366=FILL_AREA_STYLE('',(#7783));
#6367=EDGE_CURVE('',#7778,#7784,#7785,.T.);
#6368=EDGE_CURVE('',#7786,#7784,#7787,.T.);
#6369=EDGE_CURVE('',#7780,#7786,#7788,.T.);
#6370=FILL_AREA_STYLE('',(#7789));
#6371=EDGE_CURVE('',#7784,#7790,#7791,.T.);
#6372=EDGE_CURVE('',#7792,#7790,#7793,.T.);
#6373=EDGE_CURVE('',#7786,#7792,#7794,.T.);
#6374=FILL_AREA_STYLE('',(#7795));
#6375=EDGE_CURVE('',#7790,#7703,#7796,.T.);
#6376=EDGE_CURVE('',#7792,#7708,#7797,.T.);
#6377=FILL_AREA_STYLE('',(#7798));
#6378=FILL_AREA_STYLE('',(#7799));
#6379=EDGE_CURVE('',#7800,#7801,#7802,.T.);
#6380=EDGE_CURVE('',#7803,#7801,#7804,.T.);
#6381=EDGE_CURVE('',#7805,#7803,#7806,.T.);
#6382=EDGE_CURVE('',#7805,#7800,#7807,.T.);
#6383=FILL_AREA_STYLE('',(#7808));
#6384=EDGE_CURVE('',#7801,#7809,#7810,.T.);
#6385=EDGE_CURVE('',#7811,#7809,#7812,.T.);
#6386=EDGE_CURVE('',#7803,#7811,#7813,.T.);
#6387=FILL_AREA_STYLE('',(#7814));
#6388=EDGE_CURVE('',#7809,#7815,#7816,.T.);
#6389=EDGE_CURVE('',#7817,#7815,#7818,.T.);
#6390=EDGE_CURVE('',#7811,#7817,#7819,.T.);
#6391=FILL_AREA_STYLE('',(#7820));
#6392=EDGE_CURVE('',#7815,#7821,#7822,.T.);
#6393=EDGE_CURVE('',#7823,#7821,#7824,.T.);
#6394=EDGE_CURVE('',#7817,#7823,#7825,.T.);
#6395=FILL_AREA_STYLE('',(#7826));
#6396=EDGE_CURVE('',#7821,#7827,#7828,.T.);
#6397=EDGE_CURVE('',#7829,#7827,#7830,.T.);
#6398=EDGE_CURVE('',#7823,#7829,#7831,.T.);
#6399=FILL_AREA_STYLE('',(#7832));
#6400=EDGE_CURVE('',#7827,#7833,#7834,.T.);
#6401=EDGE_CURVE('',#7835,#7833,#7836,.T.);
#6402=EDGE_CURVE('',#7829,#7835,#7837,.T.);
#6403=FILL_AREA_STYLE('',(#7838));
#6404=EDGE_CURVE('',#7833,#7839,#7840,.T.);
#6405=EDGE_CURVE('',#7841,#7839,#7842,.T.);
#6406=EDGE_CURVE('',#7835,#7841,#7843,.T.);
#6407=FILL_AREA_STYLE('',(#7844));
#6408=EDGE_CURVE('',#7839,#7845,#7846,.T.);
#6409=EDGE_CURVE('',#7847,#7845,#7848,.T.);
#6410=EDGE_CURVE('',#7841,#7847,#7849,.T.);
#6411=FILL_AREA_STYLE('',(#7850));
#6412=EDGE_CURVE('',#7845,#7851,#7852,.T.);
#6413=EDGE_CURVE('',#7853,#7851,#7854,.T.);
#6414=EDGE_CURVE('',#7847,#7853,#7855,.T.);
#6415=FILL_AREA_STYLE('',(#7856));
#6416=EDGE_CURVE('',#7851,#7857,#7858,.T.);
#6417=EDGE_CURVE('',#7859,#7857,#7860,.T.);
#6418=EDGE_CURVE('',#7853,#7859,#7861,.T.);
#6419=FILL_AREA_STYLE('',(#7862));
#6420=EDGE_CURVE('',#7857,#7863,#7864,.T.);
#6421=EDGE_CURVE('',#7865,#7863,#7866,.T.);
#6422=EDGE_CURVE('',#7859,#7865,#7867,.T.);
#6423=FILL_AREA_STYLE('',(#7868));
#6424=EDGE_CURVE('',#7863,#7869,#7870,.T.);
#6425=EDGE_CURVE('',#7871,#7869,#7872,.T.);
#6426=EDGE_CURVE('',#7865,#7871,#7873,.T.);
#6427=FILL_AREA_STYLE('',(#7874));
#6428=EDGE_CURVE('',#7869,#7875,#7876,.T.);
#6429=EDGE_CURVE('',#7877,#7875,#7878,.T.);
#6430=EDGE_CURVE('',#7871,#7877,#7879,.T.);
#6431=FILL_AREA_STYLE('',(#7880));
#6432=EDGE_CURVE('',#7875,#7881,#7882,.T.);
#6433=EDGE_CURVE('',#7883,#7881,#7884,.T.);
#6434=EDGE_CURVE('',#7877,#7883,#7885,.T.);
#6435=FILL_AREA_STYLE('',(#7886));
#6436=EDGE_CURVE('',#7881,#7887,#7888,.T.);
#6437=EDGE_CURVE('',#7889,#7887,#7890,.T.);
#6438=EDGE_CURVE('',#7883,#7889,#7891,.T.);
#6439=FILL_AREA_STYLE('',(#7892));
#6440=EDGE_CURVE('',#7887,#7893,#7894,.T.);
#6441=EDGE_CURVE('',#7895,#7893,#7896,.T.);
#6442=EDGE_CURVE('',#7889,#7895,#7897,.T.);
#6443=FILL_AREA_STYLE('',(#7898));
#6444=EDGE_CURVE('',#7893,#7899,#7900,.T.);
#6445=EDGE_CURVE('',#7901,#7899,#7902,.T.);
#6446=EDGE_CURVE('',#7895,#7901,#7903,.T.);
#6447=FILL_AREA_STYLE('',(#7904));
#6448=EDGE_CURVE('',#7899,#7905,#7906,.T.);
#6449=EDGE_CURVE('',#7907,#7905,#7908,.T.);
#6450=EDGE_CURVE('',#7901,#7907,#7909,.T.);
#6451=FILL_AREA_STYLE('',(#7910));
#6452=EDGE_CURVE('',#7905,#7911,#7912,.T.);
#6453=EDGE_CURVE('',#7913,#7911,#7914,.T.);
#6454=EDGE_CURVE('',#7907,#7913,#7915,.T.);
#6455=FILL_AREA_STYLE('',(#7916));
#6456=EDGE_CURVE('',#7911,#7917,#7918,.T.);
#6457=EDGE_CURVE('',#7919,#7917,#7920,.T.);
#6458=EDGE_CURVE('',#7913,#7919,#7921,.T.);
#6459=FILL_AREA_STYLE('',(#7922));
#6460=EDGE_CURVE('',#7917,#7923,#7924,.T.);
#6461=EDGE_CURVE('',#7925,#7923,#7926,.T.);
#6462=EDGE_CURVE('',#7919,#7925,#7927,.T.);
#6463=FILL_AREA_STYLE('',(#7928));
#6464=EDGE_CURVE('',#7923,#7929,#7930,.T.);
#6465=EDGE_CURVE('',#7931,#7929,#7932,.T.);
#6466=EDGE_CURVE('',#7925,#7931,#7933,.T.);
#6467=FILL_AREA_STYLE('',(#7934));
#6468=EDGE_CURVE('',#7929,#7935,#7936,.T.);
#6469=EDGE_CURVE('',#7937,#7935,#7938,.T.);
#6470=EDGE_CURVE('',#7931,#7937,#7939,.T.);
#6471=FILL_AREA_STYLE('',(#7940));
#6472=EDGE_CURVE('',#7935,#7941,#7942,.T.);
#6473=EDGE_CURVE('',#7943,#7941,#7944,.T.);
#6474=EDGE_CURVE('',#7937,#7943,#7945,.T.);
#6475=FILL_AREA_STYLE('',(#7946));
#6476=EDGE_CURVE('',#7941,#7947,#7948,.T.);
#6477=EDGE_CURVE('',#7949,#7947,#7950,.T.);
#6478=EDGE_CURVE('',#7943,#7949,#7951,.T.);
#6479=FILL_AREA_STYLE('',(#7952));
#6480=EDGE_CURVE('',#7947,#7953,#7954,.T.);
#6481=EDGE_CURVE('',#7955,#7953,#7956,.T.);
#6482=EDGE_CURVE('',#7949,#7955,#7957,.T.);
#6483=FILL_AREA_STYLE('',(#7958));
#6484=EDGE_CURVE('',#7953,#7800,#7959,.T.);
#6485=EDGE_CURVE('',#7955,#7805,#7960,.T.);
#6486=FILL_AREA_STYLE('',(#7961));
#6487=FILL_AREA_STYLE('',(#7962));
#6488=EDGE_CURVE('',#7963,#7964,#7965,.T.);
#6489=EDGE_CURVE('',#7966,#7963,#7967,.T.);
#6490=EDGE_CURVE('',#7968,#7966,#7969,.T.);
#6491=EDGE_CURVE('',#7968,#7964,#7970,.T.);
#6492=FILL_AREA_STYLE('',(#7971));
#6493=EDGE_CURVE('',#7964,#7972,#7973,.T.);
#6494=EDGE_CURVE('',#7974,#7968,#7975,.T.);
#6495=EDGE_CURVE('',#7974,#7972,#7976,.T.);
#6496=FILL_AREA_STYLE('',(#7977));
#6497=EDGE_CURVE('',#7972,#7978,#7979,.T.);
#6498=EDGE_CURVE('',#7980,#7974,#7981,.T.);
#6499=EDGE_CURVE('',#7980,#7978,#7982,.T.);
#6500=FILL_AREA_STYLE('',(#7983));
#6501=EDGE_CURVE('',#7978,#7963,#7984,.T.);
#6502=EDGE_CURVE('',#7966,#7980,#7985,.T.);
#6503=FILL_AREA_STYLE('',(#7986));
#6504=FILL_AREA_STYLE('',(#7987));
#6505=EDGE_CURVE('',#6908,#7988,#7989,.T.);
#6506=EDGE_CURVE('',#7988,#7990,#7991,.T.);
#6507=EDGE_CURVE('',#7990,#6907,#7992,.T.);
#6508=FILL_AREA_STYLE('',(#7993));
#6509=EDGE_CURVE('',#7994,#7990,#7995,.T.);
#6510=EDGE_CURVE('',#7994,#7996,#7997,.T.);
#6511=EDGE_CURVE('',#6910,#7996,#7998,.T.);
#6512=FILL_AREA_STYLE('',(#7999));
#6513=EDGE_CURVE('',#7988,#8000,#8001,.T.);
#6514=EDGE_CURVE('',#8002,#8000,#8003,.T.);
#6515=EDGE_CURVE('',#8002,#8004,#8005,.T.);
#6516=EDGE_CURVE('',#8004,#6759,#8006,.T.);
#6517=EDGE_CURVE('',#7994,#6757,#8007,.T.);
#6518=EDGE_CURVE('',#8008,#8009,#8010,.T.);
#6519=EDGE_CURVE('',#8009,#8011,#8012,.T.);
#6520=EDGE_CURVE('',#8011,#8013,#8014,.T.);
#6521=EDGE_CURVE('',#8013,#8008,#8015,.T.);
#6522=FILL_AREA_STYLE('',(#8016));
#6523=EDGE_CURVE('',#6899,#8002,#8017,.T.);
#6524=EDGE_CURVE('',#8000,#6898,#8018,.T.);
#6525=FILL_AREA_STYLE('',(#8019));
#6526=EDGE_CURVE('',#8020,#6903,#8021,.T.);
#6527=EDGE_CURVE('',#8020,#8004,#8022,.T.);
#6528=FILL_AREA_STYLE('',(#8023));
#6529=EDGE_CURVE('',#6894,#6890,#8024,.T.);
#6530=FILL_AREA_STYLE('',(#8025));
#6531=EDGE_CURVE('',#6885,#6881,#8026,.T.);
#6532=FILL_AREA_STYLE('',(#8027));
#6533=EDGE_CURVE('',#6871,#6802,#8028,.T.);
#6534=EDGE_CURVE('',#6799,#8029,#8030,.T.);
#6535=EDGE_CURVE('',#8029,#6863,#8031,.T.);
#6536=FILL_AREA_STYLE('',(#8032));
#6537=EDGE_CURVE('',#6872,#6795,#8033,.T.);
#6538=EDGE_CURVE('',#6795,#6802,#8034,.T.);
#6539=FILL_AREA_STYLE('',(#8035));
#6540=EDGE_CURVE('',#8029,#6811,#8036,.T.);
#6541=EDGE_CURVE('',#6811,#6862,#8037,.T.);
#6542=FILL_AREA_STYLE('',(#8038));
#6543=EDGE_CURVE('',#6853,#8039,#8040,.T.);
#6544=EDGE_CURVE('',#8039,#6791,#8041,.T.);
#6545=FILL_AREA_STYLE('',(#8042));
#6546=EDGE_CURVE('',#8043,#6845,#8044,.T.);
#6547=EDGE_CURVE('',#6808,#8043,#8045,.T.);
#6548=FILL_AREA_STYLE('',(#8046));
#6549=EDGE_CURVE('',#6854,#6777,#8047,.T.);
#6550=EDGE_CURVE('',#6777,#8039,#8048,.T.);
#6551=FILL_AREA_STYLE('',(#8049));
#6552=EDGE_CURVE('',#8043,#6820,#8050,.T.);
#6553=EDGE_CURVE('',#6820,#6844,#8051,.T.);
#6554=FILL_AREA_STYLE('',(#8052));
#6555=EDGE_CURVE('',#6835,#8053,#8054,.T.);
#6556=EDGE_CURVE('',#8053,#6773,#8055,.T.);
#6557=FILL_AREA_STYLE('',(#8056));
#6558=EDGE_CURVE('',#8057,#6827,#8058,.T.);
#6559=EDGE_CURVE('',#6817,#8057,#8059,.T.);
#6560=FILL_AREA_STYLE('',(#8060));
#6561=EDGE_CURVE('',#6836,#8061,#8062,.T.);
#6562=EDGE_CURVE('',#8061,#8053,#8063,.T.);
#6563=FILL_AREA_STYLE('',(#8064));
#6564=EDGE_CURVE('',#8057,#6784,#8065,.T.);
#6565=EDGE_CURVE('',#6784,#6826,#8066,.T.);
#6566=FILL_AREA_STYLE('',(#8067));
#6567=EDGE_CURVE('',#6781,#8061,#8068,.T.);
#6568=FILL_AREA_STYLE('',(#8069));
#6569=EDGE_CURVE('',#8070,#8057,#8071,.T.);
#6570=EDGE_CURVE('',#6786,#8070,#8072,.T.);
#6571=FILL_AREA_STYLE('',(#8073));
#6572=EDGE_CURVE('',#6818,#8070,#8074,.T.);
#6573=FILL_AREA_STYLE('',(#8075));
#6574=EDGE_CURVE('',#8076,#8043,#8077,.T.);
#6575=EDGE_CURVE('',#6822,#8076,#8078,.T.);
#6576=FILL_AREA_STYLE('',(#8079));
#6577=EDGE_CURVE('',#6809,#8076,#8080,.T.);
#6578=FILL_AREA_STYLE('',(#8081));
#6579=EDGE_CURVE('',#8082,#8029,#8083,.T.);
#6580=EDGE_CURVE('',#6813,#8082,#8084,.T.);
#6581=FILL_AREA_STYLE('',(#8085));
#6582=EDGE_CURVE('',#6800,#8082,#8086,.T.);
#6583=FILL_AREA_STYLE('',(#8087));
#6584=FILL_AREA_STYLE('',(#8088));
#6585=EDGE_CURVE('',#8039,#8089,#8090,.T.);
#6586=EDGE_CURVE('',#8089,#6790,#8091,.T.);
#6587=FILL_AREA_STYLE('',(#8092));
#6588=EDGE_CURVE('',#6804,#6793,#8093,.T.);
#6589=FILL_AREA_STYLE('',(#8094));
#6590=EDGE_CURVE('',#8095,#6745,#8096,.T.);
#6591=EDGE_CURVE('',#8095,#8097,#8098,.T.);
#6592=EDGE_CURVE('',#6764,#8097,#8099,.T.);
#6593=EDGE_CURVE('',#6768,#8100,#8101,.T.);
#6594=EDGE_CURVE('',#8100,#8102,#8103,.T.);
#6595=EDGE_CURVE('',#8102,#8104,#8105,.T.);
#6596=EDGE_CURVE('',#8104,#6748,#8106,.T.);
#6597=EDGE_CURVE('',#8089,#6775,#8107,.T.);
#6598=EDGE_CURVE('',#8108,#6772,#8109,.T.);
#6599=EDGE_CURVE('',#8108,#8110,#8111,.T.);
#6600=EDGE_CURVE('',#6782,#8110,#8112,.T.);
#6601=FILL_AREA_STYLE('',(#8113));
#6602=EDGE_CURVE('',#8110,#8061,#8114,.T.);
#6603=FILL_AREA_STYLE('',(#8115));
#6604=EDGE_CURVE('',#8053,#8108,#8116,.T.);
#6605=FILL_AREA_STYLE('',(#8117));
#6606=FILL_AREA_STYLE('',(#8118));
#6607=FILL_AREA_STYLE('',(#8119));
#6608=EDGE_CURVE('',#8097,#8120,#8121,.T.);
#6609=EDGE_CURVE('',#8120,#6763,#8122,.T.);
#6610=FILL_AREA_STYLE('',(#8123));
#6611=EDGE_CURVE('',#8124,#6755,#8125,.T.);
#6612=EDGE_CURVE('',#6759,#6766,#8126,.T.);
#6613=EDGE_CURVE('',#8120,#8124,#8127,.T.);
#6614=FILL_AREA_STYLE('',(#8128));
#6615=EDGE_CURVE('',#8124,#8129,#8130,.T.);
#6616=EDGE_CURVE('',#8129,#6754,#8131,.T.);
#6617=FILL_AREA_STYLE('',(#8132));
#6618=EDGE_CURVE('',#8133,#6746,#8134,.T.);
#6619=EDGE_CURVE('',#6750,#6757,#8135,.T.);
#6620=EDGE_CURVE('',#8129,#8133,#8136,.T.);
#6621=FILL_AREA_STYLE('',(#8137));
#6622=EDGE_CURVE('',#8133,#8095,#8138,.T.);
#6623=FILL_AREA_STYLE('',(#8139));
#6624=FILL_AREA_STYLE('',(#8140));
#6625=EDGE_CURVE('',#8141,#8142,#8143,.T.);
#6626=EDGE_CURVE('',#8009,#8141,#8144,.T.);
#6627=EDGE_CURVE('',#8008,#8142,#8145,.T.);
#6628=FILL_AREA_STYLE('',(#8146));
#6629=EDGE_CURVE('',#8142,#8147,#8148,.T.);
#6630=EDGE_CURVE('',#8013,#8147,#8149,.T.);
#6631=FILL_AREA_STYLE('',(#8150));
#6632=EDGE_CURVE('',#8147,#8151,#8152,.T.);
#6633=EDGE_CURVE('',#8011,#8151,#8153,.T.);
#6634=FILL_AREA_STYLE('',(#8154));
#6635=EDGE_CURVE('',#8151,#8141,#8155,.T.);
#6636=FILL_AREA_STYLE('',(#8156));
#6637=FILL_AREA_STYLE('',(#8157));
#6638=EDGE_CURVE('',#8020,#6766,#8158,.T.);
#6639=FILL_AREA_STYLE('',(#8159));
#6640=EDGE_CURVE('',#7996,#6750,#8160,.T.);
#6641=FILL_AREA_STYLE('',(#8161));
#6642=EDGE_CURVE('',#8100,#6901,#8162,.T.);
#6643=FILL_AREA_STYLE('',(#8163));
#6644=EDGE_CURVE('',#6741,#6735,#8164,.T.);
#6645=FILL_AREA_STYLE('',(#8165));
#6646=EDGE_CURVE('',#6727,#6730,#8166,.T.);
#6647=FILL_AREA_STYLE('',(#8167));
#6648=FILL_AREA_STYLE('',(#8168));
#6649=FILL_AREA_STYLE('',(#8169));
#6650=EDGE_CURVE('',#6713,#6716,#8170,.T.);
#6651=FILL_AREA_STYLE('',(#8171));
#6652=EDGE_CURVE('',#6700,#6698,#8172,.T.);
#6653=FILL_AREA_STYLE('',(#8173));
#6654=FILL_AREA_STYLE('',(#8174));
#6655=EDGE_CURVE('',#6692,#6702,#8175,.T.);
#6656=FILL_AREA_STYLE('',(#8176));
#6657=EDGE_CURVE('',#8102,#6690,#8177,.T.);
#6658=EDGE_CURVE('',#6687,#8102,#8178,.T.);
#6659=FILL_AREA_STYLE('',(#8179));
#6660=FILL_AREA_STYLE('',(#8180));
#6661=EDGE_CURVE('',#6912,#8104,#8181,.T.);
#6662=FILL_AREA_STYLE('',(#8182));
#6663=FILL_AREA_STYLE('',(#8183));
#6664=FILL_AREA_STYLE_COLOUR('',#8184);
#6665=VERTEX_POINT('',#8185);
#6666=VERTEX_POINT('',#8186);
#6667=(B_SPLINE_CURVE(2,(#8188,#8189,#8190),.UNSPECIFIED.,.F.,.F.)B_SPLINE_CURVE_WITH_KNOTS((3,3),(-2.64344555032837E-46,1.5707963267949),.UNSPECIFIED.)RATIONAL_B_SPLINE_CURVE((1.0,0.707106781186548,1.0))BOUNDED_CURVE()REPRESENTATION_ITEM('')GEOMETRIC_REPRESENTATION_ITEM()CURVE());
#6668=VERTEX_POINT('',#8197);
#6669=CIRCLE('',#8198,2.055);
#6670=VERTEX_POINT('',#8199);
#6671=CIRCLE('',#8200,2.0);
#6672=VERTEX_POINT('',#8201);
#6673=CIRCLE('',#8202,0.055);
#6674=VERTEX_POINT('',#8203);
#6675=CIRCLE('',#8204,2.0);
#6676=B_SPLINE_CURVE_WITH_KNOTS('',3,(#8205,#8206,#8207,#8208,#8209,#8210,#8211,#8212,#8213,#8214,#8215,#8216,#8217,#8218,#8219,#8220,#8221,#8222,#8223,#8224,#8225,#8226,#8227,#8228,#8229,#8230),.UNSPECIFIED.,.F.,.F.,(4,2,2,2,2,2,2,2,2,2,2,2,4),(-0.499889506683303,-0.489504437304582,-0.479053054815084,-0.465669585022648,-0.415378618572709,-0.37902389385231,-0.338742146273854,-0.308426043585245,-0.28633353472658,-0.263939746165701,-0.252849095837729,-0.247264727558051,-0.243823362106005),.UNSPECIFIED.);
#6677=FILL_AREA_STYLE_COLOUR('',#8231);
#6678=VERTEX_POINT('',#8232);
#6679=VERTEX_POINT('',#8233);
#6680=CIRCLE('',#8234,0.7);
#6681=VERTEX_POINT('',#8235);
#6682=CIRCLE('',#8236,4.5);
#6683=VERTEX_POINT('',#8237);
#6684=CIRCLE('',#8238,0.7);
#6685=CIRCLE('',#8239,3.1);
#6686=FILL_AREA_STYLE_COLOUR('',#8240);
#6687=VERTEX_POINT('',#8241);
#6688=VERTEX_POINT('',#8242);
#6689=LINE('',#8243,#8244);
#6690=VERTEX_POINT('',#8245);
#6691=CIRCLE('',#8246,5.5);
#6692=VERTEX_POINT('',#8247);
#6693=LINE('',#8248,#8249);
#6694=VERTEX_POINT('',#8250);
#6695=CIRCLE('',#8251,5.5);
#6696=CIRCLE('',#8252,5.5);
#6697=FILL_AREA_STYLE_COLOUR('',#8253);
#6698=VERTEX_POINT('',#8254);
#6699=CIRCLE('',#8255,0.25);
#6700=VERTEX_POINT('',#8256);
#6701=CIRCLE('',#8257,5.25);
#6702=VERTEX_POINT('',#8258);
#6703=CIRCLE('',#8259,0.25);
#6704=CIRCLE('',#8260,5.5);
#6705=FILL_AREA_STYLE_COLOUR('',#8261);
#6706=VERTEX_POINT('',#8262);
#6707=LINE('',#8263,#8264);
#6708=VERTEX_POINT('',#8265);
#6709=CIRCLE('',#8266,4.5);
#6710=LINE('',#8267,#8268);
#6711=CIRCLE('',#8269,4.5);
#6712=FILL_AREA_STYLE_COLOUR('',#8270);
#6713=VERTEX_POINT('',#8271);
#6714=CIRCLE('',#8272,0.25);
#6715=CIRCLE('',#8273,4.5);
#6716=VERTEX_POINT('',#8274);
#6717=CIRCLE('',#8275,0.25);
#6718=CIRCLE('',#8276,4.75);
#6719=FILL_AREA_STYLE_COLOUR('',#8277);
#6720=VERTEX_POINT('',#8278);
#6721=LINE('',#8279,#8280);
#6722=CIRCLE('',#8281,3.1);
#6723=VERTEX_POINT('',#8282);
#6724=LINE('',#8283,#8284);
#6725=CIRCLE('',#8285,3.1);
#6726=FILL_AREA_STYLE_COLOUR('',#8286);
#6727=VERTEX_POINT('',#8287);
#6728=CIRCLE('',#8288,0.25);
#6729=CIRCLE('',#8289,3.1);
#6730=VERTEX_POINT('',#8290);
#6731=CIRCLE('',#8291,0.25);
#6732=CIRCLE('',#8292,2.85);
#6733=FILL_AREA_STYLE_COLOUR('',#8293);
#6734=VERTEX_POINT('',#8294);
#6735=VERTEX_POINT('',#8295);
#6736=LINE('',#8296,#8297);
#6737=VERTEX_POINT('',#8298);
#6738=CIRCLE('',#8299,2.2);
#6739=VERTEX_POINT('',#8300);
#6740=CIRCLE('',#8301,2.2);
#6741=VERTEX_POINT('',#8302);
#6742=LINE('',#8303,#8304);
#6743=CIRCLE('',#8305,2.2);
#6744=FILL_AREA_STYLE_COLOUR('',#8306);
#6745=VERTEX_POINT('',#8307);
#6746=VERTEX_POINT('',#8308);
#6747=LINE('',#8309,#8310);
#6748=VERTEX_POINT('',#8311);
#6749=CIRCLE('',#8312,1.5);
#6750=VERTEX_POINT('',#8313);
#6751=LINE('',#8314,#8315);
#6752=CIRCLE('',#8316,1.5);
#6753=FILL_AREA_STYLE_COLOUR('',#8317);
#6754=VERTEX_POINT('',#8318);
#6755=VERTEX_POINT('',#8319);
#6756=LINE('',#8320,#8321);
#6757=VERTEX_POINT('',#8322);
#6758=CIRCLE('',#8323,1.5);
#6759=VERTEX_POINT('',#8324);
#6760=LINE('',#8325,#8326);
#6761=CIRCLE('',#8327,1.5);
#6762=FILL_AREA_STYLE_COLOUR('',#8328);
#6763=VERTEX_POINT('',#8329);
#6764=VERTEX_POINT('',#8330);
#6765=LINE('',#8331,#8332);
#6766=VERTEX_POINT('',#8333);
#6767=CIRCLE('',#8334,1.5);
#6768=VERTEX_POINT('',#8335);
#6769=LINE('',#8336,#8337);
#6770=CIRCLE('',#8338,1.5);
#6771=FILL_AREA_STYLE_COLOUR('',#8339);
#6772=VERTEX_POINT('',#8340);
#6773=VERTEX_POINT('',#8341);
#6774=LINE('',#8342,#8343);
#6775=VERTEX_POINT('',#8344);
#6776=CIRCLE('',#8345,1.0);
#6777=VERTEX_POINT('',#8346);
#6778=LINE('',#8347,#8348);
#6779=CIRCLE('',#8349,1.0);
#6780=FILL_AREA_STYLE_COLOUR('',#8350);
#6781=VERTEX_POINT('',#8351);
#6782=VERTEX_POINT('',#8352);
#6783=LINE('',#8353,#8354);
#6784=VERTEX_POINT('',#8355);
#6785=CIRCLE('',#8356,1.0);
#6786=VERTEX_POINT('',#8357);
#6787=LINE('',#8358,#8359);
#6788=CIRCLE('',#8360,1.0);
#6789=FILL_AREA_STYLE_COLOUR('',#8361);
#6790=VERTEX_POINT('',#8362);
#6791=VERTEX_POINT('',#8363);
#6792=LINE('',#8364,#8365);
#6793=VERTEX_POINT('',#8366);
#6794=CIRCLE('',#8367,1.0);
#6795=VERTEX_POINT('',#8368);
#6796=LINE('',#8369,#8370);
#6797=CIRCLE('',#8371,1.0);
#6798=FILL_AREA_STYLE_COLOUR('',#8372);
#6799=VERTEX_POINT('',#8373);
#6800=VERTEX_POINT('',#8374);
#6801=LINE('',#8375,#8376);
#6802=VERTEX_POINT('',#8377);
#6803=CIRCLE('',#8378,1.0);
#6804=VERTEX_POINT('',#8379);
#6805=LINE('',#8380,#8381);
#6806=CIRCLE('',#8382,1.0);
#6807=FILL_AREA_STYLE_COLOUR('',#8383);
#6808=VERTEX_POINT('',#8384);
#6809=VERTEX_POINT('',#8385);
#6810=LINE('',#8386,#8387);
#6811=VERTEX_POINT('',#8388);
#6812=CIRCLE('',#8389,1.0);
#6813=VERTEX_POINT('',#8390);
#6814=LINE('',#8391,#8392);
#6815=CIRCLE('',#8393,1.0);
#6816=FILL_AREA_STYLE_COLOUR('',#8394);
#6817=VERTEX_POINT('',#8395);
#6818=VERTEX_POINT('',#8396);
#6819=LINE('',#8397,#8398);
#6820=VERTEX_POINT('',#8399);
#6821=CIRCLE('',#8400,1.0);
#6822=VERTEX_POINT('',#8401);
#6823=LINE('',#8402,#8403);
#6824=CIRCLE('',#8404,1.0);
#6825=FILL_AREA_STYLE_COLOUR('',#8405);
#6826=VERTEX_POINT('',#8406);
#6827=VERTEX_POINT('',#8407);
#6828=LINE('',#8408,#8409);
#6829=VERTEX_POINT('',#8410);
#6830=CIRCLE('',#8411,0.5);
#6831=VERTEX_POINT('',#8412);
#6832=LINE('',#8413,#8414);
#6833=CIRCLE('',#8415,0.5);
#6834=FILL_AREA_STYLE_COLOUR('',#8416);
#6835=VERTEX_POINT('',#8417);
#6836=VERTEX_POINT('',#8418);
#6837=LINE('',#8419,#8420);
#6838=VERTEX_POINT('',#8421);
#6839=CIRCLE('',#8422,0.5);
#6840=VERTEX_POINT('',#8423);
#6841=LINE('',#8424,#8425);
#6842=CIRCLE('',#8426,0.5);
#6843=FILL_AREA_STYLE_COLOUR('',#8427);
#6844=VERTEX_POINT('',#8428);
#6845=VERTEX_POINT('',#8429);
#6846=LINE('',#8430,#8431);
#6847=VERTEX_POINT('',#8432);
#6848=CIRCLE('',#8433,0.5);
#6849=VERTEX_POINT('',#8434);
#6850=LINE('',#8435,#8436);
#6851=CIRCLE('',#8437,0.5);
#6852=FILL_AREA_STYLE_COLOUR('',#8438);
#6853=VERTEX_POINT('',#8439);
#6854=VERTEX_POINT('',#8440);
#6855=LINE('',#8441,#8442);
#6856=VERTEX_POINT('',#8443);
#6857=CIRCLE('',#8444,0.5);
#6858=VERTEX_POINT('',#8445);
#6859=LINE('',#8446,#8447);
#6860=CIRCLE('',#8448,0.5);
#6861=FILL_AREA_STYLE_COLOUR('',#8449);
#6862=VERTEX_POINT('',#8450);
#6863=VERTEX_POINT('',#8451);
#6864=LINE('',#8452,#8453);
#6865=VERTEX_POINT('',#8454);
#6866=CIRCLE('',#8455,0.5);
#6867=VERTEX_POINT('',#8456);
#6868=LINE('',#8457,#8458);
#6869=CIRCLE('',#8459,0.500000000000002);
#6870=FILL_AREA_STYLE_COLOUR('',#8460);
#6871=VERTEX_POINT('',#8461);
#6872=VERTEX_POINT('',#8462);
#6873=LINE('',#8463,#8464);
#6874=VERTEX_POINT('',#8465);
#6875=CIRCLE('',#8466,0.5);
#6876=VERTEX_POINT('',#8467);
#6877=LINE('',#8468,#8469);
#6878=CIRCLE('',#8470,0.5);
#6879=FILL_AREA_STYLE_COLOUR('',#8471);
#6880=VERTEX_POINT('',#8472);
#6881=VERTEX_POINT('',#8473);
#6882=LINE('',#8474,#8475);
#6883=VERTEX_POINT('',#8476);
#6884=B_SPLINE_CURVE_WITH_KNOTS('',3,(#8477,#8478,#8479,#8480,#8481,#8482,#8483,#8484,#8485,#8486,#8487,#8488,#8489,#8490,#8491,#8492,#8493,#8494),.UNSPECIFIED.,.F.,.F.,(4,2,2,2,2,2,2,2,4),(0.0,0.0188456066624925,0.037691213324985,0.0565367756017513,0.0753823378785175,0.0942279001552838,0.11307346243205,0.131919069094543,0.150764675757035),.UNSPECIFIED.);
#6885=VERTEX_POINT('',#8495);
#6886=LINE('',#8496,#8497);
#6887=CIRCLE('',#8498,0.5);
#6888=FILL_AREA_STYLE_COLOUR('',#8499);
#6889=VERTEX_POINT('',#8500);
#6890=VERTEX_POINT('',#8501);
#6891=LINE('',#8502,#8503);
#6892=VERTEX_POINT('',#8504);
#6893=B_SPLINE_CURVE_WITH_KNOTS('',3,(#8505,#8506,#8507,#8508,#8509,#8510,#8511,#8512,#8513,#8514,#8515,#8516,#8517,#8518,#8519,#8520,#8521,#8522),.UNSPECIFIED.,.F.,.F.,(4,2,2,2,2,2,2,2,4),(0.0,0.0188456066624926,0.0376912133249852,0.0565367756017514,0.0753823378785175,0.0942279001552838,0.11307346243205,0.131919069094543,0.150764675757035),.UNSPECIFIED.);
#6894=VERTEX_POINT('',#8523);
#6895=LINE('',#8524,#8525);
#6896=CIRCLE('',#8526,0.5);
#6897=FILL_AREA_STYLE_COLOUR('',#8527);
#6898=VERTEX_POINT('',#8528);
#6899=VERTEX_POINT('',#8529);
#6900=LINE('',#8530,#8531);
#6901=VERTEX_POINT('',#8532);
#6902=CIRCLE('',#8533,0.5);
#6903=VERTEX_POINT('',#8534);
#6904=LINE('',#8535,#8536);
#6905=CIRCLE('',#8537,0.5);
#6906=FILL_AREA_STYLE_COLOUR('',#8538);
#6907=VERTEX_POINT('',#8539);
#6908=VERTEX_POINT('',#8540);
#6909=LINE('',#8541,#8542);
#6910=VERTEX_POINT('',#8543);
#6911=CIRCLE('',#8544,0.5);
#6912=VERTEX_POINT('',#8545);
#6913=LINE('',#8546,#8547);
#6914=CIRCLE('',#8548,0.5);
#6915=FILL_AREA_STYLE_COLOUR('',#8549);
#6916=VERTEX_POINT('',#8550);
#6917=VERTEX_POINT('',#8551);
#6918=LINE('',#8552,#8553);
#6919=VERTEX_POINT('',#8554);
#6920=B_SPLINE_CURVE_WITH_KNOTS('',3,(#8555,#8556,#8557,#8558,#8559,#8560,#8561,#8562,#8563,#8564,#8565,#8566,#8567,#8568,#8569,#8570,#8571,#8572),.UNSPECIFIED.,.F.,.F.,(4,2,2,2,2,2,2,2,4),(0.181515944611127,0.204206579045216,0.226897213479305,0.249585565197998,0.27227391691669,0.294962268635383,0.317650620354075,0.340341254788164,0.363031889222254),.UNSPECIFIED.);
#6921=VERTEX_POINT('',#8573);
#6922=LINE('',#8574,#8575);
#6923=CIRCLE('',#8576,0.6);
#6924=FILL_AREA_STYLE_COLOUR('',#8577);
#6925=VERTEX_POINT('',#8578);
#6926=VERTEX_POINT('',#8579);
#6927=LINE('',#8580,#8581);
#6928=VERTEX_POINT('',#8582);
#6929=CIRCLE('',#8583,0.6);
#6930=VERTEX_POINT('',#8584);
#6931=LINE('',#8585,#8586);
#6932=CIRCLE('',#8587,0.6);
#6933=FILL_AREA_STYLE_COLOUR('',#8588);
#6934=VERTEX_POINT('',#8589);
#6935=VERTEX_POINT('',#8590);
#6936=LINE('',#8591,#8592);
#6937=VERTEX_POINT('',#8593);
#6938=CIRCLE('',#8594,0.6);
#6939=VERTEX_POINT('',#8595);
#6940=LINE('',#8596,#8597);
#6941=CIRCLE('',#8598,0.6);
#6942=FILL_AREA_STYLE_COLOUR('',#8599);
#6943=VERTEX_POINT('',#8600);
#6944=LINE('',#8601,#8602);
#6945=VERTEX_POINT('',#8603);
#6946=LINE('',#8604,#8605);
#6947=CIRCLE('',#8606,2.055);
#6948=FILL_AREA_STYLE_COLOUR('',#8607);
#6949=VERTEX_POINT('',#8608);
#6950=VERTEX_POINT('',#8609);
#6951=LINE('',#8610,#8611);
#6952=VERTEX_POINT('',#8612);
#6953=CIRCLE('',#8613,0.75);
#6954=VERTEX_POINT('',#8614);
#6955=LINE('',#8615,#8616);
#6956=CIRCLE('',#8617,1.0);
#6957=FILL_AREA_STYLE_COLOUR('',#8618);
#6958=VERTEX_POINT('',#8619);
#6959=VERTEX_POINT('',#8620);
#6960=LINE('',#8621,#8622);
#6961=VERTEX_POINT('',#8623);
#6962=B_SPLINE_CURVE_WITH_KNOTS('',3,(#8624,#8625,#8626,#8627,#8628,#8629,#8630,#8631,#8632,#8633,#8634,#8635,#8636,#8637,#8638,#8639,#8640,#8641,#8642,#8643,#8644,#8645,#8646,#8647,#8648,#8649),.UNSPECIFIED.,.F.,.F.,(4,2,2,2,2,2,2,2,2,2,2,2,4),(0.0,0.0207862180077395,0.0415724360154791,0.0623571896424678,0.0831419432694566,0.103926696896445,0.124711450523434,0.145497668531174,0.166283886538913,0.187070104546653,0.207856322554392,0.228641076181381,0.24942582980837),.UNSPECIFIED.);
#6963=VERTEX_POINT('',#8650);
#6964=B_SPLINE_CURVE_WITH_KNOTS('',3,(#8651,#8652,#8653,#8654,#8655,#8656,#8657,#8658,#8659,#8660),.UNSPECIFIED.,.F.,.F.,(4,2,2,2,4),(0.24942582980837,0.270210583435359,0.290995337062347,0.311781555070087,0.332567773077826),.UNSPECIFIED.);
#6965=LINE('',#8661,#8662);
#6966=CIRCLE('',#8663,0.55);
#6967=FILL_AREA_STYLE_COLOUR('',#8664);
#6968=LINE('',#8665,#8666);
#6969=VERTEX_POINT('',#8667);
#6970=CIRCLE('',#8668,2.2);
#6971=LINE('',#8669,#8670);
#6972=CIRCLE('',#8671,2.055);
#6973=FILL_AREA_STYLE_COLOUR('',#8672);
#6974=VERTEX_POINT('',#8673);
#6975=LINE('',#8674,#8675);
#6976=VERTEX_POINT('',#8676);
#6977=CIRCLE('',#8677,1.0);
#6978=LINE('',#8678,#8679);
#6979=CIRCLE('',#8680,1.0);
#6980=FILL_AREA_STYLE_COLOUR('',#8681);
#6981=CIRCLE('',#8682,1.0);
#6982=FILL_AREA_STYLE_COLOUR('',#8683);
#6983=CIRCLE('',#8684,2.2);
#6984=FILL_AREA_STYLE_COLOUR('',#8685);
#6985=B_SPLINE_CURVE_WITH_KNOTS('',3,(#8686,#8687,#8688,#8689,#8690,#8691,#8692,#8693,#8694,#8695,#8696,#8697,#8698,#8699,#8700,#8701,#8702,#8703),.UNSPECIFIED.,.F.,.F.,(4,2,2,2,2,2,2,2,4),(0.0,0.0226906344340893,0.0453812688681785,0.068069620586871,0.0907579723055634,0.113446324024256,0.136134675742948,0.158825310177037,0.181515944611127),.UNSPECIFIED.);
#6986=B_SPLINE_CURVE_WITH_KNOTS('',3,(#8704,#8705,#8706,#8707,#8708,#8709,#8710,#8711,#8712,#8713,#8714,#8715,#8716,#8717,#8718,#8719,#8720,#8721,#8722,#8723,#8724,#8725,#8726,#8727,#8728,#8729),.UNSPECIFIED.,.F.,.F.,(4,2,2,2,2,2,2,2,2,2,2,2,4),(0.0,0.0207862180077395,0.0415724360154791,0.0623571896424678,0.0831419432694566,0.103926696896445,0.124711450523434,0.145497668531174,0.166283886538913,0.187070104546653,0.207856322554392,0.228641076181381,0.24942582980837),.UNSPECIFIED.);
#6987=FILL_AREA_STYLE_COLOUR('',#8730);
#6988=VERTEX_POINT('',#8731);
#6989=VERTEX_POINT('',#8732);
#6990=CIRCLE('',#8733,2.0);
#6991=CIRCLE('',#8734,0.55);
#6992=LINE('',#8735,#8736);
#6993=FILL_AREA_STYLE_COLOUR('',#8737);
#6994=B_SPLINE_CURVE_WITH_KNOTS('',3,(#8738,#8739,#8740,#8741,#8742,#8743,#8744,#8745,#8746,#8747,#8748,#8749,#8750,#8751,#8752,#8753,#8754,#8755,#8756,#8757,#8758,#8759,#8760,#8761,#8762,#8763),.UNSPECIFIED.,.F.,.F.,(4,2,2,2,2,2,2,2,2,2,2,2,4),(-0.243823362106005,-0.243080750887437,-0.238629590335989,-0.231720238785982,-0.212620070472594,-0.191923321327989,-0.163856113733147,-0.124740761358357,-0.0675466566755874,-0.0332835810906381,-0.0199082174663246,-0.0105109979572932,2.33391038879498E-18),.UNSPECIFIED.);
#6995=FILL_AREA_STYLE_COLOUR('',#8764);
#6996=CIRCLE('',#8765,0.055);
#6997=FILL_AREA_STYLE_COLOUR('',#8766);
#6998=CIRCLE('',#8767,0.75);
#6999=FILL_AREA_STYLE_COLOUR('',#8768);
#7000=FILL_AREA_STYLE_COLOUR('',#8769);
#7001=CIRCLE('',#8770,2.055);
#7002=FILL_AREA_STYLE_COLOUR('',#8771);
#7003=FILL_AREA_STYLE_COLOUR('',#8772);
#7004=VERTEX_POINT('',#8773);
#7005=VERTEX_POINT('',#8774);
#7006=LINE('',#8775,#8776);
#7007=VERTEX_POINT('',#8777);
#7008=LINE('',#8778,#8779);
#7009=VERTEX_POINT('',#8780);
#7010=LINE('',#8781,#8782);
#7011=LINE('',#8783,#8784);
#7012=FILL_AREA_STYLE_COLOUR('',#8785);
#7013=VERTEX_POINT('',#8786);
#7014=VERTEX_POINT('',#8787);
#7015=LINE('',#8788,#8789);
#7016=VERTEX_POINT('',#8790);
#7017=LINE('',#8791,#8792);
#7018=VERTEX_POINT('',#8793);
#7019=LINE('',#8794,#8795);
#7020=VERTEX_POINT('',#8796);
#7021=LINE('',#8797,#8798);
#7022=VERTEX_POINT('',#8799);
#7023=LINE('',#8800,#8801);
#7024=LINE('',#8802,#8803);
#7025=FILL_AREA_STYLE_COLOUR('',#8804);
#7026=VERTEX_POINT('',#8805);
#7027=VERTEX_POINT('',#8806);
#7028=LINE('',#8807,#8808);
#7029=VERTEX_POINT('',#8809);
#7030=LINE('',#8810,#8811);
#7031=VERTEX_POINT('',#8812);
#7032=LINE('',#8813,#8814);
#7033=VERTEX_POINT('',#8815);
#7034=LINE('',#8816,#8817);
#7035=VERTEX_POINT('',#8818);
#7036=LINE('',#8819,#8820);
#7037=LINE('',#8821,#8822);
#7038=FILL_AREA_STYLE_COLOUR('',#8823);
#7039=VERTEX_POINT('',#8824);
#7040=LINE('',#8825,#8826);
#7041=VERTEX_POINT('',#8827);
#7042=LINE('',#8828,#8829);
#7043=VERTEX_POINT('',#8830);
#7044=LINE('',#8831,#8832);
#7045=VERTEX_POINT('',#8833);
#7046=LINE('',#8834,#8835);
#7047=LINE('',#8836,#8837);
#7048=FILL_AREA_STYLE_COLOUR('',#8838);
#7049=VERTEX_POINT('',#8839);
#7050=VERTEX_POINT('',#8840);
#7051=LINE('',#8841,#8842);
#7052=VERTEX_POINT('',#8843);
#7053=LINE('',#8844,#8845);
#7054=VERTEX_POINT('',#8846);
#7055=LINE('',#8847,#8848);
#7056=LINE('',#8849,#8850);
#7057=FILL_AREA_STYLE_COLOUR('',#8851);
#7058=LINE('',#8852,#8853);
#7059=LINE('',#8854,#8855);
#7060=FILL_AREA_STYLE_COLOUR('',#8856);
#7061=VERTEX_POINT('',#8857);
#7062=VERTEX_POINT('',#8858);
#7063=LINE('',#8859,#8860);
#7064=VERTEX_POINT('',#8861);
#7065=LINE('',#8862,#8863);
#7066=VERTEX_POINT('',#8864);
#7067=LINE('',#8865,#8866);
#7068=VERTEX_POINT('',#8867);
#7069=LINE('',#8868,#8869);
#7070=VERTEX_POINT('',#8870);
#7071=LINE('',#8871,#8872);
#7072=LINE('',#8873,#8874);
#7073=FILL_AREA_STYLE_COLOUR('',#8875);
#7074=VERTEX_POINT('',#8876);
#7075=LINE('',#8877,#8878);
#7076=VERTEX_POINT('',#8879);
#7077=LINE('',#8880,#8881);
#7078=LINE('',#8882,#8883);
#7079=FILL_AREA_STYLE_COLOUR('',#8884);
#7080=VERTEX_POINT('',#8885);
#7081=LINE('',#8886,#8887);
#7082=VERTEX_POINT('',#8888);
#7083=LINE('',#8889,#8890);
#7084=VERTEX_POINT('',#8891);
#7085=LINE('',#8892,#8893);
#7086=VERTEX_POINT('',#8894);
#7087=LINE('',#8895,#8896);
#7088=LINE('',#8897,#8898);
#7089=FILL_AREA_STYLE_COLOUR('',#8899);
#7090=VERTEX_POINT('',#8900);
#7091=LINE('',#8901,#8902);
#7092=VERTEX_POINT('',#8903);
#7093=LINE('',#8904,#8905);
#7094=VERTEX_POINT('',#8906);
#7095=LINE('',#8907,#8908);
#7096=VERTEX_POINT('',#8909);
#7097=LINE('',#8910,#8911);
#7098=LINE('',#8912,#8913);
#7099=FILL_AREA_STYLE_COLOUR('',#8914);
#7100=B_SPLINE_CURVE_WITH_KNOTS('',3,(#8915,#8916,#8917,#8918,#8919,#8920,#8921,#8922,#8923,#8924,#8925,#8926,#8927,#8928,#8929,#8930,#8931,#8932),.UNSPECIFIED.,.F.,.F.,(4,2,2,2,2,2,2,2,4),(0.150764675757035,0.169610282419528,0.18845588908202,0.207301451358786,0.226147013635553,0.244992575912319,0.263838138189085,0.282683744851578,0.30152935151407),.UNSPECIFIED.);
#7101=FILL_AREA_STYLE_COLOUR('',#8933);
#7102=B_SPLINE_CURVE_WITH_KNOTS('',3,(#8934,#8935,#8936,#8937,#8938,#8939,#8940,#8941,#8942,#8943,#8944,#8945,#8946,#8947,#8948,#8949,#8950,#8951),.UNSPECIFIED.,.F.,.F.,(4,2,2,2,2,2,2,2,4),(0.150764675757035,0.169610282419528,0.18845588908202,0.207301451358787,0.226147013635553,0.244992575912319,0.263838138189085,0.282683744851578,0.30152935151407),.UNSPECIFIED.);
#7103=FILL_AREA_STYLE_COLOUR('',#8952);
#7104=VERTEX_POINT('',#8953);
#7105=VERTEX_POINT('',#8954);
#7106=LINE('',#8955,#8956);
#7107=LINE('',#8957,#8958);
#7108=LINE('',#8959,#8960);
#7109=FILL_AREA_STYLE_COLOUR('',#8961);
#7110=VERTEX_POINT('',#8962);
#7111=LINE('',#8963,#8964);
#7112=LINE('',#8965,#8966);
#7113=FILL_AREA_STYLE_COLOUR('',#8967);
#7114=VERTEX_POINT('',#8968);
#7115=LINE('',#8969,#8970);
#7116=LINE('',#8971,#8972);
#7117=LINE('',#8973,#8974);
#7118=FILL_AREA_STYLE_COLOUR('',#8975);
#7119=LINE('',#8976,#8977);
#7120=FILL_AREA_STYLE_COLOUR('',#8978);
#7121=FILL_AREA_STYLE_COLOUR('',#8979);
#7122=VERTEX_POINT('',#8980);
#7123=VERTEX_POINT('',#8981);
#7124=LINE('',#8982,#8983);
#7125=VERTEX_POINT('',#8984);
#7126=LINE('',#8985,#8986);
#7127=LINE('',#8987,#8988);
#7128=LINE('',#8989,#8990);
#7129=FILL_AREA_STYLE_COLOUR('',#8991);
#7130=VERTEX_POINT('',#8992);
#7131=LINE('',#8993,#8994);
#7132=LINE('',#8995,#8996);
#7133=LINE('',#8997,#8998);
#7134=FILL_AREA_STYLE_COLOUR('',#8999);
#7135=VERTEX_POINT('',#9000);
#7136=LINE('',#9001,#9002);
#7137=LINE('',#9003,#9004);
#7138=FILL_AREA_STYLE_COLOUR('',#9005);
#7139=LINE('',#9006,#9007);
#7140=FILL_AREA_STYLE_COLOUR('',#9008);
#7141=VERTEX_POINT('',#9009);
#7142=LINE('',#9010,#9011);
#7143=LINE('',#9012,#9013);
#7144=FILL_AREA_STYLE_COLOUR('',#9014);
#7145=FILL_AREA_STYLE_COLOUR('',#9015);
#7146=VERTEX_POINT('',#9016);
#7147=LINE('',#9017,#9018);
#7148=VERTEX_POINT('',#9019);
#7149=LINE('',#9020,#9021);
#7150=LINE('',#9022,#9023);
#7151=FILL_AREA_STYLE_COLOUR('',#9024);
#7152=VERTEX_POINT('',#9025);
#7153=LINE('',#9026,#9027);
#7154=LINE('',#9028,#9029);
#7155=LINE('',#9030,#9031);
#7156=FILL_AREA_STYLE_COLOUR('',#9032);
#7157=VERTEX_POINT('',#9033);
#7158=LINE('',#9034,#9035);
#7159=LINE('',#9036,#9037);
#7160=FILL_AREA_STYLE_COLOUR('',#9038);
#7161=LINE('',#9039,#9040);
#7162=FILL_AREA_STYLE_COLOUR('',#9041);
#7163=VERTEX_POINT('',#9042);
#7164=LINE('',#9043,#9044);
#7165=VERTEX_POINT('',#9045);
#7166=LINE('',#9046,#9047);
#7167=LINE('',#9048,#9049);
#7168=FILL_AREA_STYLE_COLOUR('',#9050);
#7169=VERTEX_POINT('',#9051);
#7170=LINE('',#9052,#9053);
#7171=VERTEX_POINT('',#9054);
#7172=LINE('',#9055,#9056);
#7173=LINE('',#9057,#9058);
#7174=FILL_AREA_STYLE_COLOUR('',#9059);
#7175=FILL_AREA_STYLE_COLOUR('',#9060);
#7176=VERTEX_POINT('',#9061);
#7177=LINE('',#9062,#9063);
#7178=VERTEX_POINT('',#9064);
#7179=LINE('',#9065,#9066);
#7180=LINE('',#9067,#9068);
#7181=FILL_AREA_STYLE_COLOUR('',#9069);
#7182=VERTEX_POINT('',#9070);
#7183=LINE('',#9071,#9072);
#7184=VERTEX_POINT('',#9073);
#7185=LINE('',#9074,#9075);
#7186=LINE('',#9076,#9077);
#7187=FILL_AREA_STYLE_COLOUR('',#9078);
#7188=VERTEX_POINT('',#9079);
#7189=LINE('',#9080,#9081);
#7190=LINE('',#9082,#9083);
#7191=LINE('',#9084,#9085);
#7192=FILL_AREA_STYLE_COLOUR('',#9086);
#7193=LINE('',#9087,#9088);
#7194=FILL_AREA_STYLE_COLOUR('',#9089);
#7195=FILL_AREA_STYLE_COLOUR('',#9090);
#7196=VERTEX_POINT('',#9091);
#7197=LINE('',#9092,#9093);
#7198=LINE('',#9094,#9095);
#7199=FILL_AREA_STYLE_COLOUR('',#9096);
#7200=LINE('',#9097,#9098);
#7201=FILL_AREA_STYLE_COLOUR('',#9099);
#7202=LINE('',#9100,#9101);
#7203=FILL_AREA_STYLE_COLOUR('',#9102);
#7204=LINE('',#9103,#9104);
#7205=LINE('',#9105,#9106);
#7206=FILL_AREA_STYLE_COLOUR('',#9107);
#7207=LINE('',#9108,#9109);
#7208=LINE('',#9110,#9111);
#7209=FILL_AREA_STYLE_COLOUR('',#9112);
#7210=LINE('',#9113,#9114);
#7211=LINE('',#9115,#9116);
#7212=FILL_AREA_STYLE_COLOUR('',#9117);
#7213=LINE('',#9118,#9119);
#7214=FILL_AREA_STYLE_COLOUR('',#9120);
#7215=FILL_AREA_STYLE_COLOUR('',#9121);
#7216=LINE('',#9122,#9123);
#7217=FILL_AREA_STYLE_COLOUR('',#9124);
#7218=FILL_AREA_STYLE_COLOUR('',#9125);
#7219=FILL_AREA_STYLE_COLOUR('',#9126);
#7220=VERTEX_POINT('',#9127);
#7221=VERTEX_POINT('',#9128);
#7222=LINE('',#9129,#9130);
#7223=VERTEX_POINT('',#9131);
#7224=LINE('',#9132,#9133);
#7225=VERTEX_POINT('',#9134);
#7226=LINE('',#9135,#9136);
#7227=LINE('',#9137,#9138);
#7228=FILL_AREA_STYLE_COLOUR('',#9139);
#7229=VERTEX_POINT('',#9140);
#7230=LINE('',#9141,#9142);
#7231=VERTEX_POINT('',#9143);
#7232=LINE('',#9144,#9145);
#7233=LINE('',#9146,#9147);
#7234=FILL_AREA_STYLE_COLOUR('',#9148);
#7235=LINE('',#9149,#9150);
#7236=LINE('',#9151,#9152);
#7237=FILL_AREA_STYLE_COLOUR('',#9153);
#7238=VERTEX_POINT('',#9154);
#7239=VERTEX_POINT('',#9155);
#7240=LINE('',#9156,#9157);
#7241=VERTEX_POINT('',#9158);
#7242=LINE('',#9159,#9160);
#7243=VERTEX_POINT('',#9161);
#7244=LINE('',#9162,#9163);
#7245=LINE('',#9164,#9165);
#7246=FILL_AREA_STYLE_COLOUR('',#9166);
#7247=VERTEX_POINT('',#9167);
#7248=LINE('',#9168,#9169);
#7249=VERTEX_POINT('',#9170);
#7250=LINE('',#9171,#9172);
#7251=LINE('',#9173,#9174);
#7252=FILL_AREA_STYLE_COLOUR('',#9175);
#7253=VERTEX_POINT('',#9176);
#7254=LINE('',#9177,#9178);
#7255=VERTEX_POINT('',#9179);
#7256=LINE('',#9180,#9181);
#7257=LINE('',#9182,#9183);
#7258=FILL_AREA_STYLE_COLOUR('',#9184);
#7259=VERTEX_POINT('',#9185);
#7260=LINE('',#9186,#9187);
#7261=VERTEX_POINT('',#9188);
#7262=LINE('',#9189,#9190);
#7263=LINE('',#9191,#9192);
#7264=FILL_AREA_STYLE_COLOUR('',#9193);
#7265=VERTEX_POINT('',#9194);
#7266=LINE('',#9195,#9196);
#7267=VERTEX_POINT('',#9197);
#7268=LINE('',#9198,#9199);
#7269=LINE('',#9200,#9201);
#7270=FILL_AREA_STYLE_COLOUR('',#9202);
#7271=VERTEX_POINT('',#9203);
#7272=LINE('',#9204,#9205);
#7273=VERTEX_POINT('',#9206);
#7274=LINE('',#9207,#9208);
#7275=LINE('',#9209,#9210);
#7276=FILL_AREA_STYLE_COLOUR('',#9211);
#7277=VERTEX_POINT('',#9212);
#7278=LINE('',#9213,#9214);
#7279=VERTEX_POINT('',#9215);
#7280=LINE('',#9216,#9217);
#7281=LINE('',#9218,#9219);
#7282=FILL_AREA_STYLE_COLOUR('',#9220);
#7283=VERTEX_POINT('',#9221);
#7284=LINE('',#9222,#9223);
#7285=VERTEX_POINT('',#9224);
#7286=LINE('',#9225,#9226);
#7287=LINE('',#9227,#9228);
#7288=FILL_AREA_STYLE_COLOUR('',#9229);
#7289=VERTEX_POINT('',#9230);
#7290=LINE('',#9231,#9232);
#7291=VERTEX_POINT('',#9233);
#7292=LINE('',#9234,#9235);
#7293=LINE('',#9236,#9237);
#7294=FILL_AREA_STYLE_COLOUR('',#9238);
#7295=VERTEX_POINT('',#9239);
#7296=LINE('',#9240,#9241);
#7297=VERTEX_POINT('',#9242);
#7298=LINE('',#9243,#9244);
#7299=LINE('',#9245,#9246);
#7300=FILL_AREA_STYLE_COLOUR('',#9247);
#7301=LINE('',#9248,#9249);
#7302=LINE('',#9250,#9251);
#7303=FILL_AREA_STYLE_COLOUR('',#9252);
#7304=FILL_AREA_STYLE_COLOUR('',#9253);
#7305=CIRCLE('',#9254,0.5);
#7306=CIRCLE('',#9255,0.5);
#7307=CIRCLE('',#9256,0.5);
#7308=CIRCLE('',#9257,0.5);
#7309=CIRCLE('',#9258,1.5);
#7310=CIRCLE('',#9259,1.5);
#7311=FILL_AREA_STYLE_COLOUR('',#9260);
#7312=CIRCLE('',#9261,0.6);
#7313=CIRCLE('',#9262,0.6);
#7314=FILL_AREA_STYLE_COLOUR('',#9263);
#7315=FILL_AREA_STYLE_COLOUR('',#9264);
#7316=CIRCLE('',#9265,0.6);
#7317=CIRCLE('',#9266,0.6);
#7318=FILL_AREA_STYLE_COLOUR('',#9267);
#7319=FILL_AREA_STYLE_COLOUR('',#9268);
#7320=CIRCLE('',#9269,0.6);
#7321=FILL_AREA_STYLE_COLOUR('',#9270);
#7322=VERTEX_POINT('',#9271);
#7323=VERTEX_POINT('',#9272);
#7324=LINE('',#9273,#9274);
#7325=VERTEX_POINT('',#9275);
#7326=LINE('',#9276,#9277);
#7327=VERTEX_POINT('',#9278);
#7328=LINE('',#9279,#9280);
#7329=LINE('',#9281,#9282);
#7330=FILL_AREA_STYLE_COLOUR('',#9283);
#7331=VERTEX_POINT('',#9284);
#7332=LINE('',#9285,#9286);
#7333=VERTEX_POINT('',#9287);
#7334=LINE('',#9288,#9289);
#7335=LINE('',#9290,#9291);
#7336=FILL_AREA_STYLE_COLOUR('',#9292);
#7337=VERTEX_POINT('',#9293);
#7338=B_SPLINE_CURVE_WITH_KNOTS('',2,(#9294,#9295,#9296,#9297,#9298),.UNSPECIFIED.,.F.,.F.,(3,1,1,3),(0.0,1.0,2.0,3.0),.UNSPECIFIED.);
#7339=VERTEX_POINT('',#9299);
#7340=LINE('',#9300,#9301);
#7341=B_SPLINE_CURVE_WITH_KNOTS('',2,(#9302,#9303,#9304,#9305,#9306),.UNSPECIFIED.,.F.,.F.,(3,1,1,3),(0.0,1.0,2.0,3.0),.UNSPECIFIED.);
#7342=FILL_AREA_STYLE_COLOUR('',#9307);
#7343=VERTEX_POINT('',#9308);
#7344=LINE('',#9309,#9310);
#7345=VERTEX_POINT('',#9311);
#7346=LINE('',#9312,#9313);
#7347=LINE('',#9314,#9315);
#7348=FILL_AREA_STYLE_COLOUR('',#9316);
#7349=VERTEX_POINT('',#9317);
#7350=LINE('',#9318,#9319);
#7351=VERTEX_POINT('',#9320);
#7352=LINE('',#9321,#9322);
#7353=LINE('',#9323,#9324);
#7354=FILL_AREA_STYLE_COLOUR('',#9325);
#7355=VERTEX_POINT('',#9326);
#7356=LINE('',#9327,#9328);
#7357=VERTEX_POINT('',#9329);
#7358=LINE('',#9330,#9331);
#7359=LINE('',#9332,#9333);
#7360=FILL_AREA_STYLE_COLOUR('',#9334);
#7361=VERTEX_POINT('',#9335);
#7362=B_SPLINE_CURVE_WITH_KNOTS('',2,(#9336,#9337,#9338,#9339,#9340),.UNSPECIFIED.,.F.,.F.,(3,1,1,3),(0.0,1.0,2.0,3.0),.UNSPECIFIED.);
#7363=VERTEX_POINT('',#9341);
#7364=LINE('',#9342,#9343);
#7365=B_SPLINE_CURVE_WITH_KNOTS('',2,(#9344,#9345,#9346,#9347,#9348),.UNSPECIFIED.,.F.,.F.,(3,1,1,3),(0.0,1.0,2.0,3.0),.UNSPECIFIED.);
#7366=FILL_AREA_STYLE_COLOUR('',#9349);
#7367=VERTEX_POINT('',#9350);
#7368=LINE('',#9351,#9352);
#7369=VERTEX_POINT('',#9353);
#7370=LINE('',#9354,#9355);
#7371=LINE('',#9356,#9357);
#7372=FILL_AREA_STYLE_COLOUR('',#9358);
#7373=VERTEX_POINT('',#9359);
#7374=LINE('',#9360,#9361);
#7375=VERTEX_POINT('',#9362);
#7376=LINE('',#9363,#9364);
#7377=LINE('',#9365,#9366);
#7378=FILL_AREA_STYLE_COLOUR('',#9367);
#7379=VERTEX_POINT('',#9368);
#7380=LINE('',#9369,#9370);
#7381=VERTEX_POINT('',#9371);
#7382=LINE('',#9372,#9373);
#7383=LINE('',#9374,#9375);
#7384=FILL_AREA_STYLE_COLOUR('',#9376);
#7385=VERTEX_POINT('',#9377);
#7386=LINE('',#9378,#9379);
#7387=VERTEX_POINT('',#9380);
#7388=LINE('',#9381,#9382);
#7389=LINE('',#9383,#9384);
#7390=FILL_AREA_STYLE_COLOUR('',#9385);
#7391=VERTEX_POINT('',#9386);
#7392=LINE('',#9387,#9388);
#7393=VERTEX_POINT('',#9389);
#7394=LINE('',#9390,#9391);
#7395=LINE('',#9392,#9393);
#7396=FILL_AREA_STYLE_COLOUR('',#9394);
#7397=VERTEX_POINT('',#9395);
#7398=B_SPLINE_CURVE_WITH_KNOTS('',2,(#9396,#9397,#9398,#9399,#9400),.UNSPECIFIED.,.F.,.F.,(3,1,1,3),(0.0,1.0,2.0,3.0),.UNSPECIFIED.);
#7399=VERTEX_POINT('',#9401);
#7400=LINE('',#9402,#9403);
#7401=B_SPLINE_CURVE_WITH_KNOTS('',2,(#9404,#9405,#9406,#9407,#9408),.UNSPECIFIED.,.F.,.F.,(3,1,1,3),(0.0,1.0,2.0,3.0),.UNSPECIFIED.);
#7402=FILL_AREA_STYLE_COLOUR('',#9409);
#7403=VERTEX_POINT('',#9410);
#7404=LINE('',#9411,#9412);
#7405=VERTEX_POINT('',#9413);
#7406=LINE('',#9414,#9415);
#7407=LINE('',#9416,#9417);
#7408=FILL_AREA_STYLE_COLOUR('',#9418);
#7409=VERTEX_POINT('',#9419);
#7410=LINE('',#9420,#9421);
#7411=VERTEX_POINT('',#9422);
#7412=LINE('',#9423,#9424);
#7413=LINE('',#9425,#9426);
#7414=FILL_AREA_STYLE_COLOUR('',#9427);
#7415=VERTEX_POINT('',#9428);
#7416=B_SPLINE_CURVE_WITH_KNOTS('',2,(#9429,#9430,#9431,#9432,#9433),.UNSPECIFIED.,.F.,.F.,(3,1,1,3),(0.0,1.0,2.0,3.0),.UNSPECIFIED.);
#7417=VERTEX_POINT('',#9434);
#7418=LINE('',#9435,#9436);
#7419=B_SPLINE_CURVE_WITH_KNOTS('',2,(#9437,#9438,#9439,#9440,#9441),.UNSPECIFIED.,.F.,.F.,(3,1,1,3),(0.0,1.0,2.0,3.0),.UNSPECIFIED.);
#7420=FILL_AREA_STYLE_COLOUR('',#9442);
#7421=VERTEX_POINT('',#9443);
#7422=LINE('',#9444,#9445);
#7423=VERTEX_POINT('',#9446);
#7424=LINE('',#9447,#9448);
#7425=LINE('',#9449,#9450);
#7426=FILL_AREA_STYLE_COLOUR('',#9451);
#7427=VERTEX_POINT('',#9452);
#7428=LINE('',#9453,#9454);
#7429=VERTEX_POINT('',#9455);
#7430=LINE('',#9456,#9457);
#7431=LINE('',#9458,#9459);
#7432=FILL_AREA_STYLE_COLOUR('',#9460);
#7433=VERTEX_POINT('',#9461);
#7434=LINE('',#9462,#9463);
#7435=VERTEX_POINT('',#9464);
#7436=LINE('',#9465,#9466);
#7437=LINE('',#9467,#9468);
#7438=FILL_AREA_STYLE_COLOUR('',#9469);
#7439=VERTEX_POINT('',#9470);
#7440=LINE('',#9471,#9472);
#7441=VERTEX_POINT('',#9473);
#7442=LINE('',#9474,#9475);
#7443=LINE('',#9476,#9477);
#7444=FILL_AREA_STYLE_COLOUR('',#9478);
#7445=VERTEX_POINT('',#9479);
#7446=LINE('',#9480,#9481);
#7447=VERTEX_POINT('',#9482);
#7448=LINE('',#9483,#9484);
#7449=LINE('',#9485,#9486);
#7450=FILL_AREA_STYLE_COLOUR('',#9487);
#7451=VERTEX_POINT('',#9488);
#7452=B_SPLINE_CURVE_WITH_KNOTS('',2,(#9489,#9490,#9491,#9492,#9493),.UNSPECIFIED.,.F.,.F.,(3,1,1,3),(0.0,1.0,2.0,3.0),.UNSPECIFIED.);
#7453=VERTEX_POINT('',#9494);
#7454=LINE('',#9495,#9496);
#7455=B_SPLINE_CURVE_WITH_KNOTS('',2,(#9497,#9498,#9499,#9500,#9501),.UNSPECIFIED.,.F.,.F.,(3,1,1,3),(0.0,1.0,2.0,3.0),.UNSPECIFIED.);
#7456=FILL_AREA_STYLE_COLOUR('',#9502);
#7457=VERTEX_POINT('',#9503);
#7458=LINE('',#9504,#9505);
#7459=VERTEX_POINT('',#9506);
#7460=LINE('',#9507,#9508);
#7461=LINE('',#9509,#9510);
#7462=FILL_AREA_STYLE_COLOUR('',#9511);
#7463=VERTEX_POINT('',#9512);
#7464=B_SPLINE_CURVE_WITH_KNOTS('',2,(#9513,#9514,#9515,#9516,#9517),.UNSPECIFIED.,.F.,.F.,(3,1,1,3),(0.0,1.0,2.0,3.0),.UNSPECIFIED.);
#7465=VERTEX_POINT('',#9518);
#7466=LINE('',#9519,#9520);
#7467=B_SPLINE_CURVE_WITH_KNOTS('',2,(#9521,#9522,#9523,#9524,#9525),.UNSPECIFIED.,.F.,.F.,(3,1,1,3),(0.0,1.0,2.0,3.0),.UNSPECIFIED.);
#7468=FILL_AREA_STYLE_COLOUR('',#9526);
#7469=VERTEX_POINT('',#9527);
#7470=LINE('',#9528,#9529);
#7471=VERTEX_POINT('',#9530);
#7472=LINE('',#9531,#9532);
#7473=LINE('',#9533,#9534);
#7474=FILL_AREA_STYLE_COLOUR('',#9535);
#7475=VERTEX_POINT('',#9536);
#7476=LINE('',#9537,#9538);
#7477=VERTEX_POINT('',#9539);
#7478=LINE('',#9540,#9541);
#7479=LINE('',#9542,#9543);
#7480=FILL_AREA_STYLE_COLOUR('',#9544);
#7481=LINE('',#9545,#9546);
#7482=LINE('',#9547,#9548);
#7483=FILL_AREA_STYLE_COLOUR('',#9549);
#7484=FILL_AREA_STYLE_COLOUR('',#9550);
#7485=VERTEX_POINT('',#9551);
#7486=VERTEX_POINT('',#9552);
#7487=LINE('',#9553,#9554);
#7488=VERTEX_POINT('',#9555);
#7489=LINE('',#9556,#9557);
#7490=VERTEX_POINT('',#9558);
#7491=LINE('',#9559,#9560);
#7492=LINE('',#9561,#9562);
#7493=FILL_AREA_STYLE_COLOUR('',#9563);
#7494=VERTEX_POINT('',#9564);
#7495=LINE('',#9565,#9566);
#7496=VERTEX_POINT('',#9567);
#7497=LINE('',#9568,#9569);
#7498=LINE('',#9570,#9571);
#7499=FILL_AREA_STYLE_COLOUR('',#9572);
#7500=VERTEX_POINT('',#9573);
#7501=B_SPLINE_CURVE_WITH_KNOTS('',2,(#9574,#9575,#9576,#9577,#9578),.UNSPECIFIED.,.F.,.F.,(3,1,1,3),(0.0,1.0,2.0,3.0),.UNSPECIFIED.);
#7502=VERTEX_POINT('',#9579);
#7503=LINE('',#9580,#9581);
#7504=B_SPLINE_CURVE_WITH_KNOTS('',2,(#9582,#9583,#9584,#9585,#9586),.UNSPECIFIED.,.F.,.F.,(3,1,1,3),(0.0,1.0,2.0,3.0),.UNSPECIFIED.);
#7505=FILL_AREA_STYLE_COLOUR('',#9587);
#7506=VERTEX_POINT('',#9588);
#7507=LINE('',#9589,#9590);
#7508=VERTEX_POINT('',#9591);
#7509=LINE('',#9592,#9593);
#7510=LINE('',#9594,#9595);
#7511=FILL_AREA_STYLE_COLOUR('',#9596);
#7512=VERTEX_POINT('',#9597);
#7513=B_SPLINE_CURVE_WITH_KNOTS('',2,(#9598,#9599,#9600),.UNSPECIFIED.,.F.,.F.,(3,3),(0.0,1.0),.UNSPECIFIED.);
#7514=VERTEX_POINT('',#9601);
#7515=LINE('',#9602,#9603);
#7516=B_SPLINE_CURVE_WITH_KNOTS('',2,(#9604,#9605,#9606),.UNSPECIFIED.,.F.,.F.,(3,3),(0.0,1.0),.UNSPECIFIED.);
#7517=FILL_AREA_STYLE_COLOUR('',#9607);
#7518=VERTEX_POINT('',#9608);
#7519=B_SPLINE_CURVE_WITH_KNOTS('',2,(#9609,#9610,#9611),.UNSPECIFIED.,.F.,.F.,(3,3),(0.0,1.0),.UNSPECIFIED.);
#7520=VERTEX_POINT('',#9612);
#7521=LINE('',#9613,#9614);
#7522=B_SPLINE_CURVE_WITH_KNOTS('',2,(#9615,#9616,#9617),.UNSPECIFIED.,.F.,.F.,(3,3),(0.0,1.0),.UNSPECIFIED.);
#7523=FILL_AREA_STYLE_COLOUR('',#9618);
#7524=VERTEX_POINT('',#9619);
#7525=B_SPLINE_CURVE_WITH_KNOTS('',2,(#9620,#9621,#9622),.UNSPECIFIED.,.F.,.F.,(3,3),(0.0,1.0),.UNSPECIFIED.);
#7526=VERTEX_POINT('',#9623);
#7527=LINE('',#9624,#9625);
#7528=B_SPLINE_CURVE_WITH_KNOTS('',2,(#9626,#9627,#9628),.UNSPECIFIED.,.F.,.F.,(3,3),(0.0,1.0),.UNSPECIFIED.);
#7529=FILL_AREA_STYLE_COLOUR('',#9629);
#7530=VERTEX_POINT('',#9630);
#7531=LINE('',#9631,#9632);
#7532=VERTEX_POINT('',#9633);
#7533=LINE('',#9634,#9635);
#7534=LINE('',#9636,#9637);
#7535=FILL_AREA_STYLE_COLOUR('',#9638);
#7536=VERTEX_POINT('',#9639);
#7537=B_SPLINE_CURVE_WITH_KNOTS('',2,(#9640,#9641,#9642,#9643,#9644),.UNSPECIFIED.,.F.,.F.,(3,1,1,3),(0.0,1.0,2.0,3.0),.UNSPECIFIED.);
#7538=VERTEX_POINT('',#9645);
#7539=LINE('',#9646,#9647);
#7540=B_SPLINE_CURVE_WITH_KNOTS('',2,(#9648,#9649,#9650,#9651,#9652),.UNSPECIFIED.,.F.,.F.,(3,1,1,3),(0.0,1.0,2.0,3.0),.UNSPECIFIED.);
#7541=FILL_AREA_STYLE_COLOUR('',#9653);
#7542=VERTEX_POINT('',#9654);
#7543=LINE('',#9655,#9656);
#7544=VERTEX_POINT('',#9657);
#7545=LINE('',#9658,#9659);
#7546=LINE('',#9660,#9661);
#7547=FILL_AREA_STYLE_COLOUR('',#9662);
#7548=VERTEX_POINT('',#9663);
#7549=LINE('',#9664,#9665);
#7550=VERTEX_POINT('',#9666);
#7551=LINE('',#9667,#9668);
#7552=LINE('',#9669,#9670);
#7553=FILL_AREA_STYLE_COLOUR('',#9671);
#7554=VERTEX_POINT('',#9672);
#7555=LINE('',#9673,#9674);
#7556=VERTEX_POINT('',#9675);
#7557=LINE('',#9676,#9677);
#7558=LINE('',#9678,#9679);
#7559=FILL_AREA_STYLE_COLOUR('',#9680);
#7560=VERTEX_POINT('',#9681);
#7561=LINE('',#9682,#9683);
#7562=VERTEX_POINT('',#9684);
#7563=LINE('',#9685,#9686);
#7564=LINE('',#9687,#9688);
#7565=FILL_AREA_STYLE_COLOUR('',#9689);
#7566=VERTEX_POINT('',#9690);
#7567=LINE('',#9691,#9692);
#7568=VERTEX_POINT('',#9693);
#7569=LINE('',#9694,#9695);
#7570=LINE('',#9696,#9697);
#7571=FILL_AREA_STYLE_COLOUR('',#9698);
#7572=VERTEX_POINT('',#9699);
#7573=B_SPLINE_CURVE_WITH_KNOTS('',2,(#9700,#9701,#9702,#9703,#9704),.UNSPECIFIED.,.F.,.F.,(3,1,1,3),(0.0,1.0,2.0,3.0),.UNSPECIFIED.);
#7574=VERTEX_POINT('',#9705);
#7575=LINE('',#9706,#9707);
#7576=B_SPLINE_CURVE_WITH_KNOTS('',2,(#9708,#9709,#9710,#9711,#9712),.UNSPECIFIED.,.F.,.F.,(3,1,1,3),(0.0,1.0,2.0,3.0),.UNSPECIFIED.);
#7577=FILL_AREA_STYLE_COLOUR('',#9713);
#7578=VERTEX_POINT('',#9714);
#7579=LINE('',#9715,#9716);
#7580=VERTEX_POINT('',#9717);
#7581=LINE('',#9718,#9719);
#7582=LINE('',#9720,#9721);
#7583=FILL_AREA_STYLE_COLOUR('',#9722);
#7584=VERTEX_POINT('',#9723);
#7585=B_SPLINE_CURVE_WITH_KNOTS('',2,(#9724,#9725,#9726,#9727,#9728),.UNSPECIFIED.,.F.,.F.,(3,1,1,3),(0.0,1.0,2.0,3.0),.UNSPECIFIED.);
#7586=VERTEX_POINT('',#9729);
#7587=LINE('',#9730,#9731);
#7588=B_SPLINE_CURVE_WITH_KNOTS('',2,(#9732,#9733,#9734,#9735,#9736),.UNSPECIFIED.,.F.,.F.,(3,1,1,3),(0.0,1.0,2.0,3.0),.UNSPECIFIED.);
#7589=FILL_AREA_STYLE_COLOUR('',#9737);
#7590=VERTEX_POINT('',#9738);
#7591=LINE('',#9739,#9740);
#7592=VERTEX_POINT('',#9741);
#7593=LINE('',#9742,#9743);
#7594=LINE('',#9744,#9745);
#7595=FILL_AREA_STYLE_COLOUR('',#9746);
#7596=VERTEX_POINT('',#9747);
#7597=LINE('',#9748,#9749);
#7598=VERTEX_POINT('',#9750);
#7599=LINE('',#9751,#9752);
#7600=LINE('',#9753,#9754);
#7601=FILL_AREA_STYLE_COLOUR('',#9755);
#7602=LINE('',#9756,#9757);
#7603=LINE('',#9758,#9759);
#7604=FILL_AREA_STYLE_COLOUR('',#9760);
#7605=FILL_AREA_STYLE_COLOUR('',#9761);
#7606=VERTEX_POINT('',#9762);
#7607=VERTEX_POINT('',#9763);
#7608=LINE('',#9764,#9765);
#7609=VERTEX_POINT('',#9766);
#7610=LINE('',#9767,#9768);
#7611=VERTEX_POINT('',#9769);
#7612=LINE('',#9770,#9771);
#7613=LINE('',#9772,#9773);
#7614=FILL_AREA_STYLE_COLOUR('',#9774);
#7615=VERTEX_POINT('',#9775);
#7616=LINE('',#9776,#9777);
#7617=VERTEX_POINT('',#9778);
#7618=LINE('',#9779,#9780);
#7619=LINE('',#9781,#9782);
#7620=FILL_AREA_STYLE_COLOUR('',#9783);
#7621=VERTEX_POINT('',#9784);
#7622=B_SPLINE_CURVE_WITH_KNOTS('',2,(#9785,#9786,#9787),.UNSPECIFIED.,.F.,.F.,(3,3),(0.0,1.0),.UNSPECIFIED.);
#7623=VERTEX_POINT('',#9788);
#7624=LINE('',#9789,#9790);
#7625=B_SPLINE_CURVE_WITH_KNOTS('',2,(#9791,#9792,#9793),.UNSPECIFIED.,.F.,.F.,(3,3),(0.0,1.0),.UNSPECIFIED.);
#7626=FILL_AREA_STYLE_COLOUR('',#9794);
#7627=VERTEX_POINT('',#9795);
#7628=B_SPLINE_CURVE_WITH_KNOTS('',2,(#9796,#9797,#9798,#9799),.UNSPECIFIED.,.F.,.F.,(3,1,3),(0.0,1.0,2.0),.UNSPECIFIED.);
#7629=VERTEX_POINT('',#9800);
#7630=LINE('',#9801,#9802);
#7631=B_SPLINE_CURVE_WITH_KNOTS('',2,(#9803,#9804,#9805,#9806),.UNSPECIFIED.,.F.,.F.,(3,1,3),(0.0,1.0,2.0),.UNSPECIFIED.);
#7632=FILL_AREA_STYLE_COLOUR('',#9807);
#7633=VERTEX_POINT('',#9808);
#7634=B_SPLINE_CURVE_WITH_KNOTS('',2,(#9809,#9810,#9811,#9812,#9813),.UNSPECIFIED.,.F.,.F.,(3,1,1,3),(0.0,1.0,2.0,3.0),.UNSPECIFIED.);
#7635=VERTEX_POINT('',#9814);
#7636=LINE('',#9815,#9816);
#7637=B_SPLINE_CURVE_WITH_KNOTS('',2,(#9817,#9818,#9819,#9820,#9821),.UNSPECIFIED.,.F.,.F.,(3,1,1,3),(0.0,1.0,2.0,3.0),.UNSPECIFIED.);
#7638=FILL_AREA_STYLE_COLOUR('',#9822);
#7639=VERTEX_POINT('',#9823);
#7640=B_SPLINE_CURVE_WITH_KNOTS('',2,(#9824,#9825,#9826,#9827,#9828),.UNSPECIFIED.,.F.,.F.,(3,1,1,3),(0.0,1.0,2.0,3.0),.UNSPECIFIED.);
#7641=VERTEX_POINT('',#9829);
#7642=LINE('',#9830,#9831);
#7643=B_SPLINE_CURVE_WITH_KNOTS('',2,(#9832,#9833,#9834,#9835,#9836),.UNSPECIFIED.,.F.,.F.,(3,1,1,3),(0.0,1.0,2.0,3.0),.UNSPECIFIED.);
#7644=FILL_AREA_STYLE_COLOUR('',#9837);
#7645=VERTEX_POINT('',#9838);
#7646=B_SPLINE_CURVE_WITH_KNOTS('',2,(#9839,#9840,#9841,#9842),.UNSPECIFIED.,.F.,.F.,(3,1,3),(0.0,1.0,2.0),.UNSPECIFIED.);
#7647=VERTEX_POINT('',#9843);
#7648=LINE('',#9844,#9845);
#7649=B_SPLINE_CURVE_WITH_KNOTS('',2,(#9846,#9847,#9848,#9849),.UNSPECIFIED.,.F.,.F.,(3,1,3),(0.0,1.0,2.0),.UNSPECIFIED.);
#7650=FILL_AREA_STYLE_COLOUR('',#9850);
#7651=VERTEX_POINT('',#9851);
#7652=LINE('',#9852,#9853);
#7653=VERTEX_POINT('',#9854);
#7654=LINE('',#9855,#9856);
#7655=LINE('',#9857,#9858);
#7656=FILL_AREA_STYLE_COLOUR('',#9859);
#7657=VERTEX_POINT('',#9860);
#7658=B_SPLINE_CURVE_WITH_KNOTS('',2,(#9861,#9862,#9863),.UNSPECIFIED.,.F.,.F.,(3,3),(0.0,1.0),.UNSPECIFIED.);
#7659=VERTEX_POINT('',#9864);
#7660=LINE('',#9865,#9866);
#7661=B_SPLINE_CURVE_WITH_KNOTS('',2,(#9867,#9868,#9869),.UNSPECIFIED.,.F.,.F.,(3,3),(0.0,1.0),.UNSPECIFIED.);
#7662=FILL_AREA_STYLE_COLOUR('',#9870);
#7663=VERTEX_POINT('',#9871);
#7664=B_SPLINE_CURVE_WITH_KNOTS('',2,(#9872,#9873,#9874,#9875),.UNSPECIFIED.,.F.,.F.,(3,1,3),(0.0,1.0,2.0),.UNSPECIFIED.);
#7665=VERTEX_POINT('',#9876);
#7666=LINE('',#9877,#9878);
#7667=B_SPLINE_CURVE_WITH_KNOTS('',2,(#9879,#9880,#9881,#9882),.UNSPECIFIED.,.F.,.F.,(3,1,3),(0.0,1.0,2.0),.UNSPECIFIED.);
#7668=FILL_AREA_STYLE_COLOUR('',#9883);
#7669=VERTEX_POINT('',#9884);
#7670=B_SPLINE_CURVE_WITH_KNOTS('',2,(#9885,#9886,#9887),.UNSPECIFIED.,.F.,.F.,(3,3),(0.0,1.0),.UNSPECIFIED.);
#7671=VERTEX_POINT('',#9888);
#7672=LINE('',#9889,#9890);
#7673=B_SPLINE_CURVE_WITH_KNOTS('',2,(#9891,#9892,#9893),.UNSPECIFIED.,.F.,.F.,(3,3),(0.0,1.0),.UNSPECIFIED.);
#7674=FILL_AREA_STYLE_COLOUR('',#9894);
#7675=VERTEX_POINT('',#9895);
#7676=B_SPLINE_CURVE_WITH_KNOTS('',2,(#9896,#9897,#9898),.UNSPECIFIED.,.F.,.F.,(3,3),(0.0,1.0),.UNSPECIFIED.);
#7677=VERTEX_POINT('',#9899);
#7678=LINE('',#9900,#9901);
#7679=B_SPLINE_CURVE_WITH_KNOTS('',2,(#9902,#9903,#9904),.UNSPECIFIED.,.F.,.F.,(3,3),(0.0,1.0),.UNSPECIFIED.);
#7680=FILL_AREA_STYLE_COLOUR('',#9905);
#7681=VERTEX_POINT('',#9906);
#7682=B_SPLINE_CURVE_WITH_KNOTS('',2,(#9907,#9908,#9909,#9910,#9911),.UNSPECIFIED.,.F.,.F.,(3,1,1,3),(0.0,1.0,2.0,3.0),.UNSPECIFIED.);
#7683=VERTEX_POINT('',#9912);
#7684=LINE('',#9913,#9914);
#7685=B_SPLINE_CURVE_WITH_KNOTS('',2,(#9915,#9916,#9917,#9918,#9919),.UNSPECIFIED.,.F.,.F.,(3,1,1,3),(0.0,1.0,2.0,3.0),.UNSPECIFIED.);
#7686=FILL_AREA_STYLE_COLOUR('',#9920);
#7687=VERTEX_POINT('',#9921);
#7688=B_SPLINE_CURVE_WITH_KNOTS('',2,(#9922,#9923,#9924,#9925),.UNSPECIFIED.,.F.,.F.,(3,1,3),(0.0,1.0,2.0),.UNSPECIFIED.);
#7689=VERTEX_POINT('',#9926);
#7690=LINE('',#9927,#9928);
#7691=B_SPLINE_CURVE_WITH_KNOTS('',2,(#9929,#9930,#9931,#9932),.UNSPECIFIED.,.F.,.F.,(3,1,3),(0.0,1.0,2.0),.UNSPECIFIED.);
#7692=FILL_AREA_STYLE_COLOUR('',#9933);
#7693=VERTEX_POINT('',#9934);
#7694=LINE('',#9935,#9936);
#7695=VERTEX_POINT('',#9937);
#7696=LINE('',#9938,#9939);
#7697=LINE('',#9940,#9941);
#7698=FILL_AREA_STYLE_COLOUR('',#9942);
#7699=LINE('',#9943,#9944);
#7700=LINE('',#9945,#9946);
#7701=FILL_AREA_STYLE_COLOUR('',#9947);
#7702=FILL_AREA_STYLE_COLOUR('',#9948);
#7703=VERTEX_POINT('',#9949);
#7704=VERTEX_POINT('',#9950);
#7705=LINE('',#9951,#9952);
#7706=VERTEX_POINT('',#9953);
#7707=LINE('',#9954,#9955);
#7708=VERTEX_POINT('',#9956);
#7709=LINE('',#9957,#9958);
#7710=LINE('',#9959,#9960);
#7711=FILL_AREA_STYLE_COLOUR('',#9961);
#7712=VERTEX_POINT('',#9962);
#7713=LINE('',#9963,#9964);
#7714=VERTEX_POINT('',#9965);
#7715=LINE('',#9966,#9967);
#7716=LINE('',#9968,#9969);
#7717=FILL_AREA_STYLE_COLOUR('',#9970);
#7718=VERTEX_POINT('',#9971);
#7719=B_SPLINE_CURVE_WITH_KNOTS('',2,(#9972,#9973,#9974,#9975,#9976),.UNSPECIFIED.,.F.,.F.,(3,1,1,3),(0.0,1.0,2.0,3.0),.UNSPECIFIED.);
#7720=VERTEX_POINT('',#9977);
#7721=LINE('',#9978,#9979);
#7722=B_SPLINE_CURVE_WITH_KNOTS('',2,(#9980,#9981,#9982,#9983,#9984),.UNSPECIFIED.,.F.,.F.,(3,1,1,3),(0.0,1.0,2.0,3.0),.UNSPECIFIED.);
#7723=FILL_AREA_STYLE_COLOUR('',#9985);
#7724=VERTEX_POINT('',#9986);
#7725=LINE('',#9987,#9988);
#7726=VERTEX_POINT('',#9989);
#7727=LINE('',#9990,#9991);
#7728=LINE('',#9992,#9993);
#7729=FILL_AREA_STYLE_COLOUR('',#9994);
#7730=VERTEX_POINT('',#9995);
#7731=B_SPLINE_CURVE_WITH_KNOTS('',2,(#9996,#9997,#9998,#9999,#10000),.UNSPECIFIED.,.F.,.F.,(3,1,1,3),(0.0,1.0,2.0,3.0),.UNSPECIFIED.);
#7732=VERTEX_POINT('',#10001);
#7733=LINE('',#10002,#10003);
#7734=B_SPLINE_CURVE_WITH_KNOTS('',2,(#10004,#10005,#10006,#10007,#10008),.UNSPECIFIED.,.F.,.F.,(3,1,1,3),(0.0,1.0,2.0,3.0),.UNSPECIFIED.);
#7735=FILL_AREA_STYLE_COLOUR('',#10009);
#7736=VERTEX_POINT('',#10010);
#7737=LINE('',#10011,#10012);
#7738=VERTEX_POINT('',#10013);
#7739=LINE('',#10014,#10015);
#7740=LINE('',#10016,#10017);
#7741=FILL_AREA_STYLE_COLOUR('',#10018);
#7742=VERTEX_POINT('',#10019);
#7743=LINE('',#10020,#10021);
#7744=VERTEX_POINT('',#10022);
#7745=LINE('',#10023,#10024);
#7746=LINE('',#10025,#10026);
#7747=FILL_AREA_STYLE_COLOUR('',#10027);
#7748=VERTEX_POINT('',#10028);
#7749=LINE('',#10029,#10030);
#7750=VERTEX_POINT('',#10031);
#7751=LINE('',#10032,#10033);
#7752=LINE('',#10034,#10035);
#7753=FILL_AREA_STYLE_COLOUR('',#10036);
#7754=VERTEX_POINT('',#10037);
#7755=LINE('',#10038,#10039);
#7756=VERTEX_POINT('',#10040);
#7757=LINE('',#10041,#10042);
#7758=LINE('',#10043,#10044);
#7759=FILL_AREA_STYLE_COLOUR('',#10045);
#7760=VERTEX_POINT('',#10046);
#7761=LINE('',#10047,#10048);
#7762=VERTEX_POINT('',#10049);
#7763=LINE('',#10050,#10051);
#7764=LINE('',#10052,#10053);
#7765=FILL_AREA_STYLE_COLOUR('',#10054);
#7766=VERTEX_POINT('',#10055);
#7767=B_SPLINE_CURVE_WITH_KNOTS('',2,(#10056,#10057,#10058,#10059,#10060),.UNSPECIFIED.,.F.,.F.,(3,1,1,3),(0.0,1.0,2.0,3.0),.UNSPECIFIED.);
#7768=VERTEX_POINT('',#10061);
#7769=LINE('',#10062,#10063);
#7770=B_SPLINE_CURVE_WITH_KNOTS('',2,(#10064,#10065,#10066,#10067,#10068),.UNSPECIFIED.,.F.,.F.,(3,1,1,3),(0.0,1.0,2.0,3.0),.UNSPECIFIED.);
#7771=FILL_AREA_STYLE_COLOUR('',#10069);
#7772=VERTEX_POINT('',#10070);
#7773=LINE('',#10071,#10072);
#7774=VERTEX_POINT('',#10073);
#7775=LINE('',#10074,#10075);
#7776=LINE('',#10076,#10077);
#7777=FILL_AREA_STYLE_COLOUR('',#10078);
#7778=VERTEX_POINT('',#10079);
#7779=B_SPLINE_CURVE_WITH_KNOTS('',2,(#10080,#10081,#10082,#10083,#10084),.UNSPECIFIED.,.F.,.F.,(3,1,1,3),(0.0,1.0,2.0,3.0),.UNSPECIFIED.);
#7780=VERTEX_POINT('',#10085);
#7781=LINE('',#10086,#10087);
#7782=B_SPLINE_CURVE_WITH_KNOTS('',2,(#10088,#10089,#10090,#10091,#10092),.UNSPECIFIED.,.F.,.F.,(3,1,1,3),(0.0,1.0,2.0,3.0),.UNSPECIFIED.);
#7783=FILL_AREA_STYLE_COLOUR('',#10093);
#7784=VERTEX_POINT('',#10094);
#7785=LINE('',#10095,#10096);
#7786=VERTEX_POINT('',#10097);
#7787=LINE('',#10098,#10099);
#7788=LINE('',#10100,#10101);
#7789=FILL_AREA_STYLE_COLOUR('',#10102);
#7790=VERTEX_POINT('',#10103);
#7791=LINE('',#10104,#10105);
#7792=VERTEX_POINT('',#10106);
#7793=LINE('',#10107,#10108);
#7794=LINE('',#10109,#10110);
#7795=FILL_AREA_STYLE_COLOUR('',#10111);
#7796=LINE('',#10112,#10113);
#7797=LINE('',#10114,#10115);
#7798=FILL_AREA_STYLE_COLOUR('',#10116);
#7799=FILL_AREA_STYLE_COLOUR('',#10117);
#7800=VERTEX_POINT('',#10118);
#7801=VERTEX_POINT('',#10119);
#7802=LINE('',#10120,#10121);
#7803=VERTEX_POINT('',#10122);
#7804=LINE('',#10123,#10124);
#7805=VERTEX_POINT('',#10125);
#7806=LINE('',#10126,#10127);
#7807=LINE('',#10128,#10129);
#7808=FILL_AREA_STYLE_COLOUR('',#10130);
#7809=VERTEX_POINT('',#10131);
#7810=LINE('',#10132,#10133);
#7811=VERTEX_POINT('',#10134);
#7812=LINE('',#10135,#10136);
#7813=LINE('',#10137,#10138);
#7814=FILL_AREA_STYLE_COLOUR('',#10139);
#7815=VERTEX_POINT('',#10140);
#7816=B_SPLINE_CURVE_WITH_KNOTS('',2,(#10141,#10142,#10143,#10144,#10145),.UNSPECIFIED.,.F.,.F.,(3,1,1,3),(0.0,1.0,2.0,3.0),.UNSPECIFIED.);
#7817=VERTEX_POINT('',#10146);
#7818=LINE('',#10147,#10148);
#7819=B_SPLINE_CURVE_WITH_KNOTS('',2,(#10149,#10150,#10151,#10152,#10153),.UNSPECIFIED.,.F.,.F.,(3,1,1,3),(0.0,1.0,2.0,3.0),.UNSPECIFIED.);
#7820=FILL_AREA_STYLE_COLOUR('',#10154);
#7821=VERTEX_POINT('',#10155);
#7822=LINE('',#10156,#10157);
#7823=VERTEX_POINT('',#10158);
#7824=LINE('',#10159,#10160);
#7825=LINE('',#10161,#10162);
#7826=FILL_AREA_STYLE_COLOUR('',#10163);
#7827=VERTEX_POINT('',#10164);
#7828=LINE('',#10165,#10166);
#7829=VERTEX_POINT('',#10167);
#7830=LINE('',#10168,#10169);
#7831=LINE('',#10170,#10171);
#7832=FILL_AREA_STYLE_COLOUR('',#10172);
#7833=VERTEX_POINT('',#10173);
#7834=LINE('',#10174,#10175);
#7835=VERTEX_POINT('',#10176);
#7836=LINE('',#10177,#10178);
#7837=LINE('',#10179,#10180);
#7838=FILL_AREA_STYLE_COLOUR('',#10181);
#7839=VERTEX_POINT('',#10182);
#7840=B_SPLINE_CURVE_WITH_KNOTS('',2,(#10183,#10184,#10185,#10186,#10187),.UNSPECIFIED.,.F.,.F.,(3,1,1,3),(0.0,1.0,2.0,3.0),.UNSPECIFIED.);
#7841=VERTEX_POINT('',#10188);
#7842=LINE('',#10189,#10190);
#7843=B_SPLINE_CURVE_WITH_KNOTS('',2,(#10191,#10192,#10193,#10194,#10195),.UNSPECIFIED.,.F.,.F.,(3,1,1,3),(0.0,1.0,2.0,3.0),.UNSPECIFIED.);
#7844=FILL_AREA_STYLE_COLOUR('',#10196);
#7845=VERTEX_POINT('',#10197);
#7846=LINE('',#10198,#10199);
#7847=VERTEX_POINT('',#10200);
#7848=LINE('',#10201,#10202);
#7849=LINE('',#10203,#10204);
#7850=FILL_AREA_STYLE_COLOUR('',#10205);
#7851=VERTEX_POINT('',#10206);
#7852=LINE('',#10207,#10208);
#7853=VERTEX_POINT('',#10209);
#7854=LINE('',#10210,#10211);
#7855=LINE('',#10212,#10213);
#7856=FILL_AREA_STYLE_COLOUR('',#10214);
#7857=VERTEX_POINT('',#10215);
#7858=LINE('',#10216,#10217);
#7859=VERTEX_POINT('',#10218);
#7860=LINE('',#10219,#10220);
#7861=LINE('',#10221,#10222);
#7862=FILL_AREA_STYLE_COLOUR('',#10223);
#7863=VERTEX_POINT('',#10224);
#7864=LINE('',#10225,#10226);
#7865=VERTEX_POINT('',#10227);
#7866=LINE('',#10228,#10229);
#7867=LINE('',#10230,#10231);
#7868=FILL_AREA_STYLE_COLOUR('',#10232);
#7869=VERTEX_POINT('',#10233);
#7870=LINE('',#10234,#10235);
#7871=VERTEX_POINT('',#10236);
#7872=LINE('',#10237,#10238);
#7873=LINE('',#10239,#10240);
#7874=FILL_AREA_STYLE_COLOUR('',#10241);
#7875=VERTEX_POINT('',#10242);
#7876=B_SPLINE_CURVE_WITH_KNOTS('',2,(#10243,#10244,#10245,#10246,#10247),.UNSPECIFIED.,.F.,.F.,(3,1,1,3),(0.0,1.0,2.0,3.0),.UNSPECIFIED.);
#7877=VERTEX_POINT('',#10248);
#7878=LINE('',#10249,#10250);
#7879=B_SPLINE_CURVE_WITH_KNOTS('',2,(#10251,#10252,#10253,#10254,#10255),.UNSPECIFIED.,.F.,.F.,(3,1,1,3),(0.0,1.0,2.0,3.0),.UNSPECIFIED.);
#7880=FILL_AREA_STYLE_COLOUR('',#10256);
#7881=VERTEX_POINT('',#10257);
#7882=LINE('',#10258,#10259);
#7883=VERTEX_POINT('',#10260);
#7884=LINE('',#10261,#10262);
#7885=LINE('',#10263,#10264);
#7886=FILL_AREA_STYLE_COLOUR('',#10265);
#7887=VERTEX_POINT('',#10266);
#7888=LINE('',#10267,#10268);
#7889=VERTEX_POINT('',#10269);
#7890=LINE('',#10270,#10271);
#7891=LINE('',#10272,#10273);
#7892=FILL_AREA_STYLE_COLOUR('',#10274);
#7893=VERTEX_POINT('',#10275);
#7894=B_SPLINE_CURVE_WITH_KNOTS('',2,(#10276,#10277,#10278,#10279,#10280),.UNSPECIFIED.,.F.,.F.,(3,1,1,3),(0.0,1.0,2.0,3.0),.UNSPECIFIED.);
#7895=VERTEX_POINT('',#10281);
#7896=LINE('',#10282,#10283);
#7897=B_SPLINE_CURVE_WITH_KNOTS('',2,(#10284,#10285,#10286,#10287,#10288),.UNSPECIFIED.,.F.,.F.,(3,1,1,3),(0.0,1.0,2.0,3.0),.UNSPECIFIED.);
#7898=FILL_AREA_STYLE_COLOUR('',#10289);
#7899=VERTEX_POINT('',#10290);
#7900=LINE('',#10291,#10292);
#7901=VERTEX_POINT('',#10293);
#7902=LINE('',#10294,#10295);
#7903=LINE('',#10296,#10297);
#7904=FILL_AREA_STYLE_COLOUR('',#10298);
#7905=VERTEX_POINT('',#10299);
#7906=LINE('',#10300,#10301);
#7907=VERTEX_POINT('',#10302);
#7908=LINE('',#10303,#10304);
#7909=LINE('',#10305,#10306);
#7910=FILL_AREA_STYLE_COLOUR('',#10307);
#7911=VERTEX_POINT('',#10308);
#7912=LINE('',#10309,#10310);
#7913=VERTEX_POINT('',#10311);
#7914=LINE('',#10312,#10313);
#7915=LINE('',#10314,#10315);
#7916=FILL_AREA_STYLE_COLOUR('',#10316);
#7917=VERTEX_POINT('',#10317);
#7918=LINE('',#10318,#10319);
#7919=VERTEX_POINT('',#10320);
#7920=LINE('',#10321,#10322);
#7921=LINE('',#10323,#10324);
#7922=FILL_AREA_STYLE_COLOUR('',#10325);
#7923=VERTEX_POINT('',#10326);
#7924=LINE('',#10327,#10328);
#7925=VERTEX_POINT('',#10329);
#7926=LINE('',#10330,#10331);
#7927=LINE('',#10332,#10333);
#7928=FILL_AREA_STYLE_COLOUR('',#10334);
#7929=VERTEX_POINT('',#10335);
#7930=B_SPLINE_CURVE_WITH_KNOTS('',2,(#10336,#10337,#10338,#10339,#10340),.UNSPECIFIED.,.F.,.F.,(3,1,1,3),(0.0,1.0,2.0,3.0),.UNSPECIFIED.);
#7931=VERTEX_POINT('',#10341);
#7932=LINE('',#10342,#10343);
#7933=B_SPLINE_CURVE_WITH_KNOTS('',2,(#10344,#10345,#10346,#10347,#10348),.UNSPECIFIED.,.F.,.F.,(3,1,1,3),(0.0,1.0,2.0,3.0),.UNSPECIFIED.);
#7934=FILL_AREA_STYLE_COLOUR('',#10349);
#7935=VERTEX_POINT('',#10350);
#7936=LINE('',#10351,#10352);
#7937=VERTEX_POINT('',#10353);
#7938=LINE('',#10354,#10355);
#7939=LINE('',#10356,#10357);
#7940=FILL_AREA_STYLE_COLOUR('',#10358);
#7941=VERTEX_POINT('',#10359);
#7942=B_SPLINE_CURVE_WITH_KNOTS('',2,(#10360,#10361,#10362,#10363,#10364),.UNSPECIFIED.,.F.,.F.,(3,1,1,3),(0.0,1.0,2.0,3.0),.UNSPECIFIED.);
#7943=VERTEX_POINT('',#10365);
#7944=LINE('',#10366,#10367);
#7945=B_SPLINE_CURVE_WITH_KNOTS('',2,(#10368,#10369,#10370,#10371,#10372),.UNSPECIFIED.,.F.,.F.,(3,1,1,3),(0.0,1.0,2.0,3.0),.UNSPECIFIED.);
#7946=FILL_AREA_STYLE_COLOUR('',#10373);
#7947=VERTEX_POINT('',#10374);
#7948=LINE('',#10375,#10376);
#7949=VERTEX_POINT('',#10377);
#7950=LINE('',#10378,#10379);
#7951=LINE('',#10380,#10381);
#7952=FILL_AREA_STYLE_COLOUR('',#10382);
#7953=VERTEX_POINT('',#10383);
#7954=LINE('',#10384,#10385);
#7955=VERTEX_POINT('',#10386);
#7956=LINE('',#10387,#10388);
#7957=LINE('',#10389,#10390);
#7958=FILL_AREA_STYLE_COLOUR('',#10391);
#7959=LINE('',#10392,#10393);
#7960=LINE('',#10394,#10395);
#7961=FILL_AREA_STYLE_COLOUR('',#10396);
#7962=FILL_AREA_STYLE_COLOUR('',#10397);
#7963=VERTEX_POINT('',#10398);
#7964=VERTEX_POINT('',#10399);
#7965=CIRCLE('',#10400,1.1);
#7966=VERTEX_POINT('',#10401);
#7967=LINE('',#10402,#10403);
#7968=VERTEX_POINT('',#10404);
#7969=CIRCLE('',#10405,1.1);
#7970=LINE('',#10406,#10407);
#7971=FILL_AREA_STYLE_COLOUR('',#10408);
#7972=VERTEX_POINT('',#10409);
#7973=LINE('',#10410,#10411);
#7974=VERTEX_POINT('',#10412);
#7975=LINE('',#10413,#10414);
#7976=LINE('',#10415,#10416);
#7977=FILL_AREA_STYLE_COLOUR('',#10417);
#7978=VERTEX_POINT('',#10418);
#7979=CIRCLE('',#10419,1.1);
#7980=VERTEX_POINT('',#10420);
#7981=CIRCLE('',#10421,1.1);
#7982=LINE('',#10422,#10423);
#7983=FILL_AREA_STYLE_COLOUR('',#10424);
#7984=LINE('',#10425,#10426);
#7985=LINE('',#10427,#10428);
#7986=FILL_AREA_STYLE_COLOUR('',#10429);
#7987=FILL_AREA_STYLE_COLOUR('',#10430);
#7988=VERTEX_POINT('',#10431);
#7989=CIRCLE('',#10432,0.5);
#7990=VERTEX_POINT('',#10433);
#7991=LINE('',#10434,#10435);
#7992=CIRCLE('',#10436,0.5);
#7993=FILL_AREA_STYLE_COLOUR('',#10437);
#7994=VERTEX_POINT('',#10438);
#7995=LINE('',#10439,#10440);
#7996=VERTEX_POINT('',#10441);
#7997=CIRCLE('',#10442,4.0);
#7998=LINE('',#10443,#10444);
#7999=FILL_AREA_STYLE_COLOUR('',#10445);
#8000=VERTEX_POINT('',#10446);
#8001=LINE('',#10447,#10448);
#8002=VERTEX_POINT('',#10449);
#8003=LINE('',#10450,#10451);
#8004=VERTEX_POINT('',#10452);
#8005=LINE('',#10453,#10454);
#8006=LINE('',#10455,#10456);
#8007=LINE('',#10457,#10458);
#8008=VERTEX_POINT('',#10459);
#8009=VERTEX_POINT('',#10460);
#8010=CIRCLE('',#10461,1.5);
#8011=VERTEX_POINT('',#10462);
#8012=LINE('',#10463,#10464);
#8013=VERTEX_POINT('',#10465);
#8014=CIRCLE('',#10466,1.5);
#8015=LINE('',#10467,#10468);
#8016=FILL_AREA_STYLE_COLOUR('',#10469);
#8017=CIRCLE('',#10470,0.5);
#8018=CIRCLE('',#10471,0.5);
#8019=FILL_AREA_STYLE_COLOUR('',#10472);
#8020=VERTEX_POINT('',#10473);
#8021=LINE('',#10474,#10475);
#8022=CIRCLE('',#10476,4.0);
#8023=FILL_AREA_STYLE_COLOUR('',#10477);
#8024=CIRCLE('',#10478,0.5);
#8025=FILL_AREA_STYLE_COLOUR('',#10479);
#8026=CIRCLE('',#10480,0.5);
#8027=FILL_AREA_STYLE_COLOUR('',#10481);
#8028=CIRCLE('',#10482,0.5);
#8029=VERTEX_POINT('',#10483);
#8030=CIRCLE('',#10484,1.0);
#8031=CIRCLE('',#10485,0.500000000000002);
#8032=FILL_AREA_STYLE_COLOUR('',#10486);
#8033=CIRCLE('',#10487,0.5);
#8034=LINE('',#10488,#10489);
#8035=FILL_AREA_STYLE_COLOUR('',#10490);
#8036=LINE('',#10491,#10492);
#8037=CIRCLE('',#10493,0.5);
#8038=FILL_AREA_STYLE_COLOUR('',#10494);
#8039=VERTEX_POINT('',#10495);
#8040=CIRCLE('',#10496,0.5);
#8041=CIRCLE('',#10497,1.0);
#8042=FILL_AREA_STYLE_COLOUR('',#10498);
#8043=VERTEX_POINT('',#10499);
#8044=CIRCLE('',#10500,0.5);
#8045=CIRCLE('',#10501,1.0);
#8046=FILL_AREA_STYLE_COLOUR('',#10502);
#8047=CIRCLE('',#10503,0.5);
#8048=LINE('',#10504,#10505);
#8049=FILL_AREA_STYLE_COLOUR('',#10506);
#8050=LINE('',#10507,#10508);
#8051=CIRCLE('',#10509,0.5);
#8052=FILL_AREA_STYLE_COLOUR('',#10510);
#8053=VERTEX_POINT('',#10511);
#8054=CIRCLE('',#10512,0.5);
#8055=CIRCLE('',#10513,1.0);
#8056=FILL_AREA_STYLE_COLOUR('',#10514);
#8057=VERTEX_POINT('',#10515);
#8058=CIRCLE('',#10516,0.5);
#8059=CIRCLE('',#10517,1.0);
#8060=FILL_AREA_STYLE_COLOUR('',#10518);
#8061=VERTEX_POINT('',#10519);
#8062=CIRCLE('',#10520,0.5);
#8063=LINE('',#10521,#10522);
#8064=FILL_AREA_STYLE_COLOUR('',#10523);
#8065=LINE('',#10524,#10525);
#8066=CIRCLE('',#10526,0.5);
#8067=FILL_AREA_STYLE_COLOUR('',#10527);
#8068=CIRCLE('',#10528,1.0);
#8069=FILL_AREA_STYLE_COLOUR('',#10529);
#8070=VERTEX_POINT('',#10530);
#8071=LINE('',#10531,#10532);
#8072=LINE('',#10533,#10534);
#8073=FILL_AREA_STYLE_COLOUR('',#10535);
#8074=CIRCLE('',#10536,1.0);
#8075=FILL_AREA_STYLE_COLOUR('',#10537);
#8076=VERTEX_POINT('',#10538);
#8077=LINE('',#10539,#10540);
#8078=LINE('',#10541,#10542);
#8079=FILL_AREA_STYLE_COLOUR('',#10543);
#8080=CIRCLE('',#10544,1.0);
#8081=FILL_AREA_STYLE_COLOUR('',#10545);
#8082=VERTEX_POINT('',#10546);
#8083=LINE('',#10547,#10548);
#8084=LINE('',#10549,#10550);
#8085=FILL_AREA_STYLE_COLOUR('',#10551);
#8086=CIRCLE('',#10552,1.0);
#8087=FILL_AREA_STYLE_COLOUR('',#10553);
#8088=FILL_AREA_STYLE_COLOUR('',#10554);
#8089=VERTEX_POINT('',#10555);
#8090=LINE('',#10556,#10557);
#8091=CIRCLE('',#10558,1.0);
#8092=FILL_AREA_STYLE_COLOUR('',#10559);
#8093=LINE('',#10560,#10561);
#8094=FILL_AREA_STYLE_COLOUR('',#10562);
#8095=VERTEX_POINT('',#10563);
#8096=CIRCLE('',#10564,1.5);
#8097=VERTEX_POINT('',#10565);
#8098=LINE('',#10566,#10567);
#8099=CIRCLE('',#10568,1.5);
#8100=VERTEX_POINT('',#10569);
#8101=LINE('',#10570,#10571);
#8102=VERTEX_POINT('',#10572);
#8103=LINE('',#10573,#10574);
#8104=VERTEX_POINT('',#10575);
#8105=LINE('',#10576,#10577);
#8106=LINE('',#10578,#10579);
#8107=LINE('',#10580,#10581);
#8108=VERTEX_POINT('',#10582);
#8109=CIRCLE('',#10583,1.0);
#8110=VERTEX_POINT('',#10584);
#8111=LINE('',#10585,#10586);
#8112=CIRCLE('',#10587,1.0);
#8113=FILL_AREA_STYLE_COLOUR('',#10588);
#8114=LINE('',#10589,#10590);
#8115=FILL_AREA_STYLE_COLOUR('',#10591);
#8116=LINE('',#10592,#10593);
#8117=FILL_AREA_STYLE_COLOUR('',#10594);
#8118=FILL_AREA_STYLE_COLOUR('',#10595);
#8119=FILL_AREA_STYLE_COLOUR('',#10596);
#8120=VERTEX_POINT('',#10597);
#8121=LINE('',#10598,#10599);
#8122=CIRCLE('',#10600,1.5);
#8123=FILL_AREA_STYLE_COLOUR('',#10601);
#8124=VERTEX_POINT('',#10602);
#8125=CIRCLE('',#10603,1.5);
#8126=CIRCLE('',#10604,4.0);
#8127=CIRCLE('',#10605,2.5);
#8128=FILL_AREA_STYLE_COLOUR('',#10606);
#8129=VERTEX_POINT('',#10607);
#8130=LINE('',#10608,#10609);
#8131=CIRCLE('',#10610,1.5);
#8132=FILL_AREA_STYLE_COLOUR('',#10611);
#8133=VERTEX_POINT('',#10612);
#8134=CIRCLE('',#10613,1.5);
#8135=CIRCLE('',#10614,4.0);
#8136=CIRCLE('',#10615,2.5);
#8137=FILL_AREA_STYLE_COLOUR('',#10616);
#8138=LINE('',#10617,#10618);
#8139=FILL_AREA_STYLE_COLOUR('',#10619);
#8140=FILL_AREA_STYLE_COLOUR('',#10620);
#8141=VERTEX_POINT('',#10621);
#8142=VERTEX_POINT('',#10622);
#8143=CIRCLE('',#10623,1.5);
#8144=LINE('',#10624,#10625);
#8145=LINE('',#10626,#10627);
#8146=FILL_AREA_STYLE_COLOUR('',#10628);
#8147=VERTEX_POINT('',#10629);
#8148=LINE('',#10630,#10631);
#8149=LINE('',#10632,#10633);
#8150=FILL_AREA_STYLE_COLOUR('',#10634);
#8151=VERTEX_POINT('',#10635);
#8152=CIRCLE('',#10636,1.5);
#8153=LINE('',#10637,#10638);
#8154=FILL_AREA_STYLE_COLOUR('',#10639);
#8155=LINE('',#10640,#10641);
#8156=FILL_AREA_STYLE_COLOUR('',#10642);
#8157=FILL_AREA_STYLE_COLOUR('',#10643);
#8158=LINE('',#10644,#10645);
#8159=FILL_AREA_STYLE_COLOUR('',#10646);
#8160=LINE('',#10647,#10648);
#8161=FILL_AREA_STYLE_COLOUR('',#10649);
#8162=LINE('',#10650,#10651);
#8163=FILL_AREA_STYLE_COLOUR('',#10652);
#8164=CIRCLE('',#10653,2.2);
#8165=FILL_AREA_STYLE_COLOUR('',#10654);
#8166=CIRCLE('',#10655,2.85);
#8167=FILL_AREA_STYLE_COLOUR('',#10656);
#8168=FILL_AREA_STYLE_COLOUR('',#10657);
#8169=FILL_AREA_STYLE_COLOUR('',#10658);
#8170=CIRCLE('',#10659,4.75);
#8171=FILL_AREA_STYLE_COLOUR('',#10660);
#8172=CIRCLE('',#10661,5.25);
#8173=FILL_AREA_STYLE_COLOUR('',#10662);
#8174=FILL_AREA_STYLE_COLOUR('',#10663);
#8175=CIRCLE('',#10664,5.5);
#8176=FILL_AREA_STYLE_COLOUR('',#10665);
#8177=CIRCLE('',#10666,5.5);
#8178=CIRCLE('',#10667,5.5);
#8179=FILL_AREA_STYLE_COLOUR('',#10668);
#8180=FILL_AREA_STYLE_COLOUR('',#10669);
#8181=LINE('',#10670,#10671);
#8182=FILL_AREA_STYLE_COLOUR('',#10672);
#8183=FILL_AREA_STYLE_COLOUR('',#10673);
#8184=COLOUR_RGB('',1.0,1.0,0.0);
#8185=CARTESIAN_POINT('',(2.51664917224781E-16,5.49999999999996,-2.055));
#8186=CARTESIAN_POINT('',(4.24682473958787E-15,6.44999999999996,-1.8149715906798));
#8188=CARTESIAN_POINT('',(4.65047888171552E-45,5.49999999999996,-2.055));
#8189=CARTESIAN_POINT('',(4.13593960184625E-45,7.49999999999996,-2.055));
#8190=CARTESIAN_POINT('',(-1.23045876519454E-45,7.49999999999996,-0.0550000000000002));
#8197=CARTESIAN_POINT('',(-2.51664917224781E-16,5.49999999999996,2.055));
#8198=AXIS2_PLACEMENT_3D('',#10674,#10675,#10676);
#8199=CARTESIAN_POINT('',(-6.73555739531045E-18,7.49999999999996,0.055));
#8200=AXIS2_PLACEMENT_3D('',#10677,#10678,#10679);
#8201=CARTESIAN_POINT('',(0.055,7.49999999999996,7.15128683879656E-46));
#8202=AXIS2_PLACEMENT_3D('',#10680,#10681,#10682);
#8203=CARTESIAN_POINT('',(0.248605273143219,7.49060719334855,1.23389940629666E-45));
#8204=AXIS2_PLACEMENT_3D('',#10683,#10684,#10685);
#8205=CARTESIAN_POINT('',(0.248605273143235,7.49060719334854,-1.52226826003008E-17));
#8206=CARTESIAN_POINT('',(0.248605273143235,7.49060719334854,-0.0310667577569131));
#8207=CARTESIAN_POINT('',(0.249991483358603,7.48991224939612,-0.0621709094991396));
#8208=CARTESIAN_POINT('',(0.255556724842753,7.48703248270592,-0.124318248354732));
#8209=CARTESIAN_POINT('',(0.259721027679614,7.48485417273652,-0.155050799359851));
#8210=CARTESIAN_POINT('',(0.272131362365563,7.47802488080703,-0.225104153901911));
#8211=CARTESIAN_POINT('',(0.281068369955179,7.47291357674832,-0.26369306191542));
#8212=CARTESIAN_POINT('',(0.329941325127317,7.44239108953361,-0.445356235126253));
#8213=CARTESIAN_POINT('',(0.39040536150948,7.39790850346339,-0.594889349292709));
#8214=CARTESIAN_POINT('',(0.482747048716675,7.27159743797855,-0.867098809884119));
#8215=CARTESIAN_POINT('',(0.515025616352141,7.2074133768522,-0.977345310843956));
#8216=CARTESIAN_POINT('',(0.553962779557925,7.05206909826221,-1.20335045951057));
#8217=CARTESIAN_POINT('',(0.555510481822138,6.96637510005112,-1.30767948803568));
#8218=CARTESIAN_POINT('',(0.523913403996696,6.82081950277416,-1.46913120001917));
#8219=CARTESIAN_POINT('',(0.498592439225407,6.75658076056063,-1.53479997628699));
#8220=CARTESIAN_POINT('',(0.428643557560432,6.651281688502,-1.63661840654734));
#8221=CARTESIAN_POINT('',(0.391123452417022,6.60877329490442,-1.67585411654714));
#8222=CARTESIAN_POINT('',(0.297836022958462,6.53370965053038,-1.74325778093523));
#8223=CARTESIAN_POINT('',(0.242492148607796,6.50189852589097,-1.77076214721441));
#8224=CARTESIAN_POINT('',(0.14867441271539,6.46945595135134,-1.79851959682484));
#8225=CARTESIAN_POINT('',(0.116215132014815,6.46135319497532,-1.80538155566078));
#8226=CARTESIAN_POINT('',(0.0658888938246196,6.45369487667597,-1.81185603034237));
#8227=CARTESIAN_POINT('',(0.0488639952936373,6.45190608740393,-1.81336455986904));
#8228=CARTESIAN_POINT('',(0.0211677462457686,6.45030570751469,-1.81471399309801));
#8229=CARTESIAN_POINT('',(0.010586897382163,6.44999999999996,-1.8149715906798));
#8230=CARTESIAN_POINT('',(8.56100505312885E-15,6.44999999999996,-1.8149715906798));
#8231=COLOUR_RGB('',0.0,0.0,0.0);
#8232=CARTESIAN_POINT('',(-9.0481733275175E-16,5.29999999999999,-4.49999999999999));
#8233=CARTESIAN_POINT('',(-3.60006920913613E-16,5.29999999999999,-3.1));
#8234=AXIS2_PLACEMENT_3D('',#10686,#10687,#10688);
#8235=CARTESIAN_POINT('',(3.14862637439545E-15,5.29999999999999,4.50000000000001));
#8236=AXIS2_PLACEMENT_3D('',#10689,#10690,#10691);
#8237=CARTESIAN_POINT('',(2.43236541067668E-15,5.29999999999999,3.10000000000001));
#8238=AXIS2_PLACEMENT_3D('',#10692,#10693,#10694);
#8239=AXIS2_PLACEMENT_3D('',#10695,#10696,#10697);
#8240=COLOUR_RGB('',0.0,0.0,0.0);
#8241=CARTESIAN_POINT('',(5.5,-1.5109441475758E-15,3.4107662602615E-15));
#8242=CARTESIAN_POINT('',(5.50000000000001,-13.75,3.4107662602615E-15));
#8243=CARTESIAN_POINT('',(5.5,-1.5109441475758E-15,3.4107662602615E-15));
#8244=VECTOR('',#10698,1.0);
#8245=CARTESIAN_POINT('',(-5.5,-1.30504001325334E-15,7.69144174106133E-15));
#8246=AXIS2_PLACEMENT_3D('',#10699,#10700,#10701);
#8247=CARTESIAN_POINT('',(-5.49999999999999,-13.75,7.7715611723761E-15));
#8248=CARTESIAN_POINT('',(-5.5,-5.55284984660176E-15,7.69144174106133E-15));
#8249=VECTOR('',#10702,5.5);
#8250=CARTESIAN_POINT('',(1.00586550483926E-14,-13.75,5.50000000000001));
#8251=AXIS2_PLACEMENT_3D('',#10703,#10704,#10705);
#8252=AXIS2_PLACEMENT_3D('',#10706,#10707,#10708);
#8253=COLOUR_RGB('',0.0,0.0,0.0);
#8254=CARTESIAN_POINT('',(1.00541741696817E-14,-14.0,5.25000000000001));
#8255=AXIS2_PLACEMENT_3D('',#10709,#10710,#10711);
#8256=CARTESIAN_POINT('',(4.68219570799537E-15,-14.0,-5.24999999999999));
#8257=AXIS2_PLACEMENT_3D('',#10712,#10713,#10714);
#8258=CARTESIAN_POINT('',(4.43086808853071E-15,-13.75,-5.49999999999999));
#8259=AXIS2_PLACEMENT_3D('',#10715,#10716,#10717);
#8260=AXIS2_PLACEMENT_3D('',#10718,#10719,#10720);
#8261=COLOUR_RGB('',0.0,0.0,0.0);
#8262=CARTESIAN_POINT('',(9.66950070969002E-15,-13.75,4.50000000000001));
#8263=CARTESIAN_POINT('',(6.17993096541508E-15,-4.35000000000001,4.50000000000001));
#8264=VECTOR('',#10721,1.0);
#8265=CARTESIAN_POINT('',(5.06494774253028E-15,-13.75,-4.49999999999999));
#8266=AXIS2_PLACEMENT_3D('',#10722,#10723,#10724);
#8267=CARTESIAN_POINT('',(2.67756011748796E-15,-4.35000000000001,-4.49999999999999));
#8268=VECTOR('',#10725,4.5);
#8269=AXIS2_PLACEMENT_3D('',#10726,#10727,#10728);
#8270=COLOUR_RGB('',0.0,0.0,0.0);
#8271=CARTESIAN_POINT('',(9.85959700033043E-15,-14.0,4.75000000000001));
#8272=AXIS2_PLACEMENT_3D('',#10729,#10730,#10731);
#8273=AXIS2_PLACEMENT_3D('',#10732,#10733,#10734);
#8274=CARTESIAN_POINT('',(4.99923553499515E-15,-14.0,-4.74999999999999));
#8275=AXIS2_PLACEMENT_3D('',#10735,#10736,#10737);
#8276=AXIS2_PLACEMENT_3D('',#10738,#10739,#10740);
#8277=COLOUR_RGB('',0.0,0.0,0.0);
#8278=CARTESIAN_POINT('',(9.50431260519133E-15,-13.75,3.10000000000001));
#8279=CARTESIAN_POINT('',(5.63511489123145E-15,-4.35,3.10000000000001));
#8280=VECTOR('',#10741,1.0);
#8281=AXIS2_PLACEMENT_3D('',#10742,#10743,#10744);
#8282=CARTESIAN_POINT('',(6.71194027360104E-15,-13.75,-3.1));
#8283=CARTESIAN_POINT('',(3.22237052932609E-15,-4.35,-3.1));
#8284=VECTOR('',#10745,3.1);
#8285=AXIS2_PLACEMENT_3D('',#10746,#10747,#10748);
#8286=COLOUR_RGB('',0.0,0.0,0.0);
#8287=CARTESIAN_POINT('',(6.20399840451194E-15,-14.0,-2.84999999999999));
#8288=AXIS2_PLACEMENT_3D('',#10749,#10750,#10751);
#8289=AXIS2_PLACEMENT_3D('',#10752,#10753,#10754);
#8290=CARTESIAN_POINT('',(1.01672652431489E-14,-14.0,2.85000000000001));
#8291=AXIS2_PLACEMENT_3D('',#10755,#10756,#10757);
#8292=AXIS2_PLACEMENT_3D('',#10758,#10759,#10760);
#8293=COLOUR_RGB('',0.0,0.0,0.0);
#8294=CARTESIAN_POINT('',(-2.19999999999999,-8.89500000000004,6.94608146395334E-15));
#8295=CARTESIAN_POINT('',(-2.19999999999999,-14.0,6.94608146395334E-15));
#8296=CARTESIAN_POINT('',(-2.19999999999999,-14.0,6.94608146395334E-15));
#8297=VECTOR('',#10761,1.0);
#8298=CARTESIAN_POINT('',(-2.69413397840923E-16,-8.89500000000004,2.20000000000001));
#8299=AXIS2_PLACEMENT_3D('',#10762,#10763,#10764);
#8300=CARTESIAN_POINT('',(2.20000000000001,-8.89500000000004,4.15613988432673E-15));
#8301=AXIS2_PLACEMENT_3D('',#10765,#10766,#10767);
#8302=CARTESIAN_POINT('',(2.20000000000001,-14.0,4.44089209850063E-15));
#8303=CARTESIAN_POINT('',(2.20000000000001,-14.0,4.15613988432673E-15));
#8304=VECTOR('',#10768,2.2);
#8305=AXIS2_PLACEMENT_3D('',#10769,#10770,#10771);
#8306=COLOUR_RGB('',0.0,0.0,0.0);
#8307=CARTESIAN_POINT('',(-5.56066017177983,18.5606601717798,-5.49999999999999));
#8308=CARTESIAN_POINT('',(-5.56066017177982,18.5606601717798,2.00000000000001));
#8309=CARTESIAN_POINT('',(-5.56066017177983,18.5606601717798,-1.74999999999999));
#8310=VECTOR('',#10772,1.0);
#8311=CARTESIAN_POINT('',(-6.00000000000001,17.5,-5.49999999999999));
#8312=AXIS2_PLACEMENT_3D('',#10773,#10774,#10775);
#8313=CARTESIAN_POINT('',(-6.0,17.5,2.00000000000001));
#8314=CARTESIAN_POINT('',(-6.0,17.5,3.12500000000001));
#8315=VECTOR('',#10776,10.0);
#8316=AXIS2_PLACEMENT_3D('',#10777,#10778,#10779);
#8317=COLOUR_RGB('',0.0,0.0,0.0);
#8318=CARTESIAN_POINT('',(-2.0,18.5606601717798,5.56066017177983));
#8319=CARTESIAN_POINT('',(2.0,18.5606601717798,5.56066017177982));
#8320=CARTESIAN_POINT('',(-1.23148979979114E-15,18.5606601717798,5.56066017177983));
#8321=VECTOR('',#10780,1.0);
#8322=CARTESIAN_POINT('',(-2.0,17.5,6.00000000000001));
#8323=AXIS2_PLACEMENT_3D('',#10781,#10782,#10783);
#8324=CARTESIAN_POINT('',(2.0,17.5,6.00000000000001));
#8325=CARTESIAN_POINT('',(-6.12967215557549E-16,17.5,6.00000000000001));
#8326=VECTOR('',#10784,10.0);
#8327=AXIS2_PLACEMENT_3D('',#10785,#10786,#10787);
#8328=COLOUR_RGB('',0.0,0.0,0.0);
#8329=CARTESIAN_POINT('',(5.56066017177982,18.5606601717798,2.0));
#8330=CARTESIAN_POINT('',(5.56066017177981,18.5606601717798,-5.5));
#8331=CARTESIAN_POINT('',(5.56066017177982,18.5606601717798,-1.75));
#8332=VECTOR('',#10788,1.0);
#8333=CARTESIAN_POINT('',(6.0,17.5,2.0));
#8334=AXIS2_PLACEMENT_3D('',#10789,#10790,#10791);
#8335=CARTESIAN_POINT('',(5.99999999999999,17.5,-5.5));
#8336=CARTESIAN_POINT('',(6.0,17.5,3.125));
#8337=VECTOR('',#10792,10.0);
#8338=AXIS2_PLACEMENT_3D('',#10793,#10794,#10795);
#8339=COLOUR_RGB('',0.0,0.0,0.0);
#8340=CARTESIAN_POINT('',(1.70710678118654,15.7071067811865,-5.49999999999999));
#8341=CARTESIAN_POINT('',(1.70710678118655,15.7071067811865,0.500000000000004));
#8342=CARTESIAN_POINT('',(1.70710678118654,15.7071067811865,-5.49999999999999));
#8343=VECTOR('',#10796,1.0);
#8344=CARTESIAN_POINT('',(0.999999999999994,16.0,-5.49999999999999));
#8345=AXIS2_PLACEMENT_3D('',#10797,#10798,#10799);
#8346=CARTESIAN_POINT('',(0.999999999999997,16.0,0.500000000000005));
#8347=CARTESIAN_POINT('',(0.999999999999994,16.0,-5.49999999999999));
#8348=VECTOR('',#10800,10.0);
#8349=AXIS2_PLACEMENT_3D('',#10801,#10802,#10803);
#8350=COLOUR_RGB('',0.0,0.0,0.0);
#8351=CARTESIAN_POINT('',(2.29289321881345,10.2928932188135,0.500000000000004));
#8352=CARTESIAN_POINT('',(2.29289321881345,10.2928932188135,-5.5));
#8353=CARTESIAN_POINT('',(2.29289321881345,10.2928932188135,-5.5));
#8354=VECTOR('',#10804,1.0);
#8355=CARTESIAN_POINT('',(4.0,11.0,0.500000000000003));
#8356=AXIS2_PLACEMENT_3D('',#10805,#10806,#10807);
#8357=CARTESIAN_POINT('',(4.0,11.0,-5.5));
#8358=CARTESIAN_POINT('',(4.0,11.0,-5.5));
#8359=VECTOR('',#10808,10.0);
#8360=AXIS2_PLACEMENT_3D('',#10809,#10810,#10811);
#8361=COLOUR_RGB('',0.0,0.0,0.0);
#8362=CARTESIAN_POINT('',(-1.70710678118655,15.7071067811865,-5.49999999999999));
#8363=CARTESIAN_POINT('',(-1.70710678118655,15.7071067811865,0.500000000000005));
#8364=CARTESIAN_POINT('',(-1.70710678118655,15.7071067811865,-5.49999999999999));
#8365=VECTOR('',#10812,1.0);
#8366=CARTESIAN_POINT('',(-2.00000000000001,15.0,-5.49999999999999));
#8367=AXIS2_PLACEMENT_3D('',#10813,#10814,#10815);
#8368=CARTESIAN_POINT('',(-2.0,15.0,0.500000000000006));
#8369=CARTESIAN_POINT('',(-2.00000000000001,15.0,-5.49999999999999));
#8370=VECTOR('',#10816,10.0);
#8371=AXIS2_PLACEMENT_3D('',#10817,#10818,#10819);
#8372=COLOUR_RGB('',0.0,0.0,0.0);
#8373=CARTESIAN_POINT('',(-2.29289321881345,10.2928932188135,0.500000000000006));
#8374=CARTESIAN_POINT('',(-2.29289321881345,10.2928932188135,-5.49999999999999));
#8375=CARTESIAN_POINT('',(-2.29289321881345,10.2928932188135,-5.49999999999999));
#8376=VECTOR('',#10820,1.0);
#8377=CARTESIAN_POINT('',(-2.0,11.0,0.500000000000006));
#8378=AXIS2_PLACEMENT_3D('',#10821,#10822,#10823);
#8379=CARTESIAN_POINT('',(-2.0,11.0,-5.49999999999999));
#8380=CARTESIAN_POINT('',(-2.0,11.0,-5.49999999999999));
#8381=VECTOR('',#10824,10.0);
#8382=AXIS2_PLACEMENT_3D('',#10825,#10826,#10827);
#8383=COLOUR_RGB('',0.0,0.0,0.0);
#8384=CARTESIAN_POINT('',(-3.70710678118655,17.7071067811865,0.500000000000006));
#8385=CARTESIAN_POINT('',(-3.70710678118656,17.7071067811865,-5.49999999999999));
#8386=CARTESIAN_POINT('',(-3.70710678118656,17.7071067811865,-5.49999999999999));
#8387=VECTOR('',#10828,1.0);
#8388=CARTESIAN_POINT('',(-4.0,17.0,0.500000000000007));
#8389=AXIS2_PLACEMENT_3D('',#10829,#10830,#10831);
#8390=CARTESIAN_POINT('',(-4.00000000000001,17.0,-5.49999999999999));
#8391=CARTESIAN_POINT('',(-4.00000000000001,17.0,-5.49999999999999));
#8392=VECTOR('',#10832,10.0);
#8393=AXIS2_PLACEMENT_3D('',#10833,#10834,#10835);
#8394=COLOUR_RGB('',0.0,0.0,0.0);
#8395=CARTESIAN_POINT('',(3.70710678118655,17.7071067811865,0.500000000000004));
#8396=CARTESIAN_POINT('',(3.70710678118655,17.7071067811865,-5.5));
#8397=CARTESIAN_POINT('',(3.70710678118655,17.7071067811865,-5.5));
#8398=VECTOR('',#10836,1.0);
#8399=CARTESIAN_POINT('',(3.0,18.0,0.500000000000004));
#8400=AXIS2_PLACEMENT_3D('',#10837,#10838,#10839);
#8401=CARTESIAN_POINT('',(2.99999999999999,18.0,-5.5));
#8402=CARTESIAN_POINT('',(2.99999999999999,18.0,-5.5));
#8403=VECTOR('',#10840,10.0);
#8404=AXIS2_PLACEMENT_3D('',#10841,#10842,#10843);
#8405=COLOUR_RGB('',0.0,0.0,0.0);
#8406=CARTESIAN_POINT('',(3.85355339059327,11.0,0.853553390593276));
#8407=CARTESIAN_POINT('',(3.85355339059327,17.0,0.853553390593277));
#8408=CARTESIAN_POINT('',(3.85355339059327,16.1363636363636,0.853553390593276));
#8409=VECTOR('',#10844,1.0);
#8410=CARTESIAN_POINT('',(3.5,11.0,1.0));
#8411=AXIS2_PLACEMENT_3D('',#10845,#10846,#10847);
#8412=CARTESIAN_POINT('',(3.5,17.0,1.0));
#8413=CARTESIAN_POINT('',(3.5,16.1363636363636,1.0));
#8414=VECTOR('',#10848,10.0);
#8415=AXIS2_PLACEMENT_3D('',#10849,#10850,#10851);
#8416=COLOUR_RGB('',0.0,0.0,0.0);
#8417=CARTESIAN_POINT('',(2.14644660940673,15.0,0.853553390593278));
#8418=CARTESIAN_POINT('',(2.14644660940673,11.0,0.853553390593278));
#8419=CARTESIAN_POINT('',(2.14644660940673,12.1363636363636,0.853553390593278));
#8420=VECTOR('',#10852,1.0);
#8421=CARTESIAN_POINT('',(2.5,15.0,1.0));
#8422=AXIS2_PLACEMENT_3D('',#10853,#10854,#10855);
#8423=CARTESIAN_POINT('',(2.5,11.0,1.0));
#8424=CARTESIAN_POINT('',(2.5,12.1363636363636,1.0));
#8425=VECTOR('',#10856,10.0);
#8426=AXIS2_PLACEMENT_3D('',#10857,#10858,#10859);
#8427=COLOUR_RGB('',0.0,0.0,0.0);
#8428=CARTESIAN_POINT('',(3.0,17.8535533905933,0.853553390593278));
#8429=CARTESIAN_POINT('',(-3.0,17.8535533905933,0.853553390593281));
#8430=CARTESIAN_POINT('',(-2.0,17.8535533905933,0.853553390593281));
#8431=VECTOR('',#10860,1.0);
#8432=CARTESIAN_POINT('',(3.0,17.5,1.0));
#8433=AXIS2_PLACEMENT_3D('',#10861,#10862,#10863);
#8434=CARTESIAN_POINT('',(-3.0,17.5,1.00000000000001));
#8435=CARTESIAN_POINT('',(-2.0,17.5,1.00000000000001));
#8436=VECTOR('',#10864,10.0);
#8437=AXIS2_PLACEMENT_3D('',#10865,#10866,#10867);
#8438=COLOUR_RGB('',0.0,0.0,0.0);
#8439=CARTESIAN_POINT('',(-1.0,16.1464466094067,0.85355339059328));
#8440=CARTESIAN_POINT('',(0.999999999999997,16.1464466094067,0.853553390593279));
#8441=CARTESIAN_POINT('',(0.999999999999997,16.1464466094067,0.853553390593279));
#8442=VECTOR('',#10868,1.0);
#8443=CARTESIAN_POINT('',(-1.0,16.5,1.00000000000001));
#8444=AXIS2_PLACEMENT_3D('',#10869,#10870,#10871);
#8445=CARTESIAN_POINT('',(0.999999999999997,16.5,1.00000000000001));
#8446=CARTESIAN_POINT('',(0.999999999999997,16.5,1.00000000000001));
#8447=VECTOR('',#10872,10.0);
#8448=AXIS2_PLACEMENT_3D('',#10873,#10874,#10875);
#8449=COLOUR_RGB('',0.0,0.0,0.0);
#8450=CARTESIAN_POINT('',(-3.85355339059327,17.0,0.853553390593281));
#8451=CARTESIAN_POINT('',(-3.85355339059327,11.0,0.853553390593283));
#8452=CARTESIAN_POINT('',(-3.85355339059327,12.1363636363636,0.853553390593282));
#8453=VECTOR('',#10876,1.0);
#8454=CARTESIAN_POINT('',(-3.5,17.0,1.00000000000001));
#8455=AXIS2_PLACEMENT_3D('',#10877,#10878,#10879);
#8456=CARTESIAN_POINT('',(-3.5,11.0,1.00000000000001));
#8457=CARTESIAN_POINT('',(-3.5,12.1363636363636,1.00000000000001));
#8458=VECTOR('',#10880,10.0);
#8459=AXIS2_PLACEMENT_3D('',#10881,#10882,#10883);
#8460=COLOUR_RGB('',0.0,0.0,0.0);
#8461=CARTESIAN_POINT('',(-2.14644660940673,11.0,0.853553390593279));
#8462=CARTESIAN_POINT('',(-2.14644660940673,15.0,0.85355339059328));
#8463=CARTESIAN_POINT('',(-2.14644660940673,13.0,0.85355339059328));
#8464=VECTOR('',#10884,1.0);
#8465=CARTESIAN_POINT('',(-2.5,11.0,1.00000000000001));
#8466=AXIS2_PLACEMENT_3D('',#10885,#10886,#10887);
#8467=CARTESIAN_POINT('',(-2.5,15.0,1.00000000000001));
#8468=CARTESIAN_POINT('',(-2.5,15.1363636363636,1.00000000000001));
#8469=VECTOR('',#10888,10.0);
#8470=AXIS2_PLACEMENT_3D('',#10889,#10890,#10891);
#8471=COLOUR_RGB('',0.0,0.0,0.0);
#8472=CARTESIAN_POINT('',(-0.5,13.75,5.15714210919966));
#8473=CARTESIAN_POINT('',(-0.499999999999999,13.75,5.75000000000001));
#8474=CARTESIAN_POINT('',(-0.5,13.75,5.45307105459984));
#8475=VECTOR('',#10892,1.0);
#8476=CARTESIAN_POINT('',(0.5,13.75,5.15714210919966));
#8477=CARTESIAN_POINT('',(-0.5,13.75,5.15714210919966));
#8478=CARTESIAN_POINT('',(-0.5,13.812818688875,5.15714210919966));
#8479=CARTESIAN_POINT('',(-0.487438512915724,13.8798005735552,5.15833853551998));
#8480=CARTESIAN_POINT('',(-0.436400841038075,14.0029798440293,5.16265596352115));
#8481=CARTESIAN_POINT('',(-0.397926567409463,14.0591802137771,5.16571419448557));
#8482=CARTESIAN_POINT('',(-0.309180318286093,14.1479264629004,5.1714517936579));
#8483=CARTESIAN_POINT('',(-0.25297990255139,14.1864008178644,5.17450446105795));
#8484=CARTESIAN_POINT('',(-0.129800478815453,14.2374385510957,5.17880915536155));
#8485=CARTESIAN_POINT('',(-0.0628185409225538,14.25,5.18000000000001));
#8486=CARTESIAN_POINT('',(0.0628185409225545,14.25,5.18000000000001));
#8487=CARTESIAN_POINT('',(0.129800478815454,14.2374385510957,5.17880915536156));
#8488=CARTESIAN_POINT('',(0.25297990255139,14.1864008178644,5.17450446105795));
#8489=CARTESIAN_POINT('',(0.309180318286093,14.1479264629005,5.1714517936579));
#8490=CARTESIAN_POINT('',(0.397926567409464,14.0591802137771,5.16571419448557));
#8491=CARTESIAN_POINT('',(0.436400841038075,14.0029798440293,5.16265596352115));
#8492=CARTESIAN_POINT('',(0.487438512915725,13.8798005735552,5.15833853551998));
#8493=CARTESIAN_POINT('',(0.5,13.812818688875,5.15714210919966));
#8494=CARTESIAN_POINT('',(0.5,13.75,5.15714210919966));
#8495=CARTESIAN_POINT('',(0.500000000000001,13.75,5.75000000000001));
#8496=CARTESIAN_POINT('',(0.500000000000001,13.75,6.00000000000001));
#8497=VECTOR('',#10893,0.5);
#8498=AXIS2_PLACEMENT_3D('',#10894,#10895,#10896);
#8499=COLOUR_RGB('',0.0,0.0,0.0);
#8500=CARTESIAN_POINT('',(-0.499999999999998,8.5,5.15714210919966));
#8501=CARTESIAN_POINT('',(-0.499999999999997,8.5,5.75000000000001));
#8502=CARTESIAN_POINT('',(-0.499999999999998,8.5,5.45307105459984));
#8503=VECTOR('',#10897,1.0);
#8504=CARTESIAN_POINT('',(0.500000000000002,8.5,5.15714210919966));
#8505=CARTESIAN_POINT('',(-0.499999999999998,8.5,5.15714210919966));
#8506=CARTESIAN_POINT('',(-0.499999999999998,8.56281868887497,5.15714210919966));
#8507=CARTESIAN_POINT('',(-0.487438512915722,8.62980057355525,5.15833853551998));
#8508=CARTESIAN_POINT('',(-0.436400841038072,8.75297984402933,5.16265596352115));
#8509=CARTESIAN_POINT('',(-0.397926567409462,8.80918021377708,5.16571419448557));
#8510=CARTESIAN_POINT('',(-0.309180318286091,8.89792646290045,5.1714517936579));
#8511=CARTESIAN_POINT('',(-0.252979902551388,8.93640081786443,5.17450446105795));
#8512=CARTESIAN_POINT('',(-0.129800478815451,8.98743855109569,5.17880915536156));
#8513=CARTESIAN_POINT('',(-0.0628185409225517,9.0,5.18000000000001));
#8514=CARTESIAN_POINT('',(0.0628185409225564,9.0,5.18000000000001));
#8515=CARTESIAN_POINT('',(0.129800478815455,8.98743855109569,5.17880915536156));
#8516=CARTESIAN_POINT('',(0.252979902551392,8.93640081786443,5.17450446105795));
#8517=CARTESIAN_POINT('',(0.309180318286095,8.89792646290045,5.1714517936579));
#8518=CARTESIAN_POINT('',(0.397926567409466,8.80918021377708,5.16571419448557));
#8519=CARTESIAN_POINT('',(0.436400841038077,8.75297984402933,5.16265596352115));
#8520=CARTESIAN_POINT('',(0.487438512915726,8.62980057355525,5.15833853551998));
#8521=CARTESIAN_POINT('',(0.500000000000002,8.56281868887497,5.15714210919966));
#8522=CARTESIAN_POINT('',(0.500000000000002,8.5,5.15714210919966));
#8523=CARTESIAN_POINT('',(0.500000000000003,8.5,5.75000000000001));
#8524=CARTESIAN_POINT('',(0.500000000000003,8.5,6.00000000000001));
#8525=VECTOR('',#10898,0.5);
#8526=AXIS2_PLACEMENT_3D('',#10899,#10900,#10901);
#8527=COLOUR_RGB('',0.0,0.0,0.0);
#8528=CARTESIAN_POINT('',(5.85355339059328,-1.35844386852699E-15,5.85355339059328));
#8529=CARTESIAN_POINT('',(5.85355339059328,2.99999999999999,5.85355339059328));
#8530=CARTESIAN_POINT('',(5.85355339059327,1.49999999999999,5.85355339059327));
#8531=VECTOR('',#10902,1.0);
#8532=CARTESIAN_POINT('',(6.00000000000001,-9.77931503891969E-15,5.5));
#8533=AXIS2_PLACEMENT_3D('',#10903,#10904,#10905);
#8534=CARTESIAN_POINT('',(6.00000000000001,2.99999999999999,5.5));
#8535=CARTESIAN_POINT('',(6.0,4.74999999999999,5.5));
#8536=VECTOR('',#10906,10.0);
#8537=AXIS2_PLACEMENT_3D('',#10907,#10908,#10909);
#8538=COLOUR_RGB('',0.0,0.0,0.0);
#8539=CARTESIAN_POINT('',(-5.85355339059327,2.99999999999998,5.85355339059328));
#8540=CARTESIAN_POINT('',(-5.85355339059327,-5.6359611866115E-15,5.85355339059328));
#8541=CARTESIAN_POINT('',(-5.85355339059327,1.49999999999998,5.85355339059328));
#8542=VECTOR('',#10910,1.0);
#8543=CARTESIAN_POINT('',(-6.0,2.99999999999998,5.50000000000001));
#8544=AXIS2_PLACEMENT_3D('',#10911,#10912,#10913);
#8545=CARTESIAN_POINT('',(-6.0,-1.42340849252281E-14,5.50000000000001));
#8546=CARTESIAN_POINT('',(-6.0,4.74999999999999,5.50000000000001));
#8547=VECTOR('',#10914,10.0);
#8548=AXIS2_PLACEMENT_3D('',#10915,#10916,#10917);
#8549=COLOUR_RGB('',0.0,0.0,0.0);
#8550=CARTESIAN_POINT('',(0.599999999999999,7.0,-2.5298221281347));
#8551=CARTESIAN_POINT('',(0.599999999999997,7.0,-5.49999999999999));
#8552=CARTESIAN_POINT('',(0.599999999999997,7.0,-5.49999999999999));
#8553=VECTOR('',#10918,1.0);
#8554=CARTESIAN_POINT('',(-0.600000000000001,7.0,-2.5298221281347));
#8555=CARTESIAN_POINT('',(0.599999999999999,7.0,-2.5298221281347));
#8556=CARTESIAN_POINT('',(0.599999999999999,7.07563544811363,-2.5298221281347));
#8557=CARTESIAN_POINT('',(0.584828239594851,7.15611760051464,-2.53356676449526));
#8558=CARTESIAN_POINT('',(0.523513381139538,7.30385941168041,-2.54694293943681));
#8559=CARTESIAN_POINT('',(0.477384356141805,7.37114378128205,-2.55636521893602));
#8560=CARTESIAN_POINT('',(0.371149125270926,7.47737901215293,-2.57393603254532));
#8561=CARTESIAN_POINT('',(0.303862512043442,7.52351221229785,-2.58324758918717));
#8562=CARTESIAN_POINT('',(0.156112810220186,7.58483010977979,-2.59636848759965));
#8563=CARTESIAN_POINT('',(0.075627839062307,7.6,-2.6));
#8564=CARTESIAN_POINT('',(-0.0756278390623091,7.6,-2.6));
#8565=CARTESIAN_POINT('',(-0.156112810220189,7.58483010977979,-2.59636848759965));
#8566=CARTESIAN_POINT('',(-0.303862512043443,7.52351221229785,-2.58324758918717));
#8567=CARTESIAN_POINT('',(-0.371149125270928,7.47737901215293,-2.57393603254532));
#8568=CARTESIAN_POINT('',(-0.477384356141807,7.37114378128205,-2.55636521893602));
#8569=CARTESIAN_POINT('',(-0.523513381139539,7.30385941168042,-2.54694293943681));
#8570=CARTESIAN_POINT('',(-0.584828239594853,7.15611760051464,-2.53356676449526));
#8571=CARTESIAN_POINT('',(-0.600000000000001,7.07563544811363,-2.5298221281347));
#8572=CARTESIAN_POINT('',(-0.600000000000001,7.0,-2.5298221281347));
#8573=CARTESIAN_POINT('',(-0.600000000000003,7.0,-5.49999999999999));
#8574=CARTESIAN_POINT('',(-0.600000000000003,7.0,-5.49999999999999));
#8575=VECTOR('',#10919,0.6);
#8576=AXIS2_PLACEMENT_3D('',#10920,#10921,#10922);
#8577=COLOUR_RGB('',0.0,0.0,0.0);
#8578=CARTESIAN_POINT('',(-2.65,7.0,2.00000000000001));
#8579=CARTESIAN_POINT('',(-2.65,7.0,-5.49999999999999));
#8580=CARTESIAN_POINT('',(-2.65,7.0,-5.49999999999999));
#8581=VECTOR('',#10923,1.0);
#8582=CARTESIAN_POINT('',(-3.85,7.0,2.00000000000001));
#8583=AXIS2_PLACEMENT_3D('',#10924,#10925,#10926);
#8584=CARTESIAN_POINT('',(-3.85,7.0,-5.49999999999999));
#8585=CARTESIAN_POINT('',(-3.85,7.0,-5.49999999999999));
#8586=VECTOR('',#10927,0.6);
#8587=AXIS2_PLACEMENT_3D('',#10928,#10929,#10930);
#8588=COLOUR_RGB('',0.0,0.0,0.0);
#8589=CARTESIAN_POINT('',(3.85,7.0,2.0));
#8590=CARTESIAN_POINT('',(3.85,7.0,-5.5));
#8591=CARTESIAN_POINT('',(3.85,7.0,-5.5));
#8592=VECTOR('',#10931,1.0);
#8593=CARTESIAN_POINT('',(2.65,7.0,2.0));
#8594=AXIS2_PLACEMENT_3D('',#10932,#10933,#10934);
#8595=CARTESIAN_POINT('',(2.65,7.0,-5.5));
#8596=CARTESIAN_POINT('',(2.65,7.0,-5.5));
#8597=VECTOR('',#10935,0.6);
#8598=AXIS2_PLACEMENT_3D('',#10936,#10937,#10938);
#8599=COLOUR_RGB('',1.0,1.0,0.0);
#8600=CARTESIAN_POINT('',(-2.51656605710499E-16,-8.75000000000004,2.055));
#8601=CARTESIAN_POINT('',(2.51656605710499E-16,-1.62500000000004,2.055));
#8602=VECTOR('',#10939,1.0);
#8603=CARTESIAN_POINT('',(-2.51664917224781E-16,-8.75000000000004,-2.055));
#8604=CARTESIAN_POINT('',(-2.51664917224781E-16,-9.00000000000004,-2.055));
#8605=VECTOR('',#10940,2.055);
#8606=AXIS2_PLACEMENT_3D('',#10941,#10942,#10943);
#8607=COLOUR_RGB('',1.0,1.0,0.0);
#8608=CARTESIAN_POINT('',(-0.75,13.5,-9.9));
#8609=CARTESIAN_POINT('',(-1.0,13.5,-9.65));
#8610=CARTESIAN_POINT('',(-0.875,13.5,-9.775));
#8611=VECTOR('',#10944,1.0);
#8612=CARTESIAN_POINT('',(0.75,13.5,-9.9));
#8613=AXIS2_PLACEMENT_3D('',#10945,#10946,#10947);
#8614=CARTESIAN_POINT('',(1.0,13.5,-9.65));
#8615=CARTESIAN_POINT('',(0.875,13.5,-9.775));
#8616=VECTOR('',#10948,0.875);
#8617=AXIS2_PLACEMENT_3D('',#10949,#10950,#10951);
#8618=COLOUR_RGB('',1.0,1.0,0.0);
#8619=CARTESIAN_POINT('',(-4.06940547069152E-16,7.54999999999996,-2.6));
#8620=CARTESIAN_POINT('',(6.73584316579143E-17,7.54999999999996,4.16205334443101E-47));
#8621=CARTESIAN_POINT('',(6.73584316579143E-17,7.54999999999996,4.16205334443101E-47));
#8622=VECTOR('',#10952,1.0);
#8623=CARTESIAN_POINT('',(0.55,6.99999999999996,-2.54116115191461));
#8624=CARTESIAN_POINT('',(0.55,6.99999999999996,-2.54116115191461));
#8625=CARTESIAN_POINT('',(0.55,7.06928739335909,-2.54116115191461));
#8626=CARTESIAN_POINT('',(0.536109918409271,7.14304474791729,-2.544289079225));
#8627=CARTESIAN_POINT('',(0.479916638888424,7.27848821030276,-2.55548444857659));
#8628=CARTESIAN_POINT('',(0.437624377669688,7.34019308163547,-2.56337910434372));
#8629=CARTESIAN_POINT('',(0.340196513633446,7.43762094567171,-2.57811821268995));
#8630=CARTESIAN_POINT('',(0.278490190788015,7.47991589275183,-2.58593505894656));
#8631=CARTESIAN_POINT('',(0.143041662078885,7.53611112313821,-2.59695128912423));
#8632=CARTESIAN_POINT('',(0.0692825120899624,7.54999999999996,-2.6));
#8633=CARTESIAN_POINT('',(-0.0692825120899628,7.54999999999996,-2.6));
#8634=CARTESIAN_POINT('',(-0.143041662078886,7.53611112313821,-2.59695128912423));
#8635=CARTESIAN_POINT('',(-0.278490190788015,7.47991589275183,-2.58593505894656));
#8636=CARTESIAN_POINT('',(-0.340196513633446,7.43762094567171,-2.57811821268995));
#8637=CARTESIAN_POINT('',(-0.437624377669688,7.34019308163547,-2.56337910434372));
#8638=CARTESIAN_POINT('',(-0.479916638888424,7.27848821030276,-2.55548444857659));
#8639=CARTESIAN_POINT('',(-0.53610991840927,7.14304474791729,-2.544289079225));
#8640=CARTESIAN_POINT('',(-0.55,7.06928739335909,-2.54116115191461));
#8641=CARTESIAN_POINT('',(-0.55,6.93071260664083,-2.54116115191461));
#8642=CARTESIAN_POINT('',(-0.536109918409271,6.85695525208263,-2.544289079225));
#8643=CARTESIAN_POINT('',(-0.479916638888424,6.72151178969716,-2.55548444857659));
#8644=CARTESIAN_POINT('',(-0.437624377669688,6.65980691836444,-2.56337910434372));
#8645=CARTESIAN_POINT('',(-0.340196513633446,6.5623790543282,-2.57811821268995));
#8646=CARTESIAN_POINT('',(-0.278490190788015,6.52008410724808,-2.58593505894656));
#8647=CARTESIAN_POINT('',(-0.143041662078886,6.4638888768617,-2.59695128912423));
#8648=CARTESIAN_POINT('',(-0.0692825120899624,6.44999999999996,-2.6));
#8649=CARTESIAN_POINT('',(6.93889390390723E-17,6.44999999999996,-2.6));
#8650=CARTESIAN_POINT('',(-6.73555739531044E-17,6.44999999999996,-2.6));
#8651=CARTESIAN_POINT('',(6.93889390390723E-17,6.44999999999996,-2.6));
#8652=CARTESIAN_POINT('',(0.0692825120899626,6.44999999999996,-2.6));
#8653=CARTESIAN_POINT('',(0.143041662078886,6.4638888768617,-2.59695128912423));
#8654=CARTESIAN_POINT('',(0.278490190788015,6.52008410724808,-2.58593505894656));
#8655=CARTESIAN_POINT('',(0.340196513633446,6.5623790543282,-2.57811821268995));
#8656=CARTESIAN_POINT('',(0.437624377669688,6.65980691836444,-2.56337910434372));
#8657=CARTESIAN_POINT('',(0.479916638888424,6.72151178969716,-2.55548444857659));
#8658=CARTESIAN_POINT('',(0.53610991840927,6.85695525208263,-2.544289079225));
#8659=CARTESIAN_POINT('',(0.55,6.93071260664083,-2.54116115191461));
#8660=CARTESIAN_POINT('',(0.55,6.99999999999996,-2.54116115191461));
#8661=CARTESIAN_POINT('',(-6.73555739531044E-17,6.44999999999996,4.88095346755987E-46));
#8662=VECTOR('',#10953,0.55);
#8663=AXIS2_PLACEMENT_3D('',#10954,#10955,#10956);
#8664=COLOUR_RGB('',1.0,1.0,0.0);
#8665=CARTESIAN_POINT('',(-2.66964185133278E-16,-8.87500000000004,2.18));
#8666=VECTOR('',#10957,1.0);
#8667=CARTESIAN_POINT('',(2.69422295812418E-16,-8.89500000000005,-2.2));
#8668=AXIS2_PLACEMENT_3D('',#10958,#10959,#10960);
#8669=CARTESIAN_POINT('',(2.66973002214123E-16,-8.87500000000004,-2.18));
#8670=VECTOR('',#10961,2.18);
#8671=AXIS2_PLACEMENT_3D('',#10962,#10963,#10964);
#8672=COLOUR_RGB('',1.0,1.0,0.0);
#8673=CARTESIAN_POINT('',(-1.0,13.5,-5.5));
#8674=CARTESIAN_POINT('',(-1.0,13.5,-7.575));
#8675=VECTOR('',#10965,1.0);
#8676=CARTESIAN_POINT('',(1.0,13.5,-5.5));
#8677=AXIS2_PLACEMENT_3D('',#10966,#10967,#10968);
#8678=CARTESIAN_POINT('',(1.0,13.5,-2.0));
#8679=VECTOR('',#10969,1.0);
#8680=AXIS2_PLACEMENT_3D('',#10970,#10971,#10972);
#8681=COLOUR_RGB('',1.0,1.0,0.0);
#8682=AXIS2_PLACEMENT_3D('',#10973,#10974,#10975);
#8683=COLOUR_RGB('',1.0,1.0,0.0);
#8684=AXIS2_PLACEMENT_3D('',#10976,#10977,#10978);
#8685=COLOUR_RGB('',1.0,1.0,0.0);
#8686=CARTESIAN_POINT('',(-0.600000000000001,7.0,-2.5298221281347));
#8687=CARTESIAN_POINT('',(-0.600000000000001,6.92436455188637,-2.5298221281347));
#8688=CARTESIAN_POINT('',(-0.584828239594854,6.84388239948536,-2.53356676449526));
#8689=CARTESIAN_POINT('',(-0.523513381139541,6.69614058831958,-2.54694293943681));
#8690=CARTESIAN_POINT('',(-0.477384356141807,6.62885621871795,-2.55636521893602));
#8691=CARTESIAN_POINT('',(-0.371149125270928,6.52262098784707,-2.57393603254532));
#8692=CARTESIAN_POINT('',(-0.303862512043444,6.47648778770214,-2.58324758918717));
#8693=CARTESIAN_POINT('',(-0.156112810220188,6.4151698902202,-2.59636848759965));
#8694=CARTESIAN_POINT('',(-0.0756278390623092,6.4,-2.6));
#8695=CARTESIAN_POINT('',(0.075627839062307,6.4,-2.6));
#8696=CARTESIAN_POINT('',(0.156112810220186,6.4151698902202,-2.59636848759965));
#8697=CARTESIAN_POINT('',(0.303862512043441,6.47648778770214,-2.58324758918717));
#8698=CARTESIAN_POINT('',(0.371149125270925,6.52262098784707,-2.57393603254532));
#8699=CARTESIAN_POINT('',(0.477384356141805,6.62885621871795,-2.55636521893602));
#8700=CARTESIAN_POINT('',(0.523513381139537,6.69614058831958,-2.54694293943681));
#8701=CARTESIAN_POINT('',(0.584828239594851,6.84388239948536,-2.53356676449526));
#8702=CARTESIAN_POINT('',(0.599999999999999,6.92436455188637,-2.5298221281347));
#8703=CARTESIAN_POINT('',(0.599999999999999,7.0,-2.5298221281347));
#8704=CARTESIAN_POINT('',(0.55,6.99999999999996,-2.54116115191461));
#8705=CARTESIAN_POINT('',(0.55,7.06928739335909,-2.54116115191461));
#8706=CARTESIAN_POINT('',(0.536109918409271,7.14304474791729,-2.544289079225));
#8707=CARTESIAN_POINT('',(0.479916638888424,7.27848821030276,-2.55548444857659));
#8708=CARTESIAN_POINT('',(0.437624377669688,7.34019308163547,-2.56337910434372));
#8709=CARTESIAN_POINT('',(0.340196513633446,7.43762094567171,-2.57811821268995));
#8710=CARTESIAN_POINT('',(0.278490190788015,7.47991589275183,-2.58593505894656));
#8711=CARTESIAN_POINT('',(0.143041662078885,7.53611112313821,-2.59695128912423));
#8712=CARTESIAN_POINT('',(0.0692825120899624,7.54999999999996,-2.6));
#8713=CARTESIAN_POINT('',(-0.0692825120899628,7.54999999999996,-2.6));
#8714=CARTESIAN_POINT('',(-0.143041662078886,7.53611112313821,-2.59695128912423));
#8715=CARTESIAN_POINT('',(-0.278490190788015,7.47991589275183,-2.58593505894656));
#8716=CARTESIAN_POINT('',(-0.340196513633446,7.43762094567171,-2.57811821268995));
#8717=CARTESIAN_POINT('',(-0.437624377669688,7.34019308163547,-2.56337910434372));
#8718=CARTESIAN_POINT('',(-0.479916638888424,7.27848821030276,-2.55548444857659));
#8719=CARTESIAN_POINT('',(-0.53610991840927,7.14304474791729,-2.544289079225));
#8720=CARTESIAN_POINT('',(-0.55,7.06928739335909,-2.54116115191461));
#8721=CARTESIAN_POINT('',(-0.55,6.93071260664083,-2.54116115191461));
#8722=CARTESIAN_POINT('',(-0.536109918409271,6.85695525208263,-2.544289079225));
#8723=CARTESIAN_POINT('',(-0.479916638888424,6.72151178969716,-2.55548444857659));
#8724=CARTESIAN_POINT('',(-0.437624377669688,6.65980691836444,-2.56337910434372));
#8725=CARTESIAN_POINT('',(-0.340196513633446,6.5623790543282,-2.57811821268995));
#8726=CARTESIAN_POINT('',(-0.278490190788015,6.52008410724808,-2.58593505894656));
#8727=CARTESIAN_POINT('',(-0.143041662078886,6.4638888768617,-2.59695128912423));
#8728=CARTESIAN_POINT('',(-0.0692825120899624,6.44999999999996,-2.6));
#8729=CARTESIAN_POINT('',(6.93889390390723E-17,6.44999999999996,-2.6));
#8730=COLOUR_RGB('',1.0,1.0,0.0);
#8731=CARTESIAN_POINT('',(-0.248605273143219,7.49060719334855,-1.00215525536845E-46));
#8732=CARTESIAN_POINT('',(-0.055,7.49999999999996,4.19976773692412E-46));
#8733=AXIS2_PLACEMENT_3D('',#10979,#10980,#10981);
#8734=AXIS2_PLACEMENT_3D('',#10982,#10983,#10984);
#8735=CARTESIAN_POINT('',(-1.37803472028816E-45,7.49999999999996,5.67552728786034E-46));
#8736=VECTOR('',#10985,10.0);
#8737=COLOUR_RGB('',1.0,1.0,0.0);
#8738=CARTESIAN_POINT('',(8.56100505312885E-15,6.44999999999996,-1.8149715906798));
#8739=CARTESIAN_POINT('',(-0.00228454341026863,6.44999999999996,-1.8149715906798));
#8740=CARTESIAN_POINT('',(-0.00456936847099208,6.45001423407346,-1.81495959409382));
#8741=CARTESIAN_POINT('',(-0.0205502165479729,6.45021340948783,-1.81479172225206));
#8742=CARTESIAN_POINT('',(-0.0342185369670504,6.45089553253685,-1.81421694773577));
#8743=CARTESIAN_POINT('',(-0.0689530028970135,6.45392751744902,-1.81165892408918));
#8744=CARTESIAN_POINT('',(-0.0898375713557144,6.45698191742049,-1.80908071243784));
#8745=CARTESIAN_POINT('',(-0.167143457781346,6.47281776247477,-1.79566011963058));
#8746=CARTESIAN_POINT('',(-0.219888730439179,6.4929612406528,-1.77853043583047));
#8747=CARTESIAN_POINT('',(-0.318617366287751,6.54785591866122,-1.73060732218681));
#8748=CARTESIAN_POINT('',(-0.362560367638625,6.58301801663969,-1.69934235778495));
#8749=CARTESIAN_POINT('',(-0.448707017452034,6.6738781101366,-1.61538848246403));
#8750=CARTESIAN_POINT('',(-0.484349234944511,6.7318848186744,-1.55948890419585));
#8751=CARTESIAN_POINT('',(-0.541950888302734,6.87147336375646,-1.4155159084983));
#8752=CARTESIAN_POINT('',(-0.555499509445193,6.9598339125494,-1.31723720811239));
#8753=CARTESIAN_POINT('',(-0.536958529929566,7.17499493064249,-1.03704991047811));
#8754=CARTESIAN_POINT('',(-0.482284642848431,7.28450101872544,-0.858625748470863));
#8755=CARTESIAN_POINT('',(-0.371283666003291,7.41062176494788,-0.546719152225604));
#8756=CARTESIAN_POINT('',(-0.328973704125009,7.44228965961065,-0.434792631569557));
#8757=CARTESIAN_POINT('',(-0.286144719529383,7.46992125763458,-0.284276723806797));
#8758=CARTESIAN_POINT('',(-0.275555520246298,7.47608555439229,-0.241437739092084));
#8759=CARTESIAN_POINT('',(-0.261573956295371,7.4838622236054,-0.166999498149319));
#8760=CARTESIAN_POINT('',(-0.257051591686257,7.48624800474977,-0.136244994753654));
#8761=CARTESIAN_POINT('',(-0.250369456328305,7.48972538506824,-0.0701085558658609));
#8762=CARTESIAN_POINT('',(-0.248605273143235,7.49060719334854,-0.035036659857644));
#8763=CARTESIAN_POINT('',(-0.248605273143235,7.49060719334854,-1.52226826003008E-17));
#8764=COLOUR_RGB('',1.0,1.0,0.0);
#8765=AXIS2_PLACEMENT_3D('',#10986,#10987,#10988);
#8766=COLOUR_RGB('',1.0,1.0,0.0);
#8767=AXIS2_PLACEMENT_3D('',#10989,#10990,#10991);
#8768=COLOUR_RGB('',1.0,1.0,0.0);
#8769=COLOUR_RGB('',1.0,1.0,0.0);
#8770=AXIS2_PLACEMENT_3D('',#10992,#10993,#10994);
#8771=COLOUR_RGB('',1.0,1.0,0.0);
#8772=COLOUR_RGB('',1.0,1.0,0.0);
#8773=CARTESIAN_POINT('',(-4.68,8.22,-5.49999999999999));
#8774=CARTESIAN_POINT('',(-5.48,8.22,-5.49999999999999));
#8775=CARTESIAN_POINT('',(-3.52669282666085E-15,8.22,-5.49999999999999));
#8776=VECTOR('',#10995,10.0);
#8777=CARTESIAN_POINT('',(-4.68,8.22,-6.29999999999999));
#8778=CARTESIAN_POINT('',(-4.68,8.22,-6.29999999999999));
#8779=VECTOR('',#10996,10.0);
#8780=CARTESIAN_POINT('',(-5.48,8.22,-6.29999999999999));
#8781=CARTESIAN_POINT('',(-2.74,8.22,-6.29999999999999));
#8782=VECTOR('',#10997,10.0);
#8783=CARTESIAN_POINT('',(-5.48,8.22,-3.29999999999999));
#8784=VECTOR('',#10998,10.0);
#8785=COLOUR_RGB('',1.0,1.0,0.0);
#8786=CARTESIAN_POINT('',(-5.48,17.7,-5.49999999999999));
#8787=CARTESIAN_POINT('',(-5.48,16.22,-5.49999999999999));
#8788=CARTESIAN_POINT('',(-5.48,15.61,-5.49999999999999));
#8789=VECTOR('',#10999,10.0);
#8790=CARTESIAN_POINT('',(-5.48,17.7,-8.96698729810777));
#8791=CARTESIAN_POINT('',(-5.48,17.7,-6.29999999999999));
#8792=VECTOR('',#11000,10.0);
#8793=CARTESIAN_POINT('',(-5.48,16.9,-8.96698729810777));
#8794=CARTESIAN_POINT('',(-5.48,14.76,-8.96698729810777));
#8795=VECTOR('',#11001,10.0);
#8796=CARTESIAN_POINT('',(-5.48,16.9,-6.29999999999999));
#8797=CARTESIAN_POINT('',(-5.48,16.9,-6.29999999999999));
#8798=VECTOR('',#11002,10.0);
#8799=CARTESIAN_POINT('',(-5.48,16.22,-6.29999999999999));
#8800=CARTESIAN_POINT('',(-5.48,12.22,-6.29999999999999));
#8801=VECTOR('',#11003,10.0);
#8802=CARTESIAN_POINT('',(-5.48,16.22,-2.39999999999999));
#8803=VECTOR('',#11004,10.0);
#8804=COLOUR_RGB('',1.0,1.0,0.0);
#8805=CARTESIAN_POINT('',(-4.68,16.22,-5.49999999999999));
#8806=CARTESIAN_POINT('',(-4.68,17.7,-5.49999999999999));
#8807=CARTESIAN_POINT('',(-4.68,15.61,-5.49999999999999));
#8808=VECTOR('',#11005,10.0);
#8809=CARTESIAN_POINT('',(-4.68,16.22,-6.29999999999999));
#8810=CARTESIAN_POINT('',(-4.68,16.22,-5.39999999999999));
#8811=VECTOR('',#11006,10.0);
#8812=CARTESIAN_POINT('',(-4.68,16.9,-6.29999999999999));
#8813=CARTESIAN_POINT('',(-4.68,12.22,-6.29999999999999));
#8814=VECTOR('',#11007,10.0);
#8815=CARTESIAN_POINT('',(-4.68,16.9,-8.96698729810777));
#8816=CARTESIAN_POINT('',(-4.68,16.9,-6.29999999999999));
#8817=VECTOR('',#11008,10.0);
#8818=CARTESIAN_POINT('',(-4.68,17.7,-8.96698729810777));
#8819=CARTESIAN_POINT('',(-4.68,14.76,-8.96698729810777));
#8820=VECTOR('',#11009,10.0);
#8821=CARTESIAN_POINT('',(-4.68,17.7,-0.29999999999999));
#8822=VECTOR('',#11010,10.0);
#8823=COLOUR_RGB('',1.0,1.0,0.0);
#8824=CARTESIAN_POINT('',(-4.68,6.74,-5.49999999999999));
#8825=CARTESIAN_POINT('',(-4.68,15.61,-5.49999999999999));
#8826=VECTOR('',#11011,10.0);
#8827=CARTESIAN_POINT('',(-4.68,6.74,-8.96698729810777));
#8828=CARTESIAN_POINT('',(-4.68,6.74,-6.29999999999999));
#8829=VECTOR('',#11012,10.0);
#8830=CARTESIAN_POINT('',(-4.68,7.54,-8.96698729810777));
#8831=CARTESIAN_POINT('',(-4.68,9.68,-8.96698729810777));
#8832=VECTOR('',#11013,10.0);
#8833=CARTESIAN_POINT('',(-4.68,7.54,-6.29999999999999));
#8834=CARTESIAN_POINT('',(-4.68,7.54,-6.29999999999999));
#8835=VECTOR('',#11014,10.0);
#8836=CARTESIAN_POINT('',(-4.68,12.22,-6.29999999999999));
#8837=VECTOR('',#11015,10.0);
#8838=COLOUR_RGB('',1.0,1.0,0.0);
#8839=CARTESIAN_POINT('',(5.48,17.7,-5.5));
#8840=CARTESIAN_POINT('',(4.68,17.7,-5.5));
#8841=CARTESIAN_POINT('',(-3.80424858281714E-15,17.7,-5.49999999999999));
#8842=VECTOR('',#11016,10.0);
#8843=CARTESIAN_POINT('',(5.48,17.7,-8.96698729810778));
#8844=CARTESIAN_POINT('',(5.48,17.7,-0.299999999999998));
#8845=VECTOR('',#11017,10.0);
#8846=CARTESIAN_POINT('',(4.68,17.7,-8.96698729810778));
#8847=CARTESIAN_POINT('',(2.54,17.7,-8.96698729810778));
#8848=VECTOR('',#11018,10.0);
#8849=CARTESIAN_POINT('',(4.68,17.7,-6.3));
#8850=VECTOR('',#11019,10.0);
#8851=COLOUR_RGB('',1.0,1.0,0.0);
#8852=CARTESIAN_POINT('',(-3.80424858281714E-15,17.7,-5.49999999999999));
#8853=VECTOR('',#11020,10.0);
#8854=CARTESIAN_POINT('',(-2.54,17.7,-8.96698729810777));
#8855=VECTOR('',#11021,10.0);
#8856=COLOUR_RGB('',1.0,1.0,0.0);
#8857=CARTESIAN_POINT('',(5.48,6.74,-5.5));
#8858=CARTESIAN_POINT('',(5.48,8.22,-5.5));
#8859=CARTESIAN_POINT('',(5.48,15.61,-5.5));
#8860=VECTOR('',#11022,10.0);
#8861=CARTESIAN_POINT('',(5.48,6.74,-8.96698729810778));
#8862=CARTESIAN_POINT('',(5.48,6.74,-6.3));
#8863=VECTOR('',#11023,10.0);
#8864=CARTESIAN_POINT('',(5.48,7.54,-8.96698729810778));
#8865=CARTESIAN_POINT('',(5.48,9.68,-8.96698729810778));
#8866=VECTOR('',#11024,10.0);
#8867=CARTESIAN_POINT('',(5.48,7.54,-6.3));
#8868=CARTESIAN_POINT('',(5.48,7.54,-6.3));
#8869=VECTOR('',#11025,10.0);
#8870=CARTESIAN_POINT('',(5.48,8.22,-6.3));
#8871=CARTESIAN_POINT('',(5.48,12.22,-6.3));
#8872=VECTOR('',#11026,10.0);
#8873=CARTESIAN_POINT('',(5.48,8.22,-6.3));
#8874=VECTOR('',#11027,10.0);
#8875=COLOUR_RGB('',1.0,1.0,0.0);
#8876=CARTESIAN_POINT('',(4.68,6.74,-5.5));
#8877=CARTESIAN_POINT('',(-3.80424858281714E-15,6.74,-5.49999999999999));
#8878=VECTOR('',#11028,10.0);
#8879=CARTESIAN_POINT('',(4.67999999999999,6.74,-8.96698729810777));
#8880=CARTESIAN_POINT('',(4.68,6.74,-6.3));
#8881=VECTOR('',#11029,10.0);
#8882=CARTESIAN_POINT('',(2.54,6.74,-8.96698729810778));
#8883=VECTOR('',#11030,10.0);
#8884=COLOUR_RGB('',1.0,1.0,0.0);
#8885=CARTESIAN_POINT('',(4.68,8.22,-5.5));
#8886=CARTESIAN_POINT('',(4.68,15.61,-5.5));
#8887=VECTOR('',#11031,10.0);
#8888=CARTESIAN_POINT('',(4.68,8.22,-6.3));
#8889=CARTESIAN_POINT('',(4.68,8.22,-3.3));
#8890=VECTOR('',#11032,10.0);
#8891=CARTESIAN_POINT('',(4.68,7.54,-6.3));
#8892=CARTESIAN_POINT('',(4.68,12.22,-6.3));
#8893=VECTOR('',#11033,10.0);
#8894=CARTESIAN_POINT('',(4.68,7.54,-8.96698729810778));
#8895=CARTESIAN_POINT('',(4.68,7.54,-6.3));
#8896=VECTOR('',#11034,10.0);
#8897=CARTESIAN_POINT('',(4.67999999999999,9.68,-8.96698729810777));
#8898=VECTOR('',#11035,10.0);
#8899=COLOUR_RGB('',1.0,1.0,0.0);
#8900=CARTESIAN_POINT('',(4.68,16.22,-5.5));
#8901=CARTESIAN_POINT('',(4.68,15.61,-5.5));
#8902=VECTOR('',#11036,10.0);
#8903=CARTESIAN_POINT('',(4.68,16.9,-8.96698729810777));
#8904=CARTESIAN_POINT('',(4.67999999999999,14.76,-8.96698729810777));
#8905=VECTOR('',#11037,10.0);
#8906=CARTESIAN_POINT('',(4.68,16.9,-6.3));
#8907=CARTESIAN_POINT('',(4.68,16.9,-6.3));
#8908=VECTOR('',#11038,10.0);
#8909=CARTESIAN_POINT('',(4.68,16.22,-6.3));
#8910=CARTESIAN_POINT('',(4.68,12.22,-6.3));
#8911=VECTOR('',#11039,10.0);
#8912=CARTESIAN_POINT('',(4.68,16.22,-2.4));
#8913=VECTOR('',#11040,10.0);
#8914=COLOUR_RGB('',1.0,1.0,0.0);
#8915=CARTESIAN_POINT('',(0.5,13.75,5.15714210919966));
#8916=CARTESIAN_POINT('',(0.5,13.687181311125,5.15714210919966));
#8917=CARTESIAN_POINT('',(0.487438512915725,13.6201994264447,5.15833853551998));
#8918=CARTESIAN_POINT('',(0.436400841038076,13.4970201559707,5.16265596352115));
#8919=CARTESIAN_POINT('',(0.397926567409464,13.4408197862229,5.16571419448557));
#8920=CARTESIAN_POINT('',(0.309180318286093,13.3520735370995,5.1714517936579));
#8921=CARTESIAN_POINT('',(0.252979902551391,13.3135991821356,5.17450446105795));
#8922=CARTESIAN_POINT('',(0.129800478815454,13.2625614489043,5.17880915536156));
#8923=CARTESIAN_POINT('',(0.0628185409225548,13.25,5.18000000000001));
#8924=CARTESIAN_POINT('',(-0.0628185409225535,13.25,5.18000000000001));
#8925=CARTESIAN_POINT('',(-0.129800478815453,13.2625614489043,5.17880915536156));
#8926=CARTESIAN_POINT('',(-0.25297990255139,13.3135991821356,5.17450446105795));
#8927=CARTESIAN_POINT('',(-0.309180318286092,13.3520735370995,5.1714517936579));
#8928=CARTESIAN_POINT('',(-0.397926567409463,13.4408197862229,5.16571419448557));
#8929=CARTESIAN_POINT('',(-0.436400841038075,13.4970201559707,5.16265596352115));
#8930=CARTESIAN_POINT('',(-0.487438512915725,13.6201994264447,5.15833853551998));
#8931=CARTESIAN_POINT('',(-0.5,13.687181311125,5.15714210919966));
#8932=CARTESIAN_POINT('',(-0.5,13.75,5.15714210919966));
#8933=COLOUR_RGB('',1.0,1.0,0.0);
#8934=CARTESIAN_POINT('',(0.500000000000002,8.5,5.15714210919966));
#8935=CARTESIAN_POINT('',(0.500000000000002,8.43718131112502,5.15714210919966));
#8936=CARTESIAN_POINT('',(0.487438512915726,8.37019942644475,5.15833853551998));
#8937=CARTESIAN_POINT('',(0.436400841038077,8.24702015597066,5.16265596352115));
#8938=CARTESIAN_POINT('',(0.397926567409466,8.19081978622291,5.16571419448557));
#8939=CARTESIAN_POINT('',(0.309180318286095,8.10207353709954,5.1714517936579));
#8940=CARTESIAN_POINT('',(0.252979902551393,8.06359918213556,5.17450446105795));
#8941=CARTESIAN_POINT('',(0.129800478815456,8.0125614489043,5.17880915536156));
#8942=CARTESIAN_POINT('',(0.0628185409225566,8.0,5.18000000000001));
#8943=CARTESIAN_POINT('',(-0.0628185409225514,8.0,5.18000000000001));
#8944=CARTESIAN_POINT('',(-0.129800478815451,8.0125614489043,5.17880915536156));
#8945=CARTESIAN_POINT('',(-0.252979902551388,8.06359918213556,5.17450446105795));
#8946=CARTESIAN_POINT('',(-0.30918031828609,8.10207353709954,5.1714517936579));
#8947=CARTESIAN_POINT('',(-0.397926567409461,8.19081978622291,5.16571419448557));
#8948=CARTESIAN_POINT('',(-0.436400841038072,8.24702015597066,5.16265596352115));
#8949=CARTESIAN_POINT('',(-0.487438512915722,8.37019942644475,5.15833853551998));
#8950=CARTESIAN_POINT('',(-0.499999999999998,8.43718131112502,5.15714210919966));
#8951=CARTESIAN_POINT('',(-0.499999999999998,8.5,5.15714210919966));
#8952=COLOUR_RGB('',1.0,1.0,0.0);
#8953=CARTESIAN_POINT('',(-4.93,17.45,-9.89999999999999));
#8954=CARTESIAN_POINT('',(-5.23,17.45,-9.89999999999999));
#8955=CARTESIAN_POINT('',(-2.54,17.45,-9.89999999999999));
#8956=VECTOR('',#11041,10.0);
#8957=CARTESIAN_POINT('',(-5.23,17.45,-9.89999999999999));
#8958=VECTOR('',#11042,10.0);
#8959=CARTESIAN_POINT('',(-4.93,17.45,-9.89999999999999));
#8960=VECTOR('',#11043,10.0);
#8961=COLOUR_RGB('',1.0,1.0,0.0);
#8962=CARTESIAN_POINT('',(-5.23,17.15,-9.89999999999999));
#8963=CARTESIAN_POINT('',(-5.23,14.76,-9.89999999999999));
#8964=VECTOR('',#11044,10.0);
#8965=CARTESIAN_POINT('',(-5.23,17.15,-9.89999999999999));
#8966=VECTOR('',#11045,10.0);
#8967=COLOUR_RGB('',1.0,1.0,0.0);
#8968=CARTESIAN_POINT('',(-4.93,17.15,-9.89999999999999));
#8969=CARTESIAN_POINT('',(-5.28,17.15,-9.89999999999999));
#8970=VECTOR('',#11046,10.0);
#8971=CARTESIAN_POINT('',(-4.93,17.15,-9.89999999999999));
#8972=VECTOR('',#11047,10.0);
#8973=CARTESIAN_POINT('',(-5.28,16.9,-8.96698729810777));
#8974=VECTOR('',#11048,10.0);
#8975=COLOUR_RGB('',1.0,1.0,0.0);
#8976=CARTESIAN_POINT('',(-4.93,14.76,-9.89999999999999));
#8977=VECTOR('',#11049,10.0);
#8978=COLOUR_RGB('',1.0,1.0,0.0);
#8979=COLOUR_RGB('',1.0,1.0,0.0);
#8980=CARTESIAN_POINT('',(4.93,17.15,-9.9));
#8981=CARTESIAN_POINT('',(5.23,17.15,-9.9));
#8982=CARTESIAN_POINT('',(4.88,17.15,-9.9));
#8983=VECTOR('',#11050,10.0);
#8984=CARTESIAN_POINT('',(5.48,16.9,-8.96698729810778));
#8985=CARTESIAN_POINT('',(5.23,17.15,-9.9));
#8986=VECTOR('',#11051,10.0);
#8987=CARTESIAN_POINT('',(4.88,16.9,-8.96698729810778));
#8988=VECTOR('',#11052,10.0);
#8989=CARTESIAN_POINT('',(4.93,17.15,-9.9));
#8990=VECTOR('',#11053,10.0);
#8991=COLOUR_RGB('',1.0,1.0,0.0);
#8992=CARTESIAN_POINT('',(5.23,17.45,-9.9));
#8993=CARTESIAN_POINT('',(5.23,14.76,-9.9));
#8994=VECTOR('',#11054,10.0);
#8995=CARTESIAN_POINT('',(5.23,17.45,-9.9));
#8996=VECTOR('',#11055,10.0);
#8997=CARTESIAN_POINT('',(5.48,14.76,-8.96698729810778));
#8998=VECTOR('',#11056,10.0);
#8999=COLOUR_RGB('',1.0,1.0,0.0);
#9000=CARTESIAN_POINT('',(4.93,17.45,-9.9));
#9001=CARTESIAN_POINT('',(2.54,17.45,-9.9));
#9002=VECTOR('',#11057,10.0);
#9003=CARTESIAN_POINT('',(4.93,17.45,-9.9));
#9004=VECTOR('',#11058,10.0);
#9005=COLOUR_RGB('',1.0,1.0,0.0);
#9006=CARTESIAN_POINT('',(4.93,14.76,-9.9));
#9007=VECTOR('',#11059,10.0);
#9008=COLOUR_RGB('',1.0,1.0,0.0);
#9009=CARTESIAN_POINT('',(5.48,16.9,-6.3));
#9010=CARTESIAN_POINT('',(5.48,16.9,-6.3));
#9011=VECTOR('',#11060,10.0);
#9012=CARTESIAN_POINT('',(4.68,16.9,-6.3));
#9013=VECTOR('',#11061,10.0);
#9014=COLOUR_RGB('',1.0,1.0,0.0);
#9015=COLOUR_RGB('',1.0,1.0,0.0);
#9016=CARTESIAN_POINT('',(5.23,6.99,-9.9));
#9017=CARTESIAN_POINT('',(5.23,6.99,-9.9));
#9018=VECTOR('',#11062,10.0);
#9019=CARTESIAN_POINT('',(5.23,7.29,-9.9));
#9020=CARTESIAN_POINT('',(5.23,9.68,-9.9));
#9021=VECTOR('',#11063,10.0);
#9022=CARTESIAN_POINT('',(5.23,7.29,-9.9));
#9023=VECTOR('',#11064,10.0);
#9024=COLOUR_RGB('',1.0,1.0,0.0);
#9025=CARTESIAN_POINT('',(4.93,7.29,-9.9));
#9026=CARTESIAN_POINT('',(5.28,7.29,-9.9));
#9027=VECTOR('',#11065,10.0);
#9028=CARTESIAN_POINT('',(4.93,7.29,-9.9));
#9029=VECTOR('',#11066,10.0);
#9030=CARTESIAN_POINT('',(5.28,7.54,-8.96698729810778));
#9031=VECTOR('',#11067,10.0);
#9032=COLOUR_RGB('',1.0,1.0,0.0);
#9033=CARTESIAN_POINT('',(4.93,6.99,-9.9));
#9034=CARTESIAN_POINT('',(4.93,9.68,-9.9));
#9035=VECTOR('',#11068,10.0);
#9036=CARTESIAN_POINT('',(4.93,6.99,-9.9));
#9037=VECTOR('',#11069,10.0);
#9038=COLOUR_RGB('',1.0,1.0,0.0);
#9039=CARTESIAN_POINT('',(2.54,6.99,-9.9));
#9040=VECTOR('',#11070,10.0);
#9041=COLOUR_RGB('',1.0,1.0,0.0);
#9042=CARTESIAN_POINT('',(-5.48,6.74,-5.49999999999999));
#9043=CARTESIAN_POINT('',(-3.80424858281714E-15,6.74,-5.49999999999999));
#9044=VECTOR('',#11071,10.0);
#9045=CARTESIAN_POINT('',(-5.48,6.74,-8.96698729810777));
#9046=CARTESIAN_POINT('',(-5.48,6.74,-6.29999999999999));
#9047=VECTOR('',#11072,10.0);
#9048=CARTESIAN_POINT('',(-2.54,6.74,-8.96698729810777));
#9049=VECTOR('',#11073,10.0);
#9050=COLOUR_RGB('',1.0,1.0,0.0);
#9051=CARTESIAN_POINT('',(5.48,16.22,-5.5));
#9052=CARTESIAN_POINT('',(5.48,15.61,-5.5));
#9053=VECTOR('',#11074,10.0);
#9054=CARTESIAN_POINT('',(5.48,16.22,-6.3));
#9055=CARTESIAN_POINT('',(5.48,16.22,-5.4));
#9056=VECTOR('',#11075,10.0);
#9057=CARTESIAN_POINT('',(5.48,12.22,-6.3));
#9058=VECTOR('',#11076,10.0);
#9059=COLOUR_RGB('',1.0,1.0,0.0);
#9060=COLOUR_RGB('',1.0,1.0,0.0);
#9061=CARTESIAN_POINT('',(-4.93,6.99,-9.89999999999999));
#9062=CARTESIAN_POINT('',(-4.93,6.99,-9.89999999999999));
#9063=VECTOR('',#11077,10.0);
#9064=CARTESIAN_POINT('',(-4.93,7.29,-9.89999999999999));
#9065=CARTESIAN_POINT('',(-4.93,9.68,-9.89999999999999));
#9066=VECTOR('',#11078,10.0);
#9067=CARTESIAN_POINT('',(-4.93,7.29,-9.89999999999999));
#9068=VECTOR('',#11079,10.0);
#9069=COLOUR_RGB('',1.0,1.0,0.0);
#9070=CARTESIAN_POINT('',(-5.23,7.29,-9.89999999999999));
#9071=CARTESIAN_POINT('',(-4.88,7.29,-9.89999999999999));
#9072=VECTOR('',#11080,10.0);
#9073=CARTESIAN_POINT('',(-5.48,7.54,-8.96698729810777));
#9074=CARTESIAN_POINT('',(-5.23,7.29,-9.89999999999999));
#9075=VECTOR('',#11081,10.0);
#9076=CARTESIAN_POINT('',(-4.88,7.54,-8.96698729810777));
#9077=VECTOR('',#11082,10.0);
#9078=COLOUR_RGB('',1.0,1.0,0.0);
#9079=CARTESIAN_POINT('',(-5.23,6.99,-9.89999999999999));
#9080=CARTESIAN_POINT('',(-5.23,9.68,-9.89999999999999));
#9081=VECTOR('',#11083,10.0);
#9082=CARTESIAN_POINT('',(-5.23,6.99,-9.89999999999999));
#9083=VECTOR('',#11084,10.0);
#9084=CARTESIAN_POINT('',(-5.48,9.68,-8.96698729810777));
#9085=VECTOR('',#11085,10.0);
#9086=COLOUR_RGB('',1.0,1.0,0.0);
#9087=CARTESIAN_POINT('',(-2.54,6.99,-9.89999999999999));
#9088=VECTOR('',#11086,10.0);
#9089=COLOUR_RGB('',1.0,1.0,0.0);
#9090=COLOUR_RGB('',1.0,1.0,0.0);
#9091=CARTESIAN_POINT('',(-5.48,7.54,-6.29999999999999));
#9092=CARTESIAN_POINT('',(-5.48,7.54,-6.29999999999999));
#9093=VECTOR('',#11087,10.0);
#9094=CARTESIAN_POINT('',(-5.08,7.54,-6.29999999999999));
#9095=VECTOR('',#11088,10.0);
#9096=COLOUR_RGB('',1.0,1.0,0.0);
#9097=CARTESIAN_POINT('',(-5.48,16.9,-6.29999999999999));
#9098=VECTOR('',#11089,10.0);
#9099=COLOUR_RGB('',1.0,1.0,0.0);
#9100=CARTESIAN_POINT('',(5.08,7.54,-6.3));
#9101=VECTOR('',#11090,10.0);
#9102=COLOUR_RGB('',1.0,1.0,0.0);
#9103=CARTESIAN_POINT('',(-3.52669282666085E-15,16.22,-5.49999999999999));
#9104=VECTOR('',#11091,10.0);
#9105=CARTESIAN_POINT('',(2.34,16.22,-6.3));
#9106=VECTOR('',#11092,10.0);
#9107=COLOUR_RGB('',1.0,1.0,0.0);
#9108=CARTESIAN_POINT('',(-3.52669282666085E-15,16.22,-5.49999999999999));
#9109=VECTOR('',#11093,10.0);
#9110=CARTESIAN_POINT('',(-2.74,16.22,-6.29999999999999));
#9111=VECTOR('',#11094,10.0);
#9112=COLOUR_RGB('',1.0,1.0,0.0);
#9113=CARTESIAN_POINT('',(-3.52669282666085E-15,8.22,-5.49999999999999));
#9114=VECTOR('',#11095,10.0);
#9115=CARTESIAN_POINT('',(2.34,8.22,-6.3));
#9116=VECTOR('',#11096,10.0);
#9117=COLOUR_RGB('',1.0,1.0,0.0);
#9118=CARTESIAN_POINT('',(-5.48,12.22,-6.29999999999999));
#9119=VECTOR('',#11097,10.0);
#9120=COLOUR_RGB('',1.0,1.0,0.0);
#9121=COLOUR_RGB('',1.0,1.0,0.0);
#9122=CARTESIAN_POINT('',(-5.48,15.61,-5.49999999999999));
#9123=VECTOR('',#11098,10.0);
#9124=COLOUR_RGB('',1.0,1.0,0.0);
#9125=COLOUR_RGB('',1.0,1.0,0.0);
#9126=COLOUR_RGB('',0.0,0.0,0.0);
#9127=CARTESIAN_POINT('',(-0.147876450079919,16.7934362667695,1.00000000000001));
#9128=CARTESIAN_POINT('',(-0.147876450079996,17.0498069269604,1.00000000000001));
#9129=CARTESIAN_POINT('',(-0.147876450079536,15.5330817697484,1.00000000000001));
#9130=VECTOR('',#11099,10.0);
#9131=CARTESIAN_POINT('',(-0.147876450079919,16.7934362667695,0.750000000000005));
#9132=CARTESIAN_POINT('',(-0.147876450079919,16.7934362667695,1.00000000000001));
#9133=VECTOR('',#11100,10.0);
#9134=CARTESIAN_POINT('',(-0.147876450079997,17.0498069269604,0.750000000000005));
#9135=CARTESIAN_POINT('',(-0.147876450079954,16.9093154867683,0.750000000000005));
#9136=VECTOR('',#11101,10.0);
#9137=CARTESIAN_POINT('',(-0.147876450079996,17.0498069269604,1.00000000000001));
#9138=VECTOR('',#11102,10.0);
#9139=COLOUR_RGB('',0.0,0.0,0.0);
#9140=CARTESIAN_POINT('',(0.30308880760516,17.0498069269605,1.00000000000001));
#9141=CARTESIAN_POINT('',(-0.408013696789801,16.6455500237768,1.00000000000001));
#9142=VECTOR('',#11103,10.0);
#9143=CARTESIAN_POINT('',(0.30308880760516,17.0498069269605,0.750000000000005));
#9144=CARTESIAN_POINT('',(0.30308880760516,17.0498069269605,1.00000000000001));
#9145=VECTOR('',#11104,10.0);
#9146=CARTESIAN_POINT('',(0.166150987020397,16.9719587138883,0.750000000000005));
#9147=VECTOR('',#11105,10.0);
#9148=COLOUR_RGB('',0.0,0.0,0.0);
#9149=CARTESIAN_POINT('',(-0.0739382250404101,17.0498069269604,1.00000000000001));
#9150=VECTOR('',#11106,10.0);
#9151=CARTESIAN_POINT('',(-0.0965918784453084,17.0498069269604,0.750000000000005));
#9152=VECTOR('',#11107,10.0);
#9153=COLOUR_RGB('',0.0,0.0,0.0);
#9154=CARTESIAN_POINT('',(-0.260617764501286,17.0498069269603,1.00000000000001));
#9155=CARTESIAN_POINT('',(-0.260617764501179,16.6945945664549,1.00000000000001));
#9156=CARTESIAN_POINT('',(-0.260617764500816,15.483660919591,1.00000000000001));
#9157=VECTOR('',#11108,10.0);
#9158=CARTESIAN_POINT('',(-0.260617764501286,17.0498069269603,0.750000000000005));
#9159=CARTESIAN_POINT('',(-0.260617764501286,17.0498069269603,1.00000000000001));
#9160=VECTOR('',#11109,10.0);
#9161=CARTESIAN_POINT('',(-0.260617764501179,16.6945945664549,0.750000000000005));
#9162=CARTESIAN_POINT('',(-0.260617764501286,17.0498069269603,0.750000000000005));
#9163=VECTOR('',#11110,10.0);
#9164=CARTESIAN_POINT('',(-0.260617764501179,16.6945945664549,1.00000000000001));
#9165=VECTOR('',#11111,10.0);
#9166=COLOUR_RGB('',0.0,0.0,0.0);
#9167=CARTESIAN_POINT('',(-0.14787645007989,16.6945945664549,1.00000000000001));
#9168=CARTESIAN_POINT('',(-0.073938225040328,16.694594566455,1.00000000000001));
#9169=VECTOR('',#11112,10.0);
#9170=CARTESIAN_POINT('',(-0.14787645007989,16.6945945664549,0.750000000000005));
#9171=CARTESIAN_POINT('',(-0.260617764501179,16.6945945664549,0.750000000000005));
#9172=VECTOR('',#11113,10.0);
#9173=CARTESIAN_POINT('',(-0.14787645007989,16.6945945664549,1.00000000000001));
#9174=VECTOR('',#11114,10.0);
#9175=COLOUR_RGB('',0.0,0.0,0.0);
#9176=CARTESIAN_POINT('',(0.500000007450558,17.0683397457695,1.00000000000001));
#9177=CARTESIAN_POINT('',(-0.292596504640438,16.6111088615594,1.00000000000001));
#9178=VECTOR('',#11115,10.0);
#9179=CARTESIAN_POINT('',(0.500000007450558,17.0683397457695,0.750000000000005));
#9180=CARTESIAN_POINT('',(-0.14787645007989,16.6945945664549,0.750000000000005));
#9181=VECTOR('',#11116,10.0);
#9182=CARTESIAN_POINT('',(0.500000007450558,17.0683397457695,1.00000000000001));
#9183=VECTOR('',#11117,10.0);
#9184=COLOUR_RGB('',0.0,0.0,0.0);
#9185=CARTESIAN_POINT('',(0.500000007450533,17.1509652296262,1.00000000000001));
#9186=CARTESIAN_POINT('',(0.500000007450959,15.7118462511768,1.00000000000001));
#9187=VECTOR('',#11118,10.0);
#9188=CARTESIAN_POINT('',(0.500000007450533,17.1509652296262,0.750000000000005));
#9189=CARTESIAN_POINT('',(0.500000007450558,17.0683397457695,0.750000000000005));
#9190=VECTOR('',#11119,10.0);
#9191=CARTESIAN_POINT('',(0.500000007450533,17.1509652296262,1.00000000000001));
#9192=VECTOR('',#11120,10.0);
#9193=COLOUR_RGB('',0.0,0.0,0.0);
#9194=CARTESIAN_POINT('',(-0.147876450080025,17.150965229626,1.00000000000001));
#9195=CARTESIAN_POINT('',(-0.0739382250404434,17.1509652296261,1.00000000000001));
#9196=VECTOR('',#11121,10.0);
#9197=CARTESIAN_POINT('',(-0.147876450080025,17.150965229626,0.750000000000005));
#9198=CARTESIAN_POINT('',(0.500000007450533,17.1509652296262,0.750000000000005));
#9199=VECTOR('',#11122,10.0);
#9200=CARTESIAN_POINT('',(-0.147876450080025,17.150965229626,1.00000000000001));
#9201=VECTOR('',#11123,10.0);
#9202=COLOUR_RGB('',0.0,0.0,0.0);
#9203=CARTESIAN_POINT('',(-0.147876450080059,17.2621621424799,1.00000000000001));
#9204=CARTESIAN_POINT('',(-0.14787645007961,15.7674447076036,1.00000000000001));
#9205=VECTOR('',#11124,10.0);
#9206=CARTESIAN_POINT('',(-0.147876450080059,17.2621621424799,0.750000000000005));
#9207=CARTESIAN_POINT('',(-0.147876450080025,17.150965229626,0.750000000000005));
#9208=VECTOR('',#11125,10.0);
#9209=CARTESIAN_POINT('',(-0.147876450080059,17.2621621424799,1.00000000000001));
#9210=VECTOR('',#11126,10.0);
#9211=COLOUR_RGB('',0.0,0.0,0.0);
#9212=CARTESIAN_POINT('',(-0.260617764501348,17.2621621424799,1.00000000000001));
#9213=CARTESIAN_POINT('',(-0.130308882251117,17.2621621424799,1.00000000000001));
#9214=VECTOR('',#11127,10.0);
#9215=CARTESIAN_POINT('',(-0.260617764501348,17.2621621424799,0.750000000000005));
#9216=CARTESIAN_POINT('',(-0.147876450080059,17.2621621424799,0.750000000000005));
#9217=VECTOR('',#11128,10.0);
#9218=CARTESIAN_POINT('',(-0.260617764501348,17.2621621424799,1.00000000000001));
#9219=VECTOR('',#11129,10.0);
#9220=COLOUR_RGB('',0.0,0.0,0.0);
#9221=CARTESIAN_POINT('',(-0.260617764501315,17.150965229626,1.00000000000001));
#9222=CARTESIAN_POINT('',(-0.260617764500883,15.7118462511766,1.00000000000001));
#9223=VECTOR('',#11130,10.0);
#9224=CARTESIAN_POINT('',(-0.260617764501315,17.150965229626,0.750000000000005));
#9225=CARTESIAN_POINT('',(-0.260617764501348,17.2621621424799,0.750000000000005));
#9226=VECTOR('',#11131,10.0);
#9227=CARTESIAN_POINT('',(-0.260617764501315,17.150965229626,1.00000000000001));
#9228=VECTOR('',#11132,10.0);
#9229=COLOUR_RGB('',0.0,0.0,0.0);
#9230=CARTESIAN_POINT('',(-0.500000007450628,17.1509652296259,1.00000000000001));
#9231=CARTESIAN_POINT('',(-0.250000003725743,17.150965229626,1.00000000000001));
#9232=VECTOR('',#11133,10.0);
#9233=CARTESIAN_POINT('',(-0.500000007450628,17.1509652296259,0.750000000000005));
#9234=CARTESIAN_POINT('',(-0.260617764501315,17.150965229626,0.750000000000005));
#9235=VECTOR('',#11134,10.0);
#9236=CARTESIAN_POINT('',(-0.500000007450628,17.1509652296259,1.00000000000001));
#9237=VECTOR('',#11135,10.0);
#9238=COLOUR_RGB('',0.0,0.0,0.0);
#9239=CARTESIAN_POINT('',(-0.500000007450599,17.0498069269603,1.00000000000001));
#9240=CARTESIAN_POINT('',(-0.500000007450202,15.6612670998437,1.00000000000001));
#9241=VECTOR('',#11136,10.0);
#9242=CARTESIAN_POINT('',(-0.500000007450599,17.0498069269603,0.750000000000005));
#9243=CARTESIAN_POINT('',(-0.500000007450628,17.1509652296259,0.750000000000005));
#9244=VECTOR('',#11137,10.0);
#9245=CARTESIAN_POINT('',(-0.500000007450599,17.0498069269603,1.00000000000001));
#9246=VECTOR('',#11138,10.0);
#9247=COLOUR_RGB('',0.0,0.0,0.0);
#9248=CARTESIAN_POINT('',(-0.130308882251057,17.0498069269604,1.00000000000001));
#9249=VECTOR('',#11139,10.0);
#9250=CARTESIAN_POINT('',(-0.500000007450599,17.0498069269603,0.750000000000005));
#9251=VECTOR('',#11140,10.0);
#9252=COLOUR_RGB('',0.0,0.0,0.0);
#9253=COLOUR_RGB('',0.0,0.0,0.0);
#9254=AXIS2_PLACEMENT_3D('',#11141,#11142,#11143);
#9255=AXIS2_PLACEMENT_3D('',#11144,#11145,#11146);
#9256=AXIS2_PLACEMENT_3D('',#11147,#11148,#11149);
#9257=AXIS2_PLACEMENT_3D('',#11150,#11151,#11152);
#9258=AXIS2_PLACEMENT_3D('',#11153,#11154,#11155);
#9259=AXIS2_PLACEMENT_3D('',#11156,#11157,#11158);
#9260=COLOUR_RGB('',0.0,0.0,0.0);
#9261=AXIS2_PLACEMENT_3D('',#11159,#11160,#11161);
#9262=AXIS2_PLACEMENT_3D('',#11162,#11163,#11164);
#9263=COLOUR_RGB('',0.0,0.0,0.0);
#9264=COLOUR_RGB('',0.0,0.0,0.0);
#9265=AXIS2_PLACEMENT_3D('',#11165,#11166,#11167);
#9266=AXIS2_PLACEMENT_3D('',#11168,#11169,#11170);
#9267=COLOUR_RGB('',0.0,0.0,0.0);
#9268=COLOUR_RGB('',0.0,0.0,0.0);
#9269=AXIS2_PLACEMENT_3D('',#11171,#11172,#11173);
#9270=COLOUR_RGB('',0.0,0.0,0.0);
#9271=CARTESIAN_POINT('',(1.70383052239495,2.250000042608,5.95000000000001));
#9272=CARTESIAN_POINT('',(1.84294343114861,1.85564518822807,5.95000000000001));
#9273=CARTESIAN_POINT('',(1.70383052239495,2.250000042608,5.95000000000001));
#9274=VECTOR('',#11174,10.0);
#9275=CARTESIAN_POINT('',(1.84294343114861,1.85564518822807,5.75000000000001));
#9276=CARTESIAN_POINT('',(1.84294343114861,1.85564518822807,5.75000000000001));
#9277=VECTOR('',#11175,10.0);
#9278=CARTESIAN_POINT('',(1.70383052239495,2.250000042608,5.75000000000001));
#9279=CARTESIAN_POINT('',(1.72719577849616,2.18376462096458,5.75000000000001));
#9280=VECTOR('',#11176,10.0);
#9281=CARTESIAN_POINT('',(1.70383052239495,2.250000042608,5.75000000000001));
#9282=VECTOR('',#11177,10.0);
#9283=COLOUR_RGB('',0.0,0.0,0.0);
#9284=CARTESIAN_POINT('',(1.74979826615703,1.8205645416728,5.95000000000001));
#9285=CARTESIAN_POINT('',(1.84294343114861,1.85564518822807,5.95000000000001));
#9286=VECTOR('',#11178,10.0);
#9287=CARTESIAN_POINT('',(1.74979826615703,1.8205645416728,5.75000000000001));
#9288=CARTESIAN_POINT('',(1.74979826615703,1.8205645416728,5.75000000000001));
#9289=VECTOR('',#11179,10.0);
#9290=CARTESIAN_POINT('',(0.977288533911286,1.52961931783999,5.75000000000001));
#9291=VECTOR('',#11180,10.0);
#9292=COLOUR_RGB('',0.0,0.0,0.0);
#9293=CARTESIAN_POINT('',(1.26471760172037,2.13024197333312,5.95000000000001));
#9294=CARTESIAN_POINT('',(1.74979826615703,1.8205645416728,5.95000000000001));
#9295=CARTESIAN_POINT('',(1.6905240702533,1.95846777295904,5.95000000000001));
#9296=CARTESIAN_POINT('',(1.57681438831553,2.07822584223392,5.95000000000001));
#9297=CARTESIAN_POINT('',(1.42560470488764,2.13024197333312,5.95000000000001));
#9298=CARTESIAN_POINT('',(1.26471760172037,2.13024197333312,5.95000000000001));
#9299=CARTESIAN_POINT('',(1.26471760172037,2.13024197333312,5.75000000000001));
#9300=CARTESIAN_POINT('',(1.26471760172037,2.13024197333312,5.75000000000001));
#9301=VECTOR('',#11181,10.0);
#9302=CARTESIAN_POINT('',(1.74979826615703,1.8205645416728,5.75000000000001));
#9303=CARTESIAN_POINT('',(1.6905240702533,1.95846777295904,5.75000000000001));
#9304=CARTESIAN_POINT('',(1.57681438831553,2.07822584223392,5.75000000000001));
#9305=CARTESIAN_POINT('',(1.42560470488764,2.13024197333312,5.75000000000001));
#9306=CARTESIAN_POINT('',(1.26471760172037,2.13024197333312,5.75000000000001));
#9307=COLOUR_RGB('',0.0,0.0,0.0);
#9308=CARTESIAN_POINT('',(0.940524040450978,2.13024197333312,5.95000000000001));
#9309=CARTESIAN_POINT('',(1.26471760172037,2.13024197333312,5.95000000000001));
#9310=VECTOR('',#11182,10.0);
#9311=CARTESIAN_POINT('',(0.940524040450978,2.13024197333312,5.75000000000001));
#9312=CARTESIAN_POINT('',(0.940524040450978,2.13024197333312,5.75000000000001));
#9313=VECTOR('',#11183,10.0);
#9314=CARTESIAN_POINT('',(0.632358800860187,2.13024197333312,5.75000000000001));
#9315=VECTOR('',#11184,10.0);
#9316=COLOUR_RGB('',0.0,0.0,0.0);
#9317=CARTESIAN_POINT('',(0.940524040450978,1.55443549883972,5.95000000000001));
#9318=CARTESIAN_POINT('',(0.940524040450978,2.13024197333312,5.95000000000001));
#9319=VECTOR('',#11185,10.0);
#9320=CARTESIAN_POINT('',(0.940524040450978,1.55443549883972,5.75000000000001));
#9321=CARTESIAN_POINT('',(0.940524040450978,1.55443549883972,5.75000000000001));
#9322=VECTOR('',#11186,10.0);
#9323=CARTESIAN_POINT('',(0.940524040450978,1.81512098666656,5.75000000000001));
#9324=VECTOR('',#11187,10.0);
#9325=COLOUR_RGB('',0.0,0.0,0.0);
#9326=CARTESIAN_POINT('',(1.0881046914766,1.55443549883972,5.95000000000001));
#9327=CARTESIAN_POINT('',(0.940524040450978,1.55443549883972,5.95000000000001));
#9328=VECTOR('',#11188,10.0);
#9329=CARTESIAN_POINT('',(1.0881046914766,1.55443549883972,5.75000000000001));
#9330=CARTESIAN_POINT('',(1.0881046914766,1.55443549883972,5.75000000000001));
#9331=VECTOR('',#11189,10.0);
#9332=CARTESIAN_POINT('',(0.470262020225492,1.55443549883972,5.75000000000001));
#9333=VECTOR('',#11190,10.0);
#9334=COLOUR_RGB('',0.0,0.0,0.0);
#9335=CARTESIAN_POINT('',(1.35907244417937,1.78790325005238,5.95000000000001));
#9336=CARTESIAN_POINT('',(1.0881046914766,1.55443549883972,5.95000000000001));
#9337=CARTESIAN_POINT('',(1.20423372834921,1.55443549883972,5.95000000000001));
#9338=CARTESIAN_POINT('',(1.30584663561275,1.59919356513437,5.95000000000001));
#9339=CARTESIAN_POINT('',(1.35907244417937,1.69717743999565,5.95000000000001));
#9340=CARTESIAN_POINT('',(1.35907244417937,1.78790325005238,5.95000000000001));
#9341=CARTESIAN_POINT('',(1.35907244417937,1.78790325005238,5.75000000000001));
#9342=CARTESIAN_POINT('',(1.35907244417937,1.78790325005238,5.75000000000001));
#9343=VECTOR('',#11191,10.0);
#9344=CARTESIAN_POINT('',(1.0881046914766,1.55443549883972,5.75000000000001));
#9345=CARTESIAN_POINT('',(1.20423372834921,1.55443549883972,5.75000000000001));
#9346=CARTESIAN_POINT('',(1.30584663561275,1.59919356513437,5.75000000000001));
#9347=CARTESIAN_POINT('',(1.35907244417937,1.69717743999565,5.75000000000001));
#9348=CARTESIAN_POINT('',(1.35907244417937,1.78790325005238,5.75000000000001));
#9349=COLOUR_RGB('',0.0,0.0,0.0);
#9350=CARTESIAN_POINT('',(1.35907244417937,1.82782260647734,5.95000000000001));
#9351=CARTESIAN_POINT('',(1.35907244417937,1.78790325005238,5.95000000000001));
#9352=VECTOR('',#11192,10.0);
#9353=CARTESIAN_POINT('',(1.35907244417937,1.82782260647734,5.75000000000001));
#9354=CARTESIAN_POINT('',(1.35907244417937,1.82782260647734,5.75000000000001));
#9355=VECTOR('',#11193,10.0);
#9356=CARTESIAN_POINT('',(1.35907244417937,1.64395162502619,5.75000000000001));
#9357=VECTOR('',#11194,10.0);
#9358=COLOUR_RGB('',0.0,0.0,0.0);
#9359=CARTESIAN_POINT('',(1.46431438384518,1.82782260647734,5.95000000000001));
#9360=CARTESIAN_POINT('',(1.35907244417937,1.82782260647734,5.95000000000001));
#9361=VECTOR('',#11195,10.0);
#9362=CARTESIAN_POINT('',(1.46431438384518,1.82782260647734,5.75000000000001));
#9363=CARTESIAN_POINT('',(1.46431438384518,1.82782260647734,5.75000000000001));
#9364=VECTOR('',#11196,10.0);
#9365=CARTESIAN_POINT('',(0.679536222089688,1.82782260647734,5.75000000000001));
#9366=VECTOR('',#11197,10.0);
#9367=COLOUR_RGB('',0.0,0.0,0.0);
#9368=CARTESIAN_POINT('',(1.46431438384518,1.16975806419917,5.95000000000001));
#9369=CARTESIAN_POINT('',(1.46431438384518,1.82782260647734,5.95000000000001));
#9370=VECTOR('',#11198,10.0);
#9371=CARTESIAN_POINT('',(1.46431438384518,1.16975806419917,5.75000000000001));
#9372=CARTESIAN_POINT('',(1.46431438384518,1.16975806419917,5.75000000000001));
#9373=VECTOR('',#11199,10.0);
#9374=CARTESIAN_POINT('',(1.46431438384518,1.66391130323867,5.75000000000001));
#9375=VECTOR('',#11200,10.0);
#9376=COLOUR_RGB('',0.0,0.0,0.0);
#9377=CARTESIAN_POINT('',(1.35907244417937,1.16975806419917,5.95000000000001));
#9378=CARTESIAN_POINT('',(1.46431438384518,1.16975806419917,5.95000000000001));
#9379=VECTOR('',#11201,10.0);
#9380=CARTESIAN_POINT('',(1.35907244417937,1.16975806419917,5.75000000000001));
#9381=CARTESIAN_POINT('',(1.35907244417937,1.16975806419917,5.75000000000001));
#9382=VECTOR('',#11202,10.0);
#9383=CARTESIAN_POINT('',(0.732157191922593,1.16975806419917,5.75000000000001));
#9384=VECTOR('',#11203,10.0);
#9385=COLOUR_RGB('',0.0,0.0,0.0);
#9386=CARTESIAN_POINT('',(1.35907244417937,1.22782258263548,5.95000000000001));
#9387=CARTESIAN_POINT('',(1.35907244417937,1.16975806419917,5.95000000000001));
#9388=VECTOR('',#11204,10.0);
#9389=CARTESIAN_POINT('',(1.35907244417937,1.22782258263548,5.75000000000001));
#9390=CARTESIAN_POINT('',(1.35907244417937,1.22782258263548,5.75000000000001));
#9391=VECTOR('',#11205,10.0);
#9392=CARTESIAN_POINT('',(1.35907244417937,1.33487903209959,5.75000000000001));
#9393=VECTOR('',#11206,10.0);
#9394=COLOUR_RGB('',0.0,0.0,0.0);
#9395=CARTESIAN_POINT('',(1.1038304985531,1.44919355917391,5.95000000000001));
#9396=CARTESIAN_POINT('',(1.35907244417937,1.22782258263548,5.95000000000001));
#9397=CARTESIAN_POINT('',(1.35907244417937,1.3125000053551,5.95000000000001));
#9398=CARTESIAN_POINT('',(1.30705631308018,1.4068548478141,5.95000000000001));
#9399=CARTESIAN_POINT('',(1.21754018049087,1.44919355917391,5.95000000000001));
#9400=CARTESIAN_POINT('',(1.1038304985531,1.44919355917391,5.95000000000001));
#9401=CARTESIAN_POINT('',(1.1038304985531,1.44919355917391,5.75000000000001));
#9402=CARTESIAN_POINT('',(1.1038304985531,1.44919355917391,5.75000000000001));
#9403=VECTOR('',#11207,10.0);
#9404=CARTESIAN_POINT('',(1.35907244417937,1.22782258263548,5.75000000000001));
#9405=CARTESIAN_POINT('',(1.35907244417937,1.3125000053551,5.75000000000001));
#9406=CARTESIAN_POINT('',(1.30705631308018,1.4068548478141,5.75000000000001));
#9407=CARTESIAN_POINT('',(1.21754018049087,1.44919355917391,5.75000000000001));
#9408=CARTESIAN_POINT('',(1.1038304985531,1.44919355917391,5.75000000000001));
#9409=COLOUR_RGB('',0.0,0.0,0.0);
#9410=CARTESIAN_POINT('',(0.940524040450978,1.44919355917391,5.95000000000001));
#9411=CARTESIAN_POINT('',(1.1038304985531,1.44919355917391,5.95000000000001));
#9412=VECTOR('',#11208,10.0);
#9413=CARTESIAN_POINT('',(0.940524040450978,1.44919355917391,5.75000000000001));
#9414=CARTESIAN_POINT('',(0.940524040450978,1.44919355917391,5.75000000000001));
#9415=VECTOR('',#11209,10.0);
#9416=CARTESIAN_POINT('',(0.551915249276551,1.44919355917391,5.75000000000001));
#9417=VECTOR('',#11210,10.0);
#9418=COLOUR_RGB('',0.0,0.0,0.0);
#9419=CARTESIAN_POINT('',(0.940524040450978,0.982258056748594,5.95000000000001));
#9420=CARTESIAN_POINT('',(0.940524040450978,1.44919355917391,5.95000000000001));
#9421=VECTOR('',#11211,10.0);
#9422=CARTESIAN_POINT('',(0.940524040450978,0.982258056748594,5.75000000000001));
#9423=CARTESIAN_POINT('',(0.940524040450978,0.982258056748594,5.75000000000001));
#9424=VECTOR('',#11212,10.0);
#9425=CARTESIAN_POINT('',(0.940524040450978,1.47459677958695,5.75000000000001));
#9426=VECTOR('',#11213,10.0);
#9427=COLOUR_RGB('',0.0,0.0,0.0);
#9428=CARTESIAN_POINT('',(1.0881046914766,0.840725793060092,5.95000000000001));
#9429=CARTESIAN_POINT('',(0.940524040450978,0.982258056748594,5.95000000000001));
#9430=CARTESIAN_POINT('',(0.940524040450978,0.918145150975171,5.95000000000001));
#9431=CARTESIAN_POINT('',(0.967136944734286,0.8673386973434,5.95000000000001));
#9432=CARTESIAN_POINT('',(1.0203627533009,0.840725793060092,5.95000000000001));
#9433=CARTESIAN_POINT('',(1.0881046914766,0.840725793060092,5.95000000000001));
#9434=CARTESIAN_POINT('',(1.0881046914766,0.840725793060092,5.75000000000001));
#9435=CARTESIAN_POINT('',(1.0881046914766,0.840725793060092,5.75000000000001));
#9436=VECTOR('',#11214,10.0);
#9437=CARTESIAN_POINT('',(0.940524040450978,0.982258056748594,5.75000000000001));
#9438=CARTESIAN_POINT('',(0.940524040450978,0.918145150975171,5.75000000000001));
#9439=CARTESIAN_POINT('',(0.967136944734286,0.8673386973434,5.75000000000001));
#9440=CARTESIAN_POINT('',(1.0203627533009,0.840725793060092,5.75000000000001));
#9441=CARTESIAN_POINT('',(1.0881046914766,0.840725793060092,5.75000000000001));
#9442=COLOUR_RGB('',0.0,0.0,0.0);
#9443=CARTESIAN_POINT('',(1.12802404790156,0.840725793060092,5.95000000000001));
#9444=CARTESIAN_POINT('',(1.0881046914766,0.840725793060092,5.95000000000001));
#9445=VECTOR('',#11215,10.0);
#9446=CARTESIAN_POINT('',(1.12802404790156,0.840725793060092,5.75000000000001));
#9447=CARTESIAN_POINT('',(1.12802404790156,0.840725793060092,5.75000000000001));
#9448=VECTOR('',#11216,10.0);
#9449=CARTESIAN_POINT('',(0.544052345738301,0.840725793060092,5.75000000000001));
#9450=VECTOR('',#11217,10.0);
#9451=COLOUR_RGB('',0.0,0.0,0.0);
#9452=CARTESIAN_POINT('',(1.12802404790156,0.749999983003359,5.95000000000001));
#9453=CARTESIAN_POINT('',(1.12802404790156,0.840725793060092,5.95000000000001));
#9454=VECTOR('',#11218,10.0);
#9455=CARTESIAN_POINT('',(1.12802404790156,0.749999983003359,5.75000000000001));
#9456=CARTESIAN_POINT('',(1.12802404790156,0.749999983003359,5.75000000000001));
#9457=VECTOR('',#11219,10.0);
#9458=CARTESIAN_POINT('',(1.12802404790156,1.17036289653004,5.75000000000001));
#9459=VECTOR('',#11220,10.0);
#9460=COLOUR_RGB('',0.0,0.0,0.0);
#9461=CARTESIAN_POINT('',(0.557056283277855,0.749999983003359,5.95000000000001));
#9462=CARTESIAN_POINT('',(1.12802404790156,0.749999983003359,5.95000000000001));
#9463=VECTOR('',#11221,10.0);
#9464=CARTESIAN_POINT('',(0.557056283277855,0.749999983003359,5.75000000000001));
#9465=CARTESIAN_POINT('',(0.557056283277855,0.749999983003359,5.75000000000001));
#9466=VECTOR('',#11222,10.0);
#9467=CARTESIAN_POINT('',(0.564012023950782,0.749999983003359,5.75000000000001));
#9468=VECTOR('',#11223,10.0);
#9469=COLOUR_RGB('',0.0,0.0,0.0);
#9470=CARTESIAN_POINT('',(0.557056283277855,0.840725793060092,5.95000000000001));
#9471=CARTESIAN_POINT('',(0.557056283277855,0.749999983003359,5.95000000000001));
#9472=VECTOR('',#11224,10.0);
#9473=CARTESIAN_POINT('',(0.557056283277855,0.840725793060092,5.75000000000001));
#9474=CARTESIAN_POINT('',(0.557056283277855,0.840725793060092,5.75000000000001));
#9475=VECTOR('',#11225,10.0);
#9476=CARTESIAN_POINT('',(0.557056283277855,1.12499999150168,5.75000000000001));
#9477=VECTOR('',#11226,10.0);
#9478=COLOUR_RGB('',0.0,0.0,0.0);
#9479=CARTESIAN_POINT('',(0.593346607300548,0.840725793060092,5.95000000000001));
#9480=CARTESIAN_POINT('',(0.557056283277855,0.840725793060092,5.95000000000001));
#9481=VECTOR('',#11227,10.0);
#9482=CARTESIAN_POINT('',(0.593346607300548,0.840725793060092,5.75000000000001));
#9483=CARTESIAN_POINT('',(0.593346607300548,0.840725793060092,5.75000000000001));
#9484=VECTOR('',#11228,10.0);
#9485=CARTESIAN_POINT('',(0.27852814163893,0.840725793060092,5.75000000000001));
#9486=VECTOR('',#11229,10.0);
#9487=COLOUR_RGB('',0.0,0.0,0.0);
#9488=CARTESIAN_POINT('',(0.739717580858744,0.993145153955403,5.95000000000001));
#9489=CARTESIAN_POINT('',(0.593346607300548,0.840725793060092,5.95000000000001));
#9490=CARTESIAN_POINT('',(0.662298222943665,0.840725793060092,5.95000000000001));
#9491=CARTESIAN_POINT('',(0.715524031510282,0.866129019875978,5.95000000000001));
#9492=CARTESIAN_POINT('',(0.739717580858744,0.921774183377439,5.95000000000001));
#9493=CARTESIAN_POINT('',(0.739717580858744,0.993145153955403,5.95000000000001));
#9494=CARTESIAN_POINT('',(0.739717580858743,0.993145153955403,5.75000000000001));
#9495=CARTESIAN_POINT('',(0.739717580858743,0.993145153955403,5.75000000000001));
#9496=VECTOR('',#11230,10.0);
#9497=CARTESIAN_POINT('',(0.593346607300548,0.840725793060092,5.75000000000001));
#9498=CARTESIAN_POINT('',(0.662298222943665,0.840725793060092,5.75000000000001));
#9499=CARTESIAN_POINT('',(0.715524031510282,0.866129019875978,5.75000000000001));
#9500=CARTESIAN_POINT('',(0.739717580858744,0.921774183377439,5.75000000000001));
#9501=CARTESIAN_POINT('',(0.739717580858743,0.993145153955403,5.75000000000001));
#9502=COLOUR_RGB('',0.0,0.0,0.0);
#9503=CARTESIAN_POINT('',(0.739717580858743,2.01290325899308,5.95000000000001));
#9504=CARTESIAN_POINT('',(0.739717580858744,0.993145153955403,5.95000000000001));
#9505=VECTOR('',#11231,10.0);
#9506=CARTESIAN_POINT('',(0.739717580858743,2.01290325899308,5.75000000000001));
#9507=CARTESIAN_POINT('',(0.739717580858743,2.01290325899308,5.75000000000001));
#9508=VECTOR('',#11232,10.0);
#9509=CARTESIAN_POINT('',(0.739717580858743,1.2465725769777,5.75000000000001));
#9510=VECTOR('',#11233,10.0);
#9511=COLOUR_RGB('',0.0,0.0,0.0);
#9512=CARTESIAN_POINT('',(0.607862736909625,2.15927423255127,5.95000000000001));
#9513=CARTESIAN_POINT('',(0.739717580858743,2.01290325899308,5.95000000000001));
#9514=CARTESIAN_POINT('',(0.739717580858743,2.08064519716877,5.95000000000001));
#9515=CARTESIAN_POINT('',(0.715524031510281,2.13387100573538,5.95000000000001));
#9516=CARTESIAN_POINT('',(0.667136932813357,2.15927423255127,5.95000000000001));
#9517=CARTESIAN_POINT('',(0.607862736909625,2.15927423255127,5.95000000000001));
#9518=CARTESIAN_POINT('',(0.607862736909625,2.15927423255127,5.75000000000001));
#9519=CARTESIAN_POINT('',(0.607862736909625,2.15927423255127,5.75000000000001));
#9520=VECTOR('',#11234,10.0);
#9521=CARTESIAN_POINT('',(0.739717580858743,2.01290325899308,5.75000000000001));
#9522=CARTESIAN_POINT('',(0.739717580858743,2.08064519716877,5.75000000000001));
#9523=CARTESIAN_POINT('',(0.715524031510281,2.13387100573538,5.75000000000001));
#9524=CARTESIAN_POINT('',(0.667136932813357,2.15927423255127,5.75000000000001));
#9525=CARTESIAN_POINT('',(0.607862736909625,2.15927423255127,5.75000000000001));
#9526=COLOUR_RGB('',0.0,0.0,0.0);
#9527=CARTESIAN_POINT('',(0.557056283277855,2.15927423255127,5.95000000000001));
#9528=CARTESIAN_POINT('',(0.607862736909625,2.15927423255127,5.95000000000001));
#9529=VECTOR('',#11235,10.0);
#9530=CARTESIAN_POINT('',(0.557056283277855,2.15927423255127,5.75000000000001));
#9531=CARTESIAN_POINT('',(0.557056283277855,2.15927423255127,5.75000000000001));
#9532=VECTOR('',#11236,10.0);
#9533=CARTESIAN_POINT('',(0.303931368454815,2.15927423255127,5.75000000000001));
#9534=VECTOR('',#11237,10.0);
#9535=COLOUR_RGB('',0.0,0.0,0.0);
#9536=CARTESIAN_POINT('',(0.557056283277855,2.250000042608,5.95000000000001));
#9537=CARTESIAN_POINT('',(0.557056283277855,2.15927423255127,5.95000000000001));
#9538=VECTOR('',#11238,10.0);
#9539=CARTESIAN_POINT('',(0.557056283277855,2.250000042608,5.75000000000001));
#9540=CARTESIAN_POINT('',(0.557056283277855,2.250000042608,5.75000000000001));
#9541=VECTOR('',#11239,10.0);
#9542=CARTESIAN_POINT('',(0.557056283277855,1.82963711627563,5.75000000000001));
#9543=VECTOR('',#11240,10.0);
#9544=COLOUR_RGB('',0.0,0.0,0.0);
#9545=CARTESIAN_POINT('',(0.557056283277855,2.250000042608,5.95000000000001));
#9546=VECTOR('',#11241,10.0);
#9547=CARTESIAN_POINT('',(0.27852814163893,2.250000042608,5.75000000000001));
#9548=VECTOR('',#11242,10.0);
#9549=COLOUR_RGB('',0.0,0.0,0.0);
#9550=COLOUR_RGB('',0.0,0.0,0.0);
#9551=CARTESIAN_POINT('',(-0.947782486196482,2.250000042608,5.95000000000001));
#9552=CARTESIAN_POINT('',(-0.947782486196482,2.15927423255127,5.95000000000001));
#9553=CARTESIAN_POINT('',(-0.947782486196482,2.250000042608,5.95000000000001));
#9554=VECTOR('',#11243,10.0);
#9555=CARTESIAN_POINT('',(-0.947782486196483,2.15927423255127,5.75000000000001));
#9556=CARTESIAN_POINT('',(-0.947782486196483,2.15927423255127,5.75000000000001));
#9557=VECTOR('',#11244,10.0);
#9558=CARTESIAN_POINT('',(-0.947782486196483,2.250000042608,5.75000000000001));
#9559=CARTESIAN_POINT('',(-0.947782486196482,1.875000021304,5.75000000000001));
#9560=VECTOR('',#11245,10.0);
#9561=CARTESIAN_POINT('',(-0.947782486196483,2.250000042608,5.75000000000001));
#9562=VECTOR('',#11246,10.0);
#9563=COLOUR_RGB('',0.0,0.0,0.0);
#9564=CARTESIAN_POINT('',(-1.0010082947631,2.15927423255127,5.95000000000001));
#9565=CARTESIAN_POINT('',(-0.947782486196482,2.15927423255127,5.95000000000001));
#9566=VECTOR('',#11247,10.0);
#9567=CARTESIAN_POINT('',(-1.0010082947631,2.15927423255127,5.75000000000001));
#9568=CARTESIAN_POINT('',(-1.0010082947631,2.15927423255127,5.75000000000001));
#9569=VECTOR('',#11248,10.0);
#9570=CARTESIAN_POINT('',(-0.473891243098239,2.15927423255127,5.75000000000001));
#9571=VECTOR('',#11249,10.0);
#9572=COLOUR_RGB('',0.0,0.0,0.0);
#9573=CARTESIAN_POINT('',(-1.13891152604933,2.03225809847184,5.95000000000001));
#9574=CARTESIAN_POINT('',(-1.0010082947631,2.15927423255127,5.95000000000001));
#9575=CARTESIAN_POINT('',(-1.0639115230691,2.15927423255127,5.95000000000001));
#9576=CARTESIAN_POINT('',(-1.11471797670087,2.13508068320281,5.95000000000001));
#9577=CARTESIAN_POINT('',(-1.13891152604933,2.09032261690815,5.95000000000001));
#9578=CARTESIAN_POINT('',(-1.13891152604933,2.03225809847184,5.95000000000001));
#9579=CARTESIAN_POINT('',(-1.13891152604933,2.03225809847184,5.75000000000001));
#9580=CARTESIAN_POINT('',(-1.13891152604933,2.03225809847184,5.75000000000001));
#9581=VECTOR('',#11250,10.0);
#9582=CARTESIAN_POINT('',(-1.0010082947631,2.15927423255127,5.75000000000001));
#9583=CARTESIAN_POINT('',(-1.0639115230691,2.15927423255127,5.75000000000001));
#9584=CARTESIAN_POINT('',(-1.11471797670087,2.13508068320281,5.75000000000001));
#9585=CARTESIAN_POINT('',(-1.13891152604933,2.09032261690815,5.75000000000001));
#9586=CARTESIAN_POINT('',(-1.13891152604933,2.03225809847184,5.75000000000001));
#9587=COLOUR_RGB('',0.0,0.0,0.0);
#9588=CARTESIAN_POINT('',(-1.13891152604933,0.985887089150864,5.95000000000001));
#9589=CARTESIAN_POINT('',(-1.13891152604933,2.03225809847184,5.95000000000001));
#9590=VECTOR('',#11251,10.0);
#9591=CARTESIAN_POINT('',(-1.13891152604933,0.985887089150864,5.75000000000001));
#9592=CARTESIAN_POINT('',(-1.13891152604933,0.985887089150864,5.75000000000001));
#9593=VECTOR('',#11252,10.0);
#9594=CARTESIAN_POINT('',(-1.13891152604933,1.76612904923592,5.75000000000001));
#9595=VECTOR('',#11253,10.0);
#9596=COLOUR_RGB('',0.0,0.0,0.0);
#9597=CARTESIAN_POINT('',(-1.13407281617964,0.898790311496399,5.95000000000001));
#9598=CARTESIAN_POINT('',(-1.13891152604933,0.985887089150864,5.95000000000001));
#9599=CARTESIAN_POINT('',(-1.13891152604933,0.913306441105478,5.95000000000001));
#9600=CARTESIAN_POINT('',(-1.13407281617964,0.898790311496399,5.95000000000001));
#9601=CARTESIAN_POINT('',(-1.13407281617964,0.898790311496399,5.75000000000001));
#9602=CARTESIAN_POINT('',(-1.13407281617964,0.898790311496399,5.75000000000001));
#9603=VECTOR('',#11254,10.0);
#9604=CARTESIAN_POINT('',(-1.13891152604933,0.985887089150864,5.75000000000001));
#9605=CARTESIAN_POINT('',(-1.13891152604933,0.913306441105478,5.75000000000001));
#9606=CARTESIAN_POINT('',(-1.13407281617964,0.898790311496399,5.75000000000001));
#9607=COLOUR_RGB('',0.0,0.0,0.0);
#9608=CARTESIAN_POINT('',(-1.10504055696148,0.870967729745669,5.95000000000001));
#9609=CARTESIAN_POINT('',(-1.13407281617964,0.898790311496399,5.95000000000001));
#9610=CARTESIAN_POINT('',(-1.1268147513751,0.87943547201763,5.95000000000001));
#9611=CARTESIAN_POINT('',(-1.10504055696148,0.870967729745669,5.95000000000001));
#9612=CARTESIAN_POINT('',(-1.10504055696148,0.870967729745669,5.75000000000001));
#9613=CARTESIAN_POINT('',(-1.10504055696148,0.870967729745669,5.75000000000001));
#9614=VECTOR('',#11255,10.0);
#9615=CARTESIAN_POINT('',(-1.13407281617964,0.898790311496399,5.75000000000001));
#9616=CARTESIAN_POINT('',(-1.1268147513751,0.87943547201763,5.75000000000001));
#9617=CARTESIAN_POINT('',(-1.10504055696148,0.870967729745669,5.75000000000001));
#9618=COLOUR_RGB('',0.0,0.0,0.0);
#9619=CARTESIAN_POINT('',(-1.01794377930702,0.864919342408553,5.95000000000001));
#9620=CARTESIAN_POINT('',(-1.10504055696148,0.870967729745669,5.95000000000001));
#9621=CARTESIAN_POINT('',(-1.09052442735241,0.864919342408553,5.95000000000001));
#9622=CARTESIAN_POINT('',(-1.01794377930702,0.864919342408553,5.95000000000001));
#9623=CARTESIAN_POINT('',(-1.01794377930702,0.864919342408553,5.75000000000001));
#9624=CARTESIAN_POINT('',(-1.01794377930702,0.864919342408553,5.75000000000001));
#9625=VECTOR('',#11256,10.0);
#9626=CARTESIAN_POINT('',(-1.10504055696148,0.870967729745669,5.75000000000001));
#9627=CARTESIAN_POINT('',(-1.09052442735241,0.864919342408553,5.75000000000001));
#9628=CARTESIAN_POINT('',(-1.01794377930702,0.864919342408553,5.75000000000001));
#9629=COLOUR_RGB('',0.0,0.0,0.0);
#9630=CARTESIAN_POINT('',(-0.938105066457097,0.864919342408553,5.95000000000001));
#9631=CARTESIAN_POINT('',(-1.01794377930702,0.864919342408553,5.95000000000001));
#9632=VECTOR('',#11257,10.0);
#9633=CARTESIAN_POINT('',(-0.938105066457097,0.864919342408553,5.75000000000001));
#9634=CARTESIAN_POINT('',(-0.938105066457097,0.864919342408553,5.75000000000001));
#9635=VECTOR('',#11258,10.0);
#9636=CARTESIAN_POINT('',(-0.508971889653508,0.864919342408553,5.75000000000001));
#9637=VECTOR('',#11259,10.0);
#9638=COLOUR_RGB('',0.0,0.0,0.0);
#9639=CARTESIAN_POINT('',(-0.378024399040202,1.25201613198394,5.95000000000001));
#9640=CARTESIAN_POINT('',(-0.938105066457097,0.864919342408553,5.95000000000001));
#9641=CARTESIAN_POINT('',(-0.79899215770344,0.864919342408553,5.95000000000001));
#9642=CARTESIAN_POINT('',(-0.594556665708936,0.945967732725902,5.95000000000001));
#9643=CARTESIAN_POINT('',(-0.446976014683318,1.09959677108863,5.95000000000001));
#9644=CARTESIAN_POINT('',(-0.378024399040202,1.25201613198394,5.95000000000001));
#9645=CARTESIAN_POINT('',(-0.378024399040202,1.25201613198394,5.75000000000001));
#9646=CARTESIAN_POINT('',(-0.378024399040202,1.25201613198394,5.75000000000001));
#9647=VECTOR('',#11260,10.0);
#9648=CARTESIAN_POINT('',(-0.938105066457097,0.864919342408553,5.75000000000001));
#9649=CARTESIAN_POINT('',(-0.798992157703441,0.864919342408553,5.75000000000001));
#9650=CARTESIAN_POINT('',(-0.594556665708936,0.945967732725902,5.75000000000001));
#9651=CARTESIAN_POINT('',(-0.446976014683318,1.09959677108863,5.75000000000001));
#9652=CARTESIAN_POINT('',(-0.378024399040202,1.25201613198394,5.75000000000001));
#9653=COLOUR_RGB('',0.0,0.0,0.0);
#9654=CARTESIAN_POINT('',(-0.282459879113777,1.21935484036352,5.95000000000001));
#9655=CARTESIAN_POINT('',(-0.378024399040202,1.25201613198394,5.95000000000001));
#9656=VECTOR('',#11261,10.0);
#9657=CARTESIAN_POINT('',(-0.282459879113777,1.21935484036352,5.75000000000001));
#9658=CARTESIAN_POINT('',(-0.282459879113777,1.21935484036352,5.75000000000001));
#9659=VECTOR('',#11262,10.0);
#9660=CARTESIAN_POINT('',(-0.246725928169922,1.2071419710536,5.75000000000001));
#9661=VECTOR('',#11263,10.0);
#9662=COLOUR_RGB('',0.0,0.0,0.0);
#9663=CARTESIAN_POINT('',(-0.450605047085588,0.749999983003359,5.95000000000001));
#9664=CARTESIAN_POINT('',(-0.282459879113777,1.21935484036352,5.95000000000001));
#9665=VECTOR('',#11264,10.0);
#9666=CARTESIAN_POINT('',(-0.450605047085588,0.749999983003359,5.75000000000001));
#9667=CARTESIAN_POINT('',(-0.450605047085588,0.749999983003359,5.75000000000001));
#9668=VECTOR('',#11265,10.0);
#9669=CARTESIAN_POINT('',(-0.22184361892518,1.38855706304823,5.75000000000001));
#9670=VECTOR('',#11266,10.0);
#9671=COLOUR_RGB('',0.0,0.0,0.0);
#9672=CARTESIAN_POINT('',(-1.52842767055957,0.749999983003358,5.95000000000001));
#9673=CARTESIAN_POINT('',(-0.450605047085588,0.749999983003359,5.95000000000001));
#9674=VECTOR('',#11267,10.0);
#9675=CARTESIAN_POINT('',(-1.52842767055957,0.749999983003358,5.75000000000001));
#9676=CARTESIAN_POINT('',(-1.52842767055957,0.749999983003358,5.75000000000001));
#9677=VECTOR('',#11268,10.0);
#9678=CARTESIAN_POINT('',(-0.225302523542791,0.749999983003359,5.75000000000001));
#9679=VECTOR('',#11269,10.0);
#9680=COLOUR_RGB('',0.0,0.0,0.0);
#9681=CARTESIAN_POINT('',(-1.52842767055957,0.840725793060091,5.95000000000001));
#9682=CARTESIAN_POINT('',(-1.52842767055957,0.749999983003358,5.95000000000001));
#9683=VECTOR('',#11270,10.0);
#9684=CARTESIAN_POINT('',(-1.52842767055957,0.840725793060091,5.75000000000001));
#9685=CARTESIAN_POINT('',(-1.52842767055957,0.840725793060091,5.75000000000001));
#9686=VECTOR('',#11271,10.0);
#9687=CARTESIAN_POINT('',(-1.52842767055957,1.12499999150168,5.75000000000001));
#9688=VECTOR('',#11272,10.0);
#9689=COLOUR_RGB('',0.0,0.0,0.0);
#9690=CARTESIAN_POINT('',(-1.48125024933007,0.840725793060091,5.95000000000001));
#9691=CARTESIAN_POINT('',(-1.52842767055957,0.840725793060091,5.95000000000001));
#9692=VECTOR('',#11273,10.0);
#9693=CARTESIAN_POINT('',(-1.48125024933007,0.840725793060091,5.75000000000001));
#9694=CARTESIAN_POINT('',(-1.48125024933007,0.840725793060091,5.75000000000001));
#9695=VECTOR('',#11274,10.0);
#9696=CARTESIAN_POINT('',(-0.764213835279782,0.840725793060092,5.75000000000001));
#9697=VECTOR('',#11275,10.0);
#9698=COLOUR_RGB('',0.0,0.0,0.0);
#9699=CARTESIAN_POINT('',(-1.33971798564157,0.985887089150864,5.95000000000001));
#9700=CARTESIAN_POINT('',(-1.48125024933007,0.840725793060091,5.95000000000001));
#9701=CARTESIAN_POINT('',(-1.41229863368695,0.840725793060091,5.95000000000001));
#9702=CARTESIAN_POINT('',(-1.36512121245745,0.864919342408553,5.95000000000001));
#9703=CARTESIAN_POINT('',(-1.33971798564157,0.919354828442592,5.95000000000001));
#9704=CARTESIAN_POINT('',(-1.33971798564157,0.985887089150864,5.95000000000001));
#9705=CARTESIAN_POINT('',(-1.33971798564157,0.985887089150864,5.75000000000001));
#9706=CARTESIAN_POINT('',(-1.33971798564157,0.985887089150864,5.75000000000001));
#9707=VECTOR('',#11276,10.0);
#9708=CARTESIAN_POINT('',(-1.48125024933007,0.840725793060091,5.75000000000001));
#9709=CARTESIAN_POINT('',(-1.41229863368695,0.840725793060091,5.75000000000001));
#9710=CARTESIAN_POINT('',(-1.36512121245745,0.864919342408553,5.75000000000001));
#9711=CARTESIAN_POINT('',(-1.33971798564157,0.919354828442592,5.75000000000001));
#9712=CARTESIAN_POINT('',(-1.33971798564157,0.985887089150864,5.75000000000001));
#9713=COLOUR_RGB('',0.0,0.0,0.0);
#9714=CARTESIAN_POINT('',(-1.33971798564157,2.00564519418854,5.95000000000001));
#9715=CARTESIAN_POINT('',(-1.33971798564157,0.985887089150864,5.95000000000001));
#9716=VECTOR('',#11277,10.0);
#9717=CARTESIAN_POINT('',(-1.33971798564157,2.00564519418854,5.75000000000001));
#9718=CARTESIAN_POINT('',(-1.33971798564157,2.00564519418854,5.75000000000001));
#9719=VECTOR('',#11278,10.0);
#9720=CARTESIAN_POINT('',(-1.33971798564157,1.24294354457543,5.75000000000001));
#9721=VECTOR('',#11279,10.0);
#9722=COLOUR_RGB('',0.0,0.0,0.0);
#9723=CARTESIAN_POINT('',(-1.48125024933007,2.15927423255127,5.95000000000001));
#9724=CARTESIAN_POINT('',(-1.33971798564157,2.00564519418854,5.95000000000001));
#9725=CARTESIAN_POINT('',(-1.33971798564157,2.08306455210362,5.95000000000001));
#9726=CARTESIAN_POINT('',(-1.36270185752261,2.13629036067023,5.95000000000001));
#9727=CARTESIAN_POINT('',(-1.40866960128468,2.15927423255127,5.95000000000001));
#9728=CARTESIAN_POINT('',(-1.48125024933007,2.15927423255127,5.95000000000001));
#9729=CARTESIAN_POINT('',(-1.48125024933007,2.15927423255127,5.75000000000001));
#9730=CARTESIAN_POINT('',(-1.48125024933007,2.15927423255127,5.75000000000001));
#9731=VECTOR('',#11280,10.0);
#9732=CARTESIAN_POINT('',(-1.33971798564157,2.00564519418854,5.75000000000001));
#9733=CARTESIAN_POINT('',(-1.33971798564157,2.08306455210362,5.75000000000001));
#9734=CARTESIAN_POINT('',(-1.36270185752261,2.13629036067023,5.75000000000001));
#9735=CARTESIAN_POINT('',(-1.40866960128468,2.15927423255127,5.75000000000001));
#9736=CARTESIAN_POINT('',(-1.48125024933007,2.15927423255127,5.75000000000001));
#9737=COLOUR_RGB('',0.0,0.0,0.0);
#9738=CARTESIAN_POINT('',(-1.52842767055957,2.15927423255127,5.95000000000001));
#9739=CARTESIAN_POINT('',(-1.48125024933007,2.15927423255127,5.95000000000001));
#9740=VECTOR('',#11281,10.0);
#9741=CARTESIAN_POINT('',(-1.52842767055957,2.15927423255127,5.75000000000001));
#9742=CARTESIAN_POINT('',(-1.52842767055957,2.15927423255127,5.75000000000001));
#9743=VECTOR('',#11282,10.0);
#9744=CARTESIAN_POINT('',(-0.740625124665032,2.15927423255127,5.75000000000001));
#9745=VECTOR('',#11283,10.0);
#9746=COLOUR_RGB('',0.0,0.0,0.0);
#9747=CARTESIAN_POINT('',(-1.52842767055957,2.250000042608,5.95000000000001));
#9748=CARTESIAN_POINT('',(-1.52842767055957,2.15927423255127,5.95000000000001));
#9749=VECTOR('',#11284,10.0);
#9750=CARTESIAN_POINT('',(-1.52842767055957,2.250000042608,5.75000000000001));
#9751=CARTESIAN_POINT('',(-1.52842767055957,2.250000042608,5.75000000000001));
#9752=VECTOR('',#11285,10.0);
#9753=CARTESIAN_POINT('',(-1.52842767055957,1.82963711627563,5.75000000000001));
#9754=VECTOR('',#11286,10.0);
#9755=COLOUR_RGB('',0.0,0.0,0.0);
#9756=CARTESIAN_POINT('',(-1.52842767055957,2.250000042608,5.95000000000001));
#9757=VECTOR('',#11287,10.0);
#9758=CARTESIAN_POINT('',(-0.764213835279783,2.250000042608,5.75000000000001));
#9759=VECTOR('',#11288,10.0);
#9760=COLOUR_RGB('',0.0,0.0,0.0);
#9761=COLOUR_RGB('',0.0,0.0,0.0);
#9762=CARTESIAN_POINT('',(-1.88165349104712,2.250000042608,5.95000000000001));
#9763=CARTESIAN_POINT('',(-1.74495993722831,1.75040324856226,5.95000000000001));
#9764=CARTESIAN_POINT('',(-1.88165349104712,2.250000042608,5.95000000000001));
#9765=VECTOR('',#11289,10.0);
#9766=CARTESIAN_POINT('',(-1.74495993722831,1.75040324856226,5.75000000000001));
#9767=CARTESIAN_POINT('',(-1.74495993722831,1.75040324856226,5.75000000000001));
#9768=VECTOR('',#11290,10.0);
#9769=CARTESIAN_POINT('',(-1.88165349104712,2.250000042608,5.75000000000001));
#9770=CARTESIAN_POINT('',(-1.72067053766142,1.66162871740187,5.75000000000001));
#9771=VECTOR('',#11291,10.0);
#9772=CARTESIAN_POINT('',(-1.88165349104712,2.250000042608,5.75000000000001));
#9773=VECTOR('',#11292,10.0);
#9774=COLOUR_RGB('',0.0,0.0,0.0);
#9775=CARTESIAN_POINT('',(-1.84536316702442,1.72258066681153,5.95000000000001));
#9776=CARTESIAN_POINT('',(-1.74495993722831,1.75040324856226,5.95000000000001));
#9777=VECTOR('',#11293,10.0);
#9778=CARTESIAN_POINT('',(-1.84536316702442,1.72258066681153,5.75000000000001));
#9779=CARTESIAN_POINT('',(-1.84536316702442,1.72258066681153,5.75000000000001));
#9780=VECTOR('',#11294,10.0);
#9781=CARTESIAN_POINT('',(-0.966919413767775,1.96600483940073,5.75000000000001));
#9782=VECTOR('',#11295,10.0);
#9783=COLOUR_RGB('',0.0,0.0,0.0);
#9784=CARTESIAN_POINT('',(-1.96754059123416,1.95483874055677,5.95000000000001));
#9785=CARTESIAN_POINT('',(-1.84536316702442,1.72258066681153,5.95000000000001));
#9786=CARTESIAN_POINT('',(-1.92641155734177,1.89556454465303,5.95000000000001));
#9787=CARTESIAN_POINT('',(-1.96754059123416,1.95483874055677,5.95000000000001));
#9788=CARTESIAN_POINT('',(-1.96754059123416,1.95483874055677,5.75000000000001));
#9789=CARTESIAN_POINT('',(-1.96754059123416,1.95483874055677,5.75000000000001));
#9790=VECTOR('',#11296,10.0);
#9791=CARTESIAN_POINT('',(-1.84536316702442,1.72258066681153,5.75000000000001));
#9792=CARTESIAN_POINT('',(-1.92641155734177,1.89556454465303,5.75000000000001));
#9793=CARTESIAN_POINT('',(-1.96754059123416,1.95483874055677,5.75000000000001));
#9794=COLOUR_RGB('',0.0,0.0,0.0);
#9795=CARTESIAN_POINT('',(-2.36552447801636,2.16169358748612,5.95000000000001));
#9796=CARTESIAN_POINT('',(-1.96754059123416,1.95483874055677,5.95000000000001));
#9797=CARTESIAN_POINT('',(-2.03649220687727,2.05040326048319,5.95000000000001));
#9798=CARTESIAN_POINT('',(-2.2421373763392,2.16169358748612,5.95000000000001));
#9799=CARTESIAN_POINT('',(-2.36552447801636,2.16169358748612,5.95000000000001));
#9800=CARTESIAN_POINT('',(-2.36552447801636,2.16169358748612,5.75000000000001));
#9801=CARTESIAN_POINT('',(-2.36552447801636,2.16169358748612,5.75000000000001));
#9802=VECTOR('',#11297,10.0);
#9803=CARTESIAN_POINT('',(-1.96754059123416,1.95483874055677,5.75000000000001));
#9804=CARTESIAN_POINT('',(-2.03649220687727,2.05040326048319,5.75000000000001));
#9805=CARTESIAN_POINT('',(-2.2421373763392,2.16169358748612,5.75000000000001));
#9806=CARTESIAN_POINT('',(-2.36552447801636,2.16169358748612,5.75000000000001));
#9807=COLOUR_RGB('',0.0,0.0,0.0);
#9808=CARTESIAN_POINT('',(-2.90625030595448,1.51572581988218,5.95000000000001));
#9809=CARTESIAN_POINT('',(-2.36552447801636,2.16169358748612,5.95000000000001));
#9810=CARTESIAN_POINT('',(-2.51068577410713,2.16169358748612,5.95000000000001));
#9811=CARTESIAN_POINT('',(-2.75504062252659,2.00564519418854,5.95000000000001));
#9812=CARTESIAN_POINT('',(-2.90625030595448,1.70443550480018,5.95000000000001));
#9813=CARTESIAN_POINT('',(-2.90625030595448,1.51572581988218,5.95000000000001));
#9814=CARTESIAN_POINT('',(-2.90625030595448,1.51572581988218,5.75000000000001));
#9815=CARTESIAN_POINT('',(-2.90625030595448,1.51572581988218,5.75000000000001));
#9816=VECTOR('',#11298,10.0);
#9817=CARTESIAN_POINT('',(-2.36552447801636,2.16169358748612,5.75000000000001));
#9818=CARTESIAN_POINT('',(-2.51068577410713,2.16169358748612,5.75000000000001));
#9819=CARTESIAN_POINT('',(-2.75504062252659,2.00564519418854,5.75000000000001));
#9820=CARTESIAN_POINT('',(-2.90625030595448,1.70443550480018,5.75000000000001));
#9821=CARTESIAN_POINT('',(-2.90625030595448,1.51572581988218,5.75000000000001));
#9822=COLOUR_RGB('',0.0,0.0,0.0);
#9823=CARTESIAN_POINT('',(-2.33891157373305,0.855241922669168,5.95000000000001));
#9824=CARTESIAN_POINT('',(-2.90625030595448,1.51572581988218,5.95000000000001));
#9825=CARTESIAN_POINT('',(-2.90625030595448,1.32217742509448,5.95000000000001));
#9826=CARTESIAN_POINT('',(-2.75262126759175,1.01854838077129,5.95000000000001));
#9827=CARTESIAN_POINT('',(-2.49012125716094,0.855241922669168,5.95000000000001));
#9828=CARTESIAN_POINT('',(-2.33891157373305,0.855241922669168,5.95000000000001));
#9829=CARTESIAN_POINT('',(-2.33891157373305,0.855241922669168,5.75000000000001));
#9830=CARTESIAN_POINT('',(-2.33891157373305,0.855241922669168,5.75000000000001));
#9831=VECTOR('',#11299,10.0);
#9832=CARTESIAN_POINT('',(-2.90625030595448,1.51572581988218,5.75000000000001));
#9833=CARTESIAN_POINT('',(-2.90625030595448,1.32217742509448,5.75000000000001));
#9834=CARTESIAN_POINT('',(-2.75262126759175,1.01854838077129,5.75000000000001));
#9835=CARTESIAN_POINT('',(-2.49012125716094,0.855241922669168,5.75000000000001));
#9836=CARTESIAN_POINT('',(-2.33891157373305,0.855241922669168,5.75000000000001));
#9837=COLOUR_RGB('',0.0,0.0,0.0);
#9838=CARTESIAN_POINT('',(-1.78729864858811,1.16733870926433,5.95000000000001));
#9839=CARTESIAN_POINT('',(-2.33891157373305,0.855241922669168,5.95000000000001));
#9840=CARTESIAN_POINT('',(-2.19616963257712,0.855241922669168,5.95000000000001));
#9841=CARTESIAN_POINT('',(-1.89737929812362,1.01975805823871,5.95000000000001));
#9842=CARTESIAN_POINT('',(-1.78729864858811,1.16733870926433,5.95000000000001));
#9843=CARTESIAN_POINT('',(-1.78729864858811,1.16733870926433,5.75000000000001));
#9844=CARTESIAN_POINT('',(-1.78729864858811,1.16733870926433,5.75000000000001));
#9845=VECTOR('',#11300,10.0);
#9846=CARTESIAN_POINT('',(-2.33891157373305,0.855241922669168,5.75000000000001));
#9847=CARTESIAN_POINT('',(-2.19616963257712,0.855241922669168,5.75000000000001));
#9848=CARTESIAN_POINT('',(-1.89737929812362,1.01975805823871,5.75000000000001));
#9849=CARTESIAN_POINT('',(-1.78729864858811,1.16733870926433,5.75000000000001));
#9850=COLOUR_RGB('',0.0,0.0,0.0);
#9851=CARTESIAN_POINT('',(-1.70141154840107,1.1080645133606,5.95000000000001));
#9852=CARTESIAN_POINT('',(-1.78729864858811,1.16733870926433,5.95000000000001));
#9853=VECTOR('',#11301,10.0);
#9854=CARTESIAN_POINT('',(-1.70141154840107,1.1080645133606,5.75000000000001));
#9855=CARTESIAN_POINT('',(-1.70141154840107,1.1080645133606,5.75000000000001));
#9856=VECTOR('',#11302,10.0);
#9857=CARTESIAN_POINT('',(-1.25972246899503,0.803236838840939,5.75000000000001));
#9858=VECTOR('',#11303,10.0);
#9859=COLOUR_RGB('',0.0,0.0,0.0);
#9860=CARTESIAN_POINT('',(-1.84536316702442,0.941129022856209,5.95000000000001));
#9861=CARTESIAN_POINT('',(-1.70141154840107,1.1080645133606,5.95000000000001));
#9862=CARTESIAN_POINT('',(-1.76794380910934,1.0088709610319,5.95000000000001));
#9863=CARTESIAN_POINT('',(-1.84536316702442,0.941129022856209,5.95000000000001));
#9864=CARTESIAN_POINT('',(-1.84536316702442,0.941129022856209,5.75000000000001));
#9865=CARTESIAN_POINT('',(-1.84536316702442,0.941129022856209,5.75000000000001));
#9866=VECTOR('',#11304,10.0);
#9867=CARTESIAN_POINT('',(-1.70141154840107,1.1080645133606,5.75000000000001));
#9868=CARTESIAN_POINT('',(-1.76794380910934,1.0088709610319,5.75000000000001));
#9869=CARTESIAN_POINT('',(-1.84536316702442,0.941129022856209,5.75000000000001));
#9870=COLOUR_RGB('',0.0,0.0,0.0);
#9871=CARTESIAN_POINT('',(-2.39092770483224,0.724596756187472,5.95000000000001));
#9872=CARTESIAN_POINT('',(-1.84536316702442,0.941129022856209,5.95000000000001));
#9873=CARTESIAN_POINT('',(-1.96754059123416,0.829838695853282,5.95000000000001));
#9874=CARTESIAN_POINT('',(-2.23245995659981,0.724596756187472,5.95000000000001));
#9875=CARTESIAN_POINT('',(-2.39092770483224,0.724596756187472,5.95000000000001));
#9876=CARTESIAN_POINT('',(-2.39092770483224,0.724596756187472,5.75000000000001));
#9877=CARTESIAN_POINT('',(-2.39092770483224,0.724596756187472,5.75000000000001));
#9878=VECTOR('',#11305,10.0);
#9879=CARTESIAN_POINT('',(-1.84536316702442,0.941129022856209,5.75000000000001));
#9880=CARTESIAN_POINT('',(-1.96754059123416,0.829838695853282,5.75000000000001));
#9881=CARTESIAN_POINT('',(-2.23245995659981,0.724596756187472,5.75000000000001));
#9882=CARTESIAN_POINT('',(-2.39092770483224,0.724596756187472,5.75000000000001));
#9883=COLOUR_RGB('',0.0,0.0,0.0);
#9884=CARTESIAN_POINT('',(-2.95826643705368,0.983467734216017,5.95000000000001));
#9885=CARTESIAN_POINT('',(-2.39092770483224,0.724596756187472,5.95000000000001));
#9886=CARTESIAN_POINT('',(-2.73931481545009,0.724596756187472,5.95000000000001));
#9887=CARTESIAN_POINT('',(-2.95826643705368,0.983467734216017,5.95000000000001));
#9888=CARTESIAN_POINT('',(-2.95826643705368,0.983467734216017,5.75000000000001));
#9889=CARTESIAN_POINT('',(-2.95826643705368,0.983467734216017,5.75000000000001));
#9890=VECTOR('',#11306,10.0);
#9891=CARTESIAN_POINT('',(-2.39092770483224,0.724596756187472,5.75000000000001));
#9892=CARTESIAN_POINT('',(-2.73931481545009,0.724596756187472,5.75000000000001));
#9893=CARTESIAN_POINT('',(-2.95826643705368,0.983467734216017,5.75000000000001));
#9894=COLOUR_RGB('',0.0,0.0,0.0);
#9895=CARTESIAN_POINT('',(-3.13850837969972,1.49516130293599,5.95000000000001));
#9896=CARTESIAN_POINT('',(-2.95826643705368,0.983467734216017,5.95000000000001));
#9897=CARTESIAN_POINT('',(-3.13850837969972,1.19879032341733,5.95000000000001));
#9898=CARTESIAN_POINT('',(-3.13850837969972,1.49516130293599,5.95000000000001));
#9899=CARTESIAN_POINT('',(-3.13850837969972,1.49516130293599,5.75000000000001));
#9900=CARTESIAN_POINT('',(-3.13850837969972,1.49516130293599,5.75000000000001));
#9901=VECTOR('',#11307,10.0);
#9902=CARTESIAN_POINT('',(-2.95826643705368,0.983467734216017,5.75000000000001));
#9903=CARTESIAN_POINT('',(-3.13850837969972,1.19879032341733,5.75000000000001));
#9904=CARTESIAN_POINT('',(-3.13850837969972,1.49516130293599,5.75000000000001));
#9905=COLOUR_RGB('',0.0,0.0,0.0);
#9906=CARTESIAN_POINT('',(-2.3836696400277,2.27540326942389,5.95000000000001));
#9907=CARTESIAN_POINT('',(-3.13850837969972,1.49516130293599,5.95000000000001));
#9908=CARTESIAN_POINT('',(-3.13850837969972,1.71290324707215,5.95000000000001));
#9909=CARTESIAN_POINT('',(-2.93891159757491,2.06733874502711,5.95000000000001));
#9910=CARTESIAN_POINT('',(-2.58689545455478,2.27540326942389,5.95000000000001));
#9911=CARTESIAN_POINT('',(-2.3836696400277,2.27540326942389,5.95000000000001));
#9912=CARTESIAN_POINT('',(-2.3836696400277,2.27540326942389,5.75000000000001));
#9913=CARTESIAN_POINT('',(-2.3836696400277,2.27540326942389,5.75000000000001));
#9914=VECTOR('',#11308,10.0);
#9915=CARTESIAN_POINT('',(-3.13850837969972,1.49516130293599,5.75000000000001));
#9916=CARTESIAN_POINT('',(-3.13850837969972,1.71290324707215,5.75000000000001));
#9917=CARTESIAN_POINT('',(-2.93891159757491,2.06733874502711,5.75000000000001));
#9918=CARTESIAN_POINT('',(-2.58689545455478,2.27540326942389,5.75000000000001));
#9919=CARTESIAN_POINT('',(-2.3836696400277,2.27540326942389,5.75000000000001));
#9920=COLOUR_RGB('',0.0,0.0,0.0);
#9921=CARTESIAN_POINT('',(-1.99294381805004,2.15080649027931,5.95000000000001));
#9922=CARTESIAN_POINT('',(-2.3836696400277,2.27540326942389,5.95000000000001));
#9923=CARTESIAN_POINT('',(-2.27479866795962,2.27540326942389,5.95000000000001));
#9924=CARTESIAN_POINT('',(-2.08850833797647,2.21612907352016,5.95000000000001));
#9925=CARTESIAN_POINT('',(-1.99294381805004,2.15080649027931,5.95000000000001));
#9926=CARTESIAN_POINT('',(-1.99294381805004,2.15080649027931,5.75000000000001));
#9927=CARTESIAN_POINT('',(-1.99294381805004,2.15080649027931,5.75000000000001));
#9928=VECTOR('',#11309,10.0);
#9929=CARTESIAN_POINT('',(-2.3836696400277,2.27540326942389,5.75000000000001));
#9930=CARTESIAN_POINT('',(-2.27479866795962,2.27540326942389,5.75000000000001));
#9931=CARTESIAN_POINT('',(-2.08850833797647,2.21612907352016,5.75000000000001));
#9932=CARTESIAN_POINT('',(-1.99294381805004,2.15080649027931,5.75000000000001));
#9933=COLOUR_RGB('',0.0,0.0,0.0);
#9934=CARTESIAN_POINT('',(-1.95907284896219,2.250000042608,5.95000000000001));
#9935=CARTESIAN_POINT('',(-1.99294381805004,2.15080649027931,5.95000000000001));
#9936=VECTOR('',#11310,10.0);
#9937=CARTESIAN_POINT('',(-1.95907284896219,2.250000042608,5.75000000000001));
#9938=CARTESIAN_POINT('',(-1.95907284896219,2.250000042608,5.75000000000001));
#9939=VECTOR('',#11311,10.0);
#9940=CARTESIAN_POINT('',(-1.98840091370335,2.16411071015177,5.75000000000001));
#9941=VECTOR('',#11312,10.0);
#9942=COLOUR_RGB('',0.0,0.0,0.0);
#9943=CARTESIAN_POINT('',(-1.95907284896219,2.250000042608,5.95000000000001));
#9944=VECTOR('',#11313,10.0);
#9945=CARTESIAN_POINT('',(-0.979536424481095,2.250000042608,5.75000000000001));
#9946=VECTOR('',#11314,10.0);
#9947=COLOUR_RGB('',0.0,0.0,0.0);
#9948=COLOUR_RGB('',0.0,0.0,0.0);
#9949=CARTESIAN_POINT('',(0.352620791283351,2.250000042608,5.95000000000001));
#9950=CARTESIAN_POINT('',(0.352620791283351,2.15927423255127,5.95000000000001));
#9951=CARTESIAN_POINT('',(0.352620791283351,2.250000042608,5.95000000000001));
#9952=VECTOR('',#11315,10.0);
#9953=CARTESIAN_POINT('',(0.352620791283351,2.15927423255127,5.75000000000001));
#9954=CARTESIAN_POINT('',(0.352620791283351,2.15927423255127,5.75000000000001));
#9955=VECTOR('',#11316,10.0);
#9956=CARTESIAN_POINT('',(0.352620791283351,2.250000042608,5.75000000000001));
#9957=CARTESIAN_POINT('',(0.352620791283351,1.875000021304,5.75000000000001));
#9958=VECTOR('',#11317,10.0);
#9959=CARTESIAN_POINT('',(0.352620791283351,2.250000042608,5.75000000000001));
#9960=VECTOR('',#11318,10.0);
#9961=COLOUR_RGB('',0.0,0.0,0.0);
#9962=CARTESIAN_POINT('',(0.307862724988696,2.15927423255127,5.95000000000001));
#9963=CARTESIAN_POINT('',(0.352620791283351,2.15927423255127,5.95000000000001));
#9964=VECTOR('',#11319,10.0);
#9965=CARTESIAN_POINT('',(0.307862724988696,2.15927423255127,5.75000000000001));
#9966=CARTESIAN_POINT('',(0.307862724988696,2.15927423255127,5.75000000000001));
#9967=VECTOR('',#11320,10.0);
#9968=CARTESIAN_POINT('',(0.176310395641678,2.15927423255127,5.75000000000001));
#9969=VECTOR('',#11321,10.0);
#9970=COLOUR_RGB('',0.0,0.0,0.0);
#9971=CARTESIAN_POINT('',(0.163911106365347,1.96935487016584,5.95000000000001));
#9972=CARTESIAN_POINT('',(0.307862724988696,2.15927423255127,5.95000000000001));
#9973=CARTESIAN_POINT('',(0.246169174150118,2.15927423255127,5.95000000000001));
#9974=CARTESIAN_POINT('',(0.189314333181232,2.124193585996,5.95000000000001));
#9975=CARTESIAN_POINT('',(0.163911106365347,2.06129035769,5.95000000000001));
#9976=CARTESIAN_POINT('',(0.163911106365347,1.96935487016584,5.95000000000001));
#9977=CARTESIAN_POINT('',(0.163911106365347,1.96935487016584,5.75000000000001));
#9978=CARTESIAN_POINT('',(0.163911106365347,1.96935487016584,5.75000000000001));
#9979=VECTOR('',#11322,10.0);
#9980=CARTESIAN_POINT('',(0.307862724988696,2.15927423255127,5.75000000000001));
#9981=CARTESIAN_POINT('',(0.246169174150118,2.15927423255127,5.75000000000001));
#9982=CARTESIAN_POINT('',(0.189314333181232,2.124193585996,5.75000000000001));
#9983=CARTESIAN_POINT('',(0.163911106365347,2.06129035769,5.75000000000001));
#9984=CARTESIAN_POINT('',(0.163911106365347,1.96935487016584,5.75000000000001));
#9985=COLOUR_RGB('',0.0,0.0,0.0);
#9986=CARTESIAN_POINT('',(0.163911106365348,1.00282257369479,5.95000000000001));
#9987=CARTESIAN_POINT('',(0.163911106365347,1.96935487016584,5.95000000000001));
#9988=VECTOR('',#11323,10.0);
#9989=CARTESIAN_POINT('',(0.163911106365347,1.00282257369479,5.75000000000001));
#9990=CARTESIAN_POINT('',(0.163911106365347,1.00282257369479,5.75000000000001));
#9991=VECTOR('',#11324,10.0);
#9992=CARTESIAN_POINT('',(0.163911106365347,1.73467743508292,5.75000000000001));
#9993=VECTOR('',#11325,10.0);
#9994=COLOUR_RGB('',0.0,0.0,0.0);
#9995=CARTESIAN_POINT('',(0.307862724988697,0.840725793060092,5.95000000000001));
#9996=CARTESIAN_POINT('',(0.163911106365348,1.00282257369479,5.95000000000001));
#9997=CARTESIAN_POINT('',(0.163911106365348,0.930241925649401,5.95000000000001));
#9998=CARTESIAN_POINT('',(0.191733688116079,0.868548374810824,5.95000000000001));
#9999=CARTESIAN_POINT('',(0.242540141747849,0.840725793060092,5.95000000000001));
#10000=CARTESIAN_POINT('',(0.307862724988697,0.840725793060092,5.95000000000001));
#10001=CARTESIAN_POINT('',(0.307862724988697,0.840725793060092,5.75000000000001));
#10002=CARTESIAN_POINT('',(0.307862724988697,0.840725793060092,5.75000000000001));
#10003=VECTOR('',#11326,10.0);
#10004=CARTESIAN_POINT('',(0.163911106365347,1.00282257369479,5.75000000000001));
#10005=CARTESIAN_POINT('',(0.163911106365347,0.930241925649401,5.75000000000001));
#10006=CARTESIAN_POINT('',(0.191733688116079,0.868548374810824,5.75000000000001));
#10007=CARTESIAN_POINT('',(0.242540141747849,0.840725793060092,5.75000000000001));
#10008=CARTESIAN_POINT('',(0.307862724988697,0.840725793060092,5.75000000000001));
#10009=COLOUR_RGB('',0.0,0.0,0.0);
#10010=CARTESIAN_POINT('',(0.352620791283351,0.840725793060092,5.95000000000001));
#10011=CARTESIAN_POINT('',(0.307862724988697,0.840725793060092,5.95000000000001));
#10012=VECTOR('',#11327,10.0);
#10013=CARTESIAN_POINT('',(0.352620791283351,0.840725793060092,5.75000000000001));
#10014=CARTESIAN_POINT('',(0.352620791283351,0.840725793060092,5.75000000000001));
#10015=VECTOR('',#11328,10.0);
#10016=CARTESIAN_POINT('',(0.153931362494351,0.840725793060092,5.75000000000001));
#10017=VECTOR('',#11329,10.0);
#10018=COLOUR_RGB('',0.0,0.0,0.0);
#10019=CARTESIAN_POINT('',(0.352620791283351,0.749999983003359,5.95000000000001));
#10020=CARTESIAN_POINT('',(0.352620791283351,0.840725793060092,5.95000000000001));
#10021=VECTOR('',#11330,10.0);
#10022=CARTESIAN_POINT('',(0.352620791283351,0.749999983003359,5.75000000000001));
#10023=CARTESIAN_POINT('',(0.352620791283351,0.749999983003359,5.75000000000001));
#10024=VECTOR('',#11331,10.0);
#10025=CARTESIAN_POINT('',(0.352620791283351,1.17036289653004,5.75000000000001));
#10026=VECTOR('',#11332,10.0);
#10027=COLOUR_RGB('',0.0,0.0,0.0);
#10028=CARTESIAN_POINT('',(-0.221976005742621,0.749999983003359,5.95000000000001));
#10029=CARTESIAN_POINT('',(0.352620791283351,0.749999983003359,5.95000000000001));
#10030=VECTOR('',#11333,10.0);
#10031=CARTESIAN_POINT('',(-0.221976005742622,0.749999983003359,5.75000000000001));
#10032=CARTESIAN_POINT('',(-0.221976005742622,0.749999983003359,5.75000000000001));
#10033=VECTOR('',#11334,10.0);
#10034=CARTESIAN_POINT('',(0.176310395641678,0.749999983003359,5.75000000000001));
#10035=VECTOR('',#11335,10.0);
#10036=COLOUR_RGB('',0.0,0.0,0.0);
#10037=CARTESIAN_POINT('',(-0.221976005742621,0.840725793060092,5.95000000000001));
#10038=CARTESIAN_POINT('',(-0.221976005742621,0.749999983003359,5.95000000000001));
#10039=VECTOR('',#11336,10.0);
#10040=CARTESIAN_POINT('',(-0.221976005742622,0.840725793060092,5.75000000000001));
#10041=CARTESIAN_POINT('',(-0.221976005742622,0.840725793060092,5.75000000000001));
#10042=VECTOR('',#11337,10.0);
#10043=CARTESIAN_POINT('',(-0.221976005742622,1.12499999150168,5.75000000000001));
#10044=VECTOR('',#11338,10.0);
#10045=COLOUR_RGB('',0.0,0.0,0.0);
#10046=CARTESIAN_POINT('',(-0.174798584513121,0.840725793060092,5.95000000000001));
#10047=CARTESIAN_POINT('',(-0.221976005742621,0.840725793060092,5.95000000000001));
#10048=VECTOR('',#11339,10.0);
#10049=CARTESIAN_POINT('',(-0.174798584513121,0.840725793060092,5.75000000000001));
#10050=CARTESIAN_POINT('',(-0.174798584513121,0.840725793060092,5.75000000000001));
#10051=VECTOR('',#11340,10.0);
#10052=CARTESIAN_POINT('',(-0.110988002871308,0.840725793060092,5.75000000000001));
#10053=VECTOR('',#11341,10.0);
#10054=COLOUR_RGB('',0.0,0.0,0.0);
#10055=CARTESIAN_POINT('',(-0.034475998292041,1.00282257369479,5.95000000000001));
#10056=CARTESIAN_POINT('',(-0.174798584513121,0.840725793060092,5.95000000000001));
#10057=CARTESIAN_POINT('',(-0.110685678739696,0.840725793060092,5.95000000000001));
#10058=CARTESIAN_POINT('',(-0.0586695476405028,0.869758052278245,5.95000000000001));
#10059=CARTESIAN_POINT('',(-0.0344759982920409,0.924193538312284,5.95000000000001));
#10060=CARTESIAN_POINT('',(-0.034475998292041,1.00282257369479,5.95000000000001));
#10061=CARTESIAN_POINT('',(-0.0344759982920411,1.00282257369479,5.75000000000001));
#10062=CARTESIAN_POINT('',(-0.0344759982920411,1.00282257369479,5.75000000000001));
#10063=VECTOR('',#11342,10.0);
#10064=CARTESIAN_POINT('',(-0.174798584513121,0.840725793060092,5.75000000000001));
#10065=CARTESIAN_POINT('',(-0.110685678739696,0.840725793060092,5.75000000000001));
#10066=CARTESIAN_POINT('',(-0.0586695476405029,0.869758052278245,5.75000000000001));
#10067=CARTESIAN_POINT('',(-0.034475998292041,0.924193538312284,5.75000000000001));
#10068=CARTESIAN_POINT('',(-0.0344759982920411,1.00282257369479,5.75000000000001));
#10069=COLOUR_RGB('',0.0,0.0,0.0);
#10070=CARTESIAN_POINT('',(-0.0344759982920413,1.99233874204688,5.95000000000001));
#10071=CARTESIAN_POINT('',(-0.034475998292041,1.00282257369479,5.95000000000001));
#10072=VECTOR('',#11343,10.0);
#10073=CARTESIAN_POINT('',(-0.0344759982920414,1.99233874204688,5.75000000000001));
#10074=CARTESIAN_POINT('',(-0.0344759982920414,1.99233874204688,5.75000000000001));
#10075=VECTOR('',#11344,10.0);
#10076=CARTESIAN_POINT('',(-0.0344759982920412,1.25141128684739,5.75000000000001));
#10077=VECTOR('',#11345,10.0);
#10078=COLOUR_RGB('',0.0,0.0,0.0);
#10079=CARTESIAN_POINT('',(-0.174798584513121,2.15927423255127,5.95000000000001));
#10080=CARTESIAN_POINT('',(-0.0344759982920413,1.99233874204688,5.95000000000001));
#10081=CARTESIAN_POINT('',(-0.0344759982920414,2.07580648729908,5.95000000000001));
#10082=CARTESIAN_POINT('',(-0.0586695476405032,2.13266132826796,5.95000000000001));
#10083=CARTESIAN_POINT('',(-0.110685678739697,2.15927423255127,5.95000000000001));
#10084=CARTESIAN_POINT('',(-0.174798584513121,2.15927423255127,5.95000000000001));
#10085=CARTESIAN_POINT('',(-0.174798584513121,2.15927423255127,5.75000000000001));
#10086=CARTESIAN_POINT('',(-0.174798584513121,2.15927423255127,5.75000000000001));
#10087=VECTOR('',#11346,10.0);
#10088=CARTESIAN_POINT('',(-0.0344759982920414,1.99233874204688,5.75000000000001));
#10089=CARTESIAN_POINT('',(-0.0344759982920415,2.07580648729908,5.75000000000001));
#10090=CARTESIAN_POINT('',(-0.0586695476405033,2.13266132826796,5.75000000000001));
#10091=CARTESIAN_POINT('',(-0.110685678739697,2.15927423255127,5.75000000000001));
#10092=CARTESIAN_POINT('',(-0.174798584513121,2.15927423255127,5.75000000000001));
#10093=COLOUR_RGB('',0.0,0.0,0.0);
#10094=CARTESIAN_POINT('',(-0.221976005742622,2.15927423255127,5.95000000000001));
#10095=CARTESIAN_POINT('',(-0.174798584513121,2.15927423255127,5.95000000000001));
#10096=VECTOR('',#11347,10.0);
#10097=CARTESIAN_POINT('',(-0.221976005742622,2.15927423255127,5.75000000000001));
#10098=CARTESIAN_POINT('',(-0.221976005742622,2.15927423255127,5.75000000000001));
#10099=VECTOR('',#11348,10.0);
#10100=CARTESIAN_POINT('',(-0.0873992922565581,2.15927423255127,5.75000000000001));
#10101=VECTOR('',#11349,10.0);
#10102=COLOUR_RGB('',0.0,0.0,0.0);
#10103=CARTESIAN_POINT('',(-0.221976005742622,2.250000042608,5.95000000000001));
#10104=CARTESIAN_POINT('',(-0.221976005742622,2.15927423255127,5.95000000000001));
#10105=VECTOR('',#11350,10.0);
#10106=CARTESIAN_POINT('',(-0.221976005742622,2.250000042608,5.75000000000001));
#10107=CARTESIAN_POINT('',(-0.221976005742622,2.250000042608,5.75000000000001));
#10108=VECTOR('',#11351,10.0);
#10109=CARTESIAN_POINT('',(-0.221976005742622,1.82963711627563,5.75000000000001));
#10110=VECTOR('',#11352,10.0);
#10111=COLOUR_RGB('',0.0,0.0,0.0);
#10112=CARTESIAN_POINT('',(-0.221976005742622,2.250000042608,5.95000000000001));
#10113=VECTOR('',#11353,10.0);
#10114=CARTESIAN_POINT('',(-0.110988002871309,2.250000042608,5.75000000000001));
#10115=VECTOR('',#11354,10.0);
#10116=COLOUR_RGB('',0.0,0.0,0.0);
#10117=COLOUR_RGB('',0.0,0.0,0.0);
#10118=CARTESIAN_POINT('',(3.11310477194287,2.250000042608,5.95000000000001));
#10119=CARTESIAN_POINT('',(3.25221768069652,1.85564518822807,5.95000000000001));
#10120=CARTESIAN_POINT('',(3.11310477194287,2.250000042608,5.95000000000001));
#10121=VECTOR('',#11355,10.0);
#10122=CARTESIAN_POINT('',(3.25221768069652,1.85564518822807,5.75000000000001));
#10123=CARTESIAN_POINT('',(3.25221768069652,1.85564518822807,5.75000000000001));
#10124=VECTOR('',#11356,10.0);
#10125=CARTESIAN_POINT('',(3.11310477194287,2.250000042608,5.75000000000001));
#10126=CARTESIAN_POINT('',(3.05848887328273,2.40482424228804,5.75000000000001));
#10127=VECTOR('',#11357,10.0);
#10128=CARTESIAN_POINT('',(3.11310477194287,2.250000042608,5.75000000000001));
#10129=VECTOR('',#11358,10.0);
#10130=COLOUR_RGB('',0.0,0.0,0.0);
#10131=CARTESIAN_POINT('',(3.15907251570494,1.8205645416728,5.95000000000001));
#10132=CARTESIAN_POINT('',(3.25221768069652,1.85564518822807,5.95000000000001));
#10133=VECTOR('',#11359,10.0);
#10134=CARTESIAN_POINT('',(3.15907251570494,1.8205645416728,5.75000000000001));
#10135=CARTESIAN_POINT('',(3.15907251570494,1.8205645416728,5.75000000000001));
#10136=VECTOR('',#11360,10.0);
#10137=CARTESIAN_POINT('',(1.76945886724284,1.29720355718707,5.75000000000001));
#10138=VECTOR('',#11361,10.0);
#10139=COLOUR_RGB('',0.0,0.0,0.0);
#10140=CARTESIAN_POINT('',(2.67399185126828,2.13024197333312,5.95000000000001));
#10141=CARTESIAN_POINT('',(3.15907251570494,1.8205645416728,5.95000000000001));
#10142=CARTESIAN_POINT('',(3.09979831980121,1.95846777295904,5.95000000000001));
#10143=CARTESIAN_POINT('',(2.98608863786344,2.07822584223392,5.95000000000001));
#10144=CARTESIAN_POINT('',(2.83487895443555,2.13024197333312,5.95000000000001));
#10145=CARTESIAN_POINT('',(2.67399185126828,2.13024197333312,5.95000000000001));
#10146=CARTESIAN_POINT('',(2.67399185126828,2.13024197333312,5.75000000000001));
#10147=CARTESIAN_POINT('',(2.67399185126828,2.13024197333312,5.75000000000001));
#10148=VECTOR('',#11362,10.0);
#10149=CARTESIAN_POINT('',(3.15907251570494,1.8205645416728,5.75000000000001));
#10150=CARTESIAN_POINT('',(3.09979831980121,1.95846777295904,5.75000000000001));
#10151=CARTESIAN_POINT('',(2.98608863786344,2.07822584223392,5.75000000000001));
#10152=CARTESIAN_POINT('',(2.83487895443555,2.13024197333312,5.75000000000001));
#10153=CARTESIAN_POINT('',(2.67399185126828,2.13024197333312,5.75000000000001));
#10154=COLOUR_RGB('',0.0,0.0,0.0);
#10155=CARTESIAN_POINT('',(2.34979828999889,2.13024197333312,5.95000000000001));
#10156=CARTESIAN_POINT('',(2.67399185126828,2.13024197333312,5.95000000000001));
#10157=VECTOR('',#11363,10.0);
#10158=CARTESIAN_POINT('',(2.34979828999889,2.13024197333312,5.75000000000001));
#10159=CARTESIAN_POINT('',(2.34979828999889,2.13024197333312,5.75000000000001));
#10160=VECTOR('',#11364,10.0);
#10161=CARTESIAN_POINT('',(1.33699592563414,2.13024197333312,5.75000000000001));
#10162=VECTOR('',#11365,10.0);
#10163=COLOUR_RGB('',0.0,0.0,0.0);
#10164=CARTESIAN_POINT('',(2.34979828999889,1.55443549883972,5.95000000000001));
#10165=CARTESIAN_POINT('',(2.34979828999889,2.13024197333312,5.95000000000001));
#10166=VECTOR('',#11366,10.0);
#10167=CARTESIAN_POINT('',(2.34979828999889,1.55443549883972,5.75000000000001));
#10168=CARTESIAN_POINT('',(2.34979828999889,1.55443549883972,5.75000000000001));
#10169=VECTOR('',#11367,10.0);
#10170=CARTESIAN_POINT('',(2.34979828999889,1.81512098666656,5.75000000000001));
#10171=VECTOR('',#11368,10.0);
#10172=COLOUR_RGB('',0.0,0.0,0.0);
#10173=CARTESIAN_POINT('',(2.49737894102451,1.55443549883972,5.95000000000001));
#10174=CARTESIAN_POINT('',(2.34979828999889,1.55443549883972,5.95000000000001));
#10175=VECTOR('',#11369,10.0);
#10176=CARTESIAN_POINT('',(2.49737894102451,1.55443549883972,5.75000000000001));
#10177=CARTESIAN_POINT('',(2.49737894102451,1.55443549883972,5.75000000000001));
#10178=VECTOR('',#11370,10.0);
#10179=CARTESIAN_POINT('',(1.17489914499945,1.55443549883972,5.75000000000001));
#10180=VECTOR('',#11371,10.0);
#10181=COLOUR_RGB('',0.0,0.0,0.0);
#10182=CARTESIAN_POINT('',(2.76834669372728,1.78790325005238,5.95000000000001));
#10183=CARTESIAN_POINT('',(2.49737894102451,1.55443549883972,5.95000000000001));
#10184=CARTESIAN_POINT('',(2.61350797789713,1.55443549883972,5.95000000000001));
#10185=CARTESIAN_POINT('',(2.71512088516067,1.59919356513438,5.95000000000001));
#10186=CARTESIAN_POINT('',(2.76834669372728,1.69717743999565,5.95000000000001));
#10187=CARTESIAN_POINT('',(2.76834669372728,1.78790325005238,5.95000000000001));
#10188=CARTESIAN_POINT('',(2.76834669372728,1.78790325005238,5.75000000000001));
#10189=CARTESIAN_POINT('',(2.76834669372728,1.78790325005238,5.75000000000001));
#10190=VECTOR('',#11372,10.0);
#10191=CARTESIAN_POINT('',(2.49737894102451,1.55443549883972,5.75000000000001));
#10192=CARTESIAN_POINT('',(2.61350797789713,1.55443549883972,5.75000000000001));
#10193=CARTESIAN_POINT('',(2.71512088516067,1.59919356513438,5.75000000000001));
#10194=CARTESIAN_POINT('',(2.76834669372728,1.69717743999565,5.75000000000001));
#10195=CARTESIAN_POINT('',(2.76834669372728,1.78790325005238,5.75000000000001));
#10196=COLOUR_RGB('',0.0,0.0,0.0);
#10197=CARTESIAN_POINT('',(2.76834669372728,1.82782260647734,5.95000000000001));
#10198=CARTESIAN_POINT('',(2.76834669372728,1.78790325005238,5.95000000000001));
#10199=VECTOR('',#11373,10.0);
#10200=CARTESIAN_POINT('',(2.76834669372728,1.82782260647734,5.75000000000001));
#10201=CARTESIAN_POINT('',(2.76834669372728,1.82782260647734,5.75000000000001));
#10202=VECTOR('',#11374,10.0);
#10203=CARTESIAN_POINT('',(2.76834669372728,1.64395162502619,5.75000000000001));
#10204=VECTOR('',#11375,10.0);
#10205=COLOUR_RGB('',0.0,0.0,0.0);
#10206=CARTESIAN_POINT('',(2.87358863339309,1.82782260647734,5.95000000000001));
#10207=CARTESIAN_POINT('',(2.76834669372728,1.82782260647734,5.95000000000001));
#10208=VECTOR('',#11376,10.0);
#10209=CARTESIAN_POINT('',(2.87358863339309,1.82782260647734,5.75000000000001));
#10210=CARTESIAN_POINT('',(2.87358863339309,1.82782260647734,5.75000000000001));
#10211=VECTOR('',#11377,10.0);
#10212=CARTESIAN_POINT('',(1.38417334686364,1.82782260647734,5.75000000000001));
#10213=VECTOR('',#11378,10.0);
#10214=COLOUR_RGB('',0.0,0.0,0.0);
#10215=CARTESIAN_POINT('',(2.87358863339309,1.16975806419918,5.95000000000001));
#10216=CARTESIAN_POINT('',(2.87358863339309,1.82782260647734,5.95000000000001));
#10217=VECTOR('',#11379,10.0);
#10218=CARTESIAN_POINT('',(2.87358863339309,1.16975806419918,5.75000000000001));
#10219=CARTESIAN_POINT('',(2.87358863339309,1.16975806419918,5.75000000000001));
#10220=VECTOR('',#11380,10.0);
#10221=CARTESIAN_POINT('',(2.87358863339309,1.66391130323867,5.75000000000001));
#10222=VECTOR('',#11381,10.0);
#10223=COLOUR_RGB('',0.0,0.0,0.0);
#10224=CARTESIAN_POINT('',(2.76834669372728,1.16975806419918,5.95000000000001));
#10225=CARTESIAN_POINT('',(2.87358863339309,1.16975806419918,5.95000000000001));
#10226=VECTOR('',#11382,10.0);
#10227=CARTESIAN_POINT('',(2.76834669372728,1.16975806419918,5.75000000000001));
#10228=CARTESIAN_POINT('',(2.76834669372728,1.16975806419918,5.75000000000001));
#10229=VECTOR('',#11383,10.0);
#10230=CARTESIAN_POINT('',(1.43679431669655,1.16975806419917,5.75000000000001));
#10231=VECTOR('',#11384,10.0);
#10232=COLOUR_RGB('',0.0,0.0,0.0);
#10233=CARTESIAN_POINT('',(2.76834669372728,1.22782258263548,5.95000000000001));
#10234=CARTESIAN_POINT('',(2.76834669372728,1.16975806419918,5.95000000000001));
#10235=VECTOR('',#11385,10.0);
#10236=CARTESIAN_POINT('',(2.76834669372728,1.22782258263548,5.75000000000001));
#10237=CARTESIAN_POINT('',(2.76834669372728,1.22782258263548,5.75000000000001));
#10238=VECTOR('',#11386,10.0);
#10239=CARTESIAN_POINT('',(2.76834669372728,1.33487903209959,5.75000000000001));
#10240=VECTOR('',#11387,10.0);
#10241=COLOUR_RGB('',0.0,0.0,0.0);
#10242=CARTESIAN_POINT('',(2.51310474810101,1.44919355917391,5.95000000000001));
#10243=CARTESIAN_POINT('',(2.76834669372728,1.22782258263548,5.95000000000001));
#10244=CARTESIAN_POINT('',(2.76834669372728,1.3125000053551,5.95000000000001));
#10245=CARTESIAN_POINT('',(2.71633056262809,1.4068548478141,5.95000000000001));
#10246=CARTESIAN_POINT('',(2.62681443003878,1.44919355917391,5.95000000000001));
#10247=CARTESIAN_POINT('',(2.51310474810101,1.44919355917391,5.95000000000001));
#10248=CARTESIAN_POINT('',(2.51310474810101,1.44919355917391,5.75000000000001));
#10249=CARTESIAN_POINT('',(2.51310474810101,1.44919355917391,5.75000000000001));
#10250=VECTOR('',#11388,10.0);
#10251=CARTESIAN_POINT('',(2.76834669372728,1.22782258263548,5.75000000000001));
#10252=CARTESIAN_POINT('',(2.76834669372728,1.3125000053551,5.75000000000001));
#10253=CARTESIAN_POINT('',(2.71633056262809,1.4068548478141,5.75000000000001));
#10254=CARTESIAN_POINT('',(2.62681443003878,1.44919355917391,5.75000000000001));
#10255=CARTESIAN_POINT('',(2.51310474810101,1.44919355917391,5.75000000000001));
#10256=COLOUR_RGB('',0.0,0.0,0.0);
#10257=CARTESIAN_POINT('',(2.34979828999889,1.44919355917391,5.95000000000001));
#10258=CARTESIAN_POINT('',(2.51310474810101,1.44919355917391,5.95000000000001));
#10259=VECTOR('',#11389,10.0);
#10260=CARTESIAN_POINT('',(2.34979828999889,1.44919355917391,5.75000000000001));
#10261=CARTESIAN_POINT('',(2.34979828999889,1.44919355917391,5.75000000000001));
#10262=VECTOR('',#11390,10.0);
#10263=CARTESIAN_POINT('',(1.25655237405051,1.44919355917391,5.75000000000001));
#10264=VECTOR('',#11391,10.0);
#10265=COLOUR_RGB('',0.0,0.0,0.0);
#10266=CARTESIAN_POINT('',(2.34979828999889,0.982258056748595,5.95000000000001));
#10267=CARTESIAN_POINT('',(2.34979828999889,1.44919355917391,5.95000000000001));
#10268=VECTOR('',#11392,10.0);
#10269=CARTESIAN_POINT('',(2.34979828999889,0.982258056748595,5.75000000000001));
#10270=CARTESIAN_POINT('',(2.34979828999889,0.982258056748595,5.75000000000001));
#10271=VECTOR('',#11393,10.0);
#10272=CARTESIAN_POINT('',(2.34979828999889,1.47459677958695,5.75000000000001));
#10273=VECTOR('',#11394,10.0);
#10274=COLOUR_RGB('',0.0,0.0,0.0);
#10275=CARTESIAN_POINT('',(2.49737894102451,0.840725793060093,5.95000000000001));
#10276=CARTESIAN_POINT('',(2.34979828999889,0.982258056748595,5.95000000000001));
#10277=CARTESIAN_POINT('',(2.34979828999889,0.918145150975171,5.95000000000001));
#10278=CARTESIAN_POINT('',(2.3764111942822,0.8673386973434,5.95000000000001));
#10279=CARTESIAN_POINT('',(2.42963700284882,0.840725793060093,5.95000000000001));
#10280=CARTESIAN_POINT('',(2.49737894102451,0.840725793060093,5.95000000000001));
#10281=CARTESIAN_POINT('',(2.49737894102451,0.840725793060093,5.75000000000001));
#10282=CARTESIAN_POINT('',(2.49737894102451,0.840725793060093,5.75000000000001));
#10283=VECTOR('',#11395,10.0);
#10284=CARTESIAN_POINT('',(2.34979828999889,0.982258056748595,5.75000000000001));
#10285=CARTESIAN_POINT('',(2.34979828999889,0.918145150975171,5.75000000000001));
#10286=CARTESIAN_POINT('',(2.3764111942822,0.8673386973434,5.75000000000001));
#10287=CARTESIAN_POINT('',(2.42963700284882,0.840725793060093,5.75000000000001));
#10288=CARTESIAN_POINT('',(2.49737894102451,0.840725793060093,5.75000000000001));
#10289=COLOUR_RGB('',0.0,0.0,0.0);
#10290=CARTESIAN_POINT('',(2.53729829744947,0.840725793060093,5.95000000000001));
#10291=CARTESIAN_POINT('',(2.49737894102451,0.840725793060093,5.95000000000001));
#10292=VECTOR('',#11396,10.0);
#10293=CARTESIAN_POINT('',(2.53729829744947,0.840725793060093,5.75000000000001));
#10294=CARTESIAN_POINT('',(2.53729829744947,0.840725793060093,5.75000000000001));
#10295=VECTOR('',#11397,10.0);
#10296=CARTESIAN_POINT('',(1.24868947051226,0.840725793060092,5.75000000000001));
#10297=VECTOR('',#11398,10.0);
#10298=COLOUR_RGB('',0.0,0.0,0.0);
#10299=CARTESIAN_POINT('',(2.53729829744947,0.74999998300336,5.95000000000001));
#10300=CARTESIAN_POINT('',(2.53729829744947,0.840725793060093,5.95000000000001));
#10301=VECTOR('',#11399,10.0);
#10302=CARTESIAN_POINT('',(2.53729829744947,0.74999998300336,5.75000000000001));
#10303=CARTESIAN_POINT('',(2.53729829744947,0.74999998300336,5.75000000000001));
#10304=VECTOR('',#11400,10.0);
#10305=CARTESIAN_POINT('',(2.53729829744947,1.17036289653004,5.75000000000001));
#10306=VECTOR('',#11401,10.0);
#10307=COLOUR_RGB('',0.0,0.0,0.0);
#10308=CARTESIAN_POINT('',(1.96633053282577,0.749999983003359,5.95000000000001));
#10309=CARTESIAN_POINT('',(2.53729829744947,0.74999998300336,5.95000000000001));
#10310=VECTOR('',#11402,10.0);
#10311=CARTESIAN_POINT('',(1.96633053282577,0.749999983003359,5.75000000000001));
#10312=CARTESIAN_POINT('',(1.96633053282577,0.749999983003359,5.75000000000001));
#10313=VECTOR('',#11403,10.0);
#10314=CARTESIAN_POINT('',(1.26864914872474,0.749999983003359,5.75000000000001));
#10315=VECTOR('',#11404,10.0);
#10316=COLOUR_RGB('',0.0,0.0,0.0);
#10317=CARTESIAN_POINT('',(1.96633053282577,0.840725793060093,5.95000000000001));
#10318=CARTESIAN_POINT('',(1.96633053282577,0.749999983003359,5.95000000000001));
#10319=VECTOR('',#11405,10.0);
#10320=CARTESIAN_POINT('',(1.96633053282577,0.840725793060093,5.75000000000001));
#10321=CARTESIAN_POINT('',(1.96633053282577,0.840725793060093,5.75000000000001));
#10322=VECTOR('',#11406,10.0);
#10323=CARTESIAN_POINT('',(1.96633053282577,1.12499999150168,5.75000000000001));
#10324=VECTOR('',#11407,10.0);
#10325=COLOUR_RGB('',0.0,0.0,0.0);
#10326=CARTESIAN_POINT('',(2.00262085684846,0.840725793060093,5.95000000000001));
#10327=CARTESIAN_POINT('',(1.96633053282577,0.840725793060093,5.95000000000001));
#10328=VECTOR('',#11408,10.0);
#10329=CARTESIAN_POINT('',(2.00262085684846,0.840725793060093,5.75000000000001));
#10330=CARTESIAN_POINT('',(2.00262085684846,0.840725793060093,5.75000000000001));
#10331=VECTOR('',#11409,10.0);
#10332=CARTESIAN_POINT('',(0.983165266412886,0.840725793060092,5.75000000000001));
#10333=VECTOR('',#11410,10.0);
#10334=COLOUR_RGB('',0.0,0.0,0.0);
#10335=CARTESIAN_POINT('',(2.14899183040666,0.993145153955403,5.95000000000001));
#10336=CARTESIAN_POINT('',(2.00262085684846,0.840725793060093,5.95000000000001));
#10337=CARTESIAN_POINT('',(2.07157247249158,0.840725793060093,5.95000000000001));
#10338=CARTESIAN_POINT('',(2.12479828105819,0.866129019875978,5.95000000000001));
#10339=CARTESIAN_POINT('',(2.14899183040666,0.921774183377439,5.95000000000001));
#10340=CARTESIAN_POINT('',(2.14899183040666,0.993145153955403,5.95000000000001));
#10341=CARTESIAN_POINT('',(2.14899183040666,0.993145153955403,5.75000000000001));
#10342=CARTESIAN_POINT('',(2.14899183040666,0.993145153955403,5.75000000000001));
#10343=VECTOR('',#11411,10.0);
#10344=CARTESIAN_POINT('',(2.00262085684846,0.840725793060093,5.75000000000001));
#10345=CARTESIAN_POINT('',(2.07157247249158,0.840725793060093,5.75000000000001));
#10346=CARTESIAN_POINT('',(2.12479828105819,0.866129019875978,5.75000000000001));
#10347=CARTESIAN_POINT('',(2.14899183040666,0.921774183377439,5.75000000000001));
#10348=CARTESIAN_POINT('',(2.14899183040666,0.993145153955403,5.75000000000001));
#10349=COLOUR_RGB('',0.0,0.0,0.0);
#10350=CARTESIAN_POINT('',(2.14899183040666,2.01290325899308,5.95000000000001));
#10351=CARTESIAN_POINT('',(2.14899183040666,0.993145153955403,5.95000000000001));
#10352=VECTOR('',#11412,10.0);
#10353=CARTESIAN_POINT('',(2.14899183040666,2.01290325899308,5.75000000000001));
#10354=CARTESIAN_POINT('',(2.14899183040666,2.01290325899308,5.75000000000001));
#10355=VECTOR('',#11413,10.0);
#10356=CARTESIAN_POINT('',(2.14899183040666,1.2465725769777,5.75000000000001));
#10357=VECTOR('',#11414,10.0);
#10358=COLOUR_RGB('',0.0,0.0,0.0);
#10359=CARTESIAN_POINT('',(2.01713698645754,2.15927423255127,5.95000000000001));
#10360=CARTESIAN_POINT('',(2.14899183040666,2.01290325899308,5.95000000000001));
#10361=CARTESIAN_POINT('',(2.14899183040666,2.08064519716877,5.95000000000001));
#10362=CARTESIAN_POINT('',(2.12479828105819,2.13387100573539,5.95000000000001));
#10363=CARTESIAN_POINT('',(2.07641118236127,2.15927423255127,5.95000000000001));
#10364=CARTESIAN_POINT('',(2.01713698645754,2.15927423255127,5.95000000000001));
#10365=CARTESIAN_POINT('',(2.01713698645754,2.15927423255127,5.75000000000001));
#10366=CARTESIAN_POINT('',(2.01713698645754,2.15927423255127,5.75000000000001));
#10367=VECTOR('',#11415,10.0);
#10368=CARTESIAN_POINT('',(2.14899183040666,2.01290325899308,5.75000000000001));
#10369=CARTESIAN_POINT('',(2.14899183040666,2.08064519716877,5.75000000000001));
#10370=CARTESIAN_POINT('',(2.12479828105819,2.13387100573539,5.75000000000001));
#10371=CARTESIAN_POINT('',(2.07641118236127,2.15927423255127,5.75000000000001));
#10372=CARTESIAN_POINT('',(2.01713698645754,2.15927423255127,5.75000000000001));
#10373=COLOUR_RGB('',0.0,0.0,0.0);
#10374=CARTESIAN_POINT('',(1.96633053282577,2.15927423255127,5.95000000000001));
#10375=CARTESIAN_POINT('',(2.01713698645754,2.15927423255127,5.95000000000001));
#10376=VECTOR('',#11416,10.0);
#10377=CARTESIAN_POINT('',(1.96633053282577,2.15927423255127,5.75000000000001));
#10378=CARTESIAN_POINT('',(1.96633053282577,2.15927423255127,5.75000000000001));
#10379=VECTOR('',#11417,10.0);
#10380=CARTESIAN_POINT('',(1.00856849322877,2.15927423255127,5.75000000000001));
#10381=VECTOR('',#11418,10.0);
#10382=COLOUR_RGB('',0.0,0.0,0.0);
#10383=CARTESIAN_POINT('',(1.96633053282577,2.250000042608,5.95000000000001));
#10384=CARTESIAN_POINT('',(1.96633053282577,2.15927423255127,5.95000000000001));
#10385=VECTOR('',#11419,10.0);
#10386=CARTESIAN_POINT('',(1.96633053282577,2.250000042608,5.75000000000001));
#10387=CARTESIAN_POINT('',(1.96633053282577,2.250000042608,5.75000000000001));
#10388=VECTOR('',#11420,10.0);
#10389=CARTESIAN_POINT('',(1.96633053282577,1.82963711627563,5.75000000000001));
#10390=VECTOR('',#11421,10.0);
#10391=COLOUR_RGB('',0.0,0.0,0.0);
#10392=CARTESIAN_POINT('',(1.96633053282577,2.250000042608,5.95000000000001));
#10393=VECTOR('',#11422,10.0);
#10394=CARTESIAN_POINT('',(0.983165266412886,2.250000042608,5.75000000000001));
#10395=VECTOR('',#11423,10.0);
#10396=COLOUR_RGB('',0.0,0.0,0.0);
#10397=COLOUR_RGB('',0.0,0.0,0.0);
#10398=CARTESIAN_POINT('',(-2.75,2.59999999999999,5.75000000000001));
#10399=CARTESIAN_POINT('',(-2.74999999999999,0.399999999999996,5.75000000000001));
#10400=AXIS2_PLACEMENT_3D('',#11424,#11425,#11426);
#10401=CARTESIAN_POINT('',(-2.75,2.59999999999999,6.00000000000001));
#10402=CARTESIAN_POINT('',(-2.75,2.59999999999999,6.00000000000001));
#10403=VECTOR('',#11427,10.0);
#10404=CARTESIAN_POINT('',(-2.74999999999999,0.399999999999996,6.00000000000001));
#10405=AXIS2_PLACEMENT_3D('',#11428,#11429,#11430);
#10406=CARTESIAN_POINT('',(-2.74999999999999,0.399999999999996,6.00000000000001));
#10407=VECTOR('',#11431,10.0);
#10408=COLOUR_RGB('',0.0,0.0,0.0);
#10409=CARTESIAN_POINT('',(2.75000000000001,0.399999999999998,5.75000000000001));
#10410=CARTESIAN_POINT('',(2.75000000000001,0.399999999999998,5.75000000000001));
#10411=VECTOR('',#11432,10.0);
#10412=CARTESIAN_POINT('',(2.75000000000001,0.399999999999998,6.0));
#10413=CARTESIAN_POINT('',(-1.37499999999999,0.399999999999996,6.00000000000001));
#10414=VECTOR('',#11433,10.0);
#10415=CARTESIAN_POINT('',(2.75000000000001,0.399999999999998,6.0));
#10416=VECTOR('',#11434,10.0);
#10417=COLOUR_RGB('',0.0,0.0,0.0);
#10418=CARTESIAN_POINT('',(2.75,2.6,5.75000000000001));
#10419=AXIS2_PLACEMENT_3D('',#11435,#11436,#11437);
#10420=CARTESIAN_POINT('',(2.75000000000001,2.6,6.0));
#10421=AXIS2_PLACEMENT_3D('',#11438,#11439,#11440);
#10422=CARTESIAN_POINT('',(2.75000000000001,2.6,6.0));
#10423=VECTOR('',#11441,10.0);
#10424=COLOUR_RGB('',0.0,0.0,0.0);
#10425=CARTESIAN_POINT('',(-2.75,2.59999999999999,5.75000000000001));
#10426=VECTOR('',#11442,10.0);
#10427=CARTESIAN_POINT('',(1.37500000000001,2.6,6.00000000000001));
#10428=VECTOR('',#11443,10.0);
#10429=COLOUR_RGB('',0.0,0.0,0.0);
#10430=COLOUR_RGB('',0.0,0.0,0.0);
#10431=CARTESIAN_POINT('',(-5.49999999999999,-1.4434634043603E-14,6.00000000000001));
#10432=AXIS2_PLACEMENT_3D('',#11444,#11445,#11446);
#10433=CARTESIAN_POINT('',(-5.5,2.99999999999998,6.00000000000001));
#10434=CARTESIAN_POINT('',(-5.5,4.74999999999999,6.00000000000001));
#10435=VECTOR('',#11447,10.0);
#10436=AXIS2_PLACEMENT_3D('',#11448,#11449,#11450);
#10437=COLOUR_RGB('',0.0,0.0,0.0);
#10438=CARTESIAN_POINT('',(-2.0,2.99999999999998,6.0));
#10439=CARTESIAN_POINT('',(-2.38827337259344,2.99999999999998,6.00000000000001));
#10440=VECTOR('',#11451,10.0);
#10441=CARTESIAN_POINT('',(-6.0,2.99999999999998,2.0));
#10442=AXIS2_PLACEMENT_3D('',#11452,#11453,#11454);
#10443=CARTESIAN_POINT('',(-6.0,2.99999999999998,2.51327337259344));
#10444=VECTOR('',#11455,10.0);
#10445=COLOUR_RGB('',0.0,0.0,0.0);
#10446=CARTESIAN_POINT('',(5.50000000000001,-1.03510949811536E-14,6.0));
#10447=CARTESIAN_POINT('',(5.8835722019756E-15,-1.23928645123783E-14,6.00000000000001));
#10448=VECTOR('',#11456,10.0);
#10449=CARTESIAN_POINT('',(5.50000000000001,2.99999999999999,6.0));
#10450=CARTESIAN_POINT('',(5.5,4.74999999999999,6.0));
#10451=VECTOR('',#11457,10.0);
#10452=CARTESIAN_POINT('',(2.00000000000001,2.99999999999999,6.0));
#10453=CARTESIAN_POINT('',(2.38827337259345,2.99999999999999,6.0));
#10454=VECTOR('',#11458,10.0);
#10455=CARTESIAN_POINT('',(2.0,19.0,6.00000000000001));
#10456=VECTOR('',#11459,10.0);
#10457=CARTESIAN_POINT('',(-2.0,19.0,6.00000000000001));
#10458=VECTOR('',#11460,10.0);
#10459=CARTESIAN_POINT('',(1.50000000000001,4.5,6.00000000000001));
#10460=CARTESIAN_POINT('',(-1.5,4.5,6.00000000000001));
#10461=AXIS2_PLACEMENT_3D('',#11461,#11462,#11463);
#10462=CARTESIAN_POINT('',(-1.5,15.5,6.00000000000001));
#10463=CARTESIAN_POINT('',(-1.5,7.74999999999999,6.00000000000001));
#10464=VECTOR('',#11464,10.0);
#10465=CARTESIAN_POINT('',(1.5,15.5,6.00000000000001));
#10466=AXIS2_PLACEMENT_3D('',#11465,#11466,#11467);
#10467=CARTESIAN_POINT('',(1.50000000000001,2.24999999999999,6.00000000000001));
#10468=VECTOR('',#11468,10.0);
#10469=COLOUR_RGB('',0.0,0.0,0.0);
#10470=AXIS2_PLACEMENT_3D('',#11469,#11470,#11471);
#10471=AXIS2_PLACEMENT_3D('',#11472,#11473,#11474);
#10472=COLOUR_RGB('',0.0,0.0,0.0);
#10473=CARTESIAN_POINT('',(6.0,2.99999999999999,1.99999999999999));
#10474=CARTESIAN_POINT('',(6.0,2.99999999999999,2.51327337259344));
#10475=VECTOR('',#11475,10.0);
#10476=AXIS2_PLACEMENT_3D('',#11476,#11477,#11478);
#10477=COLOUR_RGB('',0.0,0.0,0.0);
#10478=AXIS2_PLACEMENT_3D('',#11479,#11480,#11481);
#10479=COLOUR_RGB('',0.0,0.0,0.0);
#10480=AXIS2_PLACEMENT_3D('',#11482,#11483,#11484);
#10481=COLOUR_RGB('',0.0,0.0,0.0);
#10482=AXIS2_PLACEMENT_3D('',#11485,#11486,#11487);
#10483=CARTESIAN_POINT('',(-4.0,11.0,0.500000000000007));
#10484=AXIS2_PLACEMENT_3D('',#11488,#11489,#11490);
#10485=AXIS2_PLACEMENT_3D('',#11491,#11492,#11493);
#10486=COLOUR_RGB('',0.0,0.0,0.0);
#10487=AXIS2_PLACEMENT_3D('',#11494,#11495,#11496);
#10488=CARTESIAN_POINT('',(-2.0,15.1363636363636,0.500000000000006));
#10489=VECTOR('',#11497,10.0);
#10490=COLOUR_RGB('',0.0,0.0,0.0);
#10491=CARTESIAN_POINT('',(-4.0,12.1363636363636,0.500000000000007));
#10492=VECTOR('',#11498,10.0);
#10493=AXIS2_PLACEMENT_3D('',#11499,#11500,#11501);
#10494=COLOUR_RGB('',0.0,0.0,0.0);
#10495=CARTESIAN_POINT('',(-1.0,16.0,0.500000000000005));
#10496=AXIS2_PLACEMENT_3D('',#11502,#11503,#11504);
#10497=AXIS2_PLACEMENT_3D('',#11505,#11506,#11507);
#10498=COLOUR_RGB('',0.0,0.0,0.0);
#10499=CARTESIAN_POINT('',(-3.0,18.0,0.500000000000006));
#10500=AXIS2_PLACEMENT_3D('',#11508,#11509,#11510);
#10501=AXIS2_PLACEMENT_3D('',#11511,#11512,#11513);
#10502=COLOUR_RGB('',0.0,0.0,0.0);
#10503=AXIS2_PLACEMENT_3D('',#11514,#11515,#11516);
#10504=CARTESIAN_POINT('',(0.999999999999997,16.0,0.500000000000005));
#10505=VECTOR('',#11517,10.0);
#10506=COLOUR_RGB('',0.0,0.0,0.0);
#10507=CARTESIAN_POINT('',(-2.0,18.0,0.500000000000006));
#10508=VECTOR('',#11518,10.0);
#10509=AXIS2_PLACEMENT_3D('',#11519,#11520,#11521);
#10510=COLOUR_RGB('',0.0,0.0,0.0);
#10511=CARTESIAN_POINT('',(2.0,15.0,0.500000000000004));
#10512=AXIS2_PLACEMENT_3D('',#11522,#11523,#11524);
#10513=AXIS2_PLACEMENT_3D('',#11525,#11526,#11527);
#10514=COLOUR_RGB('',0.0,0.0,0.0);
#10515=CARTESIAN_POINT('',(4.0,17.0,0.500000000000003));
#10516=AXIS2_PLACEMENT_3D('',#11528,#11529,#11530);
#10517=AXIS2_PLACEMENT_3D('',#11531,#11532,#11533);
#10518=COLOUR_RGB('',0.0,0.0,0.0);
#10519=CARTESIAN_POINT('',(2.0,11.0,0.500000000000004));
#10520=AXIS2_PLACEMENT_3D('',#11534,#11535,#11536);
#10521=CARTESIAN_POINT('',(2.0,12.1363636363636,0.500000000000004));
#10522=VECTOR('',#11537,10.0);
#10523=COLOUR_RGB('',0.0,0.0,0.0);
#10524=CARTESIAN_POINT('',(4.0,16.1363636363636,0.500000000000003));
#10525=VECTOR('',#11538,10.0);
#10526=AXIS2_PLACEMENT_3D('',#11539,#11540,#11541);
#10527=COLOUR_RGB('',0.0,0.0,0.0);
#10528=AXIS2_PLACEMENT_3D('',#11542,#11543,#11544);
#10529=COLOUR_RGB('',0.0,0.0,0.0);
#10530=CARTESIAN_POINT('',(4.0,17.0,-5.5));
#10531=CARTESIAN_POINT('',(4.0,17.0,-5.5));
#10532=VECTOR('',#11545,10.0);
#10533=CARTESIAN_POINT('',(3.99999999999999,18.5,-5.5));
#10534=VECTOR('',#11546,10.0);
#10535=COLOUR_RGB('',0.0,0.0,0.0);
#10536=AXIS2_PLACEMENT_3D('',#11547,#11548,#11549);
#10537=COLOUR_RGB('',0.0,0.0,0.0);
#10538=CARTESIAN_POINT('',(-3.00000000000001,18.0,-5.49999999999999));
#10539=CARTESIAN_POINT('',(-3.00000000000001,18.0,-5.49999999999999));
#10540=VECTOR('',#11550,10.0);
#10541=CARTESIAN_POINT('',(-2.00000000000001,18.0,-5.49999999999999));
#10542=VECTOR('',#11551,10.0);
#10543=COLOUR_RGB('',0.0,0.0,0.0);
#10544=AXIS2_PLACEMENT_3D('',#11552,#11553,#11554);
#10545=COLOUR_RGB('',0.0,0.0,0.0);
#10546=CARTESIAN_POINT('',(-4.00000000000001,11.0,-5.49999999999999));
#10547=CARTESIAN_POINT('',(-4.00000000000001,11.0,-5.49999999999999));
#10548=VECTOR('',#11555,10.0);
#10549=CARTESIAN_POINT('',(-4.00000000000001,14.5,-5.49999999999999));
#10550=VECTOR('',#11556,10.0);
#10551=COLOUR_RGB('',0.0,0.0,0.0);
#10552=AXIS2_PLACEMENT_3D('',#11557,#11558,#11559);
#10553=COLOUR_RGB('',0.0,0.0,0.0);
#10554=COLOUR_RGB('',0.0,0.0,0.0);
#10555=CARTESIAN_POINT('',(-1.00000000000001,16.0,-5.49999999999999));
#10556=CARTESIAN_POINT('',(-1.00000000000001,16.0,-5.49999999999999));
#10557=VECTOR('',#11560,10.0);
#10558=AXIS2_PLACEMENT_3D('',#11561,#11562,#11563);
#10559=COLOUR_RGB('',0.0,0.0,0.0);
#10560=CARTESIAN_POINT('',(-2.00000000000001,17.5,-5.49999999999999));
#10561=VECTOR('',#11564,10.0);
#10562=COLOUR_RGB('',0.0,0.0,0.0);
#10563=CARTESIAN_POINT('',(-4.50000000000001,19.0,-5.49999999999999));
#10564=AXIS2_PLACEMENT_3D('',#11565,#11566,#11567);
#10565=CARTESIAN_POINT('',(4.49999999999999,19.0,-5.5));
#10566=CARTESIAN_POINT('',(-7.0533856533217E-15,19.0,-5.49999999999999));
#10567=VECTOR('',#11568,10.0);
#10568=AXIS2_PLACEMENT_3D('',#11569,#11570,#11571);
#10569=CARTESIAN_POINT('',(6.0,-1.28369537222284E-15,-5.5));
#10570=CARTESIAN_POINT('',(6.0,-1.28369537222284E-15,-5.5));
#10571=VECTOR('',#11572,10.0);
#10572=CARTESIAN_POINT('',(1.04028278940324E-45,-3.51108031537706E-15,-5.49999999999999));
#10573=CARTESIAN_POINT('',(1.04028278940324E-45,-3.51108031537706E-15,-5.49999999999999));
#10574=VECTOR('',#11573,10.0);
#10575=CARTESIAN_POINT('',(-6.0,-5.73846525853128E-15,-5.49999999999999));
#10576=CARTESIAN_POINT('',(1.04028278940324E-45,-3.51108031537706E-15,-5.49999999999999));
#10577=VECTOR('',#11574,10.0);
#10578=CARTESIAN_POINT('',(-6.0,-5.73846525853128E-15,-5.49999999999999));
#10579=VECTOR('',#11575,10.0);
#10580=CARTESIAN_POINT('',(0.999999999999994,16.0,-5.49999999999999));
#10581=VECTOR('',#11576,10.0);
#10582=CARTESIAN_POINT('',(1.99999999999999,15.0,-5.5));
#10583=AXIS2_PLACEMENT_3D('',#11577,#11578,#11579);
#10584=CARTESIAN_POINT('',(2.0,11.0,-5.5));
#10585=CARTESIAN_POINT('',(1.99999999999999,14.5,-5.5));
#10586=VECTOR('',#11580,10.0);
#10587=AXIS2_PLACEMENT_3D('',#11581,#11582,#11583);
#10588=COLOUR_RGB('',0.0,0.0,0.0);
#10589=CARTESIAN_POINT('',(2.0,11.0,-5.5));
#10590=VECTOR('',#11584,10.0);
#10591=COLOUR_RGB('',0.0,0.0,0.0);
#10592=CARTESIAN_POINT('',(1.99999999999999,15.0,-5.5));
#10593=VECTOR('',#11585,10.0);
#10594=COLOUR_RGB('',0.0,0.0,0.0);
#10595=COLOUR_RGB('',0.0,0.0,0.0);
#10596=COLOUR_RGB('',0.0,0.0,0.0);
#10597=CARTESIAN_POINT('',(4.5,19.0,2.0));
#10598=CARTESIAN_POINT('',(4.5,19.0,3.12500000000001));
#10599=VECTOR('',#11586,10.0);
#10600=AXIS2_PLACEMENT_3D('',#11587,#11588,#11589);
#10601=COLOUR_RGB('',0.0,0.0,0.0);
#10602=CARTESIAN_POINT('',(2.0,19.0,4.50000000000001));
#10603=AXIS2_PLACEMENT_3D('',#11590,#11591,#11592);
#10604=AXIS2_PLACEMENT_3D('',#11593,#11594,#11595);
#10605=AXIS2_PLACEMENT_3D('',#11596,#11597,#11598);
#10606=COLOUR_RGB('',0.0,0.0,0.0);
#10607=CARTESIAN_POINT('',(-2.0,19.0,4.50000000000001));
#10608=CARTESIAN_POINT('',(-1.93723591247336E-15,19.0,4.50000000000001));
#10609=VECTOR('',#11599,10.0);
#10610=AXIS2_PLACEMENT_3D('',#11600,#11601,#11602);
#10611=COLOUR_RGB('',0.0,0.0,0.0);
#10612=CARTESIAN_POINT('',(-4.5,19.0,2.00000000000001));
#10613=AXIS2_PLACEMENT_3D('',#11603,#11604,#11605);
#10614=AXIS2_PLACEMENT_3D('',#11606,#11607,#11608);
#10615=AXIS2_PLACEMENT_3D('',#11609,#11610,#11611);
#10616=COLOUR_RGB('',0.0,0.0,0.0);
#10617=CARTESIAN_POINT('',(-4.5,19.0,3.12500000000001));
#10618=VECTOR('',#11612,10.0);
#10619=COLOUR_RGB('',0.0,0.0,0.0);
#10620=COLOUR_RGB('',0.0,0.0,0.0);
#10621=CARTESIAN_POINT('',(-1.5,4.5,5.75000000000001));
#10622=CARTESIAN_POINT('',(1.50000000000001,4.5,5.75000000000001));
#10623=AXIS2_PLACEMENT_3D('',#11613,#11614,#11615);
#10624=CARTESIAN_POINT('',(-1.5,4.5,6.00000000000001));
#10625=VECTOR('',#11616,10.0);
#10626=CARTESIAN_POINT('',(1.50000000000001,4.5,6.00000000000001));
#10627=VECTOR('',#11617,10.0);
#10628=COLOUR_RGB('',0.0,0.0,0.0);
#10629=CARTESIAN_POINT('',(1.5,15.5,5.75000000000001));
#10630=CARTESIAN_POINT('',(1.50000000000001,4.5,5.75000000000001));
#10631=VECTOR('',#11618,10.0);
#10632=CARTESIAN_POINT('',(1.5,15.5,6.00000000000001));
#10633=VECTOR('',#11619,10.0);
#10634=COLOUR_RGB('',0.0,0.0,0.0);
#10635=CARTESIAN_POINT('',(-1.5,15.5,5.75000000000001));
#10636=AXIS2_PLACEMENT_3D('',#11620,#11621,#11622);
#10637=CARTESIAN_POINT('',(-1.5,15.5,6.00000000000001));
#10638=VECTOR('',#11623,10.0);
#10639=COLOUR_RGB('',0.0,0.0,0.0);
#10640=CARTESIAN_POINT('',(-1.5,15.5,5.75000000000001));
#10641=VECTOR('',#11624,10.0);
#10642=COLOUR_RGB('',0.0,0.0,0.0);
#10643=COLOUR_RGB('',0.0,0.0,0.0);
#10644=CARTESIAN_POINT('',(6.0,19.0,2.0));
#10645=VECTOR('',#11625,10.0);
#10646=COLOUR_RGB('',0.0,0.0,0.0);
#10647=CARTESIAN_POINT('',(-6.0,19.0,2.00000000000001));
#10648=VECTOR('',#11626,10.0);
#10649=COLOUR_RGB('',0.0,0.0,0.0);
#10650=CARTESIAN_POINT('',(6.00000000000001,-1.01654795692241E-14,6.0));
#10651=VECTOR('',#11627,10.0);
#10652=COLOUR_RGB('',0.0,0.0,0.0);
#10653=AXIS2_PLACEMENT_3D('',#11628,#11629,#11630);
#10654=COLOUR_RGB('',0.0,0.0,0.0);
#10655=AXIS2_PLACEMENT_3D('',#11631,#11632,#11633);
#10656=COLOUR_RGB('',0.0,0.0,0.0);
#10657=COLOUR_RGB('',0.0,0.0,0.0);
#10658=COLOUR_RGB('',0.0,0.0,0.0);
#10659=AXIS2_PLACEMENT_3D('',#11634,#11635,#11636);
#10660=COLOUR_RGB('',0.0,0.0,0.0);
#10661=AXIS2_PLACEMENT_3D('',#11637,#11638,#11639);
#10662=COLOUR_RGB('',0.0,0.0,0.0);
#10663=COLOUR_RGB('',0.0,0.0,0.0);
#10664=AXIS2_PLACEMENT_3D('',#11640,#11641,#11642);
#10665=COLOUR_RGB('',0.0,0.0,0.0);
#10666=AXIS2_PLACEMENT_3D('',#11643,#11644,#11645);
#10667=AXIS2_PLACEMENT_3D('',#11646,#11647,#11648);
#10668=COLOUR_RGB('',0.0,0.0,0.0);
#10669=COLOUR_RGB('',0.0,0.0,0.0);
#10670=CARTESIAN_POINT('',(-6.0,-1.46202494555325E-14,6.00000000000001));
#10671=VECTOR('',#11649,10.0);
#10672=COLOUR_RGB('',0.0,0.0,0.0);
#10673=COLOUR_RGB('',0.749019622802734,0.749019622802734,0.749019622802734);
#10674=CARTESIAN_POINT('',(-8.63495440418892E-46,5.49999999999996,4.16205334443089E-46));
#10675=DIRECTION('',(2.57269639934635E-46,-1.0,-7.56736971714725E-47));
#10676=DIRECTION('',(-2.68319918352039E-45,-7.56736971714725E-47,1.0));
#10677=CARTESIAN_POINT('',(-6.73555739531045E-18,5.49999999999996,0.055));
#10678=DIRECTION('',(-1.0,-2.57269639934635E-46,-1.22464679914735E-16));
#10679=DIRECTION('',(-1.22464679914735E-16,0.0,1.0));
#10680=CARTESIAN_POINT('',(-1.37803472028816E-45,7.49999999999996,5.67552728786034E-46));
#10681=DIRECTION('',(-2.57269639934635E-46,1.0,7.56736971714725E-47));
#10682=DIRECTION('',(-2.68319918352039E-45,-7.56736971714725E-47,1.0));
#10683=CARTESIAN_POINT('',(0.055,5.49999999999996,5.63781289536711E-46));
#10684=DIRECTION('',(2.68319918352039E-45,7.56736971714725E-47,-1.0));
#10685=DIRECTION('',(1.0,2.62743462060903E-46,2.68319918352039E-45));
#10686=CARTESIAN_POINT('',(-1.56312832496118E-15,5.29999999999999,-3.79999999999999));
#10687=DIRECTION('',(1.0,3.71230823859037E-16,-6.34075609467072E-16));
#10688=DIRECTION('',(-6.34075609467072E-16,-4.54611625632492E-32,-1.0));
#10689=CARTESIAN_POINT('',(8.46358991013693E-16,5.29999999999999,5.55111512312578E-15));
#10690=DIRECTION('',(3.71230823859037E-16,-1.0,-4.20158285991928E-32));
#10691=DIRECTION('',(5.11614974084834E-16,1.4791141972894E-31,1.0));
#10692=CARTESIAN_POINT('',(2.32513010886007E-15,5.29999999999999,3.80000000000001));
#10693=DIRECTION('',(1.0,3.71230823859037E-16,-3.89150294170099E-16));
#10694=DIRECTION('',(3.89150294170099E-16,0.0,1.0));
#10695=CARTESIAN_POINT('',(8.46358991013693E-16,5.29999999999999,5.55111512312578E-15));
#10696=DIRECTION('',(3.71230823859037E-16,-1.0,-4.20158285991929E-32));
#10697=DIRECTION('',(5.11614974084834E-16,1.4791141972894E-31,1.0));
#10698=DIRECTION('',(3.71230823859037E-16,-1.0,-4.20158285991929E-32));
#10699=CARTESIAN_POINT('',(2.81388235746659E-15,-3.51108031537706E-15,5.55111512312578E-15));
#10700=DIRECTION('',(-3.71230823859037E-16,1.0,7.72329060608804E-16));
#10701=DIRECTION('',(1.0,3.71230823859037E-16,-5.11614974084834E-16));
#10702=DIRECTION('',(-3.71230823859037E-16,1.0,4.20158285991929E-32));
#10703=CARTESIAN_POINT('',(7.91830618552834E-15,-13.75,5.55111512312578E-15));
#10704=DIRECTION('',(3.71230823859037E-16,-1.0,-4.20158285991929E-32));
#10705=DIRECTION('',(1.0,3.71230823859037E-16,-5.11614974084834E-16));
#10706=CARTESIAN_POINT('',(7.91830618552834E-15,-13.75,5.55111512312578E-15));
#10707=DIRECTION('',(3.71230823859037E-16,-1.0,-4.20158285991929E-32));
#10708=DIRECTION('',(1.0,3.71230823859037E-16,-5.11614974084834E-16));
#10709=CARTESIAN_POINT('',(9.96136646371697E-15,-13.75,5.25000000000001));
#10710=DIRECTION('',(-1.0,-3.71230823859037E-16,3.89154338702596E-16));
#10711=DIRECTION('',(3.89154338702596E-16,-4.54611625632493E-32,1.0));
#10712=CARTESIAN_POINT('',(8.0111138914931E-15,-14.0,5.55111512312578E-15));
#10713=DIRECTION('',(-3.71230823859037E-16,1.0,4.20158285991929E-32));
#10714=DIRECTION('',(1.0,3.71230823859037E-16,-5.11614974084834E-16));
#10715=CARTESIAN_POINT('',(4.58938800203061E-15,-13.75,-5.24999999999999));
#10716=DIRECTION('',(-1.0,-3.71230823859037E-16,6.34079653999569E-16));
#10717=DIRECTION('',(-6.34079653999569E-16,0.0,-1.0));
#10718=CARTESIAN_POINT('',(7.91830618552834E-15,-13.75,5.55111512312578E-15));
#10719=DIRECTION('',(3.71230823859037E-16,-1.0,-4.20158285991929E-32));
#10720=DIRECTION('',(1.0,3.71230823859037E-16,-5.11614974084834E-16));
#10721=DIRECTION('',(-3.71230823859037E-16,1.0,4.20158285991928E-32));
#10722=CARTESIAN_POINT('',(7.91830618552834E-15,-13.75,5.55111512312578E-15));
#10723=DIRECTION('',(-3.71230823859037E-16,1.0,4.20158285991935E-32));
#10724=DIRECTION('',(-3.89150294170099E-16,-1.02448755710559E-31,-1.0));
#10725=DIRECTION('',(3.71230823859037E-16,-1.0,-4.20158285991929E-32));
#10726=CARTESIAN_POINT('',(8.46358991013693E-16,5.29999999999999,5.55111512312578E-15));
#10727=DIRECTION('',(3.71230823859037E-16,-1.0,-4.20158285991928E-32));
#10728=DIRECTION('',(5.11614974084834E-16,1.4791141972894E-31,1.0));
#10729=CARTESIAN_POINT('',(9.76678929436567E-15,-13.75,4.75000000000001));
#10730=DIRECTION('',(-1.0,-3.71230823859037E-16,3.89154338702596E-16));
#10731=DIRECTION('',(3.89154338702596E-16,-4.54611625632492E-32,1.0));
#10732=CARTESIAN_POINT('',(7.91830618552834E-15,-13.75,5.55111512312578E-15));
#10733=DIRECTION('',(-3.71230823859037E-16,1.0,4.20158285991935E-32));
#10734=DIRECTION('',(-3.89150294170099E-16,-1.02448755710559E-31,-1.0));
#10735=CARTESIAN_POINT('',(4.90642782903039E-15,-13.75,-4.74999999999999));
#10736=DIRECTION('',(-1.0,-3.71230823859037E-16,6.34079653999569E-16));
#10737=DIRECTION('',(-6.34079653999569E-16,0.0,-1.0));
#10738=CARTESIAN_POINT('',(8.0111138914931E-15,-14.0,5.55111512312578E-15));
#10739=DIRECTION('',(3.71230823859037E-16,-1.0,-4.20158285991935E-32));
#10740=DIRECTION('',(-3.89150294170099E-16,-1.02448755710559E-31,-1.0));
#10741=DIRECTION('',(3.71230823859037E-16,-1.0,-4.20158285991929E-32));
#10742=CARTESIAN_POINT('',(8.46358991013693E-16,5.29999999999999,5.55111512312578E-15));
#10743=DIRECTION('',(3.71230823859037E-16,-1.0,-4.20158285991929E-32));
#10744=DIRECTION('',(5.11614974084834E-16,1.4791141972894E-31,1.0));
#10745=DIRECTION('',(3.71230823859037E-16,-1.0,-4.20158285991929E-32));
#10746=CARTESIAN_POINT('',(7.91830618552834E-15,-13.75,5.55111512312578E-15));
#10747=DIRECTION('',(3.71230823859037E-16,-1.0,-4.20158285991931E-32));
#10748=DIRECTION('',(-6.34079653999569E-16,-1.9337408374732E-31,-1.0));
#10749=CARTESIAN_POINT('',(6.11119069854719E-15,-13.75,-2.84999999999999));
#10750=DIRECTION('',(-1.0,-3.71230823859037E-16,6.34075609467071E-16));
#10751=DIRECTION('',(-6.34075609467071E-16,-4.54611625632491E-32,-1.0));
#10752=CARTESIAN_POINT('',(7.91830618552834E-15,-13.75,5.55111512312578E-15));
#10753=DIRECTION('',(3.71230823859037E-16,-1.0,-4.20158285991931E-32));
#10754=DIRECTION('',(-6.34079653999569E-16,-1.9337408374732E-31,-1.0));
#10755=CARTESIAN_POINT('',(9.02738452391313E-15,-13.75,2.85000000000001));
#10756=DIRECTION('',(-1.0,-3.71230823859037E-16,3.89150294170099E-16));
#10757=DIRECTION('',(3.89150294170099E-16,0.0,1.0));
#10758=CARTESIAN_POINT('',(8.0111138914931E-15,-14.0,5.55111512312578E-15));
#10759=DIRECTION('',(-3.71230823859037E-16,1.0,4.20158285991932E-32));
#10760=DIRECTION('',(-6.34079653999569E-16,-1.9337408374732E-31,-1.0));
#10761=DIRECTION('',(3.71230823859037E-16,-1.0,-4.20158285991929E-32));
#10762=CARTESIAN_POINT('',(6.11598053569273E-15,-8.89500000000004,5.55111512312578E-15));
#10763=DIRECTION('',(-3.71230823859037E-16,1.0,4.20158285991929E-32));
#10764=DIRECTION('',(-1.0,-3.71230823859037E-16,5.11614974084834E-16));
#10765=CARTESIAN_POINT('',(6.11598053569273E-15,-8.89500000000004,5.55111512312578E-15));
#10766=DIRECTION('',(-3.71230823859037E-16,1.0,4.20158285991929E-32));
#10767=DIRECTION('',(-1.0,-3.71230823859037E-16,5.11614974084834E-16));
#10768=DIRECTION('',(-3.71230823859037E-16,1.0,4.20158285991929E-32));
#10769=CARTESIAN_POINT('',(8.0111138914931E-15,-14.0,5.55111512312578E-15));
#10770=DIRECTION('',(-3.71230823859037E-16,1.0,4.20158285991929E-32));
#10771=DIRECTION('',(-1.0,-3.71230823859037E-16,5.11614974084834E-16));
#10772=DIRECTION('',(9.62140259439971E-16,-1.02977208081174E-15,1.0));
#10773=CARTESIAN_POINT('',(-4.50000000000001,17.5,-5.49999999999999));
#10774=DIRECTION('',(1.25176365716827E-15,-7.40148683083437E-16,1.0));
#10775=DIRECTION('',(-0.707106781186548,0.707106781186547,1.40849472332115E-15));
#10776=DIRECTION('',(5.11614974084834E-16,-5.79246795456603E-16,1.0));
#10777=CARTESIAN_POINT('',(-4.5,17.5,2.00000000000001));
#10778=DIRECTION('',(5.11614974084834E-16,-7.40148683083437E-16,1.0));
#10779=DIRECTION('',(-3.71230823859037E-16,1.0,7.40148683083437E-16));
#10780=DIRECTION('',(1.0,3.71230823859037E-16,-5.11614974084834E-16));
#10781=CARTESIAN_POINT('',(-2.0,17.5,4.50000000000001));
#10782=DIRECTION('',(1.0,3.71230823859037E-16,-5.11614974084834E-16));
#10783=DIRECTION('',(-3.71230823859037E-16,1.0,4.20158285991929E-32));
#10784=DIRECTION('',(1.0,3.71230823859037E-16,-5.11614974084834E-16));
#10785=CARTESIAN_POINT('',(2.0,17.5,4.5));
#10786=DIRECTION('',(1.0,3.71230823859037E-16,-5.11614974084834E-16));
#10787=DIRECTION('',(-3.71230823859036E-16,1.0,1.48029736616687E-15));
#10788=DIRECTION('',(-8.01238371813135E-16,2.89623397728302E-16,-1.0));
#10789=CARTESIAN_POINT('',(4.5,17.5,2.0));
#10790=DIRECTION('',(-5.11614974084834E-16,7.40148683083437E-16,-1.0));
#10791=DIRECTION('',(-3.71230823859037E-16,1.0,7.40148683083437E-16));
#10792=DIRECTION('',(-5.11614974084834E-16,5.79246795456603E-16,-1.0));
#10793=CARTESIAN_POINT('',(4.49999999999999,17.5,-5.5));
#10794=DIRECTION('',(5.11614974084834E-16,0.0,1.0));
#10795=DIRECTION('',(0.707106781186548,0.707106781186547,-3.61766417531966E-16));
#10796=DIRECTION('',(5.11614974084834E-16,2.95822839457879E-31,1.0));
#10797=CARTESIAN_POINT('',(0.999999999999995,15.0,-5.49999999999999));
#10798=DIRECTION('',(5.11614974084834E-16,2.95822839457879E-31,1.0));
#10799=DIRECTION('',(0.707106781186547,0.707106781186548,-3.61766417531966E-16));
#10800=DIRECTION('',(5.11614974084834E-16,1.4791141972894E-31,1.0));
#10801=CARTESIAN_POINT('',(0.999999999999998,15.0,0.500000000000005));
#10802=DIRECTION('',(5.11614974084834E-16,2.95822839457879E-31,1.0));
#10803=DIRECTION('',(0.707106781186547,0.707106781186548,-3.61766417531966E-16));
#10804=DIRECTION('',(-5.11614974084834E-16,-2.95822839457879E-31,-1.0));
#10805=CARTESIAN_POINT('',(3.0,11.0,0.500000000000004));
#10806=DIRECTION('',(-5.11614974084834E-16,-1.4791141972894E-31,-1.0));
#10807=DIRECTION('',(3.71230823859037E-16,-1.0,-4.20158285991929E-32));
#10808=DIRECTION('',(-5.11614974084834E-16,-1.4791141972894E-31,-1.0));
#10809=CARTESIAN_POINT('',(3.0,11.0,-5.5));
#10810=DIRECTION('',(-5.11614974084834E-16,9.86076131526265E-32,-1.0));
#10811=DIRECTION('',(0.707106781186547,-0.707106781186548,-3.61766417531966E-16));
#10812=DIRECTION('',(5.11614974084834E-16,-1.4791141972894E-31,1.0));
#10813=CARTESIAN_POINT('',(-1.0,15.0,-5.49999999999999));
#10814=DIRECTION('',(5.11614974084834E-16,-9.86076131526265E-32,1.0));
#10815=DIRECTION('',(-0.707106781186547,0.707106781186548,3.61766417531966E-16));
#10816=DIRECTION('',(5.11614974084834E-16,1.4791141972894E-31,1.0));
#10817=CARTESIAN_POINT('',(-1.0,15.0,0.500000000000005));
#10818=DIRECTION('',(5.11614974084834E-16,-9.86076131526265E-32,1.0));
#10819=DIRECTION('',(-0.707106781186547,0.707106781186548,3.61766417531966E-16));
#10820=DIRECTION('',(-5.11614974084834E-16,1.4791141972894E-31,-1.0));
#10821=CARTESIAN_POINT('',(-3.0,11.0,0.500000000000006));
#10822=DIRECTION('',(-5.11614974084834E-16,-1.47911419728945E-31,-1.0));
#10823=DIRECTION('',(-1.84921522539127E-15,-1.0,1.09399761934478E-30));
#10824=DIRECTION('',(-5.11614974084834E-16,-1.4791141972894E-31,-1.0));
#10825=CARTESIAN_POINT('',(-3.0,11.0,-5.49999999999999));
#10826=DIRECTION('',(-5.11614974084834E-16,9.86076131526265E-32,-1.0));
#10827=DIRECTION('',(0.707106781186547,-0.707106781186548,-3.61766417531966E-16));
#10828=DIRECTION('',(-5.11614974084834E-16,1.4791141972894E-31,-1.0));
#10829=CARTESIAN_POINT('',(-3.0,17.0,0.500000000000006));
#10830=DIRECTION('',(-5.11614974084834E-16,-1.97215226305253E-31,-1.0));
#10831=DIRECTION('',(-0.707106781186548,0.707106781186548,3.61766417531966E-16));
#10832=DIRECTION('',(-5.11614974084834E-16,-1.4791141972894E-31,-1.0));
#10833=CARTESIAN_POINT('',(-3.00000000000001,17.0,-5.49999999999999));
#10834=DIRECTION('',(-5.11614974084834E-16,9.86076131526265E-32,-1.0));
#10835=DIRECTION('',(-0.707106781186547,0.707106781186548,3.61766417531966E-16));
#10836=DIRECTION('',(-5.11614974084834E-16,-2.95822839457879E-31,-1.0));
#10837=CARTESIAN_POINT('',(3.0,17.0,0.500000000000004));
#10838=DIRECTION('',(-5.11614974084834E-16,-2.95822839457879E-31,-1.0));
#10839=DIRECTION('',(0.707106781186547,0.707106781186548,-3.61766417531966E-16));
#10840=DIRECTION('',(-5.11614974084834E-16,-1.4791141972894E-31,-1.0));
#10841=CARTESIAN_POINT('',(3.0,17.0,-5.5));
#10842=DIRECTION('',(-5.11614974084834E-16,-2.95822839457879E-31,-1.0));
#10843=DIRECTION('',(0.707106781186547,0.707106781186548,-3.61766417531966E-16));
#10844=DIRECTION('',(-3.01841884819965E-16,1.0,-6.93889390390725E-17));
#10845=CARTESIAN_POINT('',(3.5,11.0,0.500000000000003));
#10846=DIRECTION('',(3.71230823859037E-16,-1.0,-4.20158285991929E-32));
#10847=DIRECTION('',(1.0,3.71230823859037E-16,-5.11614974084834E-16));
#10848=DIRECTION('',(-2.32452945780892E-16,1.0,-2.89850118973053E-32));
#10849=CARTESIAN_POINT('',(3.5,17.0,0.500000000000003));
#10850=DIRECTION('',(3.71230823859037E-16,-1.0,-4.20158285991929E-32));
#10851=DIRECTION('',(1.0,3.71230823859037E-16,-5.11614974084834E-16));
#10852=DIRECTION('',(3.71230823859037E-16,-1.0,-2.71170936169723E-31));
#10853=CARTESIAN_POINT('',(2.5,15.0,0.500000000000004));
#10854=DIRECTION('',(3.71230823859037E-16,-1.0,-4.20158285991928E-32));
#10855=DIRECTION('',(5.11614974084834E-16,1.4791141972894E-31,1.0));
#10856=DIRECTION('',(3.71230823859037E-16,-1.0,-4.20158285991929E-32));
#10857=CARTESIAN_POINT('',(2.5,11.0,0.500000000000004));
#10858=DIRECTION('',(3.71230823859037E-16,-1.0,-4.20158285991928E-32));
#10859=DIRECTION('',(5.11614974084834E-16,1.4791141972894E-31,1.0));
#10860=DIRECTION('',(-1.0,-3.71230823859037E-16,5.11614974084834E-16));
#10861=CARTESIAN_POINT('',(3.0,17.5,0.500000000000004));
#10862=DIRECTION('',(1.0,3.71230823859037E-16,-5.11614974084834E-16));
#10863=DIRECTION('',(-3.71230823859037E-16,1.0,4.20158285991929E-32));
#10864=DIRECTION('',(-1.0,-3.71230823859037E-16,5.11614974084834E-16));
#10865=CARTESIAN_POINT('',(-3.0,17.5,0.500000000000006));
#10866=DIRECTION('',(1.0,3.71230823859037E-16,-5.11614974084834E-16));
#10867=DIRECTION('',(-3.71230823859037E-16,1.0,4.20158285991929E-32));
#10868=DIRECTION('',(1.0,3.71230823859037E-16,-5.11614974084834E-16));
#10869=CARTESIAN_POINT('',(-1.0,16.5,0.500000000000005));
#10870=DIRECTION('',(1.0,9.3675067702748E-17,-5.11614974084834E-16));
#10871=DIRECTION('',(5.11614974084834E-16,1.4791141972894E-31,1.0));
#10872=DIRECTION('',(1.0,3.71230823859037E-16,-5.11614974084834E-16));
#10873=CARTESIAN_POINT('',(0.999999999999997,16.5,0.500000000000005));
#10874=DIRECTION('',(1.0,3.71230823859037E-16,-5.11614974084834E-16));
#10875=DIRECTION('',(5.11614974084834E-16,1.4791141972894E-31,1.0));
#10876=DIRECTION('',(3.71230823859037E-16,-1.0,1.72563323017096E-31));
#10877=CARTESIAN_POINT('',(-3.5,17.0,0.500000000000007));
#10878=DIRECTION('',(-3.71230823859037E-16,1.0,4.20158285991929E-32));
#10879=DIRECTION('',(-1.0,-3.71230823859037E-16,5.11614974084834E-16));
#10880=DIRECTION('',(3.71230823859037E-16,-1.0,-4.20158285991929E-32));
#10881=CARTESIAN_POINT('',(-3.5,11.0,0.500000000000007));
#10882=DIRECTION('',(4.06966127464158E-15,1.0,-2.23001106728874E-30));
#10883=DIRECTION('',(-1.0,4.06966127464158E-15,5.11614974084834E-16));
#10884=DIRECTION('',(-3.71230823859037E-16,1.0,9.86076131526265E-32));
#10885=CARTESIAN_POINT('',(-2.5,11.0,0.500000000000006));
#10886=DIRECTION('',(-3.71230823859037E-16,1.0,4.20158285991928E-32));
#10887=DIRECTION('',(5.11614974084834E-16,1.4791141972894E-31,1.0));
#10888=DIRECTION('',(-3.71230823859037E-16,1.0,4.20158285991929E-32));
#10889=CARTESIAN_POINT('',(-2.5,15.0,0.500000000000006));
#10890=DIRECTION('',(-3.71230823859037E-16,1.0,4.20158285991928E-32));
#10891=DIRECTION('',(5.11614974084834E-16,1.4791141972894E-31,1.0));
#10892=DIRECTION('',(5.11614974084834E-16,1.4791141972894E-31,1.0));
#10893=DIRECTION('',(-5.11614974084834E-16,-1.4791141972894E-31,-1.0));
#10894=CARTESIAN_POINT('',(6.51244630392627E-16,13.75,5.75000000000001));
#10895=DIRECTION('',(-5.11614974084834E-16,1.4994086408206E-30,-1.0));
#10896=DIRECTION('',(-1.0,-3.71230823859037E-16,5.11614974084834E-16));
#10897=DIRECTION('',(5.11614974084834E-16,1.4791141972894E-31,1.0));
#10898=DIRECTION('',(-5.11614974084834E-16,-1.4791141972894E-31,-1.0));
#10899=CARTESIAN_POINT('',(2.60020645565257E-15,8.5,5.75000000000001));
#10900=DIRECTION('',(-5.11614974084834E-16,1.4994086408206E-30,-1.0));
#10901=DIRECTION('',(-1.0,-3.71230823859037E-16,5.11614974084834E-16));
#10902=DIRECTION('',(-3.71230823859037E-16,1.0,6.40949485492072E-31));
#10903=CARTESIAN_POINT('',(5.50000000000001,-1.46931078415235E-15,5.5));
#10904=DIRECTION('',(-7.57395354163438E-16,1.0,3.86164530304404E-16));
#10905=DIRECTION('',(0.70710678118655,2.62499832936194E-16,0.707106781186546));
#10906=DIRECTION('',(-3.71230823859037E-16,1.0,4.20158285991929E-32));
#10907=CARTESIAN_POINT('',(5.50000000000001,2.99999999999999,5.5));
#10908=DIRECTION('',(7.13841205521246E-16,-1.0,-3.42610381662212E-16));
#10909=DIRECTION('',(0.70710678118655,2.62499832936194E-16,0.707106781186546));
#10910=DIRECTION('',(3.71230823859037E-16,-1.0,2.71170936169723E-31));
#10911=CARTESIAN_POINT('',(-5.5,2.99999999999998,5.50000000000001));
#10912=DIRECTION('',(2.86204421968256E-17,-1.0,-3.42610381662212E-16));
#10913=DIRECTION('',(-0.707106781186549,-2.62499832936194E-16,0.707106781186546));
#10914=DIRECTION('',(3.71230823859037E-16,-1.0,-4.20158285991929E-32));
#10915=CARTESIAN_POINT('',(-5.49999999999999,-5.55284984660176E-15,5.50000000000001));
#10916=DIRECTION('',(1.49337064453657E-17,1.0,3.86164530304404E-16));
#10917=DIRECTION('',(-0.707106781186549,-2.62499832936194E-16,0.707106781186546));
#10918=DIRECTION('',(-5.11614974084834E-16,-1.4791141972894E-31,-1.0));
#10919=DIRECTION('',(5.11614974084834E-16,1.4791141972894E-31,1.0));
#10920=CARTESIAN_POINT('',(-2.59861576701326E-15,7.0,-5.49999999999999));
#10921=DIRECTION('',(5.11614974084834E-16,1.4791141972894E-31,1.0));
#10922=DIRECTION('',(1.0,3.71230823859037E-16,-5.11614974084834E-16));
#10923=DIRECTION('',(-5.11614974084834E-16,-1.4791141972894E-31,-1.0));
#10924=CARTESIAN_POINT('',(-3.25,7.0,2.00000000000001));
#10925=DIRECTION('',(5.11614974084834E-16,1.4791141972894E-31,1.0));
#10926=DIRECTION('',(1.0,3.71230823859037E-16,-5.11614974084834E-16));
#10927=DIRECTION('',(5.11614974084834E-16,1.4791141972894E-31,1.0));
#10928=CARTESIAN_POINT('',(-3.25,7.0,-5.49999999999999));
#10929=DIRECTION('',(5.11614974084834E-16,1.4791141972894E-31,1.0));
#10930=DIRECTION('',(1.0,3.71230823859037E-16,-5.11614974084834E-16));
#10931=DIRECTION('',(-5.11614974084834E-16,-1.4791141972894E-31,-1.0));
#10932=CARTESIAN_POINT('',(3.25,7.0,2.0));
#10933=DIRECTION('',(5.11614974084834E-16,1.4791141972894E-31,1.0));
#10934=DIRECTION('',(1.0,3.71230823859037E-16,-5.11614974084834E-16));
#10935=DIRECTION('',(5.11614974084834E-16,1.4791141972894E-31,1.0));
#10936=CARTESIAN_POINT('',(3.25,7.0,-5.5));
#10937=DIRECTION('',(5.11614974084834E-16,1.4791141972894E-31,1.0));
#10938=DIRECTION('',(1.0,3.71230823859037E-16,-5.11614974084834E-16));
#10939=DIRECTION('',(2.57269639934635E-46,-1.0,-7.56736971714725E-47));
#10940=DIRECTION('',(-2.57269639934635E-46,1.0,7.56736971714725E-47));
#10941=CARTESIAN_POINT('',(2.80259692864966E-45,-8.75000000000004,-6.62144850250394E-46));
#10942=DIRECTION('',(-2.57269639934635E-46,1.0,7.56736971714725E-47));
#10943=DIRECTION('',(-2.68319918352039E-45,-7.56736971714725E-47,1.0));
#10944=DIRECTION('',(-0.707106781186544,-5.35093844274058E-47,0.707106781186551));
#10945=CARTESIAN_POINT('',(2.36420193569559E-44,13.5,-9.9));
#10946=DIRECTION('',(-2.68319918352039E-45,-1.40534560079134E-16,1.0));
#10947=DIRECTION('',(-1.0,-2.62743462060903E-46,-2.68319918352039E-45));
#10948=DIRECTION('',(-0.707106781186544,-8.65956056235489E-17,-0.707106781186551));
#10949=CARTESIAN_POINT('',(2.29712195610758E-44,13.5,-9.65));
#10950=DIRECTION('',(2.68319918352039E-45,1.40534560079134E-16,-1.0));
#10951=DIRECTION('',(-1.0,-2.62743462060903E-46,-2.68319918352039E-45));
#10952=DIRECTION('',(-2.68319918352039E-45,-7.56736971714725E-47,1.0));
#10953=DIRECTION('',(2.68319918352039E-45,7.56736971714725E-47,-1.0));
#10954=CARTESIAN_POINT('',(-1.24939990032084E-45,6.99999999999996,5.29715880200297E-46));
#10955=DIRECTION('',(2.68319918352039E-45,7.56736971714725E-47,-1.0));
#10956=DIRECTION('',(-2.57269639934635E-46,1.0,7.56736971714725E-47));
#10957=DIRECTION('',(8.65927457071938E-17,0.707106781186546,-0.707106781186549));
#10958=CARTESIAN_POINT('',(6.11598053569273E-15,-8.89500000000004,5.55111512312578E-15));
#10959=DIRECTION('',(-3.71230823859037E-16,1.0,4.20158285991929E-32));
#10960=DIRECTION('',(-1.0,-3.71230823859037E-16,5.11614974084834E-16));
#10961=DIRECTION('',(-8.65956056235495E-17,0.707106781186546,0.707106781186549));
#10962=CARTESIAN_POINT('',(2.80259692864966E-45,-8.75000000000004,-6.62144850250394E-46));
#10963=DIRECTION('',(-2.57269639934635E-46,1.0,7.56736971714725E-47));
#10964=DIRECTION('',(-2.68319918352039E-45,-7.56736971714725E-47,1.0));
#10965=DIRECTION('',(2.68319918352039E-45,1.40534560079134E-16,-1.0));
#10966=CARTESIAN_POINT('',(1.18359429494662E-44,13.5,-5.5));
#10967=DIRECTION('',(-2.68319918352039E-45,1.4791141972894E-31,1.0));
#10968=DIRECTION('',(-1.0,-2.62743462060903E-46,-2.68319918352039E-45));
#10969=DIRECTION('',(-2.68319918352039E-45,-1.40534560079134E-16,1.0));
#10970=CARTESIAN_POINT('',(2.29712195610758E-44,13.5,-9.65));
#10971=DIRECTION('',(2.68319918352039E-45,1.40534560079134E-16,-1.0));
#10972=DIRECTION('',(-1.0,-2.62743462060903E-46,-2.68319918352039E-45));
#10973=CARTESIAN_POINT('',(1.18359429494662E-44,13.5,-5.5));
#10974=DIRECTION('',(-2.68319918352039E-45,1.4791141972894E-31,1.0));
#10975=DIRECTION('',(-1.0,-2.62743462060903E-46,-2.68319918352039E-45));
#10976=CARTESIAN_POINT('',(6.11598053569273E-15,-8.89500000000004,5.55111512312578E-15));
#10977=DIRECTION('',(-3.71230823859037E-16,1.0,4.20158285991929E-32));
#10978=DIRECTION('',(-1.0,-3.71230823859037E-16,5.11614974084834E-16));
#10979=CARTESIAN_POINT('',(-0.055,5.49999999999996,2.68629379349467E-46));
#10980=DIRECTION('',(2.68319918352039E-45,7.56736971714725E-47,-1.0));
#10981=DIRECTION('',(-1.0,-2.62743462060903E-46,-2.68319918352039E-45));
#10982=CARTESIAN_POINT('',(-1.24939990032084E-45,6.99999999999996,5.29715880200297E-46));
#10983=DIRECTION('',(2.68319918352039E-45,7.56736971714725E-47,-1.0));
#10984=DIRECTION('',(-2.57269639934635E-46,1.0,7.56736971714725E-47));
#10985=DIRECTION('',(1.0,2.62743462060903E-46,2.68319918352039E-45));
#10986=CARTESIAN_POINT('',(-1.37803472028816E-45,7.49999999999996,5.67552728786034E-46));
#10987=DIRECTION('',(-2.57269639934635E-46,1.0,7.56736971714725E-47));
#10988=DIRECTION('',(-2.68319918352039E-45,-7.56736971714725E-47,1.0));
#10989=CARTESIAN_POINT('',(2.36420193569559E-44,13.5,-9.9));
#10990=DIRECTION('',(-2.68319918352039E-45,-1.40534560079134E-16,1.0));
#10991=DIRECTION('',(-1.0,-2.62743462060903E-46,-2.68319918352039E-45));
#10992=CARTESIAN_POINT('',(-8.63495440418892E-46,5.49999999999996,4.16205334443089E-46));
#10993=DIRECTION('',(2.57269639934635E-46,-1.0,-7.56736971714725E-47));
#10994=DIRECTION('',(-2.68319918352039E-45,-7.56736971714725E-47,1.0));
#10995=DIRECTION('',(-1.0,0.0,5.11614974084834E-16));
#10996=DIRECTION('',(6.04133559470264E-16,0.0,1.0));
#10997=DIRECTION('',(1.0,0.0,-6.95305927158191E-16));
#10998=DIRECTION('',(-8.81689315626553E-16,0.0,-1.0));
#10999=DIRECTION('',(1.30411918434161E-46,-1.0,1.4791141972894E-31));
#11000=DIRECTION('',(-5.11614974084834E-16,0.0,-1.0));
#11001=DIRECTION('',(0.0,1.0,0.0));
#11002=DIRECTION('',(-5.11614974084834E-16,0.0,-1.0));
#11003=DIRECTION('',(0.0,1.0,0.0));
#11004=DIRECTION('',(8.81689315626553E-16,0.0,1.0));
#11005=DIRECTION('',(-8.93582524871446E-47,1.0,-1.4791141972894E-31));
#11006=DIRECTION('',(-6.04133559470264E-16,0.0,-1.0));
#11007=DIRECTION('',(0.0,1.0,0.0));
#11008=DIRECTION('',(-5.11614974084834E-16,0.0,-1.0));
#11009=DIRECTION('',(0.0,-1.0,0.0));
#11010=DIRECTION('',(6.04133559470264E-16,0.0,1.0));
#11011=DIRECTION('',(-8.93582524871446E-47,1.0,-1.4791141972894E-31));
#11012=DIRECTION('',(-5.11614974084834E-16,0.0,-1.0));
#11013=DIRECTION('',(0.0,-1.0,0.0));
#11014=DIRECTION('',(-5.11614974084834E-16,0.0,-1.0));
#11015=DIRECTION('',(0.0,1.0,0.0));
#11016=DIRECTION('',(-1.0,0.0,5.11614974084834E-16));
#11017=DIRECTION('',(5.11614974084834E-16,0.0,1.0));
#11018=DIRECTION('',(1.0,0.0,-5.11614974084834E-16));
#11019=DIRECTION('',(-5.11614974084834E-16,0.0,-1.0));
#11020=DIRECTION('',(-1.0,0.0,5.11614974084834E-16));
#11021=DIRECTION('',(1.0,0.0,-5.11614974084834E-16));
#11022=DIRECTION('',(-7.56736971714725E-47,1.0,-1.4791141972894E-31));
#11023=DIRECTION('',(-5.11614974084834E-16,0.0,-1.0));
#11024=DIRECTION('',(0.0,-1.0,0.0));
#11025=DIRECTION('',(-5.11614974084834E-16,0.0,-1.0));
#11026=DIRECTION('',(0.0,-1.0,0.0));
#11027=DIRECTION('',(5.11614974084834E-16,0.0,1.0));
#11028=DIRECTION('',(1.0,0.0,-5.11614974084834E-16));
#11029=DIRECTION('',(8.81689315626553E-16,0.0,1.0));
#11030=DIRECTION('',(-1.0,0.0,5.11614974084834E-16));
#11031=DIRECTION('',(1.30411918434161E-46,-1.0,1.4791141972894E-31));
#11032=DIRECTION('',(-8.81689315626553E-16,0.0,-1.0));
#11033=DIRECTION('',(0.0,1.0,0.0));
#11034=DIRECTION('',(-5.11614974084834E-16,0.0,-1.0));
#11035=DIRECTION('',(0.0,1.0,0.0));
#11036=DIRECTION('',(1.30411918434161E-46,-1.0,1.4791141972894E-31));
#11037=DIRECTION('',(0.0,1.0,0.0));
#11038=DIRECTION('',(-5.11614974084834E-16,0.0,-1.0));
#11039=DIRECTION('',(0.0,1.0,0.0));
#11040=DIRECTION('',(8.81689315626553E-16,0.0,1.0));
#11041=DIRECTION('',(-1.0,0.0,5.11614974084834E-16));
#11042=DIRECTION('',(-0.250562807085731,0.250562807085731,0.93511312653103));
#11043=DIRECTION('',(0.250562807085733,0.250562807085731,0.935113126531029));
#11044=DIRECTION('',(0.0,-1.0,0.0));
#11045=DIRECTION('',(-0.250562807085731,-0.250562807085732,0.935113126531029));
#11046=DIRECTION('',(1.0,0.0,-5.11614974084834E-16));
#11047=DIRECTION('',(0.250562807085733,-0.250562807085732,0.935113126531029));
#11048=DIRECTION('',(-1.0,0.0,5.11614974084834E-16));
#11049=DIRECTION('',(0.0,1.0,0.0));
#11050=DIRECTION('',(1.0,0.0,-5.11614974084834E-16));
#11051=DIRECTION('',(0.250562807085732,-0.250562807085732,0.935113126531029));
#11052=DIRECTION('',(-1.0,0.0,5.11614974084834E-16));
#11053=DIRECTION('',(-0.250562807085731,-0.250562807085732,0.935113126531029));
#11054=DIRECTION('',(0.0,1.0,0.0));
#11055=DIRECTION('',(0.250562807085732,0.250562807085731,0.93511312653103));
#11056=DIRECTION('',(0.0,-1.0,0.0));
#11057=DIRECTION('',(-1.0,0.0,5.11614974084834E-16));
#11058=DIRECTION('',(-0.250562807085731,0.250562807085731,0.93511312653103));
#11059=DIRECTION('',(0.0,-1.0,0.0));
#11060=DIRECTION('',(-5.11614974084834E-16,0.0,-1.0));
#11061=DIRECTION('',(1.0,0.0,-6.95305927158191E-16));
#11062=DIRECTION('',(0.250562807085732,-0.250562807085731,0.93511312653103));
#11063=DIRECTION('',(0.0,1.0,0.0));
#11064=DIRECTION('',(0.250562807085732,0.250562807085732,0.935113126531029));
#11065=DIRECTION('',(-1.0,0.0,5.11614974084834E-16));
#11066=DIRECTION('',(-0.250562807085731,0.250562807085732,0.935113126531029));
#11067=DIRECTION('',(1.0,0.0,-5.11614974084834E-16));
#11068=DIRECTION('',(0.0,-1.0,0.0));
#11069=DIRECTION('',(-0.250562807085732,-0.25056280708573,0.93511312653103));
#11070=DIRECTION('',(1.0,0.0,-5.11614974084834E-16));
#11071=DIRECTION('',(1.0,0.0,-5.11614974084834E-16));
#11072=DIRECTION('',(8.81689315626553E-16,0.0,1.0));
#11073=DIRECTION('',(-1.0,0.0,5.11614974084834E-16));
#11074=DIRECTION('',(-7.56736971714725E-47,1.0,-1.4791141972894E-31));
#11075=DIRECTION('',(-5.11614974084834E-16,0.0,-1.0));
#11076=DIRECTION('',(0.0,-1.0,0.0));
#11077=DIRECTION('',(0.250562807085732,-0.250562807085731,0.93511312653103));
#11078=DIRECTION('',(0.0,1.0,0.0));
#11079=DIRECTION('',(0.250562807085732,0.250562807085732,0.935113126531029));
#11080=DIRECTION('',(-1.0,0.0,5.11614974084834E-16));
#11081=DIRECTION('',(-0.250562807085732,0.250562807085732,0.935113126531029));
#11082=DIRECTION('',(1.0,0.0,-5.11614974084834E-16));
#11083=DIRECTION('',(0.0,-1.0,0.0));
#11084=DIRECTION('',(-0.250562807085733,-0.25056280708573,0.935113126531029));
#11085=DIRECTION('',(0.0,1.0,0.0));
#11086=DIRECTION('',(1.0,0.0,-5.11614974084834E-16));
#11087=DIRECTION('',(-5.11614974084834E-16,0.0,-1.0));
#11088=DIRECTION('',(-1.0,0.0,6.95305927158191E-16));
#11089=DIRECTION('',(1.0,0.0,-6.95305927158191E-16));
#11090=DIRECTION('',(-1.0,0.0,6.95305927158191E-16));
#11091=DIRECTION('',(1.0,0.0,-5.11614974084834E-16));
#11092=DIRECTION('',(-1.0,0.0,6.95305927158191E-16));
#11093=DIRECTION('',(1.0,0.0,-5.11614974084834E-16));
#11094=DIRECTION('',(-1.0,0.0,6.95305927158191E-16));
#11095=DIRECTION('',(-1.0,0.0,5.11614974084834E-16));
#11096=DIRECTION('',(1.0,0.0,-6.95305927158191E-16));
#11097=DIRECTION('',(0.0,1.0,0.0));
#11098=DIRECTION('',(1.30411918434161E-46,-1.0,1.4791141972894E-31));
#11099=DIRECTION('',(-3.03508928662992E-13,1.0,1.55131801252703E-28));
#11100=DIRECTION('',(-5.11614974084834E-16,-1.4791141972894E-31,-1.0));
#11101=DIRECTION('',(3.03508928662992E-13,-1.0,-1.55131801252703E-28));
#11102=DIRECTION('',(-5.11614974084834E-16,-1.4791141972894E-31,-1.0));
#11103=DIRECTION('',(-0.869340282137892,-0.49421399601024,4.4476750591688E-16));
#11104=DIRECTION('',(-5.11614974084834E-16,-1.4791141972894E-31,-1.0));
#11105=DIRECTION('',(0.869340282137892,0.49421399601024,-4.4476750591688E-16));
#11106=DIRECTION('',(1.0,2.95797010714051E-13,-5.11614974084834E-16));
#11107=DIRECTION('',(-1.0,-2.95797010714051E-13,5.11614974084834E-16));
#11108=DIRECTION('',(3.00421066399288E-13,-1.0,-1.53552004680681E-28));
#11109=DIRECTION('',(-5.11614974084834E-16,-1.4791141972894E-31,-1.0));
#11110=DIRECTION('',(-3.00421066399288E-13,1.0,1.53552004680681E-28));
#11111=DIRECTION('',(-5.11614974084834E-16,-1.4791141972894E-31,-1.0));
#11112=DIRECTION('',(1.0,3.15492062706729E-13,-5.11614974084834E-16));
#11113=DIRECTION('',(-1.0,-3.15492062706729E-13,5.11614974084834E-16));
#11114=DIRECTION('',(-5.11614974084834E-16,-1.4791141972894E-31,-1.0));
#11115=DIRECTION('',(0.866202773485921,0.499692660747882,-4.43162309509211E-16));
#11116=DIRECTION('',(-0.866202773485921,-0.499692660747882,4.43162309509211E-16));
#11117=DIRECTION('',(-5.11614974084834E-16,-1.4791141972894E-31,-1.0));
#11118=DIRECTION('',(-2.95981076620519E-13,1.0,1.51280439425079E-28));
#11119=DIRECTION('',(2.95981076620519E-13,-1.0,-1.51280439425079E-28));
#11120=DIRECTION('',(-5.11614974084834E-16,-1.4791141972894E-31,-1.0));
#11121=DIRECTION('',(-1.0,-2.98543519752363E-13,5.11614974084834E-16));
#11122=DIRECTION('',(1.0,2.98543519752363E-13,-5.11614974084834E-16));
#11123=DIRECTION('',(-5.11614974084834E-16,-1.4791141972894E-31,-1.0));
#11124=DIRECTION('',(-2.99900146545858E-13,1.0,1.53285494283368E-28));
#11125=DIRECTION('',(2.99900146545858E-13,-1.0,-1.53285494283368E-28));
#11126=DIRECTION('',(-5.11614974084834E-16,-1.4791141972894E-31,-1.0));
#11127=DIRECTION('',(-1.0,-2.9579701071405E-13,5.11614974084834E-16));
#11128=DIRECTION('',(1.0,2.9579701071405E-13,-5.11614974084834E-16));
#11129=DIRECTION('',(-5.11614974084834E-16,-1.4791141972894E-31,-1.0));
#11130=DIRECTION('',(2.99900146545858E-13,-1.0,-1.53285494283368E-28));
#11131=DIRECTION('',(-2.99900146545858E-13,1.0,1.53285494283368E-28));
#11132=DIRECTION('',(-5.11614974084834E-16,-1.4791141972894E-31,-1.0));
#11133=DIRECTION('',(-1.0,-2.97194724081273E-13,5.11614974084834E-16));
#11134=DIRECTION('',(1.0,2.97194724081273E-13,-5.11614974084834E-16));
#11135=DIRECTION('',(-5.11614974084834E-16,-1.4791141972894E-31,-1.0));
#11136=DIRECTION('',(2.85723968855197E-13,-1.0,-1.46032749501539E-28));
#11137=DIRECTION('',(-2.85723968855197E-13,1.0,1.46032749501539E-28));
#11138=DIRECTION('',(-5.11614974084834E-16,-1.4791141972894E-31,-1.0));
#11139=DIRECTION('',(1.0,2.97194724081273E-13,-5.11614974084834E-16));
#11140=DIRECTION('',(-1.0,-2.97194724081273E-13,5.11614974084834E-16));
#11141=CARTESIAN_POINT('',(-3.0,11.0,1.00000000000001));
#11142=DIRECTION('',(5.11614974084834E-16,1.47911419728945E-31,1.0));
#11143=DIRECTION('',(-1.84921522539127E-15,-1.0,1.09399761934478E-30));
#11144=CARTESIAN_POINT('',(-3.0,17.0,1.00000000000001));
#11145=DIRECTION('',(5.11614974084834E-16,1.97215226305253E-31,1.0));
#11146=DIRECTION('',(-0.707106781186548,0.707106781186548,3.61766417531966E-16));
#11147=CARTESIAN_POINT('',(3.0,17.0,1.0));
#11148=DIRECTION('',(5.11614974084834E-16,2.95822839457879E-31,1.0));
#11149=DIRECTION('',(0.707106781186547,0.707106781186548,-3.61766417531966E-16));
#11150=CARTESIAN_POINT('',(3.0,11.0,1.0));
#11151=DIRECTION('',(5.11614974084834E-16,1.4791141972894E-31,1.0));
#11152=DIRECTION('',(3.71230823859037E-16,-1.0,-4.20158285991929E-32));
#11153=CARTESIAN_POINT('',(0.999999999999998,15.0,1.00000000000001));
#11154=DIRECTION('',(-5.11614974084834E-16,-2.62953635073671E-31,-1.0));
#11155=DIRECTION('',(0.707106781186547,0.707106781186548,-3.61766417531966E-16));
#11156=CARTESIAN_POINT('',(-1.0,15.0,1.00000000000001));
#11157=DIRECTION('',(-5.11614974084835E-16,8.76512116912235E-32,-1.0));
#11158=DIRECTION('',(-0.707106781186547,0.707106781186548,3.61766417531966E-16));
#11159=CARTESIAN_POINT('',(3.25,7.0,-5.5));
#11160=DIRECTION('',(5.11614974084834E-16,1.4791141972894E-31,1.0));
#11161=DIRECTION('',(1.0,3.71230823859037E-16,-5.11614974084834E-16));
#11162=CARTESIAN_POINT('',(3.25,7.0,2.0));
#11163=DIRECTION('',(5.11614974084834E-16,1.4791141972894E-31,1.0));
#11164=DIRECTION('',(1.0,3.71230823859037E-16,-5.11614974084834E-16));
#11165=CARTESIAN_POINT('',(-3.25,7.0,-5.49999999999999));
#11166=DIRECTION('',(5.11614974084834E-16,1.4791141972894E-31,1.0));
#11167=DIRECTION('',(1.0,3.71230823859037E-16,-5.11614974084834E-16));
#11168=CARTESIAN_POINT('',(-3.25,7.0,2.00000000000001));
#11169=DIRECTION('',(5.11614974084834E-16,1.4791141972894E-31,1.0));
#11170=DIRECTION('',(1.0,3.71230823859037E-16,-5.11614974084834E-16));
#11171=CARTESIAN_POINT('',(-2.59861576701326E-15,7.0,-5.49999999999999));
#11172=DIRECTION('',(5.11614974084834E-16,1.4791141972894E-31,1.0));
#11173=DIRECTION('',(1.0,3.71230823859037E-16,-5.11614974084834E-16));
#11174=DIRECTION('',(0.332668799213965,-0.94304372646741,-1.70198339088686E-16));
#11175=DIRECTION('',(5.11614974084834E-16,1.4791141972894E-31,1.0));
#11176=DIRECTION('',(0.332668799213965,-0.94304372646741,-1.70198339088687E-16));
#11177=DIRECTION('',(5.11614974084834E-16,1.4791141972894E-31,1.0));
#11178=DIRECTION('',(-0.935828766419949,-0.352454989950371,4.78784010079784E-16));
#11179=DIRECTION('',(5.11614974084834E-16,1.4791141972894E-31,1.0));
#11180=DIRECTION('',(-0.935828766419949,-0.352454989950371,4.78784010079783E-16));
#11181=DIRECTION('',(5.11614974084834E-16,1.4791141972894E-31,1.0));
#11182=DIRECTION('',(-1.0,-3.71230823859037E-16,5.11614974084834E-16));
#11183=DIRECTION('',(5.11614974084834E-16,1.4791141972894E-31,1.0));
#11184=DIRECTION('',(-1.0,-3.71230823859037E-16,5.11614974084834E-16));
#11185=DIRECTION('',(3.71230823859037E-16,-1.0,-4.20158285991929E-32));
#11186=DIRECTION('',(5.11614974084834E-16,1.4791141972894E-31,1.0));
#11187=DIRECTION('',(3.71230823859037E-16,-1.0,-2.07936320778569E-30));
#11188=DIRECTION('',(1.0,3.71230823859037E-16,-5.11614974084834E-16));
#11189=DIRECTION('',(5.11614974084834E-16,1.4791141972894E-31,1.0));
#11190=DIRECTION('',(1.0,3.71230823859037E-16,-5.11614974084834E-16));
#11191=DIRECTION('',(5.11614974084834E-16,1.4791141972894E-31,1.0));
#11192=DIRECTION('',(-3.71230823859037E-16,1.0,4.20158285991929E-32));
#11193=DIRECTION('',(5.11614974084834E-16,1.4791141972894E-31,1.0));
#11194=DIRECTION('',(-3.71230823859037E-16,1.0,2.07936320778569E-30));
#11195=DIRECTION('',(1.0,3.71230823859037E-16,-5.11614974084834E-16));
#11196=DIRECTION('',(5.11614974084834E-16,1.4791141972894E-31,1.0));
#11197=DIRECTION('',(1.0,3.71230823859037E-16,-5.11614974084834E-16));
#11198=DIRECTION('',(3.71230823859037E-16,-1.0,-4.20158285991929E-32));
#11199=DIRECTION('',(5.11614974084834E-16,1.4791141972894E-31,1.0));
#11200=DIRECTION('',(3.71230823859037E-16,-1.0,-2.07936320778569E-30));
#11201=DIRECTION('',(-1.0,-3.71230823859037E-16,5.11614974084834E-16));
#11202=DIRECTION('',(5.11614974084834E-16,1.4791141972894E-31,1.0));
#11203=DIRECTION('',(-1.0,-3.71230823859037E-16,5.11614974084834E-16));
#11204=DIRECTION('',(-3.71230823859037E-16,1.0,4.20158285991929E-32));
#11205=DIRECTION('',(5.11614974084834E-16,1.4791141972894E-31,1.0));
#11206=DIRECTION('',(-3.71230823859037E-16,1.0,2.07936320778569E-30));
#11207=DIRECTION('',(5.11614974084834E-16,1.4791141972894E-31,1.0));
#11208=DIRECTION('',(-1.0,-3.71230823859037E-16,5.11614974084834E-16));
#11209=DIRECTION('',(5.11614974084834E-16,1.4791141972894E-31,1.0));
#11210=DIRECTION('',(-1.0,-3.71230823859037E-16,5.11614974084834E-16));
#11211=DIRECTION('',(3.71230823859037E-16,-1.0,-4.20158285991929E-32));
#11212=DIRECTION('',(5.11614974084834E-16,1.4791141972894E-31,1.0));
#11213=DIRECTION('',(3.71230823859037E-16,-1.0,-2.07936320778569E-30));
#11214=DIRECTION('',(5.11614974084834E-16,1.4791141972894E-31,1.0));
#11215=DIRECTION('',(1.0,3.71230823859037E-16,-5.11614974084834E-16));
#11216=DIRECTION('',(5.11614974084834E-16,1.4791141972894E-31,1.0));
#11217=DIRECTION('',(1.0,3.71230823859037E-16,-5.11614974084834E-16));
#11218=DIRECTION('',(3.71230823859037E-16,-1.0,-4.20158285991929E-32));
#11219=DIRECTION('',(5.11614974084834E-16,1.4791141972894E-31,1.0));
#11220=DIRECTION('',(3.71230823859037E-16,-1.0,-2.07936320778569E-30));
#11221=DIRECTION('',(-1.0,-3.71230823859037E-16,5.11614974084834E-16));
#11222=DIRECTION('',(5.11614974084834E-16,1.4791141972894E-31,1.0));
#11223=DIRECTION('',(-1.0,-3.71230823859037E-16,5.11614974084834E-16));
#11224=DIRECTION('',(-3.71230823859037E-16,1.0,4.20158285991929E-32));
#11225=DIRECTION('',(5.11614974084834E-16,1.4791141972894E-31,1.0));
#11226=DIRECTION('',(-3.71230823859037E-16,1.0,2.07936320778569E-30));
#11227=DIRECTION('',(1.0,3.71230823859037E-16,-5.11614974084834E-16));
#11228=DIRECTION('',(5.11614974084834E-16,1.4791141972894E-31,1.0));
#11229=DIRECTION('',(1.0,3.71230823859037E-16,-5.11614974084834E-16));
#11230=DIRECTION('',(5.11614974084834E-16,1.4791141972894E-31,1.0));
#11231=DIRECTION('',(-3.71230823859037E-16,1.0,4.20158285991929E-32));
#11232=DIRECTION('',(5.11614974084834E-16,1.4791141972894E-31,1.0));
#11233=DIRECTION('',(-3.71230823859037E-16,1.0,2.07936320778569E-30));
#11234=DIRECTION('',(5.11614974084834E-16,1.4791141972894E-31,1.0));
#11235=DIRECTION('',(-1.0,-3.71230823859037E-16,5.11614974084834E-16));
#11236=DIRECTION('',(5.11614974084834E-16,1.4791141972894E-31,1.0));
#11237=DIRECTION('',(-1.0,-3.71230823859037E-16,5.11614974084834E-16));
#11238=DIRECTION('',(-3.71230823859037E-16,1.0,4.20158285991929E-32));
#11239=DIRECTION('',(5.11614974084834E-16,1.4791141972894E-31,1.0));
#11240=DIRECTION('',(-3.71230823859037E-16,1.0,2.07936320778569E-30));
#11241=DIRECTION('',(1.0,3.71230823859037E-16,-5.11614974084834E-16));
#11242=DIRECTION('',(1.0,3.71230823859037E-16,-5.11614974084834E-16));
#11243=DIRECTION('',(3.71230823859037E-16,-1.0,-4.20158285991929E-32));
#11244=DIRECTION('',(5.11614974084834E-16,1.4791141972894E-31,1.0));
#11245=DIRECTION('',(3.71230823859037E-16,-1.0,-2.07936320778569E-30));
#11246=DIRECTION('',(5.11614974084834E-16,1.4791141972894E-31,1.0));
#11247=DIRECTION('',(-1.0,-3.71230823859037E-16,5.11614974084834E-16));
#11248=DIRECTION('',(5.11614974084834E-16,1.4791141972894E-31,1.0));
#11249=DIRECTION('',(-1.0,-3.71230823859037E-16,5.11614974084834E-16));
#11250=DIRECTION('',(5.11614974084834E-16,1.4791141972894E-31,1.0));
#11251=DIRECTION('',(3.71230823859037E-16,-1.0,-4.20158285991929E-32));
#11252=DIRECTION('',(5.11614974084834E-16,1.4791141972894E-31,1.0));
#11253=DIRECTION('',(3.71230823859037E-16,-1.0,-2.07936320778569E-30));
#11254=DIRECTION('',(5.11614974084834E-16,1.4791141972894E-31,1.0));
#11255=DIRECTION('',(5.11614974084834E-16,1.4791141972894E-31,1.0));
#11256=DIRECTION('',(5.11614974084834E-16,1.4791141972894E-31,1.0));
#11257=DIRECTION('',(1.0,3.71230823859037E-16,-5.11614974084834E-16));
#11258=DIRECTION('',(5.11614974084834E-16,1.4791141972894E-31,1.0));
#11259=DIRECTION('',(1.0,3.71230823859037E-16,-5.11614974084834E-16));
#11260=DIRECTION('',(5.11614974084834E-16,1.4791141972894E-31,1.0));
#11261=DIRECTION('',(0.946260479606658,-0.323405480371896,-4.84121030751463E-16));
#11262=DIRECTION('',(5.11614974084834E-16,1.4791141972894E-31,1.0));
#11263=DIRECTION('',(0.946260479606658,-0.323405480371896,-4.84121030751463E-16));
#11264=DIRECTION('',(-0.337258456842524,-0.941412095358987,1.72546476657379E-16));
#11265=DIRECTION('',(5.11614974084834E-16,1.4791141972894E-31,1.0));
#11266=DIRECTION('',(-0.337258456842524,-0.941412095358987,1.72546476657377E-16));
#11267=DIRECTION('',(-1.0,-3.71230823859037E-16,5.11614974084834E-16));
#11268=DIRECTION('',(5.11614974084834E-16,1.4791141972894E-31,1.0));
#11269=DIRECTION('',(-1.0,-3.71230823859037E-16,5.11614974084834E-16));
#11270=DIRECTION('',(-3.71230823859037E-16,1.0,4.20158285991929E-32));
#11271=DIRECTION('',(5.11614974084834E-16,1.4791141972894E-31,1.0));
#11272=DIRECTION('',(-3.71230823859037E-16,1.0,2.07936320778569E-30));
#11273=DIRECTION('',(1.0,3.71230823859037E-16,-5.11614974084834E-16));
#11274=DIRECTION('',(5.11614974084834E-16,1.4791141972894E-31,1.0));
#11275=DIRECTION('',(1.0,3.71230823859037E-16,-5.11614974084834E-16));
#11276=DIRECTION('',(5.11614974084834E-16,1.4791141972894E-31,1.0));
#11277=DIRECTION('',(-3.71230823859037E-16,1.0,4.20158285991929E-32));
#11278=DIRECTION('',(5.11614974084834E-16,1.4791141972894E-31,1.0));
#11279=DIRECTION('',(-3.71230823859037E-16,1.0,2.07936320778569E-30));
#11280=DIRECTION('',(5.11614974084834E-16,1.4791141972894E-31,1.0));
#11281=DIRECTION('',(-1.0,-3.71230823859037E-16,5.11614974084834E-16));
#11282=DIRECTION('',(5.11614974084834E-16,1.4791141972894E-31,1.0));
#11283=DIRECTION('',(-1.0,-3.71230823859037E-16,5.11614974084834E-16));
#11284=DIRECTION('',(-3.71230823859037E-16,1.0,4.20158285991929E-32));
#11285=DIRECTION('',(5.11614974084834E-16,1.4791141972894E-31,1.0));
#11286=DIRECTION('',(-3.71230823859037E-16,1.0,2.07936320778569E-30));
#11287=DIRECTION('',(1.0,3.71230823859037E-16,-5.11614974084834E-16));
#11288=DIRECTION('',(1.0,3.71230823859037E-16,-5.11614974084834E-16));
#11289=DIRECTION('',(0.263907783265798,-0.964547915829863,-1.35019173696317E-16));
#11290=DIRECTION('',(5.11614974084834E-16,1.4791141972894E-31,1.0));
#11291=DIRECTION('',(0.263907783265798,-0.964547915829863,-1.35019173696319E-16));
#11292=DIRECTION('',(5.11614974084834E-16,1.4791141972894E-31,1.0));
#11293=DIRECTION('',(-0.963684065252715,-0.267044981937503,4.93035198070235E-16));
#11294=DIRECTION('',(5.11614974084834E-16,1.4791141972894E-31,1.0));
#11295=DIRECTION('',(-0.963684065252715,-0.267044981937503,4.93035198070235E-16));
#11296=DIRECTION('',(5.11614974084834E-16,1.4791141972894E-31,1.0));
#11297=DIRECTION('',(5.11614974084834E-16,1.4791141972894E-31,1.0));
#11298=DIRECTION('',(5.11614974084834E-16,1.4791141972894E-31,1.0));
#11299=DIRECTION('',(5.11614974084834E-16,1.4791141972894E-31,1.0));
#11300=DIRECTION('',(5.11614974084834E-16,1.4791141972894E-31,1.0));
#11301=DIRECTION('',(0.823025925643362,-0.56800380783837,-4.21072387619175E-16));
#11302=DIRECTION('',(5.11614974084834E-16,1.4791141972894E-31,1.0));
#11303=DIRECTION('',(0.823025925643362,-0.56800380783837,-4.21072387619176E-16));
#11304=DIRECTION('',(5.11614974084834E-16,1.4791141972894E-31,1.0));
#11305=DIRECTION('',(5.11614974084834E-16,1.4791141972894E-31,1.0));
#11306=DIRECTION('',(5.11614974084834E-16,1.4791141972894E-31,1.0));
#11307=DIRECTION('',(5.11614974084834E-16,1.4791141972894E-31,1.0));
#11308=DIRECTION('',(5.11614974084834E-16,1.4791141972894E-31,1.0));
#11309=DIRECTION('',(5.11614974084834E-16,1.4791141972894E-31,1.0));
#11310=DIRECTION('',(0.323143853291511,0.946349856067995,-1.6532523412741E-16));
#11311=DIRECTION('',(5.11614974084834E-16,1.4791141972894E-31,1.0));
#11312=DIRECTION('',(0.323143853291511,0.946349856067995,-1.65325234127408E-16));
#11313=DIRECTION('',(1.0,3.71230823859037E-16,-5.11614974084834E-16));
#11314=DIRECTION('',(1.0,3.71230823859037E-16,-5.11614974084834E-16));
#11315=DIRECTION('',(3.71230823859037E-16,-1.0,-4.20158285991929E-32));
#11316=DIRECTION('',(5.11614974084834E-16,1.4791141972894E-31,1.0));
#11317=DIRECTION('',(3.71230823859037E-16,-1.0,-2.07936320778569E-30));
#11318=DIRECTION('',(5.11614974084834E-16,1.4791141972894E-31,1.0));
#11319=DIRECTION('',(-1.0,-3.71230823859037E-16,5.11614974084834E-16));
#11320=DIRECTION('',(5.11614974084834E-16,1.4791141972894E-31,1.0));
#11321=DIRECTION('',(-1.0,-3.71230823859037E-16,5.11614974084834E-16));
#11322=DIRECTION('',(5.11614974084834E-16,1.4791141972894E-31,1.0));
#11323=DIRECTION('',(3.71230823859037E-16,-1.0,-4.20158285991929E-32));
#11324=DIRECTION('',(5.11614974084834E-16,1.4791141972894E-31,1.0));
#11325=DIRECTION('',(3.71230823859037E-16,-1.0,-2.07936320778569E-30));
#11326=DIRECTION('',(5.11614974084834E-16,1.4791141972894E-31,1.0));
#11327=DIRECTION('',(1.0,3.71230823859037E-16,-5.11614974084834E-16));
#11328=DIRECTION('',(5.11614974084834E-16,1.4791141972894E-31,1.0));
#11329=DIRECTION('',(1.0,3.71230823859037E-16,-5.11614974084834E-16));
#11330=DIRECTION('',(3.71230823859037E-16,-1.0,-4.20158285991929E-32));
#11331=DIRECTION('',(5.11614974084834E-16,1.4791141972894E-31,1.0));
#11332=DIRECTION('',(3.71230823859037E-16,-1.0,-2.07936320778569E-30));
#11333=DIRECTION('',(-1.0,-3.71230823859037E-16,5.11614974084834E-16));
#11334=DIRECTION('',(5.11614974084834E-16,1.4791141972894E-31,1.0));
#11335=DIRECTION('',(-1.0,-3.71230823859037E-16,5.11614974084834E-16));
#11336=DIRECTION('',(-3.71230823859037E-16,1.0,4.20158285991929E-32));
#11337=DIRECTION('',(5.11614974084834E-16,1.4791141972894E-31,1.0));
#11338=DIRECTION('',(-3.71230823859037E-16,1.0,2.07936320778569E-30));
#11339=DIRECTION('',(1.0,3.71230823859037E-16,-5.11614974084834E-16));
#11340=DIRECTION('',(5.11614974084834E-16,1.4791141972894E-31,1.0));
#11341=DIRECTION('',(1.0,3.71230823859037E-16,-5.11614974084834E-16));
#11342=DIRECTION('',(5.11614974084834E-16,1.4791141972894E-31,1.0));
#11343=DIRECTION('',(-3.71230823859037E-16,1.0,4.20158285991929E-32));
#11344=DIRECTION('',(5.11614974084834E-16,1.4791141972894E-31,1.0));
#11345=DIRECTION('',(-3.71230823859037E-16,1.0,2.07936320778569E-30));
#11346=DIRECTION('',(5.11614974084834E-16,1.4791141972894E-31,1.0));
#11347=DIRECTION('',(-1.0,-3.71230823859037E-16,5.11614974084834E-16));
#11348=DIRECTION('',(5.11614974084834E-16,1.4791141972894E-31,1.0));
#11349=DIRECTION('',(-1.0,-3.71230823859037E-16,5.11614974084834E-16));
#11350=DIRECTION('',(-3.71230823859037E-16,1.0,4.20158285991929E-32));
#11351=DIRECTION('',(5.11614974084834E-16,1.4791141972894E-31,1.0));
#11352=DIRECTION('',(-3.71230823859037E-16,1.0,2.07936320778569E-30));
#11353=DIRECTION('',(1.0,3.71230823859037E-16,-5.11614974084834E-16));
#11354=DIRECTION('',(1.0,3.71230823859037E-16,-5.11614974084834E-16));
#11355=DIRECTION('',(0.332668799213963,-0.94304372646741,-1.70198339088684E-16));
#11356=DIRECTION('',(5.11614974084834E-16,1.4791141972894E-31,1.0));
#11357=DIRECTION('',(0.332668799213963,-0.94304372646741,-1.70198339088686E-16));
#11358=DIRECTION('',(5.11614974084834E-16,1.4791141972894E-31,1.0));
#11359=DIRECTION('',(-0.935828766419948,-0.352454989950373,4.78784010079784E-16));
#11360=DIRECTION('',(5.11614974084834E-16,1.4791141972894E-31,1.0));
#11361=DIRECTION('',(-0.935828766419948,-0.352454989950373,4.78784010079783E-16));
#11362=DIRECTION('',(5.11614974084834E-16,1.4791141972894E-31,1.0));
#11363=DIRECTION('',(-1.0,-3.71230823859037E-16,5.11614974084834E-16));
#11364=DIRECTION('',(5.11614974084834E-16,1.4791141972894E-31,1.0));
#11365=DIRECTION('',(-1.0,-3.71230823859037E-16,5.11614974084834E-16));
#11366=DIRECTION('',(3.71230823859037E-16,-1.0,-4.20158285991929E-32));
#11367=DIRECTION('',(5.11614974084834E-16,1.4791141972894E-31,1.0));
#11368=DIRECTION('',(3.71230823859037E-16,-1.0,-2.07936320778569E-30));
#11369=DIRECTION('',(1.0,3.71230823859037E-16,-5.11614974084834E-16));
#11370=DIRECTION('',(5.11614974084834E-16,1.4791141972894E-31,1.0));
#11371=DIRECTION('',(1.0,3.71230823859037E-16,-5.11614974084834E-16));
#11372=DIRECTION('',(5.11614974084834E-16,1.4791141972894E-31,1.0));
#11373=DIRECTION('',(-3.71230823859037E-16,1.0,4.20158285991929E-32));
#11374=DIRECTION('',(5.11614974084834E-16,1.4791141972894E-31,1.0));
#11375=DIRECTION('',(-3.71230823859037E-16,1.0,2.07936320778569E-30));
#11376=DIRECTION('',(1.0,3.71230823859037E-16,-5.11614974084834E-16));
#11377=DIRECTION('',(5.11614974084834E-16,1.4791141972894E-31,1.0));
#11378=DIRECTION('',(1.0,3.71230823859037E-16,-5.11614974084834E-16));
#11379=DIRECTION('',(3.71230823859037E-16,-1.0,-4.20158285991929E-32));
#11380=DIRECTION('',(5.11614974084834E-16,1.4791141972894E-31,1.0));
#11381=DIRECTION('',(3.71230823859037E-16,-1.0,-2.07936320778569E-30));
#11382=DIRECTION('',(-1.0,-3.71230823859037E-16,5.11614974084834E-16));
#11383=DIRECTION('',(5.11614974084834E-16,1.4791141972894E-31,1.0));
#11384=DIRECTION('',(-1.0,-3.71230823859037E-16,5.11614974084834E-16));
#11385=DIRECTION('',(-3.71230823859037E-16,1.0,4.20158285991929E-32));
#11386=DIRECTION('',(5.11614974084834E-16,1.4791141972894E-31,1.0));
#11387=DIRECTION('',(-3.71230823859037E-16,1.0,2.07936320778569E-30));
#11388=DIRECTION('',(5.11614974084834E-16,1.4791141972894E-31,1.0));
#11389=DIRECTION('',(-1.0,-3.71230823859037E-16,5.11614974084834E-16));
#11390=DIRECTION('',(5.11614974084834E-16,1.4791141972894E-31,1.0));
#11391=DIRECTION('',(-1.0,-3.71230823859037E-16,5.11614974084834E-16));
#11392=DIRECTION('',(3.71230823859037E-16,-1.0,-4.20158285991929E-32));
#11393=DIRECTION('',(5.11614974084834E-16,1.4791141972894E-31,1.0));
#11394=DIRECTION('',(3.71230823859037E-16,-1.0,-2.07936320778569E-30));
#11395=DIRECTION('',(5.11614974084834E-16,1.4791141972894E-31,1.0));
#11396=DIRECTION('',(1.0,3.71230823859037E-16,-5.11614974084834E-16));
#11397=DIRECTION('',(5.11614974084834E-16,1.4791141972894E-31,1.0));
#11398=DIRECTION('',(1.0,3.71230823859037E-16,-5.11614974084834E-16));
#11399=DIRECTION('',(3.71230823859037E-16,-1.0,-4.20158285991929E-32));
#11400=DIRECTION('',(5.11614974084834E-16,1.4791141972894E-31,1.0));
#11401=DIRECTION('',(3.71230823859037E-16,-1.0,-2.07936320778569E-30));
#11402=DIRECTION('',(-1.0,-3.71230823859037E-16,5.11614974084834E-16));
#11403=DIRECTION('',(5.11614974084834E-16,1.4791141972894E-31,1.0));
#11404=DIRECTION('',(-1.0,-3.71230823859037E-16,5.11614974084834E-16));
#11405=DIRECTION('',(-3.71230823859037E-16,1.0,4.20158285991929E-32));
#11406=DIRECTION('',(5.11614974084834E-16,1.4791141972894E-31,1.0));
#11407=DIRECTION('',(-3.71230823859037E-16,1.0,2.07936320778569E-30));
#11408=DIRECTION('',(1.0,3.71230823859037E-16,-5.11614974084834E-16));
#11409=DIRECTION('',(5.11614974084834E-16,1.4791141972894E-31,1.0));
#11410=DIRECTION('',(1.0,3.71230823859037E-16,-5.11614974084834E-16));
#11411=DIRECTION('',(5.11614974084834E-16,1.4791141972894E-31,1.0));
#11412=DIRECTION('',(-3.71230823859037E-16,1.0,4.20158285991929E-32));
#11413=DIRECTION('',(5.11614974084834E-16,1.4791141972894E-31,1.0));
#11414=DIRECTION('',(-3.71230823859037E-16,1.0,2.07936320778569E-30));
#11415=DIRECTION('',(5.11614974084834E-16,1.4791141972894E-31,1.0));
#11416=DIRECTION('',(-1.0,-3.71230823859037E-16,5.11614974084834E-16));
#11417=DIRECTION('',(5.11614974084834E-16,1.4791141972894E-31,1.0));
#11418=DIRECTION('',(-1.0,-3.71230823859037E-16,5.11614974084834E-16));
#11419=DIRECTION('',(-3.71230823859037E-16,1.0,4.20158285991929E-32));
#11420=DIRECTION('',(5.11614974084834E-16,1.4791141972894E-31,1.0));
#11421=DIRECTION('',(-3.71230823859037E-16,1.0,2.07936320778569E-30));
#11422=DIRECTION('',(1.0,3.71230823859037E-16,-5.11614974084834E-16));
#11423=DIRECTION('',(1.0,3.71230823859037E-16,-5.11614974084834E-16));
#11424=CARTESIAN_POINT('',(-2.75,1.49999999999999,5.75000000000001));
#11425=DIRECTION('',(5.11614974084834E-16,1.4791141972894E-31,1.0));
#11426=DIRECTION('',(3.71230823859037E-16,-1.0,-4.20158285991929E-32));
#11427=DIRECTION('',(-5.11614974084834E-16,-1.4791141972894E-31,-1.0));
#11428=CARTESIAN_POINT('',(-2.74999999999999,1.49999999999999,6.00000000000001));
#11429=DIRECTION('',(-5.11614974084834E-16,-1.4791141972894E-31,-1.0));
#11430=DIRECTION('',(3.71230823859037E-16,-1.0,-4.20158285991929E-32));
#11431=DIRECTION('',(-5.11614974084834E-16,-1.4791141972894E-31,-1.0));
#11432=DIRECTION('',(1.0,3.71230823859037E-16,-5.11614974084834E-16));
#11433=DIRECTION('',(-1.0,-3.71230823859037E-16,5.11614974084834E-16));
#11434=DIRECTION('',(-5.11614974084834E-16,-1.4791141972894E-31,-1.0));
#11435=CARTESIAN_POINT('',(2.75000000000001,1.5,5.75000000000001));
#11436=DIRECTION('',(5.11614974084834E-16,1.4791141972894E-31,1.0));
#11437=DIRECTION('',(1.33416005516035E-16,1.0,-2.16169045933528E-31));
#11438=CARTESIAN_POINT('',(2.75000000000001,1.5,6.0));
#11439=DIRECTION('',(-5.11614974084834E-16,-1.4791141972894E-31,-1.0));
#11440=DIRECTION('',(1.33416005516035E-16,1.0,-2.16169045933528E-31));
#11441=DIRECTION('',(-5.11614974084834E-16,-1.4791141972894E-31,-1.0));
#11442=DIRECTION('',(-1.0,-3.71230823859037E-16,5.11614974084834E-16));
#11443=DIRECTION('',(1.0,3.71230823859037E-16,-5.11614974084834E-16));
#11444=CARTESIAN_POINT('',(-5.49999999999999,-5.55284984660176E-15,5.50000000000001));
#11445=DIRECTION('',(1.49337064453657E-17,1.0,3.86164530304404E-16));
#11446=DIRECTION('',(-0.707106781186549,-2.62499832936194E-16,0.707106781186546));
#11447=DIRECTION('',(-3.71230823859037E-16,1.0,4.20158285991929E-32));
#11448=CARTESIAN_POINT('',(-5.5,2.99999999999998,5.50000000000001));
#11449=DIRECTION('',(2.86204421968256E-17,-1.0,-3.42610381662212E-16));
#11450=DIRECTION('',(-0.707106781186549,-2.62499832936194E-16,0.707106781186546));
#11451=DIRECTION('',(-1.0,-4.19409245492884E-16,5.11614974084834E-16));
#11452=CARTESIAN_POINT('',(-2.0,2.99999999999999,2.0));
#11453=DIRECTION('',(3.71230823859037E-16,-1.0,-5.79246795456603E-16));
#11454=DIRECTION('',(1.0,3.71230823859037E-16,-5.11614974084834E-16));
#11455=DIRECTION('',(-5.11614974084834E-16,7.33399184958269E-16,-1.0));
#11456=DIRECTION('',(1.0,3.71230823859037E-16,-5.11614974084834E-16));
#11457=DIRECTION('',(3.71230823859037E-16,-1.0,-4.20158285991929E-32));
#11458=DIRECTION('',(-1.0,-3.23052402225199E-16,5.11614974084834E-16));
#11459=DIRECTION('',(-3.71230823859037E-16,1.0,5.55111512312578E-16));
#11460=DIRECTION('',(-3.71230823859037E-16,1.0,5.55111512312578E-16));
#11461=CARTESIAN_POINT('',(5.32325651923508E-15,4.5,6.00000000000001));
#11462=DIRECTION('',(-5.11614974084834E-16,-1.4791141972894E-31,-1.0));
#11463=DIRECTION('',(-1.0,-1.15648231731818E-18,5.11614974084834E-16));
#11464=DIRECTION('',(-1.18907409171501E-16,1.0,-8.70766086671674E-32));
#11465=CARTESIAN_POINT('',(3.46016350603599E-15,15.5,6.00000000000001));
#11466=DIRECTION('',(-5.11614974084834E-16,-1.4791141972894E-31,-1.0));
#11467=DIRECTION('',(1.0,3.71230823859037E-16,-5.11614974084834E-16));
#11468=DIRECTION('',(3.71230823859037E-16,-1.0,-4.20158285991929E-32));
#11469=CARTESIAN_POINT('',(5.50000000000001,2.99999999999999,5.5));
#11470=DIRECTION('',(7.13841205521246E-16,-1.0,-3.42610381662212E-16));
#11471=DIRECTION('',(0.70710678118655,2.62499832936194E-16,0.707106781186546));
#11472=CARTESIAN_POINT('',(5.50000000000001,-1.46931078415235E-15,5.5));
#11473=DIRECTION('',(-7.57395354163438E-16,1.0,3.86164530304404E-16));
#11474=DIRECTION('',(0.70710678118655,2.62499832936194E-16,0.707106781186546));
#11475=DIRECTION('',(5.11614974084834E-16,-7.33399184958256E-16,1.0));
#11476=CARTESIAN_POINT('',(2.0,2.99999999999999,2.0));
#11477=DIRECTION('',(3.71230823859037E-16,-1.0,-5.79246795456603E-16));
#11478=DIRECTION('',(-5.11614974084834E-16,5.79246795456603E-16,-1.0));
#11479=CARTESIAN_POINT('',(2.60020645565257E-15,8.5,5.75000000000001));
#11480=DIRECTION('',(-5.11614974084834E-16,1.4994086408206E-30,-1.0));
#11481=DIRECTION('',(-1.0,-3.71230823859037E-16,5.11614974084834E-16));
#11482=CARTESIAN_POINT('',(6.51244630392627E-16,13.75,5.75000000000001));
#11483=DIRECTION('',(-5.11614974084834E-16,1.4994086408206E-30,-1.0));
#11484=DIRECTION('',(-1.0,-3.71230823859037E-16,5.11614974084834E-16));
#11485=CARTESIAN_POINT('',(-2.5,11.0,0.500000000000006));
#11486=DIRECTION('',(-3.71230823859037E-16,1.0,4.20158285991928E-32));
#11487=DIRECTION('',(5.11614974084834E-16,1.4791141972894E-31,1.0));
#11488=CARTESIAN_POINT('',(-3.0,11.0,0.500000000000006));
#11489=DIRECTION('',(-5.11614974084834E-16,-1.47911419728945E-31,-1.0));
#11490=DIRECTION('',(-1.84921522539127E-15,-1.0,1.09399761934478E-30));
#11491=CARTESIAN_POINT('',(-3.5,11.0,0.500000000000007));
#11492=DIRECTION('',(4.06966127464158E-15,1.0,-2.23001106728874E-30));
#11493=DIRECTION('',(-1.0,4.06966127464158E-15,5.11614974084834E-16));
#11494=CARTESIAN_POINT('',(-2.5,15.0,0.500000000000006));
#11495=DIRECTION('',(-3.71230823859037E-16,1.0,4.20158285991928E-32));
#11496=DIRECTION('',(5.11614974084834E-16,1.4791141972894E-31,1.0));
#11497=DIRECTION('',(3.71230823859037E-16,-1.0,-4.20158285991929E-32));
#11498=DIRECTION('',(-3.71230823859037E-16,1.0,4.20158285991929E-32));
#11499=CARTESIAN_POINT('',(-3.5,17.0,0.500000000000007));
#11500=DIRECTION('',(-3.71230823859037E-16,1.0,4.20158285991929E-32));
#11501=DIRECTION('',(-1.0,-3.71230823859037E-16,5.11614974084834E-16));
#11502=CARTESIAN_POINT('',(-1.0,16.5,0.500000000000005));
#11503=DIRECTION('',(1.0,9.3675067702748E-17,-5.11614974084834E-16));
#11504=DIRECTION('',(5.11614974084834E-16,1.4791141972894E-31,1.0));
#11505=CARTESIAN_POINT('',(-1.0,15.0,0.500000000000005));
#11506=DIRECTION('',(5.11614974084834E-16,-9.86076131526265E-32,1.0));
#11507=DIRECTION('',(-0.707106781186547,0.707106781186548,3.61766417531966E-16));
#11508=CARTESIAN_POINT('',(-3.0,17.5,0.500000000000006));
#11509=DIRECTION('',(1.0,3.71230823859037E-16,-5.11614974084834E-16));
#11510=DIRECTION('',(-3.71230823859037E-16,1.0,4.20158285991929E-32));
#11511=CARTESIAN_POINT('',(-3.0,17.0,0.500000000000006));
#11512=DIRECTION('',(-5.11614974084834E-16,-1.97215226305253E-31,-1.0));
#11513=DIRECTION('',(-0.707106781186548,0.707106781186548,3.61766417531966E-16));
#11514=CARTESIAN_POINT('',(0.999999999999997,16.5,0.500000000000005));
#11515=DIRECTION('',(1.0,3.71230823859037E-16,-5.11614974084834E-16));
#11516=DIRECTION('',(5.11614974084834E-16,1.4791141972894E-31,1.0));
#11517=DIRECTION('',(-1.0,-3.71230823859037E-16,5.11614974084834E-16));
#11518=DIRECTION('',(1.0,3.71230823859037E-16,-5.11614974084834E-16));
#11519=CARTESIAN_POINT('',(3.0,17.5,0.500000000000004));
#11520=DIRECTION('',(1.0,3.71230823859037E-16,-5.11614974084834E-16));
#11521=DIRECTION('',(-3.71230823859037E-16,1.0,4.20158285991929E-32));
#11522=CARTESIAN_POINT('',(2.5,15.0,0.500000000000004));
#11523=DIRECTION('',(3.71230823859037E-16,-1.0,-4.20158285991928E-32));
#11524=DIRECTION('',(5.11614974084834E-16,1.4791141972894E-31,1.0));
#11525=CARTESIAN_POINT('',(0.999999999999998,15.0,0.500000000000005));
#11526=DIRECTION('',(5.11614974084834E-16,2.95822839457879E-31,1.0));
#11527=DIRECTION('',(0.707106781186547,0.707106781186548,-3.61766417531966E-16));
#11528=CARTESIAN_POINT('',(3.5,17.0,0.500000000000003));
#11529=DIRECTION('',(3.71230823859037E-16,-1.0,-4.20158285991929E-32));
#11530=DIRECTION('',(1.0,3.71230823859037E-16,-5.11614974084834E-16));
#11531=CARTESIAN_POINT('',(3.0,17.0,0.500000000000004));
#11532=DIRECTION('',(-5.11614974084834E-16,-2.95822839457879E-31,-1.0));
#11533=DIRECTION('',(0.707106781186547,0.707106781186548,-3.61766417531966E-16));
#11534=CARTESIAN_POINT('',(2.5,11.0,0.500000000000004));
#11535=DIRECTION('',(3.71230823859037E-16,-1.0,-4.20158285991928E-32));
#11536=DIRECTION('',(5.11614974084834E-16,1.4791141972894E-31,1.0));
#11537=DIRECTION('',(-3.71230823859037E-16,1.0,4.20158285991929E-32));
#11538=DIRECTION('',(2.32452945780892E-16,-1.0,2.89850118973053E-32));
#11539=CARTESIAN_POINT('',(3.5,11.0,0.500000000000003));
#11540=DIRECTION('',(3.71230823859037E-16,-1.0,-4.20158285991929E-32));
#11541=DIRECTION('',(1.0,3.71230823859037E-16,-5.11614974084834E-16));
#11542=CARTESIAN_POINT('',(3.0,11.0,0.500000000000004));
#11543=DIRECTION('',(-5.11614974084834E-16,-1.4791141972894E-31,-1.0));
#11544=DIRECTION('',(3.71230823859037E-16,-1.0,-4.20158285991929E-32));
#11545=DIRECTION('',(5.11614974084834E-16,1.4791141972894E-31,1.0));
#11546=DIRECTION('',(-2.32452945780892E-16,1.0,-2.89850118973053E-32));
#11547=CARTESIAN_POINT('',(3.0,17.0,-5.5));
#11548=DIRECTION('',(-5.11614974084834E-16,-2.95822839457879E-31,-1.0));
#11549=DIRECTION('',(0.707106781186547,0.707106781186548,-3.61766417531966E-16));
#11550=DIRECTION('',(5.11614974084834E-16,1.4791141972894E-31,1.0));
#11551=DIRECTION('',(-1.0,-3.71230823859037E-16,5.11614974084834E-16));
#11552=CARTESIAN_POINT('',(-3.00000000000001,17.0,-5.49999999999999));
#11553=DIRECTION('',(-5.11614974084834E-16,9.86076131526265E-32,-1.0));
#11554=DIRECTION('',(-0.707106781186547,0.707106781186548,3.61766417531966E-16));
#11555=DIRECTION('',(5.11614974084834E-16,1.4791141972894E-31,1.0));
#11556=DIRECTION('',(3.71230823859037E-16,-1.0,-4.20158285991929E-32));
#11557=CARTESIAN_POINT('',(-3.0,11.0,-5.49999999999999));
#11558=DIRECTION('',(-5.11614974084834E-16,9.86076131526265E-32,-1.0));
#11559=DIRECTION('',(0.707106781186547,-0.707106781186548,-3.61766417531966E-16));
#11560=DIRECTION('',(-5.11614974084834E-16,-1.4791141972894E-31,-1.0));
#11561=CARTESIAN_POINT('',(-1.0,15.0,-5.49999999999999));
#11562=DIRECTION('',(5.11614974084834E-16,-9.86076131526265E-32,1.0));
#11563=DIRECTION('',(-0.707106781186547,0.707106781186548,3.61766417531966E-16));
#11564=DIRECTION('',(-3.71230823859037E-16,1.0,4.20158285991929E-32));
#11565=CARTESIAN_POINT('',(-4.50000000000001,17.5,-5.49999999999999));
#11566=DIRECTION('',(1.25176365716827E-15,-7.40148683083437E-16,1.0));
#11567=DIRECTION('',(-0.707106781186548,0.707106781186547,1.40849472332115E-15));
#11568=DIRECTION('',(1.0,3.71230823859037E-16,-5.11614974084834E-16));
#11569=CARTESIAN_POINT('',(4.49999999999999,17.5,-5.5));
#11570=DIRECTION('',(5.11614974084834E-16,0.0,1.0));
#11571=DIRECTION('',(0.707106781186548,0.707106781186547,-3.61766417531966E-16));
#11572=DIRECTION('',(3.71230823859037E-16,-1.0,-4.20158285991929E-32));
#11573=DIRECTION('',(-1.0,-3.71230823859037E-16,5.11614974084834E-16));
#11574=DIRECTION('',(-1.0,-3.71230823859037E-16,5.11614974084834E-16));
#11575=DIRECTION('',(-3.71230823859037E-16,1.0,4.20158285991929E-32));
#11576=DIRECTION('',(1.0,3.71230823859037E-16,-5.11614974084834E-16));
#11577=CARTESIAN_POINT('',(0.999999999999995,15.0,-5.49999999999999));
#11578=DIRECTION('',(5.11614974084834E-16,2.95822839457879E-31,1.0));
#11579=DIRECTION('',(0.707106781186547,0.707106781186548,-3.61766417531966E-16));
#11580=DIRECTION('',(3.71230823859037E-16,-1.0,-4.20158285991929E-32));
#11581=CARTESIAN_POINT('',(3.0,11.0,-5.5));
#11582=DIRECTION('',(-5.11614974084834E-16,9.86076131526265E-32,-1.0));
#11583=DIRECTION('',(0.707106781186547,-0.707106781186548,-3.61766417531966E-16));
#11584=DIRECTION('',(5.11614974084834E-16,1.4791141972894E-31,1.0));
#11585=DIRECTION('',(-5.11614974084834E-16,-1.4791141972894E-31,-1.0));
#11586=DIRECTION('',(5.11614974084834E-16,-5.79246795456603E-16,1.0));
#11587=CARTESIAN_POINT('',(4.5,17.5,2.0));
#11588=DIRECTION('',(-5.11614974084834E-16,7.40148683083437E-16,-1.0));
#11589=DIRECTION('',(-3.71230823859037E-16,1.0,7.40148683083437E-16));
#11590=CARTESIAN_POINT('',(2.0,17.5,4.5));
#11591=DIRECTION('',(1.0,3.71230823859037E-16,-5.11614974084834E-16));
#11592=DIRECTION('',(-3.71230823859036E-16,1.0,1.48029736616687E-15));
#11593=CARTESIAN_POINT('',(2.0,17.5,2.0));
#11594=DIRECTION('',(-3.6646188558413E-16,1.0,5.8401573373151E-16));
#11595=DIRECTION('',(0.707106781186548,-1.5383380129824E-16,0.707106781186547));
#11596=CARTESIAN_POINT('',(2.0,19.0,2.00000000000001));
#11597=DIRECTION('',(3.71230823859037E-16,-1.0,-5.79246795456603E-16));
#11598=DIRECTION('',(0.707106781186548,-1.47089504111747E-16,0.707106781186547));
#11599=DIRECTION('',(-1.0,-3.71230823859037E-16,5.11614974084834E-16));
#11600=CARTESIAN_POINT('',(-2.0,17.5,4.50000000000001));
#11601=DIRECTION('',(1.0,3.71230823859037E-16,-5.11614974084834E-16));
#11602=DIRECTION('',(-3.71230823859037E-16,1.0,4.20158285991929E-32));
#11603=CARTESIAN_POINT('',(-4.5,17.5,2.00000000000001));
#11604=DIRECTION('',(5.11614974084834E-16,-7.40148683083437E-16,1.0));
#11605=DIRECTION('',(-3.71230823859037E-16,1.0,7.40148683083437E-16));
#11606=CARTESIAN_POINT('',(-2.0,17.5,2.00000000000001));
#11607=DIRECTION('',(-3.75999762133943E-16,1.0,5.84015733731509E-16));
#11608=DIRECTION('',(-0.707106781186547,-6.78833467170627E-16,0.707106781186548));
#11609=CARTESIAN_POINT('',(-2.0,19.0,2.00000000000001));
#11610=DIRECTION('',(3.71230823859037E-16,-1.0,-5.79246795456603E-16));
#11611=DIRECTION('',(-0.707106781186547,-6.72089169984135E-16,0.707106781186548));
#11612=DIRECTION('',(-5.11614974084834E-16,5.79246795456603E-16,-1.0));
#11613=CARTESIAN_POINT('',(5.19535277571387E-15,4.5,5.75000000000001));
#11614=DIRECTION('',(5.11614974084834E-16,1.4791141972894E-31,1.0));
#11615=DIRECTION('',(-1.0,-1.15648231731818E-18,5.11614974084834E-16));
#11616=DIRECTION('',(-5.11614974084834E-16,-1.4791141972894E-31,-1.0));
#11617=DIRECTION('',(-5.11614974084834E-16,-1.4791141972894E-31,-1.0));
#11618=DIRECTION('',(-3.71230823859037E-16,1.0,4.20158285991929E-32));
#11619=DIRECTION('',(-5.11614974084834E-16,-1.4791141972894E-31,-1.0));
#11620=CARTESIAN_POINT('',(3.33225976251478E-15,15.5,5.75000000000001));
#11621=DIRECTION('',(5.11614974084834E-16,1.4791141972894E-31,1.0));
#11622=DIRECTION('',(1.0,3.71230823859037E-16,-5.11614974084834E-16));
#11623=DIRECTION('',(-5.11614974084834E-16,-1.4791141972894E-31,-1.0));
#11624=DIRECTION('',(1.18907409171501E-16,-1.0,8.70766086671674E-32));
#11625=DIRECTION('',(-3.71230823859037E-16,1.0,5.55111512312578E-16));
#11626=DIRECTION('',(-3.71230823859037E-16,1.0,5.55111512312578E-16));
#11627=DIRECTION('',(5.11614974084834E-16,-7.72329060608804E-16,1.0));
#11628=CARTESIAN_POINT('',(8.0111138914931E-15,-14.0,5.55111512312578E-15));
#11629=DIRECTION('',(-3.71230823859037E-16,1.0,4.20158285991929E-32));
#11630=DIRECTION('',(-1.0,-3.71230823859037E-16,5.11614974084834E-16));
#11631=CARTESIAN_POINT('',(8.0111138914931E-15,-14.0,5.55111512312578E-15));
#11632=DIRECTION('',(-3.71230823859037E-16,1.0,4.20158285991932E-32));
#11633=DIRECTION('',(-6.34079653999569E-16,-1.9337408374732E-31,-1.0));
#11634=CARTESIAN_POINT('',(8.0111138914931E-15,-14.0,5.55111512312578E-15));
#11635=DIRECTION('',(3.71230823859037E-16,-1.0,-4.20158285991935E-32));
#11636=DIRECTION('',(-3.89150294170099E-16,-1.02448755710559E-31,-1.0));
#11637=CARTESIAN_POINT('',(8.0111138914931E-15,-14.0,5.55111512312578E-15));
#11638=DIRECTION('',(-3.71230823859037E-16,1.0,4.20158285991929E-32));
#11639=DIRECTION('',(1.0,3.71230823859037E-16,-5.11614974084834E-16));
#11640=CARTESIAN_POINT('',(7.91830618552834E-15,-13.75,5.55111512312578E-15));
#11641=DIRECTION('',(3.71230823859037E-16,-1.0,-4.20158285991929E-32));
#11642=DIRECTION('',(1.0,3.71230823859037E-16,-5.11614974084834E-16));
#11643=CARTESIAN_POINT('',(2.81388235746659E-15,-3.51108031537706E-15,5.55111512312578E-15));
#11644=DIRECTION('',(-3.71230823859037E-16,1.0,7.72329060608804E-16));
#11645=DIRECTION('',(1.0,3.71230823859037E-16,-5.11614974084834E-16));
#11646=CARTESIAN_POINT('',(2.81388235746659E-15,-3.51108031537706E-15,5.55111512312578E-15));
#11647=DIRECTION('',(-3.71230823859037E-16,1.0,7.72329060608804E-16));
#11648=DIRECTION('',(1.0,3.71230823859037E-16,-5.11614974084834E-16));
#11649=DIRECTION('',(-5.11614974084834E-16,7.72329060608804E-16,-1.0));
ENDSEC;
END-ISO-10303-21;
