2026-09-04 11:18:36,642 DEBUG [WB_to_MX.lambda$run_gui_mode$0] Arguments: [-mx_timeout, -1, -pack, assets/MotorControlPack/MotorControl.zip, -exp, templates/wb-defines_where_and_what.txt, -ftl, templates/wb_ioc_template.ftl, -xdm, C:\Users\azmib\Desktop\STM_Workspace\Pilotix6SC_Measurement\Pilotix6SC_Measurement.wbdef, -ioc, C:\Users\azmib\Desktop\STM_Workspace\Pilotix6SC_Measurement\Pilotix6SC_Measurement.ioc]
2026-09-04 11:18:36,643 DEBUG [ArgsValue.lambda$retrieve$2] CLI_ARG[ftl]: templates/wb_ioc_template.ftl
2026-09-04 11:18:36,643 DEBUG [ArgsValue.lambda$retrieve$2] CLI_ARG[exp]: templates/wb-defines_where_and_what.txt
2026-09-04 11:18:36,644 DEBUG [ArgsValue.lambda$retrieve$2] CLI_ARG[xdm]: C:\Users\azmib\Desktop\STM_Workspace\Pilotix6SC_Measurement\Pilotix6SC_Measurement.wbdef
2026-09-04 11:18:36,644 DEBUG [ArgsValue.lambda$retrieve$2] CLI_ARG[ioc]: C:\Users\azmib\Desktop\STM_Workspace\Pilotix6SC_Measurement\Pilotix6SC_Measurement.ioc
2026-09-04 11:18:36,644 DEBUG [ArgsValue.lambda$retrieve$2] CLI_ARG[pack]: assets/MotorControlPack/MotorControl.zip
2026-09-04 11:18:36,644 DEBUG [ArgsValue.lambda$retrieve$2] CLI_ARG[mx_timeout]: -1
2026-09-04 11:18:36,644 DEBUG [ArgsValue.retrieve] {xdm=C:\Users\azmib\Desktop\STM_Workspace\Pilotix6SC_Measurement\Pilotix6SC_Measurement.wbdef, updftl=templates/wb_ioc_mc-middleware.ftl, mx_timeout=-1, exp=templates/wb-defines_where_and_what.txt, ioc=C:\Users\azmib\Desktop\STM_Workspace\Pilotix6SC_Measurement\Pilotix6SC_Measurement.ioc, pack=assets/MotorControlPack/MotorControl.zip, ftl=templates/wb_ioc_template.ftl}
2026-09-04 11:18:36,677 DEBUG [WB_to_MX.run] Targeted MCU family = G4
2026-09-04 11:18:36,686 DEBUG [WB_to_MX.run] Minimum associated CubeMx to the `6.0.0-a0` targeted MCU family is `G4`
2026-09-04 11:18:52,869 DEBUG [EnvironmentChecker.checkPack] STM32CubeMX.Version: 6.18.1-RC2
2026-09-04 11:18:52,871 DEBUG [RetrieveFirmwareVersion.from_zip] Trying to read Firmware version from zipped version Pack: C:\Program Files (x86)\STMicroelectronics\MC_SDK_6.4.2\Utilities\PC_Software\STMCWB\assets\MotorControlPack\MotorControl.zip
2026-09-04 11:18:52,897 DEBUG [RetrieveFirmwareVersion.minimum_supporte_version] minimum_supporte_version MotorControlFirmware.Version: 6.4.2-Full
2026-09-04 11:18:52,897 DEBUG [PackInfoFactory.deploy_MCPack_to_MxRepo] Deployment strategy class: VersionedFolderStyle_MCPackDeployer
2026-09-04 11:18:52,898 DEBUG [PackInfoFactory.deploy_MCPack_to_MxRepo] Expected MC Pack 6.4.2-Full already deployed
2026-09-04 11:18:52,912 DEBUG [DataSetUpdater.update] Updating data set
2026-09-04 11:18:52,912 DEBUG [DataSetUpdater.update] Update done
2026-09-04 11:18:52,913 INFO  [IocGenerator.logModulesVersionInfo] Version info: 
2026-09-04 11:18:52,923 INFO  [IocGenerator.logModulesVersionInfo]   MC Workbench       : 6.4.2
2026-09-04 11:18:52,924 INFO  [IocGenerator.logModulesVersionInfo]   WB_to_Mx           : 6.4.2.template-25-05-06
2026-09-04 11:18:52,924 INFO  [IocGenerator.logModulesVersionInfo]   STM32CubeMX        : 6.18.1
2026-09-04 11:18:52,925 INFO  [IocGenerator.logModulesVersionInfo]   MC Firmware Library: 6.4.2-Full
2026-09-04 11:18:52,925 INFO  [IocGenerator.logModulesVersionInfo] 
Generation options: 
2026-09-04 11:18:52,925 INFO  [IocGenerator.logModulesVersionInfo]   Target Toolchain   : ST STM32CubeIDE
2026-09-04 11:18:52,925 INFO  [IocGenerator.logModulesVersionInfo]   Target Driver      : HAL - Hardware Abstraction Layer
2026-09-04 11:18:52,926 INFO  [IocGenerator.logModulesVersionInfo]   Target STM32 FW    : 1.6.2

2026-09-04 11:18:52,929 DEBUG [IocGenerator.process] C:\Users\azmib\Desktop\STM_Workspace\Pilotix6SC_Measurement\Pilotix6SC_Measurement.ioc ioc file: Generating
2026-09-04 11:18:52,929 DEBUG [IocGenerator.createOutput] Generating file from template templates\wb_ioc_template.ftl
2026-09-04 11:18:53,701 DEBUG [IocGenerator.process] ioc file C:\Users\azmib\Desktop\STM_Workspace\Pilotix6SC_Measurement\Pilotix6SC_Measurement.ioc Generated
2026-09-04 11:18:53,706 INFO  [LineInfo_to_exitCode.log_LineInfo] C:\Users\azmib\Desktop\STM_Workspace\Pilotix6SC_Measurement\Pilotix6SC_Measurement.ioc ioc: Generated
2026-09-04 11:18:53,767 INFO  [Wb2MxProcess.lambda$copyFolder$e7a869af$1] Folder Overwritten C:\Users\azmib\Desktop\STM_Workspace\Pilotix6SC_Measurement\ftl
2026-09-04 11:18:53,806 INFO  [extSettings.lambda$writeContentToFile$f5919002$1] Generated C:\Users\azmib\Desktop\STM_Workspace\Pilotix6SC_Measurement\.extSettings
2026-09-04 11:18:53,811 INFO  [Wb2MxProcess.lambda$run$$19] 
Started STM32CubeMX for final c-code generation
2026-09-04 11:18:53,839 DEBUG [CubeMxRunner.create_code_generation_script_for] Generated CubeMx script file: C:\Users\azmib\AppData\Local\Temp\WB_to_Mx-pilotixscmeasurement-12532067615644151820.script
2026-09-04 11:18:54,434 DEBUG [LineInfo_to_exitCode.log_LineInfo] 2026-09-04 11:18:54,431 [INFO] MicroXplorer:98 - [MX] MX Start == 135834837051000
2026-09-04 11:18:54,435 DEBUG [LineInfo_to_exitCode.log_LineInfo] 2026-09-04 11:18:54,433 [INFO] MicroXplorer:653 - Detected Java Version = 21.0.10
2026-09-04 11:18:54,436 DEBUG [LineInfo_to_exitCode.log_LineInfo] 2026-09-04 11:18:54,436 [INFO] ApplicationProperties:184 - Using Application install path: C:\Users\azmib\AppData\Local\Programs\STM32CubeMX
2026-09-04 11:18:54,447 DEBUG [LineInfo_to_exitCode.log_LineInfo] 2026-09-04 11:18:54,447 [INFO] DbMcusXml:78 - Set database path to: C:\Users\azmib\AppData\Local\Programs\STM32CubeMX\\db\/mcu/
2026-09-04 11:18:54,448 DEBUG [LineInfo_to_exitCode.log_LineInfo] 2026-09-04 11:18:54,447 [INFO] ApiDb:274 - Set plugin database path to: C:\Users\azmib\AppData\Local\Programs\STM32CubeMX\\db\/plugins/boardmanager/
2026-09-04 11:18:54,452 DEBUG [LineInfo_to_exitCode.log_LineInfo] 2026-09-04 11:18:54,452 [INFO] McuFinderGlobals:63 - Set McuFinder mode to 1 (CubeMX integrated)
2026-09-04 11:18:54,461 DEBUG [LineInfo_to_exitCode.log_LineInfo] 2026-09-04 11:18:54,460 [INFO] ApiDb:250 - Set database path to: C:\Users\azmib\.stmcufinder\plugins\mcufinder//mcu/
2026-09-04 11:18:54,462 DEBUG [LineInfo_to_exitCode.log_LineInfo] 2026-09-04 11:18:54,461 [INFO] DbMcusAds:125 - Set database path to: C:\Users\azmib\.stmcufinder\plugins\mcufinder//mcu/
2026-09-04 11:18:54,468 DEBUG [LineInfo_to_exitCode.log_LineInfo] 2026-09-04 11:18:54,468 [INFO] CrossReferenceDbSqlite:203 - Set database path to: C:\Users\azmib\.stmcufinder\plugins\mcufinder//mcu/cs/
2026-09-04 11:18:54,550 DEBUG [LineInfo_to_exitCode.log_LineInfo] 2026-09-04 11:18:54,549 [INFO] RulesReader:64 - Compatibility file has been processed (337 Rules)
2026-09-04 11:18:54,578 DEBUG [LineInfo_to_exitCode.log_LineInfo] 2026-09-04 11:18:54,578 [INFO] STM32CubeMX:60 - Starting STM32CubeMX
2026-09-04 11:18:54,758 DEBUG [LineInfo_to_exitCode.log_LineInfo] 2026-09-04 11:18:54,757 [INFO] MainPanel:275 - HeapMemory: 41943040
2026-09-04 11:18:54,797 DEBUG [LineInfo_to_exitCode.log_LineInfo] 2026-09-04 11:18:54,797 [INFO] MainFrame:149 - AppUserModelID : STM32CubeMX.6.18.1-RC2
2026-09-04 11:18:55,001 DEBUG [LineInfo_to_exitCode.log_LineInfo] 2026-09-04 11:18:55,000 [INFO] DbMcusXml:78 - Set database path to: C:\Users\azmib\AppData\Local\Programs\STM32CubeMX\\db\/mcu/
2026-09-04 11:18:55,001 DEBUG [LineInfo_to_exitCode.log_LineInfo] 2026-09-04 11:18:55,001 [INFO] ApiDb:274 - Set plugin database path to: C:\Users\azmib\AppData\Local\Programs\STM32CubeMX\\db\/plugins/boardmanager/
2026-09-04 11:18:55,001 DEBUG [LineInfo_to_exitCode.log_LineInfo] 2026-09-04 11:18:55,001 [INFO] ApiDb:261 - Set plugin images path to: C:\Users\azmib\AppData\Local\Programs\STM32CubeMX\\db\/plugins/mcufinder/images/
2026-09-04 11:18:55,002 DEBUG [LineInfo_to_exitCode.log_LineInfo] 2026-09-04 11:18:55,002 [INFO] ApiDb:250 - Set database path to: C:\Users\azmib\.stmcufinder\plugins\mcufinder//mcu/
2026-09-04 11:18:55,002 DEBUG [LineInfo_to_exitCode.log_LineInfo] 2026-09-04 11:18:55,002 [INFO] DbMcusAds:125 - Set database path to: C:\Users\azmib\.stmcufinder\plugins\mcufinder//mcu/
2026-09-04 11:18:55,003 DEBUG [LineInfo_to_exitCode.log_LineInfo] 2026-09-04 11:18:55,002 [INFO] CrossReferenceDbSqlite:203 - Set database path to: C:\Users\azmib\.stmcufinder\plugins\mcufinder//mcu/cs/
2026-09-04 11:18:55,014 DEBUG [LineInfo_to_exitCode.log_LineInfo] 2026-09-04 11:18:55,014 [INFO] ApplicationProperties:184 - Using Application install path: C:\Users\azmib\AppData\Local\Programs\STM32CubeMX
2026-09-04 11:18:55,015 DEBUG [LineInfo_to_exitCode.log_LineInfo] 2026-09-04 11:18:55,015 [INFO] PluginManage:196 - Search for loadable plugins [exclusion list=, ]
2026-09-04 11:18:55,017 DEBUG [LineInfo_to_exitCode.log_LineInfo] 2026-09-04 11:18:55,017 [INFO] PluginManage:310 - Check plugin analytics
2026-09-04 11:18:55,243 DEBUG [LineInfo_to_exitCode.log_LineInfo] 2026-09-04 11:18:55,243 [INFO] AnalyticsPlugin:253 - Accepted Software Licenses: STM32CubeMX.6.18.1
2026-09-04 11:18:55,244 DEBUG [LineInfo_to_exitCode.log_LineInfo] 2026-09-04 11:18:55,244 [INFO] AnalyticsPlugin:255 - Accepted CMSIS Pack Licenses: 
2026-09-04 11:18:55,244 DEBUG [LineInfo_to_exitCode.log_LineInfo] 2026-09-04 11:18:55,244 [INFO] AnalyticsPlugin:257 - Accepted Firmware Licenses: FW.G4.1.6.0,FW.G4.1.6.3,FW.F4.1.28.0,FW.F4.1.28.3,FW.G4.1.6.2
2026-09-04 11:18:55,247 DEBUG [LineInfo_to_exitCode.log_LineInfo] 2026-09-04 11:18:55,247 [INFO] PluginManage:359 - Loaded plugin analytics (category:tool,tabindex:-1)
2026-09-04 11:18:55,248 DEBUG [LineInfo_to_exitCode.log_LineInfo] 2026-09-04 11:18:55,247 [INFO] PluginManage:310 - Check plugin cadmodel
2026-09-04 11:18:55,252 DEBUG [LineInfo_to_exitCode.log_LineInfo] 2026-09-04 11:18:55,251 [INFO] CADModel:93 - Init CAD model plugin
2026-09-04 11:18:55,252 DEBUG [LineInfo_to_exitCode.log_LineInfo] 2026-09-04 11:18:55,251 [INFO] PluginManage:359 - Loaded plugin cadmodel (category:power,tabindex:5)
2026-09-04 11:18:55,252 DEBUG [LineInfo_to_exitCode.log_LineInfo] 2026-09-04 11:18:55,252 [INFO] PluginManage:310 - Check plugin clock
2026-09-04 11:18:55,260 DEBUG [LineInfo_to_exitCode.log_LineInfo] 2026-09-04 11:18:55,259 [INFO] PluginManage:359 - Loaded plugin clock (category:base,tabindex:2)
2026-09-04 11:18:55,260 DEBUG [LineInfo_to_exitCode.log_LineInfo] 2026-09-04 11:18:55,259 [INFO] PluginManage:310 - Check plugin ddr
2026-09-04 11:18:55,263 DEBUG [LineInfo_to_exitCode.log_LineInfo] 2026-09-04 11:18:55,262 [INFO] PluginManage:359 - Loaded plugin ddr (category:tool,tabindex:6)
2026-09-04 11:18:55,263 DEBUG [LineInfo_to_exitCode.log_LineInfo] 2026-09-04 11:18:55,262 [INFO] PluginManage:310 - Check plugin filemanager
2026-09-04 11:18:55,369 DEBUG [LineInfo_to_exitCode.log_LineInfo] 2026-09-04 11:18:55,369 [INFO] PluginManage:359 - Loaded plugin filemanager (category:base,tabindex:10)
2026-09-04 11:18:55,369 DEBUG [LineInfo_to_exitCode.log_LineInfo] 2026-09-04 11:18:55,369 [INFO] PluginManage:310 - Check plugin ipmanager
2026-09-04 11:18:55,376 DEBUG [LineInfo_to_exitCode.log_LineInfo] 2026-09-04 11:18:55,376 [INFO] PluginManage:359 - Loaded plugin ipmanager (category:base,tabindex:5)
2026-09-04 11:18:55,377 DEBUG [LineInfo_to_exitCode.log_LineInfo] 2026-09-04 11:18:55,376 [INFO] PluginManage:310 - Check plugin lpbam
2026-09-04 11:18:55,382 DEBUG [LineInfo_to_exitCode.log_LineInfo] 2026-09-04 11:18:55,382 [INFO] PluginManage:359 - Loaded plugin lpbam (category:base,tabindex:0)
2026-09-04 11:18:55,383 DEBUG [LineInfo_to_exitCode.log_LineInfo] 2026-09-04 11:18:55,382 [INFO] PluginManage:310 - Check plugin memorymap
2026-09-04 11:18:55,391 DEBUG [LineInfo_to_exitCode.log_LineInfo] 2026-09-04 11:18:55,390 [INFO] PluginManage:359 - Loaded plugin memorymap (category:base,tabindex:4)
2026-09-04 11:18:55,391 DEBUG [LineInfo_to_exitCode.log_LineInfo] 2026-09-04 11:18:55,391 [INFO] PluginManage:310 - Check plugin pinoutandconfiguration
2026-09-04 11:18:55,396 DEBUG [LineInfo_to_exitCode.log_LineInfo] 2026-09-04 11:18:55,396 [INFO] PluginManage:359 - Loaded plugin pinoutandconfiguration (category:base,tabindex:1)
2026-09-04 11:18:55,397 DEBUG [LineInfo_to_exitCode.log_LineInfo] 2026-09-04 11:18:55,396 [INFO] PluginManage:310 - Check plugin pinoutconfig
2026-09-04 11:18:55,574 DEBUG [LineInfo_to_exitCode.log_LineInfo] 2026-09-04 11:18:55,573 [INFO] PluginManage:359 - Loaded plugin pinoutconfig (category:base,tabindex:0)
2026-09-04 11:18:55,574 DEBUG [LineInfo_to_exitCode.log_LineInfo] 2026-09-04 11:18:55,573 [INFO] PluginManage:310 - Check plugin power
2026-09-04 11:18:55,579 DEBUG [LineInfo_to_exitCode.log_LineInfo] 2026-09-04 11:18:55,579 [INFO] PluginManage:359 - Loaded plugin power (category:power,tabindex:4)
2026-09-04 11:18:55,580 DEBUG [LineInfo_to_exitCode.log_LineInfo] 2026-09-04 11:18:55,579 [INFO] PluginManage:310 - Check plugin projectmanager
2026-09-04 11:18:55,626 DEBUG [LineInfo_to_exitCode.log_LineInfo] 2026-09-04 11:18:55,625 [INFO] PluginManage:359 - Loaded plugin projectmanager (category:projectmanager,tabindex:4)
2026-09-04 11:18:55,626 DEBUG [LineInfo_to_exitCode.log_LineInfo] 2026-09-04 11:18:55,626 [INFO] PluginManage:310 - Check plugin rif
2026-09-04 11:18:55,631 DEBUG [LineInfo_to_exitCode.log_LineInfo] 2026-09-04 11:18:55,631 [INFO] PluginManage:359 - Loaded plugin rif (category:base,tabindex:3)
2026-09-04 11:18:55,633 DEBUG [LineInfo_to_exitCode.log_LineInfo] 2026-09-04 11:18:55,631 [INFO] PluginManage:310 - Check plugin thirdparty
2026-09-04 11:18:55,716 DEBUG [LineInfo_to_exitCode.log_LineInfo] 2026-09-04 11:18:55,715 [INFO] PluginManage:359 - Loaded plugin thirdparty (category:base,tabindex:-1)
2026-09-04 11:18:55,717 DEBUG [LineInfo_to_exitCode.log_LineInfo] 2026-09-04 11:18:55,716 [INFO] PluginManage:310 - Check plugin tools
2026-09-04 11:18:55,717 DEBUG [LineInfo_to_exitCode.log_LineInfo] 2026-09-04 11:18:55,716 [INFO] IntegrityCheckThread:86 - entering critical section [integrity check]
2026-09-04 11:18:55,717 DEBUG [LineInfo_to_exitCode.log_LineInfo] 2026-09-04 11:18:55,716 [INFO] ThirdPartyUpdaterWithRetryManager:70 - Updater plugin not ready yet. [1/15]
2026-09-04 11:18:55,717 DEBUG [LineInfo_to_exitCode.log_LineInfo] 2026-09-04 11:18:55,717 [INFO] PluginManage:359 - Loaded plugin tools (category:base,tabindex:7)
2026-09-04 11:18:55,718 DEBUG [LineInfo_to_exitCode.log_LineInfo] 2026-09-04 11:18:55,718 [INFO] PluginManage:310 - Check plugin tutovideos
2026-09-04 11:18:55,762 DEBUG [LineInfo_to_exitCode.log_LineInfo] 2026-09-04 11:18:55,762 [INFO] PluginManage:359 - Loaded plugin tutovideos (category:base,tabindex:-1)
2026-09-04 11:18:55,763 DEBUG [LineInfo_to_exitCode.log_LineInfo] 2026-09-04 11:18:55,762 [INFO] PluginManage:310 - Check plugin updater
2026-09-04 11:18:55,777 DEBUG [LineInfo_to_exitCode.log_LineInfo] 2026-09-04 11:18:55,777 [INFO] PluginManage:359 - Loaded plugin updater (category:base,tabindex:12)
2026-09-04 11:18:55,778 DEBUG [LineInfo_to_exitCode.log_LineInfo] 2026-09-04 11:18:55,777 [INFO] PluginManage:310 - Check plugin usernotification
2026-09-04 11:18:55,783 DEBUG [LineInfo_to_exitCode.log_LineInfo] 2026-09-04 11:18:55,783 [INFO] UserNotification:110 - Init UserNotification plugin
2026-09-04 11:18:55,784 DEBUG [LineInfo_to_exitCode.log_LineInfo] 2026-09-04 11:18:55,783 [INFO] PluginManage:359 - Loaded plugin usernotification (category:base,tabindex:19)
2026-09-04 11:18:55,784 DEBUG [LineInfo_to_exitCode.log_LineInfo] 2026-09-04 11:18:55,784 [INFO] PluginManage:283 - PluginManage : Loaded plugins [18]
2026-09-04 11:18:55,946 DEBUG [LineInfo_to_exitCode.log_LineInfo] 2026-09-04 11:18:55,946 [INFO] PinOutPanel:1500 - setPackage(No Configuration,No Configuration)
2026-09-04 11:18:56,002 DEBUG [LineInfo_to_exitCode.log_LineInfo] 2026-09-04 11:18:56,002 [INFO] CADModel:153 - CPN selected for project level
2026-09-04 11:18:56,002 DEBUG [LineInfo_to_exitCode.log_LineInfo] 2026-09-04 11:18:56,002 [INFO] CADModel:102 - Register for checkConnection events
2026-09-04 11:18:56,012 DEBUG [LineInfo_to_exitCode.log_LineInfo] 2026-09-04 11:18:56,011 [INFO] IPUIPlugin:83 - create IPUIPlugin
2026-09-04 11:18:56,012 DEBUG [LineInfo_to_exitCode.log_LineInfo] 2026-09-04 11:18:56,012 [INFO] PluginManager:220 - loadIPPluginJar : add adc
2026-09-04 11:18:56,014 DEBUG [LineInfo_to_exitCode.log_LineInfo] 2026-09-04 11:18:56,014 [INFO] IPUIPlugin:83 - create IPUIPlugin
2026-09-04 11:18:56,014 DEBUG [LineInfo_to_exitCode.log_LineInfo] 2026-09-04 11:18:56,014 [INFO] PluginManager:220 - loadIPPluginJar : add aes
2026-09-04 11:18:56,015 DEBUG [LineInfo_to_exitCode.log_LineInfo] 2026-09-04 11:18:56,015 [INFO] IPUIPlugin:83 - create IPUIPlugin
2026-09-04 11:18:56,016 DEBUG [LineInfo_to_exitCode.log_LineInfo] 2026-09-04 11:18:56,015 [INFO] PluginManager:220 - loadIPPluginJar : add can
2026-09-04 11:18:56,016 DEBUG [LineInfo_to_exitCode.log_LineInfo] 2026-09-04 11:18:56,016 [INFO] IPUIPlugin:83 - create IPUIPlugin
2026-09-04 11:18:56,017 DEBUG [LineInfo_to_exitCode.log_LineInfo] 2026-09-04 11:18:56,016 [INFO] PluginManager:220 - loadIPPluginJar : add comp
2026-09-04 11:18:56,018 DEBUG [LineInfo_to_exitCode.log_LineInfo] 2026-09-04 11:18:56,017 [INFO] IPUIPlugin:83 - create IPUIPlugin
2026-09-04 11:18:56,018 DEBUG [LineInfo_to_exitCode.log_LineInfo] 2026-09-04 11:18:56,018 [INFO] PluginManager:220 - loadIPPluginJar : add cryp
2026-09-04 11:18:56,020 DEBUG [LineInfo_to_exitCode.log_LineInfo] 2026-09-04 11:18:56,020 [INFO] IPUIPlugin:83 - create IPUIPlugin
2026-09-04 11:18:56,021 DEBUG [LineInfo_to_exitCode.log_LineInfo] 2026-09-04 11:18:56,020 [INFO] PluginManager:220 - loadIPPluginJar : add ddr_ctrl_phy
2026-09-04 11:18:56,022 DEBUG [LineInfo_to_exitCode.log_LineInfo] 2026-09-04 11:18:56,022 [INFO] IPUIPlugin:83 - create IPUIPlugin
2026-09-04 11:18:56,022 DEBUG [LineInfo_to_exitCode.log_LineInfo] 2026-09-04 11:18:56,022 [INFO] PluginManager:220 - loadIPPluginJar : add dfsdm
2026-09-04 11:18:56,025 DEBUG [LineInfo_to_exitCode.log_LineInfo] 2026-09-04 11:18:56,025 [INFO] IPUIPlugin:83 - create IPUIPlugin
2026-09-04 11:18:56,026 DEBUG [LineInfo_to_exitCode.log_LineInfo] 2026-09-04 11:18:56,026 [INFO] PluginManager:220 - loadIPPluginJar : add dma
2026-09-04 11:18:56,028 DEBUG [LineInfo_to_exitCode.log_LineInfo] 2026-09-04 11:18:56,027 [INFO] IPUIPlugin:83 - create IPUIPlugin
2026-09-04 11:18:56,028 DEBUG [LineInfo_to_exitCode.log_LineInfo] 2026-09-04 11:18:56,028 [INFO] PluginManager:220 - loadIPPluginJar : add dma3
2026-09-04 11:18:56,029 DEBUG [LineInfo_to_exitCode.log_LineInfo] 2026-09-04 11:18:56,029 [INFO] IPUIPlugin:83 - create IPUIPlugin
2026-09-04 11:18:56,029 DEBUG [LineInfo_to_exitCode.log_LineInfo] 2026-09-04 11:18:56,029 [INFO] PluginManager:220 - loadIPPluginJar : add extmemmanager
2026-09-04 11:18:56,030 DEBUG [LineInfo_to_exitCode.log_LineInfo] 2026-09-04 11:18:56,030 [INFO] IPUIPlugin:83 - create IPUIPlugin
2026-09-04 11:18:56,030 DEBUG [LineInfo_to_exitCode.log_LineInfo] 2026-09-04 11:18:56,030 [INFO] PluginManager:220 - loadIPPluginJar : add fatfs
2026-09-04 11:18:56,032 DEBUG [LineInfo_to_exitCode.log_LineInfo] 2026-09-04 11:18:56,032 [INFO] IPUIPlugin:83 - create IPUIPlugin
2026-09-04 11:18:56,032 DEBUG [LineInfo_to_exitCode.log_LineInfo] 2026-09-04 11:18:56,032 [INFO] PluginManager:220 - loadIPPluginJar : add fmc
2026-09-04 11:18:56,035 DEBUG [LineInfo_to_exitCode.log_LineInfo] 2026-09-04 11:18:56,035 [INFO] IPUIPlugin:83 - create IPUIPlugin
2026-09-04 11:18:56,036 DEBUG [LineInfo_to_exitCode.log_LineInfo] 2026-09-04 11:18:56,035 [INFO] PluginManager:220 - loadIPPluginJar : add freertos
2026-09-04 11:18:56,037 DEBUG [LineInfo_to_exitCode.log_LineInfo] 2026-09-04 11:18:56,037 [INFO] IPUIPlugin:83 - create IPUIPlugin
2026-09-04 11:18:56,037 DEBUG [LineInfo_to_exitCode.log_LineInfo] 2026-09-04 11:18:56,037 [INFO] PluginManager:220 - loadIPPluginJar : add genericplugin
2026-09-04 11:18:56,038 DEBUG [LineInfo_to_exitCode.log_LineInfo] 2026-09-04 11:18:56,038 [INFO] IPUIPlugin:83 - create IPUIPlugin
2026-09-04 11:18:56,038 DEBUG [LineInfo_to_exitCode.log_LineInfo] 2026-09-04 11:18:56,038 [INFO] PluginManager:220 - loadIPPluginJar : add gfxmmu
2026-09-04 11:18:56,041 DEBUG [LineInfo_to_exitCode.log_LineInfo] 2026-09-04 11:18:56,041 [INFO] IPUIPlugin:83 - create IPUIPlugin
2026-09-04 11:18:56,042 DEBUG [LineInfo_to_exitCode.log_LineInfo] 2026-09-04 11:18:56,041 [INFO] PluginManager:220 - loadIPPluginJar : add gic
2026-09-04 11:18:56,043 DEBUG [LineInfo_to_exitCode.log_LineInfo] 2026-09-04 11:18:56,043 [INFO] IPUIPlugin:83 - create IPUIPlugin
2026-09-04 11:18:56,044 DEBUG [LineInfo_to_exitCode.log_LineInfo] 2026-09-04 11:18:56,043 [INFO] PluginManager:220 - loadIPPluginJar : add gpio
2026-09-04 11:18:56,045 DEBUG [LineInfo_to_exitCode.log_LineInfo] 2026-09-04 11:18:56,045 [INFO] IPUIPlugin:83 - create IPUIPlugin
2026-09-04 11:18:56,045 DEBUG [LineInfo_to_exitCode.log_LineInfo] 2026-09-04 11:18:56,045 [INFO] PluginManager:220 - loadIPPluginJar : add gtzc
2026-09-04 11:18:56,046 DEBUG [LineInfo_to_exitCode.log_LineInfo] 2026-09-04 11:18:56,046 [INFO] IPUIPlugin:83 - create IPUIPlugin
2026-09-04 11:18:56,047 DEBUG [LineInfo_to_exitCode.log_LineInfo] 2026-09-04 11:18:56,046 [INFO] PluginManager:220 - loadIPPluginJar : add hash
2026-09-04 11:18:56,050 DEBUG [LineInfo_to_exitCode.log_LineInfo] 2026-09-04 11:18:56,049 [INFO] IPUIPlugin:83 - create IPUIPlugin
2026-09-04 11:18:56,050 DEBUG [LineInfo_to_exitCode.log_LineInfo] 2026-09-04 11:18:56,050 [INFO] PluginManager:220 - loadIPPluginJar : add hsp_engine
2026-09-04 11:18:56,051 DEBUG [LineInfo_to_exitCode.log_LineInfo] 2026-09-04 11:18:56,051 [INFO] IPUIPlugin:83 - create IPUIPlugin
2026-09-04 11:18:56,051 DEBUG [LineInfo_to_exitCode.log_LineInfo] 2026-09-04 11:18:56,051 [INFO] PluginManager:220 - loadIPPluginJar : add i2c
2026-09-04 11:18:56,052 DEBUG [LineInfo_to_exitCode.log_LineInfo] 2026-09-04 11:18:56,052 [INFO] IPUIPlugin:83 - create IPUIPlugin
2026-09-04 11:18:56,052 DEBUG [LineInfo_to_exitCode.log_LineInfo] 2026-09-04 11:18:56,052 [INFO] PluginManager:220 - loadIPPluginJar : add i2s
2026-09-04 11:18:56,054 DEBUG [LineInfo_to_exitCode.log_LineInfo] 2026-09-04 11:18:56,054 [INFO] IPUIPlugin:83 - create IPUIPlugin
2026-09-04 11:18:56,054 DEBUG [LineInfo_to_exitCode.log_LineInfo] 2026-09-04 11:18:56,054 [INFO] PluginManager:220 - loadIPPluginJar : add i3c
2026-09-04 11:18:56,057 DEBUG [LineInfo_to_exitCode.log_LineInfo] 2026-09-04 11:18:56,056 [INFO] IPUIPlugin:83 - create IPUIPlugin
2026-09-04 11:18:56,057 DEBUG [LineInfo_to_exitCode.log_LineInfo] 2026-09-04 11:18:56,057 [INFO] PluginManager:220 - loadIPPluginJar : add ipddr
2026-09-04 11:18:56,061 DEBUG [LineInfo_to_exitCode.log_LineInfo] 2026-09-04 11:18:56,061 [INFO] IPUIPlugin:83 - create IPUIPlugin
2026-09-04 11:18:56,061 DEBUG [LineInfo_to_exitCode.log_LineInfo] 2026-09-04 11:18:56,061 [INFO] PluginManager:220 - loadIPPluginJar : add linkedlist
2026-09-04 11:18:56,063 DEBUG [LineInfo_to_exitCode.log_LineInfo] 2026-09-04 11:18:56,063 [INFO] IPUIPlugin:83 - create IPUIPlugin
2026-09-04 11:18:56,063 DEBUG [LineInfo_to_exitCode.log_LineInfo] 2026-09-04 11:18:56,063 [INFO] PluginManager:220 - loadIPPluginJar : add lorawan
2026-09-04 11:18:56,064 DEBUG [LineInfo_to_exitCode.log_LineInfo] 2026-09-04 11:18:56,064 [INFO] IPUIPlugin:83 - create IPUIPlugin
2026-09-04 11:18:56,064 DEBUG [LineInfo_to_exitCode.log_LineInfo] 2026-09-04 11:18:56,064 [INFO] PluginManager:220 - loadIPPluginJar : add ltdc
2026-09-04 11:18:56,067 DEBUG [LineInfo_to_exitCode.log_LineInfo] 2026-09-04 11:18:56,067 [INFO] IPUIPlugin:83 - create IPUIPlugin
2026-09-04 11:18:56,067 DEBUG [LineInfo_to_exitCode.log_LineInfo] 2026-09-04 11:18:56,067 [INFO] PluginManager:220 - loadIPPluginJar : add mdma
2026-09-04 11:18:56,069 DEBUG [LineInfo_to_exitCode.log_LineInfo] 2026-09-04 11:18:56,069 [INFO] IPUIPlugin:83 - create IPUIPlugin
2026-09-04 11:18:56,070 DEBUG [LineInfo_to_exitCode.log_LineInfo] 2026-09-04 11:18:56,069 [INFO] PluginManager:220 - loadIPPluginJar : add nvic
2026-09-04 11:18:56,071 DEBUG [LineInfo_to_exitCode.log_LineInfo] 2026-09-04 11:18:56,071 [INFO] IPUIPlugin:83 - create IPUIPlugin
2026-09-04 11:18:56,071 DEBUG [LineInfo_to_exitCode.log_LineInfo] 2026-09-04 11:18:56,071 [INFO] PluginManager:220 - loadIPPluginJar : add opamp
2026-09-04 11:18:56,072 DEBUG [LineInfo_to_exitCode.log_LineInfo] 2026-09-04 11:18:56,072 [INFO] IPUIPlugin:83 - create IPUIPlugin
2026-09-04 11:18:56,072 DEBUG [LineInfo_to_exitCode.log_LineInfo] 2026-09-04 11:18:56,072 [INFO] PluginManager:220 - loadIPPluginJar : add openamp
2026-09-04 11:18:56,074 DEBUG [LineInfo_to_exitCode.log_LineInfo] 2026-09-04 11:18:56,074 [INFO] IPUIPlugin:83 - create IPUIPlugin
2026-09-04 11:18:56,074 DEBUG [LineInfo_to_exitCode.log_LineInfo] 2026-09-04 11:18:56,074 [INFO] PluginManager:220 - loadIPPluginJar : add pdm2pcm
2026-09-04 11:18:56,077 DEBUG [LineInfo_to_exitCode.log_LineInfo] 2026-09-04 11:18:56,077 [INFO] IPUIPlugin:83 - create IPUIPlugin
2026-09-04 11:18:56,079 DEBUG [LineInfo_to_exitCode.log_LineInfo] 2026-09-04 11:18:56,079 [INFO] PluginManager:220 - loadIPPluginJar : add plateformsettings
2026-09-04 11:18:56,080 DEBUG [LineInfo_to_exitCode.log_LineInfo] 2026-09-04 11:18:56,080 [INFO] IPUIPlugin:83 - create IPUIPlugin
2026-09-04 11:18:56,080 DEBUG [LineInfo_to_exitCode.log_LineInfo] 2026-09-04 11:18:56,080 [INFO] PluginManager:220 - loadIPPluginJar : add quadspi
2026-09-04 11:18:56,081 DEBUG [LineInfo_to_exitCode.log_LineInfo] 2026-09-04 11:18:56,081 [INFO] IPUIPlugin:83 - create IPUIPlugin
2026-09-04 11:18:56,082 DEBUG [LineInfo_to_exitCode.log_LineInfo] 2026-09-04 11:18:56,082 [INFO] PluginManager:220 - loadIPPluginJar : add radio
2026-09-04 11:18:56,084 DEBUG [LineInfo_to_exitCode.log_LineInfo] 2026-09-04 11:18:56,083 [INFO] IPUIPlugin:83 - create IPUIPlugin
2026-09-04 11:18:56,084 DEBUG [LineInfo_to_exitCode.log_LineInfo] 2026-09-04 11:18:56,084 [INFO] PluginManager:220 - loadIPPluginJar : add resmgrutility
2026-09-04 11:18:56,085 DEBUG [LineInfo_to_exitCode.log_LineInfo] 2026-09-04 11:18:56,085 [INFO] IPUIPlugin:83 - create IPUIPlugin
2026-09-04 11:18:56,085 DEBUG [LineInfo_to_exitCode.log_LineInfo] 2026-09-04 11:18:56,085 [INFO] PluginManager:220 - loadIPPluginJar : add sai
2026-09-04 11:18:56,086 DEBUG [LineInfo_to_exitCode.log_LineInfo] 2026-09-04 11:18:56,086 [INFO] IPUIPlugin:83 - create IPUIPlugin
2026-09-04 11:18:56,086 DEBUG [LineInfo_to_exitCode.log_LineInfo] 2026-09-04 11:18:56,086 [INFO] PluginManager:220 - loadIPPluginJar : add spi
2026-09-04 11:18:56,090 DEBUG [LineInfo_to_exitCode.log_LineInfo] 2026-09-04 11:18:56,090 [INFO] IPUIPlugin:83 - create IPUIPlugin
2026-09-04 11:18:56,091 DEBUG [LineInfo_to_exitCode.log_LineInfo] 2026-09-04 11:18:56,090 [INFO] PluginManager:220 - loadIPPluginJar : add stm32_wpan
2026-09-04 11:18:56,092 DEBUG [LineInfo_to_exitCode.log_LineInfo] 2026-09-04 11:18:56,091 [INFO] IPUIPlugin:83 - create IPUIPlugin
2026-09-04 11:18:56,092 DEBUG [LineInfo_to_exitCode.log_LineInfo] 2026-09-04 11:18:56,091 [INFO] PluginManager:220 - loadIPPluginJar : add tim
2026-09-04 11:18:56,093 DEBUG [LineInfo_to_exitCode.log_LineInfo] 2026-09-04 11:18:56,093 [INFO] IPUIPlugin:83 - create IPUIPlugin
2026-09-04 11:18:56,093 DEBUG [LineInfo_to_exitCode.log_LineInfo] 2026-09-04 11:18:56,093 [INFO] PluginManager:220 - loadIPPluginJar : add touchsensing
2026-09-04 11:18:56,094 DEBUG [LineInfo_to_exitCode.log_LineInfo] 2026-09-04 11:18:56,094 [INFO] IPUIPlugin:83 - create IPUIPlugin
2026-09-04 11:18:56,095 DEBUG [LineInfo_to_exitCode.log_LineInfo] 2026-09-04 11:18:56,094 [INFO] PluginManager:220 - loadIPPluginJar : add tracer_emb
2026-09-04 11:18:56,096 DEBUG [LineInfo_to_exitCode.log_LineInfo] 2026-09-04 11:18:56,095 [INFO] IPUIPlugin:83 - create IPUIPlugin
2026-09-04 11:18:56,096 DEBUG [LineInfo_to_exitCode.log_LineInfo] 2026-09-04 11:18:56,095 [INFO] PluginManager:220 - loadIPPluginJar : add ts
2026-09-04 11:18:56,096 DEBUG [LineInfo_to_exitCode.log_LineInfo] 2026-09-04 11:18:56,096 [INFO] IPUIPlugin:83 - create IPUIPlugin
2026-09-04 11:18:56,097 DEBUG [LineInfo_to_exitCode.log_LineInfo] 2026-09-04 11:18:56,096 [INFO] PluginManager:220 - loadIPPluginJar : add tsc
2026-09-04 11:18:56,097 DEBUG [LineInfo_to_exitCode.log_LineInfo] 2026-09-04 11:18:56,097 [INFO] IPUIPlugin:83 - create IPUIPlugin
2026-09-04 11:18:56,097 DEBUG [LineInfo_to_exitCode.log_LineInfo] 2026-09-04 11:18:56,097 [INFO] PluginManager:220 - loadIPPluginJar : add ucpd
2026-09-04 11:18:56,099 DEBUG [LineInfo_to_exitCode.log_LineInfo] 2026-09-04 11:18:56,099 [INFO] IPUIPlugin:83 - create IPUIPlugin
2026-09-04 11:18:56,099 DEBUG [LineInfo_to_exitCode.log_LineInfo] 2026-09-04 11:18:56,099 [INFO] PluginManager:220 - loadIPPluginJar : add usart
2026-09-04 11:18:56,100 DEBUG [LineInfo_to_exitCode.log_LineInfo] 2026-09-04 11:18:56,100 [INFO] IPUIPlugin:83 - create IPUIPlugin
2026-09-04 11:18:56,100 DEBUG [LineInfo_to_exitCode.log_LineInfo] 2026-09-04 11:18:56,100 [INFO] PluginManager:220 - loadIPPluginJar : add usbx
2026-09-04 11:18:56,117 DEBUG [LineInfo_to_exitCode.log_LineInfo] 2026-09-04 11:18:56,117 [INFO] Updater:1136 - Updater Version found : 6.18.1
2026-09-04 11:18:56,139 DEBUG [LineInfo_to_exitCode.log_LineInfo] 2026-09-04 11:18:56,127 [INFO] ApplicationProperties:184 - Using Application install path: C:\Users\azmib\AppData\Local\Programs\STM32CubeMX
2026-09-04 11:18:57,724 DEBUG [LineInfo_to_exitCode.log_LineInfo] mx [ERROR] stderr - Sep 04, 2026 11:18:57 AM java.util.prefs.WindowsPreferences <init>
2026-09-04 11:18:57,725 DEBUG [LineInfo_to_exitCode.log_LineInfo] mx [ERROR] stderr - WARNING: Could not open/create prefs root node Software\JavaSoft\Prefs at root 0xffffffff80000002. Windows RegCreateKeyEx(...) returned error code 5.
2026-09-04 11:18:58,390 DEBUG [LineInfo_to_exitCode.log_LineInfo] 2026-09-04 11:18:58,389 [INFO] MainUpdater:2878 - connection check result : 10
2026-09-04 11:18:58,390 DEBUG [LineInfo_to_exitCode.log_LineInfo] 2026-09-04 11:18:58,390 [INFO] MainUpdater:287 - Updater Check For Update Now.
2026-09-04 11:18:58,390 DEBUG [LineInfo_to_exitCode.log_LineInfo] 2026-09-04 11:18:58,390 [INFO] MicroXplorer:498 - Change Database Version : DB.6.0.181
2026-09-04 11:18:58,488 DEBUG [LineInfo_to_exitCode.log_LineInfo] 2026-09-04 11:18:58,487 [INFO] RulesReader:64 - Compatibility file has been processed (337 Rules)
2026-09-04 11:18:58,503 DEBUG [LineInfo_to_exitCode.log_LineInfo] 2026-09-04 11:18:58,502 [INFO] RulesReader:64 - Compatibility file has been processed (337 Rules)
2026-09-04 11:18:58,516 DEBUG [LineInfo_to_exitCode.log_LineInfo] 2026-09-04 11:18:58,515 [INFO] CADModel:153 - CPN selected for project level
2026-09-04 11:18:58,516 DEBUG [LineInfo_to_exitCode.log_LineInfo] 2026-09-04 11:18:58,516 [INFO] CADModel:102 - Register for checkConnection events
2026-09-04 11:18:58,599 DEBUG [LineInfo_to_exitCode.log_LineInfo] 2026-09-04 11:18:58,599 [INFO] CheckServerUpdateThread:120 - End of CheckServer Thread
2026-09-04 11:18:58,706 DEBUG [LineInfo_to_exitCode.log_LineInfo] 2026-09-04 11:18:58,705 [INFO] CADModel:153 - CPN selected for project level
2026-09-04 11:18:58,706 DEBUG [LineInfo_to_exitCode.log_LineInfo] 2026-09-04 11:18:58,706 [INFO] CADModel:102 - Register for checkConnection events
2026-09-04 11:18:58,793 DEBUG [LineInfo_to_exitCode.log_LineInfo] 2026-09-04 11:18:58,792 [INFO] HomeAdPanel:117 - Auto-refresh data requested => check proxy status ongoing
2026-09-04 11:18:59,032 DEBUG [LineInfo_to_exitCode.log_LineInfo] 2026-09-04 11:18:59,031 [INFO] ServerAccessManage:452 - Complete download http(s) 200
2026-09-04 11:18:59,032 DEBUG [LineInfo_to_exitCode.log_LineInfo] 2026-09-04 11:18:59,031 [INFO] ServerAccessManage:509 - Download File 
2026-09-04 11:18:59,037 DEBUG [LineInfo_to_exitCode.log_LineInfo] 2026-09-04 11:18:59,037 [INFO] LoadUrlFilesThread:185 - End of LoadServerUrlFiles without Thread
2026-09-04 11:18:59,053 DEBUG [LineInfo_to_exitCode.log_LineInfo] 2026-09-04 11:18:59,053 [INFO] DbMcusAds:53 - JSON generation date=Wed Jul 15 11:44:54 CEST 2026 (1784108694001)
2026-09-04 11:18:59,055 DEBUG [LineInfo_to_exitCode.log_LineInfo] 2026-09-04 11:18:59,054 [INFO] LoadUrlFilesThread:185 - End of LoadServerUrlFiles without Thread
2026-09-04 11:18:59,055 DEBUG [LineInfo_to_exitCode.log_LineInfo] 2026-09-04 11:18:59,055 [INFO] HomeAdPanel:128 - Refresh advertisement image is successful
2026-09-04 11:18:59,130 DEBUG [LineInfo_to_exitCode.log_LineInfo] 2026-09-04 11:18:59,129 [INFO] LoadUrlFilesThread:185 - End of LoadServerUrlFiles without Thread
2026-09-04 11:18:59,141 DEBUG [LineInfo_to_exitCode.log_LineInfo] 2026-09-04 11:18:59,141 [INFO] DetailPanel:341 - Set advertising image to C:/Users/azmib/STM32Cube/Repository/\en.stm32h5cubemxbanner.png
2026-09-04 11:18:59,346 DEBUG [LineInfo_to_exitCode.log_LineInfo] 2026-09-04 11:18:59,346 [INFO] LoadUrlFilesThread:185 - End of LoadServerUrlFiles without Thread
2026-09-04 11:18:59,465 DEBUG [LineInfo_to_exitCode.log_LineInfo] 2026-09-04 11:18:59,464 [INFO] LoadUrlFilesThread:185 - End of LoadServerUrlFiles without Thread
2026-09-04 11:18:59,465 DEBUG [LineInfo_to_exitCode.log_LineInfo] 2026-09-04 11:18:59,465 [INFO] DetailPanel:341 - Set advertising image to C:/Users/azmib/STM32Cube/Repository/\en.stm32h5cubemxbanner.png
2026-09-04 11:18:59,501 DEBUG [LineInfo_to_exitCode.log_LineInfo] 2026-09-04 11:18:59,501 [INFO] ServerAccessManage:452 - Complete download http(s) 200
2026-09-04 11:18:59,502 DEBUG [LineInfo_to_exitCode.log_LineInfo] 2026-09-04 11:18:59,501 [INFO] ServerAccessManage:509 - Download File 
2026-09-04 11:18:59,503 DEBUG [LineInfo_to_exitCode.log_LineInfo] 2026-09-04 11:18:59,503 [INFO] LoadUrlFilesThread:185 - End of LoadServerUrlFiles without Thread
2026-09-04 11:18:59,503 DEBUG [LineInfo_to_exitCode.log_LineInfo] 2026-09-04 11:18:59,503 [INFO] ComparatorMD5DB:85 - Refresh file md5.xml
2026-09-04 11:18:59,734 DEBUG [LineInfo_to_exitCode.log_LineInfo] 2026-09-04 11:18:59,734 [INFO] ThirdParty:981 - Integrity check success = true
2026-09-04 11:18:59,735 DEBUG [LineInfo_to_exitCode.log_LineInfo] 2026-09-04 11:18:59,734 [INFO] IntegrityCheckThread:100 - exiting critical section [integrity check]
2026-09-04 11:18:59,735 DEBUG [LineInfo_to_exitCode.log_LineInfo] 2026-09-04 11:18:59,734 [INFO] IntegrityCheckThread:103 - End integrity checks thread
2026-09-04 11:18:59,863 DEBUG [LineInfo_to_exitCode.log_LineInfo] 2026-09-04 11:18:59,863 [INFO] MainFrame:215 - [MX] HOME_PANEL == 135840273041700
2026-09-04 11:18:59,866 DEBUG [LineInfo_to_exitCode.log_LineInfo] 2026-09-04 11:18:59,866 [INFO] MainFrame:590 - Register for checkConnection events
2026-09-04 11:18:59,867 DEBUG [LineInfo_to_exitCode.log_LineInfo] 2026-09-04 11:18:59,867 [INFO] FastPollingNetworkMonitor:182 - Apply proxy settings
2026-09-04 11:18:59,868 DEBUG [LineInfo_to_exitCode.log_LineInfo] 2026-09-04 11:18:59,868 [INFO] FastPollingNetworkMonitor:201 - Direct internet connection detected
2026-09-04 11:18:59,877 DEBUG [LineInfo_to_exitCode.log_LineInfo] 2026-09-04 11:18:59,876 [INFO] FastPollingNetworkMonitor:158 - Register for checkConnection events
2026-09-04 11:18:59,887 DEBUG [LineInfo_to_exitCode.log_LineInfo] 2026-09-04 11:18:59,887 [INFO] MicroXplorer:468 - Change Database Path : 
2026-09-04 11:18:59,888 DEBUG [LineInfo_to_exitCode.log_LineInfo] 2026-09-04 11:18:59,887 [INFO] MicroXplorer:498 - Change Database Version : DB.6.0.181
2026-09-04 11:18:59,908 DEBUG [LineInfo_to_exitCode.log_LineInfo] 2026-09-04 11:18:59,908 [INFO] ThirdParty:876 - entering critical section [close project]
2026-09-04 11:18:59,910 DEBUG [LineInfo_to_exitCode.log_LineInfo] 2026-09-04 11:18:59,910 [INFO] ThirdParty:886 - exiting critical section [close project]
2026-09-04 11:18:59,916 DEBUG [LineInfo_to_exitCode.log_LineInfo] 2026-09-04 11:18:59,916 [INFO] PinOutPanel:1500 - setPackage(No Configuration,No Configuration)
2026-09-04 11:18:59,940 DEBUG [LineInfo_to_exitCode.log_LineInfo] 2026-09-04 11:18:59,940 [INFO] UtilMem:75 - Begin LoadConfig() Used Memory: 113182104 Bytes (169869312)
2026-09-04 11:18:59,946 DEBUG [LineInfo_to_exitCode.log_LineInfo] 2026-09-04 11:18:59,946 [INFO] MicroXplorer:468 - Change Database Path : 
2026-09-04 11:18:59,947 DEBUG [LineInfo_to_exitCode.log_LineInfo] 2026-09-04 11:18:59,946 [INFO] MicroXplorer:498 - Change Database Version : DB.6.0.181
2026-09-04 11:18:59,947 DEBUG [LineInfo_to_exitCode.log_LineInfo] 2026-09-04 11:18:59,946 [INFO] OpenFileManager:370 - Change cursor
2026-09-04 11:18:59,996 DEBUG [LineInfo_to_exitCode.log_LineInfo] 2026-09-04 11:18:59,996 [INFO] Mcu:2036 - Initializing MCU STM32G431R(6-8-B)Tx STM32G431RBTx 
2026-09-04 11:19:00,153 DEBUG [LineInfo_to_exitCode.log_LineInfo] 2026-09-04 11:19:00,152 [INFO] ApiDb:581 - Connected to CubeFinder SQLite database (C:\Users\azmib\.stmcufinder\plugins\mcufinder\mcu\cube-finder-db.db)
2026-09-04 11:19:00,219 DEBUG [LineInfo_to_exitCode.log_LineInfo] 2026-09-04 11:19:00,218 [INFO] ApiDb:668 - CubeFinder database Data Model version=2.1
2026-09-04 11:19:00,220 DEBUG [LineInfo_to_exitCode.log_LineInfo] 2026-09-04 11:19:00,218 [INFO] ApiDb:669 - CubeFinder database Configuration version=3.0.42
2026-09-04 11:19:00,220 DEBUG [LineInfo_to_exitCode.log_LineInfo] 2026-09-04 11:19:00,219 [INFO] ApiDb:670 - CubeFinder database generation date=2026-08-04 (1785840812)
2026-09-04 11:19:00,220 DEBUG [LineInfo_to_exitCode.log_LineInfo] 2026-09-04 11:19:00,219 [INFO] ApiDb:671 - CubeFinder database FW Pack versions=[FP-ATR-ASTRA1_V2.0.0, FP-SNS-FLIGHT1_V5.1.0, FP-SNS-MOTENV1_V5.1.0, FP-SNS-MOTENVWB1_V1.5.0, FP-SNS-SMARTAG2_V1.2.0, FP-SNS-STBOX1_V2.1.0, STM32Cube_FW_C0_V1.4.1, STM32Cube_FW_F4_V1.28.3, STM32Cube_FW_F7_V1.17.4, STM32Cube_FW_G0_V1.6.3, STM32Cube_FW_G4_V1.6.2, STM32Cube_FW_H5_V1.7.0, STM32Cube_FW_H7RS_V1.3.0, STM32Cube_FW_H7_V1.13.0, STM32Cube_FW_L0_V1.12.2, STM32Cube_FW_L4_V1.18.2, STM32Cube_FW_L5_V1.6.0, STM32Cube_FW_N6_V1.4.0, STM32Cube_FW_U0_V1.3.0, STM32Cube_FW_U3_V1.4.0, STM32Cube_FW_U5_V1.9.0, STM32Cube_FW_WB0_V1.5.0, STM32Cube_FW_WBA_V1.10.0, STM32Cube_FW_WB_V1.24.0, STM32Cube_FW_WL3_V1.5.0, STM32Cube_FW_WL_V1.6.0, X-CUBE-ALGOBUILD_V1.5.0, X-CUBE-ALS_V1.0.2, X-CUBE-AZRTOS-F4_V1.1.0, X-CUBE-AZRTOS-F7_V1.1.0, X-CUBE-AZRTOS-G0_V1.1.0, X-CUBE-AZRTOS-G4_V2.0.0, X-CUBE-AZRTOS-H7RS_V1.3.0, X-CUBE-AZRTOS-H7_V3.5.0, X-CUBE-AZRTOS-L4_V2.0.0, X-CUBE-AZRTOS-L5_V2.0.0, X-CUBE-AZRTOS-WB_V2.0.0, X-CUBE-AZRTOS-WL_V2.0.0, X-CUBE-BLE1_V7.1.0, X-CUBE-BLE2_V3.3.0, X-CUBE-BLEMGR_V4.2.0, X-CUBE-EEPRMA1_V5.2.0, X-CUBE-FREERTOS_V1.6.0, X-CUBE-GNSS1_V7.1.1, X-CUBE-MEMS1_V13.0.0, X-CUBE-NFC4_V3.0.0, X-CUBE-NFC7_V2.0.0, X-CUBE-SFXS2LP1_V4.0.0, X-CUBE-ST67W61_V1.3.0, X-CUBE-SUBG2_V5.0.0, X-CUBE-TOF1_V3.4.3]
2026-09-04 11:19:01,752 DEBUG [LineInfo_to_exitCode.log_LineInfo] 2026-09-04 11:19:01,751 [INFO] ApiDb:240 - Found 1237 in-development CPN: [B-G473E-ZEST1S, B-WB1M-WPAN1, B-WBA5M-WPAN, B-WBA6M-WPAN, B-WL5M-SUBG1, NUCLEO-C031C6, NUCLEO-C051C8, NUCLEO-C071RB, NUCLEO-C092RC, NUCLEO-H503RB, NUCLEO-H533RE, NUCLEO-H553ZG, NUCLEO-H563ZI, NUCLEO-H5E5ZJ, NUCLEO-H7S3L8, NUCLEO-U031R8, NUCLEO-U083RC, NUCLEO-U345RC-Q, NUCLEO-U366RE-Q, NUCLEO-U385RG-Q, NUCLEO-U3C5ZI-Q, NUCLEO-U545RE-Q, NUCLEO-U5A5ZJ-Q, NUCLEO-WB05KZ, NUCLEO-WB07CC, NUCLEO-WB09KE, NUCLEO-WBA25CE1, NUCLEO-WBA52CG, NUCLEO-WBA55CG, NUCLEO-WL3RKB1, NUCLEO-WL3RKB2, NUCLEO-WL43RE1, NUCLEO-WL43RE2, STEVAL-PROTEUS1, STEVAL-SMARTAG2, STEVAL-STWINBX1, STM320518-EVAL, STM32C0116-DK, STM32C011D6Y3TR, STM32C011D6Y6TR, STM32C011F4P3, STM32C011F4P6, STM32C011F4U3, STM32C011F4U6TR, STM32C011F6P3, STM32C011F6P6, STM32C011F6U3, STM32C011F6U6TR, STM32C011J4M3, STM32C011J4M6, STM32C011J6M3, STM32C011J6M6, STM32C0316-DK, STM32C031C4T3, STM32C031C4T6, STM32C031C4U3, STM32C031C4U6, STM32C031C6T3, STM32C031C6T6, STM32C031C6U3, STM32C031C6U6, STM32C031F4P3, STM32C031F4P6, STM32C031F6P3, STM32C031F6P6, STM32C031G4U3, STM32C031G4U6, STM32C031G6U3, STM32C031G6U6, STM32C031K4T3, STM32C031K4T6, STM32C031K4U3, STM32C031K4U6, STM32C031K6T3, STM32C031K6T6, STM32C031K6U3, STM32C031K6U6, STM32C051C6T6, STM32C051C6U6, STM32C051C8T6, STM32C051C8U6, STM32C051D8Y6TR, STM32C051F6P6, STM32C051F8P6, STM32C051G6U6, STM32C051G8U6, STM32C051K6T6, STM32C051K6U6, STM32C051K8T6, STM32C071C8T6, STM32C071C8T6N, STM32C071C8U6, STM32C071C8U6N, STM32C071CBT6, STM32C071CBT6N, STM32C071CBU6, STM32C071CBU6N, STM32C071F8P6, STM32C071F8P6N, STM32C071FBP6, STM32C071FBP6N, STM32C071FBY6TR, STM32C071G8U6, STM32C071G8U6N, STM32C071GBU6, STM32C071GBU6N, STM32C071K8T6, STM32C071K8T6N, STM32C071K8U6, STM32C071K8U6N, STM32C071KBT6, STM32C071KBT6N, STM32C071KBU6, STM32C071KBU6N, STM32C071R8T6, STM32C071R8T6N, STM32C071RBI6N, STM32C071RBT6, STM32C071RBT6N, STM32C091CBT6, STM32C091CBU6, STM32C091CCT6, STM32C091CCU6, STM32C091ECY6TR, STM32C091FBP6, STM32C091FCP6, STM32C091GBU6, STM32C091GCU6, STM32C091KBT6, STM32C091KBU6, STM32C091KCT6, STM32C091KCU6, STM32C091RBT6, STM32C091RCI6, STM32C091RCT6, STM32C092CBT6, STM32C092CBU6, STM32C092CCT6, STM32C092CCU6, STM32C092ECY6TR, STM32C092FBP6, STM32C092FCP6, STM32C092GBU6, STM32C092GCU6, STM32C092KBT6, STM32C092KBU6, STM32C092KCT6, STM32C092KCU6, STM32C092RBT6, STM32C092RCI6, STM32C092RCT6, STM32C531CBT6, STM32C531CBU6, STM32C531CCT6, STM32C531CCU6, STM32C531EBU6, STM32C531ECU6, STM32C531FBP6, STM32C531FBU6, STM32C531FCP6, STM32C531FCU6, STM32C531GBU6, STM32C531GCU6, STM32C531KBT6, STM32C531KBU6, STM32C531KCT6, STM32C531KCU6, STM32C531RBT6, STM32C531RCT6, STM32C532CBT6, STM32C532CBU6, STM32C532CCT6, STM32C532CCU6, STM32C532EBU6, STM32C532ECU6, STM32C532FBP6, STM32C532FBU6, STM32C532FCP6, STM32C532FCU6, STM32C532GBU6, STM32C532GCU6, STM32C532KBT6, STM32C532KBU6, STM32C532KCT6, STM32C532KCU6, STM32C532RBT6, STM32C532RCT6, STM32C542CCT6, STM32C542CCU6, STM32C542ECU6, STM32C542FCP6, STM32C542FCU6, STM32C542GCU6, STM32C542KCT6, STM32C542KCU6, STM32C542RCT6, STM32C591CET6, STM32C591CEU6, STM32C591CGT6, STM32C591CGU6, STM32C591KET6, STM32C591KEU6, STM32C591KGT6, STM32C591KGU6, STM32C591MET6, STM32C591MGT6, STM32C591RET6, STM32C591RGT6, STM32C591VET6, STM32C591VGT6, STM32C591ZET6, STM32C591ZGT6, STM32C593CET6, STM32C593CEU6, STM32C593CGT6, STM32C593CGU6, STM32C593KET6, STM32C593KEU6, STM32C593KGT6, STM32C593KGU6, STM32C593MET6, STM32C593MGT6, STM32C593RET6, STM32C593RGT6, STM32C593VET6, STM32C593VGT6, STM32C593ZET6, STM32C593ZGT6, STM32C5A3CGT6, STM32C5A3CGU6, STM32C5A3KGT6, STM32C5A3KGU6, STM32C5A3MGT6, STM32C5A3RGT6, STM32C5A3VGT6, STM32C5A3ZGT6, STM32F723RCV6, STM32F723REV6, STM32G071K8TXN, STM32G071K8UXN, STM32G081GBU6N, STM32G081KBT6N, STM32G081KBUXN, STM32G0B1CCT6N, STM32G0B1KCT6, STM32G0B1NEY6TR, STM32G0B1RCT6N, STM32G0C1CCT6, STM32G0C1CCT6N, STM32G0C1CCU6N, STM32G0C1CET6N, STM32G0C1CEU6N, STM32G0C1KCT6, STM32G0C1NEY6TR, STM32G0C1RCI6N, STM32G0C1RCT6N, STM32G0C1REI6N, STM32G0C1RET6N, STM32G0C1VCI6, STM32G0C1VEI6, STM32G411C6T3, STM32G411C6T6, STM32G411C6U3, STM32G411C6U6, STM32G411C8T3, STM32G411C8T6, STM32G411C8U3, STM32G411C8U6, STM32G411CBT3, STM32G411CBT6, STM32G411CBU3, STM32G411CBU6, STM32G411CCT3, STM32G411CCT6, STM32G411CCU3, STM32G411CCU6, STM32G411K6T3, STM32G411K6T6, STM32G411K6U3, STM32G411K6U6, STM32G411K8T3, STM32G411K8T6, STM32G411K8U3, STM32G411K8U6, STM32G411KBT3, STM32G411KBT6, STM32G411KBU3, STM32G411KBU6, STM32G411M6T3, STM32G411M6T6, STM32G411M8T3, STM32G411M8T6, STM32G411MBT3, STM32G411MBT6, STM32G411MCT3, STM32G411MCT6, STM32G411R6T3, STM32G411R6T6, STM32G411R8T3, STM32G411R8T6, STM32G411RBT3, STM32G411RBT6, STM32G411RCT3, STM32G411RCT6, STM32G414CBT3, STM32G414CBT6, STM32G414CBU3, STM32G414CBU6, STM32G414CCT3, STM32G414CCT6, STM32G414CCU3, STM32G414CCU6, STM32G414MBT3, STM32G414MBT6, STM32G414MCT3, STM32G414MCT6, STM32G414RBT3, STM32G414RBT6, STM32G414RCT3, STM32G414RCT6, STM32G414VBT3, STM32G414VBT6, STM32G414VCT3, STM32G414VCT6, STM32G431CBT3Z, STM32G431RBT3Z, STM32G471CCT6, STM32G471CCU6, STM32G471CET3, STM32G471CET6, STM32G471CEU3, STM32G471CEU6, STM32G471MCT6, STM32G471MET3, STM32G471MET6, STM32G471MEY6TR, STM32G471QCT6, STM32G471QET3, STM32G471RCT6, STM32G471RET3, STM32G471RET6, STM32G471VCH6, STM32G471VCI6, STM32G471VCT6, STM32G471VEH3, STM32G471VEH6, STM32G471VEI3, STM32G471VEI6, STM32G471VET3, STM32G471VET6, STM32G473QET3Z, STM32G473RET3Z, STM32G474CCT6, STM32G491CET3Z, STM32G491RET3Z, STM32H503CBT6, STM32H503CBU6, STM32H503EBY6TR, STM32H503KBU6, STM32H503RBT6, STM32H523CCT6, STM32H523CCU6, STM32H523CET6, STM32H523CEU6, STM32H523HEY6TR, STM32H523RCT6, STM32H523RET6, STM32H523VCI6, STM32H523VCT6, STM32H523VEI6, STM32H523VET6, STM32H523ZCJ6, STM32H523ZCT6, STM32H523ZEJ6, STM32H523ZET6, STM32H533CET6, STM32H533CEU6, STM32H533HEY6TR, STM32H533RET6, STM32H533VEI6, STM32H533VET6, STM32H533ZEJ6, STM32H533ZET6, STM32H543CET6, STM32H543CEU6, STM32H543CGT6, STM32H543CGU6, STM32H543RET6, STM32H543RGT6, STM32H543UGY6TR, STM32H543VEI6, STM32H543VET6, STM32H543VEZ3, STM32H543VGI6, STM32H543VGT6, STM32H543VGZ3, STM32H543ZEJ6, STM32H543ZET6, STM32H543ZEZ3, STM32H543ZGJ6, STM32H543ZGT6, STM32H543ZGZ3, STM32H553CGT6, STM32H553CGU6, STM32H553RGT6, STM32H553UGY6TR, STM32H553VGI6, STM32H553VGT6, STM32H553VGZ3, STM32H553ZGJ6, STM32H553ZGT6, STM32H553ZGZ3, STM32H562AGI6, STM32H562AII6, STM32H562IGK6, STM32H562IGT6, STM32H562IIK6, STM32H562IIT6, STM32H562RGT6, STM32H562RGV6, STM32H562RIT6, STM32H562RIV6, STM32H562VGT6, STM32H562VIT6, STM32H562ZGT6, STM32H562ZIT6, STM32H563AGI6, STM32H563AII3Q, STM32H563AII6, STM32H563IGK6, STM32H563IGT6, STM32H563IIK3Q, STM32H563IIK6, STM32H563IIT3Q, STM32H563IIT6, STM32H563MIY3QTR, STM32H563RGT6, STM32H563RGV6, STM32H563RIT6, STM32H563RIV6, STM32H563VGT6, STM32H563VIT3Q, STM32H563VIT6, STM32H563ZGT6, STM32H563ZIT3Q, STM32H563ZIT6, STM32H573AII3Q, STM32H573AII6, STM32H573I-DK, STM32H573IIK3Q, STM32H573IIK6, STM32H573IIT3Q, STM32H573IIT6, STM32H573MIY3QTR, STM32H573RIT6, STM32H573RIV6, STM32H573VIT3Q, STM32H573VIT6, STM32H573ZIT3Q, STM32H573ZIT6, STM32H5E4AJI6, STM32H5E4AJI7Q, STM32H5E4AKI6, STM32H5E4IJK6, STM32H5E4IJK7Q, STM32H5E4IJT6, STM32H5E4IJT7Q, STM32H5E4IKK6, STM32H5E4IKT6, STM32H5E4VJT6, STM32H5E4VJT7Q, STM32H5E4VKT6, STM32H5E4ZJJ6, STM32H5E4ZJJ7Q, STM32H5E4ZJT6, STM32H5E4ZJT7Q, STM32H5E4ZKJ6, STM32H5E4ZKT6, STM32H5E5IJK7Q, STM32H5E5IJT7Q, STM32H5E5IKK7Q, STM32H5E5IKT7Q, STM32H5E5LJH7Q, STM32H5E5LKH7Q, STM32H5E5VJY7QTR, STM32H5E5VKY7QTR, STM32H5E5ZJT6, STM32H5E5ZKT6, STM32H5F4AJI6, STM32H5F4AJI7Q, STM32H5F4IJK6, STM32H5F4IJK7Q, STM32H5F4IJT6, STM32H5F4IJT7Q, STM32H5F4VJT6, STM32H5F4VJT7Q, STM32H5F4ZJJ6, STM32H5F4ZJJ7Q, STM32H5F4ZJT6, STM32H5F4ZJT7Q, STM32H5F5IJK7Q, STM32H5F5IJT7Q, STM32H5F5J-DK, STM32H5F5LJH7Q, STM32H5F5VJY7QTR, STM32H5F5ZJT6, STM32H7R3A8I6, STM32H7R3I8K6, STM32H7R3I8T6, STM32H7R3L8H6, STM32H7R3L8H6H, STM32H7R3R8V6, STM32H7R3V8H6, STM32H7R3V8T6, STM32H7R3V8Y6TR, STM32H7R3Z8J6, STM32H7R3Z8T6, STM32H7R7A8I6, STM32H7R7I8K6, STM32H7R7I8T6, STM32H7R7L8H6, STM32H7R7L8H6H, STM32H7R7Z8J6, STM32H7S3A8I6, STM32H7S3I8K6, STM32H7S3I8T6, STM32H7S3L8H6, STM32H7S3L8H6H, STM32H7S3R8V6, STM32H7S3V8H6, STM32H7S3V8T6, STM32H7S3V8Y6TR, STM32H7S3Z8J6, STM32H7S3Z8T6, STM32H7S78-DK, STM32H7S7A8I6, STM32H7S7I8K6, STM32H7S7I8T6, STM32H7S7L8H6, STM32H7S7L8H6H, STM32H7S7Z8J6, STM32L4R5QGI6STR, STM32MP131AAE3, STM32MP131AAF3, STM32MP131AAG3, STM32MP131CAE3, STM32MP131CAF3, STM32MP131CAG3, STM32MP131DAE7, STM32MP131DAF7, STM32MP131DAG7, STM32MP131FAE7, STM32MP131FAF7, STM32MP131FAG7, STM32MP133AAE3, STM32MP133AAF3, STM32MP133AAG3, STM32MP133CAE3, STM32MP133CAF3, STM32MP133CAG3, STM32MP133DAE7, STM32MP133DAF7, STM32MP133DAG7, STM32MP133FAE7, STM32MP133FAF7, STM32MP133FAG7, STM32MP135AAE3, STM32MP135AAF3, STM32MP135AAG3, STM32MP135CAE3, STM32MP135CAF3, STM32MP135CAG3, STM32MP135DAE7, STM32MP135DAF7, STM32MP135DAG7, STM32MP135F-DK, STM32MP135FAE7, STM32MP135FAF7, STM32MP135FAF7T, STM32MP135FAF7U, STM32MP135FAG7, STM32MP211AAL3, STM32MP211AAM3, STM32MP211AAN3, STM32MP211AAO3, STM32MP211CAL3, STM32MP211CAM3, STM32MP211CAN3, STM32MP211CAO3, STM32MP211DAL3, STM32MP211DAM3, STM32MP211DAN3, STM32MP211DAO3, STM32MP211FAL3, STM32MP211FAM3, STM32MP211FAN3, STM32MP211FAO3, STM32MP213AAL3, STM32MP213AAM3, STM32MP213AAN3, STM32MP213AAO3, STM32MP213CAL3, STM32MP213CAM3, STM32MP213CAN3, STM32MP213CAO3, STM32MP213DAL3, STM32MP213DAM3, STM32MP213DAN3, STM32MP213DAO3, STM32MP213FAL3, STM32MP213FAM3, STM32MP213FAN3, STM32MP213FAO3, STM32MP215AAL3, STM32MP215AAM3, STM32MP215AAN3, STM32MP215AAO3, STM32MP215CAL3, STM32MP215CAM3, STM32MP215CAN3, STM32MP215CAO3, STM32MP215DAL3, STM32MP215DAM3, STM32MP215DAN3, STM32MP215DAO3, STM32MP215F-DK, STM32MP215FAL3, STM32MP215FAM3, STM32MP215FAN3, STM32MP215FAO3, STM32MP251AAI3, STM32MP251AAJ3, STM32MP251AAK3, STM32MP251AAL3, STM32MP251CAI3, STM32MP251CAJ3, STM32MP251CAK3, STM32MP251CAL3, STM32MP251DAI3, STM32MP251DAJ3, STM32MP251DAK3, STM32MP251DAL3, STM32MP251FAI3, STM32MP251FAJ3, STM32MP251FAK3, STM32MP251FAL3, STM32MP253AAI3, STM32MP253AAJ3, STM32MP253AAK3, STM32MP253AAL3, STM32MP253CAI3, STM32MP253CAJ3, STM32MP253CAK3, STM32MP253CAL3, STM32MP253DAI3, STM32MP253DAJ3, STM32MP253DAK3, STM32MP253DAL3, STM32MP253FAI3, STM32MP253FAJ3, STM32MP253FAK3, STM32MP253FAL3, STM32MP255AAI3, STM32MP255AAJ3, STM32MP255AAK3, STM32MP255AAL3, STM32MP255CAI3, STM32MP255CAJ3, STM32MP255CAK3, STM32MP255CAL3, STM32MP255DAI3, STM32MP255DAJ3, STM32MP255DAK3, STM32MP255DAL3, STM32MP255FAI3, STM32MP255FAJ3, STM32MP255FAK3, STM32MP255FAL3, STM32MP257AAI3, STM32MP257AAJ3, STM32MP257AAK3, STM32MP257AAL3, STM32MP257CAI3, STM32MP257CAJ3, STM32MP257CAK3, STM32MP257CAL3, STM32MP257DAI3, STM32MP257DAJ3, STM32MP257DAK3, STM32MP257DAL3, STM32MP257F-DK, STM32MP257F-EV1, STM32MP257FAI3, STM32MP257FAJ3, STM32MP257FAK3, STM32MP257FAL3, STM32N645A0H3Q, STM32N645A0H3QG, STM32N645B0H3Q, STM32N645I0H3Q, STM32N645L0H3Q, STM32N645X0H3Q, STM32N645Z0H3Q, STM32N647A0H3Q, STM32N647A0H3QG, STM32N655A0H3Q, STM32N655A0H3QG, STM32N655B0H3Q, STM32N655I0H3Q, STM32N655L0H3Q, STM32N655X0H3Q, STM32N655Z0H3Q, STM32U031C6T6, STM32U031C6U6, STM32U031C8T6, STM32U031C8U6, STM32U031F4P6, STM32U031F6P6, STM32U031F8P6, STM32U031G6Y6TR, STM32U031G8Y6TR, STM32U031K4U6, STM32U031K6U6, STM32U031K8U6, STM32U031R6I6, STM32U031R6T6, STM32U031R8I6, STM32U031R8T6, STM32U073C8T6, STM32U073C8U6, STM32U073CBT6, STM32U073CBU6, STM32U073CCT6, STM32U073CCU6, STM32U073H8Y6TR, STM32U073HBY6TR, STM32U073HCY6TR, STM32U073K8U6, STM32U073KBU6, STM32U073KCU6, STM32U073M8I6, STM32U073M8T6, STM32U073MBI6, STM32U073MBT6, STM32U073MCI6, STM32U073MCT6, STM32U073R8I6, STM32U073R8T6, STM32U073RBI6, STM32U073RBT6, STM32U073RCI6, STM32U073RCT6, STM32U083C-DK, STM32U083CCT6, STM32U083CCU6, STM32U083HCY6TR, STM32U083KCU6, STM32U083MCI6, STM32U083MCT6, STM32U083RCI6, STM32U083RCT6, STM32U335CBT6, STM32U335CBT6Q, STM32U335CBU6, STM32U335CBU6Q, STM32U335CBY6QTR, STM32U335CCT6, STM32U335CCT6Q, STM32U335CCU6, STM32U335CCU6Q, STM32U335CCY6QTR, STM32U335KBU6, STM32U335KBY6QTR, STM32U335KCU6, STM32U335KCY6QTR, STM32U335RBI6, STM32U335RBI6Q, STM32U335RBT6, STM32U335RBT6Q, STM32U335RCI6, STM32U335RCI6Q, STM32U335RCT6, STM32U335RCT6Q, STM32U345CCT6, STM32U345CCT6Q, STM32U345CCU6, STM32U345CCU6Q, STM32U345CCY6QTR, STM32U345KCU6, STM32U345KCY6QTR, STM32U345RCI6, STM32U345RCI6Q, STM32U345RCT6, STM32U345RCT6Q, STM32U356CCT6, STM32U356CCT6Q, STM32U356CCU6, STM32U356CCU6Q, STM32U356CCY6QTR, STM32U356CET6, STM32U356CET6Q, STM32U356CEU6, STM32U356CEU6Q, STM32U356CEY6QTR, STM32U356KCU6, STM32U356KEU6, STM32U356RCI6, STM32U356RCI6Q, STM32U356RCT6, STM32U356RCT6Q, STM32U356RCY6QTR, STM32U356REI6, STM32U356REI6Q, STM32U356RET6, STM32U356RET6Q, STM32U356REY6QTR, STM32U356VCI6, STM32U356VCI6Q, STM32U356VCT6, STM32U356VCT6Q, STM32U356VEI6, STM32U356VEI6Q, STM32U356VET6, STM32U356VET6Q, STM32U366CET6, STM32U366CET6Q, STM32U366CEU6, STM32U366CEU6Q, STM32U366CEY6QTR, STM32U366E-DK, STM32U366KEU6, STM32U366REI6, STM32U366REI6Q, STM32U366RET6, STM32U366RET6Q, STM32U366REY6QTR, STM32U366VEI6, STM32U366VEI6Q, STM32U366VET6, STM32U366VET6Q, STM32U375CET6, STM32U375CET6Q, STM32U375CEU6, STM32U375CEU6Q, STM32U375CEY6QTR, STM32U375CGT6, STM32U375CGT6Q, STM32U375CGU6, STM32U375CGU6Q, STM32U375CGY6QTR, STM32U375KEU6, STM32U375KGU6, STM32U375REI6, STM32U375REI6Q, STM32U375RET6, STM32U375RET6Q, STM32U375REY6GTR, STM32U375REY6QTR, STM32U375RGI6Q, STM32U375RGT6Q, STM32U375RGY6GTR, STM32U375RGY6QTR, STM32U375VEI6, STM32U375VEI6Q, STM32U375VET6, STM32U375VET6Q, STM32U375VGI6Q, STM32U375VGT6Q, STM32U385CGT6, STM32U385CGT6Q, STM32U385CGU6, STM32U385CGU6Q, STM32U385CGY6QTR, STM32U385KGU6, STM32U385RGI6, STM32U385RGI6Q, STM32U385RGT6, STM32U385RGT6Q, STM32U385RGY6GTR, STM32U385RGY6QTR, STM32U385VGI6, STM32U385VGI6Q, STM32U385VGT6, STM32U385VGT6Q, STM32U3B5CGT6, STM32U3B5CGT6Q, STM32U3B5CGU6, STM32U3B5CGU6Q, STM32U3B5CIT6, STM32U3B5CIT6Q, STM32U3B5CIU6, STM32U3B5CIU6Q, STM32U3B5JGY6QTR, STM32U3B5JIY6QTR, STM32U3B5QGI6, STM32U3B5QGI6Q, STM32U3B5QII6, STM32U3B5QII6Q, STM32U3B5RGT6, STM32U3B5RGT6Q, STM32U3B5RIT6, STM32U3B5RIT6Q, STM32U3B5VGT6, STM32U3B5VGT6Q, STM32U3B5VGY6QTR, STM32U3B5VIT6, STM32U3B5VIT6Q, STM32U3B5VIY6QTR, STM32U3B5WGY6QTR, STM32U3B5WIY6QTR, STM32U3B5ZGT6, STM32U3B5ZGT6Q, STM32U3B5ZIT6, STM32U3B5ZIT6Q, STM32U3C5CIT6, STM32U3C5CIT6Q, STM32U3C5CIU6, STM32U3C5CIU6Q, STM32U3C5JIY6QTR, STM32U3C5QII6, STM32U3C5QII6Q, STM32U3C5RIT6, STM32U3C5RIT6Q, STM32U3C5VIT6, STM32U3C5VIT6Q, STM32U3C5VIY6QTR, STM32U3C5WIY6QTR, STM32U3C5ZIT6, STM32U3C5ZIT6Q, STM32U535CBT6, STM32U535CBT6Q, STM32U535CBU6, STM32U535CBU6Q, STM32U535CCT6, STM32U535CCT6Q, STM32U535CCU6, STM32U535CCU6Q, STM32U535CET6, STM32U535CET6Q, STM32U535CEU6, STM32U535CEU6Q, STM32U535JEY6QTR, STM32U535NCY6QTR, STM32U535NEY6QTR, STM32U535RBI6, STM32U535RBI6Q, STM32U535RBT6, STM32U535RBT6Q, STM32U535RCI6, STM32U535RCI6Q, STM32U535RCT6, STM32U535RCT6Q, STM32U535REI6, STM32U535REI6Q, STM32U535RET6, STM32U535RET6Q, STM32U535VCI6, STM32U535VCI6Q, STM32U535VCT6, STM32U535VCT6Q, STM32U535VEI6, STM32U535VEI6Q, STM32U535VET6, STM32U535VET6Q, STM32U545CET6, STM32U545CET6Q, STM32U545CEU6, STM32U545CEU6Q, STM32U545JEY6QTR, STM32U545NEY6QTR, STM32U545REI6, STM32U545REI6Q, STM32U545RET6, STM32U545RET6Q, STM32U545VEI6, STM32U545VEI6Q, STM32U545VET6, STM32U545VET6Q, STM32U595AIH6, STM32U595AIH6Q, STM32U595AJH6, STM32U595AJH6Q, STM32U595QII6, STM32U595QII6Q, STM32U595QJI6, STM32U595QJI6Q, STM32U595RIT6, STM32U595RIT6Q, STM32U595RJT6, STM32U595RJT6Q, STM32U595VIT6, STM32U595VIT6Q, STM32U595VJT6, STM32U595VJT6Q, STM32U595ZIT6, STM32U595ZIT6Q, STM32U595ZIY6QTR, STM32U595ZJT6, STM32U595ZJT6Q, STM32U595ZJY6QTR, STM32U599BJY6QTR, STM32U599NIH6Q, STM32U599NJH6Q, STM32U599VIT6Q, STM32U599VJT6, STM32U599VJT6Q, STM32U599ZIT6Q, STM32U599ZIY6QTR, STM32U599ZJT6Q, STM32U599ZJY6QTR, STM32U5A5AJH6, STM32U5A5AJH6Q, STM32U5A5QII3Q, STM32U5A5QJI6, STM32U5A5QJI6Q, STM32U5A5RJT6, STM32U5A5RJT6Q, STM32U5A5VJT6, STM32U5A5VJT6Q, STM32U5A5ZJT6, STM32U5A5ZJT6Q, STM32U5A5ZJY6QTR, STM32U5A9BJY6QTR, STM32U5A9J-DK, STM32U5A9NJH6Q, STM32U5A9VJT6Q, STM32U5A9ZJT6Q, STM32U5A9ZJY6QTR, STM32U5F7VIT6, STM32U5F7VIT6Q, STM32U5F7VJT6, STM32U5F7VJT6Q, STM32U5F9BJY6QTR, STM32U5F9NJH6Q, STM32U5F9VIT6Q, STM32U5F9VJT6Q, STM32U5F9ZIJ6QTR, STM32U5F9ZIT6Q, STM32U5F9ZJJ6QTR, STM32U5F9ZJT6Q, STM32U5G7VJT6, STM32U5G7VJT6Q, STM32U5G9BJY6QTR, STM32U5G9J-DK1, STM32U5G9J-DK2, STM32U5G9NJH6Q, STM32U5G9VJT6Q, STM32U5G9ZJJ6QTR, STM32U5G9ZJT6Q, STM32V863AII3, STM32V863AII6, STM32V863AJI3, STM32V863AJI6, STM32V863IIK3, STM32V863IIK6, STM32V863IIT3, STM32V863IIT6, STM32V863IJK3, STM32V863IJK6, STM32V863IJT3, STM32V863IJT6, STM32V863RIV3, STM32V863RIV6, STM32V863RJV3, STM32V863RJV6, STM32V863VIH3, STM32V863VIH6, STM32V863VIT3, STM32V863VIT6, STM32V863VJH3, STM32V863VJH6, STM32V863VJT3, STM32V863VJT6, STM32V863XIH3, STM32V863XIH6, STM32V863XJH3, STM32V863XJH6, STM32V863ZIT3, STM32V863ZIT6, STM32V863ZJT3, STM32V863ZJT6, STM32V873AII3, STM32V873AII6, STM32V873AJI3, STM32V873AJI6, STM32V873IIK3, STM32V873IIK6, STM32V873IIT3, STM32V873IIT6, STM32V873IJK3, STM32V873IJK6, STM32V873IJT3, STM32V873IJT6, STM32V873RIV3, STM32V873RIV6, STM32V873RJV3, STM32V873RJV6, STM32V873VIH3, STM32V873VIH6, STM32V873VIT3, STM32V873VIT6, STM32V873VJH3, STM32V873VJH6, STM32V873VJT3, STM32V873VJT6, STM32V873XIH3, STM32V873XIH6, STM32V873XJH3, STM32V873XJH6, STM32V873ZIT3, STM32V873ZIT6, STM32V873ZJT3, STM32V873ZJT6, STM32WB05KZV6TR, STM32WB05KZV7TR, STM32WB05TZF6TR, STM32WB05TZF7TR, STM32WB06CCF6TR, STM32WB06CCF7TR, STM32WB06CCV6TR, STM32WB06CCV7TR, STM32WB06KCV6TR, STM32WB06KCV7TR, STM32WB07CCF6TR, STM32WB07CCF7TR, STM32WB07CCV6TR, STM32WB07CCV7TR, STM32WB07KCV6TR, STM32WB07KCV7TR, STM32WB09KEV6TR, STM32WB09KEV7TR, STM32WB09TEF6TR, STM32WB09TEF7TR, STM32WB1MMCH6, STM32WBA23CEU6, STM32WBA23CEU6TR, STM32WBA23CEU7, STM32WBA23CEU7TR, STM32WBA23KEU6, STM32WBA23KEU6TR, STM32WBA23KEU7, STM32WBA23KEU7TR, STM32WBA25CEU6, STM32WBA25CEU6TR, STM32WBA25CEU7, STM32WBA25CEU7TR, STM32WBA25HEF6, STM32WBA25HEF6TR, STM32WBA25HEF7, STM32WBA25HEF7TR, STM32WBA50KGU6, STM32WBA50KGU6TR, STM32WBA52CEU6, STM32WBA52CEU6TR, STM32WBA52CEU7, STM32WBA52CEU7TR, STM32WBA52CGU6, STM32WBA52CGU6TR, STM32WBA52CGU7, STM32WBA52CGU7TR, STM32WBA52KEU6, STM32WBA52KEU6TR, STM32WBA52KGU6, STM32WBA52KGU6TR, STM32WBA54CEU6, STM32WBA54CEU6TR, STM32WBA54CEU7, STM32WBA54CEU7TR, STM32WBA54CGU6, STM32WBA54CGU6TR, STM32WBA54CGU7, STM32WBA54CGU7TR, STM32WBA54KEU6, STM32WBA54KEU6TR, STM32WBA54KEU7, STM32WBA54KEU7TR, STM32WBA54KGU6, STM32WBA54KGU6TR, STM32WBA54KGU7, STM32WBA54KGU7TR, STM32WBA55CEU6, STM32WBA55CEU6TR, STM32WBA55CEU7, STM32WBA55CEU7TR, STM32WBA55CGU6, STM32WBA55CGU6TR, STM32WBA55CGU6U, STM32WBA55CGU7, STM32WBA55CGU7TR, STM32WBA55G-DK1, STM32WBA55HGF6, STM32WBA55HGF7, STM32WBA55UEI6, STM32WBA55UEI6TR, STM32WBA55UEI7, STM32WBA55UEI7TR, STM32WBA55UGI6, STM32WBA55UGI6TR, STM32WBA55UGI7, STM32WBA55UGI7TR, STM32WBA62MGF6, STM32WBA62MIF6, STM32WBA62PII6, STM32WBA65MGF7, STM32WBA65MIF6, STM32WBA65MIF7, STM32WBA6MOIH6, STM32WL30K8V6, STM32WL30KBV6, STM32WL31C8V6, STM32WL31CBV6, STM32WL31K8V6, STM32WL31KBV6, STM32WL33C8V6X, STM32WL33CBV6X, STM32WL33CCV6X, STM32WL33K8V7X, STM32WL33KBV7X, STM32WL33KCV7X, STM32WL3RK8V6, STM32WL3RK8V6X, STM32WL3RKBV6, STM32WL3RKBV6X, STM32WL40CCV6, STM32WL40CEV6, STM32WL41CCV6, STM32WL41CEV6, STM32WL41RCV6, STM32WL41REV6, STM32WL43CCV6, STM32WL43CEV6, STM32WL43E-DK, STM32WL43RCV6, STM32WL43REV6, STM32WL5MOCH6, STM32WL5MOCH6STR, STM32WL5MOCH6TR]
2026-09-04 11:19:01,757 DEBUG [LineInfo_to_exitCode.log_LineInfo] 2026-09-04 11:19:01,757 [INFO] DbMcus:218 - Found 5401 MCUs, 5213 are supported
2026-09-04 11:19:01,757 DEBUG [LineInfo_to_exitCode.log_LineInfo] 2026-09-04 11:19:01,757 [INFO] ApiDb:423 - Load user favorites file C:\Users\azmib/.stm32cubemx/favorites.mcus.txt: 0 item(s)
2026-09-04 11:19:01,757 DEBUG [LineInfo_to_exitCode.log_LineInfo] 2026-09-04 11:19:01,757 [INFO] ApiDb:427 - User favorites MCUs=[]
2026-09-04 11:19:01,758 DEBUG [LineInfo_to_exitCode.log_LineInfo] 2026-09-04 11:19:01,757 [INFO] DbMcus:224 - Set 0 / 0 favorites MCUs
2026-09-04 11:19:02,113 DEBUG [LineInfo_to_exitCode.log_LineInfo] 2026-09-04 11:19:02,113 [INFO] Mcu:2051 - No CPN specified => set CPN to STM32G431RBT3
2026-09-04 11:19:04,272 DEBUG [LineInfo_to_exitCode.log_LineInfo] 2026-09-04 11:19:04,272 [INFO] Context:734 - Trying to add GPIOservice into a context  which must be forbidden
2026-09-04 11:19:05,131 DEBUG [LineInfo_to_exitCode.log_LineInfo] 2026-09-04 11:19:05,130 [INFO] ImportTextPane:234 - (OptionalMessage_ERROR) Unable to find key (Mcu.ThirdPartyNb) in loaded IOC file
2026-09-04 11:19:05,137 DEBUG [LineInfo_to_exitCode.log_LineInfo] 2026-09-04 11:19:05,137 [INFO] ImportTextPane:234 - (OptionalMessage_ERROR) Pin24 (VP_RIF_VS_RIF1) cannot be retrieved for this MCU
2026-09-04 11:19:05,289 DEBUG [LineInfo_to_exitCode.log_LineInfo] 2026-09-04 11:19:05,288 [INFO] RtosManager:552 - Registered RTOS mode: class=CMSIS, group=RTOS, mode=CMSIS_V1, owner=FREERTOS
2026-09-04 11:19:05,289 DEBUG [LineInfo_to_exitCode.log_LineInfo] 2026-09-04 11:19:05,289 [INFO] RtosManager:552 - Registered RTOS mode: class=CMSIS, group=RTOS2, mode=CMSIS_V2, owner=FREERTOS
2026-09-04 11:19:05,289 DEBUG [LineInfo_to_exitCode.log_LineInfo] 2026-09-04 11:19:05,289 [INFO] RtosManager:552 - Registered RTOS mode: class=RTOS, group=Core, mode=CMSIS_V1, owner=FREERTOS
2026-09-04 11:19:05,290 DEBUG [LineInfo_to_exitCode.log_LineInfo] 2026-09-04 11:19:05,289 [INFO] RtosManager:552 - Registered RTOS mode: class=RTOS, group=Core, mode=CMSIS_V2, owner=FREERTOS
2026-09-04 11:19:05,415 DEBUG [LineInfo_to_exitCode.log_LineInfo] 2026-09-04 11:19:05,414 [INFO] ThirdPartyModel:298 - Start build external matchings
2026-09-04 11:19:05,656 DEBUG [LineInfo_to_exitCode.log_LineInfo] 2026-09-04 11:19:05,656 [INFO] ThirdPartyModel:316 - End build external matchings
2026-09-04 11:19:05,683 DEBUG [LineInfo_to_exitCode.log_LineInfo] 2026-09-04 11:19:05,682 [INFO] ImportTextPane:234 - (OptionalMessage_ERROR) IP (DMA) : Parameter (Instance) has Id (USART2_RX) currently not set
2026-09-04 11:19:05,683 DEBUG [LineInfo_to_exitCode.log_LineInfo] 2026-09-04 11:19:05,683 [INFO] ImportTextPane:234 - (OptionalMessage_ERROR) IP (DMA) : Parameter (Request) has Id (USART2_RX) currently not set
2026-09-04 11:19:05,683 DEBUG [LineInfo_to_exitCode.log_LineInfo] 2026-09-04 11:19:05,683 [INFO] ImportTextPane:234 - (OptionalMessage_ERROR) IP (DMA) : Parameter (Direction) has Id (USART2_RX) currently not set
2026-09-04 11:19:05,683 DEBUG [LineInfo_to_exitCode.log_LineInfo] 2026-09-04 11:19:05,683 [INFO] ImportTextPane:234 - (OptionalMessage_ERROR) IP (DMA) : Parameter (PeriphInc) has Id (USART2_RX) currently not set
2026-09-04 11:19:05,683 DEBUG [LineInfo_to_exitCode.log_LineInfo] 2026-09-04 11:19:05,683 [INFO] ImportTextPane:234 - (OptionalMessage_ERROR) IP (DMA) : Parameter (MemInc) has Id (USART2_RX) currently not set
2026-09-04 11:19:05,684 DEBUG [LineInfo_to_exitCode.log_LineInfo] 2026-09-04 11:19:05,683 [INFO] ImportTextPane:234 - (OptionalMessage_ERROR) IP (DMA) : Parameter (PeriphDataAlignment) has Id (USART2_RX) currently not set
2026-09-04 11:19:05,684 DEBUG [LineInfo_to_exitCode.log_LineInfo] 2026-09-04 11:19:05,684 [INFO] ImportTextPane:234 - (OptionalMessage_ERROR) IP (DMA) : Parameter (MemDataAlignment) has Id (USART2_RX) currently not set
2026-09-04 11:19:05,684 DEBUG [LineInfo_to_exitCode.log_LineInfo] 2026-09-04 11:19:05,684 [INFO] ImportTextPane:234 - (OptionalMessage_ERROR) IP (DMA) : Parameter (Mode) has Id (USART2_RX) currently not set
2026-09-04 11:19:05,684 DEBUG [LineInfo_to_exitCode.log_LineInfo] 2026-09-04 11:19:05,684 [INFO] ImportTextPane:234 - (OptionalMessage_ERROR) IP (DMA) : Parameter (Priority) has Id (USART2_RX) currently not set
2026-09-04 11:19:05,684 DEBUG [LineInfo_to_exitCode.log_LineInfo] 2026-09-04 11:19:05,684 [INFO] ImportTextPane:234 - (OptionalMessage_ERROR) IP (DMA) : Parameter (Instance) has Id (USART2_TX) currently not set
2026-09-04 11:19:05,685 DEBUG [LineInfo_to_exitCode.log_LineInfo] 2026-09-04 11:19:05,684 [INFO] ImportTextPane:234 - (OptionalMessage_ERROR) IP (DMA) : Parameter (Request) has Id (USART2_TX) currently not set
2026-09-04 11:19:05,685 DEBUG [LineInfo_to_exitCode.log_LineInfo] 2026-09-04 11:19:05,684 [INFO] ImportTextPane:234 - (OptionalMessage_ERROR) IP (DMA) : Parameter (Direction) has Id (USART2_TX) currently not set
2026-09-04 11:19:05,685 DEBUG [LineInfo_to_exitCode.log_LineInfo] 2026-09-04 11:19:05,684 [INFO] ImportTextPane:234 - (OptionalMessage_ERROR) IP (DMA) : Parameter (PeriphInc) has Id (USART2_TX) currently not set
2026-09-04 11:19:05,685 DEBUG [LineInfo_to_exitCode.log_LineInfo] 2026-09-04 11:19:05,684 [INFO] ImportTextPane:234 - (OptionalMessage_ERROR) IP (DMA) : Parameter (MemInc) has Id (USART2_TX) currently not set
2026-09-04 11:19:05,685 DEBUG [LineInfo_to_exitCode.log_LineInfo] 2026-09-04 11:19:05,684 [INFO] ImportTextPane:234 - (OptionalMessage_ERROR) IP (DMA) : Parameter (PeriphDataAlignment) has Id (USART2_TX) currently not set
2026-09-04 11:19:05,685 DEBUG [LineInfo_to_exitCode.log_LineInfo] 2026-09-04 11:19:05,684 [INFO] ImportTextPane:234 - (OptionalMessage_ERROR) IP (DMA) : Parameter (MemDataAlignment) has Id (USART2_TX) currently not set
2026-09-04 11:19:05,686 DEBUG [LineInfo_to_exitCode.log_LineInfo] 2026-09-04 11:19:05,685 [INFO] ImportTextPane:234 - (OptionalMessage_ERROR) IP (DMA) : Parameter (Mode) has Id (USART2_TX) currently not set
2026-09-04 11:19:05,686 DEBUG [LineInfo_to_exitCode.log_LineInfo] 2026-09-04 11:19:05,685 [INFO] ImportTextPane:234 - (OptionalMessage_ERROR) IP (DMA) : Parameter (Priority) has Id (USART2_TX) currently not set
2026-09-04 11:19:05,695 DEBUG [LineInfo_to_exitCode.log_LineInfo] 2026-09-04 11:19:05,695 [INFO] ImportTextPane:234 - (OptionalMessage_ERROR) IP (MotorControl) : Invalid parameter (BEMF_DIVIDER_GPIO_PIN)
2026-09-04 11:19:05,696 DEBUG [LineInfo_to_exitCode.log_LineInfo] 2026-09-04 11:19:05,695 [INFO] ImportTextPane:234 - (OptionalMessage_ERROR) IP (MotorControl) : Invalid parameter (BEMF_DIVIDER_GPIO_PORT)
2026-09-04 11:19:05,696 DEBUG [LineInfo_to_exitCode.log_LineInfo] 2026-09-04 11:19:05,695 [INFO] ImportTextPane:234 - (OptionalMessage_ERROR) IP (MotorControl) : Invalid parameter (BUS_VOLTAGE_READING)
2026-09-04 11:19:05,696 DEBUG [LineInfo_to_exitCode.log_LineInfo] 2026-09-04 11:19:05,696 [INFO] ImportTextPane:234 - (OptionalMessage_ERROR) IP (MotorControl) : Invalid parameter (CCMRAM_ENABLED)
2026-09-04 11:19:05,696 DEBUG [LineInfo_to_exitCode.log_LineInfo] 2026-09-04 11:19:05,696 [INFO] ImportTextPane:234 - (OptionalMessage_ERROR) IP (MotorControl) : Invalid parameter (CLOCK_FREQUENCY)
2026-09-04 11:19:05,696 DEBUG [LineInfo_to_exitCode.log_LineInfo] 2026-09-04 11:19:05,696 [INFO] ImportTextPane:234 - (OptionalMessage_ERROR) IP (MotorControl) : Invalid parameter (CLOCK_SOURCE)
2026-09-04 11:19:05,696 DEBUG [LineInfo_to_exitCode.log_LineInfo] 2026-09-04 11:19:05,696 [INFO] ImportTextPane:234 - (OptionalMessage_ERROR) IP (MotorControl) : Invalid parameter (CPU_CLK_170_MHZ)
2026-09-04 11:19:05,697 DEBUG [LineInfo_to_exitCode.log_LineInfo] 2026-09-04 11:19:05,696 [INFO] ImportTextPane:234 - (OptionalMessage_ERROR) IP (MotorControl) : Invalid parameter (DRIVE_TYPE)
2026-09-04 11:19:05,697 DEBUG [LineInfo_to_exitCode.log_LineInfo] 2026-09-04 11:19:05,696 [INFO] ImportTextPane:234 - (OptionalMessage_ERROR) IP (MotorControl) : Invalid parameter (DRIVES_NUMBER_SELECTION)
2026-09-04 11:19:05,697 DEBUG [LineInfo_to_exitCode.log_LineInfo] 2026-09-04 11:19:05,696 [INFO] ImportTextPane:234 - (OptionalMessage_ERROR) IP (MotorControl) : Invalid parameter (ENCODER_AVAILABLE)
2026-09-04 11:19:05,697 DEBUG [LineInfo_to_exitCode.log_LineInfo] 2026-09-04 11:19:05,697 [INFO] ImportTextPane:234 - (OptionalMessage_ERROR) IP (MotorControl) : Invalid parameter (ENCODER_PPR)
2026-09-04 11:19:05,697 DEBUG [LineInfo_to_exitCode.log_LineInfo] 2026-09-04 11:19:05,697 [INFO] ImportTextPane:234 - (OptionalMessage_ERROR) IP (MotorControl) : Invalid parameter (EXT_CLK_24_MHZ)
2026-09-04 11:19:05,697 DEBUG [LineInfo_to_exitCode.log_LineInfo] 2026-09-04 11:19:05,697 [INFO] ImportTextPane:234 - (OptionalMessage_ERROR) IP (MotorControl) : Invalid parameter (EXT_CLOCK_FREQUENCY)
2026-09-04 11:19:05,698 DEBUG [LineInfo_to_exitCode.log_LineInfo] 2026-09-04 11:19:05,697 [INFO] ImportTextPane:234 - (OptionalMessage_ERROR) IP (MotorControl) : Invalid parameter (FLASH_SIZE)
2026-09-04 11:19:05,698 DEBUG [LineInfo_to_exitCode.log_LineInfo] 2026-09-04 11:19:05,698 [INFO] ImportTextPane:234 - (OptionalMessage_ERROR) IP (MotorControl) : Invalid parameter (HALL_SENSORS_AVAILABLE)
2026-09-04 11:19:05,698 DEBUG [LineInfo_to_exitCode.log_LineInfo] 2026-09-04 11:19:05,698 [INFO] ImportTextPane:234 - (OptionalMessage_ERROR) IP (MotorControl) : Invalid parameter (HW_COMPLEMENTED_LOW_SIDE)
2026-09-04 11:19:05,698 DEBUG [LineInfo_to_exitCode.log_LineInfo] 2026-09-04 11:19:05,698 [INFO] ImportTextPane:234 - (OptionalMessage_ERROR) IP (MotorControl) : Invalid parameter (HW_DEAD_TIME_NS)
2026-09-04 11:19:05,698 DEBUG [LineInfo_to_exitCode.log_LineInfo] 2026-09-04 11:19:05,698 [INFO] ImportTextPane:234 - (OptionalMessage_ERROR) IP (MotorControl) : Invalid parameter (HWV_POTENTIOMETER)
2026-09-04 11:19:05,699 DEBUG [LineInfo_to_exitCode.log_LineInfo] 2026-09-04 11:19:05,698 [INFO] ImportTextPane:234 - (OptionalMessage_ERROR) IP (MotorControl) : Invalid parameter (HWV_PWM)
2026-09-04 11:19:05,699 DEBUG [LineInfo_to_exitCode.log_LineInfo] 2026-09-04 11:19:05,698 [INFO] ImportTextPane:234 - (OptionalMessage_ERROR) IP (MotorControl) : Invalid parameter (IPs)
2026-09-04 11:19:05,699 DEBUG [LineInfo_to_exitCode.log_LineInfo] 2026-09-04 11:19:05,698 [INFO] ImportTextPane:234 - (OptionalMessage_ERROR) IP (MotorControl) : Invalid parameter (LOW_SIDE_SIGNALS_ENABLING)
2026-09-04 11:19:05,699 DEBUG [LineInfo_to_exitCode.log_LineInfo] 2026-09-04 11:19:05,699 [INFO] ImportTextPane:234 - (OptionalMessage_ERROR) IP (MotorControl) : Invalid parameter (M1_BEMF_THRESHOLD_PWM_HIGH)
2026-09-04 11:19:05,699 DEBUG [LineInfo_to_exitCode.log_LineInfo] 2026-09-04 11:19:05,699 [INFO] ImportTextPane:234 - (OptionalMessage_ERROR) IP (MotorControl) : Invalid parameter (M1_BEMF_THRESHOLD_PWM_LOW)
2026-09-04 11:19:05,699 DEBUG [LineInfo_to_exitCode.log_LineInfo] 2026-09-04 11:19:05,699 [INFO] ImportTextPane:234 - (OptionalMessage_ERROR) IP (MotorControl) : Invalid parameter (M1_DC_CURRENT_RS_MEAS)
2026-09-04 11:19:05,699 DEBUG [LineInfo_to_exitCode.log_LineInfo] 2026-09-04 11:19:05,699 [INFO] ImportTextPane:234 - (OptionalMessage_ERROR) IP (MotorControl) : Invalid parameter (M1_HIGH_SIDE_IDLE_STATE)
2026-09-04 11:19:05,699 DEBUG [LineInfo_to_exitCode.log_LineInfo] 2026-09-04 11:19:05,699 [INFO] ImportTextPane:234 - (OptionalMessage_ERROR) IP (MotorControl) : Invalid parameter (M1_LOW_SIDE_IDLE_STATE)
2026-09-04 11:19:05,699 DEBUG [LineInfo_to_exitCode.log_LineInfo] 2026-09-04 11:19:05,699 [INFO] ImportTextPane:234 - (OptionalMessage_ERROR) IP (MotorControl) : Parameter (M1_PWM_CHARGE_BOOT_CAP_DUTY_CYCLES) has invalid value (0.000)
2026-09-04 11:19:05,699 DEBUG [LineInfo_to_exitCode.log_LineInfo] 2026-09-04 11:19:05,699 [INFO] ImportTextPane:234 - (OptionalMessage_ERROR) IP (MotorControl) : Invalid parameter (M1_PWM_TIMER_BRK_IRQ)
2026-09-04 11:19:05,699 DEBUG [LineInfo_to_exitCode.log_LineInfo] 2026-09-04 11:19:05,699 [INFO] ImportTextPane:234 - (OptionalMessage_ERROR) IP (MotorControl) : Invalid parameter (M1_PWM_TIMER_UP_IRQ)
2026-09-04 11:19:05,699 DEBUG [LineInfo_to_exitCode.log_LineInfo] 2026-09-04 11:19:05,699 [INFO] ImportTextPane:234 - (OptionalMessage_ERROR) IP (MotorControl) : Invalid parameter (M1_SPD_DIFFERENTIAL_TERM_ENABLING)
2026-09-04 11:19:05,700 DEBUG [LineInfo_to_exitCode.log_LineInfo] 2026-09-04 11:19:05,700 [INFO] ImportTextPane:234 - (OptionalMessage_ERROR) IP (MotorControl) : Invalid parameter (MC_WORKBENCH_VERSION)
2026-09-04 11:19:05,700 DEBUG [LineInfo_to_exitCode.log_LineInfo] 2026-09-04 11:19:05,700 [INFO] ImportTextPane:234 - (OptionalMessage_ERROR) IP (MotorControl) : Invalid parameter (MCU)
2026-09-04 11:19:05,700 DEBUG [LineInfo_to_exitCode.log_LineInfo] 2026-09-04 11:19:05,700 [INFO] ImportTextPane:234 - (OptionalMessage_ERROR) IP (MotorControl) : Invalid parameter (MCU_FAMILY)
2026-09-04 11:19:05,700 DEBUG [LineInfo_to_exitCode.log_LineInfo] 2026-09-04 11:19:05,700 [INFO] ImportTextPane:234 - (OptionalMessage_ERROR) IP (MotorControl) : Invalid parameter (MCU_LINE)
2026-09-04 11:19:05,701 DEBUG [LineInfo_to_exitCode.log_LineInfo] 2026-09-04 11:19:05,701 [INFO] ImportTextPane:234 - (OptionalMessage_ERROR) IP (MotorControl) : Invalid parameter (MCU_PACKAGE)
2026-09-04 11:19:05,701 DEBUG [LineInfo_to_exitCode.log_LineInfo] 2026-09-04 11:19:05,701 [INFO] ImportTextPane:234 - (OptionalMessage_ERROR) IP (MotorControl) : Invalid parameter (MCU_TYPE)
2026-09-04 11:19:05,701 DEBUG [LineInfo_to_exitCode.log_LineInfo] 2026-09-04 11:19:05,701 [INFO] ImportTextPane:234 - (OptionalMessage_ERROR) IP (MotorControl) : Invalid parameter (MCU_USERNAME)
2026-09-04 11:19:05,701 DEBUG [LineInfo_to_exitCode.log_LineInfo] 2026-09-04 11:19:05,701 [INFO] ImportTextPane:234 - (OptionalMessage_ERROR) IP (MotorControl) : Invalid parameter (MOTOR_TYPE)
2026-09-04 11:19:05,702 DEBUG [LineInfo_to_exitCode.log_LineInfo] 2026-09-04 11:19:05,701 [INFO] ImportTextPane:234 - (OptionalMessage_ERROR) IP (MotorControl) : Invalid parameter (ON_OVER_VOLTAGE)
2026-09-04 11:19:05,702 DEBUG [LineInfo_to_exitCode.log_LineInfo] 2026-09-04 11:19:05,701 [INFO] ImportTextPane:234 - (OptionalMessage_ERROR) IP (MotorControl) : Invalid parameter (OV_TEMPERATURE_PROT_ENABLING)
2026-09-04 11:19:05,702 DEBUG [LineInfo_to_exitCode.log_LineInfo] 2026-09-04 11:19:05,701 [INFO] ImportTextPane:234 - (OptionalMessage_ERROR) IP (MotorControl) : Invalid parameter (OV_VOLTAGE_PROT_ENABLING)
2026-09-04 11:19:05,702 DEBUG [LineInfo_to_exitCode.log_LineInfo] 2026-09-04 11:19:05,701 [INFO] ImportTextPane:234 - (OptionalMessage_ERROR) IP (MotorControl) : Invalid parameter (PHASE_U_BEMF_GPIO_PIN)
2026-09-04 11:19:05,702 DEBUG [LineInfo_to_exitCode.log_LineInfo] 2026-09-04 11:19:05,701 [INFO] ImportTextPane:234 - (OptionalMessage_ERROR) IP (MotorControl) : Invalid parameter (PHASE_U_BEMF_GPIO_PORT)
2026-09-04 11:19:05,702 DEBUG [LineInfo_to_exitCode.log_LineInfo] 2026-09-04 11:19:05,701 [INFO] ImportTextPane:234 - (OptionalMessage_ERROR) IP (MotorControl) : Invalid parameter (PHASE_U_PWM_CHANNEL)
2026-09-04 11:19:05,702 DEBUG [LineInfo_to_exitCode.log_LineInfo] 2026-09-04 11:19:05,701 [INFO] ImportTextPane:234 - (OptionalMessage_ERROR) IP (MotorControl) : Invalid parameter (PHASE_UH_GPIO_PIN)
2026-09-04 11:19:05,702 DEBUG [LineInfo_to_exitCode.log_LineInfo] 2026-09-04 11:19:05,701 [INFO] ImportTextPane:234 - (OptionalMessage_ERROR) IP (MotorControl) : Invalid parameter (PHASE_UH_GPIO_PORT)
2026-09-04 11:19:05,702 DEBUG [LineInfo_to_exitCode.log_LineInfo] 2026-09-04 11:19:05,701 [INFO] ImportTextPane:234 - (OptionalMessage_ERROR) IP (MotorControl) : Invalid parameter (PHASE_UL_GPIO_PIN)
2026-09-04 11:19:05,702 DEBUG [LineInfo_to_exitCode.log_LineInfo] 2026-09-04 11:19:05,701 [INFO] ImportTextPane:234 - (OptionalMessage_ERROR) IP (MotorControl) : Invalid parameter (PHASE_UL_GPIO_PORT)
2026-09-04 11:19:05,702 DEBUG [LineInfo_to_exitCode.log_LineInfo] 2026-09-04 11:19:05,701 [INFO] ImportTextPane:234 - (OptionalMessage_ERROR) IP (MotorControl) : Parameter (PHASE_UL_POLARITY) has invalid value (L_ACTIVE_HIGH)
2026-09-04 11:19:05,703 DEBUG [LineInfo_to_exitCode.log_LineInfo] 2026-09-04 11:19:05,701 [INFO] ImportTextPane:234 - (OptionalMessage_ERROR) IP (MotorControl) : Invalid parameter (PHASE_V_BEMF_GPIO_PIN)
2026-09-04 11:19:05,703 DEBUG [LineInfo_to_exitCode.log_LineInfo] 2026-09-04 11:19:05,701 [INFO] ImportTextPane:234 - (OptionalMessage_ERROR) IP (MotorControl) : Invalid parameter (PHASE_V_BEMF_GPIO_PORT)
2026-09-04 11:19:05,703 DEBUG [LineInfo_to_exitCode.log_LineInfo] 2026-09-04 11:19:05,701 [INFO] ImportTextPane:234 - (OptionalMessage_ERROR) IP (MotorControl) : Invalid parameter (PHASE_V_PWM_CHANNEL)
2026-09-04 11:19:05,703 DEBUG [LineInfo_to_exitCode.log_LineInfo] 2026-09-04 11:19:05,701 [INFO] ImportTextPane:234 - (OptionalMessage_ERROR) IP (MotorControl) : Invalid parameter (PHASE_VH_GPIO_PIN)
2026-09-04 11:19:05,703 DEBUG [LineInfo_to_exitCode.log_LineInfo] 2026-09-04 11:19:05,701 [INFO] ImportTextPane:234 - (OptionalMessage_ERROR) IP (MotorControl) : Invalid parameter (PHASE_VH_GPIO_PORT)
2026-09-04 11:19:05,703 DEBUG [LineInfo_to_exitCode.log_LineInfo] 2026-09-04 11:19:05,701 [INFO] ImportTextPane:234 - (OptionalMessage_ERROR) IP (MotorControl) : Invalid parameter (PHASE_VL_GPIO_PIN)
2026-09-04 11:19:05,703 DEBUG [LineInfo_to_exitCode.log_LineInfo] 2026-09-04 11:19:05,701 [INFO] ImportTextPane:234 - (OptionalMessage_ERROR) IP (MotorControl) : Invalid parameter (PHASE_VL_GPIO_PORT)
2026-09-04 11:19:05,703 DEBUG [LineInfo_to_exitCode.log_LineInfo] 2026-09-04 11:19:05,701 [INFO] ImportTextPane:234 - (OptionalMessage_ERROR) IP (MotorControl) : Parameter (PHASE_VL_POLARITY) has invalid value (L_ACTIVE_HIGH)
2026-09-04 11:19:05,703 DEBUG [LineInfo_to_exitCode.log_LineInfo] 2026-09-04 11:19:05,701 [INFO] ImportTextPane:234 - (OptionalMessage_ERROR) IP (MotorControl) : Invalid parameter (PHASE_W_BEMF_GPIO_PIN)
2026-09-04 11:19:05,703 DEBUG [LineInfo_to_exitCode.log_LineInfo] 2026-09-04 11:19:05,701 [INFO] ImportTextPane:234 - (OptionalMessage_ERROR) IP (MotorControl) : Invalid parameter (PHASE_W_BEMF_GPIO_PORT)
2026-09-04 11:19:05,703 DEBUG [LineInfo_to_exitCode.log_LineInfo] 2026-09-04 11:19:05,701 [INFO] ImportTextPane:234 - (OptionalMessage_ERROR) IP (MotorControl) : Invalid parameter (PHASE_W_PWM_CHANNEL)
2026-09-04 11:19:05,703 DEBUG [LineInfo_to_exitCode.log_LineInfo] 2026-09-04 11:19:05,701 [INFO] ImportTextPane:234 - (OptionalMessage_ERROR) IP (MotorControl) : Invalid parameter (PHASE_WH_GPIO_PIN)
2026-09-04 11:19:05,703 DEBUG [LineInfo_to_exitCode.log_LineInfo] 2026-09-04 11:19:05,701 [INFO] ImportTextPane:234 - (OptionalMessage_ERROR) IP (MotorControl) : Invalid parameter (PHASE_WH_GPIO_PORT)
2026-09-04 11:19:05,703 DEBUG [LineInfo_to_exitCode.log_LineInfo] 2026-09-04 11:19:05,701 [INFO] ImportTextPane:234 - (OptionalMessage_ERROR) IP (MotorControl) : Invalid parameter (PHASE_WL_GPIO_PIN)
2026-09-04 11:19:05,703 DEBUG [LineInfo_to_exitCode.log_LineInfo] 2026-09-04 11:19:05,701 [INFO] ImportTextPane:234 - (OptionalMessage_ERROR) IP (MotorControl) : Invalid parameter (PHASE_WL_GPIO_PORT)
2026-09-04 11:19:05,703 DEBUG [LineInfo_to_exitCode.log_LineInfo] 2026-09-04 11:19:05,701 [INFO] ImportTextPane:234 - (OptionalMessage_ERROR) IP (MotorControl) : Parameter (PHASE_WL_POLARITY) has invalid value (L_ACTIVE_HIGH)
2026-09-04 11:19:05,703 DEBUG [LineInfo_to_exitCode.log_LineInfo] 2026-09-04 11:19:05,701 [INFO] ImportTextPane:234 - (OptionalMessage_ERROR) IP (MotorControl) : Invalid parameter (POTENTIOMETER_READING)
2026-09-04 11:19:05,703 DEBUG [LineInfo_to_exitCode.log_LineInfo] 2026-09-04 11:19:05,701 [INFO] ImportTextPane:234 - (OptionalMessage_ERROR) IP (MotorControl) : Invalid parameter (PWM_FREQUENCY)
2026-09-04 11:19:05,703 DEBUG [LineInfo_to_exitCode.log_LineInfo] 2026-09-04 11:19:05,701 [INFO] ImportTextPane:234 - (OptionalMessage_ERROR) IP (MotorControl) : Invalid parameter (PWM_TIMER_SELECTION)
2026-09-04 11:19:05,704 DEBUG [LineInfo_to_exitCode.log_LineInfo] 2026-09-04 11:19:05,701 [INFO] ImportTextPane:234 - (OptionalMessage_ERROR) IP (MotorControl) : Invalid parameter (R_BRAKE_SWITCH_OFF_THRES_V)
2026-09-04 11:19:05,704 DEBUG [LineInfo_to_exitCode.log_LineInfo] 2026-09-04 11:19:05,701 [INFO] ImportTextPane:234 - (OptionalMessage_ERROR) IP (MotorControl) : Invalid parameter (REGULATION_EXECUTION_RATE)
2026-09-04 11:19:05,704 DEBUG [LineInfo_to_exitCode.log_LineInfo] 2026-09-04 11:19:05,701 [INFO] ImportTextPane:234 - (OptionalMessage_ERROR) IP (MotorControl) : Invalid parameter (SENSORLESS_ADC)
2026-09-04 11:19:05,704 DEBUG [LineInfo_to_exitCode.log_LineInfo] 2026-09-04 11:19:05,701 [INFO] ImportTextPane:234 - (OptionalMessage_ERROR) IP (MotorControl) : Invalid parameter (SINGLEDRIVE)
2026-09-04 11:19:05,704 DEBUG [LineInfo_to_exitCode.log_LineInfo] 2026-09-04 11:19:05,701 [INFO] ImportTextPane:234 - (OptionalMessage_ERROR) IP (MotorControl) : Invalid parameter (SPD_DIFFERENTIAL_TERM_ENABLING)
2026-09-04 11:19:05,704 DEBUG [LineInfo_to_exitCode.log_LineInfo] 2026-09-04 11:19:05,701 [INFO] ImportTextPane:234 - (OptionalMessage_ERROR) IP (MotorControl) : Invalid parameter (SPEED_SENSOR_SELECTION)
2026-09-04 11:19:05,705 DEBUG [LineInfo_to_exitCode.log_LineInfo] 2026-09-04 11:19:05,701 [INFO] ImportTextPane:234 - (OptionalMessage_ERROR) IP (MotorControl) : Invalid parameter (START_STOP_GPIO_IRQ)
2026-09-04 11:19:05,705 DEBUG [LineInfo_to_exitCode.log_LineInfo] 2026-09-04 11:19:05,702 [INFO] ImportTextPane:234 - (OptionalMessage_ERROR) IP (MotorControl) : Invalid parameter (START_STOP_POLARITY)
2026-09-04 11:19:05,705 DEBUG [LineInfo_to_exitCode.log_LineInfo] 2026-09-04 11:19:05,702 [INFO] ImportTextPane:234 - (OptionalMessage_ERROR) IP (MotorControl) : Invalid parameter (START_STOP_POLARITY_EDGE)
2026-09-04 11:19:05,705 DEBUG [LineInfo_to_exitCode.log_LineInfo] 2026-09-04 11:19:05,703 [INFO] ImportTextPane:234 - (OptionalMessage_ERROR) IP (MotorControl) : Invalid parameter (STM32G431RB)
2026-09-04 11:19:05,705 DEBUG [LineInfo_to_exitCode.log_LineInfo] 2026-09-04 11:19:05,703 [INFO] ImportTextPane:234 - (OptionalMessage_ERROR) IP (MotorControl) : Invalid parameter (SW_DEADTIME_NS)
2026-09-04 11:19:05,705 DEBUG [LineInfo_to_exitCode.log_LineInfo] 2026-09-04 11:19:05,703 [INFO] ImportTextPane:234 - (OptionalMessage_ERROR) IP (MotorControl) : Invalid parameter (TEMP_ADC_SAMPLING_TIME)
2026-09-04 11:19:05,706 DEBUG [LineInfo_to_exitCode.log_LineInfo] 2026-09-04 11:19:05,703 [INFO] ImportTextPane:234 - (OptionalMessage_ERROR) IP (MotorControl) : Invalid parameter (TEMP_FDBK_ADC)
2026-09-04 11:19:05,706 DEBUG [LineInfo_to_exitCode.log_LineInfo] 2026-09-04 11:19:05,703 [INFO] ImportTextPane:234 - (OptionalMessage_ERROR) IP (MotorControl) : Invalid parameter (TEMP_FDBK_CHANNEL)
2026-09-04 11:19:05,706 DEBUG [LineInfo_to_exitCode.log_LineInfo] 2026-09-04 11:19:05,703 [INFO] ImportTextPane:234 - (OptionalMessage_ERROR) IP (MotorControl) : Invalid parameter (TEMP_FDBK_GPIO_PIN)
2026-09-04 11:19:05,706 DEBUG [LineInfo_to_exitCode.log_LineInfo] 2026-09-04 11:19:05,703 [INFO] ImportTextPane:234 - (OptionalMessage_ERROR) IP (MotorControl) : Invalid parameter (TEMP_FDBK_GPIO_PORT)
2026-09-04 11:19:05,706 DEBUG [LineInfo_to_exitCode.log_LineInfo] 2026-09-04 11:19:05,703 [INFO] ImportTextPane:234 - (OptionalMessage_ERROR) IP (MotorControl) : Invalid parameter (TEMPERATURE_READING)
2026-09-04 11:19:05,706 DEBUG [LineInfo_to_exitCode.log_LineInfo] 2026-09-04 11:19:05,703 [INFO] ImportTextPane:234 - (OptionalMessage_ERROR) IP (MotorControl) : Invalid parameter (TFDIFFERENTIAL_TERM_ENABLING)
2026-09-04 11:19:05,706 DEBUG [LineInfo_to_exitCode.log_LineInfo] 2026-09-04 11:19:05,703 [INFO] ImportTextPane:234 - (OptionalMessage_ERROR) IP (MotorControl) : Invalid parameter (USART_RX_GPIO_PIN)
2026-09-04 11:19:05,706 DEBUG [LineInfo_to_exitCode.log_LineInfo] 2026-09-04 11:19:05,703 [INFO] ImportTextPane:234 - (OptionalMessage_ERROR) IP (MotorControl) : Invalid parameter (USART_RX_GPIO_PORT)
2026-09-04 11:19:05,707 DEBUG [LineInfo_to_exitCode.log_LineInfo] 2026-09-04 11:19:05,703 [INFO] ImportTextPane:234 - (OptionalMessage_ERROR) IP (MotorControl) : Invalid parameter (USART_SELECTION)
2026-09-04 11:19:05,707 DEBUG [LineInfo_to_exitCode.log_LineInfo] 2026-09-04 11:19:05,703 [INFO] ImportTextPane:234 - (OptionalMessage_ERROR) IP (MotorControl) : Invalid parameter (USART_SPEED)
2026-09-04 11:19:05,707 DEBUG [LineInfo_to_exitCode.log_LineInfo] 2026-09-04 11:19:05,704 [INFO] ImportTextPane:234 - (OptionalMessage_ERROR) IP (MotorControl) : Invalid parameter (USART_TX_GPIO_PIN)
2026-09-04 11:19:05,707 DEBUG [LineInfo_to_exitCode.log_LineInfo] 2026-09-04 11:19:05,704 [INFO] ImportTextPane:234 - (OptionalMessage_ERROR) IP (MotorControl) : Invalid parameter (USART_TX_GPIO_PORT)
2026-09-04 11:19:05,707 DEBUG [LineInfo_to_exitCode.log_LineInfo] 2026-09-04 11:19:05,704 [INFO] ImportTextPane:234 - (OptionalMessage_ERROR) IP (MotorControl) : Invalid parameter (UV_VOLTAGE_PROT_ENABLING)
2026-09-04 11:19:05,707 DEBUG [LineInfo_to_exitCode.log_LineInfo] 2026-09-04 11:19:05,704 [INFO] ImportTextPane:234 - (OptionalMessage_ERROR) IP (MotorControl) : Invalid parameter (VBUS_ADC)
2026-09-04 11:19:05,707 DEBUG [LineInfo_to_exitCode.log_LineInfo] 2026-09-04 11:19:05,704 [INFO] ImportTextPane:234 - (OptionalMessage_ERROR) IP (MotorControl) : Invalid parameter (VBUS_ADC_SAMPLING_TIME)
2026-09-04 11:19:05,708 DEBUG [LineInfo_to_exitCode.log_LineInfo] 2026-09-04 11:19:05,704 [INFO] ImportTextPane:234 - (OptionalMessage_ERROR) IP (MotorControl) : Invalid parameter (VBUS_CHANNEL)
2026-09-04 11:19:05,708 DEBUG [LineInfo_to_exitCode.log_LineInfo] 2026-09-04 11:19:05,704 [INFO] ImportTextPane:234 - (OptionalMessage_ERROR) IP (MotorControl) : Invalid parameter (VBUS_GPIO_PIN)
2026-09-04 11:19:05,708 DEBUG [LineInfo_to_exitCode.log_LineInfo] 2026-09-04 11:19:05,704 [INFO] ImportTextPane:234 - (OptionalMessage_ERROR) IP (MotorControl) : Invalid parameter (VBUS_GPIO_PORT)
2026-09-04 11:19:05,708 DEBUG [LineInfo_to_exitCode.log_LineInfo] 2026-09-04 11:19:05,704 [INFO] ImportTextPane:234 - (OptionalMessage_ERROR) IP (MotorControl) : Invalid parameter (WB_MX_ADC_AWD_FILTER_NUMBER)
2026-09-04 11:19:05,708 DEBUG [LineInfo_to_exitCode.log_LineInfo] 2026-09-04 11:19:05,704 [INFO] ImportTextPane:234 - (OptionalMessage_ERROR) IP (MotorControl) : Invalid parameter (WB_MX_HEAPSIZE)
2026-09-04 11:19:05,708 DEBUG [LineInfo_to_exitCode.log_LineInfo] 2026-09-04 11:19:05,704 [INFO] ImportTextPane:234 - (OptionalMessage_ERROR) IP (MotorControl) : Invalid parameter (WB_MX_PHASE_U_BEMF_ADC_IRQ)
2026-09-04 11:19:05,708 DEBUG [LineInfo_to_exitCode.log_LineInfo] 2026-09-04 11:19:05,704 [INFO] ImportTextPane:234 - (OptionalMessage_ERROR) IP (MotorControl) : Invalid parameter (WB_MX_PHASE_V_BEMF_ADC_IRQ)
2026-09-04 11:19:05,709 DEBUG [LineInfo_to_exitCode.log_LineInfo] 2026-09-04 11:19:05,704 [INFO] ImportTextPane:234 - (OptionalMessage_ERROR) IP (MotorControl) : Invalid parameter (WB_MX_PHASE_W_BEMF_ADC_IRQ)
2026-09-04 11:19:05,709 DEBUG [LineInfo_to_exitCode.log_LineInfo] 2026-09-04 11:19:05,704 [INFO] ImportTextPane:234 - (OptionalMessage_ERROR) IP (MotorControl) : Invalid parameter (WB_MX_STACKSIZE)
2026-09-04 11:19:05,709 DEBUG [LineInfo_to_exitCode.log_LineInfo] 2026-09-04 11:19:05,704 [INFO] ImportTextPane:234 - (OptionalMessage_ERROR) IP (MotorControl) : Invalid parameter (WB_MX_TRUSTZONE_AVAILABLE)
2026-09-04 11:19:05,709 DEBUG [LineInfo_to_exitCode.log_LineInfo] 2026-09-04 11:19:05,705 [INFO] ImportTextPane:234 - (OptionalMessage_ERROR) IP (MotorControl) : Invalid parameter (WB_to_Mx_template_version)
2026-09-04 11:19:05,710 DEBUG [LineInfo_to_exitCode.log_LineInfo] 2026-09-04 11:19:05,705 [INFO] ImportTextPane:234 - (OptionalMessage_ERROR) IP (MotorControl) : Invalid parameter (WB_to_Mx_version)
2026-09-04 11:19:05,710 DEBUG [LineInfo_to_exitCode.log_LineInfo] 2026-09-04 11:19:05,705 [INFO] ImportTextPane:234 - (OptionalMessage_ERROR) IP (MotorControl) : Invalid parameter (WB_UI_ENCODER_HAS_INDEX_PIN)
2026-09-04 11:19:05,710 DEBUG [LineInfo_to_exitCode.log_LineInfo] 2026-09-04 11:19:05,705 [INFO] ImportTextPane:234 - (OptionalMessage_ERROR) IP (MotorControl) : Invalid parameter (WB_UI_FRICTION)
2026-09-04 11:19:05,710 DEBUG [LineInfo_to_exitCode.log_LineInfo] 2026-09-04 11:19:05,705 [INFO] ImportTextPane:234 - (OptionalMessage_ERROR) IP (MotorControl) : Invalid parameter (WB_UI_INERTIA)
2026-09-04 11:19:05,710 DEBUG [LineInfo_to_exitCode.log_LineInfo] 2026-09-04 11:19:05,705 [INFO] ImportTextPane:234 - (OptionalMessage_ERROR) IP (MotorControl) : Invalid parameter (WB_UI_MAGNETIC_STRUCTURE)
2026-09-04 11:19:05,710 DEBUG [LineInfo_to_exitCode.log_LineInfo] 2026-09-04 11:19:05,705 [INFO] ImportTextPane:234 - (OptionalMessage_ERROR) IP (MotorControl) : Invalid parameter (WB_UI_MAX_CURRENT)
2026-09-04 11:19:05,710 DEBUG [LineInfo_to_exitCode.log_LineInfo] 2026-09-04 11:19:05,705 [INFO] ImportTextPane:234 - (OptionalMessage_ERROR) IP (MotorControl) : Invalid parameter (WB_UI_MAX_NOMINAL_DC_VOLTAGE)
2026-09-04 11:19:05,711 DEBUG [LineInfo_to_exitCode.log_LineInfo] 2026-09-04 11:19:05,705 [INFO] ImportTextPane:234 - (OptionalMessage_ERROR) IP (MotorControl) : Invalid parameter (WB_UI_MAX_PWMFREQUENCY)
2026-09-04 11:19:05,711 DEBUG [LineInfo_to_exitCode.log_LineInfo] 2026-09-04 11:19:05,705 [INFO] ImportTextPane:234 - (OptionalMessage_ERROR) IP (MotorControl) : Invalid parameter (WB_UI_MOTOR_DESCRIPTION)
2026-09-04 11:19:05,711 DEBUG [LineInfo_to_exitCode.log_LineInfo] 2026-09-04 11:19:05,706 [INFO] ImportTextPane:234 - (OptionalMessage_ERROR) IP (MotorControl) : Invalid parameter (WB_UI_PW_BOARD_MAX_RATED_CURRENT)
2026-09-04 11:19:05,711 DEBUG [LineInfo_to_exitCode.log_LineInfo] 2026-09-04 11:19:05,706 [INFO] ImportTextPane:234 - (OptionalMessage_ERROR) IP (MotorControl) : Invalid parameter (WB_UI_PW_BOARD_MAX_VOLTAGE)
2026-09-04 11:19:05,711 DEBUG [LineInfo_to_exitCode.log_LineInfo] 2026-09-04 11:19:05,706 [INFO] ImportTextPane:234 - (OptionalMessage_ERROR) IP (MotorControl) : Invalid parameter (WB_UI_PW_BOARD_MIN_VOLTAGE)
2026-09-04 11:19:05,711 DEBUG [LineInfo_to_exitCode.log_LineInfo] 2026-09-04 11:19:05,706 [INFO] ImportTextPane:234 - (OptionalMessage_ERROR) IP (MotorControl) : Invalid parameter (WB_UI_PWM_ON_SENSING)
2026-09-04 11:19:05,711 DEBUG [LineInfo_to_exitCode.log_LineInfo] 2026-09-04 11:19:05,706 [INFO] ImportTextPane:234 - (OptionalMessage_ERROR) IP (RCC) : Invalid parameter (FamilyName)
2026-09-04 11:19:05,711 DEBUG [LineInfo_to_exitCode.log_LineInfo] 2026-09-04 11:19:05,706 [INFO] ImportTextPane:234 - (OptionalMessage_ERROR) IP (RCC) : Parameter (RNGFreq_Value) has invalid value (170000000)
2026-09-04 11:19:05,711 DEBUG [LineInfo_to_exitCode.log_LineInfo] 2026-09-04 11:19:05,706 [INFO] ImportTextPane:234 - (OptionalMessage_ERROR) IP (RCC) : Parameter (USBFreq_Value) has invalid value (170000000)
2026-09-04 11:19:05,716 DEBUG [LineInfo_to_exitCode.log_LineInfo] 2026-09-04 11:19:05,715 [INFO] ImportTextPane:234 - (OptionalMessage_ERROR) IP (TIM1) : Parameter (SourceBRKDigInputPolarity) has invalid value (TIM_BREAKINPUTSOURCE_POLARITY_LOW)
2026-09-04 11:19:05,716 DEBUG [LineInfo_to_exitCode.log_LineInfo] 2026-09-04 11:19:05,716 [INFO] ImportTextPane:234 - (OptionalMessage_ERROR) IP (TIM1) : Parameter (SourceBRK2DigInputPolarity) has invalid value (TIM_BREAKINPUTSOURCE_POLARITY_LOW)
2026-09-04 11:19:06,055 DEBUG [LineInfo_to_exitCode.log_LineInfo] 2026-09-04 11:19:06,055 [INFO] UtilMem:75 - End LoadConfig() Used Memory: 460136496 Bytes (750780416)
2026-09-04 11:19:06,141 DEBUG [LineInfo_to_exitCode.log_LineInfo] 2026-09-04 11:19:06,141 [INFO] ThirdParty:838 - entering critical section [change project]
2026-09-04 11:19:06,142 DEBUG [LineInfo_to_exitCode.log_LineInfo] 2026-09-04 11:19:06,141 [INFO] ThirdParty:1033 - CMSIS Pack Vendor :STMicroelectronics X-CUBE-AZRTOS-H7 3.5.0
2026-09-04 11:19:06,142 DEBUG [LineInfo_to_exitCode.log_LineInfo] 2026-09-04 11:19:06,141 [INFO] ThirdParty:1033 - CMSIS Pack Vendor :STMicroelectronics X-CUBE-PM33A1 1.0.0
2026-09-04 11:19:06,142 DEBUG [LineInfo_to_exitCode.log_LineInfo] 2026-09-04 11:19:06,142 [INFO] ThirdParty:1033 - CMSIS Pack Vendor :STMicroelectronics USBPD 4.1
2026-09-04 11:19:06,142 DEBUG [LineInfo_to_exitCode.log_LineInfo] 2026-09-04 11:19:06,142 [INFO] ThirdParty:1033 - CMSIS Pack Vendor :STMicroelectronics X-CUBE-NFC9 1.0.0
2026-09-04 11:19:06,142 DEBUG [LineInfo_to_exitCode.log_LineInfo] 2026-09-04 11:19:06,142 [INFO] ThirdParty:1033 - CMSIS Pack Vendor :STMicroelectronics USB_HOST 2.0.0
2026-09-04 11:19:06,143 DEBUG [LineInfo_to_exitCode.log_LineInfo] 2026-09-04 11:19:06,142 [INFO] ThirdParty:1033 - CMSIS Pack Vendor :STMicroelectronics FP-ATR-ASTRA1 2.0.3
2026-09-04 11:19:06,143 DEBUG [LineInfo_to_exitCode.log_LineInfo] 2026-09-04 11:19:06,142 [INFO] ThirdParty:1033 - CMSIS Pack Vendor :STMicroelectronics X-CUBE-AZRTOS-F4 1.1.0
2026-09-04 11:19:06,143 DEBUG [LineInfo_to_exitCode.log_LineInfo] 2026-09-04 11:19:06,142 [INFO] ThirdParty:1033 - CMSIS Pack Vendor :STMicroelectronics LIBJPEG 8.0.0
2026-09-04 11:19:06,143 DEBUG [LineInfo_to_exitCode.log_LineInfo] 2026-09-04 11:19:06,142 [INFO] ThirdParty:1033 - CMSIS Pack Vendor :STMicroelectronics X-CUBE-BLE1 7.1.0
2026-09-04 11:19:06,143 DEBUG [LineInfo_to_exitCode.log_LineInfo] 2026-09-04 11:19:06,142 [INFO] ThirdParty:1033 - CMSIS Pack Vendor :STMicroelectronics X-CUBE-SMBUS 2.1.1
2026-09-04 11:19:06,143 DEBUG [LineInfo_to_exitCode.log_LineInfo] 2026-09-04 11:19:06,142 [INFO] ThirdParty:1033 - CMSIS Pack Vendor :wolfSSL I-CUBE-wolfMQTT 1.19.2
2026-09-04 11:19:06,143 DEBUG [LineInfo_to_exitCode.log_LineInfo] 2026-09-04 11:19:06,142 [INFO] ThirdParty:1033 - CMSIS Pack Vendor :STMicroelectronics USB_DEVICE 3.0.0
2026-09-04 11:19:06,143 DEBUG [LineInfo_to_exitCode.log_LineInfo] 2026-09-04 11:19:06,142 [INFO] ThirdParty:1033 - CMSIS Pack Vendor :STMicroelectronics X-CUBE-ISPU 2.1.0
2026-09-04 11:19:06,143 DEBUG [LineInfo_to_exitCode.log_LineInfo] 2026-09-04 11:19:06,142 [INFO] ThirdParty:1033 - CMSIS Pack Vendor :STMicroelectronics X-CUBE-EEPRMA1 5.2.0
2026-09-04 11:19:06,143 DEBUG [LineInfo_to_exitCode.log_LineInfo] 2026-09-04 11:19:06,142 [INFO] ThirdParty:1033 - CMSIS Pack Vendor :STMicroelectronics X-CUBE-IPS 3.2.0
2026-09-04 11:19:06,143 DEBUG [LineInfo_to_exitCode.log_LineInfo] 2026-09-04 11:19:06,143 [INFO] ThirdParty:1033 - CMSIS Pack Vendor :STMicroelectronics eDS-WB_DPC_TT-BIDIR 2.1.1
2026-09-04 11:19:06,144 DEBUG [LineInfo_to_exitCode.log_LineInfo] 2026-09-04 11:19:06,143 [INFO] ThirdParty:1033 - CMSIS Pack Vendor :STMicroelectronics X-CUBE-AZRTOS-WB 2.0.0
2026-09-04 11:19:06,144 DEBUG [LineInfo_to_exitCode.log_LineInfo] 2026-09-04 11:19:06,143 [INFO] ThirdParty:1033 - CMSIS Pack Vendor :STMicroelectronics X-CUBE-NFC12 1.0.0
2026-09-04 11:19:06,144 DEBUG [LineInfo_to_exitCode.log_LineInfo] 2026-09-04 11:19:06,143 [INFO] ThirdParty:1033 - CMSIS Pack Vendor :STMicroelectronics X-CUBE-AZRTOS-F7 1.1.0
2026-09-04 11:19:06,144 DEBUG [LineInfo_to_exitCode.log_LineInfo] 2026-09-04 11:19:06,143 [INFO] ThirdParty:1033 - CMSIS Pack Vendor :STMicroelectronics X-CUBE-AZRTOS-L5 2.0.0
2026-09-04 11:19:06,144 DEBUG [LineInfo_to_exitCode.log_LineInfo] 2026-09-04 11:19:06,143 [INFO] ThirdParty:1033 - CMSIS Pack Vendor :STMicroelectronics USB_DEVICE 2.0.0
2026-09-04 11:19:06,144 DEBUG [LineInfo_to_exitCode.log_LineInfo] 2026-09-04 11:19:06,143 [INFO] ThirdParty:1033 - CMSIS Pack Vendor :STMicroelectronics X-CUBE-FREERTOS 1.6.0
2026-09-04 11:19:06,144 DEBUG [LineInfo_to_exitCode.log_LineInfo] 2026-09-04 11:19:06,143 [INFO] ThirdParty:1033 - CMSIS Pack Vendor :quantropi X-CUBE-qispace-sdk-base 2.1.0
2026-09-04 11:19:06,144 DEBUG [LineInfo_to_exitCode.log_LineInfo] 2026-09-04 11:19:06,143 [INFO] ThirdParty:1033 - CMSIS Pack Vendor :STMicroelectronics X-CUBE-STSE01 2.0.0
2026-09-04 11:19:06,144 DEBUG [LineInfo_to_exitCode.log_LineInfo] 2026-09-04 11:19:06,143 [INFO] ThirdParty:1033 - CMSIS Pack Vendor :STMicroelectronics X-CUBE-ALGOBUILD 1.5.0
2026-09-04 11:19:06,144 DEBUG [LineInfo_to_exitCode.log_LineInfo] 2026-09-04 11:19:06,143 [INFO] ThirdParty:1033 - CMSIS Pack Vendor :STMicroelectronics FP-SNS-MOTENV1 5.1.0
2026-09-04 11:19:06,144 DEBUG [LineInfo_to_exitCode.log_LineInfo] 2026-09-04 11:19:06,143 [INFO] ThirdParty:1033 - CMSIS Pack Vendor :STMicroelectronics FreeRTOS 0.0.1
2026-09-04 11:19:06,144 DEBUG [LineInfo_to_exitCode.log_LineInfo] 2026-09-04 11:19:06,143 [INFO] ThirdParty:1033 - CMSIS Pack Vendor :STMicroelectronics X-CUBE-AZRTOS-H7RS 1.3.0
2026-09-04 11:19:06,144 DEBUG [LineInfo_to_exitCode.log_LineInfo] 2026-09-04 11:19:06,143 [INFO] ThirdParty:1033 - CMSIS Pack Vendor :STMicroelectronics X-CUBE-AZRTOS-G0 1.1.0
2026-09-04 11:19:06,144 DEBUG [LineInfo_to_exitCode.log_LineInfo] 2026-09-04 11:19:06,143 [INFO] ThirdParty:1033 - CMSIS Pack Vendor :STMicroelectronics X-CUBE-NFC4 3.0.0
2026-09-04 11:19:06,144 DEBUG [LineInfo_to_exitCode.log_LineInfo] 2026-09-04 11:19:06,143 [INFO] ThirdParty:1033 - CMSIS Pack Vendor :STMicroelectronics X-CUBE-SUBG2 5.0.0
2026-09-04 11:19:06,144 DEBUG [LineInfo_to_exitCode.log_LineInfo] 2026-09-04 11:19:06,143 [INFO] ThirdParty:1033 - CMSIS Pack Vendor :STMicroelectronics STM32_WPAN 1.0.0
2026-09-04 11:19:06,144 DEBUG [LineInfo_to_exitCode.log_LineInfo] 2026-09-04 11:19:06,143 [INFO] ThirdParty:1033 - CMSIS Pack Vendor :STMicroelectronics eDS-WB_DPC_VIENNA 1.2.0
2026-09-04 11:19:06,144 DEBUG [LineInfo_to_exitCode.log_LineInfo] 2026-09-04 11:19:06,143 [INFO] ThirdParty:1033 - CMSIS Pack Vendor :EmbeddedOffice I-CUBE-FS-RTOS 1.0.1
2026-09-04 11:19:06,144 DEBUG [LineInfo_to_exitCode.log_LineInfo] 2026-09-04 11:19:06,143 [INFO] ThirdParty:1033 - CMSIS Pack Vendor :STMicroelectronics lwIP 2.0.3
2026-09-04 11:19:06,144 DEBUG [LineInfo_to_exitCode.log_LineInfo] 2026-09-04 11:19:06,143 [INFO] ThirdParty:1033 - CMSIS Pack Vendor :WES I-CUBE-Cesium 1.4.0
2026-09-04 11:19:06,144 DEBUG [LineInfo_to_exitCode.log_LineInfo] 2026-09-04 11:19:06,143 [INFO] ThirdParty:1033 - CMSIS Pack Vendor :STMicroelectronics X-CUBE-MEMS1 13.0.0
2026-09-04 11:19:06,145 DEBUG [LineInfo_to_exitCode.log_LineInfo] 2026-09-04 11:19:06,143 [INFO] ThirdParty:1033 - CMSIS Pack Vendor :STMicroelectronics eDS-WB_DPC_3PH2L-BIDIR 1.1.1
2026-09-04 11:19:06,145 DEBUG [LineInfo_to_exitCode.log_LineInfo] 2026-09-04 11:19:06,143 [INFO] ThirdParty:1033 - CMSIS Pack Vendor :STMicroelectronics USB_HOST 1.0.0
2026-09-04 11:19:06,145 DEBUG [LineInfo_to_exitCode.log_LineInfo] 2026-09-04 11:19:06,143 [INFO] ThirdParty:1033 - CMSIS Pack Vendor :STMicroelectronics X-CUBE-AZRTOS-G4 2.0.0
2026-09-04 11:19:06,145 DEBUG [LineInfo_to_exitCode.log_LineInfo] 2026-09-04 11:19:06,143 [INFO] ThirdParty:1033 - CMSIS Pack Vendor :STMicroelectronics PDM2PCM 3.1.0
2026-09-04 11:19:06,145 DEBUG [LineInfo_to_exitCode.log_LineInfo] 2026-09-04 11:19:06,143 [INFO] ThirdParty:1033 - CMSIS Pack Vendor :STMicroelectronics X-CUBE-ST67W61 1.3.0
2026-09-04 11:19:06,145 DEBUG [LineInfo_to_exitCode.log_LineInfo] 2026-09-04 11:19:06,143 [INFO] ThirdParty:1033 - CMSIS Pack Vendor :STMicroelectronics PDM2PCM 3.3.0
2026-09-04 11:19:06,145 DEBUG [LineInfo_to_exitCode.log_LineInfo] 2026-09-04 11:19:06,144 [INFO] ThirdParty:1033 - CMSIS Pack Vendor :wolfSSL I-CUBE-wolfTPM 3.8.0
2026-09-04 11:19:06,145 DEBUG [LineInfo_to_exitCode.log_LineInfo] 2026-09-04 11:19:06,144 [INFO] ThirdParty:1033 - CMSIS Pack Vendor :STMicroelectronics X-CUBE-DISPLAY 3.0.0
2026-09-04 11:19:06,145 DEBUG [LineInfo_to_exitCode.log_LineInfo] 2026-09-04 11:19:06,144 [INFO] ThirdParty:1033 - CMSIS Pack Vendor :wolfSSL I-CUBE-wolfSSH 1.4.20
2026-09-04 11:19:06,145 DEBUG [LineInfo_to_exitCode.log_LineInfo] 2026-09-04 11:19:06,144 [INFO] ThirdParty:1033 - CMSIS Pack Vendor :STMicroelectronics X-CUBE-NFC7 2.0.0
2026-09-04 11:19:06,145 DEBUG [LineInfo_to_exitCode.log_LineInfo] 2026-09-04 11:19:06,144 [INFO] ThirdParty:1033 - CMSIS Pack Vendor :STMicroelectronics X-CUBE-GNSS1 7.1.1
2026-09-04 11:19:06,145 DEBUG [LineInfo_to_exitCode.log_LineInfo] 2026-09-04 11:19:06,144 [INFO] ThirdParty:1033 - CMSIS Pack Vendor :STMicroelectronics FP-SNS-MOTENVWB1 1.5.0
2026-09-04 11:19:06,145 DEBUG [LineInfo_to_exitCode.log_LineInfo] 2026-09-04 11:19:06,144 [INFO] ThirdParty:1033 - CMSIS Pack Vendor :STMicroelectronics X-CUBE-TCPP 4.2.0
2026-09-04 11:19:06,145 DEBUG [LineInfo_to_exitCode.log_LineInfo] 2026-09-04 11:19:06,144 [INFO] ThirdParty:1033 - CMSIS Pack Vendor :RealThread X-CUBE-RT-Thread_Nano 4.1.1
2026-09-04 11:19:06,145 DEBUG [LineInfo_to_exitCode.log_LineInfo] 2026-09-04 11:19:06,144 [INFO] ThirdParty:1033 - CMSIS Pack Vendor :STMicroelectronics FP-ATR-SIGFOX1 3.2.0
2026-09-04 11:19:06,145 DEBUG [LineInfo_to_exitCode.log_LineInfo] 2026-09-04 11:19:06,144 [INFO] ThirdParty:1033 - CMSIS Pack Vendor :STMicroelectronics X-CUBE-NFC10 1.0.0
2026-09-04 11:19:06,145 DEBUG [LineInfo_to_exitCode.log_LineInfo] 2026-09-04 11:19:06,144 [INFO] ThirdParty:1033 - CMSIS Pack Vendor :STMicroelectronics HAL Drivers 0.0.0
2026-09-04 11:19:06,145 DEBUG [LineInfo_to_exitCode.log_LineInfo] 2026-09-04 11:19:06,144 [INFO] ThirdParty:1033 - CMSIS Pack Vendor :STMicroelectronics MBEDTLS 2.16.2
2026-09-04 11:19:06,145 DEBUG [LineInfo_to_exitCode.log_LineInfo] 2026-09-04 11:19:06,144 [INFO] ThirdParty:1033 - CMSIS Pack Vendor :STMicroelectronics X-CUBE-ST60 1.1.0
2026-09-04 11:19:06,145 DEBUG [LineInfo_to_exitCode.log_LineInfo] 2026-09-04 11:19:06,144 [INFO] ThirdParty:1033 - CMSIS Pack Vendor :STMicroelectronics X-CUBE-BLEMGR 4.2.0
2026-09-04 11:19:06,145 DEBUG [LineInfo_to_exitCode.log_LineInfo] 2026-09-04 11:19:06,144 [INFO] ThirdParty:1033 - CMSIS Pack Vendor :STMicroelectronics X-CUBE-ALS 1.0.2
2026-09-04 11:19:06,146 DEBUG [LineInfo_to_exitCode.log_LineInfo] 2026-09-04 11:19:06,144 [INFO] ThirdParty:1033 - CMSIS Pack Vendor :emotas I-CUBE-CANOPEN 1.3.0
2026-09-04 11:19:06,146 DEBUG [LineInfo_to_exitCode.log_LineInfo] 2026-09-04 11:19:06,144 [INFO] ThirdParty:1033 - CMSIS Pack Vendor :wolfSSL I-CUBE-wolfSSL 5.9.2
2026-09-04 11:19:06,146 DEBUG [LineInfo_to_exitCode.log_LineInfo] 2026-09-04 11:19:06,144 [INFO] ThirdParty:1033 - CMSIS Pack Vendor :STMicroelectronics X-CUBE-WBA 1.1.0
2026-09-04 11:19:06,146 DEBUG [LineInfo_to_exitCode.log_LineInfo] 2026-09-04 11:19:06,144 [INFO] ThirdParty:1033 - CMSIS Pack Vendor :STMicroelectronics MBEDTLS 2.14.1
2026-09-04 11:19:06,146 DEBUG [LineInfo_to_exitCode.log_LineInfo] 2026-09-04 11:19:06,144 [INFO] ThirdParty:1033 - CMSIS Pack Vendor :ITTIA_DB I-CUBE-ITTIADB 8.9.0
2026-09-04 11:19:06,146 DEBUG [LineInfo_to_exitCode.log_LineInfo] 2026-09-04 11:19:06,144 [INFO] ThirdParty:1033 - CMSIS Pack Vendor :Cesanta I-CUBE-Mongoose 7.21.7
2026-09-04 11:19:06,146 DEBUG [LineInfo_to_exitCode.log_LineInfo] 2026-09-04 11:19:06,144 [INFO] ThirdParty:1033 - CMSIS Pack Vendor :STMicroelectronics X-CUBE-TOUCHGFX 4.26.1
2026-09-04 11:19:06,146 DEBUG [LineInfo_to_exitCode.log_LineInfo] 2026-09-04 11:19:06,144 [INFO] ThirdParty:1033 - CMSIS Pack Vendor :STMicroelectronics X-CUBE-NFC6 3.2.0
2026-09-04 11:19:06,146 DEBUG [LineInfo_to_exitCode.log_LineInfo] 2026-09-04 11:19:06,144 [INFO] ThirdParty:1033 - CMSIS Pack Vendor :STMicroelectronics FP-SNS-STBOX1 2.1.0
2026-09-04 11:19:06,146 DEBUG [LineInfo_to_exitCode.log_LineInfo] 2026-09-04 11:19:06,144 [INFO] ThirdParty:1033 - CMSIS Pack Vendor :STMicroelectronics X-CUBE-AI 10.2.1
2026-09-04 11:19:06,146 DEBUG [LineInfo_to_exitCode.log_LineInfo] 2026-09-04 11:19:06,144 [INFO] ThirdParty:1033 - CMSIS Pack Vendor :STMicroelectronics ThreadX 1.0.0
2026-09-04 11:19:06,146 DEBUG [LineInfo_to_exitCode.log_LineInfo] 2026-09-04 11:19:06,144 [INFO] ThirdParty:1033 - CMSIS Pack Vendor :STMicroelectronics FP-SNS-SMARTAG2 1.2.0
2026-09-04 11:19:06,146 DEBUG [LineInfo_to_exitCode.log_LineInfo] 2026-09-04 11:19:06,144 [INFO] ThirdParty:1033 - CMSIS Pack Vendor :STMicroelectronics FP-SNS-FLIGHT1 5.1.0
2026-09-04 11:19:06,146 DEBUG [LineInfo_to_exitCode.log_LineInfo] 2026-09-04 11:19:06,144 [INFO] ThirdParty:1033 - CMSIS Pack Vendor :STMicroelectronics X-CUBE-AZRTOS-WL 2.0.0
2026-09-04 11:19:06,146 DEBUG [LineInfo_to_exitCode.log_LineInfo] 2026-09-04 11:19:06,144 [INFO] ThirdParty:1033 - CMSIS Pack Vendor :SEGGER I-CUBE-embOS 1.3.1
2026-09-04 11:19:06,146 DEBUG [LineInfo_to_exitCode.log_LineInfo] 2026-09-04 11:19:06,144 [INFO] ThirdParty:1033 - CMSIS Pack Vendor :STMicroelectronics X-CUBE-DPower 1.3.0
2026-09-04 11:19:06,146 DEBUG [LineInfo_to_exitCode.log_LineInfo] 2026-09-04 11:19:06,144 [INFO] ThirdParty:1033 - CMSIS Pack Vendor :STMicroelectronics USB_DEVICE 1.0.0
2026-09-04 11:19:06,147 DEBUG [LineInfo_to_exitCode.log_LineInfo] 2026-09-04 11:19:06,144 [INFO] ThirdParty:1033 - CMSIS Pack Vendor :STMicroelectronics X-CUBE-AZRTOS-L4 2.0.0
2026-09-04 11:19:06,147 DEBUG [LineInfo_to_exitCode.log_LineInfo] 2026-09-04 11:19:06,144 [INFO] ThirdParty:1033 - CMSIS Pack Vendor :STMicroelectronics ThreadX 0.0.2
2026-09-04 11:19:06,147 DEBUG [LineInfo_to_exitCode.log_LineInfo] 2026-09-04 11:19:06,144 [INFO] ThirdParty:1033 - CMSIS Pack Vendor :STMicroelectronics FP-SNS-STAIOTCFT 2.0.0
2026-09-04 11:19:06,147 DEBUG [LineInfo_to_exitCode.log_LineInfo] 2026-09-04 11:19:06,144 [INFO] ThirdParty:1033 - CMSIS Pack Vendor :STMicroelectronics lwIP 2.1.2
2026-09-04 11:19:06,147 DEBUG [LineInfo_to_exitCode.log_LineInfo] 2026-09-04 11:19:06,144 [INFO] ThirdParty:1033 - CMSIS Pack Vendor :STMicroelectronics X-CUBE-SFXS2LP1 4.0.0
2026-09-04 11:19:06,147 DEBUG [LineInfo_to_exitCode.log_LineInfo] 2026-09-04 11:19:06,144 [INFO] ThirdParty:1033 - CMSIS Pack Vendor :STMicroelectronics X-CUBE-BLE2 3.3.0
2026-09-04 11:19:06,147 DEBUG [LineInfo_to_exitCode.log_LineInfo] 2026-09-04 11:19:06,144 [INFO] ThirdParty:1033 - CMSIS Pack Vendor :Avnet-IOTCONNECT X-CUBE-iotc-st67-sdk 1.0.0
2026-09-04 11:19:06,147 DEBUG [LineInfo_to_exitCode.log_LineInfo] 2026-09-04 11:19:06,145 [INFO] ThirdParty:1033 - CMSIS Pack Vendor :STMicroelectronics X-CUBE-TOF1 3.4.3
2026-09-04 11:19:06,147 DEBUG [LineInfo_to_exitCode.log_LineInfo] 2026-09-04 11:19:06,145 [INFO] ThirdParty:1033 - CMSIS Pack Vendor :Infineon AIROC-Wi-Fi-Bluetooth-STM32 1.8.0
2026-09-04 11:19:06,147 DEBUG [LineInfo_to_exitCode.log_LineInfo] 2026-09-04 11:19:06,145 [INFO] ThirdParty:1033 - CMSIS Pack Vendor :STMicroelectronics X-CUBE-NFC13 1.0.0
2026-09-04 11:19:06,147 DEBUG [LineInfo_to_exitCode.log_LineInfo] 2026-09-04 11:19:06,145 [INFO] ThirdParty:1033 - CMSIS Pack Vendor :STMicroelectronics PDM2PCM 3.2.0
2026-09-04 11:19:06,147 DEBUG [LineInfo_to_exitCode.log_LineInfo] 2026-09-04 11:19:06,145 [INFO] ThirdParty:1033 - CMSIS Pack Vendor :STMicroelectronics X-CUBE-WB05N 2.1.0
2026-09-04 11:19:06,147 DEBUG [LineInfo_to_exitCode.log_LineInfo] 2026-09-04 11:19:06,145 [INFO] ThirdParty:844 - exiting critical section [change project]
2026-09-04 11:19:06,639 DEBUG [LineInfo_to_exitCode.log_LineInfo] 2026-09-04 11:19:06,639 [INFO] PinOutPanel:1500 - setPackage(No Configuration,No Configuration)
2026-09-04 11:19:06,640 DEBUG [LineInfo_to_exitCode.log_LineInfo] 2026-09-04 11:19:06,640 [INFO] PinOutPanel:1500 - setPackage(STM32G431RBTx,LQFP64)
2026-09-04 11:19:07,052 DEBUG [LineInfo_to_exitCode.log_LineInfo] 2026-09-04 11:19:07,051 [INFO] UtilMem:75 - Before build in PCC Used Memory: 315803712 Bytes (750780416)
2026-09-04 11:19:07,690 DEBUG [LineInfo_to_exitCode.log_LineInfo] 2026-09-04 11:19:07,690 [INFO] UtilMem:75 - After build in PCC Used Memory: 421709888 Bytes (750780416)
2026-09-04 11:19:07,768 DEBUG [LineInfo_to_exitCode.log_LineInfo] 2026-09-04 11:19:07,767 [INFO] ApiDbMcu:530 - Load IP Config File for MotorControl
2026-09-04 11:19:07,787 DEBUG [LineInfo_to_exitCode.log_LineInfo] 2026-09-04 11:19:07,787 [INFO] IPUIPlugin:83 - create IPUIPlugin
2026-09-04 11:19:07,788 DEBUG [LineInfo_to_exitCode.log_LineInfo] 2026-09-04 11:19:07,787 [INFO] IPUIPlugin:83 - create IPUIPlugin
2026-09-04 11:19:07,788 DEBUG [LineInfo_to_exitCode.log_LineInfo] 2026-09-04 11:19:07,787 [INFO] IPUIPlugin:83 - create IPUIPlugin
2026-09-04 11:19:07,788 DEBUG [LineInfo_to_exitCode.log_LineInfo] 2026-09-04 11:19:07,788 [INFO] IPUIPlugin:83 - create IPUIPlugin
2026-09-04 11:19:07,788 DEBUG [LineInfo_to_exitCode.log_LineInfo] 2026-09-04 11:19:07,788 [INFO] IPUIPlugin:83 - create IPUIPlugin
2026-09-04 11:19:07,788 DEBUG [LineInfo_to_exitCode.log_LineInfo] 2026-09-04 11:19:07,788 [INFO] IPUIPlugin:83 - create IPUIPlugin
2026-09-04 11:19:07,788 DEBUG [LineInfo_to_exitCode.log_LineInfo] 2026-09-04 11:19:07,788 [INFO] IPUIPlugin:83 - create IPUIPlugin
2026-09-04 11:19:07,788 DEBUG [LineInfo_to_exitCode.log_LineInfo] 2026-09-04 11:19:07,788 [INFO] IPUIPlugin:83 - create IPUIPlugin
2026-09-04 11:19:07,789 DEBUG [LineInfo_to_exitCode.log_LineInfo] 2026-09-04 11:19:07,788 [INFO] IPUIPlugin:83 - create IPUIPlugin
2026-09-04 11:19:07,789 DEBUG [LineInfo_to_exitCode.log_LineInfo] 2026-09-04 11:19:07,789 [INFO] IPUIPlugin:83 - create IPUIPlugin
2026-09-04 11:19:07,789 DEBUG [LineInfo_to_exitCode.log_LineInfo] 2026-09-04 11:19:07,789 [INFO] IPUIPlugin:83 - create IPUIPlugin
2026-09-04 11:19:07,789 DEBUG [LineInfo_to_exitCode.log_LineInfo] 2026-09-04 11:19:07,789 [INFO] IPUIPlugin:83 - create IPUIPlugin
2026-09-04 11:19:07,789 DEBUG [LineInfo_to_exitCode.log_LineInfo] 2026-09-04 11:19:07,789 [INFO] IPUIPlugin:83 - create IPUIPlugin
2026-09-04 11:19:07,789 DEBUG [LineInfo_to_exitCode.log_LineInfo] 2026-09-04 11:19:07,789 [INFO] IPUIPlugin:83 - create IPUIPlugin
2026-09-04 11:19:07,789 DEBUG [LineInfo_to_exitCode.log_LineInfo] 2026-09-04 11:19:07,789 [INFO] IPUIPlugin:83 - create IPUIPlugin
2026-09-04 11:19:07,789 DEBUG [LineInfo_to_exitCode.log_LineInfo] 2026-09-04 11:19:07,789 [INFO] IPUIPlugin:83 - create IPUIPlugin
2026-09-04 11:19:07,790 DEBUG [LineInfo_to_exitCode.log_LineInfo] 2026-09-04 11:19:07,790 [INFO] IPUIPlugin:83 - create IPUIPlugin
2026-09-04 11:19:07,790 DEBUG [LineInfo_to_exitCode.log_LineInfo] 2026-09-04 11:19:07,790 [INFO] IPUIPlugin:83 - create IPUIPlugin
2026-09-04 11:19:07,790 DEBUG [LineInfo_to_exitCode.log_LineInfo] 2026-09-04 11:19:07,790 [INFO] IPUIPlugin:83 - create IPUIPlugin
2026-09-04 11:19:07,790 DEBUG [LineInfo_to_exitCode.log_LineInfo] 2026-09-04 11:19:07,790 [INFO] IPUIPlugin:83 - create IPUIPlugin
2026-09-04 11:19:07,790 DEBUG [LineInfo_to_exitCode.log_LineInfo] 2026-09-04 11:19:07,790 [INFO] IPUIPlugin:83 - create IPUIPlugin
2026-09-04 11:19:07,790 DEBUG [LineInfo_to_exitCode.log_LineInfo] 2026-09-04 11:19:07,790 [INFO] IPUIPlugin:83 - create IPUIPlugin
2026-09-04 11:19:07,790 DEBUG [LineInfo_to_exitCode.log_LineInfo] 2026-09-04 11:19:07,790 [INFO] IPUIPlugin:83 - create IPUIPlugin
2026-09-04 11:19:07,790 DEBUG [LineInfo_to_exitCode.log_LineInfo] 2026-09-04 11:19:07,790 [INFO] IPUIPlugin:83 - create IPUIPlugin
2026-09-04 11:19:07,791 DEBUG [LineInfo_to_exitCode.log_LineInfo] 2026-09-04 11:19:07,791 [INFO] IPUIPlugin:83 - create IPUIPlugin
2026-09-04 11:19:07,791 DEBUG [LineInfo_to_exitCode.log_LineInfo] 2026-09-04 11:19:07,791 [INFO] IPUIPlugin:83 - create IPUIPlugin
2026-09-04 11:19:07,791 DEBUG [LineInfo_to_exitCode.log_LineInfo] 2026-09-04 11:19:07,791 [INFO] IPUIPlugin:83 - create IPUIPlugin
2026-09-04 11:19:07,791 DEBUG [LineInfo_to_exitCode.log_LineInfo] 2026-09-04 11:19:07,791 [INFO] IPUIPlugin:83 - create IPUIPlugin
2026-09-04 11:19:07,791 DEBUG [LineInfo_to_exitCode.log_LineInfo] 2026-09-04 11:19:07,791 [INFO] IPUIPlugin:83 - create IPUIPlugin
2026-09-04 11:19:07,791 DEBUG [LineInfo_to_exitCode.log_LineInfo] 2026-09-04 11:19:07,791 [INFO] IPUIPlugin:83 - create IPUIPlugin
2026-09-04 11:19:07,791 DEBUG [LineInfo_to_exitCode.log_LineInfo] 2026-09-04 11:19:07,791 [INFO] IPUIPlugin:83 - create IPUIPlugin
2026-09-04 11:19:07,791 DEBUG [LineInfo_to_exitCode.log_LineInfo] 2026-09-04 11:19:07,791 [INFO] IPUIPlugin:83 - create IPUIPlugin
2026-09-04 11:19:07,792 DEBUG [LineInfo_to_exitCode.log_LineInfo] 2026-09-04 11:19:07,791 [INFO] IPUIPlugin:83 - create IPUIPlugin
2026-09-04 11:19:07,792 DEBUG [LineInfo_to_exitCode.log_LineInfo] 2026-09-04 11:19:07,791 [INFO] IPUIPlugin:83 - create IPUIPlugin
2026-09-04 11:19:07,792 DEBUG [LineInfo_to_exitCode.log_LineInfo] 2026-09-04 11:19:07,791 [INFO] IPUIPlugin:83 - create IPUIPlugin
2026-09-04 11:19:07,792 DEBUG [LineInfo_to_exitCode.log_LineInfo] 2026-09-04 11:19:07,792 [INFO] IPUIPlugin:83 - create IPUIPlugin
2026-09-04 11:19:07,792 DEBUG [LineInfo_to_exitCode.log_LineInfo] 2026-09-04 11:19:07,792 [INFO] IPUIPlugin:83 - create IPUIPlugin
2026-09-04 11:19:07,792 DEBUG [LineInfo_to_exitCode.log_LineInfo] 2026-09-04 11:19:07,792 [INFO] IPUIPlugin:83 - create IPUIPlugin
2026-09-04 11:19:07,792 DEBUG [LineInfo_to_exitCode.log_LineInfo] 2026-09-04 11:19:07,792 [INFO] IPUIPlugin:83 - create IPUIPlugin
2026-09-04 11:19:07,792 DEBUG [LineInfo_to_exitCode.log_LineInfo] 2026-09-04 11:19:07,792 [INFO] IPUIPlugin:83 - create IPUIPlugin
2026-09-04 11:19:07,792 DEBUG [LineInfo_to_exitCode.log_LineInfo] 2026-09-04 11:19:07,792 [INFO] IPUIPlugin:83 - create IPUIPlugin
2026-09-04 11:19:07,792 DEBUG [LineInfo_to_exitCode.log_LineInfo] 2026-09-04 11:19:07,792 [INFO] IPUIPlugin:83 - create IPUIPlugin
2026-09-04 11:19:07,792 DEBUG [LineInfo_to_exitCode.log_LineInfo] 2026-09-04 11:19:07,792 [INFO] IPUIPlugin:83 - create IPUIPlugin
2026-09-04 11:19:07,793 DEBUG [LineInfo_to_exitCode.log_LineInfo] 2026-09-04 11:19:07,792 [INFO] IPUIPlugin:83 - create IPUIPlugin
2026-09-04 11:19:07,793 DEBUG [LineInfo_to_exitCode.log_LineInfo] 2026-09-04 11:19:07,792 [INFO] IPUIPlugin:83 - create IPUIPlugin
2026-09-04 11:19:07,793 DEBUG [LineInfo_to_exitCode.log_LineInfo] 2026-09-04 11:19:07,793 [INFO] IPUIPlugin:83 - create IPUIPlugin
2026-09-04 11:19:07,793 DEBUG [LineInfo_to_exitCode.log_LineInfo] 2026-09-04 11:19:07,793 [INFO] IPUIPlugin:83 - create IPUIPlugin
2026-09-04 11:19:07,793 DEBUG [LineInfo_to_exitCode.log_LineInfo] 2026-09-04 11:19:07,793 [INFO] IPUIPlugin:83 - create IPUIPlugin
2026-09-04 11:19:07,793 DEBUG [LineInfo_to_exitCode.log_LineInfo] 2026-09-04 11:19:07,793 [INFO] IPUIPlugin:83 - create IPUIPlugin
2026-09-04 11:19:07,793 DEBUG [LineInfo_to_exitCode.log_LineInfo] 2026-09-04 11:19:07,793 [INFO] IPUIPlugin:83 - create IPUIPlugin
2026-09-04 11:19:07,793 DEBUG [LineInfo_to_exitCode.log_LineInfo] 2026-09-04 11:19:07,793 [INFO] IPUIPlugin:83 - create IPUIPlugin
2026-09-04 11:19:07,793 DEBUG [LineInfo_to_exitCode.log_LineInfo] 2026-09-04 11:19:07,793 [INFO] IPUIPlugin:83 - create IPUIPlugin
2026-09-04 11:19:07,794 DEBUG [LineInfo_to_exitCode.log_LineInfo] 2026-09-04 11:19:07,793 [INFO] IPUIPlugin:83 - create IPUIPlugin
2026-09-04 11:19:07,794 DEBUG [LineInfo_to_exitCode.log_LineInfo] 2026-09-04 11:19:07,794 [INFO] IPUIPlugin:83 - create IPUIPlugin
2026-09-04 11:19:07,794 DEBUG [LineInfo_to_exitCode.log_LineInfo] 2026-09-04 11:19:07,794 [INFO] IPUIPlugin:83 - create IPUIPlugin
2026-09-04 11:19:07,794 DEBUG [LineInfo_to_exitCode.log_LineInfo] 2026-09-04 11:19:07,794 [INFO] IPUIPlugin:83 - create IPUIPlugin
2026-09-04 11:19:07,794 DEBUG [LineInfo_to_exitCode.log_LineInfo] 2026-09-04 11:19:07,794 [INFO] IPUIPlugin:83 - create IPUIPlugin
2026-09-04 11:19:07,795 DEBUG [LineInfo_to_exitCode.log_LineInfo] 2026-09-04 11:19:07,794 [INFO] IPUIPlugin:83 - create IPUIPlugin
2026-09-04 11:19:07,795 DEBUG [LineInfo_to_exitCode.log_LineInfo] 2026-09-04 11:19:07,795 [INFO] IPUIPlugin:83 - create IPUIPlugin
2026-09-04 11:19:07,959 DEBUG [LineInfo_to_exitCode.log_LineInfo] 2026-09-04 11:19:07,959 [INFO] ProjectChoiceTab:3888 - New firmware version: STM32Cube FW_G4 V1.6.3 Old firmware version: null
2026-09-04 11:19:07,959 DEBUG [LineInfo_to_exitCode.log_LineInfo] 2026-09-04 11:19:07,959 [INFO] ProjectChoiceTab:3898 - H7FWmigrated= false
2026-09-04 11:19:07,968 DEBUG [LineInfo_to_exitCode.log_LineInfo] 2026-09-04 11:19:07,967 [INFO] CADModel:153 - CPN selected for project levelSTM32G431RBT3
2026-09-04 11:19:07,968 DEBUG [LineInfo_to_exitCode.log_LineInfo] 2026-09-04 11:19:07,968 [INFO] CADModel:102 - Register for checkConnection events
2026-09-04 11:19:08,203 DEBUG [LineInfo_to_exitCode.log_LineInfo] 2026-09-04 11:19:08,203 [INFO] OpenFileManager:403 - Restore cursor
2026-09-04 11:19:08,322 DEBUG [LineInfo_to_exitCode.log_LineInfo] 2026-09-04 11:19:08,322 [INFO] ProjectChoiceTab:3888 - New firmware version: STM32Cube FW_G4 V1.6.3 Old firmware version: STM32Cube FW_G4 V1.6.3
2026-09-04 11:19:08,324 DEBUG [LineInfo_to_exitCode.log_LineInfo] 2026-09-04 11:19:08,324 [INFO] ProjectChoiceTab:3888 - New firmware version: STM32Cube FW_G4 V1.6.2 Old firmware version: STM32Cube FW_G4 V1.6.3
2026-09-04 11:19:08,324 DEBUG [LineInfo_to_exitCode.log_LineInfo] 2026-09-04 11:19:08,324 [INFO] ProjectChoiceTab:3898 - H7FWmigrated= false
2026-09-04 11:19:08,541 DEBUG [LineInfo_to_exitCode.log_LineInfo] 2026-09-04 11:19:08,541 [INFO] UtilMem:75 - End SaveConfig() Used Memory: 412112824 Bytes (750780416)
2026-09-04 11:19:08,568 DEBUG [LineInfo_to_exitCode.log_LineInfo] 2026-09-04 11:19:08,568 [INFO] ProjectChoiceTab:3888 - New firmware version: STM32Cube FW_G4 V1.6.3 Old firmware version: STM32Cube FW_G4 V1.6.2
2026-09-04 11:19:08,568 DEBUG [LineInfo_to_exitCode.log_LineInfo] 2026-09-04 11:19:08,568 [INFO] ProjectChoiceTab:3898 - H7FWmigrated= false
2026-09-04 11:19:08,569 DEBUG [LineInfo_to_exitCode.log_LineInfo] 2026-09-04 11:19:08,569 [INFO] ProjectChoiceTab:3888 - New firmware version: STM32Cube FW_G4 V1.6.2 Old firmware version: STM32Cube FW_G4 V1.6.3
2026-09-04 11:19:08,570 DEBUG [LineInfo_to_exitCode.log_LineInfo] 2026-09-04 11:19:08,569 [INFO] ProjectChoiceTab:3898 - H7FWmigrated= false
2026-09-04 11:19:08,900 DEBUG [LineInfo_to_exitCode.log_LineInfo] 2026-09-04 11:19:08,900 [INFO] IPsOverviews:2785 - set Specific Code input for plugin: MotorControl
2026-09-04 11:19:08,900 DEBUG [LineInfo_to_exitCode.log_LineInfo] 2026-09-04 11:19:08,900 [INFO] IPsOverviews:2785 - set Specific Code input for plugin: TIM1_8G4
2026-09-04 11:19:08,900 DEBUG [LineInfo_to_exitCode.log_LineInfo] 2026-09-04 11:19:08,900 [INFO] IPsOverviews:2785 - set Specific Code input for plugin: TIM1_8G4
2026-09-04 11:19:08,900 DEBUG [LineInfo_to_exitCode.log_LineInfo] 2026-09-04 11:19:08,900 [INFO] IPsOverviews:2785 - set Specific Code input for plugin: ADC
2026-09-04 11:19:08,900 DEBUG [LineInfo_to_exitCode.log_LineInfo] 2026-09-04 11:19:08,900 [INFO] IPsOverviews:2785 - set Specific Code input for plugin: SYS
2026-09-04 11:19:08,900 DEBUG [LineInfo_to_exitCode.log_LineInfo] 2026-09-04 11:19:08,900 [INFO] IPsOverviews:2785 - set Specific Code input for plugin: ADC
2026-09-04 11:19:08,901 DEBUG [LineInfo_to_exitCode.log_LineInfo] 2026-09-04 11:19:08,900 [INFO] IPsOverviews:2785 - set Specific Code input for plugin: RCC
2026-09-04 11:19:08,901 DEBUG [LineInfo_to_exitCode.log_LineInfo] 2026-09-04 11:19:08,900 [INFO] IPsOverviews:2785 - set Specific Code input for plugin: NVIC
2026-09-04 11:19:08,901 DEBUG [LineInfo_to_exitCode.log_LineInfo] 2026-09-04 11:19:08,900 [INFO] IPsOverviews:2785 - set Specific Code input for plugin: USART
2026-09-04 11:19:08,901 DEBUG [LineInfo_to_exitCode.log_LineInfo] 2026-09-04 11:19:08,900 [INFO] IPsOverviews:2785 - set Specific Code input for plugin: DMA
2026-09-04 11:19:08,901 DEBUG [LineInfo_to_exitCode.log_LineInfo] 2026-09-04 11:19:08,900 [INFO] IPsOverviews:2785 - set Specific Code input for plugin: GPIO
2026-09-04 11:19:08,908 DEBUG [LineInfo_to_exitCode.log_LineInfo] 2026-09-04 11:19:08,908 [INFO] CodeGenerator:899 - code generatio: config db path: C:\Users\azmib\AppData\Local\Programs\STM32CubeMX\\db\
2026-09-04 11:19:09,110 DEBUG [LineInfo_to_exitCode.log_LineInfo] 2026-09-04 11:19:09,110 [INFO] CodeEngine:297 - oldGeneratedFile, C:\Users\azmib\Desktop\STM_Workspace\Pilotix6SC_Measurement\MXTmpFiles\license.tmp_save
2026-09-04 11:19:09,417 DEBUG [LineInfo_to_exitCode.log_LineInfo] 2026-09-04 11:19:09,417 [INFO] CodeEngine:321 - Generated code: C:\Users\azmib\Desktop\STM_Workspace\Pilotix6SC_Measurement\MXTmpFiles\license.tmp
2026-09-04 11:19:09,530 DEBUG [LineInfo_to_exitCode.log_LineInfo] 2026-09-04 11:19:09,530 [INFO] CodeEngine:297 - oldGeneratedFile, C:\Users\azmib\Desktop\STM_Workspace\Pilotix6SC_Measurement\MXTmpFiles\gpio.tmp_save
2026-09-04 11:19:09,692 DEBUG [LineInfo_to_exitCode.log_LineInfo] 2026-09-04 11:19:09,692 [INFO] CodeEngine:321 - Generated code: C:\Users\azmib\Desktop\STM_Workspace\Pilotix6SC_Measurement\MXTmpFiles\gpio.tmp
2026-09-04 11:19:10,464 DEBUG [LineInfo_to_exitCode.log_LineInfo] 2026-09-04 11:19:10,464 [INFO] Middleware:1457 - No code input for Bsp Dependency
2026-09-04 11:19:10,582 DEBUG [LineInfo_to_exitCode.log_LineInfo] 2026-09-04 11:19:10,582 [INFO] CodeEngine:297 - oldGeneratedFile, C:\Users\azmib\Desktop\STM_Workspace\Pilotix6SC_Measurement\MXTmpFiles\dma.tmp_save
2026-09-04 11:19:10,641 DEBUG [LineInfo_to_exitCode.log_LineInfo] 2026-09-04 11:19:10,640 [INFO] CodeEngine:321 - Generated code: C:\Users\azmib\Desktop\STM_Workspace\Pilotix6SC_Measurement\MXTmpFiles\dma.tmp
2026-09-04 11:19:10,647 DEBUG [LineInfo_to_exitCode.log_LineInfo] 2026-09-04 11:19:10,646 [INFO] CodeEngine:297 - oldGeneratedFile, C:\Users\azmib\Desktop\STM_Workspace\Pilotix6SC_Measurement\MXTmpFiles\dma_GV.tmp_save
2026-09-04 11:19:10,700 DEBUG [LineInfo_to_exitCode.log_LineInfo] 2026-09-04 11:19:10,700 [INFO] CodeEngine:321 - Generated code: C:\Users\azmib\Desktop\STM_Workspace\Pilotix6SC_Measurement\MXTmpFiles\dma_GV.tmp
2026-09-04 11:19:10,789 DEBUG [LineInfo_to_exitCode.log_LineInfo] 2026-09-04 11:19:10,788 [INFO] Middleware:1457 - No code input for Bsp Dependency
2026-09-04 11:19:10,832 DEBUG [LineInfo_to_exitCode.log_LineInfo] 2026-09-04 11:19:10,832 [INFO] CodeEngine:297 - oldGeneratedFile, C:\Users\azmib\Desktop\STM_Workspace\Pilotix6SC_Measurement\Src\motorcontrol.c_save
2026-09-04 11:19:10,897 INFO  [LineInfo_to_exitCode.log_LineInfo] Generated code: C:\Users\azmib\Desktop\STM_Workspace\Pilotix6SC_Measurement\Src\motorcontrol.c
2026-09-04 11:19:10,904 DEBUG [LineInfo_to_exitCode.log_LineInfo] 2026-09-04 11:19:10,903 [INFO] CodeEngine:297 - oldGeneratedFile, C:\Users\azmib\Desktop\STM_Workspace\Pilotix6SC_Measurement\Inc\motorcontrol.h_save
2026-09-04 11:19:10,952 INFO  [LineInfo_to_exitCode.log_LineInfo] Generated code: C:\Users\azmib\Desktop\STM_Workspace\Pilotix6SC_Measurement\Inc\motorcontrol.h
2026-09-04 11:19:10,969 DEBUG [LineInfo_to_exitCode.log_LineInfo] 2026-09-04 11:19:10,969 [INFO] CodeEngine:297 - oldGeneratedFile, C:\Users\azmib\Desktop\STM_Workspace\Pilotix6SC_Measurement\Inc\drive_parameters.h_save
2026-09-04 11:19:11,054 INFO  [LineInfo_to_exitCode.log_LineInfo] Generated code: C:\Users\azmib\Desktop\STM_Workspace\Pilotix6SC_Measurement\Inc\drive_parameters.h
2026-09-04 11:19:11,059 DEBUG [LineInfo_to_exitCode.log_LineInfo] 2026-09-04 11:19:11,059 [INFO] CodeEngine:297 - oldGeneratedFile, C:\Users\azmib\Desktop\STM_Workspace\Pilotix6SC_Measurement\Inc\mc_type.h_save
2026-09-04 11:19:11,118 INFO  [LineInfo_to_exitCode.log_LineInfo] Generated code: C:\Users\azmib\Desktop\STM_Workspace\Pilotix6SC_Measurement\Inc\mc_type.h
2026-09-04 11:19:11,125 DEBUG [LineInfo_to_exitCode.log_LineInfo] 2026-09-04 11:19:11,125 [INFO] CodeEngine:297 - oldGeneratedFile, C:\Users\azmib\Desktop\STM_Workspace\Pilotix6SC_Measurement\Inc\mc_tasks.h_save
2026-09-04 11:19:11,177 INFO  [LineInfo_to_exitCode.log_LineInfo] Generated code: C:\Users\azmib\Desktop\STM_Workspace\Pilotix6SC_Measurement\Inc\mc_tasks.h
2026-09-04 11:19:11,183 DEBUG [LineInfo_to_exitCode.log_LineInfo] 2026-09-04 11:19:11,182 [INFO] CodeEngine:297 - oldGeneratedFile, C:\Users\azmib\Desktop\STM_Workspace\Pilotix6SC_Measurement\Src\mc_api.c_save
2026-09-04 11:19:11,252 INFO  [LineInfo_to_exitCode.log_LineInfo] Generated code: C:\Users\azmib\Desktop\STM_Workspace\Pilotix6SC_Measurement\Src\mc_api.c
2026-09-04 11:19:11,264 DEBUG [LineInfo_to_exitCode.log_LineInfo] 2026-09-04 11:19:11,264 [INFO] CodeEngine:297 - oldGeneratedFile, C:\Users\azmib\Desktop\STM_Workspace\Pilotix6SC_Measurement\Inc\mc_api.h_save
2026-09-04 11:19:11,333 INFO  [LineInfo_to_exitCode.log_LineInfo] Generated code: C:\Users\azmib\Desktop\STM_Workspace\Pilotix6SC_Measurement\Inc\mc_api.h
2026-09-04 11:19:11,342 DEBUG [LineInfo_to_exitCode.log_LineInfo] 2026-09-04 11:19:11,342 [INFO] CodeEngine:297 - oldGeneratedFile, C:\Users\azmib\Desktop\STM_Workspace\Pilotix6SC_Measurement\Src\mc_config.c_save
2026-09-04 11:19:11,423 INFO  [LineInfo_to_exitCode.log_LineInfo] Generated code: C:\Users\azmib\Desktop\STM_Workspace\Pilotix6SC_Measurement\Src\mc_config.c
2026-09-04 11:19:11,430 DEBUG [LineInfo_to_exitCode.log_LineInfo] 2026-09-04 11:19:11,430 [INFO] CodeEngine:297 - oldGeneratedFile, C:\Users\azmib\Desktop\STM_Workspace\Pilotix6SC_Measurement\Src\mc_config_common.c_save
2026-09-04 11:19:11,516 INFO  [LineInfo_to_exitCode.log_LineInfo] Generated code: C:\Users\azmib\Desktop\STM_Workspace\Pilotix6SC_Measurement\Src\mc_config_common.c
2026-09-04 11:19:11,528 DEBUG [LineInfo_to_exitCode.log_LineInfo] 2026-09-04 11:19:11,527 [INFO] CodeEngine:297 - oldGeneratedFile, C:\Users\azmib\Desktop\STM_Workspace\Pilotix6SC_Measurement\Inc\mc_config.h_save
2026-09-04 11:19:11,569 INFO  [LineInfo_to_exitCode.log_LineInfo] Generated code: C:\Users\azmib\Desktop\STM_Workspace\Pilotix6SC_Measurement\Inc\mc_config.h
2026-09-04 11:19:11,579 DEBUG [LineInfo_to_exitCode.log_LineInfo] 2026-09-04 11:19:11,578 [INFO] CodeEngine:297 - oldGeneratedFile, C:\Users\azmib\Desktop\STM_Workspace\Pilotix6SC_Measurement\Inc\mc_config_common.h_save
2026-09-04 11:19:11,629 INFO  [LineInfo_to_exitCode.log_LineInfo] Generated code: C:\Users\azmib\Desktop\STM_Workspace\Pilotix6SC_Measurement\Inc\mc_config_common.h
2026-09-04 11:19:11,634 DEBUG [LineInfo_to_exitCode.log_LineInfo] 2026-09-04 11:19:11,634 [INFO] CodeEngine:297 - oldGeneratedFile, C:\Users\azmib\Desktop\STM_Workspace\Pilotix6SC_Measurement\Inc\mcp_config.h_save
2026-09-04 11:19:11,688 INFO  [LineInfo_to_exitCode.log_LineInfo] Generated code: C:\Users\azmib\Desktop\STM_Workspace\Pilotix6SC_Measurement\Inc\mcp_config.h
2026-09-04 11:19:11,695 DEBUG [LineInfo_to_exitCode.log_LineInfo] 2026-09-04 11:19:11,695 [INFO] CodeEngine:297 - oldGeneratedFile, C:\Users\azmib\Desktop\STM_Workspace\Pilotix6SC_Measurement\Src\mcp_config.c_save
2026-09-04 11:19:11,749 INFO  [LineInfo_to_exitCode.log_LineInfo] Generated code: C:\Users\azmib\Desktop\STM_Workspace\Pilotix6SC_Measurement\Src\mcp_config.c
2026-09-04 11:19:11,755 DEBUG [LineInfo_to_exitCode.log_LineInfo] 2026-09-04 11:19:11,754 [INFO] CodeEngine:297 - oldGeneratedFile, C:\Users\azmib\Desktop\STM_Workspace\Pilotix6SC_Measurement\Inc\mc_stm_types.h_save
2026-09-04 11:19:11,808 INFO  [LineInfo_to_exitCode.log_LineInfo] Generated code: C:\Users\azmib\Desktop\STM_Workspace\Pilotix6SC_Measurement\Inc\mc_stm_types.h
2026-09-04 11:19:11,814 DEBUG [LineInfo_to_exitCode.log_LineInfo] 2026-09-04 11:19:11,813 [INFO] CodeEngine:297 - oldGeneratedFile, C:\Users\azmib\Desktop\STM_Workspace\Pilotix6SC_Measurement\Src\mc_tasks.c_save
2026-09-04 11:19:11,881 INFO  [LineInfo_to_exitCode.log_LineInfo] Generated code: C:\Users\azmib\Desktop\STM_Workspace\Pilotix6SC_Measurement\Src\mc_tasks.c
2026-09-04 11:19:11,887 DEBUG [LineInfo_to_exitCode.log_LineInfo] 2026-09-04 11:19:11,887 [INFO] CodeEngine:297 - oldGeneratedFile, C:\Users\azmib\Desktop\STM_Workspace\Pilotix6SC_Measurement\Src\mc_tasks_sixstep.c_save
2026-09-04 11:19:11,952 INFO  [LineInfo_to_exitCode.log_LineInfo] Generated code: C:\Users\azmib\Desktop\STM_Workspace\Pilotix6SC_Measurement\Src\mc_tasks_sixstep.c
2026-09-04 11:19:11,961 DEBUG [LineInfo_to_exitCode.log_LineInfo] 2026-09-04 11:19:11,961 [INFO] CodeEngine:297 - oldGeneratedFile, C:\Users\azmib\Desktop\STM_Workspace\Pilotix6SC_Measurement\Src\speed_duty_ctrl.c_save
2026-09-04 11:19:12,023 INFO  [LineInfo_to_exitCode.log_LineInfo] Generated code: C:\Users\azmib\Desktop\STM_Workspace\Pilotix6SC_Measurement\Src\speed_duty_ctrl.c
2026-09-04 11:19:12,032 DEBUG [LineInfo_to_exitCode.log_LineInfo] 2026-09-04 11:19:12,032 [INFO] CodeEngine:297 - oldGeneratedFile, C:\Users\azmib\Desktop\STM_Workspace\Pilotix6SC_Measurement\Inc\speed_duty_ctrl.h_save
2026-09-04 11:19:12,082 INFO  [LineInfo_to_exitCode.log_LineInfo] Generated code: C:\Users\azmib\Desktop\STM_Workspace\Pilotix6SC_Measurement\Inc\speed_duty_ctrl.h
2026-09-04 11:19:12,087 DEBUG [LineInfo_to_exitCode.log_LineInfo] 2026-09-04 11:19:12,087 [INFO] CodeEngine:297 - oldGeneratedFile, C:\Users\azmib\Desktop\STM_Workspace\Pilotix6SC_Measurement\Src\regular_conversion_manager.c_save
2026-09-04 11:19:12,128 INFO  [LineInfo_to_exitCode.log_LineInfo] Generated code: C:\Users\azmib\Desktop\STM_Workspace\Pilotix6SC_Measurement\Src\regular_conversion_manager.c
2026-09-04 11:19:12,133 DEBUG [LineInfo_to_exitCode.log_LineInfo] 2026-09-04 11:19:12,132 [INFO] CodeEngine:297 - oldGeneratedFile, C:\Users\azmib\Desktop\STM_Workspace\Pilotix6SC_Measurement\Inc\regular_conversion_manager.h_save
2026-09-04 11:19:12,164 INFO  [LineInfo_to_exitCode.log_LineInfo] Generated code: C:\Users\azmib\Desktop\STM_Workspace\Pilotix6SC_Measurement\Inc\regular_conversion_manager.h
2026-09-04 11:19:12,169 DEBUG [LineInfo_to_exitCode.log_LineInfo] 2026-09-04 11:19:12,169 [INFO] CodeEngine:297 - oldGeneratedFile, C:\Users\azmib\Desktop\STM_Workspace\Pilotix6SC_Measurement\Src\mc_math.c_save
2026-09-04 11:19:12,213 INFO  [LineInfo_to_exitCode.log_LineInfo] Generated code: C:\Users\azmib\Desktop\STM_Workspace\Pilotix6SC_Measurement\Src\mc_math.c
2026-09-04 11:19:12,217 DEBUG [LineInfo_to_exitCode.log_LineInfo] 2026-09-04 11:19:12,217 [INFO] CodeEngine:297 - oldGeneratedFile, C:\Users\azmib\Desktop\STM_Workspace\Pilotix6SC_Measurement\Inc\mc_math.h_save
2026-09-04 11:19:12,268 INFO  [LineInfo_to_exitCode.log_LineInfo] Generated code: C:\Users\azmib\Desktop\STM_Workspace\Pilotix6SC_Measurement\Inc\mc_math.h
2026-09-04 11:19:12,276 DEBUG [LineInfo_to_exitCode.log_LineInfo] 2026-09-04 11:19:12,276 [INFO] CodeEngine:297 - oldGeneratedFile, C:\Users\azmib\Desktop\STM_Workspace\Pilotix6SC_Measurement\Src\mc_interface.c_save
2026-09-04 11:19:12,337 INFO  [LineInfo_to_exitCode.log_LineInfo] Generated code: C:\Users\azmib\Desktop\STM_Workspace\Pilotix6SC_Measurement\Src\mc_interface.c
2026-09-04 11:19:12,343 DEBUG [LineInfo_to_exitCode.log_LineInfo] 2026-09-04 11:19:12,342 [INFO] CodeEngine:297 - oldGeneratedFile, C:\Users\azmib\Desktop\STM_Workspace\Pilotix6SC_Measurement\Inc\mc_interface.h_save
2026-09-04 11:19:12,385 INFO  [LineInfo_to_exitCode.log_LineInfo] Generated code: C:\Users\azmib\Desktop\STM_Workspace\Pilotix6SC_Measurement\Inc\mc_interface.h
2026-09-04 11:19:12,391 DEBUG [LineInfo_to_exitCode.log_LineInfo] 2026-09-04 11:19:12,391 [INFO] CodeEngine:297 - oldGeneratedFile, C:\Users\azmib\Desktop\STM_Workspace\Pilotix6SC_Measurement\Inc\parameters_conversion.h_save
2026-09-04 11:19:12,459 INFO  [LineInfo_to_exitCode.log_LineInfo] Generated code: C:\Users\azmib\Desktop\STM_Workspace\Pilotix6SC_Measurement\Inc\parameters_conversion.h
2026-09-04 11:19:12,470 DEBUG [LineInfo_to_exitCode.log_LineInfo] 2026-09-04 11:19:12,469 [INFO] CodeEngine:297 - oldGeneratedFile, C:\Users\azmib\Desktop\STM_Workspace\Pilotix6SC_Measurement\Inc\parameters_conversion_g4xx.h_save
2026-09-04 11:19:12,548 INFO  [LineInfo_to_exitCode.log_LineInfo] Generated code: C:\Users\azmib\Desktop\STM_Workspace\Pilotix6SC_Measurement\Inc\parameters_conversion_g4xx.h
2026-09-04 11:19:12,554 DEBUG [LineInfo_to_exitCode.log_LineInfo] 2026-09-04 11:19:12,554 [INFO] CodeEngine:297 - oldGeneratedFile, C:\Users\azmib\Desktop\STM_Workspace\Pilotix6SC_Measurement\Inc\pmsm_motor_parameters.h_save
2026-09-04 11:19:12,600 INFO  [LineInfo_to_exitCode.log_LineInfo] Generated code: C:\Users\azmib\Desktop\STM_Workspace\Pilotix6SC_Measurement\Inc\pmsm_motor_parameters.h
2026-09-04 11:19:12,607 DEBUG [LineInfo_to_exitCode.log_LineInfo] 2026-09-04 11:19:12,607 [INFO] CodeEngine:297 - oldGeneratedFile, C:\Users\azmib\Desktop\STM_Workspace\Pilotix6SC_Measurement\Inc\power_stage_parameters.h_save
2026-09-04 11:19:12,653 INFO  [LineInfo_to_exitCode.log_LineInfo] Generated code: C:\Users\azmib\Desktop\STM_Workspace\Pilotix6SC_Measurement\Inc\power_stage_parameters.h
2026-09-04 11:19:12,659 DEBUG [LineInfo_to_exitCode.log_LineInfo] 2026-09-04 11:19:12,658 [INFO] CodeEngine:297 - oldGeneratedFile, C:\Users\azmib\Desktop\STM_Workspace\Pilotix6SC_Measurement\Src\stm32_mc_common_it.c_save
2026-09-04 11:19:12,706 INFO  [LineInfo_to_exitCode.log_LineInfo] Generated code: C:\Users\azmib\Desktop\STM_Workspace\Pilotix6SC_Measurement\Src\stm32_mc_common_it.c
2026-09-04 11:19:12,717 DEBUG [LineInfo_to_exitCode.log_LineInfo] 2026-09-04 11:19:12,717 [INFO] CodeEngine:297 - oldGeneratedFile, C:\Users\azmib\Desktop\STM_Workspace\Pilotix6SC_Measurement\Src\stm32g4xx_mc_it.c_save
2026-09-04 11:19:12,763 INFO  [LineInfo_to_exitCode.log_LineInfo] Generated code: C:\Users\azmib\Desktop\STM_Workspace\Pilotix6SC_Measurement\Src\stm32g4xx_mc_it.c
2026-09-04 11:19:12,767 DEBUG [LineInfo_to_exitCode.log_LineInfo] 2026-09-04 11:19:12,767 [INFO] CodeEngine:297 - oldGeneratedFile, C:\Users\azmib\Desktop\STM_Workspace\Pilotix6SC_Measurement\Inc\mc_parameters.h_save
2026-09-04 11:19:12,811 INFO  [LineInfo_to_exitCode.log_LineInfo] Generated code: C:\Users\azmib\Desktop\STM_Workspace\Pilotix6SC_Measurement\Inc\mc_parameters.h
2026-09-04 11:19:12,816 DEBUG [LineInfo_to_exitCode.log_LineInfo] 2026-09-04 11:19:12,815 [INFO] CodeEngine:297 - oldGeneratedFile, C:\Users\azmib\Desktop\STM_Workspace\Pilotix6SC_Measurement\Src\mc_parameters.c_save
2026-09-04 11:19:12,893 INFO  [LineInfo_to_exitCode.log_LineInfo] Generated code: C:\Users\azmib\Desktop\STM_Workspace\Pilotix6SC_Measurement\Src\mc_parameters.c
2026-09-04 11:19:12,902 DEBUG [LineInfo_to_exitCode.log_LineInfo] 2026-09-04 11:19:12,902 [INFO] CodeEngine:297 - oldGeneratedFile, C:\Users\azmib\Desktop\STM_Workspace\Pilotix6SC_Measurement\Src\sync_registers.c_save
2026-09-04 11:19:13,017 INFO  [LineInfo_to_exitCode.log_LineInfo] Generated code: C:\Users\azmib\Desktop\STM_Workspace\Pilotix6SC_Measurement\Src\sync_registers.c
2026-09-04 11:19:13,023 DEBUG [LineInfo_to_exitCode.log_LineInfo] 2026-09-04 11:19:13,023 [INFO] CodeEngine:297 - oldGeneratedFile, C:\Users\azmib\Desktop\STM_Workspace\Pilotix6SC_Measurement\Src\mcp.c_save
2026-09-04 11:19:13,080 INFO  [LineInfo_to_exitCode.log_LineInfo] Generated code: C:\Users\azmib\Desktop\STM_Workspace\Pilotix6SC_Measurement\Src\mcp.c
2026-09-04 11:19:13,086 DEBUG [LineInfo_to_exitCode.log_LineInfo] 2026-09-04 11:19:13,086 [INFO] CodeEngine:297 - oldGeneratedFile, C:\Users\azmib\Desktop\STM_Workspace\Pilotix6SC_Measurement\Inc\mc_perf.h_save
2026-09-04 11:19:13,143 INFO  [LineInfo_to_exitCode.log_LineInfo] Generated code: C:\Users\azmib\Desktop\STM_Workspace\Pilotix6SC_Measurement\Inc\mc_perf.h
2026-09-04 11:19:13,150 DEBUG [LineInfo_to_exitCode.log_LineInfo] 2026-09-04 11:19:13,149 [INFO] CodeEngine:297 - oldGeneratedFile, C:\Users\azmib\Desktop\STM_Workspace\Pilotix6SC_Measurement\Src\mc_perf.c_save
2026-09-04 11:19:13,190 INFO  [LineInfo_to_exitCode.log_LineInfo] Generated code: C:\Users\azmib\Desktop\STM_Workspace\Pilotix6SC_Measurement\Src\mc_perf.c
2026-09-04 11:19:13,196 DEBUG [LineInfo_to_exitCode.log_LineInfo] 2026-09-04 11:19:13,196 [INFO] CodeEngine:297 - oldGeneratedFile, C:\Users\azmib\Desktop\STM_Workspace\Pilotix6SC_Measurement\Inc\register_interface.h_save
2026-09-04 11:19:13,240 INFO  [LineInfo_to_exitCode.log_LineInfo] Generated code: C:\Users\azmib\Desktop\STM_Workspace\Pilotix6SC_Measurement\Inc\register_interface.h
2026-09-04 11:19:13,244 DEBUG [LineInfo_to_exitCode.log_LineInfo] 2026-09-04 11:19:13,244 [INFO] CodeEngine:297 - oldGeneratedFile, C:\Users\azmib\Desktop\STM_Workspace\Pilotix6SC_Measurement\Src\usart_aspep_driver.c_save
2026-09-04 11:19:13,284 INFO  [LineInfo_to_exitCode.log_LineInfo] Generated code: C:\Users\azmib\Desktop\STM_Workspace\Pilotix6SC_Measurement\Src\usart_aspep_driver.c
2026-09-04 11:19:13,288 DEBUG [LineInfo_to_exitCode.log_LineInfo] 2026-09-04 11:19:13,288 [INFO] CodeEngine:297 - oldGeneratedFile, C:\Users\azmib\Desktop\STM_Workspace\Pilotix6SC_Measurement\Src\mc_configuration_registers.c_save
2026-09-04 11:19:13,329 INFO  [LineInfo_to_exitCode.log_LineInfo] Generated code: C:\Users\azmib\Desktop\STM_Workspace\Pilotix6SC_Measurement\Src\mc_configuration_registers.c
2026-09-04 11:19:13,338 DEBUG [LineInfo_to_exitCode.log_LineInfo] 2026-09-04 11:19:13,337 [INFO] CodeEngine:297 - oldGeneratedFile, C:\Users\azmib\Desktop\STM_Workspace\Pilotix6SC_Measurement\Inc\mc_configuration_registers.h_save
2026-09-04 11:19:13,385 INFO  [LineInfo_to_exitCode.log_LineInfo] Generated code: C:\Users\azmib\Desktop\STM_Workspace\Pilotix6SC_Measurement\Inc\mc_configuration_registers.h
2026-09-04 11:19:13,391 DEBUG [LineInfo_to_exitCode.log_LineInfo] 2026-09-04 11:19:13,391 [INFO] CodeEngine:297 - oldGeneratedFile, C:\Users\azmib\Desktop\STM_Workspace\Pilotix6SC_Measurement\Inc\aspep.h_save
2026-09-04 11:19:13,432 INFO  [LineInfo_to_exitCode.log_LineInfo] Generated code: C:\Users\azmib\Desktop\STM_Workspace\Pilotix6SC_Measurement\Inc\aspep.h
2026-09-04 11:19:13,438 DEBUG [LineInfo_to_exitCode.log_LineInfo] 2026-09-04 11:19:13,438 [INFO] CodeEngine:297 - oldGeneratedFile, C:\Users\azmib\Desktop\STM_Workspace\Pilotix6SC_Measurement\Src\aspep.c_save
2026-09-04 11:19:13,488 INFO  [LineInfo_to_exitCode.log_LineInfo] Generated code: C:\Users\azmib\Desktop\STM_Workspace\Pilotix6SC_Measurement\Src\aspep.c
2026-09-04 11:19:13,495 DEBUG [LineInfo_to_exitCode.log_LineInfo] 2026-09-04 11:19:13,494 [INFO] CodeEngine:297 - oldGeneratedFile, C:\Users\azmib\Desktop\STM_Workspace\Pilotix6SC_Measurement\Inc\mc_app_hooks.h_save
2026-09-04 11:19:13,530 INFO  [LineInfo_to_exitCode.log_LineInfo] Generated code: C:\Users\azmib\Desktop\STM_Workspace\Pilotix6SC_Measurement\Inc\mc_app_hooks.h
2026-09-04 11:19:13,535 DEBUG [LineInfo_to_exitCode.log_LineInfo] 2026-09-04 11:19:13,535 [INFO] CodeEngine:297 - oldGeneratedFile, C:\Users\azmib\Desktop\STM_Workspace\Pilotix6SC_Measurement\Src\mc_app_hooks.c_save
2026-09-04 11:19:13,577 INFO  [LineInfo_to_exitCode.log_LineInfo] Generated code: C:\Users\azmib\Desktop\STM_Workspace\Pilotix6SC_Measurement\Src\mc_app_hooks.c
2026-09-04 11:19:13,581 DEBUG [LineInfo_to_exitCode.log_LineInfo] 2026-09-04 11:19:13,581 [INFO] CodeEngine:297 - oldGeneratedFile, C:\Users\azmib\Desktop\STM_Workspace\Pilotix6SC_Measurement\Src\speed_potentiometer.c_save
2026-09-04 11:19:13,621 INFO  [LineInfo_to_exitCode.log_LineInfo] Generated code: C:\Users\azmib\Desktop\STM_Workspace\Pilotix6SC_Measurement\Src\speed_potentiometer.c
2026-09-04 11:19:13,626 DEBUG [LineInfo_to_exitCode.log_LineInfo] 2026-09-04 11:19:13,626 [INFO] CodeEngine:297 - oldGeneratedFile, C:\Users\azmib\Desktop\STM_Workspace\Pilotix6SC_Measurement\Src\bemf_ADC_fdbk_sixstep.c_save
2026-09-04 11:19:13,670 INFO  [LineInfo_to_exitCode.log_LineInfo] Generated code: C:\Users\azmib\Desktop\STM_Workspace\Pilotix6SC_Measurement\Src\bemf_ADC_fdbk_sixstep.c
2026-09-04 11:19:13,676 DEBUG [LineInfo_to_exitCode.log_LineInfo] 2026-09-04 11:19:13,675 [INFO] CodeEngine:297 - oldGeneratedFile, C:\Users\azmib\Desktop\STM_Workspace\Pilotix6SC_Measurement\Inc\bemf_ADC_fdbk_sixstep.h_save
2026-09-04 11:19:13,719 INFO  [LineInfo_to_exitCode.log_LineInfo] Generated code: C:\Users\azmib\Desktop\STM_Workspace\Pilotix6SC_Measurement\Inc\bemf_ADC_fdbk_sixstep.h
2026-09-04 11:19:13,724 DEBUG [LineInfo_to_exitCode.log_LineInfo] 2026-09-04 11:19:13,724 [INFO] CodeEngine:297 - oldGeneratedFile, C:\Users\azmib\Desktop\STM_Workspace\Pilotix6SC_Measurement\Src\pwmc_sixstep.c_save
2026-09-04 11:19:13,767 INFO  [LineInfo_to_exitCode.log_LineInfo] Generated code: C:\Users\azmib\Desktop\STM_Workspace\Pilotix6SC_Measurement\Src\pwmc_sixstep.c
2026-09-04 11:19:13,772 DEBUG [LineInfo_to_exitCode.log_LineInfo] 2026-09-04 11:19:13,772 [INFO] CodeEngine:297 - oldGeneratedFile, C:\Users\azmib\Desktop\STM_Workspace\Pilotix6SC_Measurement\Inc\pwmc_sixstep.h_save
2026-09-04 11:19:13,808 INFO  [LineInfo_to_exitCode.log_LineInfo] Generated code: C:\Users\azmib\Desktop\STM_Workspace\Pilotix6SC_Measurement\Inc\pwmc_sixstep.h
2026-09-04 11:19:13,822 DEBUG [LineInfo_to_exitCode.log_LineInfo] 2026-09-04 11:19:13,822 [INFO] CodeEngine:297 - oldGeneratedFile, C:\Users\azmib\Desktop\STM_Workspace\Pilotix6SC_Measurement\Src\stm32g4xx_it.c_save
2026-09-04 11:19:13,869 INFO  [LineInfo_to_exitCode.log_LineInfo] Generated code: C:\Users\azmib\Desktop\STM_Workspace\Pilotix6SC_Measurement\Src\stm32g4xx_it.c
2026-09-04 11:19:13,872 DEBUG [LineInfo_to_exitCode.log_LineInfo] 2026-09-04 11:19:13,872 [INFO] CodeEngine:297 - oldGeneratedFile, C:\Users\azmib\Desktop\STM_Workspace\Pilotix6SC_Measurement\Inc\stm32g4xx_it.h_save
2026-09-04 11:19:13,910 INFO  [LineInfo_to_exitCode.log_LineInfo] Generated code: C:\Users\azmib\Desktop\STM_Workspace\Pilotix6SC_Measurement\Inc\stm32g4xx_it.h
2026-09-04 11:19:13,923 DEBUG [LineInfo_to_exitCode.log_LineInfo] 2026-09-04 11:19:13,923 [INFO] CodeEngine:297 - oldGeneratedFile, C:\Users\azmib\Desktop\STM_Workspace\Pilotix6SC_Measurement\Src\stm32g4xx_hal_msp.c_save
2026-09-04 11:19:13,996 INFO  [LineInfo_to_exitCode.log_LineInfo] Generated code: C:\Users\azmib\Desktop\STM_Workspace\Pilotix6SC_Measurement\Src\stm32g4xx_hal_msp.c
2026-09-04 11:19:14,001 DEBUG [LineInfo_to_exitCode.log_LineInfo] 2026-09-04 11:19:14,001 [INFO] CodeEngine:297 - oldGeneratedFile, C:\Users\azmib\Desktop\STM_Workspace\Pilotix6SC_Measurement\MXTmpFiles\system.tmp_save
2026-09-04 11:19:14,038 DEBUG [LineInfo_to_exitCode.log_LineInfo] 2026-09-04 11:19:14,038 [INFO] CodeEngine:321 - Generated code: C:\Users\azmib\Desktop\STM_Workspace\Pilotix6SC_Measurement\MXTmpFiles\system.tmp
2026-09-04 11:19:14,051 DEBUG [LineInfo_to_exitCode.log_LineInfo] 2026-09-04 11:19:14,050 [INFO] CodeEngine:353 - oldGeneratedFile, C:\Users\azmib\Desktop\STM_Workspace\Pilotix6SC_Measurement\Inc\stm32g4xx_hal_conf.h_save
2026-09-04 11:19:14,100 INFO  [LineInfo_to_exitCode.log_LineInfo] Generated code: C:\Users\azmib\Desktop\STM_Workspace\Pilotix6SC_Measurement\Inc\stm32g4xx_hal_conf.h
2026-09-04 11:19:14,129 DEBUG [LineInfo_to_exitCode.log_LineInfo] 2026-09-04 11:19:14,128 [INFO] ApiDbMcu:530 - Load IP Config File for ADC1
2026-09-04 11:19:14,134 DEBUG [LineInfo_to_exitCode.log_LineInfo] 2026-09-04 11:19:14,134 [INFO] ApiDbMcu:530 - Load IP Config File for ADC2
2026-09-04 11:19:14,152 DEBUG [LineInfo_to_exitCode.log_LineInfo] 2026-09-04 11:19:14,152 [INFO] ApiDbMcu:530 - Load IP Config File for TIM1
2026-09-04 11:19:14,162 DEBUG [LineInfo_to_exitCode.log_LineInfo] 2026-09-04 11:19:14,162 [INFO] ApiDbMcu:530 - Load IP Config File for TIM2
2026-09-04 11:19:14,168 DEBUG [LineInfo_to_exitCode.log_LineInfo] 2026-09-04 11:19:14,168 [INFO] ApiDbMcu:530 - Load IP Config File for USART2
2026-09-04 11:19:14,170 DEBUG [LineInfo_to_exitCode.log_LineInfo] 2026-09-04 11:19:14,170 [INFO] ApiDbMcu:530 - Load IP Config File for RCC
2026-09-04 11:19:14,184 DEBUG [LineInfo_to_exitCode.log_LineInfo] 2026-09-04 11:19:14,183 [INFO] CodeEngine:297 - oldGeneratedFile, C:\Users\azmib\Desktop\STM_Workspace\Pilotix6SC_Measurement\Inc\main.h_save
2026-09-04 11:19:14,242 INFO  [LineInfo_to_exitCode.log_LineInfo] Generated code: C:\Users\azmib\Desktop\STM_Workspace\Pilotix6SC_Measurement\Inc\main.h
2026-09-04 11:19:14,247 DEBUG [LineInfo_to_exitCode.log_LineInfo] 2026-09-04 11:19:14,246 [INFO] CodeEngine:297 - oldGeneratedFile, C:\Users\azmib\Desktop\STM_Workspace\Pilotix6SC_Measurement\Src\main.c_save
2026-09-04 11:19:14,375 INFO  [LineInfo_to_exitCode.log_LineInfo] Generated code: C:\Users\azmib\Desktop\STM_Workspace\Pilotix6SC_Measurement\Src\main.c
2026-09-04 11:19:14,622 DEBUG [LineInfo_to_exitCode.log_LineInfo] 2026-09-04 11:19:14,622 [INFO] ProjectBuilder:3738 - Time for Copy HAL[0] : 85mS.
2026-09-04 11:19:14,628 DEBUG [LineInfo_to_exitCode.log_LineInfo] 2026-09-04 11:19:14,627 [INFO] ProjectBuilder:5348 - Project Generator version: 4.10.0-B28
2026-09-04 11:19:14,678 DEBUG [LineInfo_to_exitCode.log_LineInfo] 2026-09-04 11:19:14,678 [INFO] ConfigFileManager:1614 - The Die is : DIE468
2026-09-04 11:19:14,682 DEBUG [LineInfo_to_exitCode.log_LineInfo] 2026-09-04 11:19:14,682 [INFO] ApiDbMcu:530 - Load IP Config File for FATFS
2026-09-04 11:19:14,685 DEBUG [LineInfo_to_exitCode.log_LineInfo] 2026-09-04 11:19:14,684 [INFO] ApiDbMcu:530 - Load IP Config File for FREERTOS
2026-09-04 11:19:14,688 DEBUG [LineInfo_to_exitCode.log_LineInfo] 2026-09-04 11:19:14,688 [INFO] ApiDbMcu:530 - Load IP Config File for USBPD
2026-09-04 11:19:14,694 DEBUG [LineInfo_to_exitCode.log_LineInfo] 2026-09-04 11:19:14,694 [INFO] ApiDbMcu:530 - Load IP Config File for USB_DEVICE
2026-09-04 11:19:18,982 DEBUG [LineInfo_to_exitCode.log_LineInfo] 2026-09-04 11:19:18,982 [INFO] ConfigFileManager:3225 - mx.scratch is deleted!
2026-09-04 11:19:18,982 DEBUG [LineInfo_to_exitCode.log_LineInfo] 2026-09-04 11:19:18,982 [INFO] ProjectBuilder:5636 - Time for Generating toolchain IDE Files: 4355mS.
2026-09-04 11:19:19,317 DEBUG [LineInfo_to_exitCode.log_LineInfo] 2026-09-04 11:19:19,317 [INFO] ProjectBuilder:3589 - Time for Copy CMSIS : 335mS.
2026-09-04 11:19:19,536 DEBUG [LineInfo_to_exitCode.log_LineInfo] 2026-09-04 11:19:19,536 [INFO] ProjectBuilder:3589 - Time for Copy CMSIS : 218mS.
2026-09-04 11:19:19,547 DEBUG [LineInfo_to_exitCode.log_LineInfo] 2026-09-04 11:19:19,547 [INFO] MainFileManager:752 - Exiting application...
2026-09-04 11:19:19,548 DEBUG [LineInfo_to_exitCode.log_LineInfo] 2026-09-04 11:19:19,547 [INFO] MainFileManager:780 - Starting shutdown procedure: hiding main window.
2026-09-04 11:19:19,549 DEBUG [LineInfo_to_exitCode.log_LineInfo] 2026-09-04 11:19:19,549 [INFO] MainFileManager:829 - Proxy status is invalid, do not check for advertisement updates
2026-09-04 11:19:19,549 DEBUG [LineInfo_to_exitCode.log_LineInfo] 2026-09-04 11:19:19,549 [INFO] ApplicationProperties:184 - Using Application install path: C:\Users\azmib\AppData\Local\Programs\STM32CubeMX
2026-09-04 11:19:19,549 DEBUG [LineInfo_to_exitCode.log_LineInfo] 2026-09-04 11:19:19,549 [INFO] ApplicationProperties:184 - Using Application install path: C:\Users\azmib\AppData\Local\Programs\STM32CubeMX
2026-09-04 11:19:19,681 DEBUG [LineInfo_to_exitCode.log_LineInfo] 2026-09-04 11:19:19,681 [INFO] MainFileManager:851 - No tmpupd_list.txt file found, skipping TMPUPD cleanup on exit.
2026-09-04 11:25:50,537 DEBUG [IOCDialogController.lambda$onClose$8] IOCGenerationDialog exists with return code 0
2026-09-04 11:54:22,131 DEBUG [WB_to_MX.lambda$run_gui_mode$0] Arguments: [-mx_timeout, -1, -pack, assets/MotorControlPack/MotorControl.zip, -exp, templates/wb-defines_where_and_what.txt, -ftl, templates/wb_ioc_template.ftl, -xdm, C:\Users\azmib\Desktop\STM_Workspace\PilotixFOC_Measurement\PilotixFOC_Measurement.wbdef, -ioc, C:\Users\azmib\Desktop\STM_Workspace\PilotixFOC_Measurement\PilotixFOC_Measurement.ioc]
2026-09-04 11:54:22,131 DEBUG [ArgsValue.lambda$retrieve$2] CLI_ARG[ftl]: templates/wb_ioc_template.ftl
2026-09-04 11:54:22,131 DEBUG [ArgsValue.lambda$retrieve$2] CLI_ARG[exp]: templates/wb-defines_where_and_what.txt
2026-09-04 11:54:22,131 DEBUG [ArgsValue.lambda$retrieve$2] CLI_ARG[xdm]: C:\Users\azmib\Desktop\STM_Workspace\PilotixFOC_Measurement\PilotixFOC_Measurement.wbdef
2026-09-04 11:54:22,132 DEBUG [ArgsValue.lambda$retrieve$2] CLI_ARG[ioc]: C:\Users\azmib\Desktop\STM_Workspace\PilotixFOC_Measurement\PilotixFOC_Measurement.ioc
2026-09-04 11:54:22,132 DEBUG [ArgsValue.lambda$retrieve$2] CLI_ARG[pack]: assets/MotorControlPack/MotorControl.zip
2026-09-04 11:54:22,132 DEBUG [ArgsValue.lambda$retrieve$2] CLI_ARG[mx_timeout]: -1
2026-09-04 11:54:22,132 DEBUG [ArgsValue.retrieve] {xdm=C:\Users\azmib\Desktop\STM_Workspace\PilotixFOC_Measurement\PilotixFOC_Measurement.wbdef, updftl=templates/wb_ioc_mc-middleware.ftl, mx_timeout=-1, exp=templates/wb-defines_where_and_what.txt, ioc=C:\Users\azmib\Desktop\STM_Workspace\PilotixFOC_Measurement\PilotixFOC_Measurement.ioc, pack=assets/MotorControlPack/MotorControl.zip, ftl=templates/wb_ioc_template.ftl}
2026-09-04 11:54:22,135 DEBUG [WB_to_MX.run] Targeted MCU family = G4
2026-09-04 11:54:22,135 DEBUG [WB_to_MX.run] Minimum associated CubeMx to the `6.0.0-a0` targeted MCU family is `G4`
2026-09-04 11:54:27,731 DEBUG [EnvironmentChecker.checkPack] STM32CubeMX.Version: 6.18.1-RC2
2026-09-04 11:54:27,732 DEBUG [RetrieveFirmwareVersion.from_zip] Trying to read Firmware version from zipped version Pack: C:\Program Files (x86)\STMicroelectronics\MC_SDK_6.4.2\Utilities\PC_Software\STMCWB\assets\MotorControlPack\MotorControl.zip
2026-09-04 11:54:27,739 DEBUG [RetrieveFirmwareVersion.minimum_supporte_version] minimum_supporte_version MotorControlFirmware.Version: 6.4.2-Full
2026-09-04 11:54:27,739 DEBUG [PackInfoFactory.deploy_MCPack_to_MxRepo] Deployment strategy class: VersionedFolderStyle_MCPackDeployer
2026-09-04 11:54:27,740 DEBUG [PackInfoFactory.deploy_MCPack_to_MxRepo] Expected MC Pack 6.4.2-Full already deployed
2026-09-04 11:54:27,742 DEBUG [DataSetUpdater.update] Updating data set
2026-09-04 11:54:27,742 DEBUG [DataSetUpdater.update] Update done
2026-09-04 11:54:27,742 INFO  [IocGenerator.logModulesVersionInfo] Version info: 
2026-09-04 11:54:27,742 INFO  [IocGenerator.logModulesVersionInfo]   MC Workbench       : 6.4.2
2026-09-04 11:54:27,743 INFO  [IocGenerator.logModulesVersionInfo]   WB_to_Mx           : 6.4.2.template-25-05-06
2026-09-04 11:54:27,743 INFO  [IocGenerator.logModulesVersionInfo]   STM32CubeMX        : 6.18.1
2026-09-04 11:54:27,743 INFO  [IocGenerator.logModulesVersionInfo]   MC Firmware Library: 6.4.2-Full
2026-09-04 11:54:27,743 INFO  [IocGenerator.logModulesVersionInfo] 
Generation options: 
2026-09-04 11:54:27,743 INFO  [IocGenerator.logModulesVersionInfo]   Target Toolchain   : ST STM32CubeIDE
2026-09-04 11:54:27,743 INFO  [IocGenerator.logModulesVersionInfo]   Target Driver      : HAL - Hardware Abstraction Layer
2026-09-04 11:54:27,743 INFO  [IocGenerator.logModulesVersionInfo]   Target STM32 FW    : 1.6.2

2026-09-04 11:54:27,743 DEBUG [IocGenerator.process] C:\Users\azmib\Desktop\STM_Workspace\PilotixFOC_Measurement\PilotixFOC_Measurement.ioc ioc file: Generating
2026-09-04 11:54:27,753 DEBUG [IocGenerator.createOutput] Generating file from template templates\wb_ioc_template.ftl
2026-09-04 11:54:28,049 DEBUG [IocGenerator.process] ioc file C:\Users\azmib\Desktop\STM_Workspace\PilotixFOC_Measurement\PilotixFOC_Measurement.ioc Generated
2026-09-04 11:54:28,050 INFO  [LineInfo_to_exitCode.log_LineInfo] C:\Users\azmib\Desktop\STM_Workspace\PilotixFOC_Measurement\PilotixFOC_Measurement.ioc ioc: Generated
2026-09-04 11:54:28,067 INFO  [Wb2MxProcess.lambda$copyFolder$e7a869af$1] Folder Copied: C:\Users\azmib\Desktop\STM_Workspace\PilotixFOC_Measurement\ftl
2026-09-04 11:54:28,074 INFO  [extSettings.lambda$writeContentToFile$f5919002$1] Generated C:\Users\azmib\Desktop\STM_Workspace\PilotixFOC_Measurement\.extSettings
2026-09-04 11:54:28,076 INFO  [Wb2MxProcess.lambda$run$$19] 
Started STM32CubeMX for final c-code generation
2026-09-04 11:54:28,078 DEBUG [CubeMxRunner.create_code_generation_script_for] Generated CubeMx script file: C:\Users\azmib\AppData\Local\Temp\WB_to_Mx-pilotixfocmeasurement-17888174479042441629.script
2026-09-04 11:54:28,621 DEBUG [LineInfo_to_exitCode.log_LineInfo] 2026-09-04 11:54:28,619 [INFO] MicroXplorer:98 - [MX] MX Start == 137969024763300
2026-09-04 11:54:28,621 DEBUG [LineInfo_to_exitCode.log_LineInfo] 2026-09-04 11:54:28,621 [INFO] MicroXplorer:653 - Detected Java Version = 21.0.10
2026-09-04 11:54:28,623 DEBUG [LineInfo_to_exitCode.log_LineInfo] 2026-09-04 11:54:28,623 [INFO] ApplicationProperties:184 - Using Application install path: C:\Users\azmib\AppData\Local\Programs\STM32CubeMX
2026-09-04 11:54:28,632 DEBUG [LineInfo_to_exitCode.log_LineInfo] 2026-09-04 11:54:28,632 [INFO] DbMcusXml:78 - Set database path to: C:\Users\azmib\AppData\Local\Programs\STM32CubeMX\\db\/mcu/
2026-09-04 11:54:28,632 DEBUG [LineInfo_to_exitCode.log_LineInfo] 2026-09-04 11:54:28,632 [INFO] ApiDb:274 - Set plugin database path to: C:\Users\azmib\AppData\Local\Programs\STM32CubeMX\\db\/plugins/boardmanager/
2026-09-04 11:54:28,636 DEBUG [LineInfo_to_exitCode.log_LineInfo] 2026-09-04 11:54:28,636 [INFO] McuFinderGlobals:63 - Set McuFinder mode to 1 (CubeMX integrated)
2026-09-04 11:54:28,644 DEBUG [LineInfo_to_exitCode.log_LineInfo] 2026-09-04 11:54:28,643 [INFO] ApiDb:250 - Set database path to: C:\Users\azmib\.stmcufinder\plugins\mcufinder//mcu/
2026-09-04 11:54:28,645 DEBUG [LineInfo_to_exitCode.log_LineInfo] 2026-09-04 11:54:28,645 [INFO] DbMcusAds:125 - Set database path to: C:\Users\azmib\.stmcufinder\plugins\mcufinder//mcu/
2026-09-04 11:54:28,664 DEBUG [LineInfo_to_exitCode.log_LineInfo] 2026-09-04 11:54:28,664 [INFO] CrossReferenceDbSqlite:203 - Set database path to: C:\Users\azmib\.stmcufinder\plugins\mcufinder//mcu/cs/
2026-09-04 11:54:28,744 DEBUG [LineInfo_to_exitCode.log_LineInfo] 2026-09-04 11:54:28,743 [INFO] RulesReader:64 - Compatibility file has been processed (337 Rules)
2026-09-04 11:54:28,766 DEBUG [LineInfo_to_exitCode.log_LineInfo] 2026-09-04 11:54:28,765 [INFO] STM32CubeMX:60 - Starting STM32CubeMX
2026-09-04 11:54:28,928 DEBUG [LineInfo_to_exitCode.log_LineInfo] 2026-09-04 11:54:28,927 [INFO] MainPanel:275 - HeapMemory: 41943040
2026-09-04 11:54:28,977 DEBUG [LineInfo_to_exitCode.log_LineInfo] 2026-09-04 11:54:28,977 [INFO] MainFrame:149 - AppUserModelID : STM32CubeMX.6.18.1-RC2
2026-09-04 11:54:29,148 DEBUG [LineInfo_to_exitCode.log_LineInfo] 2026-09-04 11:54:29,148 [INFO] DbMcusXml:78 - Set database path to: C:\Users\azmib\AppData\Local\Programs\STM32CubeMX\\db\/mcu/
2026-09-04 11:54:29,149 DEBUG [LineInfo_to_exitCode.log_LineInfo] 2026-09-04 11:54:29,149 [INFO] ApiDb:274 - Set plugin database path to: C:\Users\azmib\AppData\Local\Programs\STM32CubeMX\\db\/plugins/boardmanager/
2026-09-04 11:54:29,149 DEBUG [LineInfo_to_exitCode.log_LineInfo] 2026-09-04 11:54:29,149 [INFO] ApiDb:261 - Set plugin images path to: C:\Users\azmib\AppData\Local\Programs\STM32CubeMX\\db\/plugins/mcufinder/images/
2026-09-04 11:54:29,150 DEBUG [LineInfo_to_exitCode.log_LineInfo] 2026-09-04 11:54:29,150 [INFO] ApiDb:250 - Set database path to: C:\Users\azmib\.stmcufinder\plugins\mcufinder//mcu/
2026-09-04 11:54:29,150 DEBUG [LineInfo_to_exitCode.log_LineInfo] 2026-09-04 11:54:29,150 [INFO] DbMcusAds:125 - Set database path to: C:\Users\azmib\.stmcufinder\plugins\mcufinder//mcu/
2026-09-04 11:54:29,151 DEBUG [LineInfo_to_exitCode.log_LineInfo] 2026-09-04 11:54:29,151 [INFO] CrossReferenceDbSqlite:203 - Set database path to: C:\Users\azmib\.stmcufinder\plugins\mcufinder//mcu/cs/
2026-09-04 11:54:29,168 DEBUG [LineInfo_to_exitCode.log_LineInfo] 2026-09-04 11:54:29,168 [INFO] ApplicationProperties:184 - Using Application install path: C:\Users\azmib\AppData\Local\Programs\STM32CubeMX
2026-09-04 11:54:29,170 DEBUG [LineInfo_to_exitCode.log_LineInfo] 2026-09-04 11:54:29,170 [INFO] PluginManage:196 - Search for loadable plugins [exclusion list=, ]
2026-09-04 11:54:29,171 DEBUG [LineInfo_to_exitCode.log_LineInfo] 2026-09-04 11:54:29,171 [INFO] PluginManage:310 - Check plugin analytics
2026-09-04 11:54:29,389 DEBUG [LineInfo_to_exitCode.log_LineInfo] 2026-09-04 11:54:29,389 [INFO] AnalyticsPlugin:253 - Accepted Software Licenses: STM32CubeMX.6.18.1
2026-09-04 11:54:29,389 DEBUG [LineInfo_to_exitCode.log_LineInfo] 2026-09-04 11:54:29,389 [INFO] AnalyticsPlugin:255 - Accepted CMSIS Pack Licenses: 
2026-09-04 11:54:29,390 DEBUG [LineInfo_to_exitCode.log_LineInfo] 2026-09-04 11:54:29,390 [INFO] AnalyticsPlugin:257 - Accepted Firmware Licenses: FW.G4.1.6.0,FW.G4.1.6.3,FW.F4.1.28.0,FW.F4.1.28.3,FW.G4.1.6.2
2026-09-04 11:54:29,394 DEBUG [LineInfo_to_exitCode.log_LineInfo] 2026-09-04 11:54:29,394 [INFO] PluginManage:359 - Loaded plugin analytics (category:tool,tabindex:-1)
2026-09-04 11:54:29,394 DEBUG [LineInfo_to_exitCode.log_LineInfo] 2026-09-04 11:54:29,394 [INFO] PluginManage:310 - Check plugin cadmodel
2026-09-04 11:54:29,398 DEBUG [LineInfo_to_exitCode.log_LineInfo] 2026-09-04 11:54:29,398 [INFO] CADModel:93 - Init CAD model plugin
2026-09-04 11:54:29,399 DEBUG [LineInfo_to_exitCode.log_LineInfo] 2026-09-04 11:54:29,399 [INFO] PluginManage:359 - Loaded plugin cadmodel (category:power,tabindex:5)
2026-09-04 11:54:29,399 DEBUG [LineInfo_to_exitCode.log_LineInfo] 2026-09-04 11:54:29,399 [INFO] PluginManage:310 - Check plugin clock
2026-09-04 11:54:29,406 DEBUG [LineInfo_to_exitCode.log_LineInfo] 2026-09-04 11:54:29,406 [INFO] PluginManage:359 - Loaded plugin clock (category:base,tabindex:2)
2026-09-04 11:54:29,406 DEBUG [LineInfo_to_exitCode.log_LineInfo] 2026-09-04 11:54:29,406 [INFO] PluginManage:310 - Check plugin ddr
2026-09-04 11:54:29,409 DEBUG [LineInfo_to_exitCode.log_LineInfo] 2026-09-04 11:54:29,409 [INFO] PluginManage:359 - Loaded plugin ddr (category:tool,tabindex:6)
2026-09-04 11:54:29,409 DEBUG [LineInfo_to_exitCode.log_LineInfo] 2026-09-04 11:54:29,409 [INFO] PluginManage:310 - Check plugin filemanager
2026-09-04 11:54:29,512 DEBUG [LineInfo_to_exitCode.log_LineInfo] 2026-09-04 11:54:29,511 [INFO] PluginManage:359 - Loaded plugin filemanager (category:base,tabindex:10)
2026-09-04 11:54:29,512 DEBUG [LineInfo_to_exitCode.log_LineInfo] 2026-09-04 11:54:29,512 [INFO] PluginManage:310 - Check plugin ipmanager
2026-09-04 11:54:29,518 DEBUG [LineInfo_to_exitCode.log_LineInfo] 2026-09-04 11:54:29,518 [INFO] PluginManage:359 - Loaded plugin ipmanager (category:base,tabindex:5)
2026-09-04 11:54:29,518 DEBUG [LineInfo_to_exitCode.log_LineInfo] 2026-09-04 11:54:29,518 [INFO] PluginManage:310 - Check plugin lpbam
2026-09-04 11:54:29,524 DEBUG [LineInfo_to_exitCode.log_LineInfo] 2026-09-04 11:54:29,523 [INFO] PluginManage:359 - Loaded plugin lpbam (category:base,tabindex:0)
2026-09-04 11:54:29,524 DEBUG [LineInfo_to_exitCode.log_LineInfo] 2026-09-04 11:54:29,524 [INFO] PluginManage:310 - Check plugin memorymap
2026-09-04 11:54:29,535 DEBUG [LineInfo_to_exitCode.log_LineInfo] 2026-09-04 11:54:29,534 [INFO] PluginManage:359 - Loaded plugin memorymap (category:base,tabindex:4)
2026-09-04 11:54:29,535 DEBUG [LineInfo_to_exitCode.log_LineInfo] 2026-09-04 11:54:29,535 [INFO] PluginManage:310 - Check plugin pinoutandconfiguration
2026-09-04 11:54:29,542 DEBUG [LineInfo_to_exitCode.log_LineInfo] 2026-09-04 11:54:29,541 [INFO] PluginManage:359 - Loaded plugin pinoutandconfiguration (category:base,tabindex:1)
2026-09-04 11:54:29,542 DEBUG [LineInfo_to_exitCode.log_LineInfo] 2026-09-04 11:54:29,542 [INFO] PluginManage:310 - Check plugin pinoutconfig
2026-09-04 11:54:29,709 DEBUG [LineInfo_to_exitCode.log_LineInfo] 2026-09-04 11:54:29,709 [INFO] PluginManage:359 - Loaded plugin pinoutconfig (category:base,tabindex:0)
2026-09-04 11:54:29,709 DEBUG [LineInfo_to_exitCode.log_LineInfo] 2026-09-04 11:54:29,709 [INFO] PluginManage:310 - Check plugin power
2026-09-04 11:54:29,715 DEBUG [LineInfo_to_exitCode.log_LineInfo] 2026-09-04 11:54:29,715 [INFO] PluginManage:359 - Loaded plugin power (category:power,tabindex:4)
2026-09-04 11:54:29,715 DEBUG [LineInfo_to_exitCode.log_LineInfo] 2026-09-04 11:54:29,715 [INFO] PluginManage:310 - Check plugin projectmanager
2026-09-04 11:54:29,758 DEBUG [LineInfo_to_exitCode.log_LineInfo] 2026-09-04 11:54:29,758 [INFO] PluginManage:359 - Loaded plugin projectmanager (category:projectmanager,tabindex:4)
2026-09-04 11:54:29,759 DEBUG [LineInfo_to_exitCode.log_LineInfo] 2026-09-04 11:54:29,758 [INFO] PluginManage:310 - Check plugin rif
2026-09-04 11:54:29,763 DEBUG [LineInfo_to_exitCode.log_LineInfo] 2026-09-04 11:54:29,763 [INFO] PluginManage:359 - Loaded plugin rif (category:base,tabindex:3)
2026-09-04 11:54:29,763 DEBUG [LineInfo_to_exitCode.log_LineInfo] 2026-09-04 11:54:29,763 [INFO] PluginManage:310 - Check plugin thirdparty
2026-09-04 11:54:29,844 DEBUG [LineInfo_to_exitCode.log_LineInfo] 2026-09-04 11:54:29,844 [INFO] PluginManage:359 - Loaded plugin thirdparty (category:base,tabindex:-1)
2026-09-04 11:54:29,845 DEBUG [LineInfo_to_exitCode.log_LineInfo] 2026-09-04 11:54:29,844 [INFO] PluginManage:310 - Check plugin tools
2026-09-04 11:54:29,845 DEBUG [LineInfo_to_exitCode.log_LineInfo] 2026-09-04 11:54:29,845 [INFO] IntegrityCheckThread:86 - entering critical section [integrity check]
2026-09-04 11:54:29,845 DEBUG [LineInfo_to_exitCode.log_LineInfo] 2026-09-04 11:54:29,845 [INFO] ThirdPartyUpdaterWithRetryManager:70 - Updater plugin not ready yet. [1/15]
2026-09-04 11:54:29,846 DEBUG [LineInfo_to_exitCode.log_LineInfo] 2026-09-04 11:54:29,846 [INFO] PluginManage:359 - Loaded plugin tools (category:base,tabindex:7)
2026-09-04 11:54:29,846 DEBUG [LineInfo_to_exitCode.log_LineInfo] 2026-09-04 11:54:29,846 [INFO] PluginManage:310 - Check plugin tutovideos
2026-09-04 11:54:29,888 DEBUG [LineInfo_to_exitCode.log_LineInfo] 2026-09-04 11:54:29,888 [INFO] PluginManage:359 - Loaded plugin tutovideos (category:base,tabindex:-1)
2026-09-04 11:54:29,888 DEBUG [LineInfo_to_exitCode.log_LineInfo] 2026-09-04 11:54:29,888 [INFO] PluginManage:310 - Check plugin updater
2026-09-04 11:54:29,902 DEBUG [LineInfo_to_exitCode.log_LineInfo] 2026-09-04 11:54:29,902 [INFO] PluginManage:359 - Loaded plugin updater (category:base,tabindex:12)
2026-09-04 11:54:29,902 DEBUG [LineInfo_to_exitCode.log_LineInfo] 2026-09-04 11:54:29,902 [INFO] PluginManage:310 - Check plugin usernotification
2026-09-04 11:54:29,908 DEBUG [LineInfo_to_exitCode.log_LineInfo] 2026-09-04 11:54:29,907 [INFO] UserNotification:110 - Init UserNotification plugin
2026-09-04 11:54:29,908 DEBUG [LineInfo_to_exitCode.log_LineInfo] 2026-09-04 11:54:29,907 [INFO] PluginManage:359 - Loaded plugin usernotification (category:base,tabindex:19)
2026-09-04 11:54:29,908 DEBUG [LineInfo_to_exitCode.log_LineInfo] 2026-09-04 11:54:29,908 [INFO] PluginManage:283 - PluginManage : Loaded plugins [18]
2026-09-04 11:54:30,067 DEBUG [LineInfo_to_exitCode.log_LineInfo] 2026-09-04 11:54:30,067 [INFO] PinOutPanel:1500 - setPackage(No Configuration,No Configuration)
2026-09-04 11:54:30,121 DEBUG [LineInfo_to_exitCode.log_LineInfo] 2026-09-04 11:54:30,121 [INFO] CADModel:153 - CPN selected for project level
2026-09-04 11:54:30,121 DEBUG [LineInfo_to_exitCode.log_LineInfo] 2026-09-04 11:54:30,121 [INFO] CADModel:102 - Register for checkConnection events
2026-09-04 11:54:30,130 DEBUG [LineInfo_to_exitCode.log_LineInfo] 2026-09-04 11:54:30,130 [INFO] IPUIPlugin:83 - create IPUIPlugin
2026-09-04 11:54:30,130 DEBUG [LineInfo_to_exitCode.log_LineInfo] 2026-09-04 11:54:30,130 [INFO] PluginManager:220 - loadIPPluginJar : add adc
2026-09-04 11:54:30,131 DEBUG [LineInfo_to_exitCode.log_LineInfo] 2026-09-04 11:54:30,131 [INFO] IPUIPlugin:83 - create IPUIPlugin
2026-09-04 11:54:30,131 DEBUG [LineInfo_to_exitCode.log_LineInfo] 2026-09-04 11:54:30,131 [INFO] PluginManager:220 - loadIPPluginJar : add aes
2026-09-04 11:54:30,133 DEBUG [LineInfo_to_exitCode.log_LineInfo] 2026-09-04 11:54:30,133 [INFO] IPUIPlugin:83 - create IPUIPlugin
2026-09-04 11:54:30,133 DEBUG [LineInfo_to_exitCode.log_LineInfo] 2026-09-04 11:54:30,133 [INFO] PluginManager:220 - loadIPPluginJar : add can
2026-09-04 11:54:30,134 DEBUG [LineInfo_to_exitCode.log_LineInfo] 2026-09-04 11:54:30,134 [INFO] IPUIPlugin:83 - create IPUIPlugin
2026-09-04 11:54:30,134 DEBUG [LineInfo_to_exitCode.log_LineInfo] 2026-09-04 11:54:30,134 [INFO] PluginManager:220 - loadIPPluginJar : add comp
2026-09-04 11:54:30,135 DEBUG [LineInfo_to_exitCode.log_LineInfo] 2026-09-04 11:54:30,135 [INFO] IPUIPlugin:83 - create IPUIPlugin
2026-09-04 11:54:30,135 DEBUG [LineInfo_to_exitCode.log_LineInfo] 2026-09-04 11:54:30,135 [INFO] PluginManager:220 - loadIPPluginJar : add cryp
2026-09-04 11:54:30,137 DEBUG [LineInfo_to_exitCode.log_LineInfo] 2026-09-04 11:54:30,137 [INFO] IPUIPlugin:83 - create IPUIPlugin
2026-09-04 11:54:30,137 DEBUG [LineInfo_to_exitCode.log_LineInfo] 2026-09-04 11:54:30,137 [INFO] PluginManager:220 - loadIPPluginJar : add ddr_ctrl_phy
2026-09-04 11:54:30,138 DEBUG [LineInfo_to_exitCode.log_LineInfo] 2026-09-04 11:54:30,138 [INFO] IPUIPlugin:83 - create IPUIPlugin
2026-09-04 11:54:30,138 DEBUG [LineInfo_to_exitCode.log_LineInfo] 2026-09-04 11:54:30,138 [INFO] PluginManager:220 - loadIPPluginJar : add dfsdm
2026-09-04 11:54:30,142 DEBUG [LineInfo_to_exitCode.log_LineInfo] 2026-09-04 11:54:30,142 [INFO] IPUIPlugin:83 - create IPUIPlugin
2026-09-04 11:54:30,142 DEBUG [LineInfo_to_exitCode.log_LineInfo] 2026-09-04 11:54:30,142 [INFO] PluginManager:220 - loadIPPluginJar : add dma
2026-09-04 11:54:30,144 DEBUG [LineInfo_to_exitCode.log_LineInfo] 2026-09-04 11:54:30,144 [INFO] IPUIPlugin:83 - create IPUIPlugin
2026-09-04 11:54:30,144 DEBUG [LineInfo_to_exitCode.log_LineInfo] 2026-09-04 11:54:30,144 [INFO] PluginManager:220 - loadIPPluginJar : add dma3
2026-09-04 11:54:30,146 DEBUG [LineInfo_to_exitCode.log_LineInfo] 2026-09-04 11:54:30,146 [INFO] IPUIPlugin:83 - create IPUIPlugin
2026-09-04 11:54:30,146 DEBUG [LineInfo_to_exitCode.log_LineInfo] 2026-09-04 11:54:30,146 [INFO] PluginManager:220 - loadIPPluginJar : add extmemmanager
2026-09-04 11:54:30,147 DEBUG [LineInfo_to_exitCode.log_LineInfo] 2026-09-04 11:54:30,147 [INFO] IPUIPlugin:83 - create IPUIPlugin
2026-09-04 11:54:30,147 DEBUG [LineInfo_to_exitCode.log_LineInfo] 2026-09-04 11:54:30,147 [INFO] PluginManager:220 - loadIPPluginJar : add fatfs
2026-09-04 11:54:30,149 DEBUG [LineInfo_to_exitCode.log_LineInfo] 2026-09-04 11:54:30,149 [INFO] IPUIPlugin:83 - create IPUIPlugin
2026-09-04 11:54:30,149 DEBUG [LineInfo_to_exitCode.log_LineInfo] 2026-09-04 11:54:30,149 [INFO] PluginManager:220 - loadIPPluginJar : add fmc
2026-09-04 11:54:30,152 DEBUG [LineInfo_to_exitCode.log_LineInfo] 2026-09-04 11:54:30,151 [INFO] IPUIPlugin:83 - create IPUIPlugin
2026-09-04 11:54:30,152 DEBUG [LineInfo_to_exitCode.log_LineInfo] 2026-09-04 11:54:30,152 [INFO] PluginManager:220 - loadIPPluginJar : add freertos
2026-09-04 11:54:30,153 DEBUG [LineInfo_to_exitCode.log_LineInfo] 2026-09-04 11:54:30,153 [INFO] IPUIPlugin:83 - create IPUIPlugin
2026-09-04 11:54:30,153 DEBUG [LineInfo_to_exitCode.log_LineInfo] 2026-09-04 11:54:30,153 [INFO] PluginManager:220 - loadIPPluginJar : add genericplugin
2026-09-04 11:54:30,154 DEBUG [LineInfo_to_exitCode.log_LineInfo] 2026-09-04 11:54:30,154 [INFO] IPUIPlugin:83 - create IPUIPlugin
2026-09-04 11:54:30,154 DEBUG [LineInfo_to_exitCode.log_LineInfo] 2026-09-04 11:54:30,154 [INFO] PluginManager:220 - loadIPPluginJar : add gfxmmu
2026-09-04 11:54:30,157 DEBUG [LineInfo_to_exitCode.log_LineInfo] 2026-09-04 11:54:30,157 [INFO] IPUIPlugin:83 - create IPUIPlugin
2026-09-04 11:54:30,157 DEBUG [LineInfo_to_exitCode.log_LineInfo] 2026-09-04 11:54:30,157 [INFO] PluginManager:220 - loadIPPluginJar : add gic
2026-09-04 11:54:30,159 DEBUG [LineInfo_to_exitCode.log_LineInfo] 2026-09-04 11:54:30,159 [INFO] IPUIPlugin:83 - create IPUIPlugin
2026-09-04 11:54:30,159 DEBUG [LineInfo_to_exitCode.log_LineInfo] 2026-09-04 11:54:30,159 [INFO] PluginManager:220 - loadIPPluginJar : add gpio
2026-09-04 11:54:30,160 DEBUG [LineInfo_to_exitCode.log_LineInfo] 2026-09-04 11:54:30,160 [INFO] IPUIPlugin:83 - create IPUIPlugin
2026-09-04 11:54:30,161 DEBUG [LineInfo_to_exitCode.log_LineInfo] 2026-09-04 11:54:30,160 [INFO] PluginManager:220 - loadIPPluginJar : add gtzc
2026-09-04 11:54:30,162 DEBUG [LineInfo_to_exitCode.log_LineInfo] 2026-09-04 11:54:30,162 [INFO] IPUIPlugin:83 - create IPUIPlugin
2026-09-04 11:54:30,162 DEBUG [LineInfo_to_exitCode.log_LineInfo] 2026-09-04 11:54:30,162 [INFO] PluginManager:220 - loadIPPluginJar : add hash
2026-09-04 11:54:30,165 DEBUG [LineInfo_to_exitCode.log_LineInfo] 2026-09-04 11:54:30,165 [INFO] IPUIPlugin:83 - create IPUIPlugin
2026-09-04 11:54:30,165 DEBUG [LineInfo_to_exitCode.log_LineInfo] 2026-09-04 11:54:30,165 [INFO] PluginManager:220 - loadIPPluginJar : add hsp_engine
2026-09-04 11:54:30,166 DEBUG [LineInfo_to_exitCode.log_LineInfo] 2026-09-04 11:54:30,166 [INFO] IPUIPlugin:83 - create IPUIPlugin
2026-09-04 11:54:30,166 DEBUG [LineInfo_to_exitCode.log_LineInfo] 2026-09-04 11:54:30,166 [INFO] PluginManager:220 - loadIPPluginJar : add i2c
2026-09-04 11:54:30,167 DEBUG [LineInfo_to_exitCode.log_LineInfo] 2026-09-04 11:54:30,167 [INFO] IPUIPlugin:83 - create IPUIPlugin
2026-09-04 11:54:30,167 DEBUG [LineInfo_to_exitCode.log_LineInfo] 2026-09-04 11:54:30,167 [INFO] PluginManager:220 - loadIPPluginJar : add i2s
2026-09-04 11:54:30,168 DEBUG [LineInfo_to_exitCode.log_LineInfo] 2026-09-04 11:54:30,168 [INFO] IPUIPlugin:83 - create IPUIPlugin
2026-09-04 11:54:30,169 DEBUG [LineInfo_to_exitCode.log_LineInfo] 2026-09-04 11:54:30,168 [INFO] PluginManager:220 - loadIPPluginJar : add i3c
2026-09-04 11:54:30,170 DEBUG [LineInfo_to_exitCode.log_LineInfo] 2026-09-04 11:54:30,170 [INFO] IPUIPlugin:83 - create IPUIPlugin
2026-09-04 11:54:30,171 DEBUG [LineInfo_to_exitCode.log_LineInfo] 2026-09-04 11:54:30,170 [INFO] PluginManager:220 - loadIPPluginJar : add ipddr
2026-09-04 11:54:30,175 DEBUG [LineInfo_to_exitCode.log_LineInfo] 2026-09-04 11:54:30,174 [INFO] IPUIPlugin:83 - create IPUIPlugin
2026-09-04 11:54:30,175 DEBUG [LineInfo_to_exitCode.log_LineInfo] 2026-09-04 11:54:30,175 [INFO] PluginManager:220 - loadIPPluginJar : add linkedlist
2026-09-04 11:54:30,177 DEBUG [LineInfo_to_exitCode.log_LineInfo] 2026-09-04 11:54:30,176 [INFO] IPUIPlugin:83 - create IPUIPlugin
2026-09-04 11:54:30,177 DEBUG [LineInfo_to_exitCode.log_LineInfo] 2026-09-04 11:54:30,177 [INFO] PluginManager:220 - loadIPPluginJar : add lorawan
2026-09-04 11:54:30,178 DEBUG [LineInfo_to_exitCode.log_LineInfo] 2026-09-04 11:54:30,178 [INFO] IPUIPlugin:83 - create IPUIPlugin
2026-09-04 11:54:30,178 DEBUG [LineInfo_to_exitCode.log_LineInfo] 2026-09-04 11:54:30,178 [INFO] PluginManager:220 - loadIPPluginJar : add ltdc
2026-09-04 11:54:30,181 DEBUG [LineInfo_to_exitCode.log_LineInfo] 2026-09-04 11:54:30,181 [INFO] IPUIPlugin:83 - create IPUIPlugin
2026-09-04 11:54:30,181 DEBUG [LineInfo_to_exitCode.log_LineInfo] 2026-09-04 11:54:30,181 [INFO] PluginManager:220 - loadIPPluginJar : add mdma
2026-09-04 11:54:30,183 DEBUG [LineInfo_to_exitCode.log_LineInfo] 2026-09-04 11:54:30,183 [INFO] IPUIPlugin:83 - create IPUIPlugin
2026-09-04 11:54:30,183 DEBUG [LineInfo_to_exitCode.log_LineInfo] 2026-09-04 11:54:30,183 [INFO] PluginManager:220 - loadIPPluginJar : add nvic
2026-09-04 11:54:30,185 DEBUG [LineInfo_to_exitCode.log_LineInfo] 2026-09-04 11:54:30,185 [INFO] IPUIPlugin:83 - create IPUIPlugin
2026-09-04 11:54:30,185 DEBUG [LineInfo_to_exitCode.log_LineInfo] 2026-09-04 11:54:30,185 [INFO] PluginManager:220 - loadIPPluginJar : add opamp
2026-09-04 11:54:30,186 DEBUG [LineInfo_to_exitCode.log_LineInfo] 2026-09-04 11:54:30,186 [INFO] IPUIPlugin:83 - create IPUIPlugin
2026-09-04 11:54:30,186 DEBUG [LineInfo_to_exitCode.log_LineInfo] 2026-09-04 11:54:30,186 [INFO] PluginManager:220 - loadIPPluginJar : add openamp
2026-09-04 11:54:30,187 DEBUG [LineInfo_to_exitCode.log_LineInfo] 2026-09-04 11:54:30,187 [INFO] IPUIPlugin:83 - create IPUIPlugin
2026-09-04 11:54:30,187 DEBUG [LineInfo_to_exitCode.log_LineInfo] 2026-09-04 11:54:30,187 [INFO] PluginManager:220 - loadIPPluginJar : add pdm2pcm
2026-09-04 11:54:30,190 DEBUG [LineInfo_to_exitCode.log_LineInfo] 2026-09-04 11:54:30,190 [INFO] IPUIPlugin:83 - create IPUIPlugin
2026-09-04 11:54:30,192 DEBUG [LineInfo_to_exitCode.log_LineInfo] 2026-09-04 11:54:30,192 [INFO] PluginManager:220 - loadIPPluginJar : add plateformsettings
2026-09-04 11:54:30,193 DEBUG [LineInfo_to_exitCode.log_LineInfo] 2026-09-04 11:54:30,193 [INFO] IPUIPlugin:83 - create IPUIPlugin
2026-09-04 11:54:30,193 DEBUG [LineInfo_to_exitCode.log_LineInfo] 2026-09-04 11:54:30,193 [INFO] PluginManager:220 - loadIPPluginJar : add quadspi
2026-09-04 11:54:30,194 DEBUG [LineInfo_to_exitCode.log_LineInfo] 2026-09-04 11:54:30,194 [INFO] IPUIPlugin:83 - create IPUIPlugin
2026-09-04 11:54:30,194 DEBUG [LineInfo_to_exitCode.log_LineInfo] 2026-09-04 11:54:30,194 [INFO] PluginManager:220 - loadIPPluginJar : add radio
2026-09-04 11:54:30,196 DEBUG [LineInfo_to_exitCode.log_LineInfo] 2026-09-04 11:54:30,196 [INFO] IPUIPlugin:83 - create IPUIPlugin
2026-09-04 11:54:30,196 DEBUG [LineInfo_to_exitCode.log_LineInfo] 2026-09-04 11:54:30,196 [INFO] PluginManager:220 - loadIPPluginJar : add resmgrutility
2026-09-04 11:54:30,198 DEBUG [LineInfo_to_exitCode.log_LineInfo] 2026-09-04 11:54:30,198 [INFO] IPUIPlugin:83 - create IPUIPlugin
2026-09-04 11:54:30,198 DEBUG [LineInfo_to_exitCode.log_LineInfo] 2026-09-04 11:54:30,198 [INFO] PluginManager:220 - loadIPPluginJar : add sai
2026-09-04 11:54:30,199 DEBUG [LineInfo_to_exitCode.log_LineInfo] 2026-09-04 11:54:30,199 [INFO] IPUIPlugin:83 - create IPUIPlugin
2026-09-04 11:54:30,199 DEBUG [LineInfo_to_exitCode.log_LineInfo] 2026-09-04 11:54:30,199 [INFO] PluginManager:220 - loadIPPluginJar : add spi
2026-09-04 11:54:30,202 DEBUG [LineInfo_to_exitCode.log_LineInfo] 2026-09-04 11:54:30,202 [INFO] IPUIPlugin:83 - create IPUIPlugin
2026-09-04 11:54:30,203 DEBUG [LineInfo_to_exitCode.log_LineInfo] 2026-09-04 11:54:30,202 [INFO] PluginManager:220 - loadIPPluginJar : add stm32_wpan
2026-09-04 11:54:30,204 DEBUG [LineInfo_to_exitCode.log_LineInfo] 2026-09-04 11:54:30,204 [INFO] IPUIPlugin:83 - create IPUIPlugin
2026-09-04 11:54:30,204 DEBUG [LineInfo_to_exitCode.log_LineInfo] 2026-09-04 11:54:30,204 [INFO] PluginManager:220 - loadIPPluginJar : add tim
2026-09-04 11:54:30,206 DEBUG [LineInfo_to_exitCode.log_LineInfo] 2026-09-04 11:54:30,205 [INFO] IPUIPlugin:83 - create IPUIPlugin
2026-09-04 11:54:30,206 DEBUG [LineInfo_to_exitCode.log_LineInfo] 2026-09-04 11:54:30,206 [INFO] PluginManager:220 - loadIPPluginJar : add touchsensing
2026-09-04 11:54:30,207 DEBUG [LineInfo_to_exitCode.log_LineInfo] 2026-09-04 11:54:30,206 [INFO] IPUIPlugin:83 - create IPUIPlugin
2026-09-04 11:54:30,207 DEBUG [LineInfo_to_exitCode.log_LineInfo] 2026-09-04 11:54:30,207 [INFO] PluginManager:220 - loadIPPluginJar : add tracer_emb
2026-09-04 11:54:30,207 DEBUG [LineInfo_to_exitCode.log_LineInfo] 2026-09-04 11:54:30,207 [INFO] IPUIPlugin:83 - create IPUIPlugin
2026-09-04 11:54:30,207 DEBUG [LineInfo_to_exitCode.log_LineInfo] 2026-09-04 11:54:30,207 [INFO] PluginManager:220 - loadIPPluginJar : add ts
2026-09-04 11:54:30,208 DEBUG [LineInfo_to_exitCode.log_LineInfo] 2026-09-04 11:54:30,208 [INFO] IPUIPlugin:83 - create IPUIPlugin
2026-09-04 11:54:30,208 DEBUG [LineInfo_to_exitCode.log_LineInfo] 2026-09-04 11:54:30,208 [INFO] PluginManager:220 - loadIPPluginJar : add tsc
2026-09-04 11:54:30,209 DEBUG [LineInfo_to_exitCode.log_LineInfo] 2026-09-04 11:54:30,209 [INFO] IPUIPlugin:83 - create IPUIPlugin
2026-09-04 11:54:30,209 DEBUG [LineInfo_to_exitCode.log_LineInfo] 2026-09-04 11:54:30,209 [INFO] PluginManager:220 - loadIPPluginJar : add ucpd
2026-09-04 11:54:30,211 DEBUG [LineInfo_to_exitCode.log_LineInfo] 2026-09-04 11:54:30,211 [INFO] IPUIPlugin:83 - create IPUIPlugin
2026-09-04 11:54:30,211 DEBUG [LineInfo_to_exitCode.log_LineInfo] 2026-09-04 11:54:30,211 [INFO] PluginManager:220 - loadIPPluginJar : add usart
2026-09-04 11:54:30,212 DEBUG [LineInfo_to_exitCode.log_LineInfo] 2026-09-04 11:54:30,212 [INFO] IPUIPlugin:83 - create IPUIPlugin
2026-09-04 11:54:30,212 DEBUG [LineInfo_to_exitCode.log_LineInfo] 2026-09-04 11:54:30,212 [INFO] PluginManager:220 - loadIPPluginJar : add usbx
2026-09-04 11:54:30,228 DEBUG [LineInfo_to_exitCode.log_LineInfo] 2026-09-04 11:54:30,227 [INFO] Updater:1136 - Updater Version found : 6.18.1
2026-09-04 11:54:30,237 DEBUG [LineInfo_to_exitCode.log_LineInfo] 2026-09-04 11:54:30,237 [INFO] ApplicationProperties:184 - Using Application install path: C:\Users\azmib\AppData\Local\Programs\STM32CubeMX
2026-09-04 11:54:31,849 DEBUG [LineInfo_to_exitCode.log_LineInfo] mx [ERROR] stderr - Sep 04, 2026 11:54:31 AM java.util.prefs.WindowsPreferences <init>
2026-09-04 11:54:31,850 DEBUG [LineInfo_to_exitCode.log_LineInfo] mx [ERROR] stderr - WARNING: Could not open/create prefs root node Software\JavaSoft\Prefs at root 0xffffffff80000002. Windows RegCreateKeyEx(...) returned error code 5.
2026-09-04 11:54:31,941 DEBUG [LineInfo_to_exitCode.log_LineInfo] 2026-09-04 11:54:31,941 [INFO] MainUpdater:2878 - connection check result : 10
2026-09-04 11:54:31,942 DEBUG [LineInfo_to_exitCode.log_LineInfo] 2026-09-04 11:54:31,942 [INFO] MainUpdater:287 - Updater Check For Update Now.
2026-09-04 11:54:31,942 DEBUG [LineInfo_to_exitCode.log_LineInfo] 2026-09-04 11:54:31,942 [INFO] MicroXplorer:498 - Change Database Version : DB.6.0.181
2026-09-04 11:54:32,028 DEBUG [LineInfo_to_exitCode.log_LineInfo] 2026-09-04 11:54:32,028 [INFO] RulesReader:64 - Compatibility file has been processed (337 Rules)
2026-09-04 11:54:32,037 DEBUG [LineInfo_to_exitCode.log_LineInfo] 2026-09-04 11:54:32,037 [INFO] RulesReader:64 - Compatibility file has been processed (337 Rules)
2026-09-04 11:54:32,057 DEBUG [LineInfo_to_exitCode.log_LineInfo] 2026-09-04 11:54:32,056 [INFO] CADModel:153 - CPN selected for project level
2026-09-04 11:54:32,057 DEBUG [LineInfo_to_exitCode.log_LineInfo] 2026-09-04 11:54:32,057 [INFO] CADModel:102 - Register for checkConnection events
2026-09-04 11:54:32,137 DEBUG [LineInfo_to_exitCode.log_LineInfo] 2026-09-04 11:54:32,137 [INFO] CheckServerUpdateThread:120 - End of CheckServer Thread
2026-09-04 11:54:32,231 DEBUG [LineInfo_to_exitCode.log_LineInfo] 2026-09-04 11:54:32,231 [INFO] CADModel:153 - CPN selected for project level
2026-09-04 11:54:32,232 DEBUG [LineInfo_to_exitCode.log_LineInfo] 2026-09-04 11:54:32,231 [INFO] CADModel:102 - Register for checkConnection events
2026-09-04 11:54:32,289 DEBUG [LineInfo_to_exitCode.log_LineInfo] 2026-09-04 11:54:32,289 [INFO] HomeAdPanel:117 - Auto-refresh data requested => check proxy status ongoing
2026-09-04 11:54:32,640 DEBUG [LineInfo_to_exitCode.log_LineInfo] 2026-09-04 11:54:32,640 [INFO] ServerAccessManage:452 - Complete download http(s) 200
2026-09-04 11:54:32,640 DEBUG [LineInfo_to_exitCode.log_LineInfo] 2026-09-04 11:54:32,640 [INFO] ServerAccessManage:509 - Download File 
2026-09-04 11:54:32,643 DEBUG [LineInfo_to_exitCode.log_LineInfo] 2026-09-04 11:54:32,643 [INFO] LoadUrlFilesThread:185 - End of LoadServerUrlFiles without Thread
2026-09-04 11:54:32,646 DEBUG [LineInfo_to_exitCode.log_LineInfo] 2026-09-04 11:54:32,646 [INFO] DbMcusAds:53 - JSON generation date=Wed Jul 15 11:44:54 CEST 2026 (1784108694001)
2026-09-04 11:54:32,647 DEBUG [LineInfo_to_exitCode.log_LineInfo] 2026-09-04 11:54:32,647 [INFO] LoadUrlFilesThread:185 - End of LoadServerUrlFiles without Thread
2026-09-04 11:54:32,648 DEBUG [LineInfo_to_exitCode.log_LineInfo] 2026-09-04 11:54:32,647 [INFO] HomeAdPanel:128 - Refresh advertisement image is successful
2026-09-04 11:54:32,685 DEBUG [LineInfo_to_exitCode.log_LineInfo] 2026-09-04 11:54:32,684 [INFO] LoadUrlFilesThread:185 - End of LoadServerUrlFiles without Thread
2026-09-04 11:54:32,692 DEBUG [LineInfo_to_exitCode.log_LineInfo] 2026-09-04 11:54:32,691 [INFO] DetailPanel:341 - Set advertising image to C:/Users/azmib/STM32Cube/Repository/\en.stm32h5cubemxbanner.png
2026-09-04 11:54:32,857 DEBUG [LineInfo_to_exitCode.log_LineInfo] 2026-09-04 11:54:32,856 [INFO] ThirdPartyUpdaterWithRetryManager:96 - Updater plugin is busy. [1/15]
2026-09-04 11:54:32,905 DEBUG [LineInfo_to_exitCode.log_LineInfo] 2026-09-04 11:54:32,905 [INFO] LoadUrlFilesThread:185 - End of LoadServerUrlFiles without Thread
2026-09-04 11:54:33,002 DEBUG [LineInfo_to_exitCode.log_LineInfo] 2026-09-04 11:54:33,001 [INFO] LoadUrlFilesThread:185 - End of LoadServerUrlFiles without Thread
2026-09-04 11:54:33,002 DEBUG [LineInfo_to_exitCode.log_LineInfo] 2026-09-04 11:54:33,002 [INFO] DetailPanel:341 - Set advertising image to C:/Users/azmib/STM32Cube/Repository/\en.stm32h5cubemxbanner.png
2026-09-04 11:54:33,026 DEBUG [LineInfo_to_exitCode.log_LineInfo] 2026-09-04 11:54:33,026 [INFO] ServerAccessManage:452 - Complete download http(s) 200
2026-09-04 11:54:33,026 DEBUG [LineInfo_to_exitCode.log_LineInfo] 2026-09-04 11:54:33,026 [INFO] ServerAccessManage:509 - Download File 
2026-09-04 11:54:33,027 DEBUG [LineInfo_to_exitCode.log_LineInfo] 2026-09-04 11:54:33,027 [INFO] LoadUrlFilesThread:185 - End of LoadServerUrlFiles without Thread
2026-09-04 11:54:33,027 DEBUG [LineInfo_to_exitCode.log_LineInfo] 2026-09-04 11:54:33,027 [INFO] ComparatorMD5DB:85 - Refresh file md5.xml
2026-09-04 11:54:33,228 DEBUG [LineInfo_to_exitCode.log_LineInfo] 2026-09-04 11:54:33,228 [INFO] MainFrame:215 - [MX] HOME_PANEL == 137973638467399
2026-09-04 11:54:33,232 DEBUG [LineInfo_to_exitCode.log_LineInfo] 2026-09-04 11:54:33,231 [INFO] MainFrame:590 - Register for checkConnection events
2026-09-04 11:54:33,232 DEBUG [LineInfo_to_exitCode.log_LineInfo] 2026-09-04 11:54:33,232 [INFO] FastPollingNetworkMonitor:182 - Apply proxy settings
2026-09-04 11:54:33,232 DEBUG [LineInfo_to_exitCode.log_LineInfo] 2026-09-04 11:54:33,232 [INFO] FastPollingNetworkMonitor:201 - Direct internet connection detected
2026-09-04 11:54:33,239 DEBUG [LineInfo_to_exitCode.log_LineInfo] 2026-09-04 11:54:33,239 [INFO] FastPollingNetworkMonitor:158 - Register for checkConnection events
2026-09-04 11:54:33,283 DEBUG [LineInfo_to_exitCode.log_LineInfo] 2026-09-04 11:54:33,283 [INFO] MicroXplorer:468 - Change Database Path : 
2026-09-04 11:54:33,283 DEBUG [LineInfo_to_exitCode.log_LineInfo] 2026-09-04 11:54:33,283 [INFO] MicroXplorer:498 - Change Database Version : DB.6.0.181
2026-09-04 11:54:36,563 DEBUG [LineInfo_to_exitCode.log_LineInfo] 2026-09-04 11:54:36,563 [INFO] ThirdParty:981 - Integrity check success = true
2026-09-04 11:54:36,564 DEBUG [LineInfo_to_exitCode.log_LineInfo] 2026-09-04 11:54:36,563 [INFO] IntegrityCheckThread:100 - exiting critical section [integrity check]
2026-09-04 11:54:36,564 DEBUG [LineInfo_to_exitCode.log_LineInfo] 2026-09-04 11:54:36,563 [INFO] IntegrityCheckThread:103 - End integrity checks thread
2026-09-04 11:54:36,564 DEBUG [LineInfo_to_exitCode.log_LineInfo] 2026-09-04 11:54:36,563 [INFO] ThirdParty:876 - entering critical section [close project]
2026-09-04 11:54:36,565 DEBUG [LineInfo_to_exitCode.log_LineInfo] 2026-09-04 11:54:36,565 [INFO] ThirdParty:886 - exiting critical section [close project]
2026-09-04 11:54:36,568 DEBUG [LineInfo_to_exitCode.log_LineInfo] 2026-09-04 11:54:36,568 [INFO] PinOutPanel:1500 - setPackage(No Configuration,No Configuration)
2026-09-04 11:54:36,584 DEBUG [LineInfo_to_exitCode.log_LineInfo] 2026-09-04 11:54:36,584 [INFO] UtilMem:75 - Begin LoadConfig() Used Memory: 147543176 Bytes (169869312)
2026-09-04 11:54:36,589 DEBUG [LineInfo_to_exitCode.log_LineInfo] 2026-09-04 11:54:36,589 [INFO] MicroXplorer:468 - Change Database Path : 
2026-09-04 11:54:36,589 DEBUG [LineInfo_to_exitCode.log_LineInfo] 2026-09-04 11:54:36,589 [INFO] MicroXplorer:498 - Change Database Version : DB.6.0.181
2026-09-04 11:54:36,590 DEBUG [LineInfo_to_exitCode.log_LineInfo] 2026-09-04 11:54:36,590 [INFO] OpenFileManager:370 - Change cursor
2026-09-04 11:54:36,625 DEBUG [LineInfo_to_exitCode.log_LineInfo] 2026-09-04 11:54:36,624 [INFO] Mcu:2036 - Initializing MCU STM32G431R(6-8-B)Tx STM32G431RBTx 
2026-09-04 11:54:36,777 DEBUG [LineInfo_to_exitCode.log_LineInfo] 2026-09-04 11:54:36,777 [INFO] ApiDb:581 - Connected to CubeFinder SQLite database (C:\Users\azmib\.stmcufinder\plugins\mcufinder\mcu\cube-finder-db.db)
2026-09-04 11:54:36,833 DEBUG [LineInfo_to_exitCode.log_LineInfo] 2026-09-04 11:54:36,833 [INFO] ApiDb:668 - CubeFinder database Data Model version=2.1
2026-09-04 11:54:36,833 DEBUG [LineInfo_to_exitCode.log_LineInfo] 2026-09-04 11:54:36,833 [INFO] ApiDb:669 - CubeFinder database Configuration version=3.0.42
2026-09-04 11:54:36,833 DEBUG [LineInfo_to_exitCode.log_LineInfo] 2026-09-04 11:54:36,833 [INFO] ApiDb:670 - CubeFinder database generation date=2026-08-04 (1785840812)
2026-09-04 11:54:36,833 DEBUG [LineInfo_to_exitCode.log_LineInfo] 2026-09-04 11:54:36,833 [INFO] ApiDb:671 - CubeFinder database FW Pack versions=[FP-ATR-ASTRA1_V2.0.0, FP-SNS-FLIGHT1_V5.1.0, FP-SNS-MOTENV1_V5.1.0, FP-SNS-MOTENVWB1_V1.5.0, FP-SNS-SMARTAG2_V1.2.0, FP-SNS-STBOX1_V2.1.0, STM32Cube_FW_C0_V1.4.1, STM32Cube_FW_F4_V1.28.3, STM32Cube_FW_F7_V1.17.4, STM32Cube_FW_G0_V1.6.3, STM32Cube_FW_G4_V1.6.2, STM32Cube_FW_H5_V1.7.0, STM32Cube_FW_H7RS_V1.3.0, STM32Cube_FW_H7_V1.13.0, STM32Cube_FW_L0_V1.12.2, STM32Cube_FW_L4_V1.18.2, STM32Cube_FW_L5_V1.6.0, STM32Cube_FW_N6_V1.4.0, STM32Cube_FW_U0_V1.3.0, STM32Cube_FW_U3_V1.4.0, STM32Cube_FW_U5_V1.9.0, STM32Cube_FW_WB0_V1.5.0, STM32Cube_FW_WBA_V1.10.0, STM32Cube_FW_WB_V1.24.0, STM32Cube_FW_WL3_V1.5.0, STM32Cube_FW_WL_V1.6.0, X-CUBE-ALGOBUILD_V1.5.0, X-CUBE-ALS_V1.0.2, X-CUBE-AZRTOS-F4_V1.1.0, X-CUBE-AZRTOS-F7_V1.1.0, X-CUBE-AZRTOS-G0_V1.1.0, X-CUBE-AZRTOS-G4_V2.0.0, X-CUBE-AZRTOS-H7RS_V1.3.0, X-CUBE-AZRTOS-H7_V3.5.0, X-CUBE-AZRTOS-L4_V2.0.0, X-CUBE-AZRTOS-L5_V2.0.0, X-CUBE-AZRTOS-WB_V2.0.0, X-CUBE-AZRTOS-WL_V2.0.0, X-CUBE-BLE1_V7.1.0, X-CUBE-BLE2_V3.3.0, X-CUBE-BLEMGR_V4.2.0, X-CUBE-EEPRMA1_V5.2.0, X-CUBE-FREERTOS_V1.6.0, X-CUBE-GNSS1_V7.1.1, X-CUBE-MEMS1_V13.0.0, X-CUBE-NFC4_V3.0.0, X-CUBE-NFC7_V2.0.0, X-CUBE-SFXS2LP1_V4.0.0, X-CUBE-ST67W61_V1.3.0, X-CUBE-SUBG2_V5.0.0, X-CUBE-TOF1_V3.4.3]
2026-09-04 11:54:38,334 DEBUG [LineInfo_to_exitCode.log_LineInfo] 2026-09-04 11:54:38,333 [INFO] ApiDb:240 - Found 1237 in-development CPN: [B-G473E-ZEST1S, B-WB1M-WPAN1, B-WBA5M-WPAN, B-WBA6M-WPAN, B-WL5M-SUBG1, NUCLEO-C031C6, NUCLEO-C051C8, NUCLEO-C071RB, NUCLEO-C092RC, NUCLEO-H503RB, NUCLEO-H533RE, NUCLEO-H553ZG, NUCLEO-H563ZI, NUCLEO-H5E5ZJ, NUCLEO-H7S3L8, NUCLEO-U031R8, NUCLEO-U083RC, NUCLEO-U345RC-Q, NUCLEO-U366RE-Q, NUCLEO-U385RG-Q, NUCLEO-U3C5ZI-Q, NUCLEO-U545RE-Q, NUCLEO-U5A5ZJ-Q, NUCLEO-WB05KZ, NUCLEO-WB07CC, NUCLEO-WB09KE, NUCLEO-WBA25CE1, NUCLEO-WBA52CG, NUCLEO-WBA55CG, NUCLEO-WL3RKB1, NUCLEO-WL3RKB2, NUCLEO-WL43RE1, NUCLEO-WL43RE2, STEVAL-PROTEUS1, STEVAL-SMARTAG2, STEVAL-STWINBX1, STM320518-EVAL, STM32C0116-DK, STM32C011D6Y3TR, STM32C011D6Y6TR, STM32C011F4P3, STM32C011F4P6, STM32C011F4U3, STM32C011F4U6TR, STM32C011F6P3, STM32C011F6P6, STM32C011F6U3, STM32C011F6U6TR, STM32C011J4M3, STM32C011J4M6, STM32C011J6M3, STM32C011J6M6, STM32C0316-DK, STM32C031C4T3, STM32C031C4T6, STM32C031C4U3, STM32C031C4U6, STM32C031C6T3, STM32C031C6T6, STM32C031C6U3, STM32C031C6U6, STM32C031F4P3, STM32C031F4P6, STM32C031F6P3, STM32C031F6P6, STM32C031G4U3, STM32C031G4U6, STM32C031G6U3, STM32C031G6U6, STM32C031K4T3, STM32C031K4T6, STM32C031K4U3, STM32C031K4U6, STM32C031K6T3, STM32C031K6T6, STM32C031K6U3, STM32C031K6U6, STM32C051C6T6, STM32C051C6U6, STM32C051C8T6, STM32C051C8U6, STM32C051D8Y6TR, STM32C051F6P6, STM32C051F8P6, STM32C051G6U6, STM32C051G8U6, STM32C051K6T6, STM32C051K6U6, STM32C051K8T6, STM32C071C8T6, STM32C071C8T6N, STM32C071C8U6, STM32C071C8U6N, STM32C071CBT6, STM32C071CBT6N, STM32C071CBU6, STM32C071CBU6N, STM32C071F8P6, STM32C071F8P6N, STM32C071FBP6, STM32C071FBP6N, STM32C071FBY6TR, STM32C071G8U6, STM32C071G8U6N, STM32C071GBU6, STM32C071GBU6N, STM32C071K8T6, STM32C071K8T6N, STM32C071K8U6, STM32C071K8U6N, STM32C071KBT6, STM32C071KBT6N, STM32C071KBU6, STM32C071KBU6N, STM32C071R8T6, STM32C071R8T6N, STM32C071RBI6N, STM32C071RBT6, STM32C071RBT6N, STM32C091CBT6, STM32C091CBU6, STM32C091CCT6, STM32C091CCU6, STM32C091ECY6TR, STM32C091FBP6, STM32C091FCP6, STM32C091GBU6, STM32C091GCU6, STM32C091KBT6, STM32C091KBU6, STM32C091KCT6, STM32C091KCU6, STM32C091RBT6, STM32C091RCI6, STM32C091RCT6, STM32C092CBT6, STM32C092CBU6, STM32C092CCT6, STM32C092CCU6, STM32C092ECY6TR, STM32C092FBP6, STM32C092FCP6, STM32C092GBU6, STM32C092GCU6, STM32C092KBT6, STM32C092KBU6, STM32C092KCT6, STM32C092KCU6, STM32C092RBT6, STM32C092RCI6, STM32C092RCT6, STM32C531CBT6, STM32C531CBU6, STM32C531CCT6, STM32C531CCU6, STM32C531EBU6, STM32C531ECU6, STM32C531FBP6, STM32C531FBU6, STM32C531FCP6, STM32C531FCU6, STM32C531GBU6, STM32C531GCU6, STM32C531KBT6, STM32C531KBU6, STM32C531KCT6, STM32C531KCU6, STM32C531RBT6, STM32C531RCT6, STM32C532CBT6, STM32C532CBU6, STM32C532CCT6, STM32C532CCU6, STM32C532EBU6, STM32C532ECU6, STM32C532FBP6, STM32C532FBU6, STM32C532FCP6, STM32C532FCU6, STM32C532GBU6, STM32C532GCU6, STM32C532KBT6, STM32C532KBU6, STM32C532KCT6, STM32C532KCU6, STM32C532RBT6, STM32C532RCT6, STM32C542CCT6, STM32C542CCU6, STM32C542ECU6, STM32C542FCP6, STM32C542FCU6, STM32C542GCU6, STM32C542KCT6, STM32C542KCU6, STM32C542RCT6, STM32C591CET6, STM32C591CEU6, STM32C591CGT6, STM32C591CGU6, STM32C591KET6, STM32C591KEU6, STM32C591KGT6, STM32C591KGU6, STM32C591MET6, STM32C591MGT6, STM32C591RET6, STM32C591RGT6, STM32C591VET6, STM32C591VGT6, STM32C591ZET6, STM32C591ZGT6, STM32C593CET6, STM32C593CEU6, STM32C593CGT6, STM32C593CGU6, STM32C593KET6, STM32C593KEU6, STM32C593KGT6, STM32C593KGU6, STM32C593MET6, STM32C593MGT6, STM32C593RET6, STM32C593RGT6, STM32C593VET6, STM32C593VGT6, STM32C593ZET6, STM32C593ZGT6, STM32C5A3CGT6, STM32C5A3CGU6, STM32C5A3KGT6, STM32C5A3KGU6, STM32C5A3MGT6, STM32C5A3RGT6, STM32C5A3VGT6, STM32C5A3ZGT6, STM32F723RCV6, STM32F723REV6, STM32G071K8TXN, STM32G071K8UXN, STM32G081GBU6N, STM32G081KBT6N, STM32G081KBUXN, STM32G0B1CCT6N, STM32G0B1KCT6, STM32G0B1NEY6TR, STM32G0B1RCT6N, STM32G0C1CCT6, STM32G0C1CCT6N, STM32G0C1CCU6N, STM32G0C1CET6N, STM32G0C1CEU6N, STM32G0C1KCT6, STM32G0C1NEY6TR, STM32G0C1RCI6N, STM32G0C1RCT6N, STM32G0C1REI6N, STM32G0C1RET6N, STM32G0C1VCI6, STM32G0C1VEI6, STM32G411C6T3, STM32G411C6T6, STM32G411C6U3, STM32G411C6U6, STM32G411C8T3, STM32G411C8T6, STM32G411C8U3, STM32G411C8U6, STM32G411CBT3, STM32G411CBT6, STM32G411CBU3, STM32G411CBU6, STM32G411CCT3, STM32G411CCT6, STM32G411CCU3, STM32G411CCU6, STM32G411K6T3, STM32G411K6T6, STM32G411K6U3, STM32G411K6U6, STM32G411K8T3, STM32G411K8T6, STM32G411K8U3, STM32G411K8U6, STM32G411KBT3, STM32G411KBT6, STM32G411KBU3, STM32G411KBU6, STM32G411M6T3, STM32G411M6T6, STM32G411M8T3, STM32G411M8T6, STM32G411MBT3, STM32G411MBT6, STM32G411MCT3, STM32G411MCT6, STM32G411R6T3, STM32G411R6T6, STM32G411R8T3, STM32G411R8T6, STM32G411RBT3, STM32G411RBT6, STM32G411RCT3, STM32G411RCT6, STM32G414CBT3, STM32G414CBT6, STM32G414CBU3, STM32G414CBU6, STM32G414CCT3, STM32G414CCT6, STM32G414CCU3, STM32G414CCU6, STM32G414MBT3, STM32G414MBT6, STM32G414MCT3, STM32G414MCT6, STM32G414RBT3, STM32G414RBT6, STM32G414RCT3, STM32G414RCT6, STM32G414VBT3, STM32G414VBT6, STM32G414VCT3, STM32G414VCT6, STM32G431CBT3Z, STM32G431RBT3Z, STM32G471CCT6, STM32G471CCU6, STM32G471CET3, STM32G471CET6, STM32G471CEU3, STM32G471CEU6, STM32G471MCT6, STM32G471MET3, STM32G471MET6, STM32G471MEY6TR, STM32G471QCT6, STM32G471QET3, STM32G471RCT6, STM32G471RET3, STM32G471RET6, STM32G471VCH6, STM32G471VCI6, STM32G471VCT6, STM32G471VEH3, STM32G471VEH6, STM32G471VEI3, STM32G471VEI6, STM32G471VET3, STM32G471VET6, STM32G473QET3Z, STM32G473RET3Z, STM32G474CCT6, STM32G491CET3Z, STM32G491RET3Z, STM32H503CBT6, STM32H503CBU6, STM32H503EBY6TR, STM32H503KBU6, STM32H503RBT6, STM32H523CCT6, STM32H523CCU6, STM32H523CET6, STM32H523CEU6, STM32H523HEY6TR, STM32H523RCT6, STM32H523RET6, STM32H523VCI6, STM32H523VCT6, STM32H523VEI6, STM32H523VET6, STM32H523ZCJ6, STM32H523ZCT6, STM32H523ZEJ6, STM32H523ZET6, STM32H533CET6, STM32H533CEU6, STM32H533HEY6TR, STM32H533RET6, STM32H533VEI6, STM32H533VET6, STM32H533ZEJ6, STM32H533ZET6, STM32H543CET6, STM32H543CEU6, STM32H543CGT6, STM32H543CGU6, STM32H543RET6, STM32H543RGT6, STM32H543UGY6TR, STM32H543VEI6, STM32H543VET6, STM32H543VEZ3, STM32H543VGI6, STM32H543VGT6, STM32H543VGZ3, STM32H543ZEJ6, STM32H543ZET6, STM32H543ZEZ3, STM32H543ZGJ6, STM32H543ZGT6, STM32H543ZGZ3, STM32H553CGT6, STM32H553CGU6, STM32H553RGT6, STM32H553UGY6TR, STM32H553VGI6, STM32H553VGT6, STM32H553VGZ3, STM32H553ZGJ6, STM32H553ZGT6, STM32H553ZGZ3, STM32H562AGI6, STM32H562AII6, STM32H562IGK6, STM32H562IGT6, STM32H562IIK6, STM32H562IIT6, STM32H562RGT6, STM32H562RGV6, STM32H562RIT6, STM32H562RIV6, STM32H562VGT6, STM32H562VIT6, STM32H562ZGT6, STM32H562ZIT6, STM32H563AGI6, STM32H563AII3Q, STM32H563AII6, STM32H563IGK6, STM32H563IGT6, STM32H563IIK3Q, STM32H563IIK6, STM32H563IIT3Q, STM32H563IIT6, STM32H563MIY3QTR, STM32H563RGT6, STM32H563RGV6, STM32H563RIT6, STM32H563RIV6, STM32H563VGT6, STM32H563VIT3Q, STM32H563VIT6, STM32H563ZGT6, STM32H563ZIT3Q, STM32H563ZIT6, STM32H573AII3Q, STM32H573AII6, STM32H573I-DK, STM32H573IIK3Q, STM32H573IIK6, STM32H573IIT3Q, STM32H573IIT6, STM32H573MIY3QTR, STM32H573RIT6, STM32H573RIV6, STM32H573VIT3Q, STM32H573VIT6, STM32H573ZIT3Q, STM32H573ZIT6, STM32H5E4AJI6, STM32H5E4AJI7Q, STM32H5E4AKI6, STM32H5E4IJK6, STM32H5E4IJK7Q, STM32H5E4IJT6, STM32H5E4IJT7Q, STM32H5E4IKK6, STM32H5E4IKT6, STM32H5E4VJT6, STM32H5E4VJT7Q, STM32H5E4VKT6, STM32H5E4ZJJ6, STM32H5E4ZJJ7Q, STM32H5E4ZJT6, STM32H5E4ZJT7Q, STM32H5E4ZKJ6, STM32H5E4ZKT6, STM32H5E5IJK7Q, STM32H5E5IJT7Q, STM32H5E5IKK7Q, STM32H5E5IKT7Q, STM32H5E5LJH7Q, STM32H5E5LKH7Q, STM32H5E5VJY7QTR, STM32H5E5VKY7QTR, STM32H5E5ZJT6, STM32H5E5ZKT6, STM32H5F4AJI6, STM32H5F4AJI7Q, STM32H5F4IJK6, STM32H5F4IJK7Q, STM32H5F4IJT6, STM32H5F4IJT7Q, STM32H5F4VJT6, STM32H5F4VJT7Q, STM32H5F4ZJJ6, STM32H5F4ZJJ7Q, STM32H5F4ZJT6, STM32H5F4ZJT7Q, STM32H5F5IJK7Q, STM32H5F5IJT7Q, STM32H5F5J-DK, STM32H5F5LJH7Q, STM32H5F5VJY7QTR, STM32H5F5ZJT6, STM32H7R3A8I6, STM32H7R3I8K6, STM32H7R3I8T6, STM32H7R3L8H6, STM32H7R3L8H6H, STM32H7R3R8V6, STM32H7R3V8H6, STM32H7R3V8T6, STM32H7R3V8Y6TR, STM32H7R3Z8J6, STM32H7R3Z8T6, STM32H7R7A8I6, STM32H7R7I8K6, STM32H7R7I8T6, STM32H7R7L8H6, STM32H7R7L8H6H, STM32H7R7Z8J6, STM32H7S3A8I6, STM32H7S3I8K6, STM32H7S3I8T6, STM32H7S3L8H6, STM32H7S3L8H6H, STM32H7S3R8V6, STM32H7S3V8H6, STM32H7S3V8T6, STM32H7S3V8Y6TR, STM32H7S3Z8J6, STM32H7S3Z8T6, STM32H7S78-DK, STM32H7S7A8I6, STM32H7S7I8K6, STM32H7S7I8T6, STM32H7S7L8H6, STM32H7S7L8H6H, STM32H7S7Z8J6, STM32L4R5QGI6STR, STM32MP131AAE3, STM32MP131AAF3, STM32MP131AAG3, STM32MP131CAE3, STM32MP131CAF3, STM32MP131CAG3, STM32MP131DAE7, STM32MP131DAF7, STM32MP131DAG7, STM32MP131FAE7, STM32MP131FAF7, STM32MP131FAG7, STM32MP133AAE3, STM32MP133AAF3, STM32MP133AAG3, STM32MP133CAE3, STM32MP133CAF3, STM32MP133CAG3, STM32MP133DAE7, STM32MP133DAF7, STM32MP133DAG7, STM32MP133FAE7, STM32MP133FAF7, STM32MP133FAG7, STM32MP135AAE3, STM32MP135AAF3, STM32MP135AAG3, STM32MP135CAE3, STM32MP135CAF3, STM32MP135CAG3, STM32MP135DAE7, STM32MP135DAF7, STM32MP135DAG7, STM32MP135F-DK, STM32MP135FAE7, STM32MP135FAF7, STM32MP135FAF7T, STM32MP135FAF7U, STM32MP135FAG7, STM32MP211AAL3, STM32MP211AAM3, STM32MP211AAN3, STM32MP211AAO3, STM32MP211CAL3, STM32MP211CAM3, STM32MP211CAN3, STM32MP211CAO3, STM32MP211DAL3, STM32MP211DAM3, STM32MP211DAN3, STM32MP211DAO3, STM32MP211FAL3, STM32MP211FAM3, STM32MP211FAN3, STM32MP211FAO3, STM32MP213AAL3, STM32MP213AAM3, STM32MP213AAN3, STM32MP213AAO3, STM32MP213CAL3, STM32MP213CAM3, STM32MP213CAN3, STM32MP213CAO3, STM32MP213DAL3, STM32MP213DAM3, STM32MP213DAN3, STM32MP213DAO3, STM32MP213FAL3, STM32MP213FAM3, STM32MP213FAN3, STM32MP213FAO3, STM32MP215AAL3, STM32MP215AAM3, STM32MP215AAN3, STM32MP215AAO3, STM32MP215CAL3, STM32MP215CAM3, STM32MP215CAN3, STM32MP215CAO3, STM32MP215DAL3, STM32MP215DAM3, STM32MP215DAN3, STM32MP215DAO3, STM32MP215F-DK, STM32MP215FAL3, STM32MP215FAM3, STM32MP215FAN3, STM32MP215FAO3, STM32MP251AAI3, STM32MP251AAJ3, STM32MP251AAK3, STM32MP251AAL3, STM32MP251CAI3, STM32MP251CAJ3, STM32MP251CAK3, STM32MP251CAL3, STM32MP251DAI3, STM32MP251DAJ3, STM32MP251DAK3, STM32MP251DAL3, STM32MP251FAI3, STM32MP251FAJ3, STM32MP251FAK3, STM32MP251FAL3, STM32MP253AAI3, STM32MP253AAJ3, STM32MP253AAK3, STM32MP253AAL3, STM32MP253CAI3, STM32MP253CAJ3, STM32MP253CAK3, STM32MP253CAL3, STM32MP253DAI3, STM32MP253DAJ3, STM32MP253DAK3, STM32MP253DAL3, STM32MP253FAI3, STM32MP253FAJ3, STM32MP253FAK3, STM32MP253FAL3, STM32MP255AAI3, STM32MP255AAJ3, STM32MP255AAK3, STM32MP255AAL3, STM32MP255CAI3, STM32MP255CAJ3, STM32MP255CAK3, STM32MP255CAL3, STM32MP255DAI3, STM32MP255DAJ3, STM32MP255DAK3, STM32MP255DAL3, STM32MP255FAI3, STM32MP255FAJ3, STM32MP255FAK3, STM32MP255FAL3, STM32MP257AAI3, STM32MP257AAJ3, STM32MP257AAK3, STM32MP257AAL3, STM32MP257CAI3, STM32MP257CAJ3, STM32MP257CAK3, STM32MP257CAL3, STM32MP257DAI3, STM32MP257DAJ3, STM32MP257DAK3, STM32MP257DAL3, STM32MP257F-DK, STM32MP257F-EV1, STM32MP257FAI3, STM32MP257FAJ3, STM32MP257FAK3, STM32MP257FAL3, STM32N645A0H3Q, STM32N645A0H3QG, STM32N645B0H3Q, STM32N645I0H3Q, STM32N645L0H3Q, STM32N645X0H3Q, STM32N645Z0H3Q, STM32N647A0H3Q, STM32N647A0H3QG, STM32N655A0H3Q, STM32N655A0H3QG, STM32N655B0H3Q, STM32N655I0H3Q, STM32N655L0H3Q, STM32N655X0H3Q, STM32N655Z0H3Q, STM32U031C6T6, STM32U031C6U6, STM32U031C8T6, STM32U031C8U6, STM32U031F4P6, STM32U031F6P6, STM32U031F8P6, STM32U031G6Y6TR, STM32U031G8Y6TR, STM32U031K4U6, STM32U031K6U6, STM32U031K8U6, STM32U031R6I6, STM32U031R6T6, STM32U031R8I6, STM32U031R8T6, STM32U073C8T6, STM32U073C8U6, STM32U073CBT6, STM32U073CBU6, STM32U073CCT6, STM32U073CCU6, STM32U073H8Y6TR, STM32U073HBY6TR, STM32U073HCY6TR, STM32U073K8U6, STM32U073KBU6, STM32U073KCU6, STM32U073M8I6, STM32U073M8T6, STM32U073MBI6, STM32U073MBT6, STM32U073MCI6, STM32U073MCT6, STM32U073R8I6, STM32U073R8T6, STM32U073RBI6, STM32U073RBT6, STM32U073RCI6, STM32U073RCT6, STM32U083C-DK, STM32U083CCT6, STM32U083CCU6, STM32U083HCY6TR, STM32U083KCU6, STM32U083MCI6, STM32U083MCT6, STM32U083RCI6, STM32U083RCT6, STM32U335CBT6, STM32U335CBT6Q, STM32U335CBU6, STM32U335CBU6Q, STM32U335CBY6QTR, STM32U335CCT6, STM32U335CCT6Q, STM32U335CCU6, STM32U335CCU6Q, STM32U335CCY6QTR, STM32U335KBU6, STM32U335KBY6QTR, STM32U335KCU6, STM32U335KCY6QTR, STM32U335RBI6, STM32U335RBI6Q, STM32U335RBT6, STM32U335RBT6Q, STM32U335RCI6, STM32U335RCI6Q, STM32U335RCT6, STM32U335RCT6Q, STM32U345CCT6, STM32U345CCT6Q, STM32U345CCU6, STM32U345CCU6Q, STM32U345CCY6QTR, STM32U345KCU6, STM32U345KCY6QTR, STM32U345RCI6, STM32U345RCI6Q, STM32U345RCT6, STM32U345RCT6Q, STM32U356CCT6, STM32U356CCT6Q, STM32U356CCU6, STM32U356CCU6Q, STM32U356CCY6QTR, STM32U356CET6, STM32U356CET6Q, STM32U356CEU6, STM32U356CEU6Q, STM32U356CEY6QTR, STM32U356KCU6, STM32U356KEU6, STM32U356RCI6, STM32U356RCI6Q, STM32U356RCT6, STM32U356RCT6Q, STM32U356RCY6QTR, STM32U356REI6, STM32U356REI6Q, STM32U356RET6, STM32U356RET6Q, STM32U356REY6QTR, STM32U356VCI6, STM32U356VCI6Q, STM32U356VCT6, STM32U356VCT6Q, STM32U356VEI6, STM32U356VEI6Q, STM32U356VET6, STM32U356VET6Q, STM32U366CET6, STM32U366CET6Q, STM32U366CEU6, STM32U366CEU6Q, STM32U366CEY6QTR, STM32U366E-DK, STM32U366KEU6, STM32U366REI6, STM32U366REI6Q, STM32U366RET6, STM32U366RET6Q, STM32U366REY6QTR, STM32U366VEI6, STM32U366VEI6Q, STM32U366VET6, STM32U366VET6Q, STM32U375CET6, STM32U375CET6Q, STM32U375CEU6, STM32U375CEU6Q, STM32U375CEY6QTR, STM32U375CGT6, STM32U375CGT6Q, STM32U375CGU6, STM32U375CGU6Q, STM32U375CGY6QTR, STM32U375KEU6, STM32U375KGU6, STM32U375REI6, STM32U375REI6Q, STM32U375RET6, STM32U375RET6Q, STM32U375REY6GTR, STM32U375REY6QTR, STM32U375RGI6Q, STM32U375RGT6Q, STM32U375RGY6GTR, STM32U375RGY6QTR, STM32U375VEI6, STM32U375VEI6Q, STM32U375VET6, STM32U375VET6Q, STM32U375VGI6Q, STM32U375VGT6Q, STM32U385CGT6, STM32U385CGT6Q, STM32U385CGU6, STM32U385CGU6Q, STM32U385CGY6QTR, STM32U385KGU6, STM32U385RGI6, STM32U385RGI6Q, STM32U385RGT6, STM32U385RGT6Q, STM32U385RGY6GTR, STM32U385RGY6QTR, STM32U385VGI6, STM32U385VGI6Q, STM32U385VGT6, STM32U385VGT6Q, STM32U3B5CGT6, STM32U3B5CGT6Q, STM32U3B5CGU6, STM32U3B5CGU6Q, STM32U3B5CIT6, STM32U3B5CIT6Q, STM32U3B5CIU6, STM32U3B5CIU6Q, STM32U3B5JGY6QTR, STM32U3B5JIY6QTR, STM32U3B5QGI6, STM32U3B5QGI6Q, STM32U3B5QII6, STM32U3B5QII6Q, STM32U3B5RGT6, STM32U3B5RGT6Q, STM32U3B5RIT6, STM32U3B5RIT6Q, STM32U3B5VGT6, STM32U3B5VGT6Q, STM32U3B5VGY6QTR, STM32U3B5VIT6, STM32U3B5VIT6Q, STM32U3B5VIY6QTR, STM32U3B5WGY6QTR, STM32U3B5WIY6QTR, STM32U3B5ZGT6, STM32U3B5ZGT6Q, STM32U3B5ZIT6, STM32U3B5ZIT6Q, STM32U3C5CIT6, STM32U3C5CIT6Q, STM32U3C5CIU6, STM32U3C5CIU6Q, STM32U3C5JIY6QTR, STM32U3C5QII6, STM32U3C5QII6Q, STM32U3C5RIT6, STM32U3C5RIT6Q, STM32U3C5VIT6, STM32U3C5VIT6Q, STM32U3C5VIY6QTR, STM32U3C5WIY6QTR, STM32U3C5ZIT6, STM32U3C5ZIT6Q, STM32U535CBT6, STM32U535CBT6Q, STM32U535CBU6, STM32U535CBU6Q, STM32U535CCT6, STM32U535CCT6Q, STM32U535CCU6, STM32U535CCU6Q, STM32U535CET6, STM32U535CET6Q, STM32U535CEU6, STM32U535CEU6Q, STM32U535JEY6QTR, STM32U535NCY6QTR, STM32U535NEY6QTR, STM32U535RBI6, STM32U535RBI6Q, STM32U535RBT6, STM32U535RBT6Q, STM32U535RCI6, STM32U535RCI6Q, STM32U535RCT6, STM32U535RCT6Q, STM32U535REI6, STM32U535REI6Q, STM32U535RET6, STM32U535RET6Q, STM32U535VCI6, STM32U535VCI6Q, STM32U535VCT6, STM32U535VCT6Q, STM32U535VEI6, STM32U535VEI6Q, STM32U535VET6, STM32U535VET6Q, STM32U545CET6, STM32U545CET6Q, STM32U545CEU6, STM32U545CEU6Q, STM32U545JEY6QTR, STM32U545NEY6QTR, STM32U545REI6, STM32U545REI6Q, STM32U545RET6, STM32U545RET6Q, STM32U545VEI6, STM32U545VEI6Q, STM32U545VET6, STM32U545VET6Q, STM32U595AIH6, STM32U595AIH6Q, STM32U595AJH6, STM32U595AJH6Q, STM32U595QII6, STM32U595QII6Q, STM32U595QJI6, STM32U595QJI6Q, STM32U595RIT6, STM32U595RIT6Q, STM32U595RJT6, STM32U595RJT6Q, STM32U595VIT6, STM32U595VIT6Q, STM32U595VJT6, STM32U595VJT6Q, STM32U595ZIT6, STM32U595ZIT6Q, STM32U595ZIY6QTR, STM32U595ZJT6, STM32U595ZJT6Q, STM32U595ZJY6QTR, STM32U599BJY6QTR, STM32U599NIH6Q, STM32U599NJH6Q, STM32U599VIT6Q, STM32U599VJT6, STM32U599VJT6Q, STM32U599ZIT6Q, STM32U599ZIY6QTR, STM32U599ZJT6Q, STM32U599ZJY6QTR, STM32U5A5AJH6, STM32U5A5AJH6Q, STM32U5A5QII3Q, STM32U5A5QJI6, STM32U5A5QJI6Q, STM32U5A5RJT6, STM32U5A5RJT6Q, STM32U5A5VJT6, STM32U5A5VJT6Q, STM32U5A5ZJT6, STM32U5A5ZJT6Q, STM32U5A5ZJY6QTR, STM32U5A9BJY6QTR, STM32U5A9J-DK, STM32U5A9NJH6Q, STM32U5A9VJT6Q, STM32U5A9ZJT6Q, STM32U5A9ZJY6QTR, STM32U5F7VIT6, STM32U5F7VIT6Q, STM32U5F7VJT6, STM32U5F7VJT6Q, STM32U5F9BJY6QTR, STM32U5F9NJH6Q, STM32U5F9VIT6Q, STM32U5F9VJT6Q, STM32U5F9ZIJ6QTR, STM32U5F9ZIT6Q, STM32U5F9ZJJ6QTR, STM32U5F9ZJT6Q, STM32U5G7VJT6, STM32U5G7VJT6Q, STM32U5G9BJY6QTR, STM32U5G9J-DK1, STM32U5G9J-DK2, STM32U5G9NJH6Q, STM32U5G9VJT6Q, STM32U5G9ZJJ6QTR, STM32U5G9ZJT6Q, STM32V863AII3, STM32V863AII6, STM32V863AJI3, STM32V863AJI6, STM32V863IIK3, STM32V863IIK6, STM32V863IIT3, STM32V863IIT6, STM32V863IJK3, STM32V863IJK6, STM32V863IJT3, STM32V863IJT6, STM32V863RIV3, STM32V863RIV6, STM32V863RJV3, STM32V863RJV6, STM32V863VIH3, STM32V863VIH6, STM32V863VIT3, STM32V863VIT6, STM32V863VJH3, STM32V863VJH6, STM32V863VJT3, STM32V863VJT6, STM32V863XIH3, STM32V863XIH6, STM32V863XJH3, STM32V863XJH6, STM32V863ZIT3, STM32V863ZIT6, STM32V863ZJT3, STM32V863ZJT6, STM32V873AII3, STM32V873AII6, STM32V873AJI3, STM32V873AJI6, STM32V873IIK3, STM32V873IIK6, STM32V873IIT3, STM32V873IIT6, STM32V873IJK3, STM32V873IJK6, STM32V873IJT3, STM32V873IJT6, STM32V873RIV3, STM32V873RIV6, STM32V873RJV3, STM32V873RJV6, STM32V873VIH3, STM32V873VIH6, STM32V873VIT3, STM32V873VIT6, STM32V873VJH3, STM32V873VJH6, STM32V873VJT3, STM32V873VJT6, STM32V873XIH3, STM32V873XIH6, STM32V873XJH3, STM32V873XJH6, STM32V873ZIT3, STM32V873ZIT6, STM32V873ZJT3, STM32V873ZJT6, STM32WB05KZV6TR, STM32WB05KZV7TR, STM32WB05TZF6TR, STM32WB05TZF7TR, STM32WB06CCF6TR, STM32WB06CCF7TR, STM32WB06CCV6TR, STM32WB06CCV7TR, STM32WB06KCV6TR, STM32WB06KCV7TR, STM32WB07CCF6TR, STM32WB07CCF7TR, STM32WB07CCV6TR, STM32WB07CCV7TR, STM32WB07KCV6TR, STM32WB07KCV7TR, STM32WB09KEV6TR, STM32WB09KEV7TR, STM32WB09TEF6TR, STM32WB09TEF7TR, STM32WB1MMCH6, STM32WBA23CEU6, STM32WBA23CEU6TR, STM32WBA23CEU7, STM32WBA23CEU7TR, STM32WBA23KEU6, STM32WBA23KEU6TR, STM32WBA23KEU7, STM32WBA23KEU7TR, STM32WBA25CEU6, STM32WBA25CEU6TR, STM32WBA25CEU7, STM32WBA25CEU7TR, STM32WBA25HEF6, STM32WBA25HEF6TR, STM32WBA25HEF7, STM32WBA25HEF7TR, STM32WBA50KGU6, STM32WBA50KGU6TR, STM32WBA52CEU6, STM32WBA52CEU6TR, STM32WBA52CEU7, STM32WBA52CEU7TR, STM32WBA52CGU6, STM32WBA52CGU6TR, STM32WBA52CGU7, STM32WBA52CGU7TR, STM32WBA52KEU6, STM32WBA52KEU6TR, STM32WBA52KGU6, STM32WBA52KGU6TR, STM32WBA54CEU6, STM32WBA54CEU6TR, STM32WBA54CEU7, STM32WBA54CEU7TR, STM32WBA54CGU6, STM32WBA54CGU6TR, STM32WBA54CGU7, STM32WBA54CGU7TR, STM32WBA54KEU6, STM32WBA54KEU6TR, STM32WBA54KEU7, STM32WBA54KEU7TR, STM32WBA54KGU6, STM32WBA54KGU6TR, STM32WBA54KGU7, STM32WBA54KGU7TR, STM32WBA55CEU6, STM32WBA55CEU6TR, STM32WBA55CEU7, STM32WBA55CEU7TR, STM32WBA55CGU6, STM32WBA55CGU6TR, STM32WBA55CGU6U, STM32WBA55CGU7, STM32WBA55CGU7TR, STM32WBA55G-DK1, STM32WBA55HGF6, STM32WBA55HGF7, STM32WBA55UEI6, STM32WBA55UEI6TR, STM32WBA55UEI7, STM32WBA55UEI7TR, STM32WBA55UGI6, STM32WBA55UGI6TR, STM32WBA55UGI7, STM32WBA55UGI7TR, STM32WBA62MGF6, STM32WBA62MIF6, STM32WBA62PII6, STM32WBA65MGF7, STM32WBA65MIF6, STM32WBA65MIF7, STM32WBA6MOIH6, STM32WL30K8V6, STM32WL30KBV6, STM32WL31C8V6, STM32WL31CBV6, STM32WL31K8V6, STM32WL31KBV6, STM32WL33C8V6X, STM32WL33CBV6X, STM32WL33CCV6X, STM32WL33K8V7X, STM32WL33KBV7X, STM32WL33KCV7X, STM32WL3RK8V6, STM32WL3RK8V6X, STM32WL3RKBV6, STM32WL3RKBV6X, STM32WL40CCV6, STM32WL40CEV6, STM32WL41CCV6, STM32WL41CEV6, STM32WL41RCV6, STM32WL41REV6, STM32WL43CCV6, STM32WL43CEV6, STM32WL43E-DK, STM32WL43RCV6, STM32WL43REV6, STM32WL5MOCH6, STM32WL5MOCH6STR, STM32WL5MOCH6TR]
2026-09-04 11:54:38,339 DEBUG [LineInfo_to_exitCode.log_LineInfo] 2026-09-04 11:54:38,339 [INFO] DbMcus:218 - Found 5401 MCUs, 5213 are supported
2026-09-04 11:54:38,339 DEBUG [LineInfo_to_exitCode.log_LineInfo] 2026-09-04 11:54:38,339 [INFO] ApiDb:423 - Load user favorites file C:\Users\azmib/.stm32cubemx/favorites.mcus.txt: 0 item(s)
2026-09-04 11:54:38,340 DEBUG [LineInfo_to_exitCode.log_LineInfo] 2026-09-04 11:54:38,339 [INFO] ApiDb:427 - User favorites MCUs=[]
2026-09-04 11:54:38,340 DEBUG [LineInfo_to_exitCode.log_LineInfo] 2026-09-04 11:54:38,340 [INFO] DbMcus:224 - Set 0 / 0 favorites MCUs
2026-09-04 11:54:38,643 DEBUG [LineInfo_to_exitCode.log_LineInfo] 2026-09-04 11:54:38,643 [INFO] Mcu:2051 - No CPN specified => set CPN to STM32G431RBT3
2026-09-04 11:54:40,232 DEBUG [LineInfo_to_exitCode.log_LineInfo] 2026-09-04 11:54:40,232 [INFO] Context:734 - Trying to add GPIOservice into a context  which must be forbidden
2026-09-04 11:54:40,814 DEBUG [LineInfo_to_exitCode.log_LineInfo] 2026-09-04 11:54:40,813 [INFO] ImportTextPane:234 - (OptionalMessage_ERROR) Unable to find key (Mcu.ThirdPartyNb) in loaded IOC file
2026-09-04 11:54:40,818 DEBUG [LineInfo_to_exitCode.log_LineInfo] 2026-09-04 11:54:40,816 [INFO] ImportTextPane:234 - (OptionalMessage_ERROR) Pin21 (VP_RIF_VS_RIF1) cannot be retrieved for this MCU
2026-09-04 11:54:40,904 DEBUG [LineInfo_to_exitCode.log_LineInfo] 2026-09-04 11:54:40,903 [INFO] RtosManager:552 - Registered RTOS mode: class=CMSIS, group=RTOS, mode=CMSIS_V1, owner=FREERTOS
2026-09-04 11:54:40,904 DEBUG [LineInfo_to_exitCode.log_LineInfo] 2026-09-04 11:54:40,904 [INFO] RtosManager:552 - Registered RTOS mode: class=CMSIS, group=RTOS2, mode=CMSIS_V2, owner=FREERTOS
2026-09-04 11:54:40,904 DEBUG [LineInfo_to_exitCode.log_LineInfo] 2026-09-04 11:54:40,904 [INFO] RtosManager:552 - Registered RTOS mode: class=RTOS, group=Core, mode=CMSIS_V1, owner=FREERTOS
2026-09-04 11:54:40,904 DEBUG [LineInfo_to_exitCode.log_LineInfo] 2026-09-04 11:54:40,904 [INFO] RtosManager:552 - Registered RTOS mode: class=RTOS, group=Core, mode=CMSIS_V2, owner=FREERTOS
2026-09-04 11:54:40,965 DEBUG [LineInfo_to_exitCode.log_LineInfo] 2026-09-04 11:54:40,965 [INFO] ThirdPartyModel:298 - Start build external matchings
2026-09-04 11:54:41,139 DEBUG [LineInfo_to_exitCode.log_LineInfo] 2026-09-04 11:54:41,139 [INFO] ThirdPartyModel:316 - End build external matchings
2026-09-04 11:54:41,162 DEBUG [LineInfo_to_exitCode.log_LineInfo] 2026-09-04 11:54:41,162 [INFO] ImportTextPane:234 - (OptionalMessage_ERROR) IP (DMA) : Parameter (Instance) has Id (USART2_RX) currently not set
2026-09-04 11:54:41,162 DEBUG [LineInfo_to_exitCode.log_LineInfo] 2026-09-04 11:54:41,162 [INFO] ImportTextPane:234 - (OptionalMessage_ERROR) IP (DMA) : Parameter (Request) has Id (USART2_RX) currently not set
2026-09-04 11:54:41,162 DEBUG [LineInfo_to_exitCode.log_LineInfo] 2026-09-04 11:54:41,162 [INFO] ImportTextPane:234 - (OptionalMessage_ERROR) IP (DMA) : Parameter (Direction) has Id (USART2_RX) currently not set
2026-09-04 11:54:41,163 DEBUG [LineInfo_to_exitCode.log_LineInfo] 2026-09-04 11:54:41,162 [INFO] ImportTextPane:234 - (OptionalMessage_ERROR) IP (DMA) : Parameter (PeriphInc) has Id (USART2_RX) currently not set
2026-09-04 11:54:41,163 DEBUG [LineInfo_to_exitCode.log_LineInfo] 2026-09-04 11:54:41,162 [INFO] ImportTextPane:234 - (OptionalMessage_ERROR) IP (DMA) : Parameter (MemInc) has Id (USART2_RX) currently not set
2026-09-04 11:54:41,163 DEBUG [LineInfo_to_exitCode.log_LineInfo] 2026-09-04 11:54:41,163 [INFO] ImportTextPane:234 - (OptionalMessage_ERROR) IP (DMA) : Parameter (PeriphDataAlignment) has Id (USART2_RX) currently not set
2026-09-04 11:54:41,163 DEBUG [LineInfo_to_exitCode.log_LineInfo] 2026-09-04 11:54:41,163 [INFO] ImportTextPane:234 - (OptionalMessage_ERROR) IP (DMA) : Parameter (MemDataAlignment) has Id (USART2_RX) currently not set
2026-09-04 11:54:41,163 DEBUG [LineInfo_to_exitCode.log_LineInfo] 2026-09-04 11:54:41,163 [INFO] ImportTextPane:234 - (OptionalMessage_ERROR) IP (DMA) : Parameter (Mode) has Id (USART2_RX) currently not set
2026-09-04 11:54:41,163 DEBUG [LineInfo_to_exitCode.log_LineInfo] 2026-09-04 11:54:41,163 [INFO] ImportTextPane:234 - (OptionalMessage_ERROR) IP (DMA) : Parameter (Priority) has Id (USART2_RX) currently not set
2026-09-04 11:54:41,163 DEBUG [LineInfo_to_exitCode.log_LineInfo] 2026-09-04 11:54:41,163 [INFO] ImportTextPane:234 - (OptionalMessage_ERROR) IP (DMA) : Parameter (Instance) has Id (USART2_TX) currently not set
2026-09-04 11:54:41,163 DEBUG [LineInfo_to_exitCode.log_LineInfo] 2026-09-04 11:54:41,163 [INFO] ImportTextPane:234 - (OptionalMessage_ERROR) IP (DMA) : Parameter (Request) has Id (USART2_TX) currently not set
2026-09-04 11:54:41,164 DEBUG [LineInfo_to_exitCode.log_LineInfo] 2026-09-04 11:54:41,164 [INFO] ImportTextPane:234 - (OptionalMessage_ERROR) IP (DMA) : Parameter (Direction) has Id (USART2_TX) currently not set
2026-09-04 11:54:41,164 DEBUG [LineInfo_to_exitCode.log_LineInfo] 2026-09-04 11:54:41,164 [INFO] ImportTextPane:234 - (OptionalMessage_ERROR) IP (DMA) : Parameter (PeriphInc) has Id (USART2_TX) currently not set
2026-09-04 11:54:41,164 DEBUG [LineInfo_to_exitCode.log_LineInfo] 2026-09-04 11:54:41,164 [INFO] ImportTextPane:234 - (OptionalMessage_ERROR) IP (DMA) : Parameter (MemInc) has Id (USART2_TX) currently not set
2026-09-04 11:54:41,164 DEBUG [LineInfo_to_exitCode.log_LineInfo] 2026-09-04 11:54:41,164 [INFO] ImportTextPane:234 - (OptionalMessage_ERROR) IP (DMA) : Parameter (PeriphDataAlignment) has Id (USART2_TX) currently not set
2026-09-04 11:54:41,164 DEBUG [LineInfo_to_exitCode.log_LineInfo] 2026-09-04 11:54:41,164 [INFO] ImportTextPane:234 - (OptionalMessage_ERROR) IP (DMA) : Parameter (MemDataAlignment) has Id (USART2_TX) currently not set
2026-09-04 11:54:41,164 DEBUG [LineInfo_to_exitCode.log_LineInfo] 2026-09-04 11:54:41,164 [INFO] ImportTextPane:234 - (OptionalMessage_ERROR) IP (DMA) : Parameter (Mode) has Id (USART2_TX) currently not set
2026-09-04 11:54:41,164 DEBUG [LineInfo_to_exitCode.log_LineInfo] 2026-09-04 11:54:41,164 [INFO] ImportTextPane:234 - (OptionalMessage_ERROR) IP (DMA) : Parameter (Priority) has Id (USART2_TX) currently not set
2026-09-04 11:54:41,200 DEBUG [LineInfo_to_exitCode.log_LineInfo] 2026-09-04 11:54:41,200 [INFO] ImportTextPane:234 - (OptionalMessage_ERROR) IP (MotorControl) : Invalid parameter (ADC_AHBPERIPH)
2026-09-04 11:54:41,200 DEBUG [LineInfo_to_exitCode.log_LineInfo] 2026-09-04 11:54:41,200 [INFO] ImportTextPane:234 - (OptionalMessage_ERROR) IP (MotorControl) : Invalid parameter (BUS_VOLTAGE_READING)
2026-09-04 11:54:41,200 DEBUG [LineInfo_to_exitCode.log_LineInfo] 2026-09-04 11:54:41,200 [INFO] ImportTextPane:234 - (OptionalMessage_ERROR) IP (MotorControl) : Invalid parameter (CCMRAM_ENABLED)
2026-09-04 11:54:41,200 DEBUG [LineInfo_to_exitCode.log_LineInfo] 2026-09-04 11:54:41,200 [INFO] ImportTextPane:234 - (OptionalMessage_ERROR) IP (MotorControl) : Invalid parameter (CLOCK_FREQUENCY)
2026-09-04 11:54:41,200 DEBUG [LineInfo_to_exitCode.log_LineInfo] 2026-09-04 11:54:41,200 [INFO] ImportTextPane:234 - (OptionalMessage_ERROR) IP (MotorControl) : Invalid parameter (CLOCK_SOURCE)
2026-09-04 11:54:41,200 DEBUG [LineInfo_to_exitCode.log_LineInfo] 2026-09-04 11:54:41,200 [INFO] ImportTextPane:234 - (OptionalMessage_ERROR) IP (MotorControl) : Invalid parameter (CPU_CLK_170_MHZ)
2026-09-04 11:54:41,201 DEBUG [LineInfo_to_exitCode.log_LineInfo] 2026-09-04 11:54:41,201 [INFO] ImportTextPane:234 - (OptionalMessage_ERROR) IP (MotorControl) : Invalid parameter (CURR_SAMPLING_TIME)
2026-09-04 11:54:41,201 DEBUG [LineInfo_to_exitCode.log_LineInfo] 2026-09-04 11:54:41,201 [INFO] ImportTextPane:234 - (OptionalMessage_ERROR) IP (MotorControl) : Invalid parameter (CURRENT_READING_TOPOLOGY)
2026-09-04 11:54:41,201 DEBUG [LineInfo_to_exitCode.log_LineInfo] 2026-09-04 11:54:41,201 [INFO] ImportTextPane:234 - (OptionalMessage_ERROR) IP (MotorControl) : Invalid parameter (DRIVE_TYPE)
2026-09-04 11:54:41,201 DEBUG [LineInfo_to_exitCode.log_LineInfo] 2026-09-04 11:54:41,201 [INFO] ImportTextPane:234 - (OptionalMessage_ERROR) IP (MotorControl) : Invalid parameter (DRIVES_NUMBER_SELECTION)
2026-09-04 11:54:41,201 DEBUG [LineInfo_to_exitCode.log_LineInfo] 2026-09-04 11:54:41,201 [INFO] ImportTextPane:234 - (OptionalMessage_ERROR) IP (MotorControl) : Invalid parameter (ENCODER_AVAILABLE)
2026-09-04 11:54:41,201 DEBUG [LineInfo_to_exitCode.log_LineInfo] 2026-09-04 11:54:41,201 [INFO] ImportTextPane:234 - (OptionalMessage_ERROR) IP (MotorControl) : Invalid parameter (ENCODER_PPR)
2026-09-04 11:54:41,201 DEBUG [LineInfo_to_exitCode.log_LineInfo] 2026-09-04 11:54:41,201 [INFO] ImportTextPane:234 - (OptionalMessage_ERROR) IP (MotorControl) : Invalid parameter (EXT_CLK_24_MHZ)
2026-09-04 11:54:41,201 DEBUG [LineInfo_to_exitCode.log_LineInfo] 2026-09-04 11:54:41,201 [INFO] ImportTextPane:234 - (OptionalMessage_ERROR) IP (MotorControl) : Invalid parameter (EXT_CLOCK_FREQUENCY)
2026-09-04 11:54:41,201 DEBUG [LineInfo_to_exitCode.log_LineInfo] 2026-09-04 11:54:41,201 [INFO] ImportTextPane:234 - (OptionalMessage_ERROR) IP (MotorControl) : Invalid parameter (FEEDBACK_NET_FILTERING)
2026-09-04 11:54:41,201 DEBUG [LineInfo_to_exitCode.log_LineInfo] 2026-09-04 11:54:41,201 [INFO] ImportTextPane:234 - (OptionalMessage_ERROR) IP (MotorControl) : Invalid parameter (FLASH_SIZE)
2026-09-04 11:54:41,202 DEBUG [LineInfo_to_exitCode.log_LineInfo] 2026-09-04 11:54:41,201 [INFO] ImportTextPane:234 - (OptionalMessage_ERROR) IP (MotorControl) : Invalid parameter (HALL_SENSORS_AVAILABLE)
2026-09-04 11:54:41,202 DEBUG [LineInfo_to_exitCode.log_LineInfo] 2026-09-04 11:54:41,201 [INFO] ImportTextPane:234 - (OptionalMessage_ERROR) IP (MotorControl) : Invalid parameter (HW_COMPLEMENTED_LOW_SIDE)
2026-09-04 11:54:41,202 DEBUG [LineInfo_to_exitCode.log_LineInfo] 2026-09-04 11:54:41,201 [INFO] ImportTextPane:234 - (OptionalMessage_ERROR) IP (MotorControl) : Invalid parameter (HW_DEAD_TIME_NS)
2026-09-04 11:54:41,202 DEBUG [LineInfo_to_exitCode.log_LineInfo] 2026-09-04 11:54:41,201 [INFO] ImportTextPane:234 - (OptionalMessage_ERROR) IP (MotorControl) : Invalid parameter (HWV_CS)
2026-09-04 11:54:41,202 DEBUG [LineInfo_to_exitCode.log_LineInfo] 2026-09-04 11:54:41,201 [INFO] ImportTextPane:234 - (OptionalMessage_ERROR) IP (MotorControl) : Invalid parameter (HWV_PWM)
2026-09-04 11:54:41,202 DEBUG [LineInfo_to_exitCode.log_LineInfo] 2026-09-04 11:54:41,202 [INFO] ImportTextPane:234 - (OptionalMessage_ERROR) IP (MotorControl) : Invalid parameter (IPs)
2026-09-04 11:54:41,202 DEBUG [LineInfo_to_exitCode.log_LineInfo] 2026-09-04 11:54:41,202 [INFO] ImportTextPane:234 - (OptionalMessage_ERROR) IP (MotorControl) : Invalid parameter (LOW_SIDE_SIGNALS_ENABLING)
2026-09-04 11:54:41,202 DEBUG [LineInfo_to_exitCode.log_LineInfo] 2026-09-04 11:54:41,202 [INFO] ImportTextPane:234 - (OptionalMessage_ERROR) IP (MotorControl) : Invalid parameter (M1_COMMUTATION_STEP_TIME_BUF_SIZE)
2026-09-04 11:54:41,202 DEBUG [LineInfo_to_exitCode.log_LineInfo] 2026-09-04 11:54:41,202 [INFO] ImportTextPane:234 - (OptionalMessage_ERROR) IP (MotorControl) : Invalid parameter (M1_CURRENT_AMPLIFICATION_TOPO)
2026-09-04 11:54:41,202 DEBUG [LineInfo_to_exitCode.log_LineInfo] 2026-09-04 11:54:41,202 [INFO] ImportTextPane:234 - (OptionalMessage_ERROR) IP (MotorControl) : Invalid parameter (M1_DC_CURRENT_RS_MEAS)
2026-09-04 11:54:41,202 DEBUG [LineInfo_to_exitCode.log_LineInfo] 2026-09-04 11:54:41,202 [INFO] ImportTextPane:234 - (OptionalMessage_ERROR) IP (MotorControl) : Invalid parameter (M1_HIGH_SIDE_IDLE_STATE)
2026-09-04 11:54:41,203 DEBUG [LineInfo_to_exitCode.log_LineInfo] 2026-09-04 11:54:41,203 [INFO] ImportTextPane:234 - (OptionalMessage_ERROR) IP (MotorControl) : Invalid parameter (M1_LOW_SIDE_IDLE_STATE)
2026-09-04 11:54:41,203 DEBUG [LineInfo_to_exitCode.log_LineInfo] 2026-09-04 11:54:41,203 [INFO] ImportTextPane:234 - (OptionalMessage_ERROR) IP (MotorControl) : Parameter (M1_PWM_CHARGE_BOOT_CAP_DUTY_CYCLES) has invalid value (0.000)
2026-09-04 11:54:41,204 DEBUG [LineInfo_to_exitCode.log_LineInfo] 2026-09-04 11:54:41,203 [INFO] ImportTextPane:234 - (OptionalMessage_ERROR) IP (MotorControl) : Invalid parameter (M1_PWM_TIMER_BRK_IRQ)
2026-09-04 11:54:41,204 DEBUG [LineInfo_to_exitCode.log_LineInfo] 2026-09-04 11:54:41,204 [INFO] ImportTextPane:234 - (OptionalMessage_ERROR) IP (MotorControl) : Invalid parameter (M1_PWM_TIMER_UP_IRQ)
2026-09-04 11:54:41,204 DEBUG [LineInfo_to_exitCode.log_LineInfo] 2026-09-04 11:54:41,204 [INFO] ImportTextPane:234 - (OptionalMessage_ERROR) IP (MotorControl) : Invalid parameter (M1_SPD_DIFFERENTIAL_TERM_ENABLING)
2026-09-04 11:54:41,204 DEBUG [LineInfo_to_exitCode.log_LineInfo] 2026-09-04 11:54:41,204 [INFO] ImportTextPane:234 - (OptionalMessage_ERROR) IP (MotorControl) : Invalid parameter (MAX_READABLE_CURRENT)
2026-09-04 11:54:41,204 DEBUG [LineInfo_to_exitCode.log_LineInfo] 2026-09-04 11:54:41,204 [INFO] ImportTextPane:234 - (OptionalMessage_ERROR) IP (MotorControl) : Invalid parameter (MC_WORKBENCH_VERSION)
2026-09-04 11:54:41,204 DEBUG [LineInfo_to_exitCode.log_LineInfo] 2026-09-04 11:54:41,204 [INFO] ImportTextPane:234 - (OptionalMessage_ERROR) IP (MotorControl) : Invalid parameter (MCU)
2026-09-04 11:54:41,204 DEBUG [LineInfo_to_exitCode.log_LineInfo] 2026-09-04 11:54:41,204 [INFO] ImportTextPane:234 - (OptionalMessage_ERROR) IP (MotorControl) : Invalid parameter (MCU_FAMILY)
2026-09-04 11:54:41,204 DEBUG [LineInfo_to_exitCode.log_LineInfo] 2026-09-04 11:54:41,204 [INFO] ImportTextPane:234 - (OptionalMessage_ERROR) IP (MotorControl) : Invalid parameter (MCU_LINE)
2026-09-04 11:54:41,204 DEBUG [LineInfo_to_exitCode.log_LineInfo] 2026-09-04 11:54:41,204 [INFO] ImportTextPane:234 - (OptionalMessage_ERROR) IP (MotorControl) : Invalid parameter (MCU_PACKAGE)
2026-09-04 11:54:41,204 DEBUG [LineInfo_to_exitCode.log_LineInfo] 2026-09-04 11:54:41,204 [INFO] ImportTextPane:234 - (OptionalMessage_ERROR) IP (MotorControl) : Invalid parameter (MCU_TYPE)
2026-09-04 11:54:41,204 DEBUG [LineInfo_to_exitCode.log_LineInfo] 2026-09-04 11:54:41,204 [INFO] ImportTextPane:234 - (OptionalMessage_ERROR) IP (MotorControl) : Invalid parameter (MCU_USERNAME)
2026-09-04 11:54:41,204 DEBUG [LineInfo_to_exitCode.log_LineInfo] 2026-09-04 11:54:41,204 [INFO] ImportTextPane:234 - (OptionalMessage_ERROR) IP (MotorControl) : Invalid parameter (MOTOR_TYPE)
2026-09-04 11:54:41,204 DEBUG [LineInfo_to_exitCode.log_LineInfo] 2026-09-04 11:54:41,204 [INFO] ImportTextPane:234 - (OptionalMessage_ERROR) IP (MotorControl) : Invalid parameter (ON_OVER_VOLTAGE)
2026-09-04 11:54:41,204 DEBUG [LineInfo_to_exitCode.log_LineInfo] 2026-09-04 11:54:41,204 [INFO] ImportTextPane:234 - (OptionalMessage_ERROR) IP (MotorControl) : Invalid parameter (OV_TEMPERATURE_PROT_ENABLING)
2026-09-04 11:54:41,205 DEBUG [LineInfo_to_exitCode.log_LineInfo] 2026-09-04 11:54:41,204 [INFO] ImportTextPane:234 - (OptionalMessage_ERROR) IP (MotorControl) : Invalid parameter (OV_VOLTAGE_PROT_ENABLING)
2026-09-04 11:54:41,205 DEBUG [LineInfo_to_exitCode.log_LineInfo] 2026-09-04 11:54:41,204 [INFO] ImportTextPane:234 - (OptionalMessage_ERROR) IP (MotorControl) : Invalid parameter (PHASE_U_CURR_ADC)
2026-09-04 11:54:41,205 DEBUG [LineInfo_to_exitCode.log_LineInfo] 2026-09-04 11:54:41,204 [INFO] ImportTextPane:234 - (OptionalMessage_ERROR) IP (MotorControl) : Invalid parameter (PHASE_U_GPIO_PIN)
2026-09-04 11:54:41,205 DEBUG [LineInfo_to_exitCode.log_LineInfo] 2026-09-04 11:54:41,204 [INFO] ImportTextPane:234 - (OptionalMessage_ERROR) IP (MotorControl) : Invalid parameter (PHASE_U_GPIO_PORT)
2026-09-04 11:54:41,205 DEBUG [LineInfo_to_exitCode.log_LineInfo] 2026-09-04 11:54:41,204 [INFO] ImportTextPane:234 - (OptionalMessage_ERROR) IP (MotorControl) : Invalid parameter (PHASE_U_PWM_CHANNEL)
2026-09-04 11:54:41,205 DEBUG [LineInfo_to_exitCode.log_LineInfo] 2026-09-04 11:54:41,204 [INFO] ImportTextPane:234 - (OptionalMessage_ERROR) IP (MotorControl) : Invalid parameter (PHASE_UH_GPIO_PIN)
2026-09-04 11:54:41,205 DEBUG [LineInfo_to_exitCode.log_LineInfo] 2026-09-04 11:54:41,204 [INFO] ImportTextPane:234 - (OptionalMessage_ERROR) IP (MotorControl) : Invalid parameter (PHASE_UH_GPIO_PORT)
2026-09-04 11:54:41,205 DEBUG [LineInfo_to_exitCode.log_LineInfo] 2026-09-04 11:54:41,204 [INFO] ImportTextPane:234 - (OptionalMessage_ERROR) IP (MotorControl) : Invalid parameter (PHASE_UL_GPIO_PIN)
2026-09-04 11:54:41,205 DEBUG [LineInfo_to_exitCode.log_LineInfo] 2026-09-04 11:54:41,205 [INFO] ImportTextPane:234 - (OptionalMessage_ERROR) IP (MotorControl) : Invalid parameter (PHASE_UL_GPIO_PORT)
2026-09-04 11:54:41,205 DEBUG [LineInfo_to_exitCode.log_LineInfo] 2026-09-04 11:54:41,205 [INFO] ImportTextPane:234 - (OptionalMessage_ERROR) IP (MotorControl) : Parameter (PHASE_UL_POLARITY) has invalid value (L_ACTIVE_HIGH)
2026-09-04 11:54:41,205 DEBUG [LineInfo_to_exitCode.log_LineInfo] 2026-09-04 11:54:41,205 [INFO] ImportTextPane:234 - (OptionalMessage_ERROR) IP (MotorControl) : Invalid parameter (PHASE_V_CURR_ADC)
2026-09-04 11:54:41,205 DEBUG [LineInfo_to_exitCode.log_LineInfo] 2026-09-04 11:54:41,205 [INFO] ImportTextPane:234 - (OptionalMessage_ERROR) IP (MotorControl) : Invalid parameter (PHASE_V_GPIO_PIN)
2026-09-04 11:54:41,205 DEBUG [LineInfo_to_exitCode.log_LineInfo] 2026-09-04 11:54:41,205 [INFO] ImportTextPane:234 - (OptionalMessage_ERROR) IP (MotorControl) : Invalid parameter (PHASE_V_GPIO_PORT)
2026-09-04 11:54:41,205 DEBUG [LineInfo_to_exitCode.log_LineInfo] 2026-09-04 11:54:41,205 [INFO] ImportTextPane:234 - (OptionalMessage_ERROR) IP (MotorControl) : Invalid parameter (PHASE_V_PWM_CHANNEL)
2026-09-04 11:54:41,205 DEBUG [LineInfo_to_exitCode.log_LineInfo] 2026-09-04 11:54:41,205 [INFO] ImportTextPane:234 - (OptionalMessage_ERROR) IP (MotorControl) : Invalid parameter (PHASE_VH_GPIO_PIN)
2026-09-04 11:54:41,205 DEBUG [LineInfo_to_exitCode.log_LineInfo] 2026-09-04 11:54:41,205 [INFO] ImportTextPane:234 - (OptionalMessage_ERROR) IP (MotorControl) : Invalid parameter (PHASE_VH_GPIO_PORT)
2026-09-04 11:54:41,205 DEBUG [LineInfo_to_exitCode.log_LineInfo] 2026-09-04 11:54:41,205 [INFO] ImportTextPane:234 - (OptionalMessage_ERROR) IP (MotorControl) : Invalid parameter (PHASE_VL_GPIO_PIN)
2026-09-04 11:54:41,205 DEBUG [LineInfo_to_exitCode.log_LineInfo] 2026-09-04 11:54:41,205 [INFO] ImportTextPane:234 - (OptionalMessage_ERROR) IP (MotorControl) : Invalid parameter (PHASE_VL_GPIO_PORT)
2026-09-04 11:54:41,205 DEBUG [LineInfo_to_exitCode.log_LineInfo] 2026-09-04 11:54:41,205 [INFO] ImportTextPane:234 - (OptionalMessage_ERROR) IP (MotorControl) : Parameter (PHASE_VL_POLARITY) has invalid value (L_ACTIVE_HIGH)
2026-09-04 11:54:41,205 DEBUG [LineInfo_to_exitCode.log_LineInfo] 2026-09-04 11:54:41,205 [INFO] ImportTextPane:234 - (OptionalMessage_ERROR) IP (MotorControl) : Invalid parameter (PHASE_W_CURR_ADC)
2026-09-04 11:54:41,206 DEBUG [LineInfo_to_exitCode.log_LineInfo] 2026-09-04 11:54:41,205 [INFO] ImportTextPane:234 - (OptionalMessage_ERROR) IP (MotorControl) : Invalid parameter (PHASE_W_GPIO_PIN)
2026-09-04 11:54:41,206 DEBUG [LineInfo_to_exitCode.log_LineInfo] 2026-09-04 11:54:41,205 [INFO] ImportTextPane:234 - (OptionalMessage_ERROR) IP (MotorControl) : Invalid parameter (PHASE_W_GPIO_PORT)
2026-09-04 11:54:41,206 DEBUG [LineInfo_to_exitCode.log_LineInfo] 2026-09-04 11:54:41,205 [INFO] ImportTextPane:234 - (OptionalMessage_ERROR) IP (MotorControl) : Invalid parameter (PHASE_W_PWM_CHANNEL)
2026-09-04 11:54:41,206 DEBUG [LineInfo_to_exitCode.log_LineInfo] 2026-09-04 11:54:41,205 [INFO] ImportTextPane:234 - (OptionalMessage_ERROR) IP (MotorControl) : Invalid parameter (PHASE_WH_GPIO_PIN)
2026-09-04 11:54:41,206 DEBUG [LineInfo_to_exitCode.log_LineInfo] 2026-09-04 11:54:41,205 [INFO] ImportTextPane:234 - (OptionalMessage_ERROR) IP (MotorControl) : Invalid parameter (PHASE_WH_GPIO_PORT)
2026-09-04 11:54:41,206 DEBUG [LineInfo_to_exitCode.log_LineInfo] 2026-09-04 11:54:41,205 [INFO] ImportTextPane:234 - (OptionalMessage_ERROR) IP (MotorControl) : Invalid parameter (PHASE_WL_GPIO_PIN)
2026-09-04 11:54:41,206 DEBUG [LineInfo_to_exitCode.log_LineInfo] 2026-09-04 11:54:41,205 [INFO] ImportTextPane:234 - (OptionalMessage_ERROR) IP (MotorControl) : Invalid parameter (PHASE_WL_GPIO_PORT)
2026-09-04 11:54:41,206 DEBUG [LineInfo_to_exitCode.log_LineInfo] 2026-09-04 11:54:41,205 [INFO] ImportTextPane:234 - (OptionalMessage_ERROR) IP (MotorControl) : Parameter (PHASE_WL_POLARITY) has invalid value (L_ACTIVE_HIGH)
2026-09-04 11:54:41,206 DEBUG [LineInfo_to_exitCode.log_LineInfo] 2026-09-04 11:54:41,205 [INFO] ImportTextPane:234 - (OptionalMessage_ERROR) IP (MotorControl) : Invalid parameter (POTENTIOMETER_READING)
2026-09-04 11:54:41,206 DEBUG [LineInfo_to_exitCode.log_LineInfo] 2026-09-04 11:54:41,205 [INFO] ImportTextPane:234 - (OptionalMessage_ERROR) IP (MotorControl) : Invalid parameter (PWM_FREQUENCY)
2026-09-04 11:54:41,206 DEBUG [LineInfo_to_exitCode.log_LineInfo] 2026-09-04 11:54:41,205 [INFO] ImportTextPane:234 - (OptionalMessage_ERROR) IP (MotorControl) : Invalid parameter (PWM_TIMER_SELECTION)
2026-09-04 11:54:41,206 DEBUG [LineInfo_to_exitCode.log_LineInfo] 2026-09-04 11:54:41,205 [INFO] ImportTextPane:234 - (OptionalMessage_ERROR) IP (MotorControl) : Invalid parameter (R_BRAKE_SWITCH_OFF_THRES_V)
2026-09-04 11:54:41,206 DEBUG [LineInfo_to_exitCode.log_LineInfo] 2026-09-04 11:54:41,205 [INFO] ImportTextPane:234 - (OptionalMessage_ERROR) IP (MotorControl) : Invalid parameter (REGULATION_EXECUTION_RATE)
2026-09-04 11:54:41,206 DEBUG [LineInfo_to_exitCode.log_LineInfo] 2026-09-04 11:54:41,205 [INFO] ImportTextPane:234 - (OptionalMessage_ERROR) IP (MotorControl) : Invalid parameter (SINGLEDRIVE)
2026-09-04 11:54:41,206 DEBUG [LineInfo_to_exitCode.log_LineInfo] 2026-09-04 11:54:41,205 [INFO] ImportTextPane:234 - (OptionalMessage_ERROR) IP (MotorControl) : Invalid parameter (SPD_DIFFERENTIAL_TERM_ENABLING)
2026-09-04 11:54:41,206 DEBUG [LineInfo_to_exitCode.log_LineInfo] 2026-09-04 11:54:41,205 [INFO] ImportTextPane:234 - (OptionalMessage_ERROR) IP (MotorControl) : Invalid parameter (SPEED_SENSOR_SELECTION)
2026-09-04 11:54:41,206 DEBUG [LineInfo_to_exitCode.log_LineInfo] 2026-09-04 11:54:41,206 [INFO] ImportTextPane:234 - (OptionalMessage_ERROR) IP (MotorControl) : Invalid parameter (START_STOP_GPIO_IRQ)
2026-09-04 11:54:41,206 DEBUG [LineInfo_to_exitCode.log_LineInfo] 2026-09-04 11:54:41,206 [INFO] ImportTextPane:234 - (OptionalMessage_ERROR) IP (MotorControl) : Invalid parameter (START_STOP_POLARITY)
2026-09-04 11:54:41,206 DEBUG [LineInfo_to_exitCode.log_LineInfo] 2026-09-04 11:54:41,206 [INFO] ImportTextPane:234 - (OptionalMessage_ERROR) IP (MotorControl) : Invalid parameter (START_STOP_POLARITY_EDGE)
2026-09-04 11:54:41,206 DEBUG [LineInfo_to_exitCode.log_LineInfo] 2026-09-04 11:54:41,206 [INFO] ImportTextPane:234 - (OptionalMessage_ERROR) IP (MotorControl) : Invalid parameter (STATE_OBSERVER_PLL)
2026-09-04 11:54:41,206 DEBUG [LineInfo_to_exitCode.log_LineInfo] 2026-09-04 11:54:41,206 [INFO] ImportTextPane:234 - (OptionalMessage_ERROR) IP (MotorControl) : Invalid parameter (STM32G431RB)
2026-09-04 11:54:41,206 DEBUG [LineInfo_to_exitCode.log_LineInfo] 2026-09-04 11:54:41,206 [INFO] ImportTextPane:234 - (OptionalMessage_ERROR) IP (MotorControl) : Invalid parameter (SW_DEADTIME_NS)
2026-09-04 11:54:41,206 DEBUG [LineInfo_to_exitCode.log_LineInfo] 2026-09-04 11:54:41,206 [INFO] ImportTextPane:234 - (OptionalMessage_ERROR) IP (MotorControl) : Invalid parameter (TEMP_ADC_SAMPLING_TIME)
2026-09-04 11:54:41,206 DEBUG [LineInfo_to_exitCode.log_LineInfo] 2026-09-04 11:54:41,206 [INFO] ImportTextPane:234 - (OptionalMessage_ERROR) IP (MotorControl) : Invalid parameter (TEMP_FDBK_ADC)
2026-09-04 11:54:41,206 DEBUG [LineInfo_to_exitCode.log_LineInfo] 2026-09-04 11:54:41,206 [INFO] ImportTextPane:234 - (OptionalMessage_ERROR) IP (MotorControl) : Invalid parameter (TEMP_FDBK_CHANNEL)
2026-09-04 11:54:41,206 DEBUG [LineInfo_to_exitCode.log_LineInfo] 2026-09-04 11:54:41,206 [INFO] ImportTextPane:234 - (OptionalMessage_ERROR) IP (MotorControl) : Invalid parameter (TEMP_FDBK_GPIO_PIN)
2026-09-04 11:54:41,206 DEBUG [LineInfo_to_exitCode.log_LineInfo] 2026-09-04 11:54:41,206 [INFO] ImportTextPane:234 - (OptionalMessage_ERROR) IP (MotorControl) : Invalid parameter (TEMP_FDBK_GPIO_PORT)
2026-09-04 11:54:41,206 DEBUG [LineInfo_to_exitCode.log_LineInfo] 2026-09-04 11:54:41,206 [INFO] ImportTextPane:234 - (OptionalMessage_ERROR) IP (MotorControl) : Invalid parameter (TEMPERATURE_READING)
2026-09-04 11:54:41,206 DEBUG [LineInfo_to_exitCode.log_LineInfo] 2026-09-04 11:54:41,206 [INFO] ImportTextPane:234 - (OptionalMessage_ERROR) IP (MotorControl) : Invalid parameter (TFDIFFERENTIAL_TERM_ENABLING)
2026-09-04 11:54:41,206 DEBUG [LineInfo_to_exitCode.log_LineInfo] 2026-09-04 11:54:41,206 [INFO] ImportTextPane:234 - (OptionalMessage_ERROR) IP (MotorControl) : Invalid parameter (TRISE_NS)
2026-09-04 11:54:41,206 DEBUG [LineInfo_to_exitCode.log_LineInfo] 2026-09-04 11:54:41,206 [INFO] ImportTextPane:234 - (OptionalMessage_ERROR) IP (MotorControl) : Invalid parameter (USART_RX_GPIO_PIN)
2026-09-04 11:54:41,206 DEBUG [LineInfo_to_exitCode.log_LineInfo] 2026-09-04 11:54:41,206 [INFO] ImportTextPane:234 - (OptionalMessage_ERROR) IP (MotorControl) : Invalid parameter (USART_RX_GPIO_PORT)
2026-09-04 11:54:41,206 DEBUG [LineInfo_to_exitCode.log_LineInfo] 2026-09-04 11:54:41,206 [INFO] ImportTextPane:234 - (OptionalMessage_ERROR) IP (MotorControl) : Invalid parameter (USART_SELECTION)
2026-09-04 11:54:41,207 DEBUG [LineInfo_to_exitCode.log_LineInfo] 2026-09-04 11:54:41,206 [INFO] ImportTextPane:234 - (OptionalMessage_ERROR) IP (MotorControl) : Invalid parameter (USART_SPEED)
2026-09-04 11:54:41,207 DEBUG [LineInfo_to_exitCode.log_LineInfo] 2026-09-04 11:54:41,206 [INFO] ImportTextPane:234 - (OptionalMessage_ERROR) IP (MotorControl) : Invalid parameter (USART_TX_GPIO_PIN)
2026-09-04 11:54:41,207 DEBUG [LineInfo_to_exitCode.log_LineInfo] 2026-09-04 11:54:41,206 [INFO] ImportTextPane:234 - (OptionalMessage_ERROR) IP (MotorControl) : Invalid parameter (USART_TX_GPIO_PORT)
2026-09-04 11:54:41,207 DEBUG [LineInfo_to_exitCode.log_LineInfo] 2026-09-04 11:54:41,206 [INFO] ImportTextPane:234 - (OptionalMessage_ERROR) IP (MotorControl) : Invalid parameter (USE_3OPAMPS)
2026-09-04 11:54:41,207 DEBUG [LineInfo_to_exitCode.log_LineInfo] 2026-09-04 11:54:41,206 [INFO] ImportTextPane:234 - (OptionalMessage_ERROR) IP (MotorControl) : Invalid parameter (USE_INTERNAL_OPAMP)
2026-09-04 11:54:41,207 DEBUG [LineInfo_to_exitCode.log_LineInfo] 2026-09-04 11:54:41,206 [INFO] ImportTextPane:234 - (OptionalMessage_ERROR) IP (MotorControl) : Invalid parameter (UV_VOLTAGE_PROT_ENABLING)
2026-09-04 11:54:41,207 DEBUG [LineInfo_to_exitCode.log_LineInfo] 2026-09-04 11:54:41,206 [INFO] ImportTextPane:234 - (OptionalMessage_ERROR) IP (MotorControl) : Invalid parameter (VBUS_ADC)
2026-09-04 11:54:41,207 DEBUG [LineInfo_to_exitCode.log_LineInfo] 2026-09-04 11:54:41,206 [INFO] ImportTextPane:234 - (OptionalMessage_ERROR) IP (MotorControl) : Invalid parameter (VBUS_ADC_SAMPLING_TIME)
2026-09-04 11:54:41,207 DEBUG [LineInfo_to_exitCode.log_LineInfo] 2026-09-04 11:54:41,207 [INFO] ImportTextPane:234 - (OptionalMessage_ERROR) IP (MotorControl) : Invalid parameter (VBUS_CHANNEL)
2026-09-04 11:54:41,207 DEBUG [LineInfo_to_exitCode.log_LineInfo] 2026-09-04 11:54:41,207 [INFO] ImportTextPane:234 - (OptionalMessage_ERROR) IP (MotorControl) : Invalid parameter (VBUS_GPIO_PIN)
2026-09-04 11:54:41,207 DEBUG [LineInfo_to_exitCode.log_LineInfo] 2026-09-04 11:54:41,207 [INFO] ImportTextPane:234 - (OptionalMessage_ERROR) IP (MotorControl) : Invalid parameter (VBUS_GPIO_PORT)
2026-09-04 11:54:41,207 DEBUG [LineInfo_to_exitCode.log_LineInfo] 2026-09-04 11:54:41,207 [INFO] ImportTextPane:234 - (OptionalMessage_ERROR) IP (MotorControl) : Invalid parameter (WB_MX_HEAPSIZE)
2026-09-04 11:54:41,207 DEBUG [LineInfo_to_exitCode.log_LineInfo] 2026-09-04 11:54:41,207 [INFO] ImportTextPane:234 - (OptionalMessage_ERROR) IP (MotorControl) : Invalid parameter (WB_MX_STACKSIZE)
2026-09-04 11:54:41,207 DEBUG [LineInfo_to_exitCode.log_LineInfo] 2026-09-04 11:54:41,207 [INFO] ImportTextPane:234 - (OptionalMessage_ERROR) IP (MotorControl) : Invalid parameter (WB_MX_TRUSTZONE_AVAILABLE)
2026-09-04 11:54:41,207 DEBUG [LineInfo_to_exitCode.log_LineInfo] 2026-09-04 11:54:41,207 [INFO] ImportTextPane:234 - (OptionalMessage_ERROR) IP (MotorControl) : Invalid parameter (WB_to_Mx_template_version)
2026-09-04 11:54:41,207 DEBUG [LineInfo_to_exitCode.log_LineInfo] 2026-09-04 11:54:41,207 [INFO] ImportTextPane:234 - (OptionalMessage_ERROR) IP (MotorControl) : Invalid parameter (WB_to_Mx_version)
2026-09-04 11:54:41,207 DEBUG [LineInfo_to_exitCode.log_LineInfo] 2026-09-04 11:54:41,207 [INFO] ImportTextPane:234 - (OptionalMessage_ERROR) IP (MotorControl) : Invalid parameter (WB_UI_CUTOFF_FREQUENCY)
2026-09-04 11:54:41,207 DEBUG [LineInfo_to_exitCode.log_LineInfo] 2026-09-04 11:54:41,207 [INFO] ImportTextPane:234 - (OptionalMessage_ERROR) IP (MotorControl) : Invalid parameter (WB_UI_ENCODER_HAS_INDEX_PIN)
2026-09-04 11:54:41,207 DEBUG [LineInfo_to_exitCode.log_LineInfo] 2026-09-04 11:54:41,207 [INFO] ImportTextPane:234 - (OptionalMessage_ERROR) IP (MotorControl) : Invalid parameter (WB_UI_FLUX_TARGET)
2026-09-04 11:54:41,207 DEBUG [LineInfo_to_exitCode.log_LineInfo] 2026-09-04 11:54:41,207 [INFO] ImportTextPane:234 - (OptionalMessage_ERROR) IP (MotorControl) : Invalid parameter (WB_UI_FRICTION)
2026-09-04 11:54:41,207 DEBUG [LineInfo_to_exitCode.log_LineInfo] 2026-09-04 11:54:41,207 [INFO] ImportTextPane:234 - (OptionalMessage_ERROR) IP (MotorControl) : Invalid parameter (WB_UI_INERTIA)
2026-09-04 11:54:41,207 DEBUG [LineInfo_to_exitCode.log_LineInfo] 2026-09-04 11:54:41,207 [INFO] ImportTextPane:234 - (OptionalMessage_ERROR) IP (MotorControl) : Invalid parameter (WB_UI_MAGNETIC_STRUCTURE)
2026-09-04 11:54:41,207 DEBUG [LineInfo_to_exitCode.log_LineInfo] 2026-09-04 11:54:41,207 [INFO] ImportTextPane:234 - (OptionalMessage_ERROR) IP (MotorControl) : Invalid parameter (WB_UI_MAX_CURRENT)
2026-09-04 11:54:41,207 DEBUG [LineInfo_to_exitCode.log_LineInfo] 2026-09-04 11:54:41,207 [INFO] ImportTextPane:234 - (OptionalMessage_ERROR) IP (MotorControl) : Invalid parameter (WB_UI_MAX_NOMINAL_DC_VOLTAGE)
2026-09-04 11:54:41,208 DEBUG [LineInfo_to_exitCode.log_LineInfo] 2026-09-04 11:54:41,207 [INFO] ImportTextPane:234 - (OptionalMessage_ERROR) IP (MotorControl) : Invalid parameter (WB_UI_MAX_PWMFREQUENCY)
2026-09-04 11:54:41,208 DEBUG [LineInfo_to_exitCode.log_LineInfo] 2026-09-04 11:54:41,207 [INFO] ImportTextPane:234 - (OptionalMessage_ERROR) IP (MotorControl) : Invalid parameter (WB_UI_MOTOR_DESCRIPTION)
2026-09-04 11:54:41,208 DEBUG [LineInfo_to_exitCode.log_LineInfo] 2026-09-04 11:54:41,207 [INFO] ImportTextPane:234 - (OptionalMessage_ERROR) IP (MotorControl) : Invalid parameter (WB_UI_PW_BOARD_MAX_RATED_CURRENT)
2026-09-04 11:54:41,208 DEBUG [LineInfo_to_exitCode.log_LineInfo] 2026-09-04 11:54:41,207 [INFO] ImportTextPane:234 - (OptionalMessage_ERROR) IP (MotorControl) : Invalid parameter (WB_UI_PW_BOARD_MAX_VOLTAGE)
2026-09-04 11:54:41,208 DEBUG [LineInfo_to_exitCode.log_LineInfo] 2026-09-04 11:54:41,207 [INFO] ImportTextPane:234 - (OptionalMessage_ERROR) IP (MotorControl) : Invalid parameter (WB_UI_PW_BOARD_MIN_VOLTAGE)
2026-09-04 11:54:41,208 DEBUG [LineInfo_to_exitCode.log_LineInfo] 2026-09-04 11:54:41,208 [INFO] ImportTextPane:234 - (OptionalMessage_ERROR) IP (MotorControl) : Invalid parameter (WB_UI_VPOL)
2026-09-04 11:54:41,208 DEBUG [LineInfo_to_exitCode.log_LineInfo] 2026-09-04 11:54:41,208 [INFO] ImportTextPane:234 - (OptionalMessage_ERROR) IP (RCC) : Invalid parameter (FamilyName)
2026-09-04 11:54:41,208 DEBUG [LineInfo_to_exitCode.log_LineInfo] 2026-09-04 11:54:41,208 [INFO] ImportTextPane:234 - (OptionalMessage_ERROR) IP (RCC) : Parameter (RNGFreq_Value) has invalid value (170000000)
2026-09-04 11:54:41,208 DEBUG [LineInfo_to_exitCode.log_LineInfo] 2026-09-04 11:54:41,208 [INFO] ImportTextPane:234 - (OptionalMessage_ERROR) IP (RCC) : Parameter (USBFreq_Value) has invalid value (170000000)
2026-09-04 11:54:41,230 DEBUG [LineInfo_to_exitCode.log_LineInfo] 2026-09-04 11:54:41,229 [INFO] ImportTextPane:234 - (OptionalMessage_ERROR) IP (TIM1) : Parameter (TIM_SlaveMode) has invalid value (TIM_SLAVEMODE_TRIGGER)
2026-09-04 11:54:41,234 DEBUG [LineInfo_to_exitCode.log_LineInfo] 2026-09-04 11:54:41,234 [INFO] ImportTextPane:234 - (OptionalMessage_ERROR) IP (TIM1) : Parameter (SourceBRKDigInputPolarity) has invalid value (TIM_BREAKINPUTSOURCE_POLARITY_LOW)
2026-09-04 11:54:41,234 DEBUG [LineInfo_to_exitCode.log_LineInfo] 2026-09-04 11:54:41,234 [INFO] ImportTextPane:234 - (OptionalMessage_ERROR) IP (TIM1) : Parameter (SourceBRK2DigInputPolarity) has invalid value (TIM_BREAKINPUTSOURCE_POLARITY_LOW)
2026-09-04 11:54:41,430 DEBUG [LineInfo_to_exitCode.log_LineInfo] 2026-09-04 11:54:41,430 [INFO] UtilMem:75 - End LoadConfig() Used Memory: 636364496 Bytes (914358272)
2026-09-04 11:54:41,493 DEBUG [LineInfo_to_exitCode.log_LineInfo] 2026-09-04 11:54:41,493 [INFO] ThirdParty:838 - entering critical section [change project]
2026-09-04 11:54:41,493 DEBUG [LineInfo_to_exitCode.log_LineInfo] 2026-09-04 11:54:41,493 [INFO] ThirdParty:1033 - CMSIS Pack Vendor :STMicroelectronics X-CUBE-AZRTOS-H7 3.5.0
2026-09-04 11:54:41,493 DEBUG [LineInfo_to_exitCode.log_LineInfo] 2026-09-04 11:54:41,493 [INFO] ThirdParty:1033 - CMSIS Pack Vendor :STMicroelectronics X-CUBE-PM33A1 1.0.0
2026-09-04 11:54:41,493 DEBUG [LineInfo_to_exitCode.log_LineInfo] 2026-09-04 11:54:41,493 [INFO] ThirdParty:1033 - CMSIS Pack Vendor :STMicroelectronics USBPD 4.1
2026-09-04 11:54:41,493 DEBUG [LineInfo_to_exitCode.log_LineInfo] 2026-09-04 11:54:41,493 [INFO] ThirdParty:1033 - CMSIS Pack Vendor :STMicroelectronics X-CUBE-NFC9 1.0.0
2026-09-04 11:54:41,493 DEBUG [LineInfo_to_exitCode.log_LineInfo] 2026-09-04 11:54:41,493 [INFO] ThirdParty:1033 - CMSIS Pack Vendor :STMicroelectronics USB_HOST 2.0.0
2026-09-04 11:54:41,493 DEBUG [LineInfo_to_exitCode.log_LineInfo] 2026-09-04 11:54:41,493 [INFO] ThirdParty:1033 - CMSIS Pack Vendor :STMicroelectronics FP-ATR-ASTRA1 2.0.3
2026-09-04 11:54:41,494 DEBUG [LineInfo_to_exitCode.log_LineInfo] 2026-09-04 11:54:41,493 [INFO] ThirdParty:1033 - CMSIS Pack Vendor :STMicroelectronics X-CUBE-AZRTOS-F4 1.1.0
2026-09-04 11:54:41,494 DEBUG [LineInfo_to_exitCode.log_LineInfo] 2026-09-04 11:54:41,493 [INFO] ThirdParty:1033 - CMSIS Pack Vendor :STMicroelectronics LIBJPEG 8.0.0
2026-09-04 11:54:41,494 DEBUG [LineInfo_to_exitCode.log_LineInfo] 2026-09-04 11:54:41,494 [INFO] ThirdParty:1033 - CMSIS Pack Vendor :STMicroelectronics X-CUBE-BLE1 7.1.0
2026-09-04 11:54:41,494 DEBUG [LineInfo_to_exitCode.log_LineInfo] 2026-09-04 11:54:41,494 [INFO] ThirdParty:1033 - CMSIS Pack Vendor :STMicroelectronics X-CUBE-SMBUS 2.1.1
2026-09-04 11:54:41,494 DEBUG [LineInfo_to_exitCode.log_LineInfo] 2026-09-04 11:54:41,494 [INFO] ThirdParty:1033 - CMSIS Pack Vendor :wolfSSL I-CUBE-wolfMQTT 1.19.2
2026-09-04 11:54:41,494 DEBUG [LineInfo_to_exitCode.log_LineInfo] 2026-09-04 11:54:41,494 [INFO] ThirdParty:1033 - CMSIS Pack Vendor :STMicroelectronics USB_DEVICE 3.0.0
2026-09-04 11:54:41,494 DEBUG [LineInfo_to_exitCode.log_LineInfo] 2026-09-04 11:54:41,494 [INFO] ThirdParty:1033 - CMSIS Pack Vendor :STMicroelectronics X-CUBE-ISPU 2.1.0
2026-09-04 11:54:41,494 DEBUG [LineInfo_to_exitCode.log_LineInfo] 2026-09-04 11:54:41,494 [INFO] ThirdParty:1033 - CMSIS Pack Vendor :STMicroelectronics X-CUBE-EEPRMA1 5.2.0
2026-09-04 11:54:41,495 DEBUG [LineInfo_to_exitCode.log_LineInfo] 2026-09-04 11:54:41,494 [INFO] ThirdParty:1033 - CMSIS Pack Vendor :STMicroelectronics X-CUBE-IPS 3.2.0
2026-09-04 11:54:41,495 DEBUG [LineInfo_to_exitCode.log_LineInfo] 2026-09-04 11:54:41,494 [INFO] ThirdParty:1033 - CMSIS Pack Vendor :STMicroelectronics eDS-WB_DPC_TT-BIDIR 2.1.1
2026-09-04 11:54:41,495 DEBUG [LineInfo_to_exitCode.log_LineInfo] 2026-09-04 11:54:41,494 [INFO] ThirdParty:1033 - CMSIS Pack Vendor :STMicroelectronics X-CUBE-AZRTOS-WB 2.0.0
2026-09-04 11:54:41,495 DEBUG [LineInfo_to_exitCode.log_LineInfo] 2026-09-04 11:54:41,494 [INFO] ThirdParty:1033 - CMSIS Pack Vendor :STMicroelectronics X-CUBE-NFC12 1.0.0
2026-09-04 11:54:41,495 DEBUG [LineInfo_to_exitCode.log_LineInfo] 2026-09-04 11:54:41,494 [INFO] ThirdParty:1033 - CMSIS Pack Vendor :STMicroelectronics X-CUBE-AZRTOS-F7 1.1.0
2026-09-04 11:54:41,495 DEBUG [LineInfo_to_exitCode.log_LineInfo] 2026-09-04 11:54:41,494 [INFO] ThirdParty:1033 - CMSIS Pack Vendor :STMicroelectronics X-CUBE-AZRTOS-L5 2.0.0
2026-09-04 11:54:41,495 DEBUG [LineInfo_to_exitCode.log_LineInfo] 2026-09-04 11:54:41,494 [INFO] ThirdParty:1033 - CMSIS Pack Vendor :STMicroelectronics USB_DEVICE 2.0.0
2026-09-04 11:54:41,495 DEBUG [LineInfo_to_exitCode.log_LineInfo] 2026-09-04 11:54:41,494 [INFO] ThirdParty:1033 - CMSIS Pack Vendor :STMicroelectronics X-CUBE-FREERTOS 1.6.0
2026-09-04 11:54:41,495 DEBUG [LineInfo_to_exitCode.log_LineInfo] 2026-09-04 11:54:41,494 [INFO] ThirdParty:1033 - CMSIS Pack Vendor :quantropi X-CUBE-qispace-sdk-base 2.1.0
2026-09-04 11:54:41,495 DEBUG [LineInfo_to_exitCode.log_LineInfo] 2026-09-04 11:54:41,494 [INFO] ThirdParty:1033 - CMSIS Pack Vendor :STMicroelectronics X-CUBE-STSE01 2.0.0
2026-09-04 11:54:41,495 DEBUG [LineInfo_to_exitCode.log_LineInfo] 2026-09-04 11:54:41,494 [INFO] ThirdParty:1033 - CMSIS Pack Vendor :STMicroelectronics X-CUBE-ALGOBUILD 1.5.0
2026-09-04 11:54:41,495 DEBUG [LineInfo_to_exitCode.log_LineInfo] 2026-09-04 11:54:41,494 [INFO] ThirdParty:1033 - CMSIS Pack Vendor :STMicroelectronics FP-SNS-MOTENV1 5.1.0
2026-09-04 11:54:41,495 DEBUG [LineInfo_to_exitCode.log_LineInfo] 2026-09-04 11:54:41,494 [INFO] ThirdParty:1033 - CMSIS Pack Vendor :STMicroelectronics FreeRTOS 0.0.1
2026-09-04 11:54:41,495 DEBUG [LineInfo_to_exitCode.log_LineInfo] 2026-09-04 11:54:41,494 [INFO] ThirdParty:1033 - CMSIS Pack Vendor :STMicroelectronics X-CUBE-AZRTOS-H7RS 1.3.0
2026-09-04 11:54:41,495 DEBUG [LineInfo_to_exitCode.log_LineInfo] 2026-09-04 11:54:41,494 [INFO] ThirdParty:1033 - CMSIS Pack Vendor :STMicroelectronics X-CUBE-AZRTOS-G0 1.1.0
2026-09-04 11:54:41,495 DEBUG [LineInfo_to_exitCode.log_LineInfo] 2026-09-04 11:54:41,494 [INFO] ThirdParty:1033 - CMSIS Pack Vendor :STMicroelectronics X-CUBE-NFC4 3.0.0
2026-09-04 11:54:41,495 DEBUG [LineInfo_to_exitCode.log_LineInfo] 2026-09-04 11:54:41,494 [INFO] ThirdParty:1033 - CMSIS Pack Vendor :STMicroelectronics X-CUBE-SUBG2 5.0.0
2026-09-04 11:54:41,495 DEBUG [LineInfo_to_exitCode.log_LineInfo] 2026-09-04 11:54:41,494 [INFO] ThirdParty:1033 - CMSIS Pack Vendor :STMicroelectronics STM32_WPAN 1.0.0
2026-09-04 11:54:41,495 DEBUG [LineInfo_to_exitCode.log_LineInfo] 2026-09-04 11:54:41,494 [INFO] ThirdParty:1033 - CMSIS Pack Vendor :STMicroelectronics eDS-WB_DPC_VIENNA 1.2.0
2026-09-04 11:54:41,495 DEBUG [LineInfo_to_exitCode.log_LineInfo] 2026-09-04 11:54:41,494 [INFO] ThirdParty:1033 - CMSIS Pack Vendor :EmbeddedOffice I-CUBE-FS-RTOS 1.0.1
2026-09-04 11:54:41,495 DEBUG [LineInfo_to_exitCode.log_LineInfo] 2026-09-04 11:54:41,494 [INFO] ThirdParty:1033 - CMSIS Pack Vendor :STMicroelectronics lwIP 2.0.3
2026-09-04 11:54:41,495 DEBUG [LineInfo_to_exitCode.log_LineInfo] 2026-09-04 11:54:41,494 [INFO] ThirdParty:1033 - CMSIS Pack Vendor :WES I-CUBE-Cesium 1.4.0
2026-09-04 11:54:41,495 DEBUG [LineInfo_to_exitCode.log_LineInfo] 2026-09-04 11:54:41,494 [INFO] ThirdParty:1033 - CMSIS Pack Vendor :STMicroelectronics X-CUBE-MEMS1 13.0.0
2026-09-04 11:54:41,495 DEBUG [LineInfo_to_exitCode.log_LineInfo] 2026-09-04 11:54:41,494 [INFO] ThirdParty:1033 - CMSIS Pack Vendor :STMicroelectronics eDS-WB_DPC_3PH2L-BIDIR 1.1.1
2026-09-04 11:54:41,495 DEBUG [LineInfo_to_exitCode.log_LineInfo] 2026-09-04 11:54:41,494 [INFO] ThirdParty:1033 - CMSIS Pack Vendor :STMicroelectronics USB_HOST 1.0.0
2026-09-04 11:54:41,495 DEBUG [LineInfo_to_exitCode.log_LineInfo] 2026-09-04 11:54:41,494 [INFO] ThirdParty:1033 - CMSIS Pack Vendor :STMicroelectronics X-CUBE-AZRTOS-G4 2.0.0
2026-09-04 11:54:41,496 DEBUG [LineInfo_to_exitCode.log_LineInfo] 2026-09-04 11:54:41,494 [INFO] ThirdParty:1033 - CMSIS Pack Vendor :STMicroelectronics PDM2PCM 3.1.0
2026-09-04 11:54:41,496 DEBUG [LineInfo_to_exitCode.log_LineInfo] 2026-09-04 11:54:41,494 [INFO] ThirdParty:1033 - CMSIS Pack Vendor :STMicroelectronics X-CUBE-ST67W61 1.3.0
2026-09-04 11:54:41,496 DEBUG [LineInfo_to_exitCode.log_LineInfo] 2026-09-04 11:54:41,494 [INFO] ThirdParty:1033 - CMSIS Pack Vendor :STMicroelectronics PDM2PCM 3.3.0
2026-09-04 11:54:41,496 DEBUG [LineInfo_to_exitCode.log_LineInfo] 2026-09-04 11:54:41,494 [INFO] ThirdParty:1033 - CMSIS Pack Vendor :wolfSSL I-CUBE-wolfTPM 3.8.0
2026-09-04 11:54:41,496 DEBUG [LineInfo_to_exitCode.log_LineInfo] 2026-09-04 11:54:41,494 [INFO] ThirdParty:1033 - CMSIS Pack Vendor :STMicroelectronics X-CUBE-DISPLAY 3.0.0
2026-09-04 11:54:41,496 DEBUG [LineInfo_to_exitCode.log_LineInfo] 2026-09-04 11:54:41,494 [INFO] ThirdParty:1033 - CMSIS Pack Vendor :wolfSSL I-CUBE-wolfSSH 1.4.20
2026-09-04 11:54:41,496 DEBUG [LineInfo_to_exitCode.log_LineInfo] 2026-09-04 11:54:41,494 [INFO] ThirdParty:1033 - CMSIS Pack Vendor :STMicroelectronics X-CUBE-NFC7 2.0.0
2026-09-04 11:54:41,496 DEBUG [LineInfo_to_exitCode.log_LineInfo] 2026-09-04 11:54:41,494 [INFO] ThirdParty:1033 - CMSIS Pack Vendor :STMicroelectronics X-CUBE-GNSS1 7.1.1
2026-09-04 11:54:41,496 DEBUG [LineInfo_to_exitCode.log_LineInfo] 2026-09-04 11:54:41,494 [INFO] ThirdParty:1033 - CMSIS Pack Vendor :STMicroelectronics FP-SNS-MOTENVWB1 1.5.0
2026-09-04 11:54:41,496 DEBUG [LineInfo_to_exitCode.log_LineInfo] 2026-09-04 11:54:41,494 [INFO] ThirdParty:1033 - CMSIS Pack Vendor :STMicroelectronics X-CUBE-TCPP 4.2.0
2026-09-04 11:54:41,496 DEBUG [LineInfo_to_exitCode.log_LineInfo] 2026-09-04 11:54:41,494 [INFO] ThirdParty:1033 - CMSIS Pack Vendor :RealThread X-CUBE-RT-Thread_Nano 4.1.1
2026-09-04 11:54:41,496 DEBUG [LineInfo_to_exitCode.log_LineInfo] 2026-09-04 11:54:41,494 [INFO] ThirdParty:1033 - CMSIS Pack Vendor :STMicroelectronics FP-ATR-SIGFOX1 3.2.0
2026-09-04 11:54:41,496 DEBUG [LineInfo_to_exitCode.log_LineInfo] 2026-09-04 11:54:41,494 [INFO] ThirdParty:1033 - CMSIS Pack Vendor :STMicroelectronics X-CUBE-NFC10 1.0.0
2026-09-04 11:54:41,496 DEBUG [LineInfo_to_exitCode.log_LineInfo] 2026-09-04 11:54:41,494 [INFO] ThirdParty:1033 - CMSIS Pack Vendor :STMicroelectronics HAL Drivers 0.0.0
2026-09-04 11:54:41,496 DEBUG [LineInfo_to_exitCode.log_LineInfo] 2026-09-04 11:54:41,495 [INFO] ThirdParty:1033 - CMSIS Pack Vendor :STMicroelectronics MBEDTLS 2.16.2
2026-09-04 11:54:41,496 DEBUG [LineInfo_to_exitCode.log_LineInfo] 2026-09-04 11:54:41,495 [INFO] ThirdParty:1033 - CMSIS Pack Vendor :STMicroelectronics X-CUBE-ST60 1.1.0
2026-09-04 11:54:41,496 DEBUG [LineInfo_to_exitCode.log_LineInfo] 2026-09-04 11:54:41,495 [INFO] ThirdParty:1033 - CMSIS Pack Vendor :STMicroelectronics X-CUBE-BLEMGR 4.2.0
2026-09-04 11:54:41,496 DEBUG [LineInfo_to_exitCode.log_LineInfo] 2026-09-04 11:54:41,495 [INFO] ThirdParty:1033 - CMSIS Pack Vendor :STMicroelectronics X-CUBE-ALS 1.0.2
2026-09-04 11:54:41,496 DEBUG [LineInfo_to_exitCode.log_LineInfo] 2026-09-04 11:54:41,495 [INFO] ThirdParty:1033 - CMSIS Pack Vendor :emotas I-CUBE-CANOPEN 1.3.0
2026-09-04 11:54:41,496 DEBUG [LineInfo_to_exitCode.log_LineInfo] 2026-09-04 11:54:41,495 [INFO] ThirdParty:1033 - CMSIS Pack Vendor :wolfSSL I-CUBE-wolfSSL 5.9.2
2026-09-04 11:54:41,496 DEBUG [LineInfo_to_exitCode.log_LineInfo] 2026-09-04 11:54:41,495 [INFO] ThirdParty:1033 - CMSIS Pack Vendor :STMicroelectronics X-CUBE-WBA 1.1.0
2026-09-04 11:54:41,496 DEBUG [LineInfo_to_exitCode.log_LineInfo] 2026-09-04 11:54:41,495 [INFO] ThirdParty:1033 - CMSIS Pack Vendor :STMicroelectronics MBEDTLS 2.14.1
2026-09-04 11:54:41,496 DEBUG [LineInfo_to_exitCode.log_LineInfo] 2026-09-04 11:54:41,495 [INFO] ThirdParty:1033 - CMSIS Pack Vendor :ITTIA_DB I-CUBE-ITTIADB 8.9.0
2026-09-04 11:54:41,496 DEBUG [LineInfo_to_exitCode.log_LineInfo] 2026-09-04 11:54:41,495 [INFO] ThirdParty:1033 - CMSIS Pack Vendor :Cesanta I-CUBE-Mongoose 7.21.7
2026-09-04 11:54:41,496 DEBUG [LineInfo_to_exitCode.log_LineInfo] 2026-09-04 11:54:41,495 [INFO] ThirdParty:1033 - CMSIS Pack Vendor :STMicroelectronics X-CUBE-TOUCHGFX 4.26.1
2026-09-04 11:54:41,497 DEBUG [LineInfo_to_exitCode.log_LineInfo] 2026-09-04 11:54:41,495 [INFO] ThirdParty:1033 - CMSIS Pack Vendor :STMicroelectronics X-CUBE-NFC6 3.2.0
2026-09-04 11:54:41,497 DEBUG [LineInfo_to_exitCode.log_LineInfo] 2026-09-04 11:54:41,495 [INFO] ThirdParty:1033 - CMSIS Pack Vendor :STMicroelectronics FP-SNS-STBOX1 2.1.0
2026-09-04 11:54:41,497 DEBUG [LineInfo_to_exitCode.log_LineInfo] 2026-09-04 11:54:41,495 [INFO] ThirdParty:1033 - CMSIS Pack Vendor :STMicroelectronics X-CUBE-AI 10.2.1
2026-09-04 11:54:41,497 DEBUG [LineInfo_to_exitCode.log_LineInfo] 2026-09-04 11:54:41,495 [INFO] ThirdParty:1033 - CMSIS Pack Vendor :STMicroelectronics ThreadX 1.0.0
2026-09-04 11:54:41,497 DEBUG [LineInfo_to_exitCode.log_LineInfo] 2026-09-04 11:54:41,495 [INFO] ThirdParty:1033 - CMSIS Pack Vendor :STMicroelectronics FP-SNS-SMARTAG2 1.2.0
2026-09-04 11:54:41,497 DEBUG [LineInfo_to_exitCode.log_LineInfo] 2026-09-04 11:54:41,495 [INFO] ThirdParty:1033 - CMSIS Pack Vendor :STMicroelectronics FP-SNS-FLIGHT1 5.1.0
2026-09-04 11:54:41,497 DEBUG [LineInfo_to_exitCode.log_LineInfo] 2026-09-04 11:54:41,495 [INFO] ThirdParty:1033 - CMSIS Pack Vendor :STMicroelectronics X-CUBE-AZRTOS-WL 2.0.0
2026-09-04 11:54:41,497 DEBUG [LineInfo_to_exitCode.log_LineInfo] 2026-09-04 11:54:41,495 [INFO] ThirdParty:1033 - CMSIS Pack Vendor :SEGGER I-CUBE-embOS 1.3.1
2026-09-04 11:54:41,497 DEBUG [LineInfo_to_exitCode.log_LineInfo] 2026-09-04 11:54:41,495 [INFO] ThirdParty:1033 - CMSIS Pack Vendor :STMicroelectronics X-CUBE-DPower 1.3.0
2026-09-04 11:54:41,497 DEBUG [LineInfo_to_exitCode.log_LineInfo] 2026-09-04 11:54:41,495 [INFO] ThirdParty:1033 - CMSIS Pack Vendor :STMicroelectronics USB_DEVICE 1.0.0
2026-09-04 11:54:41,497 DEBUG [LineInfo_to_exitCode.log_LineInfo] 2026-09-04 11:54:41,495 [INFO] ThirdParty:1033 - CMSIS Pack Vendor :STMicroelectronics X-CUBE-AZRTOS-L4 2.0.0
2026-09-04 11:54:41,497 DEBUG [LineInfo_to_exitCode.log_LineInfo] 2026-09-04 11:54:41,495 [INFO] ThirdParty:1033 - CMSIS Pack Vendor :STMicroelectronics ThreadX 0.0.2
2026-09-04 11:54:41,497 DEBUG [LineInfo_to_exitCode.log_LineInfo] 2026-09-04 11:54:41,495 [INFO] ThirdParty:1033 - CMSIS Pack Vendor :STMicroelectronics FP-SNS-STAIOTCFT 2.0.0
2026-09-04 11:54:41,497 DEBUG [LineInfo_to_exitCode.log_LineInfo] 2026-09-04 11:54:41,495 [INFO] ThirdParty:1033 - CMSIS Pack Vendor :STMicroelectronics lwIP 2.1.2
2026-09-04 11:54:41,497 DEBUG [LineInfo_to_exitCode.log_LineInfo] 2026-09-04 11:54:41,495 [INFO] ThirdParty:1033 - CMSIS Pack Vendor :STMicroelectronics X-CUBE-SFXS2LP1 4.0.0
2026-09-04 11:54:41,497 DEBUG [LineInfo_to_exitCode.log_LineInfo] 2026-09-04 11:54:41,495 [INFO] ThirdParty:1033 - CMSIS Pack Vendor :STMicroelectronics X-CUBE-BLE2 3.3.0
2026-09-04 11:54:41,497 DEBUG [LineInfo_to_exitCode.log_LineInfo] 2026-09-04 11:54:41,495 [INFO] ThirdParty:1033 - CMSIS Pack Vendor :Avnet-IOTCONNECT X-CUBE-iotc-st67-sdk 1.0.0
2026-09-04 11:54:41,497 DEBUG [LineInfo_to_exitCode.log_LineInfo] 2026-09-04 11:54:41,495 [INFO] ThirdParty:1033 - CMSIS Pack Vendor :STMicroelectronics X-CUBE-TOF1 3.4.3
2026-09-04 11:54:41,497 DEBUG [LineInfo_to_exitCode.log_LineInfo] 2026-09-04 11:54:41,495 [INFO] ThirdParty:1033 - CMSIS Pack Vendor :Infineon AIROC-Wi-Fi-Bluetooth-STM32 1.8.0
2026-09-04 11:54:41,497 DEBUG [LineInfo_to_exitCode.log_LineInfo] 2026-09-04 11:54:41,495 [INFO] ThirdParty:1033 - CMSIS Pack Vendor :STMicroelectronics X-CUBE-NFC13 1.0.0
2026-09-04 11:54:41,497 DEBUG [LineInfo_to_exitCode.log_LineInfo] 2026-09-04 11:54:41,495 [INFO] ThirdParty:1033 - CMSIS Pack Vendor :STMicroelectronics PDM2PCM 3.2.0
2026-09-04 11:54:41,497 DEBUG [LineInfo_to_exitCode.log_LineInfo] 2026-09-04 11:54:41,495 [INFO] ThirdParty:1033 - CMSIS Pack Vendor :STMicroelectronics X-CUBE-WB05N 2.1.0
2026-09-04 11:54:41,497 DEBUG [LineInfo_to_exitCode.log_LineInfo] 2026-09-04 11:54:41,495 [INFO] ThirdParty:844 - exiting critical section [change project]
2026-09-04 11:54:41,848 DEBUG [LineInfo_to_exitCode.log_LineInfo] 2026-09-04 11:54:41,847 [INFO] PinOutPanel:1500 - setPackage(No Configuration,No Configuration)
2026-09-04 11:54:41,849 DEBUG [LineInfo_to_exitCode.log_LineInfo] 2026-09-04 11:54:41,849 [INFO] PinOutPanel:1500 - setPackage(STM32G431RBTx,LQFP64)
2026-09-04 11:54:42,140 DEBUG [LineInfo_to_exitCode.log_LineInfo] 2026-09-04 11:54:42,140 [INFO] UtilMem:75 - Before build in PCC Used Memory: 398780128 Bytes (914358272)
2026-09-04 11:54:42,667 DEBUG [LineInfo_to_exitCode.log_LineInfo] 2026-09-04 11:54:42,667 [INFO] UtilMem:75 - After build in PCC Used Memory: 504686304 Bytes (914358272)
2026-09-04 11:54:42,743 DEBUG [LineInfo_to_exitCode.log_LineInfo] 2026-09-04 11:54:42,743 [INFO] ApiDbMcu:530 - Load IP Config File for MotorControl
2026-09-04 11:54:42,763 DEBUG [LineInfo_to_exitCode.log_LineInfo] 2026-09-04 11:54:42,762 [INFO] IPUIPlugin:83 - create IPUIPlugin
2026-09-04 11:54:42,763 DEBUG [LineInfo_to_exitCode.log_LineInfo] 2026-09-04 11:54:42,763 [INFO] IPUIPlugin:83 - create IPUIPlugin
2026-09-04 11:54:42,763 DEBUG [LineInfo_to_exitCode.log_LineInfo] 2026-09-04 11:54:42,763 [INFO] IPUIPlugin:83 - create IPUIPlugin
2026-09-04 11:54:42,763 DEBUG [LineInfo_to_exitCode.log_LineInfo] 2026-09-04 11:54:42,763 [INFO] IPUIPlugin:83 - create IPUIPlugin
2026-09-04 11:54:42,763 DEBUG [LineInfo_to_exitCode.log_LineInfo] 2026-09-04 11:54:42,763 [INFO] IPUIPlugin:83 - create IPUIPlugin
2026-09-04 11:54:42,763 DEBUG [LineInfo_to_exitCode.log_LineInfo] 2026-09-04 11:54:42,763 [INFO] IPUIPlugin:83 - create IPUIPlugin
2026-09-04 11:54:42,763 DEBUG [LineInfo_to_exitCode.log_LineInfo] 2026-09-04 11:54:42,763 [INFO] IPUIPlugin:83 - create IPUIPlugin
2026-09-04 11:54:42,763 DEBUG [LineInfo_to_exitCode.log_LineInfo] 2026-09-04 11:54:42,763 [INFO] IPUIPlugin:83 - create IPUIPlugin
2026-09-04 11:54:42,763 DEBUG [LineInfo_to_exitCode.log_LineInfo] 2026-09-04 11:54:42,763 [INFO] IPUIPlugin:83 - create IPUIPlugin
2026-09-04 11:54:42,763 DEBUG [LineInfo_to_exitCode.log_LineInfo] 2026-09-04 11:54:42,763 [INFO] IPUIPlugin:83 - create IPUIPlugin
2026-09-04 11:54:42,763 DEBUG [LineInfo_to_exitCode.log_LineInfo] 2026-09-04 11:54:42,763 [INFO] IPUIPlugin:83 - create IPUIPlugin
2026-09-04 11:54:42,763 DEBUG [LineInfo_to_exitCode.log_LineInfo] 2026-09-04 11:54:42,763 [INFO] IPUIPlugin:83 - create IPUIPlugin
2026-09-04 11:54:42,763 DEBUG [LineInfo_to_exitCode.log_LineInfo] 2026-09-04 11:54:42,763 [INFO] IPUIPlugin:83 - create IPUIPlugin
2026-09-04 11:54:42,763 DEBUG [LineInfo_to_exitCode.log_LineInfo] 2026-09-04 11:54:42,763 [INFO] IPUIPlugin:83 - create IPUIPlugin
2026-09-04 11:54:42,763 DEBUG [LineInfo_to_exitCode.log_LineInfo] 2026-09-04 11:54:42,763 [INFO] IPUIPlugin:83 - create IPUIPlugin
2026-09-04 11:54:42,764 DEBUG [LineInfo_to_exitCode.log_LineInfo] 2026-09-04 11:54:42,763 [INFO] IPUIPlugin:83 - create IPUIPlugin
2026-09-04 11:54:42,764 DEBUG [LineInfo_to_exitCode.log_LineInfo] 2026-09-04 11:54:42,764 [INFO] IPUIPlugin:83 - create IPUIPlugin
2026-09-04 11:54:42,764 DEBUG [LineInfo_to_exitCode.log_LineInfo] 2026-09-04 11:54:42,764 [INFO] IPUIPlugin:83 - create IPUIPlugin
2026-09-04 11:54:42,764 DEBUG [LineInfo_to_exitCode.log_LineInfo] 2026-09-04 11:54:42,764 [INFO] IPUIPlugin:83 - create IPUIPlugin
2026-09-04 11:54:42,764 DEBUG [LineInfo_to_exitCode.log_LineInfo] 2026-09-04 11:54:42,764 [INFO] IPUIPlugin:83 - create IPUIPlugin
2026-09-04 11:54:42,764 DEBUG [LineInfo_to_exitCode.log_LineInfo] 2026-09-04 11:54:42,764 [INFO] IPUIPlugin:83 - create IPUIPlugin
2026-09-04 11:54:42,764 DEBUG [LineInfo_to_exitCode.log_LineInfo] 2026-09-04 11:54:42,764 [INFO] IPUIPlugin:83 - create IPUIPlugin
2026-09-04 11:54:42,764 DEBUG [LineInfo_to_exitCode.log_LineInfo] 2026-09-04 11:54:42,764 [INFO] IPUIPlugin:83 - create IPUIPlugin
2026-09-04 11:54:42,764 DEBUG [LineInfo_to_exitCode.log_LineInfo] 2026-09-04 11:54:42,764 [INFO] IPUIPlugin:83 - create IPUIPlugin
2026-09-04 11:54:42,764 DEBUG [LineInfo_to_exitCode.log_LineInfo] 2026-09-04 11:54:42,764 [INFO] IPUIPlugin:83 - create IPUIPlugin
2026-09-04 11:54:42,764 DEBUG [LineInfo_to_exitCode.log_LineInfo] 2026-09-04 11:54:42,764 [INFO] IPUIPlugin:83 - create IPUIPlugin
2026-09-04 11:54:42,764 DEBUG [LineInfo_to_exitCode.log_LineInfo] 2026-09-04 11:54:42,764 [INFO] IPUIPlugin:83 - create IPUIPlugin
2026-09-04 11:54:42,764 DEBUG [LineInfo_to_exitCode.log_LineInfo] 2026-09-04 11:54:42,764 [INFO] IPUIPlugin:83 - create IPUIPlugin
2026-09-04 11:54:42,765 DEBUG [LineInfo_to_exitCode.log_LineInfo] 2026-09-04 11:54:42,765 [INFO] IPUIPlugin:83 - create IPUIPlugin
2026-09-04 11:54:42,765 DEBUG [LineInfo_to_exitCode.log_LineInfo] 2026-09-04 11:54:42,765 [INFO] IPUIPlugin:83 - create IPUIPlugin
2026-09-04 11:54:42,765 DEBUG [LineInfo_to_exitCode.log_LineInfo] 2026-09-04 11:54:42,765 [INFO] IPUIPlugin:83 - create IPUIPlugin
2026-09-04 11:54:42,765 DEBUG [LineInfo_to_exitCode.log_LineInfo] 2026-09-04 11:54:42,765 [INFO] IPUIPlugin:83 - create IPUIPlugin
2026-09-04 11:54:42,766 DEBUG [LineInfo_to_exitCode.log_LineInfo] 2026-09-04 11:54:42,765 [INFO] IPUIPlugin:83 - create IPUIPlugin
2026-09-04 11:54:42,766 DEBUG [LineInfo_to_exitCode.log_LineInfo] 2026-09-04 11:54:42,766 [INFO] IPUIPlugin:83 - create IPUIPlugin
2026-09-04 11:54:42,766 DEBUG [LineInfo_to_exitCode.log_LineInfo] 2026-09-04 11:54:42,766 [INFO] IPUIPlugin:83 - create IPUIPlugin
2026-09-04 11:54:42,766 DEBUG [LineInfo_to_exitCode.log_LineInfo] 2026-09-04 11:54:42,766 [INFO] IPUIPlugin:83 - create IPUIPlugin
2026-09-04 11:54:42,766 DEBUG [LineInfo_to_exitCode.log_LineInfo] 2026-09-04 11:54:42,766 [INFO] IPUIPlugin:83 - create IPUIPlugin
2026-09-04 11:54:42,766 DEBUG [LineInfo_to_exitCode.log_LineInfo] 2026-09-04 11:54:42,766 [INFO] IPUIPlugin:83 - create IPUIPlugin
2026-09-04 11:54:42,766 DEBUG [LineInfo_to_exitCode.log_LineInfo] 2026-09-04 11:54:42,766 [INFO] IPUIPlugin:83 - create IPUIPlugin
2026-09-04 11:54:42,767 DEBUG [LineInfo_to_exitCode.log_LineInfo] 2026-09-04 11:54:42,767 [INFO] IPUIPlugin:83 - create IPUIPlugin
2026-09-04 11:54:42,767 DEBUG [LineInfo_to_exitCode.log_LineInfo] 2026-09-04 11:54:42,767 [INFO] IPUIPlugin:83 - create IPUIPlugin
2026-09-04 11:54:42,767 DEBUG [LineInfo_to_exitCode.log_LineInfo] 2026-09-04 11:54:42,767 [INFO] IPUIPlugin:83 - create IPUIPlugin
2026-09-04 11:54:42,767 DEBUG [LineInfo_to_exitCode.log_LineInfo] 2026-09-04 11:54:42,767 [INFO] IPUIPlugin:83 - create IPUIPlugin
2026-09-04 11:54:42,767 DEBUG [LineInfo_to_exitCode.log_LineInfo] 2026-09-04 11:54:42,767 [INFO] IPUIPlugin:83 - create IPUIPlugin
2026-09-04 11:54:42,767 DEBUG [LineInfo_to_exitCode.log_LineInfo] 2026-09-04 11:54:42,767 [INFO] IPUIPlugin:83 - create IPUIPlugin
2026-09-04 11:54:42,767 DEBUG [LineInfo_to_exitCode.log_LineInfo] 2026-09-04 11:54:42,767 [INFO] IPUIPlugin:83 - create IPUIPlugin
2026-09-04 11:54:42,767 DEBUG [LineInfo_to_exitCode.log_LineInfo] 2026-09-04 11:54:42,767 [INFO] IPUIPlugin:83 - create IPUIPlugin
2026-09-04 11:54:42,767 DEBUG [LineInfo_to_exitCode.log_LineInfo] 2026-09-04 11:54:42,767 [INFO] IPUIPlugin:83 - create IPUIPlugin
2026-09-04 11:54:42,767 DEBUG [LineInfo_to_exitCode.log_LineInfo] 2026-09-04 11:54:42,767 [INFO] IPUIPlugin:83 - create IPUIPlugin
2026-09-04 11:54:42,768 DEBUG [LineInfo_to_exitCode.log_LineInfo] 2026-09-04 11:54:42,768 [INFO] IPUIPlugin:83 - create IPUIPlugin
2026-09-04 11:54:42,768 DEBUG [LineInfo_to_exitCode.log_LineInfo] 2026-09-04 11:54:42,768 [INFO] IPUIPlugin:83 - create IPUIPlugin
2026-09-04 11:54:42,768 DEBUG [LineInfo_to_exitCode.log_LineInfo] 2026-09-04 11:54:42,768 [INFO] IPUIPlugin:83 - create IPUIPlugin
2026-09-04 11:54:42,768 DEBUG [LineInfo_to_exitCode.log_LineInfo] 2026-09-04 11:54:42,768 [INFO] IPUIPlugin:83 - create IPUIPlugin
2026-09-04 11:54:42,768 DEBUG [LineInfo_to_exitCode.log_LineInfo] 2026-09-04 11:54:42,768 [INFO] IPUIPlugin:83 - create IPUIPlugin
2026-09-04 11:54:42,768 DEBUG [LineInfo_to_exitCode.log_LineInfo] 2026-09-04 11:54:42,768 [INFO] IPUIPlugin:83 - create IPUIPlugin
2026-09-04 11:54:42,769 DEBUG [LineInfo_to_exitCode.log_LineInfo] 2026-09-04 11:54:42,768 [INFO] IPUIPlugin:83 - create IPUIPlugin
2026-09-04 11:54:42,769 DEBUG [LineInfo_to_exitCode.log_LineInfo] 2026-09-04 11:54:42,769 [INFO] IPUIPlugin:83 - create IPUIPlugin
2026-09-04 11:54:42,769 DEBUG [LineInfo_to_exitCode.log_LineInfo] 2026-09-04 11:54:42,769 [INFO] IPUIPlugin:83 - create IPUIPlugin
2026-09-04 11:54:42,769 DEBUG [LineInfo_to_exitCode.log_LineInfo] 2026-09-04 11:54:42,769 [INFO] IPUIPlugin:83 - create IPUIPlugin
2026-09-04 11:54:42,924 DEBUG [LineInfo_to_exitCode.log_LineInfo] 2026-09-04 11:54:42,924 [INFO] ProjectChoiceTab:3888 - New firmware version: STM32Cube FW_G4 V1.6.3 Old firmware version: null
2026-09-04 11:54:42,924 DEBUG [LineInfo_to_exitCode.log_LineInfo] 2026-09-04 11:54:42,924 [INFO] ProjectChoiceTab:3898 - H7FWmigrated= false
2026-09-04 11:54:42,933 DEBUG [LineInfo_to_exitCode.log_LineInfo] 2026-09-04 11:54:42,933 [INFO] CADModel:153 - CPN selected for project levelSTM32G431RBT3
2026-09-04 11:54:42,933 DEBUG [LineInfo_to_exitCode.log_LineInfo] 2026-09-04 11:54:42,933 [INFO] CADModel:102 - Register for checkConnection events
2026-09-04 11:54:43,142 DEBUG [LineInfo_to_exitCode.log_LineInfo] 2026-09-04 11:54:43,142 [INFO] OpenFileManager:403 - Restore cursor
2026-09-04 11:54:43,273 DEBUG [LineInfo_to_exitCode.log_LineInfo] 2026-09-04 11:54:43,273 [INFO] ProjectChoiceTab:3888 - New firmware version: STM32Cube FW_G4 V1.6.3 Old firmware version: STM32Cube FW_G4 V1.6.3
2026-09-04 11:54:43,275 DEBUG [LineInfo_to_exitCode.log_LineInfo] 2026-09-04 11:54:43,275 [INFO] ProjectChoiceTab:3888 - New firmware version: STM32Cube FW_G4 V1.6.2 Old firmware version: STM32Cube FW_G4 V1.6.3
2026-09-04 11:54:43,275 DEBUG [LineInfo_to_exitCode.log_LineInfo] 2026-09-04 11:54:43,275 [INFO] ProjectChoiceTab:3898 - H7FWmigrated= false
2026-09-04 11:54:43,498 DEBUG [LineInfo_to_exitCode.log_LineInfo] 2026-09-04 11:54:43,497 [INFO] UtilMem:75 - End SaveConfig() Used Memory: 405884000 Bytes (914358272)
2026-09-04 11:54:43,529 DEBUG [LineInfo_to_exitCode.log_LineInfo] 2026-09-04 11:54:43,529 [INFO] ProjectChoiceTab:3888 - New firmware version: STM32Cube FW_G4 V1.6.3 Old firmware version: STM32Cube FW_G4 V1.6.2
2026-09-04 11:54:43,529 DEBUG [LineInfo_to_exitCode.log_LineInfo] 2026-09-04 11:54:43,529 [INFO] ProjectChoiceTab:3898 - H7FWmigrated= false
2026-09-04 11:54:43,531 DEBUG [LineInfo_to_exitCode.log_LineInfo] 2026-09-04 11:54:43,531 [INFO] ProjectChoiceTab:3888 - New firmware version: STM32Cube FW_G4 V1.6.2 Old firmware version: STM32Cube FW_G4 V1.6.3
2026-09-04 11:54:43,532 DEBUG [LineInfo_to_exitCode.log_LineInfo] 2026-09-04 11:54:43,531 [INFO] ProjectChoiceTab:3898 - H7FWmigrated= false
2026-09-04 11:54:43,817 DEBUG [LineInfo_to_exitCode.log_LineInfo] 2026-09-04 11:54:43,817 [INFO] IPsOverviews:2785 - set Specific Code input for plugin: MotorControl
2026-09-04 11:54:43,817 DEBUG [LineInfo_to_exitCode.log_LineInfo] 2026-09-04 11:54:43,817 [INFO] IPsOverviews:2785 - set Specific Code input for plugin: TIM1_8G4
2026-09-04 11:54:43,817 DEBUG [LineInfo_to_exitCode.log_LineInfo] 2026-09-04 11:54:43,817 [INFO] IPsOverviews:2785 - set Specific Code input for plugin: ADC
2026-09-04 11:54:43,817 DEBUG [LineInfo_to_exitCode.log_LineInfo] 2026-09-04 11:54:43,817 [INFO] IPsOverviews:2785 - set Specific Code input for plugin: SYS
2026-09-04 11:54:43,817 DEBUG [LineInfo_to_exitCode.log_LineInfo] 2026-09-04 11:54:43,817 [INFO] IPsOverviews:2785 - set Specific Code input for plugin: ADC
2026-09-04 11:54:43,817 DEBUG [LineInfo_to_exitCode.log_LineInfo] 2026-09-04 11:54:43,817 [INFO] IPsOverviews:2785 - set Specific Code input for plugin: RCC
2026-09-04 11:54:43,817 DEBUG [LineInfo_to_exitCode.log_LineInfo] 2026-09-04 11:54:43,817 [INFO] IPsOverviews:2785 - set Specific Code input for plugin: NVIC
2026-09-04 11:54:43,817 DEBUG [LineInfo_to_exitCode.log_LineInfo] 2026-09-04 11:54:43,817 [INFO] IPsOverviews:2785 - set Specific Code input for plugin: USART
2026-09-04 11:54:43,817 DEBUG [LineInfo_to_exitCode.log_LineInfo] 2026-09-04 11:54:43,817 [INFO] IPsOverviews:2785 - set Specific Code input for plugin: DMA
2026-09-04 11:54:43,817 DEBUG [LineInfo_to_exitCode.log_LineInfo] 2026-09-04 11:54:43,817 [INFO] IPsOverviews:2785 - set Specific Code input for plugin: CORDIC
2026-09-04 11:54:43,817 DEBUG [LineInfo_to_exitCode.log_LineInfo] 2026-09-04 11:54:43,817 [INFO] IPsOverviews:2785 - set Specific Code input for plugin: GPIO
2026-09-04 11:54:43,823 DEBUG [LineInfo_to_exitCode.log_LineInfo] 2026-09-04 11:54:43,823 [INFO] CodeGenerator:899 - code generatio: config db path: C:\Users\azmib\AppData\Local\Programs\STM32CubeMX\\db\
2026-09-04 11:54:43,988 DEBUG [LineInfo_to_exitCode.log_LineInfo] 2026-09-04 11:54:43,988 [INFO] CodeEngine:297 - oldGeneratedFile, C:\Users\azmib\Desktop\STM_Workspace\PilotixFOC_Measurement\MXTmpFiles\license.tmp_save
2026-09-04 11:54:44,220 DEBUG [LineInfo_to_exitCode.log_LineInfo] 2026-09-04 11:54:44,220 [INFO] CodeEngine:321 - Generated code: C:\Users\azmib\Desktop\STM_Workspace\PilotixFOC_Measurement\MXTmpFiles\license.tmp
2026-09-04 11:54:44,337 DEBUG [LineInfo_to_exitCode.log_LineInfo] 2026-09-04 11:54:44,337 [INFO] CodeEngine:297 - oldGeneratedFile, C:\Users\azmib\Desktop\STM_Workspace\PilotixFOC_Measurement\MXTmpFiles\gpio.tmp_save
2026-09-04 11:54:44,450 DEBUG [LineInfo_to_exitCode.log_LineInfo] 2026-09-04 11:54:44,450 [INFO] CodeEngine:321 - Generated code: C:\Users\azmib\Desktop\STM_Workspace\PilotixFOC_Measurement\MXTmpFiles\gpio.tmp
2026-09-04 11:54:45,050 DEBUG [LineInfo_to_exitCode.log_LineInfo] 2026-09-04 11:54:45,049 [INFO] Middleware:1457 - No code input for Bsp Dependency
2026-09-04 11:54:45,137 DEBUG [LineInfo_to_exitCode.log_LineInfo] 2026-09-04 11:54:45,137 [INFO] CodeEngine:297 - oldGeneratedFile, C:\Users\azmib\Desktop\STM_Workspace\PilotixFOC_Measurement\MXTmpFiles\dma.tmp_save
2026-09-04 11:54:45,198 DEBUG [LineInfo_to_exitCode.log_LineInfo] 2026-09-04 11:54:45,198 [INFO] CodeEngine:321 - Generated code: C:\Users\azmib\Desktop\STM_Workspace\PilotixFOC_Measurement\MXTmpFiles\dma.tmp
2026-09-04 11:54:45,202 DEBUG [LineInfo_to_exitCode.log_LineInfo] 2026-09-04 11:54:45,202 [INFO] CodeEngine:297 - oldGeneratedFile, C:\Users\azmib\Desktop\STM_Workspace\PilotixFOC_Measurement\MXTmpFiles\dma_GV.tmp_save
2026-09-04 11:54:45,249 DEBUG [LineInfo_to_exitCode.log_LineInfo] 2026-09-04 11:54:45,249 [INFO] CodeEngine:321 - Generated code: C:\Users\azmib\Desktop\STM_Workspace\PilotixFOC_Measurement\MXTmpFiles\dma_GV.tmp
2026-09-04 11:54:45,346 DEBUG [LineInfo_to_exitCode.log_LineInfo] 2026-09-04 11:54:45,345 [INFO] Middleware:1457 - No code input for Bsp Dependency
2026-09-04 11:54:45,381 DEBUG [LineInfo_to_exitCode.log_LineInfo] 2026-09-04 11:54:45,381 [INFO] CodeEngine:297 - oldGeneratedFile, C:\Users\azmib\Desktop\STM_Workspace\PilotixFOC_Measurement\Src\motorcontrol.c_save
2026-09-04 11:54:45,425 INFO  [LineInfo_to_exitCode.log_LineInfo] Generated code: C:\Users\azmib\Desktop\STM_Workspace\PilotixFOC_Measurement\Src\motorcontrol.c
2026-09-04 11:54:45,429 DEBUG [LineInfo_to_exitCode.log_LineInfo] 2026-09-04 11:54:45,429 [INFO] CodeEngine:297 - oldGeneratedFile, C:\Users\azmib\Desktop\STM_Workspace\PilotixFOC_Measurement\Inc\motorcontrol.h_save
2026-09-04 11:54:45,471 INFO  [LineInfo_to_exitCode.log_LineInfo] Generated code: C:\Users\azmib\Desktop\STM_Workspace\PilotixFOC_Measurement\Inc\motorcontrol.h
2026-09-04 11:54:45,484 DEBUG [LineInfo_to_exitCode.log_LineInfo] 2026-09-04 11:54:45,484 [INFO] CodeEngine:297 - oldGeneratedFile, C:\Users\azmib\Desktop\STM_Workspace\PilotixFOC_Measurement\Inc\drive_parameters.h_save
2026-09-04 11:54:45,559 INFO  [LineInfo_to_exitCode.log_LineInfo] Generated code: C:\Users\azmib\Desktop\STM_Workspace\PilotixFOC_Measurement\Inc\drive_parameters.h
2026-09-04 11:54:45,562 DEBUG [LineInfo_to_exitCode.log_LineInfo] 2026-09-04 11:54:45,562 [INFO] CodeEngine:297 - oldGeneratedFile, C:\Users\azmib\Desktop\STM_Workspace\PilotixFOC_Measurement\Inc\mc_type.h_save
2026-09-04 11:54:45,615 INFO  [LineInfo_to_exitCode.log_LineInfo] Generated code: C:\Users\azmib\Desktop\STM_Workspace\PilotixFOC_Measurement\Inc\mc_type.h
2026-09-04 11:54:45,621 DEBUG [LineInfo_to_exitCode.log_LineInfo] 2026-09-04 11:54:45,621 [INFO] CodeEngine:297 - oldGeneratedFile, C:\Users\azmib\Desktop\STM_Workspace\PilotixFOC_Measurement\Src\speed_torq_ctrl.c_save
2026-09-04 11:54:45,668 INFO  [LineInfo_to_exitCode.log_LineInfo] Generated code: C:\Users\azmib\Desktop\STM_Workspace\PilotixFOC_Measurement\Src\speed_torq_ctrl.c
2026-09-04 11:54:45,673 DEBUG [LineInfo_to_exitCode.log_LineInfo] 2026-09-04 11:54:45,673 [INFO] CodeEngine:297 - oldGeneratedFile, C:\Users\azmib\Desktop\STM_Workspace\PilotixFOC_Measurement\Inc\speed_torq_ctrl.h_save
2026-09-04 11:54:45,711 INFO  [LineInfo_to_exitCode.log_LineInfo] Generated code: C:\Users\azmib\Desktop\STM_Workspace\PilotixFOC_Measurement\Inc\speed_torq_ctrl.h
2026-09-04 11:54:45,715 DEBUG [LineInfo_to_exitCode.log_LineInfo] 2026-09-04 11:54:45,714 [INFO] CodeEngine:297 - oldGeneratedFile, C:\Users\azmib\Desktop\STM_Workspace\PilotixFOC_Measurement\Inc\mc_tasks.h_save
2026-09-04 11:54:45,760 INFO  [LineInfo_to_exitCode.log_LineInfo] Generated code: C:\Users\azmib\Desktop\STM_Workspace\PilotixFOC_Measurement\Inc\mc_tasks.h
2026-09-04 11:54:45,764 DEBUG [LineInfo_to_exitCode.log_LineInfo] 2026-09-04 11:54:45,764 [INFO] CodeEngine:297 - oldGeneratedFile, C:\Users\azmib\Desktop\STM_Workspace\PilotixFOC_Measurement\Src\pwm_common.c_save
2026-09-04 11:54:45,809 INFO  [LineInfo_to_exitCode.log_LineInfo] Generated code: C:\Users\azmib\Desktop\STM_Workspace\PilotixFOC_Measurement\Src\pwm_common.c
2026-09-04 11:54:45,813 DEBUG [LineInfo_to_exitCode.log_LineInfo] 2026-09-04 11:54:45,812 [INFO] CodeEngine:297 - oldGeneratedFile, C:\Users\azmib\Desktop\STM_Workspace\PilotixFOC_Measurement\Inc\pwm_common.h_save
2026-09-04 11:54:45,848 INFO  [LineInfo_to_exitCode.log_LineInfo] Generated code: C:\Users\azmib\Desktop\STM_Workspace\PilotixFOC_Measurement\Inc\pwm_common.h
2026-09-04 11:54:45,852 DEBUG [LineInfo_to_exitCode.log_LineInfo] 2026-09-04 11:54:45,851 [INFO] CodeEngine:297 - oldGeneratedFile, C:\Users\azmib\Desktop\STM_Workspace\PilotixFOC_Measurement\Src\mc_api.c_save
2026-09-04 11:54:45,907 INFO  [LineInfo_to_exitCode.log_LineInfo] Generated code: C:\Users\azmib\Desktop\STM_Workspace\PilotixFOC_Measurement\Src\mc_api.c
2026-09-04 11:54:45,912 DEBUG [LineInfo_to_exitCode.log_LineInfo] 2026-09-04 11:54:45,912 [INFO] CodeEngine:297 - oldGeneratedFile, C:\Users\azmib\Desktop\STM_Workspace\PilotixFOC_Measurement\Inc\mc_api.h_save
2026-09-04 11:54:45,955 INFO  [LineInfo_to_exitCode.log_LineInfo] Generated code: C:\Users\azmib\Desktop\STM_Workspace\PilotixFOC_Measurement\Inc\mc_api.h
2026-09-04 11:54:45,958 DEBUG [LineInfo_to_exitCode.log_LineInfo] 2026-09-04 11:54:45,958 [INFO] CodeEngine:297 - oldGeneratedFile, C:\Users\azmib\Desktop\STM_Workspace\PilotixFOC_Measurement\Src\mc_config.c_save
2026-09-04 11:54:46,016 INFO  [LineInfo_to_exitCode.log_LineInfo] Generated code: C:\Users\azmib\Desktop\STM_Workspace\PilotixFOC_Measurement\Src\mc_config.c
2026-09-04 11:54:46,020 DEBUG [LineInfo_to_exitCode.log_LineInfo] 2026-09-04 11:54:46,020 [INFO] CodeEngine:297 - oldGeneratedFile, C:\Users\azmib\Desktop\STM_Workspace\PilotixFOC_Measurement\Src\mc_config_common.c_save
2026-09-04 11:54:46,075 INFO  [LineInfo_to_exitCode.log_LineInfo] Generated code: C:\Users\azmib\Desktop\STM_Workspace\PilotixFOC_Measurement\Src\mc_config_common.c
2026-09-04 11:54:46,079 DEBUG [LineInfo_to_exitCode.log_LineInfo] 2026-09-04 11:54:46,079 [INFO] CodeEngine:297 - oldGeneratedFile, C:\Users\azmib\Desktop\STM_Workspace\PilotixFOC_Measurement\Inc\mc_config.h_save
2026-09-04 11:54:46,117 INFO  [LineInfo_to_exitCode.log_LineInfo] Generated code: C:\Users\azmib\Desktop\STM_Workspace\PilotixFOC_Measurement\Inc\mc_config.h
2026-09-04 11:54:46,121 DEBUG [LineInfo_to_exitCode.log_LineInfo] 2026-09-04 11:54:46,121 [INFO] CodeEngine:297 - oldGeneratedFile, C:\Users\azmib\Desktop\STM_Workspace\PilotixFOC_Measurement\Inc\mc_config_common.h_save
2026-09-04 11:54:46,158 INFO  [LineInfo_to_exitCode.log_LineInfo] Generated code: C:\Users\azmib\Desktop\STM_Workspace\PilotixFOC_Measurement\Inc\mc_config_common.h
2026-09-04 11:54:46,162 DEBUG [LineInfo_to_exitCode.log_LineInfo] 2026-09-04 11:54:46,161 [INFO] CodeEngine:297 - oldGeneratedFile, C:\Users\azmib\Desktop\STM_Workspace\PilotixFOC_Measurement\Inc\mcp_config.h_save
2026-09-04 11:54:46,199 INFO  [LineInfo_to_exitCode.log_LineInfo] Generated code: C:\Users\azmib\Desktop\STM_Workspace\PilotixFOC_Measurement\Inc\mcp_config.h
2026-09-04 11:54:46,203 DEBUG [LineInfo_to_exitCode.log_LineInfo] 2026-09-04 11:54:46,202 [INFO] CodeEngine:297 - oldGeneratedFile, C:\Users\azmib\Desktop\STM_Workspace\PilotixFOC_Measurement\Src\mcp_config.c_save
2026-09-04 11:54:46,239 INFO  [LineInfo_to_exitCode.log_LineInfo] Generated code: C:\Users\azmib\Desktop\STM_Workspace\PilotixFOC_Measurement\Src\mcp_config.c
2026-09-04 11:54:46,243 DEBUG [LineInfo_to_exitCode.log_LineInfo] 2026-09-04 11:54:46,243 [INFO] CodeEngine:297 - oldGeneratedFile, C:\Users\azmib\Desktop\STM_Workspace\PilotixFOC_Measurement\Inc\mc_stm_types.h_save
2026-09-04 11:54:46,287 INFO  [LineInfo_to_exitCode.log_LineInfo] Generated code: C:\Users\azmib\Desktop\STM_Workspace\PilotixFOC_Measurement\Inc\mc_stm_types.h
2026-09-04 11:54:46,291 DEBUG [LineInfo_to_exitCode.log_LineInfo] 2026-09-04 11:54:46,291 [INFO] CodeEngine:297 - oldGeneratedFile, C:\Users\azmib\Desktop\STM_Workspace\PilotixFOC_Measurement\Src\mc_tasks.c_save
2026-09-04 11:54:46,350 INFO  [LineInfo_to_exitCode.log_LineInfo] Generated code: C:\Users\azmib\Desktop\STM_Workspace\PilotixFOC_Measurement\Src\mc_tasks.c
2026-09-04 11:54:46,355 DEBUG [LineInfo_to_exitCode.log_LineInfo] 2026-09-04 11:54:46,353 [INFO] CodeEngine:297 - oldGeneratedFile, C:\Users\azmib\Desktop\STM_Workspace\PilotixFOC_Measurement\Src\mc_tasks_foc.c_save
2026-09-04 11:54:46,423 INFO  [LineInfo_to_exitCode.log_LineInfo] Generated code: C:\Users\azmib\Desktop\STM_Workspace\PilotixFOC_Measurement\Src\mc_tasks_foc.c
2026-09-04 11:54:46,428 DEBUG [LineInfo_to_exitCode.log_LineInfo] 2026-09-04 11:54:46,428 [INFO] CodeEngine:297 - oldGeneratedFile, C:\Users\azmib\Desktop\STM_Workspace\PilotixFOC_Measurement\Src\pwm_curr_fdbk.c_save
2026-09-04 11:54:46,469 INFO  [LineInfo_to_exitCode.log_LineInfo] Generated code: C:\Users\azmib\Desktop\STM_Workspace\PilotixFOC_Measurement\Src\pwm_curr_fdbk.c
2026-09-04 11:54:46,474 DEBUG [LineInfo_to_exitCode.log_LineInfo] 2026-09-04 11:54:46,474 [INFO] CodeEngine:297 - oldGeneratedFile, C:\Users\azmib\Desktop\STM_Workspace\PilotixFOC_Measurement\Inc\pwm_curr_fdbk.h_save
2026-09-04 11:54:46,514 INFO  [LineInfo_to_exitCode.log_LineInfo] Generated code: C:\Users\azmib\Desktop\STM_Workspace\PilotixFOC_Measurement\Inc\pwm_curr_fdbk.h
2026-09-04 11:54:46,519 DEBUG [LineInfo_to_exitCode.log_LineInfo] 2026-09-04 11:54:46,519 [INFO] CodeEngine:297 - oldGeneratedFile, C:\Users\azmib\Desktop\STM_Workspace\PilotixFOC_Measurement\Src\regular_conversion_manager.c_save
2026-09-04 11:54:46,560 INFO  [LineInfo_to_exitCode.log_LineInfo] Generated code: C:\Users\azmib\Desktop\STM_Workspace\PilotixFOC_Measurement\Src\regular_conversion_manager.c
2026-09-04 11:54:46,567 DEBUG [LineInfo_to_exitCode.log_LineInfo] 2026-09-04 11:54:46,567 [INFO] CodeEngine:297 - oldGeneratedFile, C:\Users\azmib\Desktop\STM_Workspace\PilotixFOC_Measurement\Inc\regular_conversion_manager.h_save
2026-09-04 11:54:46,603 INFO  [LineInfo_to_exitCode.log_LineInfo] Generated code: C:\Users\azmib\Desktop\STM_Workspace\PilotixFOC_Measurement\Inc\regular_conversion_manager.h
2026-09-04 11:54:46,607 DEBUG [LineInfo_to_exitCode.log_LineInfo] 2026-09-04 11:54:46,607 [INFO] CodeEngine:297 - oldGeneratedFile, C:\Users\azmib\Desktop\STM_Workspace\PilotixFOC_Measurement\Src\mc_math.c_save
2026-09-04 11:54:46,646 INFO  [LineInfo_to_exitCode.log_LineInfo] Generated code: C:\Users\azmib\Desktop\STM_Workspace\PilotixFOC_Measurement\Src\mc_math.c
2026-09-04 11:54:46,650 DEBUG [LineInfo_to_exitCode.log_LineInfo] 2026-09-04 11:54:46,650 [INFO] CodeEngine:297 - oldGeneratedFile, C:\Users\azmib\Desktop\STM_Workspace\PilotixFOC_Measurement\Inc\mc_math.h_save
2026-09-04 11:54:46,695 INFO  [LineInfo_to_exitCode.log_LineInfo] Generated code: C:\Users\azmib\Desktop\STM_Workspace\PilotixFOC_Measurement\Inc\mc_math.h
2026-09-04 11:54:46,701 DEBUG [LineInfo_to_exitCode.log_LineInfo] 2026-09-04 11:54:46,701 [INFO] CodeEngine:297 - oldGeneratedFile, C:\Users\azmib\Desktop\STM_Workspace\PilotixFOC_Measurement\Src\mc_interface.c_save
2026-09-04 11:54:46,752 INFO  [LineInfo_to_exitCode.log_LineInfo] Generated code: C:\Users\azmib\Desktop\STM_Workspace\PilotixFOC_Measurement\Src\mc_interface.c
2026-09-04 11:54:46,757 DEBUG [LineInfo_to_exitCode.log_LineInfo] 2026-09-04 11:54:46,756 [INFO] CodeEngine:297 - oldGeneratedFile, C:\Users\azmib\Desktop\STM_Workspace\PilotixFOC_Measurement\Inc\mc_interface.h_save
2026-09-04 11:54:46,798 INFO  [LineInfo_to_exitCode.log_LineInfo] Generated code: C:\Users\azmib\Desktop\STM_Workspace\PilotixFOC_Measurement\Inc\mc_interface.h
2026-09-04 11:54:46,802 DEBUG [LineInfo_to_exitCode.log_LineInfo] 2026-09-04 11:54:46,802 [INFO] CodeEngine:297 - oldGeneratedFile, C:\Users\azmib\Desktop\STM_Workspace\PilotixFOC_Measurement\Inc\parameters_conversion.h_save
2026-09-04 11:54:46,860 INFO  [LineInfo_to_exitCode.log_LineInfo] Generated code: C:\Users\azmib\Desktop\STM_Workspace\PilotixFOC_Measurement\Inc\parameters_conversion.h
2026-09-04 11:54:46,864 DEBUG [LineInfo_to_exitCode.log_LineInfo] 2026-09-04 11:54:46,864 [INFO] CodeEngine:297 - oldGeneratedFile, C:\Users\azmib\Desktop\STM_Workspace\PilotixFOC_Measurement\Inc\parameters_conversion_g4xx.h_save
2026-09-04 11:54:46,914 INFO  [LineInfo_to_exitCode.log_LineInfo] Generated code: C:\Users\azmib\Desktop\STM_Workspace\PilotixFOC_Measurement\Inc\parameters_conversion_g4xx.h
2026-09-04 11:54:46,918 DEBUG [LineInfo_to_exitCode.log_LineInfo] 2026-09-04 11:54:46,918 [INFO] CodeEngine:297 - oldGeneratedFile, C:\Users\azmib\Desktop\STM_Workspace\PilotixFOC_Measurement\Inc\pmsm_motor_parameters.h_save
2026-09-04 11:54:46,960 INFO  [LineInfo_to_exitCode.log_LineInfo] Generated code: C:\Users\azmib\Desktop\STM_Workspace\PilotixFOC_Measurement\Inc\pmsm_motor_parameters.h
2026-09-04 11:54:46,967 DEBUG [LineInfo_to_exitCode.log_LineInfo] 2026-09-04 11:54:46,966 [INFO] CodeEngine:297 - oldGeneratedFile, C:\Users\azmib\Desktop\STM_Workspace\PilotixFOC_Measurement\Inc\power_stage_parameters.h_save
2026-09-04 11:54:47,025 INFO  [LineInfo_to_exitCode.log_LineInfo] Generated code: C:\Users\azmib\Desktop\STM_Workspace\PilotixFOC_Measurement\Inc\power_stage_parameters.h
2026-09-04 11:54:47,030 DEBUG [LineInfo_to_exitCode.log_LineInfo] 2026-09-04 11:54:47,030 [INFO] CodeEngine:297 - oldGeneratedFile, C:\Users\azmib\Desktop\STM_Workspace\PilotixFOC_Measurement\Src\stm32_mc_common_it.c_save
2026-09-04 11:54:47,097 INFO  [LineInfo_to_exitCode.log_LineInfo] Generated code: C:\Users\azmib\Desktop\STM_Workspace\PilotixFOC_Measurement\Src\stm32_mc_common_it.c
2026-09-04 11:54:47,106 DEBUG [LineInfo_to_exitCode.log_LineInfo] 2026-09-04 11:54:47,106 [INFO] CodeEngine:297 - oldGeneratedFile, C:\Users\azmib\Desktop\STM_Workspace\PilotixFOC_Measurement\Src\stm32g4xx_mc_it.c_save
2026-09-04 11:54:47,176 INFO  [LineInfo_to_exitCode.log_LineInfo] Generated code: C:\Users\azmib\Desktop\STM_Workspace\PilotixFOC_Measurement\Src\stm32g4xx_mc_it.c
2026-09-04 11:54:47,180 DEBUG [LineInfo_to_exitCode.log_LineInfo] 2026-09-04 11:54:47,180 [INFO] CodeEngine:297 - oldGeneratedFile, C:\Users\azmib\Desktop\STM_Workspace\PilotixFOC_Measurement\Inc\mc_parameters.h_save
2026-09-04 11:54:47,220 INFO  [LineInfo_to_exitCode.log_LineInfo] Generated code: C:\Users\azmib\Desktop\STM_Workspace\PilotixFOC_Measurement\Inc\mc_parameters.h
2026-09-04 11:54:47,226 DEBUG [LineInfo_to_exitCode.log_LineInfo] 2026-09-04 11:54:47,225 [INFO] CodeEngine:297 - oldGeneratedFile, C:\Users\azmib\Desktop\STM_Workspace\PilotixFOC_Measurement\Src\mc_parameters.c_save
2026-09-04 11:54:47,302 INFO  [LineInfo_to_exitCode.log_LineInfo] Generated code: C:\Users\azmib\Desktop\STM_Workspace\PilotixFOC_Measurement\Src\mc_parameters.c
2026-09-04 11:54:47,306 DEBUG [LineInfo_to_exitCode.log_LineInfo] 2026-09-04 11:54:47,306 [INFO] CodeEngine:297 - oldGeneratedFile, C:\Users\azmib\Desktop\STM_Workspace\PilotixFOC_Measurement\Src\hf_registers.c_save
2026-09-04 11:54:47,347 INFO  [LineInfo_to_exitCode.log_LineInfo] Generated code: C:\Users\azmib\Desktop\STM_Workspace\PilotixFOC_Measurement\Src\hf_registers.c
2026-09-04 11:54:47,351 DEBUG [LineInfo_to_exitCode.log_LineInfo] 2026-09-04 11:54:47,350 [INFO] CodeEngine:297 - oldGeneratedFile, C:\Users\azmib\Desktop\STM_Workspace\PilotixFOC_Measurement\Src\sync_registers.c_save
2026-09-04 11:54:47,403 INFO  [LineInfo_to_exitCode.log_LineInfo] Generated code: C:\Users\azmib\Desktop\STM_Workspace\PilotixFOC_Measurement\Src\sync_registers.c
2026-09-04 11:54:47,407 DEBUG [LineInfo_to_exitCode.log_LineInfo] 2026-09-04 11:54:47,407 [INFO] CodeEngine:297 - oldGeneratedFile, C:\Users\azmib\Desktop\STM_Workspace\PilotixFOC_Measurement\Src\mcp.c_save
2026-09-04 11:54:47,444 INFO  [LineInfo_to_exitCode.log_LineInfo] Generated code: C:\Users\azmib\Desktop\STM_Workspace\PilotixFOC_Measurement\Src\mcp.c
2026-09-04 11:54:47,448 DEBUG [LineInfo_to_exitCode.log_LineInfo] 2026-09-04 11:54:47,448 [INFO] CodeEngine:297 - oldGeneratedFile, C:\Users\azmib\Desktop\STM_Workspace\PilotixFOC_Measurement\Inc\mc_perf.h_save
2026-09-04 11:54:47,483 INFO  [LineInfo_to_exitCode.log_LineInfo] Generated code: C:\Users\azmib\Desktop\STM_Workspace\PilotixFOC_Measurement\Inc\mc_perf.h
2026-09-04 11:54:47,486 DEBUG [LineInfo_to_exitCode.log_LineInfo] 2026-09-04 11:54:47,486 [INFO] CodeEngine:297 - oldGeneratedFile, C:\Users\azmib\Desktop\STM_Workspace\PilotixFOC_Measurement\Src\mc_perf.c_save
2026-09-04 11:54:47,525 INFO  [LineInfo_to_exitCode.log_LineInfo] Generated code: C:\Users\azmib\Desktop\STM_Workspace\PilotixFOC_Measurement\Src\mc_perf.c
2026-09-04 11:54:47,528 DEBUG [LineInfo_to_exitCode.log_LineInfo] 2026-09-04 11:54:47,528 [INFO] CodeEngine:297 - oldGeneratedFile, C:\Users\azmib\Desktop\STM_Workspace\PilotixFOC_Measurement\Inc\register_interface.h_save
2026-09-04 11:54:47,568 INFO  [LineInfo_to_exitCode.log_LineInfo] Generated code: C:\Users\azmib\Desktop\STM_Workspace\PilotixFOC_Measurement\Inc\register_interface.h
2026-09-04 11:54:47,572 DEBUG [LineInfo_to_exitCode.log_LineInfo] 2026-09-04 11:54:47,572 [INFO] CodeEngine:297 - oldGeneratedFile, C:\Users\azmib\Desktop\STM_Workspace\PilotixFOC_Measurement\Src\usart_aspep_driver.c_save
2026-09-04 11:54:47,610 INFO  [LineInfo_to_exitCode.log_LineInfo] Generated code: C:\Users\azmib\Desktop\STM_Workspace\PilotixFOC_Measurement\Src\usart_aspep_driver.c
2026-09-04 11:54:47,614 DEBUG [LineInfo_to_exitCode.log_LineInfo] 2026-09-04 11:54:47,614 [INFO] CodeEngine:297 - oldGeneratedFile, C:\Users\azmib\Desktop\STM_Workspace\PilotixFOC_Measurement\Src\mc_configuration_registers.c_save
2026-09-04 11:54:47,654 INFO  [LineInfo_to_exitCode.log_LineInfo] Generated code: C:\Users\azmib\Desktop\STM_Workspace\PilotixFOC_Measurement\Src\mc_configuration_registers.c
2026-09-04 11:54:47,658 DEBUG [LineInfo_to_exitCode.log_LineInfo] 2026-09-04 11:54:47,657 [INFO] CodeEngine:297 - oldGeneratedFile, C:\Users\azmib\Desktop\STM_Workspace\PilotixFOC_Measurement\Inc\mc_configuration_registers.h_save
2026-09-04 11:54:47,699 INFO  [LineInfo_to_exitCode.log_LineInfo] Generated code: C:\Users\azmib\Desktop\STM_Workspace\PilotixFOC_Measurement\Inc\mc_configuration_registers.h
2026-09-04 11:54:47,703 DEBUG [LineInfo_to_exitCode.log_LineInfo] 2026-09-04 11:54:47,702 [INFO] CodeEngine:297 - oldGeneratedFile, C:\Users\azmib\Desktop\STM_Workspace\PilotixFOC_Measurement\Inc\aspep.h_save
2026-09-04 11:54:47,738 INFO  [LineInfo_to_exitCode.log_LineInfo] Generated code: C:\Users\azmib\Desktop\STM_Workspace\PilotixFOC_Measurement\Inc\aspep.h
2026-09-04 11:54:47,741 DEBUG [LineInfo_to_exitCode.log_LineInfo] 2026-09-04 11:54:47,741 [INFO] CodeEngine:297 - oldGeneratedFile, C:\Users\azmib\Desktop\STM_Workspace\PilotixFOC_Measurement\Src\aspep.c_save
2026-09-04 11:54:47,783 INFO  [LineInfo_to_exitCode.log_LineInfo] Generated code: C:\Users\azmib\Desktop\STM_Workspace\PilotixFOC_Measurement\Src\aspep.c
2026-09-04 11:54:47,787 DEBUG [LineInfo_to_exitCode.log_LineInfo] 2026-09-04 11:54:47,787 [INFO] CodeEngine:297 - oldGeneratedFile, C:\Users\azmib\Desktop\STM_Workspace\PilotixFOC_Measurement\Inc\mc_app_hooks.h_save
2026-09-04 11:54:47,821 INFO  [LineInfo_to_exitCode.log_LineInfo] Generated code: C:\Users\azmib\Desktop\STM_Workspace\PilotixFOC_Measurement\Inc\mc_app_hooks.h
2026-09-04 11:54:47,824 DEBUG [LineInfo_to_exitCode.log_LineInfo] 2026-09-04 11:54:47,824 [INFO] CodeEngine:297 - oldGeneratedFile, C:\Users\azmib\Desktop\STM_Workspace\PilotixFOC_Measurement\Src\mc_app_hooks.c_save
2026-09-04 11:54:47,863 INFO  [LineInfo_to_exitCode.log_LineInfo] Generated code: C:\Users\azmib\Desktop\STM_Workspace\PilotixFOC_Measurement\Src\mc_app_hooks.c
2026-09-04 11:54:47,874 DEBUG [LineInfo_to_exitCode.log_LineInfo] 2026-09-04 11:54:47,874 [INFO] CodeEngine:297 - oldGeneratedFile, C:\Users\azmib\Desktop\STM_Workspace\PilotixFOC_Measurement\Src\stm32g4xx_it.c_save
2026-09-04 11:54:47,922 INFO  [LineInfo_to_exitCode.log_LineInfo] Generated code: C:\Users\azmib\Desktop\STM_Workspace\PilotixFOC_Measurement\Src\stm32g4xx_it.c
2026-09-04 11:54:47,926 DEBUG [LineInfo_to_exitCode.log_LineInfo] 2026-09-04 11:54:47,926 [INFO] CodeEngine:297 - oldGeneratedFile, C:\Users\azmib\Desktop\STM_Workspace\PilotixFOC_Measurement\Inc\stm32g4xx_it.h_save
2026-09-04 11:54:47,961 INFO  [LineInfo_to_exitCode.log_LineInfo] Generated code: C:\Users\azmib\Desktop\STM_Workspace\PilotixFOC_Measurement\Inc\stm32g4xx_it.h
2026-09-04 11:54:47,973 DEBUG [LineInfo_to_exitCode.log_LineInfo] 2026-09-04 11:54:47,973 [INFO] CodeEngine:297 - oldGeneratedFile, C:\Users\azmib\Desktop\STM_Workspace\PilotixFOC_Measurement\Src\stm32g4xx_hal_msp.c_save
2026-09-04 11:54:48,039 INFO  [LineInfo_to_exitCode.log_LineInfo] Generated code: C:\Users\azmib\Desktop\STM_Workspace\PilotixFOC_Measurement\Src\stm32g4xx_hal_msp.c
2026-09-04 11:54:48,043 DEBUG [LineInfo_to_exitCode.log_LineInfo] 2026-09-04 11:54:48,042 [INFO] CodeEngine:297 - oldGeneratedFile, C:\Users\azmib\Desktop\STM_Workspace\PilotixFOC_Measurement\MXTmpFiles\system.tmp_save
2026-09-04 11:54:48,077 DEBUG [LineInfo_to_exitCode.log_LineInfo] 2026-09-04 11:54:48,077 [INFO] CodeEngine:321 - Generated code: C:\Users\azmib\Desktop\STM_Workspace\PilotixFOC_Measurement\MXTmpFiles\system.tmp
2026-09-04 11:54:48,088 DEBUG [LineInfo_to_exitCode.log_LineInfo] 2026-09-04 11:54:48,087 [INFO] CodeEngine:353 - oldGeneratedFile, C:\Users\azmib\Desktop\STM_Workspace\PilotixFOC_Measurement\Inc\stm32g4xx_hal_conf.h_save
2026-09-04 11:54:48,124 INFO  [LineInfo_to_exitCode.log_LineInfo] Generated code: C:\Users\azmib\Desktop\STM_Workspace\PilotixFOC_Measurement\Inc\stm32g4xx_hal_conf.h
2026-09-04 11:54:48,145 DEBUG [LineInfo_to_exitCode.log_LineInfo] 2026-09-04 11:54:48,145 [INFO] ApiDbMcu:530 - Load IP Config File for ADC1
2026-09-04 11:54:48,147 DEBUG [LineInfo_to_exitCode.log_LineInfo] 2026-09-04 11:54:48,147 [INFO] ApiDbMcu:530 - Load IP Config File for ADC2
2026-09-04 11:54:48,149 DEBUG [LineInfo_to_exitCode.log_LineInfo] 2026-09-04 11:54:48,148 [INFO] ApiDbMcu:530 - Load IP Config File for CORDIC
2026-09-04 11:54:48,157 DEBUG [LineInfo_to_exitCode.log_LineInfo] 2026-09-04 11:54:48,157 [INFO] ApiDbMcu:530 - Load IP Config File for TIM1
2026-09-04 11:54:48,164 DEBUG [LineInfo_to_exitCode.log_LineInfo] 2026-09-04 11:54:48,163 [INFO] ApiDbMcu:530 - Load IP Config File for USART2
2026-09-04 11:54:48,165 DEBUG [LineInfo_to_exitCode.log_LineInfo] 2026-09-04 11:54:48,165 [INFO] ApiDbMcu:530 - Load IP Config File for RCC
2026-09-04 11:54:48,177 DEBUG [LineInfo_to_exitCode.log_LineInfo] 2026-09-04 11:54:48,176 [INFO] CodeEngine:297 - oldGeneratedFile, C:\Users\azmib\Desktop\STM_Workspace\PilotixFOC_Measurement\Inc\main.h_save
2026-09-04 11:54:48,220 INFO  [LineInfo_to_exitCode.log_LineInfo] Generated code: C:\Users\azmib\Desktop\STM_Workspace\PilotixFOC_Measurement\Inc\main.h
2026-09-04 11:54:48,223 DEBUG [LineInfo_to_exitCode.log_LineInfo] 2026-09-04 11:54:48,223 [INFO] CodeEngine:297 - oldGeneratedFile, C:\Users\azmib\Desktop\STM_Workspace\PilotixFOC_Measurement\Src\main.c_save
2026-09-04 11:54:48,308 INFO  [LineInfo_to_exitCode.log_LineInfo] Generated code: C:\Users\azmib\Desktop\STM_Workspace\PilotixFOC_Measurement\Src\main.c
2026-09-04 11:54:48,716 DEBUG [LineInfo_to_exitCode.log_LineInfo] 2026-09-04 11:54:48,716 [INFO] ProjectBuilder:3738 - Time for Copy HAL[0] : 282mS.
2026-09-04 11:54:48,723 DEBUG [LineInfo_to_exitCode.log_LineInfo] 2026-09-04 11:54:48,722 [INFO] ProjectBuilder:5348 - Project Generator version: 4.10.0-B28
2026-09-04 11:54:48,767 DEBUG [LineInfo_to_exitCode.log_LineInfo] 2026-09-04 11:54:48,767 [INFO] ConfigFileManager:1614 - The Die is : DIE468
2026-09-04 11:54:48,769 DEBUG [LineInfo_to_exitCode.log_LineInfo] 2026-09-04 11:54:48,769 [INFO] ApiDbMcu:530 - Load IP Config File for FATFS
2026-09-04 11:54:48,771 DEBUG [LineInfo_to_exitCode.log_LineInfo] 2026-09-04 11:54:48,771 [INFO] ApiDbMcu:530 - Load IP Config File for FREERTOS
2026-09-04 11:54:48,775 DEBUG [LineInfo_to_exitCode.log_LineInfo] 2026-09-04 11:54:48,775 [INFO] ApiDbMcu:530 - Load IP Config File for USBPD
2026-09-04 11:54:48,778 DEBUG [LineInfo_to_exitCode.log_LineInfo] 2026-09-04 11:54:48,778 [INFO] ApiDbMcu:530 - Load IP Config File for USB_DEVICE
2026-09-04 11:54:52,858 DEBUG [LineInfo_to_exitCode.log_LineInfo] 2026-09-04 11:54:52,857 [INFO] ConfigFileManager:3225 - mx.scratch is deleted!
2026-09-04 11:54:52,858 DEBUG [LineInfo_to_exitCode.log_LineInfo] 2026-09-04 11:54:52,858 [INFO] ProjectBuilder:5636 - Time for Generating toolchain IDE Files: 4136mS.
2026-09-04 11:54:53,723 DEBUG [LineInfo_to_exitCode.log_LineInfo] 2026-09-04 11:54:53,723 [INFO] ProjectBuilder:3589 - Time for Copy CMSIS : 865mS.
2026-09-04 11:54:53,941 DEBUG [LineInfo_to_exitCode.log_LineInfo] 2026-09-04 11:54:53,941 [INFO] ProjectBuilder:3589 - Time for Copy CMSIS : 217mS.
2026-09-04 11:54:53,950 DEBUG [LineInfo_to_exitCode.log_LineInfo] 2026-09-04 11:54:53,949 [INFO] MainFileManager:752 - Exiting application...
2026-09-04 11:54:53,950 DEBUG [LineInfo_to_exitCode.log_LineInfo] 2026-09-04 11:54:53,949 [INFO] MainFileManager:780 - Starting shutdown procedure: hiding main window.
2026-09-04 11:54:53,951 DEBUG [LineInfo_to_exitCode.log_LineInfo] 2026-09-04 11:54:53,951 [INFO] MainFileManager:829 - Proxy status is invalid, do not check for advertisement updates
2026-09-04 11:54:53,951 DEBUG [LineInfo_to_exitCode.log_LineInfo] 2026-09-04 11:54:53,951 [INFO] ApplicationProperties:184 - Using Application install path: C:\Users\azmib\AppData\Local\Programs\STM32CubeMX
2026-09-04 11:54:53,951 DEBUG [LineInfo_to_exitCode.log_LineInfo] 2026-09-04 11:54:53,951 [INFO] ApplicationProperties:184 - Using Application install path: C:\Users\azmib\AppData\Local\Programs\STM32CubeMX
2026-09-04 11:54:54,057 DEBUG [LineInfo_to_exitCode.log_LineInfo] 2026-09-04 11:54:54,057 [INFO] MainFileManager:851 - No tmpupd_list.txt file found, skipping TMPUPD cleanup on exit.
2026-09-04 12:54:15,393 DEBUG [IOCDialogController.lambda$onClose$8] IOCGenerationDialog exists with return code 0
