time;USER_CPU_Load;USER_SPEED_AVR;USER_SPEED_MEAS;USER_SPEED_REF;
116,423;2,114819288253784;1723,673095703125;1752,568603515625;1716;
116,424;2,124504327774048;1702,31787109375;1567,486328125;1716;
116,425;2,1092207431793213;1737,6866455078125;1838,3212890625;1716;
116,426;2,835139036178589;1722,746826171875;1752,568603515625;1716;
116,427;2,1929004192352295;1722,1300048828125;1618,1185302734375;1716;
116,428;2,1176555156707764;1731,7421875;1646,934326171875;1716;
116,429;2,185724973678589;1719,052001953125;1658,29248046875;1716;
116,43;2,1103973388671875;1720,281982421875;1770,63623046875;1716;
116,431;2,1638357639312744;1714,150146484375;1722,4384765625;1716;
116,432;2,198023796081543;1706,2437744140625;1624,678466796875;1716;
116,433;2,7970035076141357;1741,777587890625;1789,08056640625;1716;
116,434;2,1233279705047607;1706,849365234375;1598,7528076171875;1716;
116,435;2,178422451019287;1728,9404296875;1887,381591796875;1716;
116,436;2,1650123596191406;1718,437744140625;1775,8671875;1716;
116,437;2,1483747959136963;1722,746826171875;1667,4925537109375;1716;
116,438;2,8210418224334717;1732,365966796875;1672,130859375;1716;
116,439;2,1807103157043457;1719,3592529296875;1669,8084716796875;1716;
116,44;2,1038007736206055;1718,130859375;1762,8475341796875;1716;
116,441;2,1577630043029785;1712,928955078125;1717,517333984375;1716;
116,442;2,1679916381835938;1712,6239013671875;1688,5703125;1716;
116,443;2,8949766159057617;1726,7677001953125;1681,4854736328125;1716;
116,444;2,1772165298461914;1716,597412109375;1712,6240234375;1716;
116,445;2,121356964111328;1728,319091796875;1835,5145263671875;1716;
116,446;2,1516902446746826;1717,823974609375;1752,568603515625;1716;
116,447;2,1668150424957275;1712,01416015625;1816,1058349609375;1716;
116,448;2,1111130714416504;1726,457763671875;1742,40869140625;1716;
116,449;2,17334246635437;1716,597412109375;1705,3363037109375;1716;
116,45;2,11419677734375;1743,040283203125;1827,14599609375;1716;
116,451;2,1528666019439697;1724,9095458984375;1744,9376220703125;1716;
116,452;2,1668150424957275;1712,01416015625;1676,7950439453125;1716;
116,453;2,829446792602539;1726,7677001953125;1676,7950439453125;1716;
116,454;2,1722311973571777;1713,2340087890625;1715,067138671875;1716;
116,455;2,11419677734375;1728,008544921875;1838,3212890625;1716;
116,456;2,1577630043029785;1718,130859375;1752,568603515625;1716;
116,457;2,1679916381835938;1712,319091796875;1669,8084716796875;1716;
116,458;2,8210418224334717;1726,457763671875;1672,130859375;1716;
116,459;2,219290018081665;1694,8187255859375;1717,517333984375;1716;
116,46;2,0980098247528076;1717,21044921875;1838,3212890625;1716;
116,461;2,1516902446746826;1712,01416015625;1752,568603515625;1716;
116,462;2,2130212783813477;1728,008544921875;1681,4854736328125;1716;
116,463;2,1366941928863525;1734,86572265625;1679,136962890625;1716;
116,464;2,1332547664642334;1716,2911376953125;1715,067138671875;1716;
116,465;2,8211159706115723;1729,2513427734375;1838,3212890625;1716;
116,466;2,2215540409088135;1718,437744140625;1752,568603515625;1716;
116,467;2,1668150424957275;1712,6239013671875;1816,1058349609375;1716;
116,468;2,111701250076294;1726,7677001953125;1742,40869140625;1716;
116,469;2,1224143505096436;1709,579833984375;1695,715087890625;1716;
116,47;2,8126814365386963;1743,040283203125;1827,14599609375;1716;
116,471;2,2140872478485107;1725,218994140625;1747,473876953125;1716;
116,472;2,1495511531829834;1703,82568359375;1742,40869140625;1716;
116,473;2,1176555156707764;1722,4383544921875;1707,7586669921875;1716;
116,474;2,1212377548217773;1710,4918212890625;1715,067138671875;1716;
116,475;2,1543402671813965;1743,040283203125;1838,3212890625;1716;
116,476;2,2352356910705566;1720,589599609375;1674,459716796875;1716;
116,477;2,172961950302124;1713,8447265625;1672,130859375;1716;
116,478;2,124785900115967;1727,6982421875;1674,459716796875;1716;
116,479;2,127246141433716;1712,319091796875;1712,6240234375;1716;
116,48;2,8126814365386963;1726,457763671875;1835,5145263671875;1716;
116,481;2,2237725257873535;1716,904052734375;1752,568603515625;1716;
116,482;2,7942655086517334;1712,01416015625;1672,130859375;1716;
116,483;2,1176555156707764;1726,7677001953125;1674,459716796875;1716;
116,484;2,128422737121582;1712,319091796875;1715,067138671875;1716;
116,485;2,815622568130493;1726,7677001953125;1838,3212890625;1716;
116,486;2,2225961685180664;1717,21044921875;1752,568603515625;1716;
116,487;2,149620294570923;1712,319091796875;1816,1058349609375;1716;
116,488;2,111701250076294;1726,7677001953125;1742,40869140625;1716;
116,489;2,1212377548217773;1709,8837890625;1698,1102294921875;1716;
116,49;2,8138577938079834;1743,040283203125;1827,14599609375;1716;
116,491;2,2225961685180664;1716,597412109375;1676,7950439453125;1716;
116,492;2,1484439373016357;1712,01416015625;1818,8533935546875;1716;
116,493;2,1750574111938477;1744,3046875;1899,30810546875;1716;
116,494;2,1212377548217773;1711,1004638671875;1768,032470703125;1716;
116,495;2,150810956954956;1743,9884033203125;1866,8665771484375;1716;
116,496;2,1741385459899902;1698,7100830078125;1667,4925537109375;1716;
116,497;2,7958121299743652;1719,974365234375;1672,130859375;1716;
116,498;2,1862242221832275;1748,4268798828125;1816,1058349609375;1716;
116,499;2,128422737121582;1713,2340087890625;1789,08056640625;1716;
116,5;2,150810956954956;1727,6982421875;1878,5345458984375;1716;
116,501;2,172961950302124;1699,610595703125;1665,182861328125;1716;
116,502;2,1313726902008057;1720,8974609375;1667,4925537109375;1716;
116,503;2,1772165298461914;1717,5172119140625;1622,48583984375;1716;
116,504;2,127246141433716;1696,0140380859375;1651,4588623046875;1716;
116,505;2,151987314224243;1718,437744140625;1799,7935791015625;1716;
116,506;2,172961950302124;1699,610595703125;1698,1102294921875;1716;
116,507;2,7958121299743652;1720,8974609375;1829,9271240234375;1716;
116,508;2,1935722827911377;1731,430419921875;1750,017578125;1716;
116,509;2,1332547664642334;1714,76123046875;1698,1102294921875;1716;
116,51;2,1423614025115967;1728,008544921875;1683,8404541015625;1716;
116,511;2,1802852153778076;1717,5172119140625;1676,7950439453125;1716;
116,512;2,8864099979400635;1712,6239013671875;1676,7950439453125;1716;
116,513;2,183378219604492;1718,437744140625;1752,568603515625;1716;
116,514;2,128422737121582;1696,0140380859375;1586,09765625;1716;
116,515;2,150810956954956;1718,7447509765625;1760,2666015625;1716;
116,516;2,172961950302124;1716,904052734375;1705,3363037109375;1716;
116,517;2,11287784576416;1712,01416015625;1835,5145263671875;1716;
116,518;2,189539670944214;1720,8974609375;1712,6240234375;1716;
116,519;2,8182058334350586;1714,150146484375;1695,715087890625;1716;
116,52;2,151987314224243;1745,571044921875;1827,14599609375;1716;
116,521;2,2294325828552246;1699,910888671875;1555,319580078125;1716;
116,522;2,7958121299743652;1703,82568359375;1744,9376220703125;1716;
116,523;2,188319444656372;1714,150146484375;1752,568603515625;1716;
116,524;2,1212377548217773;1693,923095703125;1586,09765625;1716;
116,525;2,231761932373047;1735,1788330078125;1760,2666015625;1716;
116,526;2,186432123184204;1704,127685546875;1581,923828125;1716;
116,527;2,7940473556518555;1705,638671875;1760,2666015625;1716;
116,528;2,1452717781066895;1721,8216552734375;1747,473876953125;1716;
116,529;2,1159956455230713;1714,4556884765625;1712,6240234375;1716;
116,53;2,231761932373047;1745,254150390625;1835,5145263671875;1716;
116,531;2,185255765914917;1703,52392578125;1553,3101806640625;1716;
116,532;2,7969884872436523;1705,336181640625;1739,8873291015625;1716;
116,533;2,127246141433716;1713,8447265625;1752,568603515625;1716;
116,534;2,1029305458068848;1693,3267822265625;1586,09765625;1716;
116,535;2,232938528060913;1733,927490234375;1760,2666015625;1716;
116,536;2,185255765914917;1703,52392578125;1581,923828125;1716;
116,537;2,093839168548584;1705,336181640625;1760,2666015625;1716;
116,538;2,1464481353759766;1721,8216552734375;1747,473876953125;1716;
116,539;2,8182058334350586;1714,4556884765625;1861,0867919921875;1716;
116,54;2,1569230556488037;1727,6982421875;1760,2666015625;1716;
116,541;2,1802852153778076;1701,41455078125;1596,6295166015625;1716;
116,542;2,0968334674835205;1721,513427734375;1827,14599609375;1716;
116,543;2,127246141433716;1729,873291015625;1747,473876953125;1716;
116,544;2,1219398975372314;1701,41455078125;1712,6240234375;1716;
116,545;2,2254323959350586;1738,31494140625;1835,5145263671875;1716;
116,546;2,1791088581085205;1702,0166015625;1567,486328125;1716;
116,547;2,095015525817871;1721,8216552734375;1752,568603515625;1716;
116,548;2,1452717781066895;1721,8216552734375;1752,568603515625;1716;
116,549;2,114819288253784;1697,5107421875;1715,067138671875;1716;
116,55;2,2266087532043457;1736,7454833984375;1838,3212890625;1716;
116,551;2,1791088581085205;1702,31787109375;1567,486328125;1716;
116,552;2,093839168548584;1722,1300048828125;1750,017578125;1716;
116,553;2,1464481353759766;1722,1300048828125;1752,568603515625;1716;
116,554;2,8182058334350586;1697,5107421875;1712,6240234375;1716;
116,555;2,218341827392578;1736,431884765625;1835,5145263671875;1716;
116,556;2,1802852153778076;1702,0166015625;1690,9451904296875;1716;
116,557;2,082519054412842;1721,8216552734375;1827,14599609375;1716;
116,558;2,139263153076172;1719,666748046875;1734,865966796875;1716;
116,559;2,886869430541992;1713,2340087890625;1705,3363037109375;1716;
116,56;2,216923713684082;1732,053955078125;1869,7698974609375;1716;
116,561;2,1663014888763428;1702,619140625;1631,291748046875;1716;
116,562;2,0896496772766113;1722,4383544921875;1791,7467041015625;1716;
116,563;2,127246141433716;1730,495849609375;1672,130859375;1716;
116,564;2,78462553024292;1702,0166015625;1674,459716796875;1716;
116,565;2,2181003093719482;1714,76123046875;1732,3660888671875;1716;
116,566;2,16066837310791;1693,6248779296875;1575,7039794921875;1716;
116,567;2,093839168548584;1717,5172119140625;1757,693115234375;1716;
116,568;2,1344311237335205;1731,430419921875;1686,2020263671875;1716;
116,569;2,8098106384277344;1702,0166015625;1681,4854736328125;1716;
116,57;2,2043237686157227;1727,6982421875;1807,912841796875;1716;
116,571;2,16747784614563;1700,21142578125;1605,1563720703125;1716;
116,572;2,099792957305908;1704,4295654296875;1640,19384765625;1716;
116,573;2,1332547664642334;1732,9903564453125;1750,017578125;1716;
116,574;2,7941970825195312;1703,22216796875;1712,6240234375;1716;
116,575;2,198023796081543;1742,40869140625;1797,103271484375;1716;
116,576;2,8949766159057617;1707,15234375;1732,3660888671875;1716;
116,577;2,0896496772766113;1707,455322265625;1702,9207763671875;1716;
116,578;2,127246141433716;1729,873291015625;1732,3660888671875;1716;
116,579;2,133472204208374;1718,437744140625;1702,9207763671875;1716;
116,58;2,19920015335083;1742,093017578125;1802,4918212890625;1716;
116,581;2,8949766159057617;1707,15234375;1734,865966796875;1716;
116,582;2,093839168548584;1707,455322265625;1705,3363037109375;1716;
116,583;2,1343047618865967;1713,539306640625;1603,01611328125;1716;
116,584;2,793020486831665;1710,4918212890625;1637,959228515625;1716;
116,585;2,1545214653015137;1742,40869140625;1841,1363525390625;1716;
116,586;2,896152973175049;1707,15234375;1752,568603515625;1716;
116,587;2,11419677734375;1726,7677001953125;1791,7467041015625;1716;
116,588;2,1332547664642334;1717,21044921875;1600,881591796875;1716;
116,589;2,7941970825195312;1712,319091796875;1637,959228515625;1716;
116,59;2,1545214653015137;1742,093017578125;1841,1363525390625;1716;
116,591;2,1785058975219727;1690,350830078125;1620,29931640625;1716;
116,592;2,1688859462738037;1715,9849853515625;1783,7716064453125;1716;
116,593;2,1332547664642334;1717,21044921875;1698,1102294921875;1716;
116,594;2,127399444580078;1712,01416015625;1686,2020263671875;1716;
116,595;2,1741385459899902;1713,8447265625;1681,4854736328125;1716;
116,596;2,7957825660705566;1710,187744140625;1674,459716796875;1716;
116,597;2,1677095890045166;1708,97216796875;1674,459716796875;1716;
116,598;2,1344311237335205;1717,21044921875;1618,1185302734375;1716;
116,599;2,133472204208374;1712,319091796875;1786,4219970703125;1716;
116,6;2,172961950302124;1733,614990234375;1724,90966796875;1716;
116,601;2,8053343296051025;1702,920654296875;1695,715087890625;1716;
116,602;2,176158905029297;1723,0556640625;1824,3734130859375;1716;
116,603;2,114819288253784;1717,823974609375;1747,473876953125;1716;
116,604;2,140721321105957;1712,928955078125;1712,6240234375;1716;
116,605;2,16066837310791;1743,672119140625;1818,8533935546875;1716;
116,606;2,8041579723358154;1707,758544921875;1609,4539794921875;1716;
116,607;2,177335262298584;1727,07763671875;1878,5345458984375;1716;
116,608;2,114819288253784;1717,5172119140625;1633,50830078125;1716;
116,609;2,118619203567505;1733,614990234375;1773,2479248046875;1716;
116,61;2,2417261600494385;1737,372802734375;1722,4384765625;1716;
116,611;2,8041579723358154;1704,4295654296875;1695,715087890625;1716;
116,612;2,176158905029297;1726,457763671875;1821,609130859375;1716;
116,613;2,1159956455230713;1716,904052734375;1744,9376220703125;1716;
116,614;2,13954496383667;1712,01416015625;1710,1878662109375;1716;
116,615;2,16066837310791;1743,672119140625;1821,609130859375;1716;
116,616;2,8053343296051025;1708,061767578125;1609,4539794921875;1716;
116,617;2,176158905029297;1727,6982421875;1881,4742431640625;1716;
116,618;2,835139036178589;1717,823974609375;1633,50830078125;1716;
116,619;2,117018699645996;1712,6239013671875;1794,4210205078125;1716;
116,62;2,185255765914917;1738,000732421875;1722,4384765625;1716;
116,621;2,117354154586792;1704,731689453125;1695,715087890625;1716;
116,622;2,17592716217041;1726,457763671875;1821,609130859375;1716;
116,623;2,892115592956543;1716,597412109375;1609,4539794921875;1716;
116,624;2,188926935195923;1711,70947265625;1781,1290283203125;1716;
116,625;2,1433374881744385;1741,14697265625;1802,4918212890625;1716;
116,626;2,117354154586792;1689,7568359375;1605,1563720703125;1716;
116,627;2,1212377548217773;1727,6982421875;1881,4742431640625;1716;
116,628;2,910477638244629;1717,823974609375;1633,50830078125;1716;
116,629;2,18322491645813;1712,928955078125;1794,4210205078125;1716;
116,63;2,1484439373016357;1747,156494140625;1797,103271484375;1716;
116,631;2,8053343296051025;1692,1351318359375;1603,01611328125;1716;
116,632;2,1212377548217773;1726,457763671875;1881,4742431640625;1716;
116,633;2,909301280975342;1716,597412109375;1633,50830078125;1716;
116,634;2,184401512145996;1712,01416015625;1794,4210205078125;1716;
116,635;2,8126370906829834;1746,839111328125;1797,103271484375;1716;
116,636;2,117354154586792;1692,1351318359375;1603,01611328125;1716;
116,637;2,1224143505096436;1726,457763671875;1881,4742431640625;1716;
116,638;2,909301280975342;1716,597412109375;1633,50830078125;1716;
116,639;2,18322491645813;1712,01416015625;1794,4210205078125;1716;
116,64;2,149620294570923;1728,9404296875;1656,0084228515625;1716;
116,641;2,117354154586792;1700,511962890625;1662,8797607421875;1716;
116,642;2,1038007736206055;1717,823974609375;1765,4361572265625;1716;
116,643;2,1589393615722656;1712,6239013671875;1719,974365234375;1716;
116,644;2,2106237411499023;1709,8837890625;1700,51220703125;1716;
116,645;2,1423614025115967;1727,387939453125;1681,4854736328125;1716;
116,646;2,124504327774048;1700,21142578125;1553,3101806640625;1716;
116,647;2,127246141433716;1729,2513427734375;1920,54638671875;1716;
116,648;2,9007084369659424;1718,130859375;1646,934326171875;1716;
116,649;2,19920015335083;1724,600341796875;1770,63623046875;1716;
116,65;2,8210418224334717;1733,302490234375;1722,4384765625;1716;
116,651;2,111380100250244;1685,906494140625;1569,53271484375;1716;
116,652;2,1049771308898926;1735,1788330078125;1835,5145263671875;1716;
116,653;2,835139036178589;1721,513427734375;1752,568603515625;1716;
116,654;2,1917238235473633;1714,150146484375;1863,9722900390625;1716;
116,655;2,822218179702759;1731,7421875;1786,4219970703125;1716;
116,656;2,201507329940796;1712,319091796875;1843,960205078125;1716;
116,657;2,1212377548217773;1709,8837890625;1752,568603515625;1716;
116,658;2,1650123596191406;1726,14794921875;1710,1878662109375;1716;
116,659;2,1917238235473633;1722,746826171875;1773,2479248046875;1716;
116,66;2,8210418224334717;1732,365966796875;1722,4384765625;1716;
116,661;2,1304781436920166;1702,0166015625;1569,53271484375;1716;
116,662;2,1092207431793213;1738,9434814453125;1835,5145263671875;1716;
116,663;2,1577630043029785;1722,746826171875;1752,568603515625;1716;
116,664;2,1929004192352295;1721,513427734375;1750,017578125;1716;
116,665;2,8210418224334717;1731,430419921875;1712,6240234375;1716;
116,666;2,185724973678589;1701,715576171875;1565,4454345703125;1716;
116,667;2,1103973388671875;1736,431884765625;1838,3212890625;1716;
116,668;2,1577630043029785;1721,513427734375;1752,568603515625;1716;
116,669;2,1917238235473633;1721,513427734375;1747,473876953125;1716;
116,67;2,8858156204223633;1731,118896484375;1710,1878662109375;1716;
116,671;2,185724973678589;1701,41455078125;1565,4454345703125;1716;
116,672;2,102229118347168;1735,8050537109375;1838,3212890625;1716;
116,673;2,1589393615722656;1721,513427734375;1752,568603515625;1716;
116,674;2,209902286529541;1721,8216552734375;1747,473876953125;1716;
116,675;2,886403799057007;1731,430419921875;1710,1878662109375;1716;
116,676;2,186901569366455;1701,41455078125;1565,4454345703125;1716;
116,677;2,102229118347168;1735,8050537109375;1838,3212890625;1716;
116,678;2,1577630043029785;1721,20556640625;1752,568603515625;1716;
116,679;2,1495511531829834;1721,513427734375;1750,017578125;1716;
116,68;2,886403799057007;1731,430419921875;1712,6240234375;1716;
116,681;2,185724973678589;1701,715576171875;1565,4454345703125;1716;
116,682;2,1057584285736084;1736,431884765625;1838,3212890625;1716;
116,683;2,1577630043029785;1721,513427734375;1752,568603515625;1716;
116,684;2,1483747959136963;1721,513427734375;1747,473876953125;1716;
116,685;2,887580156326294;1731,118896484375;1710,1878662109375;1716;
116,686;2,185724973678589;1701,715576171875;1569,53271484375;1716;
116,687;2,102229118347168;1735,8050537109375;1835,5145263671875;1716;
116,688;2,2215540409088135;1721,513427734375;1752,568603515625;1716;
116,689;2,1483747959136963;1721,8216552734375;1752,568603515625;1716;
116,69;2,886403799057007;1731,430419921875;1712,6240234375;1716;
116,691;2,1344311237335205;1697,211181640625;1586,09765625;1716;
116,692;2,793015480041504;1736,431884765625;1760,2666015625;1716;
116,693;2,226667642593384;1721,8216552734375;1717,517333984375;1716;
116,694;2,155697822570801;1705,638671875;1757,693115234375;1716;
116,695;2,129563808441162;1723,0556640625;1715,067138671875;1716;
116,696;2,1332547664642334;1714,150146484375;1712,6240234375;1716;
116,697;2,8138577938079834;1744,62109375;1835,5145263671875;1716;
116,698;2,226667642593384;1725,838134765625;1752,568603515625;1716;
116,699;2,1604037284851074;1705,336181640625;1742,40869140625;1716;
116,7;2,11287784576416;1723,0556640625;1707,7586669921875;1716;
116,701;2,1212377548217773;1693,0286865234375;1586,09765625;1716;
116,702;2,787965774536133;1733,927490234375;1760,2666015625;1716;
116,703;2,292008399963379;1720,281982421875;1588,1929931640625;1716;
116,704;2,16066837310791;1709,8837890625;1658,29248046875;1716;
116,705;2,1414718627929688;1725,838134765625;1667,4925537109375;1716;
116,706;2,1344311237335205;1700,21142578125;1592,4000244140625;1716;
116,707;2,7958121299743652;1720,589599609375;1765,4361572265625;1716;
116,708;2,2203774452209473;1713,8447265625;1715,067138671875;1716;
116,709;2,149620294570923;1713,2340087890625;1835,5145263671875;1716;
116,71;2,129563808441162;1727,387939453125;1752,568603515625;1716;
116,711;2,1332547664642334;1714,4556884765625;1841,1363525390625;1716;
116,712;2,151987314224243;1745,571044921875;1908,3525390625;1716;
116,713;2,169908285140991;1726,457763671875;1646,934326171875;1716;
116,714;2,1362786293029785;1723,982177734375;1633,50830078125;1716;
116,715;2,1069235801696777;1732,67822265625;1791,7467041015625;1716;
116,716;2,1212377548217773;1708,668701171875;1838,3212890625;1716;
116,717;2,150810956954956;1724,9095458984375;1905,3282470703125;1716;
116,718;2,2215540409088135;1733,927490234375;1783,7716064453125;1716;
116,719;2,1301963329315186;1721,513427734375;1734,865966796875;1716;
116,72;2,1800527572631836;1731,7421875;1705,3363037109375;1716;
116,721;2,128422737121582;1694,52001953125;1715,067138671875;1716;
116,722;2,8295505046844482;1735,1788330078125;1838,3212890625;1716;
116,723;2,1791088581085205;1702,619140625;1567,486328125;1716;
116,724;2,1313726902008057;1722,1300048828125;1750,017578125;1716;
116,725;2,1923956871032715;1732,053955078125;1712,6240234375;1716;
116,726;2,1332547664642334;1697,810546875;1715,067138671875;1716;
116,727;2,1642117500305176;1736,7454833984375;1838,3212890625;1716;
116,728;2,1791088581085205;1702,31787109375;1567,486328125;1716;
116,729;2,1301963329315186;1722,1300048828125;1752,568603515625;1716;
116,73;2,1935722827911377;1731,7421875;1712,6240234375;1716;
116,731;2,1332547664642334;1697,5107421875;1715,067138671875;1716;
116,732;2,8295505046844482;1719,052001953125;1690,9451904296875;1716;
116,733;2,1802852153778076;1702,619140625;1629,081298828125;1716;
116,734;2,7958121299743652;1722,4383544921875;1789,08056640625;1716;
116,735;2,1923956871032715;1732,053955078125;1729,8734130859375;1716;
116,736;2,1344311237335205;1697,211181640625;1644,681396484375;1716;
116,737;2,1630351543426514;1736,431884765625;1797,103271484375;1716;
116,738;2,1791088581085205;1702,619140625;1710,1878662109375;1716;
116,739;2,1313726902008057;1705,638671875;1690,9451904296875;1716;
116,74;2,1772165298461914;1716,2911376953125;1732,3660888671875;1716;
116,741;2,127246141433716;1712,01416015625;1705,3363037109375;1716;
116,742;2,1642117500305176;1726,457763671875;1688,5703125;1716;
116,743;2,197549343109131;1716,904052734375;1633,50830078125;1716;
116,744;2,124701738357544;1717,5172119140625;1789,08056640625;1716;
116,745;2,1722311973571777;1729,562255859375;1693,326904296875;1716;
116,746;2,139263153076172;1702,0166015625;1688,5703125;1716;
116,747;2,169147491455078;1720,8974609375;1676,7950439453125;1716;
116,748;2,1679916381835938;1695,715087890625;1590,2938232421875;1716;
116,749;2,124701738357544;1718,7447509765625;1631,291748046875;1716;
116,75;2,1923956871032715;1730,1845703125;1791,7467041015625;1716;
116,751;2,1344311237335205;1698,7100830078125;1791,7467041015625;1716;
116,752;2,1446986198425293;1720,281982421875;1881,4742431640625;1716;
116,753;2,1914024353027344;1690,350830078125;1600,881591796875;1716;
116,754;2,780707597732544;1716,2911376953125;1635,730712890625;1716;
116,755;2,1800527572631836;1729,2513427734375;1656,0084228515625;1716;
116,756;2,127246141433716;1712,01416015625;1722,4384765625;1716;
116,757;2,1642117500305176;1726,457763671875;1841,1363525390625;1716;
116,758;2,1791088581085205;1702,0166015625;1551,305908203125;1716;
116,759;2,1301963329315186;1705,0338134765625;1739,8873291015625;1716;
116,76;2,1722311973571777;1723,3642578125;1752,568603515625;1716;
116,761;2,1212377548217773;1693,3267822265625;1712,6240234375;1716;
116,762;2,159275770187378;1733,927490234375;1835,5145263671875;1716;
116,763;2,1802852153778076;1701,41455078125;1567,486328125;1716;
116,764;2,1301963329315186;1721,513427734375;1752,568603515625;1716;
116,765;2,1923956871032715;1731,430419921875;1712,6240234375;1716;
116,766;2,1344311237335205;1697,5107421875;1715,067138671875;1716;
116,767;2,1630351543426514;1736,7454833984375;1838,3212890625;1716;
116,768;2,1791088581085205;1702,31787109375;1690,9451904296875;1716;
116,769;2,7969884872436523;1722,1300048828125;1827,14599609375;1716;
116,77;2,1862242221832275;1731,7421875;1747,473876953125;1716;
116,771;2,1092207431793213;1704,731689453125;1640,19384765625;1716;
116,772;2,1642117500305176;1740,516845703125;1794,4210205078125;1716;
116,773;2,1791088581085205;1702,31787109375;1710,1878662109375;1716;
116,774;2,7958121299743652;1722,1300048828125;1835,5145263671875;1716;
116,775;2,1812291145324707;1714,76123046875;1752,568603515625;1716;
116,776;2,127246141433716;1711,70947265625;1739,8873291015625;1716;
116,777;2,1569230556488037;1726,14794921875;1702,9207763671875;1716;
116,778;2,1618447303771973;1709,579833984375;1569,53271484375;1716;
116,779;2,886798858642578;1725,838134765625;1752,568603515625;1716;
116,78;2,1800527572631836;1733,614990234375;1861,0867919921875;1716;
116,781;2,1224143505096436;1694,2216796875;1755,127197265625;1716;
116,782;2,1630351543426514;1717,21044921875;1710,1878662109375;1716;
116,783;2,16066837310791;1694,2216796875;1700,51220703125;1716;
116,784;2,78914213180542;1718,130859375;1688,5703125;1716;
116,785;2,1176555156707764;1729,873291015625;1824,3734130859375;1716;
116,786;2,127246141433716;1712,319091796875;1783,7716064453125;1716;
116,787;2,1642117500305176;1727,07763671875;1724,90966796875;1716;
116,788;2,1791088581085205;1702,619140625;1698,1102294921875;1716;
116,789;2,1057472229003906;1722,4383544921875;1683,8404541015625;1716;
116,79;2,1812291145324707;1714,76123046875;1679,136962890625;1716;
116,791;2,108874797821045;1712,319091796875;1710,1878662109375;1716;
116,792;2,150810956954956;1726,457763671875;1835,5145263671875;1716;
116,793;2,1925787925720215;1707,455322265625;1609,4539794921875;1716;
116,794;2,8126814365386963;1707,455322265625;1640,19384765625;1716;
116,795;2,1332547664642334;1717,21044921875;1635,730712890625;1716;
116,796;2,110051393508911;1712,6239013671875;1797,103271484375;1716;
116,797;2,1569230556488037;1727,07763671875;1884,42333984375;1716;
116,798;2,1791088581085205;1684,4300537109375;1543,3402099609375;1716;
116,799;2,8465898036956787;1712,928955078125;1734,865966796875;1716;
116,8;2,127246141433716;1712,928955078125;1755,127197265625;1716;
116,801;2,1029305458068848;1693,6248779296875;1717,517333984375;1716;
116,802;2,1783928871154785;1734,552978515625;1838,3212890625;1716;
116,803;2,1791088581085205;1701,715576171875;1567,486328125;1716;
116,804;2,7958121299743652;1721,513427734375;1750,017578125;1716;
116,805;2,1464481353759766;1721,513427734375;1752,568603515625;1716;
116,806;2,114819288253784;1697,810546875;1715,067138671875;1716;
116,807;2,2254323959350586;1736,7454833984375;1838,3212890625;1716;
116,808;2,1802852153778076;1702,31787109375;1567,486328125;1716;
116,809;2,7958121299743652;1722,1300048828125;1752,568603515625;1716;
116,81;2,1452717781066895;1731,7421875;1620,29931640625;1716;
116,811;2,7941970825195312;1689,163330078125;1649,1934814453125;1716;
116,812;2,2254323959350586;1732,365966796875;1799,7935791015625;1716;
116,813;2,1791088581085205;1702,31787109375;1707,7586669921875;1716;
116,814;2,8054232597351074;1722,1300048828125;1832,716552734375;1716;
116,815;2,151280164718628;1706,54638671875;1603,01611328125;1716;
116,816;2,0969862937927246;1706,849365234375;1640,19384765625;1716;
116,817;2,2266087532043457;1723,673095703125;1656,0084228515625;1716;
116,818;2,16066837310791;1693,923095703125;1584,0079345703125;1716;
116,819;2,8126814365386963;1717,823974609375;1762,8475341796875;1716;
116,82;2,1344311237335205;1733,927490234375;1686,2020263671875;1716;
116,821;2,1267077922821045;1703,22216796875;1681,4854736328125;1716;
116,822;2,1423614025115967;1722,4383544921875;1821,609130859375;1716;
116,823;2,1741385459899902;1699,910888671875;1734,865966796875;1716;
116,824;2,787965774536133;1704,127685546875;1705,3363037109375;1716;
116,825;2,127246141433716;1713,2340087890625;1603,01611328125;1716;
116,826;2,104107141494751;1710,796142578125;1775,8671875;1716;
116,827;2,219102621078491;1726,14794921875;1719,974365234375;1716;
116,828;2,1791088581085205;1701,113525390625;1700,51220703125;1716;
116,829;2,8138577938079834;1721,8216552734375;1686,2020263671875;1716;
116,83;2,1332547664642334;1717,823974609375;1611,611328125;1716;
116,831;2,108874797821045;1712,6239013671875;1781,1290283203125;1716;
116,832;2,2076199054718018;1726,7677001953125;1875,6038818359375;1716;
116,833;2,172961950302124;1697,810546875;1665,182861328125;1716;
116,834;2,088473081588745;1719,974365234375;1810,6357421875;1716;
116,835;2,128422737121582;1712,928955078125;1719,974365234375;1716;
116,836;2,1029305458068848;1710,4918212890625;1846,792724609375;1716;
116,837;2,1446986198425293;1725,838134765625;1752,568603515625;1716;
116,838;2,1741385459899902;1698,409912109375;1598,7528076171875;1716;
116,839;2,787965774536133;1719,974365234375;1768,032470703125;1716;
116,84;2,127246141433716;1729,873291015625;1747,473876953125;1716;
116,841;2,1219398975372314;1701,41455078125;1712,6240234375;1716;
116,842;2,2254323959350586;1738,31494140625;1835,5145263671875;1716;
116,843;2,1791088581085205;1702,0166015625;1567,486328125;1716;
116,844;2,7969884872436523;1721,8216552734375;1750,017578125;1716;
116,845;2,1452717781066895;1722,1300048828125;1752,568603515625;1716;
116,846;2,114819288253784;1697,810546875;1715,067138671875;1716;
116,847;2,2266087532043457;1736,7454833984375;1838,3212890625;1716;
116,848;2,1791088581085205;1702,31787109375;1567,486328125;1716;
116,849;2,093839168548584;1722,1300048828125;1752,568603515625;1716;
116,85;2,1464481353759766;1721,8216552734375;1752,568603515625;1716;
116,851;2,114819288253784;1697,5107421875;1715,067138671875;1716;
116,852;2,216923713684082;1736,7454833984375;1838,3212890625;1716;
116,853;2,1802852153778076;1702,31787109375;1690,9451904296875;1716;
116,854;2,7795310020446777;1722,1300048828125;1824,3734130859375;1716;
116,855;2,139263153076172;1702,920654296875;1605,1563720703125;1716;
116,856;2,785801887512207;1705,0338134765625;1640,19384765625;1716;
116,857;2,216923713684082;1732,053955078125;1752,568603515625;1716;
116,858;2,1791088581085205;1702,31787109375;1710,1878662109375;1716;
116,859;2,1009695529937744;1722,1300048828125;1838,3212890625;1716;
116,86;2,1332547664642334;1715,6788330078125;1805,1982421875;1716;
116,861;2,145617723464966;1711,405029296875;1739,8873291015625;1716;
116,862;2,2118000984191895;1726,14794921875;1702,9207763671875;1716;
116,863;2,1663014888763428;1718,437744140625;1631,291748046875;1716;
116,864;2,099792957305908;1713,2340087890625;1653,7305908203125;1716;
116,865;2,1344311237335205;1715,6788330078125;1611,611328125;1716;
116,866;2,78462553024292;1694,8187255859375;1642,4345703125;1716;
116,867;2,198023796081543;1740,831787109375;1838,3212890625;1716;
116,868;2,179682493209839;1706,2437744140625;1618,1185302734375;1716;
116,869;2,111701250076294;1706,849365234375;1646,934326171875;1716;
116,87;2,139263153076172;1718,7447509765625;1615,943603515625;1716;
116,871;2,8109869956970215;1696,313232421875;1783,7716064453125;1716;
116,872;2,219102621078491;1718,437744140625;1722,4384765625;1716;
116,873;2,1663014888763428;1700,511962890625;1698,1102294921875;1716;
116,874;2,1069235801696777;1720,8974609375;1686,2020263671875;1716;
116,875;2,1332547664642334;1716,597412109375;1611,611328125;1716;
116,876;2,890986919403076;1711,70947265625;1778,494140625;1716;
116,877;2,19920015335083;1740,831787109375;1802,4918212890625;1716;
116,878;2,1785058975219727;1689,4599609375;1605,1563720703125;1716;
116,879;2,088473081588745;1715,6788330078125;1775,8671875;1716;
116,88;2,128422737121582;1713,539306640625;1737,3729248046875;1716;
116,881;2,78462553024292;1710,796142578125;1705,3363037109375;1716;
116,882;2,201324224472046;1743,9884033203125;1832,716552734375;1716;
116,883;2,16747784614563;1702,619140625;1555,319580078125;1716;
116,884;2,093839168548584;1705,336181640625;1744,9376220703125;1716;
116,885;2,1932547092437744;1714,4556884765625;1752,568603515625;1716;
116,886;2,785801887512207;1711,1004638671875;1861,0867919921875;1716;
116,887;2,216923713684082;1731,430419921875;1786,4219970703125;1716;
116,888;2,1663014888763428;1702,31787109375;1598,7528076171875;1716;
116,889;2,0896496772766113;1722,1300048828125;1770,63623046875;1716;
116,89;2,127246141433716;1730,495849609375;1747,473876953125;1716;
116,891;2,78462553024292;1701,715576171875;1710,1878662109375;1716;
116,892;2,1741385459899902;1732,053955078125;1715,067138671875;1716;
116,893;2,1663014888763428;1702,619140625;1569,53271484375;1716;
116,894;2,093839168548584;1722,4383544921875;1752,568603515625;1716;
116,895;2,1464481353759766;1705,336181640625;1620,29931640625;1716;
116,896;2,127399444580078;1705,941162109375;1783,7716064453125;1716;
116,897;2,216923713684082;1731,7421875;1824,3734130859375;1716;
116,898;2,16747784614563;1702,31787109375;1613,774658203125;1716;
116,899;2,1677095890045166;1722,1300048828125;1781,1290283203125;1716;
116,9;2,1332547664642334;1717,21044921875;1613,774658203125;1716;
116,901;2,125779151916504;1695,416259765625;1644,681396484375;1716;
116,902;2,172961950302124;1732,053955078125;1750,017578125;1716;
116,903;2,1663014888763428;1702,619140625;1710,1878662109375;1716;
116,904;2,1627144813537598;1722,746826171875;1838,3212890625;1716;
116,905;2,1332547664642334;1716,2911376953125;1662,8797607421875;1716;
116,906;2,793020486831665;1712,01416015625;1669,8084716796875;1716;
116,907;2,1741385459899902;1714,76123046875;1734,865966796875;1716;
116,908;2,1706390380859375;1693,3267822265625;1575,7039794921875;1716;
116,909;2,1615381240844727;1717,5172119140625;1757,693115234375;1716;
116,91;2,1159956455230713;1732,365966796875;1835,5145263671875;1716;
116,911;2,80141544342041;1702,920654296875;1755,127197265625;1716;
116,912;2,172961950302124;1734,552978515625;1863,9722900390625;1716;
116,913;2,887580156326294;1703,82568359375;1629,081298828125;1716;
116,914;2,1497833728790283;1723,3642578125;1789,08056640625;1716;
116,915;2,108874797821045;1729,873291015625;1838,3212890625;1716;
116,916;2,7779948711395264;1718,437744140625;1755,127197265625;1716;
116,917;2,185255765914917;1720,8974609375;1715,067138671875;1716;
116,918;2,812533140182495;1713,8447265625;1690,9451904296875;1716;
116,919;2,1649329662323;1711,1004638671875;1683,8404541015625;1716;
116,92;2,127246141433716;1713,2340087890625;1611,611328125;1716;
116,921;2,145617723464966;1710,187744140625;1642,4345703125;1716;
116,922;2,1618447303771973;1744,9376220703125;1841,1363525390625;1716;
116,923;2,152331829071045;1691,242431640625;1618,1185302734375;1716;
116,924;2,176158905029297;1727,07763671875;1722,4384765625;1716;
116,925;2,1159956455230713;1717,5172119140625;1698,1102294921875;1716;
116,926;2,127399444580078;1712,319091796875;1686,2020263671875;1716;
116,927;2,172961950302124;1731,7421875;1827,14599609375;1716;
116,928;2,8053343296051025;1719,052001953125;1744,9376220703125;1716;
116,929;2,1677095890045166;1713,2340087890625;1710,1878662109375;1716;
116,93;2,826714277267456;1716,904052734375;1600,881591796875;1716;
116,931;2,120304584503174;1712,01416015625;1775,8671875;1716;
116,932;2,1668150424957275;1729,2513427734375;1727,3880615234375;1716;
116,933;2,8041579723358154;1700,812744140625;1698,1102294921875;1716;
116,934;2,177335262298584;1721,513427734375;1821,609130859375;1716;
116,935;2,826714277267456;1716,904052734375;1611,611328125;1716;
116,936;2,127399444580078;1711,70947265625;1781,1290283203125;1716;
116,937;2,1741385459899902;1731,430419921875;1724,90966796875;1716;
116,938;2,8041579723358154;1701,715576171875;1698,1102294921875;1716;
116,939;2,176158905029297;1726,7677001953125;1821,609130859375;1716;
116,94;2,1159956455230713;1717,21044921875;1611,611328125;1716;
116,941;2,127399444580078;1712,01416015625;1781,1290283203125;1716;
116,942;2,172961950302124;1731,430419921875;1724,90966796875;1716;
116,943;2,8053343296051025;1701,41455078125;1695,715087890625;1716;
116,944;2,230276584625244;1727,07763671875;1824,3734130859375;1716;
116,945;2,1267077922821045;1717,5172119140625;1611,611328125;1716;
116,946;2,215263843536377;1712,6239013671875;1642,4345703125;1716;
116,947;2,1988320350646973;1745,8876953125;1841,1363525390625;1716;
116,948;2,8041579723358154;1691,539794921875;1620,29931640625;1716;
116,949;2,1224143505096436;1726,457763671875;1719,974365234375;1716;
116,95;2,826714277267456;1716,904052734375;1698,1102294921875;1716;
116,951;2,188926935195923;1712,01416015625;1688,5703125;1716;
116,952;2,822218179702759;1731,430419921875;1827,14599609375;1716;
116,953;2,8041579723358154;1718,7447509765625;1744,9376220703125;1716;
116,954;2,1212377548217773;1726,7677001953125;1797,103271484375;1716;
116,955;2,910477638244629;1717,21044921875;1600,881591796875;1716;
116,956;2,201507329940796;1712,928955078125;1637,959228515625;1716;
116,957;2,1423614025115967;1743,672119140625;1843,960205078125;1716;
116,958;2,118530511856079;1707,758544921875;1752,568603515625;1716;
116,959;2,1212377548217773;1727,07763671875;1791,7467041015625;1716;
116,96;2,9007084369659424;1716,904052734375;1598,7528076171875;1716;
116,961;2,1808884143829346;1712,01416015625;1773,2479248046875;1716;
116,962;2,1484439373016357;1728,319091796875;1727,3880615234375;1716;
116,963;2,117354154586792;1700,21142578125;1698,1102294921875;1716;
116,964;2,1224143505096436;1726,457763671875;1821,609130859375;1716;
116,965;2,837491989135742;1716,597412109375;1609,4539794921875;1716;
116,966;2,2077972888946533;1711,70947265625;1642,4345703125;1716;
116,967;2,143537759780884;1745,254150390625;1841,1363525390625;1716;
116,968;2,117354154586792;1708,061767578125;1752,568603515625;1716;
116,969;2,1212377548217773;1726,457763671875;1791,7467041015625;1716;
116,97;2,9018850326538086;1716,597412109375;1598,7528076171875;1716;
116,971;2,1952171325683594;1712,01416015625;1635,730712890625;1716;
116,972;2,7958269119262695;1742,40869140625;1843,960205078125;1716;
116,973;2,118530511856079;1690,350830078125;1620,29931640625;1716;
116,974;2,1212377548217773;1727,07763671875;1719,974365234375;1716;
116,975;2,835139036178589;1717,21044921875;1698,1102294921875;1716;
116,976;2,1929004192352295;1712,319091796875;1688,5703125;1716;
116,977;2,8210418224334717;1731,118896484375;1824,3734130859375;1716;
116,978;2,1795337200164795;1718,7447509765625;1747,473876953125;1716;
116,979;2,1224143505096436;1726,14794921875;1797,103271484375;1716;
116,98;2,1785058975219727;1708,061767578125;1750,017578125;1716;
116,981;2,16066837310791;1708,061767578125;1710,1878662109375;1716;
116,982;2,805408477783203;1742,724365234375;1841,1363525390625;1716;
116,983;2,117354154586792;1690,350830078125;1620,29931640625;1716;
116,984;2,1212377548217773;1726,457763671875;1719,974365234375;1716;
116,985;2,1589393615722656;1716,904052734375;1698,1102294921875;1716;
116,986;2,1483747959136963;1720,8974609375;1683,8404541015625;1716;
116,987;2,819277048110962;1730,80712890625;1821,609130859375;1716;
116,988;2,1807103157043457;1718,437744140625;1744,9376220703125;1716;
116,989;2,11419677734375;1725,838134765625;1797,103271484375;1716;
116,99;2,169908285140991;1716,2911376953125;1603,01611328125;1716;
116,991;2,1439924240112305;1716,597412109375;1781,1290283203125;1716;
116,992;2,8210418224334717;1729,2513427734375;1727,3880615234375;1716;
116,993;2,1795337200164795;1701,113525390625;1700,51220703125;1716;
116,994;2,115373134613037;1726,7677001953125;1821,609130859375;1716;
116,995;2,1577630043029785;1716,904052734375;1611,611328125;1716;
116,996;2,7692432403564453;1722,1300048828125;1778,494140625;1716;
116,997;2,822218179702759;1731,7421875;1724,90966796875;1716;
116,998;2,1795337200164795;1702,31787109375;1698,1102294921875;1716;
116,999;2,11419677734375;1727,07763671875;1824,3734130859375;1716;
117;2,2215540409088135;1717,21044921875;1613,774658203125;1716;
117,001;2,1483747959136963;1722,4383544921875;1778,494140625;1716;
117,002;2,8210418224334717;1732,053955078125;1724,90966796875;1716;
117,003;2,2281136512756348;1702,619140625;1688,5703125;1716;
117,004;2,11419677734375;1726,7677001953125;1821,609130859375;1716;
117,005;2,2203774452209473;1716,904052734375;1611,611328125;1716;
117,006;2,1495511531829834;1722,1300048828125;1778,494140625;1716;
117,007;2,1176555156707764;1731,7421875;1724,90966796875;1716;
117,008;2,127246141433716;1702,31787109375;1698,1102294921875;1716;
117,009;2,115373134613037;1726,7677001953125;1821,609130859375;1716;
117,01;2,2203774452209473;1716,904052734375;1611,611328125;1716;
117,011;2,1483747959136963;1722,1300048828125;1778,494140625;1716;
117,012;2,822218179702759;1731,7421875;1724,90966796875;1716;
117,013;2,127246141433716;1712,928955078125;1690,9451904296875;1716;
117,014;2,11419677734375;1727,07763671875;1824,3734130859375;1716;
117,015;2,202683687210083;1717,5172119140625;1747,473876953125;1716;
117,016;2,16066837310791;1709,2760009765625;1674,459716796875;1716;
117,017;2,1176555156707764;1742,724365234375;1816,1058349609375;1716;
117,018;2,1722311973571777;1712,01416015625;1786,4219970703125;1716;
117,019;2,881504774093628;1726,7677001953125;1727,3880615234375;1716;
117,02;2,226667642593384;1717,21044921875;1700,51220703125;1716;
117,021;2,155697822570801;1722,746826171875;1683,8404541015625;1716;
117,022;2,1800527572631836;1732,365966796875;1821,609130859375;1716;
117,023;2,127246141433716;1712,319091796875;1644,681396484375;1716;
117,024;2,8138577938079834;1726,457763671875;1797,103271484375;1716;
117,025;2,2329578399658203;1716,904052734375;1605,1563720703125;1716;
117,026;2,124701738357544;1716,904052734375;1781,1290283203125;1716;
117,027;2,1188318729400635;1729,562255859375;1727,3880615234375;1716;
117,028;2,127246141433716;1712,319091796875;1686,2020263671875;1716;
117,029;2,8295505046844482;1726,457763671875;1821,609130859375;1716;
117,03;2,2215540409088135;1716,904052734375;1613,774658203125;1716;
117,031;2,1484439373016357;1713,539306640625;1710,1878662109375;1716;
117,032;2,1176555156707764;1728,008544921875;1693,326904296875;1716;
117,033;2,128422737121582;1712,319091796875;1702,9207763671875;1716;
117,034;2,1446986198425293;1726,7677001953125;1829,9271240234375;1716;
117,035;2,185255765914917;1723,0556640625;1742,40869140625;1716;
117,036;2,155702829360962;1715,372802734375;1705,3363037109375;1716;
117,037;2,1800527572631836;1746,2047119140625;1835,5145263671875;1716;
117,038;2,127246141433716;1712,928955078125;1778,494140625;1716;
117,039;2,8222923278808594;1727,07763671875;1722,4384765625;1716;
117,04;2,1791088581085205;1701,41455078125;1698,1102294921875;1716;
117,041;2,1301963329315186;1721,513427734375;1686,2020263671875;1716;
117,042;2,1812291145324707;1714,150146484375;1681,4854736328125;1716;
117,043;2,127246141433716;1712,319091796875;1712,6240234375;1716;
117,044;2,8126814365386963;1727,07763671875;1835,5145263671875;1716;
117,045;2,1925787925720215;1707,758544921875;1609,4539794921875;1716;
117,046;2,804246664047241;1724,9095458984375;1775,8671875;1716;
117,047;2,1800527572631836;1733,302490234375;1724,90966796875;1716;
117,048;2,128422737121582;1712,319091796875;1688,5703125;1716;
117,049;2,8295505046844482;1726,7677001953125;1821,609130859375;1716;
117,05;2,16066837310791;1711,1004638671875;1676,7950439453125;1716;
117,051;2,143537759780884;1709,579833984375;1676,7950439453125;1716;
117,052;2,1800527572631836;1725,838134765625;1676,7950439453125;1716;
117,053;2,127246141433716;1713,2340087890625;1715,067138671875;1716;
117,054;2,151987314224243;1727,6982421875;1838,3212890625;1716;
117,055;2,172961950302124;1717,21044921875;1672,130859375;1716;
117,056;2,8138577938079834;1712,319091796875;1672,130859375;1716;
117,057;2,1812291145324707;1727,07763671875;1674,459716796875;1716;
117,058;2,108874797821045;1712,01416015625;1712,6240234375;1716;
117,059;2,150810956954956;1726,457763671875;1835,5145263671875;1716;
117,06;2,1741385459899902;1716,597412109375;1672,130859375;1716;
117,061;2,8126814365386963;1712,01416015625;1674,459716796875;1716;
117,062;2,1800527572631836;1726,457763671875;1674,459716796875;1716;
117,063;2,110051393508911;1711,70947265625;1712,6240234375;1716;
117,064;2,150810956954956;1726,457763671875;1835,5145263671875;1716;
117,065;2,2323737144470215;1716,597412109375;1672,130859375;1716;
117,066;2,8138577938079834;1712,01416015625;1674,459716796875;1716;
117,067;2,1332547664642334;1716,597412109375;1750,017578125;1716;
117,068;2,127246141433716;1694,52001953125;1586,09765625;1716;
117,069;2,166069746017456;1717,5172119140625;1760,2666015625;1716;
117,07;2,172961950302124;1716,2911376953125;1705,3363037109375;1716;
117,071;2,8126814365386963;1712,01416015625;1690,9451904296875;1716;
117,072;2,152456521987915;1725,218994140625;1747,473876953125;1716;
117,073;2,114819288253784;1716,2911376953125;1712,6240234375;1716;
117,074;2,212773084640503;1728,9404296875;1835,5145263671875;1716;
117,075;2,1741385459899902;1716,597412109375;1672,130859375;1716;
117,076;2,787965774536133;1712,01416015625;1816,1058349609375;1716;
117,077;2,127246141433716;1712,6239013671875;1717,517333984375;1716;
117,078;2,104107141494751;1709,579833984375;1695,715087890625;1716;
117,079;2,212773084640503;1743,040283203125;1827,14599609375;1716;
117,08;2,1914024353027344;1708,668701171875;1615,943603515625;1716;
117,081;2,8222923278808594;1708,365234375;1642,4345703125;1716;
117,082;2,139263153076172;1718,437744140625;1770,63623046875;1716;
117,083;2,108874797821045;1696,0140380859375;1594,5120849609375;1716;
117,084;2,2266087532043457;1718,130859375;1765,4361572265625;1716;
117,085;2,1791088581085205;1719,052001953125;1705,3363037109375;1716;
117,086;2,787965774536133;1713,539306640625;1835,5145263671875;1716;
117,087;2,1464481353759766;1721,20556640625;1712,6240234375;1716;
117,088;2,8946762084960938;1714,150146484375;1693,326904296875;1716;
117,089;2,212773084640503;1745,254150390625;1824,3734130859375;1716;
117,09;2,1613755226135254;1716,597412109375;1676,7950439453125;1716;
117,091;2,7958121299743652;1712,01416015625;1818,8533935546875;1716;
117,092;2,1332547664642334;1714,150146484375;1717,517333984375;1716;
117,093;2,8109869956970215;1693,923095703125;1571,5843505859375;1716;
117,094;2,212773084640503;1735,1788330078125;1752,568603515625;1716;
117,095;2,160198926925659;1717,21044921875;1710,1878662109375;1716;
117,096;2,1069235801696777;1712,319091796875;1693,326904296875;1716;
117,097;2,1572885513305664;1726,14794921875;1747,473876953125;1716;
117,098;2,8182058334350586;1716,597412109375;1861,0867919921875;1716;
117,099;2,19920015335083;1728,9404296875;1781,1290283203125;1716;
117,1;2,1724038124084473;1706,2437744140625;1596,6295166015625;1716;
117,101;2,085686206817627;1724,291259765625;1770,63623046875;1716;
117,102;2,128422737121582;1713,539306640625;1739,8873291015625;1716;
117,103;2,793020486831665;1710,796142578125;1707,7586669921875;1716;
117,104;2,216923713684082;1732,9903564453125;1829,9271240234375;1716;
117,105;2,1735801696777344;1703,22216796875;1615,943603515625;1716;
117,106;2,088473081588745;1705,638671875;1781,1290283203125;1716;
117,107;2,127246141433716;1730,80712890625;1742,40869140625;1716;
117,108;2,785801887512207;1718,7447509765625;1855,3427734375;1716;
117,109;2,2106237411499023;1730,80712890625;1791,7467041015625;1716;
117,11;2,1663014888763428;1701,715576171875;1600,881591796875;1716;
117,111;2,1069235801696777;1721,8216552734375;1637,959228515625;1716;
117,112;2,1332547664642334;1735,1788330078125;1783,7716064453125;1716;
117,113;2,0910422801971436;1703,82568359375;1727,3880615234375;1716;
117,114;2,1741385459899902;1731,430419921875;1705,3363037109375;1716;
117,115;2,1663014888763428;1702,0166015625;1565,4454345703125;1716;
117,116;2,088473081588745;1721,8216552734375;1750,017578125;1716;
117,117;2,1464481353759766;1721,20556640625;1752,568603515625;1716;
117,118;2,78462553024292;1714,150146484375;1861,0867919921875;1716;
117,119;2,172961950302124;1732,053955078125;1786,4219970703125;1716;
117,12;2,16747784614563;1702,31787109375;1598,7528076171875;1716;
117,121;2,1497833728790283;1722,1300048828125;1770,63623046875;1716;
117,122;2,108874797821045;1730,495849609375;1747,473876953125;1716;
117,123;2,785801887512207;1701,715576171875;1712,6240234375;1716;
117,124;2,172961950302124;1731,430419921875;1712,6240234375;1716;
117,125;2,160198926925659;1701,41455078125;1565,4454345703125;1716;
117,126;2,156543016433716;1721,513427734375;1750,017578125;1716;
117,127;2,1267077922821045;1721,8216552734375;1752,568603515625;1716;
117,128;2,8098106384277344;1697,211181640625;1588,1929931640625;1716;
117,129;2,1802852153778076;1736,118408203125;1747,473876953125;1716;
117,13;2,160198926925659;1703,82568359375;1579,8450927734375;1716;
117,131;2,176158905029297;1745,254150390625;1908,3525390625;1716;
117,132;2,139772415161133;1726,14794921875;1644,681396484375;1716;
117,133;2,793020486831665;1699,610595703125;1662,8797607421875;1716;
117,134;2,172961950302124;1733,302490234375;1722,4384765625;1716;
117,135;2,7969589233398438;1685,906494140625;1569,53271484375;1716;
117,136;2,1581435203552246;1735,1788330078125;1835,5145263671875;1716;
117,137;2,1267077922821045;1721,513427734375;1752,568603515625;1716;
117,138;2,146794080734253;1697,211181640625;1588,1929931640625;1716;
117,139;2,1791088581085205;1735,8050537109375;1747,473876953125;1716;
117,14;2,812533140182495;1703,82568359375;1579,8450927734375;1716;
117,141;2,177335262298584;1745,254150390625;1908,3525390625;1716;
117,142;2,1385960578918457;1726,14794921875;1783,7716064453125;1716;
117,143;2,127399444580078;1716,2911376953125;1881,4742431640625;1716;
117,144;2,226226806640625;1731,118896484375;1778,494140625;1716;
117,145;2,7957825660705566;1701,715576171875;1592,4000244140625;1716;
117,146;2,1057472229003906;1722,4383544921875;1633,50830078125;1716;
117,147;2,8110413551330566;1725,5284423828125;1712,6240234375;1716;
117,148;2,188926935195923;1716,2911376953125;1841,1363525390625;1716;
117,149;2,172961950302124;1732,365966796875;1797,103271484375;1716;
117,15;2,8137094974517822;1702,0166015625;1600,881591796875;1716;
117,151;2,127246141433716;1712,319091796875;1752,568603515625;1716;
117,152;2,8098647594451904;1727,387939453125;1710,1878662109375;1716;
117,153;2,1285760402679443;1700,511962890625;1695,715087890625;1716;
117,154;2,172961950302124;1732,365966796875;1722,4384765625;1716;
117,155;2,820908546447754;1702,0166015625;1569,53271484375;1716;
117,156;2,1103973388671875;1738,9434814453125;1835,5145263671875;1716;
117,157;2,835139036178589;1722,746826171875;1752,568603515625;1716;
117,158;2,127399444580078;1697,5107421875;1715,067138671875;1716;
117,159;2,155702829360962;1731,430419921875;1712,6240234375;1716;
117,16;2,812533140182495;1701,715576171875;1565,4454345703125;1716;
117,161;2,169808864593506;1736,431884765625;1838,3212890625;1716;
117,162;2,836315631866455;1721,8216552734375;1752,568603515625;1716;
117,163;2,188926935195923;1697,211181640625;1715,067138671875;1716;
117,164;2,154526472091675;1731,7421875;1712,6240234375;1716;
117,165;2,8137094974517822;1701,715576171875;1565,4454345703125;1716;
117,166;2,1092207431793213;1736,431884765625;1838,3212890625;1716;
117,167;2,835139036178589;1721,8216552734375;1752,568603515625;1716;
117,168;2,19010329246521;1697,211181640625;1715,067138671875;1716;
117,169;2,154526472091675;1731,7421875;1712,6240234375;1716;
117,17;2,1233279705047607;1701,715576171875;1565,4454345703125;1716;
117,171;2,1224143505096436;1727,6982421875;1762,8475341796875;1716;
117,172;2,835139036178589;1717,5172119140625;1715,067138671875;1716;
117,173;2,265444278717041;1712,319091796875;1698,1102294921875;1716;
117,174;2,16178560256958;1736,7454833984375;1688,5703125;1716;
117,175;2,1352756023406982;1704,127685546875;1555,319580078125;1716;
117,176;2,115229368209839;1722,4383544921875;1835,5145263671875;1716;
117,177;2,9018850326538086;1714,76123046875;1615,943603515625;1716;
117,178;2,1952171325683594;1693,923095703125;1646,934326171875;1716;
117,179;2,8210418224334717;1732,9903564453125;1729,8734130859375;1716;
117,18;2,124504327774048;1685,61083984375;1573,6414794921875;1716;
117,181;2,1092207431793213;1736,7454833984375;1832,716552734375;1716;
117,182;2,909301280975342;1721,8216552734375;1613,774658203125;1716;
117,183;2,2055001258850098;1725,5284423828125;1789,08056640625;1716;
117,184;2,8210418224334717;1733,302490234375;1729,8734130859375;1716;
117,185;2,1984879970550537;1685,61083984375;1573,6414794921875;1716;
117,186;2,1224143505096436;1728,319091796875;1760,2666015625;1716;
117,187;2,835139036178589;1718,130859375;1715,067138671875;1716;
117,188;2,1483747959136963;1721,8216552734375;1633,50830078125;1716;
117,189;2,822218179702759;1732,365966796875;1794,4210205078125;1716;
117,19;2,185724973678589;1702,31787109375;1600,881591796875;1716;
117,191;2,102229118347168;1720,589599609375;1827,14599609375;1716;
117,192;2,1589393615722656;1731,430419921875;1747,473876953125;1716;
117,193;2,1917238235473633;1722,1300048828125;1752,568603515625;1716;
117,194;2,886403799057007;1731,430419921875;1712,6240234375;1716;
117,195;2,186901569366455;1701,41455078125;1565,4454345703125;1716;
117,196;2,1081113815307617;1736,431884765625;1838,3212890625;1716;
117,197;2,1577630043029785;1721,513427734375;1750,017578125;1716;
117,198;2,1495511531829834;1721,513427734375;1747,473876953125;1716;
117,199;2,886403799057007;1731,118896484375;1710,1878662109375;1716;
117,2;2,185724973678589;1701,113525390625;1565,4454345703125;1716;
117,201;2,103405714035034;1735,8050537109375;1838,3212890625;1716;
117,202;2,1577630043029785;1721,513427734375;1752,568603515625;1716;
117,203;2,1483747959136963;1721,8216552734375;1750,017578125;1716;
117,204;2,887580156326294;1731,7421875;1712,6240234375;1716;
117,205;2,185724973678589;1701,715576171875;1565,4454345703125;1716;
117,206;2,102229118347168;1736,431884765625;1838,3212890625;1716;
117,207;2,2215540409088135;1721,513427734375;1752,568603515625;1716;
117,208;2,1483747959136963;1721,8216552734375;1750,017578125;1716;
117,209;2,886403799057007;1731,7421875;1712,6240234375;1716;
117,21;2,186901569366455;1702,31787109375;1567,486328125;1716;
117,211;2,102229118347168;1736,431884765625;1835,5145263671875;1716;
117,212;2,2203774452209473;1721,8216552734375;1752,568603515625;1716;
117,213;2,1495511531829834;1721,8216552734375;1752,568603515625;1716;
117,214;2,886403799057007;1731,430419921875;1712,6240234375;1716;
117,215;2,185724973678589;1702,0166015625;1567,486328125;1716;
117,216;2,103405714035034;1736,7454833984375;1838,3212890625;1716;
117,217;2,2203774452209473;1722,1300048828125;1752,568603515625;1716;
117,218;2,2066099643707275;1722,1300048828125;1618,1185302734375;1716;
117,219;2,8306233882904053;1732,053955078125;1783,7716064453125;1716;
117,22;2,1880128383636475;1702,31787109375;1596,6295166015625;1716;
117,221;2,787965774536133;1718,130859375;1827,14599609375;1716;
117,222;2,294541835784912;1729,562255859375;1613,774658203125;1716;
117,223;2,16066837310791;1726,14794921875;1789,08056640625;1716;
117,224;2,129563808441162;1733,614990234375;1729,8734130859375;1716;
117,225;2,1344311237335205;1715,6788330078125;1855,3427734375;1716;
117,226;2,8211159706115723;1728,319091796875;1757,693115234375;1716;
117,227;2,2203774452209473;1718,130859375;1715,067138671875;1716;
117,228;2,1495511531829834;1721,513427734375;1633,50830078125;1716;
117,229;2,1057472229003906;1731,430419921875;1791,7467041015625;1716;
117,23;2,1332547664642334;1716,597412109375;1841,1363525390625;1716;
117,231;2,121356964111328;1711,405029296875;1752,568603515625;1716;
117,232;2,2203774452209473;1726,7677001953125;1712,6240234375;1716;
117,233;2,1483747959136963;1722,1300048828125;1770,63623046875;1716;
117,234;2,1188318729400635;1732,053955078125;1722,4384765625;1716;
117,235;2,139263153076172;1702,0166015625;1710,1878662109375;1716;
117,236;2,8295505046844482;1738,9434814453125;1835,5145263671875;1716;
117,237;2,1874005794525146;1723,3642578125;1752,568603515625;1716;
117,238;2,1301963329315186;1722,4383544921875;1750,017578125;1716;
117,239;2,1923956871032715;1732,365966796875;1712,6240234375;1716;
117,24;2,1344311237335205;1697,810546875;1712,6240234375;1716;
117,241;2,8295505046844482;1736,431884765625;1835,5145263671875;1716;
117,242;2,1577630043029785;1721,8216552734375;1752,568603515625;1716;
117,243;2,1313726902008057;1721,8216552734375;1752,568603515625;1716;
117,244;2,1923956871032715;1731,430419921875;1712,6240234375;1716;
117,245;2,1332547664642334;1697,211181640625;1712,6240234375;1716;
117,246;2,8307268619537354;1736,431884765625;1835,5145263671875;1716;
117,247;2,1791088581085205;1702,0166015625;1567,486328125;1716;
117,248;2,1301963329315186;1721,8216552734375;1750,017578125;1716;
117,249;2,1935722827911377;1731,7421875;1712,6240234375;1716;
117,25;2,1699352264404297;1706,2437744140625;1786,4219970703125;1716;
117,251;2,8295505046844482;1723,3642578125;1724,90966796875;1716;
117,252;2,1802852153778076;1702,619140625;1613,774658203125;1716;
117,253;2,1301963329315186;1722,746826171875;1778,494140625;1716;
117,254;2,1677095890045166;1732,67822265625;1875,6038818359375;1716;
117,255;2,1344311237335205;1700,511962890625;1679,136962890625;1716;
117,256;2,1630351543426514;1720,589599609375;1674,459716796875;1716;
117,257;2,1776857376098633;1731,118896484375;1674,459716796875;1716;
117,258;2,1313726902008057;1721,8216552734375;1794,4210205078125;1716;
117,259;2,1800527572631836;1714,150146484375;1732,3660888671875;1716;
117,26;2,139263153076172;1702,31787109375;1744,9376220703125;1716;
117,261;2,8222923278808594;1721,8216552734375;1707,7586669921875;1716;
117,262;2,1791088581085205;1718,437744140625;1629,081298828125;1716;
117,263;2,1484439373016357;1713,2340087890625;1649,1934814453125;1716;
117,264;2,1812291145324707;1727,6982421875;1802,4918212890625;1716;
117,265;2,139263153076172;1703,22216796875;1712,6240234375;1716;
117,266;2,804246664047241;1722,1300048828125;1835,5145263671875;1716;
117,267;2,1925787925720215;1706,54638671875;1729,8734130859375;1716;
117,268;2,1362786293029785;1707,15234375;1700,51220703125;1716;
117,269;2,1738810539245605;1741,777587890625;1832,716552734375;1716;
117,27;2,1224143505096436;1710,187744140625;1642,4345703125;1716;
117,271;2,804246664047241;1725,5284423828125;1794,4210205078125;1716;
117,272;2,1914024353027344;1716,2911376953125;1603,01611328125;1716;
117,273;2,780707597732544;1715,6788330078125;1781,1290283203125;1716;
117,274;2,1800527572631836;1728,629638671875;1727,3880615234375;1716;
117,275;2,127246141433716;1712,319091796875;1688,5703125;1716;
117,276;2,8307268619537354;1726,457763671875;1821,609130859375;1716;
117,277;2,1791088581085205;1701,41455078125;1611,611328125;1716;
117,278;2,1301963329315186;1704,127685546875;1640,19384765625;1716;
117,279;2,1188318729400635;1739,88720703125;1797,103271484375;1716;
117,28;2,127246141433716;1712,319091796875;1797,103271484375;1716;
117,281;2,1569230556488037;1726,7677001953125;1884,42333984375;1716;
117,282;2,1802852153778076;1701,113525390625;1662,8797607421875;1716;
117,283;2,1301963329315186;1721,513427734375;1810,6357421875;1716;
117,284;2,1738810539245605;1731,430419921875;1739,8873291015625;1716;
117,285;2,104107141494751;1710,187744140625;1846,792724609375;1716;
117,286;2,1446986198425293;1743,672119140625;1911,386474609375;1716;
117,287;2,1914024353027344;1707,15234375;1598,7528076171875;1716;
117,288;2,8054232597351074;1724,9095458984375;1768,032470703125;1716;
117,289;2,1800527572631836;1733,302490234375;1719,974365234375;1716;
117,29;2,1212377548217773;1693,923095703125;1707,7586669921875;1716;
117,291;2,151987314224243;1734,552978515625;1832,716552734375;1716;
117,292;2,234402894973755;1700,812744140625;1569,53271484375;1716;
117,293;2,1954903602600098;1721,513427734375;1752,568603515625;1716;
117,294;2,14880108833313;1722,1300048828125;1752,568603515625;1716;
117,295;2,114819288253784;1697,810546875;1715,067138671875;1716;
117,296;2,8295505046844482;1719,3592529296875;1693,326904296875;1716;
117,297;2,1802852153778076;1702,31787109375;1626,876953125;1716;
117,298;2,78914213180542;1722,1300048828125;1789,08056640625;1716;
117,299;2,1710548400878906;1729,2513427734375;1674,459716796875;1716;
117,3;2,1219398975372314;1701,113525390625;1676,7950439453125;1716;
117,301;2,1630351543426514;1721,20556640625;1674,459716796875;1716;
117,302;2,184990882873535;1702,31787109375;1635,730712890625;1716;
117,303;2,1313726902008057;1705,0338134765625;1653,7305908203125;1716;
117,304;2,1332547664642334;1732,053955078125;1742,40869140625;1716;
117,305;2,1207635402679443;1702,31787109375;1707,7586669921875;1716;
117,306;2,1397628784179688;1721,513427734375;1832,716552734375;1716;
117,307;2,185255765914917;1705,941162109375;1732,3660888671875;1716;
117,308;2,787965774536133;1706,849365234375;1700,51220703125;1716;
117,309;2,11287784576416;1741,777587890625;1832,716552734375;1716;
117,31;2,1029305458068848;1710,187744140625;1640,19384765625;1716;
117,311;2,1446986198425293;1725,5284423828125;1794,4210205078125;1716;
117,312;2,1925787925720215;1690,350830078125;1618,1185302734375;1716;
117,313;2,8126814365386963;1715,9849853515625;1781,1290283203125;1716;
117,314;2,1800527572631836;1728,9404296875;1729,8734130859375;1716;
117,315;2,110051393508911;1712,6239013671875;1688,5703125;1716;
117,316;2,1630351543426514;1727,07763671875;1821,609130859375;1716;
117,317;2,1791088581085205;1702,619140625;1613,774658203125;1716;
117,318;2,8138577938079834;1705,336181640625;1642,4345703125;1716;
117,319;2,175302505493164;1740,831787109375;1797,103271484375;1716;
117,32;2,108874797821045;1696,0140380859375;1658,29248046875;1716;
117,321;2,2202792167663574;1718,437744140625;1805,1982421875;1716;
117,322;2,1791088581085205;1684,4300537109375;1571,5843505859375;1716;
117,323;2,787965774536133;1712,928955078125;1755,127197265625;1716;
117,324;2,130740165710449;1727,387939453125;1715,067138671875;1716;
117,325;2,114819288253784;1697,211181640625;1712,6240234375;1716;
117,326;2,2254323959350586;1736,7454833984375;1835,5145263671875;1716;
117,327;2,1802852153778076;1702,0166015625;1567,486328125;1716;
117,328;2,7958121299743652;1721,8216552734375;1750,017578125;1716;
117,329;2,1452717781066895;1705,0338134765625;1620,29931640625;1716;
117,33;2,098162889480591;1689,4599609375;1649,1934814453125;1716;
117,331;2,2254323959350586;1732,365966796875;1799,7935791015625;1716;
117,332;2,1791088581085205;1702,31787109375;1707,7586669921875;1716;
117,333;2,8054232597351074;1722,1300048828125;1835,5145263671875;1716;
117,334;2,193842887878418;1715,372802734375;1665,182861328125;1716;
117,335;2,108874797821045;1711,405029296875;1669,8084716796875;1716;
117,336;2,1458749771118164;1726,457763671875;1810,6357421875;1716;
117,337;2,172961950302124;1698,1102294921875;1607,30224609375;1716;
117,338;2,7795310020446777;1702,619140625;1775,8671875;1716;
117,339;2,124785900115967;1739,2578125;1724,90966796875;1716;
117,34;2,108874797821045;1696,313232421875;1662,8797607421875;1716;
117,341;2,192410469055176;1736,118408203125;1807,912841796875;1716;
117,342;2,1925787925720215;1690,64794921875;1613,774658203125;1716;
117,343;2,804246664047241;1716,597412109375;1778,494140625;1716;
117,344;2,1176555156707764;1729,562255859375;1724,90966796875;1716;
117,345;2,110051393508911;1712,6239013671875;1690,9451904296875;1716;
117,346;2,2254323959350586;1727,07763671875;1824,3734130859375;1716;
117,347;2,16066837310791;1711,1004638671875;1674,459716796875;1716;
117,348;2,78914213180542;1709,2760009765625;1816,1058349609375;1716;
117,349;2,127246141433716;1743,040283203125;1899,30810546875;1716;
117,35;2,1029305458068848;1710,187744140625;1768,032470703125;1716;
117,351;2,2076199054718018;1743,356201171875;1866,8665771484375;1716;
117,352;2,172961950302124;1698,409912109375;1667,4925537109375;1716;
117,353;2,7958121299743652;1719,974365234375;1813,3665771484375;1716;
117,354;2,128422737121582;1713,8447265625;1719,974365234375;1716;
117,355;2,1029305458068848;1693,923095703125;1698,1102294921875;1716;
117,356;2,2064435482025146;1735,1788330078125;1827,14599609375;1716;
117,357;2,1741385459899902;1698,409912109375;1569,53271484375;1716;
117,358;2,7958121299743652;1719,974365234375;1752,568603515625;1716;
117,359;2,1452717781066895;1721,8216552734375;1752,568603515625;1716;
117,36;2,1159956455230713;1697,211181640625;1712,6240234375;1716;
117,361;2,2254323959350586;1736,431884765625;1835,5145263671875;1716;
117,362;2,1791088581085205;1702,0166015625;1567,486328125;1716;
117,363;2,7969884872436523;1721,8216552734375;1750,017578125;1716;
117,364;2,1452717781066895;1722,1300048828125;1752,568603515625;1716;
117,365;2,114819288253784;1697,810546875;1715,067138671875;1716;
117,366;2,2266087532043457;1736,7454833984375;1838,3212890625;1716;
117,367;2,1791088581085205;1702,31787109375;1567,486328125;1716;
117,368;2,7958121299743652;1722,1300048828125;1752,568603515625;1716;
117,369;2,1464481353759766;1721,8216552734375;1752,568603515625;1716;
117,37;2,114819288253784;1697,5107421875;1715,067138671875;1716;
117,371;2,2254323959350586;1719,3592529296875;1693,326904296875;1716;
117,372;2,1802852153778076;1702,619140625;1629,081298828125;1716;
117,373;2,790318727493286;1722,4383544921875;1789,08056640625;1716;
117,374;2,1452717781066895;1720,8974609375;1611,611328125;1716;
117,375;2,1159956455230713;1696,911865234375;1642,4345703125;1716;
117,376;2,216923713684082;1736,118408203125;1750,017578125;1716;
117,377;2,1791088581085205;1702,0166015625;1710,1878662109375;1716;
117,378;2,1009695529937744;1721,8216552734375;1838,3212890625;1716;
117,379;2,1332547664642334;1715,372802734375;1662,8797607421875;1716;
117,38;2,0910422801971436;1711,405029296875;1669,8084716796875;1716;
117,381;2,19920015335083;1726,457763671875;1810,6357421875;1716;
117,382;2,160198926925659;1697,810546875;1607,30224609375;1716;
117,383;2,099792957305908;1719,3592529296875;1775,8671875;1716;
117,384;2,1344311237335205;1731,7421875;1824,3734130859375;1716;
117,385;2,78462553024292;1702,31787109375;1747,473876953125;1716;
117,386;2,216923713684082;1721,513427734375;1705,3363037109375;1716;
117,387;2,1802852153778076;1702,619140625;1631,291748046875;1716;
117,388;2,088473081588745;1722,4383544921875;1789,08056640625;1716;
117,389;2,127246141433716;1712,928955078125;1565,4454345703125;1716;
117,39;2,104107141494751;1709,8837890625;1750,017578125;1716;
117,391;2,231761932373047;1725,218994140625;1710,1878662109375;1716;
117,392;2,1540966033935547;1695,416259765625;1700,51220703125;1716;
117,393;2,1069235801696777;1718,130859375;1686,2020263671875;1716;
117,394;2,1332547664642334;1716,904052734375;1611,611328125;1716;
117,395;2,161630392074585;1711,70947265625;1778,494140625;1716;
117,396;2,2266087532043457;1726,14794921875;1719,974365234375;1716;
117,397;2,1663014888763428;1702,0166015625;1700,51220703125;1716;
117,398;2,8126814365386963;1722,1300048828125;1688,5703125;1716;
117,399;2,1344311237335205;1717,823974609375;1744,9376220703125;1716;
117,4;2,1029305458068848;1712,6239013671875;1710,1878662109375;1716;
117,401;2,188832998275757;1743,672119140625;1821,609130859375;1716;
117,402;2,179682493209839;1708,365234375;1611,611328125;1716;
117,403;2,1057472229003906;1708,365234375;1642,4345703125;1716;
117,404;2,139137029647827;1717,5172119140625;1633,50830078125;1716;
117,405;2,7696001529693604;1712,01416015625;1791,7467041015625;1716;
117,406;2,1668150424957275;1746,2047119140625;1797,103271484375;1716;
117,407;2,1846084594726562;1692,1351318359375;1603,01611328125;1716;
117,408;2,0896496772766113;1716,904052734375;1773,2479248046875;1716;
117,409;2,127246141433716;1712,928955078125;1605,1563720703125;1716;
117,41;2,7768185138702393;1710,187744140625;1775,8671875;1716;
117,411;2,1679916381835938;1743,356201171875;1872,682373046875;1716;
117,412;2,1663014888763428;1701,113525390625;1667,4925537109375;1716;
117,413;2,093839168548584;1721,513427734375;1813,3665771484375;1716;
117,414;2,1344311237335205;1714,150146484375;1719,974365234375;1716;
117,415;2,78462553024292;1710,796142578125;1843,960205078125;1716;
117,416;2,198023796081543;1726,457763671875;1752,568603515625;1716;
117,417;2,1613755226135254;1698,7100830078125;1600,881591796875;1716;
117,418;2,1677095890045166;1720,589599609375;1637,959228515625;1716;
117,419;2,127120018005371;1726,14794921875;1710,1878662109375;1716;
117,42;2,785801887512207;1716,904052734375;1838,3212890625;1716;
117,421;2,172961950302124;1732,053955078125;1797,103271484375;1716;
117,422;2,8938496112823486;1702,0166015625;1600,881591796875;1716;
117,423;2,156543016433716;1722,1300048828125;1773,2479248046875;1716;
117,424;2,114819288253784;1731,7421875;1747,473876953125;1716;
117,425;2,78462553024292;1702,31787109375;1712,6240234375;1716;
117,426;2,1741385459899902;1731,430419921875;1712,6240234375;1716;
117,427;2,809696912765503;1701,41455078125;1565,4454345703125;1716;
117,428;2,1553664207458496;1721,513427734375;1750,017578125;1716;
117,429;2,1278841495513916;1721,8216552734375;1752,568603515625;1716;
117,43;2,78462553024292;1697,211181640625;1715,067138671875;1716;
117,431;2,172961950302124;1731,7421875;1712,6240234375;1716;
117,432;2,1613755226135254;1701,715576171875;1565,4454345703125;1716;
117,433;2,1553664207458496;1721,8216552734375;1750,017578125;1716;
117,434;2,1267077922821045;1721,8216552734375;1752,568603515625;1716;
117,435;2,1285760402679443;1714,150146484375;1863,9722900390625;1716;
117,436;2,172961950302124;1732,053955078125;1786,4219970703125;1716;
117,437;2,1540966033935547;1702,0166015625;1596,6295166015625;1716;
117,438;2,1688859462738037;1722,4383544921875;1635,730712890625;1716;
117,439;2,826714277267456;1734,86572265625;1783,7716064453125;1716;
117,44;2,78462553024292;1703,82568359375;1729,8734130859375;1716;
117,441;2,1741385459899902;1731,7421875;1705,3363037109375;1716;
117,442;2,7957825660705566;1702,0166015625;1563,4097900390625;1716;
117,443;2,1581435203552246;1735,1788330078125;1838,3212890625;1716;
117,444;2,1278841495513916;1721,513427734375;1752,568603515625;1716;
117,445;2,2077972888946533;1714,150146484375;1712,6240234375;1716;
117,446;2,1791088581085205;1736,118408203125;1679,136962890625;1716;
117,447;2,8137094974517822;1703,82568359375;1551,305908203125;1716;
117,448;2,127246141433716;1711,70947265625;1762,8475341796875;1716;
117,449;2,9007084369659424;1709,2760009765625;1586,09765625;1716;
117,45;2,1963934898376465;1708,061767578125;1765,4361572265625;1716;
117,451;2,172961950302124;1733,302490234375;1672,130859375;1716;
117,452;2,886403799057007;1702,920654296875;1672,130859375;1716;
117,453;2,1740527153015137;1723,0556640625;1765,4361572265625;1716;
117,454;2,1267077922821045;1715,6788330078125;1719,974365234375;1716;
117,455;2,188926935195923;1711,70947265625;1846,792724609375;1716;
117,456;2,1374552249908447;1723,673095703125;1789,08056640625;1716;
117,457;2,8041579723358154;1698,1102294921875;1596,6295166015625;1716;
117,458;2,1212377548217773;1726,7677001953125;1908,3525390625;1716;
117,459;2,1219398975372314;1734,552978515625;1783,7716064453125;1716;
117,46;2,188926935195923;1703,52392578125;1729,8734130859375;1716;
117,461;2,154526472091675;1731,7421875;1705,3363037109375;1716;
117,462;2,7969589233398438;1702,0166015625;1563,4097900390625;1716;
117,463;2,1038007736206055;1735,1788330078125;1838,3212890625;1716;
117,464;2,8322930335998535;1721,513427734375;1752,568603515625;1716;
117,465;2,19010329246521;1697,211181640625;1715,067138671875;1716;
117,466;2,154526472091675;1731,7421875;1712,6240234375;1716;
117,467;2,812533140182495;1701,715576171875;1565,4454345703125;1716;
117,468;2,1103973388671875;1736,431884765625;1838,3212890625;1716;
117,469;2,909301280975342;1721,513427734375;1615,943603515625;1716;
117,47;2,201507329940796;1697,211181640625;1646,934326171875;1716;
117,471;2,155702829360962;1733,927490234375;1729,8734130859375;1716;
117,472;2,812533140182495;1685,906494140625;1573,6414794921875;1716;
117,473;2,1212377548217773;1728,008544921875;1757,693115234375;1716;
117,474;2,836315631866455;1717,823974609375;1712,6240234375;1716;
117,475;2,188926935195923;1712,319091796875;1841,1363525390625;1716;
117,476;2,154526472091675;1731,430419921875;1656,0084228515625;1716;
117,477;2,199284076690674;1718,7447509765625;1662,8797607421875;1716;
117,478;2,115229368209839;1722,4383544921875;1768,032470703125;1716;
117,479;2,892115592956543;1714,76123046875;1719,974365234375;1716;
117,48;2,1346487998962402;1710,796142578125;1846,792724609375;1716;
117,481;2,1362786293029785;1723,673095703125;1789,08056640625;1716;
117,482;2,117354154586792;1698,1102294921875;1596,6295166015625;1716;
117,483;2,1224143505096436;1709,579833984375;1752,568603515625;1716;
117,484;2,835139036178589;1725,838134765625;1710,1878662109375;1716;
117,485;2,1756346225738525;1716,597412109375;1841,1363525390625;1716;
117,486;2,155702829360962;1732,67822265625;1797,103271484375;1716;
117,487;2,185724973678589;1702,31787109375;1600,881591796875;1716;
117,488;2,127246141433716;1712,6239013671875;1752,568603515625;1716;
117,489;2,1650123596191406;1727,387939453125;1710,1878662109375;1716;
117,49;2,1917238235473633;1700,812744140625;1770,63623046875;1716;
117,491;2,8210418224334717;1732,365966796875;1722,4384765625;1716;
117,492;2,1930928230285645;1702,0166015625;1569,53271484375;1716;
117,493;2,1081113815307617;1738,9434814453125;1838,3212890625;1716;
117,494;2,1577630043029785;1723,0556640625;1752,568603515625;1716;
117,495;2,1495511531829834;1721,8216552734375;1747,473876953125;1716;
117,496;2,886403799057007;1731,430419921875;1710,1878662109375;1716;
117,497;2,185724973678589;1701,41455078125;1565,4454345703125;1716;
117,498;2,103405714035034;1735,8050537109375;1838,3212890625;1716;
117,499;2,1577630043029785;1721,20556640625;1752,568603515625;1716;
117,5;2,1483747959136963;1721,513427734375;1750,017578125;1716;
117,501;2,887580156326294;1731,430419921875;1712,6240234375;1716;
117,502;2,241607427597046;1701,715576171875;1565,4454345703125;1716;
117,503;2,102229118347168;1736,431884765625;1838,3212890625;1716;
117,504;2,2215540409088135;1721,513427734375;1752,568603515625;1716;
117,505;2,1483747959136963;1721,8216552734375;1750,017578125;1716;
117,506;2,886403799057007;1731,7421875;1712,6240234375;1716;
117,507;2,186901569366455;1702,31787109375;1567,486328125;1716;
117,508;2,102229118347168;1736,7454833984375;1838,3212890625;1716;
117,509;2,2203774452209473;1722,1300048828125;1752,568603515625;1716;
117,51;2,1495511531829834;1722,1300048828125;1750,017578125;1716;
117,511;2,886403799057007;1732,053955078125;1712,6240234375;1716;
117,512;2,185724973678589;1702,31787109375;1567,486328125;1716;
117,513;2,103405714035034;1736,431884765625;1835,5145263671875;1716;
117,514;2,2203774452209473;1721,8216552734375;1752,568603515625;1716;
117,515;2,194845199584961;1721,8216552734375;1750,017578125;1716;
117,516;2,130740165710449;1731,7421875;1712,6240234375;1716;
117,517;2,1233279705047607;1702,31787109375;1567,486328125;1716;
117,518;2,102229118347168;1736,7454833984375;1838,3212890625;1716;
117,519;2,2215540409088135;1722,1300048828125;1752,568603515625;1716;
117,52;2,1483747959136963;1722,1300048828125;1618,1185302734375;1716;
117,521;2,1236095428466797;1732,053955078125;1783,7716064453125;1716;
117,522;2,118530511856079;1702,31787109375;1596,6295166015625;1716;
117,523;2,0968334674835205;1718,130859375;1827,14599609375;1716;
117,524;2,2203774452209473;1730,1845703125;1747,473876953125;1716;
117,525;2,1495511531829834;1722,1300048828125;1755,127197265625;1716;
117,526;2,129563808441162;1732,053955078125;1715,067138671875;1716;
117,527;2,1332547664642334;1702,619140625;1569,53271484375;1716;
117,528;2,7969884872436523;1737,6866455078125;1838,3212890625;1716;
117,529;2,2289159297943115;1722,746826171875;1752,568603515625;1716;
117,53;2,1484439373016357;1730,80712890625;1681,4854736328125;1716;
117,531;2,2059152126312256;1736,431884765625;1679,136962890625;1716;
117,532;2,1914899349212646;1699,610595703125;1712,6240234375;1716;
117,533;2,804246664047241;1719,974365234375;1835,5145263671875;1716;
117,534;2,228026866912842;1714,76123046875;1688,5703125;1716;
117,535;2,1423614025115967;1728,008544921875;1824,3734130859375;1716;
117,536;2,1923956871032715;1734,552978515625;1747,473876953125;1716;
117,537;2,1344311237335205;1696,6124267578125;1571,5843505859375;1716;
117,538;2,8126814365386963;1736,118408203125;1752,568603515625;1716;
117,539;2,1577630043029785;1721,8216552734375;1712,6240234375;1716;
117,54;2,149620294570923;1712,319091796875;1838,3212890625;1716;
117,541;2,1923956871032715;1726,7677001953125;1752,568603515625;1716;
117,542;2,1332547664642334;1714,4556884765625;1695,715087890625;1716;
117,543;2,8138577938079834;1745,571044921875;1827,14599609375;1716;
117,544;2,172961950302124;1726,457763671875;1747,473876953125;1716;
117,545;2,1484439373016357;1712,319091796875;1818,8533935546875;1716;
117,546;2,1812291145324707;1727,07763671875;1744,9376220703125;1716;
117,547;2,1212377548217773;1693,923095703125;1571,5843505859375;1716;
117,548;2,8126814365386963;1735,1788330078125;1752,568603515625;1716;
117,549;2,1741385459899902;1721,513427734375;1710,1878662109375;1716;
117,55;2,1484439373016357;1712,319091796875;1690,9451904296875;1716;
117,551;2,2047388553619385;1727,07763671875;1683,8404541015625;1716;
117,552;2,1344311237335205;1716,597412109375;1710,1878662109375;1716;
117,553;2,8126814365386963;1728,9404296875;1835,5145263671875;1716;
117,554;2,172961950302124;1700,21142578125;1553,3101806640625;1716;
117,555;2,1313726902008057;1704,127685546875;1742,40869140625;1716;
117,556;2,1738810539245605;1722,746826171875;1707,7586669921875;1716;
117,557;2,1212377548217773;1693,0286865234375;1586,09765625;1716;
117,558;2,1703238487243652;1733,927490234375;1760,2666015625;1716;
117,559;2,185255765914917;1720,589599609375;1717,517333984375;1716;
117,56;2,1362786293029785;1705,336181640625;1760,2666015625;1716;
117,561;2,130740165710449;1740,831787109375;1866,8665771484375;1716;
117,562;2,1332547664642334;1697,5107421875;1646,934326171875;1716;
117,563;2,1630351543426514;1736,431884765625;1797,103271484375;1716;
117,564;2,186432123184204;1702,619140625;1700,51220703125;1716;
117,565;2,1301963329315186;1722,4383544921875;1832,716552734375;1716;
117,566;2,129563808441162;1732,365966796875;1750,017578125;1716;
117,567;2,1159956455230713;1715,372802734375;1843,960205078125;1716;
117,568;2,804246664047241;1728,629638671875;1752,568603515625;1716;
117,569;2,175903081893921;1698,409912109375;1598,7528076171875;1716;
117,57;2,129607915878296;1719,974365234375;1768,032470703125;1716;
117,571;2,127246141433716;1730,495849609375;1719,974365234375;1716;
117,572;2,1207635402679443;1701,41455078125;1712,6240234375;1716;
117,573;2,2266087532043457;1738,31494140625;1835,5145263671875;1716;
117,574;2,1791088581085205;1702,0166015625;1567,486328125;1716;
117,575;2,7958121299743652;1721,8216552734375;1752,568603515625;1716;
117,576;2,1464481353759766;1731,430419921875;1712,6240234375;1716;
117,577;2,114819288253784;1697,5107421875;1715,067138671875;1716;
117,578;2,2254323959350586;1736,7454833984375;1838,3212890625;1716;
117,579;2,1802852153778076;1702,31787109375;1567,486328125;1716;
117,58;2,7958121299743652;1722,1300048828125;1750,017578125;1716;
117,581;2,129563808441162;1732,053955078125;1712,6240234375;1716;
117,582;2,098162889480591;1689,163330078125;1646,934326171875;1716;
117,583;2,2254323959350586;1732,053955078125;1797,103271484375;1716;
117,584;2,1791088581085205;1702,0166015625;1581,923828125;1716;
117,585;2,8138577938079834;1721,8216552734375;1757,693115234375;1716;
117,586;2,1332547664642334;1731,7421875;1679,136962890625;1716;
117,587;2,108874797821045;1695,117431640625;1676,7950439453125;1716;
117,588;2,2266087532043457;1717,823974609375;1674,459716796875;1716;
117,589;2,1791088581085205;1702,619140625;1637,959228515625;1716;
117,59;2,7958121299743652;1722,4383544921875;1794,4210205078125;1716;
117,591;2,1344311237335205;1731,7421875;1813,3665771484375;1716;
117,592;2,1207635402679443;1702,619140625;1744,9376220703125;1716;
117,593;2,219102621078491;1721,8216552734375;1707,7586669921875;1716;
117,594;2,1802852153778076;1718,437744140625;1629,081298828125;1716;
117,595;2,7981650829315186;1712,928955078125;1649,1934814453125;1716;
117,596;2,1332547664642334;1731,7421875;1742,40869140625;1716;
117,597;2,1219398975372314;1702,0166015625;1707,7586669921875;1716;
117,598;2,2064435482025146;1721,20556640625;1832,716552734375;1716;
117,599;2,1914024353027344;1705,941162109375;1732,3660888671875;1716;
117,6;2,78914213180542;1706,54638671875;1700,51220703125;1716;
117,601;2,127246141433716;1741,4622802734375;1835,5145263671875;1716;
117,602;2,1029305458068848;1709,8837890625;1775,8671875;1716;
117,603;2,2202792167663574;1725,5284423828125;1722,4384765625;1716;
117,604;2,1791088581085205;1700,812744140625;1698,1102294921875;1716;
117,605;2,8126814365386963;1721,20556640625;1686,2020263671875;1716;
117,606;2,1344311237335205;1716,904052734375;1744,9376220703125;1716;
117,607;2,108874797821045;1712,319091796875;1712,6240234375;1716;
117,608;2,212773084640503;1727,07763671875;1835,5145263671875;1716;
117,609;2,1925787925720215;1708,061767578125;1611,611328125;1716;
117,61;2,787965774536133;1708,061767578125;1778,494140625;1716;
117,611;2,127246141433716;1712,928955078125;1603,01611328125;1716;
117,612;2,104107141494751;1709,8837890625;1773,2479248046875;1716;
117,613;2,219102621078491;1742,724365234375;1869,7698974609375;1716;
117,614;2,1791088581085205;1683,545654296875;1547,3128662109375;1716;
117,615;2,7969884872436523;1712,319091796875;1737,3729248046875;1716;
117,616;2,127246141433716;1713,8447265625;1755,127197265625;1716;
117,617;2,1029305458068848;1693,923095703125;1717,517333984375;1716;
117,618;2,2266087532043457;1734,552978515625;1838,3212890625;1716;
117,619;2,1791088581085205;1702,0166015625;1567,486328125;1716;
117,62;2,7958121299743652;1721,8216552734375;1752,568603515625;1716;
117,621;2,1464481353759766;1721,513427734375;1752,568603515625;1716;
117,622;2,114819288253784;1697,5107421875;1715,067138671875;1716;
117,623;2,2254323959350586;1736,7454833984375;1838,3212890625;1716;
117,624;2,1802852153778076;1702,31787109375;1567,486328125;1716;
117,625;2,7958121299743652;1722,1300048828125;1750,017578125;1716;
117,626;2,1452717781066895;1722,1300048828125;1752,568603515625;1716;
117,627;2,0922188758850098;1697,5107421875;1712,6240234375;1716;
117,628;2,1913976669311523;1736,431884765625;1835,5145263671875;1716;
117,629;2,1663014888763428;1702,0166015625;1690,9451904296875;1716;
117,63;2,8054232597351074;1721,8216552734375;1683,8404541015625;1716;
117,631;2,1332547664642334;1715,372802734375;1698,1102294921875;1716;
117,632;2,0910422801971436;1711,1004638671875;1686,2020263671875;1716;
117,633;2,2181003093719482;1709,2760009765625;1679,136962890625;1716;
117,634;2,1663014888763428;1702,619140625;1635,730712890625;1716;
117,635;2,093839168548584;1722,4383544921875;1794,4210205078125;1716;
117,636;2,1344311237335205;1731,118896484375;1669,8084716796875;1716;
117,637;2,78462553024292;1701,715576171875;1672,130859375;1716;
117,638;2,216923713684082;1721,20556640625;1672,130859375;1716;
117,639;2,16747784614563;1701,715576171875;1637,959228515625;1716;
117,64;2,7958121299743652;1704,731689453125;1656,0084228515625;1716;
117,641;2,1332547664642334;1732,053955078125;1739,8873291015625;1716;
117,642;2,0922188758850098;1702,619140625;1707,7586669921875;1716;
117,643;2,213393449783325;1721,513427734375;1686,2020263671875;1716;
117,644;2,1663014888763428;1701,715576171875;1573,6414794921875;1716;
117,645;2,156543016433716;1721,8216552734375;1755,127197265625;1716;
117,646;2,1332547664642334;1715,067138671875;1565,4454345703125;1716;
117,647;2,108874797821045;1693,923095703125;1618,1185302734375;1716;
117,648;2,2238070964813232;1727,387939453125;1843,960205078125;1716;
117,649;2,160198926925659;1699,610595703125;1620,29931640625;1716;
117,65;2,111701250076294;1703,52392578125;1646,934326171875;1716;
117,651;2,146322011947632;1718,7447509765625;1615,943603515625;1716;
117,652;2,793020486831665;1696,0140380859375;1644,681396484375;1716;
117,653;2,1545214653015137;1742,40869140625;1838,3212890625;1716;
117,654;2,179682493209839;1690,64794921875;1618,1185302734375;1716;
117,655;2,1677095890045166;1716,2911376953125;1783,7716064453125;1716;
117,656;2,1332547664642334;1716,904052734375;1698,1102294921875;1716;
117,657;2,785801887512207;1711,70947265625;1686,2020263671875;1716;
117,658;2,172961950302124;1731,430419921875;1827,14599609375;1716;
117,659;2,1663014888763428;1702,0166015625;1613,774658203125;1716;
117,66;2,1688859462738037;1721,8216552734375;1781,1290283203125;1716;
117,661;2,1332547664642334;1716,904052734375;1698,1102294921875;1716;
117,662;2,78462553024292;1711,70947265625;1686,2020263671875;1716;
117,663;2,1741385459899902;1731,7421875;1827,14599609375;1716;
117,664;2,1663014888763428;1701,715576171875;1611,611328125;1716;
117,665;2,1677095890045166;1704,4295654296875;1642,4345703125;1716;
117,666;2,1344311237335205;1716,597412109375;1631,291748046875;1716;
117,667;2,768423557281494;1711,70947265625;1794,4210205078125;1716;
117,668;2,1668150424957275;1746,2047119140625;1797,103271484375;1716;
117,669;2,155272960662842;1691,83740234375;1600,881591796875;1716;
117,67;2,1677095890045166;1717,21044921875;1637,959228515625;1716;
117,671;2,114819288253784;1717,5172119140625;1635,730712890625;1716;
117,672;2,7779948711395264;1712,6239013671875;1797,103271484375;1716;
117,673;2,1668150424957275;1747,791259765625;1797,103271484375;1716;
117,674;2,8041579723358154;1692,730712890625;1600,881591796875;1716;
117,675;2,1688859462738037;1717,823974609375;1637,959228515625;1716;
117,676;2,1029305458068848;1708,97216796875;1700,51220703125;1716;
117,677;2,768423557281494;1708,365234375;1835,5145263671875;1716;
117,678;2,1618447303771973;1728,008544921875;1797,103271484375;1716;
117,679;2,160198926925659;1700,21142578125;1600,881591796875;1716;
117,68;2,1553664207458496;1721,8216552734375;1773,2479248046875;1716;
117,681;2,1159956455230713;1731,7421875;1747,473876953125;1716;
117,682;2,78462553024292;1702,31787109375;1712,6240234375;1716;
117,683;2,172961950302124;1731,430419921875;1712,6240234375;1716;
117,684;2,1613755226135254;1701,41455078125;1565,4454345703125;1716;
117,685;2,1553664207458496;1721,513427734375;1750,017578125;1716;
117,686;2,1267077922821045;1721,8216552734375;1752,568603515625;1716;
117,687;2,785801887512207;1697,211181640625;1715,067138671875;1716;
117,688;2,172961950302124;1731,7421875;1712,6240234375;1716;
117,689;2,160198926925659;1701,715576171875;1565,4454345703125;1716;
117,69;2,167285680770874;1721,8216552734375;1750,017578125;1716;
117,691;2,9574098587036133;1721,513427734375;1618,1185302734375;1716;
117,692;2,80141544342041;1697,211181640625;1649,1934814453125;1716;
117,693;2,1741385459899902;1734,240234375;1729,8734130859375;1716;
117,694;2,812533140182495;1686,4976806640625;1573,6414794921875;1716;
117,695;2,1212377548217773;1714,4556884765625;1622,48583984375;1716;
117,696;2,1219398975372314;1717,823974609375;1712,6240234375;1716;
117,697;2,174943208694458;1712,319091796875;1841,1363525390625;1716;
117,698;2,172961950302124;1731,430419921875;1656,0084228515625;1716;
117,699;2,887580156326294;1701,41455078125;1541,361572265625;1716;
117,7;2,115229368209839;1722,4383544921875;1846,792724609375;1716;
117,701;2,114819288253784;1715,067138671875;1757,693115234375;1716;
117,702;2,785801887512207;1694,2216796875;1717,517333984375;1716;
117,703;2,172961950302124;1732,365966796875;1712,6240234375;1716;
117,704;2,812533140182495;1702,31787109375;1565,4454345703125;1716;
117,705;2,1103973388671875;1736,431884765625;1838,3212890625;1716;
117,706;2,835139036178589;1721,8216552734375;1752,568603515625;1716;
117,707;2,188926935195923;1714,150146484375;1863,9722900390625;1716;
117,708;2,155702829360962;1732,053955078125;1786,4219970703125;1716;
117,709;2,8041579723358154;1702,0166015625;1596,6295166015625;1716;
117,71;2,1212377548217773;1722,4383544921875;1635,730712890625;1716;
117,711;2,1278841495513916;1726,14794921875;1710,1878662109375;1716;
117,712;2,188926935195923;1699,910888671875;1695,715087890625;1716;
117,713;2,154526472091675;1732,365966796875;1722,4384765625;1716;
117,714;2,822084903717041;1702,0166015625;1569,53271484375;1716;
117,715;2,1092207431793213;1738,9434814453125;1835,5145263671875;1716;
117,716;2,909301280975342;1722,4383544921875;1615,943603515625;1716;
117,717;2,202683687210083;1714,4556884765625;1783,7716064453125;1716;
117,718;2,154526472091675;1733,927490234375;1805,1982421875;1716;
117,719;2,8041579723358154;1685,906494140625;1603,01611328125;1716;
117,72;2,1049771308898926;1717,823974609375;1821,609130859375;1716;
117,721;2,826714277267456;1729,562255859375;1744,9376220703125;1716;
117,722;2,188926935195923;1700,812744140625;1712,6240234375;1716;
117,723;2,155702829360962;1748,4268798828125;1863,9722900390625;1716;
117,724;2,1233279705047607;1709,8837890625;1629,081298828125;1716;
117,725;2,1212377548217773;1745,254150390625;1875,6038818359375;1716;
117,726;2,893292188644409;1726,14794921875;1770,63623046875;1716;
117,727;2,1769349575042725;1716,904052734375;1875,6038818359375;1716;
117,728;2,80141544342041;1745,571044921875;1939,1324462890625;1716;
117,729;2,1125566959381104;1708,668701171875;1656,0084228515625;1716;
117,73;2,1038007736206055;1715,9849853515625;1789,08056640625;1716;
117,731;2,892115592956543;1728,629638671875;1729,8734130859375;1716;
117,732;2,1929004192352295;1700,812744140625;1577,771728515625;1716;
117,733;2,8210418224334717;1731,430419921875;1750,017578125;1716;
117,734;2,1233279705047607;1701,715576171875;1581,923828125;1716;
117,735;2,1103973388671875;1736,7454833984375;1827,14599609375;1716;
117,736;2,826714277267456;1722,1300048828125;1747,473876953125;1716;
117,737;2,201507329940796;1697,5107421875;1584,0079345703125;1716;
117,738;2,8306233882904053;1734,86572265625;1747,473876953125;1716;
117,739;2,185724973678589;1720,589599609375;1707,7586669921875;1716;
117,74;2,11419677734375;1745,254150390625;1827,14599609375;1716;
117,741;2,1589393615722656;1725,838134765625;1744,9376220703125;1716;
117,742;2,1668150424957275;1712,01416015625;1818,8533935546875;1716;
117,743;2,1484439373016357;1726,7677001953125;1744,9376220703125;1716;
117,744;2,1745188236236572;1716,904052734375;1707,7586669921875;1716;
117,745;2,11419677734375;1743,9884033203125;1827,14599609375;1716;
117,746;2,1516902446746826;1725,838134765625;1747,473876953125;1716;
117,747;2,1679916381835938;1712,319091796875;1676,7950439453125;1716;
117,748;2,829446792602539;1727,07763671875;1676,7950439453125;1716;
117,749;2,1795337200164795;1716,904052734375;1672,130859375;1716;
117,75;2,103405714035034;1719,052001953125;1762,8475341796875;1716;
117,751;2,1516902446746826;1713,539306640625;1717,517333984375;1716;
117,752;2,1668150424957275;1712,6239013671875;1690,9451904296875;1716;
117,753;2,896152973175049;1727,07763671875;1683,8404541015625;1716;
117,754;2,1233279705047607;1716,904052734375;1676,7950439453125;1716;
117,755;2,120180368423462;1728,9404296875;1835,5145263671875;1716;
117,756;2,215263843536377;1718,130859375;1752,568603515625;1716;
117,757;2,1668150424957275;1712,01416015625;1674,459716796875;1716;
117,758;2,8210418224334717;1743,9884033203125;1816,1058349609375;1716;
117,759;2,1722311973571777;1712,01416015625;1786,4219970703125;1716;
117,76;2,11419677734375;1726,7677001953125;1878,5345458984375;1716;
117,761;2,2329578399658203;1716,904052734375;1633,50830078125;1716;
117,762;2,137845754623413;1733,614990234375;1773,2479248046875;1716;
117,763;2,8210418224334717;1737,6866455078125;1722,4384765625;1716;
117,764;2,127246141433716;1712,319091796875;1688,5703125;1716;
117,765;2,115373134613037;1726,457763671875;1821,609130859375;1716;
117,766;2,201507329940796;1716,904052734375;1744,9376220703125;1716;
117,767;2,16066837310791;1709,579833984375;1674,459716796875;1716;
117,768;2,1046507358551025;1725,5284423828125;1674,459716796875;1716;
117,769;2,127246141433716;1716,2911376953125;1672,130859375;1716;
117,77;2,11419677734375;1726,7677001953125;1838,3212890625;1716;
117,771;2,2341341972351074;1717,21044921875;1620,29931640625;1716;
117,772;2,1423614025115967;1725,218994140625;1775,8671875;1716;
117,773;2,8210418224334717;1733,614990234375;1724,90966796875;1716;
117,774;2,128422737121582;1712,6239013671875;1690,9451904296875;1716;
117,775;2,126164197921753;1727,07763671875;1824,3734130859375;1716;
117,776;2,2289159297943115;1702,619140625;1611,611328125;1716;
117,777;2,1495511531829834;1705,0338134765625;1640,19384765625;1716;
117,778;2,1800527572631836;1740,516845703125;1797,103271484375;1716;
117,779;2,127246141433716;1712,319091796875;1797,103271484375;1716;
117,78;2,121356964111328;1726,7677001953125;1884,42333984375;1716;
117,781;2,175981283187866;1717,5172119140625;1637,959228515625;1716;
117,782;2,124701738357544;1717,21044921875;1635,730712890625;1716;
117,783;2,1812291145324707;1729,562255859375;1656,0084228515625;1716;
117,784;2,1837167739868164;1712,319091796875;1724,90966796875;1716;
117,785;2,8295505046844482;1726,7677001953125;1843,960205078125;1716;
117,786;2,161292314529419;1717,21044921875;1755,127197265625;1716;
117,787;2,1484439373016357;1713,8447265625;1672,130859375;1716;
117,788;2,1800527572631836;1728,008544921875;1674,459716796875;1716;
117,789;2,128422737121582;1695,416259765625;1712,6240234375;1716;
117,79;2,804246664047241;1717,823974609375;1835,5145263671875;1716;
117,791;2,1638357639312744;1712,6239013671875;1620,29931640625;1716;
117,792;2,1374552249908447;1723,673095703125;1783,7716064453125;1716;
117,793;2,1923956871032715;1732,365966796875;1727,3880615234375;1716;
117,794;2,1332547664642334;1696,6124267578125;1705,3363037109375;1716;
117,795;2,8138577938079834;1735,8050537109375;1832,716552734375;1716;
117,796;2,1516902446746826;1721,513427734375;1750,017578125;1716;
117,797;2,1301963329315186;1721,20556640625;1750,017578125;1716;
117,798;2,1935722827911377;1731,7421875;1712,6240234375;1716;
117,799;2,1332547664642334;1697,810546875;1712,6240234375;1716;
117,8;2,8295505046844482;1736,431884765625;1835,5145263671875;1716;
117,801;2,1589393615722656;1721,8216552734375;1752,568603515625;1716;
117,802;2,1301963329315186;1721,8216552734375;1752,568603515625;1716;
117,803;2,1923956871032715;1731,430419921875;1712,6240234375;1716;
117,804;2,1344311237335205;1697,5107421875;1715,067138671875;1716;
117,805;2,8295505046844482;1736,7454833984375;1838,3212890625;1716;
117,806;2,1791088581085205;1722,1300048828125;1752,568603515625;1716;
117,807;2,1313726902008057;1722,1300048828125;1750,017578125;1716;
117,808;2,1738810539245605;1732,053955078125;1861,0867919921875;1716;
117,809;2,1212377548217773;1693,6248779296875;1681,4854736328125;1716;
117,81;2,1642117500305176;1734,552978515625;1818,8533935546875;1716;
117,811;2,1577630043029785;1721,20556640625;1613,774658203125;1716;
117,812;2,1301963329315186;1722,746826171875;1829,9271240234375;1716;
117,813;2,1750574111938477;1732,67822265625;1905,3282470703125;1716;
117,814;2,1212377548217773;1711,1004638671875;1672,130859375;1716;
117,815;2,804246664047241;1726,457763671875;1813,3665771484375;1716;
117,816;2,1528666019439697;1734,86572265625;1742,40869140625;1716;
117,817;2,1301963329315186;1703,52392578125;1637,959228515625;1716;
117,818;2,1772165298461914;1715,372802734375;1620,29931640625;1716;
117,819;2,128422737121582;1694,52001953125;1649,1934814453125;1716;
117,82;2,804246664047241;1717,5172119140625;1799,7935791015625;1716;
117,821;2,1914024353027344;1729,873291015625;1615,943603515625;1716;
117,822;2,147855520248413;1707,455322265625;1642,4345703125;1716;
117,823;2,1236095428466797;1741,777587890625;1797,103271484375;1716;
117,824;2,127246141433716;1696,0140380859375;1649,1934814453125;1716;
117,825;2,8054232597351074;1718,130859375;1799,7935791015625;1716;
117,826;2,197284698486328;1707,15234375;1747,473876953125;1716;
117,827;2,2168667316436768;1707,455322265625;1710,1878662109375;1716;
117,828;2,1812291145324707;1724,600341796875;1693,326904296875;1716;
117,829;2,108874797821045;1711,70947265625;1702,9207763671875;1716;
117,83;2,804246664047241;1726,457763671875;1829,9271240234375;1716;
117,831;2,186432123184204;1705,941162109375;1611,611328125;1716;
117,832;2,8126814365386963;1723,982177734375;1775,8671875;1716;
117,833;2,1800527572631836;1732,9903564453125;1724,90966796875;1716;
117,834;2,110051393508911;1712,928955078125;1690,9451904296875;1716;
117,835;2,8295505046844482;1727,07763671875;1824,3734130859375;1716;
117,836;2,2218446731567383;1711,1004638671875;1674,459716796875;1716;
117,837;2,143537759780884;1709,2760009765625;1672,130859375;1716;
117,838;2,1176555156707764;1725,218994140625;1674,459716796875;1716;
117,839;2,108874797821045;1711,70947265625;1712,6240234375;1716;
117,84;2,166069746017456;1726,14794921875;1835,5145263671875;1716;
117,841;2,172961950302124;1699,610595703125;1551,305908203125;1716;
117,842;2,122936964035034;1703,52392578125;1739,8873291015625;1716;
117,843;2,164642333984375;1722,4383544921875;1707,7586669921875;1716;
117,844;2,1029305458068848;1709,8837890625;1715,067138671875;1716;
117,845;2,231761932373047;1742,724365234375;1838,3212890625;1716;
117,846;2,186432123184204;1703,22216796875;1553,3101806640625;1716;
117,847;2,1301963329315186;1705,336181640625;1739,8873291015625;1716;
117,848;2,12583327293396;1723,3642578125;1707,7586669921875;1716;
117,849;2,104107141494751;1710,4918212890625;1863,9722900390625;1716;
117,85;2,1569230556488037;1725,218994140625;1760,2666015625;1716;
117,851;2,1791088581085205;1701,41455078125;1596,6295166015625;1716;
117,852;2,8110413551330566;1721,513427734375;1633,50830078125;1716;
117,853;2,1212377548217773;1731,430419921875;1791,7467041015625;1716;
117,854;2,114819288253784;1699,010009765625;1693,326904296875;1716;
117,855;2,2266087532043457;1719,666748046875;1824,3734130859375;1716;
117,856;2,1791088581085205;1702,0166015625;1571,5843505859375;1716;
117,857;2,093839168548584;1721,8216552734375;1752,568603515625;1716;
117,858;2,1464481353759766;1731,430419921875;1712,6240234375;1716;
117,859;2,114819288253784;1697,810546875;1712,6240234375;1716;
117,86;2,2254323959350586;1736,431884765625;1835,5145263671875;1716;
117,861;2,1802852153778076;1702,0166015625;1567,486328125;1716;
117,862;2,7958121299743652;1721,8216552734375;1750,017578125;1716;
117,863;2,1452717781066895;1731,7421875;1712,6240234375;1716;
117,864;2,1159956455230713;1697,5107421875;1712,6240234375;1716;
117,865;2,2254323959350586;1736,431884765625;1835,5145263671875;1716;
117,866;2,1791088581085205;1702,0166015625;1567,486328125;1716;
117,867;2,7969884872436523;1721,8216552734375;1750,017578125;1716;
117,868;2,127246141433716;1732,053955078125;1681,4854736328125;1716;
117,869;2,1029305458068848;1693,923095703125;1681,4854736328125;1716;
117,87;2,2266087532043457;1734,86572265625;1818,8533935546875;1716;
117,871;2,1791088581085205;1702,619140625;1700,51220703125;1716;
117,872;2,7958121299743652;1722,746826171875;1829,9271240234375;1716;
117,873;2,1464481353759766;1732,67822265625;1605,1563720703125;1716;
117,874;2,0969862937927246;1706,849365234375;1640,19384765625;1716;
117,875;2,2254323959350586;1724,291259765625;1656,0084228515625;1716;
117,876;2,1735801696777344;1703,22216796875;1646,934326171875;1716;
117,877;2,8126814365386963;1705,638671875;1660,5828857421875;1716;
117,878;2,1332547664642334;1734,240234375;1737,3729248046875;1716;
117,879;2,0922188758850098;1703,22216796875;1705,3363037109375;1716;
117,88;2,2001137733459473;1721,8216552734375;1832,716552734375;1716;
117,881;2,1724038124084473;1705,336181640625;1603,01611328125;1716;
117,882;2,7969884872436523;1706,2437744140625;1637,959228515625;1716;
117,883;2,1332547664642334;1714,4556884765625;1618,1185302734375;1716;
117,884;2,0969862937927246;1693,923095703125;1646,934326171875;1716;
117,885;2,2076199054718018;1717,5172119140625;1797,103271484375;1716;
117,886;2,1785058975219727;1707,15234375;1750,017578125;1716;
117,887;2,8126814365386963;1707,455322265625;1712,6240234375;1716;
117,888;2,1344311237335205;1716,597412109375;1600,881591796875;1716;
117,889;2,108874797821045;1712,319091796875;1775,8671875;1716;
117,89;2,219102621078491;1727,07763671875;1722,4384765625;1716;
117,891;2,16747784614563;1700,812744140625;1698,1102294921875;1716;
117,892;2,1057472229003906;1721,20556640625;1686,2020263671875;1716;
117,893;2,1332547664642334;1716,904052734375;1611,611328125;1716;
117,894;2,0922188758850098;1711,70947265625;1778,494140625;1716;
117,895;2,2064435482025146;1726,457763671875;1872,682373046875;1716;
117,896;2,1785058975219727;1689,4599609375;1605,1563720703125;1716;
117,897;2,78914213180542;1715,6788330078125;1775,8671875;1716;
117,898;2,129599094390869;1713,539306640625;1605,1563720703125;1716;
117,899;2,085686206817627;1710,796142578125;1775,8671875;1716;
117,9;2,2118000984191895;1729,873291015625;1665,182861328125;1716;
117,901;2,1663014888763428;1701,113525390625;1667,4925537109375;1716;
117,902;2,8211159706115723;1721,513427734375;1672,130859375;1716;
117,903;2,140439748764038;1718,437744140625;1755,127197265625;1716;
117,904;2,0910422801971436;1712,928955078125;1863,9722900390625;1716;
117,905;2,198023796081543;1723,982177734375;1783,7716064453125;1716;
117,906;2,1613755226135254;1698,7100830078125;1596,6295166015625;1716;
117,907;2,1057472229003906;1720,589599609375;1635,730712890625;1716;
117,908;2,1212377548217773;1725,5284423828125;1710,1878662109375;1716;
117,909;2,785801887512207;1716,597412109375;1838,3212890625;1716;
117,91;2,216923713684082;1732,365966796875;1797,103271484375;1716;
117,911;2,1663014888763428;1702,31787109375;1603,01611328125;1716;
117,912;2,7969884872436523;1722,1300048828125;1773,2479248046875;1716;
117,913;2,1332547664642334;1731,430419921875;1747,473876953125;1716;
117,914;2,0910422801971436;1702,0166015625;1710,1878662109375;1716;
117,915;2,1642117500305176;1738,9434814453125;1835,5145263671875;1716;
117,916;2,2321836948394775;1702,31787109375;1567,486328125;1716;
117,917;2,1553664207458496;1722,4383544921875;1752,568603515625;1716;
117,918;2,1278841495513916;1722,746826171875;1752,568603515625;1716;
117,919;2,0910422801971436;1697,810546875;1715,067138671875;1716;
117,92;2,1630351543426514;1736,7454833984375;1838,3212890625;1716;
117,921;2,1613755226135254;1701,715576171875;1565,4454345703125;1716;
117,922;2,1553664207458496;1721,8216552734375;1750,017578125;1716;
117,923;2,1267077922821045;1721,8216552734375;1752,568603515625;1716;
117,924;2,785801887512207;1697,211181640625;1715,067138671875;1716;
117,925;2,172961950302124;1731,7421875;1712,6240234375;1716;
117,926;2,812533140182495;1701,715576171875;1565,4454345703125;1716;
117,927;2,156543016433716;1721,8216552734375;1750,017578125;1716;
117,928;2,1267077922821045;1721,8216552734375;1752,568603515625;1716;
117,929;2,78462553024292;1697,211181640625;1715,067138671875;1716;
117,93;2,1741385459899902;1731,7421875;1712,6240234375;1716;
117,931;2,160198926925659;1701,715576171875;1565,4454345703125;1716;
117,932;2,1553664207458496;1721,8216552734375;1750,017578125;1716;
117,933;2,1278841495513916;1721,8216552734375;1752,568603515625;1716;
117,934;2,78462553024292;1697,211181640625;1715,067138671875;1716;
117,935;2,172961950302124;1731,7421875;1712,6240234375;1716;
117,936;2,1613755226135254;1701,715576171875;1565,4454345703125;1716;
117,937;2,1553664207458496;1721,8216552734375;1750,017578125;1716;
117,938;2,1267077922821045;1721,8216552734375;1752,568603515625;1716;
117,939;2,1285760402679443;1714,150146484375;1863,9722900390625;1716;
117,94;2,172961950302124;1732,053955078125;1786,4219970703125;1716;
117,941;2,1540966033935547;1702,0166015625;1596,6295166015625;1716;
117,942;2,1688859462738037;1722,4383544921875;1635,730712890625;1716;
117,943;2,1029305458068848;1726,14794921875;1710,1878662109375;1716;
117,944;2,127399444580078;1716,904052734375;1841,1363525390625;1716;
117,945;2,1741385459899902;1732,67822265625;1797,103271484375;1716;
117,946;2,160198926925659;1702,31787109375;1600,881591796875;1716;
117,947;2,1553664207458496;1722,746826171875;1773,2479248046875;1716;
117,948;2,1159956455230713;1731,7421875;1747,473876953125;1716;
117,949;2,188926935195923;1719,3592529296875;1861,0867919921875;1716;
117,95;2,172961950302124;1731,7421875;1786,4219970703125;1716;
117,951;2,8053343296051025;1718,7447509765625;1724,90966796875;1716;
117,952;2,163212299346924;1718,437744140625;1752,568603515625;1716;
117,953;2,1267077922821045;1730,495849609375;1712,6240234375;1716;
117,954;2,1963934898376465;1718,7447509765625;1841,1363525390625;1716;
117,955;2,1362786293029785;1723,673095703125;1651,4588623046875;1716;
117,956;2,1233279705047607;1715,067138671875;1660,5828857421875;1716;
117,957;2,1103973388671875;1720,281982421875;1768,032470703125;1716;
117,958;2,1267077922821045;1713,539306640625;1719,974365234375;1716;
117,959;2,2140872478485107;1710,187744140625;1698,1102294921875;1716;
117,96;2,143537759780884;1745,8876953125;1829,9271240234375;1716;
117,961;2,812533140182495;1708,97216796875;1615,943603515625;1716;
117,962;2,127246141433716;1728,9404296875;1875,6038818359375;1716;
117,963;2,1159956455230713;1718,437744140625;1770,63623046875;1716;
117,964;2,188926935195923;1713,2340087890625;1724,90966796875;1716;
117,965;2,8210418224334717;1749,380859375;1816,1058349609375;1716;
117,966;2,8053343296051025;1710,4918212890625;1609,4539794921875;1716;
117,967;2,1212377548217773;1727,07763671875;1878,5345458984375;1716;
117,968;2,9007084369659424;1716,904052734375;1631,291748046875;1716;
117,969;2,1781113147735596;1712,319091796875;1794,4210205078125;1716;
117,97;2,8126370906829834;1746,5218505859375;1797,103271484375;1716;
117,971;2,8041579723358154;1691,83740234375;1603,01611328125;1716;
117,972;2,1224143505096436;1726,457763671875;1729,8734130859375;1716;
117,973;2,892115592956543;1716,904052734375;1702,9207763671875;1716;
117,974;2,133472204208374;1712,319091796875;1690,9451904296875;1716;
117,975;2,155702829360962;1715,067138671875;1679,136962890625;1716;
117,976;2,1795337200164795;1710,796142578125;1672,130859375;1716;
117,977;2,1212377548217773;1726,7677001953125;1838,3212890625;1716;
117,978;2,9018850326538086;1716,904052734375;1615,943603515625;1716;
117,979;2,1875898838043213;1712,01416015625;1783,7716064453125;1716;
117,98;2,152761697769165;1733,302490234375;1724,90966796875;1716;
117,981;2,1807103157043457;1702,619140625;1698,1102294921875;1716;
117,982;2,11419677734375;1727,07763671875;1824,3734130859375;1716;
117,983;2,1577630043029785;1717,21044921875;1613,774658203125;1716;
117,984;2,1495511531829834;1722,1300048828125;1775,8671875;1716;
117,985;2,154526472091675;1732,053955078125;1724,90966796875;1716;
117,986;2,1795337200164795;1702,619140625;1698,1102294921875;1716;
117,987;2,115373134613037;1726,7677001953125;1821,609130859375;1716;
117,988;2,8098647594451904;1717,21044921875;1744,9376220703125;1716;
117,989;2,16066837310791;1709,2760009765625;1672,130859375;1716;
117,99;2,155702829360962;1725,5284423828125;1674,459716796875;1716;
117,991;2,1795337200164795;1716,2911376953125;1672,130859375;1716;
117,992;2,11419677734375;1726,457763671875;1835,5145263671875;1716;
117,993;2,2312684059143066;1716,597412109375;1618,1185302734375;1716;
117,994;2,1630213260650635;1724,9095458984375;1775,8671875;1716;
117,995;2,8210418224334717;1733,302490234375;1724,90966796875;1716;
117,996;2,1807103157043457;1703,22216796875;1698,1102294921875;1716;
117,997;2,11419677734375;1727,07763671875;1824,3734130859375;1716;
117,998;2,2203774452209473;1717,21044921875;1613,774658203125;1716;
117,999;2,1495511531829834;1722,4383544921875;1778,494140625;1716;
118;2,8210418224334717;1732,053955078125;1724,90966796875;1716;
118,001;2,117354154586792;1702,619140625;1698,1102294921875;1716;
118,002;2,115373134613037;1727,07763671875;1824,3734130859375;1716;
118,003;2,2203774452209473;1717,21044921875;1613,774658203125;1716;
118,004;2,1483747959136963;1722,4383544921875;1778,494140625;1716;
118,005;2,822218179702759;1749,6990966796875;1875,6038818359375;1716;
118,006;2,1795337200164795;1694,2216796875;1635,730712890625;1716;
118,007;2,11419677734375;1726,7677001953125;1712,6240234375;1716;
118,008;2,215263843536377;1717,21044921875;1693,326904296875;1716;
118,009;2,1483747959136963;1719,3592529296875;1686,2020263671875;1716;
118,01;2,1176555156707764;1730,495849609375;1824,3734130859375;1716;
118,011;2,118530511856079;1718,7447509765625;1747,473876953125;1716;
118,012;2,11419677734375;1726,7677001953125;1797,103271484375;1716;
118,013;2,2415554523468018;1708,668701171875;1750,017578125;1716;
118,014;2,1618447303771973;1708,365234375;1710,1878662109375;1716;
118,015;2,1800527572631836;1742,724365234375;1838,3212890625;1716;
118,016;2,117354154586792;1707,758544921875;1750,017578125;1716;
118,017;2,109389305114746;1726,457763671875;1791,7467041015625;1716;
118,018;2,2329578399658203;1716,904052734375;1603,01611328125;1716;
118,019;2,1362786293029785;1707,15234375;1710,1878662109375;1716;
118,02;2,1812291145324707;1741,777587890625;1838,3212890625;1716;
118,021;2,181363821029663;1712,319091796875;1640,19384765625;1716;
118,022;2,8014400005340576;1726,7677001953125;1794,4210205078125;1716;
118,023;2,1710848808288574;1717,21044921875;1603,01611328125;1716;
118,024;2,1362786293029785;1707,455322265625;1712,6240234375;1716;
118,025;2,1800527572631836;1741,777587890625;1838,3212890625;1716;
118,026;2,128422737121582;1712,01416015625;1775,8671875;1716;
118,027;2,8211159706115723;1726,7677001953125;1722,4384765625;1716;
118,028;2,1577630043029785;1717,21044921875;1698,1102294921875;1716;
118,029;2,1313726902008057;1721,20556640625;1683,8404541015625;1716;
118,03;2,1800527572631836;1731,118896484375;1821,609130859375;1716;
118,031;2,127246141433716;1711,70947265625;1783,7716064453125;1716;
118,032;2,8307268619537354;1725,5284423828125;1722,4384765625;1716;
118,033;2,1577630043029785;1716,2911376953125;1698,1102294921875;1716;
118,034;2,1301963329315186;1721,513427734375;1683,8404541015625;1716;
118,035;2,1812291145324707;1731,118896484375;1821,609130859375;1716;
118,036;2,127246141433716;1711,405029296875;1644,681396484375;1716;
118,037;2,8126814365386963;1725,838134765625;1797,103271484375;1716;
118,038;2,1710848808288574;1716,597412109375;1605,1563720703125;1716;
118,039;2,124701738357544;1716,904052734375;1781,1290283203125;1716;
118,04;2,1800527572631836;1729,562255859375;1727,3880615234375;1716;
118,041;2,128422737121582;1712,6239013671875;1688,5703125;1716;
118,042;2,8295505046844482;1726,457763671875;1821,609130859375;1716;
118,043;2,13954496383667;1716,597412109375;1744,9376220703125;1716;
118,044;2,143537759780884;1708,365234375;1672,130859375;1716;
118,045;2,1800527572631836;1742,093017578125;1816,1058349609375;1716;
118,046;2,127246141433716;1712,01416015625;1786,4219970703125;1716;
118,047;2,8054232597351074;1726,457763671875;1878,5345458984375;1716;
118,048;2,197284698486328;1717,21044921875;1635,730712890625;1716;
118,049;2,18979549407959;1716,2911376953125;1635,730712890625;1716;
118,05;2,1812291145324707;1729,2513427734375;1656,0084228515625;1716;
118,051;2,108874797821045;1712,319091796875;1722,4384765625;1716;
118,052;2,1630351543426514;1726,457763671875;1841,1363525390625;1716;
118,053;2,1802852153778076;1716,904052734375;1672,130859375;1716;
118,054;2,1484439373016357;1713,539306640625;1816,1058349609375;1716;
118,055;2,1738810539245605;1727,6982421875;1742,40869140625;1716;
118,056;2,104107141494751;1710,187744140625;1695,715087890625;1716;
118,057;2,8126814365386963;1743,356201171875;1827,14599609375;1716;
118,058;2,172961950302124;1716,904052734375;1676,7950439453125;1716;
118,059;2,149620294570923;1712,319091796875;1818,8533935546875;1716;
118,06;2,1800527572631836;1727,07763671875;1744,9376220703125;1716;
118,061;2,1029305458068848;1711,1004638671875;1843,960205078125;1716;
118,062;2,8054232597351074;1743,9884033203125;1908,3525390625;1716;
118,063;2,172961950302124;1714,76123046875;1660,5828857421875;1716;
118,064;2,1284313201904297;1728,008544921875;1807,912841796875;1716;
118,065;2,11287784576416;1734,552978515625;1739,8873291015625;1716;
118,066;2,1029305458068848;1710,4918212890625;1846,792724609375;1716;
118,067;2,804246664047241;1726,14794921875;1755,127197265625;1716;
118,068;2,180020809173584;1717,21044921875;1715,067138671875;1716;
118,069;2,1301963329315186;1720,589599609375;1768,032470703125;1716;
118,07;2,111701250076294;1731,118896484375;1719,974365234375;1716;
118,071;2,1219398975372314;1701,41455078125;1584,0079345703125;1716;
118,072;2,231761932373047;1738,31494140625;1760,2666015625;1716;
118,073;2,185255765914917;1704,731689453125;1584,0079345703125;1716;
118,074;2,1313726902008057;1706,54638671875;1762,8475341796875;1716;
118,075;2,129563808441162;1724,291259765625;1717,517333984375;1716;
118,076;2,114819288253784;1698,1102294921875;1712,6240234375;1716;
118,077;2,2202792167663574;1736,7454833984375;1835,5145263671875;1716;
118,078;2,1791088581085205;1701,41455078125;1567,486328125;1716;
118,079;2,7958121299743652;1721,513427734375;1750,017578125;1716;
118,08;2,130740165710449;1731,7421875;1712,6240234375;1716;
118,081;2,114819288253784;1697,5107421875;1712,6240234375;1716;
118,082;2,2254323959350586;1736,431884765625;1835,5145263671875;1716;
118,083;2,1802852153778076;1702,0166015625;1567,486328125;1716;
118,084;2,7958121299743652;1721,8216552734375;1750,017578125;1716;
118,085;2,1452717781066895;1731,7421875;1752,568603515625;1716;
118,086;2,1159956455230713;1697,810546875;1715,067138671875;1716;
118,087;2,2254323959350586;1736,7454833984375;1838,3212890625;1716;
118,088;2,1791088581085205;1702,31787109375;1567,486328125;1716;
118,089;2,7969884872436523;1722,1300048828125;1752,568603515625;1716;
118,09;2,1452717781066895;1721,8216552734375;1752,568603515625;1716;
118,091;2,114819288253784;1697,5107421875;1715,067138671875;1716;
118,092;2,2266087532043457;1736,7454833984375;1838,3212890625;1716;
118,093;2,1791088581085205;1702,31787109375;1567,486328125;1716;
118,094;2,7958121299743652;1722,1300048828125;1750,017578125;1716;
118,095;2,1464481353759766;1732,053955078125;1712,6240234375;1716;
118,096;2,1840450763702393;1705,941162109375;1783,7716064453125;1716;
118,097;2,2254323959350586;1723,0556640625;1722,4384765625;1716;
118,098;2,16747784614563;1702,0166015625;1613,774658203125;1716;
118,099;2,8126814365386963;1721,8216552734375;1781,1290283203125;1716;
118,1;2,1212377548217773;1725,838134765625;1674,459716796875;1716;
118,101;2,0922188758850098;1699,610595703125;1674,459716796875;1716;
118,102;2,1630351543426514;1738,000732421875;1813,3665771484375;1716;
118,103;2,1663014888763428;1702,0166015625;1700,51220703125;1716;
118,104;2,7993414402008057;1721,8216552734375;1832,716552734375;1716;
118,105;2,1452717781066895;1704,731689453125;1603,01611328125;1716;
118,106;2,0910422801971436;1705,638671875;1637,959228515625;1716;
118,107;2,1741385459899902;1740,831787109375;1791,7467041015625;1716;
118,108;2,1663014888763428;1702,0166015625;1710,1878662109375;1716;
118,109;2,804246664047241;1704,731689453125;1693,326904296875;1716;
118,11;2,1344311237335205;1715,6788330078125;1729,8734130859375;1716;
118,111;2,0910422801971436;1711,405029296875;1702,9207763671875;1716;
118,112;2,219102621078491;1726,14794921875;1683,8404541015625;1716;
118,113;2,1857848167419434;1710,187744140625;1635,730712890625;1716;
118,114;2,804246664047241;1708,97216796875;1656,0084228515625;1716;
118,115;2,1332547664642334;1732,67822265625;1739,8873291015625;1716;
118,116;2,0922188758850098;1702,920654296875;1707,7586669921875;1716;
118,117;2,2064435482025146;1722,1300048828125;1832,716552734375;1716;
118,118;2,1785058975219727;1705,941162109375;1732,3660888671875;1716;
118,119;2,78914213180542;1706,54638671875;1702,9207763671875;1716;
118,12;2,1901872158050537;1729,562255859375;1732,3660888671875;1716;
118,121;2,0969862937927246;1718,130859375;1702,9207763671875;1716;
118,122;2,1458749771118164;1729,873291015625;1829,9271240234375;1716;
118,123;2,1785058975219727;1707,15234375;1734,865966796875;1716;
118,124;2,093839168548584;1707,455322265625;1705,3363037109375;1716;
118,125;2,128422737121582;1713,539306640625;1603,01611328125;1716;
118,126;2,793020486831665;1710,4918212890625;1637,959228515625;1716;
118,127;2,1545214653015137;1726,14794921875;1841,1363525390625;1716;
118,128;2,179682493209839;1690,350830078125;1620,29931640625;1716;
118,129;2,1677095890045166;1715,9849853515625;1783,7716064453125;1716;
118,13;2,1332547664642334;1717,21044921875;1698,1102294921875;1716;
118,131;2,785801887512207;1712,01416015625;1686,2020263671875;1716;
118,132;2,1630351543426514;1726,457763671875;1821,609130859375;1716;
118,133;2,14799427986145;1710,4918212890625;1676,7950439453125;1716;
118,134;2,768794298171997;1709,2760009765625;1676,7950439453125;1716;
118,135;2,1332547664642334;1717,823974609375;1618,1185302734375;1716;
118,136;2,80141544342041;1712,928955078125;1783,7716064453125;1716;
118,137;2,1618447303771973;1742,724365234375;1799,7935791015625;1716;
118,138;2,1540966033935547;1690,0537109375;1600,881591796875;1716;
118,139;2,1677095890045166;1732,9903564453125;1773,2479248046875;1716;
118,14;2,1159956455230713;1716,904052734375;1702,9207763671875;1716;
118,141;2,793020486831665;1711,70947265625;1688,5703125;1716;
118,142;2,172961950302124;1732,67822265625;1827,14599609375;1716;
118,143;2,155272960662842;1702,31787109375;1611,611328125;1716;
118,144;2,1677095890045166;1704,731689453125;1642,4345703125;1716;
118,145;2,114819288253784;1716,904052734375;1633,50830078125;1716;
118,146;2,7696001529693604;1711,70947265625;1794,4210205078125;1716;
118,147;2,185255765914917;1737,05908203125;1722,4384765625;1716;
118,148;2,1540966033935547;1704,127685546875;1693,326904296875;1716;
118,149;2,1688859462738037;1723,0556640625;1683,8404541015625;1716;
118,15;2,114819288253784;1716,904052734375;1747,473876953125;1716;
118,151;2,80141544342041;1711,70947265625;1710,1878662109375;1716;
118,152;2,1618447303771973;1743,040283203125;1818,8533935546875;1716;
118,153;2,1540966033935547;1707,455322265625;1609,4539794921875;1716;
118,154;2,1677095890045166;1707,758544921875;1642,4345703125;1716;
118,155;2,1159956455230713;1717,5172119140625;1633,50830078125;1716;
118,156;2,768423557281494;1712,319091796875;1794,4210205078125;1716;
118,157;2,185255765914917;1737,372802734375;1722,4384765625;1716;
118,158;2,8053343296051025;1704,4295654296875;1695,715087890625;1716;
118,159;2,227335214614868;1723,3642578125;1686,2020263671875;1716;
118,16;2,114819288253784;1716,904052734375;1744,9376220703125;1716;
118,161;2,757528305053711;1712,01416015625;1712,6240234375;1716;
118,162;2,1423614025115967;1743,040283203125;1818,8533935546875;1716;
118,163;2,8041579723358154;1707,455322265625;1611,611328125;1716;
118,164;2,1586883068084717;1724,9095458984375;1778,494140625;1716;
118,165;2,114819288253784;1716,904052734375;1700,51220703125;1716;
118,166;2,188926935195923;1712,319091796875;1688,5703125;1716;
118,167;2,1741385459899902;1714,76123046875;1681,4854736328125;1716;
118,168;2,8041579723358154;1710,796142578125;1674,459716796875;1716;
118,169;2,1057472229003906;1709,2760009765625;1674,459716796875;1716;
118,17;2,1338284015655518;1716,904052734375;1615,943603515625;1716;
118,171;2,192410469055176;1712,01416015625;1783,7716064453125;1716;
118,172;2,154526472091675;1732,9903564453125;1724,90966796875;1716;
118,173;2,8053343296051025;1702,619140625;1698,1102294921875;1716;
118,174;2,1212377548217773;1722,4383544921875;1686,2020263671875;1716;
118,175;2,1207635402679443;1716,904052734375;1609,4539794921875;1716;
118,176;2,2089736461639404;1712,01416015625;1644,681396484375;1716;
118,177;2,1423614025115967;1745,571044921875;1841,1363525390625;1716;
118,178;2,8041579723358154;1691,83740234375;1620,29931640625;1716;
118,179;2,1224143505096436;1727,6982421875;1722,4384765625;1716;
118,18;2,835139036178589;1717,823974609375;1698,1102294921875;1716;
118,181;2,188926935195923;1712,6239013671875;1686,2020263671875;1716;
118,182;2,155702829360962;1731,7421875;1827,14599609375;1716;
118,183;2,117354154586792;1719,052001953125;1747,473876953125;1716;
118,184;2,1212377548217773;1726,457763671875;1794,4210205078125;1716;
118,185;2,910477638244629;1716,597412109375;1598,7528076171875;1716;
118,186;2,201507329940796;1712,01416015625;1635,730712890625;1716;
118,187;2,1423614025115967;1742,724365234375;1843,960205078125;1716;
118,188;2,8053343296051025;1707,15234375;1752,568603515625;1716;
118,189;2,180649518966675;1727,07763671875;1791,7467041015625;1716;
118,19;2,9007084369659424;1716,904052734375;1598,7528076171875;1716;
118,191;2,1781113147735596;1712,01416015625;1773,2479248046875;1716;
118,192;2,1484439373016357;1746,2047119140625;1881,4742431640625;1716;
118,193;2,117354154586792;1691,83740234375;1635,730712890625;1716;
118,194;2,1224143505096436;1726,7677001953125;1712,6240234375;1716;
118,195;2,826714277267456;1717,21044921875;1693,326904296875;1716;
118,196;2,127399444580078;1712,6239013671875;1686,2020263671875;1716;
118,197;2,8138134479522705;1730,80712890625;1827,14599609375;1716;
118,198;2,1795337200164795;1718,7447509765625;1747,473876953125;1716;
118,199;2,1235907077789307;1726,7677001953125;1797,103271484375;1716;
118,2;2,910477638244629;1716,904052734375;1600,881591796875;1716;
118,201;2,13954496383667;1712,319091796875;1637,959228515625;1716;
118,202;2,819277048110962;1742,093017578125;1838,3212890625;1716;
118,203;2,1807103157043457;1706,849365234375;1752,568603515625;1716;
118,204;2,11419677734375;1726,7677001953125;1794,4210205078125;1716;
118,205;2,9007084369659424;1716,904052734375;1600,881591796875;1716;
118,206;2,155697822570801;1707,455322265625;1710,1878662109375;1716;
118,207;2,8210418224334717;1742,093017578125;1838,3212890625;1716;
118,208;2,1795337200164795;1690,0537109375;1618,1185302734375;1716;
118,209;2,115373134613037;1726,7677001953125;1722,4384765625;1716;
118,21;2,175981283187866;1716,904052734375;1571,5843505859375;1716;
118,211;2,1428160667419434;1734,552978515625;1789,08056640625;1716;
118,212;2,155702829360962;1720,589599609375;1729,8734130859375;1716;
118,213;2,1795337200164795;1696,911865234375;1700,51220703125;1716;
118,214;2,11419677734375;1727,07763671875;1821,609130859375;1716;
118,215;2,24005389213562;1717,21044921875;1611,611328125;1716;
118,216;2,1483747959136963;1722,1300048828125;1778,494140625;1716;
118,217;2,154526472091675;1731,7421875;1724,90966796875;1716;
118,218;2,2354161739349365;1702,31787109375;1698,1102294921875;1716;
118,219;2,11419677734375;1727,07763671875;1824,3734130859375;1716;
118,22;2,2203774452209473;1717,21044921875;1613,774658203125;1716;
118,221;2,1495511531829834;1712,6239013671875;1642,4345703125;1716;
118,222;2,8210418224334717;1740,831787109375;1797,103271484375;1716;
118,223;2,1795337200164795;1690,0537109375;1605,1563720703125;1716;
118,224;2,115373134613037;1726,7677001953125;1881,4742431640625;1716;
118,225;2,2392477989196777;1716,904052734375;1635,730712890625;1716;
118,226;2,1428160667419434;1716,904052734375;1635,730712890625;1716;
118,227;2,1188318729400635;1746,839111328125;1794,4210205078125;1716;
118,228;2,1795337200164795;1692,730712890625;1603,01611328125;1716;
118,229;2,11419677734375;1726,7677001953125;1884,42333984375;1716;
118,23;2,240424156188965;1716,904052734375;1635,730712890625;1716;
118,231;2,1428160667419434;1717,21044921875;1635,730712890625;1716;
118,232;2,8210418224334717;1729,562255859375;1656,0084228515625;1716;
118,233;2,128422737121582;1701,113525390625;1662,8797607421875;1716;
118,234;2,0968334674835205;1717,823974609375;1765,4361572265625;1716;
118,235;2,2203774452209473;1712,6239013671875;1719,974365234375;1716;
118,236;2,1495511531829834;1705,0338134765625;1757,693115234375;1716;
118,237;2,129563808441162;1723,3642578125;1715,067138671875;1716;
118,238;2,1233279705047607;1698,7100830078125;1569,53271484375;1716;
118,239;2,103405714035034;1736,7454833984375;1835,5145263671875;1716;
118,24;2,2203774452209473;1722,1300048828125;1752,568603515625;1716;
118,241;2,1483747959136963;1721,8216552734375;1750,017578125;1716;
118,242;2,130740165710449;1731,7421875;1712,6240234375;1716;
118,243;2,1233279705047607;1702,31787109375;1567,486328125;1716;
118,244;2,102229118347168;1736,7454833984375;1838,3212890625;1716;
118,245;2,2215540409088135;1722,1300048828125;1752,568603515625;1716;
118,246;2,1483747959136963;1722,1300048828125;1750,017578125;1716;
118,247;2,886403799057007;1732,053955078125;1712,6240234375;1716;
118,248;2,124504327774048;1702,31787109375;1569,53271484375;1716;
118,249;2,102229118347168;1736,431884765625;1835,5145263671875;1716;
118,25;2,2203774452209473;1721,8216552734375;1752,568603515625;1716;
118,251;2,1313726902008057;1721,8216552734375;1750,017578125;1716;
118,252;2,840707540512085;1731,7421875;1712,6240234375;1716;
118,253;2,1844310760498047;1702,31787109375;1567,486328125;1716;
118,254;2,12734055519104;1736,7454833984375;1838,3212890625;1716;
118,255;2,1577630043029785;1722,1300048828125;1752,568603515625;1716;
118,256;2,1301963329315186;1722,1300048828125;1752,568603515625;1716;
118,257;2,19071626663208;1731,7421875;1712,6240234375;1716;
118,258;2,1332547664642334;1702,0166015625;1567,486328125;1716;
118,259;2,8295505046844482;1736,7454833984375;1838,3212890625;1716;
118,26;2,1589393615722656;1722,1300048828125;1752,568603515625;1716;
118,261;2,1301963329315186;1722,1300048828125;1750,017578125;1716;
118,262;2,7674152851104736;1732,053955078125;1861,0867919921875;1716;
118,263;2,1224143505096436;1702,31787109375;1626,876953125;1716;
118,264;2,8295505046844482;1734,552978515625;1818,8533935546875;1716;
118,265;2,2203774452209473;1721,20556640625;1613,774658203125;1716;
118,266;2,1313726902008057;1722,746826171875;1829,9271240234375;1716;
118,267;2,1923956871032715;1732,67822265625;1750,017578125;1716;
118,268;2,1211116313934326;1724,291259765625;1778,494140625;1716;
118,269;2,12734055519104;1732,9903564453125;1722,4384765625;1716;
118,27;2,1638357639312744;1720,589599609375;1698,1102294921875;1716;
118,271;2,1301963329315186;1722,4383544921875;1778,494140625;1716;
118,272;2,1688859462738037;1714,4556884765625;1724,90966796875;1716;
118,273;2,1332547664642334;1699,310302734375;1744,9376220703125;1716;
118,274;2,8211159706115723;1719,974365234375;1707,7586669921875;1716;
118,275;2,1589393615722656;1731,118896484375;1690,9451904296875;1716;
118,276;2,1484439373016357;1713,2340087890625;1649,1934814453125;1716;
118,277;2,1800527572631836;1727,6982421875;1802,4918212890625;1716;
118,278;2,140439748764038;1703,22216796875;1712,6240234375;1716;
118,279;2,8295505046844482;1722,1300048828125;1690,9451904296875;1716;
118,28;2,175981283187866;1732,365966796875;1683,8404541015625;1716;
118,281;2,143537759780884;1709,2760009765625;1651,4588623046875;1716;
118,282;2,1800527572631836;1725,218994140625;1802,4918212890625;1716;
118,283;2,1212377548217773;1694,52001953125;1646,934326171875;1716;
118,284;2,8054232597351074;1717,823974609375;1797,103271484375;1716;
118,285;2,1914024353027344;1712,928955078125;1747,473876953125;1716;
118,286;2,1362786293029785;1707,15234375;1707,7586669921875;1716;
118,287;2,1812291145324707;1741,4622802734375;1835,5145263671875;1716;
118,288;2,127246141433716;1711,70947265625;1775,8671875;1716;
118,289;2,8211159706115723;1726,14794921875;1722,4384765625;1716;
118,29;2,1802852153778076;1700,812744140625;1698,1102294921875;1716;
118,291;2,1301963329315186;1721,20556640625;1683,8404541015625;1716;
118,292;2,1460177898406982;1731,118896484375;1821,609130859375;1716;
118,293;2,128422737121582;1711,70947265625;1783,7716064453125;1716;
118,294;2,804246664047241;1725,838134765625;1875,6038818359375;1716;
118,295;2,1823997497558594;1716,597412109375;1635,730712890625;1716;
118,296;2,185678005218506;1715,6788330078125;1635,730712890625;1716;
118,297;2,1800527572631836;1728,9404296875;1656,0084228515625;1716;
118,298;2,108874797821045;1712,319091796875;1722,4384765625;1716;
118,299;2,8307268619537354;1726,457763671875;1841,1363525390625;1716;
118,3;2,1577630043029785;1716,597412109375;1752,568603515625;1716;
118,301;2,1301963329315186;1704,4295654296875;1742,40869140625;1716;
118,302;2,11287784576416;1739,88720703125;1855,3427734375;1716;
118,303;2,1212377548217773;1693,0286865234375;1649,1934814453125;1716;
118,304;2,8295505046844482;1734,240234375;1799,7935791015625;1716;
118,305;2,1589393615722656;1720,589599609375;1734,865966796875;1716;
118,306;2,118619203567505;1713,2340087890625;1755,127197265625;1716;
118,307;2,1923956871032715;1727,387939453125;1715,067138671875;1716;
118,308;2,1344311237335205;1697,810546875;1715,067138671875;1716;
118,309;2,8295505046844482;1737,05908203125;1838,3212890625;1716;
118,31;2,176262617111206;1722,4383544921875;1752,568603515625;1716;
118,311;2,210196018218994;1722,1300048828125;1752,568603515625;1716;
118,312;2,129563808441162;1731,7421875;1712,6240234375;1716;
118,313;2,114819288253784;1697,5107421875;1715,067138671875;1716;
118,314;2,8307268619537354;1719,3592529296875;1693,326904296875;1716;
118,315;2,176262617111206;1713,539306640625;1683,8404541015625;1716;
118,316;2,122936964035034;1722,1300048828125;1786,4219970703125;1716;
118,317;2,1750574111938477;1732,053955078125;1884,42333984375;1716;
118,318;2,1207635402679443;1701,113525390625;1674,459716796875;1716;
118,319;2,8295505046844482;1720,8974609375;1672,130859375;1716;
118,32;2,1802852153778076;1702,0166015625;1635,730712890625;1716;
118,321;2,1301963329315186;1721,8216552734375;1791,7467041015625;1716;
118,322;2,1176555156707764;1731,7421875;1884,42333984375;1716;
118,323;2,1219398975372314;1702,31787109375;1674,459716796875;1716;
118,324;2,1446986198425293;1721,513427734375;1813,3665771484375;1716;
118,325;2,172961950302124;1697,810546875;1734,865966796875;1716;
118,326;2,12587833404541;1702,619140625;1702,9207763671875;1716;
118,327;2,111701250076294;1739,2578125;1832,716552734375;1716;
118,328;2,1029305458068848;1710,187744140625;1642,4345703125;1716;
118,329;2,1458749771118164;1725,5284423828125;1794,4210205078125;1716;
118,33;2,189969539642334;1716,2911376953125;1618,1185302734375;1716;
118,331;2,1423614025115967;1715,6788330078125;1781,1290283203125;1716;
118,332;2,1812291145324707;1728,629638671875;1729,8734130859375;1716;
118,333;2,108874797821045;1712,319091796875;1686,2020263671875;1716;
118,334;2,8295505046844482;1727,07763671875;1821,609130859375;1716;
118,335;2,1802852153778076;1717,823974609375;1613,774658203125;1716;
118,336;2,196666717529297;1705,336181640625;1781,1290283203125;1716;
118,337;2,163465976715088;1741,14697265625;1878,5345458984375;1716;
118,338;2,104107141494751;1711,1004638671875;1778,494140625;1716;
118,339;2,7758944034576416;1743,9884033203125;1872,682373046875;1716;
118,34;2,1791088581085205;1725,5284423828125;1768,032470703125;1716;
118,341;2,1313726902008057;1712,6239013671875;1739,8873291015625;1716;
118,342;2,111701250076294;1727,07763671875;1707,7586669921875;1716;
118,343;2,1029305458068848;1693,923095703125;1715,067138671875;1716;
118,344;2,7853472232818604;1735,1788330078125;1838,3212890625;1716;
118,345;2,1805317401885986;1721,513427734375;1567,486328125;1716;
118,346;2,1301963329315186;1722,1300048828125;1750,017578125;1716;
118,347;2,145020008087158;1732,053955078125;1712,6240234375;1716;
118,348;2,114819288253784;1697,810546875;1715,067138671875;1716;
118,349;2,2254323959350586;1736,7454833984375;1838,3212890625;1716;
118,35;2,1802852153778076;1702,31787109375;1567,486328125;1716;
118,351;2,7958121299743652;1722,1300048828125;1752,568603515625;1716;
118,352;2,129563808441162;1731,7421875;1712,6240234375;1716;
118,353;2,098162889480591;1689,163330078125;1649,1934814453125;1716;
118,354;2,2254323959350586;1732,365966796875;1799,7935791015625;1716;
118,355;2,1791088581085205;1702,31787109375;1707,7586669921875;1716;
118,356;2,8054232597351074;1722,1300048828125;1832,716552734375;1716;
118,357;2,1355178356170654;1714,4556884765625;1618,1185302734375;1716;
118,358;2,0969862937927246;1706,849365234375;1705,3363037109375;1716;
118,359;2,2202792167663574;1723,673095703125;1688,5703125;1716;
118,36;2,1791088581085205;1718,437744140625;1637,959228515625;1716;
118,361;2,1423614025115967;1712,928955078125;1656,0084228515625;1716;
118,362;2,1188318729400635;1727,387939453125;1807,912841796875;1716;
118,363;2,108874797821045;1694,8187255859375;1642,4345703125;1716;
118,364;2,2064435482025146;1717,823974609375;1794,4210205078125;1716;
118,365;2,1925787925720215;1705,941162109375;1618,1185302734375;1716;
118,366;2,1484439373016357;1706,849365234375;1644,681396484375;1716;
118,367;2,1236095428466797;1742,093017578125;1802,4918212890625;1716;
118,368;2,110051393508911;1696,6124267578125;1783,7716064453125;1716;
118,369;2,219102621078491;1718,437744140625;1722,4384765625;1716;
118,37;2,1791088581085205;1700,511962890625;1698,1102294921875;1716;
118,371;2,8138577938079834;1720,8974609375;1683,8404541015625;1716;
118,372;2,1176555156707764;1713,539306640625;1679,136962890625;1716;
118,373;2,108874797821045;1694,52001953125;1584,0079345703125;1716;
118,374;2,21394944190979;1717,21044921875;1760,2666015625;1716;
118,375;2,172961950302124;1698,7100830078125;1579,8450927734375;1716;
118,376;2,8126814365386963;1703,22216796875;1624,678466796875;1716;
118,377;2,1366941928863525;1722,1300048828125;1649,1934814453125;1716;
118,378;2,114819288253784;1699,010009765625;1729,8734130859375;1716;
118,379;2,219102621078491;1719,666748046875;1846,792724609375;1716;
118,38;2,1802852153778076;1701,41455078125;1563,4097900390625;1716;
118,381;2,124701738357544;1721,513427734375;1747,473876953125;1716;
118,382;2,1452717781066895;1720,589599609375;1752,568603515625;1716;
118,383;2,1159956455230713;1696,911865234375;1715,067138671875;1716;
118,384;2,7841708660125732;1718,7447509765625;1693,326904296875;1716;
118,385;2,1791088581085205;1702,619140625;1629,081298828125;1716;
118,386;2,0896496772766113;1722,4383544921875;1789,08056640625;1716;
118,387;2,127246141433716;1732,365966796875;1884,42333984375;1716;
118,388;2,1207635402679443;1701,113525390625;1674,459716796875;1716;
118,389;2,7605178356170654;1720,8974609375;1813,3665771484375;1716;
118,39;2,172961950302124;1697,810546875;1607,30224609375;1716;
118,391;2,7958121299743652;1702,920654296875;1637,959228515625;1716;
118,392;2,1188318729400635;1739,88720703125;1797,103271484375;1716;
118,393;2,1029305458068848;1694,8187255859375;1649,1934814453125;1716;
118,394;2,2064435482025146;1717,823974609375;1799,7935791015625;1716;
118,395;2,1925787925720215;1690,64794921875;1618,1185302734375;1716;
118,396;2,8126814365386963;1716,2911376953125;1781,1290283203125;1716;
118,397;2,1176555156707764;1729,2513427734375;1727,3880615234375;1716;
118,398;2,110051393508911;1712,319091796875;1688,5703125;1716;
118,399;2,2254323959350586;1726,457763671875;1821,609130859375;1716;
118,4;2,16066837310791;1709,8837890625;1674,459716796875;1716;
118,401;2,143537759780884;1708,365234375;1672,130859375;1716;
118,402;2,1200082302093506;1724,600341796875;1674,459716796875;1716;
118,403;2,108874797821045;1694,8187255859375;1586,09765625;1716;
118,404;2,21394944190979;1717,5172119140625;1760,2666015625;1716;
118,405;2,172961950302124;1699,610595703125;1579,8450927734375;1716;
118,406;2,8126814365386963;1703,52392578125;1624,678466796875;1716;
118,407;2,1188318729400635;1722,4383544921875;1789,08056640625;1716;
118,408;2,108874797821045;1694,8187255859375;1695,715087890625;1716;
118,409;2,219102621078491;1717,5172119140625;1827,14599609375;1716;
118,41;2,1802852153778076;1701,113525390625;1571,5843505859375;1716;
118,411;2,1301963329315186;1721,513427734375;1752,568603515625;1716;
118,412;2,129563808441162;1731,430419921875;1712,6240234375;1716;
118,413;2,1159956455230713;1698,1102294921875;1715,067138671875;1716;
118,414;2,2254323959350586;1736,7454833984375;1838,3212890625;1716;
118,415;2,1791088581085205;1702,31787109375;1690,9451904296875;1716;
118,416;2,119795560836792;1722,1300048828125;1827,14599609375;1716;
118,417;2,139263153076172;1719,666748046875;1734,865966796875;1716;
118,418;2,108874797821045;1713,2340087890625;1705,3363037109375;1716;
118,419;2,2266087532043457;1727,07763671875;1686,2020263671875;1716;
118,42;2,1791088581085205;1702,619140625;1631,291748046875;1716;
118,421;2,787965774536133;1722,4383544921875;1789,08056640625;1716;
118,422;2,128422737121582;1714,76123046875;1729,8734130859375;1716;
118,423;2,1207635402679443;1701,41455078125;1742,40869140625;1716;
118,424;2,219102621078491;1720,8974609375;1705,3363037109375;1716;
118,425;2,16747784614563;1718,130859375;1629,081298828125;1716;
118,426;2,7958121299743652;1712,6239013671875;1651,4588623046875;1716;
118,427;2,1176555156707764;1727,07763671875;1805,1982421875;1716;
118,428;2,0922188758850098;1693,6248779296875;1642,4345703125;1716;
118,429;2,2064435482025146;1717,21044921875;1794,4210205078125;1716;
118,43;2,1785058975219727;1705,941162109375;1750,017578125;1716;
118,431;2,8138577938079834;1706,849365234375;1712,6240234375;1716;
118,432;2,1176555156707764;1741,777587890625;1841,1363525390625;1716;
118,433;2,108874797821045;1712,319091796875;1775,8671875;1716;
118,434;2,2202792167663574;1727,07763671875;1722,4384765625;1716;
118,435;2,1663014888763428;1700,812744140625;1698,1102294921875;1716;
118,436;2,8126814365386963;1721,20556640625;1686,2020263671875;1716;
118,437;2,1344311237335205;1731,7421875;1827,14599609375;1716;
118,438;2,108874797821045;1712,01416015625;1781,1290283203125;1716;
118,439;2,2064435482025146;1726,7677001953125;1875,6038818359375;1716;
118,44;2,1925787925720215;1689,4599609375;1603,01611328125;1716;
118,441;2,8126814365386963;1715,372802734375;1635,730712890625;1716;
118,442;2,1332547664642334;1728,319091796875;1773,2479248046875;1716;
118,443;2,110051393508911;1694,8187255859375;1722,4384765625;1716;
118,444;2,212773084640503;1717,5172119140625;1841,1363525390625;1716;
118,445;2,172961950302124;1699,910888671875;1565,4454345703125;1716;
118,446;2,78914213180542;1720,8974609375;1750,017578125;1716;
118,447;2,1452717781066895;1721,20556640625;1752,568603515625;1716;
118,448;2,114819288253784;1697,211181640625;1712,6240234375;1716;
118,449;2,2266087532043457;1736,431884765625;1835,5145263671875;1716;
118,45;2,1791088581085205;1702,0166015625;1567,486328125;1716;
118,451;2,7958121299743652;1721,8216552734375;1752,568603515625;1716;
118,452;2,2022452354431152;1731,430419921875;1712,6240234375;1716;
118,453;2,0910422801971436;1705,638671875;1783,7716064453125;1716;
118,454;2,2254323959350586;1723,3642578125;1724,90966796875;1716;
118,455;2,16747784614563;1702,31787109375;1613,774658203125;1716;
118,456;2,8126814365386963;1722,1300048828125;1781,1290283203125;1716;
118,457;2,1212377548217773;1714,76123046875;1818,8533935546875;1716;
118,458;2,086862802505493;1699,610595703125;1744,9376220703125;1716;
118,459;2,219102621078491;1720,281982421875;1705,3363037109375;1716;
118,46;2,1663014888763428;1718,7447509765625;1631,291748046875;1716;
118,461;2,7969884872436523;1713,539306640625;1653,7305908203125;1716;
118,462;2,1332547664642334;1728,319091796875;1807,912841796875;1716;
118,463;2,0910422801971436;1694,8187255859375;1642,4345703125;1716;
118,464;2,2076199054718018;1718,130859375;1794,4210205078125;1716;
118,465;2,1785058975219727;1706,2437744140625;1750,017578125;1716;
118,466;2,8126814365386963;1706,849365234375;1712,6240234375;1716;
118,467;2,1344311237335205;1741,777587890625;1600,881591796875;1716;
118,468;2,0969862937927246;1712,01416015625;1637,959228515625;1716;
118,469;2,2064435482025146;1726,7677001953125;1791,7467041015625;1716;
118,47;2,179682493209839;1690,350830078125;1620,29931640625;1716;
118,471;2,767617702484131;1715,9849853515625;1783,7716064453125;1716;
118,472;2,1332547664642334;1717,21044921875;1698,1102294921875;1716;
118,473;2,0922188758850098;1712,01416015625;1686,2020263671875;1716;
118,474;2,1630351543426514;1726,457763671875;1821,609130859375;1716;
118,475;2,14799427986145;1710,4918212890625;1676,7950439453125;1716;
118,476;2,115373134613037;1709,2760009765625;1835,5145263671875;1716;
118,477;2,1332547664642334;1717,823974609375;1618,1185302734375;1716;
118,478;2,1029305458068848;1712,928955078125;1783,7716064453125;1716;
118,479;2,151987314224243;1727,387939453125;1875,6038818359375;1716;
118,48;2,1785058975219727;1690,350830078125;1603,01611328125;1716;
118,481;2,787965774536133;1715,6788330078125;1773,2479248046875;1716;
118,482;2,128422737121582;1712,6239013671875;1737,3729248046875;1716;
118,483;2,0910422801971436;1709,579833984375;1705,3363037109375;1716;
118,484;2,1630351543426514;1743,040283203125;1832,716552734375;1716;
118,485;2,16747784614563;1702,31787109375;1555,319580078125;1716;
118,486;2,7958121299743652;1705,336181640625;1744,9376220703125;1716;
118,487;2,1332547664642334;1714,4556884765625;1752,568603515625;1716;
118,488;2,0922188758850098;1694,2216796875;1712,6240234375;1716;
118,489;2,230020761489868;1731,118896484375;1712,6240234375;1716;
118,49;2,1663014888763428;1701,715576171875;1565,4454345703125;1716;
118,491;2,752241373062134;1721,513427734375;1750,017578125;1716;
118,492;2,1452717781066895;1721,8216552734375;1752,568603515625;1716;
118,493;2,78462553024292;1714,150146484375;1863,9722900390625;1716;
118,494;2,1642117500305176;1727,6982421875;1762,8475341796875;1716;
118,495;2,242771863937378;1702,0166015625;1596,6295166015625;1716;
118,496;2,1497833728790283;1722,4383544921875;1770,63623046875;1716;
118,497;2,110051393508911;1730,495849609375;1747,473876953125;1716;
118,498;2,78462553024292;1718,7447509765625;1861,0867919921875;1716;
118,499;2,1630351543426514;1729,873291015625;1760,2666015625;1716;
118,5;2,155272960662842;1701,715576171875;1596,6295166015625;1716;
118,501;2,7433764934539795;1722,1300048828125;1770,63623046875;1716;
118,502;2,108874797821045;1730,495849609375;1613,774658203125;1716;
118,503;2,8025920391082764;1719,052001953125;1783,7716064453125;1716;
118,504;2,172961950302124;1730,495849609375;1724,90966796875;1716;
118,505;2,1540966033935547;1686,79345703125;1605,1563720703125;1716;
118,506;2,156543016433716;1714,76123046875;1775,8671875;1716;
118,507;2,108874797821045;1730,80712890625;1744,9376220703125;1716;
118,508;2,0910422801971436;1702,0166015625;1712,6240234375;1716;
118,509;2,1741385459899902;1739,2578125;1835,5145263671875;1716;
118,51;2,160198926925659;1702,31787109375;1567,486328125;1716;
118,511;2,1738810539245605;1722,746826171875;1620,29931640625;1716;
118,512;2,1242928504943848;1718,437744140625;1715,067138671875;1716;
118,513;2,78462553024292;1712,928955078125;1843,960205078125;1716;
118,514;2,172961950302124;1732,67822265625;1797,103271484375;1716;
118,515;2,1613755226135254;1702,31787109375;1600,881591796875;1716;
118,516;2,111701250076294;1722,746826171875;1637,959228515625;1716;
118,517;2,1207635402679443;1736,118408203125;1783,7716064453125;1716;
118,518;2,785801887512207;1704,4295654296875;1729,8734130859375;1716;
118,519;2,172961950302124;1731,7421875;1705,3363037109375;1716;
118,52;2,14799427986145;1702,0166015625;1563,4097900390625;1716;
118,521;2,1175177097320557;1722,4383544921875;1750,017578125;1716;
118,522;2,1267077922821045;1721,513427734375;1752,568603515625;1716;
118,523;2,78462553024292;1697,211181640625;1715,067138671875;1716;
118,524;2,155702829360962;1749,6990966796875;1863,9722900390625;1716;
118,525;2,160198926925659;1710,4918212890625;1629,081298828125;1716;
118,526;2,093839168548584;1726,457763671875;1789,08056640625;1716;
118,527;2,145716667175293;1721,513427734375;1600,881591796875;1716;
118,528;2,18322491645813;1714,4556884765625;1775,8671875;1716;
118,529;2,1484439373016357;1747,791259765625;1807,912841796875;1716;
118,53;2,8137094974517822;1692,730712890625;1607,30224609375;1716;
118,531;2,127246141433716;1729,2513427734375;1881,4742431640625;1716;
118,532;2,1385960578918457;1718,130859375;1633,50830078125;1716;
118,533;2,184401512145996;1712,928955078125;1794,4210205078125;1716;
118,534;2,1484439373016357;1729,2513427734375;1656,0084228515625;1716;
118,535;2,8041579723358154;1700,21142578125;1660,5828857421875;1716;
118,536;2,0896496772766113;1720,8974609375;1807,912841796875;1716;
118,537;2,1207635402679443;1712,6239013671875;1719,974365234375;1716;
118,538;2,2077972888946533;1709,8837890625;1698,1102294921875;1716;
118,539;2,143537759780884;1728,008544921875;1683,8404541015625;1716;
118,54;2,812533140182495;1700,21142578125;1553,3101806640625;1716;
118,541;2,1092207431793213;1703,82568359375;1835,5145263671875;1716;
118,542;2,1278841495513916;1713,2340087890625;1615,943603515625;1716;
118,543;2,1952171325683594;1709,8837890625;1783,7716064453125;1716;
118,544;2,154526472091675;1750,654541015625;1805,1982421875;1716;
118,545;2,8137094974517822;1693,923095703125;1605,1563720703125;1716;
118,546;2,127246141433716;1728,9404296875;1881,4742431640625;1716;
118,547;2,1207635402679443;1718,437744140625;1773,2479248046875;1716;
118,548;2,1781113147735596;1696,313232421875;1724,90966796875;1716;
118,549;2,1423614025115967;1727,6982421875;1705,3363037109375;1716;
118,55;2,7507190704345703;1717,5172119140625;1688,5703125;1716;
118,551;2,1049771308898926;1734,86572265625;1762,8475341796875;1716;
118,552;2,892115592956543;1721,20556640625;1717,517333984375;1716;
118,553;2,1875898838043213;1714,4556884765625;1846,792724609375;1716;
118,554;2,1800334453582764;1741,14697265625;1786,4219970703125;1716;
118,555;2,76715350151062;1706,54638671875;1598,7528076171875;1716;
118,556;2,127246141433716;1711,70947265625;1734,865966796875;1716;
118,557;2,893292188644409;1709,579833984375;1702,9207763671875;1716;
118,558;2,115842342376709;1708,668701171875;1838,3212890625;1716;
118,559;2,154526472091675;1727,07763671875;1653,7305908203125;1716;
118,56;2,199284076690674;1716,2911376953125;1660,5828857421875;1716;
118,561;2,102229118347168;1721,513427734375;1770,63623046875;1716;
118,562;2,892115592956543;1714,4556884765625;1719,974365234375;1716;
118,563;2,1346487998962402;1711,1004638671875;1849,6339111328125;1716;
118,564;2,7958269119262695;1723,673095703125;1786,4219970703125;1716;
118,565;2,7589361667633057;1698,1102294921875;1596,6295166015625;1716;
118,566;2,1224143505096436;1709,8837890625;1755,127197265625;1716;
118,567;2,835139036178589;1726,457763671875;1715,067138671875;1716;
118,568;2,127399444580078;1700,511962890625;1700,51220703125;1716;
118,569;2,155702829360962;1732,365966796875;1719,974365234375;1716;
118,57;2,1919162273406982;1702,619140625;1569,53271484375;1716;
118,571;2,102229118347168;1739,2578125;1838,3212890625;1716;
118,572;2,836315631866455;1723,3642578125;1752,568603515625;1716;
118,573;2,1483747959136963;1698,1102294921875;1715,067138671875;1716;
118,574;2,166691541671753;1731,7421875;1712,6240234375;1716;
118,575;2,186901569366455;1702,0166015625;1567,486328125;1716;
118,576;2,102229118347168;1736,7454833984375;1838,3212890625;1716;
118,577;2,2203774452209473;1722,1300048828125;1752,568603515625;1716;
118,578;2,1285760402679443;1697,5107421875;1712,6240234375;1716;
118,579;2,166691541671753;1731,7421875;1712,6240234375;1716;
118,58;2,185724973678589;1702,0166015625;1567,486328125;1716;
118,581;2,103405714035034;1736,7454833984375;1838,3212890625;1716;
118,582;2,7896010875701904;1722,1300048828125;1752,568603515625;1716;
118,583;2,1483747959136963;1697,810546875;1715,067138671875;1716;
118,584;2,887580156326294;1732,053955078125;1712,6240234375;1716;
118,585;2,185724973678589;1702,31787109375;1567,486328125;1716;
118,586;2,102229118347168;1736,431884765625;1835,5145263671875;1716;
118,587;2,2215540409088135;1721,8216552734375;1752,568603515625;1716;
118,588;2,15425705909729;1721,8216552734375;1750,017578125;1716;
118,589;2,886403799057007;1731,7421875;1712,6240234375;1716;
118,59;2,126857280731201;1702,31787109375;1567,486328125;1716;
118,591;2,102229118347168;1736,7454833984375;1838,3212890625;1716;
118,592;2,2203774452209473;1722,1300048828125;1752,568603515625;1716;
118,593;2,1495511531829834;1722,1300048828125;1752,568603515625;1716;
118,594;2,886403799057007;1731,7421875;1712,6240234375;1716;
118,595;2,1233279705047607;1702,0166015625;1567,486328125;1716;
118,596;2,103405714035034;1736,431884765625;1835,5145263671875;1716;
118,597;2,2392477989196777;1721,8216552734375;1620,29931640625;1716;
118,598;2,16066837310791;1726,14794921875;1789,08056640625;1716;
118,599;2,887580156326294;1733,614990234375;1729,8734130859375;1716;
118,6;2,1233279705047607;1686,4976806640625;1575,7039794921875;1716;
118,601;2,176346778869629;1737,05908203125;1832,716552734375;1716;
118,602;2,2744951248168945;1722,4383544921875;1750,017578125;1716;
118,603;2,1301963329315186;1721,513427734375;1750,017578125;1716;
118,604;2,840707540512085;1731,7421875;1712,6240234375;1716;
118,605;2,1937379837036133;1702,31787109375;1567,486328125;1716;
118,606;2,126164197921753;1736,7454833984375;1838,3212890625;1716;
118,607;2,1577630043029785;1722,1300048828125;1752,568603515625;1716;
118,608;2,1313726902008057;1722,1300048828125;1750,017578125;1716;
118,609;2,840707540512085;1732,053955078125;1712,6240234375;1716;
118,61;2,1332547664642334;1697,5107421875;1712,6240234375;1716;
118,611;2,12734055519104;1736,431884765625;1835,5145263671875;1716;
118,612;2,1577630043029785;1721,8216552734375;1752,568603515625;1716;
118,613;2,1301963329315186;1721,8216552734375;1750,017578125;1716;
118,614;2,1935722827911377;1731,7421875;1712,6240234375;1716;
118,615;2,1360909938812256;1702,31787109375;1567,486328125;1716;
118,616;2,126164197921753;1736,431884765625;1835,5145263671875;1716;
118,617;2,1589393615722656;1721,8216552734375;1752,568603515625;1716;
118,618;2,1301963329315186;1721,8216552734375;1750,017578125;1716;
118,619;2,1923956871032715;1731,7421875;1712,6240234375;1716;
118,62;2,1358494758605957;1702,31787109375;1567,486328125;1716;
118,621;2,8295505046844482;1736,7454833984375;1838,3212890625;1716;
118,622;2,1577630043029785;1722,1300048828125;1752,568603515625;1716;
118,623;2,1313726902008057;1722,1300048828125;1750,017578125;1716;
118,624;2,1923956871032715;1732,053955078125;1712,6240234375;1716;
118,625;2,115229368209839;1702,31787109375;1690,9451904296875;1716;
118,626;2,8307268619537354;1732,053955078125;1797,103271484375;1716;
118,627;2,1577630043029785;1719,666748046875;1734,865966796875;1716;
118,628;2,1301963329315186;1721,8216552734375;1757,693115234375;1716;
118,629;2,1812291145324707;1731,430419921875;1866,8665771484375;1716;
118,63;2,127246141433716;1695,416259765625;1681,4854736328125;1716;
118,631;2,8295505046844482;1735,1788330078125;1818,8533935546875;1716;
118,632;2,1589393615722656;1721,8216552734375;1613,774658203125;1716;
118,633;2,1301963329315186;1722,746826171875;1832,716552734375;1716;
118,634;2,1923956871032715;1732,67822265625;1750,017578125;1716;
118,635;2,116405725479126;1707,15234375;1642,4345703125;1716;
118,636;2,8295505046844482;1724,600341796875;1656,0084228515625;1716;
118,637;2,1638357639312744;1716,2911376953125;1665,182861328125;1716;
118,638;2,1313726902008057;1705,336181640625;1660,5828857421875;1716;
118,639;2,1800527572631836;1723,0556640625;1807,912841796875;1716;
118,64;2,1452717781066895;1703,52392578125;1710,1878662109375;1716;
118,641;2,1397628784179688;1722,4383544921875;1835,5145263671875;1716;
118,642;2,2394585609436035;1715,067138671875;1620,29931640625;1716;
118,643;2,1362786293029785;1706,849365234375;1700,51220703125;1716;
118,644;2,141141414642334;1741,777587890625;1832,716552734375;1716;
118,645;2,139263153076172;1701,41455078125;1579,8450927734375;1716;
118,646;2,804246664047241;1721,20556640625;1757,693115234375;1716;
118,647;2,1955952644348145;1731,7421875;1715,067138671875;1716;
118,648;2,1362786293029785;1707,455322265625;1791,7467041015625;1716;
118,649;2,1862242221832275;1724,600341796875;1732,3660888671875;1716;
118,65;2,110051393508911;1696,0140380859375;1693,326904296875;1716;
118,651;2,804246664047241;1735,8050537109375;1824,3734130859375;1716;
118,652;2,1823997497558594;1721,513427734375;1615,943603515625;1716;
118,653;2,143537759780884;1706,849365234375;1642,4345703125;1716;
118,654;2,1236095428466797;1741,4622802734375;1797,103271484375;1716;
118,655;2,127246141433716;1696,0140380859375;1658,29248046875;1716;
118,656;2,8222923278808594;1718,437744140625;1805,1982421875;1716;
118,657;2,1791088581085205;1713,2340087890625;1695,715087890625;1716;
118,658;2,1301963329315186;1721,513427734375;1829,9271240234375;1716;
118,659;2,1935722827911377;1731,7421875;1750,017578125;1716;
118,66;2,1332547664642334;1697,211181640625;1695,715087890625;1716;
118,661;2,1446986198425293;1737,05908203125;1827,14599609375;1716;
118,662;2,1771843433380127;1722,4383544921875;1747,473876953125;1716;
118,663;2,1284313201904297;1719,974365234375;1752,568603515625;1716;
118,664;2,181328296661377;1730,495849609375;1712,6240234375;1716;
118,665;2,1159956455230713;1697,211181640625;1712,6240234375;1716;
118,666;2,7841708660125732;1736,431884765625;1835,5145263671875;1716;
118,667;2,176262617111206;1721,8216552734375;1752,568603515625;1716;
118,668;2,1313726902008057;1721,8216552734375;1750,017578125;1716;
118,669;2,111701250076294;1731,7421875;1861,0867919921875;1716;
118,67;2,1029305458068848;1693,3267822265625;1679,136962890625;1716;
118,671;2,8307268619537354;1716,904052734375;1674,459716796875;1716;
118,672;2,176262617111206;1729,2513427734375;1674,459716796875;1716;
118,673;2,1301963329315186;1721,8216552734375;1794,4210205078125;1716;
118,674;2,1188318729400635;1731,430419921875;1884,42333984375;1716;
118,675;2,1207635402679443;1702,31787109375;1676,7950439453125;1716;
118,676;2,804246664047241;1721,8216552734375;1816,1058349609375;1716;
118,677;2,1741385459899902;1732,053955078125;1742,40869140625;1716;
118,678;2,1301963329315186;1719,974365234375;1773,2479248046875;1716;
118,679;2,1176555156707764;1748,4268798828125;1872,682373046875;1716;
118,68;2,1219398975372314;1702,619140625;1827,14599609375;1716;
118,681;2,8211159706115723;1721,513427734375;1744,9376220703125;1716;
118,682;2,1791088581085205;1701,113525390625;1752,568603515625;1716;
118,683;2,12587833404541;1721,8216552734375;1710,1878662109375;1716;
118,684;2,171701192855835;1732,053955078125;1838,3212890625;1716;
118,685;2,1029305458068848;1710,4918212890625;1775,8671875;1716;
118,686;2,21394944190979;1725,838134765625;1722,4384765625;1716;
118,687;2,1776857376098633;1716,904052734375;1698,1102294921875;1716;
118,688;2,1423614025115967;1721,20556640625;1683,8404541015625;1716;
118,689;2,1188318729400635;1731,430419921875;1824,3734130859375;1716;
118,69;2,108874797821045;1711,70947265625;1781,1290283203125;1716;
118,691;2,759341239929199;1726,14794921875;1875,6038818359375;1716;
118,692;2,1897130012512207;1716,904052734375;1633,50830078125;1716;
118,693;2,124701738357544;1715,372802734375;1770,63623046875;1716;
118,694;2,111701250076294;1746,2047119140625;1875,6038818359375;1716;
118,695;2,104107141494751;1710,187744140625;1778,494140625;1716;
118,696;2,7758944034576416;1743,040283203125;1872,682373046875;1716;
118,697;2,1791088581085205;1700,812744140625;1667,4925537109375;1716;
118,698;2,1313726902008057;1721,20556640625;1813,3665771484375;1716;
118,699;2,111701250076294;1731,430419921875;1742,40869140625;1716;
118,7;2,1029305458068848;1711,1004638671875;1846,792724609375;1716;
118,701;2,8054232597351074;1726,457763671875;1752,568603515625;1716;
118,702;2,172961950302124;1698,409912109375;1598,7528076171875;1716;
118,703;2,124701738357544;1719,974365234375;1768,032470703125;1716;
118,704;2,11287784576416;1730,495849609375;1719,974365234375;1716;
118,705;2,1207635402679443;1701,113525390625;1710,1878662109375;1716;
118,706;2,2254323959350586;1738,31494140625;1835,5145263671875;1716;
118,707;2,1802852153778076;1702,619140625;1569,53271484375;1716;
118,708;2,1301963329315186;1722,4383544921875;1752,568603515625;1716;
118,709;2,129563808441162;1732,053955078125;1712,6240234375;1716;
118,71;2,1159956455230713;1697,5107421875;1712,6240234375;1716;
118,711;2,2254323959350586;1736,431884765625;1835,5145263671875;1716;
118,712;2,1791088581085205;1702,0166015625;1567,486328125;1716;
118,713;2,1313726902008057;1721,8216552734375;1752,568603515625;1716;
118,714;2,1452717781066895;1731,430419921875;1752,568603515625;1716;
118,715;2,114819288253784;1697,5107421875;1715,067138671875;1716;
118,716;2,7853472232818604;1719,3592529296875;1693,326904296875;1716;
118,717;2,1814615726470947;1702,619140625;1629,081298828125;1716;
118,718;2,787965774536133;1722,4383544921875;1789,08056640625;1716;
118,719;2,130740165710449;1732,053955078125;1729,8734130859375;1716;
118,72;2,114819288253784;1696,911865234375;1642,4345703125;1716;
118,721;2,2254323959350586;1736,118408203125;1794,4210205078125;1716;
118,722;2,16747784614563;1702,0166015625;1710,1878662109375;1716;
118,723;2,804246664047241;1721,8216552734375;1838,3212890625;1716;
118,724;2,1176555156707764;1714,150146484375;1752,568603515625;1716;
118,725;2,110051393508911;1711,405029296875;1739,8873291015625;1716;
118,726;2,219102621078491;1726,457763671875;1705,3363037109375;1716;
118,727;2,1663014888763428;1718,7447509765625;1765,4361572265625;1716;
118,728;2,12587833404541;1713,539306640625;1719,974365234375;1716;
118,729;2,111701250076294;1728,319091796875;1846,792724609375;1716;
118,73;2,0910422801971436;1710,796142578125;1635,730712890625;1716;
118,731;2,2076199054718018;1726,7677001953125;1791,7467041015625;1716;
118,732;2,1914024353027344;1690,350830078125;1620,29931640625;1716;
118,733;2,8126814365386963;1716,2911376953125;1781,1290283203125;1716;
118,734;2,124785900115967;1729,2513427734375;1727,3880615234375;1716;
118,735;2,0910422801971436;1712,319091796875;1686,2020263671875;1716;
118,736;2,2254323959350586;1726,457763671875;1821,609130859375;1716;
118,737;2,1491708755493164;1710,4918212890625;1676,7950439453125;1716;
118,738;2,8126814365386963;1709,2760009765625;1676,7950439453125;1716;
118,739;2,1332547664642334;1717,823974609375;1752,568603515625;1716;
118,74;2,110051393508911;1712,928955078125;1712,6240234375;1716;
118,741;2,212773084640503;1727,387939453125;1835,5145263671875;1716;
118,742;2,172961950302124;1699,910888671875;1551,305908203125;1716;
118,743;2,78914213180542;1703,52392578125;1742,40869140625;1716;
118,744;2,127246141433716;1712,6239013671875;1752,568603515625;1716;
118,745;2,1029305458068848;1709,579833984375;1712,6240234375;1716;
118,746;2,1703238487243652;1742,724365234375;1835,5145263671875;1716;
118,747;2,1724038124084473;1703,52392578125;1553,3101806640625;1716;
118,748;2,093839168548584;1705,336181640625;1742,40869140625;1716;
118,749;2,128422737121582;1713,539306640625;1618,1185302734375;1716;
118,75;2,0969862937927246;1710,187744140625;1783,7716064453125;1716;
118,751;2,2254323959350586;1725,5284423828125;1722,4384765625;1716;
118,752;2,1735801696777344;1686,201904296875;1607,30224609375;1716;
118,753;2,787965774536133;1713,8447265625;1775,8671875;1716;
118,754;2,127246141433716;1730,495849609375;1744,9376220703125;1716;
118,755;2,0922188758850098;1702,0166015625;1710,1878662109375;1716;
118,756;2,1630351543426514;1739,2578125;1835,5145263671875;1716;
118,757;2,1663014888763428;1702,619140625;1569,53271484375;1716;
118,758;2,7969884872436523;1722,4383544921875;1752,568603515625;1716;
118,759;2,1452717781066895;1722,4383544921875;1752,568603515625;1716;
118,76;2,0910422801971436;1697,5107421875;1712,6240234375;1716;
118,761;2,1642117500305176;1736,431884765625;1835,5145263671875;1716;
118,762;2,232771873474121;1701,715576171875;1565,4454345703125;1716;
118,763;2,7510647773742676;1721,513427734375;1750,017578125;1716;
118,764;2,1278841495513916;1721,8216552734375;1752,568603515625;1716;
118,765;2,0910422801971436;1697,211181640625;1715,067138671875;1716;
118,766;2,1630351543426514;1736,431884765625;1838,3212890625;1716;
118,767;2,1613755226135254;1701,715576171875;1565,4454345703125;1716;
118,768;2,1553664207458496;1721,8216552734375;1750,017578125;1716;
118,769;2,1267077922821045;1721,8216552734375;1752,568603515625;1716;
118,77;2,0922188758850098;1697,211181640625;1715,067138671875;1716;
118,771;2,1630351543426514;1736,431884765625;1838,3212890625;1716;
118,772;2,160198926925659;1701,715576171875;1565,4454345703125;1716;
118,773;2,752241373062134;1721,8216552734375;1750,017578125;1716;
118,774;2,1267077922821045;1721,8216552734375;1752,568603515625;1716;
118,775;2,78462553024292;1714,150146484375;1863,9722900390625;1716;
118,776;2,1741385459899902;1727,6982421875;1762,8475341796875;1716;
118,777;2,1540966033935547;1702,0166015625;1596,6295166015625;1716;
118,778;2,1677095890045166;1722,4383544921875;1635,730712890625;1716;
118,779;2,104107141494751;1726,14794921875;1710,1878662109375;1716;
118,78;2,0910422801971436;1699,910888671875;1695,715087890625;1716;
118,781;2,172961950302124;1732,365966796875;1722,4384765625;1716;
118,782;2,16747784614563;1702,0166015625;1569,53271484375;1716;
118,783;2,1553664207458496;1722,1300048828125;1752,568603515625;1716;
118,784;2,1267077922821045;1722,746826171875;1752,568603515625;1716;
118,785;2,0922188758850098;1697,5107421875;1715,067138671875;1716;
118,786;2,172961950302124;1749,380859375;1863,9722900390625;1716;
118,787;2,160198926925659;1710,4918212890625;1626,876953125;1716;
118,788;2,156543016433716;1726,7677001953125;1789,08056640625;1716;
118,789;2,1267077922821045;1722,4383544921875;1734,865966796875;1716;
118,79;2,768423557281494;1715,067138671875;1855,3427734375;1716;
118,791;2,1618447303771973;1728,008544921875;1786,4219970703125;1716;
118,792;2,1540966033935547;1717,5172119140625;1727,3880615234375;1716;
118,793;2,1057472229003906;1730,1845703125;1700,51220703125;1716;
118,794;2,1183485984802246;1734,86572265625;1747,473876953125;1716;
118,795;2,793020486831665;1703,82568359375;1712,6240234375;1716;
118,796;2,1545214653015137;1723,673095703125;1710,1878662109375;1716;
118,797;2,7969589233398438;1715,372802734375;1690,9451904296875;1716;
118,798;2,1057472229003906;1729,2513427734375;1683,8404541015625;1716;
118,799;2,1267077922821045;1725,838134765625;1752,568603515625;1716;
118,8;2,2124276161193848;1716,2911376953125;1712,6240234375;1716;
118,801;2,1423614025115967;1745,254150390625;1818,8533935546875;1716;
118,802;2,1540966033935547;1708,365234375;1611,611328125;1716;
118,803;2,1224143505096436;1726,457763671875;1875,6038818359375;1716;
118,804;2,1326520442962646;1716,597412109375;1631,291748046875;1716;
118,805;2,1769349575042725;1712,01416015625;1794,4210205078125;1716;
118,806;2,167868137359619;1737,05908203125;1722,4384765625;1716;
118,807;2,8041579723358154;1704,4295654296875;1695,715087890625;1716;
118,808;2,1212377548217773;1723,3642578125;1686,2020263671875;1716;
118,809;2,1421642303466797;1716,597412109375;1609,4539794921875;1716;
118,81;2,188926935195923;1711,70947265625;1781,1290283203125;1716;
118,811;2,154526472091675;1732,053955078125;1727,3880615234375;1716;
118,812;2,8053343296051025;1702,31787109375;1698,1102294921875;1716;
118,813;2,1212377548217773;1727,387939453125;1821,609130859375;1716;
118,814;2,1029305458068848;1717,5172119140625;1744,9376220703125;1716;
118,815;2,202683687210083;1712,319091796875;1710,1878662109375;1716;
118,816;2,1423614025115967;1743,672119140625;1821,609130859375;1716;
118,817;2,7589361667633057;1725,5284423828125;1744,9376220703125;1716;
118,818;2,1224143505096436;1727,387939453125;1797,103271484375;1716;
118,819;2,909301280975342;1717,5172119140625;1600,881591796875;1716;
118,82;2,121914863586426;1712,928955078125;1775,8671875;1716;
118,821;2,149620294570923;1747,473876953125;1878,5345458984375;1716;
118,822;2,8041579723358154;1692,432861328125;1633,50830078125;1716;
118,823;2,1212377548217773;1726,7677001953125;1712,6240234375;1716;
118,824;2,8278908729553223;1716,904052734375;1693,326904296875;1716;
118,825;2,127399444580078;1712,319091796875;1688,5703125;1716;
118,826;2,154526472091675;1729,873291015625;1821,609130859375;1716;
118,827;2,199284076690674;1717,823974609375;1611,611328125;1716;
118,828;2,126164197921753;1730,1845703125;1835,5145263671875;1716;
118,829;2,9007084369659424;1718,437744140625;1618,1185302734375;1716;
118,83;2,140721321105957;1696,313232421875;1649,1934814453125;1716;
118,831;2,1484439373016357;1742,724365234375;1832,716552734375;1716;
118,832;2,183378219604492;1707,758544921875;1615,943603515625;1716;
118,833;2,121356964111328;1730,1845703125;1832,716552734375;1716;
118,834;2,9007084369659424;1718,130859375;1615,943603515625;1716;
118,835;2,133472204208374;1695,715087890625;1646,934326171875;1716;
118,836;2,149620294570923;1741,4622802734375;1832,716552734375;1716;
118,837;2,1919162273406982;1706,849365234375;1615,943603515625;1716;
118,838;2,120180368423462;1729,873291015625;1832,716552734375;1716;
118,839;2,8560307025909424;1718,437744140625;1615,943603515625;1716;
118,84;2,1545214653015137;1696,0140380859375;1646,934326171875;1716;
118,841;2,8126370906829834;1741,777587890625;1832,716552734375;1716;
118,842;2,1745188236236572;1706,849365234375;1750,017578125;1716;
118,843;2,11419677734375;1725,218994140625;1791,7467041015625;1716;
118,844;2,8548543453216553;1715,9849853515625;1600,881591796875;1716;
118,845;2,137845754623413;1715,6788330078125;1781,1290283203125;1716;
118,846;2,154526472091675;1728,629638671875;1727,3880615234375;1716;
118,847;2,117354154586792;1700,812744140625;1698,1102294921875;1716;
118,848;2,115373134613037;1726,457763671875;1821,609130859375;1716;
118,849;2,2203774452209473;1716,2911376953125;1611,611328125;1716;
118,85;2,1483747959136963;1721,20556640625;1778,494140625;1716;
118,851;2,155702829360962;1731,118896484375;1724,90966796875;1716;
118,852;2,117354154586792;1702,0166015625;1698,1102294921875;1716;
118,853;2,11419677734375;1727,07763671875;1824,3734130859375;1716;
118,854;2,2215540409088135;1717,21044921875;1613,774658203125;1716;
118,855;2,1483747959136963;1712,6239013671875;1642,4345703125;1716;
118,856;2,8210418224334717;1723,3642578125;1658,29248046875;1716;
118,857;2,118530511856079;1698,409912109375;1665,182861328125;1716;
118,858;2,0968334674835205;1718,130859375;1765,4361572265625;1716;
118,859;2,2203774452209473;1712,928955078125;1719,974365234375;1716;
118,86;2,1679916381835938;1713,539306640625;1688,5703125;1716;
118,861;2,8949766159057617;1727,6982421875;1681,4854736328125;1716;
118,862;2,1233279705047607;1700,812744140625;1555,319580078125;1716;
118,863;2,121356964111328;1712,319091796875;1762,8475341796875;1716;
118,864;2,2140872478485107;1710,187744140625;1717,517333984375;1716;
118,865;2,1483747959136963;1719,974365234375;1765,4361572265625;1716;
118,866;2,8138134479522705;1730,495849609375;1719,974365234375;1716;
118,867;2,1293017864227295;1701,41455078125;1571,5843505859375;1716;
118,868;2,102229118347168;1738,000732421875;1835,5145263671875;1716;
118,869;2,2215540409088135;1722,746826171875;1750,017578125;1716;
118,87;2,1483747959136963;1722,1300048828125;1750,017578125;1716;
118,871;2,886403799057007;1732,053955078125;1712,6240234375;1716;
118,872;2,124504327774048;1702,31787109375;1567,486328125;1716;
118,873;2,102229118347168;1736,7454833984375;1838,3212890625;1716;
118,874;2,2203774452209473;1722,1300048828125;1752,568603515625;1716;
118,875;2,1495511531829834;1722,1300048828125;1752,568603515625;1716;
118,876;2,886403799057007;1731,7421875;1712,6240234375;1716;
118,877;2,1360909938812256;1702,0166015625;1569,53271484375;1716;
118,878;2,12734055519104;1736,431884765625;1835,5145263671875;1716;
118,879;2,1862242221832275;1721,8216552734375;1752,568603515625;1716;
118,88;2,1301963329315186;1721,8216552734375;1752,568603515625;1716;
118,881;2,841884136199951;1731,430419921875;1712,6240234375;1716;
118,882;2,1360909938812256;1702,0166015625;1567,486328125;1716;
118,883;2,8295505046844482;1736,7454833984375;1838,3212890625;1716;
118,884;2,2215540409088135;1705,0338134765625;1620,29931640625;1716;
118,885;2,1301963329315186;1722,1300048828125;1681,4854736328125;1716;
118,886;2,7756621837615967;1732,053955078125;1821,609130859375;1716;
118,887;2,131248950958252;1702,31787109375;1611,611328125;1716;
118,888;2,8295505046844482;1709,2760009765625;1681,4854736328125;1716;
118,889;2,1577630043029785;1725,838134765625;1679,136962890625;1716;
118,89;2,1313726902008057;1722,4383544921875;1789,08056640625;1716;
118,891;2,7674152851104736;1732,053955078125;1884,42333984375;1716;
118,892;2,1421093940734863;1702,31787109375;1635,730712890625;1716;
118,893;2,109389305114746;1721,20556640625;1816,1058349609375;1716;
118,894;2,1516902446746826;1732,053955078125;1742,40869140625;1716;
118,895;2,1301963329315186;1719,974365234375;1773,2479248046875;1716;
118,896;2,822218179702759;1730,80712890625;1722,4384765625;1716;
118,897;2,139263153076172;1702,31787109375;1747,473876953125;1716;
118,898;2,126164197921753;1721,513427734375;1707,7586669921875;1716;
118,899;2,202683687210083;1714,4556884765625;1690,9451904296875;1716;
118,9;2,1423614025115967;1726,457763671875;1824,3734130859375;1716;
118,901;2,7674152851104736;1716,904052734375;1747,473876953125;1716;
118,902;2,125230550765991;1712,01416015625;1707,7586669921875;1716;
118,903;2,11419677734375;1725,5284423828125;1816,1058349609375;1716;
118,904;2,1516902446746826;1716,597412109375;1611,611328125;1716;
118,905;2,149620294570923;1712,01416015625;1707,7586669921875;1716;
118,906;2,1800527572631836;1744,3046875;1835,5145263671875;1716;
118,907;2,127246141433716;1712,6239013671875;1778,494140625;1716;
118,908;2,121356964111328;1727,07763671875;1722,4384765625;1716;
118,909;2,1577630043029785;1717,5172119140625;1698,1102294921875;1716;
118,91;2,1301963329315186;1721,513427734375;1686,2020263671875;1716;
118,911;2,1812291145324707;1731,430419921875;1824,3734130859375;1716;
118,912;2,127246141433716;1712,319091796875;1783,7716064453125;1716;
118,913;2,108212947845459;1727,07763671875;1875,6038818359375;1716;
118,914;2,1710848808288574;1717,5172119140625;1635,730712890625;1716;
118,915;2,118619203567505;1733,302490234375;1770,63623046875;1716;
118,916;2,1800527572631836;1737,6866455078125;1722,4384765625;1716;
118,917;2,128422737121582;1705,336181640625;1695,715087890625;1716;
118,918;2,8295505046844482;1717,823974609375;1747,473876953125;1716;
118,919;2,14797043800354;1712,6239013671875;1710,1878662109375;1716;
118,92;2,143537759780884;1709,579833984375;1690,9451904296875;1716;
118,921;2,1985671520233154;1725,838134765625;1683,8404541015625;1716;
118,922;2,1332547664642334;1699,610595703125;1584,0079345703125;1716;
118,923;2,8138577938079834;1720,281982421875;1760,2666015625;1716;
118,924;2,1516902446746826;1714,150146484375;1717,517333984375;1716;
118,925;2,1301963329315186;1704,127685546875;1757,693115234375;1716;
118,926;2,1935722827911377;1722,746826171875;1715,067138671875;1716;
118,927;2,1332547664642334;1697,211181640625;1712,6240234375;1716;
118,928;2,8211159706115723;1735,8050537109375;1835,5145263671875;1716;
118,929;2,1589393615722656;1721,513427734375;1752,568603515625;1716;
118,93;2,1301963329315186;1721,513427734375;1750,017578125;1716;
118,931;2,1923956871032715;1731,7421875;1712,6240234375;1716;
118,932;2,1344311237335205;1697,5107421875;1712,6240234375;1716;
118,933;2,8295505046844482;1736,431884765625;1835,5145263671875;1716;
118,934;2,223909616470337;1721,8216552734375;1752,568603515625;1716;
118,935;2,2013726234436035;1721,8216552734375;1750,017578125;1716;
118,936;2,129563808441162;1731,7421875;1712,6240234375;1716;
118,937;2,114819288253784;1697,810546875;1715,067138671875;1716;
118,938;2,7853472232818604;1736,7454833984375;1838,3212890625;1716;
118,939;2,1791088581085205;1705,0338134765625;1620,29931640625;1716;
118,94;2,1301963329315186;1722,1300048828125;1827,14599609375;1716;
118,941;2,124785900115967;1731,7421875;1747,473876953125;1716;
118,942;2,108874797821045;1713,2340087890625;1705,3363037109375;1716;
118,943;2,8295505046844482;1727,07763671875;1686,2020263671875;1716;
118,944;2,1802852153778076;1702,619140625;1631,291748046875;1716;
118,945;2,124701738357544;1722,746826171875;1791,7467041015625;1716;
118,946;2,1738810539245605;1715,372802734375;1732,3660888671875;1716;
118,947;2,1219398975372314;1702,0166015625;1742,40869140625;1716;
118,948;2,8211159706115723;1721,513427734375;1705,3363037109375;1716;
118,949;2,13954496383667;1731,7421875;1835,5145263671875;1716;
118,95;2,1313726902008057;1725,838134765625;1750,017578125;1716;
118,951;2,2359349727630615;1716,597412109375;1712,6240234375;1716;
118,952;2,1029305458068848;1694,2216796875;1683,8404541015625;1716;
118,953;2,8138577938079834;1717,21044921875;1818,8533935546875;1716;
118,954;2,170125722885132;1712,319091796875;1613,774658203125;1716;
118,955;2,1423614025115967;1711,70947265625;1707,7586669921875;1716;
118,956;2,1188318729400635;1743,9884033203125;1835,5145263671875;1716;
118,957;2,108874797821045;1712,01416015625;1640,19384765625;1716;
118,958;2,767617702484131;1727,07763671875;1794,4210205078125;1716;
118,959;2,1897130012512207;1717,5172119140625;1600,881591796875;1716;
118,96;2,1423614025115967;1716,597412109375;1781,1290283203125;1716;
118,961;2,1176555156707764;1729,2513427734375;1727,3880615234375;1716;
118,962;2,110051393508911;1712,319091796875;1686,2020263671875;1716;
118,963;2,7841708660125732;1726,457763671875;1821,609130859375;1716;
118,964;2,16066837310791;1710,4918212890625;1676,7950439453125;1716;
118,965;2,143537759780884;1709,2760009765625;1676,7950439453125;1716;
118,966;2,1176555156707764;1725,838134765625;1676,7950439453125;1716;
118,967;2,108874797821045;1713,2340087890625;1715,067138671875;1716;
118,968;2,768794298171997;1727,6982421875;1838,3212890625;1716;
118,969;2,172961950302124;1717,823974609375;1752,568603515625;1716;
118,97;2,124701738357544;1703,82568359375;1742,40869140625;1716;
118,971;2,11287784576416;1722,4383544921875;1707,7586669921875;1716;
118,972;2,1029305458068848;1692,730712890625;1586,09765625;1716;
118,973;2,2289159297943115;1733,927490234375;1760,2666015625;1716;
118,974;2,186432123184204;1720,589599609375;1717,517333984375;1716;
118,975;2,1301963329315186;1705,336181640625;1760,2666015625;1716;
118,976;2,129563808441162;1723,3642578125;1717,517333984375;1716;
118,977;2,1159956455230713;1697,5107421875;1712,6240234375;1716;
118,978;2,7758944034576416;1736,431884765625;1835,5145263671875;1716;
118,979;2,1791088581085205;1701,41455078125;1567,486328125;1716;
118,98;2,1313726902008057;1721,513427734375;1752,568603515625;1716;
118,981;2,1452717781066895;1731,430419921875;1752,568603515625;1716;
118,982;2,114819288253784;1697,5107421875;1715,067138671875;1716;
118,983;2,2266087532043457;1736,7454833984375;1838,3212890625;1716;
118,984;2,1791088581085205;1702,31787109375;1567,486328125;1716;
118,985;2,7958121299743652;1722,1300048828125;1750,017578125;1716;
118,986;2,130740165710449;1732,053955078125;1712,6240234375;1716;
118,987;2,114819288253784;1697,5107421875;1712,6240234375;1716;
118,988;2,2254323959350586;1719,052001953125;1690,9451904296875;1716;
118,989;2,1802852153778076;1702,31787109375;1629,081298828125;1716;
118,99;2,787965774536133;1722,1300048828125;1786,4219970703125;1716;
118,991;2,111701250076294;1732,365966796875;1887,381591796875;1716;
118,992;2,194880962371826;1701,715576171875;1676,7950439453125;1716;
118,993;2,7841708660125732;1721,513427734375;1674,459716796875;1716;
118,994;2,16066837310791;1693,923095703125;1575,7039794921875;1716;
118,995;2,79419207572937;1718,130859375;1757,693115234375;1716;
118,996;2,1332547664642334;1712,319091796875;1715,067138671875;1716;
118,997;2,1231162548065186;1685,61083984375;1620,29931640625;1716;
118,998;2,1642117500305176;1730,495849609375;1781,1290283203125;1716;
118,999;2,1668150424957275;1711,70947265625;1658,29248046875;1716;
119;2,1301963329315186;1709,579833984375;1665,182861328125;1716;
119,001;2,130740165710449;1725,5284423828125;1813,3665771484375;1716;
119,002;2,108874797821045;1705,638671875;1644,681396484375;1716;
119,003;2,212773084640503;1723,3642578125;1797,103271484375;1716;
119,004;2,1925787925720215;1691,539794921875;1618,1185302734375;1716;
119,005;2,8126814365386963;1716,597412109375;1781,1290283203125;1716;
119,006;2,1176555156707764;1729,2513427734375;1727,3880615234375;1716;
119,007;2,0922188758850098;1712,01416015625;1686,2020263671875;1716;
119,008;2,2254323959350586;1726,457763671875;1821,609130859375;1716;
119,009;2,14799427986145;1710,4918212890625;1676,7950439453125;1716;
119,01;2,8138577938079834;1709,2760009765625;1676,7950439453125;1716;
119,011;2,1332547664642334;1725,838134765625;1752,568603515625;1716;
119,012;2,108874797821045;1696,0140380859375;1712,6240234375;1716;
119,013;2,2146365642547607;1718,7447509765625;1835,5145263671875;1716;
119,014;2,160198926925659;1714,76123046875;1688,5703125;1716;
119,015;2,124701738357544;1727,6982421875;1821,609130859375;1716;
119,016;2,1464481353759766;1719,974365234375;1717,517333984375;1716;
119,017;2,182992458343506;1696,0140380859375;1695,715087890625;1716;
119,018;2,2064435482025146;1735,491943359375;1827,14599609375;1716;
119,019;2,1741385459899902;1698,1102294921875;1569,53271484375;1716;
119,02;2,7958121299743652;1719,666748046875;1752,568603515625;1716;
119,021;2,194010019302368;1730,495849609375;1712,6240234375;1716;
119,022;2,0922188758850098;1697,211181640625;1712,6240234375;1716;
119,023;2,1630351543426514;1736,431884765625;1835,5145263671875;1716;
119,024;2,1663014888763428;1702,0166015625;1567,486328125;1716;
119,025;2,7969884872436523;1721,8216552734375;1752,568603515625;1716;
119,026;2,1452717781066895;1721,8216552734375;1752,568603515625;1716;
119,027;2,0910422801971436;1697,211181640625;1712,6240234375;1716;
119,028;2,1642117500305176;1736,431884765625;1835,5145263671875;1716;
119,029;2,1663014888763428;1702,0166015625;1567,486328125;1716;
119,03;2,7958121299743652;1721,8216552734375;1752,568603515625;1716;
119,031;2,1464481353759766;1721,8216552734375;1752,568603515625;1716;
119,032;2,0910422801971436;1697,211181640625;1712,6240234375;1716;
119,033;2,1630351543426514;1736,431884765625;1835,5145263671875;1716;
119,034;2,16747784614563;1702,0166015625;1567,486328125;1716;
119,035;2,7958121299743652;1721,8216552734375;1752,568603515625;1716;
119,036;2,1452717781066895;1721,8216552734375;1752,568603515625;1716;
119,037;2,0922188758850098;1697,211181640625;1712,6240234375;1716;
119,038;2,1630351543426514;1736,431884765625;1835,5145263671875;1716;
119,039;2,1663014888763428;1702,0166015625;1690,9451904296875;1716;
119,04;2,736276626586914;1721,8216552734375;1827,14599609375;1716;
119,041;2,1207635402679443;1719,666748046875;1734,865966796875;1716;
119,042;2,0910422801971436;1713,2340087890625;1707,7586669921875;1716;
119,043;2,1642117500305176;1727,387939453125;1688,5703125;1716;
119,044;2,2339484691619873;1702,31787109375;1629,081298828125;1716;
119,045;2,7433764934539795;1722,4383544921875;1789,08056640625;1716;
119,046;2,1464481353759766;1721,20556640625;1611,611328125;1716;
119,047;2,0910422801971436;1713,8447265625;1778,494140625;1716;
119,048;2,1630351543426514;1727,387939453125;1722,4384765625;1716;
119,049;2,155272960662842;1701,715576171875;1611,611328125;1716;
119,05;2,1677095890045166;1721,513427734375;1778,494140625;1716;
119,051;2,1332547664642334;1716,597412109375;1613,774658203125;1716;
119,052;2,0922188758850098;1694,8187255859375;1644,681396484375;1716;
119,053;2,1630351543426514;1735,1788330078125;1797,103271484375;1716;
119,054;2,160198926925659;1702,31787109375;1581,923828125;1716;
119,055;2,1717023849487305;1722,4383544921875;1760,2666015625;1716;
119,056;2,1207635402679443;1718,130859375;1679,136962890625;1716;
119,057;2,0910422801971436;1695,715087890625;1679,136962890625;1716;
119,058;2,1741385459899902;1731,7421875;1729,8734130859375;1716;
119,059;2,160198926925659;1701,715576171875;1700,51220703125;1716;
119,06;2,1553664207458496;1721,8216552734375;1832,716552734375;1716;
119,061;2,1278841495513916;1704,4295654296875;1603,01611328125;1716;
119,062;2,127399444580078;1722,746826171875;1773,2479248046875;1716;
119,063;2,172961950302124;1732,053955078125;1829,9271240234375;1716;
119,064;2,155272960662842;1702,0166015625;1613,774658203125;1716;
119,065;2,1677095890045166;1722,1300048828125;1781,1290283203125;1716;
119,066;2,1029305458068848;1726,457763671875;1674,459716796875;1716;
119,067;2,785801887512207;1699,910888671875;1676,7950439453125;1716;
119,068;2,172961950302124;1732,365966796875;1887,381591796875;1716;
119,069;2,1663014888763428;1702,0166015625;1635,730712890625;1716;
119,07;2,156543016433716;1722,4383544921875;1794,4210205078125;1716;
119,071;2,114819288253784;1732,365966796875;1672,130859375;1716;
119,072;2,78462553024292;1702,920654296875;1676,7950439453125;1716;
119,073;2,1741385459899902;1722,4383544921875;1674,459716796875;1716;
119,074;2,1663014888763428;1693,6248779296875;1573,6414794921875;1716;
119,075;2,093839168548584;1717,823974609375;1755,127197265625;1716;
119,076;2,187822103500366;1731,7421875;1688,5703125;1716;
119,077;2,8098106384277344;1702,0166015625;1683,8404541015625;1716;
119,078;2,1791088581085205;1721,513427734375;1729,8734130859375;1716;
119,079;2,16747784614563;1695,117431640625;1573,6414794921875;1716;
119,08;2,093839168548584;1718,7447509765625;1755,127197265625;1716;
119,081;2,1207635402679443;1732,053955078125;1688,5703125;1716;
119,082;2,7657651901245117;1702,31787109375;1683,8404541015625;1716;
119,083;2,2000083923339844;1727,387939453125;1805,1982421875;1716;
119,084;2,820908546447754;1699,310302734375;1603,01611328125;1716;
119,085;2,095015525817871;1720,589599609375;1773,2479248046875;1716;
119,086;2,1385960578918457;1731,7421875;1681,4854736328125;1716;
119,087;2,756351947784424;1702,31787109375;1681,4854736328125;1716;
119,088;2,143537759780884;1726,14794921875;1807,912841796875;1716;
119,089;2,14799427986145;1699,910888671875;1739,8873291015625;1716;
119,09;2,088473081588745;1704,731689453125;1707,7586669921875;1716;
119,091;2,1338284015655518;1730,495849609375;1729,8734130859375;1716;
119,092;2,1952171325683594;1719,052001953125;1705,3363037109375;1716;
119,093;2,1362786293029785;1741,777587890625;1802,4918212890625;1716;
119,094;2,155272960662842;1706,54638671875;1734,865966796875;1716;
119,095;2,093839168548584;1707,758544921875;1705,3363037109375;1716;
119,096;2,1326520442962646;1713,2340087890625;1600,881591796875;1716;
119,097;2,1963934898376465;1710,796142578125;1640,19384765625;1716;
119,098;2,1423614025115967;1742,724365234375;1841,1363525390625;1716;
119,099;2,1540966033935547;1690,350830078125;1620,29931640625;1716;
119,1;2,1224143505096436;1726,7677001953125;1719,974365234375;1716;
119,101;2,1385960578918457;1716,597412109375;1569,53271484375;1716;
119,102;2,732229232788086;1712,01416015625;1755,127197265625;1716;
119,103;2,167868137359619;1720,589599609375;1732,3660888671875;1716;
119,104;2,8041579723358154;1696,313232421875;1698,1102294921875;1716;
119,105;2,1212377548217773;1726,7677001953125;1821,609130859375;1716;
119,106;2,1219398975372314;1716,597412109375;1609,4539794921875;1716;
119,107;2,188926935195923;1711,70947265625;1781,1290283203125;1716;
119,108;2,154526472091675;1732,053955078125;1727,3880615234375;1716;
119,109;2,8053343296051025;1702,31787109375;1698,1102294921875;1716;
119,11;2,1212377548217773;1722,746826171875;1686,2020263671875;1716;
119,111;2,1029305458068848;1717,5172119140625;1744,9376220703125;1716;
119,112;2,258565902709961;1712,319091796875;1710,1878662109375;1716;
119,113;2,1423614025115967;1725,838134765625;1676,7950439453125;1716;
119,114;2,7589361667633057;1716,904052734375;1674,459716796875;1716;
119,115;2,173590660095215;1727,6982421875;1838,3212890625;1716;
119,116;2,114819288253784;1717,5172119140625;1750,017578125;1716;
119,117;2,145617723464966;1712,319091796875;1715,067138671875;1716;
119,118;2,143537759780884;1727,07763671875;1674,459716796875;1716;
119,119;2,7589361667633057;1716,597412109375;1669,8084716796875;1716;
119,12;2,1061534881591797;1712,319091796875;1762,8475341796875;1716;
119,121;2,8278908729553223;1712,6239013671875;1717,517333984375;1716;
119,122;2,145617723464966;1709,8837890625;1698,1102294921875;1716;
119,123;2,1423614025115967;1744,3046875;1824,3734130859375;1716;
119,124;2,8137094974517822;1707,758544921875;1613,774658203125;1716;
119,125;2,120180368423462;1728,319091796875;1875,6038818359375;1716;
119,126;2,9007084369659424;1717,823974609375;1633,50830078125;1716;
119,127;2,117018699645996;1713,2340087890625;1797,103271484375;1716;
119,128;2,154526472091675;1746,5218505859375;1794,4210205078125;1716;
119,129;2,7589361667633057;1692,1351318359375;1600,881591796875;1716;
119,13;2,115373134613037;1726,7677001953125;1884,42333984375;1716;
119,131;2,909301280975342;1716,904052734375;1635,730712890625;1716;
119,132;2,121914863586426;1712,6239013671875;1799,7935791015625;1716;
119,133;2,155702829360962;1729,562255859375;1656,0084228515625;1716;
119,134;2,1795337200164795;1701,113525390625;1662,8797607421875;1716;
119,135;2,11419677734375;1726,7677001953125;1843,960205078125;1716;
119,136;2,836315631866455;1717,21044921875;1755,127197265625;1716;
119,137;2,127399444580078;1712,6239013671875;1869,7698974609375;1716;
119,138;2,140596389770508;1741,14697265625;1939,1324462890625;1716;
119,139;2,7518954277038574;1706,54638671875;1656,0084228515625;1716;
119,14;2,11419677734375;1724,600341796875;1869,7698974609375;1716;
119,141;2,892115592956543;1733,614990234375;1768,032470703125;1716;
119,142;2,117018699645996;1703,52392578125;1722,4384765625;1716;
119,143;2,154526472091675;1728,008544921875;1707,7586669921875;1716;
119,144;2,225106954574585;1700,21142578125;1563,4097900390625;1716;
119,145;2,0980098247528076;1735,491943359375;1841,1363525390625;1716;
119,146;2,7896010875701904;1721,8216552734375;1755,127197265625;1716;
119,147;2,127399444580078;1697,810546875;1715,067138671875;1716;
119,148;2,167868137359619;1732,67822265625;1712,6240234375;1716;
119,149;2,185724973678589;1702,920654296875;1567,486328125;1716;
119,15;2,102229118347168;1737,05908203125;1838,3212890625;1716;
119,151;2,2215540409088135;1722,1300048828125;1752,568603515625;1716;
119,152;2,127399444580078;1697,5107421875;1712,6240234375;1716;
119,153;2,166691541671753;1731,7421875;1712,6240234375;1716;
119,154;2,186901569366455;1702,0166015625;1567,486328125;1716;
119,155;2,102229118347168;1736,7454833984375;1838,3212890625;1716;
119,156;2,7896010875701904;1722,1300048828125;1752,568603515625;1716;
119,157;2,1949896812438965;1697,810546875;1715,067138671875;1716;
119,158;2,166691541671753;1732,053955078125;1712,6240234375;1716;
119,159;2,1233279705047607;1702,31787109375;1567,486328125;1716;
119,16;2,103405714035034;1736,431884765625;1835,5145263671875;1716;
119,161;2,7896010875701904;1721,8216552734375;1752,568603515625;1716;
119,162;2,1483747959136963;1697,5107421875;1715,067138671875;1716;
119,163;2,887580156326294;1731,7421875;1712,6240234375;1716;
119,164;2,1233279705047607;1702,31787109375;1567,486328125;1716;
119,165;2,102229118347168;1736,7454833984375;1838,3212890625;1716;
119,166;2,2215540409088135;1722,1300048828125;1752,568603515625;1716;
119,167;2,1483747959136963;1722,1300048828125;1618,1185302734375;1716;
119,168;2,829446792602539;1732,053955078125;1783,7716064453125;1716;
119,169;2,118530511856079;1702,31787109375;1596,6295166015625;1716;
119,17;2,0968334674835205;1718,130859375;1827,14599609375;1716;
119,171;2,2203774452209473;1729,873291015625;1744,9376220703125;1716;
119,172;2,1495511531829834;1721,8216552734375;1620,29931640625;1716;
119,173;2,829446792602539;1731,430419921875;1783,7716064453125;1716;
119,174;2,117354154586792;1718,7447509765625;1724,90966796875;1716;
119,175;2,133324384689331;1726,7677001953125;1827,14599609375;1716;
119,176;2,1638357639312744;1734,552978515625;1747,473876953125;1716;
119,177;2,1362786293029785;1705,941162109375;1744,9376220703125;1716;
119,178;2,776838541030884;1723,673095703125;1710,1878662109375;1716;
119,179;2,124054193496704;1698,409912109375;1567,486328125;1716;
119,18;2,126164197921753;1726,457763671875;1760,2666015625;1716;
119,181;2,1589393615722656;1717,5172119140625;1717,517333984375;1716;
119,182;2,1301963329315186;1722,4383544921875;1768,032470703125;1716;
119,183;2,1738810539245605;1749,6990966796875;1869,7698974609375;1716;
119,184;2,1432857513427734;1710,796142578125;1631,291748046875;1716;
119,185;2,126164197921753;1738,31494140625;1797,103271484375;1716;
119,186;2,1638357639312744;1722,746826171875;1734,865966796875;1716;
119,187;2,119795560836792;1714,150146484375;1755,127197265625;1716;
119,188;2,1923956871032715;1728,008544921875;1715,067138671875;1716;
119,189;2,1360909938812256;1700,812744140625;1569,53271484375;1716;
119,19;2,12734055519104;1737,05908203125;1838,3212890625;1716;
119,191;2,1577630043029785;1722,4383544921875;1752,568603515625;1716;
119,192;2,1301963329315186;1722,1300048828125;1750,017578125;1716;
119,193;2,1935722827911377;1732,053955078125;1712,6240234375;1716;
119,194;2,1332547664642334;1697,810546875;1715,067138671875;1716;
119,195;2,126164197921753;1736,7454833984375;1838,3212890625;1716;
119,196;2,1589393615722656;1722,1300048828125;1752,568603515625;1716;
119,197;2,1301963329315186;1722,1300048828125;1752,568603515625;1716;
119,198;2,194748640060425;1731,7421875;1712,6240234375;1716;
119,199;2,1344311237335205;1702,0166015625;1567,486328125;1716;
119,2;2,8295505046844482;1736,7454833984375;1838,3212890625;1716;
119,201;2,1577630043029785;1722,1300048828125;1752,568603515625;1716;
119,202;2,1313726902008057;1722,1300048828125;1750,017578125;1716;
119,203;2,1923956871032715;1732,053955078125;1712,6240234375;1716;
119,204;2,1332547664642334;1697,5107421875;1712,6240234375;1716;
119,205;2,8307268619537354;1736,431884765625;1835,5145263671875;1716;
119,206;2,236262559890747;1704,731689453125;1620,29931640625;1716;
119,207;2,1301963329315186;1721,8216552734375;1827,14599609375;1716;
119,208;2,1874005794525146;1731,430419921875;1747,473876953125;1716;
119,209;2,127246141433716;1712,6239013671875;1702,9207763671875;1716;
119,21;2,126164197921753;1726,457763671875;1686,2020263671875;1716;
119,211;2,1589393615722656;1716,597412109375;1681,4854736328125;1716;
119,212;2,2054903507232666;1721,513427734375;1786,4219970703125;1716;
119,213;2,1738810539245605;1731,7421875;1881,4742431640625;1716;
119,214;2,1219398975372314;1702,0166015625;1676,7950439453125;1716;
119,215;2,108212947845459;1721,8216552734375;1816,1058349609375;1716;
119,216;2,1760079860687256;1732,365966796875;1742,40869140625;1716;
119,217;2,1313726902008057;1703,22216796875;1640,19384765625;1716;
119,218;2,1176555156707764;1739,572509765625;1797,103271484375;1716;
119,219;2,1212377548217773;1693,923095703125;1646,934326171875;1716;
119,22;2,8054232597351074;1717,5172119140625;1797,103271484375;1716;
119,221;2,1885366439819336;1729,873291015625;1734,865966796875;1716;
119,222;2,1362786293029785;1707,15234375;1781,1290283203125;1716;
119,223;2,1188318729400635;1741,777587890625;1878,5345458984375;1716;
119,224;2,139263153076172;1685,61083984375;1571,5843505859375;1716;
119,225;2,804246664047241;1730,495849609375;1752,568603515625;1716;
119,226;2,1897130012512207;1719,052001953125;1586,09765625;1716;
119,227;2,1301963329315186;1715,9849853515625;1791,7467041015625;1716;
119,228;2,1923956871032715;1728,9404296875;1734,865966796875;1716;
119,229;2,1159956455230713;1714,76123046875;1686,2020263671875;1716;
119,23;2,8295505046844482;1728,319091796875;1821,609130859375;1716;
119,231;2,1578519344329834;1718,437744140625;1744,9376220703125;1716;
119,232;2,143537759780884;1709,579833984375;1676,7950439453125;1716;
119,233;2,1176555156707764;1725,838134765625;1676,7950439453125;1716;
119,234;2,108874797821045;1696,0140380859375;1586,09765625;1716;
119,235;2,768794298171997;1718,7447509765625;1760,2666015625;1716;
119,236;2,170125722885132;1713,2340087890625;1717,517333984375;1716;
119,237;2,1423614025115967;1703,52392578125;1624,678466796875;1716;
119,238;2,1188318729400635;1722,1300048828125;1786,4219970703125;1716;
119,239;2,108874797821045;1711,70947265625;1841,1363525390625;1716;
119,24;2,8211159706115723;1708,668701171875;1750,017578125;1716;
119,241;2,177438974380493;1725,218994140625;1712,6240234375;1716;
119,242;2,1301963329315186;1721,513427734375;1770,63623046875;1716;
119,243;2,111701250076294;1731,7421875;1722,4384765625;1716;
119,244;2,1219398975372314;1702,0166015625;1710,1878662109375;1716;
119,245;2,7841708660125732;1738,9434814453125;1835,5145263671875;1716;
119,246;2,1791088581085205;1702,619140625;1569,53271484375;1716;
119,247;2,1313726902008057;1722,4383544921875;1750,017578125;1716;
119,248;2,1717731952667236;1732,365966796875;1861,0867919921875;1716;
119,249;2,1029305458068848;1693,923095703125;1681,4854736328125;1716;
119,25;2,7853472232818604;1717,21044921875;1676,7950439453125;1716;
119,251;2,176262617111206;1729,873291015625;1674,459716796875;1716;
119,252;2,1301963329315186;1722,4383544921875;1794,4210205078125;1716;
119,253;2,1188318729400635;1714,76123046875;1732,3660888671875;1716;
119,254;2,1207635402679443;1702,31787109375;1744,9376220703125;1716;
119,255;2,7758944034576416;1721,8216552734375;1707,7586669921875;1716;
119,256;2,1590282917022705;1732,053955078125;1835,5145263671875;1716;
119,257;2,1301963329315186;1726,14794921875;1750,017578125;1716;
119,258;2,1176555156707764;1716,904052734375;1712,6240234375;1716;
119,259;2,104107141494751;1694,52001953125;1686,2020263671875;1716;
119,26;2,767617702484131;1717,5172119140625;1821,609130859375;1716;
119,261;2,172961950302124;1716,597412109375;1744,9376220703125;1716;
119,262;2,143537759780884;1712,319091796875;1707,7586669921875;1716;
119,263;2,1332547664642334;1744,9376220703125;1838,3212890625;1716;
119,264;2,108874797821045;1712,319091796875;1775,8671875;1716;
119,265;2,7770707607269287;1726,457763671875;1719,974365234375;1716;
119,266;2,1791088581085205;1701,113525390625;1700,51220703125;1716;
119,267;2,1423614025115967;1721,8216552734375;1688,5703125;1716;
119,268;2,1188318729400635;1732,365966796875;1827,14599609375;1716;
119,269;2,108874797821045;1712,6239013671875;1781,1290283203125;1716;
119,27;2,759341239929199;1727,07763671875;1875,6038818359375;1716;
119,271;2,1925787925720215;1717,21044921875;1633,50830078125;1716;
119,272;2,124701738357544;1715,372802734375;1770,63623046875;1716;
119,273;2,111701250076294;1746,2047119140625;1875,6038818359375;1716;
119,274;2,104107141494751;1693,3267822265625;1642,4345703125;1716;
119,275;2,7758944034576416;1734,240234375;1794,4210205078125;1716;
119,276;2,1791088581085205;1684,13525390625;1575,7039794921875;1716;
119,277;2,1313726902008057;1712,6239013671875;1755,127197265625;1716;
119,278;2,129563808441162;1727,07763671875;1715,067138671875;1716;
119,279;2,114819288253784;1698,1102294921875;1715,067138671875;1716;
119,28;2,2266087532043457;1737,05908203125;1838,3212890625;1716;
119,281;2,1791088581085205;1702,31787109375;1567,486328125;1716;
119,282;2,1301963329315186;1722,1300048828125;1752,568603515625;1716;
119,283;2,130740165710449;1731,7421875;1712,6240234375;1716;
119,284;2,114819288253784;1697,211181640625;1712,6240234375;1716;
119,285;2,2254323959350586;1736,431884765625;1835,5145263671875;1716;
119,286;2,1802852153778076;1702,0166015625;1690,9451904296875;1716;
119,287;2,118619203567505;1721,8216552734375;1824,3734130859375;1716;
119,288;2,1236095428466797;1731,7421875;1747,473876953125;1716;
119,289;2,0922188758850098;1705,0338134765625;1640,19384765625;1716;
119,29;2,7841708660125732;1723,0556640625;1656,0084228515625;1716;
119,291;2,1791088581085205;1702,619140625;1646,934326171875;1716;
119,292;2,143537759780884;1705,336181640625;1660,5828857421875;1716;
119,293;2,1332547664642334;1734,240234375;1737,3729248046875;1716;
119,294;2,21553111076355;1703,22216796875;1705,3363037109375;1716;
119,295;2,752241373062134;1721,8216552734375;1832,716552734375;1716;
119,296;2,1724038124084473;1705,336181640625;1732,3660888671875;1716;
119,297;2,787965774536133;1706,2437744140625;1702,9207763671875;1716;
119,298;2,11287784576416;1741,4622802734375;1835,5145263671875;1716;
119,299;2,1029305458068848;1709,8837890625;1775,8671875;1716;
119,3;2,219102621078491;1725,838134765625;1722,4384765625;1716;
119,301;2,16747784614563;1700,812744140625;1698,1102294921875;1716;
119,302;2,1423614025115967;1721,20556640625;1686,2020263671875;1716;
119,303;2,1176555156707764;1714,150146484375;1681,4854736328125;1716;
119,304;2,104107141494751;1695,117431640625;1584,0079345703125;1716;
119,305;2,212773084640503;1718,437744140625;1760,2666015625;1716;
119,306;2,172961950302124;1713,539306640625;1717,517333984375;1716;
119,307;2,143537759780884;1704,127685546875;1624,678466796875;1716;
119,308;2,1355178356170654;1722,746826171875;1649,1934814453125;1716;
119,309;2,114819288253784;1699,310302734375;1729,8734130859375;1716;
119,31;2,2202792167663574;1719,666748046875;1846,792724609375;1716;
119,311;2,1791088581085205;1713,539306640625;1563,4097900390625;1716;
119,312;2,124701738357544;1721,513427734375;1747,473876953125;1716;
119,313;2,130740165710449;1731,430419921875;1710,1878662109375;1716;
119,314;2,114819288253784;1696,6124267578125;1712,6240234375;1716;
119,315;2,2254323959350586;1735,8050537109375;1835,5145263671875;1716;
119,316;2,1802852153778076;1702,0166015625;1690,9451904296875;1716;
119,317;2,118619203567505;1721,8216552734375;1824,3734130859375;1716;
119,318;2,1421093940734863;1731,7421875;1747,473876953125;1716;
119,319;2,0922188758850098;1705,0338134765625;1640,19384765625;1716;
119,32;2,7841708660125732;1722,746826171875;1653,7305908203125;1716;
119,321;2,1663014888763428;1702,619140625;1646,934326171875;1716;
119,322;2,143537759780884;1705,336181640625;1660,5828857421875;1716;
119,323;2,1176555156707764;1723,673095703125;1810,6357421875;1716;
119,324;2,0910422801971436;1694,8187255859375;1640,19384765625;1716;
119,325;2,2036430835723877;1717,5172119140625;1794,4210205078125;1716;
119,326;2,185255765914917;1688,5703125;1618,1185302734375;1716;
119,327;2,8126814365386963;1715,067138671875;1781,1290283203125;1716;
119,328;2,1188318729400635;1728,629638671875;1727,3880615234375;1716;
119,329;2,0910422801971436;1712,01416015625;1686,2020263671875;1716;
119,33;2,216923713684082;1731,7421875;1827,14599609375;1716;
119,331;2,1802852153778076;1702,0166015625;1613,774658203125;1716;
119,332;2,1423614025115967;1704,731689453125;1642,4345703125;1716;
119,333;2,1176555156707764;1723,0556640625;1658,29248046875;1716;
119,334;2,0922188758850098;1695,416259765625;1594,5120849609375;1716;
119,335;2,219102621078491;1718,130859375;1765,4361572265625;1716;
119,336;2,1791088581085205;1712,928955078125;1579,8450927734375;1716;
119,337;2,12587833404541;1705,0338134765625;1760,2666015625;1716;
119,338;2,129563808441162;1723,3642578125;1717,517333984375;1716;
119,339;2,114819288253784;1697,211181640625;1710,1878662109375;1716;
119,34;2,2202792167663574;1736,431884765625;1835,5145263671875;1716;
119,341;2,1791088581085205;1701,113525390625;1565,4454345703125;1716;
119,342;2,1301963329315186;1721,20556640625;1747,473876953125;1716;
119,343;2,1464481353759766;1704,4295654296875;1620,29931640625;1716;
119,344;2,182868719100952;1688,5703125;1646,934326171875;1716;
119,345;2,2254323959350586;1731,430419921875;1797,103271484375;1716;
119,346;2,16747784614563;1702,0166015625;1707,7586669921875;1716;
119,347;2,1362786293029785;1721,8216552734375;1835,5145263671875;1716;
119,348;2,1176555156707764;1732,053955078125;1911,386474609375;1716;
119,349;2,0922188758850098;1711,405029296875;1669,8084716796875;1716;
119,35;2,2064435482025146;1726,457763671875;1810,6357421875;1716;
119,351;2,160198926925659;1697,810546875;1737,3729248046875;1716;
119,352;2,12587833404541;1702,31787109375;1705,3363037109375;1716;
119,353;2,111701250076294;1739,2578125;1838,3212890625;1716;
119,354;2,0969862937927246;1709,579833984375;1637,959228515625;1716;
119,355;2,7605178356170654;1725,5284423828125;1791,7467041015625;1716;
119,356;2,1914024353027344;1690,0537109375;1620,29931640625;1716;
119,357;2,8126814365386963;1715,9849853515625;1781,1290283203125;1716;
119,358;2,1188318729400635;1728,9404296875;1729,8734130859375;1716;
119,359;2,0910422801971436;1712,6239013671875;1686,2020263671875;1716;
119,36;2,2254323959350586;1727,07763671875;1821,609130859375;1716;
119,361;2,1491708755493164;1711,1004638671875;1676,7950439453125;1716;
119,362;2,1423614025115967;1709,579833984375;1676,7950439453125;1716;
119,363;2,1176555156707764;1725,838134765625;1676,7950439453125;1716;
119,364;2,110051393508911;1712,928955078125;1712,6240234375;1716;
119,365;2,212773084640503;1727,387939453125;1835,5145263671875;1716;
119,366;2,172961950302124;1699,910888671875;1551,305908203125;1716;
119,367;2,12587833404541;1703,52392578125;1739,8873291015625;1716;
119,368;2,111701250076294;1722,4383544921875;1707,7586669921875;1716;
119,369;2,185283660888672;1693,0286865234375;1712,6240234375;1716;
119,37;2,2202792167663574;1733,927490234375;1835,5145263671875;1716;
119,371;2,1663014888763428;1701,41455078125;1567,486328125;1716;
119,372;2,1301963329315186;1721,513427734375;1752,568603515625;1716;
119,373;2,1464481353759766;1721,8216552734375;1752,568603515625;1716;
119,374;2,0910422801971436;1697,211181640625;1712,6240234375;1716;
119,375;2,1630351543426514;1736,431884765625;1835,5145263671875;1716;
119,376;2,16747784614563;1702,0166015625;1567,486328125;1716;
119,377;2,7958121299743652;1721,8216552734375;1752,568603515625;1716;
119,378;2,1452717781066895;1721,8216552734375;1752,568603515625;1716;
119,379;2,0922188758850098;1697,211181640625;1712,6240234375;1716;
119,38;2,1630351543426514;1736,431884765625;1835,5145263671875;1716;
119,381;2,1663014888763428;1702,0166015625;1567,486328125;1716;
119,382;2,7969884872436523;1721,8216552734375;1752,568603515625;1716;
119,383;2,1452717781066895;1721,8216552734375;1752,568603515625;1716;
119,384;2,0910422801971436;1697,211181640625;1712,6240234375;1716;
119,385;2,2212705612182617;1736,431884765625;1835,5145263671875;1716;
119,386;2,1663014888763428;1701,715576171875;1565,4454345703125;1716;
119,387;2,7510647773742676;1721,513427734375;1750,017578125;1716;
119,388;2,1464481353759766;1721,8216552734375;1752,568603515625;1716;
119,389;2,0910422801971436;1697,211181640625;1715,067138671875;1716;
119,39;2,1630351543426514;1736,431884765625;1838,3212890625;1716;
119,391;2,1613755226135254;1701,715576171875;1565,4454345703125;1716;
119,392;2,7510647773742676;1721,8216552734375;1750,017578125;1716;
119,393;2,1267077922821045;1721,8216552734375;1752,568603515625;1716;
119,394;2,0922188758850098;1697,211181640625;1715,067138671875;1716;
119,395;2,1630351543426514;1736,431884765625;1838,3212890625;1716;
119,396;2,160198926925659;1701,715576171875;1565,4454345703125;1716;
119,397;2,752241373062134;1721,8216552734375;1750,017578125;1716;
119,398;2,1267077922821045;1721,8216552734375;1752,568603515625;1716;
119,399;2,0910422801971436;1697,211181640625;1715,067138671875;1716;
119,4;2,1642117500305176;1736,431884765625;1838,3212890625;1716;
119,401;2,160198926925659;1701,715576171875;1565,4454345703125;1716;
119,402;2,1553664207458496;1721,8216552734375;1750,017578125;1716;
119,403;2,1278841495513916;1721,8216552734375;1752,568603515625;1716;
119,404;2,093395233154297;1697,211181640625;1715,067138671875;1716;
119,405;2,1630351543426514;1736,431884765625;1838,3212890625;1716;
119,406;2,1613755226135254;1701,715576171875;1565,4454345703125;1716;
119,407;2,1553664207458496;1721,8216552734375;1750,017578125;1716;
119,408;2,1267077922821045;1721,8216552734375;1752,568603515625;1716;
119,409;2,0922188758850098;1697,211181640625;1715,067138671875;1716;
119,41;2,1630351543426514;1736,431884765625;1838,3212890625;1716;
119,411;2,160198926925659;1701,715576171875;1565,4454345703125;1716;
119,412;2,156543016433716;1721,8216552734375;1750,017578125;1716;
119,413;2,1267077922821045;1721,8216552734375;1752,568603515625;1716;
119,414;2,0910422801971436;1697,211181640625;1715,067138671875;1716;
119,415;2,1741385459899902;1731,7421875;1712,6240234375;1716;
119,416;2,160198926925659;1701,715576171875;1565,4454345703125;1716;
119,417;2,1553664207458496;1721,8216552734375;1750,017578125;1716;
119,418;2,1278841495513916;1721,8216552734375;1752,568603515625;1716;
119,419;2,78462553024292;1697,211181640625;1715,067138671875;1716;
119,42;2,2311973571777344;1731,7421875;1712,6240234375;1716;
119,421;2,1613755226135254;1701,715576171875;1565,4454345703125;1716;
119,422;2,093839168548584;1721,8216552734375;1750,017578125;1716;
119,423;2,1267077922821045;1721,8216552734375;1752,568603515625;1716;
119,424;2,785801887512207;1697,211181640625;1715,067138671875;1716;
119,425;2,172961950302124;1731,7421875;1712,6240234375;1716;
119,426;2,160198926925659;1701,715576171875;1565,4454345703125;1716;
119,427;2,095015525817871;1721,8216552734375;1750,017578125;1716;
119,428;2,1385960578918457;1721,513427734375;1615,943603515625;1716;
119,429;2,756351947784424;1714,150146484375;1783,7716064453125;1716;
119,43;2,155702829360962;1734,240234375;1805,1982421875;1716;
119,431;2,1540966033935547;1685,906494140625;1603,01611328125;1716;
119,432;2,1212377548217773;1713,539306640625;1637,959228515625;1716;
119,433;2,1159956455230713;1733,927490234375;1781,1290283203125;1716;
119,434;2,7645888328552246;1702,920654296875;1598,7528076171875;1716;
119,435;2,160609245300293;1735,1788330078125;1739,8873291015625;1716;
119,436;2,7969589233398438;1703,52392578125;1577,771728515625;1716;
119,437;2,1057472229003906;1705,638671875;1624,678466796875;1716;
119,438;2,114819288253784;1716,904052734375;1712,6240234375;1716;
119,439;2,7410545349121094;1712,01416015625;1841,1363525390625;1716;
119,44;2,154526472091675;1731,118896484375;1656,0084228515625;1716;
119,441;2,886403799057007;1701,41455078125;1541,361572265625;1716;
119,442;2,1009695529937744;1721,8216552734375;1734,865966796875;1716;
119,443;2,1207635402679443;1715,067138671875;1757,693115234375;1716;
119,444;2,739877939224243;1694,2216796875;1717,517333984375;1716;
119,445;2,155702829360962;1732,365966796875;1712,6240234375;1716;
119,446;2,160198926925659;1702,31787109375;1565,4454345703125;1716;
119,447;2,1057472229003906;1722,1300048828125;1618,1185302734375;1716;
119,448;2,1219398975372314;1717,5172119140625;1715,067138671875;1716;
119,449;2,188926935195923;1695,416259765625;1698,1102294921875;1716;
119,45;2,154526472091675;1732,365966796875;1722,4384765625;1716;
119,451;2,822084903717041;1702,0166015625;1569,53271484375;1716;
119,452;2,1092207431793213;1738,629150390625;1835,5145263671875;1716;
119,453;2,835139036178589;1722,746826171875;1752,568603515625;1716;
119,454;2,1285760402679443;1714,4556884765625;1863,9722900390625;1716;
119,455;2,154526472091675;1731,7421875;1786,4219970703125;1716;
119,456;2,8041579723358154;1702,0166015625;1596,6295166015625;1716;
119,457;2,1224143505096436;1709,8837890625;1752,568603515625;1716;
119,458;2,1267077922821045;1725,838134765625;1707,7586669921875;1716;
119,459;2,1861302852630615;1699,610595703125;1693,326904296875;1716;
119,46;2,2315852642059326;1731,7421875;1722,4384765625;1716;
119,461;2,7753705978393555;1701,41455078125;1569,53271484375;1716;
119,462;2,102229118347168;1738,9434814453125;1838,3212890625;1716;
119,463;2,1219398975372314;1723,0556640625;1752,568603515625;1716;
119,464;2,188926935195923;1697,810546875;1715,067138671875;1716;
119,465;2,166691541671753;1731,7421875;1712,6240234375;1716;
119,466;2,7683298587799072;1701,715576171875;1565,4454345703125;1716;
119,467;2,1081113815307617;1736,431884765625;1838,3212890625;1716;
119,468;2,835139036178589;1721,8216552734375;1752,568603515625;1716;
119,469;2,1285760402679443;1697,211181640625;1715,067138671875;1716;
119,47;2,166691541671753;1731,7421875;1712,6240234375;1716;
119,471;2,76715350151062;1701,715576171875;1565,4454345703125;1716;
119,472;2,103405714035034;1736,431884765625;1838,3212890625;1716;
119,473;2,835139036178589;1721,513427734375;1752,568603515625;1716;
119,474;2,127399444580078;1697,211181640625;1717,517333984375;1716;
119,475;2,167868137359619;1731,118896484375;1710,1878662109375;1716;
119,476;2,823035717010498;1701,41455078125;1567,486328125;1716;
119,477;2,102229118347168;1736,118408203125;1838,3212890625;1716;
119,478;2,7907776832580566;1721,8216552734375;1752,568603515625;1716;
119,479;2,127399444580078;1698,1102294921875;1715,067138671875;1716;
119,48;2,166691541671753;1732,053955078125;1712,6240234375;1716;
119,481;2,186901569366455;1702,31787109375;1567,486328125;1716;
119,482;2,7958121299743652;1736,7454833984375;1838,3212890625;1716;
119,483;2,7896010875701904;1722,1300048828125;1752,568603515625;1716;
119,484;2,1285760402679443;1697,810546875;1715,067138671875;1716;
119,485;2,166691541671753;1732,053955078125;1712,6240234375;1716;
119,486;2,185724973678589;1702,31787109375;1567,486328125;1716;
119,487;2,103405714035034;1736,431884765625;1835,5145263671875;1716;
119,488;2,7896010875701904;1721,513427734375;1750,017578125;1716;
119,489;2,1961660385131836;1697,211181640625;1715,067138671875;1716;
119,49;2,167868137359619;1731,430419921875;1712,6240234375;1716;
119,491;2,1233279705047607;1702,0166015625;1567,486328125;1716;
119,492;2,102229118347168;1736,431884765625;1835,5145263671875;1716;
119,493;2,7907776832580566;1721,8216552734375;1752,568603515625;1716;
119,494;2,145577907562256;1697,5107421875;1715,067138671875;1716;
119,495;2,886403799057007;1731,7421875;1712,6240234375;1716;
119,496;2,124504327774048;1702,31787109375;1567,486328125;1716;
119,497;2,102229118347168;1736,7454833984375;1838,3212890625;1716;
119,498;2,7896010875701904;1722,1300048828125;1752,568603515625;1716;
119,499;2,1495511531829834;1697,5107421875;1712,6240234375;1716;
119,5;2,886403799057007;1731,7421875;1712,6240234375;1716;
119,501;2,1233279705047607;1702,0166015625;1567,486328125;1716;
119,502;2,103405714035034;1736,7454833984375;1838,3212890625;1716;
119,503;2,2203774452209473;1722,1300048828125;1752,568603515625;1716;
119,504;2,1483747959136963;1722,1300048828125;1750,017578125;1716;
119,505;2,887580156326294;1732,053955078125;1712,6240234375;1716;
119,506;2,1360909938812256;1702,31787109375;1567,486328125;1716;
119,507;2,126164197921753;1736,431884765625;1835,5145263671875;1716;
119,508;2,2215540409088135;1721,8216552734375;1752,568603515625;1716;
119,509;2,1301963329315186;1721,8216552734375;1750,017578125;1716;
119,51;2,840707540512085;1731,7421875;1712,6240234375;1716;
119,511;2,1372673511505127;1702,31787109375;1567,486328125;1716;
119,512;2,126164197921753;1736,7454833984375;1838,3212890625;1716;
119,513;2,1577630043029785;1722,1300048828125;1752,568603515625;1716;
119,514;2,1313726902008057;1722,1300048828125;1752,568603515625;1716;
119,515;2,840707540512085;1731,7421875;1712,6240234375;1716;
119,516;2,138443946838379;1702,0166015625;1567,486328125;1716;
119,517;2,8307268619537354;1736,7454833984375;1838,3212890625;1716;
119,518;2,1577630043029785;1722,1300048828125;1752,568603515625;1716;
119,519;2,1301963329315186;1722,1300048828125;1750,017578125;1716;
119,52;2,841884136199951;1732,053955078125;1712,6240234375;1716;
119,521;2,1360909938812256;1702,31787109375;1567,486328125;1716;
119,522;2,8295505046844482;1736,431884765625;1835,5145263671875;1716;
119,523;2,1589393615722656;1721,8216552734375;1752,568603515625;1716;
119,524;2,1301963329315186;1721,8216552734375;1750,017578125;1716;
119,525;2,840707540512085;1731,7421875;1712,6240234375;1716;
119,526;2,1344311237335205;1702,31787109375;1715,067138671875;1716;
119,527;2,126164197921753;1736,7454833984375;1838,3212890625;1716;
119,528;2,1577630043029785;1705,0338134765625;1620,29931640625;1716;
119,529;2,1313726902008057;1722,1300048828125;1827,14599609375;1716;
119,53;2,1862242221832275;1731,7421875;1747,473876953125;1716;
119,531;2,1120176315307617;1702,0166015625;1707,7586669921875;1716;
119,532;2,8307268619537354;1740,516845703125;1794,4210205078125;1716;
119,533;2,1577630043029785;1706,54638671875;1603,01611328125;1716;
119,534;2,1301963329315186;1721,8216552734375;1838,3212890625;1716;
119,535;2,8502988815307617;1714,150146484375;1620,29931640625;1716;
119,536;2,1180360317230225;1693,3267822265625;1644,681396484375;1716;
119,537;2,8211159706115723;1723,982177734375;1688,5703125;1716;
119,538;2,1589393615722656;1715,6788330078125;1681,4854736328125;1716;
119,539;2,1484439373016357;1713,2340087890625;1656,0084228515625;1716;
119,54;2,1800527572631836;1727,387939453125;1805,1982421875;1716;
119,541;2,1464481353759766;1703,52392578125;1710,1878662109375;1716;
119,542;2,108212947845459;1722,1300048828125;1835,5145263671875;1716;
119,543;2,1638357639312744;1714,76123046875;1620,29931640625;1716;
119,544;2,1374552249908447;1706,849365234375;1702,9207763671875;1716;
119,545;2,1738810539245605;1741,4622802734375;1832,716552734375;1716;
119,546;2,1212377548217773;1706,849365234375;1747,473876953125;1716;
119,547;2,109389305114746;1725,5284423828125;1794,4210205078125;1716;
119,548;2,1885366439819336;1716,597412109375;1603,01611328125;1716;
119,549;2,118619203567505;1715,9849853515625;1781,1290283203125;1716;
119,55;2,1812291145324707;1728,9404296875;1729,8734130859375;1716;
119,551;2,127246141433716;1712,6239013671875;1688,5703125;1716;
119,552;2,126164197921753;1727,07763671875;1821,609130859375;1716;
119,553;2,177438974380493;1717,823974609375;1613,774658203125;1716;
119,554;2,1301963329315186;1705,336181640625;1781,1290283203125;1716;
119,555;2,111701250076294;1741,14697265625;1878,5345458984375;1716;
119,556;2,125230550765991;1690,350830078125;1633,50830078125;1716;
119,557;2,120180368423462;1735,1788330078125;1794,4210205078125;1716;
119,558;2,1577630043029785;1721,513427734375;1732,3660888671875;1716;
119,559;2,119795560836792;1712,928955078125;1755,127197265625;1716;
119,56;2,1923956871032715;1727,387939453125;1715,067138671875;1716;
119,561;2,1332547664642334;1700,21142578125;1569,53271484375;1716;
119,562;2,8307268619537354;1737,05908203125;1838,3212890625;1716;
119,563;2,176262617111206;1722,4383544921875;1752,568603515625;1716;
119,564;2,1301963329315186;1722,1300048828125;1750,017578125;1716;
119,565;2,130740165710449;1732,053955078125;1712,6240234375;1716;
119,566;2,1332547664642334;1697,5107421875;1712,6240234375;1716;
119,567;2,126164197921753;1719,052001953125;1690,9451904296875;1716;
119,568;2,1589393615722656;1713,2340087890625;1683,8404541015625;1716;
119,569;2,1954903602600098;1721,8216552734375;1789,08056640625;1716;
119,57;2,1738810539245605;1731,430419921875;1881,4742431640625;1716;
119,571;2,140439748764038;1700,812744140625;1674,459716796875;1716;
119,572;2,126164197921753;1720,8974609375;1672,130859375;1716;
119,573;2,13954496383667;1731,430419921875;1816,1058349609375;1716;
119,574;2,1313726902008057;1717,5172119140625;1757,693115234375;1716;
119,575;2,7756621837615967;1712,01416015625;1715,067138671875;1716;
119,576;2,1207635402679443;1702,619140625;1755,127197265625;1716;
119,577;2,8307268619537354;1722,1300048828125;1712,6240234375;1716;
119,578;2,145617723464966;1715,067138671875;1693,326904296875;1716;
119,579;2,122936964035034;1709,8837890625;1683,8404541015625;1716;
119,58;2,11287784576416;1725,5284423828125;1821,609130859375;1716;
119,581;2,1029305458068848;1709,8837890625;1646,934326171875;1716;
119,582;2,11419677734375;1725,5284423828125;1797,103271484375;1716;
119,583;2,1897130012512207;1716,597412109375;1605,1563720703125;1716;
119,584;2,1423614025115967;1716,904052734375;1781,1290283203125;1716;
119,585;2,231229066848755;1729,562255859375;1727,3880615234375;1716;
119,586;2,110051393508911;1712,319091796875;1686,2020263671875;1716;
119,587;2,8295505046844482;1726,457763671875;1821,609130859375;1716;
119,588;2,2007930278778076;1716,904052734375;1744,9376220703125;1716;
119,589;2,143537759780884;1709,2760009765625;1676,7950439453125;1716;
119,59;2,169420003890991;1725,838134765625;1676,7950439453125;1716;
119,591;2,127246141433716;1695,715087890625;1586,09765625;1716;
119,592;2,768794298171997;1718,437744140625;1760,2666015625;1716;
119,593;2,170125722885132;1712,928955078125;1717,517333984375;1716;
119,594;2,14471435546875;1703,52392578125;1624,678466796875;1716;
119,595;2,1188318729400635;1722,1300048828125;1786,4219970703125;1716;
119,596;2,108874797821045;1711,70947265625;1841,1363525390625;1716;
119,597;2,120180368423462;1708,668701171875;1750,017578125;1716;
119,598;2,177438974380493;1725,218994140625;1712,6240234375;1716;
119,599;2,1301963329315186;1721,513427734375;1770,63623046875;1716;
119,6;2,111701250076294;1731,7421875;1722,4384765625;1716;
119,601;2,1219398975372314;1702,0166015625;1710,1878662109375;1716;
119,602;2,7841708660125732;1738,9434814453125;1835,5145263671875;1716;
119,603;2,176262617111206;1706,2437744140625;1620,29931640625;1716;
119,604;2,119795560836792;1722,4383544921875;1824,3734130859375;1716;
119,605;2,129563808441162;1732,365966796875;1747,473876953125;1716;
119,606;2,0969862937927246;1705,638671875;1642,4345703125;1716;
119,607;2,7853472232818604;1740,516845703125;1794,4210205078125;1716;
119,608;2,176262617111206;1706,54638671875;1603,01611328125;1716;
119,609;2,1362786293029785;1721,8216552734375;1835,5145263671875;1716;
119,61;2,1783928871154785;1714,4556884765625;1752,568603515625;1716;
119,611;2,108874797821045;1711,405029296875;1737,3729248046875;1716;
119,612;2,7758944034576416;1726,14794921875;1702,9207763671875;1716;
119,613;2,1590282917022705;1733,927490234375;1832,716552734375;1716;
119,614;2,1362786293029785;1725,218994140625;1750,017578125;1716;
119,615;2,1176555156707764;1733,302490234375;1863,9722900390625;1716;
119,616;2,104107141494751;1694,2216796875;1755,127197265625;1716;
119,617;2,7841708660125732;1717,21044921875;1710,1878662109375;1716;
119,618;2,1578519344329834;1712,928955078125;1693,326904296875;1716;
119,619;2,143537759780884;1718,130859375;1686,2020263671875;1716;
119,62;2,1176555156707764;1730,495849609375;1827,14599609375;1716;
119,621;2,108874797821045;1712,319091796875;1781,1290283203125;1716;
119,622;2,7853472232818604;1726,457763671875;1722,4384765625;1716;
119,623;2,176262617111206;1716,904052734375;1698,1102294921875;1716;
119,624;2,1423614025115967;1721,513427734375;1683,8404541015625;1716;
119,625;2,1188318729400635;1731,430419921875;1824,3734130859375;1716;
119,626;2,108874797821045;1694,52001953125;1642,4345703125;1716;
119,627;2,759341239929199;1717,21044921875;1794,4210205078125;1716;
119,628;2,1897130012512207;1712,319091796875;1600,881591796875;1716;
119,629;2,1423614025115967;1715,6788330078125;1653,7305908203125;1716;
119,63;2,1355178356170654;1728,9404296875;1665,182861328125;1716;
119,631;2,1159956455230713;1699,910888671875;1722,4384765625;1716;
119,632;2,767617702484131;1720,281982421875;1841,1363525390625;1716;
119,633;2,170125722885132;1713,8447265625;1755,127197265625;1716;
119,634;2,12587833404541;1720,8974609375;1747,473876953125;1716;
119,635;2,129563808441162;1731,118896484375;1710,1878662109375;1716;
119,636;2,114819288253784;1697,211181640625;1715,067138671875;1716;
119,637;2,7853472232818604;1736,118408203125;1838,3212890625;1716;
119,638;2,1791088581085205;1721,8216552734375;1752,568603515625;1716;
119,639;2,1301963329315186;1722,1300048828125;1752,568603515625;1716;
119,64;2,11287784576416;1732,053955078125;1863,9722900390625;1716;
119,641;2,1029305458068848;1693,6248779296875;1681,4854736328125;1716;
119,642;2,7841708660125732;1717,5172119140625;1676,7950439453125;1716;
119,643;2,1802852153778076;1702,619140625;1635,730712890625;1716;
119,644;2,1301963329315186;1705,336181640625;1653,7305908203125;1716;
119,645;2,1176555156707764;1723,982177734375;1807,912841796875;1716;
119,646;2,1219398975372314;1702,920654296875;1710,1878662109375;1716;
119,647;2,759341239929199;1722,1300048828125;1835,5145263671875;1716;
119,648;2,1885366439819336;1715,067138671875;1618,1185302734375;1716;
119,649;2,12587833404541;1707,15234375;1702,9207763671875;1716;
119,65;2,111701250076294;1742,093017578125;1835,5145263671875;1716;
119,651;2,1029305458068848;1710,187744140625;1775,8671875;1716;
119,652;2,7770707607269287;1725,5284423828125;1719,974365234375;1716;
119,653;2,1791088581085205;1716,904052734375;1698,1102294921875;1716;
119,654;2,1423614025115967;1721,8216552734375;1688,5703125;1716;
119,655;2,1188318729400635;1732,365966796875;1827,14599609375;1716;
119,656;2,108874797821045;1712,6239013671875;1781,1290283203125;1716;
119,657;2,759341239929199;1727,07763671875;1875,6038818359375;1716;
119,658;2,171302318572998;1717,21044921875;1770,63623046875;1716;
119,659;2,124701738357544;1711,405029296875;1737,3729248046875;1716;
119,66;2,111701250076294;1744,3046875;1855,3427734375;1716;
119,661;2,104107141494751;1693,3267822265625;1649,1934814453125;1716;
119,662;2,7841708660125732;1734,240234375;1799,7935791015625;1716;
119,663;2,1823997497558594;1720,589599609375;1734,865966796875;1716;
119,664;2,1313726902008057;1713,2340087890625;1752,568603515625;1716;
119,665;2,129563808441162;1727,07763671875;1712,6240234375;1716;
119,666;2,114819288253784;1696,911865234375;1712,6240234375;1716;
119,667;2,2266087532043457;1735,8050537109375;1835,5145263671875;1716;
119,668;2,1791088581085205;1701,715576171875;1690,9451904296875;1716;
119,669;2,118619203567505;1721,8216552734375;1824,3734130859375;1716;
119,67;2,124785900115967;1731,7421875;1747,473876953125;1716;
119,671;2,0910422801971436;1705,0338134765625;1640,19384765625;1716;
119,672;2,7841708660125732;1723,0556640625;1656,0084228515625;1716;
119,673;2,1590282917022705;1715,372802734375;1805,1982421875;1716;
119,674;2,1423614025115967;1717,823974609375;1760,2666015625;1716;
119,675;2,1176555156707764;1712,6239013671875;1717,517333984375;1716;
119,676;2,1278841495513916;1687,08935546875;1620,29931640625;1716;
119,677;2,2254323959350586;1731,118896484375;1781,1290283203125;1716;
119,678;2,1639888286590576;1719,3592529296875;1727,3880615234375;1716;
119,679;2,1313726902008057;1709,579833984375;1667,4925537109375;1716;
119,68;2,129563808441162;1725,838134765625;1816,1058349609375;1716;
119,681;2,0969862937927246;1706,2437744140625;1783,7716064453125;1716;
119,682;2,7853472232818604;1723,982177734375;1724,90966796875;1716;
119,683;2,1791088581085205;1715,9849853515625;1700,51220703125;1716;
119,684;2,1423614025115967;1722,1300048828125;1683,8404541015625;1716;
119,685;2,1188318729400635;1714,76123046875;1679,136962890625;1716;
119,686;2,108874797821045;1695,416259765625;1584,0079345703125;1716;
119,687;2,767617702484131;1717,823974609375;1760,2666015625;1716;
119,688;2,1741385459899902;1715,9849853515625;1705,3363037109375;1716;
119,689;2,124701738357544;1711,70947265625;1835,5145263671875;1716;
119,69;2,129563808441162;1726,7677001953125;1752,568603515625;1716;
119,691;2,1159956455230713;1714,150146484375;1841,1363525390625;1716;
119,692;2,759341239929199;1727,6982421875;1750,017578125;1716;
119,693;2,172961950302124;1717,823974609375;1600,881591796875;1716;
119,694;2,12587833404541;1720,281982421875;1773,2479248046875;1716;
119,695;2,111701250076294;1731,118896484375;1722,4384765625;1716;
119,696;2,1207635402679443;1701,715576171875;1710,1878662109375;1716;
119,697;2,2266087532043457;1738,9434814453125;1835,5145263671875;1716;
119,698;2,1791088581085205;1706,2437744140625;1620,29931640625;1716;
119,699;2,118619203567505;1722,4383544921875;1824,3734130859375;1716;
119,7;2,130740165710449;1732,365966796875;1747,473876953125;1716;
119,701;2,0969862937927246;1705,336181640625;1640,19384765625;1716;
119,702;2,7841708660125732;1722,746826171875;1653,7305908203125;1716;
119,703;2,1618447303771973;1715,372802734375;1805,1982421875;1716;
119,704;2,1423614025115967;1718,130859375;1760,2666015625;1716;
119,705;2,1176555156707764;1730,495849609375;1869,7698974609375;1716;
119,706;2,110051393508911;1704,127685546875;1681,4854736328125;1716;
119,707;2,767617702484131;1722,746826171875;1818,8533935546875;1716;
119,708;2,176262617111206;1715,6788330078125;1611,611328125;1716;
119,709;2,78914213180542;1712,928955078125;1773,2479248046875;1716;
119,71;2,111701250076294;1727,387939453125;1722,4384765625;1716;
119,711;2,0910422801971436;1710,187744140625;1688,5703125;1716;
119,712;2,7853472232818604;1725,5284423828125;1821,609130859375;1716;
119,713;2,1791088581085205;1702,31787109375;1613,774658203125;1716;
119,714;2,1423614025115967;1705,0338134765625;1642,4345703125;1716;
119,715;2,1188318729400635;1740,831787109375;1799,7935791015625;1716;
119,716;2,108874797821045;1712,319091796875;1794,4210205078125;1716;
119,717;2,219102621078491;1726,457763671875;1881,4742431640625;1716;
119,718;2,198725700378418;1716,904052734375;1635,730712890625;1716;
119,719;2,124701738357544;1716,904052734375;1773,2479248046875;1716;
119,72;2,111701250076294;1729,2513427734375;1722,4384765625;1716;
119,721;2,1064600944519043;1710,187744140625;1855,3427734375;1716;
119,722;2,212773084640503;1743,040283203125;1914,4300537109375;1716;
119,723;2,172961950302124;1724,9095458984375;1786,4219970703125;1716;
119,724;2,1313726902008057;1720,589599609375;1734,865966796875;1716;
119,725;2,127246141433716;1713,8447265625;1757,693115234375;1716;
119,726;2,1029305458068848;1693,923095703125;1715,067138671875;1716;
119,727;2,2266087532043457;1735,1788330078125;1838,3212890625;1716;
119,728;2,1663014888763428;1702,619140625;1567,486328125;1716;
119,729;2,7958121299743652;1722,1300048828125;1752,568603515625;1716;
119,73;2,192833423614502;1731,7421875;1712,6240234375;1716;
119,731;2,0910422801971436;1705,638671875;1783,7716064453125;1716;
119,732;2,2254323959350586;1723,3642578125;1724,90966796875;1716;
119,733;2,16747784614563;1702,31787109375;1613,774658203125;1716;
119,734;2,8126814365386963;1722,1300048828125;1781,1290283203125;1716;
119,735;2,1057472229003906;1732,365966796875;1881,4742431640625;1716;
119,736;2,0922188758850098;1699,610595703125;1674,459716796875;1716;
119,737;2,232522964477539;1720,281982421875;1669,8084716796875;1716;
119,738;2,14799427986145;1693,6248779296875;1577,771728515625;1716;
119,739;2,7969884872436523;1717,5172119140625;1757,693115234375;1716;
119,74;2,1176555156707764;1712,01416015625;1715,067138671875;1716;
119,741;2,1029305458068848;1702,619140625;1752,568603515625;1716;
119,742;2,2266087532043457;1721,513427734375;1707,7586669921875;1716;
119,743;2,1724038124084473;1703,22216796875;1629,081298828125;1716;
119,744;2,787965774536133;1722,1300048828125;1789,08056640625;1716;
119,745;2,131248950958252;1714,150146484375;1732,3660888671875;1716;
119,746;2,085686206817627;1717,823974609375;1752,568603515625;1716;
119,747;2,175259828567505;1729,562255859375;1710,1878662109375;1716;
119,748;2,1613755226135254;1713,8447265625;1693,326904296875;1716;
119,749;2,1301963329315186;1710,796142578125;1683,8404541015625;1716;
119,75;2,130072593688965;1726,14794921875;1824,3734130859375;1716;
119,751;2,110051393508911;1709,8837890625;1642,4345703125;1716;
119,752;2,150810956954956;1725,5284423828125;1794,4210205078125;1716;
119,753;2,1785058975219727;1691,539794921875;1620,29931640625;1716;
119,754;2,768794298171997;1716,597412109375;1783,7716064453125;1716;
119,755;2,1360909938812256;1728,9404296875;1727,3880615234375;1716;
119,756;2,0910422801971436;1712,01416015625;1686,2020263671875;1716;
119,757;2,1642117500305176;1726,457763671875;1821,609130859375;1716;
119,758;2,1663014888763428;1702,0166015625;1613,774658203125;1716;
119,759;2,767617702484131;1721,8216552734375;1781,1290283203125;1716;
119,76;2,1344311237335205;1716,904052734375;1698,1102294921875;1716;
119,761;2,0910422801971436;1711,70947265625;1686,2020263671875;1716;
119,762;2,1630351543426514;1726,457763671875;1821,609130859375;1716;
119,763;2,16747784614563;1702,0166015625;1613,774658203125;1716;
119,764;2,767617702484131;1704,731689453125;1644,681396484375;1716;
119,765;2,1332547664642334;1723,0556640625;1660,5828857421875;1716;
119,766;2,0922188758850098;1711,70947265625;1719,974365234375;1716;
119,767;2,1569230556488037;1726,457763671875;1841,1363525390625;1716;
119,768;2,2463011741638184;1718,437744140625;1672,130859375;1716;
119,769;2,768794298171997;1713,2340087890625;1674,459716796875;1716;
119,77;2,114819288253784;1727,6982421875;1752,568603515625;1716;
119,771;2,108874797821045;1712,319091796875;1712,6240234375;1716;
119,772;2,151987314224243;1726,7677001953125;1835,5145263671875;1716;
119,773;2,1540966033935547;1699,310302734375;1549,3067626953125;1716;
119,774;2,7433764934539795;1703,22216796875;1739,8873291015625;1716;
119,775;2,110051393508911;1712,6239013671875;1752,568603515625;1716;
119,776;2,1029305458068848;1692,730712890625;1588,1929931640625;1716;
119,777;2,169147491455078;1734,240234375;1762,8475341796875;1716;
119,778;2,1613755226135254;1703,52392578125;1579,8450927734375;1716;
119,779;2,767617702484131;1705,941162109375;1626,876953125;1716;
119,78;2,1207635402679443;1717,5172119140625;1710,1878662109375;1716;
119,781;2,0922188758850098;1712,319091796875;1841,1363525390625;1716;
119,782;2,1630351543426514;1709,8837890625;1752,568603515625;1716;
119,783;2,160198926925659;1701,715576171875;1600,881591796875;1716;
119,784;2,752241373062134;1722,4383544921875;1773,2479248046875;1716;
119,785;2,114819288253784;1731,7421875;1747,473876953125;1716;
119,786;2,0910422801971436;1702,31787109375;1712,6240234375;1716;
119,787;2,1642117500305176;1738,9434814453125;1835,5145263671875;1716;
119,788;2,160198926925659;1701,41455078125;1565,4454345703125;1716;
119,789;2,7510647773742676;1721,513427734375;1750,017578125;1716;
119,79;2,1278841495513916;1721,8216552734375;1752,568603515625;1716;
119,791;2,0910422801971436;1697,211181640625;1715,067138671875;1716;
119,792;2,1630351543426514;1736,431884765625;1838,3212890625;1716;
119,793;2,1613755226135254;1701,715576171875;1565,4454345703125;1716;
119,794;2,1553664207458496;1721,8216552734375;1750,017578125;1716;
119,795;2,1267077922821045;1721,8216552734375;1752,568603515625;1716;
119,796;2,0922188758850098;1697,211181640625;1715,067138671875;1716;
119,797;2,1630351543426514;1736,431884765625;1838,3212890625;1716;
119,798;2,160198926925659;1701,715576171875;1565,4454345703125;1716;
119,799;2,156543016433716;1721,8216552734375;1750,017578125;1716;
119,8;2,1290605068206787;1721,8216552734375;1752,568603515625;1716;
119,801;2,0910422801971436;1697,211181640625;1715,067138671875;1716;
119,802;2,171302318572998;1736,431884765625;1838,3212890625;1716;
119,803;2,160198926925659;1701,715576171875;1565,4454345703125;1716;
119,804;2,093839168548584;1721,8216552734375;1750,017578125;1716;
119,805;2,1278841495513916;1721,8216552734375;1752,568603515625;1716;
119,806;2,0910422801971436;1697,211181640625;1715,067138671875;1716;
119,807;2,172961950302124;1731,7421875;1712,6240234375;1716;
119,808;2,1613755226135254;1701,715576171875;1565,4454345703125;1716;
119,809;2,093839168548584;1721,8216552734375;1750,017578125;1716;
119,81;2,1207635402679443;1721,8216552734375;1752,568603515625;1716;
119,811;2,7410545349121094;1714,150146484375;1863,9722900390625;1716;
119,812;2,154526472091675;1732,053955078125;1786,4219970703125;1716;
119,813;2,1540966033935547;1702,0166015625;1596,6295166015625;1716;
119,814;2,1069235801696777;1722,4383544921875;1635,730712890625;1716;
119,815;2,1267077922821045;1726,14794921875;1710,1878662109375;1716;
119,816;2,739877939224243;1699,910888671875;1695,715087890625;1716;
119,817;2,155702829360962;1732,365966796875;1722,4384765625;1716;
119,818;2,1663014888763428;1702,0166015625;1569,53271484375;1716;
119,819;2,1092207431793213;1722,1300048828125;1752,568603515625;1716;
119,82;2,1219398975372314;1722,746826171875;1752,568603515625;1716;
119,821;2,739877939224243;1697,5107421875;1715,067138671875;1716;
119,822;2,154526472091675;1731,430419921875;1712,6240234375;1716;
119,823;2,8137094974517822;1718,7447509765625;1688,5703125;1716;
119,824;2,093839168548584;1730,495849609375;1824,3734130859375;1716;
119,825;2,1267077922821045;1721,8216552734375;1717,517333984375;1716;
119,826;2,74929141998291;1697,211181640625;1698,1102294921875;1716;
119,827;2,1362786293029785;1723,673095703125;1717,517333984375;1716;
119,828;2,76715350151062;1715,067138671875;1693,326904296875;1716;
119,829;2,095015525817871;1728,629638671875;1827,14599609375;1716;
119,83;2,1267077922821045;1721,8216552734375;1717,517333984375;1716;
119,831;2,1516902446746826;1714,150146484375;1698,1102294921875;1716;
119,832;2,143537759780884;1727,6982421875;1683,8404541015625;1716;
119,833;2,76715350151062;1716,904052734375;1674,459716796875;1716;
119,834;2,093839168548584;1712,319091796875;1816,1058349609375;1716;
119,835;2,1159956455230713;1713,539306640625;1717,517333984375;1716;
119,836;2,145617723464966;1709,8837890625;1698,1102294921875;1716;
119,837;2,2445387840270996;1726,14794921875;1681,4854736328125;1716;
119,838;2,7683298587799072;1715,9849853515625;1674,459716796875;1716;
119,839;2,120180368423462;1728,319091796875;1838,3212890625;1716;
119,84;2,114819288253784;1717,823974609375;1752,568603515625;1716;
119,841;2,146794080734253;1712,6239013671875;1717,517333984375;1716;
119,842;2,154526472091675;1726,457763671875;1672,130859375;1716;
119,843;2,7589361667633057;1716,2911376953125;1672,130859375;1716;
119,844;2,115373134613037;1725,838134765625;1835,5145263671875;1716;
119,845;2,826714277267456;1716,597412109375;1752,568603515625;1716;
119,846;2,145617723464966;1712,01416015625;1715,067138671875;1716;
119,847;2,155702829360962;1744,3046875;1816,1058349609375;1716;
119,848;2,7589361667633057;1708,061767578125;1609,4539794921875;1716;
119,849;2,11419677734375;1726,7677001953125;1727,3880615234375;1716;
119,85;2,8904361724853516;1717,21044921875;1700,51220703125;1716;
119,851;2,127399444580078;1712,6239013671875;1690,9451904296875;1716;
119,852;2,154526472091675;1732,67822265625;1824,3734130859375;1716;
119,853;2,760112762451172;1702,920654296875;1613,774658203125;1716;
119,854;2,11419677734375;1728,008544921875;1878,5345458984375;1716;
119,855;2,8548543453216553;1717,823974609375;1633,50830078125;1716;
119,856;2,117018699645996;1713,2340087890625;1794,4210205078125;1716;
119,857;2,154526472091675;1737,6866455078125;1722,4384765625;1716;
119,858;2,117354154586792;1705,0338134765625;1698,1102294921875;1716;
119,859;2,115373134613037;1726,457763671875;1821,609130859375;1716;
119,86;2,7896010875701904;1716,597412109375;1611,611328125;1716;
119,861;2,127399444580078;1712,319091796875;1781,1290283203125;1716;
119,862;2,155702829360962;1731,7421875;1724,90966796875;1716;
119,863;2,117354154586792;1702,31787109375;1698,1102294921875;1716;
119,864;2,11419677734375;1727,07763671875;1824,3734130859375;1716;
119,865;2,7659778594970703;1717,5172119140625;1747,473876953125;1716;
119,866;2,1578519344329834;1712,6239013671875;1712,6240234375;1716;
119,867;2,154526472091675;1725,218994140625;1674,459716796875;1716;
119,868;2,118530511856079;1715,9849853515625;1672,130859375;1716;
119,869;2,11419677734375;1726,457763671875;1838,3212890625;1716;
119,87;2,9060306549072266;1716,904052734375;1618,1185302734375;1716;
119,871;2,1494200229644775;1725,218994140625;1775,8671875;1716;
119,872;2,154526472091675;1733,614990234375;1724,90966796875;1716;
119,873;2,117354154586792;1703,22216796875;1698,1102294921875;1716;
119,874;2,115373134613037;1727,07763671875;1824,3734130859375;1716;
119,875;2,2203774452209473;1717,5172119140625;1615,943603515625;1716;
119,876;2,1301963329315186;1722,1300048828125;1775,8671875;1716;
119,877;2,155702829360962;1731,7421875;1727,3880615234375;1716;
119,878;2,117354154586792;1702,0166015625;1698,1102294921875;1716;
119,879;2,126164197921753;1725,838134765625;1821,609130859375;1716;
119,88;2,2215540409088135;1716,597412109375;1613,774658203125;1716;
119,881;2,1301963329315186;1721,20556640625;1775,8671875;1716;
119,882;2,8210418224334717;1731,118896484375;1724,90966796875;1716;
119,883;2,118530511856079;1702,0166015625;1698,1102294921875;1716;
119,884;2,126164197921753;1726,7677001953125;1824,3734130859375;1716;
119,885;2,201507329940796;1717,5172119140625;1747,473876953125;1716;
119,886;2,143537759780884;1709,2760009765625;1672,130859375;1716;
119,887;2,7756621837615967;1742,724365234375;1816,1058349609375;1716;
119,888;2,130072593688965;1707,455322265625;1609,4539794921875;1716;
119,889;2,12734055519104;1726,457763671875;1727,3880615234375;1716;
119,89;2,1638357639312744;1717,21044921875;1700,51220703125;1716;
119,891;2,1362786293029785;1722,746826171875;1683,8404541015625;1716;
119,892;2,776838541030884;1715,067138671875;1679,136962890625;1716;
119,893;2,130072593688965;1711,1004638671875;1674,459716796875;1716;
119,894;2,11419677734375;1726,457763671875;1835,5145263671875;1716;
119,895;2,1528666019439697;1716,904052734375;1752,568603515625;1716;
119,896;2,1484439373016357;1711,70947265625;1674,459716796875;1716;
119,897;2,7756621837615967;1726,457763671875;1674,459716796875;1716;
119,898;2,131248950958252;1716,597412109375;1672,130859375;1716;
119,899;2,8126814365386963;1726,7677001953125;1838,3212890625;1716;
119,9;2,169908285140991;1717,21044921875;1620,29931640625;1716;
119,901;2,143537759780884;1708,061767578125;1640,19384765625;1716;
119,902;2,7756621837615967;1742,40869140625;1797,103271484375;1716;
119,903;2,127246141433716;1690,64794921875;1603,01611328125;1716;
119,904;2,121356964111328;1727,07763671875;1884,42333984375;1716;
119,905;2,2005558013916016;1717,5172119140625;1637,959228515625;1716;
119,906;1,9482311010360718;1717,21044921875;1635,730712890625;1716;
119,907;2,1216681003570557;1747,156494140625;1794,4210205078125;1716;
119,908;2,108874797821045;1692,730712890625;1600,881591796875;1716;
119,909;2,8211159706115723;1726,7677001953125;1884,42333984375;1716;
119,91;2,1589393615722656;1716,904052734375;1770,63623046875;1716;
119,911;2,1301963329315186;1721,20556640625;1810,6357421875;1716;
119,912;2,7674152851104736;1731,118896484375;1739,8873291015625;1716;
119,913;2,104107141494751;1709,579833984375;1843,960205078125;1716;
119,914;2,108212947845459;1742,724365234375;1908,3525390625;1716;
119,915;2,1516902446746826;1724,600341796875;1783,7716064453125;1716;
119,916;2,1313726902008057;1719,3592529296875;1732,3660888671875;1716;
119,917;2,1738810539245605;1730,1845703125;1702,9207763671875;1716;
119,918;2,124054193496704;1701,41455078125;1563,4097900390625;1716;
119,919;2,12734055519104;1734,240234375;1838,3212890625;1716;
119,92;2,176262617111206;1720,589599609375;1752,568603515625;1716;
119,921;2,1301963329315186;1721,8216552734375;1752,568603515625;1716;
119,922;2,130740165710449;1731,430419921875;1712,6240234375;1716;
119,923;2,1332547664642334;1702,0166015625;1567,486328125;1716;
119,924;2,8295505046844482;1736,7454833984375;1838,3212890625;1716;
119,925;2,177438974380493;1722,1300048828125;1752,568603515625;1716;
119,926;2,1301963329315186;1722,1300048828125;1750,017578125;1716;
119,927;2,129563808441162;1732,053955078125;1712,6240234375;1716;
119,928;2,1159956455230713;1697,5107421875;1712,6240234375;1716;
119,929;2,126164197921753;1719,052001953125;1690,9451904296875;1716;
119,93;2,1821448802948;1713,2340087890625;1683,8404541015625;1716;
119,931;2,12587833404541;1721,8216552734375;1789,08056640625;1716;
119,932;2,129563808441162;1731,430419921875;1729,8734130859375;1716;
119,933;2,114819288253784;1702,0166015625;1644,681396484375;1716;
119,934;2,7853472232818604;1736,431884765625;1797,103271484375;1716;
119,935;2,176262617111206;1705,0338134765625;1605,1563720703125;1716;
119,936;2,1362786293029785;1705,638671875;1690,9451904296875;1716;
119,937;2,1188318729400635;1723,982177734375;1827,14599609375;1716;
119,938;2,108874797821045;1712,01416015625;1705,3363037109375;1716;
119,939;2,804246664047241;1726,457763671875;1832,716552734375;1716;
119,94;2,1835761070251465;1716,904052734375;1618,1185302734375;1716;
119,941;2,124701738357544;1706,849365234375;1700,51220703125;1716;
119,942;2,111701250076294;1741,777587890625;1832,716552734375;1716;
119,943;2,104107141494751;1710,187744140625;1640,19384765625;1716;
119,944;2,804246664047241;1725,5284423828125;1794,4210205078125;1716;
119,945;2,1885366439819336;1716,597412109375;1603,01611328125;1716;
119,946;2,143537759780884;1715,9849853515625;1781,1290283203125;1716;
119,947;2,1176555156707764;1728,9404296875;1727,3880615234375;1716;
119,948;2,108874797821045;1712,01416015625;1686,2020263671875;1716;
119,949;2,7853472232818604;1726,457763671875;1821,609130859375;1716;
119,95;2,1578519344329834;1716,904052734375;1744,9376220703125;1716;
119,951;2,124701738357544;1709,2760009765625;1818,8533935546875;1716;
119,952;2,11287784576416;1725,838134765625;1744,9376220703125;1716;
119,953;2,1029305458068848;1694,2216796875;1698,1102294921875;1716;
119,954;2,759341239929199;1735,1788330078125;1827,14599609375;1716;
119,955;2,171302318572998;1721,20556640625;1747,473876953125;1716;
119,956;2,1423614025115967;1719,3592529296875;1618,1185302734375;1716;
119,957;2,1176555156707764;1730,1845703125;1786,4219970703125;1716;
119,958;2,110051393508911;1712,319091796875;1843,960205078125;1716;
119,959;2,126164197921753;1708,97216796875;1750,017578125;1716;
119,96;2,176262617111206;1725,838134765625;1712,6240234375;1716;
119,961;2,149620294570923;1721,8216552734375;1635,730712890625;1716;
119,962;2,1057472229003906;1731,7421875;1794,4210205078125;1716;
119,963;2,114819288253784;1699,910888671875;1693,326904296875;1716;
119,964;2,7853472232818604;1720,281982421875;1824,3734130859375;1716;
119,965;2,176262617111206;1731,118896484375;1747,473876953125;1716;
119,966;2,1301963329315186;1721,8216552734375;1752,568603515625;1716;
119,967;2,130740165710449;1731,430419921875;1712,6240234375;1716;
119,968;2,0969862937927246;1706,54638671875;1786,4219970703125;1716;
119,969;2,7841708660125732;1723,673095703125;1727,3880615234375;1716;
119,97;2,177438974380493;1715,6788330078125;1698,1102294921875;1716;
119,971;2,1423614025115967;1722,4383544921875;1778,494140625;1716;
119,972;2,1057472229003906;1732,365966796875;1878,5345458984375;1716;
119,973;2,1159956455230713;1699,010009765625;1674,459716796875;1716;
119,974;2,7841708660125732;1719,3592529296875;1672,130859375;1716;
119,975;2,1791088581085205;1730,495849609375;1637,959228515625;1716;
119,976;2,1313726902008057;1704,731689453125;1653,7305908203125;1716;
119,977;2,1176555156707764;1723,673095703125;1807,912841796875;1716;
119,978;2,1029305458068848;1694,52001953125;1642,4345703125;1716;
119,979;2,7605178356170654;1717,5172119140625;1794,4210205078125;1716;
119,98;2,1885366439819336;1712,6239013671875;1600,881591796875;1716;
119,981;2,1423614025115967;1706,849365234375;1712,6240234375;1716;
119,982;2,1188318729400635;1723,982177734375;1693,326904296875;1716;
119,983;2,108874797821045;1712,01416015625;1705,3363037109375;1716;
119,984;2,7510647773742676;1726,7677001953125;1832,716552734375;1716;
119,985;2,171302318572998;1717,21044921875;1750,017578125;1716;
119,986;2,1423614025115967;1711,405029296875;1672,130859375;1716;
119,987;2,1176555156707764;1726,7677001953125;1674,459716796875;1716;
119,988;2,110051393508911;1712,6239013671875;1715,067138671875;1716;
119,989;2,767617702484131;1726,7677001953125;1838,3212890625;1716;
119,99;2,170125722885132;1717,21044921875;1752,568603515625;1716;
119,991;2,12587833404541;1703,82568359375;1742,40869140625;1716;
119,992;2,111701250076294;1740,201904296875;1858,210205078125;1716;
119,993;2,1029305458068848;1693,0286865234375;1646,934326171875;1716;
119,994;2,7853472232818604;1734,552978515625;1797,103271484375;1716;
119,995;2,1823997497558594;1721,20556640625;1734,865966796875;1716;
119,996;2,1301963329315186;1714,150146484375;1755,127197265625;1716;
119,997;2,130740165710449;1728,008544921875;1715,067138671875;1716;
119,998;2,114819288253784;1698,409912109375;1715,067138671875;1716;
119,999;2,2254323959350586;1737,05908203125;1838,3212890625;1716;
120;2,177438974380493;1722,4383544921875;1752,568603515625;1716;
120,001;2,1301963329315186;1722,1300048828125;1752,568603515625;1716;
120,002;2,129563808441162;1731,7421875;1712,6240234375;1716;
120,003;2,1159956455230713;1697,211181640625;1712,6240234375;1716;
120,004;2,7841708660125732;1719,052001953125;1690,9451904296875;1716;
120,005;2,176262617111206;1713,2340087890625;1681,4854736328125;1716;
120,006;2,12587833404541;1722,1300048828125;1786,4219970703125;1716;
120,007;2,111701250076294;1732,365966796875;1887,381591796875;1716;
120,008;2,0910422801971436;1701,715576171875;1674,459716796875;1716;
120,009;2,7853472232818604;1721,20556640625;1672,130859375;1716;
120,01;2,1663014888763428;1732,053955078125;1637,959228515625;1716;
120,011;2,1301963329315186;1705,0338134765625;1656,0084228515625;1716;
120,012;2,1188318729400635;1723,3642578125;1807,912841796875;1716;
120,013;2,0910422801971436;1702,619140625;1707,7586669921875;1716;
120,014;2,7510647773742676;1721,8216552734375;1832,716552734375;1716;
120,015;2,1735801696777344;1705,941162109375;1732,3660888671875;1716;
120,016;2,124701738357544;1706,54638671875;1702,9207763671875;1716;
120,017;2,111701250076294;1741,4622802734375;1835,5145263671875;1716;
120,018;2,098162889480591;1718,130859375;1702,9207763671875;1716;
120,019;2,2064435482025146;1729,873291015625;1829,9271240234375;1716;
120,02;2,180858850479126;1707,15234375;1734,865966796875;1716;
120,021;2,1313726902008057;1707,455322265625;1705,3363037109375;1716;
120,022;2,111701250076294;1742,40869140625;1838,3212890625;1716;
120,023;2,1758718490600586;1710,4918212890625;1773,2479248046875;1716;
120,024;2,2202792167663574;1725,838134765625;1717,517333984375;1716;
120,025;2,1663014888763428;1700,511962890625;1700,51220703125;1716;
120,026;2,1423614025115967;1721,20556640625;1688,5703125;1716;
120,027;2,1188318729400635;1731,7421875;1827,14599609375;1716;
120,028;2,0910422801971436;1712,319091796875;1778,494140625;1716;
120,029;2,759341239929199;1726,7677001953125;1872,682373046875;1716;
120,03;2,179682493209839;1689,4599609375;1605,1563720703125;1716;
120,031;2,1423614025115967;1715,6788330078125;1640,19384765625;1716;
120,032;2,1932547092437744;1717,823974609375;1773,2479248046875;1716;
120,033;2,0922188758850098;1712,928955078125;1722,4384765625;1716;
120,034;2,1630351543426514;1727,387939453125;1841,1363525390625;1716;
120,035;2,1663014888763428;1719,3592529296875;1672,130859375;1716;
120,036;2,832165002822876;1713,539306640625;1674,459716796875;1716;
120,037;2,1360909938812256;1727,6982421875;1674,459716796875;1716;
120,038;2,0910422801971436;1712,319091796875;1861,0867919921875;1716;
120,039;2,264678716659546;1709,2760009765625;1757,693115234375;1716;
120,04;2,1785058975219727;1705,941162109375;1658,29248046875;1716;
120,041;2,7902138233184814;1723,673095703125;1667,4925537109375;1716;
120,042;2,1372673511505127;1732,365966796875;1672,130859375;1716;
120,043;2,079741954803467;1703,22216796875;1719,974365234375;1716;
120,044;2,150810956954956;1722,746826171875;1841,1363525390625;1716;
120,045;2,16747784614563;1700,812744140625;1565,4454345703125;1716;
120,046;2,124701738357544;1721,513427734375;1750,017578125;1716;
120,047;2,1452717781066895;1731,7421875;1712,6240234375;1716;
120,048;2,0922188758850098;1697,211181640625;1712,6240234375;1716;
120,049;2,1630351543426514;1736,431884765625;1835,5145263671875;1716;
120,05;2,1584341526031494;1701,715576171875;1565,4454345703125;1716;
120,051;2,7494447231292725;1721,513427734375;1750,017578125;1716;
120,052;2,1267077922821045;1721,8216552734375;1752,568603515625;1716;
120,053;2,0910422801971436;1697,211181640625;1715,067138671875;1716;
120,054;2,1642117500305176;1736,431884765625;1838,3212890625;1716;
120,055;2,160198926925659;1701,715576171875;1565,4454345703125;1716;
120,056;2,7510647773742676;1721,8216552734375;1750,017578125;1716;
120,057;2,1278841495513916;1721,8216552734375;1752,568603515625;1716;
120,058;2,0910422801971436;1697,211181640625;1715,067138671875;1716;
120,059;2,1630351543426514;1736,431884765625;1838,3212890625;1716;
120,06;2,1613755226135254;1701,715576171875;1565,4454345703125;1716;
120,061;2,7510647773742676;1721,8216552734375;1750,017578125;1716;
120,062;2,1267077922821045;1721,8216552734375;1752,568603515625;1716;
120,063;2,0922188758850098;1697,211181640625;1715,067138671875;1716;
120,064;2,1630351543426514;1736,431884765625;1838,3212890625;1716;
120,065;2,160198926925659;1701,715576171875;1565,4454345703125;1716;
120,066;2,752241373062134;1721,8216552734375;1750,017578125;1716;
120,067;2,1267077922821045;1721,8216552734375;1752,568603515625;1716;
120,068;2,0910422801971436;1697,211181640625;1715,067138671875;1716;
120,069;2,1642117500305176;1736,431884765625;1838,3212890625;1716;
120,07;2,160198926925659;1701,715576171875;1565,4454345703125;1716;
120,071;2,7510647773742676;1721,8216552734375;1750,017578125;1716;
120,072;2,1278841495513916;1721,8216552734375;1752,568603515625;1716;
120,073;2,0910422801971436;1714,150146484375;1863,9722900390625;1716;
120,074;2,2335500717163086;1732,053955078125;1786,4219970703125;1716;
120,075;2,155272960662842;1702,0166015625;1596,6295166015625;1716;
120,076;2,767617702484131;1722,1300048828125;1633,50830078125;1716;
120,077;2,114819288253784;1734,86572265625;1786,4219970703125;1716;
120,078;2,0922188758850098;1704,127685546875;1732,3660888671875;1716;
120,079;2,2270796298980713;1722,746826171875;1846,792724609375;1716;
120,08;2,1540966033935547;1702,619140625;1563,4097900390625;1716;
120,081;2,7445530891418457;1722,746826171875;1750,017578125;1716;
120,082;2,144540309906006;1721,20556640625;1615,943603515625;1716;
120,083;2,80141544342041;1697,211181640625;1646,934326171875;1716;
120,084;2,171302318572998;1736,431884765625;1797,103271484375;1716;
120,085;2,160198926925659;1685,906494140625;1573,6414794921875;1716;
120,086;2,093839168548584;1713,8447265625;1755,127197265625;1716;
120,087;2,1219398975372314;1722,1300048828125;1750,017578125;1716;
120,088;2,0910422801971436;1697,810546875;1715,067138671875;1716;
120,089;2,154526472091675;1737,05908203125;1838,3212890625;1716;
120,09;2,1613755226135254;1702,0166015625;1565,4454345703125;1716;
120,091;2,1503095626831055;1722,1300048828125;1750,017578125;1716;
120,092;2,1385960578918457;1721,513427734375;1615,943603515625;1716;
120,093;2,757528305053711;1714,150146484375;1783,7716064453125;1716;
120,094;2,154526472091675;1734,240234375;1805,1982421875;1716;
120,095;2,1540966033935547;1685,906494140625;1603,01611328125;1716;
120,096;2,0896496772766113;1713,539306640625;1773,2479248046875;1716;
120,097;2,114819288253784;1729,562255859375;1744,9376220703125;1716;
120,098;2,739877939224243;1700,812744140625;1712,6240234375;1716;
120,099;2,155702829360962;1730,495849609375;1712,6240234375;1716;
120,1;2,812533140182495;1718,437744140625;1690,9451904296875;1716;
120,101;2,1057472229003906;1730,495849609375;1683,8404541015625;1716;
120,102;2,1278841495513916;1726,14794921875;1752,568603515625;1716;
120,103;2,748115062713623;1699,310302734375;1715,067138671875;1716;
120,104;2,1362786293029785;1723,3642578125;1707,7586669921875;1716;
120,105;2,7518954277038574;1715,067138671875;1688,5703125;1716;
120,106;2,129936456680298;1728,629638671875;1679,136962890625;1716;
120,107;2,1267077922821045;1724,9095458984375;1752,568603515625;1716;
120,108;2,7740023136138916;1698,7100830078125;1586,09765625;1716;
120,109;2,1423614025115967;1727,387939453125;1742,40869140625;1716;
120,11;2,7507190704345703;1716,904052734375;1705,3363037109375;1716;
120,111;2,125230550765991;1712,01416015625;1690,9451904296875;1716;
120,112;2,114819288253784;1725,218994140625;1747,473876953125;1716;
120,113;2,145617723464966;1716,2911376953125;1715,067138671875;1716;
120,114;2,1600208282470703;1726,7677001953125;1674,459716796875;1716;
120,115;2,7589361667633057;1716,2911376953125;1669,8084716796875;1716;
120,116;2,11419677734375;1712,01416015625;1672,130859375;1716;
120,117;2,1159956455230713;1716,904052734375;1752,568603515625;1716;
120,118;2,145617723464966;1712,01416015625;1717,517333984375;1716;
120,119;2,154526472091675;1743,9884033203125;1813,3665771484375;1716;
120,12;2,760112762451172;1707,455322265625;1609,4539794921875;1716;
120,121;2,11419677734375;1726,14794921875;1878,5345458984375;1716;
120,122;2,1326520442962646;1716,597412109375;1633,50830078125;1716;
120,123;2,117018699645996;1712,6239013671875;1797,103271484375;1716;
120,124;2,154526472091675;1746,5218505859375;1794,4210205078125;1716;
120,125;2,7589361667633057;1692,1351318359375;1600,881591796875;1716;
120,126;2,115373134613037;1726,7677001953125;1884,42333984375;1716;
120,127;2,1385960578918457;1716,904052734375;1635,730712890625;1716;
120,128;2,121914863586426;1712,6239013671875;1799,7935791015625;1716;
120,129;2,155702829360962;1747,156494140625;1794,4210205078125;1716;
120,13;2,1795337200164795;1692,730712890625;1603,01611328125;1716;
120,131;2,0968334674835205;1718,130859375;1805,1982421875;1716;
120,132;2,8644652366638184;1712,6239013671875;1605,1563720703125;1716;
120,133;2,121914863586426;1710,4918212890625;1778,494140625;1716;
120,134;2,172774314880371;1746,839111328125;1802,4918212890625;1716;
120,135;2,7683298587799072;1692,432861328125;1607,30224609375;1716;
120,136;2,102229118347168;1719,666748046875;1802,4918212890625;1716;
120,137;2,8632888793945312;1713,2340087890625;1605,1563720703125;1716;
120,138;2,123091459274292;1710,796142578125;1778,494140625;1716;
120,139;2,172774314880371;1728,9404296875;1662,8797607421875;1716;
120,14;2,1233279705047607;1700,812744140625;1667,4925537109375;1716;
120,141;2,103405714035034;1719,666748046875;1765,4361572265625;1716;
120,142;2,7896010875701904;1713,8447265625;1719,974365234375;1716;
120,143;2,127399444580078;1711,1004638671875;1846,792724609375;1716;
120,144;2,155702829360962;1723,673095703125;1786,4219970703125;1716;
120,145;2,7589361667633057;1698,7100830078125;1598,7528076171875;1716;
120,146;2,11419677734375;1709,8837890625;1752,568603515625;1716;
120,147;2,7907776832580566;1725,838134765625;1712,6240234375;1716;
120,148;2,145577907562256;1716,597412109375;1841,1363525390625;1716;
120,149;2,1423614025115967;1731,7421875;1794,4210205078125;1716;
120,15;2,7683298587799072;1702,31787109375;1600,881591796875;1716;
120,151;2,102229118347168;1720,281982421875;1824,3734130859375;1716;
120,152;2,7896010875701904;1731,118896484375;1747,473876953125;1716;
120,153;2,146754503250122;1702,0166015625;1712,6240234375;1716;
120,154;2,166691541671753;1731,430419921875;1712,6240234375;1716;
120,155;2,1671512126922607;1702,0166015625;1693,326904296875;1716;
120,156;2,0920262336730957;1732,053955078125;1797,103271484375;1716;
120,157;2,7896010875701904;1719,666748046875;1734,865966796875;1716;
120,158;2,145577907562256;1713,8447265625;1707,7586669921875;1716;
120,159;2,155702829360962;1731,430419921875;1863,9722900390625;1716;
120,16;2,117354154586792;1702,0166015625;1629,081298828125;1716;
120,161;2,0968334674835205;1734,86572265625;1816,1058349609375;1716;
120,162;2,7907776832580566;1720,589599609375;1609,4539794921875;1716;
120,163;2,1483747959136963;1697,211181640625;1644,681396484375;1716;
120,164;2,886403799057007;1731,7421875;1750,017578125;1716;
120,165;2,0925498008728027;1702,619140625;1712,6240234375;1716;
120,166;2,126164197921753;1741,14697265625;1791,7467041015625;1716;
120,167;2,8407773971557617;1706,849365234375;1600,881591796875;1716;
120,168;2,1313726902008057;1721,8216552734375;1835,5145263671875;1716;
120,169;2,172774314880371;1731,7421875;1752,568603515625;1716;
120,17;2,1054062843322754;1702,31787109375;1710,1878662109375;1716;
120,171;2,12734055519104;1741,777587890625;1794,4210205078125;1716;
120,172;2,7896010875701904;1707,455322265625;1603,01611328125;1716;
120,173;2,1301963329315186;1722,1300048828125;1838,3212890625;1716;
120,174;2,155702829360962;1731,7421875;1908,3525390625;1716;
120,175;2,130072593688965;1702,0166015625;1644,681396484375;1716;
120,176;2,11419677734375;1726,14794921875;1810,6357421875;1716;
120,177;2,1528666019439697;1733,927490234375;1739,8873291015625;1716;
120,178;2,1301963329315186;1719,666748046875;1775,8671875;1716;
120,179;2,154526472091675;1730,495849609375;1724,90966796875;1716;
120,18;2,1432857513427734;1701,715576171875;1573,6414794921875;1716;
120,181;2,126164197921753;1722,1300048828125;1710,1878662109375;1716;
120,182;2,13954496383667;1732,365966796875;1838,3212890625;1716;
120,183;2,143537759780884;1726,457763671875;1752,568603515625;1716;
120,184;2,7756621837615967;1733,927490234375;1861,0867919921875;1716;
120,185;2,124054193496704;1703,22216796875;1626,876953125;1716;
120,186;2,12734055519104;1717,5172119140625;1712,6240234375;1716;
120,187;2,199544668197632;1729,873291015625;1838,3212890625;1716;
120,188;2,124701738357544;1718,437744140625;1624,678466796875;1716;
120,189;2,785085439682007;1729,873291015625;1786,4219970703125;1716;
120,19;2,130072593688965;1718,437744140625;1727,3880615234375;1716;
120,191;2,11419677734375;1718,7447509765625;1802,4918212890625;1716;
120,192;2,1710848808288574;1713,2340087890625;1607,30224609375;1716;
120,193;2,124701738357544;1716,597412109375;1778,494140625;1716;
120,194;2,7756621837615967;1728,9404296875;1724,90966796875;1716;
120,195;2,131248950958252;1700,812744140625;1698,1102294921875;1716;
120,196;2,126164197921753;1725,838134765625;1821,609130859375;1716;
120,197;2,1577630043029785;1716,2911376953125;1613,774658203125;1716;
120,198;2,1313726902008057;1721,20556640625;1775,8671875;1716;
120,199;2,7756621837615967;1731,118896484375;1724,90966796875;1716;
120,2;2,130072593688965;1702,0166015625;1698,1102294921875;1716;
120,201;2,12734055519104;1726,7677001953125;1824,3734130859375;1716;
120,202;2,1577630043029785;1717,5172119140625;1615,943603515625;1716;
120,203;2,1301963329315186;1705,0338134765625;1640,19384765625;1716;
120,204;2,776838541030884;1740,516845703125;1797,103271484375;1716;
120,205;2,130072593688965;1689,7568359375;1603,01611328125;1716;
120,206;2,120180368423462;1726,7677001953125;1884,42333984375;1716;
120,207;2,1589393615722656;1717,5172119140625;1773,2479248046875;1716;
120,208;2,1301963329315186;1721,513427734375;1810,6357421875;1716;
120,209;2,7674152851104736;1731,430419921875;1739,8873291015625;1716;
120,21;2,124767303466797;1710,187744140625;1846,792724609375;1716;
120,211;2,108212947845459;1743,672119140625;1911,386474609375;1716;
120,212;2,1516902446746826;1725,838134765625;1786,4219970703125;1716;
120,213;2,149620294570923;1729,2513427734375;1807,912841796875;1716;
120,214;2,1800527572631836;1735,8050537109375;1739,8873291015625;1716;
120,215;2,124054193496704;1704,731689453125;1579,8450927734375;1716;
120,216;2,109389305114746;1735,491943359375;1829,9271240234375;1716;
120,217;2,1516902446746826;1721,8216552734375;1750,017578125;1716;
120,218;2,1301963329315186;1720,589599609375;1750,017578125;1716;
120,219;2,1935722827911377;1731,430419921875;1712,6240234375;1716;
120,22;2,1360909938812256;1702,31787109375;1567,486328125;1716;
120,221;2,126164197921753;1736,431884765625;1835,5145263671875;1716;
120,222;2,177438974380493;1721,8216552734375;1752,568603515625;1716;
120,223;2,1301963329315186;1721,8216552734375;1752,568603515625;1716;
120,224;2,840707540512085;1731,430419921875;1712,6240234375;1716;
120,225;2,116405725479126;1702,0166015625;1690,9451904296875;1716;
120,226;2,140345335006714;1732,053955078125;1797,103271484375;1716;
120,227;2,1821448802948;1719,666748046875;1734,865966796875;1716;
120,228;2,141773223876953;1721,8216552734375;1757,693115234375;1716;
120,229;2,1800527572631836;1731,430419921875;1866,8665771484375;1716;
120,23;2,130072593688965;1702,0166015625;1629,081298828125;1716;
120,231;2,8307268619537354;1717,823974609375;1676,7950439453125;1716;
120,232;2,176262617111206;1730,495849609375;1676,7950439453125;1716;
120,233;2,1301963329315186;1705,638671875;1653,7305908203125;1716;
120,234;2,1216681003570557;1723,982177734375;1805,1982421875;1716;
120,235;2,1207635402679443;1698,7100830078125;1605,1563720703125;1716;
120,236;2,8295505046844482;1721,513427734375;1688,5703125;1716;
120,237;2,195849895477295;1714,4556884765625;1559,354248046875;1716;
120,238;2,124701738357544;1708,97216796875;1717,517333984375;1716;
120,239;2,111701250076294;1725,218994140625;1841,1363525390625;1716;
120,24;2,104107141494751;1710,187744140625;1635,730712890625;1716;
120,241;2,108212947845459;1725,5284423828125;1791,7467041015625;1716;
120,242;2,1823997497558594;1716,597412109375;1603,01611328125;1716;
120,243;2,143537759780884;1715,372802734375;1781,1290283203125;1716;
120,244;2,2347586154937744;1728,629638671875;1727,3880615234375;1716;
120,245;2,108874797821045;1712,01416015625;1686,2020263671875;1716;
120,246;2,8307268619537354;1726,457763671875;1821,609130859375;1716;
120,247;2,163734197616577;1716,904052734375;1744,9376220703125;1716;
120,248;2,1423614025115967;1709,2760009765625;1674,459716796875;1716;
120,249;2,1758906841278076;1725,5284423828125;1674,459716796875;1716;
120,25;2,108874797821045;1712,6239013671875;1715,067138671875;1716;
120,251;2,11419677734375;1726,7677001953125;1838,3212890625;1716;
120,252;2,171302318572998;1717,21044921875;1752,568603515625;1716;
120,253;2,124701738357544;1703,82568359375;1739,8873291015625;1716;
120,254;2,111701250076294;1740,516845703125;1858,210205078125;1716;
120,255;2,125230550765991;1706,54638671875;1626,876953125;1716;
120,256;2,7841708660125732;1734,86572265625;1799,7935791015625;1716;
120,257;2,1823997497558594;1721,513427734375;1734,865966796875;1716;
120,258;2,1313726902008057;1714,4556884765625;1755,127197265625;1716;
120,259;2,129563808441162;1728,319091796875;1715,067138671875;1716;
120,26;2,114819288253784;1700,812744140625;1715,067138671875;1716;
120,261;2,7853472232818604;1737,05908203125;1838,3212890625;1716;
120,262;2,176262617111206;1722,4383544921875;1752,568603515625;1716;
120,263;2,1301963329315186;1722,1300048828125;1752,568603515625;1716;
120,264;2,130740165710449;1731,7421875;1712,6240234375;1716;
120,265;2,0969862937927246;1689,163330078125;1649,1934814453125;1716;
120,266;2,7841708660125732;1732,365966796875;1799,7935791015625;1716;
120,267;2,177438974380493;1702,920654296875;1605,1563720703125;1716;
120,268;2,154526472091675;1722,1300048828125;1688,5703125;1716;
120,269;2,1236095428466797;1732,053955078125;1827,14599609375;1716;
120,27;2,110051393508911;1713,2340087890625;1688,5703125;1716;
120,271;2,7841708660125732;1709,579833984375;1679,136962890625;1716;
120,272;2,176262617111206;1725,5284423828125;1674,459716796875;1716;
120,273;2,1313726902008057;1704,4295654296875;1651,4588623046875;1716;
120,274;2,111701250076294;1722,746826171875;1805,1982421875;1716;
120,275;2,1207635402679443;1701,41455078125;1707,7586669921875;1716;
120,276;2,103405714035034;1720,8974609375;1832,716552734375;1716;
120,277;2,1823997497558594;1714,150146484375;1615,943603515625;1716;
120,278;2,124701738357544;1706,54638671875;1700,51220703125;1716;
120,279;2,11287784576416;1741,4622802734375;1835,5145263671875;1716;
120,28;2,1029305458068848;1709,579833984375;1637,959228515625;1716;
120,281;2,7565348148345947;1725,218994140625;1791,7467041015625;1716;
120,282;2,1897130012512207;1716,597412109375;1600,881591796875;1716;
120,283;2,1423614025115967;1699,010009765625;1644,681396484375;1716;
120,284;2,1176555156707764;1738,000732421875;1802,4918212890625;1716;
120,285;2,110051393508911;1712,928955078125;1794,4210205078125;1716;
120,286;2,7758944034576416;1727,07763671875;1881,4742431640625;1716;
120,287;2,1791088581085205;1717,5172119140625;1773,2479248046875;1716;
120,288;2,143537759780884;1721,20556640625;1667,4925537109375;1716;
120,289;2,1176555156707764;1731,430419921875;1672,130859375;1716;
120,29;2,108874797821045;1695,715087890625;1717,517333984375;1716;
120,291;2,7605178356170654;1718,437744140625;1838,3212890625;1716;
120,292;2,170125722885132;1713,2340087890625;1752,568603515625;1716;
120,293;2,124701738357544;1719,974365234375;1750,017578125;1716;
120,294;2,130740165710449;1730,495849609375;1712,6240234375;1716;
120,295;2,114819288253784;1696,6124267578125;1712,6240234375;1716;
120,296;2,7841708660125732;1736,118408203125;1835,5145263671875;1716;
120,297;2,177438974380493;1721,8216552734375;1752,568603515625;1716;
120,298;2,1301963329315186;1721,8216552734375;1750,017578125;1716;
120,299;2,111701250076294;1732,053955078125;1866,8665771484375;1716;
120,3;2,104107141494751;1693,6248779296875;1679,136962890625;1716;
120,301;2,7870070934295654;1717,21044921875;1674,459716796875;1716;
120,302;2,176262617111206;1729,873291015625;1672,130859375;1716;
120,303;2,1313726902008057;1721,8216552734375;1791,7467041015625;1716;
120,304;2,1176555156707764;1714,4556884765625;1732,3660888671875;1716;
120,305;2,1207635402679443;1702,619140625;1744,9376220703125;1716;
120,306;2,7770707607269287;1721,8216552734375;1707,7586669921875;1716;
120,307;2,1578519344329834;1732,053955078125;1835,5145263671875;1716;
120,308;2,1301963329315186;1726,14794921875;1750,017578125;1716;
120,309;2,1188318729400635;1716,904052734375;1712,6240234375;1716;
120,31;2,1029305458068848;1694,52001953125;1686,2020263671875;1716;
120,311;2,767617702484131;1717,5172119140625;1821,609130859375;1716;
120,312;2,1741385459899902;1716,597412109375;1744,9376220703125;1716;
120,313;2,1423614025115967;1712,319091796875;1707,7586669921875;1716;
120,314;2,1176555156707764;1727,07763671875;1690,9451904296875;1716;
120,315;2,110051393508911;1712,6239013671875;1707,7586669921875;1716;
120,316;2,759341239929199;1727,07763671875;1832,716552734375;1716;
120,317;2,1885366439819336;1717,5172119140625;1615,943603515625;1716;
120,318;2,143537759780884;1707,15234375;1640,19384765625;1716;
120,319;2,1176555156707764;1741,777587890625;1799,7935791015625;1716;
120,32;2,108874797821045;1712,01416015625;1794,4210205078125;1716;
120,321;2,7770707607269287;1726,14794921875;1881,4742431640625;1716;
120,322;2,176262617111206;1716,904052734375;1773,2479248046875;1716;
120,323;2,1423614025115967;1720,8974609375;1669,8084716796875;1716;
120,324;2,1188318729400635;1731,118896484375;1672,130859375;1716;
120,325;2,108874797821045;1695,416259765625;1717,517333984375;1716;
120,326;2,759341239929199;1718,437744140625;1838,3212890625;1716;
120,327;2,171302318572998;1713,2340087890625;1752,568603515625;1716;
120,328;2,124701738357544;1719,974365234375;1750,017578125;1716;
120,329;2,129563808441162;1730,495849609375;1712,6240234375;1716;
120,33;2,1159956455230713;1696,6124267578125;1712,6240234375;1716;
120,331;2,7841708660125732;1736,118408203125;1835,5145263671875;1716;
120,332;2,1791088581085205;1721,8216552734375;1567,486328125;1716;
120,333;2,1313726902008057;1721,8216552734375;1752,568603515625;1716;
120,334;2,129563808441162;1731,430419921875;1712,6240234375;1716;
120,335;2,195995569229126;1697,211181640625;1712,6240234375;1716;
120,336;2,228961706161499;1736,431884765625;1835,5145263671875;1716;
120,337;2,1663014888763428;1704,731689453125;1690,9451904296875;1716;
120,338;2,1362786293029785;1721,8216552734375;1683,8404541015625;1716;
120,339;2,1188318729400635;1731,7421875;1824,3734130859375;1716;
120,34;2,0910422801971436;1711,1004638671875;1686,2020263671875;1716;
120,341;2,7841708660125732;1709,2760009765625;1679,136962890625;1716;
120,342;2,1660547256469727;1725,838134765625;1674,459716796875;1716;
120,343;2,1301963329315186;1722,4383544921875;1794,4210205078125;1716;
120,344;2,1176555156707764;1732,365966796875;1890,34912109375;1716;
120,345;2,0922188758850098;1701,715576171875;1672,130859375;1716;
120,346;2,759341239929199;1721,20556640625;1813,3665771484375;1716;
120,347;2,160198926925659;1731,7421875;1607,30224609375;1716;
120,348;2,1313726902008057;1702,619140625;1640,19384765625;1716;
120,349;2,1176555156707764;1739,88720703125;1799,7935791015625;1716;
120,35;2,0969862937927246;1693,923095703125;1644,681396484375;1716;
120,351;2,7605178356170654;1717,21044921875;1797,103271484375;1716;
120,352;2,1785058975219727;1706,2437744140625;1615,943603515625;1716;
120,353;2,1301963329315186;1706,849365234375;1781,1290283203125;1716;
120,354;2,1188318729400635;1742,093017578125;1881,4742431640625;1716;
120,355;2,0969862937927246;1702,31787109375;1693,326904296875;1716;
120,356;2,759341239929199;1739,2578125;1824,3734130859375;1716;
120,357;2,179682493209839;1723,3642578125;1607,30224609375;1716;
120,358;2,7510647773742676;1715,9849853515625;1775,8671875;1716;
120,359;2,130072593688965;1728,9404296875;1724,90966796875;1716;
120,36;2,0922188758850098;1711,1004638671875;1688,5703125;1716;
120,361;2,7841708660125732;1726,457763671875;1821,609130859375;1716;
120,362;2,14799427986145;1711,1004638671875;1676,7950439453125;1716;
120,363;2,143537759780884;1709,579833984375;1676,7950439453125;1716;
120,364;2,1360909938812256;1743,672119140625;1821,609130859375;1716;
120,365;2,1029305458068848;1712,928955078125;1783,7716064453125;1716;
120,366;2,151987314224243;1727,387939453125;1875,6038818359375;1716;
120,367;2,160198926925659;1698,7100830078125;1665,182861328125;1716;
120,368;2,124701738357544;1720,281982421875;1810,6357421875;1716;
120,369;2,131248950958252;1730,80712890625;1739,8873291015625;1716;
120,37;2,108874797821045;1710,187744140625;1698,1102294921875;1716;
120,371;2,150810956954956;1743,356201171875;1827,14599609375;1716;
120,372;2,16747784614563;1717,5172119140625;1676,7950439453125;1716;
120,373;2,1301963329315186;1712,6239013671875;1818,8533935546875;1716;
120,374;2,1360909938812256;1727,07763671875;1744,9376220703125;1716;
120,375;2,110051393508911;1710,796142578125;1695,715087890625;1716;
120,376;2,150810956954956;1743,9884033203125;1827,14599609375;1716;
120,377;2,160198926925659;1717,21044921875;1676,7950439453125;1716;
120,378;2,7770707607269287;1712,319091796875;1676,7950439453125;1716;
120,379;2,1207635402679443;1718,437744140625;1752,568603515625;1716;
120,38;2,108874797821045;1712,928955078125;1712,6240234375;1716;
120,381;2,151987314224243;1727,387939453125;1835,5145263671875;1716;
120,382;2,1540966033935547;1716,904052734375;1672,130859375;1716;
120,383;2,767617702484131;1712,01416015625;1674,459716796875;1716;
120,384;2,1159956455230713;1716,904052734375;1752,568603515625;1716;
120,385;2,108874797821045;1694,8187255859375;1586,09765625;1716;
120,386;2,150810956954956;1717,823974609375;1760,2666015625;1716;
120,387;2,1491708755493164;1716,597412109375;1705,3363037109375;1716;
120,388;2,767617702484131;1712,01416015625;1690,9451904296875;1716;
120,389;2,1326520442962646;1725,218994140625;1747,473876953125;1716;
120,39;2,110051393508911;1715,9849853515625;1712,6240234375;1716;
120,391;2,150810956954956;1728,629638671875;1835,5145263671875;1716;
120,392;2,1540966033935547;1716,2911376953125;1672,130859375;1716;
120,393;2,768794298171997;1712,01416015625;1674,459716796875;1716;
120,394;2,114819288253784;1716,904052734375;1752,568603515625;1716;
120,395;2,108874797821045;1694,8187255859375;1586,09765625;1716;
120,396;2,1618447303771973;1717,823974609375;1760,2666015625;1716;
120,397;2,14799427986145;1708,061767578125;1640,19384765625;1716;
120,398;2,767617702484131;1708,061767578125;1658,29248046875;1716;
120,399;2,1338284015655518;1725,5284423828125;1765,4361572265625;1716;
120,4;2,739877939224243;1716,597412109375;1719,974365234375;1716;
120,401;2,170125722885132;1729,2513427734375;1841,1363525390625;1716;
120,402;2,155272960662842;1719,052001953125;1669,8084716796875;1716;
120,403;2,767617702484131;1713,539306640625;1672,130859375;1716;
120,404;2,114819288253784;1717,5172119140625;1752,568603515625;1716;
120,405;2,762938976287842;1712,01416015625;1715,067138671875;1716;
120,406;2,1578519344329834;1726,457763671875;1838,3212890625;1716;
120,407;2,1540966033935547;1716,597412109375;1672,130859375;1716;
120,408;2,1069235801696777;1712,319091796875;1674,459716796875;1716;
120,409;2,1326520442962646;1716,597412109375;1615,943603515625;1716;
120,41;2,756351947784424;1711,70947265625;1783,7716064453125;1716;
120,411;2,1374552249908447;1742,093017578125;1799,7935791015625;1716;
120,412;2,1540966033935547;1689,7568359375;1603,01611328125;1716;
120,413;2,1057472229003906;1715,6788330078125;1637,959228515625;1716;
120,414;2,1219398975372314;1716,904052734375;1773,2479248046875;1716;
120,415;2,739877939224243;1712,01416015625;1724,90966796875;1716;
120,416;2,154526472091675;1749,062744140625;1816,1058349609375;1716;
120,417;2,155272960662842;1710,187744140625;1609,4539794921875;1716;
120,418;2,1057472229003906;1709,2760009765625;1642,4345703125;1716;
120,419;2,1326520442962646;1716,904052734375;1631,291748046875;1716;
120,42;2,7251689434051514;1712,319091796875;1794,4210205078125;1716;
120,421;2,1484439373016357;1728,629638671875;1656,0084228515625;1716;
120,422;2,1540966033935547;1700,21142578125;1662,8797607421875;1716;
120,423;2,0896496772766113;1721,20556640625;1810,6357421875;1716;
120,424;2,1385960578918457;1712,319091796875;1588,1929931640625;1716;
120,425;2,201507329940796;1709,579833984375;1768,032470703125;1716;
120,426;2,143537759780884;1743,040283203125;1810,6357421875;1716;
120,427;2,160198926925659;1690,350830078125;1607,30224609375;1716;
120,428;2,111701250076294;1716,2911376953125;1640,19384765625;1716;
120,429;2,139772415161133;1718,130859375;1633,50830078125;1716;
120,43;2,732229232788086;1696,0140380859375;1656,0084228515625;1716;
120,431;2,1484439373016357;1729,2513427734375;1722,4384765625;1716;
120,432;2,1515238285064697;1700,511962890625;1695,715087890625;1716;
120,433;2,127120018005371;1743,040283203125;1832,716552734375;1716;
120,434;2,1207635402679443;1725,218994140625;1750,017578125;1716;
120,435;2,7410545349121094;1699,310302734375;1715,067138671875;1716;
120,436;2,1362786293029785;1741,14697265625;1858,210205078125;1716;
120,437;2,14799427986145;1706,54638671875;1626,876953125;1716;
120,438;2,0896496772766113;1724,600341796875;1789,08056640625;1716;
120,439;2,1267077922821045;1720,8974609375;1734,865966796875;1716;
120,44;2,723992347717285;1697,5107421875;1707,7586669921875;1716;
120,441;2,143537759780884;1727,6982421875;1715,067138671875;1716;
120,442;2,160198926925659;1700,21142578125;1567,486328125;1716;
120,443;2,124054193496704;1721,513427734375;1620,29931640625;1716;
120,444;2,1219398975372314;1718,130859375;1715,067138671875;1716;
120,445;2,739877939224243;1696,0140380859375;1698,1102294921875;1716;
120,446;2,235114574432373;1732,365966796875;1722,4384765625;1716;
120,447;2,7765469551086426;1702,0166015625;1569,53271484375;1716;
120,448;2,1120176315307617;1722,1300048828125;1750,017578125;1716;
120,449;2,1207635402679443;1723,0556640625;1752,568603515625;1716;
120,45;2,1285760402679443;1715,067138671875;1866,8665771484375;1716;
120,451;2,17885684967041;1731,430419921875;1644,681396484375;1716;
120,452;2,76715350151062;1718,437744140625;1656,0084228515625;1716;
120,453;2,103405714035034;1730,1845703125;1805,1982421875;1716;
120,454;2,1267077922821045;1713,2340087890625;1722,4384765625;1716;
120,455;2,748115062713623;1693,0286865234375;1700,51220703125;1716;
120,456;2,167868137359619;1723,3642578125;1715,067138671875;1716;
120,457;2,76715350151062;1715,067138671875;1690,9451904296875;1716;
120,458;2,11419677734375;1729,2513427734375;1681,4854736328125;1716;
120,459;2,1278841495513916;1717,823974609375;1681,4854736328125;1716;
120,46;2,133472204208374;1712,928955078125;1827,14599609375;1716;
120,461;2,154526472091675;1723,673095703125;1658,29248046875;1716;
120,462;2,841884136199951;1698,409912109375;1545,323974609375;1716;
120,463;2,108212947845459;1722,4383544921875;1843,960205078125;1716;
120,464;2,7896010875701904;1715,067138671875;1755,127197265625;1716;
120,465;2,1285760402679443;1694,2216796875;1715,067138671875;1716;
120,466;2,166691541671753;1731,7421875;1712,6240234375;1716;
120,467;2,76715350151062;1702,31787109375;1567,486328125;1716;
120,468;2,103405714035034;1736,431884765625;1835,5145263671875;1716;
120,469;2,7896010875701904;1721,8216552734375;1752,568603515625;1716;
120,47;2,127399444580078;1697,5107421875;1715,067138671875;1716;
120,471;2,167868137359619;1731,7421875;1712,6240234375;1716;
120,472;2,76715350151062;1702,31787109375;1567,486328125;1716;
120,473;2,102229118347168;1736,431884765625;1835,5145263671875;1716;
120,474;2,7907776832580566;1721,8216552734375;1752,568603515625;1716;
120,475;2,1938133239746094;1697,5107421875;1715,067138671875;1716;
120,476;2,166691541671753;1731,7421875;1712,6240234375;1716;
120,477;2,124504327774048;1702,31787109375;1567,486328125;1716;
120,478;2,102229118347168;1736,431884765625;1835,5145263671875;1716;
120,479;2,7896010875701904;1721,8216552734375;1752,568603515625;1716;
120,48;2,146754503250122;1697,5107421875;1715,067138671875;1716;
120,481;2,166691541671753;1731,7421875;1712,6240234375;1716;
120,482;2,1233279705047607;1702,31787109375;1567,486328125;1716;
120,483;2,103405714035034;1736,7454833984375;1838,3212890625;1716;
120,484;2,7896010875701904;1722,1300048828125;1752,568603515625;1716;
120,485;2,145577907562256;1697,810546875;1715,067138671875;1716;
120,486;2,167868137359619;1732,053955078125;1712,6240234375;1716;
120,487;2,1233279705047607;1702,31787109375;1567,486328125;1716;
120,488;2,102229118347168;1736,431884765625;1835,5145263671875;1716;
120,489;2,7907776832580566;1721,8216552734375;1752,568603515625;1716;
120,49;2,145577907562256;1697,5107421875;1715,067138671875;1716;
120,491;2,886403799057007;1731,7421875;1712,6240234375;1716;
120,492;2,1372673511505127;1702,31787109375;1567,486328125;1716;
120,493;2,126164197921753;1736,7454833984375;1838,3212890625;1716;
120,494;2,7896010875701904;1722,1300048828125;1752,568603515625;1716;
120,495;2,1313726902008057;1697,5107421875;1752,568603515625;1716;
120,496;2,840707540512085;1731,7421875;1712,6240234375;1716;
120,497;2,1360909938812256;1702,0166015625;1567,486328125;1716;
120,498;2,12734055519104;1736,7454833984375;1838,3212890625;1716;
120,499;2,7896010875701904;1705,0338134765625;1620,29931640625;1716;
120,5;2,1301963329315186;1722,1300048828125;1681,4854736328125;1716;
120,501;2,155702829360962;1732,053955078125;1821,609130859375;1716;
120,502;2,130072593688965;1702,31787109375;1611,611328125;1716;
120,503;2,126164197921753;1726,457763671875;1824,3734130859375;1716;
120,504;2,2215540409088135;1717,21044921875;1615,943603515625;1716;
120,505;2,1301963329315186;1695,416259765625;1829,9271240234375;1716;
120,506;2,840707540512085;1732,365966796875;1750,017578125;1716;
120,507;2,1250946521759033;1702,920654296875;1710,1878662109375;1716;
120,508;2,126164197921753;1732,9903564453125;1722,4384765625;1716;
120,509;2,1638357639312744;1720,589599609375;1698,1102294921875;1716;
120,51;2,1313726902008057;1722,4383544921875;1778,494140625;1716;
120,511;2,7591683864593506;1731,7421875;1875,6038818359375;1716;
120,512;2,1360909938812256;1702,0166015625;1633,50830078125;1716;
120,513;2,12734055519104;1719,974365234375;1674,459716796875;1716;
120,514;2,1577630043029785;1730,80712890625;1674,459716796875;1716;
120,515;2,1301963329315186;1721,8216552734375;1794,4210205078125;1716;
120,516;2,155702829360962;1714,150146484375;1734,865966796875;1716;
120,517;2,1421093940734863;1693,6248779296875;1577,771728515625;1716;
120,518;2,120180368423462;1721,8216552734375;1707,7586669921875;1716;
120,519;2,1589393615722656;1732,365966796875;1690,9451904296875;1716;
120,52;2,1484439373016357;1713,2340087890625;1649,1934814453125;1716;
120,521;2,7756621837615967;1727,6982421875;1802,4918212890625;1716;
120,522;2,125230550765991;1700,511962890625;1734,865966796875;1716;
120,523;2,108212947845459;1717,823974609375;1797,103271484375;1716;
120,524;2,169908285140991;1712,928955078125;1605,1563720703125;1716;
120,525;2,1374552249908447;1707,15234375;1707,7586669921875;1716;
120,526;2,1800527572631836;1741,4622802734375;1835,5145263671875;1716;
120,527;2,130072593688965;1706,849365234375;1750,017578125;1716;
120,528;2,109389305114746;1726,14794921875;1794,4210205078125;1716;
120,529;2,169908285140991;1716,904052734375;1603,01611328125;1716;
120,53;2,118619203567505;1715,9849853515625;1781,1290283203125;1716;
120,531;2,776838541030884;1728,9404296875;1727,3880615234375;1716;
120,532;2,130072593688965;1700,812744140625;1698,1102294921875;1716;
120,533;2,126164197921753;1726,457763671875;1821,609130859375;1716;
120,534;2,140721321105957;1716,904052734375;1744,9376220703125;1716;
120,535;2,2094202041625977;1709,2760009765625;1676,7950439453125;1716;
120,536;2,7756621837615967;1725,838134765625;1676,7950439453125;1716;
120,537;2,131248950958252;1716,904052734375;1674,459716796875;1716;
120,538;2,11419677734375;1718,7447509765625;1760,2666015625;1716;
120,539;2,1516902446746826;1713,2340087890625;1717,517333984375;1716;
120,54;2,143537759780884;1703,22216796875;1622,48583984375;1716;
120,541;2,8491225242614746;1722,1300048828125;1649,1934814453125;1716;
120,542;2,1360909938812256;1697,810546875;1541,361572265625;1716;
120,543;2,8246452808380127;1720,281982421875;1846,792724609375;1716;
120,544;2,1577630043029785;1714,150146484375;1757,693115234375;1716;
120,545;2,1301963329315186;1721,8216552734375;1747,473876953125;1716;
120,546;2,1935722827911377;1731,430419921875;1710,1878662109375;1716;
120,547;2,1360909938812256;1702,0166015625;1567,486328125;1716;
120,548;2,126164197921753;1736,118408203125;1838,3212890625;1716;
120,549;2,2327332496643066;1721,513427734375;1750,017578125;1716;
120,55;2,1960785388946533;1721,8216552734375;1750,017578125;1716;
120,551;2,840707540512085;1731,7421875;1712,6240234375;1716;
120,552;2,1159956455230713;1702,0166015625;1567,486328125;1716;
120,553;2,126164197921753;1736,431884765625;1835,5145263671875;1716;
120,554;2,176262617111206;1704,731689453125;1620,29931640625;1716;
120,555;2,1313726902008057;1721,8216552734375;1824,3734130859375;1716;
120,556;2,1236095428466797;1731,7421875;1747,473876953125;1716;
120,557;2,1120176315307617;1702,31787109375;1707,7586669921875;1716;
120,558;2,12734055519104;1723,0556640625;1656,0084228515625;1716;
120,559;2,1578519344329834;1715,067138671875;1805,1982421875;1716;
120,56;2,1423614025115967;1717,5172119140625;1760,2666015625;1716;
120,561;2,776838541030884;1729,562255859375;1866,8665771484375;1716;
120,562;2,148127555847168;1718,437744140625;1629,081298828125;1716;
120,563;2,11419677734375;1731,118896484375;1899,30810546875;1716;
120,564;2,171302318572998;1719,3592529296875;1644,681396484375;1716;
120,565;2,1301963329315186;1704,127685546875;1686,2020263671875;1716;
120,566;2,840707540512085;1740,516845703125;1824,3734130859375;1716;
120,567;2,1192123889923096;1690,350830078125;1613,774658203125;1716;
120,568;2,120180368423462;1724,600341796875;1724,90966796875;1716;
120,569;2,176262617111206;1716,597412109375;1700,51220703125;1716;
120,57;2,143537759780884;1722,1300048828125;1683,8404541015625;1716;
120,571;2,1176555156707764;1732,053955078125;1821,609130859375;1716;
120,572;2,108874797821045;1702,619140625;1611,611328125;1716;
120,573;2,109389305114746;1726,457763671875;1875,6038818359375;1716;
120,574;2,1885366439819336;1716,904052734375;1635,730712890625;1716;
120,575;2,122936964035034;1715,6788330078125;1770,63623046875;1716;
120,576;2,76859188079834;1728,9404296875;1722,4384765625;1716;
120,577;2,1029305458068848;1710,4918212890625;1855,3427734375;1716;
120,578;2,11419677734375;1725,218994140625;1755,127197265625;1716;
120,579;2,1771843433380127;1716,2911376953125;1715,067138671875;1716;
120,58;2,124701738357544;1720,8974609375;1768,032470703125;1716;
120,581;2,111701250076294;1731,118896484375;1719,974365234375;1716;
120,582;2,1432857513427734;1702,0166015625;1571,5843505859375;1716;
120,583;2,126164197921753;1738,31494140625;1835,5145263671875;1716;
120,584;2,176262617111206;1722,746826171875;1752,568603515625;1716;
120,585;2,1313726902008057;1721,8216552734375;1750,017578125;1716;
120,586;2,129563808441162;1731,7421875;1712,6240234375;1716;
120,587;2,1180360317230225;1702,31787109375;1690,9451904296875;1716;
120,588;2,7853472232818604;1732,053955078125;1797,103271484375;1716;
120,589;2,176262617111206;1719,666748046875;1734,865966796875;1716;
120,59;2,1423614025115967;1721,8216552734375;1757,693115234375;1716;
120,591;2,174818992614746;1731,430419921875;1866,8665771484375;1716;
120,592;2,108874797821045;1702,0166015625;1629,081298828125;1716;
120,593;2,126164197921753;1717,21044921875;1672,130859375;1716;
120,594;2,177438974380493;1729,873291015625;1672,130859375;1716;
120,595;2,1301963329315186;1705,0338134765625;1653,7305908203125;1716;
120,596;2,1176555156707764;1723,3642578125;1805,1982421875;1716;
120,597;2,1219398975372314;1702,920654296875;1710,1878662109375;1716;
120,598;2,7958121299743652;1721,8216552734375;1835,5145263671875;1716;
120,599;2,1823997497558594;1714,76123046875;1620,29931640625;1716;
120,6;2,12587833404541;1706,849365234375;1700,51220703125;1716;
120,601;2,111701250076294;1742,093017578125;1835,5145263671875;1716;
120,602;2,1029305458068848;1710,187744140625;1775,8671875;1716;
120,603;2,121356964111328;1725,5284423828125;1719,974365234375;1716;
120,604;2,176262617111206;1716,904052734375;1698,1102294921875;1716;
120,605;2,1423614025115967;1721,8216552734375;1686,2020263671875;1716;
120,606;2,1188318729400635;1714,76123046875;1681,4854736328125;1716;
120,607;2,108874797821045;1712,928955078125;1712,6240234375;1716;
120,608;2,767617702484131;1727,07763671875;1835,5145263671875;1716;
120,609;2,1897130012512207;1717,5172119140625;1618,1185302734375;1716;
120,61;2,1423614025115967;1708,061767578125;1640,19384765625;1716;
120,611;2,1176555156707764;1724,9095458984375;1658,29248046875;1716;
120,612;2,110051393508911;1682,36767578125;1545,323974609375;1716;
120,613;2,11419677734375;1718,437744140625;1843,960205078125;1716;
120,614;2,170125722885132;1713,2340087890625;1755,127197265625;1716;
120,615;2,12587833404541;1721,20556640625;1747,473876953125;1716;
120,616;2,129563808441162;1731,430419921875;1710,1878662109375;1716;
120,617;2,114819288253784;1702,0166015625;1715,067138671875;1716;
120,618;2,7853472232818604;1736,118408203125;1838,3212890625;1716;
120,619;2,176262617111206;1721,8216552734375;1752,568603515625;1716;
120,62;2,1301963329315186;1722,1300048828125;1750,017578125;1716;
120,621;2,11287784576416;1732,365966796875;1863,9722900390625;1716;
120,622;2,1029305458068848;1693,6248779296875;1679,136962890625;1716;
120,623;2,7841708660125732;1734,552978515625;1816,1058349609375;1716;
120,624;2,177438974380493;1720,8974609375;1611,611328125;1716;
120,625;2,1301963329315186;1721,8216552734375;1829,9271240234375;1716;
120,626;2,129563808441162;1731,7421875;1750,017578125;1716;
120,627;2,098162889480591;1706,849365234375;1642,4345703125;1716;
120,628;2,759341239929199;1724,291259765625;1794,4210205078125;1716;
120,629;2,170125722885132;1716,2911376953125;1729,8734130859375;1716;
120,63;2,143537759780884;1703,52392578125;1642,4345703125;1716;
120,631;2,1176555156707764;1740,201904296875;1799,7935791015625;1716;
120,632;2,108874797821045;1695,416259765625;1646,934326171875;1716;
120,633;2,7605178356170654;1717,5172119140625;1797,103271484375;1716;
120,634;2,1885366439819336;1712,319091796875;1603,01611328125;1716;
120,635;2,1423614025115967;1707,15234375;1710,1878662109375;1716;
120,636;2,1188318729400635;1742,40869140625;1841,1363525390625;1716;
120,637;2,108874797821045;1712,6239013671875;1775,8671875;1716;
120,638;2,778247117996216;1727,07763671875;1722,4384765625;1716;
120,639;2,177438974380493;1717,5172119140625;1698,1102294921875;1716;
120,64;2,1423614025115967;1721,20556640625;1683,8404541015625;1716;
120,641;2,1176555156707764;1713,8447265625;1679,136962890625;1716;
120,642;1,9324041604995728;1711,405029296875;1710,1878662109375;1716;
120,643;2,767617702484131;1725,838134765625;1835,5145263671875;1716;
120,644;2,170125722885132;1716,597412109375;1752,568603515625;1716;
120,645;2,12587833404541;1711,70947265625;1816,1058349609375;1716;
120,646;2,111701250076294;1726,457763671875;1742,40869140625;1716;
120,647;2,1029305458068848;1693,0286865234375;1698,1102294921875;1716;
120,648;2,7605178356170654;1734,240234375;1827,14599609375;1716;
120,649;2,185255765914917;1720,589599609375;1613,774658203125;1716;
120,65;2,1301963329315186;1723,673095703125;1789,08056640625;1716;
120,651;2,130740165710449;1732,365966796875;1729,8734130859375;1716;
120,652;2,114819288253784;1697,810546875;1707,7586669921875;1716;
120,653;2,7746591567993164;1737,05908203125;1832,716552734375;1716;
120,654;2,177438974380493;1722,4383544921875;1750,017578125;1716;
120,655;2,1301963329315186;1721,513427734375;1752,568603515625;1716;
120,656;2,129563808441162;1731,430419921875;1712,6240234375;1716;
120,657;2,1159956455230713;1697,5107421875;1712,6240234375;1716;
120,658;2,7841708660125732;1736,431884765625;1835,5145263671875;1716;
120,659;2,176262617111206;1721,8216552734375;1752,568603515625;1716;
120,66;2,1313726902008057;1721,8216552734375;1752,568603515625;1716;
120,661;2,111701250076294;1731,7421875;1863,9722900390625;1716;
120,662;2,0910422801971436;1693,3267822265625;1679,136962890625;1716;
120,663;2,7853472232818604;1734,552978515625;1816,1058349609375;1716;
120,664;2,176262617111206;1720,8974609375;1611,611328125;1716;
120,665;2,1301963329315186;1721,8216552734375;1832,716552734375;1716;
120,666;2,149303913116455;1714,150146484375;1618,1185302734375;1716;
120,667;2,085686206817627;1705,638671875;1702,9207763671875;1716;
120,668;2,7758944034576416;1740,831787109375;1829,9271240234375;1716;
120,669;2,177438974380493;1706,849365234375;1618,1185302734375;1716;
120,67;2,1362786293029785;1730,1845703125;1832,716552734375;1716;
120,671;2,1176555156707764;1736,118408203125;1911,386474609375;1716;
120,672;2,098162889480591;1711,405029296875;1669,8084716796875;1716;
120,673;2,759341239929199;1726,14794921875;1810,6357421875;1716;
120,674;2,160198926925659;1697,810546875;1607,30224609375;1716;
120,675;2,1374552249908447;1702,31787109375;1640,19384765625;1716;
120,676;2,1176555156707764;1739,2578125;1799,7935791015625;1716;
120,677;2,0969862937927246;1702,0166015625;1710,1878662109375;1716;
120,678;2,7605178356170654;1721,513427734375;1835,5145263671875;1716;
120,679;2,1785058975219727;1706,54638671875;1732,3660888671875;1716;
120,68;2,124701738357544;1707,15234375;1702,9207763671875;1716;
120,681;2,131248950958252;1742,093017578125;1835,5145263671875;1716;
120,682;2,0969862937927246;1718,437744140625;1702,9207763671875;1716;
120,683;2,759341239929199;1729,873291015625;1829,9271240234375;1716;
120,684;2,179682493209839;1707,15234375;1734,865966796875;1716;
120,685;2,1301963329315186;1707,455322265625;1705,3363037109375;1716;
120,686;2,130072593688965;1742,40869140625;1838,3212890625;1716;
120,687;2,098162889480591;1710,4918212890625;1637,959228515625;1716;
120,688;2,759341239929199;1726,14794921875;1791,7467041015625;1716;
120,689;2,1785058975219727;1716,904052734375;1600,881591796875;1716;
120,69;2,143537759780884;1715,9849853515625;1783,7716064453125;1716;
120,691;2,1360909938812256;1728,629638671875;1727,3880615234375;1716;
120,692;2,0910422801971436;1712,01416015625;1686,2020263671875;1716;
120,693;2,8412294387817383;1726,457763671875;1821,609130859375;1716;
120,694;2,1663014888763428;1716,904052734375;1613,774658203125;1716;
120,695;2,767617702484131;1721,8216552734375;1781,1290283203125;1716;
120,696;2,1372673511505127;1731,7421875;1727,3880615234375;1716;
120,697;2,0910422801971436;1711,70947265625;1686,2020263671875;1716;
120,698;2,1630351543426514;1726,457763671875;1821,609130859375;1716;
120,699;2,2433600425720215;1701,715576171875;1611,611328125;1716;
120,7;2,767617702484131;1721,513427734375;1778,494140625;1716;
120,701;2,1360909938812256;1731,430419921875;1724,90966796875;1716;
120,702;2,0922188758850098;1712,01416015625;1688,5703125;1716;
120,703;2,1630351543426514;1726,7677001953125;1821,609130859375;1716;
120,704;2,1540966033935547;1711,1004638671875;1676,7950439453125;1716;
120,705;2,143537759780884;1709,579833984375;1676,7950439453125;1716;
120,706;2,1360909938812256;1725,838134765625;1676,7950439453125;1716;
120,707;2,108874797821045;1712,928955078125;1712,6240234375;1716;
120,708;2,151987314224243;1727,387939453125;1835,5145263671875;1716;
120,709;2,1540966033935547;1716,904052734375;1672,130859375;1716;
120,71;2,124701738357544;1712,01416015625;1816,1058349609375;1716;
120,711;2,131248950958252;1726,457763671875;1742,40869140625;1716;
120,712;2,108874797821045;1709,579833984375;1695,715087890625;1716;
120,713;2,150810956954956;1743,040283203125;1827,14599609375;1716;
120,714;2,1613755226135254;1716,597412109375;1674,459716796875;1716;
120,715;2,7758944034576416;1712,01416015625;1674,459716796875;1716;
120,716;2,1207635402679443;1717,823974609375;1752,568603515625;1716;
120,717;2,110051393508911;1712,01416015625;1715,067138671875;1716;
120,718;2,150810956954956;1726,457763671875;1838,3212890625;1716;
120,719;2,1540966033935547;1716,597412109375;1672,130859375;1716;
120,72;2,768794298171997;1712,319091796875;1674,459716796875;1716;
120,721;2,114819288253784;1716,597412109375;1615,943603515625;1716;
120,722;2,1029305458068848;1711,70947265625;1783,7716064453125;1716;
120,723;2,1458749771118164;1726,457763671875;1875,6038818359375;1716;
120,724;2,1540966033935547;1689,7568359375;1600,881591796875;1716;
120,725;2,1057472229003906;1732,9903564453125;1773,2479248046875;1716;
120,726;2,1159956455230713;1716,904052734375;1702,9207763671875;1716;
120,727;2,0969862937927246;1711,70947265625;1690,9451904296875;1716;
120,728;2,1760079860687256;1726,457763671875;1824,3734130859375;1716;
120,729;2,155272960662842;1702,31787109375;1613,774658203125;1716;
120,73;2,1057472229003906;1722,4383544921875;1781,1290283203125;1716;
120,731;2,1812896728515625;1717,5172119140625;1700,51220703125;1716;
120,732;2,7410545349121094;1712,928955078125;1690,9451904296875;1716;
120,733;2,154526472091675;1732,9903564453125;1827,14599609375;1716;
120,734;2,1540966033935547;1702,920654296875;1613,774658203125;1716;
120,735;2,1069235801696777;1723,0556640625;1781,1290283203125;1716;
120,736;2,1267077922821045;1717,823974609375;1700,51220703125;1716;
120,737;2,739877939224243;1712,928955078125;1688,5703125;1716;
120,738;2,155702829360962;1732,67822265625;1827,14599609375;1716;
120,739;2,1540966033935547;1702,31787109375;1613,774658203125;1716;
120,74;2,1057472229003906;1722,1300048828125;1781,1290283203125;1716;
120,741;2,1219398975372314;1717,5172119140625;1700,51220703125;1716;
120,742;2,739877939224243;1712,928955078125;1690,9451904296875;1716;
120,743;2,154526472091675;1732,9903564453125;1827,14599609375;1716;
120,744;2,155272960662842;1702,920654296875;1613,774658203125;1716;
120,745;2,1057472229003906;1723,0556640625;1781,1290283203125;1716;
120,746;2,1267077922821045;1717,5172119140625;1698,1102294921875;1716;
120,747;2,19010329246521;1712,6239013671875;1686,2020263671875;1716;
120,748;2,154526472091675;1732,67822265625;1827,14599609375;1716;
120,749;2,156449556350708;1702,31787109375;1613,774658203125;1716;
120,75;2,1069235801696777;1722,1300048828125;1781,1290283203125;1716;
120,751;2,1207635402679443;1717,5172119140625;1700,51220703125;1716;
120,752;2,739877939224243;1712,928955078125;1690,9451904296875;1716;
120,753;2,155702829360962;1732,9903564453125;1827,14599609375;1716;
120,754;2,1540966033935547;1719,974365234375;1744,9376220703125;1716;
120,755;2,1212377548217773;1727,387939453125;1797,103271484375;1716;
120,756;2,139772415161133;1717,5172119140625;1600,881591796875;1716;
120,757;2,732229232788086;1712,928955078125;1775,8671875;1716;
120,758;2,1484439373016357;1729,873291015625;1727,3880615234375;1716;
120,759;2,155272960662842;1700,812744140625;1695,715087890625;1716;
120,76;2,1212377548217773;1721,513427734375;1686,2020263671875;1716;
120,761;2,1207635402679443;1716,597412109375;1609,4539794921875;1716;
120,762;2,7657651901245117;1712,01416015625;1644,681396484375;1716;
120,763;2,152761697769165;1744,9376220703125;1835,5145263671875;1716;
120,764;2,7589361667633057;1708,365234375;1752,568603515625;1716;
120,765;2,125230550765991;1708,061767578125;1710,1878662109375;1716;
120,766;2,1326520442962646;1716,904052734375;1600,881591796875;1716;
120,767;2,115842342376709;1712,6239013671875;1778,494140625;1716;
120,768;2,155702829360962;1728,9404296875;1727,3880615234375;1716;
120,769;2,7589361667633057;1700,511962890625;1695,715087890625;1716;
120,77;2,124054193496704;1721,513427734375;1683,8404541015625;1716;
120,771;2,1219398975372314;1716,904052734375;1613,774658203125;1716;
120,772;2,145617723464966;1712,319091796875;1646,934326171875;1716;
120,773;2,154526472091675;1745,254150390625;1835,5145263671875;1716;
120,774;2,8165831565856934;1691,83740234375;1618,1185302734375;1716;
120,775;2,11419677734375;1716,904052734375;1781,1290283203125;1716;
120,776;2,835139036178589;1716,904052734375;1695,715087890625;1716;
120,777;2,1285760402679443;1712,319091796875;1688,5703125;1716;
120,778;2,154526472091675;1731,430419921875;1824,3734130859375;1716;
120,779;2,7589361667633057;1702,0166015625;1615,943603515625;1716;
120,78;2,115373134613037;1726,7677001953125;1724,90966796875;1716;
120,781;2,7896010875701904;1717,21044921875;1700,51220703125;1716;
120,782;2,185577869415283;1712,928955078125;1690,9451904296875;1716;
120,783;2,155702829360962;1732,053955078125;1821,609130859375;1716;
120,784;2,7589361667633057;1702,619140625;1613,774658203125;1716;
120,785;2,11419677734375;1726,7677001953125;1724,90966796875;1716;
120,786;2,1219398975372314;1717,21044921875;1700,51220703125;1716;
120,787;2,145577907562256;1712,928955078125;1690,9451904296875;1716;
120,788;2,154526472091675;1732,053955078125;1821,609130859375;1716;
120,789;2,760112762451172;1702,619140625;1613,774658203125;1716;
120,79;2,11419677734375;1726,7677001953125;1724,90966796875;1716;
120,791;2,7896010875701904;1717,21044921875;1700,51220703125;1716;
120,792;2,146754503250122;1712,6239013671875;1688,5703125;1716;
120,793;2,154526472091675;1732,053955078125;1824,3734130859375;1716;
120,794;2,7589361667633057;1702,619140625;1615,943603515625;1716;
120,795;2,12734055519104;1726,7677001953125;1724,90966796875;1716;
120,796;2,7896010875701904;1717,21044921875;1700,51220703125;1716;
120,797;2,145577907562256;1712,6239013671875;1688,5703125;1716;
120,798;2,155702829360962;1732,053955078125;1824,3734130859375;1716;
120,799;2,7589361667633057;1702,619140625;1613,774658203125;1716;
120,8;2,11419677734375;1727,07763671875;1875,6038818359375;1716;
120,801;2,8560307025909424;1717,5172119140625;1635,730712890625;1716;
120,802;2,118619203567505;1712,928955078125;1770,63623046875;1716;
120,803;2,154526472091675;1737,6866455078125;1722,4384765625;1716;
120,804;2,118530511856079;1705,336181640625;1695,715087890625;1716;
120,805;2,126164197921753;1726,457763671875;1821,609130859375;1716;
120,806;2,7730679512023926;1716,597412109375;1742,40869140625;1716;
120,807;2,1590282917022705;1712,01416015625;1710,1878662109375;1716;
120,808;2,7756621837615967;1742,724365234375;1816,1058349609375;1716;
120,809;2,130072593688965;1707,455322265625;1609,4539794921875;1716;
120,81;2,109389305114746;1726,7677001953125;1878,5345458984375;1716;
120,811;2,169908285140991;1717,21044921875;1635,730712890625;1716;
120,812;2,118619203567505;1733,614990234375;1770,63623046875;1716;
120,813;2,155702829360962;1738,000732421875;1724,90966796875;1716;
120,814;2,130072593688965;1705,638671875;1698,1102294921875;1716;
120,815;2,126164197921753;1727,07763671875;1824,3734130859375;1716;
120,816;2,8475961685180664;1717,823974609375;1615,943603515625;1716;
120,817;2,145577907562256;1712,6239013671875;1783,7716064453125;1716;
120,818;2,7756621837615967;1740,516845703125;1797,103271484375;1716;
120,819;2,131248950958252;1689,7568359375;1603,01611328125;1716;
120,82;2,120180368423462;1726,7677001953125;1884,42333984375;1716;
120,821;2,7896010875701904;1717,5172119140625;1773,2479248046875;1716;
120,822;2,1313726902008057;1712,6239013671875;1667,4925537109375;1716;
120,823;2,7756621837615967;1731,7421875;1672,130859375;1716;
120,824;2,130072593688965;1719,3592529296875;1672,130859375;1716;
120,825;2,115373134613037;1718,437744140625;1762,8475341796875;1716;
120,826;2,1577630043029785;1713,2340087890625;1717,517333984375;1716;
120,827;2,1484439373016357;1712,6239013671875;1688,5703125;1716;
120,828;2,8502988815307617;1726,7677001953125;1681,4854736328125;1716;
120,829;2,1360909938812256;1699,610595703125;1555,319580078125;1716;
120,83;2,108212947845459;1728,319091796875;1917,4832763671875;1716;
120,831;2,1835761070251465;1717,823974609375;1651,4588623046875;1716;
120,832;2,1362786293029785;1723,673095703125;1765,4361572265625;1716;
120,833;2,7674152851104736;1732,365966796875;1719,974365234375;1716;
120,834;2,125230550765991;1685,61083984375;1571,5843505859375;1716;
120,835;2,11419677734375;1724,9095458984375;1757,693115234375;1716;
120,836;2,1516902446746826;1715,9849853515625;1715,067138671875;1716;
120,837;2,143537759780884;1720,589599609375;1633,50830078125;1716;
120,838;2,7591683864593506;1730,80712890625;1794,4210205078125;1716;
120,839;2,1360909938812256;1701,715576171875;1600,881591796875;1716;
120,84;2,12734055519104;1711,405029296875;1752,568603515625;1716;
120,841;2,1577630043029785;1727,07763671875;1712,6240234375;1716;
120,842;2,1301963329315186;1722,1300048828125;1770,63623046875;1716;
120,843;2,776838541030884;1732,053955078125;1722,4384765625;1716;
120,844;2,1444623470306396;1702,31787109375;1571,5843505859375;1716;
120,845;2,126164197921753;1738,9434814453125;1835,5145263671875;1716;
120,846;2,183321237564087;1723,0556640625;1752,568603515625;1716;
120,847;2,1313726902008057;1721,8216552734375;1752,568603515625;1716;
120,848;2,900707483291626;1731,430419921875;1712,6240234375;1716;
120,849;2,098162889480591;1702,0166015625;1786,4219970703125;1716;
120,85;2,126164197921753;1723,3642578125;1724,90966796875;1716;
120,851;2,1821448802948;1715,6788330078125;1700,51220703125;1716;
120,852;2,143537759780884;1722,746826171875;1778,494140625;1716;
120,853;2,7591683864593506;1732,67822265625;1878,5345458984375;1716;
120,854;2,1360909938812256;1702,920654296875;1633,50830078125;1716;
120,855;2,12734055519104;1719,974365234375;1672,130859375;1716;
120,856;2,13954496383667;1731,118896484375;1816,1058349609375;1716;
120,857;2,1301963329315186;1717,5172119140625;1755,127197265625;1716;
120,858;2,776838541030884;1712,319091796875;1715,067138671875;1716;
120,859;2,1421093940734863;1709,8837890625;1569,53271484375;1716;
120,86;2,1332547664642334;1721,8216552734375;1710,1878662109375;1716;
120,861;2,1835761070251465;1732,053955078125;1693,326904296875;1716;
120,862;2,1301963329315186;1713,8447265625;1651,4588623046875;1716;
120,863;2,1176555156707764;1727,387939453125;1802,4918212890625;1716;
120,864;2,104107141494751;1700,21142578125;1734,865966796875;1716;
120,865;2,108212947845459;1717,823974609375;1797,103271484375;1716;
120,866;2,1885366439819336;1712,928955078125;1605,1563720703125;1716;
120,867;2,143537759780884;1707,15234375;1707,7586669921875;1716;
120,868;2,1717731952667236;1741,4622802734375;1835,5145263671875;1716;
120,869;2,130072593688965;1690,0537109375;1618,1185302734375;1716;
120,87;2,121356964111328;1725,838134765625;1719,974365234375;1716;
120,871;2,176262617111206;1716,904052734375;1698,1102294921875;1716;
120,872;2,1423614025115967;1721,8216552734375;1688,5703125;1716;
120,873;2,1188318729400635;1732,365966796875;1827,14599609375;1716;
120,874;2,108874797821045;1702,619140625;1613,774658203125;1716;
120,875;2,759341239929199;1727,07763671875;1875,6038818359375;1716;
120,876;2,171302318572998;1717,21044921875;1770,63623046875;1716;
120,877;2,1423614025115967;1719,974365234375;1667,4925537109375;1716;
120,878;2,1176555156707764;1731,118896484375;1672,130859375;1716;
120,879;2,110051393508911;1712,928955078125;1866,8665771484375;1716;
120,88;2,108212947845459;1709,8837890625;1762,8475341796875;1716;
120,881;2,170125722885132;1708,97216796875;1717,517333984375;1716;
120,882;2,12587833404541;1719,974365234375;1768,032470703125;1716;
120,883;2,7674152851104736;1730,495849609375;1719,974365234375;1716;
120,884;2,1207635402679443;1700,511962890625;1710,1878662109375;1716;
120,885;2,12734055519104;1738,31494140625;1835,5145263671875;1716;
120,886;2,176262617111206;1723,0556640625;1752,568603515625;1716;
120,887;2,1301963329315186;1722,4383544921875;1752,568603515625;1716;
120,888;2,130740165710449;1732,053955078125;1712,6240234375;1716;
120,889;2,114819288253784;1702,31787109375;1567,486328125;1716;
120,89;2,7841708660125732;1736,431884765625;1835,5145263671875;1716;
120,891;2,177438974380493;1704,731689453125;1620,29931640625;1716;
120,892;2,118619203567505;1721,8216552734375;1827,14599609375;1716;
120,893;2,1236095428466797;1731,430419921875;1747,473876953125;1716;
120,894;2,0922188758850098;1702,0166015625;1707,7586669921875;1716;
120,895;2,7841708660125732;1740,516845703125;1794,4210205078125;1716;
120,896;2,1791088581085205;1706,54638671875;1710,1878662109375;1716;
120,897;2,1374552249908447;1721,8216552734375;1838,3212890625;1716;
120,898;2,1355178356170654;1731,430419921875;1752,568603515625;1716;
120,899;2,0969862937927246;1702,0166015625;1640,19384765625;1716;
120,9;2,12734055519104;1724,291259765625;1656,0084228515625;1716;
120,901;2,1578519344329834;1715,9849853515625;1805,1982421875;1716;
120,902;2,1423614025115967;1717,823974609375;1760,2666015625;1716;
120,903;2,776838541030884;1712,6239013671875;1719,974365234375;1716;
120,904;2,1267077922821045;1709,8837890625;1571,5843505859375;1716;
120,905;2,767617702484131;1713,8447265625;1781,1290283203125;1716;
120,906;2,171302318572998;1728,629638671875;1724,90966796875;1716;
120,907;2,1301963329315186;1712,319091796875;1649,1934814453125;1716;
120,908;2,129563808441162;1727,07763671875;1662,8797607421875;1716;
120,909;2,1159956455230713;1698,409912109375;1712,6240234375;1716;
120,91;2,759341239929199;1719,666748046875;1835,5145263671875;1716;
120,911;2,1885366439819336;1714,150146484375;1618,1185302734375;1716;
120,912;2,143537759780884;1707,758544921875;1640,19384765625;1716;
120,913;2,1176555156707764;1742,724365234375;1799,7935791015625;1716;
120,914;2,108874797821045;1712,6239013671875;1794,4210205078125;1716;
120,915;2,7770707607269287;1726,457763671875;1881,4742431640625;1716;
120,916;2,176262617111206;1716,904052734375;1773,2479248046875;1716;
120,917;2,124701738357544;1712,319091796875;1734,865966796875;1716;
120,918;2,11287784576416;1727,07763671875;1705,3363037109375;1716;
120,919;2,1029305458068848;1700,21142578125;1715,067138671875;1716;
120,92;2,7841708660125732;1734,552978515625;1838,3212890625;1716;
120,921;2,177438974380493;1721,20556640625;1752,568603515625;1716;
120,922;2,1301963329315186;1722,1300048828125;1750,017578125;1716;
120,923;2,129563808441162;1732,053955078125;1712,6240234375;1716;
120,924;2,1159956455230713;1697,810546875;1715,067138671875;1716;
120,925;2,126164197921753;1719,3592529296875;1693,326904296875;1716;
120,926;2,176262617111206;1713,539306640625;1681,4854736328125;1716;
120,927;2,12587833404541;1722,4383544921875;1786,4219970703125;1716;
120,928;2,111701250076294;1715,067138671875;1729,8734130859375;1716;
120,929;2,1207635402679443;1702,31787109375;1747,473876953125;1716;
120,93;2,7770707607269287;1721,8216552734375;1707,7586669921875;1716;
120,931;2,176262617111206;1732,365966796875;1688,5703125;1716;
120,932;2,1301963329315186;1713,2340087890625;1651,4588623046875;1716;
120,933;2,1188318729400635;1727,387939453125;1805,1982421875;1716;
120,934;2,0910422801971436;1693,6248779296875;1642,4345703125;1716;
120,935;2,759341239929199;1717,21044921875;1794,4210205078125;1716;
120,936;2,1897130012512207;1712,319091796875;1600,881591796875;1716;
120,937;2,1423614025115967;1706,849365234375;1712,6240234375;1716;
120,938;2,1176555156707764;1741,777587890625;1841,1363525390625;1716;
120,939;2,110051393508911;1712,319091796875;1775,8671875;1716;
120,94;2,753417730331421;1727,07763671875;1872,682373046875;1716;
120,941;2,1823997497558594;1717,5172119140625;1631,291748046875;1716;
120,942;2,143537759780884;1715,372802734375;1637,959228515625;1716;
120,943;2,1176555156707764;1728,629638671875;1656,0084228515625;1716;
120,944;2,0910422801971436;1712,319091796875;1722,4384765625;1716;
120,945;2,7853472232818604;1726,457763671875;1841,1363525390625;1716;
120,946;2,176262617111206;1716,904052734375;1755,127197265625;1716;
120,947;2,124701738357544;1713,539306640625;1816,1058349609375;1716;
120,948;2,11287784576416;1727,6982421875;1742,40869140625;1716;
120,949;2,1029305458068848;1693,3267822265625;1695,715087890625;1716;
120,95;2,759341239929199;1734,552978515625;1827,14599609375;1716;
120,951;2,171302318572998;1720,8974609375;1747,473876953125;1716;
120,952;2,1301963329315186;1719,666748046875;1752,568603515625;1716;
120,953;2,129563808441162;1730,495849609375;1712,6240234375;1716;
120,954;2,200113296508789;1697,211181640625;1712,6240234375;1716;
120,955;2,7841708660125732;1736,431884765625;1835,5145263671875;1716;
120,956;2,176262617111206;1721,8216552734375;1752,568603515625;1716;
120,957;2,1313726902008057;1721,8216552734375;1752,568603515625;1716;
120,958;2,1540098190307617;1731,430419921875;1712,6240234375;1716;
120,959;2,0910422801971436;1705,638671875;1783,7716064453125;1716;
120,96;2,7853472232818604;1723,0556640625;1722,4384765625;1716;
120,961;2,1663014888763428;1715,067138671875;1695,715087890625;1716;
120,962;2,1423614025115967;1721,8216552734375;1781,1290283203125;1716;
120,963;2,1069235801696777;1732,053955078125;1881,4742431640625;1716;
120,964;2,0910422801971436;1699,610595703125;1674,459716796875;1716;
120,965;2,7841708660125732;1720,281982421875;1669,8084716796875;1716;
120,966;2,177438974380493;1731,118896484375;1669,8084716796875;1716;
120,967;2,1301963329315186;1721,513427734375;1794,4210205078125;1716;
120,968;2,1360909938812256;1713,8447265625;1732,3660888671875;1716;
120,969;2,086862802505493;1702,0166015625;1742,40869140625;1716;
120,97;2,7758944034576416;1721,513427734375;1705,3363037109375;1716;
120,971;2,176262617111206;1731,7421875;1688,5703125;1716;
120,972;2,1313726902008057;1712,6239013671875;1651,4588623046875;1716;
120,973;2,1176555156707764;1727,07763671875;1805,1982421875;1716;
120,974;2,0910422801971436;1702,0166015625;1707,7586669921875;1716;
120,975;2,7605178356170654;1721,513427734375;1832,716552734375;1716;
120,976;2,1785058975219727;1731,7421875;1747,473876953125;1716;
120,977;2,1301963329315186;1723,673095703125;1773,2479248046875;1716;
120,978;2,1372673511505127;1732,365966796875;1722,4384765625;1716;
120,979;2,0910422801971436;1702,0166015625;1747,473876953125;1716;
120,98;2,7841708660125732;1721,513427734375;1707,7586669921875;1716;
120,981;2,16571307182312;1731,7421875;1835,5145263671875;1716;
120,982;2,7510647773742676;1726,457763671875;1752,568603515625;1716;
120,983;2,1360909938812256;1734,552978515625;1863,9722900390625;1716;
120,984;2,098162889480591;1694,52001953125;1752,568603515625;1716;
120,985;2,7841708660125732;1717,823974609375;1710,1878662109375;1716;
120,986;2,1663014888763428;1693,6248779296875;1573,6414794921875;1716;
120,987;2,149620294570923;1734,86572265625;1755,127197265625;1716;
120,988;2,1421093940734863;1720,8974609375;1715,067138671875;1716;
120,989;2,1029305458068848;1696,0140380859375;1683,8404541015625;1716;
120,99;2,768794298171997;1718,437744140625;1818,8533935546875;1716;
120,991;2,160198926925659;1716,597412109375;1744,9376220703125;1716;
120,992;2,1423614025115967;1712,01416015625;1710,1878662109375;1716;
120,993;2,1372673511505127;1744,62109375;1841,1363525390625;1716;
120,994;2,1029305458068848;1712,01416015625;1637,959228515625;1716;
120,995;2,150810956954956;1726,7677001953125;1791,7467041015625;1716;
120,996;2,153508424758911;1707,15234375;1752,568603515625;1716;
120,997;2,1423614025115967;1707,455322265625;1712,6240234375;1716;
120,998;2,1360909938812256;1742,093017578125;1841,1363525390625;1716;
120,999;2,080918550491333;1712,319091796875;1775,8671875;1716;
121;2,1569230556488037;1727,07763671875;1722,4384765625;1716;
121,001;2,1540966033935547;1700,511962890625;1695,715087890625;1716;
121,002;2,768794298171997;1721,513427734375;1686,2020263671875;1716;
121,003;2,1360909938812256;1731,7421875;1827,14599609375;1716;
121,004;2,0910422801971436;1711,70947265625;1781,1290283203125;1716;
121,005;2,1642117500305176;1726,457763671875;1724,90966796875;1716;
121,006;2,1540966033935547;1701,41455078125;1695,715087890625;1716;
121,007;2,767617702484131;1722,1300048828125;1686,2020263671875;1716;
121,008;2,1159956455230713;1732,67822265625;1613,774658203125;1716;
121,009;2,0910422801971436;1712,928955078125;1783,7716064453125;1716;
121,01;2,1760079860687256;1727,387939453125;1724,90966796875;1716;
121,011;2,155272960662842;1702,0166015625;1695,715087890625;1716;
121,012;2,767617702484131;1722,4383544921875;1686,2020263671875;1716;
121,013;2,114819288253784;1732,67822265625;1827,14599609375;1716;
121,014;2,0922188758850098;1712,928955078125;1783,7716064453125;1716;
121,015;2,170125722885132;1727,387939453125;1724,90966796875;1716;
121,016;2,1540966033935547;1702,0166015625;1695,715087890625;1716;
121,017;2,768794298171997;1722,4383544921875;1686,2020263671875;1716;
121,018;2,1267077922821045;1732,67822265625;1827,14599609375;1716;
121,019;2,0910422801971436;1712,6239013671875;1781,1290283203125;1716;
121,02;2,171302318572998;1727,387939453125;1724,90966796875;1716;
121,021;2,1540966033935547;1702,31787109375;1695,715087890625;1716;
121,022;2,767617702484131;1722,746826171875;1686,2020263671875;1716;
121,023;2,1278841495513916;1717,823974609375;1611,611328125;1716;
121,024;2,739877939224243;1712,6239013671875;1781,1290283203125;1716;
121,025;2,154526472091675;1727,387939453125;1727,3880615234375;1716;
121,026;2,155272960662842;1702,619140625;1698,1102294921875;1716;
121,027;2,767617702484131;1722,746826171875;1686,2020263671875;1716;
121,028;2,1267077922821045;1717,21044921875;1609,4539794921875;1716;
121,029;2,7410545349121094;1712,01416015625;1781,1290283203125;1716;
121,03;2,170125722885132;1726,7677001953125;1724,90966796875;1716;
121,031;2,1540966033935547;1702,31787109375;1698,1102294921875;1716;
121,032;2,768794298171997;1722,746826171875;1686,2020263671875;1716;
121,033;2,1290605068206787;1717,21044921875;1609,4539794921875;1716;
121,034;2,7645888328552246;1712,01416015625;1642,4345703125;1716;
121,035;2,143537759780884;1726,457763671875;1794,4210205078125;1716;
121,036;2,1540966033935547;1691,242431640625;1620,29931640625;1716;
121,037;2,1057472229003906;1716,2911376953125;1783,7716064453125;1716;
121,038;2,139772415161133;1716,597412109375;1569,53271484375;1716;
121,039;2,732229232788086;1712,01416015625;1755,127197265625;1716;
121,04;2,166691541671753;1726,7677001953125;1712,6240234375;1716;
121,041;2,155272960662842;1696,313232421875;1698,1102294921875;1716;
121,042;2,1057472229003906;1719,052001953125;1686,2020263671875;1716;
121,043;2,1207635402679443;1716,597412109375;1609,4539794921875;1716;
121,044;2,8257651329040527;1711,70947265625;1644,681396484375;1716;
121,045;2,1423614025115967;1745,571044921875;1841,1363525390625;1716;
121,046;2,1540966033935547;1708,97216796875;1755,127197265625;1716;
121,047;2,125230550765991;1709,2760009765625;1715,067138671875;1716;
121,048;2,1326520442962646;1717,823974609375;1598,7528076171875;1716;
121,049;2,7420425415039062;1712,928955078125;1773,2479248046875;1716;
121,05;2,149620294570923;1728,629638671875;1727,3880615234375;1716;
121,051;2,7589361667633057;1699,910888671875;1695,715087890625;1716;
121,052;2,124054193496704;1720,8974609375;1683,8404541015625;1716;
121,053;2,1219398975372314;1716,904052734375;1611,611328125;1716;
121,054;2,739877939224243;1712,01416015625;1781,1290283203125;1716;
121,055;2,2327616214752197;1732,365966796875;1727,3880615234375;1716;
121,056;2,155272960662842;1702,619140625;1698,1102294921875;1716;
121,057;2,124054193496704;1722,746826171875;1686,2020263671875;1716;
121,058;2,1207635402679443;1717,21044921875;1611,611328125;1716;
121,059;2,1285760402679443;1712,319091796875;1783,7716064453125;1716;
121,06;2,154526472091675;1731,7421875;1724,90966796875;1716;
121,061;2,1540966033935547;1702,31787109375;1698,1102294921875;1716;
121,062;2,125230550765991;1722,4383544921875;1683,8404541015625;1716;
121,063;2,1207635402679443;1717,21044921875;1613,774658203125;1716;
121,064;2,739877939224243;1712,6239013671875;1786,4219970703125;1716;
121,065;2,155702829360962;1732,053955078125;1724,90966796875;1716;
121,066;2,7589361667633057;1702,31787109375;1695,715087890625;1716;
121,067;2,11419677734375;1722,746826171875;1686,2020263671875;1716;
121,068;2,1278841495513916;1717,5172119140625;1613,774658203125;1716;
121,069;2,133472204208374;1713,2340087890625;1783,7716064453125;1716;
121,07;2,160609245300293;1741,4622802734375;1797,103271484375;1716;
121,071;2,2174527645111084;1690,350830078125;1605,1563720703125;1716;
121,072;2,11419677734375;1726,7677001953125;1881,4742431640625;1716;
121,073;2,1385960578918457;1716,904052734375;1635,730712890625;1716;
121,074;2,123091459274292;1712,6239013671875;1797,103271484375;1716;
121,075;2,154526472091675;1738,000732421875;1722,4384765625;1716;
121,076;2,7589361667633057;1705,336181640625;1695,715087890625;1716;
121,077;2,115373134613037;1726,7677001953125;1824,3734130859375;1716;
121,078;2,1267077922821045;1716,904052734375;1613,774658203125;1716;
121,079;2,127399444580078;1712,319091796875;1783,7716064453125;1716;
121,08;2,155702829360962;1740,831787109375;1797,103271484375;1716;
121,081;2,7589361667633057;1690,0537109375;1605,1563720703125;1716;
121,082;2,11419677734375;1726,7677001953125;1881,4742431640625;1716;
121,083;2,1219398975372314;1717,21044921875;1773,2479248046875;1716;
121,084;2,145577907562256;1712,6239013671875;1724,90966796875;1716;
121,085;2,154526472091675;1731,430419921875;1672,130859375;1716;
121,086;2,760112762451172;1719,3592529296875;1672,130859375;1716;
121,087;2,11419677734375;1727,07763671875;1838,3212890625;1716;
121,088;2,7896010875701904;1717,5172119140625;1752,568603515625;1716;
121,089;2,165165424346924;1695,416259765625;1586,09765625;1716;
121,09;2,1484439373016357;1726,7677001953125;1742,40869140625;1716;
121,091;2,7507190704345703;1699,610595703125;1579,8450927734375;1716;
121,092;2,115373134613037;1743,040283203125;1908,3525390625;1716;
121,093;2,781334400177002;1724,600341796875;1781,1290283203125;1716;
121,094;2,1578519344329834;1698,7100830078125;1598,7528076171875;1716;
121,095;2,149620294570923;1734,86572265625;1739,8873291015625;1716;
121,096;2,7507190704345703;1703,82568359375;1579,8450927734375;1716;
121,097;2,0968334674835205;1735,1788330078125;1829,9271240234375;1716;
121,098;2,8560307025909424;1721,513427734375;1618,1185302734375;1716;
121,099;2,151715040206909;1698,1102294921875;1649,1934814453125;1716;
121,1;2,166691541671753;1733,614990234375;1729,8734130859375;1716;
121,101;2,124504327774048;1686,79345703125;1575,7039794921875;1716;
121,102;2,102229118347168;1737,05908203125;1832,716552734375;1716;
121,103;2,7896010875701904;1722,1300048828125;1747,473876953125;1716;
121,104;2,146754503250122;1698,1102294921875;1712,6240234375;1716;
121,105;2,166691541671753;1731,430419921875;1712,6240234375;1716;
121,106;2,1360909938812256;1702,0166015625;1569,53271484375;1716;
121,107;2,12734055519104;1736,431884765625;1835,5145263671875;1716;
121,108;2,7896010875701904;1721,8216552734375;1752,568603515625;1716;
121,109;2,145577907562256;1697,5107421875;1712,6240234375;1716;
121,11;2,167868137359619;1731,430419921875;1712,6240234375;1716;
121,111;2,1360909938812256;1702,0166015625;1567,486328125;1716;
121,112;2,126164197921753;1736,431884765625;1835,5145263671875;1716;
121,113;2,7907776832580566;1721,8216552734375;1752,568603515625;1716;
121,114;2,1301963329315186;1721,8216552734375;1750,017578125;1716;
121,115;2,166691541671753;1731,7421875;1712,6240234375;1716;
121,116;2,1372673511505127;1702,31787109375;1567,486328125;1716;
121,117;2,126164197921753;1736,7454833984375;1838,3212890625;1716;
121,118;2,7896010875701904;1705,0338134765625;1620,29931640625;1716;
121,119;2,1313726902008057;1722,1300048828125;1827,14599609375;1716;
121,12;2,160609245300293;1731,7421875;1747,473876953125;1716;
121,121;2,130072593688965;1702,0166015625;1581,923828125;1716;
121,122;2,12734055519104;1727,07763671875;1686,2020263671875;1716;
121,123;2,154917001724243;1717,21044921875;1681,4854736328125;1716;
121,124;2,1301963329315186;1695,416259765625;1681,4854736328125;1716;
121,125;2,149620294570923;1731,7421875;1881,4742431640625;1716;
121,126;2,1421093940734863;1702,619140625;1635,730712890625;1716;
121,127;2,126164197921753;1721,8216552734375;1674,459716796875;1716;
121,128;2,7742443084716797;1732,365966796875;1816,1058349609375;1716;
121,129;2,124701738357544;1702,619140625;1757,693115234375;1716;
121,13;2,154526472091675;1729,562255859375;1863,9722900390625;1716;
121,131;2,1432857513427734;1718,130859375;1629,081298828125;1716;
121,132;2,11419677734375;1722,1300048828125;1821,609130859375;1716;
121,133;2,781334400177002;1715,067138671875;1613,774658203125;1716;
121,134;2,1313726902008057;1694,8187255859375;1646,934326171875;1716;
121,135;2,7674152851104736;1740,516845703125;1832,716552734375;1716;
121,136;2,124054193496704;1706,54638671875;1747,473876953125;1716;
121,137;2,109389305114746;1725,5284423828125;1794,4210205078125;1716;
121,138;2,8548543453216553;1716,2911376953125;1603,01611328125;1716;
121,139;2,1362786293029785;1711,405029296875;1637,959228515625;1716;
121,14;2,155702829360962;1723,982177734375;1693,326904296875;1716;
121,141;2,130072593688965;1698,1102294921875;1681,4854736328125;1716;
121,142;2,102229118347168;1726,457763671875;1832,716552734375;1716;
121,143;2,8499488830566406;1716,904052734375;1618,1185302734375;1716;
121,144;2,1362786293029785;1724,291259765625;1775,8671875;1716;
121,145;2,7756621837615967;1733,302490234375;1724,90966796875;1716;
121,146;2,131248950958252;1703,22216796875;1698,1102294921875;1716;
121,147;2,126164197921753;1726,7677001953125;1821,609130859375;1716;
121,148;2,13954496383667;1717,21044921875;1744,9376220703125;1716;
121,149;2,143537759780884;1709,579833984375;1676,7950439453125;1716;
121,15;2,7756621837615967;1725,838134765625;1676,7950439453125;1716;
121,151;2,130072593688965;1716,904052734375;1674,459716796875;1716;
121,152;2,115373134613037;1727,6982421875;1838,3212890625;1716;
121,153;2,1516902446746826;1717,823974609375;1752,568603515625;1716;
121,154;2,1484439373016357;1712,319091796875;1816,1058349609375;1716;
121,155;2,76859188079834;1726,7677001953125;1742,40869140625;1716;
121,156;2,124054193496704;1716,597412109375;1705,3363037109375;1716;
121,157;2,11419677734375;1743,040283203125;1827,14599609375;1716;
121,158;2,171302318572998;1724,9095458984375;1747,473876953125;1716;
121,159;2,1484439373016357;1703,52392578125;1611,611328125;1716;
121,16;2,7839090824127197;1722,1300048828125;1642,4345703125;1716;
121,161;2,131248950958252;1714,4556884765625;1656,0084228515625;1716;
121,162;2,132148027420044;1717,823974609375;1770,63623046875;1716;
121,163;2,2435760498046875;1712,6239013671875;1722,4384765625;1716;
121,164;2,1374552249908447;1705,336181640625;1757,693115234375;1716;
121,165;2,840707540512085;1723,0556640625;1715,067138671875;1716;
121,166;2,1360909938812256;1697,810546875;1569,53271484375;1716;
121,167;2,121356964111328;1735,8050537109375;1835,5145263671875;1716;
121,168;2,176262617111206;1721,513427734375;1752,568603515625;1716;
121,169;2,1301963329315186;1721,513427734375;1750,017578125;1716;
121,17;2,841884136199951;1731,7421875;1712,6240234375;1716;
121,171;2,1360909938812256;1702,31787109375;1567,486328125;1716;
121,172;2,126164197921753;1736,7454833984375;1838,3212890625;1716;
121,173;2,177438974380493;1722,1300048828125;1752,568603515625;1716;
121,174;2,1301963329315186;1722,1300048828125;1752,568603515625;1716;
121,175;2,129563808441162;1731,7421875;1712,6240234375;1716;
121,176;2,1192123889923096;1702,0166015625;1690,9451904296875;1716;
121,177;2,126164197921753;1723,673095703125;1727,3880615234375;1716;
121,178;2,176262617111206;1715,6788330078125;1700,51220703125;1716;
121,179;2,143537759780884;1722,1300048828125;1778,494140625;1716;
121,18;2,7591683864593506;1731,7421875;1878,5345458984375;1716;
121,181;2,1360909938812256;1702,0166015625;1633,50830078125;1716;
121,182;2,12734055519104;1719,666748046875;1672,130859375;1716;
121,183;2,176262617111206;1731,430419921875;1672,130859375;1716;
121,184;2,1301963329315186;1705,336181640625;1656,0084228515625;1716;
121,185;2,776838541030884;1723,3642578125;1805,1982421875;1716;
121,186;2,1421093940734863;1697,810546875;1605,1563720703125;1716;
121,187;2,102229118347168;1721,8216552734375;1835,5145263671875;1716;
121,188;2,1835761070251465;1714,76123046875;1620,29931640625;1716;
121,189;2,124701738357544;1706,849365234375;1700,51220703125;1716;
121,19;2,111701250076294;1742,093017578125;1835,5145263671875;1716;
121,191;2,125230550765991;1707,455322265625;1750,017578125;1716;
121,192;2,108212947845459;1725,838134765625;1794,4210205078125;1716;
121,193;2,1885366439819336;1716,904052734375;1600,881591796875;1716;
121,194;2,143537759780884;1716,2911376953125;1781,1290283203125;1716;
121,195;2,7756621837615967;1729,2513427734375;1727,3880615234375;1716;
121,196;2,108874797821045;1712,319091796875;1686,2020263671875;1716;
121,197;2,12734055519104;1726,457763671875;1821,609130859375;1716;
121,198;2,1578519344329834;1716,904052734375;1744,9376220703125;1716;
121,199;2,1423614025115967;1709,2760009765625;1674,459716796875;1716;
121,2;2,776838541030884;1725,5284423828125;1674,459716796875;1716;
121,201;2,108874797821045;1712,6239013671875;1715,067138671875;1716;
121,202;2,11419677734375;1726,7677001953125;1838,3212890625;1716;
121,203;2,171302318572998;1717,21044921875;1752,568603515625;1716;
121,204;2,1423614025115967;1703,82568359375;1609,4539794921875;1716;
121,205;2,1592764854431152;1740,516845703125;1945,407958984375;1716;
121,206;2,104107141494751;1708,365234375;1768,032470703125;1716;
121,207;2,126164197921753;1724,9095458984375;1866,8665771484375;1716;
121,208;2,1823997497558594;1733,927490234375;1765,4361572265625;1716;
121,209;2,1374552249908447;1713,539306640625;1737,3729248046875;1716;
121,21;2,1176555156707764;1727,07763671875;1705,3363037109375;1716;
121,211;2,1029305458068848;1699,910888671875;1565,4454345703125;1716;
121,212;2,12734055519104;1734,552978515625;1838,3212890625;1716;
121,213;2,176262617111206;1720,8974609375;1752,568603515625;1716;
121,214;2,1301963329315186;1721,8216552734375;1752,568603515625;1716;
121,215;2,130740165710449;1731,430419921875;1712,6240234375;1716;
121,216;2,114819288253784;1702,0166015625;1715,067138671875;1716;
121,217;2,7841708660125732;1736,7454833984375;1838,3212890625;1716;
121,218;2,177438974380493;1722,1300048828125;1752,568603515625;1716;
121,219;2,1301963329315186;1722,1300048828125;1750,017578125;1716;
121,22;2,114527702331543;1732,365966796875;1863,9722900390625;1716;
121,221;2,104107141494751;1702,31787109375;1683,8404541015625;1716;
121,222;2,7865235805511475;1717,5172119140625;1676,7950439453125;1716;
121,223;2,1823997497558594;1730,1845703125;1674,459716796875;1716;
121,224;2,1313726902008057;1722,746826171875;1794,4210205078125;1716;
121,225;2,1176555156707764;1732,365966796875;1890,34912109375;1716;
121,226;2,0910422801971436;1701,715576171875;1672,130859375;1716;
121,227;2,7853472232818604;1721,20556640625;1672,130859375;1716;
121,228;2,176262617111206;1731,7421875;1672,130859375;1716;
121,229;2,1301963329315186;1704,731689453125;1656,0084228515625;1716;
121,23;2,1188318729400635;1723,3642578125;1807,912841796875;1716;
121,231;2,0910422801971436;1702,619140625;1707,7586669921875;1716;
121,232;2,7758944034576416;1721,8216552734375;1688,5703125;1716;
121,233;2,177438974380493;1714,76123046875;1681,4854736328125;1716;
121,234;2,124701738357544;1721,8216552734375;1829,9271240234375;1716;
121,235;2,111701250076294;1732,053955078125;1911,386474609375;1716;
121,236;2,1219398975372314;1718,7447509765625;1818,8533935546875;1716;
121,237;2,7841708660125732;1730,1845703125;1739,8873291015625;1716;
121,238;2,1578519344329834;1719,666748046875;1707,7586669921875;1716;
121,239;2,1313726902008057;1718,437744140625;1681,4854736328125;1716;
121,24;2,111701250076294;1730,495849609375;1824,3734130859375;1716;
121,241;2,0910422801971436;1710,796142578125;1781,1290283203125;1716;
121,242;2,830641269683838;1726,457763671875;1722,4384765625;1716;
121,243;2,1724038124084473;1717,5172119140625;1700,51220703125;1716;
121,244;2,1423614025115967;1722,746826171875;1688,5703125;1716;
121,245;2,1372673511505127;1732,67822265625;1827,14599609375;1716;
121,246;2,0910422801971436;1712,319091796875;1778,494140625;1716;
121,247;2,7841708660125732;1726,7677001953125;1722,4384765625;1716;
121,248;2,177438974380493;1716,904052734375;1698,1102294921875;1716;
121,249;2,1423614025115967;1721,513427734375;1686,2020263671875;1716;
121,25;2,1360909938812256;1731,7421875;1827,14599609375;1716;
121,251;2,0922188758850098;1711,70947265625;1778,494140625;1716;
121,252;2,1630351543426514;1726,457763671875;1722,4384765625;1716;
121,253;2,1663014888763428;1716,904052734375;1698,1102294921875;1716;
121,254;2,143537759780884;1721,513427734375;1686,2020263671875;1716;
121,255;2,1360909938812256;1714,150146484375;1681,4854736328125;1716;
121,256;2,1029305458068848;1712,01416015625;1710,1878662109375;1716;
121,257;2,768794298171997;1727,07763671875;1835,5145263671875;1716;
121,258;2,1785058975219727;1717,823974609375;1618,1185302734375;1716;
121,259;2,1301963329315186;1708,365234375;1778,494140625;1716;
121,26;2,128422737121582;1742,724365234375;1878,5345458984375;1716;
121,261;2,079741954803467;1709,8837890625;1773,2479248046875;1716;
121,262;2,7758944034576416;1742,724365234375;1869,7698974609375;1716;
121,263;2,22725772857666;1724,9095458984375;1631,291748046875;1716;
121,264;2,1484439373016357;1716,904052734375;1640,19384765625;1716;
121,265;2,1421093940734863;1747,473876953125;1799,7935791015625;1716;
121,266;2,086862802505493;1713,2340087890625;1797,103271484375;1716;
121,267;2,1569230556488037;1727,6982421875;1884,42333984375;1716;
121,268;2,1540966033935547;1700,812744140625;1660,5828857421875;1716;
121,269;2,7445530891418457;1721,513427734375;1807,912841796875;1716;
121,27;2,130072593688965;1749,380859375;1896,3125;1716;
121,271;2,1029305458068848;1709,579833984375;1768,032470703125;1716;
121,272;2,151987314224243;1742,724365234375;1866,8665771484375;1716;
121,273;2,160198926925659;1689,7568359375;1605,1563720703125;1716;
121,274;2,1301963329315186;1715,6788330078125;1775,8671875;1716;
121,275;2,131248950958252;1746,5218505859375;1878,5345458984375;1716;
121,276;2,085686206817627;1710,796142578125;1778,494140625;1716;
121,277;2,1569230556488037;1743,9884033203125;1872,682373046875;1716;
121,278;2,1613755226135254;1692,730712890625;1605,1563720703125;1716;
121,279;2,1301963329315186;1717,823974609375;1775,8671875;1716;
121,28;2,1360909938812256;1729,873291015625;1724,90966796875;1716;
121,281;2,0922188758850098;1711,1004638671875;1705,3363037109375;1716;
121,282;2,1630351543426514;1743,9884033203125;1832,716552734375;1716;
121,283;2,160198926925659;1719,666748046875;1676,7950439453125;1716;
121,284;2,8300118446350098;1713,8447265625;1676,7950439453125;1716;
121,285;2,1207635402679443;1728,008544921875;1676,7950439453125;1716;
121,286;2,108874797821045;1696,313232421875;1586,09765625;1716;
121,287;2,151987314224243;1718,7447509765625;1760,2666015625;1716;
121,288;2,14799427986145;1716,597412109375;1702,9207763671875;1716;
121,289;2,767617702484131;1711,70947265625;1688,5703125;1716;
121,29;2,1338284015655518;1724,291259765625;1611,611328125;1716;
121,291;2,0969862937927246;1715,067138671875;1781,1290283203125;1716;
121,292;2,151715040206909;1728,008544921875;1875,6038818359375;1716;
121,293;2,155272960662842;1698,1102294921875;1662,8797607421875;1716;
121,294;2,7510647773742676;1720,589599609375;1810,6357421875;1716;
121,295;2,108874797821045;1713,539306640625;1719,974365234375;1716;
121,296;2,110051393508911;1710,4918212890625;1698,1102294921875;1716;
121,297;2,1578519344329834;1743,672119140625;1827,14599609375;1716;
121,298;2,160198926925659;1717,21044921875;1674,459716796875;1716;
121,299;2,7770707607269287;1712,319091796875;1674,459716796875;1716;
121,3;2,114819288253784;1717,823974609375;1752,568603515625;1716;
121,301;2,108874797821045;1712,01416015625;1715,067138671875;1716;
121,302;2,1590282917022705;1726,457763671875;1838,3212890625;1716;
121,303;2,1540966033935547;1716,597412109375;1672,130859375;1716;
121,304;2,767617702484131;1712,319091796875;1674,459716796875;1716;
121,305;2,1338284015655518;1716,597412109375;1615,943603515625;1716;
121,306;2,1029305458068848;1711,70947265625;1783,7716064453125;1716;
121,307;2,154526472091675;1726,457763671875;1724,90966796875;1716;
121,308;2,155272960662842;1702,619140625;1698,1102294921875;1716;
121,309;2,767617702484131;1722,4383544921875;1686,2020263671875;1716;
121,31;2,1207635402679443;1716,904052734375;1609,4539794921875;1716;
121,311;2,7410545349121094;1712,01416015625;1781,1290283203125;1716;
121,312;2,170125722885132;1726,7677001953125;1724,90966796875;1716;
121,313;2,1540966033935547;1702,0166015625;1695,715087890625;1716;
121,314;2,1069235801696777;1722,746826171875;1686,2020263671875;1716;
121,315;2,1267077922821045;1717,823974609375;1611,611328125;1716;
121,316;2,739877939224243;1712,6239013671875;1781,1290283203125;1716;
121,317;2,155702829360962;1727,387939453125;1727,3880615234375;1716;
121,318;2,1540966033935547;1702,31787109375;1695,715087890625;1716;
121,319;2,124054193496704;1722,746826171875;1686,2020263671875;1716;
121,32;2,1278841495513916;1717,823974609375;1611,611328125;1716;
121,321;2,739877939224243;1712,6239013671875;1781,1290283203125;1716;
121,322;2,154526472091675;1732,67822265625;1727,3880615234375;1716;
121,323;2,155272960662842;1702,619140625;1698,1102294921875;1716;
121,324;2,124054193496704;1722,746826171875;1683,8404541015625;1716;
121,325;2,1207635402679443;1717,5172119140625;1613,774658203125;1716;
121,326;2,7657651901245117;1712,6239013671875;1649,1934814453125;1716;
121,327;2,154526472091675;1745,254150390625;1835,5145263671875;1716;
121,328;2,7589361667633057;1708,668701171875;1750,017578125;1716;
121,329;2,125230550765991;1708,668701171875;1712,6240234375;1716;
121,33;2,1326520442962646;1716,904052734375;1600,881591796875;1716;
121,331;2,748115062713623;1712,6239013671875;1640,19384765625;1716;
121,332;2,155702829360962;1742,093017578125;1838,3212890625;1716;
121,333;2,1540966033935547;1690,0537109375;1618,1185302734375;1716;
121,334;2,11419677734375;1726,7677001953125;1722,4384765625;1716;
121,335;2,1219398975372314;1717,21044921875;1698,1102294921875;1716;
121,336;2,127399444580078;1712,6239013671875;1688,5703125;1716;
121,337;2,154526472091675;1731,118896484375;1821,609130859375;1716;
121,338;2,760112762451172;1718,130859375;1742,40869140625;1716;
121,339;2,124054193496704;1712,319091796875;1707,7586669921875;1716;
121,34;2,1326520442962646;1715,9849853515625;1603,01611328125;1716;
121,341;2,140721321105957;1712,01416015625;1640,19384765625;1716;
121,342;2,154526472091675;1742,40869140625;1838,3212890625;1716;
121,343;2,7589361667633057;1707,455322265625;1752,568603515625;1716;
121,344;2,125230550765991;1707,455322265625;1710,1878662109375;1716;
121,345;2,1326520442962646;1716,904052734375;1600,881591796875;1716;
121,346;2,115842342376709;1712,6239013671875;1775,8671875;1716;
121,347;2,155702829360962;1728,9404296875;1727,3880615234375;1716;
121,348;2,7589361667633057;1700,812744140625;1698,1102294921875;1716;
121,349;2,11419677734375;1721,20556640625;1686,2020263671875;1716;
121,35;2,7907776832580566;1716,597412109375;1611,611328125;1716;
121,351;2,127399444580078;1712,01416015625;1781,1290283203125;1716;
121,352;2,154526472091675;1731,7421875;1724,90966796875;1716;
121,353;2,760112762451172;1702,31787109375;1698,1102294921875;1716;
121,354;2,11419677734375;1726,7677001953125;1821,609130859375;1716;
121,355;2,1207635402679443;1716,904052734375;1611,611328125;1716;
121,356;2,146754503250122;1712,319091796875;1781,1290283203125;1716;
121,357;2,8210418224334717;1731,7421875;1724,90966796875;1716;
121,358;2,7589361667633057;1702,31787109375;1698,1102294921875;1716;
121,359;2,115373134613037;1726,7677001953125;1821,609130859375;1716;
121,36;2,183378219604492;1716,904052734375;1611,611328125;1716;
121,361;2,145577907562256;1712,319091796875;1781,1290283203125;1716;
121,362;2,155702829360962;1731,7421875;1724,90966796875;1716;
121,363;2,117354154586792;1702,31787109375;1698,1102294921875;1716;
121,364;2,11419677734375;1727,07763671875;1824,3734130859375;1716;
121,365;2,104107141494751;1717,5172119140625;1747,473876953125;1716;
121,366;2,1578519344329834;1712,6239013671875;1712,6240234375;1716;
121,367;2,154526472091675;1742,724365234375;1816,1058349609375;1716;
121,368;2,7728312015533447;1707,455322265625;1609,4539794921875;1716;
121,369;2,126164197921753;1726,457763671875;1727,3880615234375;1716;
121,37;2,8464195728302;1716,904052734375;1698,1102294921875;1716;
121,371;2,1528913974761963;1712,319091796875;1688,5703125;1716;
121,372;2,7756621837615967;1732,365966796875;1824,3734130859375;1716;
121,373;2,7716546058654785;1702,619140625;1613,774658203125;1716;
121,374;2,109389305114746;1727,07763671875;1875,6038818359375;1716;
121,375;2,8548543453216553;1717,5172119140625;1635,730712890625;1716;
121,376;2,133892297744751;1712,928955078125;1797,103271484375;1716;
121,377;2,155702829360962;1746,5218505859375;1794,4210205078125;1716;
121,378;2,130072593688965;1692,730712890625;1600,881591796875;1716;
121,379;2,138131618499756;1726,7677001953125;1732,3660888671875;1716;
121,38;2,8475961685180664;1717,21044921875;1702,9207763671875;1716;
121,381;2,151715040206909;1712,01416015625;1688,5703125;1716;
121,382;2,154526472091675;1715,372802734375;1681,4854736328125;1716;
121,383;2,131248950958252;1711,1004638671875;1676,7950439453125;1716;
121,384;2,11419677734375;1727,07763671875;1835,5145263671875;1716;
121,385;2,8548543453216553;1717,5172119140625;1620,29931640625;1716;
121,386;2,1528913974761963;1695,715087890625;1649,1934814453125;1716;
121,387;2,1484439373016357;1724,600341796875;1724,90966796875;1716;
121,388;2,124054193496704;1699,010009765625;1698,1102294921875;1716;
121,389;2,12734055519104;1743,356201171875;1832,716552734375;1716;
121,39;2,7896010875701904;1725,218994140625;1750,017578125;1716;
121,391;2,1484439373016357;1715,9849853515625;1712,6240234375;1716;
121,392;2,785085439682007;1726,7677001953125;1674,459716796875;1716;
121,393;2,130072593688965;1716,597412109375;1672,130859375;1716;
121,394;2,11419677734375;1726,7677001953125;1838,3212890625;1716;
121,395;2,1528666019439697;1717,21044921875;1752,568603515625;1716;
121,396;2,1301963329315186;1695,117431640625;1712,6240234375;1716;
121,397;2,7674152851104736;1722,4383544921875;1707,7586669921875;1716;
121,398;2,125230550765991;1714,4556884765625;1688,5703125;1716;
121,399;2,132148027420044;1733,927490234375;1760,2666015625;1716;
121,4;2,8464195728302;1720,589599609375;1717,517333984375;1716;
121,401;2,1374552249908447;1705,336181640625;1760,2666015625;1716;
121,402;2,840707540512085;1723,3642578125;1717,517333984375;1716;
121,403;2,1360909938812256;1698,1102294921875;1569,53271484375;1716;
121,404;2,121356964111328;1745,254150390625;1917,4832763671875;1716;
121,405;2,228027105331421;1726,14794921875;1789,08056640625;1716;
121,406;2,1301963329315186;1699,310302734375;1734,865966796875;1716;
121,407;2,76859188079834;1731,7421875;1705,3363037109375;1716;
121,408;2,124054193496704;1702,619140625;1565,4454345703125;1716;
121,409;2,126164197921753;1735,1788330078125;1838,3212890625;1716;
121,41;2,183321237564087;1721,20556640625;1752,568603515625;1716;
121,411;2,189607858657837;1721,8216552734375;1752,568603515625;1716;
121,412;2,893648624420166;1731,430419921875;1712,6240234375;1716;
121,413;2,1372673511505127;1702,0166015625;1567,486328125;1716;
121,414;2,126164197921753;1736,431884765625;1835,5145263671875;1716;
121,415;2,176262617111206;1721,8216552734375;1752,568603515625;1716;
121,416;2,1313726902008057;1721,8216552734375;1750,017578125;1716;
121,417;2,129563808441162;1731,7421875;1712,6240234375;1716;
121,418;2,1360909938812256;1702,31787109375;1567,486328125;1716;
121,419;2,12734055519104;1736,7454833984375;1838,3212890625;1716;
121,42;2,176262617111206;1705,0338134765625;1620,29931640625;1716;
121,421;2,118619203567505;1722,1300048828125;1827,14599609375;1716;
121,422;2,124785900115967;1731,7421875;1747,473876953125;1716;
121,423;2,130072593688965;1702,0166015625;1581,923828125;1716;
121,424;2,126164197921753;1727,07763671875;1686,2020263671875;1716;
121,425;2,177438974380493;1717,5172119140625;1681,4854736328125;1716;
121,426;2,124701738357544;1722,746826171875;1791,7467041015625;1716;
121,427;2,111701250076294;1732,9903564453125;1890,34912109375;1716;
121,428;2,1432857513427734;1703,22216796875;1637,959228515625;1716;
121,429;2,108212947845459;1722,1300048828125;1816,1058349609375;1716;
121,43;2,170125722885132;1732,67822265625;1742,40869140625;1716;
121,431;2,1313726902008057;1719,974365234375;1773,2479248046875;1716;
121,432;2,7756621837615967;1748,7447509765625;1878,5345458984375;1716;
121,433;2,1421093940734863;1710,187744140625;1633,50830078125;1716;
121,434;2,115373134613037;1721,20556640625;1816,1058349609375;1716;
121,435;2,170125722885132;1731,7421875;1739,8873291015625;1716;
121,436;2,1301963329315186;1703,22216796875;1637,959228515625;1716;
121,437;2,776838541030884;1740,201904296875;1797,103271484375;1716;
121,438;2,124054193496704;1706,2437744140625;1732,3660888671875;1716;
121,439;2,108212947845459;1717,823974609375;1799,7935791015625;1716;
121,44;2,1897130012512207;1730,1845703125;1732,3660888671875;1716;
121,441;2,1484439373016357;1707,758544921875;1646,934326171875;1716;
121,442;2,1236095428466797;1742,40869140625;1802,4918212890625;1716;
121,443;2,110051393508911;1696,0140380859375;1644,681396484375;1716;
121,444;2,108212947845459;1718,7447509765625;1797,103271484375;1716;
121,445;2,1885366439819336;1713,539306640625;1603,01611328125;1716;
121,446;2,143537759780884;1699,310302734375;1644,681396484375;1716;
121,447;2,1176555156707764;1738,31494140625;1802,4918212890625;1716;
121,448;2,108874797821045;1712,6239013671875;1794,4210205078125;1716;
121,449;2,121356964111328;1727,07763671875;1881,4742431640625;1716;
121,45;2,176262617111206;1717,5172119140625;1773,2479248046875;1716;
121,451;2,1423614025115967;1721,20556640625;1669,8084716796875;1716;
121,452;2,1188318729400635;1731,118896484375;1672,130859375;1716;
121,453;2,1824042797088623;1719,052001953125;1715,067138671875;1716;
121,454;2,11419677734375;1709,579833984375;1690,9451904296875;1716;
121,455;2,177438974380493;1708,97216796875;1681,4854736328125;1716;
121,456;2,1423614025115967;1704,4295654296875;1640,19384765625;1716;
121,457;2,7509217262268066;1723,3642578125;1802,4918212890625;1716;
121,458;2,1159956455230713;1716,597412109375;1838,3212890625;1716;
121,459;2,7841708660125732;1711,405029296875;1747,473876953125;1716;
121,46;2,176262617111206;1727,07763671875;1707,7586669921875;1716;
121,461;2,1313726902008057;1721,513427734375;1770,63623046875;1716;
121,462;2,111701250076294;1731,118896484375;1722,4384765625;1716;
121,463;2,1207635402679443;1701,41455078125;1571,5843505859375;1716;
121,464;2,7853472232818604;1738,629150390625;1835,5145263671875;1716;
121,465;2,176262617111206;1705,941162109375;1620,29931640625;1716;
121,466;2,118619203567505;1721,8216552734375;1824,3734130859375;1716;
121,467;2,124785900115967;1731,7421875;1747,473876953125;1716;
121,468;2,0939834117889404;1705,0338134765625;1640,19384765625;1716;
121,469;2,7841708660125732;1740,516845703125;1794,4210205078125;1716;
121,47;2,1590282917022705;1706,849365234375;1732,3660888671875;1716;
121,471;2,1362786293029785;1717,823974609375;1799,7935791015625;1716;
121,472;2,1176555156707764;1729,873291015625;1890,34912109375;1716;
121,473;2,110051393508911;1711,1004638671875;1676,7950439453125;1716;
121,474;2,11419677734375;1726,14794921875;1816,1058349609375;1716;
121,475;2,160198926925659;1733,927490234375;1739,8873291015625;1716;
121,476;2,1374552249908447;1720,589599609375;1775,8671875;1716;
121,477;2,7756621837615967;1731,118896484375;1724,90966796875;1716;
121,478;2,0910422801971436;1694,2216796875;1679,136962890625;1716;
121,479;2,109389305114746;1717,5172119140625;1816,1058349609375;1716;
121,48;2,170125722885132;1729,873291015625;1739,8873291015625;1716;
121,481;2,1484439373016357;1711,405029296875;1644,681396484375;1716;
121,482;2,124785900115967;1744,3046875;1802,4918212890625;1716;
121,483;2,1029305458068848;1696,0140380859375;1644,681396484375;1716;
121,484;2,11419677734375;1718,7447509765625;1797,103271484375;1716;
121,485;2,1897130012512207;1713,539306640625;1603,01611328125;1716;
121,486;2,1423614025115967;1716,2911376953125;1783,7716064453125;1716;
121,487;2,1878554821014404;1728,9404296875;1729,8734130859375;1716;
121,488;2,0922188758850098;1711,70947265625;1686,2020263671875;1716;
121,489;2,7841708660125732;1726,7677001953125;1821,609130859375;1716;
121,49;2,176262617111206;1717,5172119140625;1611,611328125;1716;
121,491;2,143537759780884;1705,0338134765625;1644,681396484375;1716;
121,492;2,1360909938812256;1740,831787109375;1802,4918212890625;1716;
121,493;2,079741954803467;1712,01416015625;1791,7467041015625;1716;
121,494;2,8590199947357178;1727,07763671875;1729,8734130859375;1716;
121,495;2,1823997497558594;1717,823974609375;1702,9207763671875;1716;
121,496;2,1423614025115967;1715,372802734375;1622,48583984375;1716;
121,497;2,1372673511505127;1728,9404296875;1789,08056640625;1716;
121,498;2,0910422801971436;1712,01416015625;1797,103271484375;1716;
121,499;2,7841708660125732;1726,457763671875;1884,42333984375;1716;
121,5;2,1857848167419434;1693,3267822265625;1603,01611328125;1716;
121,501;2,124701738357544;1717,5172119140625;1773,2479248046875;1716;
121,502;2,130072593688965;1729,562255859375;1722,4384765625;1716;
121,503;2,080918550491333;1693,0286865234375;1705,3363037109375;1716;
121,504;2,14799427986145;1734,240234375;1832,716552734375;1716;
121,505;2,170125722885132;1720,8974609375;1750,017578125;1716;
121,506;2,1313726902008057;1721,20556640625;1752,568603515625;1716;
121,507;2,148127555847168;1731,430419921875;1712,6240234375;1716;
121,508;2,0910422801971436;1714,4556884765625;1861,0867919921875;1716;
121,509;2,7853472232818604;1727,6982421875;1760,2666015625;1716;
121,51;2,176262617111206;1717,5172119140625;1715,067138671875;1716;
121,511;2,124701738357544;1722,1300048828125;1770,63623046875;1716;
121,512;2,131248950958252;1732,053955078125;1722,4384765625;1716;
121,513;2,0910422801971436;1701,715576171875;1712,6240234375;1716;
121,514;2,7841708660125732;1738,629150390625;1835,5145263671875;1716;
121,515;2,1528666019439697;1722,746826171875;1752,568603515625;1716;
121,516;2,1301963329315186;1721,513427734375;1750,017578125;1716;
121,517;2,1267077922821045;1731,430419921875;1712,6240234375;1716;
121,518;2,0922188758850098;1697,211181640625;1715,067138671875;1716;
121,519;2,7841708660125732;1736,431884765625;1838,3212890625;1716;
121,52;2,160198926925659;1721,8216552734375;1752,568603515625;1716;
121,521;2,752241373062134;1721,8216552734375;1750,017578125;1716;
121,522;2,148127555847168;1731,7421875;1712,6240234375;1716;
121,523;2,0910422801971436;1697,211181640625;1715,067138671875;1716;
121,524;2,1642117500305176;1736,431884765625;1838,3212890625;1716;
121,525;2,160198926925659;1721,8216552734375;1565,4454345703125;1716;
121,526;2,7510647773742676;1721,8216552734375;1750,017578125;1716;
121,527;2,149303913116455;1731,7421875;1712,6240234375;1716;
121,528;2,0910422801971436;1697,211181640625;1715,067138671875;1716;
121,529;2,1630351543426514;1736,431884765625;1838,3212890625;1716;
121,53;2,1613755226135254;1701,715576171875;1565,4454345703125;1716;
121,531;2,7510647773742676;1721,8216552734375;1750,017578125;1716;
121,532;2,148127555847168;1731,7421875;1712,6240234375;1716;
121,533;2,0922188758850098;1697,211181640625;1715,067138671875;1716;
121,534;2,1630351543426514;1736,431884765625;1838,3212890625;1716;
121,535;2,160198926925659;1701,715576171875;1565,4454345703125;1716;
121,536;2,752241373062134;1721,8216552734375;1750,017578125;1716;
121,537;2,148127555847168;1731,7421875;1712,6240234375;1716;
121,538;2,0910422801971436;1697,211181640625;1715,067138671875;1716;
121,539;2,1642117500305176;1736,431884765625;1838,3212890625;1716;
121,54;2,160198926925659;1701,715576171875;1565,4454345703125;1716;
121,541;2,7510647773742676;1721,8216552734375;1750,017578125;1716;
121,542;2,139772415161133;1749,6990966796875;1615,943603515625;1716;
121,543;2,1029305458068848;1697,211181640625;1646,934326171875;1716;
121,544;2,1760079860687256;1736,431884765625;1797,103271484375;1716;
121,545;2,1613755226135254;1685,906494140625;1573,6414794921875;1716;
121,546;2,767617702484131;1713,8447265625;1622,48583984375;1716;
121,547;2,1860575675964355;1717,823974609375;1712,6240234375;1716;
121,548;2,0922188758850098;1695,416259765625;1695,715087890625;1716;
121,549;2,170125722885132;1718,130859375;1827,14599609375;1716;
121,55;2,1663014888763428;1701,41455078125;1569,53271484375;1716;
121,551;2,110051393508911;1721,8216552734375;1620,29931640625;1716;
121,552;2,1385960578918457;1718,130859375;1586,09765625;1716;
121,553;2,758704900741577;1712,319091796875;1765,4361572265625;1716;
121,554;2,171302318572998;1709,579833984375;1717,517333984375;1716;
121,555;2,160198926925659;1686,201904296875;1607,30224609375;1716;
121,556;2,7510647773742676;1713,8447265625;1775,8671875;1716;
121,557;2,1219398975372314;1731,118896484375;1744,9376220703125;1716;
121,558;2,0910422801971436;1719,052001953125;1861,0867919921875;1716;
121,559;2,170125722885132;1730,495849609375;1760,2666015625;1716;
121,56;2,155272960662842;1702,31787109375;1598,7528076171875;1716;
121,561;2,093839168548584;1722,4383544921875;1770,63623046875;1716;
121,562;2,1207635402679443;1730,495849609375;1747,473876953125;1716;
121,563;2,0922188758850098;1718,7447509765625;1861,0867919921875;1716;
121,564;2,170125722885132;1729,873291015625;1760,2666015625;1716;
121,565;2,1540966033935547;1701,715576171875;1596,6295166015625;1716;
121,566;2,1069235801696777;1722,1300048828125;1635,730712890625;1716;
121,567;2,1207635402679443;1726,14794921875;1712,6240234375;1716;
121,568;2,1050257682800293;1699,610595703125;1695,715087890625;1716;
121,569;2,171302318572998;1720,281982421875;1827,14599609375;1716;
121,57;2,1663014888763428;1701,715576171875;1569,53271484375;1716;
121,571;2,093839168548584;1721,8216552734375;1752,568603515625;1716;
121,572;2,1219398975372314;1722,746826171875;1752,568603515625;1716;
121,573;2,0910422801971436;1697,5107421875;1715,067138671875;1716;
121,574;2,154526472091675;1731,430419921875;1712,6240234375;1716;
121,575;2,1613755226135254;1701,715576171875;1565,4454345703125;1716;
121,576;2,093839168548584;1721,8216552734375;1750,017578125;1716;
121,577;2,1207635402679443;1721,8216552734375;1752,568603515625;1716;
121,578;2,783407211303711;1714,150146484375;1863,9722900390625;1716;
121,579;2,154526472091675;1727,6982421875;1786,4219970703125;1716;
121,58;2,1540966033935547;1702,0166015625;1596,6295166015625;1716;
121,581;2,0896496772766113;1722,4383544921875;1768,032470703125;1716;
121,582;2,144540309906006;1730,495849609375;1613,774658203125;1716;
121,583;2,756351947784424;1702,31787109375;1649,1934814453125;1716;
121,584;2,167868137359619;1734,552978515625;1729,8734130859375;1716;
121,585;2,160198926925659;1686,4976806640625;1573,6414794921875;1716;
121,586;2,1720175743103027;1714,4556884765625;1755,127197265625;1716;
121,587;2,1219398975372314;1722,1300048828125;1750,017578125;1716;
121,588;2,739877939224243;1698,1102294921875;1717,517333984375;1716;
121,589;2,166691541671753;1731,7421875;1712,6240234375;1716;
121,59;2,1613755226135254;1702,0166015625;1565,4454345703125;1716;
121,591;2,1120176315307617;1722,1300048828125;1750,017578125;1716;
121,592;2,1207635402679443;1721,8216552734375;1752,568603515625;1716;
121,593;2,7657651901245117;1697,211181640625;1586,09765625;1716;
121,594;2,166691541671753;1736,118408203125;1747,473876953125;1716;
121,595;2,76715350151062;1703,82568359375;1579,8450927734375;1716;
121,596;2,113193988800049;1705,638671875;1757,693115234375;1716;
121,597;2,114819288253784;1722,1300048828125;1750,017578125;1716;
121,598;2,739877939224243;1715,067138671875;1863,9722900390625;1716;
121,599;2,16178560256958;1731,430419921875;1783,7716064453125;1716;
121,6;2,7589361667633057;1702,31787109375;1596,6295166015625;1716;
121,601;2,11419677734375;1722,1300048828125;1633,50830078125;1716;
121,602;2,1219398975372314;1734,240234375;1783,7716064453125;1716;
121,603;2,7829601764678955;1703,22216796875;1598,7528076171875;1716;
121,604;2,154526472091675;1735,8050537109375;1739,8873291015625;1716;
121,605;2,7518954277038574;1704,127685546875;1579,8450927734375;1716;
121,606;2,124054193496704;1705,941162109375;1624,678466796875;1716;
121,607;2,114819288253784;1717,21044921875;1715,067138671875;1716;
121,608;2,1285760402679443;1712,928955078125;1843,960205078125;1716;
121,609;2,1423614025115967;1731,118896484375;1791,7467041015625;1716;
121,61;2,76715350151062;1702,0166015625;1600,881591796875;1716;
121,611;2,131248950958252;1721,8216552734375;1635,730712890625;1716;
121,612;2,1385960578918457;1726,457763671875;1581,923828125;1716;
121,613;2,1578519344329834;1717,21044921875;1762,8475341796875;1716;
121,614;2,143537759780884;1734,240234375;1813,3665771484375;1716;
121,615;2,76715350151062;1686,4976806640625;1609,4539794921875;1716;
121,616;2,102229118347168;1720,8974609375;1821,609130859375;1716;
121,617;2,7907776832580566;1731,7421875;1744,9376220703125;1716;
121,618;2,145577907562256;1702,920654296875;1712,6240234375;1716;
121,619;2,166691541671753;1731,430419921875;1712,6240234375;1716;
121,62;2,7683298587799072;1702,0166015625;1567,486328125;1716;
121,621;2,102229118347168;1736,431884765625;1835,5145263671875;1716;
121,622;2,7896010875701904;1721,8216552734375;1752,568603515625;1716;
121,623;2,146754503250122;1697,211181640625;1712,6240234375;1716;
121,624;2,166691541671753;1731,430419921875;1712,6240234375;1716;
121,625;2,7728257179260254;1702,0166015625;1567,486328125;1716;
121,626;2,12734055519104;1736,7454833984375;1838,3212890625;1716;
121,627;2,7896010875701904;1722,1300048828125;1752,568603515625;1716;
121,628;2,145577907562256;1697,5107421875;1712,6240234375;1716;
121,629;2,167868137359619;1731,7421875;1712,6240234375;1716;
121,63;2,7857987880706787;1702,0166015625;1567,486328125;1716;
121,631;2,126164197921753;1736,7454833984375;1838,3212890625;1716;
121,632;2,793130397796631;1722,1300048828125;1752,568603515625;1716;
121,633;2,145577907562256;1697,810546875;1715,067138671875;1716;
121,634;2,166691541671753;1732,053955078125;1712,6240234375;1716;
121,635;2,1372673511505127;1702,31787109375;1567,486328125;1716;
121,636;2,126164197921753;1736,431884765625;1835,5145263671875;1716;
121,637;2,7896010875701904;1721,8216552734375;1752,568603515625;1716;
121,638;2,146754503250122;1697,5107421875;1715,067138671875;1716;
121,639;2,166691541671753;1731,7421875;1712,6240234375;1716;
121,64;2,1360909938812256;1702,31787109375;1567,486328125;1716;
121,641;2,12734055519104;1736,7454833984375;1838,3212890625;1716;
121,642;2,7896010875701904;1722,1300048828125;1752,568603515625;1716;
121,643;2,145577907562256;1697,5107421875;1712,6240234375;1716;
121,644;2,841884136199951;1731,7421875;1712,6240234375;1716;
121,645;2,1180360317230225;1702,0166015625;1690,9451904296875;1716;
121,646;2,126164197921753;1732,053955078125;1797,103271484375;1716;
121,647;2,822084903717041;1719,666748046875;1734,865966796875;1716;
121,648;2,145577907562256;1713,539306640625;1710,1878662109375;1716;
121,649;2,7756621837615967;1731,7421875;1866,8665771484375;1716;
121,65;2,131248950958252;1702,31787109375;1629,081298828125;1716;
121,651;2,126164197921753;1717,823974609375;1674,459716796875;1716;
121,652;2,7896010875701904;1730,1845703125;1674,459716796875;1716;
121,653;2,1313726902008057;1722,1300048828125;1791,7467041015625;1716;
121,654;2,154526472091675;1732,053955078125;1887,381591796875;1716;
121,655;2,1421093940734863;1702,619140625;1637,959228515625;1716;
121,656;2,109389305114746;1722,1300048828125;1816,1058349609375;1716;
121,657;2,1516902446746826;1732,67822265625;1742,40869140625;1716;
121,658;2,1301963329315186;1702,619140625;1775,8671875;1716;
121,659;2,155702829360962;1748,4268798828125;1878,5345458984375;1716;
121,66;2,1421093940734863;1710,187744140625;1633,50830078125;1716;
121,661;2,11419677734375;1721,8216552734375;1816,1058349609375;1716;
121,662;2,782510995864868;1715,067138671875;1611,611328125;1716;
121,663;2,145577907562256;1693,923095703125;1642,4345703125;1716;
121,664;2,7674152851104736;1739,572509765625;1835,5145263671875;1716;
121,665;2,1432857513427734;1705,941162109375;1618,1185302734375;1716;
121,666;2,108212947845459;1729,873291015625;1829,9271240234375;1716;
121,667;2,9164235591888428;1718,7447509765625;1618,1185302734375;1716;
121,668;2,1374552249908447;1696,313232421875;1649,1934814453125;1716;
121,669;2,7674152851104736;1741,777587890625;1832,716552734375;1716;
121,67;2,124054193496704;1690,350830078125;1615,943603515625;1716;
121,671;2,121356964111328;1725,218994140625;1719,974365234375;1716;
121,672;2,7896010875701904;1716,2911376953125;1698,1102294921875;1716;
121,673;2,139188289642334;1711,405029296875;1686,2020263671875;1716;
121,674;2,776838541030884;1731,118896484375;1824,3734130859375;1716;
121,675;2,130072593688965;1702,0166015625;1613,774658203125;1716;
121,676;2,126164197921753;1727,07763671875;1724,90966796875;1716;
121,677;2,7907776832580566;1717,5172119140625;1700,51220703125;1716;
121,678;2,1423614025115967;1722,4383544921875;1683,8404541015625;1716;
121,679;2,7756621837615967;1714,76123046875;1679,136962890625;1716;
121,68;2,131248950958252;1711,1004638671875;1674,459716796875;1716;
121,681;2,11419677734375;1726,457763671875;1835,5145263671875;1716;
121,682;2,1885366439819336;1716,904052734375;1620,29931640625;1716;
121,683;2,143537759780884;1707,455322265625;1640,19384765625;1716;
121,684;2,7756621837615967;1724,600341796875;1658,29248046875;1716;
121,685;2,130072593688965;1682,36767578125;1545,323974609375;1716;
121,686;2,115373134613037;1718,130859375;1841,1363525390625;1716;
121,687;2,170125722885132;1712,928955078125;1755,127197265625;1716;
121,688;2,124701738357544;1720,8974609375;1750,017578125;1716;
121,689;2,841884136199951;1731,430419921875;1712,6240234375;1716;
121,69;2,1360909938812256;1702,31787109375;1567,486328125;1716;
121,691;2,126164197921753;1736,7454833984375;1838,3212890625;1716;
121,692;2,177438974380493;1722,1300048828125;1752,568603515625;1716;
121,693;2,1301963329315186;1722,1300048828125;1750,017578125;1716;
121,694;2,840707540512085;1732,053955078125;1712,6240234375;1716;
121,695;2,1372673511505127;1702,31787109375;1567,486328125;1716;
121,696;2,126164197921753;1736,431884765625;1835,5145263671875;1716;
121,697;2,176262617111206;1704,731689453125;1620,29931640625;1716;
121,698;2,119795560836792;1721,8216552734375;1824,3734130859375;1716;
121,699;2,7839090824127197;1731,7421875;1747,473876953125;1716;
121,7;2,1120176315307617;1702,31787109375;1707,7586669921875;1716;
121,701;2,12734055519104;1740,516845703125;1794,4210205078125;1716;
121,702;2,1578519344329834;1706,54638671875;1732,3660888671875;1716;
121,703;2,1362786293029785;1717,5172119140625;1797,103271484375;1716;
121,704;2,1188318729400635;1729,873291015625;1890,34912109375;1716;
121,705;2,130072593688965;1718,437744140625;1637,959228515625;1716;
121,706;2,11419677734375;1726,14794921875;1816,1058349609375;1716;
121,707;2,171302318572998;1733,927490234375;1742,40869140625;1716;
121,708;2,1301963329315186;1703,22216796875;1640,19384765625;1716;
121,709;2,830956220626831;1739,572509765625;1797,103271484375;1716;
121,71;2,1432857513427734;1705,941162109375;1603,01611328125;1716;
121,711;2,108212947845459;1722,1300048828125;1838,3212890625;1716;
121,712;2,1885366439819336;1715,067138671875;1618,1185302734375;1716;
121,713;2,12587833404541;1707,758544921875;1702,9207763671875;1716;
121,714;2,7674152851104736;1742,40869140625;1835,5145263671875;1716;
121,715;2,124054193496704;1707,15234375;1750,017578125;1716;
121,716;2,109389305114746;1725,838134765625;1794,4210205078125;1716;
121,717;2,1885366439819336;1716,904052734375;1600,881591796875;1716;
121,718;2,1423614025115967;1716,2911376953125;1781,1290283203125;1716;
121,719;2,776838541030884;1729,2513427734375;1727,3880615234375;1716;
121,72;2,130072593688965;1700,812744140625;1698,1102294921875;1716;
121,721;2,126164197921753;1726,457763671875;1821,609130859375;1716;
121,722;2,1590282917022705;1716,904052734375;1744,9376220703125;1716;
121,723;2,1423614025115967;1709,2760009765625;1674,459716796875;1716;
121,724;2,7756621837615967;1725,5284423828125;1674,459716796875;1716;
121,725;2,110051393508911;1712,6239013671875;1715,067138671875;1716;
121,726;2,767617702484131;1726,7677001953125;1838,3212890625;1716;
121,727;2,170125722885132;1717,21044921875;1752,568603515625;1716;
121,728;2,143537759780884;1712,319091796875;1672,130859375;1716;
121,729;2,7756621837615967;1727,07763671875;1674,459716796875;1716;
121,73;2,108874797821045;1716,904052734375;1586,09765625;1716;
121,731;2,115373134613037;1717,823974609375;1760,2666015625;1716;
121,732;2,170125722885132;1712,6239013671875;1717,517333984375;1716;
121,733;2,124701738357544;1712,01416015625;1835,5145263671875;1716;
121,734;2,130740165710449;1726,7677001953125;1752,568603515625;1716;
121,735;2,114819288253784;1714,150146484375;1841,1363525390625;1716;
121,736;2,759341239929199;1745,571044921875;1908,3525390625;1716;
121,737;2,171302318572998;1726,457763671875;1783,7716064453125;1716;
121,738;2,1301963329315186;1719,666748046875;1732,3660888671875;1716;
121,739;2,1176555156707764;1730,495849609375;1702,9207763671875;1716;
121,74;2,104107141494751;1701,41455078125;1563,4097900390625;1716;
121,741;2,126164197921753;1734,240234375;1838,3212890625;1716;
121,742;2,176262617111206;1720,8974609375;1752,568603515625;1716;
121,743;2,143537759780884;1722,1300048828125;1618,1185302734375;1716;
121,744;2,1236095428466797;1732,365966796875;1786,4219970703125;1716;
121,745;2,0910422801971436;1712,6239013671875;1841,1363525390625;1716;
121,746;2,7853472232818604;1709,579833984375;1750,017578125;1716;
121,747;2,1823997497558594;1726,14794921875;1710,1878662109375;1716;
121,748;2,1301963329315186;1722,4383544921875;1773,2479248046875;1716;
121,749;2,1372673511505127;1732,053955078125;1722,4384765625;1716;
121,75;2,0910422801971436;1702,0166015625;1710,1878662109375;1716;
121,751;2,7841708660125732;1738,9434814453125;1835,5145263671875;1716;
121,752;2,177438974380493;1723,3642578125;1752,568603515625;1716;
121,753;2,1301963329315186;1722,4383544921875;1752,568603515625;1716;
121,754;2,148127555847168;1732,053955078125;1712,6240234375;1716;
121,755;2,0922188758850098;1697,5107421875;1712,6240234375;1716;
121,756;2,7841708660125732;1736,431884765625;1835,5145263671875;1716;
121,757;2,176262617111206;1721,8216552734375;1752,568603515625;1716;
121,758;2,1313726902008057;1721,8216552734375;1752,568603515625;1716;
121,759;2,148127555847168;1731,430419921875;1712,6240234375;1716;
121,76;2,0910422801971436;1697,211181640625;1712,6240234375;1716;
121,761;2,1613755226135254;1736,431884765625;1835,5145263671875;1716;
121,762;2,171302318572998;1721,8216552734375;1752,568603515625;1716;
121,763;2,1301963329315186;1721,513427734375;1750,017578125;1716;
121,764;2,149303913116455;1731,430419921875;1712,6240234375;1716;
121,765;2,0910422801971436;1697,211181640625;1715,067138671875;1716;
121,766;2,7841708660125732;1736,431884765625;1838,3212890625;1716;
121,767;2,1528666019439697;1721,8216552734375;1752,568603515625;1716;
121,768;2,1301963329315186;1721,8216552734375;1750,017578125;1716;
121,769;2,148127555847168;1731,7421875;1712,6240234375;1716;
121,77;2,0922188758850098;1697,211181640625;1715,067138671875;1716;
121,771;2,7841708660125732;1736,431884765625;1838,3212890625;1716;
121,772;2,1516902446746826;1721,8216552734375;1752,568603515625;1716;
121,773;2,752241373062134;1721,8216552734375;1750,017578125;1716;
121,774;2,148127555847168;1731,7421875;1712,6240234375;1716;
121,775;2,0910422801971436;1697,211181640625;1715,067138671875;1716;
121,776;2,1642117500305176;1736,431884765625;1838,3212890625;1716;
121,777;2,160198926925659;1721,8216552734375;1752,568603515625;1716;
121,778;2,7510647773742676;1721,8216552734375;1750,017578125;1716;
121,779;2,149303913116455;1731,7421875;1712,6240234375;1716;
121,78;2,0910422801971436;1697,211181640625;1715,067138671875;1716;
121,781;2,1630351543426514;1736,431884765625;1838,3212890625;1716;
121,782;2,1613755226135254;1701,715576171875;1565,4454345703125;1716;
121,783;2,1301963329315186;1721,8216552734375;1750,017578125;1716;
121,784;2,148127555847168;1731,7421875;1712,6240234375;1716;
121,785;2,0922188758850098;1714,150146484375;1863,9722900390625;1716;
121,786;2,8389084339141846;1727,6982421875;1762,8475341796875;1716;
121,787;2,1540966033935547;1702,0166015625;1596,6295166015625;1716;
121,788;2,768794298171997;1722,4383544921875;1635,730712890625;1716;
121,789;2,1360909938812256;1732,365966796875;1656,0084228515625;1716;
121,79;2,0910422801971436;1720,8974609375;1881,4742431640625;1716;
121,791;2,171302318572998;1713,8447265625;1770,63623046875;1716;
121,792;2,14799427986145;1719,052001953125;1719,974365234375;1716;
121,793;2,767617702484131;1731,118896484375;1698,1102294921875;1716;
121,794;2,1159956455230713;1734,240234375;1750,017578125;1716;
121,795;2,0969862937927246;1703,82568359375;1715,067138671875;1716;
121,796;2,151715040206909;1723,0556640625;1838,3212890625;1716;
121,797;2,155272960662842;1707,455322265625;1626,876953125;1716;
121,798;2,767617702484131;1725,218994140625;1651,4588623046875;1716;
121,799;2,1267077922821045;1725,5284423828125;1770,63623046875;1716;
121,8;2,0922188758850098;1699,610595703125;1594,5120849609375;1716;
121,801;2,170125722885132;1720,589599609375;1765,4361572265625;1716;
121,802;2,14799427986145;1719,974365234375;1705,3363037109375;1716;
121,803;2,768794298171997;1714,150146484375;1690,9451904296875;1716;
121,804;2,1207635402679443;1725,838134765625;1747,473876953125;1716;
121,805;2,7645888328552246;1716,2911376953125;1710,1878662109375;1716;
121,806;2,1590282917022705;1728,9404296875;1835,5145263671875;1716;
121,807;2,1540966033935547;1717,21044921875;1676,7950439453125;1716;
121,808;2,093839168548584;1712,928955078125;1818,8533935546875;1716;
121,809;2,1219398975372314;1713,8447265625;1717,517333984375;1716;
121,81;2,1710548400878906;1711,1004638671875;1698,1102294921875;1716;
121,811;2,1578519344329834;1743,9884033203125;1827,14599609375;1716;
121,812;2,1613755226135254;1717,21044921875;1676,7950439453125;1716;
121,813;2,1847784519195557;1712,6239013671875;1676,7950439453125;1716;
121,814;2,1326520442962646;1718,130859375;1615,943603515625;1716;
121,815;2,757528305053711;1712,6239013671875;1783,7716064453125;1716;
121,816;2,1423614025115967;1727,07763671875;1875,6038818359375;1716;
121,817;2,1540966033935547;1689,7568359375;1603,01611328125;1716;
121,818;2,125230550765991;1732,9903564453125;1773,2479248046875;1716;
121,819;2,1267077922821045;1716,904052734375;1702,9207763671875;1716;
121,82;2,748115062713623;1712,01416015625;1690,9451904296875;1716;
121,821;2,235114574432373;1732,053955078125;1821,609130859375;1716;
121,822;2,1540966033935547;1702,0166015625;1611,611328125;1716;
121,823;2,124054193496704;1722,1300048828125;1778,494140625;1716;
121,824;2,1219398975372314;1716,904052734375;1700,51220703125;1716;
121,825;2,739877939224243;1712,6239013671875;1690,9451904296875;1716;
121,826;2,154526472091675;1732,053955078125;1821,609130859375;1716;
121,827;2,155272960662842;1719,666748046875;1744,9376220703125;1716;
121,828;2,124054193496704;1713,8447265625;1710,1878662109375;1716;
121,829;2,1385960578918457;1717,21044921875;1603,01611328125;1716;
121,83;2,733405590057373;1712,928955078125;1778,494140625;1716;
121,831;2,154526472091675;1729,562255859375;1727,3880615234375;1716;
121,832;2,7589361667633057;1700,812744140625;1695,715087890625;1716;
121,833;2,125230550765991;1721,513427734375;1683,8404541015625;1716;
121,834;2,1207635402679443;1716,904052734375;1613,774658203125;1716;
121,835;2,145617723464966;1712,319091796875;1649,1934814453125;1716;
121,836;2,155702829360962;1745,254150390625;1835,5145263671875;1716;
121,837;2,761289119720459;1708,97216796875;1752,568603515625;1716;
121,838;2,124054193496704;1708,668701171875;1710,1878662109375;1716;
121,839;2,1338284015655518;1716,904052734375;1600,881591796875;1716;
121,84;2,151715040206909;1712,319091796875;1637,959228515625;1716;
121,841;2,154526472091675;1741,777587890625;1838,3212890625;1716;
121,842;2,760112762451172;1706,849365234375;1752,568603515625;1716;
121,843;2,11419677734375;1707,15234375;1710,1878662109375;1716;
121,844;2,1326520442962646;1716,904052734375;1600,881591796875;1716;
121,845;2,1528913974761963;1712,6239013671875;1640,19384765625;1716;
121,846;2,154526472091675;1742,093017578125;1838,3212890625;1716;
121,847;2,2162764072418213;1690,350830078125;1620,29931640625;1716;
121,848;2,115373134613037;1726,7677001953125;1722,4384765625;1716;
121,849;2,1207635402679443;1717,21044921875;1698,1102294921875;1716;
121,85;2,145577907562256;1712,6239013671875;1688,5703125;1716;
121,851;2,155702829360962;1731,118896484375;1821,609130859375;1716;
121,852;2,1795337200164795;1701,41455078125;1613,774658203125;1716;
121,853;2,11419677734375;1721,20556640625;1724,90966796875;1716;
121,854;2,1219398975372314;1716,597412109375;1700,51220703125;1716;
121,855;2,145577907562256;1712,6239013671875;1690,9451904296875;1716;
121,856;2,154526472091675;1732,053955078125;1821,609130859375;1716;
121,857;2,760112762451172;1702,619140625;1613,774658203125;1716;
121,858;2,126164197921753;1726,7677001953125;1724,90966796875;1716;
121,859;2,1207635402679443;1717,21044921875;1700,51220703125;1716;
121,86;2,146754503250122;1712,928955078125;1690,9451904296875;1716;
121,861;2,154526472091675;1714,76123046875;1679,136962890625;1716;
121,862;2,7589361667633057;1711,1004638671875;1674,459716796875;1716;
121,863;2,115373134613037;1726,457763671875;1835,5145263671875;1716;
121,864;2,8548543453216553;1716,904052734375;1620,29931640625;1716;
121,865;2,151715040206909;1712,01416015625;1786,4219970703125;1716;
121,866;2,155702829360962;1742,093017578125;1797,103271484375;1716;
121,867;2,814007520675659;1690,64794921875;1603,01611328125;1716;
121,868;2,1900789737701416;1727,07763671875;1884,42333984375;1716;
121,869;2,2404367923736572;1717,21044921875;1770,63623046875;1716;
121,87;2,145577907562256;1712,319091796875;1724,90966796875;1716;
121,871;2,154526472091675;1731,430419921875;1672,130859375;1716;
121,872;2,131248950958252;1719,052001953125;1672,130859375;1716;
121,873;2,11419677734375;1718,437744140625;1762,8475341796875;1716;
121,874;2,7896010875701904;1713,2340087890625;1717,517333984375;1716;
121,875;2,165165424346924;1710,4918212890625;1698,1102294921875;1716;
121,876;2,172774314880371;1726,7677001953125;1681,4854736328125;1716;
121,877;2,1360909938812256;1699,610595703125;1555,319580078125;1716;
121,878;2,109389305114746;1728,319091796875;1917,4832763671875;1716;
121,879;2,8464195728302;1717,823974609375;1651,4588623046875;1716;
121,88;2,151715040206909;1695,416259765625;1662,8797607421875;1716;
121,881;2,149620294570923;1732,365966796875;1719,974365234375;1716;
121,882;2,7633931636810303;1685,906494140625;1571,5843505859375;1716;
121,883;2,11419677734375;1734,552978515625;1832,716552734375;1716;
121,884;2,7907776832580566;1721,20556640625;1750,017578125;1716;
121,885;2,145577907562256;1697,810546875;1715,067138671875;1716;
121,886;2,166691541671753;1731,7421875;1712,6240234375;1716;
121,887;2,1372673511505127;1702,31787109375;1567,486328125;1716;
121,888;2,126164197921753;1736,7454833984375;1838,3212890625;1716;
121,889;2,7896010875701904;1722,1300048828125;1752,568603515625;1716;
121,89;2,146754503250122;1697,810546875;1715,067138671875;1716;
121,891;2,166691541671753;1732,053955078125;1712,6240234375;1716;
121,892;2,1360909938812256;1702,31787109375;1567,486328125;1716;
121,893;2,12734055519104;1736,431884765625;1835,5145263671875;1716;
121,894;2,7896010875701904;1721,8216552734375;1752,568603515625;1716;
121,895;2,145577907562256;1697,5107421875;1715,067138671875;1716;
121,896;2,841884136199951;1731,7421875;1712,6240234375;1716;
121,897;2,1180360317230225;1702,31787109375;1690,9451904296875;1716;
121,898;2,126164197921753;1723,673095703125;1727,3880615234375;1716;
121,899;2,7907776832580566;1715,6788330078125;1700,51220703125;1716;
121,9;2,1301963329315186;1722,1300048828125;1778,494140625;1716;
121,901;2,1423614025115967;1731,7421875;1875,6038818359375;1716;
121,902;2,1372673511505127;1702,0166015625;1633,50830078125;1716;
121,903;2,126164197921753;1719,974365234375;1674,459716796875;1716;
121,904;2,1577630043029785;1730,80712890625;1674,459716796875;1716;
121,905;2,1313726902008057;1721,8216552734375;1794,4210205078125;1716;
121,906;2,154526472091675;1714,150146484375;1732,3660888671875;1716;
121,907;2,1421093940734863;1693,6248779296875;1575,7039794921875;1716;
121,908;2,121356964111328;1721,513427734375;1705,3363037109375;1716;
121,909;2,1577630043029785;1732,053955078125;1690,9451904296875;1716;
121,91;2,1639888286590576;1702,920654296875;1686,2020263671875;1716;
121,911;2,776838541030884;1727,6982421875;1802,4918212890625;1716;
121,912;2,148127555847168;1700,511962890625;1605,1563720703125;1716;
121,913;2,108212947845459;1722,1300048828125;1835,5145263671875;1716;
121,914;2,8746590614318848;1715,067138671875;1620,29931640625;1716;
121,915;2,151715040206909;1694,52001953125;1649,1934814453125;1716;
121,916;2,7674152851104736;1741,777587890625;1832,716552734375;1716;
121,917;2,125230550765991;1707,15234375;1747,473876953125;1716;
121,918;2,108212947845459;1725,5284423828125;1794,4210205078125;1716;
121,919;2,8734824657440186;1716,2911376953125;1603,01611328125;1716;
121,92;2,141773223876953;1715,6788330078125;1781,1290283203125;1716;
121,921;2,154526472091675;1728,629638671875;1727,3880615234375;1716;
121,922;2,130072593688965;1700,812744140625;1698,1102294921875;1716;
121,923;2,12734055519104;1726,457763671875;1821,609130859375;1716;
121,924;2,764801263809204;1716,597412109375;1744,9376220703125;1716;
121,925;2,1423614025115967;1711,70947265625;1712,6240234375;1716;
121,926;2,776838541030884;1724,600341796875;1674,459716796875;1716;
121,927;2,130072593688965;1715,6788330078125;1672,130859375;1716;
121,928;2,11419677734375;1717,5172119140625;1760,2666015625;1716;
121,929;2,782510995864868;1712,6239013671875;1717,517333984375;1716;
121,93;2,1423614025115967;1709,8837890625;1843,960205078125;1716;
121,931;2,8491225242614746;1722,1300048828125;1649,1934814453125;1716;
121,932;2,1372673511505127;1697,5107421875;1541,361572265625;1716;
121,933;2,120180368423462;1719,3592529296875;1843,960205078125;1716;
121,934;2,1821448802948;1713,2340087890625;1755,127197265625;1716;
121,935;2,1270546913146973;1721,513427734375;1750,017578125;1716;
121,936;2,9012956619262695;1731,7421875;1712,6240234375;1716;
121,937;2,1360909938812256;1702,31787109375;1567,486328125;1716;
121,938;2,12734055519104;1736,7454833984375;1838,3212890625;1716;
121,939;2,808100938796997;1705,0338134765625;1620,29931640625;1716;
121,94;2,1901960372924805;1722,1300048828125;1827,14599609375;1716;
121,941;2,785085439682007;1731,7421875;1747,473876953125;1716;
121,942;2,1120176315307617;1702,0166015625;1707,7586669921875;1716;
121,943;2,126164197921753;1723,0556640625;1656,0084228515625;1716;
121,944;2,177438974380493;1715,067138671875;1665,182861328125;1716;
121,945;2,1423614025115967;1711,1004638671875;1672,130859375;1716;
121,946;2,7756621837615967;1723,0556640625;1807,912841796875;1716;
121,947;2,149303913116455;1698,409912109375;1607,30224609375;1716;
121,948;2,108212947845459;1731,118896484375;1914,4300537109375;1716;
121,949;2,1823997497558594;1719,3592529296875;1649,1934814453125;1716;
121,95;2,1313726902008057;1706,849365234375;1683,8404541015625;1716;
121,951;2,166691541671753;1723,982177734375;1679,136962890625;1716;
121,952;2,1180360317230225;1698,409912109375;1674,459716796875;1716;
121,953;2,103405714035034;1723,3642578125;1835,5145263671875;1716;
121,954;2,1823997497558594;1715,6788330078125;1620,29931640625;1716;
121,955;2,1423614025115967;1711,70947265625;1786,4219970703125;1716;
121,956;2,776838541030884;1724,600341796875;1658,29248046875;1716;
121,957;2,130072593688965;1699,010009765625;1665,182861328125;1716;
121,958;2,126164197921753;1718,130859375;1765,4361572265625;1716;
121,959;2,815159559249878;1712,928955078125;1719,974365234375;1716;
121,96;2,1954903602600098;1693,6248779296875;1757,693115234375;1716;
121,961;2,8918840885162354;1723,3642578125;1715,067138671875;1716;
121,962;2,1372673511505127;1698,7100830078125;1569,53271484375;1716;
121,963;2,126164197921753;1737,05908203125;1838,3212890625;1716;
121,964;2,176262617111206;1722,4383544921875;1752,568603515625;1716;
121,965;2,1313726902008057;1722,1300048828125;1752,568603515625;1716;
121,966;2,7674152851104736;1731,7421875;1861,0867919921875;1716;
121,967;2,124054193496704;1702,0166015625;1626,876953125;1716;
121,968;2,12734055519104;1716,904052734375;1674,459716796875;1716;
121,969;2,176262617111206;1729,2513427734375;1674,459716796875;1716;
121,97;2,1301963329315186;1704,731689453125;1656,0084228515625;1716;
121,971;2,776838541030884;1722,746826171875;1805,1982421875;1716;
121,972;2,1421093940734863;1697,810546875;1605,1563720703125;1716;
121,973;2,102229118347168;1721,8216552734375;1835,5145263671875;1716;
121,974;2,1835761070251465;1714,76123046875;1620,29931640625;1716;
121,975;2,124701738357544;1706,849365234375;1700,51220703125;1716;
121,976;2,7674152851104736;1741,777587890625;1832,716552734375;1716;
121,977;2,125230550765991;1707,15234375;1747,473876953125;1716;
121,978;2,108212947845459;1725,5284423828125;1794,4210205078125;1716;
121,979;2,1885366439819336;1716,2911376953125;1603,01611328125;1716;
121,98;2,143537759780884;1711,70947265625;1644,681396484375;1716;
121,981;2,7756621837615967;1737,372802734375;1799,7935791015625;1716;
121,982;2,130072593688965;1688,2738037109375;1603,01611328125;1716;
121,983;2,8138577938079834;1726,457763671875;1881,4742431640625;1716;
121,984;2,194673538208008;1716,904052734375;1637,959228515625;1716;
121,985;2,1862494945526123;1695,117431640625;1770,63623046875;1716;
121,986;2,819768190383911;1729,2513427734375;1722,4384765625;1716;
121,987;2,124054193496704;1684,4300537109375;1571,5843505859375;1716;
121,988;2,11419677734375;1725,5284423828125;1757,693115234375;1716;
121,989;2,171302318572998;1716,2911376953125;1715,067138671875;1716;
121,99;2,1423614025115967;1720,589599609375;1633,50830078125;1716;
121,991;2,1423614025115967;1730,80712890625;1794,4210205078125;1716;
121,992;2,1372673511505127;1701,715576171875;1600,881591796875;1716;
121,993;2,126164197921753;1719,974365234375;1827,14599609375;1716;
121,994;2,176262617111206;1731,430419921875;1747,473876953125;1716;
121,995;2,1313726902008057;1722,1300048828125;1755,127197265625;1716;
121,996;2,7756621837615967;1732,053955078125;1866,8665771484375;1716;
121,997;2,124054193496704;1702,31787109375;1629,081298828125;1716;
121,998;2,12734055519104;1717,823974609375;1676,7950439453125;1716;
121,999;2,13954496383667;1730,495849609375;1818,8533935546875;1716;
122;2,1301963329315186;1718,437744140625;1755,127197265625;1716;
122,001;2,776838541030884;1730,495849609375;1863,9722900390625;1716;
122,002;2,124054193496704;1719,052001953125;1762,8475341796875;1716;
122,003;2,11419677734375;1717,823974609375;1783,7716064453125;1716;
122,004;2,177438974380493;1712,928955078125;1598,7528076171875;1716;
122,005;2,1423614025115967;1704,127685546875;1710,1878662109375;1716;
122,006;2,7756621837615967;1740,201904296875;1838,3212890625;1716;
122,007;2,131248950958252;1689,4599609375;1618,1185302734375;1716;
122,008;2,120180368423462;1726,14794921875;1719,974365234375;1716;
122,009;2,176262617111206;1717,21044921875;1698,1102294921875;1716;
122,01;2,2001960277557373;1721,8216552734375;1832,716552734375;1716;
122,011;2,7674152851104736;1714,76123046875;1750,017578125;1716;
122,012;2,124054193496704;1711,1004638671875;1710,1878662109375;1716;
122,013;2,115373134613037;1743,672119140625;1824,3734130859375;1716;
122,014;2,170125722885132;1725,5284423828125;1747,473876953125;1716;
122,015;2,1484439373016357;1712,01416015625;1674,459716796875;1716;
122,016;2,785085439682007;1726,457763671875;1674,459716796875;1716;
122,017;2,130072593688965;1699,610595703125;1551,305908203125;1716;
122,018;2,108212947845459;1717,823974609375;1835,5145263671875;1716;
122,019;2,171302318572998;1712,6239013671875;1752,568603515625;1716;
122,02;2,124701738357544;1719,3592529296875;1747,473876953125;1716;
122,021;2,840707540512085;1730,1845703125;1710,1878662109375;1716;
122,022;2,1372673511505127;1701,41455078125;1567,486328125;1716;
122,023;2,126164197921753;1735,8050537109375;1835,5145263671875;1716;
122,024;2,176262617111206;1721,513427734375;1752,568603515625;1716;
122,025;2,1313726902008057;1721,8216552734375;1750,017578125;1716;
122,026;2,129563808441162;1731,7421875;1712,6240234375;1716;
122,027;2,1360909938812256;1702,31787109375;1567,486328125;1716;
122,028;2,12734055519104;1736,7454833984375;1838,3212890625;1716;
122,029;2,176262617111206;1722,1300048828125;1752,568603515625;1716;
122,03;2,1301963329315186;1722,1300048828125;1752,568603515625;1716;
122,031;2,11287784576416;1732,053955078125;1863,9722900390625;1716;
122,032;2,124054193496704;1702,31787109375;1629,081298828125;1716;
122,033;2,126164197921753;1734,86572265625;1818,8533935546875;1716;
122,034;2,177438974380493;1721,513427734375;1613,774658203125;1716;
122,035;2,1301963329315186;1722,746826171875;1829,9271240234375;1716;
122,036;2,840707540512085;1732,67822265625;1750,017578125;1716;
122,037;2,1192123889923096;1703,22216796875;1710,1878662109375;1716;
122,038;2,108212947845459;1724,291259765625;1794,4210205078125;1716;
122,039;2,170125722885132;1716,2911376953125;1729,8734130859375;1716;
122,04;2,143537759780884;1703,52392578125;1642,4345703125;1716;
122,041;2,7756621837615967;1740,201904296875;1799,7935791015625;1716;
122,042;2,1112277507781982;1705,941162109375;1732,3660888671875;1716;
122,043;2,109389305114746;1717,5172119140625;1797,103271484375;1716;
122,044;2,1914024353027344;1706,54638671875;1618,1185302734375;1716;
122,045;2,1484439373016357;1707,15234375;1644,681396484375;1716;
122,046;2,785085439682007;1742,40869140625;1802,4918212890625;1716;
122,047;2,1880781650543213;1707,455322265625;1734,865966796875;1716;
122,048;2,108212947845459;1718,7447509765625;1797,103271484375;1716;
122,049;2,1897130012512207;1713,539306640625;1603,01611328125;1716;
122,05;2,1423614025115967;1699,310302734375;1644,681396484375;1716;
122,051;2,1176555156707764;1738,31494140625;1802,4918212890625;1716;
122,052;2,131248950958252;1688,5703125;1605,1563720703125;1716;
122,053;2,120180368423462;1727,07763671875;1881,4742431640625;1716;
122,054;2,176262617111206;1717,5172119140625;1773,2479248046875;1716;
122,055;2,12587833404541;1721,20556640625;1810,6357421875;1716;
122,056;2,7674152851104736;1731,118896484375;1739,8873291015625;1716;
122,057;2,1029305458068848;1710,187744140625;1846,792724609375;1716;
122,058;2,116405725479126;1743,672119140625;1911,386474609375;1716;
122,059;2,1885366439819336;1725,838134765625;1646,934326171875;1716;
122,06;2,1301963329315186;1724,600341796875;1768,032470703125;1716;
122,061;2,776838541030884;1732,9903564453125;1719,974365234375;1716;
122,062;2,1029305458068848;1685,906494140625;1707,7586669921875;1716;
122,063;2,11419677734375;1734,552978515625;1832,716552734375;1716;
122,064;2,177438974380493;1721,20556640625;1750,017578125;1716;
122,065;2,1301963329315186;1721,513427734375;1752,568603515625;1716;
122,066;2,129563808441162;1731,430419921875;1712,6240234375;1716;
122,067;2,2143261432647705;1702,0166015625;1567,486328125;1716;
122,068;2,126164197921753;1736,431884765625;1835,5145263671875;1716;
122,069;2,176262617111206;1704,731689453125;1620,29931640625;1716;
122,07;2,119795560836792;1721,8216552734375;1827,14599609375;1716;
122,071;2,1903445720672607;1731,430419921875;1747,473876953125;1716;
122,072;2,0994324684143066;1702,0166015625;1707,7586669921875;1716;
122,073;2,7853472232818604;1740,516845703125;1794,4210205078125;1716;
122,074;2,176262617111206;1706,849365234375;1603,01611328125;1716;
122,075;2,1362786293029785;1705,0338134765625;1693,326904296875;1716;
122,076;2,1188318729400635;1723,3642578125;1829,9271240234375;1716;
122,077;2,0910422801971436;1698,1102294921875;1615,943603515625;1716;
122,078;2,120180368423462;1726,457763671875;1686,2020263671875;1716;
122,079;2,195849895477295;1717,21044921875;1557,3343505859375;1716;
122,08;2,124701738357544;1717,823974609375;1791,7467041015625;1716;
122,081;2,111701250076294;1730,1845703125;1890,34912109375;1716;
122,082;2,1829304695129395;1684,7252197265625;1637,959228515625;1716;
122,083;2,792447328567505;1725,218994140625;1707,7586669921875;1716;
122,084;2,1639888286590576;1716,597412109375;1690,9451904296875;1716;
122,085;2,143537759780884;1718,437744140625;1688,5703125;1716;
122,086;2,1176555156707764;1730,1845703125;1827,14599609375;1716;
122,087;2,0910422801971436;1712,01416015625;1778,494140625;1716;
122,088;2,8424060344696045;1726,457763671875;1722,4384765625;1716;
122,089;2,176262617111206;1716,904052734375;1698,1102294921875;1716;
122,09;2,1423614025115967;1721,513427734375;1686,2020263671875;1716;
122,091;2,1372673511505127;1714,150146484375;1681,4854736328125;1716;
122,092;2,1029305458068848;1712,01416015625;1710,1878662109375;1716;
122,093;2,767617702484131;1727,07763671875;1835,5145263671875;1716;
122,094;2,1897130012512207;1717,823974609375;1618,1185302734375;1716;
122,095;2,1301963329315186;1708,365234375;1778,494140625;1716;
122,096;2,1359548568725586;1742,724365234375;1878,5345458984375;1716;
122,097;2,080918550491333;1709,8837890625;1773,2479248046875;1716;
122,098;2,7758944034576416;1742,724365234375;1869,7698974609375;1716;
122,099;2,176262617111206;1724,9095458984375;1768,032470703125;1716;
122,1;2,1313726902008057;1720,8974609375;1813,3665771484375;1716;
122,101;2,130072593688965;1731,430419921875;1742,40869140625;1716;
122,102;2,0910422801971436;1710,796142578125;1843,960205078125;1716;
122,103;2,7605178356170654;1743,9884033203125;1908,3525390625;1716;
122,104;2,1885366439819336;1725,838134765625;1644,681396484375;1716;
122,105;2,7958121299743652;1724,9095458984375;1773,2479248046875;1716;
122,106;2,1372673511505127;1733,302490234375;1722,4384765625;1716;
122,107;2,079741954803467;1710,4918212890625;1852,4840087890625;1716;
122,108;2,176158905029297;1725,838134765625;1757,693115234375;1716;
122,109;2,177438974380493;1716,597412109375;1712,6240234375;1716;
122,11;2,124701738357544;1720,8974609375;1770,63623046875;1716;
122,111;2,130072593688965;1731,118896484375;1722,4384765625;1716;
122,112;2,0922188758850098;1718,130859375;1861,0867919921875;1716;
122,113;2,7841708660125732;1729,562255859375;1760,2666015625;1716;
122,114;2,234536647796631;1718,437744140625;1715,067138671875;1716;
122,115;2,143537759780884;1722,1300048828125;1635,730712890625;1716;
122,116;2,124054193496704;1732,365966796875;1797,103271484375;1716;
122,117;2,0910422801971436;1699,910888671875;1695,715087890625;1716;
122,118;2,7853472232818604;1720,8974609375;1827,14599609375;1716;
122,119;2,1663014888763428;1702,0166015625;1569,53271484375;1716;
122,12;2,1301963329315186;1722,1300048828125;1752,568603515625;1716;
122,121;2,149303913116455;1731,430419921875;1712,6240234375;1716;
122,122;2,0910422801971436;1714,4556884765625;1863,9722900390625;1716;
122,123;2,7841708660125732;1727,6982421875;1762,8475341796875;1716;
122,124;2,155272960662842;1702,0166015625;1596,6295166015625;1716;
122,125;2,124701738357544;1722,4383544921875;1770,63623046875;1716;
122,126;2,130072593688965;1732,365966796875;1722,4384765625;1716;
122,127;2,0922188758850098;1701,715576171875;1712,6240234375;1716;
122,128;2,1630351543426514;1738,629150390625;1835,5145263671875;1716;
122,129;2,160198926925659;1718,7447509765625;1690,9451904296875;1716;
122,13;2,1313726902008057;1730,495849609375;1827,14599609375;1716;
122,131;2,148127555847168;1735,8050537109375;1747,473876953125;1716;
122,132;2,0969862937927246;1714,150146484375;1843,960205078125;1716;
122,133;2,1458749771118164;1745,254150390625;1908,3525390625;1716;
122,134;2,160198926925659;1715,067138671875;1660,5828857421875;1716;
122,135;2,7510647773742676;1728,629638671875;1807,912841796875;1716;
122,136;2,131248950958252;1734,86572265625;1739,8873291015625;1716;
122,137;2,114819288253784;1710,187744140625;1698,1102294921875;1716;
122,138;2,1578519344329834;1743,356201171875;1827,14599609375;1716;
122,139;2,1613755226135254;1717,5172119140625;1676,7950439453125;1716;
122,14;2,7758944034576416;1712,6239013671875;1676,7950439453125;1716;
122,141;2,1207635402679443;1727,07763671875;1676,7950439453125;1716;
122,142;2,110051393508911;1712,928955078125;1712,6240234375;1716;
122,143;2,1578519344329834;1727,387939453125;1835,5145263671875;1716;
122,144;2,1540966033935547;1708,365234375;1611,611328125;1716;
122,145;2,768794298171997;1707,758544921875;1642,4345703125;1716;
122,146;2,1326520442962646;1742,093017578125;1799,7935791015625;1716;
122,147;2,079741954803467;1712,01416015625;1794,4210205078125;1716;
122,148;2,1835761070251465;1726,457763671875;1729,8734130859375;1716;
122,149;2,1540966033935547;1704,4295654296875;1695,715087890625;1716;
122,15;2,767617702484131;1723,3642578125;1686,2020263671875;1716;
122,151;2,104107141494751;1716,904052734375;1744,9376220703125;1716;
122,152;2,1029305458068848;1712,01416015625;1710,1878662109375;1716;
122,153;2,1578519344329834;1727,07763671875;1835,5145263671875;1716;
122,154;2,155272960662842;1725,218994140625;1742,40869140625;1716;
122,155;2,767617702484131;1716,597412109375;1707,7586669921875;1716;
122,156;2,1385960578918457;1716,904052734375;1600,881591796875;1716;
122,157;2,104107141494751;1712,01416015625;1637,959228515625;1716;
122,158;2,1578519344329834;1726,457763671875;1791,7467041015625;1716;
122,159;2,1540966033935547;1707,15234375;1755,127197265625;1716;
122,16;2,125230550765991;1707,455322265625;1715,067138671875;1716;
122,161;2,1326520442962646;1734,86572265625;1729,8734130859375;1716;
122,162;2,158731698989868;1721,8216552734375;1707,7586669921875;1716;
122,163;2,1528913974761963;1732,053955078125;1832,716552734375;1716;
122,164;2,1540966033935547;1707,455322265625;1737,3729248046875;1716;
122,165;2,7692432403564453;1708,061767578125;1702,9207763671875;1716;
122,166;2,1338284015655518;1730,495849609375;1732,3660888671875;1716;
122,167;2,748115062713623;1719,3592529296875;1707,7586669921875;1716;
122,168;2,209808111190796;1741,4622802734375;1797,103271484375;1716;
122,169;2,1735801696777344;1706,2437744140625;1600,881591796875;1716;
122,17;2,1180360317230225;1707,15234375;1635,730712890625;1716;
122,171;2,1326520442962646;1732,365966796875;1752,568603515625;1716;
122,172;2,74929141998291;1702,920654296875;1717,517333984375;1716;
122,173;2,154526472091675;1741,4622802734375;1791,7467041015625;1716;
122,174;2,2289159297943115;1706,54638671875;1600,881591796875;1716;
122,175;2,113193988800049;1724,291259765625;1773,2479248046875;1716;
122,176;2,144540309906006;1731,430419921875;1683,8404541015625;1716;
122,177;2,13954496383667;1702,31787109375;1681,4854736328125;1716;
122,178;2,155702829360962;1725,218994140625;1802,4918212890625;1716;
122,179;2,2289159297943115;1699,310302734375;1605,1563720703125;1716;
122,18;2,1120176315307617;1703,82568359375;1637,959228515625;1716;
122,181;2,1338284015655518;1714,76123046875;1618,1185302734375;1716;
122,182;2,748115062713623;1694,2216796875;1646,934326171875;1716;
122,183;2,1484439373016357;1741,4622802734375;1832,716552734375;1716;
122,184;2,2428998947143555;1706,849365234375;1615,943603515625;1716;
122,185;2,130072593688965;1707,15234375;1642,4345703125;1716;
122,186;2,1326520442962646;1718,130859375;1615,943603515625;1716;
122,187;2,74929141998291;1695,715087890625;1646,934326171875;1716;
122,188;2,1484439373016357;1741,4622802734375;1832,716552734375;1716;
122,189;2,209956645965576;1706,849365234375;1750,017578125;1716;
122,19;2,125230550765991;1707,15234375;1712,6240234375;1716;
122,191;2,1326520442962646;1715,9849853515625;1600,881591796875;1716;
122,192;2,723992347717285;1712,01416015625;1775,8671875;1716;
122,193;2,155702829360962;1728,629638671875;1727,3880615234375;1716;
122,194;2,7589361667633057;1700,812744140625;1698,1102294921875;1716;
122,195;2,124054193496704;1721,20556640625;1686,2020263671875;1716;
122,196;2,1219398975372314;1716,597412109375;1611,611328125;1716;
122,197;2,739877939224243;1712,01416015625;1781,1290283203125;1716;
122,198;2,154526472091675;1731,7421875;1724,90966796875;1716;
122,199;2,760112762451172;1702,31787109375;1698,1102294921875;1716;
122,2;2,124054193496704;1722,1300048828125;1683,8404541015625;1716;
122,201;2,1207635402679443;1717,21044921875;1613,774658203125;1716;
122,202;2,7410545349121094;1712,6239013671875;1783,7716064453125;1716;
122,203;2,154526472091675;1740,831787109375;1797,103271484375;1716;
122,204;2,2162764072418213;1690,0537109375;1605,1563720703125;1716;
122,205;2,125230550765991;1715,9849853515625;1637,959228515625;1716;
122,206;2,1874842643737793;1716,904052734375;1635,730712890625;1716;
122,207;2,1400294303894043;1712,6239013671875;1797,103271484375;1716;
122,208;2,155702829360962;1746,839111328125;1794,4210205078125;1716;
122,209;2,2162764072418213;1692,730712890625;1603,01611328125;1716;
122,21;2,1065874099731445;1717,21044921875;1773,2479248046875;1716;
122,211;2,251274585723877;1712,319091796875;1605,1563720703125;1716;
122,212;2,1400294303894043;1710,187744140625;1778,494140625;1716;
122,213;2,172774314880371;1728,9404296875;1662,8797607421875;1716;
122,214;2,7683298587799072;1700,812744140625;1667,4925537109375;1716;
122,215;2,1120176315307617;1721,20556640625;1813,3665771484375;1716;
122,216;2,7896010875701904;1713,8447265625;1719,974365234375;1716;
122,217;2,759232997894287;1694,2216796875;1700,51220703125;1716;
122,218;2,166691541671753;1723,673095703125;1715,067138671875;1716;
122,219;2,76715350151062;1698,7100830078125;1569,53271484375;1716;
122,22;2,103405714035034;1720,589599609375;1838,3212890625;1716;
122,221;2,7896010875701904;1722,4383544921875;1752,568603515625;1716;
122,222;2,145577907562256;1697,810546875;1712,6240234375;1716;
122,223;2,167868137359619;1731,7421875;1712,6240234375;1716;
122,224;2,7728257179260254;1702,0166015625;1567,486328125;1716;
122,225;2,126164197921753;1736,7454833984375;1838,3212890625;1716;
122,226;2,1845545768737793;1722,1300048828125;1752,568603515625;1716;
122,227;2,145577907562256;1697,810546875;1715,067138671875;1716;
122,228;2,1484439373016357;1732,053955078125;1863,9722900390625;1716;
122,229;2,131112813949585;1702,619140625;1629,081298828125;1716;
122,23;2,126164197921753;1734,552978515625;1816,1058349609375;1716;
122,231;2,183378219604492;1721,20556640625;1611,611328125;1716;
122,232;2,146754503250122;1714,150146484375;1781,1290283203125;1716;
122,233;2,160609245300293;1731,7421875;1824,3734130859375;1716;
122,234;2,130072593688965;1702,619140625;1613,774658203125;1716;
122,235;2,12734055519104;1722,746826171875;1679,136962890625;1716;
122,236;2,8464195728302;1726,457763671875;1676,7950439453125;1716;
122,237;2,145577907562256;1700,21142578125;1679,136962890625;1716;
122,238;2,149620294570923;1731,7421875;1884,42333984375;1716;
122,239;2,1421093940734863;1702,0166015625;1635,730712890625;1716;
122,24;2,108212947845459;1721,20556640625;1816,1058349609375;1716;
122,241;2,782510995864868;1732,053955078125;1742,40869140625;1716;
122,242;2,145577907562256;1702,619140625;1710,1878662109375;1716;
122,243;2,154526472091675;1739,572509765625;1794,4210205078125;1716;
122,244;2,7645695209503174;1705,941162109375;1729,8734130859375;1716;
122,245;2,108212947845459;1717,21044921875;1797,103271484375;1716;
122,246;2,8548543453216553;1729,562255859375;1734,865966796875;1716;
122,247;2,1374552249908447;1707,15234375;1781,1290283203125;1716;
122,248;2,1690444946289062;1741,777587890625;1727,3880615234375;1716;
122,249;2,779916524887085;1707,15234375;1698,1102294921875;1716;
122,25;2,109389305114746;1737,05908203125;1807,912841796875;1716;
122,251;2,8548543453216553;1705,336181640625;1609,4539794921875;1716;
122,252;2,133892297744751;1706,849365234375;1781,1290283203125;1716;
122,253;2,155702829360962;1729,562255859375;1724,90966796875;1716;
122,254;2,130072593688965;1701,715576171875;1698,1102294921875;1716;
122,255;2,126164197921753;1727,07763671875;1824,3734130859375;1716;
122,256;2,7907776832580566;1717,5172119140625;1615,943603515625;1716;
122,257;2,145577907562256;1695,715087890625;1646,934326171875;1716;
122,258;2,1484439373016357;1723,0556640625;1724,90966796875;1716;
122,259;2,125230550765991;1698,1102294921875;1698,1102294921875;1716;
122,26;2,120180368423462;1743,040283203125;1832,716552734375;1716;
122,261;2,7896010875701904;1725,218994140625;1750,017578125;1716;
122,262;2,165165424346924;1699,010009765625;1586,09765625;1716;
122,263;2,1484439373016357;1726,7677001953125;1742,40869140625;1716;
122,264;2,124054193496704;1716,597412109375;1705,3363037109375;1716;
122,265;2,115373134613037;1734,240234375;1752,568603515625;1716;
122,266;2,781334400177002;1720,8974609375;1712,6240234375;1716;
122,267;2,145577907562256;1697,211181640625;1695,715087890625;1716;
122,268;2,167868137359619;1722,746826171875;1717,517333984375;1716;
122,269;2,779916524887085;1697,810546875;1569,53271484375;1716;
122,27;2,120180368423462;1736,431884765625;1835,5145263671875;1716;
122,271;2,7907776832580566;1721,8216552734375;1752,568603515625;1716;
122,272;2,145577907562256;1697,211181640625;1712,6240234375;1716;
122,273;2,166691541671753;1731,430419921875;1712,6240234375;1716;
122,274;2,1372673511505127;1702,0166015625;1567,486328125;1716;
122,275;2,126164197921753;1736,431884765625;1835,5145263671875;1716;
122,276;2,7896010875701904;1721,8216552734375;1752,568603515625;1716;
122,277;2,146754503250122;1697,211181640625;1712,6240234375;1716;
122,278;2,840707540512085;1731,430419921875;1712,6240234375;1716;
122,279;2,1360909938812256;1702,0166015625;1567,486328125;1716;
122,28;2,12734055519104;1736,7454833984375;1838,3212890625;1716;
122,281;2,808100938796997;1722,1300048828125;1752,568603515625;1716;
122,282;2,1301963329315186;1722,1300048828125;1752,568603515625;1716;
122,283;2,167868137359619;1731,7421875;1712,6240234375;1716;
122,284;2,1360909938812256;1702,0166015625;1567,486328125;1716;
122,285;2,126164197921753;1736,7454833984375;1838,3212890625;1716;
122,286;2,809277296066284;1705,0338134765625;1620,29931640625;1716;
122,287;2,1301963329315186;1722,1300048828125;1827,14599609375;1716;
122,288;2,223223924636841;1731,7421875;1747,473876953125;1716;
122,289;2,113193988800049;1702,0166015625;1707,7586669921875;1716;
122,29;2,126164197921753;1731,430419921875;1719,974365234375;1716;
122,291;2,176262617111206;1719,3592529296875;1698,1102294921875;1716;
122,292;2,143537759780884;1721,8216552734375;1781,1290283203125;1716;
122,293;2,1423614025115967;1731,7421875;1881,4742431640625;1716;
122,294;2,1360909938812256;1702,619140625;1635,730712890625;1716;
122,295;2,109389305114746;1721,20556640625;1816,1058349609375;1716;
122,296;2,170125722885132;1732,365966796875;1742,40869140625;1716;
122,297;2,1301963329315186;1720,281982421875;1773,2479248046875;1716;
122,298;2,776838541030884;1748,4268798828125;1872,682373046875;1716;
122,299;2,124054193496704;1710,187744140625;1765,4361572265625;1716;
122,3;2,11419677734375;1717,5172119140625;1781,1290283203125;1716;
122,301;2,171302318572998;1729,873291015625;1727,3880615234375;1716;
122,302;2,1484439373016357;1718,7447509765625;1702,9207763671875;1716;
122,303;2,7839090824127197;1739,88720703125;1799,7935791015625;1716;
122,304;2,131248950958252;1706,2437744140625;1732,3660888671875;1716;
122,305;2,108212947845459;1718,437744140625;1799,7935791015625;1716;
122,306;2,1885366439819336;1713,2340087890625;1605,1563720703125;1716;
122,307;2,143537759780884;1715,9849853515625;1778,494140625;1716;
122,308;2,7756621837615967;1728,629638671875;1724,90966796875;1716;
122,309;2,130072593688965;1700,511962890625;1698,1102294921875;1716;
122,31;2,12734055519104;1725,838134765625;1821,609130859375;1716;
122,311;2,176262617111206;1716,597412109375;1611,611328125;1716;
122,312;2,1423614025115967;1704,731689453125;1642,4345703125;1716;
122,313;2,776838541030884;1740,831787109375;1799,7935791015625;1716;
122,314;2,130072593688965;1689,4599609375;1603,01611328125;1716;
122,315;2,120180368423462;1726,457763671875;1881,4742431640625;1716;
122,316;2,177438974380493;1716,904052734375;1773,2479248046875;1716;
122,317;2,1423614025115967;1720,8974609375;1667,4925537109375;1716;
122,318;2,7756621837615967;1731,430419921875;1672,130859375;1716;
122,319;2,131248950958252;1702,31787109375;1551,305908203125;1716;
122,32;2,108212947845459;1718,437744140625;1838,3212890625;1716;
122,321;2,170125722885132;1713,2340087890625;1752,568603515625;1716;
122,322;2,12587833404541;1719,974365234375;1747,473876953125;1716;
122,323;2,840707540512085;1730,495849609375;1710,1878662109375;1716;
122,324;2,1360909938812256;1701,41455078125;1567,486328125;1716;
122,325;2,12734055519104;1735,8050537109375;1835,5145263671875;1716;
122,326;2,176262617111206;1721,513427734375;1752,568603515625;1716;
122,327;2,1301963329315186;1721,8216552734375;1750,017578125;1716;
122,328;2,841884136199951;1731,7421875;1712,6240234375;1716;
122,329;2,1180360317230225;1702,31787109375;1690,9451904296875;1716;
122,33;2,126164197921753;1732,365966796875;1799,7935791015625;1716;
122,331;2,177438974380493;1719,974365234375;1734,865966796875;1716;
122,332;2,1423614025115967;1722,1300048828125;1757,693115234375;1716;
122,333;2,7756621837615967;1732,053955078125;1866,8665771484375;1716;
122,334;2,131248950958252;1702,0166015625;1629,081298828125;1716;
122,335;2,126164197921753;1717,21044921875;1674,459716796875;1716;
122,336;2,176262617111206;1729,2513427734375;1672,130859375;1716;
122,337;2,1313726902008057;1704,4295654296875;1653,7305908203125;1716;
122,338;2,7756621837615967;1723,3642578125;1807,912841796875;1716;
122,339;2,1207635402679443;1698,1102294921875;1607,30224609375;1716;
122,34;2,109389305114746;1722,1300048828125;1835,5145263671875;1716;
122,341;2,1885366439819336;1715,067138671875;1618,1185302734375;1716;
122,342;2,124701738357544;1707,15234375;1700,51220703125;1716;
122,343;2,76859188079834;1742,40869140625;1835,5145263671875;1716;
122,344;2,1029305458068848;1707,455322265625;1750,017578125;1716;
122,345;2,108212947845459;1725,838134765625;1794,4210205078125;1716;
122,346;2,171302318572998;1716,904052734375;1732,3660888671875;1716;
122,347;2,1423614025115967;1703,22216796875;1676,7950439453125;1716;
122,348;2,1176555156707764;1740,201904296875;1821,609130859375;1716;
122,349;2,131248950958252;1706,2437744140625;1611,611328125;1716;
122,35;2,108212947845459;1726,457763671875;1875,6038818359375;1716;
122,351;2,1885366439819336;1716,904052734375;1633,50830078125;1716;
122,352;2,143537759780884;1715,372802734375;1635,730712890625;1716;
122,353;2,7756621837615967;1728,319091796875;1656,0084228515625;1716;
122,354;2,130072593688965;1700,21142578125;1662,8797607421875;1716;
122,355;2,12734055519104;1717,5172119140625;1765,4361572265625;1716;
122,356;2,176262617111206;1712,6239013671875;1719,974365234375;1716;
122,357;2,124701738357544;1705,0338134765625;1757,693115234375;1716;
122,358;2,130740165710449;1723,3642578125;1715,067138671875;1716;
122,359;2,1360909938812256;1698,7100830078125;1569,53271484375;1716;
122,36;2,126164197921753;1737,05908203125;1838,3212890625;1716;
122,361;2,177438974380493;1722,4383544921875;1752,568603515625;1716;
122,362;2,1301963329315186;1722,1300048828125;1752,568603515625;1716;
122,363;2,7674152851104736;1732,053955078125;1863,9722900390625;1716;
122,364;2,125230550765991;1702,31787109375;1629,081298828125;1716;
122,365;2,126164197921753;1717,21044921875;1674,459716796875;1716;
122,366;2,176262617111206;1729,873291015625;1672,130859375;1716;
122,367;2,1313726902008057;1722,4383544921875;1791,7467041015625;1716;
122,368;2,7756621837615967;1732,67822265625;1887,381591796875;1716;
122,369;2,1149587631225586;1702,31787109375;1635,730712890625;1716;
122,37;2,109389305114746;1722,1300048828125;1816,1058349609375;1716;
122,371;2,170125722885132;1715,067138671875;1609,4539794921875;1716;
122,372;2,124701738357544;1703,52392578125;1705,3363037109375;1716;
122,373;2,76859188079834;1740,201904296875;1838,3212890625;1716;
122,374;2,1054062843322754;1705,941162109375;1750,017578125;1716;
122,375;2,1105659008026123;1725,5284423828125;1791,7467041015625;1716;
122,376;2,1897130012512207;1716,597412109375;1600,881591796875;1716;
122,377;2,1423614025115967;1715,9849853515625;1781,1290283203125;1716;
122,378;2,7756621837615967;1728,9404296875;1727,3880615234375;1716;
122,379;2,1006088256835938;1700,812744140625;1698,1102294921875;1716;
122,38;2,126164197921753;1726,457763671875;1821,609130859375;1716;
122,381;2,176262617111206;1716,904052734375;1611,611328125;1716;
122,382;2,143537759780884;1704,731689453125;1642,4345703125;1716;
122,383;2,1176555156707764;1740,831787109375;1799,7935791015625;1716;
122,384;2,108874797821045;1712,319091796875;1794,4210205078125;1716;
122,385;2,121356964111328;1726,457763671875;1881,4742431640625;1716;
122,386;2,176262617111206;1716,904052734375;1773,2479248046875;1716;
122,387;2,124701738357544;1720,8974609375;1810,6357421875;1716;
122,388;2,76859188079834;1731,118896484375;1739,8873291015625;1716;
122,389;2,1029305458068848;1710,187744140625;1846,792724609375;1716;
122,39;2,1222457885742188;1726,14794921875;1755,127197265625;1716;
122,391;2,171302318572998;1717,21044921875;1712,6240234375;1716;
122,392;2,124701738357544;1720,281982421875;1770,63623046875;1716;
122,393;2,111701250076294;1730,80712890625;1722,4384765625;1716;
122,394;2,232109308242798;1701,41455078125;1571,5843505859375;1716;
122,395;2,126164197921753;1738,629150390625;1835,5145263671875;1716;
122,396;2,176262617111206;1723,3642578125;1752,568603515625;1716;
122,397;2,1313726902008057;1722,4383544921875;1752,568603515625;1716;
122,398;2,8651540279388428;1732,053955078125;1712,6240234375;1716;
122,399;2,0994324684143066;1702,31787109375;1567,486328125;1716;
122,4;2,12734055519104;1736,431884765625;1835,5145263671875;1716;
122,401;2,176262617111206;1721,8216552734375;1752,568603515625;1716;
122,402;2,1301963329315186;1721,8216552734375;1752,568603515625;1716;
122,403;2,1464481353759766;1731,430419921875;1712,6240234375;1716;
122,404;2,0910422801971436;1705,638671875;1783,7716064453125;1716;
122,405;2,8394649028778076;1723,3642578125;1724,90966796875;1716;
122,406;2,177438974380493;1715,372802734375;1698,1102294921875;1716;
122,407;2,1423614025115967;1722,1300048828125;1781,1290283203125;1716;
122,408;2,1360909938812256;1732,053955078125;1727,3880615234375;1716;
122,409;2,0922188758850098;1712,319091796875;1781,1290283203125;1716;
122,41;2,7841708660125732;1727,07763671875;1724,90966796875;1716;
122,411;2,176262617111206;1717,5172119140625;1698,1102294921875;1716;
122,412;2,143537759780884;1722,4383544921875;1781,1290283203125;1716;
122,413;2,124054193496704;1732,67822265625;1881,4742431640625;1716;
122,414;2,0910422801971436;1699,610595703125;1674,459716796875;1716;
122,415;2,1897377967834473;1720,589599609375;1672,130859375;1716;
122,416;2,176262617111206;1731,430419921875;1672,130859375;1716;
122,417;2,1301963329315186;1705,0338134765625;1656,0084228515625;1716;
122,418;2,1372673511505127;1723,673095703125;1807,912841796875;1716;
122,419;2,0910422801971436;1702,920654296875;1710,1878662109375;1716;
122,42;2,7841708660125732;1722,4383544921875;1690,9451904296875;1716;
122,421;2,1735801696777344;1732,67822265625;1681,4854736328125;1716;
122,422;2,1362786293029785;1709,8837890625;1653,7305908203125;1716;
122,423;2,1360909938812256;1726,457763671875;1807,912841796875;1716;
122,424;2,0922188758850098;1694,8187255859375;1642,4345703125;1716;
122,425;2,8141818046569824;1718,130859375;1794,4210205078125;1716;
122,426;2,1577630043029785;1730,1845703125;1729,8734130859375;1716;
122,427;2,149620294570923;1706,2437744140625;1642,4345703125;1716;
122,428;2,1421093940734863;1741,4622802734375;1799,7935791015625;1716;
122,429;2,0969862937927246;1696,0140380859375;1646,934326171875;1716;
122,43;2,7605178356170654;1718,437744140625;1797,103271484375;1716;
122,431;2,246152877807617;1707,15234375;1750,017578125;1716;
122,432;2,1423614025115967;1707,455322265625;1712,6240234375;1716;
122,433;2,1372673511505127;1742,093017578125;1841,1363525390625;1716;
122,434;2,079741954803467;1712,01416015625;1775,8671875;1716;
122,435;2,7758944034576416;1727,07763671875;1722,4384765625;1716;
122,436;2,155272960662842;1700,511962890625;1695,715087890625;1716;
122,437;2,1423614025115967;1721,513427734375;1686,2020263671875;1716;
122,438;2,1360909938812256;1731,7421875;1827,14599609375;1716;
122,439;2,0922188758850098;1711,70947265625;1781,1290283203125;1716;
122,44;2,1630351543426514;1726,457763671875;1724,90966796875;1716;
122,441;2,145617723464966;1716,904052734375;1700,51220703125;1716;
122,442;2,143537759780884;1722,1300048828125;1686,2020263671875;1716;
122,443;2,1360909938812256;1732,67822265625;1827,14599609375;1716;
122,444;2,0910422801971436;1712,928955078125;1783,7716064453125;1716;
122,445;2,224243402481079;1727,387939453125;1724,90966796875;1716;
122,446;2,1540966033935547;1702,0166015625;1695,715087890625;1716;
122,447;2,1423614025115967;1722,4383544921875;1686,2020263671875;1716;
122,448;2,1372673511505127;1732,67822265625;1827,14599609375;1716;
122,449;2,0910422801971436;1712,928955078125;1783,7716064453125;1716;
122,45;2,759341239929199;1727,387939453125;1875,6038818359375;1716;
122,451;2,155272960662842;1717,5172119140625;1633,50830078125;1716;
122,452;2,767617702484131;1732,9903564453125;1773,2479248046875;1716;
122,453;2,138443946838379;1737,05908203125;1722,4384765625;1716;
122,454;2,098162889480591;1711,70947265625;1688,5703125;1716;
122,455;2,7841708660125732;1726,457763671875;1821,609130859375;1716;
122,456;2,1540966033935547;1711,1004638671875;1676,7950439453125;1716;
122,457;2,2055001258850098;1709,579833984375;1676,7950439453125;1716;
122,458;2,1326520442962646;1743,672119140625;1821,609130859375;1716;
122,459;2,1029305458068848;1712,6239013671875;1783,7716064453125;1716;
122,46;2,1590282917022705;1727,07763671875;1875,6038818359375;1716;
122,461;2,1540966033935547;1689,7568359375;1603,01611328125;1716;
122,462;2,767617702484131;1732,9903564453125;1773,2479248046875;1716;
122,463;2,1278841495513916;1716,904052734375;1702,9207763671875;1716;
122,464;2,0969862937927246;1712,01416015625;1690,9451904296875;1716;
122,465;2,170125722885132;1726,457763671875;1824,3734130859375;1716;
122,466;2,155272960662842;1710,796142578125;1674,459716796875;1716;
122,467;2,767617702484131;1709,2760009765625;1674,459716796875;1716;
122,468;2,1326520442962646;1743,040283203125;1615,943603515625;1716;
122,469;2,116405725479126;1711,70947265625;1783,7716064453125;1716;
122,47;2,170125722885132;1726,457763671875;1724,90966796875;1716;
122,471;2,1540966033935547;1702,619140625;1698,1102294921875;1716;
122,472;2,768794298171997;1722,4383544921875;1686,2020263671875;1716;
122,473;2,1057472229003906;1714,76123046875;1681,4854736328125;1716;
122,474;2,1029305458068848;1712,319091796875;1710,1878662109375;1716;
122,475;2,143537759780884;1727,07763671875;1821,609130859375;1716;
122,476;2,1540966033935547;1708,061767578125;1611,611328125;1716;
122,477;2,767617702484131;1725,218994140625;1778,494140625;1716;
122,478;2,1278841495513916;1717,21044921875;1700,51220703125;1716;
122,479;2,0910422801971436;1712,319091796875;1688,5703125;1716;
122,48;2,170125722885132;1726,7677001953125;1821,609130859375;1716;
122,481;2,155272960662842;1711,1004638671875;1676,7950439453125;1716;
122,482;2,767617702484131;1709,579833984375;1676,7950439453125;1716;
122,483;2,1326520442962646;1717,5172119140625;1615,943603515625;1716;
122,484;2,104107141494751;1712,6239013671875;1783,7716064453125;1716;
122,485;2,170125722885132;1727,07763671875;1724,90966796875;1716;
122,486;2,1540966033935547;1702,31787109375;1695,715087890625;1716;
122,487;2,7929835319519043;1722,4383544921875;1683,8404541015625;1716;
122,488;2,1207635402679443;1717,21044921875;1611,611328125;1716;
122,489;2,739877939224243;1712,319091796875;1781,1290283203125;1716;
122,49;2,171302318572998;1726,7677001953125;1724,90966796875;1716;
122,491;2,1540966033935547;1702,619140625;1698,1102294921875;1716;
122,492;2,7859249114990234;1722,746826171875;1683,8404541015625;1716;
122,493;2,1278841495513916;1717,5172119140625;1611,611328125;1716;
122,494;2,1525700092315674;1712,319091796875;1781,1290283203125;1716;
122,495;2,168360948562622;1726,7677001953125;1724,90966796875;1716;
122,496;2,155272960662842;1702,31787109375;1695,715087890625;1716;
122,497;2,109971761703491;1722,746826171875;1683,8404541015625;1716;
122,498;2,1029305458068848;1717,823974609375;1747,473876953125;1716;
122,499;2,757528305053711;1712,6239013671875;1712,6240234375;1716;
122,5;2,154526472091675;1726,457763671875;1816,1058349609375;1716;
122,501;2,1540966033935547;1724,600341796875;1742,40869140625;1716;
122,502;2,125230550765991;1715,9849853515625;1707,7586669921875;1716;
122,503;2,1385960578918457;1716,597412109375;1603,01611328125;1716;
122,504;2,732229232788086;1712,319091796875;1778,494140625;1716;
122,505;2,155702829360962;1726,7677001953125;1722,4384765625;1716;
122,506;2,1540966033935547;1701,113525390625;1698,1102294921875;1716;
122,507;2,124054193496704;1721,513427734375;1683,8404541015625;1716;
122,508;2,1219398975372314;1716,2911376953125;1611,611328125;1716;
122,509;2,7645888328552246;1711,405029296875;1644,681396484375;1716;
122,51;2,154526472091675;1744,3046875;1835,5145263671875;1716;
122,511;2,760112762451172;1708,365234375;1752,568603515625;1716;
122,512;2,124054193496704;1708,061767578125;1712,6240234375;1716;
122,513;2,1326520442962646;1716,597412109375;1600,881591796875;1716;
122,514;2,7675342559814453;1712,319091796875;1640,19384765625;1716;
122,515;2,154526472091675;1741,777587890625;1838,3212890625;1716;
122,516;2,7589361667633057;1707,15234375;1752,568603515625;1716;
122,517;2,125230550765991;1707,455322265625;1710,1878662109375;1716;
122,518;2,1326520442962646;1716,904052734375;1600,881591796875;1716;
122,519;2,151715040206909;1712,319091796875;1637,959228515625;1716;
122,52;2,155702829360962;1741,777587890625;1838,3212890625;1716;
122,521;2,2162764072418213;1690,0537109375;1620,29931640625;1716;
122,522;2,124054193496704;1715,6788330078125;1781,1290283203125;1716;
122,523;2,1219398975372314;1717,21044921875;1698,1102294921875;1716;
122,524;2,145577907562256;1712,6239013671875;1688,5703125;1716;
122,525;2,154526472091675;1731,118896484375;1821,609130859375;1716;
122,526;2,2174527645111084;1701,41455078125;1613,774658203125;1716;
122,527;2,124054193496704;1721,20556640625;1778,494140625;1716;
122,528;2,1207635402679443;1716,597412109375;1700,51220703125;1716;
122,529;2,146754503250122;1712,6239013671875;1690,9451904296875;1716;
122,53;2,154526472091675;1714,76123046875;1679,136962890625;1716;
122,531;2,7589361667633057;1711,1004638671875;1674,459716796875;1716;
122,532;2,115373134613037;1726,457763671875;1835,5145263671875;1716;
122,533;2,1957013607025146;1716,904052734375;1620,29931640625;1716;
122,534;2,151715040206909;1712,01416015625;1786,4219970703125;1716;
122,535;2,155702829360962;1742,093017578125;1797,103271484375;1716;
122,536;2,2162764072418213;1690,64794921875;1603,01611328125;1716;
122,537;2,11419677734375;1727,07763671875;1884,42333984375;1716;
122,538;2,2030394077301025;1717,5172119140625;1637,959228515625;1716;
122,539;2,1400294303894043;1712,6239013671875;1797,103271484375;1716;
122,54;2,154526472091675;1729,562255859375;1656,0084228515625;1716;
122,541;2,760112762451172;1701,113525390625;1662,8797607421875;1716;
122,542;2,126164197921753;1721,513427734375;1841,1363525390625;1716;
122,543;2,2374958992004395;1716,904052734375;1755,127197265625;1716;
122,544;2,165165424346924;1695,117431640625;1588,1929931640625;1716;
122,545;2,1484439373016357;1727,6982421875;1742,40869140625;1716;
122,546;2,7633931636810303;1700,511962890625;1579,8450927734375;1716;
122,547;2,109389305114746;1704,127685546875;1757,693115234375;1716;
122,548;2,1772165298461914;1720,589599609375;1747,473876953125;1716;
122,549;2,1578519344329834;1696,6124267578125;1584,0079345703125;1716;
122,55;2,167868137359619;1734,552978515625;1747,473876953125;1716;
122,551;2,779916524887085;1703,52392578125;1581,923828125;1716;
122,552;2,108212947845459;1736,431884765625;1827,14599609375;1716;
122,553;2,782510995864868;1721,8216552734375;1747,473876953125;1716;
122,554;2,145577907562256;1697,211181640625;1710,1878662109375;1716;
122,555;2,166691541671753;1730,495849609375;1712,6240234375;1716;
122,556;2,781092882156372;1701,41455078125;1567,486328125;1716;
122,557;2,126164197921753;1736,431884765625;1835,5145263671875;1716;
122,558;2,183378219604492;1721,8216552734375;1752,568603515625;1716;
122,559;2,146754503250122;1697,211181640625;1712,6240234375;1716;
122,56;2,166691541671753;1731,430419921875;1712,6240234375;1716;
122,561;2,779916524887085;1702,0166015625;1567,486328125;1716;
122,562;2,12734055519104;1736,7454833984375;1838,3212890625;1716;
122,563;2,7896010875701904;1722,1300048828125;1752,568603515625;1716;
122,564;2,145577907562256;1697,810546875;1715,067138671875;1716;
122,565;2,167868137359619;1732,053955078125;1712,6240234375;1716;
122,566;2,779916524887085;1702,31787109375;1567,486328125;1716;
122,567;2,126164197921753;1719,052001953125;1690,9451904296875;1716;
122,568;2,7907776832580566;1713,2340087890625;1683,8404541015625;1716;
122,569;2,145577907562256;1693,0286865234375;1679,136962890625;1716;
122,57;2,166691541671753;1731,430419921875;1729,8734130859375;1716;
122,571;2,781092882156372;1702,0166015625;1700,51220703125;1716;
122,572;2,126164197921753;1736,431884765625;1797,103271484375;1716;
122,573;2,183378219604492;1705,0338134765625;1605,1563720703125;1716;
122,574;2,146754503250122;1706,849365234375;1642,4345703125;1716;
122,575;2,154526472091675;1715,372802734375;1752,568603515625;1716;
122,576;2,130072593688965;1694,52001953125;1584,0079345703125;1716;
122,577;2,121356964111328;1726,14794921875;1702,9207763671875;1716;
122,578;2,7896010875701904;1716,597412109375;1565,4454345703125;1716;
122,579;2,166341781616211;1694,8187255859375;1620,29931640625;1716;
122,58;2,149620294570923;1726,457763671875;1841,1363525390625;1716;
122,581;2,1421093940734863;1699,610595703125;1620,29931640625;1716;
122,582;2,108212947845459;1729,562255859375;1829,9271240234375;1716;
122,583;2,8475961685180664;1718,7447509765625;1618,1185302734375;1716;
122,584;2,133892297744751;1696,313232421875;1786,4219970703125;1716;
122,585;2,1484439373016357;1728,629638671875;1724,90966796875;1716;
122,586;2,125230550765991;1701,113525390625;1698,1102294921875;1716;
122,587;2,126164197921753;1726,14794921875;1824,3734130859375;1716;
122,588;2,764801263809204;1717,5172119140625;1747,473876953125;1716;
122,589;2,1590282917022705;1712,6239013671875;1712,6240234375;1716;
122,59;2,7756621837615967;1742,724365234375;1816,1058349609375;1716;
122,591;2,7716546058654785;1707,455322265625;1609,4539794921875;1716;
122,592;2,109389305114746;1726,457763671875;1878,5345458984375;1716;
122,593;2,8734824657440186;1717,21044921875;1635,730712890625;1716;
122,594;2,118619203567505;1695,416259765625;1656,0084228515625;1716;
122,595;2,1637520790100098;1728,9404296875;1722,4384765625;1716;
122,596;2,7633931636810303;1684,13525390625;1571,5843505859375;1716;
122,597;2,11419677734375;1734,240234375;1832,716552734375;1716;
122,598;2,1897130012512207;1720,589599609375;1618,1185302734375;1716;
122,599;2,1578519344329834;1696,6124267578125;1646,934326171875;1716;
122,6;2,840707540512085;1732,9903564453125;1729,8734130859375;1716;
122,601;2,1372673511505127;1686,201904296875;1575,7039794921875;1716;
122,602;2,11419677734375;1737,05908203125;1832,716552734375;1716;
122,603;2,7896010875701904;1722,4383544921875;1750,017578125;1716;
122,604;2,146754503250122;1698,409912109375;1715,067138671875;1716;
122,605;2,166691541671753;1731,7421875;1712,6240234375;1716;
122,606;2,1360909938812256;1702,31787109375;1567,486328125;1716;
122,607;2,12734055519104;1719,052001953125;1690,9451904296875;1716;
122,608;2,7896010875701904;1713,2340087890625;1683,8404541015625;1716;
122,609;2,145577907562256;1693,3267822265625;1681,4854736328125;1716;
122,61;2,149620294570923;1731,7421875;1881,4742431640625;1716;
122,611;2,1421093940734863;1702,619140625;1635,730712890625;1716;
122,612;2,126164197921753;1721,8216552734375;1674,459716796875;1716;
122,613;2,930866241455078;1732,365966796875;1674,459716796875;1716;
122,614;2,127399444580078;1702,619140625;1674,459716796875;1716;
122,615;2,154526472091675;1723,0556640625;1805,1982421875;1716;
122,616;2,125230550765991;1697,810546875;1734,865966796875;1716;
122,617;2,102229118347168;1717,21044921875;1794,4210205078125;1716;
122,618;2,8649837970733643;1712,319091796875;1603,01611328125;1716;
122,619;2,210169553756714;1709,8837890625;1640,19384765625;1716;
122,62;2,7756621837615967;1741,777587890625;1838,3212890625;1716;
122,621;2,130072593688965;1690,350830078125;1618,1185302734375;1716;
122,622;2,121356964111328;1726,457763671875;1719,974365234375;1716;
122,623;2,7896010875701904;1717,21044921875;1698,1102294921875;1716;
122,624;2,13954496383667;1712,319091796875;1686,2020263671875;1716;
122,625;2,776838541030884;1714,76123046875;1681,4854736328125;1716;
122,626;2,130072593688965;1711,1004638671875;1676,7950439453125;1716;
122,627;2,11419677734375;1718,7447509765625;1760,2666015625;1716;
122,628;2,782510995864868;1713,539306640625;1717,517333984375;1716;
122,629;2,1301963329315186;1693,923095703125;1760,2666015625;1716;
122,63;2,166691541671753;1723,0556640625;1717,517333984375;1716;
122,631;2,1372673511505127;1698,1102294921875;1569,53271484375;1716;
122,632;2,120180368423462;1736,431884765625;1835,5145263671875;1716;
122,633;2,813983201980591;1721,8216552734375;1752,568603515625;1716;
122,634;2,129607915878296;1721,513427734375;1750,017578125;1716;
122,635;2,277759075164795;1731,7421875;1712,6240234375;1716;
122,636;2,1360909938812256;1702,31787109375;1567,486328125;1716;
122,637;2,12734055519104;1736,7454833984375;1838,3212890625;1716;
122,638;2,808100938796997;1705,0338134765625;1620,29931640625;1716;
122,639;2,217853546142578;1689,163330078125;1646,934326171875;1716;
122,64;2,224400281906128;1731,7421875;1747,473876953125;1716;
122,641;2,1120176315307617;1702,0166015625;1707,7586669921875;1716;
122,642;2,126164197921753;1740,516845703125;1794,4210205078125;1716;
122,643;2,809277296066284;1706,54638671875;1603,01611328125;1716;
122,644;2,133472204208374;1706,54638671875;1637,959228515625;1716;
122,645;2,154526472091675;1722,746826171875;1827,14599609375;1716;
122,646;2,131248950958252;1697,810546875;1613,774658203125;1716;
122,647;2,120180368423462;1725,838134765625;1683,8404541015625;1716;
122,648;2,881981372833252;1716,597412109375;1557,3343505859375;1716;
122,649;2,12587833404541;1695,117431640625;1747,473876953125;1716;
122,65;2,2106237411499023;1712,319091796875;1732,3660888671875;1716;
122,651;2,124054193496704;1692,730712890625;1700,51220703125;1716;
122,652;2,121356964111328;1725,5284423828125;1818,8533935546875;1716;
122,653;2,808100938796997;1716,597412109375;1613,774658203125;1716;
122,654;2,1423614025115967;1712,319091796875;1778,494140625;1716;
122,655;2,2181003093719482;1731,7421875;1724,90966796875;1716;
122,656;2,130072593688965;1702,619140625;1698,1102294921875;1716;
122,657;2,126164197921753;1727,07763671875;1824,3734130859375;1716;
122,658;2,786637544631958;1717,5172119140625;1747,473876953125;1716;
122,659;2,1423614025115967;1712,6239013671875;1712,6240234375;1716;
122,66;2,7756621837615967;1725,218994140625;1674,459716796875;1716;
122,661;2,131248950958252;1715,9849853515625;1672,130859375;1716;
122,662;2,11419677734375;1717,5172119140625;1760,2666015625;1716;
122,663;2,170125722885132;1712,6239013671875;1717,517333984375;1716;
122,664;2,123091459274292;1693,0286865234375;1698,1102294921875;1716;
122,665;2,840707540512085;1722,1300048828125;1715,067138671875;1716;
122,666;2,1360909938812256;1697,5107421875;1569,53271484375;1716;
122,667;2,121356964111328;1735,8050537109375;1835,5145263671875;1716;
122,668;2,808100938796997;1721,513427734375;1752,568603515625;1716;
122,669;2,127399444580078;1697,5107421875;1715,067138671875;1716;
122,67;2,841884136199951;1731,7421875;1712,6240234375;1716;
122,671;2,1360909938812256;1702,31787109375;1567,486328125;1716;
122,672;2,126164197921753;1736,7454833984375;1838,3212890625;1716;
122,673;2,1802852153778076;1722,1300048828125;1752,568603515625;1716;
122,674;2,1301963329315186;1722,1300048828125;1752,568603515625;1716;
122,675;2,840707540512085;1731,7421875;1712,6240234375;1716;
122,676;2,1192123889923096;1702,0166015625;1690,9451904296875;1716;
122,677;2,126164197921753;1723,3642578125;1724,90966796875;1716;
122,678;2,176262617111206;1715,6788330078125;1698,1102294921875;1716;
122,679;2,143537759780884;1722,4383544921875;1778,494140625;1716;
122,68;2,7591683864593506;1732,365966796875;1881,4742431640625;1716;
122,681;2,1360909938812256;1702,31787109375;1635,730712890625;1716;
122,682;2,12734055519104;1720,281982421875;1674,459716796875;1716;
122,683;2,1578519344329834;1731,7421875;1816,1058349609375;1716;
122,684;2,1301963329315186;1717,823974609375;1757,693115234375;1716;
122,685;2,776838541030884;1729,873291015625;1866,8665771484375;1716;
122,686;2,1421093940734863;1718,130859375;1629,081298828125;1716;
122,687;2,11419677734375;1721,513427734375;1818,8533935546875;1716;
122,688;2,8009464740753174;1714,4556884765625;1611,611328125;1716;
122,689;2,124701738357544;1703,52392578125;1705,3363037109375;1716;
122,69;2,7674152851104736;1740,201904296875;1838,3212890625;1716;
122,691;2,1432857513427734;1705,941162109375;1618,1185302734375;1716;
122,692;2,108212947845459;1721,20556640625;1755,127197265625;1716;
122,693;2,1885366439819336;1731,7421875;1712,6240234375;1716;
122,694;2,1313726902008057;1707,455322265625;1653,7305908203125;1716;
122,695;2,840707540512085;1724,600341796875;1665,182861328125;1716;
122,696;2,1360909938812256;1698,7100830078125;1667,4925537109375;1716;
122,697;2,103405714035034;1719,666748046875;1838,3212890625;1716;
122,698;2,1823997497558594;1713,539306640625;1618,1185302734375;1716;
122,699;2,1423614025115967;1710,4918212890625;1640,19384765625;1716;
122,7;2,776838541030884;1724,600341796875;1658,29248046875;1716;
122,701;2,130072593688965;1698,7100830078125;1665,182861328125;1716;
122,702;2,126164197921753;1718,130859375;1765,4361572265625;1716;
122,703;2,177438974380493;1712,928955078125;1719,974365234375;1716;
122,704;2,124701738357544;1713,539306640625;1835,5145263671875;1716;
122,705;2,129563808441162;1727,6982421875;1752,568603515625;1716;
122,706;2,1372673511505127;1700,511962890625;1584,0079345703125;1716;
122,707;2,108212947845459;1728,008544921875;1752,568603515625;1716;
122,708;2,170125722885132;1717,823974609375;1710,1878662109375;1716;
122,709;2,143537759780884;1720,281982421875;1635,730712890625;1716;
122,71;2,7591683864593506;1731,7421875;1797,103271484375;1716;
122,711;2,1360909938812256;1702,31787109375;1603,01611328125;1716;
122,712;2,7853472232818604;1720,8974609375;1827,14599609375;1716;
122,713;2,176262617111206;1731,7421875;1747,473876953125;1716;
122,714;2,1301963329315186;1722,1300048828125;1752,568603515625;1716;
122,715;2,776838541030884;1732,053955078125;1863,9722900390625;1716;
122,716;2,1975836753845215;1702,31787109375;1629,081298828125;1716;
122,717;2,126164197921753;1716,904052734375;1672,130859375;1716;
122,718;2,177438974380493;1729,562255859375;1672,130859375;1716;
122,719;2,1301963329315186;1722,1300048828125;1794,4210205078125;1716;
122,72;2,7756621837615967;1714,4556884765625;1732,3660888671875;1716;
122,721;2,1432857513427734;1693,6248779296875;1575,7039794921875;1716;
122,722;2,120180368423462;1721,513427734375;1705,3363037109375;1716;
122,723;2,176262617111206;1731,7421875;1688,5703125;1716;
122,724;2,1313726902008057;1712,6239013671875;1651,4588623046875;1716;
122,725;2,1176555156707764;1727,07763671875;1805,1982421875;1716;
122,726;2,0994324684143066;1699,610595703125;1734,865966796875;1716;
122,727;2,109389305114746;1717,21044921875;1794,4210205078125;1716;
122,728;2,1885366439819336;1712,319091796875;1600,881591796875;1716;
122,729;2,1423614025115967;1706,849365234375;1712,6240234375;1716;
122,73;2,776838541030884;1741,777587890625;1841,1363525390625;1716;
122,731;2,130072593688965;1690,0537109375;1620,29931640625;1716;
122,732;2,120180368423462;1726,7677001953125;1719,974365234375;1716;
122,733;2,177438974380493;1717,5172119140625;1698,1102294921875;1716;
122,734;2,1423614025115967;1721,8216552734375;1688,5703125;1716;
122,735;2,7756621837615967;1714,76123046875;1681,4854736328125;1716;
122,736;2,1125566959381104;1711,1004638671875;1676,7950439453125;1716;
122,737;2,767617702484131;1718,7447509765625;1760,2666015625;1716;
122,738;2,170125722885132;1713,539306640625;1717,517333984375;1716;
122,739;2,143537759780884;1704,127685546875;1624,678466796875;1716;
122,74;2,1355178356170654;1722,746826171875;1649,1934814453125;1716;
122,741;2,1360909938812256;1697,810546875;1541,361572265625;1716;
122,742;2,121356964111328;1719,3592529296875;1843,960205078125;1716;
122,743;2,176262617111206;1713,2340087890625;1755,127197265625;1716;
122,744;2,124701738357544;1721,513427734375;1750,017578125;1716;
122,745;2,9169187545776367;1731,7421875;1712,6240234375;1716;
122,746;2,0910422801971436;1697,211181640625;1712,6240234375;1716;
122,747;2,126164197921753;1736,431884765625;1835,5145263671875;1716;
122,748;2,177438974380493;1721,8216552734375;1752,568603515625;1716;
122,749;2,1301963329315186;1721,8216552734375;1752,568603515625;1716;
122,75;2,859271764755249;1731,430419921875;1712,6240234375;1716;
122,751;2,1006088256835938;1702,0166015625;1690,9451904296875;1716;
122,752;2,140345335006714;1723,0556640625;1722,4384765625;1716;
122,753;2,176262617111206;1715,067138671875;1695,715087890625;1716;
122,754;2,143537759780884;1721,8216552734375;1781,1290283203125;1716;
122,755;2,7591683864593506;1732,053955078125;1884,42333984375;1716;
122,756;2,0994324684143066;1702,31787109375;1635,730712890625;1716;
122,757;2,109389305114746;1720,589599609375;1813,3665771484375;1716;
122,758;2,170125722885132;1731,7421875;1739,8873291015625;1716;
122,759;2,1301963329315186;1719,974365234375;1775,8671875;1716;
122,76;2,8011562824249268;1730,80712890625;1727,3880615234375;1716;
122,761;2,0910422801971436;1701,715576171875;1747,473876953125;1716;
122,762;2,7841708660125732;1721,8216552734375;1707,7586669921875;1716;
122,763;2,1590282917022705;1715,067138671875;1690,9451904296875;1716;
122,764;2,124701738357544;1709,2760009765625;1683,8404541015625;1716;
122,765;2,130072593688965;1725,5284423828125;1824,3734130859375;1716;
122,766;2,110051393508911;1718,437744140625;1707,7586669921875;1716;
122,767;2,11419677734375;1729,873291015625;1832,716552734375;1716;
122,768;2,1885366439819336;1718,7447509765625;1615,943603515625;1716;
122,769;2,1313726902008057;1708,061767578125;1705,3363037109375;1716;
122,77;2,130072593688965;1742,724365234375;1838,3212890625;1716;
122,771;2,0969862937927246;1710,4918212890625;1637,959228515625;1716;
122,772;2,109389305114746;1726,14794921875;1791,7467041015625;1716;
122,773;2,1885366439819336;1716,904052734375;1600,881591796875;1716;
122,774;2,1423614025115967;1715,9849853515625;1783,7716064453125;1716;
122,775;2,1372673511505127;1728,629638671875;1727,3880615234375;1716;
122,776;2,0910422801971436;1712,01416015625;1686,2020263671875;1716;
122,777;2,188561201095581;1726,457763671875;1821,609130859375;1716;
122,778;2,177438974380493;1716,904052734375;1611,611328125;1716;
122,779;2,1423614025115967;1721,8216552734375;1781,1290283203125;1716;
122,78;2,1360909938812256;1731,7421875;1727,3880615234375;1716;
122,781;2,0922188758850098;1711,70947265625;1686,2020263671875;1716;
122,782;2,188561201095581;1726,457763671875;1821,609130859375;1716;
122,783;2,162224054336548;1716,904052734375;1611,611328125;1716;
122,784;2,143537759780884;1721,513427734375;1778,494140625;1716;
122,785;2,1360909938812256;1731,430419921875;1724,90966796875;1716;
122,786;2,0910422801971436;1712,01416015625;1688,5703125;1716;
122,787;2,7853472232818604;1726,7677001953125;1821,609130859375;1716;
122,788;2,1540966033935547;1711,1004638671875;1676,7950439453125;1716;
122,789;2,1423614025115967;1709,579833984375;1676,7950439453125;1716;
122,79;2,1372673511505127;1743,672119140625;1821,609130859375;1716;
122,791;2,1029305458068848;1712,928955078125;1786,4219970703125;1716;
122,792;2,767617702484131;1727,6982421875;1878,5345458984375;1716;
122,793;2,146794080734253;1717,823974609375;1633,50830078125;1716;
122,794;2,1423614025115967;1733,614990234375;1773,2479248046875;1716;
122,795;2,1360909938812256;1737,372802734375;1722,4384765625;1716;
122,796;2,098162889480591;1711,70947265625;1690,9451904296875;1716;
122,797;2,7841708660125732;1726,457763671875;1824,3734130859375;1716;
122,798;2,145617723464966;1716,904052734375;1747,473876953125;1716;
122,799;2,1618447303771973;1709,2760009765625;1674,459716796875;1716;
122,8;2,1360909938812256;1743,040283203125;1818,8533935546875;1716;
122,801;2,0969862937927246;1712,01416015625;1786,4219970703125;1716;
122,802;2,171302318572998;1727,07763671875;1727,3880615234375;1716;
122,803;2,1540966033935547;1717,5172119140625;1700,51220703125;1716;
122,804;2,25844144821167;1723,0556640625;1686,2020263671875;1716;
122,805;2,130740165710449;1732,67822265625;1827,14599609375;1716;
122,806;2,0910422801971436;1712,01416015625;1781,1290283203125;1716;
122,807;2,7912614345550537;1726,7677001953125;1724,90966796875;1716;
122,808;2,155272960662842;1702,0166015625;1695,715087890625;1716;
122,809;2,2043237686157227;1722,746826171875;1686,2020263671875;1716;
122,81;2,129563808441162;1732,9903564453125;1827,14599609375;1716;
122,811;2,0922188758850098;1712,6239013671875;1781,1290283203125;1716;
122,812;2,170125722885132;1727,387939453125;1724,90966796875;1716;
122,813;2,1540966033935547;1702,619140625;1698,1102294921875;1716;
122,814;2,2055001258850098;1722,746826171875;1686,2020263671875;1716;
122,815;2,1267077922821045;1717,21044921875;1609,4539794921875;1716;
122,816;2,0910422801971436;1712,01416015625;1781,1290283203125;1716;
122,817;2,171302318572998;1726,7677001953125;1724,90966796875;1716;
122,818;2,1540966033935547;1702,0166015625;1695,715087890625;1716;
122,819;2,767617702484131;1722,746826171875;1686,2020263671875;1716;
122,82;2,11287784576416;1715,372802734375;1681,4854736328125;1716;
122,821;2,1029305458068848;1712,928955078125;1712,6240234375;1716;
122,822;2,1578519344329834;1727,387939453125;1835,5145263671875;1716;
122,823;2,155272960662842;1707,758544921875;1611,611328125;1716;
122,824;2,767617702484131;1724,9095458984375;1778,494140625;1716;
122,825;2,129563808441162;1732,9903564453125;1724,90966796875;1716;
122,826;2,0922188758850098;1712,319091796875;1688,5703125;1716;
122,827;2,170125722885132;1726,7677001953125;1821,609130859375;1716;
122,828;2,1540966033935547;1702,31787109375;1613,774658203125;1716;
122,829;2,768794298171997;1722,1300048828125;1781,1290283203125;1716;
122,83;2,1207635402679443;1717,5172119140625;1700,51220703125;1716;
122,831;2,2096288204193115;1712,928955078125;1688,5703125;1716;
122,832;2,171302318572998;1727,387939453125;1821,609130859375;1716;
122,833;2,1540966033935547;1719,666748046875;1747,473876953125;1716;
122,834;2,791807174682617;1713,539306640625;1707,7586669921875;1716;
122,835;2,139772415161133;1716,904052734375;1600,881591796875;1716;
122,836;2,085686206817627;1712,319091796875;1775,8671875;1716;
122,837;2,1639888286590576;1726,7677001953125;1722,4384765625;1716;
122,838;2,155272960662842;1700,812744140625;1698,1102294921875;1716;
122,839;2,7859249114990234;1721,513427734375;1683,8404541015625;1716;
122,84;2,1207635402679443;1716,2911376953125;1609,4539794921875;1716;
122,841;2,1722311973571777;1711,70947265625;1644,681396484375;1716;
122,842;2,1423614025115967;1726,14794921875;1835,5145263671875;1716;
122,843;2,1540966033935547;1708,365234375;1752,568603515625;1716;
122,844;2,7871012687683105;1708,061767578125;1712,6240234375;1716;
122,845;2,1326520442962646;1716,597412109375;1600,881591796875;1716;
122,846;2,748115062713623;1712,319091796875;1640,19384765625;1716;
122,847;2,1642117500305176;1726,7677001953125;1794,4210205078125;1716;
122,848;2,1540966033935547;1706,849365234375;1750,017578125;1716;
122,849;2,124054193496704;1707,455322265625;1710,1878662109375;1716;
122,85;2,1338284015655518;1716,904052734375;1600,881591796875;1716;
122,851;2,748115062713623;1712,6239013671875;1642,4345703125;1716;
122,852;2,154526472091675;1726,7677001953125;1838,3212890625;1716;
122,853;2,155272960662842;1690,0537109375;1618,1185302734375;1716;
122,854;2,124054193496704;1716,2911376953125;1781,1290283203125;1716;
122,855;2,1207635402679443;1717,21044921875;1698,1102294921875;1716;
122,856;2,7410545349121094;1712,319091796875;1688,5703125;1716;
122,857;2,154526472091675;1731,430419921875;1824,3734130859375;1716;
122,858;2,2162764072418213;1718,7447509765625;1744,9376220703125;1716;
122,859;2,125230550765991;1713,539306640625;1707,7586669921875;1716;
122,86;2,114819288253784;1716,904052734375;1732,3660888671875;1716;
122,861;2,739877939224243;1712,319091796875;1702,9207763671875;1716;
122,862;2,155702829360962;1739,88720703125;1818,8533935546875;1716;
122,863;2,2186291217803955;1706,2437744140625;1613,774658203125;1716;
122,864;2,124054193496704;1723,982177734375;1778,494140625;1716;
122,865;2,1278841495513916;1717,21044921875;1700,51220703125;1716;
122,866;2,7639389038085938;1712,928955078125;1690,9451904296875;1716;
122,867;2,154526472091675;1732,053955078125;1821,609130859375;1716;
122,868;2,2174527645111084;1702,619140625;1613,774658203125;1716;
122,869;2,124054193496704;1722,4383544921875;1778,494140625;1716;
122,87;2,1207635402679443;1717,21044921875;1700,51220703125;1716;
122,871;2,146754503250122;1712,928955078125;1690,9451904296875;1716;
122,872;2,154526472091675;1714,76123046875;1679,136962890625;1716;
122,873;2,2162764072418213;1711,1004638671875;1674,459716796875;1716;
122,874;2,125230550765991;1709,2760009765625;1674,459716796875;1716;
122,875;2,1326520442962646;1716,597412109375;1618,1185302734375;1716;
122,876;2,766357898712158;1712,01416015625;1786,4219970703125;1716;
122,877;2,155702829360962;1733,302490234375;1724,90966796875;1716;
122,878;2,117354154586792;1703,22216796875;1698,1102294921875;1716;
122,879;2,124054193496704;1722,746826171875;1686,2020263671875;1716;
122,88;2,104107141494751;1717,21044921875;1744,9376220703125;1716;
122,881;2,7746591567993164;1712,6239013671875;1712,6240234375;1716;
122,882;2,154526472091675;1743,040283203125;1816,1058349609375;1716;
122,883;2,2174527645111084;1707,758544921875;1609,4539794921875;1716;
122,884;2,124054193496704;1707,758544921875;1640,19384765625;1716;
122,885;2,1957013607025146;1717,21044921875;1635,730712890625;1716;
122,886;2,135068655014038;1712,6239013671875;1797,103271484375;1716;
122,887;2,154526472091675;1746,839111328125;1794,4210205078125;1716;
122,888;2,2289950847625732;1692,730712890625;1600,881591796875;1716;
122,889;2,125230550765991;1717,21044921875;1635,730712890625;1716;
122,89;2,2018630504608154;1717,21044921875;1637,959228515625;1716;
122,891;2,1400294303894043;1712,319091796875;1797,103271484375;1716;
122,892;2,155702829360962;1729,562255859375;1656,0084228515625;1716;
122,893;2,7589361667633057;1701,113525390625;1662,8797607421875;1716;
122,894;2,126164197921753;1721,513427734375;1667,4925537109375;1716;
122,895;2,1845545768737793;1717,21044921875;1755,127197265625;1716;
122,896;2,1639888286590576;1695,416259765625;1588,1929931640625;1716;
122,897;2,1484439373016357;1728,008544921875;1742,40869140625;1716;
122,898;2,7645695209503174;1717,5172119140625;1705,3363037109375;1716;
122,899;2,11419677734375;1743,356201171875;1827,14599609375;1716;
122,9;2,1772165298461914;1725,218994140625;1747,473876953125;1716;
122,901;2,146754503250122;1699,310302734375;1712,6240234375;1716;
122,902;2,154526472091675;1722,4383544921875;1707,7586669921875;1716;
122,903;2,7633931636810303;1714,4556884765625;1688,5703125;1716;
122,904;2,133324384689331;1743,040283203125;1838,3212890625;1716;
122,905;2,8464195728302;1724,9095458984375;1752,568603515625;1716;
122,906;2,151715040206909;1699,010009765625;1715,067138671875;1716;
122,907;2,149620294570923;1723,3642578125;1707,7586669921875;1716;
122,908;2,7633931636810303;1698,1102294921875;1565,4454345703125;1716;
122,909;2,120180368423462;1725,5284423828125;1762,8475341796875;1716;
122,91;2,7907776832580566;1716,2911376953125;1717,517333984375;1716;
122,911;2,145577907562256;1711,70947265625;1843,960205078125;1716;
122,912;2,154526472091675;1731,430419921875;1653,7305908203125;1716;
122,913;2,854736089706421;1702,0166015625;1543,3402099609375;1716;
122,914;2,126164197921753;1722,1300048828125;1846,792724609375;1716;
122,915;2,183378219604492;1715,067138671875;1757,693115234375;1716;
122,916;2,146754503250122;1694,8187255859375;1717,517333984375;1716;
122,917;2,166691541671753;1732,053955078125;1710,1878662109375;1716;
122,918;2,779916524887085;1702,31787109375;1567,486328125;1716;
122,919;2,12734055519104;1736,118408203125;1838,3212890625;1716;
122,92;2,7896010875701904;1721,8216552734375;1752,568603515625;1716;
122,921;2,145577907562256;1697,810546875;1715,067138671875;1716;
122,922;2,167868137359619;1732,053955078125;1712,6240234375;1716;
122,923;2,1360909938812256;1702,31787109375;1567,486328125;1716;
122,924;2,126164197921753;1736,7454833984375;1838,3212890625;1716;
122,925;2,7907776832580566;1722,1300048828125;1752,568603515625;1716;
122,926;2,145577907562256;1697,5107421875;1712,6240234375;1716;
122,927;2,1484439373016357;1731,7421875;1861,0867919921875;1716;
122,928;2,125230550765991;1702,0166015625;1626,876953125;1716;
122,929;2,126164197921753;1734,240234375;1816,1058349609375;1716;
122,93;2,808100938796997;1720,589599609375;1611,611328125;1716;
122,931;2,146754503250122;1696,911865234375;1644,681396484375;1716;
122,932;2,900707483291626;1731,7421875;1750,017578125;1716;
122,933;2,1180360317230225;1702,619140625;1710,1878662109375;1716;
122,934;2,12734055519104;1724,291259765625;1656,0084228515625;1716;
122,935;2,9108662605285645;1716,2911376953125;1665,182861328125;1716;
122,936;2,13954496383667;1712,01416015625;1672,130859375;1716;
122,937;2,776838541030884;1723,3642578125;1807,912841796875;1716;
122,938;2,148127555847168;1698,409912109375;1607,30224609375;1716;
122,939;2,108212947845459;1722,4383544921875;1832,716552734375;1716;
122,94;2,1835761070251465;1715,067138671875;1618,1185302734375;1716;
122,941;2,120150089263916;1694,52001953125;1649,1934814453125;1716;
122,942;2,1484439373016357;1741,777587890625;1832,716552734375;1716;
122,943;2,7645695209503174;1690,350830078125;1615,943603515625;1716;
122,944;2,120180368423462;1725,218994140625;1719,974365234375;1716;
122,945;2,7896010875701904;1715,9849853515625;1695,715087890625;1716;
122,946;2,140721321105957;1711,405029296875;1688,5703125;1716;
122,947;2,154526472091675;1730,495849609375;1821,609130859375;1716;
122,948;2,130072593688965;1701,113525390625;1611,611328125;1716;
122,949;2,109389305114746;1725,838134765625;1875,6038818359375;1716;
122,95;2,8649837970733643;1716,597412109375;1635,730712890625;1716;
122,951;2,133892297744751;1695,416259765625;1658,29248046875;1716;
122,952;2,149620294570923;1728,9404296875;1722,4384765625;1716;
122,953;2,124054193496704;1701,113525390625;1695,715087890625;1716;
122,954;2,126164197921753;1743,040283203125;1832,716552734375;1716;
122,955;2,809277296066284;1724,9095458984375;1750,017578125;1716;
122,956;2,1256346702575684;1698,7100830078125;1586,09765625;1716;
122,957;2,2106237411499023;1726,7677001953125;1742,40869140625;1716;
122,958;2,125230550765991;1699,610595703125;1579,8450927734375;1716;
122,959;2,108212947845459;1734,240234375;1827,14599609375;1716;
122,96;2,7997701168060303;1720,8974609375;1747,473876953125;1716;
122,961;2,1313726902008057;1719,666748046875;1752,568603515625;1716;
122,962;2,2295238971710205;1730,495849609375;1712,6240234375;1716;
122,963;2,1360909938812256;1701,41455078125;1567,486328125;1716;
122,964;2,12734055519104;1736,7454833984375;1838,3212890625;1716;
122,965;2,808100938796997;1722,1300048828125;1752,568603515625;1716;
122,966;2,1301963329315186;1722,1300048828125;1752,568603515625;1716;
122,967;2,2307002544403076;1731,7421875;1712,6240234375;1716;
122,968;2,1360909938812256;1702,0166015625;1567,486328125;1716;
122,969;2,126164197921753;1736,7454833984375;1838,3212890625;1716;
122,97;2,177438974380493;1722,1300048828125;1752,568603515625;1716;
122,971;2,127399444580078;1697,810546875;1715,067138671875;1716;
122,972;2,2295238971710205;1732,053955078125;1712,6240234375;1716;
122,973;2,1372673511505127;1702,31787109375;1567,486328125;1716;
122,974;2,126164197921753;1736,7454833984375;1838,3212890625;1716;
122,975;2,176262617111206;1705,0338134765625;1620,29931640625;1716;
122,976;2,1374552249908447;1722,1300048828125;1681,4854736328125;1716;
122,977;2,7756621837615967;1732,365966796875;1824,3734130859375;1716;
122,978;2,130072593688965;1702,619140625;1613,774658203125;1716;
122,979;2,12734055519104;1708,97216796875;1676,7950439453125;1716;
122,98;2,1823997497558594;1725,838134765625;1674,459716796875;1716;
122,981;2,127399444580078;1699,610595703125;1674,459716796875;1716;
122,982;2,776838541030884;1723,673095703125;1807,912841796875;1716;
122,983;2,1421093940734863;1698,1102294921875;1607,30224609375;1716;
122,984;2,102229118347168;1721,8216552734375;1832,716552734375;1716;
122,985;2,8661603927612305;1714,76123046875;1615,943603515625;1716;
122,986;2,1270546913146973;1694,2216796875;1646,934326171875;1716;
122,987;2,7674152851104736;1741,4622802734375;1835,5145263671875;1716;
122,988;2,1432857513427734;1706,54638671875;1618,1185302734375;1716;
122,989;2,108212947845459;1720,8974609375;1755,127197265625;1716;
122,99;2,1885366439819336;1731,7421875;1712,6240234375;1716;
122,991;2,1313726902008057;1715,6788330078125;1717,517333984375;1716;
122,992;2,840707540512085;1728,319091796875;1695,715087890625;1716;
122,993;2,1360909938812256;1700,21142578125;1683,8404541015625;1716;
122,994;2,12734055519104;1719,052001953125;1827,14599609375;1716;
122,995;2,7831082344055176;1713,2340087890625;1747,473876953125;1716;
122,996;2,1423614025115967;1708,97216796875;1672,130859375;1716;
122,997;2,776838541030884;1743,040283203125;1818,8533935546875;1716;
122,998;2,130072593688965;1707,758544921875;1611,611328125;1716;
122,999;2,108212947845459;1717,823974609375;1797,103271484375;1716;
123;2,18684720993042;1712,928955078125;1603,01611328125;1716;
123,001;2,124701738357544;1715,6788330078125;1789,08056640625;1716;
123,002;2,2295238971710205;1728,319091796875;1729,8734130859375;1716;
123,003;2,1006088256835938;1700,21142578125;1700,51220703125;1716;
123,004;2,126164197921753;1744,62109375;1829,9271240234375;1716;
123,005;2,176262617111206;1725,838134765625;1750,017578125;1716;
123,006;2,1313726902008057;1705,0338134765625;1744,9376220703125;1716;
123,007;2,7756621837615967;1723,3642578125;1710,1878662109375;1716;
123,008;2,124054193496704;1698,7100830078125;1567,486328125;1716;
123,009;2,12734055519104;1735,491943359375;1838,3212890625;1716;
123,01;2,176262617111206;1721,8216552734375;1752,568603515625;1716;
123,011;2,1301963329315186;1722,1300048828125;1750,017578125;1716;
123,012;2,841884136199951;1732,053955078125;1712,6240234375;1716;
123,013;2,1360909938812256;1702,31787109375;1567,486328125;1716;
123,014;2,126164197921753;1719,052001953125;1690,9451904296875;1716;
123,015;2,177438974380493;1713,2340087890625;1681,4854736328125;1716;
123,016;2,124701738357544;1722,1300048828125;1789,08056640625;1716;
123,017;2,7674152851104736;1732,053955078125;1884,42333984375;1716;
123,018;2,1006088256835938;1702,0166015625;1635,730712890625;1716;
123,019;2,126164197921753;1720,589599609375;1669,8084716796875;1716;
123,02;2,176262617111206;1731,118896484375;1669,8084716796875;1716;
123,021;2,1313726902008057;1721,513427734375;1794,4210205078125;1716;
123,022;2,7756621837615967;1713,8447265625;1732,3660888671875;1716;
123,023;2,098227024078369;1693,0286865234375;1575,7039794921875;1716;
123,024;2,121356964111328;1721,513427734375;1705,3363037109375;1716;
123,025;2,176262617111206;1731,7421875;1688,5703125;1716;
123,026;2,1301963329315186;1712,6239013671875;1651,4588623046875;1716;
123,027;2,776838541030884;1727,07763671875;1805,1982421875;1716;
123,028;2,0994324684143066;1699,610595703125;1605,1563720703125;1716;
123,029;2,108212947845459;1721,513427734375;1832,716552734375;1716;
123,03;2,1897130012512207;1731,7421875;1747,473876953125;1716;
123,031;2,118619203567505;1706,54638671875;1773,2479248046875;1716;
123,032;2,8024086952209473;1741,14697265625;1722,4384765625;1716;
123,033;2,1065826416015625;1706,2437744140625;1695,715087890625;1716;
123,034;2,108212947845459;1735,8050537109375;1807,912841796875;1716;
123,035;2,1885366439819336;1721,8216552734375;1737,3729248046875;1716;
123,036;2,143537759780884;1707,758544921875;1644,681396484375;1716;
123,037;2,8024086952209473;1742,724365234375;1802,4918212890625;1716;
123,038;2,1054062843322754;1707,455322265625;1734,865966796875;1716;
123,039;2,109389305114746;1718,7447509765625;1797,103271484375;1716;
123,04;2,1885366439819336;1713,539306640625;1603,01611328125;1716;
123,041;2,1423614025115967;1716,2911376953125;1783,7716064453125;1716;
123,042;2,795274019241333;1728,9404296875;1727,3880615234375;1716;
123,043;2,0994324684143066;1700,511962890625;1698,1102294921875;1716;
123,044;2,126164197921753;1726,457763671875;1821,609130859375;1716;
123,045;2,177438974380493;1716,904052734375;1611,611328125;1716;
123,046;2,1423614025115967;1721,8216552734375;1781,1290283203125;1716;
123,047;2,794097661972046;1731,7421875;1727,3880615234375;1716;
123,048;2,0922188758850098;1711,70947265625;1686,2020263671875;1716;
123,049;2,2462081909179688;1726,457763671875;1821,609130859375;1716;
123,05;2,1578519344329834;1716,904052734375;1744,9376220703125;1716;
123,051;2,143537759780884;1709,2760009765625;1676,7950439453125;1716;
123,052;2,794097661972046;1725,838134765625;1676,7950439453125;1716;
123,053;2,108874797821045;1712,928955078125;1712,6240234375;1716;
123,054;2,177335262298584;1727,387939453125;1835,5145263671875;1716;
123,055;2,2372236251831055;1717,5172119140625;1618,1185302734375;1716;
123,056;2,1423614025115967;1708,061767578125;1642,4345703125;1716;
123,057;2,1372673511505127;1724,9095458984375;1658,29248046875;1716;
123,058;2,0910422801971436;1712,6239013671875;1722,4384765625;1716;
123,059;2,7841708660125732;1727,07763671875;1841,1363525390625;1716;
123,06;2,146794080734253;1717,21044921875;1755,127197265625;1716;
123,061;2,124701738357544;1713,539306640625;1816,1058349609375;1716;
123,062;2,130072593688965;1727,6982421875;1742,40869140625;1716;
123,063;2,110051393508911;1710,187744140625;1695,715087890625;1716;
123,064;2,767617702484131;1743,356201171875;1827,14599609375;1716;
123,065;2,1516902446746826;1725,218994140625;1747,473876953125;1716;
123,066;2,1313726902008057;1703,52392578125;1742,40869140625;1716;
123,067;2,130072593688965;1722,1300048828125;1707,7586669921875;1716;
123,068;2,1029305458068848;1709,8837890625;1712,6240234375;1716;
123,069;2,793623685836792;1742,724365234375;1835,5145263671875;1716;
123,07;2,160198926925659;1724,9095458984375;1674,459716796875;1716;
123,071;2,1484439373016357;1713,8447265625;1674,459716796875;1716;
123,072;2,1432857513427734;1727,387939453125;1674,459716796875;1716;
123,073;2,108874797821045;1695,117431640625;1588,1929931640625;1716;
123,074;2,1536271572113037;1717,823974609375;1762,8475341796875;1716;
123,075;2,1491708755493164;1712,6239013671875;1717,517333984375;1716;
123,076;2,1423614025115967;1712,319091796875;1690,9451904296875;1716;
123,077;2,1541459560394287;1727,07763671875;1683,8404541015625;1716;
123,078;2,110051393508911;1715,9849853515625;1712,6240234375;1716;
123,079;2,150810956954956;1728,629638671875;1835,5145263671875;1716;
123,08;2,1540966033935547;1716,2911376953125;1672,130859375;1716;
123,081;2,2055001258850098;1712,01416015625;1674,459716796875;1716;
123,082;2,1360909938812256;1726,457763671875;1674,459716796875;1716;
123,083;2,108874797821045;1694,8187255859375;1588,1929931640625;1716;
123,084;2,768794298171997;1717,823974609375;1762,8475341796875;1716;
123,085;2,14799427986145;1712,6239013671875;1705,3363037109375;1716;
123,086;2,2043237686157227;1712,319091796875;1690,9451904296875;1716;
123,087;2,1338284015655518;1725,218994140625;1747,473876953125;1716;
123,088;2,108874797821045;1715,9849853515625;1710,1878662109375;1716;
123,089;2,7746591567993164;1728,9404296875;1835,5145263671875;1716;
123,09;2,155272960662842;1708,365234375;1611,611328125;1716;
123,091;2,2043237686157227;1708,061767578125;1642,4345703125;1716;
123,092;2,1360909938812256;1724,600341796875;1658,29248046875;1716;
123,093;2,0922188758850098;1712,319091796875;1722,4384765625;1716;
123,094;2,170125722885132;1726,7677001953125;1841,1363525390625;1716;
123,095;2,1540966033935547;1710,187744140625;1609,4539794921875;1716;
123,096;2,768794298171997;1708,97216796875;1642,4345703125;1716;
123,097;2,1318366527557373;1725,218994140625;1658,29248046875;1716;
123,098;2,0910422801971436;1712,6239013671875;1722,4384765625;1716;
123,099;2,171302318572998;1727,07763671875;1841,1363525390625;1716;
123,1;2,1540966033935547;1719,052001953125;1672,130859375;1716;
123,101;2,2043237686157227;1713,539306640625;1674,459716796875;1716;
123,102;2,124785900115967;1727,6982421875;1674,459716796875;1716;
123,103;2,108874797821045;1695,416259765625;1586,09765625;1716;
123,104;2,1578519344329834;1718,130859375;1760,2666015625;1716;
123,105;2,1491708755493164;1708,061767578125;1642,4345703125;1716;
123,106;2,767617702484131;1707,758544921875;1658,29248046875;1716;
123,107;2,1326520442962646;1724,9095458984375;1626,876953125;1716;
123,108;2,080918550491333;1716,2911376953125;1791,7467041015625;1716;
123,109;2,1639888286590576;1728,9404296875;1881,4742431640625;1716;
123,11;2,1540966033935547;1692,1351318359375;1603,01611328125;1716;
123,111;2,768794298171997;1717,21044921875;1637,959228515625;1716;
123,112;2,1207635402679443;1729,2513427734375;1773,2479248046875;1716;
123,113;2,1525700092315674;1712,319091796875;1724,90966796875;1716;
123,114;2,171302318572998;1726,7677001953125;1843,960205078125;1716;
123,115;2,1540966033935547;1719,052001953125;1669,8084716796875;1716;
123,116;2,7859249114990234;1713,539306640625;1669,8084716796875;1716;
123,117;2,1219398975372314;1717,5172119140625;1755,127197265625;1716;
123,118;2,7645888328552246;1712,928955078125;1719,974365234375;1716;
123,119;2,239028215408325;1727,07763671875;1841,1363525390625;1716;
123,12;2,155272960662842;1717,21044921875;1669,8084716796875;1716;
123,121;2,124054193496704;1712,928955078125;1669,8084716796875;1716;
123,122;2,114819288253784;1717,5172119140625;1755,127197265625;1716;
123,123;2,1722311973571777;1712,928955078125;1719,974365234375;1716;
123,124;2,1630351543426514;1727,07763671875;1841,1363525390625;1716;
123,125;2,1540966033935547;1717,21044921875;1669,8084716796875;1716;
123,126;2,125230550765991;1712,928955078125;1669,8084716796875;1716;
123,127;2,114819288253784;1717,5172119140625;1755,127197265625;1716;
123,128;2,1710548400878906;1695,715087890625;1590,2938232421875;1716;
123,129;2,158099412918091;1718,130859375;1762,8475341796875;1716;
123,13;2,14799427986145;1717,21044921875;1705,3363037109375;1716;
123,131;2,124054193496704;1712,6239013671875;1688,5703125;1716;
123,132;2,1159956455230713;1724,9095458984375;1747,473876953125;1716;
123,133;2,1710548400878906;1698,7100830078125;1584,0079345703125;1716;
123,134;2,1569230556488037;1719,666748046875;1760,2666015625;1716;
123,135;2,1491708755493164;1716,597412109375;1705,3363037109375;1716;
123,136;2,124054193496704;1712,319091796875;1688,5703125;1716;
123,137;2,114819288253784;1725,838134765625;1750,017578125;1716;
123,138;2,1906025409698486;1699,910888671875;1588,1929931640625;1716;
123,139;2,154526472091675;1727,387939453125;1742,40869140625;1716;
123,14;2,209956645965576;1717,21044921875;1705,3363037109375;1716;
123,141;2,125230550765991;1712,6239013671875;1688,5703125;1716;
123,142;2,1326520442962646;1724,600341796875;1613,774658203125;1716;
123,143;2,756351947784424;1715,9849853515625;1783,7716064453125;1716;
123,144;2,16178560256958;1741,777587890625;1797,103271484375;1716;
123,145;2,2162764072418213;1690,350830078125;1605,1563720703125;1716;
123,146;2,124054193496704;1715,9849853515625;1637,959228515625;1716;
123,147;2,139772415161133;1716,904052734375;1635,730712890625;1716;
123,148;2,732229232788086;1695,416259765625;1656,0084228515625;1716;
123,149;2,1484439373016357;1746,5218505859375;1872,682373046875;1716;
123,15;2,2111330032348633;1692,1351318359375;1631,291748046875;1716;
123,151;2,124054193496704;1716,904052734375;1651,4588623046875;1716;
123,152;2,1207635402679443;1725,218994140625;1768,032470703125;1716;
123,153;2,190951108932495;1716,904052734375;1872,682373046875;1716;
123,154;2,1423614025115967;1745,254150390625;1939,1324462890625;1716;
123,155;2,209956645965576;1708,668701171875;1658,29248046875;1716;
123,156;2,1077637672424316;1725,218994140625;1805,1982421875;1716;
123,157;2,1267077922821045;1728,9404296875;1729,8734130859375;1716;
123,158;2,133892297744751;1718,437744140625;1852,4840087890625;1716;
123,159;2,1800334453582764;1727,387939453125;1649,1934814453125;1716;
123,16;2,76715350151062;1717,21044921875;1660,5828857421875;1716;
123,161;2,1120176315307617;1729,873291015625;1807,912841796875;1716;
123,162;2,1278841495513916;1714,4556884765625;1722,4384765625;1716;
123,163;2,766357898712158;1694,52001953125;1700,51220703125;1716;
123,164;2,166691541671753;1724,291259765625;1715,067138671875;1716;
123,165;2,2237725257873535;1699,010009765625;1569,53271484375;1716;
123,166;2,102229118347168;1720,589599609375;1750,017578125;1716;
123,167;2,1207635402679443;1722,4383544921875;1752,568603515625;1716;
123,168;2,759232997894287;1698,1102294921875;1715,067138671875;1716;
123,169;2,166691541671753;1732,053955078125;1712,6240234375;1716;
123,17;2,1360909938812256;1702,31787109375;1567,486328125;1716;
123,171;2,1188318729400635;1722,1300048828125;1750,017578125;1716;
123,172;2,183378219604492;1722,1300048828125;1752,568603515625;1716;
123,173;2,758056640625;1697,5107421875;1712,6240234375;1716;
123,174;2,167868137359619;1731,7421875;1712,6240234375;1716;
123,175;2,779916524887085;1702,0166015625;1567,486328125;1716;
123,176;2,126164197921753;1721,8216552734375;1838,3212890625;1716;
123,177;2,1845545768737793;1722,1300048828125;1752,568603515625;1716;
123,178;2,758056640625;1697,5107421875;1712,6240234375;1716;
123,179;2,166691541671753;1731,7421875;1712,6240234375;1716;
123,18;2,781092882156372;1702,0166015625;1567,486328125;1716;
123,181;2,1176555156707764;1721,8216552734375;1750,017578125;1716;
123,182;2,183378219604492;1721,8216552734375;1750,017578125;1716;
123,183;2,146754503250122;1697,211181640625;1712,6240234375;1716;
123,184;2,166691541671753;1731,430419921875;1712,6240234375;1716;
123,185;2,8057196140289307;1701,715576171875;1690,9451904296875;1716;
123,186;2,12734055519104;1721,8216552734375;1824,3734130859375;1716;
123,187;2,183378219604492;1719,974365234375;1734,865966796875;1716;
123,188;2,145577907562256;1713,8447265625;1707,7586669921875;1716;
123,189;2,155702829360962;1731,7421875;1866,8665771484375;1716;
123,19;2,7716546058654785;1702,0166015625;1629,081298828125;1716;
123,191;2,1285171508789062;1721,8216552734375;1672,130859375;1716;
123,192;2,7907776832580566;1729,873291015625;1674,459716796875;1716;
123,193;2,145577907562256;1701,41455078125;1676,7950439453125;1716;
123,194;2,154526472091675;1731,7421875;1884,42333984375;1716;
123,195;2,7893545627593994;1702,31787109375;1635,730712890625;1716;
123,196;2,108212947845459;1721,8216552734375;1816,1058349609375;1716;
123,197;2,781334400177002;1732,053955078125;1742,40869140625;1716;
123,198;2,146754503250122;1702,31787109375;1707,7586669921875;1716;
123,199;2,154526472091675;1748,4268798828125;1875,6038818359375;1716;
123,2;2,1421093940734863;1710,187744140625;1633,50830078125;1716;
123,201;2,115373134613037;1722,1300048828125;1818,8533935546875;1716;
123,202;2,1772165298461914;1715,067138671875;1613,774658203125;1716;
123,203;2,145577907562256;1694,8187255859375;1646,934326171875;1716;
123,204;2,149620294570923;1740,201904296875;1832,716552734375;1716;
123,205;2,124054193496704;1706,54638671875;1747,473876953125;1716;
123,206;2,108212947845459;1725,5284423828125;1794,4210205078125;1716;
123,207;2,215505838394165;1716,597412109375;1603,01611328125;1716;
123,208;2,151715040206909;1712,01416015625;1640,19384765625;1716;
123,209;2,154526472091675;1742,093017578125;1838,3212890625;1716;
123,21;2,7728312015533447;1690,350830078125;1618,1185302734375;1716;
123,211;2,120180368423462;1726,457763671875;1719,974365234375;1716;
123,212;2,183378219604492;1717,21044921875;1698,1102294921875;1716;
123,213;2,1313726902008057;1712,319091796875;1686,2020263671875;1716;
123,214;2,154526472091675;1714,76123046875;1681,4854736328125;1716;
123,215;2,7716546058654785;1711,1004638671875;1676,7950439453125;1716;
123,216;2,115373134613037;1727,387939453125;1835,5145263671875;1716;
123,217;2,8734824657440186;1717,823974609375;1620,29931640625;1716;
123,218;2,1578519344329834;1696,313232421875;1649,1934814453125;1716;
123,219;2,149620294570923;1742,724365234375;1875,6038818359375;1716;
123,22;2,7633931636810303;1690,945068359375;1633,50830078125;1716;
123,221;2,120180368423462;1743,356201171875;1872,682373046875;1716;
123,222;2,800739049911499;1725,218994140625;1768,032470703125;1716;
123,223;2,133892297744751;1699,310302734375;1722,4384765625;1716;
123,224;2,1484439373016357;1726,7677001953125;1705,3363037109375;1716;
123,225;2,125230550765991;1716,904052734375;1688,5703125;1716;
123,226;2,132148027420044;1734,552978515625;1762,8475341796875;1716;
123,227;2,921454429626465;1721,20556640625;1717,517333984375;1716;
123,228;2,1528913974761963;1697,5107421875;1698,1102294921875;1716;
123,229;2,2152438163757324;1723,3642578125;1715,067138671875;1716;
123,23;2,779916524887085;1697,810546875;1569,53271484375;1716;
123,231;2,121356964111328;1735,8050537109375;1835,5145263671875;1716;
123,232;2,808100938796997;1721,20556640625;1750,017578125;1716;
123,233;2,127399444580078;1697,211181640625;1715,067138671875;1716;
123,234;2,2307002544403076;1731,430419921875;1712,6240234375;1716;
123,235;2,1360909938812256;1702,0166015625;1567,486328125;1716;
123,236;2,126164197921753;1736,7454833984375;1838,3212890625;1716;
123,237;2,809277296066284;1705,0338134765625;1620,29931640625;1716;
123,238;2,133472204208374;1706,2437744140625;1786,4219970703125;1716;
123,239;2,154526472091675;1732,053955078125;1821,609130859375;1716;
123,24;2,131248950958252;1702,31787109375;1611,611328125;1716;
123,241;2,126164197921753;1709,2760009765625;1681,4854736328125;1716;
123,242;2,808100938796997;1725,838134765625;1679,136962890625;1716;
123,243;2,1313726902008057;1699,910888671875;1679,136962890625;1716;
123,244;2,2647414207458496;1732,053955078125;1884,42333984375;1716;
123,245;2,1421093940734863;1702,31787109375;1635,730712890625;1716;
123,246;2,109389305114746;1721,20556640625;1816,1058349609375;1716;
123,247;2,7997701168060303;1732,053955078125;1742,40869140625;1716;
123,248;2,127399444580078;1702,31787109375;1707,7586669921875;1716;
123,249;2,155702829360962;1739,572509765625;1797,103271484375;1716;
123,25;2,126870632171631;1705,941162109375;1732,3660888671875;1716;
123,251;2,108212947845459;1717,5172119140625;1797,103271484375;1716;
123,252;2,8746590614318848;1712,6239013671875;1605,1563720703125;1716;
123,253;2,1423614025115967;1707,15234375;1707,7586669921875;1716;
123,254;2,7756621837615967;1741,777587890625;1838,3212890625;1716;
123,255;2,7728312015533447;1690,0537109375;1618,1185302734375;1716;
123,256;2,120180368423462;1725,838134765625;1719,974365234375;1716;
123,257;2,808100938796997;1716,904052734375;1698,1102294921875;1716;
123,258;2,140721321105957;1712,319091796875;1686,2020263671875;1716;
123,259;2,216923713684082;1714,76123046875;1681,4854736328125;1716;
123,26;2,130072593688965;1711,1004638671875;1676,7950439453125;1716;
123,261;2,115373134613037;1727,387939453125;1835,5145263671875;1716;
123,262;2,7997701168060303;1717,823974609375;1752,568603515625;1716;
123,263;2,13954496383667;1713,2340087890625;1715,067138671875;1716;
123,264;2,224400281906128;1727,387939453125;1674,459716796875;1716;
123,265;2,130072593688965;1700,21142578125;1551,305908203125;1716;
123,266;2,108212947845459;1717,823974609375;1835,5145263671875;1716;
123,267;2,8009464740753174;1712,6239013671875;1752,568603515625;1716;
123,268;2,121914863586426;1693,0286865234375;1715,067138671875;1716;
123,269;2,2295238971710205;1730,1845703125;1710,1878662109375;1716;
123,27;2,1372673511505127;1701,41455078125;1567,486328125;1716;
123,271;2,126164197921753;1735,8050537109375;1835,5145263671875;1716;
123,272;2,808100938796997;1721,513427734375;1752,568603515625;1716;
123,273;2,1285760402679443;1697,5107421875;1715,067138671875;1716;
123,274;2,840707540512085;1731,7421875;1712,6240234375;1716;
123,275;2,1360909938812256;1702,31787109375;1567,486328125;1716;
123,276;2,12734055519104;1736,7454833984375;1838,3212890625;1716;
123,277;2,808100938796997;1705,0338134765625;1620,29931640625;1716;
123,278;2,118619203567505;1689,163330078125;1827,14599609375;1716;
123,279;2,785085439682007;1731,7421875;1747,473876953125;1716;
123,28;2,130072593688965;1702,0166015625;1581,923828125;1716;
123,281;2,126164197921753;1727,07763671875;1686,2020263671875;1716;
123,282;2,177438974380493;1717,21044921875;1679,136962890625;1716;
123,283;2,124701738357544;1722,1300048828125;1791,7467041015625;1716;
123,284;2,7674152851104736;1732,365966796875;1887,381591796875;1716;
123,285;2,1456387042999268;1702,619140625;1637,959228515625;1716;
123,286;2,108212947845459;1721,8216552734375;1813,3665771484375;1716;
123,287;2,170125722885132;1732,053955078125;1739,8873291015625;1716;
123,288;2,1313726902008057;1719,974365234375;1775,8671875;1716;
123,289;2,7756621837615967;1748,7447509765625;1878,5345458984375;1716;
123,29;2,111380100250244;1710,187744140625;1633,50830078125;1716;
123,291;2,115373134613037;1721,513427734375;1816,1058349609375;1716;
123,292;2,7997701168060303;1714,4556884765625;1609,4539794921875;1716;
123,293;2,124701738357544;1703,22216796875;1705,3363037109375;1716;
123,294;2,76859188079834;1740,201904296875;1838,3212890625;1716;
123,295;2,1054062843322754;1705,941162109375;1750,017578125;1716;
123,296;2,108212947845459;1725,5284423828125;1791,7467041015625;1716;
123,297;2,1897130012512207;1716,597412109375;1600,881591796875;1716;
123,298;2,1423614025115967;1715,9849853515625;1781,1290283203125;1716;
123,299;2,216923713684082;1728,9404296875;1727,3880615234375;1716;
123,3;2,1006088256835938;1700,812744140625;1698,1102294921875;1716;
123,301;2,126164197921753;1726,457763671875;1821,609130859375;1716;
123,302;2,1578519344329834;1716,904052734375;1744,9376220703125;1716;
123,303;2,143537759780884;1709,2760009765625;1676,7950439453125;1716;
123,304;2,7756621837615967;1725,838134765625;1676,7950439453125;1716;
123,305;2,117354154586792;1716,904052734375;1674,459716796875;1716;
123,306;2,115373134613037;1727,387939453125;1835,5145263671875;1716;
123,307;2,1885366439819336;1717,5172119140625;1618,1185302734375;1716;
123,308;2,1423614025115967;1708,061767578125;1642,4345703125;1716;
123,309;2,776838541030884;1724,600341796875;1658,29248046875;1716;
123,31;2,0910422801971436;1712,319091796875;1722,4384765625;1716;
123,311;2,126164197921753;1726,7677001953125;1841,1363525390625;1716;
123,312;2,177438974380493;1717,21044921875;1755,127197265625;1716;
123,313;2,1423614025115967;1713,539306640625;1674,459716796875;1716;
123,314;2,794097661972046;1727,6982421875;1674,459716796875;1716;
123,315;2,110051393508911;1695,416259765625;1586,09765625;1716;
123,316;2,11419677734375;1718,130859375;1760,2666015625;1716;
123,317;2,170125722885132;1712,6239013671875;1717,517333984375;1716;
123,318;2,143537759780884;1703,52392578125;1626,876953125;1716;
123,319;2,867750644683838;1722,4383544921875;1651,4588623046875;1716;
123,32;2,1029305458068848;1714,76123046875;1660,5828857421875;1716;
123,321;2,133324384689331;1719,974365234375;1768,032470703125;1716;
123,322;2,1823997497558594;1713,539306640625;1719,974365234375;1716;
123,323;2,124701738357544;1705,638671875;1760,2666015625;1716;
123,324;2,149303913116455;1723,673095703125;1717,517333984375;1716;
123,325;2,0910422801971436;1698,409912109375;1569,53271484375;1716;
123,326;2,1823599338531494;1727,6982421875;1760,2666015625;1716;
123,327;2,177438974380493;1717,5172119140625;1715,067138671875;1716;
123,328;2,124701738357544;1721,8216552734375;1770,63623046875;1716;
123,329;2,130072593688965;1732,053955078125;1722,4384765625;1716;
123,33;2,0922188758850098;1702,31787109375;1571,5843505859375;1716;
123,331;2,188561201095581;1738,9434814453125;1835,5145263671875;1716;
123,332;2,149925470352173;1723,3642578125;1752,568603515625;1716;
123,333;2,1313726902008057;1722,4383544921875;1752,568603515625;1716;
123,334;2,859271764755249;1732,365966796875;1712,6240234375;1716;
123,335;2,0910422801971436;1706,2437744140625;1783,7716064453125;1716;
123,336;2,7853472232818604;1723,673095703125;1724,90966796875;1716;
123,337;2,143852710723877;1715,372802734375;1698,1102294921875;1716;
123,338;2,1423614025115967;1721,8216552734375;1778,494140625;1716;
123,339;2,7786519527435303;1731,7421875;1878,5345458984375;1716;
123,34;2,0910422801971436;1701,41455078125;1631,291748046875;1716;
123,341;2,188561201095581;1719,666748046875;1674,459716796875;1716;
123,342;2,1589393615722656;1730,80712890625;1672,130859375;1716;
123,343;2,1301963329315186;1722,4383544921875;1794,4210205078125;1716;
123,344;2,1360909938812256;1732,67822265625;1887,381591796875;1716;
123,345;2,0922188758850098;1702,31787109375;1676,7950439453125;1716;
123,346;2,188561201095581;1722,4383544921875;1674,459716796875;1716;
123,347;2,1663014888763428;1732,365966796875;1672,130859375;1716;
123,348;2,1313726902008057;1722,746826171875;1794,4210205078125;1716;
123,349;2,1360909938812256;1732,67822265625;1887,381591796875;1716;
123,35;2,0910422801971436;1702,920654296875;1676,7950439453125;1716;
123,351;2,7853472232818604;1722,4383544921875;1674,459716796875;1716;
123,352;2,1577630043029785;1732,365966796875;1672,130859375;1716;
123,353;2,1301963329315186;1722,746826171875;1794,4210205078125;1716;
123,354;2,1372673511505127;1715,067138671875;1732,3660888671875;1716;
123,355;2,085686206817627;1702,619140625;1744,9376220703125;1716;
123,356;2,7758944034576416;1721,8216552734375;1707,7586669921875;1716;
123,357;2,1589393615722656;1731,7421875;1688,5703125;1716;
123,358;2,1301963329315186;1730,1845703125;1789,08056640625;1716;
123,359;2,1360909938812256;1736,118408203125;1884,42333984375;1716;
123,36;2,098162889480591;1702,0166015625;1676,7950439453125;1716;
123,361;2,842437744140625;1721,513427734375;1674,459716796875;1716;
123,362;2,1577630043029785;1731,7421875;1672,130859375;1716;
123,363;2,1313726902008057;1722,4383544921875;1794,4210205078125;1716;
123,364;1,9584437608718872;1732,67822265625;1887,381591796875;1716;
123,365;2,0910422801971436;1702,920654296875;1676,7950439453125;1716;
123,366;2,7605178356170654;1722,4383544921875;1816,1058349609375;1716;
123,367;2,1577630043029785;1732,365966796875;1739,8873291015625;1716;
123,368;2,1301963329315186;1720,589599609375;1775,8671875;1716;
123,369;2,139772415161133;1732,67822265625;1681,4854736328125;1716;
123,37;2,1029305458068848;1703,22216796875;1681,4854736328125;1716;
123,371;2,1578519344329834;1722,746826171875;1818,8533935546875;1716;
123,372;2,1735801696777344;1699,610595703125;1605,1563720703125;1716;
123,373;2,198023796081543;1704,4295654296875;1640,19384765625;1716;
123,374;2,1355178356170654;1741,14697265625;1799,7935791015625;1716;
123,375;2,098162889480591;1694,52001953125;1644,681396484375;1716;
123,376;2,824004888534546;1718,130859375;1797,103271484375;1716;
123,377;2,1663014888763428;1707,15234375;1615,943603515625;1716;
123,378;2,7770707607269287;1707,455322265625;1644,681396484375;1716;
123,379;2,1355178356170654;1742,40869140625;1802,4918212890625;1716;
123,38;2,0969862937927246;1696,0140380859375;1644,681396484375;1716;
123,381;2,7675342559814453;1718,7447509765625;1797,103271484375;1716;
123,382;2,14799427986145;1707,455322265625;1752,568603515625;1716;
123,383;2,2043237686157227;1707,758544921875;1712,6240234375;1716;
123,384;2,1366941928863525;1742,40869140625;1841,1363525390625;1716;
123,385;2,0969862937927246;1712,01416015625;1635,730712890625;1716;
123,386;2,151715040206909;1726,7677001953125;1791,7467041015625;1716;
123,387;2,155272960662842;1690,350830078125;1620,29931640625;1716;
123,388;2,767617702484131;1715,9849853515625;1783,7716064453125;1716;
123,389;2,1236095428466797;1728,629638671875;1727,3880615234375;1716;
123,39;2,0922188758850098;1712,01416015625;1686,2020263671875;1716;
123,391;2,170125722885132;1726,7677001953125;1821,609130859375;1716;
123,392;2,1540966033935547;1702,0166015625;1613,774658203125;1716;
123,393;2,768794298171997;1722,1300048828125;1781,1290283203125;1716;
123,394;2,1236095428466797;1732,053955078125;1727,3880615234375;1716;
123,395;2,093395233154297;1712,928955078125;1690,9451904296875;1716;
123,396;2,171302318572998;1727,6982421875;1824,3734130859375;1716;
123,397;2,1540966033935547;1702,920654296875;1613,774658203125;1716;
123,398;2,767617702484131;1723,0556640625;1781,1290283203125;1716;
123,399;2,1278841495513916;1717,823974609375;1700,51220703125;1716;
123,4;2,2037463188171387;1712,928955078125;1688,5703125;1716;
123,401;2,170125722885132;1727,387939453125;1821,609130859375;1716;
123,402;2,155272960662842;1702,31787109375;1613,774658203125;1716;
123,403;2,767617702484131;1705,0338134765625;1644,681396484375;1716;
123,404;2,1326520442962646;1741,14697265625;1802,4918212890625;1716;
123,405;2,080918550491333;1712,928955078125;1794,4210205078125;1716;
123,406;2,1484439373016357;1727,6982421875;1881,4742431640625;1716;
123,407;2,1540966033935547;1692,730712890625;1603,01611328125;1716;
123,408;2,752241373062134;1717,5172119140625;1773,2479248046875;1716;
123,409;2,1207635402679443;1729,2513427734375;1737,3729248046875;1716;
123,41;2,170748472213745;1709,8837890625;1707,7586669921875;1716;
123,411;2,171302318572998;1742,724365234375;1832,716552734375;1716;
123,412;2,160198926925659;1718,130859375;1672,130859375;1716;
123,413;2,7942655086517334;1712,928955078125;1674,459716796875;1716;
123,414;2,1159956455230713;1717,823974609375;1752,568603515625;1716;
123,415;2,1710548400878906;1712,6239013671875;1715,067138671875;1716;
123,416;2,1630351543426514;1727,07763671875;1838,3212890625;1716;
123,417;2,155272960662842;1716,904052734375;1674,459716796875;1716;
123,418;2,8203141689300537;1712,319091796875;1816,1058349609375;1716;
123,419;2,114819288253784;1712,6239013671875;1717,517333984375;1716;
123,42;2,7657651901245117;1710,187744140625;1700,51220703125;1716;
123,421;2,1813721656799316;1743,040283203125;1829,9271240234375;1716;
123,422;2,160198926925659;1716,904052734375;1676,7950439453125;1716;
123,423;2,7954421043395996;1712,928955078125;1674,459716796875;1716;
123,424;2,1207635402679443;1718,7447509765625;1752,568603515625;1716;
123,425;2,1525700092315674;1713,2340087890625;1866,8665771484375;1716;
123,426;2,155702829360962;1722,1300048828125;1640,19384765625;1716;
123,427;2,1540966033935547;1714,150146484375;1656,0084228515625;1716;
123,428;2,761490821838379;1728,008544921875;1805,1982421875;1716;
123,429;2,1278841495513916;1712,319091796875;1722,4384765625;1716;
123,43;2,748115062713623;1709,8837890625;1849,6339111328125;1716;
123,431;2,172774314880371;1743,040283203125;1649,1934814453125;1716;
123,432;2,1755564212799072;1698,1102294921875;1539,3880615234375;1716;
123,433;2,1120176315307617;1720,589599609375;1732,3660888671875;1716;
123,434;2,1207635402679443;1714,4556884765625;1757,693115234375;1716;
123,435;2,7410545349121094;1711,1004638671875;1869,7698974609375;1716;
123,436;2,1630351543426514;1725,838134765625;1765,4361572265625;1716;
123,437;2,2162764072418213;1702,31787109375;1596,6295166015625;1716;
123,438;2,762667179107666;1722,746826171875;1770,63623046875;1716;
123,439;2,1267077922821045;1730,495849609375;1747,473876953125;1716;
123,44;2,739877939224243;1702,0166015625;1712,6240234375;1716;
123,441;2,167868137359619;1731,7421875;1712,6240234375;1716;
123,442;2,2225961685180664;1702,0166015625;1567,486328125;1716;
123,443;2,1120176315307617;1721,8216552734375;1752,568603515625;1716;
123,444;2,1219398975372314;1721,8216552734375;1752,568603515625;1716;
123,445;2,1525700092315674;1697,5107421875;1715,067138671875;1716;
123,446;2,166691541671753;1731,7421875;1712,6240234375;1716;
123,447;2,2237725257873535;1702,31787109375;1567,486328125;1716;
123,448;2,1120176315307617;1722,1300048828125;1750,017578125;1716;
123,449;2,1207635402679443;1722,1300048828125;1752,568603515625;1716;
123,45;2,765115261077881;1697,5107421875;1712,6240234375;1716;
123,451;2,166691541671753;1731,7421875;1712,6240234375;1716;
123,452;2,2225961685180664;1702,0166015625;1567,486328125;1716;
123,453;2,113193988800049;1721,8216552734375;1750,017578125;1716;
123,454;2,1207635402679443;1722,1300048828125;1752,568603515625;1716;
123,455;2,758056640625;1697,810546875;1715,067138671875;1716;
123,456;2,167868137359619;1732,053955078125;1712,6240234375;1716;
123,457;2,2225961685180664;1702,31787109375;1567,486328125;1716;
123,458;2,1120176315307617;1722,1300048828125;1752,568603515625;1716;
123,459;2,1219398975372314;1721,8216552734375;1752,568603515625;1716;
123,46;2,758056640625;1697,5107421875;1715,067138671875;1716;
123,461;2,166691541671753;1731,7421875;1712,6240234375;1716;
123,462;2,2237725257873535;1702,31787109375;1567,486328125;1716;
123,463;2,186723470687866;1722,1300048828125;1750,017578125;1716;
123,464;2,2374958992004395;1721,8216552734375;1750,017578125;1716;
123,465;2,759232997894287;1697,5107421875;1712,6240234375;1716;
123,466;2,166691541671753;1731,7421875;1712,6240234375;1716;
123,467;2,2883002758026123;1701,715576171875;1567,486328125;1716;
123,468;2,12734055519104;1736,431884765625;1838,3212890625;1716;
123,469;2,183378219604492;1721,8216552734375;1752,568603515625;1716;
123,47;2,758056640625;1697,5107421875;1712,6240234375;1716;
123,471;2,167868137359619;1731,7421875;1712,6240234375;1716;
123,472;2,172961950302124;1702,0166015625;1567,486328125;1716;
123,473;2,126164197921753;1736,7454833984375;1838,3212890625;1716;
123,474;2,1845545768737793;1722,1300048828125;1752,568603515625;1716;
123,475;2,145577907562256;1697,810546875;1715,067138671875;1716;
123,476;2,166691541671753;1732,053955078125;1712,6240234375;1716;
123,477;2,781092882156372;1702,31787109375;1567,486328125;1716;
123,478;2,126164197921753;1736,431884765625;1835,5145263671875;1716;
123,479;2,183378219604492;1721,8216552734375;1752,568603515625;1716;
123,48;2,146754503250122;1697,5107421875;1715,067138671875;1716;
123,481;2,166691541671753;1731,7421875;1712,6240234375;1716;
123,482;2,1360909938812256;1702,31787109375;1567,486328125;1716;
123,483;2,12734055519104;1736,7454833984375;1838,3212890625;1716;
123,484;2,183378219604492;1722,1300048828125;1752,568603515625;1716;
123,485;2,145577907562256;1697,5107421875;1712,6240234375;1716;
123,486;2,167868137359619;1731,7421875;1712,6240234375;1716;
123,487;2,755131483078003;1702,0166015625;1690,9451904296875;1716;
123,488;2,126164197921753;1721,8216552734375;1681,4854736328125;1716;
123,489;2,7907776832580566;1715,6788330078125;1700,51220703125;1716;
123,49;2,147930860519409;1711,70947265625;1688,5703125;1716;
123,491;2,1423614025115967;1732,67822265625;1878,5345458984375;1716;
123,492;2,781092882156372;1702,920654296875;1633,50830078125;1716;
123,493;2,1176555156707764;1722,4383544921875;1789,08056640625;1716;
123,494;2,7896010875701904;1731,118896484375;1674,459716796875;1716;
123,495;2,146754503250122;1701,715576171875;1674,459716796875;1716;
123,496;2,154526472091675;1731,430419921875;1884,42333984375;1716;
123,497;2,788177967071533;1702,0166015625;1635,730712890625;1716;
123,498;2,12734055519104;1721,8216552734375;1672,130859375;1716;
123,499;2,7896010875701904;1731,7421875;1674,459716796875;1716;
123,5;2,145577907562256;1702,0166015625;1674,459716796875;1716;
123,501;2,155702829360962;1731,430419921875;1887,381591796875;1716;
123,502;2,788177967071533;1702,0166015625;1637,959228515625;1716;
123,503;2,108212947845459;1721,8216552734375;1816,1058349609375;1716;
123,504;2,8009464740753174;1732,365966796875;1742,40869140625;1716;
123,505;2,1256346702575684;1702,920654296875;1710,1878662109375;1716;
123,506;2,154526472091675;1739,572509765625;1794,4210205078125;1716;
123,507;2,7645695209503174;1705,941162109375;1729,8734130859375;1716;
123,508;2,108212947845459;1717,21044921875;1797,103271484375;1716;
123,509;2,8793647289276123;1729,562255859375;1734,865966796875;1716;
123,51;2,1528913974761963;1701,113525390625;1579,8450927734375;1716;
123,511;2,154526472091675;1741,777587890625;1878,5345458984375;1716;
123,512;2,139263153076172;1707,15234375;1633,50830078125;1716;
123,513;2,109389305114746;1739,2578125;1827,14599609375;1716;
123,514;2,8734824657440186;1723,0556640625;1615,943603515625;1716;
123,515;2,127399444580078;1698,1102294921875;1783,7716064453125;1716;
123,516;2,149620294570923;1728,319091796875;1724,90966796875;1716;
123,517;2,124054193496704;1700,511962890625;1698,1102294921875;1716;
123,518;2,126164197921753;1725,218994140625;1821,609130859375;1716;
123,519;2,809277296066284;1716,597412109375;1613,774658203125;1716;
123,52;2,13954496383667;1712,319091796875;1783,7716064453125;1716;
123,521;2,7756621837615967;1740,831787109375;1797,103271484375;1716;
123,522;2,7728312015533447;1690,0537109375;1603,01611328125;1716;
123,523;2,120180368423462;1727,07763671875;1884,42333984375;1716;
123,524;2,808100938796997;1717,5172119140625;1773,2479248046875;1716;
123,525;2,1213266849517822;1695,416259765625;1594,5120849609375;1716;
123,526;2,2106237411499023;1731,430419921875;1739,8873291015625;1716;
123,527;2,7633931636810303;1702,0166015625;1579,8450927734375;1716;
123,528;2,109389305114746;1726,14794921875;1755,127197265625;1716;
123,529;2,805652379989624;1717,21044921875;1715,067138671875;1716;
123,53;2,121914863586426;1695,715087890625;1695,715087890625;1716;
123,531;2,2118000984191895;1731,430419921875;1722,4384765625;1716;
123,532;2,788177967071533;1702,31787109375;1571,5843505859375;1716;
123,533;2,126164197921753;1738,9434814453125;1835,5145263671875;1716;
123,534;2,809277296066284;1723,0556640625;1752,568603515625;1716;
123,535;2,127399444580078;1697,810546875;1712,6240234375;1716;
123,536;2,2295238971710205;1731,430419921875;1712,6240234375;1716;
123,537;2,1372673511505127;1702,0166015625;1567,486328125;1716;
123,538;2,126164197921753;1736,431884765625;1835,5145263671875;1716;
123,539;2,808100938796997;1704,731689453125;1620,29931640625;1716;
123,54;2,117018699645996;1688,86669921875;1646,934326171875;1716;
123,541;2,223223924636841;1731,430419921875;1747,473876953125;1716;
123,542;2,130072593688965;1702,0166015625;1581,923828125;1716;
123,543;2,12734055519104;1727,07763671875;1686,2020263671875;1716;
123,544;2,808100938796997;1717,21044921875;1679,136962890625;1716;
123,545;2,121914863586426;1695,416259765625;1679,136962890625;1716;
123,546;2,2118000984191895;1732,053955078125;1884,42333984375;1716;
123,547;2,1421093940734863;1702,0166015625;1635,730712890625;1716;
123,548;2,126164197921753;1721,20556640625;1674,459716796875;1716;
123,549;2,809277296066284;1731,7421875;1672,130859375;1716;
123,55;2,127399444580078;1702,920654296875;1676,7950439453125;1716;
123,551;2,7756621837615967;1723,982177734375;1807,912841796875;1716;
123,552;2,1432857513427734;1698,409912109375;1607,30224609375;1716;
123,553;2,108212947845459;1722,1300048828125;1835,5145263671875;1716;
123,554;2,8734824657440186;1715,067138671875;1618,1185302734375;1716;
123,555;2,123091459274292;1694,52001953125;1646,934326171875;1716;
123,556;2,7674152851104736;1742,093017578125;1835,5145263671875;1716;
123,557;2,124054193496704;1707,15234375;1750,017578125;1716;
123,558;2,109389305114746;1725,838134765625;1794,4210205078125;1716;
123,559;2,8734824657440186;1716,904052734375;1600,881591796875;1716;
123,56;2,1423614025115967;1712,6239013671875;1644,681396484375;1716;
123,561;2,776838541030884;1738,31494140625;1802,4918212890625;1716;
123,562;2,130072593688965;1688,5703125;1605,1563720703125;1716;
123,563;2,120180368423462;1727,07763671875;1881,4742431640625;1716;
123,564;2,809277296066284;1717,5172119140625;1773,2479248046875;1716;
123,565;2,1423614025115967;1721,20556640625;1669,8084716796875;1716;
123,566;2,216923713684082;1731,118896484375;1672,130859375;1716;
123,567;2,131248950958252;1702,0166015625;1551,305908203125;1716;
123,568;2,108212947845459;1718,437744140625;1838,3212890625;1716;
123,569;2,172961950302124;1713,2340087890625;1752,568603515625;1716;
123,57;2,123091459274292;1693,3267822265625;1712,6240234375;1716;
123,571;2,2295238971710205;1730,495849609375;1712,6240234375;1716;
123,572;2,1360909938812256;1701,41455078125;1567,486328125;1716;
123,573;2,12734055519104;1736,431884765625;1838,3212890625;1716;
123,574;2,808100938796997;1722,1300048828125;1752,568603515625;1716;
123,575;2,127399444580078;1697,5107421875;1712,6240234375;1716;
123,576;2,841884136199951;1731,7421875;1712,6240234375;1716;
123,577;2,1360909938812256;1702,0166015625;1567,486328125;1716;
123,578;2,126164197921753;1719,052001953125;1690,9451904296875;1716;
123,579;2,809277296066284;1713,2340087890625;1681,4854736328125;1716;
123,58;2,124701738357544;1693,6248779296875;1786,4219970703125;1716;
123,581;2,7674152851104736;1732,365966796875;1884,42333984375;1716;
123,582;2,2203445434570312;1702,619140625;1635,730712890625;1716;
123,583;2,108212947845459;1721,20556640625;1813,3665771484375;1716;
123,584;2,170125722885132;1731,7421875;1739,8873291015625;1716;
123,585;2,1313726902008057;1702,31787109375;1707,7586669921875;1716;
123,586;2,7756621837615967;1739,88720703125;1799,7935791015625;1716;
123,587;2,1839606761932373;1705,941162109375;1732,3660888671875;1716;
123,588;2,109389305114746;1717,21044921875;1797,103271484375;1716;
123,589;2,1885366439819336;1729,562255859375;1732,3660888671875;1716;
123,59;2,1484439373016357;1707,15234375;1646,934326171875;1716;
123,591;2,785085439682007;1742,093017578125;1802,4918212890625;1716;
123,592;2,130072593688965;1690,350830078125;1605,1563720703125;1716;
123,593;2,120180368423462;1718,7447509765625;1724,90966796875;1716;
123,594;2,177438974380493;1713,2340087890625;1700,51220703125;1716;
123,595;2,1423614025115967;1710,187744140625;1688,5703125;1716;
123,596;2,216923713684082;1714,150146484375;1681,4854736328125;1716;
123,597;2,1125566959381104;1710,796142578125;1676,7950439453125;1716;
123,598;2,11419677734375;1727,07763671875;1835,5145263671875;1716;
123,599;2,172478675842285;1717,823974609375;1752,568603515625;1716;
123,6;2,1313726902008057;1712,6239013671875;1816,1058349609375;1716;
123,601;2,7674152851104736;1727,07763671875;1742,40869140625;1716;
123,602;2,117354154586792;1716,904052734375;1705,3363037109375;1716;
123,603;2,115373134613037;1733,927490234375;1752,568603515625;1716;
123,604;2,170125722885132;1720,281982421875;1712,6240234375;1716;
123,605;2,1301963329315186;1696,6124267578125;1695,715087890625;1716;
123,606;2,841884136199951;1722,4383544921875;1717,517333984375;1716;
123,607;2,1360909938812256;1697,810546875;1569,53271484375;1716;
123,608;2,120180368423462;1736,431884765625;1835,5145263671875;1716;
123,609;2,177438974380493;1721,8216552734375;1752,568603515625;1716;
123,61;2,1301963329315186;1721,513427734375;1752,568603515625;1716;
123,611;2,9157421588897705;1731,430419921875;1712,6240234375;1716;
123,612;2,1006088256835938;1702,0166015625;1567,486328125;1716;
123,613;2,126164197921753;1736,431884765625;1835,5145263671875;1716;
123,614;2,176262617111206;1721,8216552734375;1752,568603515625;1716;
123,615;2,1313726902008057;1721,8216552734375;1752,568603515625;1716;
123,616;2,859271764755249;1731,430419921875;1712,6240234375;1716;
123,617;2,0994324684143066;1702,0166015625;1567,486328125;1716;
123,618;2,12734055519104;1736,431884765625;1835,5145263671875;1716;
123,619;2,176262617111206;1721,8216552734375;1752,568603515625;1716;
123,62;2,1301963329315186;1721,8216552734375;1752,568603515625;1716;
123,621;2,860448122024536;1731,430419921875;1712,6240234375;1716;
123,622;2,0994324684143066;1702,0166015625;1690,9451904296875;1716;
123,623;2,188561201095581;1723,3642578125;1724,90966796875;1716;
123,624;2,177438974380493;1715,372802734375;1698,1102294921875;1716;
123,625;2,1423614025115967;1722,1300048828125;1781,1290283203125;1716;
123,626;2,794097661972046;1732,053955078125;1727,3880615234375;1716;
123,627;2,1006088256835938;1702,31787109375;1698,1102294921875;1716;
123,628;2,8394649028778076;1735,8050537109375;1797,103271484375;1716;
123,629;2,176262617111206;1704,731689453125;1605,1563720703125;1716;
123,63;2,1374552249908447;1722,746826171875;1838,3212890625;1716;
123,631;2,1541459560394287;1732,67822265625;1752,568603515625;1716;
123,632;2,0994324684143066;1702,920654296875;1710,1878662109375;1716;
123,633;2,1897377967834473;1724,291259765625;1653,7305908203125;1716;
123,634;2,2415566444396973;1715,6788330078125;1662,8797607421875;1716;
123,635;2,1423614025115967;1705,0338134765625;1660,5828857421875;1716;
123,636;2,1372673511505127;1723,673095703125;1810,6357421875;1716;
123,637;2,0994324684143066;1698,1102294921875;1605,1563720703125;1716;
123,638;2,2299575805664062;1723,0556640625;1835,5145263671875;1716;
123,639;2,1897130012512207;1715,6788330078125;1618,1185302734375;1716;
123,64;2,124701738357544;1707,758544921875;1702,9207763671875;1716;
123,641;2,7857866287231445;1742,40869140625;1835,5145263671875;1716;
123,642;2,098162889480591;1709,8837890625;1637,959228515625;1716;
123,643;2,1699576377868652;1725,5284423828125;1791,7467041015625;1716;
123,644;2,1885366439819336;1716,597412109375;1600,881591796875;1716;
123,645;2,143537759780884;1715,9849853515625;1783,7716064453125;1716;
123,646;2,1360909938812256;1728,629638671875;1727,3880615234375;1716;
123,647;2,0994324684143066;1700,511962890625;1698,1102294921875;1716;
123,648;2,1897377967834473;1726,457763671875;1821,609130859375;1716;
123,649;2,162224054336548;1716,904052734375;1611,611328125;1716;
123,65;2,1423614025115967;1721,513427734375;1778,494140625;1716;
123,651;2,1372673511505127;1731,430419921875;1724,90966796875;1716;
123,652;2,0910422801971436;1701,41455078125;1695,715087890625;1716;
123,653;2,188561201095581;1727,07763671875;1824,3734130859375;1716;
123,654;2,146794080734253;1717,823974609375;1747,473876953125;1716;
123,655;2,1301963329315186;1710,187744140625;1816,1058349609375;1716;
123,656;2,130072593688965;1743,672119140625;1899,30810546875;1716;
123,657;2,098162889480591;1710,187744140625;1768,032470703125;1716;
123,658;2,176158905029297;1743,356201171875;1866,8665771484375;1716;
123,659;2,1516902446746826;1725,5284423828125;1765,4361572265625;1716;
123,66;2,149620294570923;1720,8974609375;1672,130859375;1716;
123,661;2,1421093940734863;1731,430419921875;1674,459716796875;1716;
123,662;2,108874797821045;1713,2340087890625;1717,517333984375;1716;
123,663;2,768794298171997;1727,387939453125;1838,3212890625;1716;
123,664;2,145617723464966;1717,5172119140625;1752,568603515625;1716;
123,665;2,124701738357544;1712,319091796875;1813,3665771484375;1716;
123,666;2,131248950958252;1726,7677001953125;1742,40869140625;1716;
123,667;2,108874797821045;1716,597412109375;1571,5843505859375;1716;
123,668;2,767617702484131;1734,240234375;1752,568603515625;1716;
123,669;2,1528666019439697;1720,8974609375;1712,6240234375;1716;
123,67;2,1423614025115967;1703,52392578125;1626,876953125;1716;
123,671;2,1601643562316895;1722,4383544921875;1651,4588623046875;1716;
123,672;2,104107141494751;1716,2911376953125;1729,8734130859375;1716;
123,673;2,845444917678833;1728,9404296875;1846,792724609375;1716;
123,674;2,145617723464966;1718,437744140625;1757,693115234375;1716;
123,675;2,1313726902008057;1706,2437744140625;1739,8873291015625;1716;
123,676;2,130072593688965;1723,982177734375;1707,7586669921875;1716;
123,677;2,108874797821045;1693,0286865234375;1586,09765625;1716;
123,678;2,793623685836792;1733,927490234375;1760,2666015625;1716;
123,679;2,1516902446746826;1720,589599609375;1717,517333984375;1716;
123,68;2,1301963329315186;1705,336181640625;1760,2666015625;1716;
123,681;2,149303913116455;1723,3642578125;1717,517333984375;1716;
123,682;2,1029305458068848;1714,150146484375;1712,6240234375;1716;
123,683;2,799562454223633;1745,254150390625;1835,5145263671875;1716;
123,684;2,1528666019439697;1726,14794921875;1752,568603515625;1716;
123,685;2,1301963329315186;1705,638671875;1742,40869140625;1716;
123,686;2,201385021209717;1723,3642578125;1707,7586669921875;1716;
123,687;2,0922188758850098;1710,187744140625;1863,9722900390625;1716;
123,688;2,7829601764678955;1725,838134765625;1762,8475341796875;1716;
123,689;2,1540966033935547;1718,7447509765625;1724,90966796875;1716;
123,69;2,1871886253356934;1731,118896484375;1846,792724609375;1716;
123,691;2,129563808441162;1736,7454833984375;1757,693115234375;1716;
123,692;2,0969862937927246;1701,715576171875;1695,715087890625;1716;
123,693;2,7675342559814453;1738,9434814453125;1827,14599609375;1716;
123,694;2,1625518798828125;1697,810546875;1567,486328125;1716;
123,695;2,1917238235473633;1719,974365234375;1752,568603515625;1716;
123,696;2,142648458480835;1748,4268798828125;1863,9722900390625;1716;
123,697;2,1029305458068848;1697,211181640625;1646,934326171875;1716;
123,698;2,170125722885132;1736,431884765625;1797,103271484375;1716;
123,699;2,1613755226135254;1721,8216552734375;1734,865966796875;1716;
123,7;2,2043237686157227;1713,8447265625;1622,48583984375;1716;
123,701;2,1236095428466797;1727,6982421875;1649,1934814453125;1716;
123,702;2,1722311973571777;1699,910888671875;1600,881591796875;1716;
123,703;2,176262617111206;1720,589599609375;1770,63623046875;1716;
123,704;2,14799427986145;1704,4295654296875;1577,771728515625;1716;
123,705;2,2055001258850098;1706,2437744140625;1624,678466796875;1716;
123,706;2,114819288253784;1724,291259765625;1789,08056640625;1716;
123,707;2,0910422801971436;1712,01416015625;1841,1363525390625;1716;
123,708;2,79243803024292;1709,579833984375;1752,568603515625;1716;
123,709;2,160198926925659;1701,715576171875;1600,881591796875;1716;
123,71;2,7818286418914795;1722,4383544921875;1773,2479248046875;1716;
123,711;2,1219398975372314;1732,365966796875;1747,473876953125;1716;
123,712;2,0910422801971436;1702,31787109375;1712,6240234375;1716;
123,713;2,170125722885132;1738,9434814453125;1835,5145263671875;1716;
123,714;2,1613755226135254;1701,41455078125;1565,4454345703125;1716;
123,715;2,7510647773742676;1721,513427734375;1750,017578125;1716;
123,716;2,1207635402679443;1731,430419921875;1712,6240234375;1716;
123,717;2,1537463665008545;1697,5107421875;1717,517333984375;1716;
123,718;2,170125722885132;1736,431884765625;1838,3212890625;1716;
123,719;2,160198926925659;1701,41455078125;1565,4454345703125;1716;
123,72;2,752241373062134;1721,513427734375;1747,473876953125;1716;
123,721;2,1385960578918457;1748,7447509765625;1618,1185302734375;1716;
123,722;2,16489315032959;1714,150146484375;1789,08056640625;1716;
123,723;2,171302318572998;1727,387939453125;1727,3880615234375;1716;
123,724;2,1540966033935547;1686,4976806640625;1603,01611328125;1716;
123,725;2,7859249114990234;1714,150146484375;1635,730712890625;1716;
123,726;2,1219398975372314;1725,838134765625;1710,1878662109375;1716;
123,727;2,1525700092315674;1716,904052734375;1843,960205078125;1716;
123,728;2,2201154232025146;1712,01416015625;1752,568603515625;1716;
123,729;2,1613755226135254;1702,0166015625;1598,7528076171875;1716;
123,73;2,7692432403564453;1722,1300048828125;1768,032470703125;1716;
123,731;2,1207635402679443;1730,80712890625;1747,473876953125;1716;
123,732;2,1537463665008545;1701,715576171875;1715,067138671875;1716;
123,733;2,175259828567505;1738,31494140625;1838,3212890625;1716;
123,734;2,2225961685180664;1701,715576171875;1567,486328125;1716;
123,735;2,7704198360443115;1722,1300048828125;1752,568603515625;1716;
123,736;2,1207635402679443;1722,1300048828125;1752,568603515625;1716;
123,737;2,1525700092315674;1698,1102294921875;1715,067138671875;1716;
123,738;2,176436185836792;1737,05908203125;1838,3212890625;1716;
123,739;2,2225961685180664;1702,31787109375;1567,486328125;1716;
123,74;2,7692432403564453;1722,1300048828125;1750,017578125;1716;
123,741;2,139772415161133;1721,8216552734375;1618,1185302734375;1716;
123,742;2,756351947784424;1714,76123046875;1786,4219970703125;1716;
123,743;2,169147491455078;1728,008544921875;1727,3880615234375;1716;
123,744;2,2174527645111084;1686,79345703125;1605,1563720703125;1716;
123,745;2,124054193496704;1714,4556884765625;1637,959228515625;1716;
123,746;2,1207635402679443;1735,1788330078125;1783,7716064453125;1716;
123,747;2,202193021774292;1704,4295654296875;1729,8734130859375;1716;
123,748;2,1630351543426514;1722,746826171875;1846,792724609375;1716;
123,749;2,209956645965576;1702,619140625;1567,486328125;1716;
123,75;2,1077637672424316;1722,746826171875;1750,017578125;1716;
123,751;2,1267077922821045;1721,8216552734375;1752,568603515625;1716;
123,752;2,1092207431793213;1698,1102294921875;1715,067138671875;1716;
123,753;2,167868137359619;1736,7454833984375;1712,6240234375;1716;
123,754;2,2225961685180664;1702,31787109375;1567,486328125;1716;
123,755;2,1120176315307617;1722,1300048828125;1752,568603515625;1716;
123,756;2,1219398975372314;1721,513427734375;1750,017578125;1716;
123,757;2,758056640625;1714,150146484375;1863,9722900390625;1716;
123,758;2,160609245300293;1731,430419921875;1783,7716064453125;1716;
123,759;2,2174527645111084;1702,0166015625;1596,6295166015625;1716;
123,76;2,124054193496704;1722,1300048828125;1633,50830078125;1716;
123,761;2,1207635402679443;1725,5284423828125;1712,6240234375;1716;
123,762;2,146754503250122;1716,2911376953125;1841,1363525390625;1716;
123,763;2,160609245300293;1731,7421875;1656,0084228515625;1716;
123,764;2,2352356910705566;1702,31787109375;1543,3402099609375;1716;
123,765;2,1188318729400635;1722,1300048828125;1734,865966796875;1716;
123,766;2,183378219604492;1715,372802734375;1757,693115234375;1716;
123,767;2,758056640625;1694,52001953125;1715,067138671875;1716;
123,768;2,167868137359619;1732,365966796875;1712,6240234375;1716;
123,769;2,172961950302124;1702,31787109375;1565,4454345703125;1716;
123,77;2,126164197921753;1736,431884765625;1838,3212890625;1716;
123,771;2,1845545768737793;1721,8216552734375;1752,568603515625;1716;
123,772;2,758056640625;1697,5107421875;1715,067138671875;1716;
123,773;2,166691541671753;1732,053955078125;1712,6240234375;1716;
123,774;2,1741385459899902;1702,31787109375;1567,486328125;1716;
123,775;2,126164197921753;1722,1300048828125;1838,3212890625;1716;
123,776;2,183378219604492;1722,1300048828125;1752,568603515625;1716;
123,777;2,759232997894287;1697,5107421875;1712,6240234375;1716;
123,778;2,166691541671753;1731,7421875;1712,6240234375;1716;
123,779;2,779916524887085;1702,0166015625;1567,486328125;1716;
123,78;2,1188318729400635;1721,8216552734375;1750,017578125;1716;
123,781;2,183378219604492;1722,1300048828125;1752,568603515625;1716;
123,782;2,758056640625;1697,810546875;1715,067138671875;1716;
123,783;2,167868137359619;1732,053955078125;1712,6240234375;1716;
123,784;2,1545214653015137;1702,31787109375;1690,9451904296875;1716;
123,785;2,1176555156707764;1722,1300048828125;1681,4854736328125;1716;
123,786;2,1845545768737793;1715,6788330078125;1700,51220703125;1716;
123,787;2,145577907562256;1712,01416015625;1690,9451904296875;1716;
123,788;2,1423614025115967;1732,67822265625;1878,5345458984375;1716;
123,789;2,781092882156372;1702,920654296875;1633,50830078125;1716;
123,79;2,1176555156707764;1722,4383544921875;1789,08056640625;1716;
123,791;2,7896010875701904;1731,118896484375;1674,459716796875;1716;
123,792;2,146754503250122;1702,0166015625;1676,7950439453125;1716;
123,793;2,154526472091675;1714,4556884765625;1734,865966796875;1716;
123,794;2,788177967071533;1694,2216796875;1577,771728515625;1716;
123,795;2,121356964111328;1722,1300048828125;1707,7586669921875;1716;
123,796;2,183378219604492;1732,67822265625;1690,9451904296875;1716;
123,797;2,1639888286590576;1703,22216796875;1686,2020263671875;1716;
123,798;2,155702829360962;1727,6982421875;1802,4918212890625;1716;
123,799;2,1421093940734863;1700,511962890625;1605,1563720703125;1716;
123,8;2,099792957305908;1704,4295654296875;1775,8671875;1716;
123,801;2,8560307025909424;1728,319091796875;1717,517333984375;1716;
123,802;2,2275049686431885;1701,113525390625;1695,715087890625;1716;
123,803;2,166691541671753;1742,40869140625;1805,1982421875;1716;
123,804;2,7834458351135254;1690,64794921875;1605,1563720703125;1716;
123,805;2,120180368423462;1719,666748046875;1724,90966796875;1716;
123,806;2,183378219604492;1713,539306640625;1700,51220703125;1716;
123,807;2,21498966217041;1710,187744140625;1688,5703125;1716;
123,808;2,154526472091675;1731,430419921875;1824,3734130859375;1716;
123,809;2,7716546058654785;1702,31787109375;1613,774658203125;1716;
123,81;2,109389305114746;1705,336181640625;1781,1290283203125;1716;
123,811;2,1772165298461914;1713,539306640625;1734,865966796875;1716;
123,812;2,145577907562256;1693,923095703125;1579,8450927734375;1716;
123,813;2,167868137359619;1731,430419921875;1750,017578125;1716;
123,814;2,779916524887085;1702,31787109375;1584,0079345703125;1716;
123,815;2,099792957305908;1705,336181640625;1626,876953125;1716;
123,816;2,782510995864868;1718,130859375;1712,6240234375;1716;
123,817;2,145577907562256;1696,0140380859375;1695,715087890625;1716;
123,818;2,1484439373016357;1730,495849609375;1719,974365234375;1716;
123,819;2,7893545627593994;1701,41455078125;1571,5843505859375;1716;
123,82;2,126164197921753;1738,31494140625;1835,5145263671875;1716;
123,821;2,167724370956421;1722,746826171875;1752,568603515625;1716;
123,822;2,2231478691101074;1697,810546875;1712,6240234375;1716;
123,823;2,2295238971710205;1731,430419921875;1712,6240234375;1716;
123,824;2,755131483078003;1702,0166015625;1690,9451904296875;1716;
123,825;2,12734055519104;1732,365966796875;1799,7935791015625;1716;
123,826;2,139263153076172;1702,920654296875;1605,1563720703125;1716;
123,827;2,145577907562256;1705,0338134765625;1640,19384765625;1716;
123,828;2,2370002269744873;1714,76123046875;1620,29931640625;1716;
123,829;2,755131483078003;1693,923095703125;1644,681396484375;1716;
123,83;2,120180368423462;1723,982177734375;1686,2020263671875;1716;
123,831;2,815159559249878;1715,6788330078125;1681,4854736328125;1716;
123,832;2,13954496383667;1711,70947265625;1681,4854736328125;1716;
123,833;2,154526472091675;1727,387939453125;1805,1982421875;1716;
123,834;2,131248950958252;1700,511962890625;1734,865966796875;1716;
123,835;2,108212947845459;1718,437744140625;1797,103271484375;1716;
123,836;2,1885366439819336;1713,2340087890625;1605,1563720703125;1716;
123,837;2,143537759780884;1715,6788330078125;1778,494140625;1716;
123,838;2,154526472091675;1728,319091796875;1724,90966796875;1716;
123,839;2,130072593688965;1700,511962890625;1698,1102294921875;1716;
123,84;2,12734055519104;1725,838134765625;1821,609130859375;1716;
123,841;2,7831082344055176;1716,597412109375;1744,9376220703125;1716;
123,842;2,13954496383667;1712,319091796875;1712,6240234375;1716;
123,843;2,155702829360962;1725,5284423828125;1674,459716796875;1716;
123,844;2,7716546058654785;1716,2911376953125;1672,130859375;1716;
123,845;2,11419677734375;1717,823974609375;1760,2666015625;1716;
123,846;2,8609464168548584;1712,6239013671875;1717,517333984375;1716;
123,847;2,145577907562256;1693,0286865234375;1698,1102294921875;1716;
123,848;2,2295238971710205;1722,1300048828125;1715,067138671875;1716;
123,849;2,781092882156372;1697,5107421875;1569,53271484375;1716;
123,85;2,120180368423462;1735,8050537109375;1835,5145263671875;1716;
123,851;2,808100938796997;1721,513427734375;1752,568603515625;1716;
123,852;2,1285760402679443;1697,211181640625;1712,6240234375;1716;
123,853;2,2295238971710205;1731,430419921875;1712,6240234375;1716;
123,854;2,1360909938812256;1702,0166015625;1567,486328125;1716;
123,855;2,12734055519104;1736,431884765625;1835,5145263671875;1716;
123,856;2,808100938796997;1721,8216552734375;1752,568603515625;1716;
123,857;2,127399444580078;1697,211181640625;1712,6240234375;1716;
123,858;2,149620294570923;1731,430419921875;1861,0867919921875;1716;
123,859;2,7633931636810303;1702,0166015625;1626,876953125;1716;
123,86;2,126164197921753;1716,904052734375;1674,459716796875;1716;
123,861;2,809277296066284;1729,2513427734375;1674,459716796875;1716;
123,862;2,1301963329315186;1721,8216552734375;1794,4210205078125;1716;
123,863;2,216923713684082;1731,430419921875;1884,42333984375;1716;
123,864;2,1432857513427734;1702,0166015625;1635,730712890625;1716;
123,865;2,108212947845459;1721,513427734375;1813,3665771484375;1716;
123,866;2,7997701168060303;1731,7421875;1742,40869140625;1716;
123,867;2,1285760402679443;1702,0166015625;1707,7586669921875;1716;
123,868;2,154526472091675;1739,2578125;1797,103271484375;1716;
123,869;2,7633931636810303;1705,941162109375;1732,3660888671875;1716;
123,87;2,109389305114746;1717,823974609375;1799,7935791015625;1716;
123,871;2,8734824657440186;1712,928955078125;1605,1563720703125;1716;
123,872;2,13954496383667;1710,4918212890625;1642,4345703125;1716;
123,873;2,2181003093719482;1741,777587890625;1835,5145263671875;1716;
123,874;2,7716546058654785;1690,0537109375;1618,1185302734375;1716;
123,875;2,120180368423462;1725,838134765625;1719,974365234375;1716;
123,876;2,809277296066284;1716,904052734375;1698,1102294921875;1716;
123,877;2,13954496383667;1712,319091796875;1686,2020263671875;1716;
123,878;2,216923713684082;1714,76123046875;1681,4854736328125;1716;
123,879;2,131248950958252;1711,1004638671875;1676,7950439453125;1716;
123,88;2,11419677734375;1727,387939453125;1835,5145263671875;1716;
123,881;2,7997701168060303;1717,823974609375;1752,568603515625;1716;
123,882;2,1285760402679443;1696,0140380859375;1586,09765625;1716;
123,883;2,2129766941070557;1727,07763671875;1742,40869140625;1716;
123,884;2,7633931636810303;1699,910888671875;1579,8450927734375;1716;
123,885;2,109389305114746;1734,240234375;1827,14599609375;1716;
123,886;2,7997701168060303;1720,8974609375;1747,473876953125;1716;
123,887;2,127399444580078;1696,911865234375;1710,1878662109375;1716;
123,888;2,2307002544403076;1730,495849609375;1712,6240234375;1716;
123,889;2,1360909938812256;1701,41455078125;1567,486328125;1716;
123,89;2,126164197921753;1736,431884765625;1835,5145263671875;1716;
123,891;2,809277296066284;1721,8216552734375;1752,568603515625;1716;
123,892;2,127399444580078;1697,211181640625;1712,6240234375;1716;
123,893;2,840707540512085;1731,430419921875;1712,6240234375;1716;
123,894;2,1372673511505127;1702,0166015625;1567,486328125;1716;
123,895;2,126164197921753;1736,431884765625;1835,5145263671875;1716;
123,896;2,808100938796997;1721,8216552734375;1752,568603515625;1716;
123,897;2,1313726902008057;1697,5107421875;1715,067138671875;1716;
123,898;2,2106237411499023;1732,053955078125;1866,8665771484375;1716;
123,899;2,124054193496704;1702,619140625;1629,081298828125;1716;
123,9;2,12734055519104;1716,904052734375;1672,130859375;1716;
123,901;2,808100938796997;1729,873291015625;1672,130859375;1716;
123,902;2,1301963329315186;1722,1300048828125;1791,7467041015625;1716;
123,903;2,2181003093719482;1732,365966796875;1887,381591796875;1716;
123,904;2,1421093940734863;1702,619140625;1637,959228515625;1716;
123,905;2,126164197921753;1722,1300048828125;1674,459716796875;1716;
123,906;2,1835761070251465;1732,365966796875;1672,130859375;1716;
123,907;2,133472204208374;1703,22216796875;1676,7950439453125;1716;
123,908;2,216923713684082;1723,982177734375;1807,912841796875;1716;
123,909;2,125230550765991;1698,409912109375;1737,3729248046875;1716;
123,91;2,108212947845459;1717,5172119140625;1794,4210205078125;1716;
123,911;2,8734824657440186;1712,6239013671875;1600,881591796875;1716;
123,912;2,140721321105957;1709,8837890625;1637,959228515625;1716;
123,913;2,216923713684082;1723,982177734375;1693,326904296875;1716;
123,914;2,130072593688965;1698,1102294921875;1681,4854736328125;1716;
123,915;2,103405714035034;1726,7677001953125;1832,716552734375;1716;
123,916;2,7997701168060303;1717,21044921875;1750,017578125;1716;
123,917;2,13954496383667;1712,6239013671875;1715,067138671875;1716;
123,918;2,776838541030884;1744,62109375;1818,8533935546875;1716;
123,919;2,130072593688965;1708,668701171875;1611,611328125;1716;
123,92;2,11419677734375;1727,07763671875;1878,5345458984375;1716;
123,921;2,8746590614318848;1717,5172119140625;1633,50830078125;1716;
123,922;2,121914863586426;1695,715087890625;1656,0084228515625;1716;
123,923;2,7645888328552246;1728,629638671875;1722,4384765625;1716;
123,924;2,125230550765991;1683,545654296875;1571,5843505859375;1716;
123,925;2,11419677734375;1733,927490234375;1832,716552734375;1716;
123,926;2,170125722885132;1720,8974609375;1750,017578125;1716;
123,927;2,1285760402679443;1697,5107421875;1715,067138671875;1716;
123,928;2,840707540512085;1731,7421875;1712,6240234375;1716;
123,929;2,1360909938812256;1702,31787109375;1567,486328125;1716;
123,93;2,12734055519104;1736,7454833984375;1838,3212890625;1716;
123,931;2,808100938796997;1722,1300048828125;1752,568603515625;1716;
123,932;2,1301963329315186;1722,1300048828125;1750,017578125;1716;
123,933;2,860448122024536;1732,053955078125;1712,6240234375;1716;
123,934;2,0994324684143066;1702,31787109375;1690,9451904296875;1716;
123,935;2,126164197921753;1723,3642578125;1724,90966796875;1716;
123,936;2,177438974380493;1715,372802734375;1698,1102294921875;1716;
123,937;2,1423614025115967;1711,1004638671875;1781,1290283203125;1716;
123,938;2,2043237686157227;1732,365966796875;1884,42333984375;1716;
123,939;2,1006088256835938;1702,619140625;1635,730712890625;1716;
123,94;2,126164197921753;1720,589599609375;1672,130859375;1716;
123,941;2,7831082344055176;1731,7421875;1816,1058349609375;1716;
123,942;2,1313726902008057;1717,5172119140625;1757,693115234375;1716;
123,943;2,216923713684082;1712,01416015625;1717,517333984375;1716;
123,944;2,111380100250244;1709,2760009765625;1569,53271484375;1716;
123,945;2,12734055519104;1721,20556640625;1710,1878662109375;1716;
123,946;2,1823997497558594;1731,7421875;1690,9451904296875;1716;
123,947;2,1301963329315186;1713,8447265625;1651,4588623046875;1716;
123,948;2,776838541030884;1728,008544921875;1805,1982421875;1716;
123,949;2,0994324684143066;1700,21142578125;1734,865966796875;1716;
123,95;2,108212947845459;1717,21044921875;1794,4210205078125;1716;
123,951;2,1897130012512207;1712,319091796875;1600,881591796875;1716;
123,952;2,1423614025115967;1706,849365234375;1712,6240234375;1716;
123,953;2,7855887413024902;1741,777587890625;1841,1363525390625;1716;
123,954;2,1065826416015625;1706,849365234375;1752,568603515625;1716;
123,955;2,108212947845459;1726,7677001953125;1791,7467041015625;1716;
123,956;2,1885366439819336;1717,21044921875;1600,881591796875;1716;
123,957;2,143537759780884;1715,9849853515625;1783,7716064453125;1716;
123,958;2,794097661972046;1728,629638671875;1727,3880615234375;1716;
123,959;2,0994324684143066;1700,511962890625;1698,1102294921875;1716;
123,96;2,12734055519104;1726,457763671875;1821,609130859375;1716;
123,961;2,1578519344329834;1716,904052734375;1744,9376220703125;1716;
123,962;2,1423614025115967;1709,2760009765625;1676,7950439453125;1716;
123,963;2,795274019241333;1743,672119140625;1821,609130859375;1716;
123,964;2,111380100250244;1708,365234375;1611,611328125;1716;
123,965;2,233217716217041;1727,387939453125;1875,6038818359375;1716;
123,966;2,1897130012512207;1717,5172119140625;1633,50830078125;1716;
123,967;2,124701738357544;1715,6788330078125;1773,2479248046875;1716;
123,968;2,7857866287231445;1746,2047119140625;1875,6038818359375;1716;
123,969;2,0952231884002686;1692,1351318359375;1633,50830078125;1716;
123,97;2,1823599338531494;1743,356201171875;1872,682373046875;1716;
123,971;2,176262617111206;1725,5284423828125;1768,032470703125;1716;
123,972;2,1313726902008057;1712,6239013671875;1737,3729248046875;1716;
123,973;2,7857866287231445;1726,7677001953125;1705,3363037109375;1716;
123,974;2,0994324684143066;1699,610595703125;1565,4454345703125;1716;
123,975;2,7853472232818604;1734,552978515625;1838,3212890625;1716;
123,976;2,212520122528076;1721,20556640625;1752,568603515625;1716;
123,977;2,1301963329315186;1721,8216552734375;1750,017578125;1716;
123,978;2,860448122024536;1731,7421875;1712,6240234375;1716;
123,979;2,0994324684143066;1701,715576171875;1565,4454345703125;1716;
123,98;2,188561201095581;1727,6982421875;1762,8475341796875;1716;
123,981;2,145029306411743;1717,5172119140625;1715,067138671875;1716;
123,982;2,1423614025115967;1722,4383544921875;1635,730712890625;1716;
123,983;2,777475595474243;1732,67822265625;1797,103271484375;1716;
123,984;2,0922188758850098;1702,31787109375;1600,881591796875;1716;
123,985;2,188561201095581;1720,8974609375;1827,14599609375;1716;
123,986;2,1577630043029785;1731,7421875;1747,473876953125;1716;
123,987;2,1313726902008057;1722,1300048828125;1752,568603515625;1716;
123,988;2,148127555847168;1731,430419921875;1712,6240234375;1716;
123,989;2,0910422801971436;1714,4556884765625;1863,9722900390625;1716;
123,99;2,1897377967834473;1727,6982421875;1762,8475341796875;1716;
123,991;2,145617723464966;1717,5172119140625;1715,067138671875;1716;
123,992;2,124701738357544;1722,4383544921875;1770,63623046875;1716;
123,993;2,131248950958252;1732,365966796875;1722,4384765625;1716;
123,994;2,0994324684143066;1702,0166015625;1569,53271484375;1716;
123,995;2,7841708660125732;1738,629150390625;1835,5145263671875;1716;
123,996;2,1528666019439697;1722,746826171875;1752,568603515625;1716;
123,997;2,1301963329315186;1721,513427734375;1750,017578125;1716;
123,998;2,148127555847168;1731,430419921875;1712,6240234375;1716;
123,999;2,0922188758850098;1714,150146484375;1863,9722900390625;1716;
124;2,2527108192443848;1727,6982421875;1762,8475341796875;1716;
124,001;2,145617723464966;1717,5172119140625;1715,067138671875;1716;
124,002;2,12587833404541;1722,4383544921875;1770,63623046875;1716;
124,003;2,130072593688965;1732,365966796875;1722,4384765625;1716;
124,004;2,0910422801971436;1701,715576171875;1712,6240234375;1716;
124,005;2,79243803024292;1738,629150390625;1835,5145263671875;1716;
124,006;2,1516902446746826;1722,746826171875;1752,568603515625;1716;
124,007;2,2043237686157227;1730,495849609375;1683,8404541015625;1716;
124,008;2,228987693786621;1735,8050537109375;1679,136962890625;1716;
124,009;2,0969862937927246;1699,310302734375;1715,067138671875;1716;
124,01;2,170125722885132;1720,281982421875;1693,326904296875;1716;
124,011;2,1491708755493164;1713,8447265625;1683,8404541015625;1716;
124,012;2,2043237686157227;1730,80712890625;1698,1102294921875;1716;
124,013;2,111701250076294;1718,437744140625;1686,2020263671875;1716;
124,014;2,104107141494751;1715,372802734375;1710,1878662109375;1716;
124,015;2,7746591567993164;1728,319091796875;1835,5145263671875;1716;
124,016;2,1540966033935547;1718,130859375;1674,459716796875;1716;
124,017;2,2055001258850098;1712,6239013671875;1674,459716796875;1716;
124,018;2,1355178356170654;1744,9376220703125;1818,8533935546875;1716;
124,019;2,1029305458068848;1712,01416015625;1783,7716064453125;1716;
124,02;2,171302318572998;1726,457763671875;1724,90966796875;1716;
124,021;2,1540966033935547;1702,31787109375;1695,715087890625;1716;
124,022;2,767617702484131;1722,4383544921875;1686,2020263671875;1716;
124,023;2,130740165710449;1732,67822265625;1827,14599609375;1716;
124,024;2,0910422801971436;1712,6239013671875;1781,1290283203125;1716;
124,025;2,170125722885132;1727,387939453125;1724,90966796875;1716;
124,026;2,155272960662842;1702,619140625;1698,1102294921875;1716;
124,027;2,495924711227417;1722,746826171875;1686,2020263671875;1716;
124,028;2,129563808441162;1732,67822265625;1827,14599609375;1716;
124,029;2,1722311973571777;1712,319091796875;1646,934326171875;1716;
124,03;2,1578519344329834;1726,7677001953125;1797,103271484375;1716;
124,031;2,1540966033935547;1708,365234375;1752,568603515625;1716;
124,032;2,1618447303771973;1708,365234375;1712,6240234375;1716;
124,033;2,1355178356170654;1742,40869140625;1841,1363525390625;1716;
124,034;2,158731698989868;1712,319091796875;1637,959228515625;1716;
124,035;2,1528913974761963;1726,7677001953125;1791,7467041015625;1716;
124,036;2,1540966033935547;1706,849365234375;1752,568603515625;1716;
124,037;2,7859249114990234;1707,15234375;1710,1878662109375;1716;
124,038;2,1338284015655518;1741,777587890625;1838,3212890625;1716;
124,039;2,158731698989868;1712,319091796875;1637,959228515625;1716;
124,04;2,1630351543426514;1726,457763671875;1791,7467041015625;1716;
124,041;2,155272960662842;1706,54638671875;1750,017578125;1716;
124,042;2,7859249114990234;1707,15234375;1710,1878662109375;1716;
124,043;2,1355178356170654;1741,777587890625;1838,3212890625;1716;
124,044;2,1599080562591553;1712,319091796875;1637,959228515625;1716;
124,045;2,1630351543426514;1726,457763671875;1791,7467041015625;1716;
124,046;2,1540966033935547;1706,849365234375;1752,568603515625;1716;
124,047;2,7871012687683105;1707,15234375;1710,1878662109375;1716;
124,048;2,1326520442962646;1716,904052734375;1600,881591796875;1716;
124,049;2,1408348083496094;1712,6239013671875;1778,494140625;1716;
124,05;2,1642117500305176;1726,7677001953125;1722,4384765625;1716;
124,051;2,1540966033935547;1700,812744140625;1698,1102294921875;1716;
124,052;2,7859249114990234;1721,513427734375;1683,8404541015625;1716;
124,053;2,1219398975372314;1716,2911376953125;1611,611328125;1716;
124,054;2,1525700092315674;1711,405029296875;1781,1290283203125;1716;
124,055;2,1630351543426514;1725,838134765625;1724,90966796875;1716;
124,056;2,266864538192749;1701,715576171875;1695,715087890625;1716;
124,057;2,124054193496704;1722,1300048828125;1683,8404541015625;1716;
124,058;2,1207635402679443;1717,21044921875;1613,774658203125;1716;
124,059;2,1537463665008545;1712,6239013671875;1783,7716064453125;1716;
124,06;2,1630351543426514;1726,7677001953125;1724,90966796875;1716;
124,061;2,2162764072418213;1702,619140625;1698,1102294921875;1716;
124,062;2,7871012687683105;1722,4383544921875;1686,2020263671875;1716;
124,063;2,1029305458068848;1717,21044921875;1744,9376220703125;1716;
124,064;2,1212377548217773;1712,6239013671875;1712,6240234375;1716;
124,065;2,1642117500305176;1727,07763671875;1835,5145263671875;1716;
124,066;2,2162764072418213;1716,2911376953125;1672,130859375;1716;
124,067;2,7859249114990234;1712,01416015625;1672,130859375;1716;
124,068;2,1338284015655518;1716,904052734375;1618,1185302734375;1716;
124,069;2,1832001209259033;1712,319091796875;1786,4219970703125;1716;
124,07;2,154526472091675;1733,614990234375;1724,90966796875;1716;
124,071;2,2174527645111084;1703,22216796875;1698,1102294921875;1716;
124,072;2,124054193496704;1722,746826171875;1683,8404541015625;1716;
124,073;2,183378219604492;1717,5172119140625;1615,943603515625;1716;
124,074;2,759232997894287;1712,6239013671875;1783,7716064453125;1716;
124,075;2,154526472091675;1740,516845703125;1797,103271484375;1716;
124,076;2,2162764072418213;1689,7568359375;1603,01611328125;1716;
124,077;2,125230550765991;1715,6788330078125;1635,730712890625;1716;
124,078;2,2018630504608154;1717,5172119140625;1637,959228515625;1716;
124,079;2,7503437995910645;1712,6239013671875;1797,103271484375;1716;
124,08;2,155702829360962;1726,7677001953125;1884,42333984375;1716;
124,081;2,2162764072418213;1701,113525390625;1662,8797607421875;1716;
124,082;2,1176555156707764;1721,513427734375;1667,4925537109375;1716;
124,083;2,1703238487243652;1717,21044921875;1755,127197265625;1716;
124,084;2,7829601764678955;1695,416259765625;1588,1929931640625;1716;
124,085;2,1484439373016357;1728,008544921875;1742,40869140625;1716;
124,086;2,2111330032348633;1700,511962890625;1579,8450927734375;1716;
124,087;2,1180360317230225;1704,127685546875;1624,678466796875;1716;
124,088;2,1772165298461914;1724,9095458984375;1783,7716064453125;1716;
124,089;2,7758355140686035;1698,7100830078125;1598,7528076171875;1716;
124,09;2,1484439373016357;1734,552978515625;1739,8873291015625;1716;
124,091;2,166550636291504;1703,52392578125;1579,8450927734375;1716;
124,092;2,1009695529937744;1705,638671875;1624,678466796875;1716;
124,093;2,1772165298461914;1717,21044921875;1715,067138671875;1716;
124,094;2,758056640625;1696,0140380859375;1698,1102294921875;1716;
124,095;2,149620294570923;1731,118896484375;1719,974365234375;1716;
124,096;2,1791088581085205;1702,0166015625;1571,5843505859375;1716;
124,097;2,1176555156707764;1721,8216552734375;1752,568603515625;1716;
124,098;2,1845545768737793;1722,746826171875;1752,568603515625;1716;
124,099;2,758056640625;1698,1102294921875;1715,067138671875;1716;
124,1;2,166691541671753;1731,7421875;1712,6240234375;1716;
124,101;2,1741385459899902;1702,31787109375;1567,486328125;1716;
124,102;2,1176555156707764;1722,1300048828125;1752,568603515625;1716;
124,103;2,183378219604492;1721,8216552734375;1752,568603515625;1716;
124,104;2,759232997894287;1697,211181640625;1715,067138671875;1716;
124,105;2,166691541671753;1731,430419921875;1712,6240234375;1716;
124,106;2,172961950302124;1702,0166015625;1567,486328125;1716;
124,107;2,12734055519104;1722,1300048828125;1752,568603515625;1716;
124,108;2,183378219604492;1704,731689453125;1620,29931640625;1716;
124,109;2,145577907562256;1688,86669921875;1646,934326171875;1716;
124,11;2,16178560256958;1731,430419921875;1747,473876953125;1716;
124,111;2,7716546058654785;1702,0166015625;1581,923828125;1716;
124,112;2,1176555156707764;1721,8216552734375;1757,693115234375;1716;
124,113;2,1845545768737793;1717,21044921875;1681,4854736328125;1716;
124,114;2,145577907562256;1695,117431640625;1679,136962890625;1716;
124,115;2,1484439373016357;1731,430419921875;1884,42333984375;1716;
124,116;2,7893545627593994;1702,0166015625;1635,730712890625;1716;
124,117;2,1176555156707764;1721,8216552734375;1794,4210205078125;1716;
124,118;2,16489315032959;1731,7421875;1816,1058349609375;1716;
124,119;2,7515201568603516;1702,31787109375;1744,9376220703125;1716;
124,12;2,154526472091675;1712,319091796875;1715,067138671875;1716;
124,121;2,788177967071533;1709,8837890625;1569,53271484375;1716;
124,122;2,12734055519104;1726,14794921875;1712,6240234375;1716;
124,123;2,189539670944214;1732,365966796875;1693,326904296875;1716;
124,124;2,170125722885132;1702,619140625;1683,8404541015625;1716;
124,125;2,155702829360962;1727,6982421875;1802,4918212890625;1716;
124,126;2,7633931636810303;1700,21142578125;1734,865966796875;1716;
124,127;2,108212947845459;1704,127685546875;1797,103271484375;1716;
124,128;2,1968777179718018;1713,2340087890625;1605,1563720703125;1716;
124,129;2,133892297744751;1711,1004638671875;1778,494140625;1716;
124,13;2,154526472091675;1729,562255859375;1727,3880615234375;1716;
124,131;2,7728312015533447;1701,41455078125;1698,1102294921875;1716;
124,132;2,126164197921753;1721,513427734375;1683,8404541015625;1716;
124,133;2,16489315032959;1716,597412109375;1744,9376220703125;1716;
124,134;2,2302048206329346;1711,405029296875;1710,1878662109375;1716;
124,135;2,154526472091675;1742,093017578125;1816,1058349609375;1716;
124,136;2,7716546058654785;1707,15234375;1609,4539794921875;1716;
124,137;2,109389305114746;1726,7677001953125;1878,5345458984375;1716;
124,138;2,151280164718628;1717,21044921875;1635,730712890625;1716;
124,139;2,133892297744751;1695,416259765625;1656,0084228515625;1716;
124,14;2,149620294570923;1728,9404296875;1722,4384765625;1716;
124,141;2,7605767250061035;1684,13525390625;1571,5843505859375;1716;
124,142;2,11419677734375;1734,240234375;1832,716552734375;1716;
124,143;2,782510995864868;1720,589599609375;1750,017578125;1716;
124,144;2,758056640625;1696,6124267578125;1712,6240234375;1716;
124,145;2,166691541671753;1730,80712890625;1712,6240234375;1716;
124,146;2,781092882156372;1701,715576171875;1567,486328125;1716;
124,147;2,126164197921753;1736,7454833984375;1838,3212890625;1716;
124,148;2,258348226547241;1722,1300048828125;1752,568603515625;1716;
124,149;2,2120485305786133;1697,5107421875;1712,6240234375;1716;
124,15;2,2295238971710205;1731,7421875;1712,6240234375;1716;
124,151;2,1360909938812256;1702,0166015625;1567,486328125;1716;
124,152;2,12734055519104;1736,431884765625;1835,5145263671875;1716;
124,153;2,139263153076172;1721,8216552734375;1752,568603515625;1716;
124,154;2,127399444580078;1697,5107421875;1715,067138671875;1716;
124,155;2,149620294570923;1731,7421875;1861,0867919921875;1716;
124,156;2,7633931636810303;1702,31787109375;1626,876953125;1716;
124,157;2,126164197921753;1734,552978515625;1818,8533935546875;1716;
124,158;2,140439748764038;1721,20556640625;1613,774658203125;1716;
124,159;2,127399444580078;1697,5107421875;1644,681396484375;1716;
124,16;2,2295238971710205;1715,372802734375;1618,1185302734375;1716;
124,161;2,756308078765869;1694,8187255859375;1644,681396484375;1716;
124,162;2,120180368423462;1718,7447509765625;1688,5703125;1716;
124,163;2,808100938796997;1716,2911376953125;1681,4854736328125;1716;
124,164;2,140721321105957;1712,01416015625;1679,136962890625;1716;
124,165;2,154526472091675;1727,387939453125;1805,1982421875;1716;
124,166;2,148127555847168;1699,910888671875;1605,1563720703125;1716;
124,167;2,109389305114746;1721,8216552734375;1832,716552734375;1716;
124,168;2,1452717781066895;1714,4556884765625;1618,1185302734375;1716;
124,169;2,121914863586426;1694,2216796875;1649,1934814453125;1716;
124,17;2,2118000984191895;1741,777587890625;1832,716552734375;1716;
124,171;2,7633931636810303;1707,15234375;1747,473876953125;1716;
124,172;2,108212947845459;1725,5284423828125;1794,4210205078125;1716;
124,173;2,8746590614318848;1716,597412109375;1600,881591796875;1716;
124,174;2,13954496383667;1712,319091796875;1775,8671875;1716;
124,175;2,216923713684082;1729,2513427734375;1727,3880615234375;1716;
124,176;2,131248950958252;1700,812744140625;1698,1102294921875;1716;
124,177;2,126164197921753;1726,457763671875;1821,609130859375;1716;
124,178;2,7831082344055176;1716,904052734375;1744,9376220703125;1716;
124,179;2,140721321105957;1712,319091796875;1712,6240234375;1716;
124,18;2,216923713684082;1725,5284423828125;1674,459716796875;1716;
124,181;2,7716546058654785;1699,310302734375;1551,305908203125;1716;
124,182;2,109389305114746;1718,130859375;1838,3212890625;1716;
124,183;2,8734824657440186;1712,928955078125;1618,1185302734375;1716;
124,184;2,121914863586426;1693,6248779296875;1649,1934814453125;1716;
124,185;2,2307002544403076;1733,614990234375;1729,8734130859375;1716;
124,186;2,1360909938812256;1686,4976806640625;1575,7039794921875;1716;
124,187;2,11419677734375;1737,05908203125;1832,716552734375;1716;
124,188;2,809277296066284;1722,4383544921875;1750,017578125;1716;
124,189;2,127399444580078;1698,409912109375;1715,067138671875;1716;
124,19;2,2295238971710205;1731,7421875;1712,6240234375;1716;
124,191;2,1372673511505127;1702,31787109375;1567,486328125;1716;
124,192;2,126164197921753;1719,3592529296875;1693,326904296875;1716;
124,193;2,808100938796997;1713,539306640625;1681,4854736328125;1716;
124,194;2,123091459274292;1693,6248779296875;1679,136962890625;1716;
124,195;2,2106237411499023;1732,365966796875;1887,381591796875;1716;
124,196;2,788177967071533;1702,31787109375;1637,959228515625;1716;
124,197;2,12734055519104;1721,513427734375;1674,459716796875;1716;
124,198;2,808100938796997;1732,365966796875;1672,130859375;1716;
124,199;2,133472204208374;1703,22216796875;1676,7950439453125;1716;
124,2;2,2181003093719482;1723,982177734375;1807,912841796875;1716;
124,201;2,7633931636810303;1698,409912109375;1737,3729248046875;1716;
124,202;2,108212947845459;1717,5172119140625;1794,4210205078125;1716;
124,203;2,8746590614318848;1712,6239013671875;1600,881591796875;1716;
124,204;2,13954496383667;1710,187744140625;1775,8671875;1716;
124,205;2,216923713684082;1728,629638671875;1729,8734130859375;1716;
124,206;2,131248950958252;1700,812744140625;1700,51220703125;1716;
124,207;2,126164197921753;1727,07763671875;1821,609130859375;1716;
124,208;2,7831082344055176;1717,823974609375;1744,9376220703125;1716;
124,209;2,140721321105957;1712,6239013671875;1710,1878662109375;1716;
124,21;2,216923713684082;1725,838134765625;1676,7950439453125;1716;
124,211;2,130072593688965;1699,910888671875;1553,3101806640625;1716;
124,212;2,109389305114746;1719,052001953125;1838,3212890625;1716;
124,213;2,8021228313446045;1713,539306640625;1752,568603515625;1716;
124,214;2,121914863586426;1693,6248779296875;1715,067138671875;1716;
124,215;2,2307002544403076;1730,495849609375;1710,1878662109375;1716;
124,216;2,1360909938812256;1701,41455078125;1567,486328125;1716;
124,217;2,126164197921753;1736,118408203125;1838,3212890625;1716;
124,218;2,809277296066284;1721,8216552734375;1752,568603515625;1716;
124,219;2,127399444580078;1697,810546875;1715,067138671875;1716;
124,22;2,2295238971710205;1732,053955078125;1712,6240234375;1716;
124,221;2,1372673511505127;1702,31787109375;1567,486328125;1716;
124,222;2,126164197921753;1736,431884765625;1835,5145263671875;1716;
124,223;2,8052546977996826;1704,731689453125;1620,29931640625;1716;
124,224;2,1374552249908447;1705,941162109375;1681,4854736328125;1716;
124,225;2,7756621837615967;1732,053955078125;1827,14599609375;1716;
124,226;2,130072593688965;1702,619140625;1613,774658203125;1716;
124,227;2,12734055519104;1708,97216796875;1676,7950439453125;1716;
124,228;2,1578519344329834;1725,838134765625;1818,8533935546875;1716;
124,229;2,1301963329315186;1699,610595703125;1747,473876953125;1716;
124,23;2,2118000984191895;1729,562255859375;1866,8665771484375;1716;
124,231;2,2309327125549316;1718,130859375;1629,081298828125;1716;
124,232;2,11419677734375;1720,8974609375;1818,8533935546875;1716;
124,233;2,171302318572998;1731,7421875;1742,40869140625;1716;
124,234;2,127399444580078;1702,0166015625;1707,7586669921875;1716;
124,235;2,216923713684082;1740,201904296875;1799,7935791015625;1716;
124,236;2,1065826416015625;1705,941162109375;1732,3660888671875;1716;
124,237;2,108212947845459;1717,21044921875;1797,103271484375;1716;
124,238;2,8734824657440186;1712,319091796875;1603,01611328125;1716;
124,239;2,140721321105957;1709,579833984375;1637,959228515625;1716;
124,24;2,216923713684082;1724,291259765625;1693,326904296875;1716;
124,241;2,213602066040039;1698,409912109375;1681,4854736328125;1716;
124,242;2,103405714035034;1726,457763671875;1829,9271240234375;1716;
124,243;2,8649837970733643;1716,904052734375;1615,943603515625;1716;
124,244;2,13954496383667;1712,01416015625;1783,7716064453125;1716;
124,245;2,776838541030884;1741,4622802734375;1799,7935791015625;1716;
124,246;2,130072593688965;1689,7568359375;1603,01611328125;1716;
124,247;2,120180368423462;1726,14794921875;1881,4742431640625;1716;
124,248;2,883157968521118;1716,904052734375;1635,730712890625;1716;
124,249;2,121914863586426;1695,416259765625;1658,29248046875;1716;
124,25;2,7674152851104736;1729,562255859375;1722,4384765625;1716;
124,251;2,1006088256835938;1701,113525390625;1695,715087890625;1716;
124,252;2,126164197921753;1743,040283203125;1832,716552734375;1716;
124,253;2,808100938796997;1725,218994140625;1750,017578125;1716;
124,254;2,1313726902008057;1705,336181640625;1744,9376220703125;1716;
124,255;2,216923713684082;1723,673095703125;1710,1878662109375;1716;
124,256;2,198171854019165;1698,7100830078125;1567,486328125;1716;
124,257;2,12734055519104;1735,1788330078125;1835,5145263671875;1716;
124,258;2,176262617111206;1721,513427734375;1752,568603515625;1716;
124,259;2,127399444580078;1697,211181640625;1712,6240234375;1716;
124,26;2,860448122024536;1731,430419921875;1712,6240234375;1716;
124,261;2,0994324684143066;1702,0166015625;1567,486328125;1716;
124,262;2,126164197921753;1719,052001953125;1690,9451904296875;1716;
124,263;2,177438974380493;1713,2340087890625;1681,4854736328125;1716;
124,264;2,124701738357544;1693,3267822265625;1789,08056640625;1716;
124,265;2,859271764755249;1731,7421875;1729,8734130859375;1716;
124,266;2,1006088256835938;1702,0166015625;1700,51220703125;1716;
124,267;2,188561201095581;1727,387939453125;1722,4384765625;1716;
124,268;2,176262617111206;1717,21044921875;1695,715087890625;1716;
124,269;2,143537759780884;1721,8216552734375;1781,1290283203125;1716;
124,27;2,2141811847686768;1732,053955078125;1884,42333984375;1716;
124,271;2,0994324684143066;1702,31787109375;1635,730712890625;1716;
124,272;2,1897377967834473;1720,281982421875;1669,8084716796875;1716;
124,273;2,1578519344329834;1731,430419921875;1813,3665771484375;1716;
124,274;2,1301963329315186;1717,5172119140625;1757,693115234375;1716;
124,275;2,1807968616485596;1712,01416015625;1717,517333984375;1716;
124,276;2,111380100250244;1709,2760009765625;1569,53271484375;1716;
124,277;2,188561201095581;1721,20556640625;1710,1878662109375;1716;
124,278;2,8661603927612305;1714,4556884765625;1567,486328125;1716;
124,279;2,124701738357544;1693,923095703125;1717,517333984375;1716;
124,28;2,844021797180176;1728,008544921875;1843,960205078125;1716;
124,281;2,1006088256835938;1700,21142578125;1620,29931640625;1716;
124,282;2,108212947845459;1729,873291015625;1829,9271240234375;1716;
124,283;2,1885366439819336;1718,7447509765625;1615,943603515625;1716;
124,284;2,1313726902008057;1707,15234375;1705,3363037109375;1716;
124,285;2,7857866287231445;1742,40869140625;1838,3212890625;1716;
124,286;2,1054062843322754;1707,455322265625;1750,017578125;1716;
124,287;2,109389305114746;1726,14794921875;1791,7467041015625;1716;
124,288;2,1885366439819336;1716,904052734375;1600,881591796875;1716;
124,289;2,1423614025115967;1715,9849853515625;1783,7716064453125;1716;
124,29;2,795274019241333;1728,629638671875;1727,3880615234375;1716;
124,291;2,093395233154297;1700,511962890625;1698,1102294921875;1716;
124,292;2,1630351543426514;1726,457763671875;1821,609130859375;1716;
124,293;2,177438974380493;1716,904052734375;1611,611328125;1716;
124,294;2,1423614025115967;1721,8216552734375;1781,1290283203125;1716;
124,295;2,794097661972046;1731,7421875;1727,3880615234375;1716;
124,296;2,1006088256835938;1701,715576171875;1698,1102294921875;1716;
124,297;2,188561201095581;1726,457763671875;1821,609130859375;1716;
124,298;2,165165424346924;1716,904052734375;1611,611328125;1716;
124,299;2,143537759780884;1721,513427734375;1778,494140625;1716;
124,3;2,794097661972046;1731,430419921875;1724,90966796875;1716;
124,301;2,0994324684143066;1701,715576171875;1698,1102294921875;1716;
124,302;2,1897377967834473;1726,7677001953125;1821,609130859375;1716;
124,303;2,145617723464966;1717,21044921875;1744,9376220703125;1716;
124,304;2,1423614025115967;1709,579833984375;1676,7950439453125;1716;
124,305;2,1372673511505127;1743,672119140625;1821,609130859375;1716;
124,306;2,111380100250244;1708,061767578125;1609,4539794921875;1716;
124,307;2,176158905029297;1727,6982421875;1878,5345458984375;1716;
124,308;2,146794080734253;1717,823974609375;1770,63623046875;1716;
124,309;2,124701738357544;1720,8974609375;1810,6357421875;1716;
124,31;2,7857866287231445;1731,118896484375;1739,8873291015625;1716;
124,311;2,118530511856079;1719,052001953125;1705,3363037109375;1716;
124,312;2,767617702484131;1743,356201171875;1827,14599609375;1716;
124,313;2,1516902446746826;1725,5284423828125;1747,473876953125;1716;
124,314;2,149620294570923;1712,6239013671875;1676,7950439453125;1716;
124,315;2,8024086952209473;1727,07763671875;1676,7950439453125;1716;
124,316;2,108874797821045;1712,928955078125;1712,6240234375;1716;
124,317;2,177335262298584;1727,387939453125;1835,5145263671875;1716;
124,318;2,145617723464966;1717,5172119140625;1752,568603515625;1716;
124,319;2,2531471252441406;1711,70947265625;1672,130859375;1716;
124,32;2,1372673511505127;1726,457763671875;1674,459716796875;1716;
124,321;2,108874797821045;1711,70947265625;1712,6240234375;1716;
124,322;2,829953193664551;1726,457763671875;1835,5145263671875;1716;
124,323;2,146794080734253;1716,597412109375;1615,943603515625;1716;
124,324;2,252558946609497;1707,758544921875;1642,4345703125;1716;
124,325;2,1355178356170654;1742,093017578125;1799,7935791015625;1716;
124,326;2,080918550491333;1712,01416015625;1794,4210205078125;1716;
124,327;2,7829601764678955;1726,457763671875;1881,4742431640625;1716;
124,328;2,1540966033935547;1716,904052734375;1773,2479248046875;1716;
124,329;2,2055001258850098;1721,20556640625;1669,8084716796875;1716;
124,33;2,1360909938812256;1731,118896484375;1672,130859375;1716;
124,331;2,108874797821045;1712,01416015625;1715,067138671875;1716;
124,332;2,7758355140686035;1727,07763671875;1838,3212890625;1716;
124,333;2,1526834964752197;1717,5172119140625;1672,130859375;1716;
124,334;2,2043237686157227;1712,6239013671875;1674,459716796875;1716;
124,335;2,1188318729400635;1726,7677001953125;1674,459716796875;1716;
124,336;2,108874797821045;1711,70947265625;1712,6240234375;1716;
124,337;2,7746591567993164;1726,457763671875;1835,5145263671875;1716;
124,338;2,146794080734253;1716,597412109375;1615,943603515625;1716;
124,339;2,2043237686157227;1707,758544921875;1642,4345703125;1716;
124,34;2,1355178356170654;1742,093017578125;1799,7935791015625;1716;
124,341;2,080918550491333;1712,01416015625;1794,4210205078125;1716;
124,342;2,1823997497558594;1726,457763671875;1729,8734130859375;1716;
124,343;2,1540966033935547;1704,4295654296875;1695,715087890625;1716;
124,344;2,2055001258850098;1723,3642578125;1686,2020263671875;1716;
124,345;2,1057472229003906;1715,067138671875;1681,4854736328125;1716;
124,346;2,1029305458068848;1712,01416015625;1710,1878662109375;1716;
124,347;2,7758355140686035;1727,07763671875;1835,5145263671875;1716;
124,348;2,1526834964752197;1717,5172119140625;1615,943603515625;1716;
124,349;2,2043237686157227;1708,061767578125;1642,4345703125;1716;
124,35;2,1366941928863525;1742,40869140625;1799,7935791015625;1716;
124,351;2,079741954803467;1712,01416015625;1794,4210205078125;1716;
124,352;2,7829601764678955;1726,457763671875;1881,4742431640625;1716;
124,353;2,155272960662842;1716,597412109375;1603,01611328125;1716;
124,354;2,767617702484131;1716,904052734375;1637,959228515625;1716;
124,355;2,1414718627929688;1746,839111328125;1797,103271484375;1716;
124,356;2,086862802505493;1712,01416015625;1794,4210205078125;1716;
124,357;2,1639888286590576;1726,457763671875;1881,4742431640625;1716;
124,358;2,1540966033935547;1700,511962890625;1662,8797607421875;1716;
124,359;2,7871012687683105;1721,20556640625;1669,8084716796875;1716;
124,36;2,1414718627929688;1749,062744140625;1816,1058349609375;1716;
124,361;2,1029305458068848;1711,70947265625;1786,4219970703125;1716;
124,362;2,241274118423462;1726,7677001953125;1878,5345458984375;1716;
124,363;2,1540966033935547;1690,350830078125;1603,01611328125;1716;
124,364;2,186012029647827;1716,2911376953125;1773,2479248046875;1716;
124,365;2,142648458480835;1746,5218505859375;1875,6038818359375;1716;
124,366;2,1493492126464844;1709,8837890625;1775,8671875;1716;
124,367;2,1813721656799316;1743,040283203125;1872,682373046875;1716;
124,368;2,1613755226135254;1700,511962890625;1667,4925537109375;1716;
124,369;2,162358283996582;1721,513427734375;1813,3665771484375;1716;
124,37;2,1207635402679443;1731,7421875;1742,40869140625;1716;
124,371;2,1537463665008545;1694,52001953125;1702,9207763671875;1716;
124,372;2,175259828567505;1735,1788330078125;1829,9271240234375;1716;
124,373;2,160198926925659;1698,1102294921875;1567,486328125;1716;
124,374;2,7871012687683105;1720,589599609375;1618,1185302734375;1716;
124,375;2,1236095428466797;1731,7421875;1786,4219970703125;1716;
124,376;2,1525700092315674;1713,2340087890625;1846,792724609375;1716;
124,377;2,15726375579834;1710,187744140625;1755,127197265625;1716;
124,378;2,160198926925659;1702,31787109375;1598,7528076171875;1716;
124,379;2,7692432403564453;1722,746826171875;1770,63623046875;1716;
124,38;2,1219398975372314;1732,365966796875;1722,4384765625;1716;
124,381;2,1525700092315674;1702,0166015625;1712,6240234375;1716;
124,382;2,175259828567505;1738,629150390625;1835,5145263671875;1716;
124,383;2,2837724685668945;1701,41455078125;1565,4454345703125;1716;
124,384;2,7692432403564453;1721,513427734375;1747,473876953125;1716;
124,385;2,1207635402679443;1721,513427734375;1752,568603515625;1716;
124,386;2,1537463665008545;1696,911865234375;1712,6240234375;1716;
124,387;2,175259828567505;1735,8050537109375;1835,5145263671875;1716;
124,388;2,2225961685180664;1702,0166015625;1567,486328125;1716;
124,389;2,7704198360443115;1721,8216552734375;1750,017578125;1716;
124,39;2,1207635402679443;1713,539306640625;1683,8404541015625;1716;
124,391;2,1525700092315674;1693,6248779296875;1681,4854736328125;1716;
124,392;2,176436185836792;1734,552978515625;1818,8533935546875;1716;
124,393;2,2352356910705566;1702,619140625;1575,7039794921875;1716;
124,394;2,7775840759277344;1722,746826171875;1755,127197265625;1716;
124,395;2,1278841495513916;1716,2911376953125;1683,8404541015625;1716;
124,396;2,158731698989868;1695,416259765625;1681,4854736328125;1716;
124,397;2,1569230556488037;1718,130859375;1676,7950439453125;1716;
124,398;2,2300922870635986;1702,920654296875;1635,730712890625;1716;
124,399;2,7692432403564453;1705,638671875;1653,7305908203125;1716;
124,4;2,114819288253784;1732,365966796875;1742,40869140625;1716;
124,401;2,138364553451538;1702,920654296875;1710,1878662109375;1716;
124,402;2,154526472091675;1721,8216552734375;1690,9451904296875;1716;
124,403;2,2289159297943115;1710,187744140625;1631,291748046875;1716;
124,404;2,7704198360443115;1708,97216796875;1653,7305908203125;1716;
124,405;2,114819288253784;1731,7421875;1742,40869140625;1716;
124,406;2,758056640625;1702,31787109375;1710,1878662109375;1716;
124,407;2,1642117500305176;1721,8216552734375;1690,9451904296875;1716;
124,408;2,2289159297943115;1710,187744140625;1631,291748046875;1716;
124,409;2,7692432403564453;1708,97216796875;1651,4588623046875;1716;
124,41;2,1159956455230713;1732,053955078125;1744,9376220703125;1716;
124,411;2,1092207431793213;1702,920654296875;1712,6240234375;1716;
124,412;2,1630351543426514;1722,1300048828125;1835,5145263671875;1716;
124,413;2,2111330032348633;1706,54638671875;1732,3660888671875;1716;
124,414;2,1065874099731445;1707,15234375;1702,9207763671875;1716;
124,415;2,1326520442962646;1729,562255859375;1734,865966796875;1716;
124,416;2,116405725479126;1718,437744140625;1705,3363037109375;1716;
124,417;2,160609245300293;1729,873291015625;1832,716552734375;1716;
124,418;2,2162764072418213;1707,15234375;1734,865966796875;1716;
124,419;2,762667179107666;1707,455322265625;1705,3363037109375;1716;
124,42;2,1957013607025146;1730,495849609375;1734,865966796875;1716;
124,421;2,766357898712158;1719,666748046875;1707,7586669921875;1716;
124,422;2,16178560256958;1731,118896484375;1832,716552734375;1716;
124,423;2,2162764072418213;1707,758544921875;1732,3660888671875;1716;
124,424;2,8000073432922363;1707,758544921875;1702,9207763671875;1716;
124,425;2,1968777179718018;1712,928955078125;1605,1563720703125;1716;
124,426;2,766357898712158;1709,8837890625;1640,19384765625;1716;
124,427;2,154526472091675;1741,777587890625;1838,3212890625;1716;
124,428;2,2174527645111084;1690,350830078125;1618,1185302734375;1716;
124,429;2,111701250076294;1715,9849853515625;1781,1290283203125;1716;
124,43;2,2018630504608154;1717,21044921875;1573,6414794921875;1716;
124,431;2,7515201568603516;1712,319091796875;1757,693115234375;1716;
124,432;2,154526472091675;1720,281982421875;1732,3660888671875;1716;
124,433;2,2162764072418213;1696,0140380859375;1700,51220703125;1716;
124,434;2,11287784576416;1718,437744140625;1686,2020263671875;1716;
124,435;2,183378219604492;1716,904052734375;1613,774658203125;1716;
124,436;2,758056640625;1712,6239013671875;1783,7716064453125;1716;
124,437;2,155702829360962;1732,053955078125;1727,3880615234375;1716;
124,438;2,1726973056793213;1702,31787109375;1698,1102294921875;1716;
124,439;2,1176555156707764;1721,8216552734375;1683,8404541015625;1716;
124,44;2,1845545768737793;1716,597412109375;1613,774658203125;1716;
124,441;2,758056640625;1711,70947265625;1783,7716064453125;1716;
124,442;2,154526472091675;1739,88720703125;1797,103271484375;1716;
124,443;2,1679916381835938;1689,4599609375;1603,01611328125;1716;
124,444;2,111701250076294;1715,6788330078125;1635,730712890625;1716;
124,445;2,183378219604492;1717,21044921875;1770,63623046875;1716;
124,446;2,759232997894287;1712,319091796875;1724,90966796875;1716;
124,447;2,154526472091675;1731,430419921875;1672,130859375;1716;
124,448;2,1668150424957275;1702,0166015625;1551,305908203125;1716;
124,449;2,1009695529937744;1705,336181640625;1742,40869140625;1716;
124,45;2,1772165298461914;1713,2340087890625;1752,568603515625;1716;
124,451;2,758056640625;1693,6248779296875;1715,067138671875;1716;
124,452;2,167868137359619;1730,495849609375;1710,1878662109375;1716;
124,453;2,779916524887085;1701,41455078125;1567,486328125;1716;
124,454;2,1176555156707764;1721,513427734375;1750,017578125;1716;
124,455;2,1845545768737793;1721,8216552734375;1752,568603515625;1716;
124,456;2,758056640625;1697,810546875;1715,067138671875;1716;
124,457;2,166691541671753;1732,053955078125;1712,6240234375;1716;
124,458;2,781092882156372;1702,31787109375;1567,486328125;1716;
124,459;2,1176555156707764;1722,1300048828125;1752,568603515625;1716;
124,46;2,183378219604492;1721,8216552734375;1752,568603515625;1716;
124,461;2,759232997894287;1697,5107421875;1715,067138671875;1716;
124,462;2,166691541671753;1731,7421875;1712,6240234375;1716;
124,463;2,779916524887085;1702,31787109375;1567,486328125;1716;
124,464;2,1188318729400635;1722,1300048828125;1752,568603515625;1716;
124,465;2,183378219604492;1712,928955078125;1681,4854736328125;1716;
124,466;2,1427814960479736;1693,3267822265625;1681,4854736328125;1716;
124,467;2,167868137359619;1731,7421875;1729,8734130859375;1716;
124,468;2,172961950302124;1702,619140625;1700,51220703125;1716;
124,469;2,1176555156707764;1722,746826171875;1829,9271240234375;1716;
124,47;2,19071626663208;1714,150146484375;1667,4925537109375;1716;
124,471;2,151715040206909;1711,405029296875;1674,459716796875;1716;
124,472;2,154526472091675;1723,982177734375;1807,912841796875;1716;
124,473;2,854736089706421;1698,7100830078125;1605,1563720703125;1716;
124,474;2,099792957305908;1703,52392578125;1637,959228515625;1716;
124,475;2,189539670944214;1715,372802734375;1620,29931640625;1716;
124,476;2,1528913974761963;1694,2216796875;1646,934326171875;1716;
124,477;2,1484439373016357;1741,4622802734375;1832,716552734375;1716;
124,478;2,16066837310791;1690,0537109375;1615,943603515625;1716;
124,479;2,103405714035034;1725,5284423828125;1872,682373046875;1716;
124,48;2,2575151920318604;1716,2911376953125;1633,50830078125;1716;
124,481;2,7420425415039062;1711,70947265625;1794,4210205078125;1716;
124,482;2,155702829360962;1745,254150390625;1794,4210205078125;1716;
124,483;2,1668150424957275;1691,83740234375;1600,881591796875;1716;
124,484;2,120180368423462;1716,597412109375;1770,63623046875;1716;
124,485;2,1845545768737793;1712,928955078125;1737,3729248046875;1716;
124,486;2,7420425415039062;1693,3267822265625;1707,7586669921875;1716;
124,487;2,166691541671753;1727,07763671875;1712,6240234375;1716;
124,488;2,781092882156372;1699,610595703125;1567,486328125;1716;
124,489;2,126164197921753;1720,589599609375;1752,568603515625;1716;
124,49;2,183378219604492;1721,513427734375;1752,568603515625;1716;
124,491;2,759232997894287;1697,5107421875;1715,067138671875;1716;
124,492;2,166691541671753;1731,7421875;1712,6240234375;1716;
124,493;2,172961950302124;1702,31787109375;1567,486328125;1716;
124,494;2,1188318729400635;1722,1300048828125;1752,568603515625;1716;
124,495;2,183378219604492;1713,2340087890625;1683,8404541015625;1716;
124,496;2,147930860519409;1693,0286865234375;1679,136962890625;1716;
124,497;2,149620294570923;1731,430419921875;1881,4742431640625;1716;
124,498;2,788177967071533;1702,0166015625;1635,730712890625;1716;
124,499;2,1176555156707764;1721,8216552734375;1794,4210205078125;1716;
124,5;2,1845545768737793;1731,430419921875;1674,459716796875;1716;
124,501;2,145577907562256;1702,0166015625;1674,459716796875;1716;
124,502;2,154526472091675;1722,746826171875;1805,1982421875;1716;
124,503;2,7645695209503174;1697,810546875;1734,865966796875;1716;
124,504;2,093839168548584;1702,619140625;1705,3363037109375;1716;
124,505;2,189539670944214;1712,319091796875;1603,01611328125;1716;
124,506;2,7675342559814453;1709,8837890625;1640,19384765625;1716;
124,507;2,154526472091675;1724,291259765625;1693,326904296875;1716;
124,508;2,7716546058654785;1698,7100830078125;1681,4854736328125;1716;
124,509;2,109389305114746;1726,7677001953125;1832,716552734375;1716;
124,51;2,1772165298461914;1716,904052734375;1747,473876953125;1716;
124,511;2,7746591567993164;1694,8187255859375;1584,0079345703125;1716;
124,512;2,1679916381835938;1725,838134765625;1742,40869140625;1716;
124,513;2,7633931636810303;1715,9849853515625;1705,3363037109375;1716;
124,514;2,1057472229003906;1711,70947265625;1690,9451904296875;1716;
124,515;2,1783928871154785;1725,218994140625;1747,473876953125;1716;
124,516;2,758056640625;1699,010009765625;1710,1878662109375;1716;
124,517;2,154526472091675;1722,746826171875;1710,1878662109375;1716;
124,518;2,1618447303771973;1698,1102294921875;1567,486328125;1716;
124,519;2,1176555156707764;1720,281982421875;1618,1185302734375;1716;
124,52;2,183378219604492;1717,5172119140625;1717,517333984375;1716;
124,521;2,146754503250122;1695,715087890625;1698,1102294921875;1716;
124,522;2,1484439373016357;1731,7421875;1719,974365234375;1716;
124,523;2,788177967071533;1702,0166015625;1571,5843505859375;1716;
124,524;2,12734055519104;1721,8216552734375;1752,568603515625;1716;
124,525;2,1804397106170654;1722,746826171875;1752,568603515625;1716;
124,526;2,220871925354004;1698,1102294921875;1715,067138671875;1716;
124,527;2,275994300842285;1731,7421875;1712,6240234375;1716;
124,528;2,755131483078003;1702,31787109375;1690,9451904296875;1716;
124,529;2,1176555156707764;1722,1300048828125;1681,4854736328125;1716;
124,53;2,809277296066284;1715,6788330078125;1700,51220703125;1716;
124,531;2,13954496383667;1712,01416015625;1690,9451904296875;1716;
124,532;2,1423614025115967;1732,67822265625;1878,5345458984375;1716;
124,533;2,781092882156372;1702,920654296875;1633,50830078125;1716;
124,534;2,126164197921753;1719,974365234375;1672,130859375;1716;
124,535;2,16489315032959;1731,118896484375;1816,1058349609375;1716;
124,536;2,1285760402679443;1702,0166015625;1744,9376220703125;1716;
124,537;2,154526472091675;1729,562255859375;1863,9722900390625;1716;
124,538;2,788177967071533;1718,437744140625;1629,081298828125;1716;
124,539;2,115373134613037;1722,1300048828125;1821,609130859375;1716;
124,54;2,139263153076172;1715,067138671875;1613,774658203125;1716;
124,541;2,121914863586426;1694,8187255859375;1646,934326171875;1716;
124,542;2,149620294570923;1740,516845703125;1832,716552734375;1716;
124,543;2,7633931636810303;1706,54638671875;1747,473876953125;1716;
124,544;2,108212947845459;1725,5284423828125;1794,4210205078125;1716;
124,545;2,152456521987915;1716,2911376953125;1603,01611328125;1716;
124,546;2,13954496383667;1711,405029296875;1637,959228515625;1716;
124,547;2,2651591300964355;1723,982177734375;1693,326904296875;1716;
124,548;2,7728312015533447;1698,409912109375;1681,4854736328125;1716;
124,549;2,102229118347168;1702,920654296875;1832,716552734375;1716;
124,55;2,1452717781066895;1717,21044921875;1618,1185302734375;1716;
124,551;2,140721321105957;1712,6239013671875;1786,4219970703125;1716;
124,552;2,216923713684082;1742,093017578125;1797,103271484375;1716;
124,553;2,7716546058654785;1690,64794921875;1603,01611328125;1716;
124,554;2,121356964111328;1727,07763671875;1884,42333984375;1716;
124,555;2,808100938796997;1717,5172119140625;1773,2479248046875;1716;
124,556;2,13954496383667;1712,319091796875;1722,4384765625;1716;
124,557;2,143537759780884;1731,430419921875;1813,3665771484375;1716;
124,558;2,7633931636810303;1702,0166015625;1609,4539794921875;1716;
124,559;2,108212947845459;1705,0338134765625;1742,40869140625;1716;
124,56;2,8009464740753174;1724,9095458984375;1707,7586669921875;1716;
124,561;2,127399444580078;1699,310302734375;1693,326904296875;1716;
124,562;2,2106237411499023;1730,495849609375;1722,4384765625;1716;
124,563;2,7893545627593994;1701,41455078125;1571,5843505859375;1716;
124,564;2,126164197921753;1738,629150390625;1835,5145263671875;1716;
124,565;2,808100938796997;1723,0556640625;1752,568603515625;1716;
124,566;2,1285760402679443;1697,810546875;1712,6240234375;1716;
124,567;2,2295238971710205;1731,430419921875;1712,6240234375;1716;
124,568;2,1360909938812256;1702,0166015625;1567,486328125;1716;
124,569;2,12734055519104;1721,8216552734375;1690,9451904296875;1716;
124,57;2,808100938796997;1713,2340087890625;1681,4854736328125;1716;
124,571;2,121914863586426;1693,6248779296875;1681,4854736328125;1716;
124,572;2,2118000984191895;1732,365966796875;1887,381591796875;1716;
124,573;2,788177967071533;1702,619140625;1637,959228515625;1716;
124,574;2,126164197921753;1721,513427734375;1674,459716796875;1716;
124,575;2,8661603927612305;1732,365966796875;1672,130859375;1716;
124,576;2,133472204208374;1703,22216796875;1676,7950439453125;1716;
124,577;2,216923713684082;1723,982177734375;1807,912841796875;1716;
124,578;2,7893545627593994;1698,409912109375;1607,30224609375;1716;
124,579;2,108212947845459;1730,495849609375;1914,4300537109375;1716;
124,58;2,1452717781066895;1719,052001953125;1649,1934814453125;1716;
124,581;2,1285760402679443;1696,6124267578125;1665,182861328125;1716;
124,582;2,2295238971710205;1741,777587890625;1824,3734130859375;1716;
124,583;2,755131483078003;1690,350830078125;1613,774658203125;1716;
124,584;2,121356964111328;1723,3642578125;1722,4384765625;1716;
124,585;2,808100938796997;1715,372802734375;1698,1102294921875;1716;
124,586;2,13954496383667;1711,405029296875;1688,5703125;1716;
124,587;2,2181003093719482;1713,539306640625;1679,136962890625;1716;
124,588;2,7716546058654785;1709,8837890625;1674,459716796875;1716;
124,589;2,11419677734375;1717,21044921875;1760,2666015625;1716;
124,59;2,8009464740753174;1712,319091796875;1717,517333984375;1716;
124,591;2,121914863586426;1693,0286865234375;1698,1102294921875;1716;
124,592;2,2295238971710205;1722,1300048828125;1715,067138671875;1716;
124,593;2,781092882156372;1697,5107421875;1569,53271484375;1716;
124,594;2,120180368423462;1726,7677001953125;1757,693115234375;1716;
124,595;2,808100938796997;1716,904052734375;1712,6240234375;1716;
124,596;2,123091459274292;1695,117431640625;1695,715087890625;1716;
124,597;2,2106237411499023;1731,118896484375;1719,974365234375;1716;
124,598;2,1421093940734863;1701,41455078125;1571,5843505859375;1716;
124,599;2,12734055519104;1738,31494140625;1835,5145263671875;1716;
124,6;2,808100938796997;1723,0556640625;1752,568603515625;1716;
124,601;2,127399444580078;1698,7100830078125;1715,067138671875;1716;
124,602;2,2181003093719482;1732,67822265625;1863,9722900390625;1716;
124,603;2,7633931636810303;1702,920654296875;1629,081298828125;1716;
124,604;2,126164197921753;1717,21044921875;1674,459716796875;1716;
124,605;2,8661603927612305;1729,873291015625;1672,130859375;1716;
124,606;2,127399444580078;1701,715576171875;1674,459716796875;1716;
124,607;2,216923713684082;1723,673095703125;1807,912841796875;1716;
124,608;2,1432857513427734;1698,1102294921875;1607,30224609375;1716;
124,609;2,102229118347168;1722,1300048828125;1835,5145263671875;1716;
124,61;2,8649837970733643;1715,067138671875;1618,1185302734375;1716;
124,611;2,123091459274292;1694,8187255859375;1649,1934814453125;1716;
124,612;2,2106237411499023;1742,40869140625;1835,5145263671875;1716;
124,613;2,7633931636810303;1690,64794921875;1618,1185302734375;1716;
124,614;2,121356964111328;1725,838134765625;1722,4384765625;1716;
124,615;2,808100938796997;1716,904052734375;1698,1102294921875;1716;
124,616;2,13954496383667;1712,319091796875;1688,5703125;1716;
124,617;2,2181003093719482;1713,8447265625;1679,136962890625;1716;
124,618;2,130072593688965;1709,8837890625;1674,459716796875;1716;
124,619;2,11419677734375;1725,838134765625;1835,5145263671875;1716;
124,62;2,8009464740753174;1716,597412109375;1752,568603515625;1716;
124,621;2,121914863586426;1694,8187255859375;1586,09765625;1716;
124,622;2,2129766941070557;1726,457763671875;1742,40869140625;1716;
124,623;2,118530511856079;1716,597412109375;1705,3363037109375;1716;
124,624;2,11419677734375;1743,040283203125;1827,14599609375;1716;
124,625;2,7997701168060303;1725,218994140625;1747,473876953125;1716;
124,626;2,146794080734253;1716,2911376953125;1861,0867919921875;1716;
124,627;2,7591683864593506;1740,201904296875;1945,407958984375;1716;
124,628;2,8084566593170166;1705,941162109375;1658,29248046875;1716;
124,629;2,12734055519104;1723,982177734375;1863,9722900390625;1716;
124,63;2,808100938796997;1733,302490234375;1765,4361572265625;1716;
124,631;2,133472204208374;1703,22216796875;1719,974365234375;1716;
124,632;2,2181003093719482;1728,008544921875;1707,7586669921875;1716;
124,633;2,127246141433716;1700,511962890625;1563,4097900390625;1716;
124,634;2,126164197921753;1735,8050537109375;1841,1363525390625;1716;
124,635;2,809277296066284;1721,8216552734375;1755,127197265625;1716;
124,636;2,1301963329315186;1698,1102294921875;1750,017578125;1716;
124,637;2,2998523712158203;1732,67822265625;1712,6240234375;1716;
124,638;2,1006088256835938;1702,920654296875;1690,9451904296875;1716;
124,639;2,126164197921753;1723,3642578125;1724,90966796875;1716;
124,64;2,176262617111206;1715,372802734375;1698,1102294921875;1716;
124,641;2,140721321105957;1711,1004638671875;1686,2020263671875;1716;
124,642;2,2043237686157227;1732,365966796875;1881,4742431640625;1716;
124,643;2,0994324684143066;1702,619140625;1635,730712890625;1716;
124,644;2,12734055519104;1720,281982421875;1669,8084716796875;1716;
124,645;2,808100938796997;1731,118896484375;1669,8084716796875;1716;
124,646;2,1301963329315186;1701,715576171875;1672,130859375;1716;
124,647;2,2181003093719482;1731,430419921875;1887,381591796875;1716;
124,648;2,0994324684143066;1701,715576171875;1637,959228515625;1716;
124,649;2,108212947845459;1721,8216552734375;1813,3665771484375;1716;
124,65;2,171302318572998;1732,053955078125;1739,8873291015625;1716;
124,651;2,1301963329315186;1702,619140625;1707,7586669921875;1716;
124,652;2,255232095718384;1730,80712890625;1724,90966796875;1716;
124,653;2,1006088256835938;1701,715576171875;1573,6414794921875;1716;
124,654;2,188561201095581;1721,8216552734375;1707,7586669921875;1716;
124,655;2,808100938796997;1714,76123046875;1565,4454345703125;1716;
124,656;2,12587833404541;1693,923095703125;1750,017578125;1716;
124,657;2,7916688919067383;1714,150146484375;1729,8734130859375;1716;
124,658;2,0940468311309814;1693,3267822265625;1575,7039794921875;1716;
124,659;2,2021400928497314;1729,873291015625;1710,1878662109375;1716;
124,66;2,7997701168060303;1718,7447509765625;1693,326904296875;1716;
124,661;2,1301963329315186;1710,796142578125;1683,8404541015625;1716;
124,662;2,7869629859924316;1726,14794921875;1824,3734130859375;1716;
124,663;2,117354154586792;1716,2911376953125;1611,611328125;1716;
124,664;2,176158905029297;1729,873291015625;1835,5145263671875;1716;
124,665;2,1897130012512207;1718,7447509765625;1618,1185302734375;1716;
124,666;2,1301963329315186;1708,061767578125;1702,9207763671875;1716;
124,667;2,7857866287231445;1742,40869140625;1835,5145263671875;1716;
124,668;2,1065826416015625;1707,15234375;1750,017578125;1716;
124,669;2,224663734436035;1725,5284423828125;1791,7467041015625;1716;
124,67;2,1885366439819336;1716,597412109375;1600,881591796875;1716;
124,671;2,143537759780884;1707,455322265625;1712,6240234375;1716;
124,672;2,794097661972046;1742,093017578125;1841,1363525390625;1716;
124,673;2,0880727767944336;1690,350830078125;1620,29931640625;1716;
124,674;2,1835365295410156;1726,7677001953125;1719,974365234375;1716;
124,675;2,254934787750244;1717,21044921875;1698,1102294921875;1716;
124,676;2,1423614025115967;1720,8974609375;1686,2020263671875;1716;
124,677;2,795274019241333;1731,430419921875;1827,14599609375;1716;
124,678;2,117354154586792;1718,7447509765625;1742,40869140625;1716;
124,679;2,176158905029297;1726,457763671875;1797,103271484375;1716;
124,68;2,146794080734253;1716,904052734375;1603,01611328125;1716;
124,681;2,1423614025115967;1707,758544921875;1710,1878662109375;1716;
124,682;2,1360909938812256;1742,40869140625;1841,1363525390625;1716;
124,683;2,1065826416015625;1707,15234375;1752,568603515625;1716;
124,684;2,1699576377868652;1726,7677001953125;1791,7467041015625;1716;
124,685;2,145617723464966;1717,21044921875;1600,881591796875;1716;
124,686;2,143537759780884;1707,455322265625;1712,6240234375;1716;
124,687;2,1360909938812256;1742,093017578125;1841,1363525390625;1716;
124,688;2,0880727767944336;1690,0537109375;1618,1185302734375;1716;
124,689;2,2482495307922363;1727,07763671875;1722,4384765625;1716;
124,69;2,145617723464966;1717,5172119140625;1698,1102294921875;1716;
124,691;2,1423614025115967;1721,513427734375;1686,2020263671875;1716;
124,692;2,1372673511505127;1731,7421875;1827,14599609375;1716;
124,693;2,108874797821045;1718,7447509765625;1742,40869140625;1716;
124,694;2,176158905029297;1726,457763671875;1797,103271484375;1716;
124,695;2,146794080734253;1716,904052734375;1603,01611328125;1716;
124,696;2,2560882568359375;1707,758544921875;1710,1878662109375;1716;
124,697;2,207131862640381;1742,40869140625;1841,1363525390625;1716;
124,698;2,098162889480591;1707,15234375;1755,127197265625;1716;
124,699;2,759341239929199;1726,7677001953125;1791,7467041015625;1716;
124,7;2,14797043800354;1717,21044921875;1598,7528076171875;1716;
124,701;2,2055001258850098;1715,9849853515625;1783,7716064453125;1716;
124,702;2,794097661972046;1728,629638671875;1727,3880615234375;1716;
124,703;2,0910422801971436;1712,01416015625;1686,2020263671875;1716;
124,704;2,1403133869171143;1726,457763671875;1821,609130859375;1716;
124,705;2,145617723464966;1716,597412109375;1609,4539794921875;1716;
124,706;2,2043237686157227;1713,2340087890625;1710,1878662109375;1716;
124,707;2,142648458480835;1745,571044921875;1841,1363525390625;1716;
124,708;2,085686206817627;1712,928955078125;1775,8671875;1716;
124,709;2,7829601764678955;1727,6982421875;1722,4384765625;1716;
124,71;2,146794080734253;1717,823974609375;1698,1102294921875;1716;
124,711;2,2043237686157227;1721,513427734375;1686,2020263671875;1716;
124,712;2,1236095428466797;1731,7421875;1827,14599609375;1716;
124,713;2,110051393508911;1711,70947265625;1642,4345703125;1716;
124,714;2,7746591567993164;1726,457763671875;1794,4210205078125;1716;
124,715;2,145617723464966;1716,597412109375;1598,7528076171875;1716;
124,716;2,2055001258850098;1708,061767578125;1715,067138671875;1716;
124,717;2,1355178356170654;1742,724365234375;1843,960205078125;1716;
124,718;2,079741954803467;1712,6239013671875;1773,2479248046875;1716;
124,719;2,7841367721557617;1727,07763671875;1719,974365234375;1716;
124,72;2,1540966033935547;1700,21142578125;1698,1102294921875;1716;
124,721;2,2043237686157227;1720,8974609375;1686,2020263671875;1716;
124,722;2,124785900115967;1731,430419921875;1827,14599609375;1716;
124,723;2,108874797821045;1711,70947265625;1644,681396484375;1716;
124,724;2,7746591567993164;1726,7677001953125;1797,103271484375;1716;
124,725;2,155272960662842;1717,21044921875;1620,29931640625;1716;
124,726;2,2043237686157227;1717,5172119140625;1783,7716064453125;1716;
124,727;2,1236095428466797;1729,873291015625;1727,3880615234375;1716;
124,728;2,204922676086426;1712,6239013671875;1686,2020263671875;1716;
124,729;2,170125722885132;1726,7677001953125;1821,609130859375;1716;
124,73;2,145617723464966;1716,597412109375;1609,4539794921875;1716;
124,731;2,2055001258850098;1721,8216552734375;1781,1290283203125;1716;
124,732;2,1236095428466797;1732,053955078125;1727,3880615234375;1716;
124,733;2,1525700092315674;1713,2340087890625;1690,9451904296875;1716;
124,734;2,171302318572998;1727,6982421875;1824,3734130859375;1716;
124,735;2,1540966033935547;1711,1004638671875;1674,459716796875;1716;
124,736;2,7859249114990234;1709,2760009765625;1672,130859375;1716;
124,737;2,1338284015655518;1716,597412109375;1615,943603515625;1716;
124,738;2,0969862937927246;1711,70947265625;1783,7716064453125;1716;
124,739;2,253655195236206;1726,14794921875;1724,90966796875;1716;
124,74;2,155272960662842;1702,619140625;1698,1102294921875;1716;
124,741;2,7859249114990234;1722,4383544921875;1683,8404541015625;1716;
124,742;2,1236095428466797;1732,053955078125;1821,609130859375;1716;
124,743;2,1537463665008545;1712,6239013671875;1786,4219970703125;1716;
124,744;2,1630351543426514;1726,7677001953125;1727,3880615234375;1716;
124,745;2,1540966033935547;1702,619140625;1698,1102294921875;1716;
124,746;2,1618447303771973;1722,746826171875;1686,2020263671875;1716;
124,747;2,1236095428466797;1732,365966796875;1824,3734130859375;1716;
124,748;2,1525700092315674;1712,319091796875;1783,7716064453125;1716;
124,749;2,1642117500305176;1726,7677001953125;1724,90966796875;1716;
124,75;2,1540966033935547;1702,0166015625;1695,715087890625;1716;
124,751;2,7859249114990234;1722,4383544921875;1686,2020263671875;1716;
124,752;2,1069235801696777;1715,067138671875;1681,4854736328125;1716;
124,753;2,16489315032959;1713,2340087890625;1715,067138671875;1716;
124,754;2,169147491455078;1727,6982421875;1838,3212890625;1716;
124,755;2,155272960662842;1716,2911376953125;1672,130859375;1716;
124,756;2,7859249114990234;1712,319091796875;1674,459716796875;1716;
124,757;2,1326520442962646;1744,62109375;1618,1185302734375;1716;
124,758;2,166069746017456;1712,6239013671875;1786,4219970703125;1716;
124,759;2,1630351543426514;1727,07763671875;1727,3880615234375;1716;
124,76;2,2162764072418213;1703,22216796875;1698,1102294921875;1716;
124,761;2,7871012687683105;1722,746826171875;1683,8404541015625;1716;
124,762;2,1029305458068848;1717,5172119140625;1747,473876953125;1716;
124,763;2,1212377548217773;1712,6239013671875;1712,6240234375;1716;
124,764;2,1642117500305176;1726,457763671875;1835,5145263671875;1716;
124,765;2,2162764072418213;1707,455322265625;1611,611328125;1716;
124,766;2,124054193496704;1724,600341796875;1775,8671875;1716;
124,767;2,1278841495513916;1717,21044921875;1700,51220703125;1716;
124,768;2,115229368209839;1712,6239013671875;1688,5703125;1716;
124,769;2,1630351543426514;1726,7677001953125;1821,609130859375;1716;
124,77;2,2174527645111084;1702,619140625;1615,943603515625;1716;
124,771;2,201112985610962;1722,1300048828125;1778,494140625;1716;
124,772;2,1207635402679443;1717,21044921875;1700,51220703125;1716;
124,773;2,1103973388671875;1712,928955078125;1690,9451904296875;1716;
124,774;2,1630351543426514;1727,07763671875;1824,3734130859375;1716;
124,775;2,2162764072418213;1711,1004638671875;1674,459716796875;1716;
124,776;2,125230550765991;1709,2760009765625;1672,130859375;1716;
124,777;2,1957013607025146;1716,904052734375;1620,29931640625;1716;
124,778;2,115229368209839;1712,01416015625;1786,4219970703125;1716;
124,779;2,1642117500305176;1726,457763671875;1727,3880615234375;1716;
124,78;2,2162764072418213;1703,22216796875;1698,1102294921875;1716;
124,781;2,8295505046844482;1722,746826171875;1683,8404541015625;1716;
124,782;2,104107141494751;1717,5172119140625;1747,473876953125;1716;
124,783;2,7746591567993164;1712,319091796875;1710,1878662109375;1716;
124,784;2,154526472091675;1742,724365234375;1816,1058349609375;1716;
124,785;2,1738739013671875;1707,455322265625;1609,4539794921875;1716;
124,786;2,1176555156707764;1724,600341796875;1775,8671875;1716;
124,787;2,189539670944214;1717,21044921875;1700,51220703125;1716;
124,788;2,7675342559814453;1712,319091796875;1688,5703125;1716;
124,789;2,154526472091675;1732,365966796875;1824,3734130859375;1716;
124,79;2,1668150424957275;1702,619140625;1613,774658203125;1716;
124,791;2,1009695529937744;1705,336181640625;1642,4345703125;1716;
124,792;2,1957013607025146;1717,5172119140625;1635,730712890625;1716;
124,793;2,7420425415039062;1712,928955078125;1797,103271484375;1716;
124,794;2,155702829360962;1746,5218505859375;1794,4210205078125;1716;
124,795;2,1668150424957275;1692,730712890625;1600,881591796875;1716;
124,796;2,111701250076294;1717,21044921875;1635,730712890625;1716;
124,797;2,2030394077301025;1717,21044921875;1637,959228515625;1716;
124,798;2,7503437995910645;1712,319091796875;1797,103271484375;1716;
124,799;2,154526472091675;1729,562255859375;1656,0084228515625;1716;
124,8;2,7728312015533447;1701,113525390625;1662,8797607421875;1716;
124,801;2,1176555156707764;1721,513427734375;1810,6357421875;1716;
124,802;2,183378219604492;1712,6239013671875;1719,974365234375;1716;
124,803;2,7841367721557617;1693,0286865234375;1573,6414794921875;1716;
124,804;2,166691541671753;1727,6982421875;1752,568603515625;1716;
124,805;2,172961950302124;1700,511962890625;1584,0079345703125;1716;
124,806;2,1009695529937744;1704,127685546875;1760,2666015625;1716;
124,807;2,1772165298461914;1722,1300048828125;1747,473876953125;1716;
124,808;2,758056640625;1697,810546875;1712,6240234375;1716;
124,809;2,167868137359619;1730,495849609375;1712,6240234375;1716;
124,81;2,172961950302124;1701,41455078125;1567,486328125;1716;
124,811;2,1176555156707764;1721,513427734375;1750,017578125;1716;
124,812;2,1845545768737793;1722,1300048828125;1752,568603515625;1716;
124,813;2,758056640625;1697,810546875;1715,067138671875;1716;
124,814;2,166691541671753;1732,053955078125;1712,6240234375;1716;
124,815;2,1741385459899902;1702,31787109375;1567,486328125;1716;
124,816;2,1176555156707764;1722,1300048828125;1750,017578125;1716;
124,817;2,183378219604492;1722,1300048828125;1752,568603515625;1716;
124,818;2,759232997894287;1697,5107421875;1712,6240234375;1716;
124,819;2,1484439373016357;1731,7421875;1863,9722900390625;1716;
124,82;2,16066837310791;1702,0166015625;1629,081298828125;1716;
124,821;2,12734055519104;1721,8216552734375;1789,08056640625;1716;
124,822;2,183378219604492;1729,562255859375;1674,459716796875;1716;
124,823;2,758056640625;1701,113525390625;1674,459716796875;1716;
124,824;2,155702829360962;1714,150146484375;1732,3660888671875;1716;
124,825;2,788177967071533;1693,6248779296875;1575,7039794921875;1716;
124,826;2,111701250076294;1717,5172119140625;1755,127197265625;1716;
124,827;2,20540714263916;1732,053955078125;1690,9451904296875;1716;
124,828;2,801038980484009;1702,619140625;1683,8404541015625;1716;
124,829;2,154526472091675;1727,387939453125;1802,4918212890625;1716;
124,83;2,7893545627593994;1700,21142578125;1605,1563720703125;1716;
124,831;2,099792957305908;1704,127685546875;1775,8671875;1716;
124,832;2,272564649581909;1728,319091796875;1717,517333984375;1716;
124,833;2,7675342559814453;1684,4300537109375;1571,5843505859375;1716;
124,834;2,160609245300293;1724,9095458984375;1732,3660888671875;1716;
124,835;2,7716546058654785;1699,010009765625;1700,51220703125;1716;
124,836;2,109389305114746;1703,22216796875;1827,14599609375;1716;
124,837;2,1452717781066895;1721,8216552734375;1615,943603515625;1716;
124,838;2,13954496383667;1714,76123046875;1783,7716064453125;1716;
124,839;2,16178560256958;1724,291259765625;1658,29248046875;1716;
124,84;2,7716546058654785;1698,7100830078125;1665,182861328125;1716;
124,841;2,1176555156707764;1720,281982421875;1669,8084716796875;1716;
124,842;2,248936414718628;1717,21044921875;1755,127197265625;1716;
124,843;2,1639888286590576;1695,416259765625;1588,1929931640625;1716;
124,844;2,1625757217407227;1727,6982421875;1742,40869140625;1716;
124,845;2,7645695209503174;1700,511962890625;1579,8450927734375;1716;
124,846;2,099792957305908;1704,127685546875;1757,693115234375;1716;
124,847;2,258004903793335;1720,589599609375;1747,473876953125;1716;
124,848;2,872215509414673;1696,6124267578125;1710,1878662109375;1716;
124,849;2,2295238971710205;1730,1845703125;1712,6240234375;1716;
124,85;2,779916524887085;1701,41455078125;1567,486328125;1716;
124,851;2,12734055519104;1736,431884765625;1835,5145263671875;1716;
124,852;2,139263153076172;1721,8216552734375;1752,568603515625;1716;
124,853;2,78462553024292;1697,211181640625;1712,6240234375;1716;
124,854;2,149620294570923;1731,430419921875;1863,9722900390625;1716;
124,855;2,7633931636810303;1702,0166015625;1629,081298828125;1716;
124,856;2,126164197921753;1716,904052734375;1674,459716796875;1716;
124,857;2,146322011947632;1729,562255859375;1674,459716796875;1716;
124,858;2,127399444580078;1701,113525390625;1674,459716796875;1716;
124,859;2,154526472091675;1714,150146484375;1732,3660888671875;1716;
124,86;2,7893545627593994;1693,6248779296875;1575,7039794921875;1716;
124,861;2,111701250076294;1717,5172119140625;1755,127197265625;1716;
124,862;2,139263153076172;1732,053955078125;1690,9451904296875;1716;
124,863;2,1285760402679443;1702,920654296875;1686,2020263671875;1716;
124,864;2,154526472091675;1727,6982421875;1802,4918212890625;1716;
124,865;2,7633931636810303;1700,511962890625;1734,865966796875;1716;
124,866;2,1009695529937744;1704,4295654296875;1702,9207763671875;1716;
124,867;2,151280164718628;1712,928955078125;1605,1563720703125;1716;
124,868;2,13954496383667;1710,4918212890625;1778,494140625;1716;
124,869;2,2181003093719482;1728,319091796875;1724,90966796875;1716;
124,87;2,7716546058654785;1700,511962890625;1698,1102294921875;1716;
124,871;2,126164197921753;1720,8974609375;1683,8404541015625;1716;
124,872;2,140439748764038;1716,2911376953125;1613,774658203125;1716;
124,873;2,13954496383667;1711,70947265625;1783,7716064453125;1716;
124,874;2,216923713684082;1739,88720703125;1797,103271484375;1716;
124,875;2,7728312015533447;1689,4599609375;1603,01611328125;1716;
124,876;2,120180368423462;1715,6788330078125;1773,2479248046875;1716;
124,877;2,139263153076172;1712,928955078125;1737,3729248046875;1716;
124,878;2,123091459274292;1693,3267822265625;1707,7586669921875;1716;
124,879;2,2295238971710205;1726,7677001953125;1712,6240234375;1716;
124,88;2,779916524887085;1699,610595703125;1567,486328125;1716;
124,881;2,12734055519104;1720,589599609375;1750,017578125;1716;
124,882;2,808100938796997;1721,8216552734375;1752,568603515625;1716;
124,883;2,127399444580078;1697,810546875;1715,067138671875;1716;
124,884;2,2307002544403076;1732,053955078125;1712,6240234375;1716;
124,885;2,755131483078003;1702,31787109375;1690,9451904296875;1716;
124,886;2,126164197921753;1732,365966796875;1799,7935791015625;1716;
124,887;2,140439748764038;1702,920654296875;1605,1563720703125;1716;
124,888;2,133472204208374;1705,336181640625;1642,4345703125;1716;
124,889;2,154526472091675;1723,0556640625;1824,3734130859375;1716;
124,89;2,7645695209503174;1697,810546875;1613,774658203125;1716;
124,891;2,093839168548584;1702,619140625;1644,681396484375;1716;
124,892;2,1452717781066895;1716,597412109375;1618,1185302734375;1716;
124,893;2,123091459274292;1695,117431640625;1646,934326171875;1716;
124,894;2,1484439373016357;1741,4622802734375;1832,716552734375;1716;
124,895;2,7633931636810303;1706,849365234375;1747,473876953125;1716;
124,896;2,109389305114746;1707,15234375;1710,1878662109375;1716;
124,897;2,151280164718628;1716,597412109375;1603,01611328125;1716;
124,898;2,13954496383667;1712,01416015625;1775,8671875;1716;
124,899;2,155702829360962;1737,6866455078125;1799,7935791015625;1716;
124,9;2,7716546058654785;1688,2738037109375;1603,01611328125;1716;
124,901;2,11419677734375;1714,76123046875;1881,4742431640625;1716;
124,902;2,1584651470184326;1716,904052734375;1637,959228515625;1716;
124,903;2,121914863586426;1695,117431640625;1658,29248046875;1716;
124,904;2,2106237411499023;1729,2513427734375;1722,4384765625;1716;
124,905;2,7645695209503174;1684,4300537109375;1571,5843505859375;1716;
124,906;2,1057472229003906;1712,928955078125;1620,29931640625;1716;
124,907;2,1332547664642334;1716,2911376953125;1715,067138671875;1716;
124,908;2,7779948711395264;1694,8187255859375;1698,1102294921875;1716;
124,909;2,2106237411499023;1730,80712890625;1719,974365234375;1716;
124,91;2,788177967071533;1701,715576171875;1571,5843505859375;1716;
124,911;2,12734055519104;1738,31494140625;1835,5145263671875;1716;
124,912;2,139263153076172;1705,638671875;1620,29931640625;1716;
124,913;2,115842342376709;1689,4599609375;1646,934326171875;1716;
124,914;2,224400281906128;1731,430419921875;1747,473876953125;1716;
124,915;2,7468698024749756;1702,0166015625;1707,7586669921875;1716;
124,916;2,126164197921753;1721,8216552734375;1832,716552734375;1716;
124,917;2,166069746017456;1715,067138671875;1805,1982421875;1716;
124,918;2,13954496383667;1711,1004638671875;1739,8873291015625;1716;
124,919;2,268688440322876;1729,562255859375;1866,8665771484375;1716;
124,92;2,7728312015533447;1718,437744140625;1762,8475341796875;1716;
124,921;2,1057472229003906;1713,2340087890625;1717,517333984375;1716;
124,922;2,1356077194213867;1712,928955078125;1598,7528076171875;1716;
124,923;2,140721321105957;1709,8837890625;1635,730712890625;1716;
124,924;2,216923713684082;1739,88720703125;1838,3212890625;1716;
124,925;2,1668150424957275;1689,4599609375;1618,1185302734375;1716;
124,926;2,121356964111328;1726,7677001953125;1722,4384765625;1716;
124,927;2,139263153076172;1717,21044921875;1698,1102294921875;1716;
124,928;2,13954496383667;1712,01416015625;1686,2020263671875;1716;
124,929;2,2181003093719482;1714,150146484375;1681,4854736328125;1716;
124,93;2,7716546058654785;1710,4918212890625;1676,7950439453125;1716;
124,931;2,11419677734375;1727,07763671875;1835,5145263671875;1716;
124,932;2,1344311237335205;1717,5172119140625;1752,568603515625;1716;
124,933;2,13954496383667;1712,6239013671875;1863,9722900390625;1716;
124,934;2,1423614025115967;1722,4383544921875;1778,494140625;1716;
124,935;2,7645695209503174;1697,810546875;1594,5120849609375;1716;
124,936;2,120180368423462;1719,666748046875;1631,291748046875;1716;
124,937;2,808100938796997;1724,291259765625;1712,6240234375;1716;
124,938;2,1285760402679443;1698,7100830078125;1695,715087890625;1716;
124,939;2,2106237411499023;1731,7421875;1722,4384765625;1716;
124,94;2,788177967071533;1702,31787109375;1571,5843505859375;1716;
124,941;2,12734055519104;1738,9434814453125;1835,5145263671875;1716;
124,942;2,808100938796997;1723,0556640625;1752,568603515625;1716;
124,943;2,127399444580078;1697,810546875;1712,6240234375;1716;
124,944;2,26297664642334;1731,430419921875;1861,0867919921875;1716;
124,945;2,7633931636810303;1702,0166015625;1626,876953125;1716;
124,946;2,1176555156707764;1721,8216552734375;1789,08056640625;1716;
124,947;2,784284830093384;1729,2513427734375;1816,1058349609375;1716;
124,948;2,127399444580078;1700,812744140625;1742,40869140625;1716;
124,949;2,216923713684082;1729,562255859375;1869,7698974609375;1716;
124,95;2,7893545627593994;1718,130859375;1631,291748046875;1716;
124,951;2,11419677734375;1712,928955078125;1651,4588623046875;1716;
124,952;2,1332547664642334;1732,365966796875;1744,9376220703125;1716;
124,953;2,1346487998962402;1703,22216796875;1712,6240234375;1716;
124,954;2,216923713684082;1731,430419921875;1722,4384765625;1716;
124,955;2,124054193496704;1702,31787109375;1695,715087890625;1716;
124,956;2,1009695529937744;1705,0338134765625;1683,8404541015625;1716;
124,957;2,1332547664642334;1729,873291015625;1742,40869140625;1716;
124,958;2,78462553024292;1701,41455078125;1581,923828125;1716;
124,959;2,2181003093719482;1744,62109375;1881,4742431640625;1716;
124,96;2,788177967071533;1708,365234375;1635,730712890625;1716;
124,961;2,11419677734375;1739,2578125;1824,3734130859375;1716;
124,962;2,152456521987915;1723,3642578125;1613,774658203125;1716;
124,963;2,127399444580078;1698,7100830078125;1783,7716064453125;1716;
124,964;2,2106237411499023;1728,629638671875;1724,90966796875;1716;
124,965;2,7645695209503174;1700,511962890625;1698,1102294921875;1716;
124,966;2,126164197921753;1725,218994140625;1821,609130859375;1716;
124,967;2,808100938796997;1716,2911376953125;1611,611328125;1716;
124,968;2,140721321105957;1711,70947265625;1781,1290283203125;1716;
124,969;2,216923713684082;1740,516845703125;1799,7935791015625;1716;
124,97;2,7716546058654785;1689,4599609375;1603,01611328125;1716;
124,971;2,121356964111328;1726,457763671875;1881,4742431640625;1716;
124,972;2,808100938796997;1716,904052734375;1773,2479248046875;1716;
124,973;2,13954496383667;1711,70947265625;1722,4384765625;1716;
124,974;2,2181003093719482;1731,118896484375;1672,130859375;1716;
124,975;2,7716546058654785;1702,0166015625;1551,305908203125;1716;
124,976;2,108212947845459;1718,437744140625;1838,3212890625;1716;
124,977;2,8746590614318848;1713,2340087890625;1618,1185302734375;1716;
124,978;2,121914863586426;1693,6248779296875;1646,934326171875;1716;
124,979;2,2295238971710205;1733,302490234375;1729,8734130859375;1716;
124,98;2,1344311237335205;1686,201904296875;1575,7039794921875;1716;
124,981;2,11419677734375;1737,05908203125;1832,716552734375;1716;
124,982;2,808100938796997;1722,4383544921875;1750,017578125;1716;
124,983;2,1285760402679443;1698,409912109375;1715,067138671875;1716;
124,984;2,7674152851104736;1732,053955078125;1863,9722900390625;1716;
124,985;2,124054193496704;1702,619140625;1629,081298828125;1716;
124,986;2,12734055519104;1717,21044921875;1674,459716796875;1716;
124,987;2,808100938796997;1729,562255859375;1672,130859375;1716;
124,988;2,127399444580078;1701,113525390625;1674,459716796875;1716;
124,989;2,2181003093719482;1714,150146484375;1732,3660888671875;1716;
124,99;2,788177967071533;1693,3267822265625;1575,7039794921875;1716;
124,991;2,120180368423462;1721,8216552734375;1707,7586669921875;1716;
124,992;2,784284830093384;1732,053955078125;1835,5145263671875;1716;
124,993;2,1301963329315186;1726,14794921875;1750,017578125;1716;
124,994;2,216923713684082;1734,552978515625;1863,9722900390625;1716;
124,995;2,7645695209503174;1703,82568359375;1629,081298828125;1716;
124,996;2,126164197921753;1717,5172119140625;1710,1878662109375;1716;
124,997;2,8649837970733643;1712,928955078125;1567,486328125;1716;
124,998;2,143537759780884;1731,430419921875;1791,7467041015625;1716;
124,999;2,216923713684082;1719,666748046875;1732,3660888671875;1716;
125;2,779031991958618;1696,313232421875;1700,51220703125;1716;
125,001;2,121356964111328;1726,457763671875;1818,8533935546875;1716;
125,002;2,7831082344055176;1716,904052734375;1744,9376220703125;1716;
125,003;2,13954496383667;1712,01416015625;1710,1878662109375;1716;
125,004;2,2181003093719482;1725,5284423828125;1676,7950439453125;1716;
125,005;2,117354154586792;1716,904052734375;1674,459716796875;1716;
125,006;2,11419677734375;1727,387939453125;1835,5145263671875;1716;
125,007;2,8009464740753174;1717,5172119140625;1752,568603515625;1716;
125,008;2,121914863586426;1695,117431640625;1586,09765625;1716;
125,009;2,2289950847625732;1726,457763671875;1742,40869140625;1716;
125,01;2,118530511856079;1716,597412109375;1705,3363037109375;1716;
125,011;2,11419677734375;1743,040283203125;1827,14599609375;1716;
125,012;2,7997701168060303;1725,218994140625;1747,473876953125;1716;
125,013;2,1285760402679443;1699,010009765625;1710,1878662109375;1716;
125,014;2,2953591346740723;1722,746826171875;1710,1878662109375;1716;
125,015;2,0994324684143066;1698,1102294921875;1567,486328125;1716;
125,016;2,1296935081481934;1726,14794921875;1757,693115234375;1716;
125,017;2,808100938796997;1716,904052734375;1712,6240234375;1716;
125,018;2,13954496383667;1711,70947265625;1838,3212890625;1716;
125,019;2,760344982147217;1749,062744140625;1961,27587890625;1716;
125,02;2,111380100250244;1710,187744140625;1665,182861328125;1716;
125,021;2,126164197921753;1720,281982421875;1786,4219970703125;1716;
125,022;2,8661603927612305;1731,430419921875;1729,8734130859375;1716;
125,023;2,1301963329315186;1714,150146484375;1760,2666015625;1716;
125,024;2,185255765914917;1728,008544921875;1717,517333984375;1716;
125,025;2,1006088256835938;1700,812744140625;1569,53271484375;1716;
125,026;2,2426788806915283;1737,372802734375;1835,5145263671875;1716;
125,027;2,176262617111206;1722,4383544921875;1752,568603515625;1716;
125,028;2,1313726902008057;1721,513427734375;1750,017578125;1716;
125,029;2,859271764755249;1731,430419921875;1712,6240234375;1716;
125,03;2,0994324684143066;1701,715576171875;1565,4454345703125;1716;
125,031;2,1897377967834473;1736,431884765625;1838,3212890625;1716;
125,032;2,1516902446746826;1721,8216552734375;1752,568603515625;1716;
125,033;2,1301963329315186;1721,8216552734375;1750,017578125;1716;
125,034;2,860448122024536;1731,7421875;1712,6240234375;1716;
125,035;2,0994324684143066;1701,715576171875;1565,4454345703125;1716;
125,036;2,188561201095581;1736,431884765625;1838,3212890625;1716;
125,037;2,1528666019439697;1721,8216552734375;1752,568603515625;1716;
125,038;2,1301963329315186;1721,8216552734375;1750,017578125;1716;
125,039;2,859271764755249;1731,7421875;1712,6240234375;1716;
125,04;2,1006088256835938;1701,715576171875;1565,4454345703125;1716;
125,041;2,188561201095581;1736,431884765625;1838,3212890625;1716;
125,042;2,1516902446746826;1721,8216552734375;1752,568603515625;1716;
125,043;2,1313726902008057;1721,8216552734375;1750,017578125;1716;
125,044;2,859271764755249;1731,7421875;1712,6240234375;1716;
125,045;2,0994324684143066;1701,715576171875;1565,4454345703125;1716;
125,046;2,1897377967834473;1736,431884765625;1838,3212890625;1716;
125,047;2,1516902446746826;1721,8216552734375;1752,568603515625;1716;
125,048;2,1301963329315186;1721,8216552734375;1750,017578125;1716;
125,049;2,860448122024536;1731,7421875;1712,6240234375;1716;
125,05;2,0994324684143066;1701,715576171875;1565,4454345703125;1716;
125,051;2,188561201095581;1736,431884765625;1838,3212890625;1716;
125,052;2,1528666019439697;1721,8216552734375;1752,568603515625;1716;
125,053;2,1301963329315186;1721,8216552734375;1750,017578125;1716;
125,054;2,148127555847168;1731,7421875;1712,6240234375;1716;
125,055;2,1006088256835938;1701,715576171875;1565,4454345703125;1716;
125,056;2,188561201095581;1736,431884765625;1838,3212890625;1716;
125,057;2,1516902446746826;1721,8216552734375;1752,568603515625;1716;
125,058;2,1313726902008057;1721,8216552734375;1750,017578125;1716;
125,059;2,859271764755249;1731,7421875;1712,6240234375;1716;
125,06;2,089643955230713;1701,715576171875;1565,4454345703125;1716;
125,061;2,1344311237335205;1745,254150390625;1920,54638671875;1716;
125,062;2,1516902446746826;1726,14794921875;1789,08056640625;1716;
125,063;2,1301963329315186;1730,80712890625;1807,912841796875;1716;
125,064;2,1903867721557617;1736,431884765625;1739,8873291015625;1716;
125,065;2,1054062843322754;1704,4295654296875;1577,771728515625;1716;
125,066;2,766357898712158;1735,1788330078125;1829,9271240234375;1716;
125,067;2,1528666019439697;1721,513427734375;1750,017578125;1716;
125,068;2,767617702484131;1729,2513427734375;1683,8404541015625;1716;
125,069;2,129563808441162;1735,8050537109375;1679,136962890625;1716;
125,07;2,1159956455230713;1721,513427734375;1674,459716796875;1716;
125,071;2,7746591567993164;1720,281982421875;1760,2666015625;1716;
125,072;2,13954496383667;1713,539306640625;1717,517333984375;1716;
125,073;2,2055001258850098;1712,01416015625;1690,9451904296875;1716;
125,074;2,1176555156707764;1726,7677001953125;1683,8404541015625;1716;
125,075;2,108874797821045;1715,9849853515625;1712,6240234375;1716;
125,076;2,7758355140686035;1728,629638671875;1835,5145263671875;1716;
125,077;2,145617723464966;1717,823974609375;1752,568603515625;1716;
125,078;2,2043237686157227;1712,01416015625;1674,459716796875;1716;
125,079;2,1188318729400635;1726,457763671875;1674,459716796875;1716;
125,08;2,216348886489868;1711,70947265625;1712,6240234375;1716;
125,081;2,7746591567993164;1726,457763671875;1835,5145263671875;1716;
125,082;2,146794080734253;1716,597412109375;1615,943603515625;1716;
125,083;2,2043237686157227;1724,9095458984375;1778,494140625;1716;
125,084;2,129563808441162;1732,9903564453125;1724,90966796875;1716;
125,085;2,1537463665008545;1712,6239013671875;1690,9451904296875;1716;
125,086;2,7912614345550537;1727,07763671875;1824,3734130859375;1716;
125,087;2,1540966033935547;1717,5172119140625;1747,473876953125;1716;
125,088;2,1618447303771973;1709,2760009765625;1674,459716796875;1716;
125,089;2,1355178356170654;1743,040283203125;1818,8533935546875;1716;
125,09;2,1772165298461914;1712,01416015625;1646,934326171875;1716;
125,091;2,8293583393096924;1726,7677001953125;1797,103271484375;1716;
125,092;2,1540966033935547;1692,1351318359375;1618,1185302734375;1716;
125,093;2,7859249114990234;1716,904052734375;1783,7716064453125;1716;
125,094;2,124785900115967;1729,2513427734375;1727,3880615234375;1716;
125,095;2,1549229621887207;1712,6239013671875;1688,5703125;1716;
125,096;2,1630351543426514;1726,7677001953125;1821,609130859375;1716;
125,097;2,155272960662842;1718,437744140625;1744,9376220703125;1716;
125,098;2,16066837310791;1712,6239013671875;1707,7586669921875;1716;
125,099;2,1355178356170654;1744,3046875;1835,5145263671875;1716;
125,1;2,166069746017456;1721,20556640625;1707,7586669921875;1716;
125,101;2,169147491455078;1731,430419921875;1832,716552734375;1716;
125,102;2,1540966033935547;1707,758544921875;1734,865966796875;1716;
125,103;2,1495511531829834;1707,758544921875;1702,9207763671875;1716;
125,104;2,1355178356170654;1741,777587890625;1832,716552734375;1716;
125,105;2,158731698989868;1710,187744140625;1642,4345703125;1716;
125,106;2,1642117500305176;1725,218994140625;1794,4210205078125;1716;
125,107;2,2162764072418213;1706,54638671875;1752,568603515625;1716;
125,108;2,16066837310791;1707,15234375;1710,1878662109375;1716;
125,109;2,1338284015655518;1741,777587890625;1600,881591796875;1716;
125,11;2,158731698989868;1712,6239013671875;1640,19384765625;1716;
125,111;2,1772165298461914;1726,7677001953125;1794,4210205078125;1716;
125,112;2,2174527645111084;1707,15234375;1752,568603515625;1716;
125,113;2,7859249114990234;1707,455322265625;1712,6240234375;1716;
125,114;2,1326520442962646;1741,777587890625;1838,3212890625;1716;
125,115;2,1420111656188965;1712,319091796875;1775,8671875;1716;
125,116;2,1630351543426514;1726,7677001953125;1722,4384765625;1716;
125,117;2,2162764072418213;1700,812744140625;1698,1102294921875;1716;
125,118;2,7871012687683105;1721,20556640625;1683,8404541015625;1716;
125,119;2,1207635402679443;1731,118896484375;1821,609130859375;1716;
125,12;2,1525700092315674;1711,405029296875;1781,1290283203125;1716;
125,121;2,1642117500305176;1725,838134765625;1724,90966796875;1716;
125,122;2,2162764072418213;1702,0166015625;1698,1102294921875;1716;
125,123;2,7859249114990234;1722,1300048828125;1683,8404541015625;1716;
125,124;2,104107141494751;1717,5172119140625;1747,473876953125;1716;
125,125;2,1212377548217773;1712,6239013671875;1712,6240234375;1716;
125,126;2,154526472091675;1726,457763671875;1816,1058349609375;1716;
125,127;2,2174527645111084;1707,455322265625;1611,611328125;1716;
125,128;2,7859249114990234;1707,455322265625;1640,19384765625;1716;
125,129;2,114819288253784;1717,21044921875;1770,63623046875;1716;
125,13;2,759232997894287;1712,6239013671875;1722,4384765625;1716;
125,131;2,1630351543426514;1726,7677001953125;1841,1363525390625;1716;
125,132;2,2162764072418213;1710,4918212890625;1609,4539794921875;1716;
125,133;2,7871012687683105;1709,2760009765625;1640,19384765625;1716;
125,134;2,1957013607025146;1717,5172119140625;1635,730712890625;1716;
125,135;2,1038007736206055;1712,928955078125;1797,103271484375;1716;
125,136;2,1642117500305176;1727,07763671875;1884,42333984375;1716;
125,137;2,2162764072418213;1692,730712890625;1600,881591796875;1716;
125,138;2,7921459674835205;1717,21044921875;1770,63623046875;1716;
125,139;2,1219398975372314;1712,928955078125;1737,3729248046875;1716;
125,14;2,1092207431793213;1710,187744140625;1707,7586669921875;1716;
125,141;2,1813721656799316;1743,040283203125;1832,716552734375;1716;
125,142;2,2237725257873535;1701,715576171875;1553,3101806640625;1716;
125,143;2,1988959312438965;1704,4295654296875;1609,4539794921875;1716;
125,144;2,1772165298461914;1717,823974609375;1789,08056640625;1716;
125,145;2,1103973388671875;1695,416259765625;1729,8734130859375;1716;
125,146;2,1569230556488037;1717,823974609375;1846,792724609375;1716;
125,147;2,222630739212036;1718,130859375;1686,2020263671875;1716;
125,148;2,8391613960266113;1729,873291015625;1824,3734130859375;1716;
125,149;2,189539670944214;1720,589599609375;1717,517333984375;1716;
125,15;2,115229368209839;1696,911865234375;1695,715087890625;1716;
125,151;2,167868137359619;1723,673095703125;1717,517333984375;1716;
125,152;2,172961950302124;1698,1102294921875;1569,53271484375;1716;
125,153;2,114527702331543;1719,666748046875;1750,017578125;1716;
125,154;2,1845545768737793;1721,8216552734375;1752,568603515625;1716;
125,155;2,1092207431793213;1697,211181640625;1712,6240234375;1716;
125,156;2,166691541671753;1731,430419921875;1712,6240234375;1716;
125,157;2,1741385459899902;1702,0166015625;1567,486328125;1716;
125,158;2,1176555156707764;1721,8216552734375;1752,568603515625;1716;
125,159;2,183378219604492;1721,8216552734375;1752,568603515625;1716;
125,16;2,759232997894287;1697,211181640625;1712,6240234375;1716;
125,161;2,166691541671753;1736,431884765625;1835,5145263671875;1716;
125,162;2,282148838043213;1702,0166015625;1690,9451904296875;1716;
125,163;2,1188318729400635;1721,8216552734375;1824,3734130859375;1716;
125,164;2,183378219604492;1702,920654296875;1605,1563720703125;1716;
125,165;2,758056640625;1705,336181640625;1642,4345703125;1716;
125,166;2,173950672149658;1731,7421875;1750,017578125;1716;
125,167;2,1545214653015137;1702,0166015625;1710,1878662109375;1716;
125,168;2,1176555156707764;1721,8216552734375;1835,5145263671875;1716;
125,169;2,166069746017456;1715,6788330078125;1805,1982421875;1716;
125,17;2,7503437995910645;1711,405029296875;1737,3729248046875;1716;
125,171;2,154526472091675;1729,562255859375;1869,7698974609375;1716;
125,172;2,186432123184204;1718,130859375;1631,291748046875;1716;
125,173;2,1057472229003906;1712,928955078125;1653,7305908203125;1716;
125,174;2,1772165298461914;1715,6788330078125;1613,774658203125;1716;
125,175;2,759232997894287;1695,117431640625;1646,934326171875;1716;
125,176;2,1484439373016357;1740,516845703125;1832,716552734375;1716;
125,177;2,16066837310791;1706,54638671875;1747,473876953125;1716;
125,178;2,1009695529937744;1707,15234375;1707,7586669921875;1716;
125,179;2,1957013607025146;1716,2911376953125;1603,01611328125;1716;
125,18;2,7420425415039062;1711,70947265625;1775,8671875;1716;
125,181;2,155702829360962;1726,14794921875;1727,3880615234375;1716;
125,182;2,1668150424957275;1700,812744140625;1698,1102294921875;1716;
125,183;2,1176555156707764;1721,20556640625;1683,8404541015625;1716;
125,184;2,166069746017456;1716,597412109375;1744,9376220703125;1716;
125,185;2,7746591567993164;1711,70947265625;1712,6240234375;1716;
125,186;2,154526472091675;1742,093017578125;1816,1058349609375;1716;
125,187;2,1679916381835938;1707,15234375;1609,4539794921875;1716;
125,188;2,099792957305908;1707,455322265625;1640,19384765625;1716;
125,189;2,1772165298461914;1717,21044921875;1770,63623046875;1716;
125,19;2,759232997894287;1695,416259765625;1594,5120849609375;1716;
125,191;2,1484439373016357;1731,118896484375;1739,8873291015625;1716;
125,192;2,16066837310791;1719,052001953125;1705,3363037109375;1716;
125,193;2,1069235801696777;1713,539306640625;1690,9451904296875;1716;
125,194;2,183378219604492;1725,5284423828125;1747,473876953125;1716;
125,195;2,758056640625;1699,310302734375;1710,1878662109375;1716;
125,196;2,155702829360962;1722,746826171875;1710,1878662109375;1716;
125,197;2,7633931636810303;1715,067138671875;1690,9451904296875;1716;
125,198;2,1236095428466797;1728,629638671875;1679,136962890625;1716;
125,199;2,19071626663208;1726,14794921875;1755,127197265625;1716;
125,2;2,766357898712158;1700,21142578125;1717,517333984375;1716;
125,201;2,154526472091675;1724,291259765625;1707,7586669921875;1716;
125,202;2,1618447303771973;1698,7100830078125;1565,4454345703125;1716;
125,203;2,111701250076294;1719,974365234375;1615,943603515625;1716;
125,204;2,183378219604492;1716,2911376953125;1717,517333984375;1716;
125,205;2,8025920391082764;1711,70947265625;1843,960205078125;1716;
125,206;2,1423614025115967;1731,430419921875;1791,7467041015625;1716;
125,207;2,779916524887085;1702,0166015625;1600,881591796875;1716;
125,208;2,1188318729400635;1721,8216552734375;1773,2479248046875;1716;
125,209;2,139263153076172;1730,80712890625;1747,473876953125;1716;
125,21;2,78462553024292;1701,715576171875;1710,1878662109375;1716;
125,211;2,2307002544403076;1731,7421875;1715,067138671875;1716;
125,212;2,172961950302124;1702,619140625;1569,53271484375;1716;
125,213;2,1176555156707764;1722,4383544921875;1750,017578125;1716;
125,214;2,140439748764038;1722,746826171875;1752,568603515625;1716;
125,215;2,127399444580078;1697,810546875;1712,6240234375;1716;
125,216;2,2295238971710205;1731,7421875;1712,6240234375;1716;
125,217;2,155697822570801;1702,0166015625;1690,9451904296875;1716;
125,218;2,127582311630249;1721,8216552734375;1827,14599609375;1716;
125,219;2,139263153076172;1719,666748046875;1734,865966796875;1716;
125,22;2,140721321105957;1713,2340087890625;1705,3363037109375;1716;
125,221;2,2733943462371826;1731,7421875;1869,7698974609375;1716;
125,222;2,7716546058654785;1702,619140625;1631,291748046875;1716;
125,223;2,1188318729400635;1722,746826171875;1791,7467041015625;1716;
125,224;2,1894261837005615;1731,118896484375;1816,1058349609375;1716;
125,225;2,1301963329315186;1702,31787109375;1744,9376220703125;1716;
125,226;2,2181003093719482;1712,6239013671875;1717,517333984375;1716;
125,227;2,788177967071533;1709,8837890625;1569,53271484375;1716;
125,228;2,126164197921753;1722,1300048828125;1712,6240234375;1716;
125,229;2,1464481353759766;1715,372802734375;1567,486328125;1716;
125,23;2,7768185138702393;1694,8187255859375;1755,127197265625;1716;
125,231;2,2106237411499023;1732,9903564453125;1887,381591796875;1716;
125,232;2,7645695209503174;1686,201904296875;1637,959228515625;1716;
125,233;2,132148027420044;1726,14794921875;1712,6240234375;1716;
125,234;2,127246141433716;1717,5172119140625;1693,326904296875;1716;
125,235;2,140721321105957;1712,6239013671875;1686,2020263671875;1716;
125,236;2,216923713684082;1713,2340087890625;1681,4854736328125;1716;
125,237;2,130072593688965;1710,187744140625;1676,7950439453125;1716;
125,238;2,113964796066284;1709,2760009765625;1835,5145263671875;1716;
125,239;2,1332547664642334;1717,823974609375;1752,568603515625;1716;
125,24;2,13954496383667;1713,2340087890625;1715,067138671875;1716;
125,241;2,224400281906128;1745,254150390625;1818,8533935546875;1716;
125,242;2,7716546058654785;1708,97216796875;1611,611328125;1716;
125,243;2,11419677734375;1727,07763671875;1878,5345458984375;1716;
125,244;2,8746590614318848;1717,5172119140625;1633,50830078125;1716;
125,245;2,121914863586426;1695,715087890625;1656,0084228515625;1716;
125,246;2,2106237411499023;1728,629638671875;1722,4384765625;1716;
125,247;2,7645695209503174;1683,545654296875;1571,5843505859375;1716;
125,248;2,11419677734375;1733,927490234375;1832,716552734375;1716;
125,249;2,1332547664642334;1720,589599609375;1750,017578125;1716;
125,25;2,1285760402679443;1696,911865234375;1715,067138671875;1716;
125,251;2,2295238971710205;1731,118896484375;1712,6240234375;1716;
125,252;2,779916524887085;1702,0166015625;1567,486328125;1716;
125,253;2,12734055519104;1736,7454833984375;1838,3212890625;1716;
125,254;2,808100938796997;1722,1300048828125;1752,568603515625;1716;
125,255;2,127399444580078;1697,5107421875;1712,6240234375;1716;
125,256;2,2307002544403076;1731,7421875;1712,6240234375;1716;
125,257;2,779916524887085;1702,0166015625;1567,486328125;1716;
125,258;2,126164197921753;1736,7454833984375;1838,3212890625;1716;
125,259;2,809277296066284;1722,1300048828125;1752,568603515625;1716;
125,26;2,127399444580078;1697,5107421875;1712,6240234375;1716;
125,261;2,2106237411499023;1732,053955078125;1866,8665771484375;1716;
125,262;2,125230550765991;1702,0166015625;1629,081298828125;1716;
125,263;2,126164197921753;1733,927490234375;1816,1058349609375;1716;
125,264;2,139263153076172;1720,589599609375;1611,611328125;1716;
125,265;2,1285760402679443;1696,6124267578125;1642,4345703125;1716;
125,266;2,3039700984954834;1731,430419921875;1750,017578125;1716;
125,267;2,779031991958618;1702,0166015625;1710,1878662109375;1716;
125,268;2,12734055519104;1740,831787109375;1791,7467041015625;1716;
125,269;2,139263153076172;1706,849365234375;1603,01611328125;1716;
125,27;2,133472204208374;1706,849365234375;1637,959228515625;1716;
125,271;2,2181003093719482;1723,0556640625;1829,9271240234375;1716;
125,272;2,779031991958618;1698,1102294921875;1615,943603515625;1716;
125,273;2,102229118347168;1726,457763671875;1829,9271240234375;1716;
125,274;2,8661603927612305;1734,552978515625;1747,473876953125;1716;
125,275;2,133472204208374;1703,82568359375;1710,1878662109375;1716;
125,276;2,216923713684082;1742,40869140625;1799,7935791015625;1716;
125,277;2,788583755493164;1707,455322265625;1732,3660888671875;1716;
125,278;2,108212947845459;1718,130859375;1797,103271484375;1716;
125,279;2,8734824657440186;1712,928955078125;1603,01611328125;1716;
125,28;2,140721321105957;1709,8837890625;1637,959228515625;1716;
125,281;2,216923713684082;1742,093017578125;1841,1363525390625;1716;
125,282;2,7628695964813232;1690,350830078125;1620,29931640625;1716;
125,283;2,234712839126587;1726,7677001953125;1719,974365234375;1716;
125,284;2,808100938796997;1717,21044921875;1698,1102294921875;1716;
125,285;2,13954496383667;1712,01416015625;1686,2020263671875;1716;
125,286;2,2365357875823975;1713,8447265625;1681,4854736328125;1716;
125,287;2,111380100250244;1710,4918212890625;1676,7950439453125;1716;
125,288;2,11419677734375;1727,07763671875;1835,5145263671875;1716;
125,289;2,8746590614318848;1717,823974609375;1618,1185302734375;1716;
125,29;2,13954496383667;1712,928955078125;1783,7716064453125;1716;
125,291;2,7999796867370605;1742,724365234375;1799,7935791015625;1716;
125,292;2,0892493724823;1690,350830078125;1603,01611328125;1716;
125,293;2,120180368423462;1726,457763671875;1881,4742431640625;1716;
125,294;2,808100938796997;1716,904052734375;1773,2479248046875;1716;
125,295;2,123091459274292;1694,8187255859375;1594,5120849609375;1716;
125,296;2,1668150424957275;1731,118896484375;1739,8873291015625;1716;
125,297;2,779031991958618;1702,0166015625;1579,8450927734375;1716;
125,298;2,109389305114746;1734,552978515625;1827,14599609375;1716;
125,299;2,7997701168060303;1721,20556640625;1747,473876953125;1716;
125,3;2,141897678375244;1714,150146484375;1858,210205078125;1716;
125,301;2,785085439682007;1730,80712890625;1786,4219970703125;1716;
125,302;2,0994324684143066;1701,715576171875;1598,7528076171875;1716;
125,303;2,188561201095581;1718,437744140625;1827,14599609375;1716;
125,304;2,809277296066284;1730,495849609375;1747,473876953125;1716;
125,305;2,1301963329315186;1722,1300048828125;1755,127197265625;1716;
125,306;2,185255765914917;1732,053955078125;1715,067138671875;1716;
125,307;2,1006088256835938;1702,31787109375;1567,486328125;1716;
125,308;2,188561201095581;1737,6866455078125;1838,3212890625;1716;
125,309;2,1516902446746826;1722,746826171875;1752,568603515625;1716;
125,31;2,1285760402679443;1697,810546875;1715,067138671875;1716;
125,311;2,185255765914917;1731,7421875;1712,6240234375;1716;
125,312;2,0994324684143066;1701,715576171875;1565,4454345703125;1716;
125,313;2,1897377967834473;1736,431884765625;1838,3212890625;1716;
125,314;2,826714277267456;1721,8216552734375;1752,568603515625;1716;
125,315;2,1301963329315186;1697,211181640625;1750,017578125;1716;
125,316;2,891864061355591;1731,7421875;1712,6240234375;1716;
125,317;2,0994324684143066;1701,715576171875;1565,4454345703125;1716;
125,318;2,188561201095581;1736,431884765625;1838,3212890625;1716;
125,319;2,1528666019439697;1721,8216552734375;1752,568603515625;1716;
125,32;2,1301963329315186;1721,8216552734375;1750,017578125;1716;
125,321;2,859271764755249;1731,7421875;1712,6240234375;1716;
125,322;2,1006088256835938;1701,715576171875;1565,4454345703125;1716;
125,323;2,188561201095581;1736,431884765625;1838,3212890625;1716;
125,324;2,1516902446746826;1721,8216552734375;1752,568603515625;1716;
125,325;2,1313726902008057;1721,8216552734375;1750,017578125;1716;
125,326;2,859271764755249;1731,7421875;1712,6240234375;1716;
125,327;2,0994324684143066;1701,715576171875;1565,4454345703125;1716;
125,328;2,1897377967834473;1736,431884765625;1838,3212890625;1716;
125,329;2,1516902446746826;1721,8216552734375;1752,568603515625;1716;
125,33;2,1301963329315186;1721,8216552734375;1750,017578125;1716;
125,331;2,860448122024536;1731,7421875;1712,6240234375;1716;
125,332;2,0994324684143066;1701,715576171875;1565,4454345703125;1716;
125,333;2,188561201095581;1736,431884765625;1838,3212890625;1716;
125,334;2,1528666019439697;1721,8216552734375;1752,568603515625;1716;
125,335;2,1301963329315186;1721,8216552734375;1750,017578125;1716;
125,336;2,859271764755249;1731,7421875;1712,6240234375;1716;
125,337;2,1006088256835938;1701,715576171875;1565,4454345703125;1716;
125,338;2,2462401390075684;1736,431884765625;1838,3212890625;1716;
125,339;2,1516902446746826;1721,8216552734375;1752,568603515625;1716;
125,34;2,1313726902008057;1721,8216552734375;1750,017578125;1716;
125,341;2,859271764755249;1731,7421875;1712,6240234375;1716;
125,342;2,117354154586792;1719,052001953125;1690,9451904296875;1716;
125,343;2,800739049911499;1736,431884765625;1760,2666015625;1716;
125,344;2,1516902446746826;1721,8216552734375;1717,517333984375;1716;
125,345;2,2043237686157227;1705,638671875;1626,876953125;1716;
125,346;2,1188318729400635;1723,3642578125;1651,4588623046875;1716;
125,347;2,1029305458068848;1715,067138671875;1660,5828857421875;1716;
125,348;2,799562454223633;1719,974365234375;1768,032470703125;1716;
125,349;2,140721321105957;1713,539306640625;1719,974365234375;1716;
125,35;2,2043237686157227;1714,150146484375;1690,9451904296875;1716;
125,351;2,1236095428466797;1728,008544921875;1683,8404541015625;1716;
125,352;2,0922188758850098;1699,310302734375;1712,6240234375;1716;
125,353;2,115229368209839;1719,974365234375;1835,5145263671875;1716;
125,354;2,13954496383667;1713,2340087890625;1615,943603515625;1716;
125,355;2,2055001258850098;1723,982177734375;1651,4588623046875;1716;
125,356;2,129563808441162;1732,67822265625;1662,8797607421875;1716;
125,357;2,1525700092315674;1699,610595703125;1596,6295166015625;1716;
125,358;2,79243803024292;1720,589599609375;1768,032470703125;1716;
125,359;2,13954496383667;1714,150146484375;1719,974365234375;1716;
125,36;2,186012029647827;1705,336181640625;1757,693115234375;1716;
125,361;2,1188318729400635;1723,3642578125;1715,067138671875;1716;
125,362;2,1710548400878906;1697,211181640625;1584,0079345703125;1716;
125,363;2,799562454223633;1736,7454833984375;1760,2666015625;1716;
125,364;2,1528666019439697;1722,4383544921875;1717,517333984375;1716;
125,365;2,1917238235473633;1706,2437744140625;1760,2666015625;1716;
125,366;2,1355178356170654;1741,777587890625;1869,7698974609375;1716;
125,367;2,098162889480591;1714,4556884765625;1781,1290283203125;1716;
125,368;2,8224599361419678;1745,571044921875;1875,6038818359375;1716;
125,369;2,160198926925659;1694,2216796875;1605,1563720703125;1716;
125,37;2,1929004192352295;1718,437744140625;1775,8671875;1716;
125,371;2,1236095428466797;1730,1845703125;1724,90966796875;1716;
125,372;2,1525700092315674;1711,1004638671875;1705,3363037109375;1716;
125,373;2,913348436355591;1743,9884033203125;1832,716552734375;1716;
125,374;2,160198926925659;1719,3592529296875;1674,459716796875;1716;
125,375;2,15425705909729;1713,539306640625;1816,1058349609375;1716;
125,376;2,124785900115967;1727,6982421875;1742,40869140625;1716;
125,377;2,1710548400878906;1710,796142578125;1698,1102294921875;1716;
125,378;2,1813721656799316;1743,356201171875;1827,14599609375;1716;
125,379;2,1613755226135254;1716,597412109375;1676,7950439453125;1716;
125,38;2,1483747959136963;1712,01416015625;1818,8533935546875;1716;
125,381;2,1176555156707764;1726,7677001953125;1744,9376220703125;1716;
125,382;2,1537463665008545;1693,923095703125;1698,1102294921875;1716;
125,383;2,9035396575927734;1735,1788330078125;1827,14599609375;1716;
125,384;2,160198926925659;1715,067138671875;1693,326904296875;1716;
125,385;2,1495511531829834;1728,629638671875;1827,14599609375;1716;
125,386;2,129563808441162;1734,86572265625;1747,473876953125;1716;
125,387;2,1525700092315674;1714,150146484375;1846,792724609375;1716;
125,388;2,1886608600616455;1745,254150390625;1911,386474609375;1716;
125,389;2,2225961685180664;1714,76123046875;1658,29248046875;1716;
125,39;2,1483747959136963;1729,2513427734375;1807,912841796875;1716;
125,391;2,1278841495513916;1714,4556884765625;1722,4384765625;1716;
125,392;2,158731698989868;1694,2216796875;1698,1102294921875;1716;
125,393;2,175259828567505;1735,1788330078125;1827,14599609375;1716;
125,394;2,2237725257873535;1698,7100830078125;1569,53271484375;1716;
125,395;2,7692432403564453;1719,974365234375;1750,017578125;1716;
125,396;2,1236095428466797;1730,495849609375;1712,6240234375;1716;
125,397;2,1537463665008545;1697,211181640625;1712,6240234375;1716;
125,398;2,175259828567505;1736,118408203125;1835,5145263671875;1716;
125,399;2,2225961685180664;1702,0166015625;1567,486328125;1716;
125,4;2,7704198360443115;1721,8216552734375;1750,017578125;1716;
125,401;2,1236095428466797;1731,7421875;1712,6240234375;1716;
125,402;2,170748472213745;1697,810546875;1715,067138671875;1716;
125,403;2,176436185836792;1736,7454833984375;1838,3212890625;1716;
125,404;2,2225961685180664;1702,31787109375;1567,486328125;1716;
125,405;2,7692432403564453;1722,1300048828125;1752,568603515625;1716;
125,406;2,1219398975372314;1731,7421875;1752,568603515625;1716;
125,407;2,1092207431793213;1697,5107421875;1715,067138671875;1716;
125,408;2,175259828567505;1736,7454833984375;1838,3212890625;1716;
125,409;2,2237725257873535;1702,31787109375;1567,486328125;1716;
125,41;2,7692432403564453;1722,1300048828125;1750,017578125;1716;
125,411;2,1207635402679443;1722,1300048828125;1752,568603515625;1716;
125,412;2,1103973388671875;1697,5107421875;1712,6240234375;1716;
125,413;2,175259828567505;1736,431884765625;1835,5145263671875;1716;
125,414;2,2225961685180664;1702,0166015625;1567,486328125;1716;
125,415;2,7704198360443115;1721,8216552734375;1750,017578125;1716;
125,416;2,1207635402679443;1722,1300048828125;1752,568603515625;1716;
125,417;2,1092207431793213;1697,810546875;1715,067138671875;1716;
125,418;2,176436185836792;1736,7454833984375;1838,3212890625;1716;
125,419;2,2225961685180664;1702,31787109375;1567,486328125;1716;
125,42;2,1390321254730225;1722,1300048828125;1752,568603515625;1716;
125,421;2,245142698287964;1721,8216552734375;1752,568603515625;1716;
125,422;2,1092207431793213;1697,5107421875;1715,067138671875;1716;
125,423;2,175259828567505;1736,7454833984375;1838,3212890625;1716;
125,424;2,1741385459899902;1702,31787109375;1567,486328125;1716;
125,425;2,8295505046844482;1722,1300048828125;1750,017578125;1716;
125,426;2,183378219604492;1722,1300048828125;1752,568603515625;1716;
125,427;2,1103973388671875;1697,5107421875;1712,6240234375;1716;
125,428;2,166691541671753;1731,7421875;1712,6240234375;1716;
125,429;2,172961950302124;1702,0166015625;1567,486328125;1716;
125,43;2,1188318729400635;1721,8216552734375;1752,568603515625;1716;
125,431;2,183378219604492;1721,8216552734375;1752,568603515625;1716;
125,432;2,1092207431793213;1697,211181640625;1712,6240234375;1716;
125,433;2,167868137359619;1731,430419921875;1712,6240234375;1716;
125,434;2,172961950302124;1702,0166015625;1567,486328125;1716;
125,435;2,1176555156707764;1721,8216552734375;1750,017578125;1716;
125,436;2,1845545768737793;1705,0338134765625;1620,29931640625;1716;
125,437;2,758056640625;1689,4599609375;1649,1934814453125;1716;
125,438;2,160609245300293;1732,365966796875;1799,7935791015625;1716;
125,439;2,1495511531829834;1702,31787109375;1707,7586669921875;1716;
125,44;2,1176555156707764;1722,1300048828125;1832,716552734375;1716;
125,441;2,183378219604492;1706,54638671875;1603,01611328125;1716;
125,442;2,759232997894287;1706,849365234375;1640,19384765625;1716;
125,443;2,172774314880371;1731,7421875;1752,568603515625;1716;
125,444;2,1545214653015137;1702,31787109375;1710,1878662109375;1716;
125,445;2,1188318729400635;1722,1300048828125;1835,5145263671875;1716;
125,446;2,183378219604492;1715,9849853515625;1665,182861328125;1716;
125,447;2,758056640625;1711,70947265625;1672,130859375;1716;
125,448;2,155702829360962;1723,3642578125;1807,912841796875;1716;
125,449;2,185255765914917;1698,409912109375;1607,30224609375;1716;
125,45;2,099792957305908;1703,22216796875;1640,19384765625;1716;
125,451;2,19071626663208;1715,067138671875;1618,1185302734375;1716;
125,452;2,766357898712158;1694,52001953125;1649,1934814453125;1716;
125,453;2,1484439373016357;1741,777587890625;1832,716552734375;1716;
125,454;2,1618447303771973;1707,15234375;1747,473876953125;1716;
125,455;2,099792957305908;1707,455322265625;1707,7586669921875;1716;
125,456;2,1957013607025146;1716,2911376953125;1603,01611328125;1716;
125,457;2,7432191371917725;1711,70947265625;1775,8671875;1716;
125,458;2,154526472091675;1725,838134765625;1719,974365234375;1716;
125,459;2,1668150424957275;1701,113525390625;1700,51220703125;1716;
125,46;2,1188318729400635;1721,8216552734375;1688,5703125;1716;
125,461;2,16489315032959;1717,823974609375;1744,9376220703125;1716;
125,462;2,7746591567993164;1712,6239013671875;1710,1878662109375;1716;
125,463;2,155702829360962;1725,838134765625;1676,7950439453125;1716;
125,464;2,1668150424957275;1699,910888671875;1553,3101806640625;1716;
125,465;2,099792957305908;1704,127685546875;1609,4539794921875;1716;
125,466;2,1783928871154785;1709,2760009765625;1717,517333984375;1716;
125,467;2,8028039932250977;1708,668701171875;1843,960205078125;1716;
125,468;2,1362786293029785;1731,118896484375;1791,7467041015625;1716;
125,469;2,1741385459899902;1702,0166015625;1600,881591796875;1716;
125,47;2,1176555156707764;1721,8216552734375;1635,730712890625;1716;
125,471;2,183378219604492;1726,7677001953125;1712,6240234375;1716;
125,472;2,759232997894287;1700,21142578125;1693,326904296875;1716;
125,473;2,154526472091675;1732,053955078125;1722,4384765625;1716;
125,474;2,1791088581085205;1702,31787109375;1571,5843505859375;1716;
125,475;2,12734055519104;1738,9434814453125;1835,5145263671875;1716;
125,476;2,2018778324127197;1723,0556640625;1752,568603515625;1716;
125,477;2,758056640625;1697,810546875;1712,6240234375;1716;
125,478;2,167868137359619;1731,430419921875;1712,6240234375;1716;
125,479;2,1545214653015137;1702,0166015625;1690,9451904296875;1716;
125,48;2,1176555156707764;1721,8216552734375;1824,3734130859375;1716;
125,481;2,146322011947632;1719,974365234375;1734,865966796875;1716;
125,482;2,817957639694214;1713,539306640625;1705,3363037109375;1716;
125,483;2,154526472091675;1732,053955078125;1866,8665771484375;1716;
125,484;2,7728312015533447;1702,31787109375;1629,081298828125;1716;
125,485;2,1176555156707764;1722,1300048828125;1786,4219970703125;1716;
125,486;2,192204236984253;1730,495849609375;1676,7950439453125;1716;
125,487;2,785801887512207;1702,31787109375;1679,136962890625;1716;
125,488;2,154526472091675;1723,982177734375;1805,1982421875;1716;
125,489;2,788177967071533;1698,7100830078125;1605,1563720703125;1716;
125,49;2,1009695529937744;1703,22216796875;1640,19384765625;1716;
125,491;2,1452717781066895;1714,4556884765625;1618,1185302734375;1716;
125,492;2,7750537395477295;1693,923095703125;1646,934326171875;1716;
125,493;2,149620294570923;1741,4622802734375;1832,716552734375;1716;
125,494;2,16066837310791;1690,0537109375;1615,943603515625;1716;
125,495;2,111701250076294;1715,6788330078125;1778,494140625;1716;
125,496;2,1845545768737793;1716,2911376953125;1698,1102294921875;1716;
125,497;2,13954496383667;1711,70947265625;1688,5703125;1716;
125,498;2,154526472091675;1730,80712890625;1821,609130859375;1716;
125,499;2,1679916381835938;1701,41455078125;1611,611328125;1716;
125,5;2,099792957305908;1704,127685546875;1640,19384765625;1716;
125,501;2,1452717781066895;1716,597412109375;1635,730712890625;1716;
125,502;2,7432191371917725;1695,117431640625;1656,0084228515625;1716;
125,503;2,15079665184021;1746,2047119140625;1872,682373046875;1716;
125,504;2,16066837310791;1692,432861328125;1631,291748046875;1716;
125,505;2,11287784576416;1716,904052734375;1651,4588623046875;1716;
125,506;2,139263153076172;1724,9095458984375;1768,032470703125;1716;
125,507;2,782860517501831;1698,7100830078125;1592,4000244140625;1716;
125,508;2,2118000984191895;1731,430419921875;1742,40869140625;1716;
125,509;2,16066837310791;1702,31787109375;1579,8450927734375;1716;
125,51;2,108212947845459;1735,1788330078125;1827,14599609375;1716;
125,511;2,1344311237335205;1721,513427734375;1747,473876953125;1716;
125,512;2,78462553024292;1697,5107421875;1712,6240234375;1716;
125,513;2,2295238971710205;1730,495849609375;1712,6240234375;1716;
125,514;2,781092882156372;1701,41455078125;1567,486328125;1716;
125,515;2,1176555156707764;1721,513427734375;1752,568603515625;1716;
125,516;2,139263153076172;1721,8216552734375;1752,568603515625;1716;
125,517;2,785801887512207;1697,5107421875;1715,067138671875;1716;
125,518;2,2480876445770264;1731,7421875;1712,6240234375;1716;
125,519;2,755131483078003;1702,31787109375;1690,9451904296875;1716;
125,52;2,12734055519104;1722,1300048828125;1824,3734130859375;1716;
125,521;2,139263153076172;1702,920654296875;1605,1563720703125;1716;
125,522;2,793020486831665;1705,336181640625;1642,4345703125;1716;
125,523;2,2370002269744873;1731,7421875;1750,017578125;1716;
125,524;2,755131483078003;1702,0166015625;1710,1878662109375;1716;
125,525;2,1176555156707764;1721,8216552734375;1835,5145263671875;1716;
125,526;2,243788242340088;1715,6788330078125;1805,1982421875;1716;
125,527;2,13954496383667;1711,70947265625;1739,8873291015625;1716;
125,528;2,216923713684082;1712,6239013671875;1719,974365234375;1716;
125,529;2,854736089706421;1709,8837890625;1571,5843505859375;1716;
125,53;2,126164197921753;1726,14794921875;1755,127197265625;1716;
125,531;2,127246141433716;1715,372802734375;1690,9451904296875;1716;
125,532;2,123091459274292;1694,52001953125;1683,8404541015625;1716;
125,533;2,2106237411499023;1725,838134765625;1824,3734130859375;1716;
125,534;2,7633931636810303;1699,310302734375;1613,774658203125;1716;
125,535;2,12734055519104;1720,589599609375;1778,494140625;1716;
125,536;2,139263153076172;1716,904052734375;1700,51220703125;1716;
125,537;2,13954496383667;1712,6239013671875;1690,9451904296875;1716;
125,538;2,2181003093719482;1714,76123046875;1679,136962890625;1716;
125,539;2,7716546058654785;1711,1004638671875;1674,459716796875;1716;
125,54;2,11419677734375;1709,2760009765625;1835,5145263671875;1716;
125,541;2,1344311237335205;1716,904052734375;1752,568603515625;1716;
125,542;2,121914863586426;1694,8187255859375;1586,09765625;1716;
125,543;2,2106237411499023;1726,457763671875;1742,40869140625;1716;
125,544;2,7645695209503174;1716,597412109375;1705,3363037109375;1716;
125,545;2,11419677734375;1743,040283203125;1827,14599609375;1716;
125,546;2,1332547664642334;1724,9095458984375;1747,473876953125;1716;
125,547;2,1285760402679443;1698,7100830078125;1710,1878662109375;1716;
125,548;2,2106237411499023;1740,201904296875;1861,0867919921875;1716;
125,549;2,7633931636810303;1706,54638671875;1626,876953125;1716;
125,55;2,12734055519104;1735,491943359375;1799,7935791015625;1716;
125,551;2,1452717781066895;1721,8216552734375;1734,865966796875;1716;
125,552;2,127399444580078;1698,1102294921875;1707,7586669921875;1716;
125,553;2,2307002544403076;1728,319091796875;1715,067138671875;1716;
125,554;2,779916524887085;1700,812744140625;1569,53271484375;1716;
125,555;2,126164197921753;1737,05908203125;1838,3212890625;1716;
125,556;2,140439748764038;1722,4383544921875;1752,568603515625;1716;
125,557;2,124602794647217;1697,810546875;1712,6240234375;1716;
125,558;2,2295238971710205;1731,7421875;1712,6240234375;1716;
125,559;2,781092882156372;1702,0166015625;1567,486328125;1716;
125,56;2,126164197921753;1736,431884765625;1835,5145263671875;1716;
125,561;2,808100938796997;1721,8216552734375;1752,568603515625;1716;
125,562;2,1285760402679443;1697,211181640625;1712,6240234375;1716;
125,563;2,2295238971710205;1731,430419921875;1712,6240234375;1716;
125,564;2,8747427463531494;1702,0166015625;1690,9451904296875;1716;
125,565;2,12734055519104;1732,053955078125;1797,103271484375;1716;
125,566;2,139263153076172;1702,619140625;1605,1563720703125;1716;
125,567;2,133472204208374;1704,731689453125;1640,19384765625;1716;
125,568;2,2069084644317627;1731,7421875;1752,568603515625;1716;
125,569;2,779031991958618;1702,31787109375;1710,1878662109375;1716;
125,57;2,108212947845459;1723,982177734375;1791,7467041015625;1716;
125,571;2,8009464740753174;1715,6788330078125;1729,8734130859375;1716;
125,572;2,13954496383667;1711,405029296875;1702,9207763671875;1716;
125,573;2,216923713684082;1730,80712890625;1729,8734130859375;1716;
125,574;2,7802083492279053;1701,715576171875;1575,7039794921875;1716;
125,575;2,126164197921753;1722,1300048828125;1705,3363037109375;1716;
125,576;2,7831082344055176;1715,372802734375;1690,9451904296875;1716;
125,577;2,123091459274292;1694,52001953125;1683,8404541015625;1716;
125,578;2,2106237411499023;1725,5284423828125;1824,3734130859375;1716;
125,579;2,8041579723358154;1716,2911376953125;1744,9376220703125;1716;
125,58;2,115373134613037;1725,5284423828125;1794,4210205078125;1716;
125,581;2,8734824657440186;1716,597412109375;1600,881591796875;1716;
125,582;2,13954496383667;1712,319091796875;1775,8671875;1716;
125,583;2,2894768714904785;1729,2513427734375;1727,3880615234375;1716;
125,584;2,0994324684143066;1700,812744140625;1698,1102294921875;1716;
125,585;2,126164197921753;1726,457763671875;1821,609130859375;1716;
125,586;2,809277296066284;1716,904052734375;1611,611328125;1716;
125,587;2,13954496383667;1711,70947265625;1778,494140625;1716;
125,588;2,216923713684082;1740,831787109375;1802,4918212890625;1716;
125,589;2,0892493724823;1689,4599609375;1605,1563720703125;1716;
125,59;2,2009634971618652;1727,07763671875;1729,8734130859375;1716;
125,591;2,8649837970733643;1717,823974609375;1702,9207763671875;1716;
125,592;2,1285760402679443;1696,0140380859375;1565,4454345703125;1716;
125,593;2,1668150424957275;1715,6788330078125;1750,017578125;1716;
125,594;2,111380100250244;1711,405029296875;1710,1878662109375;1716;
125,595;2,115373134613037;1743,356201171875;1824,3734130859375;1716;
125,596;2,7997701168060303;1725,5284423828125;1747,473876953125;1716;
125,597;2,1484439373016357;1712,01416015625;1676,7950439453125;1716;
125,598;2,1802852153778076;1726,7677001953125;1676,7950439453125;1716;
125,599;2,0994324684143066;1700,21142578125;1553,3101806640625;1716;
125,6;2,108212947845459;1718,7447509765625;1835,5145263671875;1716;
125,601;2,8009464740753174;1713,2340087890625;1752,568603515625;1716;
125,602;2,124701738357544;1728,008544921875;1824,3734130859375;1716;
125,603;2,185255765914917;1734,552978515625;1747,473876953125;1716;
125,604;2,1065826416015625;1703,52392578125;1581,923828125;1716;
125,605;2,1699576377868652;1727,387939453125;1752,568603515625;1716;
125,606;2,1885366439819336;1717,5172119140625;1584,0079345703125;1716;
125,607;2,1244847774505615;1695,416259765625;1810,6357421875;1716;
125,608;2,1668150424957275;1733,302490234375;1739,8873291015625;1716;
125,609;2,0880727767944336;1685,906494140625;1577,771728515625;1716;
125,61;2,177335262298584;1739,2578125;1832,716552734375;1716;
125,611;2,826714277267456;1723,3642578125;1750,017578125;1716;
125,612;2,127399444580078;1698,409912109375;1715,067138671875;1716;
125,613;2,860448122024536;1731,7421875;1712,6240234375;1716;
125,614;2,0994324684143066;1702,0166015625;1565,4454345703125;1716;
125,615;2,188561201095581;1728,008544921875;1762,8475341796875;1716;
125,616;2,8194661140441895;1717,5172119140625;1715,067138671875;1716;
125,617;2,124701738357544;1695,416259765625;1698,1102294921875;1716;
125,618;2,7857866287231445;1732,365966796875;1722,4384765625;1716;
125,619;2,118530511856079;1719,3592529296875;1695,715087890625;1716;
125,62;2,1947624683380127;1738,9434814453125;1760,2666015625;1716;
125,621;2,1516902446746826;1723,3642578125;1717,517333984375;1716;
125,622;2,1313726902008057;1706,2437744140625;1760,2666015625;1716;
125,623;2,859271764755249;1723,982177734375;1717,517333984375;1716;
125,624;2,0994324684143066;1698,1102294921875;1567,486328125;1716;
125,625;2,1835365295410156;1745,254150390625;1917,4832763671875;1716;
125,626;2,1516902446746826;1726,14794921875;1789,08056640625;1716;
125,627;2,1301963329315186;1730,495849609375;1807,912841796875;1716;
125,628;2,795274019241333;1736,118408203125;1739,8873291015625;1716;
125,629;2,1171720027923584;1693,923095703125;1575,7039794921875;1716;
125,63;2,176158905029297;1735,1788330078125;1755,127197265625;1716;
125,631;2,1528666019439697;1721,513427734375;1715,067138671875;1716;
125,632;2,2531471252441406;1704,127685546875;1624,678466796875;1716;
125,633;2,1355178356170654;1740,516845703125;1789,08056640625;1716;
125,634;2,098162889480591;1706,2437744140625;1802,4918212890625;1716;
125,635;2,1332547664642334;1728,9404296875;1887,381591796875;1716;
125,636;2,145617723464966;1718,437744140625;1775,8671875;1716;
125,637;2,1313726902008057;1723,0556640625;1810,6357421875;1716;
125,638;2,9057140350341797;1732,67822265625;1739,8873291015625;1716;
125,639;2,0910422801971436;1710,4918212890625;1846,792724609375;1716;
125,64;2,7675342559814453;1743,672119140625;1911,386474609375;1716;
125,641;2,160198926925659;1725,5284423828125;1786,4219970703125;1716;
125,642;2,1917238235473633;1729,2513427734375;1807,912841796875;1716;
125,643;2,130740165710449;1735,8050537109375;1739,8873291015625;1716;
125,644;2,1110193729400635;1694,2216796875;1700,51220703125;1716;
125,645;2,115229368209839;1735,1788330078125;1829,9271240234375;1716;
125,646;2,1528666019439697;1721,513427734375;1750,017578125;1716;
125,647;2,1917238235473633;1729,2513427734375;1827,14599609375;1716;
125,648;2,129563808441162;1735,8050537109375;1747,473876953125;1716;
125,649;2,098162889480591;1714,76123046875;1843,960205078125;1716;
125,65;2,766357898712158;1745,571044921875;1908,3525390625;1716;
125,651;2,1516902446746826;1726,14794921875;1783,7716064453125;1716;
125,652;2,1929004192352295;1728,629638671875;1807,912841796875;1716;
125,653;2,129563808441162;1734,86572265625;1739,8873291015625;1716;
125,654;2,0969862937927246;1703,22216796875;1700,51220703125;1716;
125,655;2,7675342559814453;1734,552978515625;1829,9271240234375;1716;
125,656;2,1516902446746826;1720,8974609375;1613,774658203125;1716;
125,657;2,1917238235473633;1724,600341796875;1789,08056640625;1716;
125,658;2,1486024856567383;1750,973388671875;1884,42333984375;1716;
125,659;2,085686206817627;1714,4556884765625;1775,8671875;1716;
125,66;2,7829601764678955;1745,571044921875;1872,682373046875;1716;
125,661;2,1528666019439697;1726,457763671875;1768,032470703125;1716;
125,662;2,1668150424957275;1721,8216552734375;1672,130859375;1716;
125,663;2,1236095428466797;1731,7421875;1674,459716796875;1716;
125,664;2,1722311973571777;1696,0140380859375;1590,2938232421875;1716;
125,665;2,7746591567993164;1718,7447509765625;1762,8475341796875;1716;
125,666;2,14799427986145;1717,21044921875;1705,3363037109375;1716;
125,667;2,1618447303771973;1712,6239013671875;1690,9451904296875;1716;
125,668;2,1176555156707764;1727,07763671875;1683,8404541015625;1716;
125,669;2,1710548400878906;1699,010009765625;1586,09765625;1716;
125,67;2,156212091445923;1720,281982421875;1760,2666015625;1716;
125,671;2,14799427986145;1714,150146484375;1705,3363037109375;1716;
125,672;2,16066837310791;1712,928955078125;1690,9451904296875;1716;
125,673;2,1188318729400635;1727,387939453125;1683,8404541015625;1716;
125,674;2,1710548400878906;1699,310302734375;1584,0079345703125;1716;
125,675;2,1630351543426514;1720,281982421875;1760,2666015625;1716;
125,676;2,1491708755493164;1717,21044921875;1707,7586669921875;1716;
125,677;2,16066837310791;1712,6239013671875;1690,9451904296875;1716;
125,678;2,1176555156707764;1727,387939453125;1683,8404541015625;1716;
125,679;2,1722311973571777;1699,310302734375;1584,0079345703125;1716;
125,68;2,1630351543426514;1720,281982421875;1760,2666015625;1716;
125,681;2,14799427986145;1717,21044921875;1707,7586669921875;1716;
125,682;2,1618447303771973;1712,6239013671875;1688,5703125;1716;
125,683;2,1355178356170654;1744,62109375;1824,3734130859375;1716;
125,684;2,16489315032959;1716,2911376953125;1783,7716064453125;1716;
125,685;2,1703238487243652;1728,319091796875;1875,6038818359375;1716;
125,686;2,2162764072418213;1690,350830078125;1605,1563720703125;1716;
125,687;2,7859249114990234;1715,9849853515625;1637,959228515625;1716;
125,688;2,1219398975372314;1717,21044921875;1773,2479248046875;1716;
125,689;2,1092207431793213;1712,6239013671875;1724,90966796875;1716;
125,69;2,1630351543426514;1726,7677001953125;1843,960205078125;1716;
125,691;2,2174527645111084;1719,3592529296875;1672,130859375;1716;
125,692;2,761490821838379;1713,8447265625;1816,1058349609375;1716;
125,693;2,1207635402679443;1712,928955078125;1715,067138671875;1716;
125,694;2,128422737121582;1710,187744140625;1698,1102294921875;1716;
125,695;2,1813721656799316;1743,040283203125;1827,14599609375;1716;
125,696;2,2225961685180664;1716,2911376953125;1676,7950439453125;1716;
125,697;2,131248950958252;1712,01416015625;1676,7950439453125;1716;
125,698;2,114819288253784;1718,130859375;1752,568603515625;1716;
125,699;2,127246141433716;1713,2340087890625;1715,067138671875;1716;
125,7;2,1703238487243652;1727,6982421875;1838,3212890625;1716;
125,701;2,2162764072418213;1717,21044921875;1672,130859375;1716;
125,702;2,7859249114990234;1712,319091796875;1672,130859375;1716;
125,703;2,1159956455230713;1717,21044921875;1752,568603515625;1716;
125,704;2,1092207431793213;1712,319091796875;1863,9722900390625;1716;
125,705;2,150810956954956;1709,579833984375;1762,8475341796875;1716;
125,706;2,2134859561920166;1714,76123046875;1722,4384765625;1716;
125,707;2,7836966514587402;1728,319091796875;1843,960205078125;1716;
125,708;2,1267077922821045;1728,629638671875;1712,6240234375;1716;
125,709;2,116405725479126;1717,823974609375;1841,1363525390625;1716;
125,71;2,1874842643737793;1747,156494140625;1908,3525390625;1716;
125,711;2,2225961685180664;1715,067138671875;1660,5828857421875;1716;
125,712;2,8391613960266113;1728,319091796875;1807,912841796875;1716;
125,713;2,1267077922821045;1713,539306640625;1719,974365234375;1716;
125,714;2,115229368209839;1693,3267822265625;1698,1102294921875;1716;
125,715;2,176436185836792;1734,552978515625;1827,14599609375;1716;
125,716;2,228268623352051;1698,409912109375;1569,53271484375;1716;
125,717;2,8211159706115723;1719,974365234375;1750,017578125;1716;
125,718;2,1845545768737793;1721,8216552734375;1752,568603515625;1716;
125,719;2,1092207431793213;1697,5107421875;1715,067138671875;1716;
125,72;2,175259828567505;1736,431884765625;1838,3212890625;1716;
125,721;2,180020809173584;1702,31787109375;1567,486328125;1716;
125,722;2,1176555156707764;1722,1300048828125;1750,017578125;1716;
125,723;2,183378219604492;1722,1300048828125;1752,568603515625;1716;
125,724;2,1103973388671875;1697,810546875;1715,067138671875;1716;
125,725;2,175259828567505;1736,7454833984375;1838,3212890625;1716;
125,726;2,172961950302124;1702,31787109375;1567,486328125;1716;
125,727;2,1188318729400635;1722,1300048828125;1752,568603515625;1716;
125,728;2,183378219604492;1713,2340087890625;1683,8404541015625;1716;
125,729;2,758056640625;1693,0286865234375;1679,136962890625;1716;
125,73;2,158099412918091;1716,904052734375;1674,459716796875;1716;
125,731;2,1791088581085205;1702,0166015625;1635,730712890625;1716;
125,732;2,1176555156707764;1721,8216552734375;1794,4210205078125;1716;
125,733;2,1845545768737793;1731,430419921875;1674,459716796875;1716;
125,734;2,1092207431793213;1702,31787109375;1676,7950439453125;1716;
125,735;2,154526472091675;1721,8216552734375;1674,459716796875;1716;
125,736;2,1802852153778076;1702,31787109375;1635,730712890625;1716;
125,737;2,804246664047241;1705,0338134765625;1656,0084228515625;1716;
125,738;2,1772165298461914;1714,4556884765625;1611,611328125;1716;
125,739;2,759232997894287;1693,923095703125;1644,681396484375;1716;
125,74;2,1484439373016357;1717,5172119140625;1797,103271484375;1716;
125,741;2,16066837310791;1705,941162109375;1747,473876953125;1716;
125,742;2,1009695529937744;1706,849365234375;1707,7586669921875;1716;
125,743;2,1957013607025146;1716,2911376953125;1603,01611328125;1716;
125,744;2,097792148590088;1711,70947265625;1775,8671875;1716;
125,745;2,1642117500305176;1725,838134765625;1719,974365234375;1716;
125,746;2,1668150424957275;1701,113525390625;1700,51220703125;1716;
125,747;2,1176555156707764;1721,8216552734375;1688,5703125;1716;
125,748;2,1845545768737793;1717,823974609375;1613,774658203125;1716;
125,749;2,758056640625;1712,928955078125;1783,7716064453125;1716;
125,75;2,154526472091675;1727,387939453125;1875,6038818359375;1716;
125,751;2,1679916381835938;1690,0537109375;1603,01611328125;1716;
125,752;2,111701250076294;1715,9849853515625;1773,2479248046875;1716;
125,753;2,183378219604492;1712,6239013671875;1734,865966796875;1716;
125,754;2,0929601192474365;1693,0286865234375;1707,7586669921875;1716;
125,755;2,175259828567505;1733,927490234375;1832,716552734375;1716;
125,756;2,172961950302124;1699,310302734375;1567,486328125;1716;
125,757;2,8307268619537354;1720,589599609375;1750,017578125;1716;
125,758;2,183378219604492;1721,8216552734375;1752,568603515625;1716;
125,759;2,1092207431793213;1697,810546875;1715,067138671875;1716;
125,76;2,167868137359619;1732,053955078125;1712,6240234375;1716;
125,761;2,172961950302124;1702,31787109375;1567,486328125;1716;
125,762;2,8295505046844482;1722,1300048828125;1750,017578125;1716;
125,763;2,1845545768737793;1722,1300048828125;1752,568603515625;1716;
125,764;2,758056640625;1697,5107421875;1712,6240234375;1716;
125,765;2,1569230556488037;1719,052001953125;1690,9451904296875;1716;
125,766;2,1618447303771973;1702,0166015625;1626,876953125;1716;
125,767;2,1176555156707764;1721,8216552734375;1789,08056640625;1716;
125,768;2,183378219604492;1720,589599609375;1611,611328125;1716;
125,769;2,1103973388671875;1696,911865234375;1644,681396484375;1716;
125,77;2,166691541671753;1731,7421875;1750,017578125;1716;
125,771;2,1545214653015137;1702,619140625;1710,1878662109375;1716;
125,772;2,1009695529937744;1705,638671875;1690,9451904296875;1716;
125,773;2,1772165298461914;1716,2911376953125;1732,3660888671875;1716;
125,774;2,758056640625;1711,70947265625;1705,3363037109375;1716;
125,775;2,155702829360962;1748,1090087890625;1875,6038818359375;1716;
125,776;2,1668150424957275;1693,0286865234375;1633,50830078125;1716;
125,777;2,111701250076294;1717,5172119140625;1789,08056640625;1716;
125,778;2,166069746017456;1729,873291015625;1835,5145263671875;1716;
125,779;2,7503437995910645;1718,7447509765625;1755,127197265625;1716;
125,78;2,160609245300293;1729,562255859375;1786,4219970703125;1716;
125,781;2,7728312015533447;1718,437744140625;1727,3880615234375;1716;
125,782;2,1057472229003906;1713,2340087890625;1700,51220703125;1716;
125,783;2,2057318687438965;1712,928955078125;1605,1563720703125;1716;
125,784;2,7515201568603516;1710,187744140625;1778,494140625;1716;
125,785;2,154526472091675;1728,629638671875;1724,90966796875;1716;
125,786;2,7716546058654785;1700,511962890625;1698,1102294921875;1716;
125,787;2,1188318729400635;1720,8974609375;1686,2020263671875;1716;
125,788;2,1451454162597656;1716,597412109375;1613,774658203125;1716;
125,789;2,873392105102539;1712,319091796875;1783,7716064453125;1716;
125,79;2,155702829360962;1740,831787109375;1797,103271484375;1716;
125,791;2,1668150424957275;1690,0537109375;1603,01611328125;1716;
125,792;2,111701250076294;1715,9849853515625;1635,730712890625;1716;
125,793;2,1584651470184326;1717,5172119140625;1637,959228515625;1716;
125,794;2,7503437995910645;1695,416259765625;1656,0084228515625;1716;
125,795;2,1484439373016357;1729,2513427734375;1722,4384765625;1716;
125,796;2,1618447303771973;1684,13525390625;1571,5843505859375;1716;
125,797;2,1057472229003906;1712,6239013671875;1620,29931640625;1716;
125,798;2,1772165298461914;1716,2911376953125;1715,067138671875;1716;
125,799;2,759232997894287;1694,8187255859375;1695,715087890625;1716;
125,8;2,1484439373016357;1731,430419921875;1722,4384765625;1716;
125,801;2,1791088581085205;1702,31787109375;1571,5843505859375;1716;
125,802;2,1188318729400635;1722,1300048828125;1752,568603515625;1716;
125,803;2,1706655025482178;1723,0556640625;1752,568603515625;1716;
125,804;2,879274368286133;1697,810546875;1712,6240234375;1716;
125,805;2,2307002544403076;1731,430419921875;1712,6240234375;1716;
125,806;2,1545214653015137;1702,0166015625;1690,9451904296875;1716;
125,807;2,1176555156707764;1721,8216552734375;1681,4854736328125;1716;
125,808;2,183380603790283;1715,6788330078125;1700,51220703125;1716;
125,809;2,80141544342041;1711,70947265625;1688,5703125;1716;
125,81;2,1423614025115967;1732,67822265625;1878,5345458984375;1716;
125,811;2,1741385459899902;1702,920654296875;1633,50830078125;1716;
125,812;2,099792957305908;1705,336181640625;1651,4588623046875;1716;
125,813;2,1332547664642334;1731,118896484375;1742,40869140625;1716;
125,814;2,785801887512207;1701,715576171875;1707,7586669921875;1716;
125,815;2,154526472091675;1748,1090087890625;1875,6038818359375;1716;
125,816;2,788177967071533;1710,187744140625;1633,50830078125;1716;
125,817;2,1069235801696777;1708,97216796875;1651,4588623046875;1716;
125,818;2,1332547664642334;1715,067138671875;1613,774658203125;1716;
125,819;2,7768185138702393;1694,52001953125;1644,681396484375;1716;
125,82;2,149620294570923;1740,516845703125;1835,5145263671875;1716;
125,821;2,16066837310791;1707,15234375;1750,017578125;1716;
125,822;2,1057472229003906;1708,061767578125;1710,1878662109375;1716;
125,823;2,2450637817382812;1717,5172119140625;1732,3660888671875;1716;
125,824;2,13954496383667;1712,319091796875;1702,9207763671875;1716;
125,825;2,202742576599121;1739,572509765625;1818,8533935546875;1716;
125,826;2,1679916381835938;1705,941162109375;1611,611328125;1716;
125,827;2,099792957305908;1706,849365234375;1640,19384765625;1716;
125,828;2,151280164718628;1717,5172119140625;1635,730712890625;1716;
125,829;2,140721321105957;1712,928955078125;1797,103271484375;1716;
125,83;2,216923713684082;1729,2513427734375;1656,0084228515625;1716;
125,831;2,7716546058654785;1701,113525390625;1662,8797607421875;1716;
125,832;2,1188318729400635;1721,513427734375;1667,4925537109375;1716;
125,833;2,141616106033325;1717,21044921875;1755,127197265625;1716;
125,834;2,7768185138702393;1695,715087890625;1717,517333984375;1716;
125,835;2,2118000984191895;1723,673095703125;1707,7586669921875;1716;
125,836;2,7633931636810303;1698,409912109375;1565,4454345703125;1716;
125,837;2,120180368423462;1719,974365234375;1747,473876953125;1716;
125,838;2,140439748764038;1720,589599609375;1752,568603515625;1716;
125,839;2,78462553024292;1696,911865234375;1715,067138671875;1716;
125,84;2,2295238971710205;1731,7421875;1712,6240234375;1716;
125,841;2,781092882156372;1702,31787109375;1567,486328125;1716;
125,842;2,126164197921753;1736,431884765625;1835,5145263671875;1716;
125,843;2,139263153076172;1721,8216552734375;1752,568603515625;1716;
125,844;2,785801887512207;1697,211181640625;1712,6240234375;1716;
125,845;2,2106237411499023;1731,7421875;1863,9722900390625;1716;
125,846;2,7633931636810303;1702,31787109375;1629,081298828125;1716;
125,847;2,12734055519104;1734,552978515625;1816,1058349609375;1716;
125,848;2,139263153076172;1720,8974609375;1611,611328125;1716;
125,849;2,127399444580078;1696,911865234375;1642,4345703125;1716;
125,85;2,2307002544403076;1731,430419921875;1750,017578125;1716;
125,851;2,755131483078003;1702,0166015625;1710,1878662109375;1716;
125,852;2,126164197921753;1721,8216552734375;1835,5145263671875;1716;
125,853;2,1224143505096436;1715,6788330078125;1805,1982421875;1716;
125,854;2,13954496383667;1711,405029296875;1737,3729248046875;1716;
125,855;2,216923713684082;1729,873291015625;1872,682373046875;1716;
125,856;2,149303913116455;1718,130859375;1631,291748046875;1716;
125,857;2,11419677734375;1712,928955078125;1653,7305908203125;1716;
125,858;2,139263153076172;1715,6788330078125;1611,611328125;1716;
125,859;2,123091459274292;1694,8187255859375;1642,4345703125;1716;
125,86;2,2106237411499023;1740,831787109375;1838,3212890625;1716;
125,861;2,16066837310791;1689,4599609375;1618,1185302734375;1716;
125,862;2,11287784576416;1715,372802734375;1781,1290283203125;1716;
125,863;2,139263153076172;1716,904052734375;1698,1102294921875;1716;
125,864;2,13954496383667;1712,319091796875;1686,2020263671875;1716;
125,865;2,2181003093719482;1714,76123046875;1681,4854736328125;1716;
125,866;2,7716546058654785;1711,1004638671875;1676,7950439453125;1716;
125,867;2,11419677734375;1709,579833984375;1676,7950439453125;1716;
125,868;2,152456521987915;1717,823974609375;1618,1185302734375;1716;
125,869;2,127399444580078;1696,313232421875;1649,1934814453125;1716;
125,87;2,2106237411499023;1725,218994140625;1724,90966796875;1716;
125,871;2,7645695209503174;1682,36767578125;1573,6414794921875;1716;
125,872;2,11419677734375;1743,356201171875;1914,4300537109375;1716;
125,873;2,1332547664642334;1725,218994140625;1786,4219970703125;1716;
125,874;2,1285760402679443;1699,010009765625;1600,881591796875;1716;
125,875;2,2106237411499023;1735,491943359375;1739,8873291015625;1716;
125,876;2,7633931636810303;1704,4295654296875;1579,8450927734375;1716;
125,877;2,109389305114746;1735,1788330078125;1827,14599609375;1716;
125,878;2,7997701168060303;1721,513427734375;1747,473876953125;1716;
125,879;2,127399444580078;1697,5107421875;1712,6240234375;1716;
125,88;2,2307002544403076;1730,495849609375;1712,6240234375;1716;
125,881;2,779916524887085;1701,41455078125;1567,486328125;1716;
125,882;2,126164197921753;1736,118408203125;1835,5145263671875;1716;
125,883;2,140439748764038;1721,8216552734375;1752,568603515625;1716;
125,884;2,127399444580078;1697,5107421875;1715,067138671875;1716;
125,885;2,2106237411499023;1732,053955078125;1866,8665771484375;1716;
125,886;2,8761212825775146;1702,619140625;1629,081298828125;1716;
125,887;2,126164197921753;1717,21044921875;1674,459716796875;1716;
125,888;2,808100938796997;1729,873291015625;1672,130859375;1716;
125,889;2,1285760402679443;1701,113525390625;1674,459716796875;1716;
125,89;2,216923713684082;1731,7421875;1887,381591796875;1716;
125,891;2,0994324684143066;1702,0166015625;1637,959228515625;1716;
125,892;2,12734055519104;1722,1300048828125;1672,130859375;1716;
125,893;2,1212377548217773;1732,053955078125;1816,1058349609375;1716;
125,894;2,127399444580078;1702,31787109375;1742,40869140625;1716;
125,895;2,2181003093719482;1729,562255859375;1869,7698974609375;1716;
125,896;2,8041579723358154;1718,130859375;1631,291748046875;1716;
125,897;2,11419677734375;1721,8216552734375;1818,8533935546875;1716;
125,898;2,809277296066284;1732,67822265625;1742,40869140625;1716;
125,899;2,133472204208374;1703,22216796875;1707,7586669921875;1716;
125,9;2,216923713684082;1740,831787109375;1799,7935791015625;1716;
125,901;2,788583755493164;1706,2437744140625;1603,01611328125;1716;
125,902;2,108212947845459;1721,513427734375;1835,5145263671875;1716;
125,903;2,8734824657440186;1714,4556884765625;1618,1185302734375;1716;
125,904;2,123091459274292;1693,923095703125;1646,934326171875;1716;
125,905;2,2106237411499023;1742,093017578125;1835,5145263671875;1716;
125,906;2,1054062843322754;1707,15234375;1618,1185302734375;1716;
125,907;2,109389305114746;1729,873291015625;1829,9271240234375;1716;
125,908;2,8734824657440186;1718,7447509765625;1615,943603515625;1716;
125,909;2,127399444580078;1696,0140380859375;1644,681396484375;1716;
125,91;2,1738739013671875;1742,40869140625;1838,3212890625;1716;
125,911;2,1054062843322754;1707,455322265625;1750,017578125;1716;
125,912;2,7565348148345947;1726,14794921875;1791,7467041015625;1716;
125,913;2,8746590614318848;1716,904052734375;1600,881591796875;1716;
125,914;2,13954496383667;1712,01416015625;1773,2479248046875;1716;
125,915;2,172961950302124;1746,5218505859375;1881,4742431640625;1716;
125,916;2,0952231884002686;1692,432861328125;1635,730712890625;1716;
125,917;2,2009634971618652;1727,07763671875;1712,6240234375;1716;
125,918;2,7997701168060303;1717,5172119140625;1693,326904296875;1716;
125,919;2,140721321105957;1712,319091796875;1683,8404541015625;1716;
125,92;2,172961950302124;1730,495849609375;1827,14599609375;1716;
125,921;2,0994324684143066;1701,41455078125;1613,774658203125;1716;
125,922;2,1897377967834473;1726,457763671875;1722,4384765625;1716;
125,923;2,8394081592559814;1716,904052734375;1698,1102294921875;1716;
125,924;2,13954496383667;1711,70947265625;1686,2020263671875;1716;
125,925;2,795274019241333;1714,150146484375;1681,4854736328125;1716;
125,926;2,111380100250244;1710,4918212890625;1676,7950439453125;1716;
125,927;2,176158905029297;1727,07763671875;1835,5145263671875;1716;
125,928;2,8218188285827637;1717,823974609375;1618,1185302734375;1716;
125,929;2,13954496383667;1712,928955078125;1786,4219970703125;1716;
125,93;2,8024086952209473;1743,040283203125;1799,7935791015625;1716;
125,931;2,7640459537506104;1690,350830078125;1600,881591796875;1716;
125,932;2,1823599338531494;1726,7677001953125;1881,4742431640625;1716;
125,933;2,8182895183563232;1716,904052734375;1773,2479248046875;1716;
125,934;2,12587833404541;1721,20556640625;1810,6357421875;1716;
125,935;2,1668150424957275;1731,118896484375;1739,8873291015625;1716;
125,936;2,117354154586792;1719,052001953125;1705,3363037109375;1716;
125,937;2,177335262298584;1743,356201171875;1827,14599609375;1716;
125,938;2,1516902446746826;1725,5284423828125;1747,473876953125;1716;
125,939;2,1484439373016357;1716,2911376953125;1676,7950439453125;1716;
125,94;2,8035850524902344;1727,07763671875;1676,7950439453125;1716;
125,941;2,117354154586792;1717,21044921875;1674,459716796875;1716;
125,942;2,176158905029297;1727,387939453125;1835,5145263671875;1716;
125,943;2,146794080734253;1717,5172119140625;1752,568603515625;1716;
125,944;2,1428160667419434;1712,01416015625;1816,1058349609375;1716;
125,945;2,1668150424957275;1726,457763671875;1742,40869140625;1716;
125,946;2,118530511856079;1716,597412109375;1705,3363037109375;1716;
125,947;2,176158905029297;1743,040283203125;1827,14599609375;1716;
125,948;2,1516902446746826;1725,218994140625;1747,473876953125;1716;
125,949;2,26827073097229;1712,01416015625;1674,459716796875;1716;
125,95;2,8024086952209473;1726,457763671875;1674,459716796875;1716;
125,951;2,117354154586792;1715,9849853515625;1669,8084716796875;1716;
125,952;2,153520107269287;1726,457763671875;1838,3212890625;1716;
125,953;2,145617723464966;1716,904052734375;1752,568603515625;1716;
125,954;2,2043237686157227;1712,319091796875;1674,459716796875;1716;
125,955;2,795274019241333;1726,7677001953125;1674,459716796875;1716;
125,956;2,108874797821045;1711,70947265625;1712,6240234375;1716;
125,957;2,1212377548217773;1726,457763671875;1835,5145263671875;1716;
125,958;2,146794080734253;1716,597412109375;1615,943603515625;1716;
125,959;2,2043237686157227;1707,758544921875;1642,4345703125;1716;
125,96;2,8949766159057617;1742,093017578125;1799,7935791015625;1716;
125,961;2,080918550491333;1712,01416015625;1794,4210205078125;1716;
125,962;2,127246141433716;1726,457763671875;1881,4742431640625;1716;
125,963;2,145617723464966;1716,904052734375;1773,2479248046875;1716;
125,964;2,2055001258850098;1721,20556640625;1669,8084716796875;1716;
125,965;2,1414718627929688;1749,062744140625;1816,1058349609375;1716;
125,966;2,111380100250244;1710,187744140625;1609,4539794921875;1716;
125,967;2,1224143505096436;1726,7677001953125;1878,5345458984375;1716;
125,968;2,145617723464966;1716,904052734375;1631,291748046875;1716;
125,969;2,2043237686157227;1716,2911376953125;1637,959228515625;1716;
125,97;2,8306233882904053;1728,629638671875;1656,0084228515625;1716;
125,971;2,0910422801971436;1699,910888671875;1660,5828857421875;1716;
125,972;2,1332547664642334;1726,457763671875;1843,960205078125;1716;
125,973;2,146794080734253;1716,597412109375;1618,1185302734375;1716;
125,974;2,2043237686157227;1709,2760009765625;1642,4345703125;1716;
125,975;2,1355178356170654;1743,356201171875;1799,7935791015625;1716;
125,976;2,080918550491333;1712,319091796875;1794,4210205078125;1716;
125,977;2,7829601764678955;1726,7677001953125;1881,4742431640625;1716;
125,978;2,145617723464966;1716,904052734375;1773,2479248046875;1716;
125,979;2,2055001258850098;1721,20556640625;1669,8084716796875;1716;
125,98;2,1236095428466797;1731,118896484375;1672,130859375;1716;
125,981;2,1710548400878906;1695,117431640625;1588,1929931640625;1716;
125,982;2,7758355140686035;1718,437744140625;1762,8475341796875;1716;
125,983;2,13954496383667;1713,2340087890625;1717,517333984375;1716;
125,984;2,2043237686157227;1703,82568359375;1624,678466796875;1716;
125,985;2,130740165710449;1739,88720703125;1789,08056640625;1716;
125,986;2,0969862937927246;1698,1102294921875;1660,5828857421875;1716;
125,987;2,7912614345550537;1719,052001953125;1805,1982421875;1716;
125,988;2,140721321105957;1712,928955078125;1737,3729248046875;1716;
125,989;2,186012029647827;1721,513427734375;1827,14599609375;1716;
125,99;2,1236095428466797;1731,118896484375;1747,473876953125;1716;
125,991;2,0922188758850098;1696,313232421875;1698,1102294921875;1716;
125,992;2,766357898712158;1735,8050537109375;1827,14599609375;1716;
125,993;2,1516902446746826;1721,20556640625;1611,611328125;1716;
125,994;2,1618447303771973;1724,600341796875;1653,7305908203125;1716;
125,995;2,129563808441162;1733,614990234375;1807,912841796875;1716;
125,996;2,1978936195373535;1713,2340087890625;1832,716552734375;1716;
125,997;2,7758355140686035;1710,4918212890625;1747,473876953125;1716;
125,998;2,1516902446746826;1726,457763671875;1707,7586669921875;1716;
125,999;2,1668150424957275;1721,20556640625;1635,730712890625;1716;
126;2,124785900115967;1731,7421875;1797,103271484375;1716;
126,001;2,1525700092315674;1717,21044921875;1841,1363525390625;1716;
126,002;2,7912614345550537;1712,01416015625;1752,568603515625;1716;
126,003;2,1528666019439697;1727,07763671875;1710,1878662109375;1716;
126,004;2,2622551918029785;1722,4383544921875;1773,2479248046875;1716;
126,005;2,1236095428466797;1732,365966796875;1722,4384765625;1716;
126,006;2,1537463665008545;1719,666748046875;1863,9722900390625;1716;
126,007;2,8362202644348145;1730,495849609375;1762,8475341796875;1716;
126,008;2,1540966033935547;1701,715576171875;1594,5120849609375;1716;
126,009;2,1618447303771973;1721,8216552734375;1631,291748046875;1716;
126,01;2,1236095428466797;1731,7421875;1791,7467041015625;1716;
126,011;2,1525700092315674;1716,904052734375;1846,792724609375;1716;
126,012;2,151987314224243;1712,01416015625;1755,127197265625;1716;
126,013;2,283184289932251;1727,387939453125;1715,067138671875;1716;
126,014;2,1483747959136963;1722,746826171875;1768,032470703125;1716;
126,015;2,124785900115967;1732,365966796875;1719,974365234375;1716;
126,016;2,1525700092315674;1702,619140625;1712,6240234375;1716;
126,017;2,175259828567505;1739,2578125;1835,5145263671875;1716;
126,018;2,2237725257873535;1723,3642578125;1571,5843505859375;1716;
126,019;2,1483747959136963;1723,0556640625;1752,568603515625;1716;
126,02;2,129563808441162;1732,67822265625;1712,6240234375;1716;
126,021;2,1537463665008545;1698,7100830078125;1715,067138671875;1716;
126,022;2,175259828567505;1737,05908203125;1838,3212890625;1716;
126,023;2,2225961685180664;1702,31787109375;1567,486328125;1716;
126,024;2,7704198360443115;1722,1300048828125;1752,568603515625;1716;
126,025;2,1207635402679443;1721,8216552734375;1752,568603515625;1716;
126,026;2,22251296043396;1697,5107421875;1715,067138671875;1716;
126,027;2,176436185836792;1736,7454833984375;1838,3212890625;1716;
126,028;2,2225961685180664;1702,31787109375;1567,486328125;1716;
126,029;2,7692432403564453;1722,1300048828125;1750,017578125;1716;
126,03;2,1219398975372314;1721,8216552734375;1750,017578125;1716;
126,031;2,1092207431793213;1697,5107421875;1712,6240234375;1716;
126,032;2,175259828567505;1736,431884765625;1835,5145263671875;1716;
126,033;2,2237725257873535;1702,0166015625;1567,486328125;1716;
126,034;2,7692432403564453;1721,8216552734375;1750,017578125;1716;
126,035;2,1207635402679443;1722,1300048828125;1752,568603515625;1716;
126,036;2,1103973388671875;1697,810546875;1715,067138671875;1716;
126,037;2,175259828567505;1736,7454833984375;1838,3212890625;1716;
126,038;2,2225961685180664;1702,31787109375;1567,486328125;1716;
126,039;2,8011837005615234;1722,1300048828125;1752,568603515625;1716;
126,04;2,1349940299987793;1721,8216552734375;1752,568603515625;1716;
126,041;2,1092207431793213;1697,5107421875;1715,067138671875;1716;
126,042;2,176436185836792;1736,7454833984375;1838,3212890625;1716;
126,043;2,2353594303131104;1702,31787109375;1567,486328125;1716;
126,044;2,8295505046844482;1722,1300048828125;1752,568603515625;1716;
126,045;2,1845545768737793;1721,8216552734375;1752,568603515625;1716;
126,046;2,1092207431793213;1714,4556884765625;1863,9722900390625;1716;
126,047;2,1874842643737793;1745,571044921875;1920,54638671875;1716;
126,048;2,1741385459899902;1719,3592529296875;1658,29248046875;1716;
126,049;2,837985038757324;1730,80712890625;1807,912841796875;1716;
126,05;2,189539670944214;1714,150146484375;1722,4384765625;1716;
126,051;2,116405725479126;1694,2216796875;1700,51220703125;1716;
126,052;2,166691541671753;1735,491943359375;1829,9271240234375;1716;
126,053;2,172961950302124;1698,7100830078125;1569,53271484375;1716;
126,054;2,11287784576416;1719,974365234375;1750,017578125;1716;
126,055;2,2018778324127197;1721,513427734375;1752,568603515625;1716;
126,056;2,1092207431793213;1697,5107421875;1715,067138671875;1716;
126,057;2,167868137359619;1731,7421875;1712,6240234375;1716;
126,058;2,172961950302124;1702,31787109375;1567,486328125;1716;
126,059;2,1176555156707764;1722,1300048828125;1752,568603515625;1716;
126,06;2,1845545768737793;1721,8216552734375;1752,568603515625;1716;
126,061;2,758056640625;1697,211181640625;1712,6240234375;1716;
126,062;2,175259828567505;1736,431884765625;1835,5145263671875;1716;
126,063;2,1741385459899902;1701,715576171875;1567,486328125;1716;
126,064;2,1176555156707764;1721,513427734375;1750,017578125;1716;
126,065;2,183378219604492;1704,731689453125;1620,29931640625;1716;
126,066;2,759232997894287;1689,163330078125;1646,934326171875;1716;
126,067;2,160609245300293;1732,053955078125;1797,103271484375;1716;
126,068;2,1668150424957275;1702,0166015625;1581,923828125;1716;
126,069;2,1188318729400635;1721,8216552734375;1757,693115234375;1716;
126,07;2,183378219604492;1717,21044921875;1681,4854736328125;1716;
126,071;2,758056640625;1695,117431640625;1679,136962890625;1716;
126,072;2,149620294570923;1731,430419921875;1884,42333984375;1716;
126,073;2,1791088581085205;1702,0166015625;1635,730712890625;1716;
126,074;2,1176555156707764;1721,8216552734375;1791,7467041015625;1716;
126,075;2,1845545768737793;1732,053955078125;1674,459716796875;1716;
126,076;2,758056640625;1702,619140625;1676,7950439453125;1716;
126,077;2,154526472091675;1721,8216552734375;1805,1982421875;1716;
126,078;2,1802852153778076;1698,1102294921875;1605,1563720703125;1716;
126,079;2,093839168548584;1702,920654296875;1640,19384765625;1716;
126,08;2,189539670944214;1714,4556884765625;1618,1185302734375;1716;
126,081;2,7675342559814453;1694,2216796875;1649,1934814453125;1716;
126,082;2,1484439373016357;1741,777587890625;1832,716552734375;1716;
126,083;2,16066837310791;1707,15234375;1747,473876953125;1716;
126,084;2,1009695529937744;1707,455322265625;1707,7586669921875;1716;
126,085;2,2696235179901123;1716,2911376953125;1603,01611328125;1716;
126,086;2,7420425415039062;1711,70947265625;1775,8671875;1716;
126,087;2,155702829360962;1725,838134765625;1729,8734130859375;1716;
126,088;2,1668150424957275;1701,113525390625;1700,51220703125;1716;
126,089;2,1176555156707764;1721,8216552734375;1688,5703125;1716;
126,09;2,140439748764038;1717,823974609375;1613,774658203125;1716;
126,091;2,758056640625;1695,715087890625;1644,681396484375;1716;
126,092;2,1484439373016357;1741,14697265625;1878,5345458984375;1716;
126,093;2,1618447303771973;1690,350830078125;1633,50830078125;1716;
126,094;2,111701250076294;1716,2911376953125;1651,4588623046875;1716;
126,095;2,183378219604492;1725,5284423828125;1768,032470703125;1716;
126,096;2,759232997894287;1699,010009765625;1592,4000244140625;1716;
126,097;2,1484439373016357;1731,430419921875;1742,40869140625;1716;
126,098;2,16066837310791;1702,31787109375;1579,8450927734375;1716;
126,099;2,1009695529937744;1705,336181640625;1760,2666015625;1716;
126,1;2,1956520080566406;1721,513427734375;1747,473876953125;1716;
126,101;2,8028039932250977;1697,211181640625;1710,1878662109375;1716;
126,102;2,1821482181549072;1730,495849609375;1712,6240234375;1716;
126,103;2,172961950302124;1701,41455078125;1567,486328125;1716;
126,104;2,1176555156707764;1721,513427734375;1752,568603515625;1716;
126,105;2,140439748764038;1721,8216552734375;1752,568603515625;1716;
126,106;2,78462553024292;1697,5107421875;1715,067138671875;1716;
126,107;2,2295238971710205;1731,7421875;1712,6240234375;1716;
126,108;2,1741385459899902;1702,31787109375;1567,486328125;1716;
126,109;2,1176555156707764;1722,1300048828125;1752,568603515625;1716;
126,11;2,139263153076172;1704,731689453125;1620,29931640625;1716;
126,111;2,7678353786468506;1688,86669921875;1646,934326171875;1716;
126,112;2,223223924636841;1731,430419921875;1747,473876953125;1716;
126,113;2,1483747959136963;1702,0166015625;1707,7586669921875;1716;
126,114;2,1188318729400635;1721,8216552734375;1688,5703125;1716;
126,115;2,139263153076172;1719,3592529296875;1698,1102294921875;1716;
126,116;2,80141544342041;1712,928955078125;1686,2020263671875;1716;
126,117;2,2055001258850098;1731,7421875;1881,4742431640625;1716;
126,118;2,779916524887085;1702,619140625;1635,730712890625;1716;
126,119;2,099792957305908;1705,638671875;1656,0084228515625;1716;
126,12;2,1344311237335205;1732,365966796875;1742,40869140625;1716;
126,121;2,78462553024292;1702,920654296875;1710,1878662109375;1716;
126,122;2,216923713684082;1748,7447509765625;1875,6038818359375;1716;
126,123;2,1802852153778076;1693,3267822265625;1516,0933837890625;1716;
126,124;2,111701250076294;1717,823974609375;1717,517333984375;1716;
126,125;2,1212377548217773;1715,067138671875;1710,1878662109375;1716;
126,126;2,7779948711395264;1694,8187255859375;1695,715087890625;1716;
126,127;2,2106237411499023;1730,1845703125;1821,609130859375;1716;
126,128;2,7633931636810303;1718,7447509765625;1742,40869140625;1716;
126,129;2,1069235801696777;1713,2340087890625;1705,3363037109375;1716;
126,13;2,1572885513305664;1716,597412109375;1603,01611328125;1716;
126,131;2,13954496383667;1712,01416015625;1640,19384765625;1716;
126,132;2,776838541030884;1742,724365234375;1841,1363525390625;1716;
126,133;2,1668150424957275;1690,64794921875;1620,29931640625;1716;
126,134;2,111701250076294;1716,2911376953125;1781,1290283203125;1716;
126,135;2,140439748764038;1717,5172119140625;1698,1102294921875;1716;
126,136;2,13954496383667;1712,319091796875;1686,2020263671875;1716;
126,137;2,216923713684082;1714,150146484375;1681,4854736328125;1716;
126,138;2,7728312015533447;1710,4918212890625;1676,7950439453125;1716;
126,139;2,11419677734375;1709,2760009765625;1674,459716796875;1716;
126,14;2,151280164718628;1717,5172119140625;1618,1185302734375;1716;
126,141;2,1285760402679443;1696,0140380859375;1649,1934814453125;1716;
126,142;2,2106237411499023;1724,9095458984375;1724,90966796875;1716;
126,143;2,7633931636810303;1699,010009765625;1698,1102294921875;1716;
126,144;2,12734055519104;1720,589599609375;1686,2020263671875;1716;
126,145;2,139263153076172;1725,5284423828125;1750,017578125;1716;
126,146;2,145617723464966;1716,597412109375;1712,6240234375;1716;
126,147;2,224400281906128;1728,008544921875;1676,7950439453125;1716;
126,148;2,8027446269989014;1700,812744140625;1553,3101806640625;1716;
126,149;2,108212947845459;1704,4295654296875;1742,40869140625;1716;
126,15;2,8746590614318848;1713,2340087890625;1618,1185302734375;1716;
126,151;2,121914863586426;1693,6248779296875;1649,1934814453125;1716;
126,152;2,2295238971710205;1733,302490234375;1729,8734130859375;1716;
126,153;2,781092882156372;1686,4976806640625;1575,7039794921875;1716;
126,154;2,11419677734375;1737,05908203125;1832,716552734375;1716;
126,155;2,808100938796997;1722,4383544921875;1750,017578125;1716;
126,156;2,1285760402679443;1698,409912109375;1715,067138671875;1716;
126,157;2,2295238971710205;1731,7421875;1712,6240234375;1716;
126,158;2,2184438705444336;1702,31787109375;1567,486328125;1716;
126,159;2,12734055519104;1736,431884765625;1835,5145263671875;1716;
126,16;2,139263153076172;1704,731689453125;1620,29931640625;1716;
126,161;2,115842342376709;1688,86669921875;1646,934326171875;1716;
126,162;2,1945157051086426;1731,430419921875;1747,473876953125;1716;
126,163;2,0994324684143066;1702,0166015625;1581,923828125;1716;
126,164;2,126164197921753;1721,8216552734375;1760,2666015625;1716;
126,165;2,809277296066284;1717,5172119140625;1679,136962890625;1716;
126,166;2,121914863586426;1695,416259765625;1676,7950439453125;1716;
126,167;2,2106237411499023;1715,067138671875;1734,865966796875;1716;
126,168;2,772421360015869;1694,2216796875;1577,771728515625;1716;
126,169;2,120180368423462;1721,513427734375;1702,9207763671875;1716;
126,17;2,808100938796997;1732,053955078125;1686,2020263671875;1716;
126,171;2,1285760402679443;1702,31787109375;1681,4854736328125;1716;
126,172;2,216923713684082;1727,6982421875;1807,912841796875;1716;
126,173;2,0994324684143066;1700,511962890625;1607,30224609375;1716;
126,174;2,109389305114746;1722,4383544921875;1832,716552734375;1716;
126,175;2,8763484954833984;1715,067138671875;1615,943603515625;1716;
126,176;2,121914863586426;1693,923095703125;1644,681396484375;1716;
126,177;2,2118000984191895;1741,4622802734375;1835,5145263671875;1716;
126,178;2,787407398223877;1706,54638671875;1618,1185302734375;1716;
126,179;2,108212947845459;1729,873291015625;1829,9271240234375;1716;
126,18;2,8746590614318848;1718,7447509765625;1615,943603515625;1716;
126,181;2,127399444580078;1696,0140380859375;1644,681396484375;1716;
126,182;2,1726973056793213;1742,40869140625;1838,3212890625;1716;
126,183;2,788583755493164;1707,455322265625;1750,017578125;1716;
126,184;2,108212947845459;1726,14794921875;1791,7467041015625;1716;
126,185;2,8734824657440186;1716,904052734375;1600,881591796875;1716;
126,186;2,140721321105957;1712,01416015625;1637,959228515625;1716;
126,187;2,172961950302124;1742,093017578125;1841,1363525390625;1716;
126,188;2,1054062843322754;1707,15234375;1752,568603515625;1716;
126,189;2,1711342334747314;1726,7677001953125;1791,7467041015625;1716;
126,19;2,8734824657440186;1717,21044921875;1600,881591796875;1716;
126,191;2,13954496383667;1712,319091796875;1773,2479248046875;1716;
126,192;2,1741385459899902;1728,629638671875;1727,3880615234375;1716;
126,193;2,0994324684143066;1700,511962890625;1698,1102294921875;1716;
126,194;2,188561201095581;1726,457763671875;1821,609130859375;1716;
126,195;2,8405847549438477;1716,904052734375;1611,611328125;1716;
126,196;2,13954496383667;1711,70947265625;1781,1290283203125;1716;
126,197;2,172961950302124;1731,430419921875;1724,90966796875;1716;
126,198;2,1006088256835938;1701,715576171875;1698,1102294921875;1716;
126,199;2,188561201095581;1726,7677001953125;1821,609130859375;1716;
126,2;2,8182895183563232;1717,21044921875;1611,611328125;1716;
126,201;2,143537759780884;1712,01416015625;1781,1290283203125;1716;
126,202;2,794097661972046;1731,430419921875;1724,90966796875;1716;
126,203;2,0994324684143066;1701,715576171875;1698,1102294921875;1716;
126,204;2,1897377967834473;1726,7677001953125;1821,609130859375;1716;
126,205;2,8182895183563232;1717,21044921875;1744,9376220703125;1716;
126,206;2,13954496383667;1712,319091796875;1712,6240234375;1716;
126,207;2,795274019241333;1743,040283203125;1818,8533935546875;1716;
126,208;2,1054062843322754;1707,455322265625;1609,4539794921875;1716;
126,209;2,176158905029297;1727,07763671875;1878,5345458984375;1716;
126,21;2,8194661140441895;1717,5172119140625;1633,50830078125;1716;
126,211;2,1423614025115967;1716,2911376953125;1637,959228515625;1716;
126,212;2,794097661972046;1746,5218505859375;1797,103271484375;1716;
126,213;2,0952231884002686;1691,83740234375;1600,881591796875;1716;
126,214;2,1823599338531494;1727,07763671875;1884,42333984375;1716;
126,215;2,145617723464966;1717,5172119140625;1773,2479248046875;1716;
126,216;2,143537759780884;1712,319091796875;1722,4384765625;1716;
126,217;2,794097661972046;1731,430419921875;1672,130859375;1716;
126,218;2,117354154586792;1718,7447509765625;1669,8084716796875;1716;
126,219;2,177335262298584;1726,7677001953125;1838,3212890625;1716;
126,22;2,145617723464966;1717,21044921875;1752,568603515625;1716;
126,221;2,2649118900299072;1712,319091796875;1672,130859375;1716;
126,222;2,795274019241333;1726,7677001953125;1674,459716796875;1716;
126,223;2,117354154586792;1716,597412109375;1672,130859375;1716;
126,224;2,176158905029297;1717,823974609375;1760,2666015625;1716;
126,225;2,140721321105957;1712,319091796875;1586,09765625;1716;
126,226;2,2043237686157227;1707,758544921875;1658,29248046875;1716;
126,227;2,867750644683838;1724,600341796875;1667,4925537109375;1716;
126,228;2,1006088256835938;1698,409912109375;1667,4925537109375;1716;
126,229;2,7912614345550537;1729,2513427734375;1841,1363525390625;1716;
126,23;2,145617723464966;1718,7447509765625;1755,127197265625;1716;
126,231;2,1313726902008057;1714,150146484375;1816,1058349609375;1716;
126,232;2,90218448638916;1728,008544921875;1742,40869140625;1716;
126,233;2,108874797821045;1710,187744140625;1698,1102294921875;1716;
126,234;2,1224143505096436;1743,040283203125;1827,14599609375;1716;
126,235;2,1516902446746826;1724,291259765625;1611,611328125;1716;
126,236;2,2043237686157227;1707,455322265625;1644,681396484375;1716;
126,237;2,1366941928863525;1742,093017578125;1802,4918212890625;1716;
126,238;2,079741954803467;1690,0537109375;1794,4210205078125;1716;
126,239;2,127246141433716;1727,6982421875;1881,4742431640625;1716;
126,24;2,146794080734253;1718,130859375;1773,2479248046875;1716;
126,241;2,2043237686157227;1722,1300048828125;1669,8084716796875;1716;
126,242;2,1236095428466797;1732,053955078125;1672,130859375;1716;
126,243;2,110051393508911;1719,666748046875;1715,067138671875;1716;
126,244;2,1212377548217773;1727,387939453125;1838,3212890625;1716;
126,245;2,145617723464966;1717,5172119140625;1752,568603515625;1716;
126,246;2,1871886253356934;1703,82568359375;1739,8873291015625;1716;
126,247;2,1176555156707764;1722,4383544921875;1707,7586669921875;1716;
126,248;2,1029305458068848;1709,579833984375;1715,067138671875;1716;
126,249;2,140439748764038;1743,040283203125;1838,3212890625;1716;
126,25;2,1516902446746826;1725,218994140625;1752,568603515625;1716;
126,251;2,2289950847625732;1714,4556884765625;1672,130859375;1716;
126,252;2,124785900115967;1728,008544921875;1674,459716796875;1716;
126,253;2,1710548400878906;1712,319091796875;1712,6240234375;1716;
126,254;2,7746591567993164;1726,457763671875;1835,5145263671875;1716;
126,255;2,155272960662842;1716,904052734375;1752,568603515625;1716;
126,256;2,16066837310791;1711,70947265625;1669,8084716796875;1716;
126,257;2,1176555156707764;1726,14794921875;1672,130859375;1716;
126,258;2,1722311973571777;1715,9849853515625;1588,1929931640625;1716;
126,259;2,80564022064209;1717,21044921875;1762,8475341796875;1716;
126,26;2,13954496383667;1712,01416015625;1588,1929931640625;1716;
126,261;2,1618447303771973;1708,061767578125;1658,29248046875;1716;
126,262;2,1355178356170654;1742,724365234375;1810,6357421875;1716;
126,263;2,198481798171997;1716,2911376953125;1791,7467041015625;1716;
126,264;2,8391613960266113;1728,9404296875;1881,4742431640625;1716;
126,265;2,145617723464966;1718,130859375;1635,730712890625;1716;
126,266;2,16066837310791;1717,5172119140625;1635,730712890625;1716;
126,267;2,124785900115967;1729,873291015625;1656,0084228515625;1716;
126,268;2,1525700092315674;1695,715087890625;1594,5120849609375;1716;
126,269;2,8193511962890625;1717,823974609375;1765,4361572265625;1716;
126,27;2,1491708755493164;1712,6239013671875;1719,974365234375;1716;
126,271;2,16066837310791;1713,2340087890625;1686,2020263671875;1716;
126,272;2,1176555156707764;1727,387939453125;1681,4854736328125;1716;
126,273;2,1537463665008545;1699,910888671875;1717,517333984375;1716;
126,274;2,8295505046844482;1720,281982421875;1838,3212890625;1716;
126,275;2,209956645965576;1713,8447265625;1618,1185302734375;1716;
126,276;2,1439924240112305;1724,291259765625;1783,7716064453125;1716;
126,277;2,147426128387451;1750,3359375;1878,5345458984375;1716;
126,278;2,146996259689331;1713,8447265625;1775,8671875;1716;
126,279;2,913348436355591;1744,62109375;1872,682373046875;1716;
126,28;2,17438006401062;1701,113525390625;1667,4925537109375;1716;
126,281;2,1668150424957275;1721,513427734375;1669,8084716796875;1716;
126,282;2,124785900115967;1731,430419921875;1672,130859375;1716;
126,283;2,1331284046173096;1695,715087890625;1590,2938232421875;1716;
126,284;2,1569230556488037;1718,130859375;1762,8475341796875;1716;
126,285;2,2111330032348633;1700,21142578125;1579,8450927734375;1716;
126,286;2,16066837310791;1704,127685546875;1624,678466796875;1716;
126,287;2,1176555156707764;1722,4383544921875;1649,1934814453125;1716;
126,288;2,1224143505096436;1715,9849853515625;1729,8734130859375;1716;
126,289;2,14799427986145;1711,1004638671875;1700,51220703125;1716;
126,29;2,209956645965576;1703,52392578125;1607,30224609375;1716;
126,291;2,7871012687683105;1705,336181640625;1637,959228515625;1716;
126,292;2,1355178356170654;1740,516845703125;1794,4210205078125;1716;
126,293;2,158731698989868;1719,666748046875;1799,7935791015625;1716;
126,294;2,151987314224243;1712,6239013671875;1732,3660888671875;1716;
126,295;2,209956645965576;1709,8837890625;1600,881591796875;1716;
126,296;2,16066837310791;1713,2340087890625;1635,730712890625;1716;
126,297;2,1188318729400635;1727,387939453125;1656,0084228515625;1716;
126,298;2,115103006362915;1703,52392578125;1729,8734130859375;1716;
126,299;2,1630351543426514;1722,4383544921875;1846,792724609375;1716;
126,3;2,2111330032348633;1702,619140625;1567,486328125;1716;
126,301;2,761490821838379;1722,746826171875;1752,568603515625;1716;
126,302;2,129563808441162;1732,67822265625;1712,6240234375;1716;
126,303;2,1103973388671875;1715,067138671875;1863,9722900390625;1716;
126,304;2,169147491455078;1728,319091796875;1762,8475341796875;1716;
126,305;2,2162764072418213;1702,31787109375;1596,6295166015625;1716;
126,306;2,762667179107666;1722,1300048828125;1768,032470703125;1716;
126,307;2,1207635402679443;1729,873291015625;1747,473876953125;1716;
126,308;2,1092207431793213;1701,113525390625;1710,1878662109375;1716;
126,309;2,176436185836792;1738,31494140625;1835,5145263671875;1716;
126,31;2,2225961685180664;1702,619140625;1569,53271484375;1716;
126,311;2,1120176315307617;1722,4383544921875;1752,568603515625;1716;
126,312;2,1845545768737793;1722,4383544921875;1752,568603515625;1716;
126,313;2,1092207431793213;1714,76123046875;1863,9722900390625;1716;
126,314;2,169147491455078;1728,008544921875;1762,8475341796875;1716;
126,315;2,2301714420318604;1702,31787109375;1596,6295166015625;1716;
126,316;2,1176555156707764;1722,1300048828125;1633,50830078125;1716;
126,317;2,2345545291900635;1725,5284423828125;1712,6240234375;1716;
126,318;2,1103973388671875;1699,310302734375;1695,715087890625;1716;
126,319;2,1569230556488037;1719,974365234375;1827,14599609375;1716;
126,32;2,1791088581085205;1702,31787109375;1571,5843505859375;1716;
126,321;2,8307268619537354;1722,1300048828125;1752,568603515625;1716;
126,322;2,183378219604492;1723,0556640625;1752,568603515625;1716;
126,323;2,1092207431793213;1697,810546875;1712,6240234375;1716;
126,324;2,176436185836792;1736,431884765625;1835,5145263671875;1716;
126,325;2,172961950302124;1702,0166015625;1567,486328125;1716;
126,326;2,8295505046844482;1721,8216552734375;1750,017578125;1716;
126,327;2,1845545768737793;1722,1300048828125;1752,568603515625;1716;
126,328;2,1092207431793213;1697,810546875;1715,067138671875;1716;
126,329;2,166691541671753;1732,053955078125;1712,6240234375;1716;
126,33;2,1741385459899902;1702,31787109375;1567,486328125;1716;
126,331;2,8295505046844482;1722,1300048828125;1752,568603515625;1716;
126,332;2,183378219604492;1721,513427734375;1750,017578125;1716;
126,333;2,1103973388671875;1696,911865234375;1712,6240234375;1716;
126,334;2,166691541671753;1731,118896484375;1712,6240234375;1716;
126,335;2,172961950302124;1701,715576171875;1567,486328125;1716;
126,336;2,121184825897217;1721,8216552734375;1752,568603515625;1716;
126,337;2,183378219604492;1721,8216552734375;1752,568603515625;1716;
126,338;2,1092207431793213;1697,5107421875;1715,067138671875;1716;
126,339;2,167868137359619;1731,7421875;1712,6240234375;1716;
126,34;2,172961950302124;1702,31787109375;1567,486328125;1716;
126,341;2,1176555156707764;1722,1300048828125;1752,568603515625;1716;
126,342;2,1845545768737793;1721,8216552734375;1752,568603515625;1716;
126,343;2,758056640625;1697,5107421875;1715,067138671875;1716;
126,344;2,166691541671753;1736,7454833984375;1838,3212890625;1716;
126,345;2,1741385459899902;1702,31787109375;1567,486328125;1716;
126,346;2,1176555156707764;1722,1300048828125;1750,017578125;1716;
126,347;2,258348226547241;1722,1300048828125;1752,568603515625;1716;
126,348;2,8039803504943848;1697,5107421875;1712,6240234375;1716;
126,349;2,18097186088562;1736,431884765625;1712,6240234375;1716;
126,35;2,172961950302124;1701,715576171875;1567,486328125;1716;
126,351;2,1188318729400635;1721,513427734375;1750,017578125;1716;
126,352;2,2018778324127197;1713,2340087890625;1683,8404541015625;1716;
126,353;2,8815503120422363;1693,6248779296875;1683,8404541015625;1716;
126,354;2,2307002544403076;1731,430419921875;1727,3880615234375;1716;
126,355;2,172961950302124;1701,715576171875;1698,1102294921875;1716;
126,356;2,1176555156707764;1721,8216552734375;1829,9271240234375;1716;
126,357;2,140439748764038;1704,731689453125;1605,1563720703125;1716;
126,358;2,8094985485076904;1706,54638671875;1642,4345703125;1716;
126,359;2,154526472091675;1724,291259765625;1656,0084228515625;1716;
126,36;2,1679916381835938;1694,52001953125;1584,0079345703125;1716;
126,361;2,111701250076294;1718,130859375;1760,2666015625;1716;
126,362;2,139263153076172;1734,240234375;1688,5703125;1716;
126,363;2,7941970825195312;1703,52392578125;1681,4854736328125;1716;
126,364;2,154526472091675;1727,6982421875;1805,1982421875;1716;
126,365;2,1668150424957275;1700,511962890625;1734,865966796875;1716;
126,366;2,1009695529937744;1704,4295654296875;1702,9207763671875;1716;
126,367;2,151280164718628;1713,2340087890625;1605,1563720703125;1716;
126,368;2,80141544342041;1710,4918212890625;1778,494140625;1716;
126,369;2,2181003093719482;1728,319091796875;1727,3880615234375;1716;
126,37;2,7716546058654785;1700,21142578125;1698,1102294921875;1716;
126,371;2,1176555156707764;1720,589599609375;1683,8404541015625;1716;
126,372;2,140439748764038;1716,2911376953125;1613,774658203125;1716;
126,373;2,80141544342041;1711,70947265625;1783,7716064453125;1716;
126,374;2,216923713684082;1722,4383544921875;1658,29248046875;1716;
126,375;2,7728312015533447;1697,810546875;1665,182861328125;1716;
126,376;2,111701250076294;1719,974365234375;1810,6357421875;1716;
126,377;2,139263153076172;1712,928955078125;1719,974365234375;1716;
126,378;2,7779948711395264;1693,6248779296875;1700,51220703125;1716;
126,379;2,2295238971710205;1723,3642578125;1715,067138671875;1716;
126,38;2,172961950302124;1698,7100830078125;1569,53271484375;1716;
126,381;2,1188318729400635;1720,589599609375;1750,017578125;1716;
126,382;2,139263153076172;1722,4383544921875;1752,568603515625;1716;
126,383;2,78462553024292;1697,810546875;1712,6240234375;1716;
126,384;2,2307002544403076;1731,7421875;1712,6240234375;1716;
126,385;2,1545214653015137;1702,0166015625;1690,9451904296875;1716;
126,386;2,1176555156707764;1721,8216552734375;1824,3734130859375;1716;
126,387;2,140439748764038;1702,920654296875;1605,1563720703125;1716;
126,388;2,793020486831665;1705,336181640625;1642,4345703125;1716;
126,389;2,216923713684082;1731,7421875;1905,3282470703125;1716;
126,39;2,1618447303771973;1702,0166015625;1644,681396484375;1716;
126,391;2,099792957305908;1704,731689453125;1658,29248046875;1716;
126,392;2,1332547664642334;1716,904052734375;1611,611328125;1716;
126,393;2,7779948711395264;1695,715087890625;1644,681396484375;1716;
126,394;2,1484439373016357;1739,88720703125;1832,716552734375;1716;
126,395;2,16066837310791;1706,2437744140625;1747,473876953125;1716;
126,396;2,1009695529937744;1706,849365234375;1707,7586669921875;1716;
126,397;2,4780876636505127;1716,2911376953125;1732,3660888671875;1716;
126,398;2,80141544342041;1711,405029296875;1702,9207763671875;1716;
126,399;2,263394355773926;1739,2578125;1818,8533935546875;1716;
126,4;2,1668150424957275;1705,941162109375;1611,611328125;1716;
126,401;2,099792957305908;1706,849365234375;1640,19384765625;1716;
126,402;2,152456521987915;1717,5172119140625;1635,730712890625;1716;
126,403;2,80141544342041;1712,928955078125;1797,103271484375;1716;
126,404;2,216923713684082;1729,2513427734375;1656,0084228515625;1716;
126,405;2,7728312015533447;1701,113525390625;1662,8797607421875;1716;
126,406;2,1176555156707764;1721,513427734375;1810,6357421875;1716;
126,407;2,139263153076172;1712,6239013671875;1719,974365234375;1716;
126,408;2,7779948711395264;1693,3267822265625;1700,51220703125;1716;
126,409;2,2295238971710205;1723,3642578125;1715,067138671875;1716;
126,41;2,779916524887085;1698,7100830078125;1569,53271484375;1716;
126,411;2,1188318729400635;1720,589599609375;1750,017578125;1716;
126,412;2,139263153076172;1722,4383544921875;1752,568603515625;1716;
126,413;2,127399444580078;1698,1102294921875;1715,067138671875;1716;
126,414;2,2118000984191895;1732,053955078125;1861,0867919921875;1716;
126,415;2,16066837310791;1702,31787109375;1626,876953125;1716;
126,416;2,1176555156707764;1722,1300048828125;1786,4219970703125;1716;
126,417;2,140439748764038;1729,873291015625;1674,459716796875;1716;
126,418;2,78462553024292;1701,41455078125;1674,459716796875;1716;
126,419;2,154526472091675;1723,3642578125;1805,1982421875;1716;
126,42;2,1802852153778076;1697,810546875;1605,1563720703125;1716;
126,421;2,093839168548584;1702,619140625;1637,959228515625;1716;
126,422;2,1452717781066895;1714,76123046875;1620,29931640625;1716;
126,423;2,123091459274292;1694,2216796875;1649,1934814453125;1716;
126,424;2,2106237411499023;1742,093017578125;1835,5145263671875;1716;
126,425;2,16066837310791;1707,455322265625;1750,017578125;1716;
126,426;2,1009695529937744;1707,758544921875;1710,1878662109375;1716;
126,427;2,151280164718628;1716,904052734375;1600,881591796875;1716;
126,428;2,80141544342041;1712,6239013671875;1775,8671875;1716;
126,429;2,2181003093719482;1720,589599609375;1660,5828857421875;1716;
126,43;2,7716546058654785;1696,6124267578125;1665,182861328125;1716;
126,431;2,111701250076294;1719,052001953125;1669,8084716796875;1716;
126,432;2,140439748764038;1716,904052734375;1755,127197265625;1716;
126,433;2,7768185138702393;1695,117431640625;1588,1929931640625;1716;
126,434;2,2106237411499023;1727,6982421875;1742,40869140625;1716;
126,435;2,1618447303771973;1700,511962890625;1579,8450927734375;1716;
126,436;2,099792957305908;1704,127685546875;1757,693115234375;1716;
126,437;2,1332547664642334;1720,589599609375;1747,473876953125;1716;
126,438;2,785801887512207;1696,6124267578125;1710,1878662109375;1716;
126,439;2,2295238971710205;1730,1845703125;1712,6240234375;1716;
126,44;2,779916524887085;1701,41455078125;1567,486328125;1716;
126,441;2,12734055519104;1721,513427734375;1750,017578125;1716;
126,442;2,808100938796997;1722,1300048828125;1752,568603515625;1716;
126,443;2,127399444580078;1697,810546875;1715,067138671875;1716;
126,444;2,2307002544403076;1732,053955078125;1712,6240234375;1716;
126,445;2,156874418258667;1702,31787109375;1690,9451904296875;1716;
126,446;2,1176555156707764;1722,1300048828125;1827,14599609375;1716;
126,447;2,140439748764038;1719,666748046875;1734,865966796875;1716;
126,448;2,13954496383667;1713,539306640625;1707,7586669921875;1716;
126,449;2,216923713684082;1731,7421875;1869,7698974609375;1716;
126,45;2,7728312015533447;1702,31787109375;1631,291748046875;1716;
126,451;2,1176555156707764;1722,1300048828125;1791,7467041015625;1716;
126,452;2,139263153076172;1730,495849609375;1672,130859375;1716;
126,453;2,1285760402679443;1702,31787109375;1676,7950439453125;1716;
126,454;2,216923713684082;1723,982177734375;1807,912841796875;1716;
126,455;2,788177967071533;1698,409912109375;1607,30224609375;1716;
126,456;2,1009695529937744;1703,22216796875;1637,959228515625;1716;
126,457;2,151280164718628;1715,067138671875;1618,1185302734375;1716;
126,458;2,121914863586426;1694,8187255859375;1649,1934814453125;1716;
126,459;2,2118000984191895;1742,40869140625;1835,5145263671875;1716;
126,46;2,16066837310791;1690,64794921875;1618,1185302734375;1716;
126,461;2,134312152862549;1725,838134765625;1722,4384765625;1716;
126,462;2,140439748764038;1716,904052734375;1698,1102294921875;1716;
126,463;2,13954496383667;1712,01416015625;1686,2020263671875;1716;
126,464;2,216923713684082;1714,150146484375;1681,4854736328125;1716;
126,465;2,7728312015533447;1710,4918212890625;1676,7950439453125;1716;
126,466;2,11419677734375;1727,07763671875;1835,5145263671875;1716;
126,467;2,1332547664642334;1717,823974609375;1752,568603515625;1716;
126,468;2,1285760402679443;1696,0140380859375;1586,09765625;1716;
126,469;2,2106237411499023;1727,07763671875;1742,40869140625;1716;
126,47;2,7633931636810303;1699,910888671875;1579,8450927734375;1716;
126,471;2,109389305114746;1703,52392578125;1624,678466796875;1716;
126,472;2,1332547664642334;1724,9095458984375;1783,7716064453125;1716;
126,473;2,78462553024292;1699,010009765625;1729,8734130859375;1716;
126,474;2,2118000984191895;1730,1845703125;1702,9207763671875;1716;
126,475;2,7633931636810303;1701,41455078125;1563,4097900390625;1716;
126,476;2,126164197921753;1721,513427734375;1747,473876953125;1716;
126,477;2,140439748764038;1720,589599609375;1752,568603515625;1716;
126,478;2,78462553024292;1696,6124267578125;1712,6240234375;1716;
126,479;2,2295238971710205;1731,430419921875;1712,6240234375;1716;
126,48;2,781092882156372;1702,0166015625;1567,486328125;1716;
126,481;2,126164197921753;1721,8216552734375;1750,017578125;1716;
126,482;2,139263153076172;1722,1300048828125;1752,568603515625;1716;
126,483;2,1285760402679443;1697,810546875;1715,067138671875;1716;
126,484;2,2480876445770264;1732,053955078125;1712,6240234375;1716;
126,485;2,779031991958618;1702,31787109375;1567,486328125;1716;
126,486;2,1188318729400635;1722,1300048828125;1752,568603515625;1716;
126,487;2,139263153076172;1713,2340087890625;1681,4854736328125;1716;
126,488;2,121914863586426;1693,3267822265625;1679,136962890625;1716;
126,489;2,186432123184204;1731,7421875;1729,8734130859375;1716;
126,49;2,779031991958618;1702,0166015625;1700,51220703125;1716;
126,491;2,126164197921753;1727,387939453125;1722,4384765625;1716;
126,492;2,809277296066284;1717,21044921875;1695,715087890625;1716;
126,493;2,13954496383667;1712,01416015625;1686,2020263671875;1716;
126,494;2,2043237686157227;1732,053955078125;1881,4742431640625;1716;
126,495;2,7802083492279053;1702,31787109375;1635,730712890625;1716;
126,496;2,126164197921753;1722,4383544921875;1672,130859375;1716;
126,497;2,808100938796997;1731,430419921875;1672,130859375;1716;
126,498;2,1285760402679443;1702,31787109375;1674,459716796875;1716;
126,499;2,294182777404785;1732,053955078125;1887,381591796875;1716;
126,5;2,779031991958618;1702,31787109375;1637,959228515625;1716;
126,501;2,109389305114746;1721,8216552734375;1813,3665771484375;1716;
126,502;2,7997701168060303;1732,053955078125;1739,8873291015625;1716;
126,503;2,127399444580078;1702,619140625;1707,7586669921875;1716;
126,504;2,1741385459899902;1730,80712890625;1724,90966796875;1716;
126,505;2,0994324684143066;1701,715576171875;1573,6414794921875;1716;
126,506;2,188561201095581;1721,8216552734375;1707,7586669921875;1716;
126,507;2,8548152446746826;1732,053955078125;1688,5703125;1716;
126,508;2,127399444580078;1702,31787109375;1683,8404541015625;1716;
126,509;2,172961950302124;1727,387939453125;1805,1982421875;1716;
126,51;2,1006088256835938;1699,310302734375;1603,01611328125;1716;
126,511;2,188561201095581;1721,513427734375;1690,9451904296875;1716;
126,512;2,835139036178589;1731,7421875;1827,14599609375;1716;
126,513;2,1313726902008057;1721,513427734375;1752,568603515625;1716;
126,514;2,172961950302124;1731,7421875;1863,9722900390625;1716;
126,515;2,117354154586792;1719,052001953125;1626,876953125;1716;
126,516;2,177335262298584;1722,1300048828125;1821,609130859375;1716;
126,517;2,835139036178589;1732,365966796875;1742,40869140625;1716;
126,518;2,1301963329315186;1702,619140625;1710,1878662109375;1716;
126,519;2,1741385459899902;1731,118896484375;1722,4384765625;1716;
126,52;2,0994324684143066;1701,113525390625;1569,53271484375;1716;
126,521;2,188561201095581;1721,513427734375;1710,1878662109375;1716;
126,522;2,836315631866455;1731,7421875;1838,3212890625;1716;
126,523;2,1301963329315186;1702,0166015625;1750,017578125;1716;
126,524;2,172961950302124;1734,240234375;1863,9722900390625;1716;
126,525;2,124504327774048;1720,281982421875;1626,876953125;1716;
126,526;2,176158905029297;1722,1300048828125;1821,609130859375;1716;
126,527;2,835139036178589;1732,365966796875;1742,40869140625;1716;
126,528;2,1313726902008057;1702,619140625;1710,1878662109375;1716;
126,529;2,794097661972046;1749,062744140625;1875,6038818359375;1716;
126,53;2,111380100250244;1709,8837890625;1631,291748046875;1716;
126,531;2,177335262298584;1722,1300048828125;1818,8533935546875;1716;
126,532;2,1638357639312744;1732,67822265625;1742,40869140625;1716;
126,533;2,1362786293029785;1721,513427734375;1775,8671875;1716;
126,534;2,1741385459899902;1732,053955078125;1724,90966796875;1716;
126,535;2,0994324684143066;1702,31787109375;1571,5843505859375;1716;
126,536;2,1332547664642334;1722,746826171875;1710,1878662109375;1716;
126,537;2,1792922019958496;1732,9903564453125;1838,3212890625;1716;
126,538;2,1362786293029785;1727,387939453125;1752,568603515625;1716;
126,539;2,886403799057007;1735,1788330078125;1863,9722900390625;1716;
126,54;2,124504327774048;1720,8974609375;1626,876953125;1716;
126,541;2,176158905029297;1722,4383544921875;1821,609130859375;1716;
126,542;2,1577630043029785;1732,365966796875;1744,9376220703125;1716;
126,543;2,1929004192352295;1702,920654296875;1712,6240234375;1716;
126,544;2,8949766159057617;1740,516845703125;1797,103271484375;1716;
126,545;2,1054062843322754;1706,2437744140625;1732,3660888671875;1716;
126,546;2,1781508922576904;1717,21044921875;1797,103271484375;1716;
126,547;2,1577630043029785;1729,562255859375;1732,3660888671875;1716;
126,548;2,2106237411499023;1707,15234375;1644,681396484375;1716;
126,549;2,896152973175049;1742,093017578125;1802,4918212890625;1716;
126,55;2,1054062843322754;1707,15234375;1737,3729248046875;1716;
126,551;2,115229368209839;1718,7447509765625;1797,103271484375;1716;
126,552;2,140721321105957;1713,2340087890625;1600,881591796875;1716;
126,553;2,2043237686157227;1707,758544921875;1712,6240234375;1716;
126,554;2,8949766159057617;1742,40869140625;1841,1363525390625;1716;
126,555;2,116405725479126;1706,849365234375;1752,568603515625;1716;
126,556;2,766357898712158;1726,457763671875;1791,7467041015625;1716;
126,557;2,145617723464966;1716,597412109375;1598,7528076171875;1716;
126,558;2,2055001258850098;1707,455322265625;1715,067138671875;1716;
126,559;2,8949766159057617;1742,40869140625;1843,960205078125;1716;
126,56;2,0880727767944336;1690,350830078125;1620,29931640625;1716;
126,561;2,128422737121582;1727,07763671875;1719,974365234375;1716;
126,562;2,145617723464966;1717,21044921875;1698,1102294921875;1716;
126,563;2,2043237686157227;1720,8974609375;1686,2020263671875;1716;
126,564;2,8306233882904053;1731,430419921875;1827,14599609375;1716;
126,565;2,0910422801971436;1711,70947265625;1781,1290283203125;1716;
126,566;2,1332547664642334;1726,7677001953125;1724,90966796875;1716;
126,567;2,146794080734253;1717,5172119140625;1700,51220703125;1716;
126,568;2,2043237686157227;1722,746826171875;1686,2020263671875;1716;
126,569;2,129563808441162;1732,9903564453125;1827,14599609375;1716;
126,57;2,0922188758850098;1702,920654296875;1613,774658203125;1716;
126,571;2,115229368209839;1727,387939453125;1875,6038818359375;1716;
126,572;2,145617723464966;1717,5172119140625;1631,291748046875;1716;
126,573;2,2055001258850098;1716,597412109375;1640,19384765625;1716;
126,574;2,1414718627929688;1747,473876953125;1799,7935791015625;1716;
126,575;2,085686206817627;1712,928955078125;1794,4210205078125;1716;
126,576;2,7841367721557617;1727,07763671875;1881,4742431640625;1716;
126,577;2,145617723464966;1716,904052734375;1633,50830078125;1716;
126,578;2,186012029647827;1716,904052734375;1773,2479248046875;1716;
126,579;2,142648458480835;1746,839111328125;1875,6038818359375;1716;
126,58;2,085686206817627;1709,8837890625;1775,8671875;1716;
126,581;2,127246141433716;1743,040283203125;1872,682373046875;1716;
126,582;2,1528666019439697;1725,218994140625;1768,032470703125;1716;
126,583;2,1668150424957275;1721,513427734375;1669,8084716796875;1716;
126,584;2,1236095428466797;1731,430419921875;1672,130859375;1716;
126,585;2,1722311973571777;1712,928955078125;1719,974365234375;1716;
126,586;2,7746591567993164;1709,8837890625;1695,715087890625;1716;
126,587;2,13954496383667;1708,97216796875;1683,8404541015625;1716;
126,588;2,1618447303771973;1704,127685546875;1640,19384765625;1716;
126,589;2,1176555156707764;1722,746826171875;1658,29248046875;1716;
126,59;2,16489315032959;1714,4556884765625;1600,881591796875;1716;
126,591;2,9261252880096436;1722,746826171875;1770,63623046875;1716;
126,592;2,145617723464966;1715,6788330078125;1722,4384765625;1716;
126,593;2,186012029647827;1706,54638671875;1755,127197265625;1716;
126,594;2,1188318729400635;1723,982177734375;1715,067138671875;1716;
126,595;2,1525700092315674;1697,810546875;1717,517333984375;1716;
126,596;2,9035396575927734;1736,7454833984375;1838,3212890625;1716;
126,597;2,1528666019439697;1722,4383544921875;1752,568603515625;1716;
126,598;2,15425705909729;1722,1300048828125;1747,473876953125;1716;
126,599;2,1236095428466797;1731,430419921875;1710,1878662109375;1716;
126,6;2,1537463665008545;1697,211181640625;1717,517333984375;1716;
126,601;2,9035396575927734;1735,8050537109375;1838,3212890625;1716;
126,602;2,1516902446746826;1721,20556640625;1752,568603515625;1716;
126,603;2,1495511531829834;1721,513427734375;1747,473876953125;1716;
126,604;2,1236095428466797;1731,118896484375;1710,1878662109375;1716;
126,605;2,1525700092315674;1696,911865234375;1715,067138671875;1716;
126,606;2,9047160148620605;1735,8050537109375;1838,3212890625;1716;
126,607;2,2687933444976807;1721,513427734375;1752,568603515625;1716;
126,608;2,1483747959136963;1721,8216552734375;1747,473876953125;1716;
126,609;2,124785900115967;1731,430419921875;1710,1878662109375;1716;
126,61;2,1525700092315674;1714,150146484375;1863,9722900390625;1716;
126,611;2,8295505046844482;1727,387939453125;1762,8475341796875;1716;
126,612;2,2174527645111084;1702,31787109375;1596,6295166015625;1716;
126,613;2,1428160667419434;1722,1300048828125;1768,032470703125;1716;
126,614;2,1236095428466797;1731,7421875;1719,974365234375;1716;
126,615;2,1537463665008545;1701,41455078125;1712,6240234375;1716;
126,616;2,175259828567505;1738,31494140625;1835,5145263671875;1716;
126,617;2,2225961685180664;1722,746826171875;1752,568603515625;1716;
126,618;2,1495511531829834;1721,8216552734375;1752,568603515625;1716;
126,619;2,1236095428466797;1731,430419921875;1712,6240234375;1716;
126,62;2,170748472213745;1697,211181640625;1712,6240234375;1716;
126,621;2,176436185836792;1736,431884765625;1835,5145263671875;1716;
126,622;2,2225961685180664;1721,8216552734375;1752,568603515625;1716;
126,623;2,1483747959136963;1721,8216552734375;1750,017578125;1716;
126,624;2,124785900115967;1731,7421875;1712,6240234375;1716;
126,625;2,1092207431793213;1714,76123046875;1863,9722900390625;1716;
126,626;2,837985038757324;1728,008544921875;1762,8475341796875;1716;
126,627;2,2174527645111084;1702,0166015625;1594,5120849609375;1716;
126,628;2,7859249114990234;1721,8216552734375;1631,291748046875;1716;
126,629;2,1207635402679443;1734,552978515625;1786,4219970703125;1716;
126,63;2,1103973388671875;1704,127685546875;1732,3660888671875;1716;
126,631;2,1630351543426514;1722,746826171875;1846,792724609375;1716;
126,632;2,2162764072418213;1720,281982421875;1688,5703125;1716;
126,633;2,8391613960266113;1731,430419921875;1824,3734130859375;1716;
126,634;2,1267077922821045;1736,7454833984375;1747,473876953125;1716;
126,635;2,115229368209839;1697,5107421875;1698,1102294921875;1716;
126,636;2,176436185836792;1736,431884765625;1827,14599609375;1716;
126,637;2,2225961685180664;1714,76123046875;1693,326904296875;1716;
126,638;2,837985038757324;1728,008544921875;1683,8404541015625;1716;
126,639;2,19071626663208;1734,552978515625;1752,568603515625;1716;
126,64;2,115229368209839;1699,610595703125;1715,067138671875;1716;
126,641;2,1630351543426514;1720,281982421875;1838,3212890625;1716;
126,642;2,167726993560791;1715,067138671875;1688,5703125;1716;
126,643;2,837985038757324;1728,319091796875;1824,3734130859375;1716;
126,644;2,189539670944214;1720,589599609375;1717,517333984375;1716;
126,645;2,116405725479126;1696,6124267578125;1695,715087890625;1716;
126,646;2,175259828567505;1736,118408203125;1827,14599609375;1716;
126,647;2,172961950302124;1698,1102294921875;1569,53271484375;1716;
126,648;2,8222923278808594;1719,666748046875;1752,568603515625;1716;
126,649;2,1857309341430664;1721,8216552734375;1752,568603515625;1716;
126,65;2,1092207431793213;1697,211181640625;1712,6240234375;1716;
126,651;2,176436185836792;1736,431884765625;1835,5145263671875;1716;
126,652;2,172961950302124;1702,0166015625;1567,486328125;1716;
126,653;2,8295505046844482;1721,8216552734375;1752,568603515625;1716;
126,654;2,1845545768737793;1721,8216552734375;1752,568603515625;1716;
126,655;2,1092207431793213;1697,5107421875;1715,067138671875;1716;
126,656;2,175259828567505;1736,7454833984375;1838,3212890625;1716;
126,657;2,1741385459899902;1702,31787109375;1567,486328125;1716;
126,658;2,8295505046844482;1722,1300048828125;1750,017578125;1716;
126,659;2,183378219604492;1722,1300048828125;1752,568603515625;1716;
126,66;2,1103973388671875;1697,5107421875;1712,6240234375;1716;
126,661;2,175259828567505;1736,431884765625;1835,5145263671875;1716;
126,662;2,172961950302124;1702,0166015625;1567,486328125;1716;
126,663;2,1188318729400635;1721,8216552734375;1750,017578125;1716;
126,664;2,2018778324127197;1705,0338134765625;1620,29931640625;1716;
126,665;2,1092207431793213;1689,4599609375;1649,1934814453125;1716;
126,666;2,1703238487243652;1732,365966796875;1799,7935791015625;1716;
126,667;2,1483747959136963;1702,31787109375;1707,7586669921875;1716;
126,668;2,1176555156707764;1722,1300048828125;1688,5703125;1716;
126,669;2,1845545768737793;1719,3592529296875;1698,1102294921875;1716;
126,67;2,1092207431793213;1712,928955078125;1686,2020263671875;1716;
126,671;2,150810956954956;1709,2760009765625;1676,7950439453125;1716;
126,672;2,1741385459899902;1702,619140625;1635,730712890625;1716;
126,673;2,804246664047241;1705,638671875;1656,0084228515625;1716;
126,674;2,1772165298461914;1732,365966796875;1742,40869140625;1716;
126,675;2,789996862411499;1702,920654296875;1710,1878662109375;1716;
126,676;2,154526472091675;1748,4268798828125;1872,682373046875;1716;
126,677;2,1791088581085205;1710,187744140625;1631,291748046875;1716;
126,678;2,8138577938079834;1708,97216796875;1653,7305908203125;1716;
126,679;2,252122640609741;1714,4556884765625;1611,611328125;1716;
126,68;2,758056640625;1693,923095703125;1644,681396484375;1716;
126,681;2,158099412918091;1717,5172119140625;1797,103271484375;1716;
126,682;2,1791088581085205;1705,941162109375;1615,943603515625;1716;
126,683;2,099792957305908;1706,849365234375;1642,4345703125;1716;
126,684;2,152456521987915;1718,437744140625;1618,1185302734375;1716;
126,685;2,7750537395477295;1695,715087890625;1646,934326171875;1716;
126,686;2,1484439373016357;1717,823974609375;1797,103271484375;1716;
126,687;2,1618447303771973;1706,849365234375;1747,473876953125;1716;
126,688;2,099792957305908;1707,15234375;1707,7586669921875;1716;
126,689;2,151280164718628;1716,2911376953125;1603,01611328125;1716;
126,69;2,8025920391082764;1711,70947265625;1775,8671875;1716;
126,691;2,2254323959350586;1725,838134765625;1719,974365234375;1716;
126,692;2,1668150424957275;1701,113525390625;1700,51220703125;1716;
126,693;2,1188318729400635;1721,8216552734375;1688,5703125;1716;
126,694;2,139263153076172;1717,823974609375;1613,774658203125;1716;
126,695;2,80141544342041;1712,928955078125;1783,7716064453125;1716;
126,696;2,155702829360962;1740,831787109375;1797,103271484375;1716;
126,697;2,7716546058654785;1690,0537109375;1603,01611328125;1716;
126,698;2,111701250076294;1715,9849853515625;1635,730712890625;1716;
126,699;2,1584651470184326;1717,5172119140625;1637,959228515625;1716;
126,7;2,085686206817627;1695,715087890625;1658,29248046875;1716;
126,701;2,2106237411499023;1718,130859375;1805,1982421875;1716;
126,702;2,1618447303771973;1684,4300537109375;1571,5843505859375;1716;
126,703;2,1057472229003906;1712,928955078125;1620,29931640625;1716;
126,704;2,1332547664642334;1716,2911376953125;1715,067138671875;1716;
126,705;2,7779948711395264;1694,8187255859375;1698,1102294921875;1716;
126,706;2,2106237411499023;1717,5172119140625;1827,14599609375;1716;
126,707;2,1791088581085205;1701,715576171875;1571,5843505859375;1716;
126,708;2,1188318729400635;1721,8216552734375;1752,568603515625;1716;
126,709;2,139263153076172;1722,746826171875;1752,568603515625;1716;
126,71;2,78462553024292;1697,810546875;1712,6240234375;1716;
126,711;2,2307002544403076;1731,430419921875;1712,6240234375;1716;
126,712;2,172961950302124;1702,0166015625;1567,486328125;1716;
126,713;2,1176555156707764;1721,8216552734375;1752,568603515625;1716;
126,714;2,140439748764038;1704,731689453125;1620,29931640625;1716;
126,715;2,768423557281494;1688,86669921875;1646,934326171875;1716;
126,716;2,223223924636841;1731,430419921875;1747,473876953125;1716;
126,717;2,1679916381835938;1702,0166015625;1581,923828125;1716;
126,718;2,1176555156707764;1721,8216552734375;1757,693115234375;1716;
126,719;2,139263153076172;1717,21044921875;1679,136962890625;1716;
126,72;2,7779948711395264;1695,416259765625;1679,136962890625;1716;
126,721;2,2106237411499023;1732,053955078125;1884,42333984375;1716;
126,722;2,1791088581085205;1702,0166015625;1635,730712890625;1716;
126,723;2,109389305114746;1721,20556640625;1816,1058349609375;1716;
126,724;2,1332547664642334;1731,7421875;1739,8873291015625;1716;
126,725;2,78462553024292;1702,920654296875;1710,1878662109375;1716;
126,726;2,2204530239105225;1740,201904296875;1797,103271484375;1716;
126,727;2,16066837310791;1706,2437744140625;1732,3660888671875;1716;
126,728;2,108212947845459;1717,823974609375;1799,7935791015625;1716;
126,729;2,152456521987915;1712,928955078125;1603,01611328125;1716;
126,73;2,80141544342041;1710,4918212890625;1640,19384765625;1716;
126,731;2,216923713684082;1742,724365234375;1841,1363525390625;1716;
126,732;2,1679916381835938;1690,64794921875;1620,29931640625;1716;
126,733;2,111701250076294;1716,2911376953125;1781,1290283203125;1716;
126,734;2,139263153076172;1717,5172119140625;1698,1102294921875;1716;
126,735;2,8025920391082764;1712,928955078125;1688,5703125;1716;
126,736;2,216923713684082;1732,365966796875;1827,14599609375;1716;
126,737;2,1668150424957275;1702,619140625;1613,774658203125;1716;
126,738;2,1009695529937744;1705,0338134765625;1642,4345703125;1716;
126,739;2,1332547664642334;1717,21044921875;1770,63623046875;1716;
126,74;2,7768185138702393;1695,416259765625;1594,5120849609375;1716;
126,741;2,2118000984191895;1730,80712890625;1739,8873291015625;1716;
126,742;2,9008095264434814;1719,052001953125;1705,3363037109375;1716;
126,743;2,1057472229003906;1713,539306640625;1690,9451904296875;1716;
126,744;2,140439748764038;1725,5284423828125;1747,473876953125;1716;
126,745;2,78462553024292;1699,610595703125;1712,6240234375;1716;
126,746;2,216923713684082;1722,4383544921875;1707,7586669921875;1716;
126,747;2,7969589233398438;1714,4556884765625;1688,5703125;1716;
126,748;2,1236095428466797;1728,008544921875;1824,3734130859375;1716;
126,749;2,1452717781066895;1720,589599609375;1717,517333984375;1716;
126,75;2,1285760402679443;1696,6124267578125;1695,715087890625;1716;
126,751;2,2295238971710205;1723,3642578125;1717,517333984375;1716;
126,752;2,779916524887085;1698,1102294921875;1569,53271484375;1716;
126,753;2,122770071029663;1719,666748046875;1750,017578125;1716;
126,754;2,139263153076172;1721,8216552734375;1752,568603515625;1716;
126,755;2,127399444580078;1697,211181640625;1712,6240234375;1716;
126,756;2,2307002544403076;1731,430419921875;1712,6240234375;1716;
126,757;2,9041194915771484;1702,0166015625;1567,486328125;1716;
126,758;2,126164197921753;1721,8216552734375;1752,568603515625;1716;
126,759;2,809277296066284;1721,8216552734375;1752,568603515625;1716;
126,76;2,78462553024292;1697,211181640625;1712,6240234375;1716;
126,761;2,213815689086914;1731,430419921875;1712,6240234375;1716;
126,762;2,7802083492279053;1702,0166015625;1690,9451904296875;1716;
126,763;2,126164197921753;1732,053955078125;1797,103271484375;1716;
126,764;2,139263153076172;1719,666748046875;1734,865966796875;1716;
126,765;2,8025920391082764;1713,2340087890625;1705,3363037109375;1716;
126,766;2,216923713684082;1732,053955078125;1869,7698974609375;1716;
126,767;2,779031991958618;1702,619140625;1631,291748046875;1716;
126,768;2,1188318729400635;1722,4383544921875;1791,7467041015625;1716;
126,769;2,1452717781066895;1730,495849609375;1672,130859375;1716;
126,77;2,127399444580078;1702,0166015625;1674,459716796875;1716;
126,771;2,2365357875823975;1714,76123046875;1732,3660888671875;1716;
126,772;2,771245002746582;1693,6248779296875;1575,7039794921875;1716;
126,773;2,1823599338531494;1717,5172119140625;1757,693115234375;1716;
126,774;2,1224143505096436;1731,430419921875;1832,716552734375;1716;
