time;USER_CPU_Load;USER_SPEED_AVR;USER_SPEED_MEAS;USER_SPEED_REF;
0;0,615220308303833;188,08119201660156;165,373046875;186;
0,001;0,6155266165733337;190,25013732910156;226,11660766601562;186;
0,002;0,6143501400947571;190,25013732910156;226,11660766601562;186;
0,004;0,6918084621429443;190,25013732910156;226,11660766601562;186;
0,005;0,6103675365447998;190,25013732910156;226,11660766601562;186;
0,006;0,6100611686706543;190,2313232421875;167,58602905273438;186;
0,007;0,6924211978912354;190,2313232421875;167,58602905273438;186;
0,008;0,6140437722206116;190,2313232421875;167,58602905273438;186;
0,009;0,6143501400947571;187,97091674804688;205,16416931152344;186;
0,01;0,6155266165733337;187,97091674804688;205,16416931152344;186;
0,011;0,6143501400947571;187,97091674804688;205,16416931152344;186;
0,012;0,6103675365447998;187,97091674804688;205,16416931152344;186;
0,013;0,611237645149231;189,00148010253906;174,24087524414062;186;
0,014;0,6100611686706543;189,00148010253906;174,24087524414062;186;
0,015;0,6903256773948669;189,00148010253906;174,24087524414062;186;
0,016;0,615220308303833;189,00148010253906;174,24087524414062;186;
0,017;0,6143501400947571;189,96456909179688;209,4898223876953;186;
0,019;0,6927275657653809;189,96456909179688;209,4898223876953;186;
0,02;0,6103675365447998;189,96456909179688;209,4898223876953;186;
0,021;0,6100611686706543;188,59381103515625;170,67889404296875;186;
0,022;0,611237645149231;188,59381103515625;170,67889404296875;186;
0,023;0,6912447214126587;188,59381103515625;170,67889404296875;186;
0,024;0,6143501400947571;190,33673095703125;229,96595764160156;186;
0,025;0,6155266165733337;190,33673095703125;229,96595764160156;186;
0,026;0,6906320452690125;190,33673095703125;229,96595764160156;186;
0,027;0,6103675365447998;190,33673095703125;229,96595764160156;186;
0,028;0,6115440130233765;190,33673095703125;229,96595764160156;186;
0,029;0,6100611686706543;189,6461944580078;161,29086303710938;186;
0,03;0,6912447214126587;189,6461944580078;161,29086303710938;186;
0,031;0,615220308303833;189,6461944580078;161,29086303710938;186;
0,032;0,6143501400947571;187,80209350585938;206,75186157226562;186;
0,034;0,6911957859992981;187,80209350585938;206,75186157226562;186;
0,035;0,6103675365447998;187,80209350585938;206,75186157226562;186;
0,036;0,6100611686706543;189,33633422851562;177,875732421875;186;
0,037;0,611237645149231;189,33633422851562;177,875732421875;186;
0,038;0,6903256773948669;189,33633422851562;177,875732421875;186;
0,039;0,6140437722206116;189,33633422851562;177,875732421875;186;
0,04;0,6155266165733337;189,034912109375;202,366943359375;186;
0,041;0,6143501400947571;189,034912109375;202,366943359375;186;
0,042;0,6103675365447998;189,034912109375;202,366943359375;186;
0,043;0,6115440130233765;189,034912109375;202,366943359375;186;
0,044;0,6100611686706543;188,5531463623047;171,018798828125;186;
0,046;0,615220308303833;188,5531463623047;171,018798828125;186;
0,047;0,6143501400947571;191,14244079589844;238,16603088378906;186;
0,049;0,6918084621429443;191,14244079589844;238,16603088378906;186;
0,05;0,6103675365447998;191,14244079589844;238,16603088378906;186;
0,051;0,6100611686706543;189,20596313476562;159,0504150390625;186;
0,052;0,611237645149231;189,20596313476562;159,0504150390625;186;
0,053;0,6912447214126587;189,20596313476562;159,0504150390625;186;
0,054;0,6140437722206116;189,20596313476562;159,0504150390625;186;
0,055;0,6155266165733337;186,55267333984375;202,0269012451172;186;
0,056;0,6143501400947571;186,55267333984375;202,0269012451172;186;
0,057;0,6900193095207214;186,55267333984375;202,0269012451172;186;
0,058;0,6115440130233765;186,55267333984375;202,0269012451172;186;
0,059;0,6100611686706543;189,74346923828125;182,5204315185547;186;
0,06;0,6903256773948669;189,74346923828125;182,5204315185547;186;
0,061;0,615220308303833;189,74346923828125;182,5204315185547;186;
0,062;0,6143501400947571;189,64991760253906;205,86679077148438;186;
0,064;0,6927275657653809;189,64991760253906;205,86679077148438;186;
0,065;0,6103675365447998;189,64991760253906;205,86679077148438;186;
0,067;0,611237645149231;187,721435546875;165,14588928222656;186;
0,068;0,6912447214126587;187,721435546875;165,14588928222656;186;
0,069;0,6140437722206116;187,721435546875;165,14588928222656;186;
0,07;0,6155266165733337;190,17868041992188;227,74427795410156;186;
0,071;0,6143501400947571;190,17868041992188;227,74427795410156;186;
0,072;0,6906320452690125;190,17868041992188;227,74427795410156;186;
0,073;0,6115440130233765;190,17868041992188;227,74427795410156;186;
0,074;0,6100611686706543;189,82958984375;168,78591918945312;186;
0,075;0,6912447214126587;189,82958984375;168,78591918945312;186;
0,076;0,615220308303833;189,82958984375;168,78591918945312;186;
0,077;0,6143501400947571;189,82958984375;168,78591918945312;186;
0,078;0,6143501400947571;186,09066772460938;198,1968536376953;186;
0,079;0,6155266165733337;186,09066772460938;198,1968536376953;186;
0,08;0,6103675365447998;186,09066772460938;198,1968536376953;186;
0,082;0,611237645149231;189,00518798828125;177,79681396484375;186;
0,083;0,6903256773948669;189,00518798828125;177,79681396484375;186;
0,084;0,6140437722206116;189,00518798828125;177,79681396484375;186;
0,085;0,6155266165733337;190,04339599609375;211,9270477294922;186;
0,086;0,6143501400947571;190,04339599609375;211,9270477294922;186;
0,087;0,6915510892868042;190,04339599609375;211,9270477294922;186;
0,088;0,6115440130233765;190,04339599609375;211,9270477294922;186;
0,089;0,6100611686706543;187,7654266357422;166,95765686035156;186;
0,091;0,6924211978912354;187,7654266357422;166,95765686035156;186;
0,092;0,6143501400947571;189,3251495361328;221,90145874023438;186;
0,094;0,6155266165733337;189,3251495361328;221,90145874023438;186;
0,095;0,6103675365447998;189,3251495361328;221,90145874023438;186;
0,097;0,611237645149231;189,6424560546875;167,09689331054688;186;
0,098;0,6912447214126587;189,6424560546875;167,09689331054688;186;
0,099;0,6140437722206116;189,6424560546875;167,09689331054688;186;
0,1;0,6155266165733337;187,7177734375;207,3223114013672;186;
0,101;0,6143501400947571;187,7177734375;207,3223114013672;186;
0,102;0,6900193095207214;187,7177734375;207,3223114013672;186;
0,103;0,6115440130233765;187,7177734375;207,3223114013672;186;
0,104;0,6100611686706543;188,5014190673828;173,9887237548828;186;
0,106;0,6915020942687988;188,5014190673828;173,9887237548828;186;
0,107;0,6140437722206116;188,5014190673828;173,9887237548828;186;
0,108;0,6143501400947571;189,4146270751953;206,57423400878906;186;
0,109;0,6155266165733337;189,4146270751953;206,57423400878906;186;
0,11;0,6103675365447998;189,4146270751953;206,57423400878906;186;
0,112;0,611237645149231;188,5531463623047;171,89907836914062;186;
0,113;0,6100611686706543;188,5531463623047;171,89907836914062;186;
0,114;0,6140437722206116;188,5531463623047;171,89907836914062;186;
0,115;0,6155266165733337;190,90341186523438;238,30764770507812;186;
0,116;0,6143501400947571;190,90341186523438;238,30764770507812;186;
0,117;0,6103675365447998;190,90341186523438;238,30764770507812;186;
0,118;0,6115440130233765;190,90341186523438;238,30764770507812;186;
0,119;0,6100611686706543;189,20968627929688;157,11737060546875;186;
0,121;0,6924211978912354;189,20968627929688;157,11737060546875;186;
0,122;0,6140437722206116;189,20968627929688;157,11737060546875;186;
0,123;0,6143501400947571;187,45802307128906;204,01528930664062;186;
0,124;0,6155266165733337;187,45802307128906;204,01528930664062;186;
0,125;0,6900193095207214;187,45802307128906;204,01528930664062;186;
0,126;0,6103675365447998;187,45802307128906;204,01528930664062;186;
0,127;0,611237645149231;189,74346923828125;182,79794311523438;186;
0,128;0,6100611686706543;189,74346923828125;182,79794311523438;186;
0,129;0,6140437722206116;189,74346923828125;182,79794311523438;186;
0,13;0,6155266165733337;189,2804412841797;202,98194885253906;186;
0,131;0,6143501400947571;189,2804412841797;202,98194885253906;186;
0,132;0,6915510892868042;189,2804412841797;202,98194885253906;186;
0,133;0,6115440130233765;189,2804412841797;202,98194885253906;186;
0,134;0,6103675365447998;189,2804412841797;202,98194885253906;186;
0,135;0,6100611686706543;188,1326904296875;166,51828002929688;186;
0,136;0,6924211978912354;188,1326904296875;166,51828002929688;186;
0,137;0,6140437722206116;188,1326904296875;166,51828002929688;186;
0,138;0,6143501400947571;191,05511474609375;238,6387481689453;186;
0,139;0,6155266165733337;191,05511474609375;238,6387481689453;186;
0,14;0,6103675365447998;191,05511474609375;238,6387481689453;186;
0,142;0,611237645149231;189,6274871826172;163,06280517578125;186;
0,143;0,6912447214126587;189,6274871826172;163,06280517578125;186;
0,144;0,6140437722206116;189,6274871826172;163,06280517578125;186;
0,145;0,615220308303833;189,6274871826172;163,06280517578125;186;
0,146;0,6143501400947571;186,11587524414062;200,31024169921875;186;
0,148;0,6115440130233765;186,11587524414062;200,31024169921875;186;
0,149;0,6100611686706543;186,11587524414062;180,46563720703125;186;
0,15;0,6100611686706543;189,75094604492188;180,46563720703125;186;
0,151;0,6915020942687988;189,75094604492188;180,46563720703125;186;
0,152;0,6140437722206116;189,75094604492188;180,46563720703125;186;
0,153;0,6143501400947571;190,48374938964844;210,99720764160156;186;
0,154;0,6155266165733337;190,48374938964844;210,99720764160156;186;
0,155;0,6915510892868042;190,48374938964844;210,99720764160156;186;
0,156;0,6103675365447998;190,48374938964844;210,99720764160156;186;
0,157;0,611237645149231;187,93051147460938;165,53244018554688;186;
0,158;0,6100611686706543;187,93051147460938;165,53244018554688;186;
0,159;0,6912447214126587;187,93051147460938;165,53244018554688;186;
0,16;0,6155266165733337;190,17491149902344;226,03160095214844;186;
0,161;0,6143501400947571;190,17491149902344;226,03160095214844;186;
0,163;0,6115440130233765;190,17491149902344;226,03160095214844;186;
0,164;0,6103675365447998;190,17491149902344;226,03160095214844;186;
0,165;0,6100611686706543;190,36309814453125;167,67950439453125;186;
0,166;0,6924211978912354;190,36309814453125;167,67950439453125;186;
0,167;0,6140437722206116;190,36309814453125;167,67950439453125;186;
0,168;0,6143501400947571;187,31198120117188;205,12916564941406;186;
0,169;0,6155266165733337;187,31198120117188;205,12916564941406;186;
0,17;0,6900193095207214;187,31198120117188;205,12916564941406;186;
0,171;0,6103675365447998;187,31198120117188;205,12916564941406;186;
0,172;0,611237645149231;189,47805786132812;177,16799926757812;186;
0,173;0,6100611686706543;189,47805786132812;177,16799926757812;186;
0,174;0,6903256773948669;189,47805786132812;177,16799926757812;186;
0,175;0,615220308303833;189,47805786132812;177,16799926757812;186;
0,176;0,6143501400947571;189,83334350585938;203,53175354003906;186;
0,178;0,6115440130233765;189,83334350585938;203,53175354003906;186;
0,179;0,6103675365447998;189,83334350585938;203,53175354003906;186;
0,18;0,6100611686706543;188,4127960205078;170,67889404296875;186;
0,181;0,611237645149231;188,4127960205078;170,67889404296875;186;
0,182;0,6140437722206116;188,4127960205078;170,67889404296875;186;
0,183;0,6143501400947571;190,05841064453125;228,7408905029297;186;
0,184;0,6155266165733337;190,05841064453125;228,7408905029297;186;
0,185;0,6906320452690125;190,05841064453125;228,7408905029297;186;
0,186;0,6103675365447998;190,05841064453125;228,7408905029297;186;
0,187;0,611237645149231;189,55274963378906;162,5117645263672;186;
0,188;0,6100611686706543;189,55274963378906;162,5117645263672;186;
0,189;0,6912447214126587;189,55274963378906;162,5117645263672;186;
0,19;0,615220308303833;189,55274963378906;162,5117645263672;186;
0,191;0,6143501400947571;187,8717803955078;208,25604248046875;186;
0,193;0,6911957859992981;187,8717803955078;208,25604248046875;186;
0,194;0,6103675365447998;187,8717803955078;208,25604248046875;186;
0,195;0,6100611686706543;189,91580200195312;181,6380157470703;186;
0,196;0,6915020942687988;189,91580200195312;181,6380157470703;186;
0,197;0,6140437722206116;189,91580200195312;181,6380157470703;186;
0,198;0,6143501400947571;189,06834411621094;197,4806365966797;186;
0,199;0,6155266165733337;189,06834411621094;197,4806365966797;186;
0,2;0,6915510892868042;189,06834411621094;197,4806365966797;186;
0,201;0,6103675365447998;189,06834411621094;197,4806365966797;186;
0,202;0,611237645149231;188,21737670898438;171,36004638671875;186;
0,203;0,6100611686706543;188,21737670898438;171,36004638671875;186;
0,204;0,6912447214126587;188,21737670898438;171,36004638671875;186;
0,205;0,615220308303833;188,21737670898438;171,36004638671875;186;
0,206;0,6143501400947571;190,94131469726562;232,1865692138672;186;
0,208;0,6115440130233765;190,94131469726562;232,1865692138672;186;
0,209;0,6103675365447998;190,94131469726562;232,1865692138672;186;
0,21;0,6100611686706543;189,45193481445312;161,5943603515625;186;
0,211;0,611237645149231;189,45193481445312;161,5943603515625;186;
0,212;0,6140437722206116;189,45193481445312;161,5943603515625;186;
0,213;0,6143501400947571;187,06790161132812;203,669677734375;186;
0,214;0,6155266165733337;187,06790161132812;203,669677734375;186;
0,215;0,6143501400947571;187,06790161132812;203,669677734375;186;
0,216;0,6103675365447998;187,06790161132812;203,669677734375;186;
0,217;0,611237645149231;189,87081909179688;181,09083557128906;186;
0,218;0,6100611686706543;189,87081909179688;181,09083557128906;186;
0,219;0,6903256773948669;189,87081909179688;181,09083557128906;186;
0,22;0,615220308303833;189,87081909179688;181,09083557128906;186;
0,221;0,6143501400947571;189,91580200195312;208,6898193359375;186;
0,223;0,6927275657653809;189,91580200195312;208,6898193359375;186;
0,224;0,6103675365447998;189,91580200195312;208,6898193359375;186;
0,225;0,6100611686706543;187,3740234375;164,5581817626953;186;
0,226;0,611237645149231;187,3740234375;164,5581817626953;186;
0,227;0,6912447214126587;187,3740234375;164,5581817626953;186;
0,228;0,6143501400947571;190,10348510742188;224,6798858642578;186;
0,229;0,6155266165733337;190,10348510742188;224,6798858642578;186;
0,23;0,6143501400947571;190,10348510742188;224,6798858642578;186;
0,231;0,6103675365447998;190,10348510742188;224,6798858642578;186;
0,232;0,6115440130233765;190,10348510742188;224,6798858642578;186;
0,233;0,6100611686706543;190,07342529296875;171,1648712158203;186;
0,234;0,6912447214126587;190,07342529296875;171,1648712158203;186;
0,235;0,615220308303833;190,07342529296875;171,1648712158203;186;
0,236;0,6143501400947571;187,07516479492188;200,74505615234375;186;
0,238;0,6911957859992981;187,07516479492188;200,74505615234375;186;
0,239;0,6103675365447998;187,07516479492188;200,74505615234375;186;
0,24;0,6100611686706543;189,55274963378906;177,63919067382812;186;
0,241;0,611237645149231;189,55274963378906;177,63919067382812;186;
0,242;0,6903256773948669;189,55274963378906;177,63919067382812;186;
0,243;0,6143501400947571;189,55274963378906;177,63919067382812;186;
0,244;0,6155266165733337;190,351806640625;211,29385375976562;186;
0,245;0,6143501400947571;190,351806640625;211,29385375976562;186;
0,246;0,6103675365447998;190,351806640625;211,29385375976562;186;
0,247;0,6115440130233765;190,351806640625;211,29385375976562;186;
0,248;0,6100611686706543;188,45709228515625;168,2191162109375;186;
0,249;0,6912447214126587;188,45709228515625;168,2191162109375;186;
0,25;0,615220308303833;188,45709228515625;168,2191162109375;186;
0,251;0,6143501400947571;189,90455627441406;223,80157470703125;186;
0,253;0,6918084621429443;189,90455627441406;223,80157470703125;186;
0,254;0,6103675365447998;189,90455627441406;223,80157470703125;186;
0,255;0,6100611686706543;190,21250915527344;166,42608642578125;186;
0,256;0,611237645149231;190,21250915527344;166,42608642578125;186;
0,257;0,6912447214126587;190,21250915527344;166,42608642578125;186;
0,258;0,6140437722206116;190,21250915527344;166,42608642578125;186;
0,259;0,6155266165733337;188,83450317382812;210,18568420410156;186;
0,26;0,6143501400947571;188,83450317382812;210,18568420410156;186;
0,261;0,6900193095207214;188,83450317382812;210,18568420410156;186;
0,262;0,6115440130233765;188,83450317382812;210,18568420410156;186;
0,263;0,6100611686706543;189,41090393066406;175,0272216796875;186;
0,264;0,6903256773948669;189,41090393066406;175,0272216796875;186;
0,265;0,615220308303833;189,41090393066406;175,0272216796875;186;
0,266;0,6143501400947571;189,7696533203125;204,01528930664062;186;
0,268;0,6927275657653809;189,7696533203125;204,01528930664062;186;
0,269;0,6103675365447998;189,7696533203125;204,01528930664062;186;
0,27;0,6100611686706543;189,00518798828125;172,41676330566406;186;
0,271;0,611237645149231;189,00518798828125;172,41676330566406;186;
0,272;0,6912447214126587;189,00518798828125;172,41676330566406;186;
0,273;0,6143501400947571;191,0816650390625;234,03973388671875;186;
0,274;0,6155266165733337;191,0816650390625;234,03973388671875;186;
0,275;0,6906320452690125;191,0816650390625;234,03973388671875;186;
0,276;0,6103675365447998;191,0816650390625;234,03973388671875;186;
0,277;0,6115440130233765;191,0816650390625;234,03973388671875;186;
0,278;0,6100611686706543;189,43328857421875;158,50521850585938;186;
0,279;0,6912447214126587;189,43328857421875;158,50521850585938;186;
0,28;0,615220308303833;189,43328857421875;158,50521850585938;186;
0,281;0,6143501400947571;187,75442504882812;206,3614959716797;186;
0,283;0,6155266165733337;187,75442504882812;206,3614959716797;186;
0,284;0,6103675365447998;187,75442504882812;206,3614959716797;186;
0,285;0,6100611686706543;190,06967163085938;182,16091918945312;186;
0,286;0,611237645149231;190,06967163085938;182,16091918945312;186;
0,287;0,6903256773948669;190,06967163085938;182,16091918945312;186;
0,288;0,6140437722206116;190,06967163085938;182,16091918945312;186;
0,289;0,6155266165733337;189,43328857421875;204,11920166015625;186;
0,29;0,6143501400947571;189,43328857421875;204,11920166015625;186;
0,291;0,6100611686706543;189,43328857421875;204,11920166015625;186;
0,292;0,611237645149231;189,43328857421875;204,11920166015625;186;
0,293;0,6097548604011536;188,0885467529297;166,2419891357422;186;
0,295;0,6924211978912354;188,0885467529297;166,2419891357422;186;
0,296;0,6143501400947571;190,914794921875;234,08529663085938;186;
0,298;0,6918084621429443;190,914794921875;234,08529663085938;186;
0,299;0,6103675365447998;190,914794921875;234,08529663085938;186;
0,3;0,6100611686706543;189,81085205078125;165,46408081054688;186;
0,301;0,611237645149231;189,81085205078125;165,46408081054688;186;
0,302;0,6912447214126587;189,81085205078125;165,46408081054688;186;
0,303;0,6140437722206116;189,81085205078125;165,46408081054688;186;
0,304;0,6155266165733337;186,4477996826172;198,6881561279297;186;
0,305;0,6143501400947571;186,4477996826172;198,6881561279297;186;
0,306;0,6900193095207214;186,4477996826172;198,6881561279297;186;
0,307;0,6115440130233765;186,4477996826172;198,6881561279297;186;
0,308;0,6100611686706543;189,83334350585938;180,3843994140625;186;
0,31;0,6915020942687988;189,83334350585938;180,3843994140625;186;
0,311;0,6143501400947571;190,43472290039062;212,18885803222656;186;
0,313;0,6927275657653809;190,43472290039062;212,18885803222656;186;
0,314;0,6103675365447998;190,43472290039062;212,18885803222656;186;
0,316;0,611237645149231;187,5530548095703;162,99649047851562;186;
0,317;0,6912447214126587;187,5530548095703;162,99649047851562;186;
0,318;0,6140437722206116;187,5530548095703;162,99649047851562;186;
0,319;0,6155266165733337;189,93080139160156;229,08956909179688;186;
0,32;0,6143501400947571;189,93080139160156;229,08956909179688;186;
0,321;0,6906320452690125;189,93080139160156;229,08956909179688;186;
0,322;0,6115440130233765;189,93080139160156;229,08956909179688;186;
0,323;0,6100611686706543;190,1598663330078;167,6561279296875;186;
0,325;0,615220308303833;190,1598663330078;167,6561279296875;186;
0,326;0,6140437722206116;190,1598663330078;167,6561279296875;186;
0,327;0,6143501400947571;187,39593505859375;204,39682006835938;186;
0,328;0,6155266165733337;187,39593505859375;204,39682006835938;186;
0,329;0,6900193095207214;187,39593505859375;204,39682006835938;186;
0,33;0,6103675365447998;187,39593505859375;204,39682006835938;186;
0,331;0,611237645149231;188,54205322265625;172,88784790039062;186;
0,332;0,6100611686706543;188,54205322265625;172,88784790039062;186;
0,333;0,6140437722206116;188,54205322265625;172,88784790039062;186;
0,334;0,6155266165733337;189,65740966796875;209,05270385742188;186;
0,335;0,6143501400947571;189,65740966796875;209,05270385742188;186;
0,336;0,6915510892868042;189,65740966796875;209,05270385742188;186;
0,337;0,6115440130233765;189,65740966796875;209,05270385742188;186;
0,338;0,6100611686706543;188,35743713378906;171,3844757080078;186;
0,34;0,6924211978912354;188,35743713378906;171,3844757080078;186;
0,341;0,6140437722206116;188,35743713378906;171,3844757080078;186;
0,342;0,6143501400947571;189,54527282714844;224,8900146484375;186;
0,343;0,6155266165733337;189,54527282714844;224,8900146484375;186;
0,344;0,6103675365447998;189,54527282714844;224,8900146484375;186;
0,346;0,611237645149231;189,31024169921875;161,6160888671875;186;
0,347;0,6912447214126587;189,31024169921875;161,6160888671875;186;
0,348;0,6140437722206116;189,31024169921875;161,6160888671875;186;
0,349;0,6155266165733337;187,4141845703125;208,65359497070312;186;
0,35;0,6143501400947571;187,4141845703125;208,65359497070312;186;
0,352;0,6115440130233765;187,4141845703125;208,65359497070312;186;
0,353;0,6100611686706543;189,37733459472656;181,09083557128906;186;
0,355;0,6915020942687988;189,37733459472656;181,09083557128906;186;
0,356;0,6140437722206116;189,37733459472656;181,09083557128906;186;
0,357;0,6143501400947571;188,42385864257812;195,84005737304688;186;
0,358;0,6155266165733337;188,42385864257812;195,84005737304688;186;
0,359;0,6915510892868042;188,42385864257812;195,84005737304688;186;
0,36;0,6103675365447998;188,42385864257812;195,84005737304688;186;
0,361;0,611237645149231;188,15846252441406;171,11614990234375;186;
0,362;0,6100611686706543;188,15846252441406;171,11614990234375;186;
0,363;0,6912447214126587;188,15846252441406;171,11614990234375;186;
0,364;0,6135353446006775;190,61965942382812;236,15440368652344;186;
0,365;0,6123588681221008;190,61965942382812;236,15440368652344;186;
0,366;0,6886407136917114;190,61965942382812;236,15440368652344;186;
0,367;0,6095527410507202;190,61965942382812;236,15440368652344;186;
0,368;0,6083762645721436;190,61965942382812;236,15440368652344;186;
0,369;0,6100611686706543;188,59381103515625;159,09249877929688;186;
0,37;0,6924211978912354;188,59381103515625;159,09249877929688;186;
0,371;0,6140437722206116;188,59381103515625;159,09249877929688;186;
0,372;0,6143501400947571;186,50926208496094;203,2221221923828;186;
0,373;0,6155266165733337;186,50926208496094;203,2221221923828;186;
0,374;0,6900193095207214;186,50926208496094;203,2221221923828;186;
0,375;0,6103675365447998;186,50926208496094;203,2221221923828;186;
0,376;0,611237645149231;189,4407501220703;181,0363006591797;186;
0,377;0,6100611686706543;189,4407501220703;181,0363006591797;186;
0,378;0,6903256773948669;189,4407501220703;181,0363006591797;186;
0,379;0,615220308303833;189,4407501220703;181,0363006591797;186;
0,38;0,6143501400947571;189,41836547851562;208,4365692138672;186;
0,381;0,6912447214126587;189,41836547851562;208,4365692138672;186;
0,382;0,6115440130233765;189,41836547851562;208,4365692138672;186;
0,383;0,6103675365447998;189,41836547851562;208,4365692138672;186;
0,384;0,6100611686706543;186,75552368164062;163,28427124023438;186;
0,385;0,611237645149231;186,75552368164062;163,28427124023438;186;
0,386;0,6140437722206116;186,75552368164062;163,28427124023438;186;
0,387;0,6143501400947571;190,27272033691406;231,78370666503906;186;
0,388;0,6155266165733337;190,27272033691406;231,78370666503906;186;
0,389;0,6906320452690125;190,27272033691406;231,78370666503906;186;
0,39;0,6103675365447998;190,27272033691406;231,78370666503906;186;
0,391;0,611237645149231;189,75469970703125;167,8199462890625;186;
0,392;0,6100611686706543;189,75469970703125;167,8199462890625;186;
0,393;0,6912447214126587;189,75469970703125;167,8199462890625;186;
0,394;0,615220308303833;189,75469970703125;167,8199462890625;186;
0,395;0,6143501400947571;186,5418243408203;201,58653259277344;186;
0,397;0,6911957859992981;186,5418243408203;201,58653259277344;186;
0,398;0,6103675365447998;186,5418243408203;201,58653259277344;186;
0,399;0,6100611686706543;189,17991638183594;175,8207244873047;186;
0,4;0,611237645149231;189,17991638183594;175,8207244873047;186;
0,401;0,6140437722206116;189,17991638183594;175,8207244873047;186;
0,402;0,6143501400947571;189,85955810546875;209,67250061035156;186;
0,403;0,6155266165733337;189,85955810546875;209,67250061035156;186;
0,404;0,6915510892868042;189,85955810546875;209,67250061035156;186;
0,405;0,6103675365447998;189,85955810546875;209,67250061035156;186;
0,406;0,611237645149231;188,0591278076172;168,71485900878906;186;
0,407;0,6100611686706543;188,0591278076172;168,71485900878906;186;
0,408;0,6912447214126587;188,0591278076172;168,71485900878906;186;
0,409;0,615220308303833;188,0591278076172;168,71485900878906;186;
0,41;0,6143501400947571;189,65365600585938;225,22706604003906;186;
0,412;0,6918084621429443;189,65365600585938;225,22706604003906;186;
0,413;0,6103675365447998;189,65365600585938;225,22706604003906;186;
0,414;0,6100611686706543;189,79214477539062;164,1089324951172;186;
0,415;0,611237645149231;189,79214477539062;164,1089324951172;186;
0,416;0,6140437722206116;189,79214477539062;164,1089324951172;186;
0,417;0,6143501400947571;187,673828125;208,76229858398438;186;
0,418;0,6155266165733337;187,673828125;208,76229858398438;186;
0,419;0,6143501400947571;187,673828125;208,76229858398438;186;
0,42;0,6103675365447998;187,673828125;208,76229858398438;186;
0,421;0,6115440130233765;187,673828125;208,76229858398438;186;
0,422;0,6100611686706543;188,77890014648438;175,15472412109375;186;
0,423;0,6903256773948669;188,77890014648438;175,15472412109375;186;
0,424;0,615220308303833;188,77890014648438;175,15472412109375;186;
0,425;0,6143501400947571;189,17991638183594;205,3043212890625;186;
0,427;0,6927275657653809;189,17991638183594;205,3043212890625;186;
0,428;0,6103675365447998;189,17991638183594;205,3043212890625;186;
0,429;0,6100611686706543;188,479248046875;171,091796875;186;
0,43;0,611237645149231;188,479248046875;171,091796875;186;
0,431;0,6912447214126587;188,479248046875;171,091796875;186;
0,432;0,6143501400947571;190,77845764160156;234,8626708984375;186;
0,433;0,6155266165733337;190,77845764160156;234,8626708984375;186;
0,434;0,6906320452690125;190,77845764160156;234,8626708984375;186;
0,435;0,6103675365447998;190,77845764160156;234,8626708984375;186;
0,436;0,6115440130233765;190,77845764160156;234,8626708984375;186;
0,437;0,6100611686706543;188,9569091796875;157,9429931640625;186;
0,438;0,6912447214126587;188,9569091796875;157,9429931640625;186;
0,439;0,615220308303833;188,9569091796875;157,9429931640625;186;
0,44;0,6143501400947571;187,19532775878906;206,68077087402344;186;
0,442;0,6911957859992981;187,19532775878906;206,68077087402344;186;
0,443;0,6103675365447998;187,19532775878906;206,68077087402344;186;
0,444;0,6100611686706543;190,035888671875;183,3275604248047;186;
0,445;0,611237645149231;190,035888671875;183,3275604248047;186;
0,446;0,6903256773948669;190,035888671875;183,3275604248047;186;
0,447;0,6140437722206116;190,035888671875;183,3275604248047;186;
0,448;0,6155266165733337;189,35496520996094;202,366943359375;186;
0,449;0,6143501400947571;189,35496520996094;202,366943359375;186;
0,45;0,6103675365447998;189,35496520996094;202,366943359375;186;
0,451;0,6115440130233765;189,35496520996094;202,366943359375;186;
0,452;0,6100611686706543;187,86444091796875;165,44131469726562;186;
0,454;0,615220308303833;187,86444091796875;165,44131469726562;186;
0,455;0,6143501400947571;190,87689208984375;238,16603088378906;186;
0,457;0,6918084621429443;190,87689208984375;238,16603088378906;186;
0,458;0,6103675365447998;190,87689208984375;238,16603088378906;186;
0,459;0,6100611686706543;189,69854736328125;163,79592895507812;186;
0,46;0,611237645149231;189,69854736328125;163,79592895507812;186;
0,461;0,6912447214126587;189,69854736328125;163,79592895507812;186;
0,462;0,6140437722206116;189,69854736328125;163,79592895507812;186;
0,463;0,6155266165733337;186,231201171875;198,29490661621094;186;
0,464;0,6143501400947571;186,231201171875;198,29490661621094;186;
0,465;0,6923722624778748;186,231201171875;198,29490661621094;186;
0,466;0,6115440130233765;186,231201171875;198,29490661621094;186;
0,467;0,6100611686706543;189,78089904785156;180,9001007080078;186;
0,469;0,615220308303833;189,78089904785156;180,9001007080078;186;
0,47;0,6143501400947571;190,11477661132812;209,89212036132812;186;
0,472;0,6927275657653809;190,11477661132812;209,89212036132812;186;
0,473;0,6103675365447998;190,11477661132812;209,89212036132812;186;
0,475;0,611237645149231;187,32656860351562;164,4456329345703;186;
0,476;0,6912447214126587;187,32656860351562;164,4456329345703;186;
0,477;0,6140437722206116;187,32656860351562;164,4456329345703;186;
0,478;0,6155266165733337;189,77340698242188;227,74427795410156;186;
0,479;0,6143501400947571;189,77340698242188;227,74427795410156;186;
0,48;0,6906320452690125;189,77340698242188;227,74427795410156;186;
0,481;0,6115440130233765;189,77340698242188;227,74427795410156;186;
0,482;0,6100611686706543;190,25767517089844;168,4312286376953;186;
0,484;0,615220308303833;190,25767517089844;168,4312286376953;186;
0,485;0,6143501400947571;190,25767517089844;168,4312286376953;186;
0,486;0,6143501400947571;187,111572265625;203,8423309326172;186;
0,487;0,6155266165733337;187,111572265625;203,8423309326172;186;
0,488;0,6103675365447998;187,111572265625;203,8423309326172;186;
0,49;0,611237645149231;188,59011840820312;173,3115234375;186;
0,491;0,6903256773948669;188,59011840820312;173,3115234375;186;
0,492;0,6140437722206116;188,59011840820312;173,3115234375;186;
0,493;0,6155266165733337;189,93455505371094;210,8491973876953;186;
0,494;0,6143501400947571;189,93455505371094;210,8491973876953;186;
0,495;0,6915510892868042;189,93455505371094;210,8491973876953;186;
0,496;0,6115440130233765;189,93455505371094;210,8491973876953;186;
0,497;0,6100611686706543;188,79742431640625;172,96246337890625;186;
0,499;0,6924211978912354;188,79742431640625;172,96246337890625;186;
0,5;0,6143501400947571;190,10348510742188;223,55189514160156;186;
0,502;0,6918084621429443;190,10348510742188;223,55189514160156;186;
0,503;0,6103675365447998;190,10348510742188;223,55189514160156;186;
0,505;0,611237645149231;189,74346923828125;162,31430053710938;186;
0,506;0,6912447214126587;189,74346923828125;162,31430053710938;186;
0,507;0,6140437722206116;189,74346923828125;162,31430053710938;186;
0,508;0,6155266165733337;188,09957885742188;210,11221313476562;186;
0,509;0,6143501400947571;188,09957885742188;210,11221313476562;186;
0,51;0,6900193095207214;188,09957885742188;210,11221313476562;186;
0,511;0,6115440130233765;188,09957885742188;210,11221313476562;186;
0,512;0,6100611686706543;190,0133514404297;181,5283203125;186;
0,514;0,6915020942687988;190,0133514404297;181,5283203125;186;
0,515;0,6140437722206116;190,0133514404297;181,5283203125;186;
0,516;0,6143501400947571;189,39598083496094;198,29490661621094;186;
0,517;0,6155266165733337;189,39598083496094;198,29490661621094;186;
0,518;0,6103675365447998;189,39598083496094;198,29490661621094;186;
0,52;0,611237645149231;189,0943603515625;171,31121826171875;186;
0,521;0,6100611686706543;189,0943603515625;171,31121826171875;186;
0,522;0,6140437722206116;189,0943603515625;171,31121826171875;186;
0,523;0,6155266165733337;191,53831481933594;237,9303436279297;186;
0,524;0,6143501400947571;191,53831481933594;237,9303436279297;186;
0,525;0,6906320452690125;191,53831481933594;237,9303436279297;186;
0,526;0,6115440130233765;191,53831481933594;237,9303436279297;186;
0,527;0,6100611686706543;189,26925659179688;159,1767578125;186;
0,529;0,6924211978912354;189,26925659179688;159,1767578125;186;
0,53;0,6140437722206116;189,26925659179688;159,1767578125;186;
0,531;0,6143501400947571;187,151611328125;201,9590301513672;186;
0,532;0,6155266165733337;187,151611328125;201,9590301513672;186;
0,533;0,6900193095207214;187,151611328125;201,9590301513672;186;
0,534;0,6103675365447998;187,151611328125;201,9590301513672;186;
0,535;0,611237645149231;190,61965942382812;185,7635955810547;186;
0,536;0,6903256773948669;190,61965942382812;185,7635955810547;186;
0,537;0,6140437722206116;190,61965942382812;185,7635955810547;186;
0,538;0,6155266165733337;190,17115783691406;205,83154296875;186;
0,539;0,6143501400947571;190,17115783691406;205,83154296875;186;
0,54;0,6915510892868042;190,17115783691406;205,83154296875;186;
0,541;0,6115440130233765;190,17115783691406;205,83154296875;186;
0,542;0,6103675365447998;190,17115783691406;205,83154296875;186;
0,543;0,6100611686706543;187,53111267089844;163,90757751464844;186;
0,544;0,6924211978912354;187,53111267089844;163,90757751464844;186;
0,545;0,6167030930519104;191,077880859375;235,2303009033203;186;
0,546;0,6143501400947571;191,077880859375;235,2303009033203;186;
0,547;0,6155266165733337;191,077880859375;235,2303009033203;186;
0,548;0,6906320452690125;191,077880859375;235,2303009033203;186;
0,549;0,6103675365447998;191,077880859375;235,2303009033203;186;
0,55;0,611237645149231;190,3706512451172;166,86495971679688;186;
0,551;0,6912447214126587;190,3706512451172;166,86495971679688;186;
0,552;0,6140437722206116;190,3706512451172;166,86495971679688;186;
0,553;0,6155266165733337;186,7301483154297;199,11593627929688;186;
0,554;0,6143501400947571;186,7301483154297;199,11593627929688;186;
0,556;0,6115440130233765;186,7301483154297;199,11593627929688;186;
0,557;0,6100611686706543;189,70228576660156;178,218505859375;186;
0,559;0,6915020942687988;189,70228576660156;178,218505859375;186;
0,56;0,6140437722206116;189,70228576660156;178,218505859375;186;
0,561;0,6143501400947571;190,5932159423828;210,332763671875;186;
0,562;0,6155266165733337;190,5932159423828;210,332763671875;186;
0,563;0,6915510892868042;190,5932159423828;210,332763671875;186;
0,564;0,6103675365447998;190,5932159423828;210,332763671875;186;
0,565;0,611237645149231;188,32424926757812;169,81101989746094;186;
0,566;0,6100611686706543;188,32424926757812;169,81101989746094;186;
0,567;0,6912447214126587;188,32424926757812;169,81101989746094;186;
0,568;0,6771136522293091;190,2313232421875;225,60743713378906;186;
0,569;0,6135842204093933;190,2313232421875;225,60743713378906;186;
0,57;0,6898661851882935;190,2313232421875;225,60743713378906;186;
0,571;0,6107781529426575;190,2313232421875;225,60743713378906;186;
0,572;0,6096016764640808;190,2313232421875;225,60743713378906;186;
0,573;0,6100611686706543;190,56300354003906;165,8979034423828;186;
0,574;0,6924211978912354;190,56300354003906;165,8979034423828;186;
0,575;0,6140437722206116;190,56300354003906;165,8979034423828;186;
0,576;0,6143501400947571;188,1658172607422;208,94371032714844;186;
0,577;0,6155266165733337;188,1658172607422;208,94371032714844;186;
0,578;0,6900193095207214;188,1658172607422;208,94371032714844;186;
0,579;0,6103675365447998;188,1658172607422;208,94371032714844;186;
0,58;0,611237645149231;189,16131591796875;173,33651733398438;186;
0,581;0,6100611686706543;189,16131591796875;173,33651733398438;186;
0,582;0,6903256773948669;189,16131591796875;173,33651733398438;186;
0,583;0,6155266165733337;190,05841064453125;207,35806274414062;186;
0,584;0,6143501400947571;190,05841064453125;207,35806274414062;186;
0,586;0,6115440130233765;190,05841064453125;207,35806274414062;186;
0,587;0,6103675365447998;190,05841064453125;207,35806274414062;186;
0,588;0,6100611686706543;189,08322143554688;171,58013916015625;186;
0,589;0,6924211978912354;189,08322143554688;171,58013916015625;186;
0,59;0,6140437722206116;189,08322143554688;171,58013916015625;186;
0,591;0,6143501400947571;191,01336669921875;231,1153564453125;186;
0,592;0,6155266165733337;191,01336669921875;231,1153564453125;186;
0,593;0,6906320452690125;191,01336669921875;231,1153564453125;186;
0,594;0,6103675365447998;191,01336669921875;231,1153564453125;186;
0,595;0,611237645149231;189,46685791015625;160,49420166015625;186;
0,596;0,6100611686706543;189,46685791015625;160,49420166015625;186;
0,597;0,6912447214126587;189,46685791015625;160,49420166015625;186;
0,598;0,615220308303833;189,46685791015625;160,49420166015625;186;
0,599;0,6143501400947571;187,714111328125;207,1793975830078;186;
0,601;0,6911957859992981;187,714111328125;207,1793975830078;186;
0,602;0,6103675365447998;187,714111328125;207,1793975830078;186;
0,603;0,6100611686706543;190,08094787597656;181,91285705566406;186;
0,604;0,6915020942687988;190,08094787597656;181,91285705566406;186;
0,605;0,6140437722206116;190,08094787597656;181,91285705566406;186;
0,606;0,6143501400947571;189,4034423828125;202,571533203125;186;
0,607;0,6155266165733337;189,4034423828125;202,571533203125;186;
0,608;0,6915510892868042;189,4034423828125;202,571533203125;186;
0,609;0,6103675365447998;189,4034423828125;202,571533203125;186;
0,61;0,611237645149231;188,29107666015625;166,15008544921875;186;
0,611;0,6100611686706543;188,29107666015625;166,15008544921875;186;
0,612;0,6912447214126587;188,29107666015625;166,15008544921875;186;
0,613;0,6155266165733337;190,89584350585938;235,69143676757812;186;
0,614;0,6143501400947571;190,89584350585938;235,69143676757812;186;
0,616;0,6115440130233765;190,89584350585938;235,69143676757812;186;
0,617;0,6103675365447998;190,89584350585938;235,69143676757812;186;
0,618;0,6100611686706543;189,70228576660156;164,15374755859375;186;
0,619;0,6924211978912354;189,70228576660156;164,15374755859375;186;
0,62;0,6140437722206116;189,70228576660156;164,15374755859375;186;
0,621;0,6143501400947571;186,64317321777344;199,2809600830078;186;
0,622;0,6155266165733337;186,64317321777344;199,2809600830078;186;
0,623;0,6143501400947571;186,64317321777344;199,2809600830078;186;
0,624;0,6103675365447998;186,64317321777344;199,2809600830078;186;
0,625;0,611237645149231;189,78463745117188;181,1181182861328;186;
0,626;0,6100611686706543;189,78463745117188;181,1181182861328;186;
0,627;0,6903256773948669;189,78463745117188;181,1181182861328;186;
0,628;0,615220308303833;189,78463745117188;181,1181182861328;186;
0,629;0,6143501400947571;190,12228393554688;210,44322204589844;186;
0,631;0,6115440130233765;190,12228393554688;210,44322204589844;186;
0,632;0,6103675365447998;190,12228393554688;210,44322204589844;186;
0,633;0,6100611686706543;187,73976135253906;165,80638122558594;186;
0,634;0,611237645149231;187,73976135253906;165,80638122558594;186;
0,635;0,6140437722206116;187,73976135253906;165,80638122558594;186;
0,636;0,6143501400947571;190,41964721679688;230,5834503173828;186;
0,637;0,6155266165733337;190,41964721679688;230,5834503173828;186;
0,638;0,6906320452690125;190,41964721679688;230,5834503173828;186;
0,639;0,6103675365447998;190,41964721679688;230,5834503173828;186;
0,64;0,611237645149231;190,2689666748047;165,23667907714844;186;
0,641;0,6100611686706543;190,2689666748047;165,23667907714844;186;
0,642;0,6912447214126587;190,2689666748047;165,23667907714844;186;
0,643;0,615220308303833;190,2689666748047;165,23667907714844;186;
0,644;0,6143501400947571;187,43609619140625;204,98927307128906;186;
0,646;0,6911957859992981;187,43609619140625;204,98927307128906;186;
0,647;0,6103675365447998;187,43609619140625;204,98927307128906;186;
0,648;0,6100611686706543;188,60121154785156;171,58013916015625;186;
0,649;0,611237645149231;188,60121154785156;171,58013916015625;186;
0,65;0,6903256773948669;188,60121154785156;171,58013916015625;186;
0,651;0,6143501400947571;189,89706420898438;211,4796905517578;186;
0,652;0,6155266165733337;189,89706420898438;211,4796905517578;186;
0,653;0,6915510892868042;189,89706420898438;211,4796905517578;186;
0,654;0,6103675365447998;189,89706420898438;211,4796905517578;186;
0,655;0,6115440130233765;189,89706420898438;211,4796905517578;186;
0,656;0,6100611686706543;188,3943328857422;170,72735595703125;186;
0,657;0,6912447214126587;188,3943328857422;170,72735595703125;186;
0,658;0,615220308303833;188,3943328857422;170,72735595703125;186;
0,659;0,6143501400947571;190,09222412109375;228,69737243652344;186;
0,661;0,6918084621429443;190,09222412109375;228,69737243652344;186;
0,662;0,6103675365447998;190,09222412109375;228,69737243652344;186;
0,663;0,6100611686706543;189,33633422851562;161,3125;186;
0,664;0,611237645149231;189,33633422851562;161,3125;186;
0,665;0,6912447214126587;189,33633422851562;161,3125;186;
0,666;0,6140437722206116;189,33633422851562;161,3125;186;
0,667;0,6155266165733337;187,4799346923828;210,2959747314453;186;
0,668;0,6143501400947571;187,4799346923828;210,2959747314453;186;
0,669;0,6900193095207214;187,4799346923828;210,2959747314453;186;
0,67;0,6115440130233765;187,4799346923828;210,2959747314453;186;
0,671;0,6100611686706543;189,18362426757812;176,4399871826172;186;
0,672;0,6903256773948669;189,18362426757812;176,4399871826172;186;
0,673;0,615220308303833;189,18362426757812;176,4399871826172;186;
0,674;0,6143501400947571;188,87527465820312;202,12879943847656;186;
0,676;0,6927275657653809;188,87527465820312;202,12879943847656;186;
0,677;0,6103675365447998;188,87527465820312;202,12879943847656;186;
0,678;0,6100611686706543;188,68630981445312;170,34033203125;186;
0,679;0,611237645149231;188,68630981445312;170,34033203125;186;
0,68;0,6912447214126587;188,68630981445312;170,34033203125;186;
0,681;0,6143501400947571;190,84280395507812;235,3223876953125;186;
0,682;0,6155266165733337;190,84280395507812;235,3223876953125;186;
0,683;0,6143501400947571;190,84280395507812;235,3223876953125;186;
0,684;0,6103675365447998;190,84280395507812;235,3223876953125;186;
0,685;0,6115440130233765;190,84280395507812;235,3223876953125;186;
0,686;0,6100611686706543;188,85675048828125;158,77734375;186;
0,687;0,6912447214126587;188,85675048828125;158,77734375;186;
0,688;0,615220308303833;188,85675048828125;158,77734375;186;
0,689;0,6143501400947571;186,61419677734375;204,8495635986328;186;
0,691;0,6155266165733337;186,61419677734375;204,8495635986328;186;
0,692;0,6103675365447998;186,61419677734375;204,8495635986328;186;
0,693;0,6100611686706543;189,3624267578125;179,30828857421875;186;
0,694;0,611237645149231;189,3624267578125;179,30828857421875;186;
0,695;0,6903256773948669;189,3624267578125;179,30828857421875;186;
0,696;0,6140437722206116;189,3624267578125;179,30828857421875;186;
0,697;0,6155266165733337;189,26181030273438;209,30746459960938;186;
0,698;0,6143501400947571;189,26181030273438;209,30746459960938;186;
0,699;0,6915510892868042;189,26181030273438;209,30746459960938;186;
0,7;0,6115440130233765;189,26181030273438;209,30746459960938;186;
0,701;0,6100611686706543;187,32656860351562;163,8182373046875;186;
0,703;0,6924211978912354;187,32656860351562;163,8182373046875;186;
0,704;0,6143501400947571;189,97958374023438;229,83409118652344;186;
0,706;0,6918084621429443;189,97958374023438;229,83409118652344;186;
0,707;0,6103675365447998;189,97958374023438;229,83409118652344;186;
0,709;0,611237645149231;189,6274871826172;168,1015167236328;186;
0,71;0,6912447214126587;189,6274871826172;168,1015167236328;186;
0,711;0,6140437722206116;189,6274871826172;168,1015167236328;186;
0,712;0,6155266165733337;186,40443420410156;200,8456573486328;186;
0,713;0,6143501400947571;186,40443420410156;200,8456573486328;186;
0,714;0,6900193095207214;186,40443420410156;200,8456573486328;186;
0,715;0,6115440130233765;186,40443420410156;200,8456573486328;186;
0,716;0,6100611686706543;189,3251495361328;177,42947387695312;186;
0,718;0,6915020942687988;189,3251495361328;177,42947387695312;186;
0,719;0,6140437722206116;189,3251495361328;177,42947387695312;186;
0,72;0,6143501400947571;189,78839111328125;209,27102661132812;186;
0,721;0,6155266165733337;189,78839111328125;209,27102661132812;186;
0,722;0,6103675365447998;189,78839111328125;209,27102661132812;186;
0,724;0,611237645149231;188,1326904296875;168,12503051757812;186;
0,725;0,6912447214126587;188,1326904296875;168,12503051757812;186;
0,726;0,6140437722206116;188,1326904296875;168,12503051757812;186;
0,727;0,6155266165733337;189,41090393066406;222,68235778808594;186;
0,728;0,6143501400947571;189,41090393066406;222,68235778808594;186;
0,729;0,6906320452690125;189,41090393066406;222,68235778808594;186;
0,73;0,6115440130233765;189,41090393066406;222,68235778808594;186;
0,731;0,6100611686706543;189,62374877929688;165,1005401611328;186;
0,733;0,6924211978912354;189,62374877929688;165,1005401611328;186;
0,734;0,6140437722206116;189,62374877929688;165,1005401611328;186;
0,735;0,6143501400947571;187,7654266357422;209,7090606689453;186;
0,736;0,6155266165733337;187,7654266357422;209,7090606689453;186;
0,737;0,6900193095207214;187,7654266357422;209,7090606689453;186;
0,738;0,6103675365447998;187,7654266357422;209,7090606689453;186;
0,739;0,611237645149231;189,12039184570312;177,19410705566406;186;
0,74;0,6903256773948669;189,12039184570312;177,19410705566406;186;
0,741;0,6140437722206116;189,12039184570312;177,19410705566406;186;
0,742;0,6155266165733337;188,81594848632812;198,1315155029297;186;
0,743;0,6143501400947571;188,81594848632812;198,1315155029297;186;
0,744;0,6915510892868042;188,81594848632812;198,1315155029297;186;
0,745;0,6115440130233765;188,81594848632812;198,1315155029297;186;
0,746;0,6100611686706543;188,44970703125;174,87448120117188;186;
0,748;0,7465388774871826;188,44970703125;174,87448120117188;186;
0,749;0,6143501400947571;188,44970703125;174,87448120117188;186;
0,75;0,6143501400947571;190,60076904296875;232,59083557128906;186;
0,751;0,6155266165733337;190,60076904296875;232,59083557128906;186;
0,752;0,6103675365447998;190,60076904296875;232,59083557128906;186;
0,754;0,611237645149231;188,94949340820312;158,35906982421875;186;
0,755;0,6100611686706543;188,94949340820312;158,35906982421875;186;
0,756;0,6140437722206116;188,94949340820312;158,35906982421875;186;
0,757;0,6155266165733337;187,3192901611328;205,7963104248047;186;
0,758;0,6143501400947571;187,3192901611328;205,7963104248047;186;
0,76;0,6911957859992981;187,3192901611328;205,7963104248047;186;
0,761;0,6103675365447998;190,24636840820312;185,1913299560547;186;
0,763;0,6915020942687988;190,24636840820312;185,1913299560547;186;
0,764;0,6140437722206116;190,24636840820312;185,1913299560547;186;
0,765;0,6143501400947571;189,00148010253906;198,1968536376953;186;
0,766;0,6155266165733337;189,00148010253906;198,1968536376953;186;
0,767;0,6915510892868042;189,00148010253906;198,1968536376953;186;
0,768;0,6103675365447998;189,00148010253906;198,1968536376953;186;
0,769;0,611237645149231;187,5530548095703;167,4926300048828;186;
0,77;0,6100611686706543;187,5530548095703;167,4926300048828;186;
0,771;0,6912447214126587;187,5530548095703;167,4926300048828;186;
0,772;0,6155266165733337;191,12344360351562;235,27633666992188;186;
0,773;0,6143501400947571;191,12344360351562;235,27633666992188;186;
0,774;0,6906320452690125;191,12344360351562;235,27633666992188;186;
0,775;0,6115440130233765;191,12344360351562;235,27633666992188;186;
0,776;0,6103675365447998;191,12344360351562;235,27633666992188;186;
0,777;0,6100611686706543;189,32887268066406;163,52857971191406;186;
0,778;0,6924211978912354;189,32887268066406;163,52857971191406;186;
0,779;0,6140437722206116;189,32887268066406;163,52857971191406;186;
0,78;0,6143501400947571;186,34664916992188;200,97994995117188;186;
0,781;0,6155266165733337;186,34664916992188;200,97994995117188;186;
0,782;0,6900193095207214;186,34664916992188;200,97994995117188;186;
0,783;0,6103675365447998;186,34664916992188;200,97994995117188;186;
0,784;0,611237645149231;189,80337524414062;180,73692321777344;186;
0,785;0,6100611686706543;189,80337524414062;180,73692321777344;186;
0,786;0,6903256773948669;189,80337524414062;180,73692321777344;186;
0,787;0,6155266165733337;189,80337524414062;180,73692321777344;186;
0,788;0,6143501400947571;190,38194274902344;211,36814880371094;186;
0,789;0,6915510892868042;190,38194274902344;211,36814880371094;186;
0,79;0,6115440130233765;190,38194274902344;211,36814880371094;186;
0,791;0,6103675365447998;190,38194274902344;211,36814880371094;186;
0,792;0,6100611686706543;187,12977600097656;163,12918090820312;186;
0,793;0,611237645149231;187,12977600097656;163,12918090820312;186;
0,794;0,6140437722206116;187,12977600097656;163,12918090820312;186;
0,795;0,6143501400947571;190,11477661132812;228,6103973388672;186;
0,796;0,6155266165733337;190,11477661132812;228,6103973388672;186;
0,797;0,6906320452690125;190,11477661132812;228,6103973388672;186;
0,798;0,6103675365447998;190,11477661132812;228,6103973388672;186;
0,799;0,611237645149231;190,15234375;167,72630310058594;186;
0,8;0,6100611686706543;190,15234375;167,72630310058594;186;
0,801;0,6912447214126587;190,15234375;167,72630310058594;186;
0,802;0,615220308303833;190,15234375;167,72630310058594;186;
0,803;0,6143501400947571;187,4799346923828;206,18453979492188;186;
0,805;0,6911957859992981;187,4799346923828;206,18453979492188;186;
0,806;0,6103675365447998;187,4799346923828;206,18453979492188;186;
0,807;0,6100611686706543;188,74185180664062;171,53118896484375;186;
0,808;0,611237645149231;188,74185180664062;171,53118896484375;186;
0,809;0,6140437722206116;188,74185180664062;171,53118896484375;186;
0,81;0,6143501400947571;189,69854736328125;210,00210571289062;186;
0,811;0,6155266165733337;189,69854736328125;210,00210571289062;186;
0,812;0,6915510892868042;189,69854736328125;210,00210571289062;186;
0,813;0,6103675365447998;189,69854736328125;210,00210571289062;186;
0,814;0,611237645149231;188,45709228515625;172,09591674804688;186;
0,815;0,6100611686706543;188,45709228515625;172,09591674804688;186;
0,816;0,6912447214126587;188,45709228515625;172,09591674804688;186;
0,817;0,615220308303833;188,45709228515625;172,09591674804688;186;
0,818;0,6143501400947571;190,19747924804688;230,2742919921875;186;
0,82;0,6115440130233765;190,19747924804688;230,2742919921875;186;
0,821;0,6103675365447998;190,19747924804688;230,2742919921875;186;
0,822;0,6100611686706543;189,57142639160156;159,51467895507812;186;
0,823;0,611237645149231;189,57142639160156;159,51467895507812;186;
0,824;0,6140437722206116;189,57142639160156;159,51467895507812;186;
0,825;0,6143501400947571;187,9378662109375;210,9231719970703;186;
0,826;0,6155266165733337;187,9378662109375;210,9231719970703;186;
0,827;0,6143501400947571;187,9378662109375;210,9231719970703;186;
0,828;0,6103675365447998;187,9378662109375;210,9231719970703;186;
0,829;0,611237645149231;189,71725463867188;179,76406860351562;186;
0,83;0,6100611686706543;189,71725463867188;179,76406860351562;186;
0,831;0,6903256773948669;189,71725463867188;179,76406860351562;186;
0,832;0,615220308303833;189,71725463867188;179,76406860351562;186;
0,833;0,6143501400947571;188,89382934570312;198,65533447265625;186;
0,835;0,6927275657653809;188,89382934570312;198,65533447265625;186;
0,836;0,6103675365447998;188,89382934570312;198,65533447265625;186;
0,837;0,6100611686706543;188,73814392089844;170,5094451904297;186;
0,838;0,611237645149231;188,73814392089844;170,5094451904297;186;
0,839;0,6912447214126587;188,73814392089844;170,5094451904297;186;
0,84;0,6143501400947571;191,27926635742188;238,16603088378906;186;
0,841;0,6155266165733337;191,27926635742188;238,16603088378906;186;
0,842;0,6906320452690125;191,27926635742188;238,16603088378906;186;
0,843;0,6103675365447998;191,27926635742188;238,16603088378906;186;
0,844;0,6115440130233765;191,27926635742188;238,16603088378906;186;
0,845;0,6100611686706543;189,08692932128906;158,84027099609375;186;
0,846;0,6912447214126587;189,08692932128906;158,84027099609375;186;
0,847;0,615220308303833;189,08692932128906;158,84027099609375;186;
0,848;0,6143501400947571;186,61419677734375;203,94606018066406;186;
0,85;0,6911957859992981;186,61419677734375;203,94606018066406;186;
0,851;0,6103675365447998;186,61419677734375;203,94606018066406;186;
0,852;0,6100611686706543;190,3141326904297;183,9727783203125;186;
0,853;0,611237645149231;190,3141326904297;183,9727783203125;186;
0,854;0,6903256773948669;190,3141326904297;183,9727783203125;186;
0,855;0,6143501400947571;190,3141326904297;206,85858154296875;186;
0,856;0,6155266165733337;189,893310546875;206,85858154296875;186;
0,857;0,6915510892868042;189,893310546875;206,85858154296875;186;
0,858;0,6103675365447998;189,893310546875;206,85858154296875;186;
0,859;0,6115440130233765;189,893310546875;206,85858154296875;186;
0,86;0,6100611686706543;187,38497924804688;163,2177734375;186;
0,862;0,615220308303833;187,38497924804688;163,2177734375;186;
0,863;0,6143501400947571;190,72549438476562;233,3130340576172;186;
0,865;0,6918084621429443;190,72549438476562;233,3130340576172;186;
0,866;0,6103675365447998;190,72549438476562;233,3130340576172;186;
0,867;0,6100611686706543;190,29531860351562;167,79652404785156;186;
0,868;0,611237645149231;190,29531860351562;167,79652404785156;186;
0,869;0,6137374043464661;190,29531860351562;167,79652404785156;186;
0,871;0,615220308303833;186,7664031982422;200,27687072753906;186;
0,872;0,6140437722206116;186,7664031982422;200,27687072753906;186;
0,873;0,6900193095207214;186,7664031982422;200,27687072753906;186;
0,874;0,6115440130233765;186,7664031982422;200,27687072753906;186;
0,875;0,6124141216278076;189,66114807128906;177,24636840820312;186;
0,876;0,6100611686706543;189,66114807128906;177,24636840820312;186;
0,877;0,615220308303833;189,66114807128906;177,24636840820312;186;
0,878;0,6143501400947571;190,40455627441406;211,03424072265625;186;
0,88;0,6927275657653809;190,40455627441406;211,03424072265625;186;
0,881;0,6103675365447998;190,40455627441406;211,03424072265625;186;
0,882;0,6100611686706543;188,09957885742188;168,05453491210938;186;
0,883;0,611237645149231;188,09957885742188;168,05453491210938;186;
0,884;0,6912447214126587;188,09957885742188;168,05453491210938;186;
0,885;0,6140437722206116;188,09957885742188;168,05453491210938;186;
0,886;0,6155266165733337;189,72100830078125;223,67666625976562;186;
0,887;0,6143501400947571;189,72100830078125;223,67666625976562;186;
0,888;0,6103675365447998;189,72100830078125;223,67666625976562;186;
0,889;0,6115440130233765;189,72100830078125;223,67666625976562;186;
0,89;0,6100611686706543;190,44979858398438;167,6327362060547;186;
0,891;0,6912447214126587;190,44979858398438;167,6327362060547;186;
0,892;0,615220308303833;190,44979858398438;167,6327362060547;186;
0,893;0,6143501400947571;187,9195098876953;206,1138458251953;186;
0,895;0,6911957859992981;187,9195098876953;206,1138458251953;186;
0,896;0,6103675365447998;187,9195098876953;206,1138458251953;186;
0,897;0,6100611686706543;189,31768798828125;177,1418914794922;186;
0,898;0,611237645149231;189,31768798828125;177,1418914794922;186;
0,899;0,6903256773948669;189,31768798828125;177,1418914794922;186;
0,9;0,6140437722206116;189,31768798828125;177,1418914794922;186;
0,901;0,6155266165733337;189,72848510742188;204,01528930664062;186;
0,902;0,6143501400947571;189,72848510742188;204,01528930664062;186;
0,903;0,6915510892868042;189,72848510742188;204,01528930664062;186;
0,904;0,6115440130233765;189,72848510742188;204,01528930664062;186;
0,905;0,6100611686706543;188,96434020996094;172,04666137695312;186;
0,907;0,6924211978912354;188,96434020996094;172,04666137695312;186;
0,908;0,6143501400947571;190,642333984375;229,04592895507812;186;
0,91;0,6918084621429443;190,642333984375;229,04592895507812;186;
0,911;0,6103675365447998;190,642333984375;229,04592895507812;186;
0,913;0,611237645149231;189,41090393066406;160,68727111816406;186;
0,914;0,6912447214126587;189,41090393066406;160,68727111816406;186;
0,915;0,6140437722206116;189,41090393066406;160,68727111816406;186;
0,916;0,6155266165733337;187,74342346191406;206,3614959716797;186;
0,917;0,6143501400947571;187,74342346191406;206,3614959716797;186;
0,918;0,6900193095207214;187,74342346191406;206,3614959716797;186;
0,919;0,6115440130233765;187,74342346191406;206,3614959716797;186;
0,92;0,6100611686706543;190,26519775390625;185,1627960205078;186;
0,922;0,615220308303833;190,26519775390625;185,1627960205078;186;
0,923;0,6143501400947571;189,6312255859375;200,31024169921875;186;
0,925;0,6927275657653809;189,6312255859375;200,31024169921875;186;
0,926;0,6103675365447998;189,6312255859375;200,31024169921875;186;
0,928;0,611237645149231;187,97459411621094;166,19601440429688;186;
0,929;0,6100611686706543;187,97459411621094;166,19601440429688;186;
0,93;0,6140437722206116;187,97459411621094;166,19601440429688;186;
0,931;0,6155266165733337;191,22604370117188;239,3513946533203;186;
0,932;0,6143501400947571;191,22604370117188;239,3513946533203;186;
0,933;0,6906320452690125;191,22604370117188;239,3513946533203;186;
0,934;0,6115440130233765;191,22604370117188;239,3513946533203;186;
0,935;0,6100611686706543;189,53407287597656;161,65956115722656;186;
0,937;0,615220308303833;189,53407287597656;161,65956115722656;186;
0,938;0,6140437722206116;189,53407287597656;161,65956115722656;186;
0,939;0,6143501400947571;186,5924835205078;198,7538604736328;186;
0,94;0,6155266165733337;186,5924835205078;198,7538604736328;186;
0,941;0,6900193095207214;186,5924835205078;198,7538604736328;186;
0,942;0,6103675365447998;186,5924835205078;198,7538604736328;186;
0,943;0,611237645149231;189,69854736328125;181,1181182861328;186;
0,944;0,6100611686706543;189,69854736328125;181,1181182861328;186;
0,945;0,6140437722206116;189,69854736328125;181,1181182861328;186;
0,946;0,6155266165733337;190,09222412109375;210,14892578125;186;
0,947;0,6143501400947571;190,09222412109375;210,14892578125;186;
0,948;0,6915510892868042;190,09222412109375;210,14892578125;186;
0,949;0,6115440130233765;190,09222412109375;210,14892578125;186;
0,95;0,6100611686706543;187,2864532470703;165,80638122558594;186;
0,952;0,6924211978912354;187,2864532470703;165,80638122558594;186;
0,953;0,6140437722206116;187,2864532470703;165,80638122558594;186;
0,954;0,6143501400947571;189,35122680664062;220,92283630371094;186;
0,955;0,6155266165733337;189,35122680664062;220,92283630371094;186;
0,956;0,6906320452690125;189,35122680664062;220,92283630371094;186;
0,957;0,6103675365447998;189,35122680664062;220,92283630371094;186;
0,958;0,611237645149231;190,03213500976562;170,48526000976562;186;
0,959;0,6912447214126587;190,03213500976562;170,48526000976562;186;
0,96;0,6140437722206116;190,03213500976562;170,48526000976562;186;
0,961;0,6155266165733337;186,71563720703125;203,0162353515625;186;
0,962;0,6143501400947571;186,71563720703125;203,0162353515625;186;
0,963;0,6900193095207214;186,71563720703125;203,0162353515625;186;
0,964;0,6115440130233765;186,71563720703125;203,0162353515625;186;
0,965;0,6100611686706543;188,4940185546875;172,96246337890625;186;
0,967;0,6915020942687988;188,4940185546875;172,96246337890625;186;
0,968;0,6140437722206116;188,4940185546875;172,96246337890625;186;
0,969;0,6143501400947571;189,73971557617188;210,4063720703125;186;
0,97;0,6155266165733337;189,73971557617188;210,4063720703125;186;
0,971;0,6915510892868042;189,73971557617188;210,4063720703125;186;
0,972;0,6103675365447998;189,73971557617188;210,4063720703125;186;
0,973;0,611237645149231;188,34268188476562;171,40890502929688;186;
0,974;0,6100611686706543;188,34268188476562;171,40890502929688;186;
0,975;0,6912447214126587;188,34268188476562;171,40890502929688;186;
0,976;0,6155266165733337;190,22381591796875;230,49502563476562;186;
0,977;0,6143501400947571;190,22381591796875;230,49502563476562;186;
0,978;0,6906320452690125;190,22381591796875;230,49502563476562;186;
0,979;0,6115440130233765;190,22381591796875;230,49502563476562;186;
0,98;0,6103675365447998;190,22381591796875;230,49502563476562;186;
0,981;0,6100611686706543;188,89382934570312;158,04681396484375;186;
0,982;0,6924211978912354;188,89382934570312;158,04681396484375;186;
0,983;0,6140437722206116;188,89382934570312;158,04681396484375;186;
0,984;0,6143501400947571;187,94888305664062;210,99720764160156;186;
0,985;0,6155266165733337;187,94888305664062;210,99720764160156;186;
0,986;0,6900193095207214;187,94888305664062;210,99720764160156;186;
0,987;0,6103675365447998;187,94888305664062;210,99720764160156;186;
0,988;0,611237645149231;188,749267578125;175,89788818359375;186;
0,989;0,6100611686706543;188,749267578125;175,89788818359375;186;
0,99;0,6903256773948669;188,749267578125;175,89788818359375;186;
0,991;0,615220308303833;188,749267578125;175,89788818359375;186;
0,992;0,6143501400947571;188,68630981445312;202,4351043701172;186;
0,994;0,6115440130233765;188,68630981445312;202,4351043701172;186;
0,995;0,6103675365447998;188,68630981445312;202,4351043701172;186;
0,996;0,6100611686706543;188,46078491210938;171,45779418945312;186;
0,997;0,611237645149231;188,46078491210938;171,45779418945312;186;
0,998;0,6140437722206116;188,46078491210938;171,45779418945312;186;
0,999;0,6143501400947571;190,74063110351562;235,55291748046875;186;
1;0,6155266165733337;190,74063110351562;235,55291748046875;186;
1,001;0,6906320452690125;190,74063110351562;235,55291748046875;186;
1,002;0,6103675365447998;190,74063110351562;235,55291748046875;186;
1,003;0,611237645149231;188,73814392089844;159,2611083984375;186;
1,004;0,6100611686706543;188,73814392089844;159,2611083984375;186;
1,005;0,6912447214126587;188,73814392089844;159,2611083984375;186;
1,006;0,615220308303833;188,73814392089844;159,2611083984375;186;
1,007;0,6079859137535095;185,95394897460938;201,08079528808594;186;
1,009;0,6823906302452087;185,95394897460938;201,08079528808594;186;
1,01;0,6041317582130432;185,95394897460938;201,08079528808594;186;
1,011;0,6100611686706543;189,5041961669922;181,1181182861328;186;
1,012;0,611237645149231;189,5041961669922;181,1181182861328;186;
1,013;0,6140437722206116;189,5041961669922;181,1181182861328;186;
1,014;0,6143501400947571;189,54901123046875;211,4425048828125;186;
1,015;0,6155266165733337;189,54901123046875;211,4425048828125;186;
1,016;0,6915510892868042;189,54901123046875;211,4425048828125;186;
1,017;0,6103675365447998;189,54901123046875;211,4425048828125;186;
1,018;0,6115440130233765;189,54901123046875;211,4425048828125;186;
1,019;0,6100611686706543;187,59695434570312;163,28427124023438;186;
1,02;0,6912447214126587;187,59695434570312;163,28427124023438;186;
1,021;0,615220308303833;187,59695434570312;163,28427124023438;186;
1,022;0,6143501400947571;190,12228393554688;228,65386962890625;186;
1,024;0,6918084621429443;190,12228393554688;228,65386962890625;186;
1,025;0,6103675365447998;190,12228393554688;228,65386962890625;186;
1,026;0,6100611686706543;189,97207641601562;170,48526000976562;186;
1,027;0,6924211978912354;189,97207641601562;170,48526000976562;186;
1,028;0,6140437722206116;189,97207641601562;170,48526000976562;186;
1,029;0,6143501400947571;186,67214965820312;200,41041564941406;186;
1,03;0,6155266165733337;186,67214965820312;200,41041564941406;186;
1,031;0,6143501400947571;186,67214965820312;200,41041564941406;186;
1,032;0,6103675365447998;186,67214965820312;200,41041564941406;186;
1,033;0,6110844612121582;186,67214965820312;200,41041564941406;186;
1,034;0,6099080443382263;189,4929962158203;177,2725067138672;186;
1,035;0,6901724934577942;189,4929962158203;177,2725067138672;186;
1,036;0,6150670647621155;189,4929962158203;177,2725067138672;186;
1,037;0,6143501400947571;190,34803771972656;209,05270385742188;186;
1,039;0,6927275657653809;190,34803771972656;209,05270385742188;186;
1,04;0,6103675365447998;190,34803771972656;209,05270385742188;186;
1,041;0,6100611686706543;188,42385864257812;168,05453491210938;186;
1,042;0,611237645149231;188,42385864257812;168,05453491210938;186;
1,043;0,6912447214126587;188,42385864257812;168,05453491210938;186;
1,044;0,6143501400947571;189,89706420898438;227,2707061767578;186;
1,045;0,6155266165733337;189,89706420898438;227,2707061767578;186;
1,046;0,6906320452690125;189,89706420898438;227,2707061767578;186;
1,047;0,6103675365447998;189,89706420898438;227,2707061767578;186;
1,048;0,6115440130233765;189,89706420898438;227,2707061767578;186;
1,049;0,6100611686706543;190,19371032714844;165,05520629882812;186;
1,05;0,6912447214126587;190,19371032714844;165,05520629882812;186;
1,051;0,615220308303833;190,19371032714844;165,05520629882812;186;
1,052;0,6143501400947571;188,2100067138672;207,6087188720703;186;
1,054;0,6911957859992981;188,2100067138672;207,6087188720703;186;
1,055;0,6103675365447998;188,2100067138672;207,6087188720703;186;
1,056;0,6100611686706543;188,98291015625;175,69224548339844;186;
1,057;0,611237645149231;188,98291015625;175,69224548339844;186;
1,058;0,6903256773948669;188,98291015625;175,69224548339844;186;
1,059;0,6140437722206116;188,98291015625;175,69224548339844;186;
1,06;0,6155266165733337;189,24691772460938;202,81072998046875;186;
1,061;0,6143501400947571;189,24691772460938;202,81072998046875;186;
1,062;0,6103675365447998;189,24691772460938;202,81072998046875;186;
1,063;0,6115440130233765;189,24691772460938;202,81072998046875;186;
1,064;0,6100611686706543;188,79371643066406;174,13992309570312;186;
1,065;0,6912447214126587;188,79371643066406;174,13992309570312;186;
1,066;0,615220308303833;188,79371643066406;174,13992309570312;186;
1,067;0,6143501400947571;191,02854919433594;233,22251892089844;186;
1,069;0,6918084621429443;191,02854919433594;233,22251892089844;186;
1,07;0,6103675365447998;191,02854919433594;233,22251892089844;186;
1,071;0,6100611686706543;189,11666870117188;156,89183044433594;186;
1,072;0,611237645149231;189,11666870117188;156,89183044433594;186;
1,073;0,6912447214126587;189,11666870117188;156,89183044433594;186;
1,074;0,6140437722206116;189,11666870117188;156,89183044433594;186;
1,075;0,6155266165733337;187,31564331054688;208,03981018066406;186;
1,076;0,6143501400947571;187,31564331054688;208,03981018066406;186;
1,077;0,6900193095207214;187,31564331054688;208,03981018066406;186;
1,078;0,6115440130233765;187,31564331054688;208,03981018066406;186;
1,079;0,6100611686706543;189,69854736328125;181,09083557128906;186;
1,08;0,6903256773948669;189,69854736328125;181,09083557128906;186;
1,081;0,6128673553466797;189,69854736328125;181,09083557128906;186;
1,082;0,6178795099258423;189,4146270751953;204,91940307617188;186;
1,083;0,6143501400947571;189,4146270751953;204,91940307617188;186;
1,084;0,6927275657653809;189,4146270751953;204,91940307617188;186;
1,085;0,6103675365447998;189,4146270751953;204,91940307617188;186;
1,087;0,611237645149231;187,90481567382812;165,80638122558594;186;
1,088;0,6912447214126587;187,90481567382812;165,80638122558594;186;
1,089;0,6140437722206116;187,90481567382812;165,80638122558594;186;
1,09;0,6155266165733337;190,90341186523438;234,63351440429688;186;
1,091;0,6143501400947571;190,90341186523438;234,63351440429688;186;
1,092;0,6906320452690125;190,90341186523438;234,63351440429688;186;
1,093;0,6115440130233765;190,90341186523438;234,63351440429688;186;
1,094;0,6100611686706543;189,5079345703125;165,2593994140625;186;
1,095;0,6912447214126587;189,5079345703125;165,2593994140625;186;
1,096;0,615220308303833;189,5079345703125;165,2593994140625;186;
1,097;0,6140437722206116;189,5079345703125;165,2593994140625;186;
1,098;0,6143501400947571;186,24200439453125;198,8853759765625;186;
1,099;0,6155266165733337;186,24200439453125;198,8853759765625;186;
1,1;0,6103675365447998;186,24200439453125;198,8853759765625;186;
1,101;0,6100611686706543;190,1072540283203;181,8028106689453;186;
1,102;0,611237645149231;190,1072540283203;181,8028106689453;186;
1,103;0,6903256773948669;190,1072540283203;181,8028106689453;186;
1,104;0,6140437722206116;190,1072540283203;181,8028106689453;186;
1,105;0,6155266165733337;190,33297729492188;210,22242736816406;186;
1,106;0,6143501400947571;190,33297729492188;210,22242736816406;186;
1,107;0,6915510892868042;190,33297729492188;210,22242736816406;186;
1,108;0,6115440130233765;190,33297729492188;210,22242736816406;186;
1,109;0,6100611686706543;187,692138671875;163,57305908203125;186;
1,111;0,6924211978912354;187,692138671875;163,57305908203125;186;
1,112;0,6143501400947571;190,0997314453125;230,4066925048828;186;
1,114;0,6918084621429443;190,0997314453125;230,4066925048828;186;
1,115;0,6103675365447998;190,0997314453125;230,4066925048828;186;
1,117;0,611237645149231;190,23886108398438;166,6567840576172;186;
1,118;0,6912447214126587;190,23886108398438;166,6567840576172;186;
1,119;0,6140437722206116;190,23886108398438;166,6567840576172;186;
1,12;0,6155266165733337;187,4835968017578;204,91940307617188;186;
1,121;0,6143501400947571;187,4835968017578;204,91940307617188;186;
1,122;0,6900193095207214;187,4835968017578;204,91940307617188;186;
1,123;0,6115440130233765;187,4835968017578;204,91940307617188;186;
1,124;0,6100611686706543;188,79000854492188;173,73728942871094;186;
1,126;0,6915020942687988;188,79000854492188;173,73728942871094;186;
1,127;0,6140437722206116;188,79000854492188;173,73728942871094;186;
1,128;0,6143501400947571;189,9195556640625;209,38037109375;186;
1,129;0,6155266165733337;189,9195556640625;209,38037109375;186;
1,13;0,6103675365447998;189,9195556640625;209,38037109375;186;
1,132;0,611237645149231;188,48663330078125;171,80081176757812;186;
1,133;0,6912447214126587;188,48663330078125;171,80081176757812;186;
1,134;0,6140437722206116;188,48663330078125;171,80081176757812;186;
1,135;0,6155266165733337;190,31036376953125;229,87803649902344;186;
1,136;0,6143501400947571;190,31036376953125;229,87803649902344;186;
1,137;0,6906320452690125;190,31036376953125;229,87803649902344;186;
1,138;0,6115440130233765;190,31036376953125;229,87803649902344;186;
1,139;0,6100611686706543;189,79588317871094;160,5799560546875;186;
1,141;0,6924211978912354;189,79588317871094;160,5799560546875;186;
1,142;0,6140437722206116;189,79588317871094;160,5799560546875;186;
1,143;0,6143501400947571;187,78375244140625;208,6898193359375;186;
1,144;0,6155266165733337;187,78375244140625;208,6898193359375;186;
1,145;0,6900193095207214;187,78375244140625;208,6898193359375;186;
1,146;0,6103675365447998;187,78375244140625;208,6898193359375;186;
1,147;0,611237645149231;190,035888671875;181,96792602539062;186;
1,148;0,6903256773948669;190,035888671875;181,96792602539062;186;
1,149;0,6140437722206116;190,035888671875;181,96792602539062;186;
1,15;0,6155266165733337;189,23202514648438;197,67544555664062;186;
1,151;0,6143501400947571;189,23202514648438;197,67544555664062;186;
1,152;0,6915510892868042;189,23202514648438;197,67544555664062;186;
1,153;0,6115440130233765;189,23202514648438;197,67544555664062;186;
1,154;0,6100611686706543;188,8975372314453;171,5067138671875;186;
1,156;0,7441859245300293;188,8975372314453;171,5067138671875;186;
1,157;0,6143501400947571;191,23744201660156;234,8626708984375;186;
1,159;0,6155266165733337;191,23744201660156;234,8626708984375;186;
1,16;0,6103675365447998;191,23744201660156;234,8626708984375;186;
1,162;0,611237645149231;189,37359619140625;160,45135498046875;186;
1,163;0,6912447214126587;189,37359619140625;160,45135498046875;186;
1,164;0,6140437722206116;189,37359619140625;160,45135498046875;186;
1,165;0,6155266165733337;186,79904174804688;202,74234008789062;186;
1,166;0,6143501400947571;186,79904174804688;202,74234008789062;186;
1,168;0,6115440130233765;186,79904174804688;202,74234008789062;186;
1,169;0,6100611686706543;190,03964233398438;181,91285705566406;186;
1,171;0,6915020942687988;190,03964233398438;181,91285705566406;186;
1,172;0,6140437722206116;190,03964233398438;181,91285705566406;186;
1,173;0,6143501400947571;189,98707580566406;208,1839141845703;186;
1,174;0,6155266165733337;189,98707580566406;208,1839141845703;186;
1,175;0,6915510892868042;189,98707580566406;208,1839141845703;186;
1,176;0,6103675365447998;189,98707580566406;208,1839141845703;186;
1,177;0,611237645149231;187,45436096191406;164,896728515625;186;
1,178;0,6100611686706543;187,45436096191406;164,896728515625;186;
1,179;0,6912447214126587;187,45436096191406;164,896728515625;186;
1,18;0,6155266165733337;190,77088928222656;231,64971923828125;186;
1,181;0,6143501400947571;190,77088928222656;231,64971923828125;186;
1,182;0,6906320452690125;190,77088928222656;231,64971923828125;186;
1,183;0,6115440130233765;190,77088928222656;231,64971923828125;186;
1,184;0,6103675365447998;190,77088928222656;231,64971923828125;186;
1,185;0,6100611686706543;190,11477661132812;167,3527374267578;186;
1,186;0,6924211978912354;190,11477661132812;167,3527374267578;186;
1,187;0,6140437722206116;190,11477661132812;167,3527374267578;186;
1,188;0,6143501400947571;186,78091430664062;199,64498901367188;186;
1,189;0,6155266165733337;186,78091430664062;199,64498901367188;186;
1,19;0,6900193095207214;186,78091430664062;199,64498901367188;186;
1,191;0,6103675365447998;186,78091430664062;199,64498901367188;186;
1,192;0,611237645149231;189,35496520996094;176,98544311523438;186;
1,193;0,6100611686706543;189,35496520996094;176,98544311523438;186;
1,194;0,6903256773948669;189,35496520996094;176,98544311523438;186;
1,195;0,6155266165733337;190,40078735351562;212,75209045410156;186;
1,196;0,6143501400947571;190,40078735351562;212,75209045410156;186;
1,197;0,6915510892868042;190,40078735351562;212,75209045410156;186;
1,198;0,6115440130233765;190,40078735351562;212,75209045410156;186;
1,199;0,6103675365447998;190,40078735351562;212,75209045410156;186;
1,2;0,6100611686706543;188,35006713867188;167,93714904785156;186;
1,201;0,6924211978912354;188,35006713867188;167,93714904785156;186;
1,202;0,6140437722206116;188,35006713867188;167,93714904785156;186;
1,203;0,6143501400947571;189,92330932617188;224,63790893554688;186;
1,204;0,6155266165733337;189,92330932617188;224,63790893554688;186;
1,205;0,6906320452690125;189,92330932617188;224,63790893554688;186;
1,206;0,6103675365447998;189,92330932617188;224,63790893554688;186;
1,207;0,611237645149231;189,94204711914062;165,0098876953125;186;
1,208;0,6100611686706543;189,94204711914062;165,0098876953125;186;
1,209;0,6912447214126587;189,94204711914062;165,0098876953125;186;
1,21;0,615220308303833;189,94204711914062;165,0098876953125;186;
1,211;0,6143501400947571;187,80575561523438;208,5088653564453;186;
1,213;0,6911957859992981;187,80575561523438;208,5088653564453;186;
1,214;0,6103675365447998;187,80575561523438;208,5088653564453;186;
1,215;0,6100611686706543;188,85302734375;174,24087524414062;186;
1,216;0,6915020942687988;188,85302734375;174,24087524414062;186;
1,217;0,6140437722206116;188,85302734375;174,24087524414062;186;
1,218;0,6143501400947571;189,66488647460938;207,14370727539062;186;
1,219;0,6155266165733337;189,66488647460938;207,14370727539062;186;
1,22;0,6915510892868042;189,66488647460938;207,14370727539062;186;
1,221;0,6103675365447998;189,66488647460938;207,14370727539062;186;
1,222;0,611237645149231;188,9346466064453;172,0220489501953;186;
1,223;0,6100611686706543;188,9346466064453;172,0220489501953;186;
1,224;0,6912447214126587;188,9346466064453;172,0220489501953;186;
1,225;0,6155266165733337;190,39324951171875;228,52349853515625;186;
1,226;0,6143501400947571;190,39324951171875;228,52349853515625;186;
1,228;0,6115440130233765;190,39324951171875;228,52349853515625;186;
1,229;0,6103675365447998;190,39324951171875;228,52349853515625;186;
1,23;0,6100611686706543;189,18362426757812;160,68727111816406;186;
1,231;0,6924211978912354;189,18362426757812;160,68727111816406;186;
1,232;0,6140437722206116;189,18362426757812;160,68727111816406;186;
1,233;0,6143501400947571;187,4141845703125;206,14918518066406;186;
1,234;0,6155266165733337;187,4141845703125;206,14918518066406;186;
1,235;0,6143501400947571;187,4141845703125;206,14918518066406;186;
1,236;0,6103675365447998;187,4141845703125;206,14918518066406;186;
1,237;0,611237645149231;189,93455505371094;182,0230255126953;186;
1,238;0,6100611686706543;189,93455505371094;182,0230255126953;186;
1,239;0,6903256773948669;189,93455505371094;182,0230255126953;186;
1,24;0,615220308303833;189,93455505371094;182,0230255126953;186;
1,241;0,6143501400947571;189,45567321777344;203,9806671142578;186;
1,243;0,6927275657653809;189,45567321777344;203,9806671142578;186;
1,244;0,6103675365447998;189,45567321777344;203,9806671142578;186;
1,245;0,6100611686706543;188,21737670898438;166,19601440429688;186;
1,246;0,611237645149231;188,21737670898438;166,19601440429688;186;
1,247;0,6912447214126587;188,21737670898438;166,19601440429688;186;
1,248;0,6143501400947571;190,07342529296875;226,6280975341797;186;
1,249;0,6155266165733337;190,07342529296875;226,6280975341797;186;
1,25;0,6906320452690125;190,07342529296875;226,6280975341797;186;
1,251;0,6103675365447998;190,07342529296875;226,6280975341797;186;
1,252;0,611237645149231;189,65740966796875;169,3326873779297;186;
1,253;0,6100611686706543;189,65740966796875;169,3326873779297;186;
1,254;0,6912447214126587;189,65740966796875;169,3326873779297;186;
1,255;0,615220308303833;189,65740966796875;169,3326873779297;186;
1,256;0,6143501400947571;186,849853515625;199,61183166503906;186;
1,258;0,6911957859992981;186,849853515625;199,61183166503906;186;
1,259;0,6103675365447998;186,849853515625;199,61183166503906;186;
1,26;0,6100611686706543;189,75843811035156;179,62977600097656;186;
1,261;0,611237645149231;189,75843811035156;179,62977600097656;186;
1,262;0,6903256773948669;189,75843811035156;179,62977600097656;186;
1,263;0,6143501400947571;190,22381591796875;210,62754821777344;186;
1,264;0,6155266165733337;190,22381591796875;210,62754821777344;186;
1,265;0,6915510892868042;190,22381591796875;210,62754821777344;186;
1,266;0,6103675365447998;190,22381591796875;210,62754821777344;186;
1,267;0,6115440130233765;190,22381591796875;210,62754821777344;186;
1,268;0,6100611686706543;187,72509765625;165,19126892089844;186;
1,269;0,6912447214126587;187,72509765625;165,19126892089844;186;
1,27;0,615220308303833;187,72509765625;165,19126892089844;186;
1,271;0,6143501400947571;189,83709716796875;225,81932067871094;186;
1,273;0,6918084621429443;189,83709716796875;225,81932067871094;186;
1,274;0,6103675365447998;189,83709716796875;225,81932067871094;186;
1,275;0,6100611686706543;190,25767517089844;168,8096160888672;186;
1,276;0,611237645149231;190,25767517089844;168,8096160888672;186;
1,277;0,6912447214126587;190,25767517089844;168,8096160888672;186;
1,278;0,6140437722206116;190,25767517089844;168,8096160888672;186;
1,279;0,6155266165733337;187,97091674804688;203,08480834960938;186;
1,28;0,6143501400947571;187,97091674804688;203,08480834960938;186;
1,281;0,6900193095207214;187,97091674804688;203,08480834960938;186;
1,282;0,6115440130233765;187,97091674804688;203,08480834960938;186;
1,283;0,6100611686706543;188,39065551757812;172,09591674804688;186;
1,285;0,615220308303833;188,39065551757812;172,09591674804688;186;
1,286;0,6143501400947571;189,5415496826172;210,44322204589844;186;
1,288;0,6927275657653809;189,5415496826172;210,44322204589844;186;
1,289;0,6103675365447998;189,5415496826172;210,44322204589844;186;
1,29;0,6100611686706543;188,28369140625;170,9701385498047;186;
1,291;0,611237645149231;188,28369140625;170,9701385498047;186;
1,292;0,6912447214126587;188,28369140625;170,9701385498047;186;
1,293;0,6140437722206116;188,28369140625;170,9701385498047;186;
1,294;0,6155266165733337;189,69854736328125;225,69215393066406;186;
1,295;0,6143501400947571;189,69854736328125;225,69215393066406;186;
1,296;0,6103675365447998;189,69854736328125;225,69215393066406;186;
1,297;0,6115440130233765;189,69854736328125;225,69215393066406;186;
1,298;0,6100611686706543;189,06463623046875;161,42079162597656;186;
1,3;0,6155266165733337;189,06463623046875;161,42079162597656;186;
1,301;0,6146565079689026;187,48724365234375;209,016357421875;186;
1,303;0,6158329248428345;187,48724365234375;209,016357421875;186;
1,304;0,6103675365447998;187,48724365234375;209,016357421875;186;
1,305;0,6100611686706543;188,83450317382812;177,9547119140625;186;
1,306;0,611237645149231;188,83450317382812;177,9547119140625;186;
1,307;0,6903256773948669;188,83450317382812;177,9547119140625;186;
1,308;0,6140437722206116;188,83450317382812;177,9547119140625;186;
1,309;0,6155266165733337;188,6641082763672;201,51895141601562;186;
1,31;0,6143501400947571;188,6641082763672;201,51895141601562;186;
1,311;0,6915510892868042;188,6641082763672;201,51895141601562;186;
1,312;0,6115440130233765;188,6641082763672;201,51895141601562;186;
1,313;0,6100611686706543;188,50509643554688;171,04312133789062;186;
1,315;0,6924211978912354;188,50509643554688;171,04312133789062;186;
1,316;0,6143501400947571;190,72927856445312;234,9085693359375;186;
1,318;0,6918084621429443;190,72927856445312;234,9085693359375;186;
1,319;0,6103675365447998;190,72927856445312;234,9085693359375;186;
1,321;0,611237645149231;188,7640838623047;159,09249877929688;186;
1,322;0,6912447214126587;188,7640838623047;159,09249877929688;186;
1,323;0,6140437722206116;188,7640838623047;159,09249877929688;186;
1,324;0,6155266165733337;186,55628967285156;202,74234008789062;186;
1,325;0,6143501400947571;186,55628967285156;202,74234008789062;186;
1,326;0,6900193095207214;186,55628967285156;202,74234008789062;186;
1,327;0,6115440130233765;186,55628967285156;202,74234008789062;186;
1,328;0,6100611686706543;189,7322235107422;182,57586669921875;186;
1,33;0,6915020942687988;189,7322235107422;182,57586669921875;186;
1,331;0,6140437722206116;189,7322235107422;182,57586669921875;186;
1,332;0,6143501400947571;189,64991760253906;208,21995544433594;186;
1,333;0,6927275657653809;189,64991760253906;208,21995544433594;186;
1,334;0,6562498807907104;189,64991760253906;208,21995544433594;186;
1,335;0,6103675365447998;189,64991760253906;208,21995544433594;186;
1,336;0,611237645149231;187,3046875;162,66567993164062;186;
1,337;0,6100611686706543;187,3046875;162,66567993164062;186;
1,338;0,6140437722206116;187,3046875;162,66567993164062;186;
1,339;0,6155266165733337;189,96832275390625;229,17691040039062;186;
1,34;0,6143501400947571;189,96832275390625;229,17691040039062;186;
1,341;0,6906320452690125;189,96832275390625;229,17691040039062;186;
1,342;0,6115440130233765;189,96832275390625;229,17691040039062;186;
1,343;0,6100611686706543;189,41090393066406;167,4926300048828;186;
1,345;0,6924211978912354;189,41090393066406;167,4926300048828;186;
1,346;0,6140437722206116;189,41090393066406;167,4926300048828;186;
1,347;0,6143501400947571;186,40081787109375;202,4691925048828;186;
1,348;0,6155266165733337;186,40081787109375;202,4691925048828;186;
1,349;0,6900193095207214;186,40081787109375;202,4691925048828;186;
1,35;0,6103675365447998;186,40081787109375;202,4691925048828;186;
1,351;0,611237645149231;188,38694763183594;171,433349609375;186;
1,352;0,6100611686706543;188,38694763183594;171,433349609375;186;
1,353;0,6903256773948669;188,38694763183594;171,433349609375;186;
1,354;0,6155266165733337;189,78463745117188;216,46778869628906;186;
1,355;0,6143501400947571;189,78463745117188;216,46778869628906;186;
1,356;0,6915510892868042;189,78463745117188;216,46778869628906;186;
1,357;0,6115440130233765;189,78463745117188;216,46778869628906;186;
1,358;0,6103675365447998;189,78463745117188;216,46778869628906;186;
1,359;0,6100611686706543;187,66650390625;167,98406982421875;186;
1,36;0,6924211978912354;187,66650390625;167,98406982421875;186;
1,361;0,6140437722206116;187,66650390625;167,98406982421875;186;
1,362;0,6143501400947571;188,9866180419922;221,9833984375;186;
1,363;0,6155266165733337;188,9866180419922;221,9833984375;186;
1,364;0,6906320452690125;188,9866180419922;221,9833984375;186;
1,365;0,6103675365447998;188,9866180419922;221,9833984375;186;
1,366;0,611237645149231;189,59011840820312;166,31097412109375;186;
1,367;0,6100611686706543;189,59011840820312;166,31097412109375;186;
1,368;0,6140437722206116;189,59011840820312;166,31097412109375;186;
1,369;0,6155266165733337;187,75442504882812;209,38037109375;186;
1,37;0,6143501400947571;187,75442504882812;209,38037109375;186;
1,372;0,6115440130233765;187,75442504882812;209,38037109375;186;
1,373;0,6103675365447998;187,75442504882812;209,38037109375;186;
1,374;0,6100611686706543;188,6789093017578;173,5617218017578;186;
1,375;0,6915020942687988;188,6789093017578;173,5617218017578;186;
1,376;0,6140437722206116;188,6789093017578;173,5617218017578;186;
1,377;0,6143501400947571;188,80484008789062;203,63516235351562;186;
1,378;0,6155266165733337;188,80484008789062;203,63516235351562;186;
1,379;0,6915510892868042;188,80484008789062;203,63516235351562;186;
1,38;0,6127204895019531;188,80484008789062;203,63516235351562;186;
1,381;0,611237645149231;189,26181030273438;174,4937744140625;186;
1,382;0,6100611686706543;189,26181030273438;174,4937744140625;186;
1,383;0,6912447214126587;189,26181030273438;174,4937744140625;186;
1,384;0,6155266165733337;190,5932159423828;231,24871826171875;186;
1,385;0,6143501400947571;190,5932159423828;231,24871826171875;186;
1,386;0,6906320452690125;190,5932159423828;231,24871826171875;186;
1,387;0,6115440130233765;190,5932159423828;231,24871826171875;186;
1,388;0,6103675365447998;190,5932159423828;231,24871826171875;186;
1,389;0,6100611686706543;188,9346466064453;158,1923828125;186;
1,39;0,6924211978912354;188,9346466064453;158,1923828125;186;
1,391;0,6140437722206116;188,9346466064453;158,1923828125;186;
1,392;0,6143501400947571;187,51649475097656;207,25082397460938;186;
1,393;0,6155266165733337;187,51649475097656;207,25082397460938;186;
1,394;0,6143501400947571;187,51649475097656;207,25082397460938;186;
1,395;0,6103675365447998;187,51649475097656;207,25082397460938;186;
1,396;0,611237645149231;189,81460571289062;181,9403839111328;186;
1,397;0,6100611686706543;189,81460571289062;181,9403839111328;186;
1,398;0,6903256773948669;189,81460571289062;181,9403839111328;186;
1,399;0,615220308303833;189,81460571289062;181,9403839111328;186;
1,4;0,6143501400947571;189,101806640625;202,6398162841797;186;
1,402;0,6115440130233765;189,101806640625;202,6398162841797;186;
1,403;0,6103675365447998;189,101806640625;202,6398162841797;186;
1,404;0,6100611686706543;187,95989990234375;166,15008544921875;186;
1,405;0,611237645149231;187,95989990234375;166,15008544921875;186;
1,406;0,6912447214126587;187,95989990234375;166,15008544921875;186;
1,407;0,6143501400947571;191,17662048339844;238,40216064453125;186;
1,408;0,6155266165733337;191,17662048339844;238,40216064453125;186;
1,409;0,6906320452690125;191,17662048339844;238,40216064453125;186;
1,41;0,6103675365447998;191,17662048339844;238,40216064453125;186;
1,411;0,611237645149231;189,11666870117188;161,6378173828125;186;
1,412;0,6100611686706543;189,11666870117188;161,6378173828125;186;
1,413;0,6912447214126587;189,11666870117188;161,6378173828125;186;
1,414;0,615220308303833;189,11666870117188;161,6378173828125;186;
1,415;0,6143501400947571;186,17352294921875;200,27687072753906;186;
1,417;0,6911957859992981;186,17352294921875;200,27687072753906;186;
1,418;0,6103675365447998;186,17352294921875;200,27687072753906;186;
1,419;0,6100611686706543;189,4929962158203;179,57611083984375;186;
1,42;0,611237645149231;189,4929962158203;179,57611083984375;186;
1,421;0,6903256773948669;189,4929962158203;179,57611083984375;186;
1,422;0,6143501400947571;190,0884552001953;213,09146118164062;186;
1,423;0,6155266165733337;190,0884552001953;213,09146118164062;186;
1,424;0,6915510892868042;190,0884552001953;213,09146118164062;186;
1,425;0,6103675365447998;190,0884552001953;213,09146118164062;186;
1,426;0,6115440130233765;190,0884552001953;213,09146118164062;186;
1,427;0,6100611686706543;187,39593505859375;163,90757751464844;186;
1,428;0,6912447214126587;187,39593505859375;163,90757751464844;186;
1,429;0,615220308303833;187,39593505859375;163,90757751464844;186;
1,43;0,6143501400947571;189,55648803710938;224,80592346191406;186;
1,432;0,6918084621429443;189,55648803710938;224,80592346191406;186;
1,433;0,6103675365447998;189,55648803710938;224,80592346191406;186;
1,434;0,6100611686706543;189,87831115722656;168,14854431152344;186;
1,435;0,611237645149231;189,87831115722656;168,14854431152344;186;
1,436;0,6140437722206116;189,87831115722656;168,14854431152344;186;
1,438;0,6155266165733337;187,00970458984375;206,57423400878906;186;
1,439;0,6143501400947571;187,00970458984375;206,57423400878906;186;
1,44;0,6103675365447998;187,00970458984375;206,57423400878906;186;
1,441;0,6115440130233765;187,00970458984375;206,57423400878906;186;
1,442;0,6100611686706543;188,8233642578125;173,13682556152344;186;
1,443;0,6903256773948669;188,8233642578125;173,13682556152344;186;
1,444;0,615220308303833;188,8233642578125;173,13682556152344;186;
1,445;0,6143501400947571;189,87831115722656;210,18568420410156;186;
1,447;0,6927275657653809;189,87831115722656;210,18568420410156;186;
1,448;0,6103675365447998;189,87831115722656;210,18568420410156;186;
1,449;0,6100611686706543;188,70481872558594;171,5067138671875;186;
1,45;0,611237645149231;188,70481872558594;171,5067138671875;186;
1,451;0,6912447214126587;188,70481872558594;171,5067138671875;186;
1,452;0,6143501400947571;189,86331176757812;225,52281188964844;186;
1,453;0,6155266165733337;189,86331176757812;225,52281188964844;186;
1,454;0,6906320452690125;189,86331176757812;225,52281188964844;186;
1,455;0,6103675365447998;189,86331176757812;225,52281188964844;186;
1,456;0,6115440130233765;189,86331176757812;225,52281188964844;186;
1,457;0,6100611686706543;189,48179626464844;161,65956115722656;186;
1,458;0,6912447214126587;189,48179626464844;161,65956115722656;186;
1,459;0,615220308303833;189,48179626464844;161,65956115722656;186;
1,46;0,6143501400947571;188,18423461914062;210,99720764160156;186;
1,462;0,6911957859992981;188,18423461914062;210,99720764160156;186;
1,463;0,6103675365447998;188,18423461914062;210,99720764160156;186;
1,464;0,6100611686706543;189,6686248779297;178,11289978027344;186;
1,465;0,611237645149231;189,6686248779297;178,11289978027344;186;
1,466;0,6903256773948669;189,6686248779297;178,11289978027344;186;
1,467;0,6140437722206116;189,6686248779297;178,11289978027344;186;
1,468;0,6155266165733337;189,01632690429688;200,54412841796875;186;
1,469;0,6143501400947571;189,01632690429688;200,54412841796875;186;
1,47;0,6915510892868042;189,01632690429688;200,54412841796875;186;
1,471;0,6115440130233765;189,01632690429688;200,54412841796875;186;
1,472;0,6100611686706543;188,50509643554688;169,76307678222656;186;
1,474;0,6924211978912354;188,50509643554688;169,76307678222656;186;
1,475;0,6143501400947571;190,7065887451172;234,3134002685547;186;
1,477;0,6918084621429443;190,7065887451172;234,3134002685547;186;
1,478;0,6103675365447998;190,7065887451172;234,3134002685547;186;
1,479;0,6100611686706543;189,17991638183594;162,095458984375;186;
1,48;0,611237645149231;189,17991638183594;162,095458984375;186;
1,481;0,6912447214126587;189,17991638183594;162,095458984375;186;
1,482;0,6140437722206116;189,17991638183594;162,095458984375;186;
1,483;0,6155266165733337;186,95880126953125;202,571533203125;186;
1,484;0,6143501400947571;186,95880126953125;202,571533203125;186;
1,485;0,6900193095207214;186,95880126953125;202,571533203125;186;
1,486;0,6115440130233765;186,95880126953125;202,571533203125;186;
1,487;0,6100611686706543;190,1598663330078;182,96484375;186;
1,489;0,615220308303833;190,1598663330078;182,96484375;186;
1,49;0,6143501400947571;189,65365600585938;206,1138458251953;186;
1,492;0,6927275657653809;189,65365600585938;206,1138458251953;186;
1,493;0,6103675365447998;189,65365600585938;206,1138458251953;186;
1,495;0,611237645149231;187,721435546875;165,32757568359375;186;
1,496;0,6912447214126587;187,721435546875;165,32757568359375;186;
1,497;0,6140437722206116;187,721435546875;165,32757568359375;186;
1,498;0,6155266165733337;190,39703369140625;227,9169921875;186;
1,499;0,6143501400947571;190,39703369140625;227,9169921875;186;
1,5;0,6906320452690125;190,39703369140625;227,9169921875;186;
1,501;0,6115440130233765;190,39703369140625;227,9169921875;186;
1,502;0,6100611686706543;190,46865844726562;170,21975708007812;186;
1,504;0,615220308303833;190,46865844726562;170,21975708007812;186;
1,505;0,6140437722206116;190,46865844726562;170,21975708007812;186;
1,506;0,6143501400947571;187,2208251953125;200,1435089111328;186;
1,507;0,6155266165733337;187,2208251953125;200,1435089111328;186;
1,508;0,6103675365447998;187,2208251953125;200,1435089111328;186;
1,51;0,611237645149231;189,12783813476562;174,26614379882812;186;
1,511;0,6903256773948669;189,12783813476562;174,26614379882812;186;
1,512;0,6140437722206116;189,12783813476562;174,26614379882812;186;
1,513;0,6155266165733337;190,6385498046875;217,32864379882812;186;
1,514;0,6143501400947571;190,6385498046875;217,32864379882812;186;
1,515;0,6915510892868042;190,6385498046875;217,32864379882812;186;
1,516;0,6115440130233765;190,6385498046875;217,32864379882812;186;
1,517;0,6100611686706543;188,45339965820312;168,00755310058594;186;
1,519;0,6924211978912354;188,45339965820312;168,00755310058594;186;
1,52;0,6143501400947571;190,04339599609375;222,39402770996094;186;
1,522;0,6155266165733337;190,04339599609375;222,39402770996094;186;
1,523;0,6103675365447998;190,04339599609375;222,39402770996094;186;
1,525;0,611237645149231;190,41964721679688;167,6327362060547;186;
1,526;0,6912447214126587;190,41964721679688;167,6327362060547;186;
1,527;0,6140437722206116;190,41964721679688;167,6327362060547;186;
1,528;0,6155266165733337;188,48663330078125;207,53704833984375;186;
1,529;0,6143501400947571;188,48663330078125;207,53704833984375;186;
1,53;0,6900193095207214;188,48663330078125;207,53704833984375;186;
1,531;0,6115440130233765;188,48663330078125;207,53704833984375;186;
1,532;0,6100611686706543;189,0943603515625;174,26614379882812;186;
1,534;0,6915020942687988;189,0943603515625;174,26614379882812;186;
1,535;0,6140437722206116;189,0943603515625;174,26614379882812;186;
1,536;0,6143501400947571;189,80337524414062;206,68077087402344;186;
1,537;0,6155266165733337;189,80337524414062;206,68077087402344;186;
1,538;0,6103675365447998;189,80337524414062;206,68077087402344;186;
1,54;0,611237645149231;189,47061157226562;172,04666137695312;186;
1,541;0,6912447214126587;189,47061157226562;172,04666137695312;186;
1,542;0,6140437722206116;189,47061157226562;172,04666137695312;186;
1,543;0,6155266165733337;190,8882598876953;233,22251892089844;186;
1,544;0,6143501400947571;190,8882598876953;233,22251892089844;186;
1,545;0,6906320452690125;190,8882598876953;233,22251892089844;186;
1,546;0,6115440130233765;190,8882598876953;233,22251892089844;186;
1,547;0,6100611686706543;189,24691772460938;158,33822631835938;186;
1,549;0,6924211978912354;189,24691772460938;158,33822631835938;186;
1,55;0,6140437722206116;189,24691772460938;158,33822631835938;186;
1,551;0,6143501400947571;187,6591796875;206,00790405273438;186;
1,552;0,6155266165733337;187,6591796875;206,00790405273438;186;
1,553;0,6900193095207214;187,6591796875;206,00790405273438;186;
1,554;0,6103675365447998;187,6591796875;206,00790405273438;186;
1,555;0,611237645149231;189,975830078125;183,6355743408203;186;
1,556;0,6903256773948669;189,975830078125;183,6355743408203;186;
1,557;0,6140437722206116;189,975830078125;183,6355743408203;186;
1,558;0,6155266165733337;189,59384155273438;203,94606018066406;186;
1,559;0,6143501400947571;189,59384155273438;203,94606018066406;186;
1,56;0,6915510892868042;189,59384155273438;203,94606018066406;186;
1,561;0,6115440130233765;189,59384155273438;203,94606018066406;186;
1,562;0,6103675365447998;189,59384155273438;203,94606018066406;186;
1,563;0,6100611686706543;188,25051879882812;165,57803344726562;186;
1,564;0,6924211978912354;188,25051879882812;165,57803344726562;186;
1,565;0,6140437722206116;188,25051879882812;165,57803344726562;186;
1,566;0,6143501400947571;190,99819946289062;236,57261657714844;186;
1,567;0,6155266165733337;190,99819946289062;236,57261657714844;186;
1,568;0,6906320452690125;190,99819946289062;236,57261657714844;186;
1,569;0,6103675365447998;190,99819946289062;236,57261657714844;186;
1,57;0,611237645149231;189,6873321533203;163,88522338867188;186;
1,571;0,6912447214126587;189,6873321533203;163,88522338867188;186;
1,572;0,6140437722206116;189,6873321533203;163,88522338867188;186;
1,573;0,615220308303833;189,6873321533203;163,88522338867188;186;
1,574;0,6143501400947571;186,49118041992188;199,5786895751953;186;
1,576;0,6115440130233765;186,49118041992188;199,5786895751953;186;
1,577;0,6103675365447998;186,49118041992188;199,5786895751953;186;
1,578;0,6100611686706543;189,77716064453125;179,44210815429688;186;
1,579;0,6915020942687988;189,77716064453125;179,44210815429688;186;
1,58;0,6140437722206116;189,77716064453125;179,44210815429688;186;
1,581;0,6143501400947571;190,4648895263672;212,67681884765625;186;
1,582;0,6155266165733337;190,4648895263672;212,67681884765625;186;
1,583;0,6915510892868042;190,4648895263672;212,67681884765625;186;
1,584;0,6103675365447998;190,4648895263672;212,67681884765625;186;
1,585;0,611237645149231;187,73243713378906;165,1005401611328;186;
1,586;0,6100611686706543;187,73243713378906;165,1005401611328;186;
1,587;0,6912447214126587;187,73243713378906;165,1005401611328;186;
1,588;0,6155266165733337;190,1636199951172;229,43931579589844;186;
1,589;0,6143501400947571;190,1636199951172;229,43931579589844;186;
1,59;0,6906320452690125;190,1636199951172;229,43931579589844;186;
1,591;0,6115440130233765;190,1636199951172;229,43931579589844;186;
1,592;0,6103675365447998;190,1636199951172;229,43931579589844;186;
1,593;0,6100611686706543;190,25767517089844;166,15008544921875;186;
1,594;0,6924211978912354;190,25767517089844;166,15008544921875;186;
1,595;0,6140437722206116;190,25767517089844;166,15008544921875;186;
1,596;0,6143501400947571;187,308349609375;204,53590393066406;186;
1,597;0,6155266165733337;187,308349609375;204,53590393066406;186;
1,598;0,6900193095207214;187,308349609375;204,53590393066406;186;
1,599;0,6103675365447998;187,308349609375;204,53590393066406;186;
1,6;0,611237645149231;188,79742431640625;173,46156311035156;186;
1,601;0,6100611686706543;188,79742431640625;173,46156311035156;186;
1,602;0,6903256773948669;188,79742431640625;173,46156311035156;186;
1,603;0,615220308303833;188,79742431640625;173,46156311035156;186;
1,604;0,6143501400947571;189,8258514404297;209,16180419921875;186;
1,606;0,6115440130233765;189,8258514404297;209,16180419921875;186;
1,607;0,6103675365447998;189,8258514404297;209,16180419921875;186;
1,608;0,6100611686706543;188,49032592773438;170,31619262695312;186;
1,609;0,611237645149231;188,49032592773438;170,31619262695312;186;
1,61;0,6140437722206116;188,49032592773438;170,31619262695312;186;
1,611;0,6143501400947571;189,4258270263672;222,5998992919922;186;
1,612;0,6155266165733337;189,4258270263672;222,5998992919922;186;
1,613;0,6906320452690125;189,4258270263672;222,5998992919922;186;
1,614;0,6103675365447998;189,4258270263672;222,5998992919922;186;
1,615;0,611237645149231;189,38851928710938;164,87411499023438;186;
1,616;0,6100611686706543;189,38851928710938;164,87411499023438;186;
1,617;0,6912447214126587;189,38851928710938;164,87411499023438;186;
1,618;0,615220308303833;189,38851928710938;164,87411499023438;186;
1,619;0,6143501400947571;187,56402587890625;209,67250061035156;186;
1,621;0,6911957859992981;187,56402587890625;209,67250061035156;186;
1,622;0,6103675365447998;187,56402587890625;209,67250061035156;186;
1,623;0,6100611686706543;189,20968627929688;177,06362915039062;186;
1,624;0,611237645149231;189,20968627929688;177,06362915039062;186;
1,625;0,6140437722206116;189,20968627929688;177,06362915039062;186;
1,626;0,6143501400947571;188,9160919189453;201,8234100341797;186;
1,627;0,6155266165733337;188,9160919189453;201,8234100341797;186;
1,628;0,6915510892868042;188,9160919189453;201,8234100341797;186;
1,629;0,6103675365447998;188,9160919189453;201,8234100341797;186;
1,63;0,6115440130233765;188,9160919189453;201,8234100341797;186;
1,631;0,6100611686706543;188,49032592773438;170,63043212890625;186;
1,632;0,6912447214126587;188,49032592773438;170,63043212890625;186;
1,633;0,615220308303833;188,49032592773438;170,63043212890625;186;
1,634;0,6143501400947571;190,86553955078125;235,13829040527344;186;
1,636;0,6115440130233765;190,86553955078125;235,13829040527344;186;
1,637;0,6103675365447998;190,86553955078125;235,13829040527344;186;
1,638;0,6100611686706543;189,17247009277344;160,08815002441406;186;
1,639;0,611237645149231;189,17247009277344;160,08815002441406;186;
1,64;0,6140437722206116;189,17247009277344;160,08815002441406;186;
1,642;0,6155266165733337;187,23541259765625;202,84495544433594;186;
1,643;0,6143501400947571;187,23541259765625;202,84495544433594;186;
1,644;0,6900193095207214;187,23541259765625;202,84495544433594;186;
1,645;0,611237645149231;189,93455505371094;183,21580505371094;186;
1,646;0,6100611686706543;189,93455505371094;183,21580505371094;186;
1,647;0,6903256773948669;189,93455505371094;183,21580505371094;186;
1,648;0,615220308303833;189,93455505371094;183,21580505371094;186;
1,649;0,6143501400947571;189,5826416015625;206,29067993164062;186;
1,651;0,6927275657653809;189,5826416015625;206,29067993164062;186;
1,652;0,6103675365447998;189,5826416015625;206,29067993164062;186;
1,653;0,6100611686706543;187,40322875976562;162,90814208984375;186;
1,654;0,611237645149231;187,40322875976562;162,90814208984375;186;
1,655;0,6912447214126587;187,40322875976562;162,90814208984375;186;
1,656;0,6143501400947571;190,14483642578125;230,4508514404297;186;
1,657;0,6155266165733337;190,14483642578125;230,4508514404297;186;
1,658;0,6143501400947571;190,14483642578125;230,4508514404297;186;
1,659;0,6103675365447998;190,14483642578125;230,4508514404297;186;
1,66;0,6115440130233765;190,14483642578125;230,4508514404297;186;
1,661;0,6100611686706543;189,6686248779297;167,609375;186;
1,662;0,6912447214126587;189,6686248779297;167,609375;186;
1,663;0,615220308303833;189,6686248779297;167,609375;186;
1,664;0,6143501400947571;186,48394775390625;201,08079528808594;186;
1,666;0,6911957859992981;186,48394775390625;201,08079528808594;186;
1,667;0,6103675365447998;186,48394775390625;201,08079528808594;186;
1,668;0,6100611686706543;188,93093872070312;175,7179412841797;186;
1,669;0,611237645149231;188,93093872070312;175,7179412841797;186;
1,67;0,6903256773948669;188,93093872070312;175,7179412841797;186;
1,671;0,6140437722206116;188,93093872070312;175,7179412841797;186;
1,672;0,6155266165733337;189,83334350585938;211,4796905517578;186;
1,673;0,6143501400947571;189,83334350585938;211,4796905517578;186;
1,674;0,6103675365447998;189,83334350585938;211,4796905517578;186;
1,675;0,6115440130233765;189,83334350585938;211,4796905517578;186;
1,676;0,6100611686706543;187,53111267089844;167,3527374267578;186;
1,678;0,615220308303833;187,53111267089844;167,3527374267578;186;
1,679;0,6143501400947571;189,22457885742188;223,9266357421875;186;
1,681;0,6918084621429443;189,22457885742188;223,9266357421875;186;
1,682;0,6103675365447998;189,22457885742188;223,9266357421875;186;
1,683;0,6100611686706543;189,7359619140625;165,98951721191406;186;
1,684;0,611237645149231;189,7359619140625;165,98951721191406;186;
1,685;0,6912447214126587;189,7359619140625;165,98951721191406;186;
1,686;0,6140437722206116;189,7359619140625;165,98951721191406;186;
1,687;0,6155266165733337;187,673828125;208,21995544433594;186;
1,688;0,6143501400947571;187,673828125;208,21995544433594;186;
1,689;0,6900193095207214;187,673828125;208,21995544433594;186;
1,69;0,6115440130233765;187,673828125;208,21995544433594;186;
1,691;0,6100611686706543;188,7603759765625;174,79820251464844;186;
1,693;0,615220308303833;188,7603759765625;174,79820251464844;186;
1,694;0,6143501400947571;188,771484375;201,18174743652344;186;
1,696;0,6155266165733337;188,771484375;201,18174743652344;186;
1,697;0,6103675365447998;188,771484375;201,18174743652344;186;
1,699;0,611237645149231;188,26895141601562;172,293212890625;186;
1,7;0,6912447214126587;188,26895141601562;172,293212890625;186;
1,701;0,6140437722206116;188,26895141601562;172,293212890625;186;
1,702;0,6155266165733337;190,15234375;232,14173889160156;186;
1,703;0,6143501400947571;190,15234375;232,14173889160156;186;
1,704;0,6906320452690125;190,15234375;232,14173889160156;186;
1,705;0,6115440130233765;190,15234375;232,14173889160156;186;
1,706;0,6100611686706543;188,85302734375;159,6205596923828;186;
1,708;0,615220308303833;188,85302734375;159,6205596923828;186;
1,709;0,6140437722206116;188,85302734375;159,6205596923828;186;
1,71;0,6143501400947571;187,30104064941406;207,6087188720703;186;
1,711;0,6155266165733337;187,30104064941406;207,6087188720703;186;
1,712;0,6900193095207214;187,30104064941406;207,6087188720703;186;
1,713;0,6100611686706543;189,77340698242188;182,88136291503906;186;
1,714;0,611237645149231;189,77340698242188;182,88136291503906;186;
1,715;0,6903256773948669;189,77340698242188;182,88136291503906;186;
1,716;0,6140437722206116;189,77340698242188;182,88136291503906;186;
1,717;0,6155266165733337;188,99032592773438;200,91278076171875;186;
1,718;0,6143501400947571;188,99032592773438;200,91278076171875;186;
1,719;0,6915510892868042;188,99032592773438;200,91278076171875;186;
1,72;0,6115440130233765;188,99032592773438;200,91278076171875;186;
1,721;0,6100611686706543;187,73243713378906;166,54136657714844;186;
1,723;0,6924211978912354;187,73243713378906;166,54136657714844;186;
1,724;0,6143501400947571;190,68768310546875;232,00733947753906;186;
1,726;0,6155266165733337;190,68768310546875;232,00733947753906;186;
1,727;0,6103675365447998;190,68768310546875;232,00733947753906;186;
1,729;0,611237645149231;189,6312255859375;165,62364196777344;186;
1,73;0,6912447214126587;189,6312255859375;165,62364196777344;186;
1,731;0,6140437722206116;189,6312255859375;165,62364196777344;186;
1,732;0,6155266165733337;186,54544067382812;199,77767944335938;186;
1,733;0,6143501400947571;186,54544067382812;199,77767944335938;186;
1,735;0,6115440130233765;186,54544067382812;199,77767944335938;186;
1,736;0,6100611686706543;189,5415496826172;178,9879608154297;186;
1,738;0,6915020942687988;189,5415496826172;178,9879608154297;186;
1,739;0,6140437722206116;189,5415496826172;178,9879608154297;186;
1,74;0,6143501400947571;190,28024291992188;214,919921875;186;
1,741;0,6155266165733337;190,28024291992188;214,919921875;186;
1,742;0,6103675365447998;190,28024291992188;214,919921875;186;
1,744;0,611237645149231;187,4178466796875;163,66213989257812;186;
1,745;0,6100611686706543;187,4178466796875;163,66213989257812;186;
1,746;0,6140437722206116;187,4178466796875;163,66213989257812;186;
1,747;0,6155266165733337;190,06967163085938;228,21983337402344;186;
1,748;0,6143501400947571;190,06967163085938;228,21983337402344;186;
1,749;0,6906320452690125;190,06967163085938;228,21983337402344;186;
1,75;0,6115440130233765;190,06967163085938;228,21983337402344;186;
1,751;0,6100611686706543;190,30661010742188;168,00755310058594;186;
1,753;0,6924211978912354;190,30661010742188;168,00755310058594;186;
1,754;0,6140437722206116;190,30661010742188;168,00755310058594;186;
1,755;0,6143501400947571;187,670166015625;204,04991149902344;186;
1,756;0,6155266165733337;187,670166015625;204,04991149902344;186;
1,757;0,6900193095207214;187,670166015625;204,04991149902344;186;
1,758;0,6103675365447998;187,670166015625;204,04991149902344;186;
1,759;0,611237645149231;189,02748107910156;174,46844482421875;186;
1,76;0,6100611686706543;189,02748107910156;174,46844482421875;186;
1,761;0,6140437722206116;189,02748107910156;174,46844482421875;186;
1,762;0,6155266165733337;189,79962158203125;206,89418029785156;186;
1,763;0,6143501400947571;189,79962158203125;206,89418029785156;186;
1,765;0,6115440130233765;189,79962158203125;206,89418029785156;186;
1,766;0,6103675365447998;189,79962158203125;206,89418029785156;186;
1,767;0,6100611686706543;189,01632690429688;173,5617218017578;186;
1,768;0,6924211978912354;189,01632690429688;173,5617218017578;186;
1,769;0,6140437722206116;189,01632690429688;173,5617218017578;186;
1,77;0,6143501400947571;190,03964233398438;225,98910522460938;186;
1,771;0,6155266165733337;190,03964233398438;225,98910522460938;186;
1,772;0,6906320452690125;190,03964233398438;225,98910522460938;186;
1,773;0,6103675365447998;190,03964233398438;225,98910522460938;186;
1,774;0,611237645149231;189,6461944580078;161,35580444335938;186;
1,775;0,6100611686706543;189,6461944580078;161,35580444335938;186;
1,776;0,6140437722206116;189,6461944580078;161,35580444335938;186;
1,777;0,615220308303833;189,6461944580078;161,35580444335938;186;
1,778;0,6143501400947571;187,86077880859375;209,08905029296875;186;
1,78;0,6911957859992981;187,86077880859375;209,08905029296875;186;
1,781;0,6103675365447998;187,86077880859375;209,08905029296875;186;
1,782;0,6100611686706543;189,75469970703125;180,9273223876953;186;
1,783;0,6915020942687988;189,75469970703125;180,9273223876953;186;
1,784;0,6140437722206116;189,75469970703125;180,9273223876953;186;
1,785;0,6143501400947571;189,06463623046875;197,8380889892578;186;
1,786;0,6155266165733337;189,06463623046875;197,8380889892578;186;
1,787;0,6915510892868042;189,06463623046875;197,8380889892578;186;
1,788;0,6103675365447998;189,06463623046875;197,8380889892578;186;
1,789;0,609472930431366;188,7603759765625;172,41676330566406;186;
1,79;0,6100611686706543;188,7603759765625;172,41676330566406;186;
1,791;0,6912447214126587;188,7603759765625;172,41676330566406;186;
1,792;0,6178795099258423;191,37062072753906;235,0004119873047;186;
1,793;0,6143501400947571;191,37062072753906;235,0004119873047;186;
1,794;0,6906320452690125;191,37062072753906;235,0004119873047;186;
1,795;0,6115440130233765;191,37062072753906;235,0004119873047;186;
1,796;0,6103675365447998;191,37062072753906;235,0004119873047;186;
1,797;0,6100611686706543;189,101806640625;159,6629638671875;186;
1,798;0,6924211978912354;189,101806640625;159,6629638671875;186;
1,799;0,6140437722206116;189,101806640625;159,6629638671875;186;
1,8;0,6143501400947571;186,8643798828125;202,7765350341797;186;
1,801;0,6155266165733337;186,8643798828125;202,7765350341797;186;
1,802;0,6143501400947571;186,8643798828125;202,7765350341797;186;
1,803;0,6103675365447998;186,8643798828125;202,7765350341797;186;
1,804;0,611237645149231;189,69107055664062;179,87164306640625;186;
1,805;0,6100611686706543;189,69107055664062;179,87164306640625;186;
1,806;0,6903256773948669;189,69107055664062;179,87164306640625;186;
1,807;0,615220308303833;189,69107055664062;179,87164306640625;186;
1,808;0,6143501400947571;190,0246124267578;212,3762664794922;186;
1,81;0,6115440130233765;190,0246124267578;212,3762664794922;186;
1,811;0,6103675365447998;190,0246124267578;212,3762664794922;186;
1,812;0,6100611686706543;187,48724365234375;164,01937866210938;186;
1,813;0,611237645149231;187,48724365234375;164,01937866210938;186;
1,814;0,6140437722206116;187,48724365234375;164,01937866210938;186;
1,815;0,6143501400947571;190,78981018066406;231,69436645507812;186;
1,816;0,6155266165733337;190,78981018066406;231,69436645507812;186;
1,817;0,6906320452690125;190,78981018066406;231,69436645507812;186;
1,818;0,6103675365447998;190,78981018066406;231,69436645507812;186;
1,819;0,611237645149231;189,9195556640625;166,8881378173828;186;
1,82;0,6100611686706543;189,9195556640625;166,8881378173828;186;
1,821;0,6912447214126587;189,9195556640625;166,8881378173828;186;
1,822;0,615220308303833;189,9195556640625;166,8881378173828;186;
1,823;0,6143501400947571;186,9915313720703;203,46286010742188;186;
1,825;0,6911957859992981;186,9915313720703;203,46286010742188;186;
1,826;0,6103675365447998;186,9915313720703;203,46286010742188;186;
1,827;0,6100611686706543;189,6761016845703;176,7512664794922;186;
1,828;0,611237645149231;189,6761016845703;176,7512664794922;186;
1,829;0,6140437722206116;189,6761016845703;176,7512664794922;186;
1,83;0,6143501400947571;190,51394653320312;210,70138549804688;186;
1,831;0,6155266165733337;190,51394653320312;210,70138549804688;186;
1,832;0,6915510892868042;190,51394653320312;210,70138549804688;186;
1,833;0,6103675365447998;190,51394653320312;210,70138549804688;186;
1,834;0,6115440130233765;190,51394653320312;210,70138549804688;186;
1,835;0,6100611686706543;188,71963500976562;167,8199462890625;186;
1,836;0,6912447214126587;188,71963500976562;167,8199462890625;186;
1,837;0,615220308303833;188,71963500976562;167,8199462890625;186;
1,838;0,6143501400947571;190,18618774414062;228,21983337402344;186;
1,84;0,6918084621429443;190,18618774414062;228,21983337402344;186;
1,841;0,6103675365447998;190,18618774414062;228,21983337402344;186;
1,842;0,6100611686706543;190,3404998779297;164,94198608398438;186;
1,843;0,611237645149231;190,3404998779297;164,94198608398438;186;
1,844;0,6140437722206116;190,3404998779297;164,94198608398438;186;
1,845;0,6143501400947571;188,1400604248047;208,00381469726562;186;
1,846;0,6155266165733337;188,1400604248047;208,00381469726562;186;
1,847;0,6143501400947571;188,1400604248047;208,00381469726562;186;
1,848;0,6103675365447998;188,1400604248047;208,00381469726562;186;
1,849;0,611237645149231;189,893310546875;178,58914184570312;186;
1,85;0,6100611686706543;189,893310546875;178,58914184570312;186;
1,851;0,6903256773948669;189,893310546875;178,58914184570312;186;
1,852;0,615220308303833;189,893310546875;178,58914184570312;186;
1,853;0,6143501400947571;189,6274871826172;201,04718017578125;186;
1,855;0,6927275657653809;189,6274871826172;201,04718017578125;186;
1,856;0,6103675365447998;189,6274871826172;201,04718017578125;186;
1,857;0,6100611686706543;189,034912109375;172,7139892578125;186;
1,858;0,611237645149231;189,034912109375;172,7139892578125;186;
1,859;0,6912447214126587;189,034912109375;172,7139892578125;186;
1,86;0,6143501400947571;191,21844482421875;234,5877227783203;186;
1,861;0,6155266165733337;191,21844482421875;234,5877227783203;186;
1,862;0,6906320452690125;191,21844482421875;234,5877227783203;186;
1,863;0,6103675365447998;191,21844482421875;234,5877227783203;186;
1,864;0,6115440130233765;191,21844482421875;234,5877227783203;186;
1,865;0,6100611686706543;189,44447326660156;157,46719360351562;186;
1,866;0,6912447214126587;189,44447326660156;157,46719360351562;186;
1,867;0,615220308303833;189,44447326660156;157,46719360351562;186;
1,868;0,6143501400947571;187,61158752441406;208,58120727539062;186;
1,87;0,6911957859992981;187,61158752441406;208,58120727539062;186;
1,871;0,6103675365447998;187,61158752441406;208,58120727539062;186;
1,872;0,6100611686706543;190,4950714111328;184,59420776367188;186;
1,873;0,611237645149231;190,4950714111328;184,59420776367188;186;
1,874;0,6903256773948669;190,4950714111328;184,59420776367188;186;
1,875;0,6140437722206116;190,4950714111328;184,59420776367188;186;
1,876;0,6155266165733337;189,77716064453125;201,35020446777344;186;
1,877;0,6143501400947571;189,77716064453125;201,35020446777344;186;
1,878;0,6103675365447998;189,77716064453125;201,35020446777344;186;
1,879;0,6115440130233765;189,77716064453125;201,35020446777344;186;
1,88;0,6100611686706543;187,87911987304688;165,9665985107422;186;
1,882;0,615220308303833;187,87911987304688;165,9665985107422;186;
1,883;0,6143501400947571;191,0930633544922;234,8626708984375;186;
1,885;0,6918084621429443;191,0930633544922;234,8626708984375;186;
1,886;0,6103675365447998;191,0930633544922;234,8626708984375;186;
1,887;0,6100611686706543;189,91580200195312;165,30484008789062;186;
1,888;0,611237645149231;189,91580200195312;165,30484008789062;186;
1,889;0,6912447214126587;189,91580200195312;165,30484008789062;186;
1,89;0,6140437722206116;189,91580200195312;165,30484008789062;186;
1,891;0,6155266165733337;186,53819274902344;198,98411560058594;186;
1,892;0,6143501400947571;186,53819274902344;198,98411560058594;186;
1,893;0,6900193095207214;186,53819274902344;198,98411560058594;186;
1,894;0,6115440130233765;186,53819274902344;198,98411560058594;186;
1,895;0,6100611686706543;189,893310546875;178,80162048339844;186;
1,897;0,615220308303833;189,893310546875;178,80162048339844;186;
1,898;0,6143501400947571;190,48751831054688;214,45986938476562;186;
1,9;0,6927275657653809;190,48751831054688;214,45986938476562;186;
1,901;0,6103675365447998;190,48751831054688;214,45986938476562;186;
1,902;0,6100611686706543;187,38131713867188;163,57305908203125;186;
1,903;0,611237645149231;187,38131713867188;163,57305908203125;186;
1,904;0,6912447214126587;187,38131713867188;163,57305908203125;186;
1,905;0,6140437722206116;187,38131713867188;163,57305908203125;186;
1,906;0,6155266165733337;189,9608154296875;227,960205078125;186;
1,907;0,6143501400947571;189,9608154296875;227,960205078125;186;
1,908;0,6103675365447998;189,9608154296875;227,960205078125;186;
1,909;0,6115440130233765;189,9608154296875;227,960205078125;186;
1,91;0,6100611686706543;190,2840118408203;167,9606170654297;186;
1,911;0,6912447214126587;190,2840118408203;167,9606170654297;186;
1,912;0,615220308303833;190,2840118408203;167,9606170654297;186;
1,913;0,6143501400947571;187,61158752441406;205,9020538330078;186;
1,915;0,6155266165733337;187,61158752441406;205,9020538330078;186;
1,916;0,6103675365447998;187,61158752441406;205,9020538330078;186;
1,917;0,6100611686706543;189,01632690429688;174,44313049316406;186;
1,918;0,611237645149231;189,01632690429688;174,44313049316406;186;
1,919;0,6903256773948669;189,01632690429688;174,44313049316406;186;
1,92;0,6140437722206116;189,01632690429688;174,44313049316406;186;
1,921;0,6155266165733337;189,7696533203125;205,86679077148438;186;
1,922;0,6143501400947571;189,7696533203125;205,86679077148438;186;
1,923;0,6915510892868042;189,7696533203125;205,86679077148438;186;
1,924;0,6115440130233765;189,7696533203125;205,86679077148438;186;
1,925;0,6100611686706543;188,79742431640625;172,1205596923828;186;
1,927;0,6924211978912354;188,79742431640625;172,1205596923828;186;
1,928;0,6143501400947571;189,59759521484375;223,0128173828125;186;
1,93;0,6918084621429443;189,59759521484375;223,0128173828125;186;
1,931;0,6103675365447998;189,59759521484375;223,0128173828125;186;
1,933;0,611237645149231;189,3214111328125;161,942626953125;186;
1,934;0,6912447214126587;189,3214111328125;161,942626953125;186;
1,935;0,6140437722206116;189,3214111328125;161,942626953125;186;
1,936;0,6155266165733337;187,84976196289062;211,96438598632812;186;
1,937;0,6143501400947571;187,84976196289062;211,96438598632812;186;
1,938;0,6900193095207214;187,84976196289062;211,96438598632812;186;
1,939;0,6115440130233765;187,84976196289062;211,96438598632812;186;
1,94;0,6100611686706543;189,38107299804688;178,2713623046875;186;
1,942;0,6915020942687988;189,38107299804688;178,2713623046875;186;
1,943;0,6140437722206116;189,38107299804688;178,2713623046875;186;
1,944;0,6143501400947571;188,64190673828125;199,11593627929688;186;
1,945;0,6155266165733337;188,64190673828125;199,11593627929688;186;
1,946;0,6103675365447998;188,64190673828125;199,11593627929688;186;
1,948;0,611237645149231;188,15846252441406;171,1892547607422;186;
1,949;0,6100611686706543;188,15846252441406;171,1892547607422;186;
1,95;0,6140437722206116;188,15846252441406;171,1892547607422;186;
1,951;0,6155266165733337;191,35919189453125;241,17593383789062;186;
1,952;0,6143501400947571;191,35919189453125;241,17593383789062;186;
1,953;0,6906320452690125;191,35919189453125;241,17593383789062;186;
1,954;0,6115440130233765;191,35919189453125;241,17593383789062;186;
1,955;0,6100611686706543;188,79742431640625;156,8099822998047;186;
1,957;0,6924211978912354;188,79742431640625;156,8099822998047;186;
1,958;0,6140437722206116;188,79742431640625;156,8099822998047;186;
1,959;0,6143501400947571;186,86074829101562;203,11912536621094;186;
1,96;0,6155266165733337;186,86074829101562;203,11912536621094;186;
1,961;0,6900193095207214;186,86074829101562;203,11912536621094;186;
1,962;0,6103675365447998;186,86074829101562;203,11912536621094;186;
1,963;0,611237645149231;189,74720764160156;181,0363006591797;186;
1,964;0,6100611686706543;189,74720764160156;181,0363006591797;186;
1,965;0,6140437722206116;189,74720764160156;181,0363006591797;186;
1,966;0,6155266165733337;189,60133361816406;210,5169219970703;186;
1,967;0,6143501400947571;189,60133361816406;210,5169219970703;186;
1,968;0,6915510892868042;189,60133361816406;210,5169219970703;186;
1,969;0,6115440130233765;189,60133361816406;210,5169219970703;186;
1,97;0,6103675365447998;189,60133361816406;210,5169219970703;186;
1,971;0,6100611686706543;187,31198120117188;163,26210021972656;186;
1,972;0,7541859149932861;187,31198120117188;163,26210021972656;186;
1,973;0,6140437722206116;187,31198120117188;163,26210021972656;186;
1,974;0,6143501400947571;190,15609741210938;228,1332244873047;186;
1,975;0,6155266165733337;190,15609741210938;228,1332244873047;186;
1,976;0,6906320452690125;190,15609741210938;228,1332244873047;186;
1,977;0,6103675365447998;190,15609741210938;228,1332244873047;186;
1,978;0,611237645149231;189,83334350585938;169,11831665039062;186;
1,979;0,6100611686706543;189,83334350585938;169,11831665039062;186;
1,98;0,6140437722206116;189,83334350585938;169,11831665039062;186;
1,981;0,6155266165733337;189,83334350585938;202,09481811523438;186;
1,982;0,6143501400947571;186,28890991210938;202,09481811523438;186;
1,984;0,6115440130233765;186,28890991210938;202,09481811523438;186;
1,985;0,6103675365447998;186,28890991210938;202,09481811523438;186;
1,986;0,6100611686706543;189,22457885742188;175,10369873046875;186;
1,987;0,6915020942687988;189,22457885742188;175,10369873046875;186;
1,988;0,6140437722206116;189,22457885742188;175,10369873046875;186;
1,989;0,6143501400947571;190,15609741210938;212,03916931152344;186;
1,99;0,6155266165733337;190,15609741210938;212,03916931152344;186;
1,991;0,6915510892868042;190,15609741210938;212,03916931152344;186;
1,992;0,6103675365447998;190,15609741210938;212,03916931152344;186;
1,993;0,611237645149231;188,29844665527344;168,38404846191406;186;
1,994;0,6100611686706543;188,29844665527344;168,38404846191406;186;
1,995;0,6912447214126587;188,29844665527344;168,38404846191406;186;
1,996;0,6155266165733337;189,59384155273438;224,2189483642578;186;
1,997;0,6143501400947571;189,59384155273438;224,2189483642578;186;
1,998;0,6906320452690125;189,59384155273438;224,2189483642578;186;
1,999;0,6115440130233765;189,59384155273438;224,2189483642578;186;
2;0,6103675365447998;189,59384155273438;224,2189483642578;186;
2,001;0,6100611686706543;189,9195556640625;165,21397399902344;186;
2,002;0,6924211978912354;189,9195556640625;165,21397399902344;186;
2,003;0,6140437722206116;189,9195556640625;165,21397399902344;186;
2,004;0,6143501400947571;188,0591278076172;208,3282012939453;186;
2,005;0,6155266165733337;188,0591278076172;208,3282012939453;186;
2,006;0,6900193095207214;188,0591278076172;208,3282012939453;186;
2,007;0,6103675365447998;188,0591278076172;208,3282012939453;186;
2,008;0,611237645149231;189,26925659179688;177,2725067138672;186;
2,009;0,6100611686706543;189,26925659179688;177,2725067138672;186;
2,01;0,6903256773948669;189,26925659179688;177,2725067138672;186;
2,011;0,615220308303833;189,26925659179688;177,2725067138672;186;
2,012;0,6143501400947571;189,17247009277344;201,2154083251953;186;
2,014;0,6115440130233765;189,17247009277344;201,2154083251953;186;
2,015;0,6103675365447998;189,17247009277344;201,2154083251953;186;
2,016;0,6100611686706543;188,9346466064453;173,48660278320312;186;
2,017;0,611237645149231;188,9346466064453;173,48660278320312;186;
2,018;0,6140437722206116;188,9346466064453;173,48660278320312;186;
2,019;0,6143501400947571;190,77845764160156;232,1865692138672;186;
2,02;0,6155266165733337;190,77845764160156;232,1865692138672;186;
2,021;0,6906320452690125;190,77845764160156;232,1865692138672;186;
2,022;0,6103675365447998;190,77845764160156;232,1865692138672;186;
2,023;0,611237645149231;188,97918701171875;157,7771759033203;186;
2,024;0,6100611686706543;188,97918701171875;157,7771759033203;186;
2,025;0,6912447214126587;188,97918701171875;157,7771759033203;186;
2,026;0,615220308303833;188,97918701171875;157,7771759033203;186;
2,027;0,6143501400947571;187,3995819091797;207,6087188720703;186;
2,029;0,6911957859992981;187,3995819091797;207,6087188720703;186;
2,03;0,6103675365447998;187,3995819091797;207,6087188720703;186;
2,031;0,6100611686706543;189,41836547851562;178,6422119140625;186;
2,032;0,611237645149231;189,41836547851562;178,6422119140625;186;
2,033;0,6140437722206116;189,41836547851562;178,6422119140625;186;
2,034;0,6143501400947571;189,24691772460938;206,68077087402344;186;
2,035;0,6155266165733337;189,24691772460938;206,68077087402344;186;
2,036;0,6915510892868042;189,24691772460938;206,68077087402344;186;
2,037;0,6103675365447998;189,24691772460938;206,68077087402344;186;
2,038;0,6115440130233765;189,24691772460938;206,68077087402344;186;
2,039;0,6100611686706543;187,5530548095703;166,0353546142578;186;
2,04;0,6912447214126587;187,5530548095703;166,0353546142578;186;
2,041;0,615220308303833;187,5530548095703;166,0353546142578;186;
2,042;0,6143501400947571;191,02854919433594;238,44943237304688;186;
2,044;0,6918084621429443;191,02854919433594;238,44943237304688;186;
2,045;0,6103675365447998;191,02854919433594;238,44943237304688;186;
2,046;0,6100611686706543;189,32887268066406;162,86399841308594;186;
2,047;0,6924211978912354;189,32887268066406;162,86399841308594;186;
2,048;0,6140437722206116;189,32887268066406;162,86399841308594;186;
2,05;0,6155266165733337;186,09786987304688;198,39308166503906;186;
2,051;0,6143501400947571;186,09786987304688;198,39308166503906;186;
2,052;0,6900193095207214;186,09786987304688;198,39308166503906;186;
2,053;0,6115440130233765;186,09786987304688;198,39308166503906;186;
2,054;0,6100611686706543;189,59384155273438;180,33029174804688;186;
2,055;0,6903256773948669;189,59384155273438;180,33029174804688;186;
2,056;0,615220308303833;189,59384155273438;180,33029174804688;186;
2,057;0,6143501400947571;190,04339599609375;212,00177001953125;186;
2,059;0,6927275657653809;190,04339599609375;212,00177001953125;186;
2,06;0,6103675365447998;190,04339599609375;212,00177001953125;186;
2,061;0,6100611686706543;187,84976196289062;164,22100830078125;186;
2,062;0,611237645149231;187,84976196289062;164,22100830078125;186;
2,063;0,6912447214126587;187,84976196289062;164,22100830078125;186;
2,064;0,6143501400947571;189,74346923828125;226,58538818359375;186;
2,065;0,6155266165733337;189,74346923828125;226,58538818359375;186;
2,066;0,6143501400947571;189,74346923828125;226,58538818359375;186;
2,067;0,6103675365447998;189,74346923828125;226,58538818359375;186;
2,068;0,6115440130233765;189,74346923828125;226,58538818359375;186;
2,069;0,6100611686706543;190,1110076904297;168,31332397460938;186;
2,07;0,6912447214126587;190,1110076904297;168,31332397460938;186;
2,071;0,615220308303833;190,1110076904297;168,31332397460938;186;
2,072;0,6143501400947571;187,10427856445312;205,33938598632812;186;
2,074;0,6911957859992981;187,10427856445312;205,33938598632812;186;
2,075;0,6103675365447998;187,10427856445312;205,33938598632812;186;
2,076;0,6100611686706543;188,72703552246094;173,2366180419922;186;
2,077;0,611237645149231;188,72703552246094;173,2366180419922;186;
2,078;0,6903256773948669;188,72703552246094;173,2366180419922;186;
2,079;0,6140437722206116;188,72703552246094;173,2366180419922;186;
2,08;0,6155266165733337;189,93080139160156;209,56285095214844;186;
2,081;0,6143501400947571;189,93080139160156;209,56285095214844;186;
2,082;0,6915510892868042;189,93080139160156;209,56285095214844;186;
2,083;0,6115440130233765;189,93080139160156;209,56285095214844;186;
2,084;0,6100611686706543;188,660400390625;171,5556640625;186;
2,086;0,615220308303833;188,660400390625;171,5556640625;186;
2,087;0,6143501400947571;190,1072540283203;227,57183837890625;186;
2,089;0,6918084621429443;190,1072540283203;227,57183837890625;186;
2,09;0,6103675365447998;190,1072540283203;227,57183837890625;186;
2,091;0,6100611686706543;189,6761016845703;161,68128967285156;186;
2,092;0,611237645149231;189,6761016845703;161,68128967285156;186;
2,093;0,6912447214126587;189,6761016845703;161,68128967285156;186;
2,094;0,6140437722206116;189,6761016845703;161,68128967285156;186;
2,095;0,6155266165733337;188,103271484375;209,81884765625;186;
2,096;0,6143501400947571;188,103271484375;209,81884765625;186;
2,097;0,6900193095207214;188,103271484375;209,81884765625;186;
2,098;0,6115440130233765;188,103271484375;209,81884765625;186;
2,099;0,6100611686706543;189,7696533203125;179,60293579101562;186;
2,1;0,6903256773948669;189,7696533203125;179,60293579101562;186;
2,101;0,615220308303833;189,7696533203125;179,60293579101562;186;
2,102;0,6143501400947571;189,18734741210938;200,0103302001953;186;
2,104;0,6927275657653809;189,18734741210938;200,0103302001953;186;
2,105;0,6127204895019531;189,18734741210938;200,0103302001953;186;
2,106;0,6103675365447998;189,18734741210938;200,0103302001953;186;
2,107;0,611237645149231;188,97177124023438;171,80081176757812;186;
2,108;0,7424212098121643;188,97177124023438;171,80081176757812;186;
2,109;0,6140437722206116;188,97177124023438;171,80081176757812;186;
2,11;0,6155266165733337;191,21844482421875;233,94863891601562;186;
2,111;0,6143501400947571;191,21844482421875;233,94863891601562;186;
2,112;0,6103675365447998;191,21844482421875;233,94863891601562;186;
2,113;0,6115440130233765;191,21844482421875;233,94863891601562;186;
2,114;0,6100611686706543;189,4146270751953;160,5799560546875;186;
2,116;0,615220308303833;189,4146270751953;160,5799560546875;186;
2,117;0,6140437722206116;189,4146270751953;160,5799560546875;186;
2,118;0,6143501400947571;186,99514770507812;202,40101623535156;186;
2,119;0,6155266165733337;186,99514770507812;202,40101623535156;186;
2,12;0,6900193095207214;186,99514770507812;202,40101623535156;186;
2,121;0,6100611686706543;190,27272033691406;183,55145263671875;186;
2,122;0,611237645149231;190,27272033691406;183,55145263671875;186;
2,123;0,6903256773948669;190,27272033691406;183,55145263671875;186;
2,124;0,6140437722206116;190,27272033691406;183,55145263671875;186;
2,125;0,6155266165733337;190,0884552001953;208,03981018066406;186;
2,126;0,6143501400947571;190,0884552001953;208,03981018066406;186;
2,127;0,6915510892868042;190,0884552001953;208,03981018066406;186;
2,128;0,6115440130233765;190,0884552001953;208,03981018066406;186;
2,129;0,6100611686706543;187,77276611328125;164,288330078125;186;
2,131;0,6924211978912354;187,77276611328125;164,288330078125;186;
2,132;0,6143501400947571;190,6121063232422;229,08956909179688;186;
2,134;0,6918084621429443;190,6121063232422;229,08956909179688;186;
2,135;0,6103675365447998;190,6121063232422;229,08956909179688;186;
2,137;0,611237645149231;190,06967163085938;168,33689880371094;186;
2,138;0,6912447214126587;190,06967163085938;168,33689880371094;186;
2,139;0,6140437722206116;190,06967163085938;168,33689880371094;186;
2,14;0,6155266165733337;186,907958984375;200,54412841796875;186;
2,141;0,6143501400947571;186,907958984375;200,54412841796875;186;
2,142;0,6900193095207214;186,907958984375;200,54412841796875;186;
2,143;0,6115440130233765;186,907958984375;200,54412841796875;186;
2,144;0,6100611686706543;189,96832275390625;180,5740509033203;186;
2,146;0,6915020942687988;189,96832275390625;180,5740509033203;186;
2,147;0,6140437722206116;189,96832275390625;180,5740509033203;186;
2,148;0,6143501400947571;190,68389892578125;209,08905029296875;186;
2,149;0,6927275657653809;190,68389892578125;209,08905029296875;186;
2,15;0,6103675365447998;190,68389892578125;209,08905029296875;186;
2,152;0,611237645149231;188,44601440429688;168,17205810546875;186;
2,153;0,6912447214126587;188,44601440429688;168,17205810546875;186;
2,154;0,6140437722206116;188,44601440429688;168,17205810546875;186;
2,155;0,6155266165733337;190,48374938964844;229,74623107910156;186;
2,156;0,6143501400947571;190,48374938964844;229,74623107910156;186;
2,157;0,6906320452690125;190,48374938964844;229,74623107910156;186;
2,158;0,6115440130233765;190,48374938964844;229,74623107910156;186;
2,159;0,6100611686706543;190,19747924804688;162,5996856689453;186;
2,161;0,6924211978912354;190,19747924804688;162,5996856689453;186;
2,162;0,6140437722206116;190,19747924804688;162,5996856689453;186;
2,163;0,6143501400947571;188,4940185546875;210,73831176757812;186;
2,164;0,6155266165733337;188,4940185546875;210,73831176757812;186;
2,165;0,6900193095207214;188,4940185546875;210,73831176757812;186;
2,166;0,6103675365447998;188,4940185546875;210,73831176757812;186;
2,167;0,611237645149231;189,1910858154297;172,88784790039062;186;
2,168;0,6903256773948669;189,1910858154297;172,88784790039062;186;
2,169;0,6140437722206116;189,1910858154297;172,88784790039062;186;
2,17;0,6155266165733337;189,81085205078125;206,2552947998047;186;
2,171;0,6143501400947571;189,81085205078125;206,2552947998047;186;
2,172;0,6915510892868042;189,81085205078125;206,2552947998047;186;
2,173;0,6115440130233765;189,81085205078125;206,2552947998047;186;
2,174;0,6100611686706543;188,89382934570312;174,13992309570312;186;
2,176;0,6924211978912354;188,89382934570312;174,13992309570312;186;
2,177;0,6143501400947571;191,31732177734375;235,50677490234375;186;
2,179;0,6918084621429443;191,31732177734375;235,50677490234375;186;
2,18;0,6103675365447998;191,31732177734375;235,50677490234375;186;
2,182;0,611237645149231;189,17247009277344;155,75360107421875;186;
2,183;0,6912447214126587;189,17247009277344;155,75360107421875;186;
2,184;0,6140437722206116;189,17247009277344;155,75360107421875;186;
2,185;0,6155266165733337;187,25364685058594;208,94371032714844;186;
2,186;0,6143501400947571;187,25364685058594;208,94371032714844;186;
2,188;0,6115440130233765;187,25364685058594;208,94371032714844;186;
2,189;0,6100611686706543;189,94204711914062;180,33029174804688;186;
2,191;0,6915020942687988;189,94204711914062;180,33029174804688;186;
2,192;0,6140437722206116;189,94204711914062;180,33029174804688;186;
2,193;0,6143501400947571;189,38479614257812;205,37445068359375;186;
2,194;0,6155266165733337;189,38479614257812;205,37445068359375;186;
2,195;0,6915510892868042;189,38479614257812;205,37445068359375;186;
2,196;0,6103675365447998;189,38479614257812;205,37445068359375;186;
2,197;0,611237645149231;188,43862915039062;166,77236938476562;186;
2,198;0,6100611686706543;188,43862915039062;166,77236938476562;186;
2,199;0,6912447214126587;188,43862915039062;166,77236938476562;186;
2,2;0,6155266165733337;190,89205932617188;232,41099548339844;186;
2,201;0,6143501400947571;190,89205932617188;232,41099548339844;186;
2,202;0,6906320452690125;190,89205932617188;232,41099548339844;186;
2,203;0,6115440130233765;190,89205932617188;232,41099548339844;186;
2,204;0,6100611686706543;189,57516479492188;165,73780822753906;186;
2,206;0,6924211978912354;189,57516479492188;165,73780822753906;186;
2,207;0,6140437722206116;189,57516479492188;165,73780822753906;186;
2,208;0,6143501400947571;186,04026794433594;198,098876953125;186;
2,209;0,6155266165733337;186,04026794433594;198,098876953125;186;
2,21;0,6900193095207214;186,04026794433594;198,098876953125;186;
2,211;0,6103675365447998;186,04026794433594;198,098876953125;186;
2,212;0,611237645149231;190,14483642578125;182,07815551757812;186;
2,213;0,6100611686706543;190,14483642578125;182,07815551757812;186;
2,214;0,6903256773948669;190,14483642578125;182,07815551757812;186;
2,215;0,6155266165733337;190,02085876464844;207,75221252441406;186;
2,216;0,6143501400947571;190,02085876464844;207,75221252441406;186;
2,217;0,6915510892868042;190,02085876464844;207,75221252441406;186;
2,218;0,6115440130233765;190,02085876464844;207,75221252441406;186;
2,219;0,6103675365447998;190,02085876464844;207,75221252441406;186;
2,22;0,6100611686706543;187,9195098876953;166,21900939941406;186;
2,221;0,6924211978912354;187,9195098876953;166,21900939941406;186;
2,222;0,6140437722206116;187,9195098876953;166,21900939941406;186;
2,223;0,6143501400947571;189,73971557617188;224,17715454101562;186;
2,224;0,6155266165733337;189,73971557617188;224,17715454101562;186;
2,225;0,6906320452690125;189,73971557617188;224,17715454101562;186;
2,226;0,6103675365447998;189,73971557617188;224,17715454101562;186;
2,227;0,611237645149231;190,15234375;169,35653686523438;186;
2,228;0,6100611686706543;190,15234375;169,35653686523438;186;
2,229;0,6912447214126587;190,15234375;169,35653686523438;186;
2,23;0,615220308303833;190,15234375;169,35653686523438;186;
2,231;0,6143501400947571;187,52015686035156;204,362060546875;186;
2,233;0,6115440130233765;187,52015686035156;204,362060546875;186;
2,234;0,6103675365447998;187,52015686035156;204,362060546875;186;
2,235;0,6100611686706543;188,96434020996094;175,20578002929688;186;
2,236;0,6915020942687988;188,96434020996094;175,20578002929688;186;
2,237;0,6140437722206116;188,96434020996094;175,20578002929688;186;
2,238;0,6143501400947571;189,94580078125;207,07235717773438;186;
2,239;0,6155266165733337;189,94580078125;207,07235717773438;186;
2,24;0,6915510892868042;189,94580078125;207,07235717773438;186;
2,241;0,6103675365447998;189,94580078125;207,07235717773438;186;
2,242;0,611237645149231;188,37588500976562;171,14051818847656;186;
2,243;0,6100611686706543;188,37588500976562;171,14051818847656;186;
2,244;0,6912447214126587;188,37588500976562;171,14051818847656;186;
2,245;0,615220308303833;188,37588500976562;171,14051818847656;186;
2,246;0,6143501400947571;190,12228393554688;226,0740966796875;186;
2,248;0,6115440130233765;190,12228393554688;226,0740966796875;186;
2,249;0,6103675365447998;190,12228393554688;226,0740966796875;186;
2,25;0,6100611686706543;189,5415496826172;162,7317352294922;186;
2,251;0,6924211978912354;189,5415496826172;162,7317352294922;186;
2,252;0,6140437722206116;189,5415496826172;162,7317352294922;186;
2,253;0,6143501400947571;187,90847778320312;207,14370727539062;186;
2,254;0,6155266165733337;187,90847778320312;207,14370727539062;186;
2,255;0,6143501400947571;187,90847778320312;207,14370727539062;186;
2,256;0,6103675365447998;187,90847778320312;207,14370727539062;186;
2,257;0,611237645149231;189,49673461914062;180,24917602539062;186;
2,258;0,6100611686706543;189,49673461914062;180,24917602539062;186;
2,259;0,6903256773948669;189,49673461914062;180,24917602539062;186;
2,26;0,615220308303833;189,49673461914062;180,24917602539062;186;
2,261;0,6143501400947571;189,0906524658203;200,64454650878906;186;
2,263;0,6927275657653809;189,0906524658203;200,64454650878906;186;
2,264;0,6103675365447998;189,0906524658203;200,64454650878906;186;
2,265;0,6100611686706543;188,42385864257812;170,72735595703125;186;
2,266;0,611237645149231;188,42385864257812;170,72735595703125;186;
2,267;0,6912447214126587;188,42385864257812;170,72735595703125;186;
2,268;0,6143501400947571;190,95269775390625;234,3590850830078;186;
2,269;0,6155266165733337;190,95269775390625;234,3590850830078;186;
2,27;0,6906320452690125;190,95269775390625;234,3590850830078;186;
2,271;0,6103675365447998;190,95269775390625;234,3590850830078;186;
2,272;0,6115440130233765;190,95269775390625;234,3590850830078;186;
2,273;0,6100611686706543;189,13526916503906;160,10948181152344;186;
2,274;0,6912447214126587;189,13526916503906;160,10948181152344;186;
2,275;0,615220308303833;189,13526916503906;160,10948181152344;186;
2,276;0,6143501400947571;186,66128540039062;200,64454650878906;186;
2,278;0,6911957859992981;186,66128540039062;200,64454650878906;186;
2,279;0,6103675365447998;186,66128540039062;200,64454650878906;186;
2,28;0,6100611686706543;189,70228576660156;183,21580505371094;186;
2,281;0,611237645149231;189,70228576660156;183,21580505371094;186;
2,282;0,6903256773948669;189,70228576660156;183,21580505371094;186;
2,283;0,6143501400947571;189,9120635986328;209,16180419921875;186;
2,284;0,6155266165733337;189,9120635986328;209,16180419921875;186;
2,285;0,6915510892868042;189,9120635986328;209,16180419921875;186;
2,286;0,6103675365447998;189,9120635986328;209,16180419921875;186;
2,287;0,6115440130233765;189,9120635986328;209,16180419921875;186;
2,288;0,6100611686706543;187,28280639648438;162,8860626220703;186;
2,29;0,6728673577308655;187,28280639648438;162,8860626220703;186;
2,291;0,6143501400947571;190,09222412109375;229,74623107910156;186;
2,293;0,6918084621429443;190,09222412109375;229,74623107910156;186;
2,294;0,6103675365447998;190,09222412109375;229,74623107910156;186;
2,295;0,6100611686706543;189,81085205078125;168,92820739746094;186;
2,296;0,611237645149231;189,81085205078125;168,92820739746094;186;
2,297;0,6140437722206116;189,81085205078125;168,92820739746094;186;
2,299;0,6155266165733337;186,65765380859375;200,8456573486328;186;
2,3;0,6143501400947571;186,65765380859375;200,8456573486328;186;
2,301;0,6900193095207214;186,65765380859375;200,8456573486328;186;
2,302;0,6115440130233765;186,65765380859375;200,8456573486328;186;
2,303;0,6100611686706543;188,79371643066406;173,5867919921875;186;
2,305;0,615220308303833;188,79371643066406;173,5867919921875;186;
2,306;0,6143501400947571;190,12979125976562;213,39404296875;186;
2,308;0,6927275657653809;190,12979125976562;213,39404296875;186;
2,309;0,6103675365447998;190,12979125976562;213,39404296875;186;
2,31;0,6100611686706543;187,8717803955078;167,67950439453125;186;
2,311;0,611237645149231;187,8717803955078;167,67950439453125;186;
2,312;0,6912447214126587;187,8717803955078;167,67950439453125;186;
2,313;0,6140437722206116;187,8717803955078;167,67950439453125;186;
2,314;0,6155266165733337;188,73814392089844;218,07763671875;186;
2,315;0,6143501400947571;188,73814392089844;218,07763671875;186;
2,316;0,6906320452690125;188,73814392089844;218,07763671875;186;
2,317;0,6115440130233765;188,73814392089844;218,07763671875;186;
2,318;0,6100611686706543;189,90830993652344;170,1234130859375;186;
2,32;0,615220308303833;189,90830993652344;170,1234130859375;186;
2,321;0,6143501400947571;187,84243774414062;207,6445770263672;186;
2,323;0,6911957859992981;187,84243774414062;207,6445770263672;186;
2,324;0,6103675365447998;187,84243774414062;207,6445770263672;186;
2,325;0,6100611686706543;187,84243774414062;207,6445770263672;186;
2,326;0,611237645149231;188,42755126953125;172,7884521484375;186;
2,327;0,6903256773948669;188,42755126953125;172,7884521484375;186;
2,328;0,6140437722206116;188,42755126953125;172,7884521484375;186;
2,329;0,6155266165733337;189,05349731445312;206,68077087402344;186;
2,33;0,6143501400947571;189,05349731445312;206,68077087402344;186;
2,331;0,6915510892868042;189,05349731445312;206,68077087402344;186;
2,332;0,6115440130233765;189,05349731445312;206,68077087402344;186;
2,333;0,6100611686706543;188,9197998046875;172,68917846679688;186;
2,335;0,6924211978912354;188,9197998046875;172,68917846679688;186;
2,336;0,6143501400947571;190,5026092529297;230,71620178222656;186;
2,338;0,6918084621429443;190,5026092529297;230,71620178222656;186;
2,339;0,6103675365447998;190,5026092529297;230,71620178222656;186;
2,341;0,611237645149231;189,17247009277344;159,76904296875;186;
2,342;0,6912447214126587;189,17247009277344;159,76904296875;186;
2,343;0,6140437722206116;189,17247009277344;159,76904296875;186;
2,344;0,6155266165733337;188,08486938476562;207,0366973876953;186;
2,345;0,6143501400947571;188,08486938476562;207,0366973876953;186;
2,346;0,6900193095207214;188,08486938476562;207,0366973876953;186;
2,347;0,6115440130233765;188,08486938476562;207,0366973876953;186;
2,348;0,6100611686706543;189,93080139160156;182,99270629882812;186;
2,35;0,615220308303833;189,93080139160156;182,99270629882812;186;
2,351;0,6140437722206116;189,93080139160156;182,99270629882812;186;
2,352;0,6143501400947571;189,38479614257812;202,53741455078125;186;
2,353;0,6927275657653809;189,38479614257812;202,53741455078125;186;
2,354;0,6103675365447998;189,38479614257812;202,53741455078125;186;
2,356;0,611237645149231;188,42385864257812;166,58750915527344;186;
2,357;0,6100611686706543;188,42385864257812;166,58750915527344;186;
2,358;0,6140437722206116;188,42385864257812;166,58750915527344;186;
2,359;0,6135353446006775;191,53067016601562;240,9825897216797;186;
2,36;0,6123588681221008;191,53067016601562;240,9825897216797;186;
2,361;0,6886407136917114;191,53067016601562;240,9825897216797;186;
2,362;0,6095527410507202;191,53067016601562;240,9825897216797;186;
2,363;0,6100611686706543;189,77340698242188;161,87721252441406;186;
2,365;0,615220308303833;189,77340698242188;161,87721252441406;186;
2,366;0,6140437722206116;189,77340698242188;161,87721252441406;186;
2,367;0,6143501400947571;186,74464416503906;199,2809600830078;186;
2,368;0,6155266165733337;186,74464416503906;199,2809600830078;186;
2,369;0,6900193095207214;186,74464416503906;199,2809600830078;186;
2,37;0,6103675365447998;186,74464416503906;199,2809600830078;186;
2,371;0,611237645149231;190,035888671875;181,254638671875;186;
2,372;0,6100611686706543;190,035888671875;181,254638671875;186;
2,373;0,6140437722206116;190,035888671875;181,254638671875;186;
2,374;0,6155266165733337;190,3894805908203;210,44322204589844;186;
2,375;0,6143501400947571;190,3894805908203;210,44322204589844;186;
2,376;0,6915510892868042;190,3894805908203;210,44322204589844;186;
2,377;0,6115440130233765;190,3894805908203;210,44322204589844;186;
2,378;0,6100611686706543;187,662841796875;164,60324096679688;186;
2,38;0,6924211978912354;187,662841796875;164,60324096679688;186;
2,381;0,6140437722206116;187,662841796875;164,60324096679688;186;
2,382;0,6143501400947571;190,12979125976562;228,08993530273438;186;
2,383;0,6155266165733337;190,12979125976562;228,08993530273438;186;
2,384;0,6906320452690125;190,12979125976562;228,08993530273438;186;
2,385;0,6103675365447998;190,12979125976562;228,08993530273438;186;
2,386;0,611237645149231;190,43849182128906;168,5020294189453;186;
2,387;0,6912447214126587;190,43849182128906;168,5020294189453;186;
2,388;0,6140437722206116;190,43849182128906;168,5020294189453;186;
2,389;0,6155266165733337;187,29376220703125;205,97259521484375;186;
2,39;0,6143501400947571;187,29376220703125;205,97259521484375;186;
2,391;0,6900193095207214;187,29376220703125;205,97259521484375;186;
2,392;0,6115440130233765;187,29376220703125;205,97259521484375;186;
2,393;0,6100611686706543;189,101806640625;173,33651733398438;186;
2,395;0,6915020942687988;189,101806640625;173,33651733398438;186;
2,396;0,6140437722206116;189,101806640625;173,33651733398438;186;
2,397;0,6143501400947571;190,03213500976562;207,85997009277344;186;
2,398;0,6155266165733337;190,03213500976562;207,85997009277344;186;
2,399;0,6915510892868042;190,03213500976562;207,85997009277344;186;
2,4;0,6103675365447998;190,03213500976562;207,85997009277344;186;
2,401;0,611237645149231;188,64190673828125;171,60462951660156;186;
2,402;0,6100611686706543;188,64190673828125;171,60462951660156;186;
2,403;0,6140437722206116;188,64190673828125;171,60462951660156;186;
2,404;0,6155266165733337;190,57810974121094;231,42677307128906;186;
2,405;0,6143501400947571;190,57810974121094;231,42677307128906;186;
2,406;0,6906320452690125;190,57810974121094;231,42677307128906;186;
2,407;0,6115440130233765;190,57810974121094;231,42677307128906;186;
2,408;0,6103675365447998;190,57810974121094;231,42677307128906;186;
2,409;0,6100611686706543;189,66488647460938;159,3032989501953;186;
2,41;0,6924211978912354;189,66488647460938;159,3032989501953;186;
2,411;0,6140437722206116;189,66488647460938;159,3032989501953;186;
2,412;0,6143501400947571;188,1216583251953;211,4053192138672;186;
2,413;0,6155266165733337;188,1216583251953;211,4053192138672;186;
2,414;0,6900193095207214;188,1216583251953;211,4053192138672;186;
2,415;0,6103675365447998;188,1216583251953;211,4053192138672;186;
2,416;0,611237645149231;189,55274963378906;178,13929748535156;186;
2,417;0,6100611686706543;189,55274963378906;178,13929748535156;186;
2,418;0,6140437722206116;189,55274963378906;178,13929748535156;186;
2,419;0,6155266165733337;189,55274963378906;202,6398162841797;186;
2,42;0,6143501400947571;189,19479370117188;202,6398162841797;186;
2,422;0,6115440130233765;189,19479370117188;202,6398162841797;186;
2,423;0,6103675365447998;189,19479370117188;202,6398162841797;186;
2,424;0,6100611686706543;188,65670776367188;169,78704833984375;186;
2,425;0,6924211978912354;188,65670776367188;169,78704833984375;186;
2,426;0,6140437722206116;188,65670776367188;169,78704833984375;186;
2,427;0,6143501400947571;191,43536376953125;238,3549041748047;186;
2,428;0,6155266165733337;191,43536376953125;238,3549041748047;186;
2,429;0,6882790923118591;191,43536376953125;238,3549041748047;186;
2,43;0,6103675365447998;191,43536376953125;238,3549041748047;186;
2,431;0,611237645149231;189,46685791015625;159,70538330078125;186;
2,432;0,6100611686706543;189,46685791015625;159,70538330078125;186;
2,433;0,6140437722206116;189,46685791015625;159,70538330078125;186;
2,434;0,615220308303833;189,46685791015625;159,70538330078125;186;
2,435;0,6143501400947571;186,6938934326172;202,09481811523438;186;
2,437;0,6911957859992981;186,6938934326172;202,09481811523438;186;
2,438;0,6103675365447998;186,6938934326172;202,09481811523438;186;
2,439;0,6100611686706543;190,71792602539062;186,1086883544922;186;
2,44;0,6915020942687988;190,71792602539062;186,1086883544922;186;
2,441;0,6140437722206116;190,71792602539062;186,1086883544922;186;
2,442;0,6143501400947571;190,14483642578125;205,9020538330078;186;
2,443;0,6155266165733337;190,14483642578125;205,9020538330078;186;
2,444;0,6915510892868042;190,14483642578125;205,9020538330078;186;
2,445;0,6103675365447998;190,14483642578125;205,9020538330078;186;
2,446;0,611237645149231;187,78375244140625;162,79783630371094;186;
2,447;0,6100611686706543;187,78375244140625;162,79783630371094;186;
2,448;0,6912447214126587;187,78375244140625;162,79783630371094;186;
2,449;0,6155266165733337;187,78375244140625;162,79783630371094;186;
2,45;0,6143501400947571;190,42718505859375;230,23019409179688;186;
2,452;0,6115440130233765;190,42718505859375;230,23019409179688;186;
2,453;0,6103675365447998;190,42718505859375;230,23019409179688;186;
2,454;0,6100611686706543;190,4950714111328;170,21975708007812;186;
2,455;0,6924211978912354;190,4950714111328;170,21975708007812;186;
2,456;0,6140437722206116;190,4950714111328;170,21975708007812;186;
2,457;0,6143501400947571;187,0242462158203;201,0135498046875;186;
2,458;0,6155266165733337;187,0242462158203;201,0135498046875;186;
2,459;0,6900193095207214;187,0242462158203;201,0135498046875;186;
2,46;0,6103675365447998;187,0242462158203;201,0135498046875;186;
2,461;0,611237645149231;189,54901123046875;175,69224548339844;186;
2,462;0,6100611686706543;189,54901123046875;175,69224548339844;186;
2,463;0,6903256773948669;189,54901123046875;175,69224548339844;186;
2,464;0,615220308303833;189,54901123046875;175,69224548339844;186;
2,465;0,6143501400947571;190,74818420410156;213,54566955566406;186;
2,467;0,6115440130233765;190,74818420410156;213,54566955566406;186;
2,468;0,6103675365447998;190,74818420410156;213,54566955566406;186;
2,469;0,6100611686706543;188,25421142578125;168,66751098632812;186;
2,47;0,611237645149231;188,25421142578125;168,66751098632812;186;
2,471;0,6140437722206116;188,25421142578125;168,66751098632812;186;
2,472;0,6143501400947571;189,68359375;220,43675231933594;186;
2,473;0,6155266165733337;189,68359375;220,43675231933594;186;
2,474;0,6906320452690125;189,68359375;220,43675231933594;186;
2,475;0,6103675365447998;189,68359375;220,43675231933594;186;
2,476;0,611237645149231;190,53280639648438;167,93714904785156;186;
2,477;0,6100611686706543;190,53280639648438;167,93714904785156;186;
2,478;0,6912447214126587;190,53280639648438;167,93714904785156;186;
2,479;0,615220308303833;190,53280639648438;167,93714904785156;186;
2,48;0,6143501400947571;188,72703552246094;210,73831176757812;186;
2,482;0,6911957859992981;188,72703552246094;210,73831176757812;186;
2,483;0,6103675365447998;188,72703552246094;210,73831176757812;186;
2,484;0,6100611686706543;189,15386962890625;173,03713989257812;186;
2,485;0,611237645149231;189,15386962890625;173,03713989257812;186;
2,486;0,6140437722206116;189,15386962890625;173,03713989257812;186;
2,487;0,6143501400947571;189,9270477294922;208,21995544433594;186;
2,488;0,6155266165733337;189,9270477294922;208,21995544433594;186;
2,489;0,6915510892868042;189,9270477294922;208,21995544433594;186;
2,49;0,6103675365447998;189,9270477294922;208,21995544433594;186;
2,491;0,6115440130233765;189,9270477294922;208,21995544433594;186;
2,492;0,6100611686706543;189,29161071777344;171,433349609375;186;
2,493;0,6912447214126587;189,29161071777344;171,433349609375;186;
2,494;0,6155266165733337;191,58790588378906;239,4467315673828;186;
2,495;0,6143501400947571;191,58790588378906;239,4467315673828;186;
2,497;0,6115440130233765;191,58790588378906;239,4467315673828;186;
2,498;0,6103675365447998;191,58790588378906;239,4467315673828;186;
2,499;0,6100611686706543;189,57142639160156;156,9123077392578;186;
2,5;0,611237645149231;189,57142639160156;156,9123077392578;186;
2,501;0,6140437722206116;189,57142639160156;156,9123077392578;186;
2,502;0,6143501400947571;188,40541076660156;208,4365692138672;186;
2,503;0,6155266165733337;188,40541076660156;208,4365692138672;186;
2,504;0,6143501400947571;188,40541076660156;208,4365692138672;186;
2,505;0,6103675365447998;188,40541076660156;208,4365692138672;186;
2,506;0,611237645149231;190,55545043945312;182,63134765625;186;
2,507;0,6100611686706543;190,55545043945312;182,63134765625;186;
2,508;0,6903256773948669;190,55545043945312;182,63134765625;186;
2,509;0,615220308303833;190,55545043945312;182,63134765625;186;
2,51;0,6143501400947571;189,75843811035156;203,18777465820312;186;
2,512;0,6927275657653809;189,75843811035156;203,18777465820312;186;
2,513;0,6103675365447998;189,75843811035156;203,18777465820312;186;
2,514;0,6100611686706543;188,52728271484375;165,1685791015625;186;
2,515;0,611237645149231;188,52728271484375;165,1685791015625;186;
2,516;0,6912447214126587;188,52728271484375;165,1685791015625;186;
2,517;0,6143501400947571;191,29449462890625;238,73353576660156;186;
2,518;0,6155266165733337;191,29449462890625;238,73353576660156;186;
2,519;0,6906320452690125;191,29449462890625;238,73353576660156;186;
2,52;0,6103675365447998;191,29449462890625;238,73353576660156;186;
2,521;0,6115440130233765;191,29449462890625;238,73353576660156;186;
2,522;0,6100611686706543;190,035888671875;163,66213989257812;186;
2,523;0,6912447214126587;190,035888671875;163,66213989257812;186;
2,524;0,615220308303833;190,035888671875;163,66213989257812;186;
2,525;0,6143501400947571;186,42611694335938;200,34361267089844;186;
2,527;0,6911957859992981;186,42611694335938;200,34361267089844;186;
2,528;0,6103675365447998;186,42611694335938;200,34361267089844;186;
2,529;0,6100611686706543;189,94955444335938;179,30828857421875;186;
2,53;0,611237645149231;189,94955444335938;179,30828857421875;186;
2,531;0,6903256773948669;189,94955444335938;179,30828857421875;186;
2,532;0,6143501400947571;190,21627807617188;211,03424072265625;186;
2,533;0,6155266165733337;190,21627807617188;211,03424072265625;186;
2,534;0,6915510892868042;190,21627807617188;211,03424072265625;186;
2,535;0,6103675365447998;190,21627807617188;211,03424072265625;186;
2,536;0,6115440130233765;190,21627807617188;211,03424072265625;186;
2,537;0,6100611686706543;187,4105224609375;163,79592895507812;186;
2,539;0,615220308303833;187,4105224609375;163,79592895507812;186;
2,54;0,6143501400947571;189,82958984375;228,4366455078125;186;
2,542;0,6918084621429443;189,82958984375;228,4366455078125;186;
2,543;0,6103675365447998;189,82958984375;228,4366455078125;186;
2,544;0,6100611686706543;190,30284118652344;168,07801818847656;186;
2,545;0,611237645149231;190,30284118652344;168,07801818847656;186;
2,546;0,6912447214126587;190,30284118652344;168,07801818847656;186;
2,547;0,6140437722206116;190,30284118652344;168,07801818847656;186;
2,548;0,6155266165733337;187,14434814453125;204,1538543701172;186;
2,549;0,6143501400947571;187,14434814453125;204,1538543701172;186;
2,55;0,6900193095207214;187,14434814453125;204,1538543701172;186;
2,551;0,6115440130233765;187,14434814453125;204,1538543701172;186;
2,552;0,6100611686706543;188,61599731445312;173,1118927001953;186;
2,554;0,615220308303833;188,61599731445312;173,1118927001953;186;
2,555;0,6143501400947571;189,53407287597656;208,94371032714844;186;
2,557;0,6927275657653809;189,53407287597656;208,94371032714844;186;
2,558;0,6103675365447998;189,53407287597656;208,94371032714844;186;
2,559;0,6100611686706543;188,60861206054688;172,88784790039062;186;
2,56;0,611237645149231;188,60861206054688;172,88784790039062;186;
2,561;0,6912447214126587;188,60861206054688;172,88784790039062;186;
2,562;0,6140437722206116;188,60861206054688;172,88784790039062;186;
2,563;0,6155266165733337;190,32920837402344;229,61459350585938;186;
2,564;0,6143501400947571;190,32920837402344;229,61459350585938;186;
2,565;0,6103675365447998;190,32920837402344;229,61459350585938;186;
2,566;0,6115440130233765;190,32920837402344;229,61459350585938;186;
2,567;0,6100611686706543;189,4407501220703;158,67257690429688;186;
2,569;0,615220308303833;189,4407501220703;158,67257690429688;186;
2,57;0,6143501400947571;187,7947540283203;210,62754821777344;186;
2,572;0,6155266165733337;187,7947540283203;210,62754821777344;186;
2,573;0,6103675365447998;187,7947540283203;210,62754821777344;186;
2,574;0,6100611686706543;189,23202514648438;177,74424743652344;186;
2,575;0,611237645149231;189,23202514648438;177,74424743652344;186;
2,576;0,6903256773948669;189,23202514648438;177,74424743652344;186;
2,577;0,6140437722206116;189,23202514648438;177,74424743652344;186;
2,578;0,6155266165733337;188,81967163085938;200,37701416015625;186;
2,579;0,6143501400947571;188,81967163085938;200,37701416015625;186;
2,58;0,6915510892868042;188,81967163085938;200,37701416015625;186;
2,581;0,6115440130233765;188,81967163085938;200,37701416015625;186;
2,582;0,6100611686706543;188,4940185546875;170,94583129882812;186;
2,584;0,6924211978912354;188,4940185546875;170,94583129882812;186;
2,585;0,6143501400947571;190,81253051757812;234,17648315429688;186;
2,587;0,6918084621429443;190,81253051757812;234,17648315429688;186;
2,588;0,6103675365447998;190,81253051757812;234,17648315429688;186;
2,59;0,611237645149231;188,75296020507812;160,21615600585938;186;
2,591;0,6912447214126587;188,75296020507812;160,21615600585938;186;
2,592;0,6140437722206116;188,75296020507812;160,21615600585938;186;
2,593;0,6155266165733337;186,18792724609375;202,4691925048828;186;
2,594;0,6143501400947571;186,18792724609375;202,4691925048828;186;
2,595;0,6900193095207214;186,18792724609375;202,4691925048828;186;
2,596;0,6115440130233765;186,18792724609375;202,4691925048828;186;
2,597;0,6100611686706543;190,1410675048828;184,87806701660156;186;
2,599;0,6915020942687988;190,1410675048828;184,87806701660156;186;
2,6;0,6140437722206116;190,1410675048828;184,87806701660156;186;
2,601;0,6143501400947571;189,4593963623047;204,11920166015625;186;
2,602;0,6155266165733337;189,4593963623047;204,11920166015625;186;
2,603;0,6103675365447998;189,4593963623047;204,11920166015625;186;
2,605;0,611237645149231;187,4982147216797;164,80630493164062;186;
2,606;0,6100611686706543;187,4982147216797;164,80630493164062;186;
2,607;0,6140437722206116;187,4982147216797;164,80630493164062;186;
2,608;0,6155266165733337;190,07717895507812;226,6708221435547;186;
2,609;0,6143501400947571;190,07717895507812;226,6708221435547;186;
2,61;0,6906320452690125;190,07717895507812;226,6708221435547;186;
2,611;0,6115440130233765;190,07717895507812;226,6708221435547;186;
2,612;0,6100611686706543;189,71351623535156;168,62020874023438;186;
2,614;0,6924211978912354;189,71351623535156;168,62020874023438;186;
2,615;0,6140437722206116;189,71351623535156;168,62020874023438;186;
2,616;0,6143501400947571;186,64678955078125;201,4851837158203;186;
2,617;0,6155266165733337;186,64678955078125;201,4851837158203;186;
2,618;0,6900193095207214;186,64678955078125;201,4851837158203;186;
2,619;0,6103675365447998;186,64678955078125;201,4851837158203;186;
2,62;0,611237645149231;189,3624267578125;177,7179718017578;186;
2,621;0,6100611686706543;189,3624267578125;177,7179718017578;186;
2,622;0,6140437722206116;189,3624267578125;177,7179718017578;186;
2,623;0,6155266165733337;190,1185302734375;209,59938049316406;186;
2,624;0,6143501400947571;190,1185302734375;209,59938049316406;186;
2,625;0,6915510892868042;190,1185302734375;209,59938049316406;186;
2,626;0,6115440130233765;190,1185302734375;209,59938049316406;186;
2,627;0,6103675365447998;190,1185302734375;209,59938049316406;186;
2,628;0,6100611686706543;187,53111267089844;166,95765686035156;186;
2,629;0,6924211978912354;187,53111267089844;166,95765686035156;186;
2,63;0,6140437722206116;187,53111267089844;166,95765686035156;186;
2,631;0,6143501400947571;189,78089904785156;227,61492919921875;186;
2,632;0,6155266165733337;189,78089904785156;227,61492919921875;186;
2,633;0,6906320452690125;189,78089904785156;227,61492919921875;186;
2,634;0,6103675365447998;189,78089904785156;227,61492919921875;186;
2,635;0,611237645149231;189,7359619140625;164,53565979003906;186;
2,636;0,6100611686706543;189,7359619140625;164,53565979003906;186;
2,637;0,6140437722206116;189,7359619140625;164,53565979003906;186;
2,638;0,6155266165733337;187,94520568847656;207,75221252441406;186;
2,639;0,6143501400947571;187,94520568847656;207,75221252441406;186;
2,641;0,6115440130233765;187,94520568847656;207,75221252441406;186;
2,642;0,6103675365447998;187,94520568847656;207,75221252441406;186;
2,643;0,6100611686706543;188,96434020996094;175,4102783203125;186;
2,644;0,6915020942687988;188,96434020996094;175,4102783203125;186;
2,645;0,6140437722206116;188,96434020996094;175,4102783203125;186;
2,646;0,6143501400947571;189,11666870117188;202,87918090820312;186;
2,647;0,6155266165733337;189,11666870117188;202,87918090820312;186;
2,648;0,6915510892868042;189,11666870117188;202,87918090820312;186;
2,649;0,6103675365447998;189,11666870117188;202,87918090820312;186;
2,65;0,611237645149231;188,3721923828125;172,59002685546875;186;
2,651;0,6100611686706543;188,3721923828125;172,59002685546875;186;
2,652;0,6912447214126587;188,3721923828125;172,59002685546875;186;
2,653;0,6155266165733337;190,54412841796875;233,2677764892578;186;
2,654;0,6143501400947571;190,54412841796875;233,2677764892578;186;
2,655;0,6906320452690125;190,54412841796875;233,2677764892578;186;
2,656;0,6115440130233765;190,54412841796875;233,2677764892578;186;
2,657;0,6103675365447998;190,54412841796875;233,2677764892578;186;
2,658;0,6100611686706543;189,11666870117188;158,56793212890625;186;
2,659;0,7367228865623474;189,11666870117188;158,56793212890625;186;
2,66;0,6140437722206116;189,11666870117188;158,56793212890625;186;
2,661;0,6143501400947571;187,2864532470703;208,03981018066406;186;
2,662;0,6155266165733337;187,2864532470703;208,03981018066406;186;
2,663;0,6900193095207214;187,2864532470703;208,03981018066406;186;
2,664;0,6103675365447998;187,2864532470703;208,03981018066406;186;
2,665;0,611237645149231;190,11477661132812;183,74783325195312;186;
2,666;0,6100611686706543;190,11477661132812;183,74783325195312;186;
2,667;0,6903256773948669;190,11477661132812;183,74783325195312;186;
2,668;0,615220308303833;190,11477661132812;183,74783325195312;186;
2,669;0,6143501400947571;189,1910858154297;199,24794006347656;186;
2,671;0,6115440130233765;189,1910858154297;199,24794006347656;186;
2,672;0,6103675365447998;189,1910858154297;199,24794006347656;186;
2,673;0,6100611686706543;187,90115356445312;166,91128540039062;186;
2,674;0,611237645149231;187,90115356445312;166,91128540039062;186;
2,675;0,6912447214126587;187,90115356445312;166,91128540039062;186;
2,676;0,6143501400947571;190,79359436035156;233,44894409179688;186;
2,677;0,6155266165733337;190,79359436035156;233,44894409179688;186;
2,678;0,6906320452690125;190,79359436035156;233,44894409179688;186;
2,679;0,6103675365447998;190,79359436035156;233,44894409179688;186;
2,68;0,611237645149231;189,5079345703125;164,5131378173828;186;
2,681;0,6100611686706543;189,5079345703125;164,5131378173828;186;
2,682;0,6912447214126587;189,5079345703125;164,5131378173828;186;
2,683;0,615220308303833;189,5079345703125;164,5131378173828;186;
2,684;0,6143501400947571;186,3936004638672;200,31024169921875;186;
2,686;0,6911957859992981;186,3936004638672;200,31024169921875;186;
2,687;0,6103675365447998;186,3936004638672;200,31024169921875;186;
2,688;0,6100611686706543;189,6873321533203;179,81784057617188;186;
2,689;0,611237645149231;189,6873321533203;179,81784057617188;186;
2,69;0,6140437722206116;189,6873321533203;179,81784057617188;186;
2,691;0,6143501400947571;190,20123291015625;213,09146118164062;186;
2,692;0,6155266165733337;190,20123291015625;213,09146118164062;186;
2,693;0,6915510892868042;190,20123291015625;213,09146118164062;186;
2,694;0,6103675365447998;190,20123291015625;213,09146118164062;186;
2,695;0,6115440130233765;190,20123291015625;213,09146118164062;186;
2,696;0,6100611686706543;187,28280639648438;163,99700927734375;186;
2,697;0,6912447214126587;187,28280639648438;163,99700927734375;186;
2,698;0,615220308303833;187,28280639648438;163,99700927734375;186;
2,699;0,6143501400947571;189,818359375;224,80592346191406;186;
2,701;0,6918084621429443;189,818359375;224,80592346191406;186;
2,702;0,6103675365447998;189,818359375;224,80592346191406;186;
2,703;0,6100611686706543;190,23509216308594;169,52369689941406;186;
2,704;0,611237645149231;190,23509216308594;169,52369689941406;186;
2,705;0,6140437722206116;190,23509216308594;169,52369689941406;186;
2,707;0,6155266165733337;187,54574584960938;204,64035034179688;186;
2,708;0,6143501400947571;187,54574584960938;204,64035034179688;186;
2,709;0,6103675365447998;187,54574584960938;204,64035034179688;186;
2,71;0,6115440130233765;187,54574584960938;204,64035034179688;186;
2,711;0,6100611686706543;189,20223999023438;175,28240966796875;186;
2,712;0,6903256773948669;189,20223999023438;175,28240966796875;186;
2,713;0,615220308303833;189,20223999023438;175,28240966796875;186;
2,714;0,6143501400947571;189,94955444335938;207,21510314941406;186;
2,716;0,6927275657653809;189,94955444335938;207,21510314941406;186;
2,717;0,6103675365447998;189,94955444335938;207,21510314941406;186;
2,718;0,6100611686706543;188,9012451171875;172,56524658203125;186;
2,719;0,611237645149231;188,9012451171875;172,56524658203125;186;
2,72;0,6912447214126587;188,9012451171875;172,56524658203125;186;
2,721;0,6143501400947571;190,54034423828125;231,0265350341797;186;
2,722;0,6155266165733337;190,54034423828125;231,0265350341797;186;
2,723;0,6906320452690125;190,54034423828125;231,0265350341797;186;
2,724;0,6103675365447998;190,54034423828125;231,0265350341797;186;
2,725;0,6115440130233765;190,54034423828125;231,0265350341797;186;
2,726;0,6100611686706543;190,0133514404297;160,92384338378906;186;
2,727;0,6912447214126587;190,0133514404297;160,92384338378906;186;
2,728;0,615220308303833;190,0133514404297;160,92384338378906;186;
2,729;0,6143501400947571;188,52359008789062;209,16180419921875;186;
2,731;0,6911957859992981;188,52359008789062;209,16180419921875;186;
2,732;0,6103675365447998;188,52359008789062;209,16180419921875;186;
2,733;0,6100611686706543;189,5228729248047;176,20726013183594;186;
2,734;0,611237645149231;189,5228729248047;176,20726013183594;186;
2,735;0,6903256773948669;189,5228729248047;176,20726013183594;186;
2,736;0,6140437722206116;189,5228729248047;176,20726013183594;186;
2,737;0,6155266165733337;189,60879516601562;205,4446563720703;186;
2,738;0,6143501400947571;189,60879516601562;205,4446563720703;186;
2,739;0,6103675365447998;189,60879516601562;205,4446563720703;186;
2,74;0,6115440130233765;189,60879516601562;205,4446563720703;186;
2,741;0,6100611686706543;188,85302734375;170,2438507080078;186;
2,743;0,615220308303833;188,85302734375;170,2438507080078;186;
2,744;0,6143501400947571;191,21463012695312;232,41099548339844;186;
2,746;0,6918084621429443;191,21463012695312;232,41099548339844;186;
2,747;0,6103675365447998;191,21463012695312;232,41099548339844;186;
2,748;0,6100611686706543;189,55648803710938;162,31430053710938;186;
2,749;0,611237645149231;189,55648803710938;162,31430053710938;186;
2,75;0,6912447214126587;189,55648803710938;162,31430053710938;186;
2,751;0,6140437722206116;189,55648803710938;162,31430053710938;186;
2,752;0,6155266165733337;186,9915313720703;203,77322387695312;186;
2,753;0,6143501400947571;186,9915313720703;203,77322387695312;186;
2,754;0,6900193095207214;186,9915313720703;203,77322387695312;186;
2,755;0,6115440130233765;186,9915313720703;203,77322387695312;186;
2,756;0,6100611686706543;190,3404998779297;183,10418701171875;186;
2,757;0,6903256773948669;190,3404998779297;183,10418701171875;186;
2,758;0,615220308303833;190,3404998779297;183,10418701171875;186;
2,759;0,6143501400947571;190,29531860351562;208,72605895996094;186;
2,761;0,6927275657653809;190,29531860351562;208,72605895996094;186;
2,762;0,6103675365447998;190,29531860351562;208,72605895996094;186;
2,763;0,6100611686706543;190,29531860351562;164,1089324951172;186;
2,764;0,611237645149231;188,420166015625;164,1089324951172;186;
2,765;0,6912447214126587;188,420166015625;164,1089324951172;186;
2,766;0,6140437722206116;188,420166015625;164,1089324951172;186;
2,767;0,6155266165733337;190,92236328125;231,96258544921875;186;
2,768;0,6143501400947571;190,92236328125;231,96258544921875;186;
2,769;0,6906320452690125;190,92236328125;231,96258544921875;186;
2,77;0,6115440130233765;190,92236328125;231,96258544921875;186;
2,771;0,6100611686706543;190,39324951171875;166,93446350097656;186;
2,772;0,6912447214126587;190,39324951171875;166,93446350097656;186;
2,773;0,615220308303833;190,39324951171875;166,93446350097656;186;
2,774;0,6143501400947571;187,670166015625;203,56622314453125;186;
2,776;0,6911957859992981;187,670166015625;203,56622314453125;186;
2,777;0,6103675365447998;187,670166015625;203,56622314453125;186;
2,778;0,6100611686706543;189,91580200195312;176,77723693847656;186;
2,779;0,611237645149231;189,91580200195312;176,77723693847656;186;
2,78;0,6903256773948669;189,91580200195312;176,77723693847656;186;
2,781;0,6140437722206116;189,91580200195312;176,77723693847656;186;
2,782;0,6155266165733337;190,64988708496094;210,73831176757812;186;
2,783;0,6143501400947571;190,64988708496094;210,73831176757812;186;
2,784;0,6915510892868042;190,64988708496094;210,73831176757812;186;
2,785;0,6115440130233765;190,64988708496094;210,73831176757812;186;
2,786;0,6100611686706543;188,62710571289062;169,16590881347656;186;
2,788;0,615220308303833;188,62710571289062;169,16590881347656;186;
2,789;0,6143501400947571;190,04714965820312;223,5103302001953;186;
2,791;0,6918084621429443;190,04714965820312;223,5103302001953;186;
2,792;0,6103675365447998;190,04714965820312;223,5103302001953;186;
2,794;0,611237645149231;190,29531860351562;165,600830078125;186;
2,795;0,6912447214126587;190,29531860351562;165,600830078125;186;
2,796;0,6140437722206116;190,29531860351562;165,600830078125;186;
2,797;0,6155266165733337;188,28369140625;210,07550048828125;186;
2,798;0,6143501400947571;188,28369140625;210,07550048828125;186;
2,799;0,6900193095207214;188,28369140625;210,07550048828125;186;
2,8;0,6115440130233765;188,28369140625;210,07550048828125;186;
2,801;0,6100611686706543;189,87457275390625;177,4818572998047;186;
2,803;0,615220308303833;189,87457275390625;177,4818572998047;186;
2,804;0,6140437722206116;189,87457275390625;177,4818572998047;186;
2,805;0,6143501400947571;189,49673461914062;200,1435089111328;186;
2,806;0,6155266165733337;189,49673461914062;200,1435089111328;186;
2,807;0,6103675365447998;189,49673461914062;200,1435089111328;186;
2,809;0,611237645149231;189,03118896484375;173,5867919921875;186;
2,81;0,6912447214126587;189,03118896484375;173,5867919921875;186;
2,811;0,6140437722206116;189,03118896484375;173,5867919921875;186;
2,812;0,6155266165733337;191,16522216796875;234,03973388671875;186;
2,813;0,6143501400947571;191,16522216796875;234,03973388671875;186;
2,814;0,6906320452690125;191,16522216796875;234,03973388671875;186;
2,815;0,6115440130233765;191,16522216796875;234,03973388671875;186;
2,816;0,6100611686706543;189,44821166992188;158,96629333496094;186;
2,818;0,615220308303833;189,44821166992188;158,96629333496094;186;
2,819;0,6140437722206116;189,44821166992188;158,96629333496094;186;
2,82;0,6143501400947571;187,7947540283203;206,3614959716797;186;
2,821;0,6155266165733337;187,7947540283203;206,3614959716797;186;
2,822;0,6900193095207214;187,7947540283203;206,3614959716797;186;
2,823;0,6103675365447998;187,7947540283203;206,3614959716797;186;
2,824;0,611237645149231;190,49884033203125;184,0290985107422;186;
2,825;0,6903256773948669;190,49884033203125;184,0290985107422;186;
2,826;0,6140437722206116;190,49884033203125;184,0290985107422;186;
2,827;0,6155266165733337;189,66114807128906;202,19679260253906;186;
2,828;0,6143501400947571;189,66114807128906;202,19679260253906;186;
2,829;0,6915510892868042;189,66114807128906;202,19679260253906;186;
2,83;0,6115440130233765;189,66114807128906;202,19679260253906;186;
2,831;0,6100611686706543;187,88279724121094;165,73780822753906;186;
2,833;0,6924211978912354;187,88279724121094;165,73780822753906;186;
2,834;0,6143501400947571;191,45823669433594;238,02456665039062;186;
2,836;0,6155266165733337;191,45823669433594;238,02456665039062;186;
2,837;0,6103675365447998;191,45823669433594;238,02456665039062;186;
2,839;0,611237645149231;189,91580200195312;163,92991638183594;186;
2,84;0,6912447214126587;189,91580200195312;163,92991638183594;186;
2,841;0,6140437722206116;189,91580200195312;163,92991638183594;186;
2,842;0,6155266165733337;186,7047576904297;200,11019897460938;186;
2,843;0,6143501400947571;186,7047576904297;200,11019897460938;186;
2,844;0,6900193095207214;186,7047576904297;200,11019897460938;186;
2,845;0,6115440130233765;186,7047576904297;200,11019897460938;186;
2,846;0,6100611686706543;189,47061157226562;176,5177001953125;186;
2,848;0,6915020942687988;189,47061157226562;176,5177001953125;186;
2,849;0,6140437722206116;189,47061157226562;176,5177001953125;186;
2,85;0,6143501400947571;190,570556640625;217,28936767578125;186;
2,851;0,6155266165733337;190,570556640625;217,28936767578125;186;
2,852;0,6103675365447998;190,570556640625;217,28936767578125;186;
2,854;0,611237645149231;187,78741455078125;165,1232147216797;186;
2,855;0,6100611686706543;187,78741455078125;165,1232147216797;186;
2,856;0,6140437722206116;187,78741455078125;165,1232147216797;186;
2,857;0,6155266165733337;190,00584411621094;224,80592346191406;186;
2,858;0,6143501400947571;190,00584411621094;224,80592346191406;186;
2,859;0,6906320452690125;190,00584411621094;224,80592346191406;186;
2,86;0,6115440130233765;190,00584411621094;224,80592346191406;186;
2,861;0,6100611686706543;190,49884033203125;168,78591918945312;186;
2,863;0,6924211978912354;190,49884033203125;168,78591918945312;186;
2,864;0,6140437722206116;190,49884033203125;168,78591918945312;186;
2,865;0,6143501400947571;187,43609619140625;204,60552978515625;186;
2,866;0,6155266165733337;187,43609619140625;204,60552978515625;186;
2,867;0,6900193095207214;187,43609619140625;204,60552978515625;186;
2,868;0,6103675365447998;187,43609619140625;204,60552978515625;186;
2,869;0,611237645149231;188,9235076904297;173,48660278320312;186;
2,87;0,6100611686706543;188,9235076904297;173,48660278320312;186;
2,871;0,6140437722206116;188,9235076904297;173,48660278320312;186;
2,872;0,6155266165733337;189,68359375;207,14370727539062;186;
2,873;0,6143501400947571;189,68359375;207,14370727539062;186;
2,874;0,6915510892868042;189,68359375;207,14370727539062;186;
2,875;0,6115440130233765;189,68359375;207,14370727539062;186;
2,876;0,6103675365447998;189,68359375;207,14370727539062;186;
2,877;0,6100611686706543;188,96804809570312;171,6781463623047;186;
2,878;0,6924211978912354;188,96804809570312;171,6781463623047;186;
2,879;0,6140437722206116;188,96804809570312;171,6781463623047;186;
2,88;0,6143501400947571;189,98333740234375;228,52349853515625;186;
2,881;0,6155266165733337;189,98333740234375;228,52349853515625;186;
2,882;0,6906320452690125;189,98333740234375;228,52349853515625;186;
2,883;0,6103675365447998;189,98333740234375;228,52349853515625;186;
2,884;0,611237645149231;189,20596313476562;160,5370635986328;186;
2,885;0,6100611686706543;189,20596313476562;160,5370635986328;186;
2,886;0,6140437722206116;189,20596313476562;160,5370635986328;186;
2,887;0,615220308303833;189,20596313476562;160,5370635986328;186;
2,888;0,6143501400947571;188,03707885742188;212,26377868652344;186;
2,89;0,6911957859992981;188,03707885742188;212,26377868652344;186;
2,891;0,6103675365447998;188,03707885742188;212,26377868652344;186;
2,892;0,6100611686706543;188,9049530029297;174,54443359375;186;
2,893;0,6915020942687988;188,9049530029297;174,54443359375;186;
2,894;0,6140437722206116;188,9049530029297;174,54443359375;186;
2,895;0,6143501400947571;188,73443603515625;203,0162353515625;186;
2,896;0,6155266165733337;188,73443603515625;203,0162353515625;186;
2,897;0,6915510892868042;188,73443603515625;203,0162353515625;186;
2,898;0,6103675365447998;188,73443603515625;203,0162353515625;186;
2,899;0,611237645149231;188,53836059570312;172,1698455810547;186;
2,9;0,6100611686706543;188,53836059570312;172,1698455810547;186;
2,901;0,6912447214126587;188,53836059570312;172,1698455810547;186;
2,902;0,6155266165733337;190,76710510253906;230,84909057617188;186;
2,903;0,6143501400947571;190,76710510253906;230,84909057617188;186;
2,904;0,6906320452690125;190,76710510253906;230,84909057617188;186;
2,905;0,6115440130233765;190,76710510253906;230,84909057617188;186;
2,906;0,6103675365447998;190,76710510253906;230,84909057617188;186;
2,907;0,6100611686706543;188,9866180419922;160,77320861816406;186;
2,908;0,6924211978912354;188,9866180419922;160,77320861816406;186;
2,909;0,6140437722206116;188,9866180419922;160,77320861816406;186;
2,91;0,6143501400947571;186,57437133789062;203,11912536621094;186;
2,911;0,6155266165733337;186,57437133789062;203,11912536621094;186;
2,912;0,6143501400947571;186,57437133789062;203,11912536621094;186;
2,913;0,6103675365447998;186,57437133789062;203,11912536621094;186;
2,914;0,6135905981063843;189,6312255859375;180,5740509033203;186;
2,915;0,6100611686706543;189,6312255859375;180,5740509033203;186;
2,916;0,6903256773948669;189,6312255859375;180,5740509033203;186;
2,917;0,615220308303833;189,6312255859375;180,5740509033203;186;
2,918;0,6143501400947571;189,23947143554688;208,4004364013672;186;
2,92;0,6115440130233765;189,23947143554688;208,4004364013672;186;
2,921;0,6103675365447998;189,23947143554688;208,4004364013672;186;
2,922;0,6100611686706543;187,6591796875;164,333251953125;186;
2,923;0,611237645149231;187,6591796875;164,333251953125;186;
2,924;0,6912447214126587;187,6591796875;164,333251953125;186;
2,925;0,6143501400947571;190,17868041992188;229,30804443359375;186;
2,926;0,6155266165733337;190,17868041992188;229,30804443359375;186;
2,927;0,6906320452690125;190,17868041992188;229,30804443359375;186;
2,928;0,6103675365447998;190,17868041992188;229,30804443359375;186;
2,929;0,611237645149231;189,37733459472656;167,05044555664062;186;
2,93;0,6100611686706543;189,37733459472656;167,05044555664062;186;
2,931;0,6912447214126587;189,37733459472656;167,05044555664062;186;
2,932;0,615220308303833;189,37733459472656;167,05044555664062;186;
2,933;0,6143501400947571;186,70114135742188;202,53741455078125;186;
2,935;0,6911957859992981;186,70114135742188;202,53741455078125;186;
2,936;0,6103675365447998;186,70114135742188;202,53741455078125;186;
2,937;0,6100611686706543;189,19851684570312;176,8552703857422;186;
2,938;0,611237645149231;189,19851684570312;176,8552703857422;186;
2,939;0,6903256773948669;189,19851684570312;176,8552703857422;186;
2,94;0,6143501400947571;189,94204711914062;210,18568420410156;186;
2,941;0,6155266165733337;189,94204711914062;210,18568420410156;186;
2,942;0,6915510892868042;189,94204711914062;210,18568420410156;186;
2,943;0,6103675365447998;189,94204711914062;210,18568420410156;186;
2,944;0,6115440130233765;189,94204711914062;210,18568420410156;186;
2,945;0,6100611686706543;187,86077880859375;166,54136657714844;186;
2,946;0,6912447214126587;187,86077880859375;166,54136657714844;186;
2,947;0,615220308303833;187,86077880859375;166,54136657714844;186;
2,948;0,6143501400947571;189,90455627441406;230,4066925048828;186;
2,95;0,6918084621429443;189,90455627441406;230,4066925048828;186;
2,951;0,6103675365447998;189,90455627441406;230,4066925048828;186;
2,952;0,6100611686706543;189,69482421875;163,08493041992188;186;
2,953;0,611237645149231;189,69482421875;163,08493041992188;186;
2,954;0,6912447214126587;189,69482421875;163,08493041992188;186;
2,955;0,6140437722206116;189,69482421875;163,08493041992188;186;
2,956;0,6155266165733337;187,7984161376953;208,90740966796875;186;
2,957;0,6143501400947571;187,7984161376953;208,90740966796875;186;
2,958;0,6900193095207214;187,7984161376953;208,90740966796875;186;
2,959;0,6115440130233765;187,7984161376953;208,90740966796875;186;
2,96;0,6100611686706543;189,15386962890625;176,0266571044922;186;
2,961;0,6903256773948669;189,15386962890625;176,0266571044922;186;
2,962;0,615220308303833;189,15386962890625;176,0266571044922;186;
2,963;0,6143501400947571;189,0386199951172;201,4851837158203;186;
2,965;0,6927275657653809;189,0386199951172;201,4851837158203;186;
2,966;0,6103675365447998;189,0386199951172;201,4851837158203;186;
2,967;0,6100611686706543;188,46078491210938;172,88784790039062;186;
2,968;0,611237645149231;188,46078491210938;172,88784790039062;186;
2,969;0,6912447214126587;188,46078491210938;172,88784790039062;186;
2,97;0,6143501400947571;190,49884033203125;232,36607360839844;186;
2,971;0,6155266165733337;190,49884033203125;232,36607360839844;186;
2,972;0,6906320452690125;190,49884033203125;232,36607360839844;186;
2,973;0,6103675365447998;190,49884033203125;232,36607360839844;186;
2,974;0,6115440130233765;190,49884033203125;232,36607360839844;186;
2,975;0,6100611686706543;189,369873046875;159,87527465820312;186;
2,976;0,6912447214126587;189,369873046875;159,87527465820312;186;
2,977;0,615220308303833;189,369873046875;159,87527465820312;186;
2,978;0,6143501400947571;187,0606231689453;205,69068908691406;186;
2,98;0,6155266165733337;187,0606231689453;205,69068908691406;186;
2,981;0,6103675365447998;187,0606231689453;205,69068908691406;186;
2,982;0,6100611686706543;189,8220977783203;181,50091552734375;186;
2,983;0,611237645149231;189,8220977783203;181,50091552734375;186;
2,984;0,6903256773948669;189,8220977783203;181,50091552734375;186;
2,985;0,6140437722206116;189,8220977783203;181,50091552734375;186;
2,986;0,6155266165733337;189,2804412841797;203,77322387695312;186;
2,987;0,6143501400947571;189,2804412841797;203,77322387695312;186;
2,988;0,6103675365447998;189,2804412841797;203,77322387695312;186;
2,989;0,6115440130233765;189,2804412841797;203,77322387695312;186;
2,99;0,6100611686706543;187,75076293945312;165,9665985107422;186;
2,992;0,6924211978912354;187,75076293945312;165,9665985107422;186;
2,993;0,6143501400947571;191,26026916503906;239,16094970703125;186;
2,995;0,6918084621429443;191,26026916503906;239,16094970703125;186;
2,996;0,6103675365447998;191,26026916503906;239,16094970703125;186;
2,997;0,6100611686706543;189,84458923339844;164,04176330566406;186;
2,998;0,611237645149231;189,84458923339844;164,04176330566406;186;
2,999;0,6912447214126587;189,84458923339844;164,04176330566406;186;
3;0,6140437722206116;189,84458923339844;164,04176330566406;186;
3,001;0,6155266165733337;186,61058044433594;198,65533447265625;186;
3,002;0,6143501400947571;186,61058044433594;198,65533447265625;186;
3,003;0,6900193095207214;186,61058044433594;198,65533447265625;186;
3,004;0,6115440130233765;186,61058044433594;198,65533447265625;186;
3,005;0,6100611686706543;190,06216430664062;182,6035919189453;186;
3,007;0,6915020942687988;190,06216430664062;182,6035919189453;186;
3,008;0,6143501400947571;190,31036376953125;208,03981018066406;186;
3,01;0,6927275657653809;190,31036376953125;208,03981018066406;186;
3,011;0,6103675365447998;190,31036376953125;208,03981018066406;186;
3,013;0,611237645149231;187,66650390625;163,88522338867188;186;
3,014;0,6912447214126587;187,66650390625;163,88522338867188;186;
3,015;0,6140437722206116;187,66650390625;163,88522338867188;186;
3,016;0,6155266165733337;190,29531860351562;231,5605010986328;186;
3,017;0,6143501400947571;190,29531860351562;231,5605010986328;186;
3,018;0,6906320452690125;190,29531860351562;231,5605010986328;186;
3,019;0,6115440130233765;190,29531860351562;231,5605010986328;186;
3,02;0,6100611686706543;190,43472290039062;166,8186492919922;186;
3,022;0,615220308303833;190,43472290039062;166,8186492919922;186;
3,023;0,6140437722206116;190,43472290039062;166,8186492919922;186;
3,024;0,6143501400947571;187,57135009765625;207,35806274414062;186;
3,025;0,6155266165733337;187,57135009765625;207,35806274414062;186;
3,026;0,6103675365447998;187,57135009765625;207,35806274414062;186;
3,028;0,611237645149231;189,0943603515625;173,8377685546875;186;
3,029;0,6903256773948669;189,0943603515625;173,8377685546875;186;
3,03;0,6140437722206116;189,0943603515625;173,8377685546875;186;
3,031;0,6155266165733337;189,9608154296875;206,57423400878906;186;
3,032;0,6143501400947571;189,9608154296875;206,57423400878906;186;
3,033;0,6915510892868042;189,9608154296875;206,57423400878906;186;
3,034;0,6115440130233765;189,9608154296875;206,57423400878906;186;
3,035;0,6100611686706543;188,63079833984375;173,21165466308594;186;
3,037;0,6924211978912354;188,63079833984375;173,21165466308594;186;
3,038;0,6143501400947571;189,90455627441406;221,12600708007812;186;
3,04;0,6155266165733337;189,90455627441406;221,12600708007812;186;
3,041;0,6103675365447998;189,90455627441406;221,12600708007812;186;
3,043;0,611237645149231;189,8670654296875;163,66213989257812;186;
3,044;0,6912447214126587;189,8670654296875;163,66213989257812;186;
3,045;0,6140437722206116;189,8670654296875;163,66213989257812;186;
3,046;0,6155266165733337;188,00030517578125;211,1083526611328;186;
3,047;0,6143501400947571;188,00030517578125;211,1083526611328;186;
3,048;0,6900193095207214;188,00030517578125;211,1083526611328;186;
3,049;0,6115440130233765;188,00030517578125;211,1083526611328;186;
3,05;0,6100611686706543;189,65365600585938;177,8231201171875;186;
3,052;0,6915020942687988;189,65365600585938;177,8231201171875;186;
3,053;0,6140437722206116;189,65365600585938;177,8231201171875;186;
3,054;0,6143501400947571;189,13526916503906;202,5032958984375;186;
3,055;0,6155266165733337;189,13526916503906;202,5032958984375;186;
3,056;0,6915510892868042;189,13526916503906;202,5032958984375;186;
3,057;0,6103675365447998;189,13526916503906;202,5032958984375;186;
3,058;0,611237645149231;188,5014190673828;169,64329528808594;186;
3,059;0,6100611686706543;188,5014190673828;169,64329528808594;186;
3,06;0,6912447214126587;188,5014190673828;169,64329528808594;186;
3,061;0,6155266165733337;191,40489196777344;238,26040649414062;186;
3,062;0,6143501400947571;191,40489196777344;238,26040649414062;186;
3,063;0,6906320452690125;191,40489196777344;238,26040649414062;186;
3,064;0,6115440130233765;191,40489196777344;238,26040649414062;186;
3,065;0,6100611686706543;189,39224243164062;160,83773803710938;186;
3,067;0,6924211978912354;189,39224243164062;160,83773803710938;186;
3,068;0,6140437722206116;189,39224243164062;160,83773803710938;186;
3,069;0,6143501400947571;187,5018768310547;202,09481811523438;186;
3,07;0,6155266165733337;187,5018768310547;202,09481811523438;186;
3,071;0,6900193095207214;187,5018768310547;202,09481811523438;186;
3,072;0,6103675365447998;187,5018768310547;202,09481811523438;186;
3,073;0,611237645149231;190,47621154785156;183,69168090820312;186;
3,074;0,6100611686706543;190,47621154785156;183,69168090820312;186;
3,075;0,6140437722206116;190,47621154785156;183,69168090820312;186;
3,076;0,6155266165733337;190,14483642578125;207,8959197998047;186;
3,077;0,6143501400947571;190,14483642578125;207,8959197998047;186;
3,078;0,6915510892868042;190,14483642578125;207,8959197998047;186;
3,079;0,6115440130233765;190,14483642578125;207,8959197998047;186;
3,08;0,6103675365447998;190,14483642578125;207,8959197998047;186;
3,081;0,6100611686706543;187,87911987304688;163,10704040527344;186;
3,082;0,6924211978912354;187,87911987304688;163,10704040527344;186;
3,083;0,6140437722206116;187,87911987304688;163,10704040527344;186;
3,084;0,6143501400947571;190,22381591796875;226,58538818359375;186;
3,085;0,6155266165733337;190,22381591796875;226,58538818359375;186;
3,086;0,6906320452690125;190,22381591796875;226,58538818359375;186;
3,087;0,6103675365447998;190,22381591796875;226,58538818359375;186;
3,088;0,611237645149231;190,5516815185547;171,75172424316406;186;
3,089;0,6100611686706543;190,5516815185547;171,75172424316406;186;
3,09;0,6140437722206116;190,5516815185547;171,75172424316406;186;
3,091;0,615220308303833;190,5516815185547;171,75172424316406;186;
3,092;0,6143501400947571;187,13705444335938;201,4851837158203;186;
3,094;0,6115440130233765;187,13705444335938;201,4851837158203;186;
3,095;0,6103675365447998;187,13705444335938;201,4851837158203;186;
3,096;0,6100611686706543;189,5826416015625;176,49179077148438;186;
3,097;0,6915020942687988;189,5826416015625;176,49179077148438;186;
3,098;0,6140437722206116;189,5826416015625;176,49179077148438;186;
3,099;0,6143501400947571;190,59698486328125;211,703125;186;
3,1;0,6155266165733337;190,59698486328125;211,703125;186;
3,101;0,6915510892868042;190,59698486328125;211,703125;186;
3,102;0,6103675365447998;190,59698486328125;211,703125;186;
3,103;0,611237645149231;188,47555541992188;169,02320861816406;186;
3,104;0,6100611686706543;188,47555541992188;169,02320861816406;186;
3,105;0,6912447214126587;188,47555541992188;169,02320861816406;186;
3,106;0,6155266165733337;190,0283660888672;224,05181884765625;186;
3,107;0,6143501400947571;190,0283660888672;224,05181884765625;186;
3,108;0,6906320452690125;190,0283660888672;224,05181884765625;186;
3,109;0,6115440130233765;190,0283660888672;224,05181884765625;186;
3,11;0,6103675365447998;190,0283660888672;224,05181884765625;186;
3,111;0,6100611686706543;190,64610290527344;166,8186492919922;186;
3,112;0,6924211978912354;190,64610290527344;166,8186492919922;186;
3,113;0,6140437722206116;190,64610290527344;166,8186492919922;186;
3,114;0,6143501400947571;188,8975372314453;208,25604248046875;186;
3,115;0,6155266165733337;188,8975372314453;208,25604248046875;186;
3,116;0,6900193095207214;188,8975372314453;208,25604248046875;186;
3,117;0,6103675365447998;188,8975372314453;208,25604248046875;186;
3,118;0,611237645149231;189,41836547851562;175,25686645507812;186;
3,119;0,6100611686706543;189,41836547851562;175,25686645507812;186;
3,12;0,6903256773948669;189,41836547851562;175,25686645507812;186;
3,121;0,615220308303833;189,41836547851562;175,25686645507812;186;
3,122;0,6143501400947571;189,80711364746094;205,0592041015625;186;
3,124;0,6115440130233765;189,80711364746094;205,0592041015625;186;
3,125;0,6103675365447998;189,80711364746094;205,0592041015625;186;
3,126;0,6100611686706543;189,42955017089844;173,91322326660156;186;
3,127;0,6924211978912354;189,42955017089844;173,91322326660156;186;
3,128;0,6140437722206116;189,42955017089844;173,91322326660156;186;
3,129;0,6143501400947571;191,10446166992188;229,7023468017578;186;
3,13;0,6155266165733337;191,10446166992188;229,7023468017578;186;
3,131;0,6906320452690125;191,10446166992188;229,7023468017578;186;
3,132;0,6103675365447998;191,10446166992188;229,7023468017578;186;
3,133;0,611237645149231;189,6461944580078;160,30162048339844;186;
3,134;0,6100611686706543;189,6461944580078;160,30162048339844;186;
3,135;0,6912447214126587;189,6461944580078;160,30162048339844;186;
3,136;0,615220308303833;189,6461944580078;160,30162048339844;186;
3,137;0,6143501400947571;187,96725463867188;206,6097412109375;186;
3,139;0,6911957859992981;187,96725463867188;206,6097412109375;186;
3,14;0,6103675365447998;187,96725463867188;206,6097412109375;186;
3,141;0,6100611686706543;189,75094604492188;178,74844360351562;186;
3,142;0,6915020942687988;189,75094604492188;178,74844360351562;186;
3,143;0,6140437722206116;189,75094604492188;178,74844360351562;186;
3,144;0,6143501400947571;189,74346923828125;208,1839141845703;186;
3,145;0,6155266165733337;189,74346923828125;208,1839141845703;186;
3,146;0,6915510892868042;189,74346923828125;208,1839141845703;186;
3,147;0,6103675365447998;189,74346923828125;208,1839141845703;186;
3,148;0,611237645149231;189,74346923828125;166,10418701171875;186;
3,149;0,6100611686706543;188,33900451660156;166,10418701171875;186;
3,15;0,6912447214126587;188,33900451660156;166,10418701171875;186;
3,151;0,6155266165733337;191,49635314941406;239,4467315673828;186;
3,152;0,6143501400947571;191,49635314941406;239,4467315673828;186;
3,154;0,6115440130233765;191,49635314941406;239,4467315673828;186;
3,155;0,6103675365447998;191,49635314941406;239,4467315673828;186;
3,156;0,6100611686706543;189,51539611816406;161,6378173828125;186;
3,157;0,6924211978912354;189,51539611816406;161,6378173828125;186;
3,158;0,6140437722206116;189,51539611816406;161,6378173828125;186;
3,159;0,6143501400947571;186,7265167236328;200,64454650878906;186;
3,16;0,6155266165733337;186,7265167236328;200,64454650878906;186;
3,161;0,6143501400947571;186,7265167236328;200,64454650878906;186;
3,162;0,6103675365447998;186,7265167236328;200,64454650878906;186;
3,163;0,611237645149231;189,90081787109375;181,09083557128906;186;
3,164;0,6100611686706543;189,90081787109375;181,09083557128906;186;
3,165;0,6903256773948669;189,90081787109375;181,09083557128906;186;
3,166;0,615220308303833;189,90081787109375;181,09083557128906;186;
3,167;0,6143501400947571;190,1598663330078;209,08905029296875;186;
3,169;0,6927275657653809;190,1598663330078;209,08905029296875;186;
3,17;0,6103675365447998;190,1598663330078;209,08905029296875;186;
3,171;0,6100611686706543;188,2100067138672;165,82925415039062;186;
3,172;0,611237645149231;188,2100067138672;165,82925415039062;186;
3,173;0,6912447214126587;188,2100067138672;165,82925415039062;186;
3,174;0,6143501400947571;190,22381591796875;229,7023468017578;186;
3,175;0,6155266165733337;190,22381591796875;229,7023468017578;186;
3,176;0,6906320452690125;190,22381591796875;229,7023468017578;186;
3,177;0,6103675365447998;190,22381591796875;229,7023468017578;186;
3,178;0,611237645149231;190,2915496826172;166,51828002929688;186;
3,179;0,6100611686706543;190,2915496826172;166,51828002929688;186;
3,18;0,6912447214126587;190,2915496826172;166,51828002929688;186;
3,181;0,615220308303833;190,2915496826172;166,51828002929688;186;
3,182;0,6143501400947571;187,12977600097656;204,64035034179688;186;
3,184;0,6911957859992981;187,12977600097656;204,64035034179688;186;
3,185;0,6103675365447998;187,12977600097656;204,64035034179688;186;
3,186;0,6100611686706543;189,0237579345703;173,66200256347656;186;
3,187;0,611237645149231;189,0237579345703;173,66200256347656;186;
3,188;0,6903256773948669;189,0237579345703;173,66200256347656;186;
3,189;0,6140437722206116;189,0237579345703;173,66200256347656;186;
3,19;0,6155266165733337;189,7322235107422;207,21510314941406;186;
3,191;0,6143501400947571;189,7322235107422;207,21510314941406;186;
3,192;0,6103675365447998;189,7322235107422;207,21510314941406;186;
3,193;0,6115440130233765;189,7322235107422;207,21510314941406;186;
3,194;0,6100611686706543;188,3943328857422;171,77626037597656;186;
3,195;0,6912447214126587;188,3943328857422;171,77626037597656;186;
3,196;0,615220308303833;188,3943328857422;171,77626037597656;186;
3,197;0,6143501400947571;190,2200469970703;228,5669403076172;186;
3,199;0,6918084621429443;190,2200469970703;228,5669403076172;186;
3,2;0,6103675365447998;190,2200469970703;228,5669403076172;186;
3,201;0,6100611686706543;189,3325958251953;160,5799560546875;186;
3,202;0,611237645149231;189,3325958251953;160,5799560546875;186;
3,203;0,6912447214126587;189,3325958251953;160,5799560546875;186;
3,204;0,6140437722206116;189,3325958251953;160,5799560546875;186;
3,205;0,6155266165733337;187,53842163085938;210,18568420410156;186;
3,206;0,6143501400947571;187,53842163085938;210,18568420410156;186;
3,207;0,6900193095207214;187,53842163085938;210,18568420410156;186;
3,208;0,6115440130233765;187,53842163085938;210,18568420410156;186;
3,209;0,6100611686706543;188,7640838623047;174,5697784423828;186;
3,21;0,6903256773948669;188,7640838623047;174,5697784423828;186;
3,211;0,615220308303833;188,7640838623047;174,5697784423828;186;
3,212;0,6143501400947571;188,9012451171875;205,93731689453125;186;
3,214;0,6927275657653809;188,9012451171875;205,93731689453125;186;
3,215;0,6103675365447998;188,9012451171875;205,93731689453125;186;
3,216;0,6100611686706543;188,47555541992188;170,82440185546875;186;
3,217;0,611237645149231;188,47555541992188;170,82440185546875;186;
3,218;0,6912447214126587;188,47555541992188;170,82440185546875;186;
3,219;0,6143501400947571;191,06649780273438;235,27633666992188;186;
3,22;0,6155266165733337;191,06649780273438;235,27633666992188;186;
3,221;0,6143501400947571;191,06649780273438;235,27633666992188;186;
3,222;0,6103675365447998;191,06649780273438;235,27633666992188;186;
3,223;0,6115440130233765;191,06649780273438;235,27633666992188;186;
3,224;0,6100611686706543;189,16131591796875;160,1734619140625;186;
3,225;0,6912447214126587;189,16131591796875;160,1734619140625;186;
3,226;0,615220308303833;189,16131591796875;160,1734619140625;186;
3,227;0,6143501400947571;186,71563720703125;202,87918090820312;186;
3,229;0,6155266165733337;186,71563720703125;202,87918090820312;186;
3,23;0,6103675365447998;186,71563720703125;202,87918090820312;186;
3,231;0,6100611686706543;189,9270477294922;181,72039794921875;186;
3,232;0,611237645149231;189,9270477294922;181,72039794921875;186;
3,233;0,6903256773948669;189,9270477294922;181,72039794921875;186;
3,234;0,6140437722206116;189,9270477294922;181,72039794921875;186;
3,235;0,6155266165733337;189,72848510742188;208,25604248046875;186;
3,236;0,6143501400947571;189,72848510742188;208,25604248046875;186;
3,237;0,6915510892868042;189,72848510742188;208,25604248046875;186;
3,238;0,6115440130233765;189,72848510742188;208,25604248046875;186;
3,239;0,6100611686706543;188,00765991210938;163,5508270263672;186;
3,241;0,6924211978912354;188,00765991210938;163,5508270263672;186;
3,242;0,6143501400947571;190,634765625;234,22210693359375;186;
3,244;0,6918084621429443;190,634765625;234,22210693359375;186;
3,245;0,6103675365447998;190,634765625;234,22210693359375;186;
3,247;0,611237645149231;189,7659149169922;165,3957977294922;186;
3,248;0,6912447214126587;189,7659149169922;165,3957977294922;186;
3,249;0,6140437722206116;189,7659149169922;165,3957977294922;186;
3,25;0,6155266165733337;186,51649475097656;200,61105346679688;186;
3,251;0,6143501400947571;186,51649475097656;200,61105346679688;186;
3,252;0,6900193095207214;186,51649475097656;200,61105346679688;186;
3,253;0,6115440130233765;186,51649475097656;200,61105346679688;186;
3,254;0,6100611686706543;188,97547912597656;175,89788818359375;186;
3,256;0,6915020942687988;188,97547912597656;175,89788818359375;186;
3,257;0,6140437722206116;188,97547912597656;175,89788818359375;186;
3,258;0,6143501400947571;190,05841064453125;213,31832885742188;186;
3,259;0,6155266165733337;190,05841064453125;213,31832885742188;186;
3,26;0,6103675365447998;190,05841064453125;213,31832885742188;186;
3,262;0,611237645149231;187,9635772705078;167,4459686279297;186;
3,263;0,6912447214126587;187,9635772705078;167,4459686279297;186;
3,264;0,6140437722206116;187,9635772705078;167,4459686279297;186;
3,265;0,6155266165733337;189,75843811035156;227,3136749267578;186;
3,266;0,6143501400947571;189,75843811035156;227,3136749267578;186;
3,267;0,6906320452690125;189,75843811035156;227,3136749267578;186;
3,268;0,6115440130233765;189,75843811035156;227,3136749267578;186;
3,269;0,6100611686706543;189,75094604492188;163,50633239746094;186;
3,271;0,6924211978912354;189,75094604492188;163,50633239746094;186;
3,272;0,6140437722206116;189,75094604492188;163,50633239746094;186;
3,273;0,6143501400947571;187,32293701171875;207,6445770263672;186;
3,274;0,6155266165733337;187,32293701171875;207,6445770263672;186;
3,275;0,6900193095207214;187,32293701171875;207,6445770263672;186;
3,276;0,6103675365447998;187,32293701171875;207,6445770263672;186;
3,277;0,611237645149231;188,97547912597656;176,28475952148438;186;
3,278;0,6100611686706543;188,97547912597656;176,28475952148438;186;
3,279;0,6140437722206116;188,97547912597656;176,28475952148438;186;
3,28;0,6155266165733337;189,21340942382812;202,7765350341797;186;
3,281;0,6143501400947571;189,21340942382812;202,7765350341797;186;
3,282;0,6915510892868042;189,21340942382812;202,7765350341797;186;
3,283;0,6115440130233765;189,21340942382812;202,7765350341797;186;
3,284;0,6100611686706543;188,79000854492188;173,01223754882812;186;
3,286;0,6924211978912354;188,79000854492188;173,01223754882812;186;
3,287;0,6140437722206116;188,79000854492188;173,01223754882812;186;
3,288;0,6143501400947571;190,16738891601562;228,26316833496094;186;
3,289;0,6155266165733337;190,16738891601562;228,26316833496094;186;
3,29;0,6103675365447998;190,16738891601562;228,26316833496094;186;
3,292;0,611237645149231;188,9049530029297;159,9178009033203;186;
3,293;0,6100611686706543;188,9049530029297;159,9178009033203;186;
3,294;0,6140437722206116;188,9049530029297;159,9178009033203;186;
3,295;0,6155266165733337;186,9006805419922;206,043212890625;186;
3,296;0,6143501400947571;186,9006805419922;206,043212890625;186;
3,298;0,6115440130233765;186,9006805419922;206,043212890625;186;
3,299;0,6100611686706543;189,38107299804688;180,00628662109375;186;
3,301;0,6915020942687988;189,38107299804688;180,00628662109375;186;
3,302;0,6140437722206116;189,38107299804688;180,00628662109375;186;
3,303;0,6143501400947571;189,40716552734375;207,8959197998047;186;
3,304;0,6155266165733337;189,40716552734375;207,8959197998047;186;
3,305;0,6915510892868042;189,40716552734375;207,8959197998047;186;
3,306;0,6103675365447998;189,40716552734375;207,8959197998047;186;
3,307;0,611237645149231;187,74342346191406;165,373046875;186;
3,308;0,6100611686706543;187,74342346191406;165,373046875;186;
3,309;0,6912447214126587;187,74342346191406;165,373046875;186;
3,31;0,6155266165733337;191,11964416503906;239,3037567138672;186;
3,311;0,6143501400947571;191,11964416503906;239,3037567138672;186;
3,312;0,6906320452690125;191,11964416503906;239,3037567138672;186;
3,313;0,6115440130233765;191,11964416503906;239,3037567138672;186;
3,314;0,6103675365447998;191,11964416503906;239,3037567138672;186;
3,315;0,6100611686706543;189,42955017089844;162,5117645263672;186;
3,316;0,6924211978912354;189,42955017089844;162,5117645263672;186;
3,317;0,6140437722206116;189,42955017089844;162,5117645263672;186;
3,318;0,6143501400947571;186,54905700683594;198,6881561279297;186;
3,319;0,6155266165733337;186,54905700683594;198,6881561279297;186;
3,32;0,6900193095207214;186,54905700683594;198,6881561279297;186;
3,321;0,6103675365447998;186,54905700683594;198,6881561279297;186;
3,322;0,611237645149231;189,64991760253906;180,11416625976562;186;
3,323;0,6100611686706543;189,64991760253906;180,11416625976562;186;
3,324;0,6903256773948669;189,64991760253906;180,11416625976562;186;
3,325;0,6155266165733337;190,4950714111328;214,30697631835938;186;
3,326;0,6143501400947571;190,4950714111328;214,30697631835938;186;
3,327;0,6915510892868042;190,4950714111328;214,30697631835938;186;
3,328;0,6115440130233765;190,4950714111328;214,30697631835938;186;
3,329;0,6103675365447998;190,4950714111328;214,30697631835938;186;
3,33;0,6100611686706543;187,88279724121094;162,8860626220703;186;
3,331;0,611237645149231;187,88279724121094;162,8860626220703;186;
3,332;0,6140437722206116;187,88279724121094;162,8860626220703;186;
3,333;0,6143501400947571;189,34378051757812;223,13699340820312;186;
3,334;0,6155266165733337;189,34378051757812;223,13699340820312;186;
3,335;0,6906320452690125;189,34378051757812;223,13699340820312;186;
3,336;0,6103675365447998;189,34378051757812;223,13699340820312;186;
3,337;0,611237645149231;190,33673095703125;171,62913513183594;186;
3,338;0,6100611686706543;190,33673095703125;171,62913513183594;186;
3,339;0,6912447214126587;190,33673095703125;171,62913513183594;186;
3,34;0,615220308303833;190,33673095703125;171,62913513183594;186;
3,341;0,6143501400947571;187,111572265625;203,94606018066406;186;
3,343;0,6911957859992981;187,111572265625;203,94606018066406;186;
3,344;0,6103675365447998;187,111572265625;203,94606018066406;186;
3,345;0,6100611686706543;188,8419189453125;173,5617218017578;186;
3,346;0,611237645149231;188,8419189453125;173,5617218017578;186;
3,347;0,6140437722206116;188,8419189453125;173,5617218017578;186;
3,348;0,6143501400947571;189,9383087158203;208,83482360839844;186;
3,349;0,6155266165733337;189,9383087158203;208,83482360839844;186;
3,35;0,6915510892868042;189,9383087158203;208,83482360839844;186;
3,351;0,6103675365447998;189,9383087158203;208,83482360839844;186;
3,352;0,611237645149231;188,93093872070312;173,1118927001953;186;
3,353;0,6100611686706543;188,93093872070312;173,1118927001953;186;
3,354;0,6912447214126587;188,93093872070312;173,1118927001953;186;
3,355;0,615220308303833;188,93093872070312;173,1118927001953;186;
3,356;0,6143501400947571;190,325439453125;229,5707550048828;186;
3,358;0,6115440130233765;190,325439453125;229,5707550048828;186;
3,359;0,6103675365447998;190,325439453125;229,5707550048828;186;
3,36;0,6100611686706543;189,60879516601562;158,77734375;186;
3,361;0,611237645149231;189,60879516601562;158,77734375;186;
3,362;0,6624875068664551;189,60879516601562;158,77734375;186;
3,363;0,6122056245803833;188,62710571289062;212,71444702148438;186;
3,364;0,6133821606636047;188,62710571289062;212,71444702148438;186;
3,365;0,6122056245803833;188,62710571289062;212,71444702148438;186;
3,366;0,6103675365447998;188,62710571289062;212,71444702148438;186;
3,367;0,611237645149231;189,53033447265625;177,79681396484375;186;
3,368;0,6100611686706543;189,53033447265625;177,79681396484375;186;
3,369;0,6903256773948669;189,53033447265625;177,79681396484375;186;
3,37;0,615220308303833;189,53033447265625;177,79681396484375;186;
3,371;0,6143501400947571;189,24319458007812;201,31649780273438;186;
3,373;0,6927275657653809;189,24319458007812;201,31649780273438;186;
3,374;0,6103675365447998;189,24319458007812;201,31649780273438;186;
3,375;0,6100611686706543;188,85302734375;170,9701385498047;186;
3,376;0,611237645149231;188,85302734375;170,9701385498047;186;
3,377;0,6912447214126587;188,85302734375;170,9701385498047;186;
3,378;0,6143501400947571;191,45823669433594;237,41351318359375;186;
3,379;0,6155266165733337;191,45823669433594;237,41351318359375;186;
3,38;0,6906320452690125;191,45823669433594;237,41351318359375;186;
3,381;0,6103675365447998;191,45823669433594;237,41351318359375;186;
3,382;0,6115440130233765;191,45823669433594;237,41351318359375;186;
3,383;0,6100611686706543;189,1427001953125;159,0293731689453;186;
3,384;0,6912447214126587;189,1427001953125;159,0293731689453;186;
3,385;0,615220308303833;189,1427001953125;159,0293731689453;186;
3,386;0,6143501400947571;186,697509765625;203,669677734375;186;
3,388;0,6911957859992981;186,697509765625;203,669677734375;186;
3,389;0,6103675365447998;186,697509765625;203,669677734375;186;
3,39;0,6100611686706543;190,54791259765625;184,08544921875;186;
3,391;0,611237645149231;190,54791259765625;184,08544921875;186;
3,392;0,6903256773948669;190,54791259765625;184,08544921875;186;
3,393;0,6143501400947571;189,93080139160156;206,71632385253906;186;
3,394;0,6155266165733337;189,93080139160156;206,71632385253906;186;
3,395;0,6915510892868042;189,93080139160156;206,71632385253906;186;
3,396;0,6103675365447998;189,93080139160156;206,71632385253906;186;
3,397;0,6115440130233765;189,93080139160156;206,71632385253906;186;
3,398;0,6100611686706543;187,699462890625;163,26210021972656;186;
3,4;0,615220308303833;187,699462890625;163,26210021972656;186;
3,401;0,6143501400947571;190,52903747558594;230,71620178222656;186;
3,403;0,6918084621429443;190,52903747558594;230,71620178222656;186;
3,404;0,6103675365447998;190,52903747558594;230,71620178222656;186;
3,405;0,6100611686706543;190,23886108398438;169,11831665039062;186;
3,406;0,611237645149231;190,23886108398438;169,11831665039062;186;
3,407;0,6140437722206116;190,23886108398438;169,11831665039062;186;
3,409;0,6155266165733337;186,6685333251953;199,3470458984375;186;
3,41;0,6143501400947571;186,6685333251953;199,3470458984375;186;
3,411;0,6900193095207214;186,6685333251953;199,3470458984375;186;
3,412;0,6115440130233765;186,6685333251953;199,3470458984375;186;
3,413;0,6100611686706543;189,6312255859375;177,98106384277344;186;
3,415;0,615220308303833;189,6312255859375;177,98106384277344;186;
3,416;0,6143501400947571;190,56300354003906;212,60159301757812;186;
3,418;0,6927275657653809;190,56300354003906;212,60159301757812;186;
3,419;0,6103675365447998;190,56300354003906;212,60159301757812;186;
3,42;0,6100611686706543;188,08119201660156;167,05044555664062;186;
3,421;0,611237645149231;188,08119201660156;167,05044555664062;186;
3,422;0,6912447214126587;188,08119201660156;167,05044555664062;186;
3,423;0,6140437722206116;188,08119201660156;167,05044555664062;186;
3,424;0,6155266165733337;189,79962158203125;224,59593200683594;186;
3,425;0,6143501400947571;189,79962158203125;224,59593200683594;186;
3,426;0,6103675365447998;189,79962158203125;224,59593200683594;186;
3,427;0,6115440130233765;189,79962158203125;224,59593200683594;186;
3,428;0,607708215713501;190,4422607421875;167,1433563232422;186;
3,429;0,6912447214126587;190,4422607421875;167,1433563232422;186;
3,43;0,615220308303833;190,4422607421875;167,1433563232422;186;
3,431;0,6143501400947571;188,5790252685547;210,55377197265625;186;
3,433;0,6911957859992981;188,5790252685547;210,55377197265625;186;
3,434;0,6103675365447998;188,5790252685547;210,55377197265625;186;
3,435;0,6100611686706543;189,53033447265625;175,43588256835938;186;
3,436;0,611237645149231;189,53033447265625;175,43588256835938;186;
3,437;0,6903256773948669;189,53033447265625;175,43588256835938;186;
3,438;0,6140437722206116;189,53033447265625;175,43588256835938;186;
3,439;0,6155266165733337;189,85581970214844;202,2648162841797;186;
3,44;0,6143501400947571;189,85581970214844;202,2648162841797;186;
3,441;0,6915510892868042;189,85581970214844;202,2648162841797;186;
3,442;0,6115440130233765;189,85581970214844;202,2648162841797;186;
3,443;0,6100611686706543;189,2804412841797;174,013916015625;186;
3,445;0,615220308303833;189,2804412841797;174,013916015625;186;
3,446;0,6143501400947571;190,9185791015625;230,36253356933594;186;
3,448;0,6918084621429443;190,9185791015625;230,36253356933594;186;
3,449;0,6103675365447998;190,9185791015625;230,36253356933594;186;
3,45;0,6100611686706543;190,9185791015625;230,36253356933594;186;
3,451;0,611237645149231;189,78839111328125;160,36575317382812;186;
3,452;0,6912447214126587;189,78839111328125;160,36575317382812;186;
3,453;0,6140437722206116;189,78839111328125;160,36575317382812;186;
3,454;0,6155266165733337;188,0885467529297;206,89418029785156;186;
3,455;0,6143501400947571;188,0885467529297;206,89418029785156;186;
3,456;0,6900193095207214;188,0885467529297;206,89418029785156;186;
3,457;0,6115440130233765;188,0885467529297;206,89418029785156;186;
3,458;0,6100611686706543;190,25013732910156;181,830322265625;186;
3,46;0,615220308303833;190,25013732910156;181,830322265625;186;
3,461;0,6143501400947571;189,60133361816406;204,362060546875;186;
3,463;0,6927275657653809;189,60133361816406;204,362060546875;186;
3,464;0,6103675365447998;189,60133361816406;204,362060546875;186;
3,466;0,611237645149231;188,17318725585938;166,10418701171875;186;
3,467;0,6912447214126587;188,17318725585938;166,10418701171875;186;
3,468;0,6140437722206116;188,17318725585938;166,10418701171875;186;
3,469;0,6155266165733337;191,42774963378906;236,89894104003906;186;
3,47;0,6143501400947571;191,42774963378906;236,89894104003906;186;
3,471;0,6906320452690125;191,42774963378906;236,89894104003906;186;
3,472;0,6115440130233765;191,42774963378906;236,89894104003906;186;
3,473;0,6100611686706543;189,85581970214844;164,13133239746094;186;
3,475;0,615220308303833;189,85581970214844;164,13133239746094;186;
3,476;0,6140437722206116;189,85581970214844;164,13133239746094;186;
3,477;0,6143501400947571;186,9006805419922;199,7113037109375;186;
3,478;0,6155266165733337;186,9006805419922;199,7113037109375;186;
3,479;0,6900193095207214;186,9006805419922;199,7113037109375;186;
3,48;0,6103675365447998;186,9006805419922;199,7113037109375;186;
3,481;0,611237645149231;189,86331176757812;179,60293579101562;186;
3,482;0,6903256773948669;189,86331176757812;179,60293579101562;186;
3,483;0,6140437722206116;189,86331176757812;179,60293579101562;186;
3,484;0,6155266165733337;190,4648895263672;212,75209045410156;186;
3,485;0,6143501400947571;190,4648895263672;212,75209045410156;186;
3,486;0,6915510892868042;190,4648895263672;212,75209045410156;186;
3,487;0,6115440130233765;190,4648895263672;212,75209045410156;186;
3,488;0,6100611686706543;187,98194885253906;165,1685791015625;186;
3,49;0,6924211978912354;187,98194885253906;165,1685791015625;186;
3,491;0,6143501400947571;190,378173828125;229,48312377929688;186;
3,493;0,6155266165733337;190,378173828125;229,48312377929688;186;
3,494;0,6103675365447998;190,378173828125;229,48312377929688;186;
3,496;0,611237645149231;190,39324951171875;166,19601440429688;186;
3,497;0,6912447214126587;190,39324951171875;166,19601440429688;186;
3,498;0,6140437722206116;190,39324951171875;166,19601440429688;186;
3,499;0,6155266165733337;187,4178466796875;204,57070922851562;186;
3,5;0,6143501400947571;187,4178466796875;204,57070922851562;186;
3,501;0,6900193095207214;187,4178466796875;204,57070922851562;186;
3,502;0,6115440130233765;187,4178466796875;204,57070922851562;186;
3,503;0,6100611686706543;189,07949829101562;174,89993286132812;186;
3,505;0,6915020942687988;189,07949829101562;174,89993286132812;186;
3,506;0,6140437722206116;189,07949829101562;174,89993286132812;186;
3,507;0,6143501400947571;189,88955688476562;207,1793975830078;186;
3,508;0,6155266165733337;189,88955688476562;207,1793975830078;186;
3,509;0,6915510892868042;189,88955688476562;207,1793975830078;186;
3,51;0,6103675365447998;189,88955688476562;207,1793975830078;186;
3,511;0,611237645149231;188,8419189453125;172,36732482910156;186;
3,512;0,6100611686706543;188,8419189453125;172,36732482910156;186;
3,513;0,6140437722206116;188,8419189453125;172,36732482910156;186;
3,514;0,6155266165733337;190,09222412109375;226,15916442871094;186;
3,515;0,6143501400947571;190,09222412109375;226,15916442871094;186;
3,516;0,6906320452690125;190,09222412109375;226,15916442871094;186;
3,517;0,6115440130233765;190,09222412109375;226,15916442871094;186;
3,518;0,6100611686706543;189,3586883544922;160,83773803710938;186;
3,52;0,6924211978912354;189,3586883544922;160,83773803710938;186;
3,521;0,6140437722206116;189,3586883544922;160,83773803710938;186;
3,522;0,6143501400947571;187,684814453125;211,21961975097656;186;
3,523;0,6155266165733337;187,684814453125;211,21961975097656;186;
3,524;0,6900193095207214;187,684814453125;211,21961975097656;186;
3,525;0,6103675365447998;187,684814453125;211,21961975097656;186;
3,526;0,611237645149231;189,61253356933594;179,0946044921875;186;
3,527;0,6100611686706543;189,61253356933594;179,0946044921875;186;
3,528;0,6140437722206116;189,61253356933594;179,0946044921875;186;
3,529;0,6155266165733337;188,97547912597656;198,78672790527344;186;
3,53;0,6143501400947571;188,97547912597656;198,78672790527344;186;
3,531;0,6915510892868042;188,97547912597656;198,78672790527344;186;
3,532;0,6115440130233765;188,97547912597656;198,78672790527344;186;
3,533;0,6103675365447998;188,97547912597656;198,78672790527344;186;
3,534;0,6100611686706543;188,48294067382812;171,58013916015625;186;
3,535;0,6924211978912354;188,48294067382812;171,58013916015625;186;
3,536;0,6140437722206116;188,48294067382812;171,58013916015625;186;
3,537;0,6143501400947571;190,89205932617188;233,04168701171875;186;
3,538;0,6155266165733337;190,89205932617188;233,04168701171875;186;
3,539;0,6906320452690125;190,89205932617188;233,04168701171875;186;
3,54;0,6103675365447998;190,89205932617188;233,04168701171875;186;
3,541;0,611237645149231;188,96063232421875;160,515625;186;
3,542;0,6100611686706543;188,96063232421875;160,515625;186;
3,543;0,6140437722206116;188,96063232421875;160,515625;186;
3,544;0,615220308303833;188,96063232421875;160,515625;186;
3,545;0,6143501400947571;186,433349609375;200,1768341064453;186;
3,547;0,6911957859992981;186,433349609375;200,1768341064453;186;
3,548;0,6103675365447998;186,433349609375;200,1768341064453;186;
3,549;0,6100611686706543;189,61627197265625;181,91285705566406;186;
3,55;0,6915020942687988;189,61627197265625;181,91285705566406;186;
3,551;0,6140437722206116;189,61627197265625;181,91285705566406;186;
3,552;0,6143501400947571;189,37733459472656;208,87109375;186;
3,553;0,6155266165733337;189,37733459472656;208,87109375;186;
3,554;0,6915510892868042;189,37733459472656;208,87109375;186;
3,555;0,6103675365447998;189,37733459472656;208,87109375;186;
3,556;0,611237645149231;187,03878784179688;163,6175994873047;186;
3,557;0,6100611686706543;187,03878784179688;163,6175994873047;186;
3,558;0,6912447214126587;187,03878784179688;163,6175994873047;186;
3,559;0,6155266165733337;187,03878784179688;163,6175994873047;186;
3,56;0,6143501400947571;190,035888671875;229,5707550048828;186;
3,562;0,6115440130233765;190,035888671875;229,5707550048828;186;
3,563;0,6103675365447998;190,035888671875;229,5707550048828;186;
3,564;0,6100611686706543;189,47433471679688;167,98406982421875;186;
3,565;0,6924211978912354;189,47433471679688;167,98406982421875;186;
3,566;0,6140437722206116;189,47433471679688;167,98406982421875;186;
3,567;0,6143501400947571;186,62867736816406;202,6398162841797;186;
3,568;0,6155266165733337;186,62867736816406;202,6398162841797;186;
3,569;0,6900193095207214;186,62867736816406;202,6398162841797;186;
3,57;0,6103675365447998;186,62867736816406;202,6398162841797;186;
3,571;0,611237645149231;189,24319458007812;177,3771209716797;186;
3,572;0,6100611686706543;189,24319458007812;177,3771209716797;186;
3,573;0,6903256773948669;189,24319458007812;177,3771209716797;186;
3,574;0,615220308303833;189,24319458007812;177,3771209716797;186;
3,575;0,6143501400947571;190,1072540283203;208,1839141845703;186;
3,577;0,6927275657653809;190,1072540283203;208,1839141845703;186;
3,578;0,6103675365447998;190,1072540283203;208,1839141845703;186;
3,579;0,6100611686706543;188,09222412109375;168,12503051757812;186;
3,58;0,611237645149231;188,09222412109375;168,12503051757812;186;
3,581;0,6140437722206116;188,09222412109375;168,12503051757812;186;
3,582;0,6143501400947571;189,3586883544922;222,06539916992188;186;
3,583;0,6155266165733337;189,3586883544922;222,06539916992188;186;
3,584;0,6906320452690125;189,3586883544922;222,06539916992188;186;
3,585;0,6103675365447998;189,3586883544922;222,06539916992188;186;
3,586;0,611237645149231;190,0246124267578;167,67950439453125;186;
3,587;0,6100611686706543;190,0246124267578;167,67950439453125;186;
3,588;0,6912447214126587;190,0246124267578;167,67950439453125;186;
3,589;0,615220308303833;190,0246124267578;167,67950439453125;186;
3,59;0,6143501400947571;187,94520568847656;207,39382934570312;186;
3,592;0,6911957859992981;187,94520568847656;207,39382934570312;186;
3,593;0,6103675365447998;187,94520568847656;207,39382934570312;186;
3,594;0,6100611686706543;189,1092529296875;175,7179412841797;186;
3,595;0,611237645149231;189,1092529296875;175,7179412841797;186;
3,596;0,6140437722206116;189,1092529296875;175,7179412841797;186;
3,598;0,6155266165733337;189,11666870117188;202,70816040039062;186;
3,599;0,6143501400947571;189,11666870117188;202,70816040039062;186;
3,6;0,6103675365447998;189,11666870117188;202,70816040039062;186;
3,601;0,6115440130233765;189,11666870117188;202,70816040039062;186;
3,602;0,6100611686706543;188,44232177734375;172,7388153076172;186;
3,603;0,6912447214126587;188,44232177734375;172,7388153076172;186;
3,604;0,615220308303833;188,44232177734375;172,7388153076172;186;
3,605;0,6143501400947571;190,54412841796875;230,6719207763672;186;
3,607;0,6918084621429443;190,54412841796875;230,6719207763672;186;
3,608;0,6103675365447998;190,54412841796875;230,6719207763672;186;
3,609;0,6100611686706543;188,94207763671875;158,63070678710938;186;
3,61;0,611237645149231;188,94207763671875;158,63070678710938;186;
3,611;0,6140437722206116;188,94207763671875;158,63070678710938;186;
3,613;0,6155266165733337;187,69580078125;209,016357421875;186;
3,614;0,6143501400947571;187,69580078125;209,016357421875;186;
3,615;0,6900193095207214;187,69580078125;209,016357421875;186;
3,616;0,6115440130233765;187,69580078125;209,016357421875;186;
3,617;0,6100611686706543;189,60879516601562;180,7097625732422;186;
3,618;0,6903256773948669;189,60879516601562;180,7097625732422;186;
3,619;0,615220308303833;189,60879516601562;180,7097625732422;186;
3,62;0,6143501400947571;189,18734741210938;203,42845153808594;186;
3,622;0,6927275657653809;189,18734741210938;203,42845153808594;186;
3,623;0,6103675365447998;189,18734741210938;203,42845153808594;186;
3,624;0,6100611686706543;187,65185546875;165,64646911621094;186;
3,625;0,611237645149231;187,65185546875;165,64646911621094;186;
3,626;0,6912447214126587;187,65185546875;165,64646911621094;186;
3,627;0,6143501400947571;191,21083068847656;241,5635986328125;186;
3,628;0,6155266165733337;191,21083068847656;241,5635986328125;186;
3,629;0,6143501400947571;191,21083068847656;241,5635986328125;186;
3,63;0,6103675365447998;191,21083068847656;241,5635986328125;186;
3,631;0,6115440130233765;191,21083068847656;241,5635986328125;186;
3,632;0,6100611686706543;189,5826416015625;162,6436767578125;186;
3,633;0,6912447214126587;189,5826416015625;162,6436767578125;186;
3,634;0,615220308303833;189,5826416015625;162,6436767578125;186;
3,635;0,6143501400947571;186,38275146484375;197,64295959472656;186;
3,637;0,6155266165733337;186,38275146484375;197,64295959472656;186;
3,638;0,6103675365447998;186,38275146484375;197,64295959472656;186;
3,639;0,6100611686706543;189,9270477294922;181,72039794921875;186;
3,64;0,611237645149231;189,9270477294922;181,72039794921875;186;
3,641;0,6903256773948669;189,9270477294922;181,72039794921875;186;
3,642;0,6140437722206116;189,9270477294922;181,72039794921875;186;
3,643;0,6155266165733337;189,97958374023438;209,52633666992188;186;
3,644;0,6143501400947571;189,97958374023438;209,52633666992188;186;
3,645;0,6103675365447998;189,97958374023438;209,52633666992188;186;
3,646;0,6115440130233765;189,97958374023438;209,52633666992188;186;
3,647;0,6100611686706543;187,59695434570312;164,78372192382812;186;
3,649;0,6924211978912354;187,59695434570312;164,78372192382812;186;
3,65;0,6143501400947571;189,70602416992188;225,1427001953125;186;
3,652;0,6918084621429443;189,70602416992188;225,1427001953125;186;
3,653;0,6103675365447998;189,70602416992188;225,1427001953125;186;
3,654;0,6100611686706543;190,18243408203125;168,5965576171875;186;
3,655;0,611237645149231;190,18243408203125;168,5965576171875;186;
3,656;0,6912447214126587;190,18243408203125;168,5965576171875;186;
3,657;0,6140437722206116;190,18243408203125;168,5965576171875;186;
3,658;0,6155266165733337;187,0788116455078;206,71632385253906;186;
3,659;0,6143501400947571;187,0788116455078;206,71632385253906;186;
3,66;0,6900193095207214;187,0788116455078;206,71632385253906;186;
3,661;0,6115440130233765;187,0788116455078;206,71632385253906;186;
3,662;0,6100611686706543;188,5531463623047;171,9974365234375;186;
3,664;0,6915020942687988;188,5531463623047;171,9974365234375;186;
3,665;0,6143501400947571;189,9120635986328;210,2592010498047;186;
3,667;0,6155266165733337;189,9120635986328;210,2592010498047;186;
3,668;0,6103675365447998;189,9120635986328;210,2592010498047;186;
3,67;0,611237645149231;188,3611297607422;170,94583129882812;186;
3,671;0,6912447214126587;188,3611297607422;170,94583129882812;186;
3,672;0,6140437722206116;188,3611297607422;170,94583129882812;186;
3,673;0,6155266165733337;190,0884552001953;227,960205078125;186;
3,674;0,6143501400947571;190,0884552001953;227,960205078125;186;
3,675;0,6906320452690125;190,0884552001953;227,960205078125;186;
3,676;0,6115440130233765;190,0884552001953;227,960205078125;186;
3,677;0,6100611686706543;189,51913452148438;161,42079162597656;186;
3,679;0,6924211978912354;189,51913452148438;161,42079162597656;186;
3,68;0,6140437722206116;189,51913452148438;161,42079162597656;186;
3,681;0,6143501400947571;188,2947540283203;212,03916931152344;186;
3,682;0,6155266165733337;188,2947540283203;212,03916931152344;186;
3,683;0,6900193095207214;188,2947540283203;212,03916931152344;186;
3,684;0,6103675365447998;188,2947540283203;212,03916931152344;186;
3,685;0,611237645149231;189,89706420898438;179,44210815429688;186;
3,686;0,6903256773948669;189,89706420898438;179,44210815429688;186;
3,687;0,6140437722206116;189,89706420898438;179,44210815429688;186;
3,688;0,6155266165733337;189,0720672607422;199,14892578125;186;
3,689;0,6143501400947571;189,0720672607422;199,14892578125;186;
3,69;0,6915510892868042;189,0720672607422;199,14892578125;186;
3,691;0,6115440130233765;189,0720672607422;199,14892578125;186;
3,692;0,6100611686706543;188,8233642578125;170,36447143554688;186;
3,694;0,6924211978912354;188,8233642578125;170,36447143554688;186;
3,695;0,6143501400947571;190,94509887695312;233,3583221435547;186;
3,697;0,6918084621429443;190,94509887695312;233,3583221435547;186;
3,698;0,6103675365447998;190,94509887695312;233,3583221435547;186;
3,7;0,611237645149231;189,54901123046875;162,3800811767578;186;
3,701;0,6912447214126587;189,54901123046875;162,3800811767578;186;
3,702;0,6140437722206116;189,54901123046875;162,3800811767578;186;
3,703;0,6155266165733337;186,8679962158203;200,31024169921875;186;
3,704;0,6143501400947571;186,8679962158203;200,31024169921875;186;
3,706;0,6115440130233765;186,8679962158203;200,31024169921875;186;
3,707;0,6100611686706543;190,54791259765625;186,2816925048828;186;
3,709;0,6915020942687988;190,54791259765625;186,2816925048828;186;
3,71;0,6140437722206116;190,54791259765625;186,2816925048828;186;
3,711;0,6143501400947571;189,81085205078125;204,95433044433594;186;
3,712;0,6155266165733337;189,81085205078125;204,95433044433594;186;
3,713;0,6103675365447998;189,81085205078125;204,95433044433594;186;
3,715;0,611237645149231;187,49456787109375;164,1089324951172;186;
3,716;0,6100611686706543;187,49456787109375;164,1089324951172;186;
3,717;0,6140437722206116;187,49456787109375;164,1089324951172;186;
3,718;0,6155266165733337;190,46865844726562;229,61459350585938;186;
3,719;0,6143501400947571;190,46865844726562;229,61459350585938;186;
3,72;0,6906320452690125;190,46865844726562;229,61459350585938;186;
3,721;0,6115440130233765;190,46865844726562;229,61459350585938;186;
3,722;0,6871200203895569;190,34426879882812;169,57151794433594;186;
3,723;0,6100611686706543;190,34426879882812;169,57151794433594;186;
3,724;0,6924211978912354;190,34426879882812;169,57151794433594;186;
3,725;0,6140437722206116;190,34426879882812;169,57151794433594;186;
3,726;0,6143501400947571;187,44705200195312;202,6398162841797;186;
3,727;0,6155266165733337;187,44705200195312;202,6398162841797;186;
3,728;0,6900193095207214;187,44705200195312;202,6398162841797;186;
3,729;0,6103675365447998;187,44705200195312;202,6398162841797;186;
3,73;0,611237645149231;189,46685791015625;175,3335418701172;186;
3,731;0,6100611686706543;189,46685791015625;175,3335418701172;186;
3,732;0,6140437722206116;189,46685791015625;175,3335418701172;186;
3,733;0,6155266165733337;190,74441528320312;212,33876037597656;186;
3,734;0,6143501400947571;190,74441528320312;212,33876037597656;186;
3,735;0,74879390001297;190,74441528320312;212,33876037597656;186;
3,736;0,6115440130233765;190,74441528320312;212,33876037597656;186;
3,737;0,6103675365447998;190,74441528320312;212,33876037597656;186;
3,738;0,6100611686706543;188,20263671875;168,5020294189453;186;
3,739;0,6924211978912354;188,20263671875;168,5020294189453;186;
3,74;0,6140437722206116;188,20263671875;168,5020294189453;186;
3,741;0,6143501400947571;189,6686248779297;219,75180053710938;186;
3,742;0,6155266165733337;189,6686248779297;219,75180053710938;186;
3,743;0,6906320452690125;189,6686248779297;219,75180053710938;186;
3,744;0,6103675365447998;189,6686248779297;219,75180053710938;186;
3,745;0,611237645149231;190,49884033203125;169,21353149414062;186;
3,746;0,6100611686706543;190,49884033203125;169,21353149414062;186;
3,747;0,6140437722206116;190,49884033203125;169,21353149414062;186;
3,748;0,6155266165733337;188,5087890625;208,4004364013672;186;
3,749;0,6143501400947571;188,5087890625;208,4004364013672;186;
3,751;0,6115440130233765;188,5087890625;208,4004364013672;186;
3,752;0,6103675365447998;188,5087890625;208,4004364013672;186;
3,753;0,6100611686706543;189,13526916503906;173,71218872070312;186;
3,754;0,6915020942687988;189,13526916503906;173,71218872070312;186;
3,755;0,6140437722206116;189,13526916503906;173,71218872070312;186;
3,756;0,6143501400947571;189,3997039794922;205,09417724609375;186;
3,757;0,6155266165733337;189,3997039794922;205,09417724609375;186;
3,758;0,6915510892868042;189,3997039794922;205,09417724609375;186;
3,759;0,6103675365447998;189,3997039794922;205,09417724609375;186;
3,76;0,611237645149231;189,2878875732422;174,5697784423828;186;
3,761;0,6100611686706543;189,2878875732422;174,5697784423828;186;
3,762;0,6912447214126587;189,2878875732422;174,5697784423828;186;
3,763;0,6155266165733337;191,10824584960938;232,1865692138672;186;
3,764;0,6143501400947571;191,10824584960938;232,1865692138672;186;
3,765;0,6906320452690125;191,10824584960938;232,1865692138672;186;
3,766;0,6115440130233765;191,10824584960938;232,1865692138672;186;
3,767;0,6103675365447998;191,10824584960938;232,1865692138672;186;
3,768;0,6100611686706543;189,3624267578125;158,21319580078125;186;
3,769;0,6924211978912354;189,3624267578125;158,21319580078125;186;
3,77;0,6140437722206116;189,3624267578125;158,21319580078125;186;
3,771;0,6143501400947571;188,17686462402344;207,6087188720703;186;
3,772;0,6155266165733337;188,17686462402344;207,6087188720703;186;
3,773;0,6900193095207214;188,17686462402344;207,6087188720703;186;
3,774;0,6103675365447998;188,17686462402344;207,6087188720703;186;
3,775;0,611237645149231;190,23886108398438;183,5234375;186;
3,776;0,6100611686706543;190,23886108398438;183,5234375;186;
3,777;0,6903256773948669;190,23886108398438;183,5234375;186;
3,778;0,615220308303833;190,23886108398438;183,5234375;186;
3,779;0,6143501400947571;189,43328857421875;200,91278076171875;186;
3,781;0,6115440130233765;189,43328857421875;200,91278076171875;186;
3,782;0,6103675365447998;189,43328857421875;200,91278076171875;186;
3,783;0,6100611686706543;188,5790252685547;168,12503051757812;186;
3,784;0,611237645149231;188,5790252685547;168,12503051757812;186;
3,785;0,6140437722206116;188,5790252685547;168,12503051757812;186;
3,786;0,6143501400947571;191,557373046875;237,17935180664062;186;
3,787;0,6155266165733337;191,557373046875;237,17935180664062;186;
3,788;0,6906320452690125;191,557373046875;237,17935180664062;186;
3,789;0,6103675365447998;191,557373046875;237,17935180664062;186;
3,79;0,611237645149231;189,63870239257812;162,57769775390625;186;
3,791;0,6100611686706543;189,63870239257812;162,57769775390625;186;
3,792;0,6912447214126587;189,63870239257812;162,57769775390625;186;
3,793;0,615220308303833;189,63870239257812;162,57769775390625;186;
3,794;0,6143501400947571;186,55628967285156;199,84410095214844;186;
3,796;0,6911957859992981;186,55628967285156;199,84410095214844;186;
3,797;0,6103675365447998;186,55628967285156;199,84410095214844;186;
3,798;0,6100611686706543;189,96832275390625;180,16815185546875;186;
3,799;0,611237645149231;189,96832275390625;180,16815185546875;186;
3,8;0,6140437722206116;189,96832275390625;180,16815185546875;186;
3,801;0,6143501400947571;190,2915496826172;210,73831176757812;186;
3,802;0,6155266165733337;190,2915496826172;210,73831176757812;186;
3,803;0,6915510892868042;190,2915496826172;210,73831176757812;186;
3,804;0,6103675365447998;190,2915496826172;210,73831176757812;186;
3,805;0,6115440130233765;190,2915496826172;210,73831176757812;186;
3,806;0,6100611686706543;187,6298828125;165,41854858398438;186;
3,807;0,6912447214126587;187,6298828125;165,41854858398438;186;
3,808;0,615220308303833;187,6298828125;165,41854858398438;186;
3,809;0,6143501400947571;190,5026092529297;230,71620178222656;186;
3,811;0,6918084621429443;190,5026092529297;230,71620178222656;186;
3,812;0,6103675365447998;190,5026092529297;230,71620178222656;186;
3,813;0,6100611686706543;190,20875549316406;166,31097412109375;186;
3,814;0,6924211978912354;190,20875549316406;166,31097412109375;186;
3,815;0,6140437722206116;190,20875549316406;166,31097412109375;186;
3,816;0,6143501400947571;187,26821899414062;205,0592041015625;186;
3,817;0,6155266165733337;187,26821899414062;205,0592041015625;186;
3,818;0,6143501400947571;187,26821899414062;205,0592041015625;186;
3,819;0,6103675365447998;187,26821899414062;205,0592041015625;186;
3,82;0,6115440130233765;187,26821899414062;205,0592041015625;186;
3,821;0,6100611686706543;188,99032592773438;173,5617218017578;186;
3,822;0,6903256773948669;188,99032592773438;173,5617218017578;186;
3,823;0,615220308303833;188,99032592773438;173,5617218017578;186;
3,824;0,6143501400947571;189,81085205078125;207,4296112060547;186;
3,826;0,6927275657653809;189,81085205078125;207,4296112060547;186;
3,827;0,6103675365447998;189,81085205078125;207,4296112060547;186;
3,828;0,6100611686706543;188,59011840820312;171,72718811035156;186;
3,829;0,611237645149231;188,59011840820312;171,72718811035156;186;
3,83;0,6912447214126587;188,59011840820312;171,72718811035156;186;
3,831;0,6143501400947571;190,47242736816406;231,1597900390625;186;
3,832;0,6155266165733337;190,47242736816406;231,1597900390625;186;
3,833;0,6906320452690125;190,47242736816406;231,1597900390625;186;
3,834;0,6103675365447998;190,47242736816406;231,1597900390625;186;
3,835;0,6115440130233765;190,47242736816406;231,1597900390625;186;
3,836;0,6100611686706543;189,43701171875;159,3666534423828;186;
3,837;0,6912447214126587;189,43701171875;159,3666534423828;186;
3,838;0,615220308303833;189,43701171875;159,3666534423828;186;
3,839;0,6143501400947571;187,461669921875;209,23460388183594;186;
3,841;0,6911957859992981;187,461669921875;209,23460388183594;186;
3,842;0,6103675365447998;187,461669921875;209,23460388183594;186;
3,843;0,6100611686706543;189,65365600585938;181,17269897460938;186;
3,844;0,611237645149231;189,65365600585938;181,17269897460938;186;
3,845;0,6903256773948669;189,65365600585938;181,17269897460938;186;
3,846;0,6140437722206116;189,65365600585938;181,17269897460938;186;
3,847;0,6155266165733337;188,86416625976562;197,90322875976562;186;
3,848;0,6143501400947571;188,86416625976562;197,90322875976562;186;
3,849;0,6103675365447998;188,86416625976562;197,90322875976562;186;
3,85;0,6115440130233765;188,86416625976562;197,90322875976562;186;
3,851;0,6100611686706543;188,70852661132812;172,51571655273438;186;
3,853;0,615220308303833;188,70852661132812;172,51571655273438;186;
3,854;0,6143501400947571;190,83523559570312;229,96595764160156;186;
3,856;0,6918084621429443;190,83523559570312;229,96595764160156;186;
3,857;0,6103675365447998;190,83523559570312;229,96595764160156;186;
3,858;0,6100611686706543;189,2804412841797;162,13919067382812;186;
3,859;0,611237645149231;189,2804412841797;162,13919067382812;186;
3,86;0,6912447214126587;189,2804412841797;162,13919067382812;186;
3,861;0,6140437722206116;189,2804412841797;162,13919067382812;186;
3,862;0,6155266165733337;186,40805053710938;200,91278076171875;186;
3,863;0,6143501400947571;186,40805053710938;200,91278076171875;186;
3,864;0,6900193095207214;186,40805053710938;200,91278076171875;186;
3,865;0,6115440130233765;186,40805053710938;200,91278076171875;186;
3,866;0,6100611686706543;189,9945831298828;182,99270629882812;186;
3,868;0,615220308303833;189,9945831298828;182,99270629882812;186;
3,869;0,6143501400947571;189,9983367919922;209,27102661132812;186;
3,871;0,6927275657653809;189,9983367919922;209,27102661132812;186;
3,872;0,6103675365447998;189,9983367919922;209,27102661132812;186;
3,874;0,611237645149231;187,22811889648438;162,79783630371094;186;
3,875;0,6912447214126587;187,22811889648438;162,79783630371094;186;
3,876;0,6140437722206116;187,22811889648438;162,79783630371094;186;
3,877;0,6155266165733337;190,5667724609375;232,3211669921875;186;
3,878;0,6143501400947571;190,5667724609375;232,3211669921875;186;
3,879;0,6906320452690125;190,5667724609375;232,3211669921875;186;
3,88;0,6115440130233765;190,5667724609375;232,3211669921875;186;
3,881;0,6100611686706543;189,79214477539062;167,5626678466797;186;
3,882;0,6912447214126587;189,79214477539062;167,5626678466797;186;
3,883;0,615220308303833;189,79214477539062;167,5626678466797;186;
3,884;0,6143501400947571;187,09701538085938;201,78953552246094;186;
3,886;0,6155266165733337;187,09701538085938;201,78953552246094;186;
3,887;0,6103675365447998;187,09701538085938;201,78953552246094;186;
3,888;0,6100611686706543;189,41090393066406;177,1418914794922;186;
3,889;0,611237645149231;189,41090393066406;177,1418914794922;186;
3,89;0,6903256773948669;189,41090393066406;177,1418914794922;186;
3,891;0,6140437722206116;189,41090393066406;177,1418914794922;186;
3,892;0,6155266165733337;190,35934448242188;209,78224182128906;186;
3,893;0,6143501400947571;190,35934448242188;209,78224182128906;186;
3,894;0,6915510892868042;190,35934448242188;209,78224182128906;186;
3,895;0,6115440130233765;190,35934448242188;209,78224182128906;186;
3,896;0,6100611686706543;188,17686462402344;168,00755310058594;186;
3,898;0,6924211978912354;188,17686462402344;168,00755310058594;186;
3,899;0,6143501400947571;189,69482421875;225,3114776611328;186;
3,901;0,6918084621429443;189,69482421875;225,3114776611328;186;
3,902;0,6103675365447998;189,69482421875;225,3114776611328;186;
3,904;0,611237645149231;190,06967163085938;165,0325469970703;186;
3,905;0,6912447214126587;190,06967163085938;165,0325469970703;186;
3,906;0,6140437722206116;190,06967163085938;165,0325469970703;186;
3,907;0,6155266165733337;188,11062622070312;210,8491973876953;186;
3,908;0,6143501400947571;188,11062622070312;210,8491973876953;186;
3,909;0,6900193095207214;188,11062622070312;210,8491973876953;186;
3,91;0,6115440130233765;188,11062622070312;210,8491973876953;186;
3,911;0,6100611686706543;188,9235076904297;172,8629913330078;186;
3,913;0,6915020942687988;188,9235076904297;172,8629913330078;186;
3,914;0,6140437722206116;188,9235076904297;172,8629913330078;186;
3,915;0,6143501400947571;189,40716552734375;206,29067993164062;186;
3,916;0,6155266165733337;189,40716552734375;206,29067993164062;186;
3,917;0,6103675365447998;189,40716552734375;206,29067993164062;186;
3,919;0,611237645149231;188,7640838623047;172,7388153076172;186;
3,92;0,6912447214126587;188,7640838623047;172,7388153076172;186;
3,921;0,6140437722206116;188,7640838623047;172,7388153076172;186;
3,922;0,6155266165733337;190,47621154785156;228,00343322753906;186;
3,923;0,6143501400947571;190,47621154785156;228,00343322753906;186;
3,924;0,6906320452690125;190,47621154785156;228,00343322753906;186;
3,925;0,6115440130233765;190,47621154785156;228,00343322753906;186;
3,926;0,6100611686706543;189,3065185546875;160,98849487304688;186;
3,928;0,6924211978912354;189,3065185546875;160,98849487304688;186;
3,929;0,6140437722206116;189,3065185546875;160,98849487304688;186;
3,93;0,6143501400947571;187,45436096191406;205,93731689453125;186;
3,931;0,6155266165733337;187,45436096191406;205,93731689453125;186;
3,932;0,6900193095207214;187,45436096191406;205,93731689453125;186;
3,933;0,6103675365447998;187,45436096191406;205,93731689453125;186;
3,934;0,611237645149231;190,41964721679688;185,36264038085938;186;
3,935;0,6903256773948669;190,41964721679688;185,36264038085938;186;
3,936;0,6140437722206116;190,41964721679688;185,36264038085938;186;
3,937;0,6155266165733337;189,27297973632812;200,11019897460938;186;
3,938;0,6143501400947571;189,27297973632812;200,11019897460938;186;
3,939;0,6915510892868042;189,27297973632812;200,11019897460938;186;
3,94;0,6115440130233765;189,27297973632812;200,11019897460938;186;
3,941;0,6103675365447998;189,27297973632812;200,11019897460938;186;
3,942;0,6100611686706543;188,25051879882812;166,26498413085938;186;
3,943;0,6924211978912354;188,25051879882812;166,26498413085938;186;
3,944;0,6140437722206116;188,25051879882812;166,26498413085938;186;
3,945;0,6143501400947571;190,6121063232422;231,42677307128906;186;
3,946;0,6155266165733337;190,6121063232422;231,42677307128906;186;
3,947;0,6906320452690125;190,6121063232422;231,42677307128906;186;
3,948;0,6103675365447998;190,6121063232422;231,42677307128906;186;
3,949;0,611237645149231;189,6761016845703;166,77236938476562;186;
3,95;0,6912447214126587;189,6761016845703;166,77236938476562;186;
3,951;0,6140437722206116;189,6761016845703;166,77236938476562;186;
3,952;0,6155266165733337;186,907958984375;199,5786895751953;186;
3,953;0,6143501400947571;186,907958984375;199,5786895751953;186;
3,955;0,6115440130233765;186,907958984375;199,5786895751953;186;
3,956;0,6100611686706543;189,7696533203125;179,6566162109375;186;
3,958;0,6915020942687988;189,7696533203125;179,6566162109375;186;
3,959;0,6140437722206116;189,7696533203125;179,6566162109375;186;
3,96;0,6143501400947571;190,4648895263672;212,67681884765625;186;
3,961;0,6155266165733337;190,4648895263672;212,67681884765625;186;
3,962;0,6915510892868042;190,4648895263672;212,67681884765625;186;
3,963;0,6103675365447998;190,4648895263672;212,67681884765625;186;
3,964;0,611237645149231;187,5238037109375;165,19126892089844;186;
3,965;0,6100611686706543;187,5238037109375;165,19126892089844;186;
3,966;0,6912447214126587;187,5238037109375;165,19126892089844;186;
3,967;0,6155266165733337;189,73971557617188;222,2706756591797;186;
3,968;0,6143501400947571;189,73971557617188;222,2706756591797;186;
3,97;0,6115440130233765;189,73971557617188;222,2706756591797;186;
3,971;0,6103675365447998;189,73971557617188;222,2706756591797;186;
3,972;0,6100611686706543;190,570556640625;171,5067138671875;186;
3,973;0,6924211978912354;190,570556640625;171,5067138671875;186;
3,974;0,6140437722206116;190,570556640625;171,5067138671875;186;
3,975;0,6143501400947571;188,1326904296875;205,55001831054688;186;
3,976;0,6155266165733337;188,1326904296875;205,55001831054688;186;
3,977;0,6900193095207214;188,1326904296875;205,55001831054688;186;
3,978;0,6103675365447998;188,1326904296875;205,55001831054688;186;
3,979;0,611237645149231;189,37359619140625;174,89993286132812;186;
3,98;0,6100611686706543;189,37359619140625;174,89993286132812;186;
3,981;0,6903256773948669;189,37359619140625;174,89993286132812;186;
3,982;0,615220308303833;189,37359619140625;174,89993286132812;186;
3,983;0,6143501400947571;190,03964233398438;205,65550231933594;186;
3,985;0,6115440130233765;190,03964233398438;205,65550231933594;186;
3,986;0,6103675365447998;190,03964233398438;205,65550231933594;186;
3,987;0,6100611686706543;188,97918701171875;172,34262084960938;186;
3,988;0,6924211978912354;188,97918701171875;172,34262084960938;186;
3,989;0,6140437722206116;188,97918701171875;172,34262084960938;186;
3,99;0,6143501400947571;190,3668670654297;227,61492919921875;186;
3,991;0,6155266165733337;190,3668670654297;227,61492919921875;186;
3,992;0,6906320452690125;190,3668670654297;227,61492919921875;186;
3,993;0,6103675365447998;190,3668670654297;227,61492919921875;186;
3,994;0,611237645149231;189,83334350585938;162,02992248535156;186;
3,995;0,6100611686706543;189,83334350585938;162,02992248535156;186;
3,996;0,6912447214126587;189,83334350585938;162,02992248535156;186;
3,997;0,615220308303833;189,83334350585938;162,02992248535156;186;
3,998;0,6143501400947571;188,63821411132812;209,81884765625;186;
4;0,6911957859992981;188,63821411132812;209,81884765625;186;
4,001;0,6103675365447998;188,63821411132812;209,81884765625;186;
4,002;0,6100611686706543;189,84458923339844;179,81784057617188;186;
4,003;0,6915020942687988;189,84458923339844;179,81784057617188;186;
4,004;0,6140437722206116;189,84458923339844;179,81784057617188;186;
4,005;0,6143501400947571;189,44821166992188;201,8911895751953;186;
4,006;0,6155266165733337;189,44821166992188;201,8911895751953;186;
4,007;0,6915510892868042;189,44821166992188;201,8911895751953;186;
4,008;0,6103675365447998;189,44821166992188;201,8911895751953;186;
4,009;0,611237645149231;188,79371643066406;170,53363037109375;186;
4,01;0,6100611686706543;188,79371643066406;170,53363037109375;186;
4,011;0,6912447214126587;188,79371643066406;170,53363037109375;186;
4,012;0,6155266165733337;191,77127075195312;237,8362274169922;186;
4,013;0,6143501400947571;191,77127075195312;237,8362274169922;186;
4,014;0,6906320452690125;191,77127075195312;237,8362274169922;186;
4,015;0,6115440130233765;191,77127075195312;237,8362274169922;186;
4,016;0,6103675365447998;191,77127075195312;237,8362274169922;186;
4,017;0,6100611686706543;189,73971557617188;160,02423095703125;186;
4,018;0,6924211978912354;189,73971557617188;160,02423095703125;186;
4,019;0,6140437722206116;189,73971557617188;160,02423095703125;186;
4,02;0,6143501400947571;187,461669921875;203,8423309326172;186;
4,021;0,6155266165733337;187,461669921875;203,8423309326172;186;
4,022;0,6143501400947571;187,461669921875;203,8423309326172;186;
4,023;0,6103675365447998;187,461669921875;203,8423309326172;186;
4,024;0,611237645149231;190,64610290527344;183,18788146972656;186;
4,025;0,6100611686706543;190,64610290527344;183,18788146972656;186;
4,026;0,6903256773948669;190,64610290527344;183,18788146972656;186;
4,027;0,615220308303833;190,64610290527344;183,18788146972656;186;
4,028;0,6143501400947571;190,32920837402344;206,7874298095703;186;
4,03;0,6715440154075623;190,32920837402344;206,7874298095703;186;
4,031;0,6103675365447998;190,32920837402344;206,7874298095703;186;
4,032;0,6100611686706543;187,95623779296875;164,15374755859375;186;
4,033;0,611237645149231;187,95623779296875;164,15374755859375;186;
4,034;0,6140437722206116;187,95623779296875;164,15374755859375;186;
4,035;0,6143501400947571;191,15762329101562;235,83013916015625;186;
4,036;0,6155266165733337;191,15762329101562;235,83013916015625;186;
4,037;0,6906320452690125;191,15762329101562;235,83013916015625;186;
4,038;0,6103675365447998;191,15762329101562;235,83013916015625;186;
4,039;0,611237645149231;190,378173828125;165,69212341308594;186;
4,04;0,6100611686706543;190,378173828125;165,69212341308594;186;
4,041;0,6912447214126587;190,378173828125;165,69212341308594;186;
4,042;0,615220308303833;190,378173828125;165,69212341308594;186;
4,043;0,6143501400947571;187,1734619140625;203,08480834960938;186;
4,045;0,6911957859992981;187,1734619140625;203,08480834960938;186;
4,046;0,6103675365447998;187,1734619140625;203,08480834960938;186;
4,047;0,6100611686706543;189,91580200195312;177,56048583984375;186;
4,048;0,611237645149231;189,91580200195312;177,56048583984375;186;
4,049;0,6140437722206116;189,91580200195312;177,56048583984375;186;
4,05;0,6143501400947571;190,6121063232422;210,44322204589844;186;
4,051;0,6155266165733337;190,6121063232422;210,44322204589844;186;
4,052;0,6915510892868042;190,6121063232422;210,44322204589844;186;
4,053;0,6103675365447998;190,6121063232422;210,44322204589844;186;
4,054;0,6115440130233765;190,6121063232422;210,44322204589844;186;
4,055;0,6100611686706543;188,42755126953125;168,19558715820312;186;
4,056;0,6912447214126587;188,42755126953125;168,19558715820312;186;
4,057;0,615220308303833;188,42755126953125;168,19558715820312;186;
4,058;0,6143501400947571;190,66500854492188;230,5392303466797;186;
4,06;0,6918084621429443;190,66500854492188;230,5392303466797;186;
4,061;0,6103675365447998;190,66500854492188;230,5392303466797;186;
4,062;0,6100611686706543;190,61587524414062;163,86289978027344;186;
4,063;0,6924211978912354;190,61587524414062;163,86289978027344;186;
4,064;0,6140437722206116;190,61587524414062;163,86289978027344;186;
4,065;0,6143501400947571;188,17318725585938;208,98001098632812;186;
4,066;0,6155266165733337;188,17318725585938;208,98001098632812;186;
4,067;0,6143501400947571;188,17318725585938;208,98001098632812;186;
4,068;0,6103675365447998;188,17318725585938;208,98001098632812;186;
4,069;0,611237645149231;189,60879516601562;175,0272216796875;186;
4,07;0,6100611686706543;189,60879516601562;175,0272216796875;186;
4,071;0,6903256773948669;189,60879516601562;175,0272216796875;186;
4,072;0,615220308303833;189,60879516601562;175,0272216796875;186;
4,073;0,6143501400947571;189,85955810546875;205,4095458984375;186;
4,075;0,6927275657653809;189,85955810546875;205,4095458984375;186;
4,076;0,6103675365447998;189,85955810546875;205,4095458984375;186;
4,077;0,6100611686706543;189,31396484375;173,81265258789062;186;
4,078;0,611237645149231;189,31396484375;173,81265258789062;186;
4,079;0,6912447214126587;189,31396484375;173,81265258789062;186;
4,08;0,6143501400947571;191,3477783203125;232,41099548339844;186;
4,081;0,6155266165733337;191,3477783203125;232,41099548339844;186;
4,082;0,6906320452690125;191,3477783203125;232,41099548339844;186;
4,083;0,6103675365447998;191,3477783203125;232,41099548339844;186;
4,084;0,6115440130233765;191,3477783203125;232,41099548339844;186;
4,085;0,6100611686706543;190,0133514404297;160,28024291992188;186;
4,086;0,6912447214126587;190,0133514404297;160,28024291992188;186;
4,087;0,615220308303833;190,0133514404297;160,28024291992188;186;
4,088;0,6143501400947571;187,886474609375;207,71632385253906;186;
4,09;0,6911957859992981;187,886474609375;207,71632385253906;186;
4,091;0,6103675365447998;187,886474609375;207,71632385253906;186;
4,092;0,6100611686706543;190,78981018066406;183,3275604248047;186;
4,093;0,611237645149231;190,78981018066406;183,3275604248047;186;
4,094;0,6140437722206116;190,78981018066406;183,3275604248047;186;
4,095;0,6143501400947571;190,78981018066406;200,9463653564453;186;
4,096;0,6155266165733337;189,92330932617188;200,9463653564453;186;
4,097;0,6915510892868042;189,92330932617188;200,9463653564453;186;
4,098;0,6103675365447998;189,92330932617188;200,9463653564453;186;
4,099;0,6115440130233765;189,92330932617188;200,9463653564453;186;
4,1;0,6100611686706543;188,85675048828125;168,03103637695312;186;
4,102;0,615220308303833;188,85675048828125;168,03103637695312;186;
4,103;0,6207143664360046;192,0277862548828;239,876708984375;186;
4,105;0,7006334066390991;192,0277862548828;239,876708984375;186;
4,106;0,6166033148765564;192,0277862548828;239,876708984375;186;
4,107;0,6100611686706543;190,20498657226562;162,5337371826172;186;
4,108;0,611237645149231;190,20498657226562;162,5337371826172;186;
4,109;0,6093379259109497;190,20498657226562;162,5337371826172;186;
4,11;0,6140437722206116;190,20498657226562;162,5337371826172;186;
4,111;0,6155266165733337;186,78091430664062;197,09213256835938;186;
4,112;0,6143501400947571;186,78091430664062;197,09213256835938;186;
4,113;0,6900193095207214;186,78091430664062;197,09213256835938;186;
4,114;0,6115440130233765;186,78091430664062;197,09213256835938;186;
4,115;0,6100611686706543;189,82958984375;180,14114379882812;186;
4,117;0,615220308303833;189,82958984375;180,14114379882812;186;
4,118;0,6143501400947571;190,19371032714844;211,25672912597656;186;
4,12;0,6927275657653809;190,19371032714844;211,25672912597656;186;
4,121;0,6103675365447998;190,19371032714844;211,25672912597656;186;
4,122;0,6100611686706543;187,35211181640625;164,13133239746094;186;
4,123;0,611237645149231;187,35211181640625;164,13133239746094;186;
4,124;0,6912447214126587;187,35211181640625;164,13133239746094;186;
4,125;0,6140437722206116;187,35211181640625;164,13133239746094;186;
4,126;0,6155266165733337;190,0283660888672;228,5669403076172;186;
4,127;0,6143501400947571;190,0283660888672;228,5669403076172;186;
4,128;0,6906320452690125;190,0283660888672;228,5669403076172;186;
4,129;0,6115440130233765;190,0283660888672;228,5669403076172;186;
4,13;0,6100611686706543;189,85581970214844;166,95765686035156;186;
4,131;0,6912447214126587;189,85581970214844;166,95765686035156;186;
4,132;0,615220308303833;189,85581970214844;166,95765686035156;186;
4,133;0,6143501400947571;186,83169555664062;206,14918518066406;186;
4,135;0,6911957859992981;186,83169555664062;206,14918518066406;186;
4,136;0,6103675365447998;186,83169555664062;206,14918518066406;186;
4,137;0,6100611686706543;188,60491943359375;173,91322326660156;186;
4,138;0,611237645149231;188,60491943359375;173,91322326660156;186;
4,139;0,6926786303520203;188,60491943359375;173,91322326660156;186;
4,14;0,6140437722206116;188,60491943359375;173,91322326660156;186;
4,141;0,6155266165733337;189,37359619140625;204,01528930664062;186;
4,142;0,6143501400947571;189,37359619140625;204,01528930664062;186;
4,143;0,6915510892868042;189,37359619140625;204,01528930664062;186;
4,144;0,6115440130233765;189,37359619140625;204,01528930664062;186;
4,145;0,6100611686706543;188,18423461914062;171,87449645996094;186;
4,147;0,6924211978912354;188,18423461914062;171,87449645996094;186;
4,148;0,6143501400947571;189,8258514404297;229,04592895507812;186;
4,15;0,6918084621429443;189,8258514404297;229,04592895507812;186;
4,151;0,6103675365447998;189,8258514404297;229,04592895507812;186;
4,153;0,611237645149231;189,02005004882812;159,4300537109375;186;
4,154;0,6912447214126587;189,02005004882812;159,4300537109375;186;
4,155;0,6140437722206116;189,02005004882812;159,4300537109375;186;
4,156;0,6155266165733337;187,5530548095703;212,48887634277344;186;
4,157;0,6143501400947571;187,5530548095703;212,48887634277344;186;
4,158;0,6900193095207214;187,5530548095703;212,48887634277344;186;
4,159;0,6115440130233765;187,5530548095703;212,48887634277344;186;
4,16;0,6100611686706543;189,0237579345703;176,7512664794922;186;
4,162;0,6915020942687988;189,0237579345703;176,7512664794922;186;
4,163;0,6140437722206116;189,0237579345703;176,7512664794922;186;
4,164;0,6143501400947571;188,4940185546875;201,2154083251953;186;
4,165;0,6155266165733337;188,4940185546875;201,2154083251953;186;
4,166;0,6103675365447998;188,4940185546875;201,2154083251953;186;
4,168;0,611237645149231;187,77642822265625;169,14210510253906;186;
4,169;0,6100611686706543;187,77642822265625;169,14210510253906;186;
4,17;0,6140437722206116;187,77642822265625;169,14210510253906;186;
4,171;0,6135353446006775;191,07408142089844;240,02037048339844;186;
4,172;0,6123588681221008;191,07408142089844;240,02037048339844;186;
4,173;0,6886407136917114;191,07408142089844;240,02037048339844;186;
4,174;0,6095527410507202;191,07408142089844;240,02037048339844;186;
4,175;0,6100611686706543;188,812255859375;158,23402404785156;186;
4,177;0,6924211978912354;188,812255859375;158,23402404785156;186;
4,178;0,6140437722206116;188,812255859375;158,23402404785156;186;
4,179;0,6143501400947571;186,31776428222656;202,70816040039062;186;
4,18;0,6155266165733337;186,31776428222656;202,70816040039062;186;
4,181;0,6900193095207214;186,31776428222656;202,70816040039062;186;
4,182;0,6103675365447998;186,31776428222656;202,70816040039062;186;
4,183;0,611237645149231;189,5415496826172;180,4385528564453;186;
4,184;0,6100611686706543;189,5415496826172;180,4385528564453;186;
4,185;0,6140437722206116;189,5415496826172;180,4385528564453;186;
4,186;0,6155266165733337;189,31768798828125;210,2592010498047;186;
4,187;0,6143501400947571;189,31768798828125;210,2592010498047;186;
4,188;0,6915510892868042;189,31768798828125;210,2592010498047;186;
4,189;0,6115440130233765;189,31768798828125;210,2592010498047;186;
4,19;0,6103675365447998;189,31768798828125;210,2592010498047;186;
4,191;0,6100611686706543;187,20626831054688;163,01858520507812;186;
4,192;0,6924211978912354;187,20626831054688;163,01858520507812;186;
4,193;0,6140437722206116;187,20626831054688;163,01858520507812;186;
4,194;0,6143501400947571;190,42718505859375;235,4606475830078;186;
4,195;0,6155266165733337;190,42718505859375;235,4606475830078;186;
4,196;0,6906320452690125;190,42718505859375;235,4606475830078;186;
4,197;0,6103675365447998;190,42718505859375;235,4606475830078;186;
4,198;0,611237645149231;189,77716064453125;165,1232147216797;186;
4,199;0,6912447214126587;189,77716064453125;165,1232147216797;186;
4,2;0,6140437722206116;189,77716064453125;165,1232147216797;186;
4,201;0,6155266165733337;189,77716064453125;165,1232147216797;186;
4,202;0,6143501400947571;186,2095489501953;201,04718017578125;186;
4,204;0,6115440130233765;186,2095489501953;201,04718017578125;186;
4,205;0,6103675365447998;186,2095489501953;201,04718017578125;186;
4,206;0,6100611686706543;188,97918701171875;175,7436065673828;186;
4,207;0,6915020942687988;188,97918701171875;175,7436065673828;186;
4,208;0,6140437722206116;188,97918701171875;175,7436065673828;186;
4,209;0,6143501400947571;189,893310546875;211,4425048828125;186;
4,21;0,6155266165733337;189,893310546875;211,4425048828125;186;
4,211;0,6915510892868042;189,893310546875;211,4425048828125;186;
4,212;0,6103675365447998;189,893310546875;211,4425048828125;186;
4,213;0,611237645149231;188,16949462890625;168,69117736816406;186;
4,214;0,6100611686706543;188,16949462890625;168,69117736816406;186;
4,215;0,6888918280601501;188,16949462890625;168,69117736816406;186;
4,216;0,6155266165733337;189,25064086914062;221,57427978515625;186;
4,217;0,6143501400947571;189,25064086914062;221,57427978515625;186;
4,219;0,6115440130233765;189,25064086914062;221,57427978515625;186;
4,22;0,6103675365447998;189,25064086914062;221,57427978515625;186;
4,221;0,6100611686706543;189,6424560546875;165,373046875;186;
4,222;0,6924211978912354;189,6424560546875;165,373046875;186;
4,223;0,6140437722206116;189,6424560546875;165,373046875;186;
4,224;0,6143501400947571;187,071533203125;207,1793975830078;186;
4,225;0,6155266165733337;187,071533203125;207,1793975830078;186;
4,226;0,6900193095207214;187,071533203125;207,1793975830078;186;
4,227;0,6103675365447998;187,071533203125;207,1793975830078;186;
4,228;0,611237645149231;188,49771118164062;174,44313049316406;186;
4,229;0,6100611686706543;188,49771118164062;174,44313049316406;186;
4,23;0,6903256773948669;188,49771118164062;174,44313049316406;186;
4,231;0,615220308303833;188,49771118164062;174,44313049316406;186;
4,232;0,6143501400947571;189,08322143554688;206,50326538085938;186;
4,234;0,6927275657653809;189,08322143554688;206,50326538085938;186;
4,235;0,6103675365447998;189,08322143554688;206,50326538085938;186;
4,236;0,6100611686706543;188,5494384765625;172,1205596923828;186;
4,237;0,611237645149231;188,5494384765625;172,1205596923828;186;
4,238;0,6646320223808289;188,5494384765625;172,1205596923828;186;
4,239;0,6143501400947571;189,88955688476562;225,73452758789062;186;
4,24;0,6155266165733337;189,88955688476562;225,73452758789062;186;
4,241;0,6906320452690125;189,88955688476562;225,73452758789062;186;
4,242;0,6103675365447998;189,88955688476562;225,73452758789062;186;
4,243;0,611237645149231;189,88955688476562;225,73452758789062;186;
4,244;0,6100611686706543;188,57533264160156;160,730224609375;186;
4,245;0,6912447214126587;188,57533264160156;160,730224609375;186;
4,246;0,615220308303833;188,57533264160156;160,730224609375;186;
4,247;0,6143501400947571;187,3740234375;208,98001098632812;186;
4,249;0,6115440130233765;187,3740234375;208,98001098632812;186;
4,25;0,6103675365447998;187,3740234375;208,98001098632812;186;
4,251;0,6100611686706543;189,83709716796875;182,0505828857422;186;
4,252;0,6915020942687988;189,83709716796875;182,0505828857422;186;
4,253;0,6140437722206116;189,83709716796875;182,0505828857422;186;
4,254;0,6143501400947571;189,22830200195312;201,51895141601562;186;
4,255;0,6155266165733337;189,22830200195312;201,51895141601562;186;
4,256;0,6915510892868042;189,22830200195312;201,51895141601562;186;
4,257;0,6103675365447998;189,22830200195312;201,51895141601562;186;
4,258;0,6115440130233765;189,22830200195312;201,51895141601562;186;
4,259;0,6100611686706543;187,9635772705078;166,19601440429688;186;
4,26;0,6912447214126587;187,9635772705078;166,19601440429688;186;
4,261;0,615220308303833;187,9635772705078;166,19601440429688;186;
4,262;0,6143501400947571;190,80116271972656;237,55426025390625;186;
4,264;0,6918084621429443;190,80116271972656;237,55426025390625;186;
4,265;0,6103675365447998;190,80116271972656;237,55426025390625;186;
4,266;0,6100611686706543;189,31768798828125;162,90814208984375;186;
4,267;0,611237645149231;189,31768798828125;162,90814208984375;186;
4,268;0,6140437722206116;189,31768798828125;162,90814208984375;186;
4,27;0,6155266165733337;186,58885192871094;198,098876953125;186;
4,271;0,6143501400947571;186,58885192871094;198,098876953125;186;
4,272;0,6900193095207214;186,58885192871094;198,098876953125;186;
4,273;0,6115440130233765;186,58885192871094;198,098876953125;186;
4,274;0,6100611686706543;189,79214477539062;181,88534545898438;186;
4,275;0,6903256773948669;189,79214477539062;181,88534545898438;186;
4,276;0,615220308303833;189,79214477539062;181,88534545898438;186;
4,277;0,6143501400947571;189,87457275390625;209,78224182128906;186;
4,279;0,6927275657653809;189,87457275390625;209,78224182128906;186;
4,28;0,6103675365447998;189,87457275390625;209,78224182128906;186;
4,281;0,6100611686706543;187,32656860351562;164,8515167236328;186;
4,282;0,611237645149231;187,32656860351562;164,8515167236328;186;
4,283;0,6912447214126587;187,32656860351562;164,8515167236328;186;
4,284;0,6143501400947571;189,86331176757812;227,70114135742188;186;
4,285;0,6155266165733337;189,86331176757812;227,70114135742188;186;
4,286;0,6143501400947571;189,86331176757812;227,70114135742188;186;
4,287;0,6103675365447998;189,86331176757812;227,70114135742188;186;
4,288;0,6115440130233765;189,86331176757812;227,70114135742188;186;
4,289;0,6100611686706543;190,04714965820312;167,32943725585938;186;
4,29;0,6912447214126587;190,04714965820312;167,32943725585938;186;
4,291;0,615220308303833;190,04714965820312;167,32943725585938;186;
4,292;0,6143501400947571;187,15890502929688;205,7963104248047;186;
4,294;0,6911957859992981;187,15890502929688;205,7963104248047;186;
4,295;0,6103675365447998;187,15890502929688;205,7963104248047;186;
4,296;0,6100611686706543;188,49032592773438;171,3356170654297;186;
4,297;0,611237645149231;188,49032592773438;171,3356170654297;186;
4,298;0,6903256773948669;188,49032592773438;171,3356170654297;186;
4,299;0,6140437722206116;188,49032592773438;171,3356170654297;186;
4,3;0,6155266165733337;189,9608154296875;211,8896942138672;186;
4,301;0,6143501400947571;189,9608154296875;211,8896942138672;186;
4,302;0,6103675365447998;189,9608154296875;211,8896942138672;186;
4,303;0,6115440130233765;189,9608154296875;211,8896942138672;186;
4,304;0,6100611686706543;188,54205322265625;171,9728240966797;186;
4,306;0,615220308303833;188,54205322265625;171,9728240966797;186;
4,307;0,6143501400947571;190,32920837402344;228,91510009765625;186;
4,309;0,6918084621429443;190,32920837402344;228,91510009765625;186;
4,31;0,6103675365447998;190,32920837402344;228,91510009765625;186;
4,311;0,6100611686706543;189,61627197265625;160,665771484375;186;
4,312;0,611237645149231;189,61627197265625;160,665771484375;186;
4,313;0,6912447214126587;189,61627197265625;160,665771484375;186;
4,314;0,6140437722206116;189,61627197265625;160,665771484375;186;
4,315;0,6155266165733337;188,20632934570312;212,41378784179688;186;
4,316;0,6143501400947571;188,20632934570312;212,41378784179688;186;
4,317;0,6900193095207214;188,20632934570312;212,41378784179688;186;
4,318;0,6115440130233765;188,20632934570312;212,41378784179688;186;
4,319;0,6100611686706543;189,52659606933594;176,05242919921875;186;
4,321;0,615220308303833;189,52659606933594;176,05242919921875;186;
4,322;0,6143501400947571;189,23574829101562;203,08480834960938;186;
4,324;0,6927275657653809;189,23574829101562;203,08480834960938;186;
4,325;0,6103675365447998;189,23574829101562;203,08480834960938;186;
4,327;0,611237645149231;189,26553344726562;171,53118896484375;186;
4,328;0,6912447214126587;189,26553344726562;171,53118896484375;186;
4,329;0,6140437722206116;189,26553344726562;171,53118896484375;186;
4,33;0,6155266165733337;191,233642578125;233,40362548828125;186;
4,331;0,6143501400947571;191,233642578125;233,40362548828125;186;
4,332;0,6103675365447998;191,233642578125;233,40362548828125;186;
4,333;0,6115440130233765;191,233642578125;233,40362548828125;186;
4,334;0,6100611686706543;189,5602264404297;161,70303344726562;186;
4,336;0,615220308303833;189,5602264404297;161,70303344726562;186;
4,337;0,6140437722206116;189,5602264404297;161,70303344726562;186;
4,338;0,6143501400947571;187,0060577392578;202,2307891845703;186;
4,339;0,6155266165733337;187,0060577392578;202,2307891845703;186;
4,34;0,6900193095207214;187,0060577392578;202,2307891845703;186;
4,341;0,6100611686706543;190,77088928222656;185,87847900390625;186;
4,342;0,611237645149231;190,77088928222656;185,87847900390625;186;
4,343;0,6903256773948669;190,77088928222656;185,87847900390625;186;
4,344;0,6140437722206116;190,77088928222656;185,87847900390625;186;
4,345;0,6155266165733337;190,10348510742188;205,97259521484375;186;
4,346;0,6143501400947571;190,10348510742188;205,97259521484375;186;
4,347;0,6915510892868042;190,10348510742188;205,97259521484375;186;
4,348;0,6115440130233765;190,10348510742188;205,97259521484375;186;
4,349;0,6100611686706543;188,22842407226562;163,95228576660156;186;
4,351;0,6924211978912354;188,22842407226562;163,95228576660156;186;
4,352;0,6143501400947571;190,83901977539062;230,2742919921875;186;
4,354;0,6155266165733337;190,83901977539062;230,2742919921875;186;
4,355;0,6103675365447998;190,83901977539062;230,2742919921875;186;
4,357;0,611237645149231;190,31036376953125;168,17205810546875;186;
4,358;0,6912447214126587;190,31036376953125;168,17205810546875;186;
4,359;0,6140437722206116;190,31036376953125;168,17205810546875;186;
4,36;0,6155266165733337;187,23541259765625;201,0135498046875;186;
4,361;0,6143501400947571;187,23541259765625;201,0135498046875;186;
4,362;0,6900193095207214;187,23541259765625;201,0135498046875;186;
4,363;0,6115440130233765;187,23541259765625;201,0135498046875;186;
4,364;0,6100611686706543;189,6761016845703;177,4818572998047;186;
4,366;0,6915020942687988;189,6761016845703;177,4818572998047;186;
4,367;0,6140437722206116;189,6761016845703;177,4818572998047;186;
4,368;0,6143501400947571;190,64988708496094;211,4425048828125;186;
4,369;0,6155266165733337;190,64988708496094;211,4425048828125;186;
4,37;0,6103675365447998;190,64988708496094;211,4425048828125;186;
4,372;0,611237645149231;188,10693359375;168,14854431152344;186;
4,373;0,6100611686706543;188,10693359375;168,14854431152344;186;
4,374;0,6140437722206116;188,10693359375;168,14854431152344;186;
4,375;0,6155266165733337;190,0509033203125;226,24427795410156;186;
4,376;0,6143501400947571;190,0509033203125;226,24427795410156;186;
4,377;0,6906320452690125;190,0509033203125;226,24427795410156;186;
4,378;0,6115440130233765;190,0509033203125;226,24427795410156;186;
4,379;0,6100611686706543;190,24261474609375;165,1005401611328;186;
4,381;0,6924211978912354;190,24261474609375;165,1005401611328;186;
4,382;0,6140437722206116;190,24261474609375;165,1005401611328;186;
4,383;0,6143501400947571;188,28369140625;209,1981964111328;186;
4,384;0,6155266165733337;188,28369140625;209,1981964111328;186;
4,385;0,6900193095207214;188,28369140625;209,1981964111328;186;
4,386;0,6103675365447998;188,28369140625;209,1981964111328;186;
4,387;0,611237645149231;189,21340942382812;174,29139709472656;186;
4,388;0,6100611686706543;189,21340942382812;174,29139709472656;186;
4,389;0,6140437722206116;189,21340942382812;174,29139709472656;186;
4,39;0,6155266165733337;189,70228576660156;205,514892578125;186;
4,391;0,6143501400947571;189,70228576660156;205,514892578125;186;
4,392;0,6915510892868042;189,70228576660156;205,514892578125;186;
4,393;0,6115440130233765;189,70228576660156;205,514892578125;186;
4,394;0,6100611686706543;189,1129608154297;173,43653869628906;186;
4,396;0,6924211978912354;189,1129608154297;173,43653869628906;186;
4,397;0,6143501400947571;191,46966552734375;237,6011962890625;186;
4,399;0,6918084621429443;191,46966552734375;237,6011962890625;186;
4,4;0,6103675365447998;191,46966552734375;237,6011962890625;186;
4,402;0,611237645149231;189,48179626464844;156,605712890625;186;
4,403;0,6912447214126587;189,48179626464844;156,605712890625;186;
4,404;0,6140437722206116;189,48179626464844;156,605712890625;186;
4,405;0,6155266165733337;187,72877502441406;207,71632385253906;186;
4,406;0,6143501400947571;187,72877502441406;207,71632385253906;186;
4,408;0,6115440130233765;187,72877502441406;207,71632385253906;186;
4,409;0,6100611686706543;190,0884552001953;180,9001007080078;186;
4,411;0,6915020942687988;190,0884552001953;180,9001007080078;186;
4,412;0,6140437722206116;190,0884552001953;180,9001007080078;186;
4,413;0,6143501400947571;189,62374877929688;204,77978515625;186;
4,414;0,6155266165733337;189,62374877929688;204,77978515625;186;
4,415;0,6915510892868042;189,62374877929688;204,77978515625;186;
4,416;0,6103675365447998;189,62374877929688;204,77978515625;186;
4,417;0,611237645149231;188,50509643554688;167,0040283203125;186;
4,418;0,6100611686706543;188,50509643554688;167,0040283203125;186;
4,419;0,6912447214126587;188,50509643554688;167,0040283203125;186;
4,42;0,6155266165733337;191,43536376953125;237,17935180664062;186;
4,421;0,6143501400947571;191,43536376953125;237,17935180664062;186;
4,422;0,6906320452690125;191,43536376953125;237,17935180664062;186;
4,423;0,6115440130233765;191,43536376953125;237,17935180664062;186;
4,424;0,6103675365447998;191,43536376953125;237,17935180664062;186;
4,425;0,6100611686706543;189,81460571289062;163,32862854003906;186;
4,426;0,6924211978912354;189,81460571289062;163,32862854003906;186;
4,427;0,6140437722206116;189,81460571289062;163,32862854003906;186;
4,428;0,6143501400947571;186,29611206054688;199,81088256835938;186;
4,429;0,6155266165733337;186,29611206054688;199,81088256835938;186;
4,43;0,6900193095207214;186,29611206054688;199,81088256835938;186;
4,431;0,6103675365447998;186,29611206054688;199,81088256835938;186;
4,432;0,611237645149231;190,26519775390625;182,16091918945312;186;
4,433;0,6100611686706543;190,26519775390625;182,16091918945312;186;
4,434;0,6903256773948669;190,26519775390625;182,16091918945312;186;
4,435;0,6155266165733337;190,3668670654297;208,6898193359375;186;
4,436;0,6143501400947571;190,3668670654297;208,6898193359375;186;
4,437;0,7486099004745483;190,3668670654297;208,6898193359375;186;
4,438;0,6115440130233765;190,3668670654297;208,6898193359375;186;
4,439;0,6103675365447998;190,3668670654297;208,6898193359375;186;
4,44;0,6100611686706543;188,18423461914062;166,2419891357422;186;
4,441;0,6924211978912354;188,18423461914062;166,2419891357422;186;
4,442;0,6140437722206116;188,18423461914062;166,2419891357422;186;
4,443;0,6143501400947571;190,54034423828125;229,48312377929688;186;
4,444;0,6155266165733337;190,54034423828125;229,48312377929688;186;
4,445;0,6906320452690125;190,54034423828125;229,48312377929688;186;
4,446;0,6103675365447998;190,54034423828125;229,48312377929688;186;
4,447;0,611237645149231;190,4950714111328;166,7261199951172;186;
4,448;0,6100611686706543;190,4950714111328;166,7261199951172;186;
4,449;0,6140437722206116;190,4950714111328;166,7261199951172;186;
4,45;0,615220308303833;190,4950714111328;166,7261199951172;186;
4,451;0,6143501400947571;187,49456787109375;204,57070922851562;186;
4,453;0,6911957859992981;187,49456787109375;204,57070922851562;186;
4,454;0,6103675365447998;187,49456787109375;204,57070922851562;186;
4,455;0,6100611686706543;188,9197998046875;172,3920440673828;186;
4,456;0,611237645149231;188,9197998046875;172,3920440673828;186;
4,457;0,6140437722206116;188,9197998046875;172,3920440673828;186;
4,458;0,6143501400947571;189,92330932617188;209,16180419921875;186;
4,459;0,6155266165733337;189,92330932617188;209,16180419921875;186;
4,46;0,6915510892868042;189,92330932617188;209,16180419921875;186;
4,461;0,6103675365447998;189,92330932617188;209,16180419921875;186;
4,462;0,611237645149231;188,5494384765625;172,51571655273438;186;
4,463;0,6100611686706543;188,5494384765625;172,51571655273438;186;
4,464;0,6912447214126587;188,5494384765625;172,51571655273438;186;
4,465;0,6155266165733337;190,31036376953125;227,3136749267578;186;
4,466;0,6143501400947571;190,31036376953125;227,3136749267578;186;
4,468;0,6115440130233765;190,31036376953125;227,3136749267578;186;
4,469;0,6103675365447998;190,31036376953125;227,3136749267578;186;
4,47;0,6100611686706543;189,62002563476562;162,11732482910156;186;
4,471;0,6924211978912354;189,62002563476562;162,11732482910156;186;
4,472;0,6140437722206116;189,62002563476562;162,11732482910156;186;
4,473;0,6143501400947571;187,79107666015625;209,7090606689453;186;
4,474;0,6155266165733337;187,79107666015625;209,7090606689453;186;
4,475;0,6900193095207214;187,79107666015625;209,7090606689453;186;
4,476;0,6103675365447998;187,79107666015625;209,7090606689453;186;
4,477;0,611237645149231;189,74346923828125;179,87164306640625;186;
4,478;0,6100611686706543;189,74346923828125;179,87164306640625;186;
4,479;0,6903256773948669;189,74346923828125;179,87164306640625;186;
4,48;0,615220308303833;189,74346923828125;179,87164306640625;186;
4,481;0,6143501400947571;189,23947143554688;199,97706604003906;186;
4,483;0,6927275657653809;189,23947143554688;199,97706604003906;186;
4,484;0,6103675365447998;189,23947143554688;199,97706604003906;186;
4,485;0,6100611686706543;188,96063232421875;170,55783081054688;186;
4,486;0,611237645149231;188,96063232421875;170,55783081054688;186;
4,487;0,6912447214126587;188,96063232421875;170,55783081054688;186;
4,488;0,6143501400947571;191,45823669433594;236,47955322265625;186;
4,489;0,6155266165733337;191,45823669433594;236,47955322265625;186;
4,49;0,6906320452690125;191,45823669433594;236,47955322265625;186;
4,491;0,6103675365447998;191,45823669433594;236,47955322265625;186;
4,492;0,611237645149231;189,41090393066406;160,0455322265625;186;
4,493;0,6100611686706543;189,41090393066406;160,0455322265625;186;
4,494;0,6912447214126587;189,41090393066406;160,0455322265625;186;
4,495;0,615220308303833;189,41090393066406;160,0455322265625;186;
4,496;0,6143501400947571;186,907958984375;201,4176788330078;186;
4,498;0,6911957859992981;186,907958984375;201,4176788330078;186;
4,499;0,6103675365447998;186,907958984375;201,4176788330078;186;
4,5;0,6100611686706543;190,05465698242188;183,15997314453125;186;
4,501;0,611237645149231;190,05465698242188;183,15997314453125;186;
4,502;0,6140437722206116;190,05465698242188;183,15997314453125;186;
4,503;0,6143501400947571;189,82958984375;207,53704833984375;186;
4,504;0,6155266165733337;189,82958984375;207,53704833984375;186;
4,505;0,6915510892868042;189,82958984375;207,53704833984375;186;
4,506;0,6103675365447998;189,82958984375;207,53704833984375;186;
4,507;0,6115440130233765;189,82958984375;207,53704833984375;186;
4,508;0,6100611686706543;187,45802307128906;164,13133239746094;186;
4,509;0,6912447214126587;187,45802307128906;164,13133239746094;186;
4,51;0,615220308303833;187,45802307128906;164,13133239746094;186;
4,511;0,6143501400947571;190,26519775390625;228,78440856933594;186;
4,513;0,6918084621429443;190,26519775390625;228,78440856933594;186;
4,514;0,6103675365447998;190,26519775390625;228,78440856933594;186;
4,515;0,6100611686706543;189,90455627441406;168,26622009277344;186;
4,516;0,611237645149231;189,90455627441406;168,26622009277344;186;
4,517;0,6140437722206116;189,90455627441406;168,26622009277344;186;
4,519;0,6155266165733337;186,7410125732422;202,33290100097656;186;
4,52;0,6143501400947571;186,7410125732422;202,33290100097656;186;
4,521;0,6900193095207214;186,7410125732422;202,33290100097656;186;
4,522;0,6115440130233765;186,7410125732422;202,33290100097656;186;
4,523;0,6100611686706543;189,25436401367188;176,07821655273438;186;
4,524;0,6903256773948669;189,25436401367188;176,07821655273438;186;
4,525;0,615220308303833;189,25436401367188;176,07821655273438;186;
4,526;0,6143501400947571;190,38571166992188;212,1514129638672;186;
4,528;0,6927275657653809;190,38571166992188;212,1514129638672;186;
4,529;0,6103675365447998;190,38571166992188;212,1514129638672;186;
4,53;0,6100611686706543;188,09957885742188;167,4926300048828;186;
4,531;0,611237645149231;188,09957885742188;167,4926300048828;186;
4,532;0,6912447214126587;188,09957885742188;167,4926300048828;186;
4,533;0,6140437722206116;188,09957885742188;167,4926300048828;186;
4,534;0,6155266165733337;189,50045776367188;222,02439880371094;186;
4,535;0,6143501400947571;189,50045776367188;222,02439880371094;186;
4,536;0,6103675365447998;189,50045776367188;222,02439880371094;186;
4,537;0,6115440130233765;189,50045776367188;222,02439880371094;186;
4,538;0,6100611686706543;189,818359375;166,05828857421875;186;
4,539;0,6912447214126587;189,818359375;166,05828857421875;186;
4,54;0,615220308303833;189,818359375;166,05828857421875;186;
4,541;0,6143501400947571;188,0150146484375;209,41683959960938;186;
4,543;0,6911957859992981;188,0150146484375;209,41683959960938;186;
4,544;0,6103675365447998;188,0150146484375;209,41683959960938;186;
4,545;0,6100611686706543;189,00518798828125;174,82362365722656;186;
4,546;0,611237645149231;189,00518798828125;174,82362365722656;186;
4,547;0,6903256773948669;189,00518798828125;174,82362365722656;186;
4,548;0,6140437722206116;189,00518798828125;174,82362365722656;186;
4,549;0,6155266165733337;189,150146484375;203,669677734375;186;
4,55;0,6143501400947571;189,150146484375;203,669677734375;186;
4,551;0,6915510892868042;189,150146484375;203,669677734375;186;
4,552;0,6115440130233765;189,150146484375;203,669677734375;186;
4,553;0,6100611686706543;188,80484008789062;173,71218872070312;186;
4,555;0,615220308303833;188,80484008789062;173,71218872070312;186;
4,556;0,6143501400947571;190,98681640625;236,43304443359375;186;
4,558;0,6918084621429443;190,98681640625;236,43304443359375;186;
4,559;0,6103675365447998;190,98681640625;236,43304443359375;186;
4,56;0,6100611686706543;190,98681640625;157,86004638671875;186;
4,561;0,611237645149231;189,34005737304688;157,86004638671875;186;
4,562;0,6912447214126587;189,34005737304688;157,86004638671875;186;
4,563;0,6140437722206116;189,34005737304688;157,86004638671875;186;
4,564;0,6155266165733337;187,706787109375;205,26925659179688;186;
4,565;0,6143501400947571;187,706787109375;205,26925659179688;186;
4,566;0,6900193095207214;187,706787109375;205,26925659179688;186;
4,567;0,6115440130233765;187,706787109375;205,26925659179688;186;
4,568;0,6100611686706543;189,81460571289062;180,22216796875;186;
4,57;0,615220308303833;189,81460571289062;180,22216796875;186;
4,571;0,6143501400947571;189,40716552734375;205,514892578125;186;
4,573;0,6927275657653809;189,40716552734375;205,514892578125;186;
4,574;0,6103675365447998;189,40716552734375;205,514892578125;186;
4,576;0,611237645149231;188,16949462890625;166,7261199951172;186;
4,577;0,6912447214126587;188,16949462890625;166,7261199951172;186;
4,578;0,6140437722206116;188,16949462890625;166,7261199951172;186;
4,579;0,6155266165733337;191,1158447265625;235,04635620117188;186;
4,58;0,6143501400947571;191,1158447265625;235,04635620117188;186;
4,581;0,6906320452690125;191,1158447265625;235,04635620117188;186;
4,582;0,6115440130233765;191,1158447265625;235,04635620117188;186;
4,583;0,6100611686706543;189,6461944580078;164,4456329345703;186;
4,585;0,615220308303833;189,6461944580078;164,4456329345703;186;
4,586;0,6140437722206116;189,6461944580078;164,4456329345703;186;
4,587;0,6143501400947571;186,14108276367188;199,0500030517578;186;
4,588;0,6155266165733337;186,14108276367188;199,0500030517578;186;
4,589;0,6900193095207214;186,14108276367188;199,0500030517578;186;
4,59;0,6103675365447998;186,14108276367188;199,0500030517578;186;
4,591;0,611237645149231;189,75843811035156;181,309326171875;186;
4,592;0,6903256773948669;189,75843811035156;181,309326171875;186;
4,593;0,6140437722206116;189,75843811035156;181,309326171875;186;
4,594;0,6155266165733337;190,2840118408203;210,2959747314453;186;
4,595;0,6143501400947571;190,2840118408203;210,2959747314453;186;
4,596;0,6915510892868042;190,2840118408203;210,2959747314453;186;
4,597;0,6115440130233765;190,2840118408203;210,2959747314453;186;
4,598;0,6100611686706543;188,1400604248047;165,8979034423828;186;
4,6;0,6924211978912354;188,1400604248047;165,8979034423828;186;
4,601;0,6143501400947571;190,2915496826172;228,0466766357422;186;
4,603;0,6155266165733337;190,2915496826172;228,0466766357422;186;
4,604;0,6103675365447998;190,2915496826172;228,0466766357422;186;
4,606;0,611237645149231;190,26519775390625;166,56443786621094;186;
4,607;0,6912447214126587;190,26519775390625;166,56443786621094;186;
4,608;0,6140437722206116;190,26519775390625;166,56443786621094;186;
4,609;0,6155266165733337;187,5823211669922;205,93731689453125;186;
4,61;0,6143501400947571;187,5823211669922;205,93731689453125;186;
4,611;0,6900193095207214;187,5823211669922;205,93731689453125;186;
4,612;0,6115440130233765;187,5823211669922;205,93731689453125;186;
4,613;0,6100611686706543;189,22457885742188;175,10369873046875;186;
4,615;0,6915020942687988;189,22457885742188;175,10369873046875;186;
4,616;0,6140437722206116;189,22457885742188;175,10369873046875;186;
4,617;0,6143501400947571;189,97207641601562;205,86679077148438;186;
4,618;0,6155266165733337;189,97207641601562;205,86679077148438;186;
4,619;0,6915510892868042;189,97207641601562;205,86679077148438;186;
4,62;0,6103675365447998;189,97207641601562;205,86679077148438;186;
4,621;0,611237645149231;188,70111083984375;172,44149780273438;186;
4,622;0,6100611686706543;188,70111083984375;172,44149780273438;186;
4,623;0,6140437722206116;188,70111083984375;172,44149780273438;186;
4,624;0,6155266165733337;190,33673095703125;227,74427795410156;186;
4,625;0,6143501400947571;190,33673095703125;227,74427795410156;186;
4,626;0,6906320452690125;190,33673095703125;227,74427795410156;186;
4,627;0,6115440130233765;190,33673095703125;227,74427795410156;186;
4,628;0,6100611686706543;189,48553466796875;160,8592529296875;186;
4,63;0,6924211978912354;189,48553466796875;160,8592529296875;186;
4,631;0,6140437722206116;189,48553466796875;160,8592529296875;186;
4,632;0,6143501400947571;188,00030517578125;211,9270477294922;186;
4,633;0,6155266165733337;188,00030517578125;211,9270477294922;186;
4,634;0,6900193095207214;188,00030517578125;211,9270477294922;186;
4,635;0,6103675365447998;188,00030517578125;211,9270477294922;186;
4,636;0,611237645149231;189,87457275390625;179,0946044921875;186;
4,637;0,6100611686706543;189,87457275390625;179,0946044921875;186;
4,638;0,6140437722206116;189,87457275390625;179,0946044921875;186;
4,639;0,6155266165733337;189,33633422851562;200,97994995117188;186;
4,64;0,6143501400947571;189,33633422851562;200,97994995117188;186;
4,641;0,6915510892868042;189,33633422851562;200,97994995117188;186;
4,642;0,6115440130233765;189,33633422851562;200,97994995117188;186;
4,643;0,6103675365447998;189,33633422851562;200,97994995117188;186;
4,644;0,6100611686706543;188,3980255126953;168,88075256347656;186;
4,645;0,6924211978912354;188,3980255126953;168,88075256347656;186;
4,646;0,6140437722206116;188,3980255126953;168,88075256347656;186;
4,647;0,6143501400947571;191,5001678466797;239,828857421875;186;
4,648;0,6155266165733337;191,5001678466797;239,828857421875;186;
4,649;0,6103675365447998;191,5001678466797;239,828857421875;186;
4,651;0,611237645149231;189,3325958251953;159,3032989501953;186;
4,652;0,6100611686706543;189,3325958251953;159,3032989501953;186;
4,653;0,6140437722206116;189,3325958251953;159,3032989501953;186;
4,654;0,615220308303833;189,3325958251953;159,3032989501953;186;
4,655;0,6143501400947571;186,92611694335938;202,6398162841797;186;
4,657;0,6911957859992981;186,92611694335938;202,6398162841797;186;
4,658;0,6100611686706543;190,43849182128906;184,25473022460938;186;
4,66;0,6915020942687988;190,43849182128906;184,25473022460938;186;
4,661;0,6140437722206116;190,43849182128906;184,25473022460938;186;
4,662;0,6143501400947571;190,05465698242188;208,1839141845703;186;
4,663;0,6155266165733337;190,05465698242188;208,1839141845703;186;
4,664;0,6915510892868042;190,05465698242188;208,1839141845703;186;
4,665;0,6103675365447998;190,05465698242188;208,1839141845703;186;
4,666;0,611237645149231;187,65185546875;163,32862854003906;186;
4,667;0,6100611686706543;187,65185546875;163,32862854003906;186;
4,668;0,6912447214126587;187,65185546875;163,32862854003906;186;
4,669;0,6155266165733337;190,59698486328125;231,64971923828125;186;
4,67;0,6143501400947571;190,59698486328125;231,64971923828125;186;
4,672;0,6115440130233765;190,59698486328125;231,64971923828125;186;
4,673;0,6103675365447998;190,59698486328125;231,64971923828125;186;
4,674;0,6100611686706543;190,642333984375;169,16590881347656;186;
4,675;0,6924211978912354;190,642333984375;169,16590881347656;186;
4,676;0,6140437722206116;190,642333984375;169,16590881347656;186;
4,677;0,6143501400947571;187,111572265625;201,552734375;186;
4,678;0,6155266165733337;187,111572265625;201,552734375;186;
4,679;0,6900193095207214;187,111572265625;201,552734375;186;
4,68;0,6103675365447998;187,111572265625;201,552734375;186;
4,681;0,611237645149231;189,41836547851562;173,71218872070312;186;
4,682;0,6100611686706543;189,41836547851562;173,71218872070312;186;
4,683;0,6903256773948669;189,41836547851562;173,71218872070312;186;
4,684;0,615220308303833;189,41836547851562;173,71218872070312;186;
4,685;0,6143501400947571;190,79359436035156;215,9622802734375;186;
4,687;0,6115440130233765;190,79359436035156;215,9622802734375;186;
4,688;0,6103675365447998;190,79359436035156;215,9622802734375;186;
4,689;0,6100611686706543;188,3943328857422;167,74969482421875;186;
4,69;0,6924211978912354;188,3943328857422;167,74969482421875;186;
4,691;0,6140437722206116;188,3943328857422;167,74969482421875;186;
4,692;0,6143501400947571;190,12603759765625;226,41470336914062;186;
4,693;0,6155266165733337;190,12603759765625;226,41470336914062;186;
4,694;0,6906320452690125;190,12603759765625;226,41470336914062;186;
4,695;0,6103675365447998;190,12603759765625;226,41470336914062;186;
4,696;0,611237645149231;190,6045379638672;166,19601440429688;186;
4,697;0,6100611686706543;190,6045379638672;166,19601440429688;186;
4,698;0,6912447214126587;190,6045379638672;166,19601440429688;186;
4,699;0,615220308303833;190,6045379638672;166,19601440429688;186;
4,7;0,6143501400947571;188,73814392089844;211,3310089111328;186;
4,702;0,6911957859992981;188,73814392089844;211,3310089111328;186;
4,703;0,6103675365447998;188,73814392089844;211,3310089111328;186;
4,704;0,6100611686706543;189,81460571289062;176,3364715576172;186;
4,705;0,6915020942687988;189,81460571289062;176,3364715576172;186;
4,706;0,6140437722206116;189,81460571289062;176,3364715576172;186;
4,707;0,6143501400947571;189,72474670410156;200,74505615234375;186;
4,708;0,6155266165733337;189,72474670410156;200,74505615234375;186;
4,709;0,6915510892868042;189,72474670410156;200,74505615234375;186;
4,71;0,6103675365447998;189,72474670410156;200,74505615234375;186;
4,711;0,611237645149231;189,83334350585938;174,44313049316406;186;
4,712;0,6100611686706543;189,83334350585938;174,44313049316406;186;
4,713;0,6912447214126587;189,83334350585938;174,44313049316406;186;
4,714;0,6155266165733337;191,27548217773438;231,87310791015625;186;
4,715;0,6143501400947571;191,27548217773438;231,87310791015625;186;
4,716;0,6906320452690125;191,27548217773438;231,87310791015625;186;
4,717;0,6115440130233765;191,27548217773438;231,87310791015625;186;
4,718;0,6103675365447998;191,27548217773438;231,87310791015625;186;
4,719;0,6100611686706543;189,84832763671875;159,3455352783203;186;
4,72;0,6924211978912354;189,84832763671875;159,3455352783203;186;
4,721;0,6140437722206116;189,84832763671875;159,3455352783203;186;
4,722;0,6143501400947571;187,84609985351562;205,514892578125;186;
4,723;0,6155266165733337;187,84609985351562;205,514892578125;186;
4,724;0,6143501400947571;187,84609985351562;205,514892578125;186;
4,725;0,6103675365447998;187,84609985351562;205,514892578125;186;
4,726;0,611237645149231;190,48751831054688;184,282958984375;186;
4,727;0,6100611686706543;190,48751831054688;184,282958984375;186;
4,728;0,6903256773948669;190,48751831054688;184,282958984375;186;
4,729;0,615220308303833;190,48751831054688;184,282958984375;186;
4,73;0,6143501400947571;189,47805786132812;201,78953552246094;186;
4,732;0,6927275657653809;189,47805786132812;201,78953552246094;186;
4,733;0,6103675365447998;189,47805786132812;201,78953552246094;186;
4,734;0,6100611686706543;188,08486938476562;167,12010192871094;186;
4,735;0,611237645149231;188,08486938476562;167,12010192871094;186;
4,736;0,6912447214126587;188,08486938476562;167,12010192871094;186;
4,737;0,6143501400947571;191,14622497558594;232,5458526611328;186;
4,738;0,6155266165733337;191,14622497558594;232,5458526611328;186;
4,739;0,6906320452690125;191,14622497558594;232,5458526611328;186;
4,74;0,6103675365447998;191,14622497558594;232,5458526611328;186;
4,741;0,611237645149231;189,59759521484375;164,6257781982422;186;
4,742;0,6100611686706543;189,59759521484375;164,6257781982422;186;
4,743;0,6912447214126587;189,59759521484375;164,6257781982422;186;
4,744;0,615220308303833;189,59759521484375;164,6257781982422;186;
4,745;0,6143501400947571;186,55628967285156;199,97706604003906;186;
4,747;0,6911957859992981;186,55628967285156;199,97706604003906;186;
4,748;0,6103675365447998;186,55628967285156;199,97706604003906;186;
4,749;0,6100611686706543;190,35934448242188;184,53753662109375;186;
4,75;0,611237645149231;190,35934448242188;184,53753662109375;186;
4,751;0,6140437722206116;190,35934448242188;184,53753662109375;186;
4,752;0,6143501400947571;190,48751831054688;206,71632385253906;186;
4,753;0,6155266165733337;190,48751831054688;206,71632385253906;186;
4,754;0,6915510892868042;190,48751831054688;206,71632385253906;186;
4,755;0,6103675365447998;190,48751831054688;206,71632385253906;186;
4,756;0,6115440130233765;190,48751831054688;206,71632385253906;186;
4,757;0,6100611686706543;187,80941772460938;165,9665985107422;186;
4,758;0,6912447214126587;187,80941772460938;165,9665985107422;186;
4,759;0,615220308303833;187,80941772460938;165,9665985107422;186;
4,76;0,6143501400947571;189,74720764160156;221,20736694335938;186;
4,762;0,6918084621429443;189,74720764160156;221,20736694335938;186;
4,763;0,6103675365447998;189,74720764160156;221,20736694335938;186;
4,764;0,6100611686706543;190,2915496826172;170,55783081054688;186;
4,765;0,611237645149231;190,2915496826172;170,55783081054688;186;
4,766;0,6140437722206116;190,2915496826172;170,55783081054688;186;
4,768;0,6155266165733337;187,721435546875;205,09417724609375;186;
4,769;0,6143501400947571;187,721435546875;205,09417724609375;186;
4,77;0,6103675365447998;187,721435546875;205,09417724609375;186;
4,771;0,6115440130233765;187,721435546875;205,09417724609375;186;
4,772;0,6100611686706543;189,23574829101562;174,41783142089844;186;
4,773;0,6903256773948669;189,23574829101562;174,41783142089844;186;
4,774;0,615220308303833;189,23574829101562;174,41783142089844;186;
4,775;0,6143501400947571;190,25013732910156;209,41683959960938;186;
4,777;0,6927275657653809;190,25013732910156;209,41683959960938;186;
4,778;0,6103675365447998;190,25013732910156;209,41683959960938;186;
4,779;0,6100611686706543;188,2947540283203;170,77586364746094;186;
4,78;0,611237645149231;188,2947540283203;170,77586364746094;186;
4,781;0,6912447214126587;188,2947540283203;170,77586364746094;186;
4,782;0,6143501400947571;190,27272033691406;227,48573303222656;186;
4,783;0,6155266165733337;190,27272033691406;227,48573303222656;186;
4,784;0,6906320452690125;190,27272033691406;227,48573303222656;186;
4,785;0,6103675365447998;190,27272033691406;227,48573303222656;186;
4,786;0,6115440130233765;190,27272033691406;227,48573303222656;186;
4,787;0,6100611686706543;189,4929962158203;161,33413696289062;186;
4,788;0,6912447214126587;189,4929962158203;161,33413696289062;186;
4,789;0,615220308303833;189,4929962158203;161,33413696289062;186;
4,79;0,6143501400947571;188,39065551757812;209,7456512451172;186;
4,792;0,6911957859992981;188,39065551757812;209,7456512451172;186;
4,793;0,6103675365447998;188,39065551757812;209,7456512451172;186;
4,794;0,6100611686706543;189,47061157226562;177,9020538330078;186;
4,795;0,611237645149231;189,47061157226562;177,9020538330078;186;
4,796;0,6903256773948669;189,47061157226562;177,9020538330078;186;
4,797;0,6140437722206116;189,47061157226562;177,9020538330078;186;
4,798;0,6155266165733337;189,12039184570312;201,8572998046875;186;
4,799;0,6143501400947571;189,12039184570312;201,8572998046875;186;
4,8;0,6915510892868042;189,12039184570312;201,8572998046875;186;
4,801;0,6115440130233765;189,12039184570312;201,8572998046875;186;
4,802;0,6100611686706543;188,6123046875;171,018798828125;186;
4,804;0,6924211978912354;188,6123046875;171,018798828125;186;
4,805;0,6143501400947571;190,75198364257812;232,59083557128906;186;
4,807;0,6918084621429443;190,75198364257812;232,59083557128906;186;
4,808;0,6103675365447998;190,75198364257812;232,59083557128906;186;
4,809;0,6100611686706543;189,43701171875;162,6876983642578;186;
4,81;0,611237645149231;189,43701171875;162,6876983642578;186;
4,811;0,6912447214126587;189,43701171875;162,6876983642578;186;
4,812;0,6140437722206116;189,43701171875;162,6876983642578;186;
4,813;0,6155266165733337;186,77001953125;200,04360961914062;186;
4,814;0,6143501400947571;186,77001953125;200,04360961914062;186;
4,815;0,6900193095207214;186,77001953125;200,04360961914062;186;
4,816;0,6115440130233765;186,77001953125;200,04360961914062;186;
4,817;0,6100611686706543;190,6990203857422;188,1179962158203;186;
4,819;0,615220308303833;190,6990203857422;188,1179962158203;186;
4,82;0,6143501400947571;189,96832275390625;202,87918090820312;186;
4,822;0,6927275657653809;189,96832275390625;202,87918090820312;186;
4,823;0,6103675365447998;189,96832275390625;202,87918090820312;186;
4,825;0,611237645149231;187,7690887451172;163,5508270263672;186;
4,826;0,6912447214126587;187,7690887451172;163,5508270263672;186;
4,827;0,6140437722206116;187,7690887451172;163,5508270263672;186;
4,828;0,6155266165733337;190,33297729492188;228,3065185546875;186;
4,829;0,6143501400947571;190,33297729492188;228,3065185546875;186;
4,83;0,6906320452690125;190,33297729492188;228,3065185546875;186;
4,831;0,6115440130233765;190,33297729492188;228,3065185546875;186;
4,832;0,6100611686706543;190,27272033691406;170,63043212890625;186;
4,834;0,615220308303833;190,27272033691406;170,63043212890625;186;
4,835;0,6140437722206116;190,27272033691406;170,63043212890625;186;
4,836;0,6143501400947571;187,18438720703125;200,27687072753906;186;
4,837;0,6155266165733337;187,18438720703125;200,27687072753906;186;
4,838;0,6103675365447998;187,18438720703125;200,27687072753906;186;
4,84;0,611237645149231;189,43701171875;177,3509521484375;186;
4,841;0,6903256773948669;189,43701171875;177,3509521484375;186;
4,842;0,6140437722206116;189,43701171875;177,3509521484375;186;
4,843;0,6155266165733337;190,6121063232422;211,03424072265625;186;
4,844;0,6143501400947571;190,6121063232422;211,03424072265625;186;
4,845;0,6915510892868042;190,6121063232422;211,03424072265625;186;
4,846;0,6115440130233765;190,6121063232422;211,03424072265625;186;
4,847;0,6100611686706543;187,78009033203125;168,1015167236328;186;
4,849;0,6924211978912354;187,78009033203125;168,1015167236328;186;
4,85;0,6143501400947571;190,03213500976562;226,03160095214844;186;
4,852;0,6918084621429443;190,03213500976562;226,03160095214844;186;
4,853;0,6103675365447998;190,03213500976562;226,03160095214844;186;
4,855;0,611237645149231;190,07717895507812;163,8182373046875;186;
4,856;0,6912447214126587;190,07717895507812;163,8182373046875;186;
4,857;0,6140437722206116;190,07717895507812;163,8182373046875;186;
4,858;0,6155266165733337;188,27999877929688;209,12542724609375;186;
4,859;0,6143501400947571;188,27999877929688;209,12542724609375;186;
4,86;0,6900193095207214;188,27999877929688;209,12542724609375;186;
4,861;0,6115440130233765;188,27999877929688;209,12542724609375;186;
4,862;0,6100611686706543;188,93093872070312;175,0017547607422;186;
4,864;0,6915020942687988;188,93093872070312;175,0017547607422;186;
4,865;0,6140437722206116;188,93093872070312;175,0017547607422;186;
4,866;0,6143501400947571;189,2878875732422;203,53175354003906;186;
4,867;0,6155266165733337;189,2878875732422;203,53175354003906;186;
4,868;0,6915510892868042;189,2878875732422;203,53175354003906;186;
4,869;0,6103675365447998;189,2878875732422;203,53175354003906;186;
4,87;0,611237645149231;188,56423950195312;172,3920440673828;186;
4,871;0,6100611686706543;188,56423950195312;172,3920440673828;186;
4,872;0,6140437722206116;188,56423950195312;172,3920440673828;186;
4,873;0,6155266165733337;190,20875549316406;228,7408905029297;186;
4,874;0,6143501400947571;190,20875549316406;228,7408905029297;186;
4,875;0,6906320452690125;190,20875549316406;228,7408905029297;186;
4,876;0,6115440130233765;190,20875549316406;228,7408905029297;186;
4,877;0,6100611686706543;189,00148010253906;160,83773803710938;186;
4,879;0,6924211978912354;189,00148010253906;160,83773803710938;186;
4,88;0,6140437722206116;189,00148010253906;160,83773803710938;186;
4,881;0,6143501400947571;187,32656860351562;208,21995544433594;186;
4,882;0,6155266165733337;187,32656860351562;208,21995544433594;186;
4,883;0,6900193095207214;187,32656860351562;208,21995544433594;186;
4,884;0,6103675365447998;187,32656860351562;208,21995544433594;186;
4,885;0,611237645149231;190,2689666748047;183,69168090820312;186;
4,886;0,6100611686706543;190,2689666748047;183,69168090820312;186;
4,887;0,6140437722206116;190,2689666748047;183,69168090820312;186;
4,888;0,6155266165733337;189,20968627929688;199,3140106201172;186;
4,889;0,6143501400947571;189,20968627929688;199,3140106201172;186;
4,89;0,6915510892868042;189,20968627929688;199,3140106201172;186;
4,891;0,6115440130233765;189,20968627929688;199,3140106201172;186;
4,892;0,6103675365447998;189,20968627929688;199,3140106201172;186;
4,893;0,6100611686706543;187,97459411621094;166,8881378173828;186;
4,894;0,6924211978912354;187,97459411621094;166,8881378173828;186;
4,895;0,6140437722206116;187,97459411621094;166,8881378173828;186;
4,896;0,6143501400947571;191,01336669921875;236,06167602539062;186;
4,897;0,6155266165733337;191,01336669921875;236,06167602539062;186;
4,898;0,6906320452690125;191,01336669921875;236,06167602539062;186;
4,899;0,6103675365447998;191,01336669921875;236,06167602539062;186;
4,9;0,611237645149231;189,75094604492188;164,49063110351562;186;
4,901;0,6100611686706543;189,75094604492188;164,49063110351562;186;
4,902;0,6140437722206116;189,75094604492188;164,49063110351562;186;
4,903;0,615220308303833;189,75094604492188;164,49063110351562;186;
4,904;0,6143501400947571;186,9006805419922;199,41317749023438;186;
4,906;0,6911957859992981;186,9006805419922;199,41317749023438;186;
4,907;0,6103675365447998;186,9006805419922;199,41317749023438;186;
4,908;0,6100611686706543;189,60133361816406;178,32424926757812;186;
4,909;0,6938550472259521;189,60133361816406;178,32424926757812;186;
4,91;0,6140437722206116;189,60133361816406;178,32424926757812;186;
4,911;0,6143501400947571;190,25767517089844;214,72799682617188;186;
4,912;0,6155266165733337;190,25767517089844;214,72799682617188;186;
4,913;0,6915510892868042;190,25767517089844;214,72799682617188;186;
4,914;0,6103675365447998;190,25767517089844;214,72799682617188;186;
4,915;0,611237645149231;187,44705200195312;164,6257781982422;186;
4,916;0,6100611686706543;187,44705200195312;164,6257781982422;186;
4,917;0,6912447214126587;187,44705200195312;164,6257781982422;186;
4,918;0,6155266165733337;190,06216430664062;225,73452758789062;186;
4,919;0,6143501400947571;190,06216430664062;225,73452758789062;186;
4,921;0,6115440130233765;190,06216430664062;225,73452758789062;186;
4,922;0,6103675365447998;190,06216430664062;225,73452758789062;186;
4,923;0,6100611686706543;190,5365753173828;169,8590087890625;186;
4,924;0,6924211978912354;190,5365753173828;169,8590087890625;186;
4,925;0,6140437722206116;190,5365753173828;169,8590087890625;186;
4,926;0,6143501400947571;187,670166015625;205,02423095703125;186;
4,927;0,6155266165733337;187,670166015625;205,02423095703125;186;
4,928;0,6900193095207214;187,670166015625;205,02423095703125;186;
4,929;0,6103675365447998;187,670166015625;205,02423095703125;186;
4,93;0,611237645149231;189,3586883544922;175,46148681640625;186;
4,931;0,6100611686706543;189,3586883544922;175,46148681640625;186;
4,932;0,6903256773948669;189,3586883544922;175,46148681640625;186;
4,933;0,615220308303833;189,3586883544922;175,46148681640625;186;
4,934;0,6143501400947571;190,22381591796875;207,35806274414062;186;
4,936;0,6115440130233765;190,22381591796875;207,35806274414062;186;
4,937;0,6103675365447998;190,22381591796875;207,35806274414062;186;
4,938;0,6100611686706543;189,39224243164062;172,63958740234375;186;
4,939;0,611237645149231;189,39224243164062;172,63958740234375;186;
4,94;0,6140437722206116;189,39224243164062;172,63958740234375;186;
4,941;0,6143501400947571;190,25013732910156;223,8849334716797;186;
4,942;0,6155266165733337;190,25013732910156;223,8849334716797;186;
4,943;0,6906320452690125;190,25013732910156;223,8849334716797;186;
4,944;0,6103675365447998;190,25013732910156;223,8849334716797;186;
4,945;0,611237645149231;190,04339599609375;163,3952178955078;186;
4,946;0,6100611686706543;190,04339599609375;163,3952178955078;186;
4,947;0,6912447214126587;190,04339599609375;163,3952178955078;186;
4,948;0,615220308303833;190,04339599609375;163,3952178955078;186;
4,949;0,6143501400947571;188,79000854492188;212,33876037597656;186;
4,951;0,6911957859992981;188,79000854492188;212,33876037597656;186;
4,952;0,6103675365447998;188,79000854492188;212,33876037597656;186;
4,953;0,6100611686706543;189,52659606933594;174,7473907470703;186;
4,954;0,6915020942687988;189,52659606933594;174,7473907470703;186;
4,955;0,6140437722206116;189,52659606933594;174,7473907470703;186;
4,956;0,6143501400947571;189,52659606933594;205,02423095703125;186;
4,957;0,6155266165733337;189,52659606933594;205,02423095703125;186;
4,958;0,6915510892868042;189,52659606933594;205,02423095703125;186;
4,959;0,6103675365447998;189,52659606933594;205,02423095703125;186;
4,96;0,611237645149231;188,84561157226562;170,89724731445312;186;
4,961;0,6100611686706543;188,84561157226562;170,89724731445312;186;
4,962;0,6912447214126587;188,84561157226562;170,89724731445312;186;
4,963;0,6155266165733337;191,59934997558594;237,31979370117188;186;
4,964;0,6143501400947571;191,59934997558594;237,31979370117188;186;
4,966;0,6115440130233765;191,59934997558594;237,31979370117188;186;
4,967;0,6103675365447998;191,59934997558594;237,31979370117188;186;
4,968;0,6100611686706543;189,55648803710938;160,19480895996094;186;
4,969;0,6924211978912354;189,55648803710938;160,19480895996094;186;
4,97;0,6140437722206116;189,55648803710938;160,19480895996094;186;
4,971;0,6143501400947571;187,5823211669922;203,63516235351562;186;
4,972;0,6155266165733337;187,5823211669922;203,63516235351562;186;
4,973;0,6143501400947571;187,5823211669922;203,63516235351562;186;
4,974;0,6103675365447998;187,5823211669922;203,63516235351562;186;
4,975;0,611237645149231;190,5516815185547;183,2996063232422;186;
4,976;0,6100611686706543;190,5516815185547;183,2996063232422;186;
4,977;0,6903256773948669;190,5516815185547;183,2996063232422;186;
4,978;0,615220308303833;190,5516815185547;183,2996063232422;186;
4,979;0,6143501400947571;190,17868041992188;208,6898193359375;186;
4,981;0,6115440130233765;190,17868041992188;208,6898193359375;186;
4,982;0,6103675365447998;190,17868041992188;208,6898193359375;186;
4,983;0,6100611686706543;188,53097534179688;164,19857788085938;186;
4,984;0,611237645149231;188,53097534179688;164,19857788085938;186;
4,985;0,6912447214126587;188,53097534179688;164,19857788085938;186;
4,986;0,6143501400947571;190,86932373046875;229,48312377929688;186;
4,987;0,6155266165733337;190,86932373046875;229,48312377929688;186;
4,988;0,6906320452690125;190,86932373046875;229,48312377929688;186;
4,989;0,6103675365447998;190,86932373046875;229,48312377929688;186;
4,99;0,611237645149231;190,4573516845703;168,28976440429688;186;
4,991;0,6100611686706543;190,4573516845703;168,28976440429688;186;
4,992;0,6912447214126587;190,4573516845703;168,28976440429688;186;
4,993;0,615220308303833;190,4573516845703;168,28976440429688;186;
4,994;0,6143501400947571;187,03515625;200,71153259277344;186;
4,996;0,6911957859992981;187,03515625;200,71153259277344;186;
4,997;0,6103675365447998;187,03515625;200,71153259277344;186;
4,998;0,6100611686706543;189,95330810546875;179,041259765625;186;
4,999;0,611237645149231;189,95330810546875;179,041259765625;186;
5;0,6903256773948669;189,95330810546875;179,041259765625;186;
5,001;0,6143501400947571;190,75198364257812;211,21961975097656;186;
5,002;0,6155266165733337;190,75198364257812;211,21961975097656;186;
5,003;0,6915510892868042;190,75198364257812;211,21961975097656;186;
5,004;0,6103675365447998;190,75198364257812;211,21961975097656;186;
5,005;0,6115440130233765;190,75198364257812;211,21961975097656;186;
5,006;0,6100611686706543;188,6529998779297;168,85702514648438;186;
5,007;0,6912447214126587;188,6529998779297;168,85702514648438;186;
5,008;0,615220308303833;188,6529998779297;168,85702514648438;186;
5,009;0,6143501400947571;190,0997314453125;223,75991821289062;186;
5,011;0,6918084621429443;190,0997314453125;223,75991821289062;186;
5,012;0,6103675365447998;190,0997314453125;223,75991821289062;186;
5,013;0,6100611686706543;190,5177001953125;166,7261199951172;186;
5,014;0,611237645149231;190,5177001953125;166,7261199951172;186;
5,015;0,6140437722206116;190,5177001953125;166,7261199951172;186;
5,017;0,6155266165733337;188,5124969482422;208,14785766601562;186;
5,018;0,6143501400947571;188,5124969482422;208,14785766601562;186;
5,019;0,6103675365447998;188,5124969482422;208,14785766601562;186;
5,02;0,6115440130233765;188,5124969482422;208,14785766601562;186;
5,021;0,6100611686706543;189,5602264404297;175,20578002929688;186;
5,022;0,6903256773948669;189,5602264404297;175,20578002929688;186;
5,023;0,615220308303833;189,5602264404297;175,20578002929688;186;
5,024;0,6143501400947571;190,0283660888672;204,98927307128906;186;
5,026;0,6927275657653809;190,0283660888672;204,98927307128906;186;
5,027;0,6103675365447998;190,0283660888672;204,98927307128906;186;
5,028;0,6100611686706543;189,28414916992188;173,8880615234375;186;
5,029;0,611237645149231;189,28414916992188;173,8880615234375;186;
5,03;0,6912447214126587;189,28414916992188;173,8880615234375;186;
5,031;0,6143501400947571;191,42774963378906;234,67929077148438;186;
5,032;0,6155266165733337;191,42774963378906;234,67929077148438;186;
5,033;0,6906320452690125;191,42774963378906;234,67929077148438;186;
5,034;0,6103675365447998;191,42774963378906;234,67929077148438;186;
5,035;0,6115440130233765;191,42774963378906;234,67929077148438;186;
5,036;0,6100611686706543;189,57142639160156;157,9429931640625;186;
5,037;0,6912447214126587;189,57142639160156;157,9429931640625;186;
5,038;0,615220308303833;189,57142639160156;157,9429931640625;186;
5,039;0,6143501400947571;188,12533569335938;208,61740112304688;186;
5,041;0,6911957859992981;188,12533569335938;208,61740112304688;186;
5,042;0,6103675365447998;188,12533569335938;208,61740112304688;186;
5,043;0,6100611686706543;190,34803771972656;181,77532958984375;186;
5,044;0,611237645149231;190,34803771972656;181,77532958984375;186;
5,045;0,6903256773948669;190,34803771972656;181,77532958984375;186;
5,046;0,6140437722206116;190,34803771972656;181,77532958984375;186;
5,047;0,6155266165733337;189,82958984375;203,2908477783203;186;
5,048;0,6143501400947571;189,82958984375;203,2908477783203;186;
5,049;0,6103675365447998;189,82958984375;203,2908477783203;186;
5,05;0,6115440130233765;189,82958984375;203,2908477783203;186;
5,051;0,6100611686706543;188,63449096679688;167,37603759765625;186;
5,053;0,615220308303833;188,63449096679688;167,37603759765625;186;
5,054;0,6123588681221008;191,75979614257812;238,82838439941406;186;
5,056;0,6898171901702881;191,75979614257812;238,82838439941406;186;
5,057;0,6083762645721436;191,75979614257812;238,82838439941406;186;
5,058;0,6100611686706543;189,87831115722656;162,22669982910156;186;
5,059;0,611237645149231;189,87831115722656;162,22669982910156;186;
5,06;0,6912447214126587;189,87831115722656;162,22669982910156;186;
5,061;0,6140437722206116;189,87831115722656;162,22669982910156;186;
5,062;0,6155266165733337;186,65042114257812;200,41041564941406;186;
5,063;0,6143501400947571;186,65042114257812;200,41041564941406;186;
5,064;0,6900193095207214;186,65042114257812;200,41041564941406;186;
5,065;0,6115440130233765;186,65042114257812;200,41041564941406;186;
5,066;0,6100611686706543;190,29531860351562;181,47352600097656;186;
5,068;0,615220308303833;190,29531860351562;181,47352600097656;186;
5,069;0,6143501400947571;190,54791259765625;211,0712890625;186;
5,071;0,6927275657653809;190,54791259765625;211,0712890625;186;
5,072;0,6103675365447998;190,54791259765625;211,0712890625;186;
5,073;0,6100611686706543;190,54791259765625;211,0712890625;186;
5,074;0,611237645149231;187,9929656982422;164,6934356689453;186;
5,075;0,6912447214126587;187,9929656982422;164,6934356689453;186;
5,076;0,6140437722206116;187,9929656982422;164,6934356689453;186;
5,077;0,6155266165733337;190,41587829589844;228,4366455078125;186;
5,078;0,6143501400947571;190,41587829589844;228,4366455078125;186;
5,079;0,6906320452690125;190,41587829589844;228,4366455078125;186;
5,08;0,6115440130233765;190,41587829589844;228,4366455078125;186;
5,081;0,6100611686706543;190,39324951171875;167,23634338378906;186;
5,082;0,6912447214126587;190,39324951171875;167,23634338378906;186;
5,083;0,615220308303833;190,39324951171875;167,23634338378906;186;
5,084;0,6143501400947571;187,42880249023438;206,1138458251953;186;
5,086;0,6155266165733337;187,42880249023438;206,1138458251953;186;
5,087;0,6103675365447998;187,42880249023438;206,1138458251953;186;
5,088;0,6100611686706543;187,42880249023438;206,1138458251953;186;
5,089;0,611237645149231;189,2878875732422;174,06430053710938;186;
5,09;0,6903256773948669;189,2878875732422;174,06430053710938;186;
5,091;0,6140437722206116;189,2878875732422;174,06430053710938;186;
5,092;0,6155266165733337;190,0997314453125;207,93186950683594;186;
5,093;0,6143501400947571;190,0997314453125;207,93186950683594;186;
5,094;0,6915510892868042;190,0997314453125;207,93186950683594;186;
5,095;0,6115440130233765;190,0997314453125;207,93186950683594;186;
5,096;0,6100611686706543;188,52728271484375;170,60623168945312;186;
5,098;0,6924211978912354;188,52728271484375;170,60623168945312;186;
5,099;0,6143501400947571;190,40078735351562;231,47132873535156;186;
5,101;0,6918084621429443;190,40078735351562;231,47132873535156;186;
5,102;0,6103675365447998;190,40078735351562;231,47132873535156;186;
5,104;0,611237645149231;189,60879516601562;160,06683349609375;186;
5,105;0,6912447214126587;189,60879516601562;160,06683349609375;186;
5,106;0,6140437722206116;189,60879516601562;160,06683349609375;186;
5,107;0,6155266165733337;187,8314208984375;209,34390258789062;186;
5,108;0,6143501400947571;187,8314208984375;209,34390258789062;186;
5,109;0,6900193095207214;187,8314208984375;209,34390258789062;186;
5,11;0,6115440130233765;187,8314208984375;209,34390258789062;186;
5,111;0,6100611686706543;189,52659606933594;178,61566162109375;186;
5,113;0,6915020942687988;189,52659606933594;178,61566162109375;186;
5,114;0,6140437722206116;189,52659606933594;178,61566162109375;186;
5,115;0,6143501400947571;188,8419189453125;199,81088256835938;186;
5,116;0,6155266165733337;188,8419189453125;199,81088256835938;186;
5,117;0,6615439653396606;188,8419189453125;199,81088256835938;186;
5,118;0,6103675365447998;188,8419189453125;199,81088256835938;186;
5,119;0,611237645149231;188,43862915039062;171,36004638671875;186;
5,12;0,6100611686706543;188,43862915039062;171,36004638671875;186;
5,121;0,6140437722206116;188,43862915039062;171,36004638671875;186;
5,122;0,6155266165733337;190,82766723632812;233,76669311523438;186;
5,123;0,6143501400947571;190,82766723632812;233,76669311523438;186;
5,124;0,6906320452690125;190,82766723632812;233,76669311523438;186;
5,125;0,6115440130233765;190,82766723632812;233,76669311523438;186;
5,126;0,6100611686706543;189,14642333984375;160,40853881835938;186;
5,128;0,6924211978912354;189,14642333984375;160,40853881835938;186;
5,129;0,6140437722206116;189,14642333984375;160,40853881835938;186;
5,13;0,6143501400947571;186,40443420410156;202,33290100097656;186;
5,131;0,6155266165733337;186,40443420410156;202,33290100097656;186;
5,132;0,6900193095207214;186,40443420410156;202,33290100097656;186;
5,133;0,6103675365447998;186,40443420410156;202,33290100097656;186;
5,134;0,611237645149231;189,9270477294922;183,43943786621094;186;
5,135;0,6100611686706543;189,9270477294922;183,43943786621094;186;
5,136;0,6140437722206116;189,9270477294922;183,43943786621094;186;
5,137;0,6155266165733337;189,78839111328125;208,00381469726562;186;
5,138;0,6143501400947571;189,78839111328125;208,00381469726562;186;
5,139;0,6915510892868042;189,78839111328125;208,00381469726562;186;
5,14;0,6115440130233765;189,78839111328125;208,00381469726562;186;
5,141;0,6103675365447998;189,78839111328125;208,00381469726562;186;
5,142;0,6100611686706543;187,198974609375;161,768310546875;186;
5,143;0,6924211978912354;187,198974609375;161,768310546875;186;
5,144;0,6140437722206116;187,198974609375;161,768310546875;186;
5,145;0,6143501400947571;190,46112060546875;234,03973388671875;186;
5,146;0,6155266165733337;190,46112060546875;234,03973388671875;186;
5,147;0,6906320452690125;190,46112060546875;234,03973388671875;186;
5,148;0,6103675365447998;190,46112060546875;234,03973388671875;186;
5,149;0,611237645149231;189,77716064453125;167,02723693847656;186;
5,15;0,6912447214126587;189,77716064453125;167,02723693847656;186;
5,151;0,6140437722206116;189,77716064453125;167,02723693847656;186;
5,152;0,6155266165733337;186,63955688476562;200,54412841796875;186;
5,153;0,6143501400947571;186,63955688476562;200,54412841796875;186;
5,155;0,6115440130233765;186,63955688476562;200,54412841796875;186;
5,156;0,6103675365447998;186,63955688476562;200,54412841796875;186;
5,157;0,6100611686706543;188,98291015625;175,35910034179688;186;
5,158;0,6915020942687988;188,98291015625;175,35910034179688;186;
5,159;0,6140437722206116;188,98291015625;175,35910034179688;186;
5,16;0,6143501400947571;190,12228393554688;213,2804718017578;186;
5,161;0,6155266165733337;190,12228393554688;213,2804718017578;186;
5,162;0,6915510892868042;190,12228393554688;213,2804718017578;186;
5,163;0,6103675365447998;190,12228393554688;213,2804718017578;186;
5,164;0,611237645149231;187,9635772705078;168,5020294189453;186;
5,165;0,6100611686706543;187,9635772705078;168,5020294189453;186;
5,166;0,6912447214126587;187,9635772705078;168,5020294189453;186;
5,167;0,6155266165733337;189,78463745117188;227,3136749267578;186;
5,168;0,6143501400947571;189,78463745117188;227,3136749267578;186;
5,169;0,7388673424720764;189,78463745117188;227,3136749267578;186;
5,17;0,6115440130233765;189,78463745117188;227,3136749267578;186;
5,171;0,6103675365447998;189,78463745117188;227,3136749267578;186;
5,172;0,6100611686706543;190,16738891601562;164,01937866210938;186;
5,173;0,6924211978912354;190,16738891601562;164,01937866210938;186;
5,174;0,6140437722206116;190,16738891601562;164,01937866210938;186;
5,175;0,6143501400947571;187,94888305664062;209,67250061035156;186;
5,176;0,6155266165733337;187,94888305664062;209,67250061035156;186;
5,177;0,6900193095207214;187,94888305664062;209,67250061035156;186;
5,178;0,6103675365447998;187,94888305664062;209,67250061035156;186;
5,179;0,611237645149231;189,1761932373047;175,10369873046875;186;
5,18;0,6100611686706543;189,1761932373047;175,10369873046875;186;
5,181;0,6903256773948669;189,1761932373047;175,10369873046875;186;
5,182;0,615220308303833;189,1761932373047;175,10369873046875;186;
5,183;0,6143501400947571;189,53033447265625;203,77322387695312;186;
5,185;0,6115440130233765;189,53033447265625;203,77322387695312;186;
5,186;0,6103675365447998;189,53033447265625;203,77322387695312;186;
5,187;0,6100611686706543;189,09808349609375;172,44149780273438;186;
5,188;0,611237645149231;189,09808349609375;172,44149780273438;186;
5,189;0,6140437722206116;189,09808349609375;172,44149780273438;186;
5,19;0,6143501400947571;190,5365753173828;228,87152099609375;186;
5,191;0,6155266165733337;190,5365753173828;228,87152099609375;186;
5,192;0,6906320452690125;190,5365753173828;228,87152099609375;186;
5,193;0,6103675365447998;190,5365753173828;228,87152099609375;186;
5,194;0,611237645149231;189,26553344726562;160,8592529296875;186;
5,195;0,6100611686706543;189,26553344726562;160,8592529296875;186;
5,196;0,6912447214126587;189,26553344726562;160,8592529296875;186;
5,197;0,615220308303833;189,26553344726562;160,8592529296875;186;
5,198;0,6143501400947571;187,4835968017578;208,2921142578125;186;
5,2;0,6911957859992981;187,4835968017578;208,2921142578125;186;
5,201;0,6103675365447998;187,4835968017578;208,2921142578125;186;
5,202;0,6100611686706543;190,18618774414062;182,13331604003906;186;
5,203;0,6915020942687988;190,18618774414062;182,13331604003906;186;
5,204;0,6140437722206116;190,18618774414062;182,13331604003906;186;
5,205;0,6143501400947571;189,2804412841797;201,18174743652344;186;
5,206;0,6155266165733337;189,2804412841797;201,18174743652344;186;
5,207;0,6915510892868042;189,2804412841797;201,18174743652344;186;
5,208;0,6103675365447998;189,2804412841797;201,18174743652344;186;
5,209;0,6115440130233765;189,2804412841797;201,18174743652344;186;
5,21;0,6100611686706543;188,1326904296875;167,539306640625;186;
5,211;0,6912447214126587;188,1326904296875;167,539306640625;186;
5,212;0,615220308303833;188,1326904296875;167,539306640625;186;
5,213;0,6143501400947571;191,0399169921875;234,72511291503906;186;
5,215;0,6115440130233765;191,0399169921875;234,72511291503906;186;
5,216;0,6103675365447998;191,0399169921875;234,72511291503906;186;
5,217;0,6100611686706543;189,8258514404297;164,82891845703125;186;
5,218;0,6924211978912354;189,8258514404297;164,82891845703125;186;
5,219;0,6140437722206116;189,8258514404297;164,82891845703125;186;
5,22;0,6143501400947571;189,8258514404297;198,91827392578125;186;
5,221;0,6155266165733337;186,907958984375;198,91827392578125;186;
5,222;0,6143501400947571;186,907958984375;198,91827392578125;186;
5,223;0,6103675365447998;186,907958984375;198,91827392578125;186;
5,224;0,611237645149231;189,84083557128906;180,00628662109375;186;
5,225;0,6100611686706543;189,84083557128906;180,00628662109375;186;
5,226;0,6903256773948669;189,84083557128906;180,00628662109375;186;
5,227;0,615220308303833;189,84083557128906;180,00628662109375;186;
5,228;0,6143501400947571;190,25013732910156;212,30126953125;186;
5,23;0,6927275657653809;190,25013732910156;212,30126953125;186;
5,231;0,6103675365447998;190,25013732910156;212,30126953125;186;
5,232;0,6100611686706543;187,7617645263672;165,35031127929688;186;
5,233;0,611237645149231;187,7617645263672;165,35031127929688;186;
5,234;0,6912447214126587;187,7617645263672;165,35031127929688;186;
5,235;0,6143501400947571;190,05465698242188;224,3863525390625;186;
5,236;0,6155266165733337;190,05465698242188;224,3863525390625;186;
5,237;0,6906320452690125;190,05465698242188;224,3863525390625;186;
5,238;0,6103675365447998;190,05465698242188;224,3863525390625;186;
5,239;0,6115440130233765;190,05465698242188;224,3863525390625;186;
5,24;0,6100611686706543;190,27272033691406;168,90447998046875;186;
5,241;0,6912447214126587;190,27272033691406;168,90447998046875;186;
5,242;0,615220308303833;190,27272033691406;168,90447998046875;186;
5,243;0,6143501400947571;187,45802307128906;204,43157958984375;186;
5,245;0,6911957859992981;187,45802307128906;204,43157958984375;186;
5,246;0,6103675365447998;187,45802307128906;204,43157958984375;186;
5,247;0,6100611686706543;189,01260375976562;174,95082092285156;186;
5,248;0,611237645149231;189,01260375976562;174,95082092285156;186;
5,249;0,6903256773948669;189,01260375976562;174,95082092285156;186;
5,25;0,6140437722206116;189,01260375976562;174,95082092285156;186;
5,251;0,6155266165733337;189,90455627441406;207,10801696777344;186;
5,252;0,6143501400947571;189,90455627441406;207,10801696777344;186;
5,253;0,6103675365447998;189,90455627441406;207,10801696777344;186;
5,254;0,6115440130233765;189,90455627441406;207,10801696777344;186;
5,255;0,6100611686706543;188,80484008789062;172,3920440673828;186;
5,256;0,6912447214126587;188,80484008789062;172,3920440673828;186;
5,257;0,615220308303833;188,80484008789062;172,3920440673828;186;
5,258;0,6143501400947571;190,09597778320312;226,11660766601562;186;
5,26;0,6918084621429443;190,09597778320312;226,11660766601562;186;
5,261;0,6103675365447998;190,09597778320312;226,11660766601562;186;
5,262;0,6100611686706543;189,3325958251953;160,83773803710938;186;
5,263;0,611237645149231;189,3325958251953;160,83773803710938;186;
5,264;0,6912447214126587;189,3325958251953;160,83773803710938;186;
5,265;0,6140437722206116;189,3325958251953;160,83773803710938;186;
5,266;0,6155266165733337;188,0959014892578;211,21961975097656;186;
5,267;0,6143501400947571;188,0959014892578;211,21961975097656;186;
5,268;0,6900193095207214;188,0959014892578;211,21961975097656;186;
5,269;0,6115440130233765;188,0959014892578;211,21961975097656;186;
5,27;0,6100611686706543;189,59759521484375;179,0946044921875;186;
5,271;0,6903256773948669;189,59759521484375;179,0946044921875;186;
5,272;0,615220308303833;189,59759521484375;179,0946044921875;186;
5,273;0,6143501400947571;189,18362426757812;200,64454650878906;186;
5,275;0,6927275657653809;189,18362426757812;200,64454650878906;186;
5,276;0,6103675365447998;189,18362426757812;200,64454650878906;186;
5,277;0,6100611686706543;188,6826171875;171,58013916015625;186;
5,278;0,611237645149231;188,6826171875;171,58013916015625;186;
5,279;0,6912447214126587;188,6826171875;171,58013916015625;186;
5,28;0,684938371181488;191,42774963378906;236,94561767578125;186;
5,281;0,6155266165733337;191,42774963378906;236,94561767578125;186;
5,282;0,6143501400947571;191,42774963378906;236,94561767578125;186;
5,283;0,6103675365447998;191,42774963378906;236,94561767578125;186;
5,284;0,6115440130233765;191,42774963378906;236,94561767578125;186;
5,285;0,6100611686706543;189,47805786132812;160,49420166015625;186;
5,286;0,6912447214126587;189,47805786132812;160,49420166015625;186;
5,287;0,615220308303833;189,47805786132812;160,49420166015625;186;
5,288;0,6143501400947571;187,09336853027344;201,58653259277344;186;
5,29;0,6155266165733337;187,09336853027344;201,58653259277344;186;
5,291;0,6103675365447998;187,09336853027344;201,58653259277344;186;
5,292;0,6100611686706543;190,299072265625;181,91285705566406;186;
5,293;0,611237645149231;190,299072265625;181,91285705566406;186;
5,294;0,6903256773948669;190,299072265625;181,91285705566406;186;
5,295;0,6140437722206116;190,299072265625;181,91285705566406;186;
5,296;0,6155266165733337;190,34803771972656;211,703125;186;
5,297;0,6143501400947571;190,34803771972656;211,703125;186;
5,298;0,6103675365447998;190,34803771972656;211,703125;186;
5,299;0,6115440130233765;190,34803771972656;211,703125;186;
5,3;0,6100611686706543;187,98562622070312;163,6175994873047;186;
5,302;0,6924211978912354;187,98562622070312;163,6175994873047;186;
5,303;0,6143501400947571;191,1614227294922;233,81214904785156;186;
5,305;0,6918084621429443;191,1614227294922;233,81214904785156;186;
5,306;0,6103675365447998;191,1614227294922;233,81214904785156;186;
5,307;0,6830023527145386;190,38194274902344;166,6798858642578;186;
5,308;0,611237645149231;190,38194274902344;166,6798858642578;186;
5,309;0,6912447214126587;190,38194274902344;166,6798858642578;186;
5,31;0,6140437722206116;190,38194274902344;166,6798858642578;186;
5,311;0,6155266165733337;187,1661834716797;202,33290100097656;186;
5,312;0,6143501400947571;187,1661834716797;202,33290100097656;186;
5,313;0,6900193095207214;187,1661834716797;202,33290100097656;186;
5,314;0,6115440130233765;187,1661834716797;202,33290100097656;186;
5,315;0,6100611686706543;189,90830993652344;178,13929748535156;186;
5,317;0,6915020942687988;189,90830993652344;178,13929748535156;186;
5,318;0,6143501400947571;190,81253051757812;210,03878784179688;186;
5,32;0,6927275657653809;190,81253051757812;210,03878784179688;186;
5,321;0,6103675365447998;190,81253051757812;210,03878784179688;186;
5,323;0,611237645149231;189,04232788085938;169,78704833984375;186;
5,324;0,6912447214126587;189,04232788085938;169,78704833984375;186;
5,325;0,6140437722206116;189,04232788085938;169,78704833984375;186;
5,326;0,6155266165733337;190,54791259765625;227,83059692382812;186;
5,327;0,6143501400947571;190,54791259765625;227,83059692382812;186;
5,328;0,6906320452690125;190,54791259765625;227,83059692382812;186;
5,329;0,6115440130233765;190,54791259765625;227,83059692382812;186;
5,33;0,6100611686706543;190,5026092529297;163,35081481933594;186;
5,332;0,615220308303833;190,5026092529297;163,35081481933594;186;
5,333;0,6143501400947571;190,5026092529297;209,92877197265625;186;
5,334;0,6143501400947571;188,320556640625;209,92877197265625;186;
5,335;0,6155266165733337;188,320556640625;209,92877197265625;186;
5,336;0,6103675365447998;188,320556640625;209,92877197265625;186;
5,338;0,611237645149231;189,55274963378906;174,7220001220703;186;
5,339;0,6903256773948669;189,55274963378906;174,7220001220703;186;
5,34;0,6140437722206116;189,55274963378906;174,7220001220703;186;
5,341;0,6155266165733337;189,72474670410156;203,91146850585938;186;
5,342;0,6143501400947571;189,72474670410156;203,91146850585938;186;
5,343;0,6915510892868042;189,72474670410156;203,91146850585938;186;
5,344;0,6115440130233765;189,72474670410156;203,91146850585938;186;
5,345;0,6100611686706543;189,07577514648438;173,66200256347656;186;
5,347;0,6924211978912354;189,07577514648438;173,66200256347656;186;
5,348;0,6143501400947571;191,0626983642578;231,42677307128906;186;
5,35;0,6918084621429443;191,0626983642578;231,42677307128906;186;
5,351;0,6103675365447998;191,0626983642578;231,42677307128906;186;
5,353;0,611237645149231;189,47061157226562;160,21615600585938;186;
5,354;0,6912447214126587;189,47061157226562;160,21615600585938;186;
5,355;0,6140437722206116;189,47061157226562;160,21615600585938;186;
5,356;0,6155266165733337;187,3375244140625;205,33938598632812;186;
5,357;0,6143501400947571;187,3375244140625;205,33938598632812;186;
5,358;0,6900193095207214;187,3375244140625;205,33938598632812;186;
5,359;0,6115440130233765;187,3375244140625;205,33938598632812;186;
5,36;0,6100611686706543;190,72549438476562;186,45504760742188;186;
5,362;0,6915020942687988;190,72549438476562;186,45504760742188;186;
5,363;0,6140437722206116;190,72549438476562;186,45504760742188;186;
5,364;0,6143501400947571;189,42955017089844;198,00099182128906;186;
5,365;0,6155266165733337;189,42955017089844;198,00099182128906;186;
5,366;0,6103675365447998;189,42955017089844;198,00099182128906;186;
5,368;0,611237645149231;188,40908813476562;168,00755310058594;186;
5,369;0,6100611686706543;188,40908813476562;168,00755310058594;186;
5,37;0,6140437722206116;188,40908813476562;168,00755310058594;186;
5,371;0,6135353446006775;191,557373046875;237,74215698242188;186;
5,372;0,6123588681221008;191,557373046875;237,74215698242188;186;
5,373;0,6886407136917114;191,557373046875;237,74215698242188;186;
5,374;0,6095527410507202;191,557373046875;237,74215698242188;186;
5,375;0,6100611686706543;189,76217651367188;162,5117645263672;186;
5,377;0,6924211978912354;189,76217651367188;162,5117645263672;186;
5,378;0,6140437722206116;189,76217651367188;162,5117645263672;186;
5,379;0,6143501400947571;186,75914001464844;200,04360961914062;186;
5,38;0,6155266165733337;186,75914001464844;200,04360961914062;186;
5,381;0,6900193095207214;186,75914001464844;200,04360961914062;186;
5,382;0,6103675365447998;186,75914001464844;200,04360961914062;186;
5,383;0,611237645149231;189,39598083496094;177,1418914794922;186;
5,384;0,6100611686706543;189,39598083496094;177,1418914794922;186;
5,385;0,6140437722206116;189,39598083496094;177,1418914794922;186;
5,386;0,6155266165733337;190,60076904296875;217,25010681152344;186;
5,387;0,6143501400947571;190,60076904296875;217,25010681152344;186;
5,388;0,6915510892868042;190,60076904296875;217,25010681152344;186;
5,389;0,6115440130233765;190,60076904296875;217,25010681152344;186;
5,39;0,6103675365447998;190,60076904296875;217,25010681152344;186;
5,391;0,6100611686706543;187,34483337402344;164,13133239746094;186;
5,392;0,6924211978912354;187,34483337402344;164,13133239746094;186;
5,393;0,6140437722206116;187,34483337402344;164,13133239746094;186;
5,394;0,6143501400947571;189,59759521484375;220,1138916015625;186;
5,395;0,6155266165733337;189,59759521484375;220,1138916015625;186;
5,396;0,6906320452690125;189,59759521484375;220,1138916015625;186;
5,397;0,6103675365447998;189,59759521484375;220,1138916015625;186;
5,398;0,611237645149231;190,27272033691406;172,34262084960938;186;
5,399;0,6100611686706543;190,27272033691406;172,34262084960938;186;
5,4;0,6140437722206116;190,27272033691406;172,34262084960938;186;
5,401;0,6155266165733337;187,4434051513672;206,57423400878906;186;
5,402;0,6143501400947571;187,4434051513672;206,57423400878906;186;
5,403;0,6900193095207214;187,4434051513672;206,57423400878906;186;
5,404;0,6115440130233765;187,4434051513672;206,57423400878906;186;
5,405;0,6100611686706543;187,4434051513672;173,91322326660156;186;
5,406;0,6100611686706543;189,23202514648438;173,91322326660156;186;
5,407;0,6915020942687988;189,23202514648438;173,91322326660156;186;
5,408;0,6140437722206116;189,23202514648438;173,91322326660156;186;
5,409;0,6143501400947571;190,1072540283203;208,14785766601562;186;
5,41;0,6155266165733337;190,1072540283203;208,14785766601562;186;
5,411;0,6915510892868042;190,1072540283203;208,14785766601562;186;
5,412;0,6103675365447998;190,1072540283203;208,14785766601562;186;
5,413;0,611237645149231;189,3325958251953;171,89907836914062;186;
5,414;0,6100611686706543;189,3325958251953;171,89907836914062;186;
5,415;0,6912447214126587;189,3325958251953;171,89907836914062;186;
5,416;0,6155266165733337;189,98707580566406;224,344482421875;186;
5,417;0,6143501400947571;189,98707580566406;224,344482421875;186;
5,418;0,6906320452690125;189,98707580566406;224,344482421875;186;
5,419;0,6115440130233765;189,98707580566406;224,344482421875;186;
5,42;0,6103675365447998;189,98707580566406;224,344482421875;186;
5,421;0,6100611686706543;189,80711364746094;163,06280517578125;186;
5,422;0,6924211978912354;189,80711364746094;163,06280517578125;186;
5,423;0,6140437722206116;189,80711364746094;163,06280517578125;186;
5,424;0,6143501400947571;188,6678009033203;208,4365692138672;186;
5,425;0,6155266165733337;188,6678009033203;208,4365692138672;186;
5,426;0,6900193095207214;188,6678009033203;208,4365692138672;186;
5,427;0,6103675365447998;188,6678009033203;208,4365692138672;186;
5,428;0,611237645149231;189,83709716796875;180,46563720703125;186;
5,429;0,6100611686706543;189,83709716796875;180,46563720703125;186;
5,43;0,6140437722206116;189,83709716796875;180,46563720703125;186;
5,431;0,615220308303833;189,83709716796875;180,46563720703125;186;
5,432;0,6143501400947571;188,84561157226562;197,54551696777344;186;
5,434;0,6115440130233765;188,84561157226562;197,54551696777344;186;
5,435;0,6103675365447998;188,84561157226562;197,54551696777344;186;
5,436;0,6100611686706543;188,59011840820312;172,19451904296875;186;
5,437;0,611237645149231;188,59011840820312;172,19451904296875;186;
5,438;0,6140437722206116;188,59011840820312;172,19451904296875;186;
5,439;0,6143501400947571;190,82766723632812;232,1865692138672;186;
5,44;0,6155266165733337;190,82766723632812;232,1865692138672;186;
5,441;0,6906320452690125;190,82766723632812;232,1865692138672;186;
5,442;0,6103675365447998;190,82766723632812;232,1865692138672;186;
5,443;0,611237645149231;189,22085571289062;161,98626708984375;186;
5,444;0,6100611686706543;189,22085571289062;161,98626708984375;186;
5,445;0,6912447214126587;189,22085571289062;161,98626708984375;186;
5,446;0,615220308303833;189,22085571289062;161,98626708984375;186;
5,447;0,6143501400947571;187,01333618164062;201,75567626953125;186;
5,449;0,6911957859992981;187,01333618164062;201,75567626953125;186;
5,45;0,6103675365447998;187,01333618164062;201,75567626953125;186;
5,451;0,6100611686706543;189,75469970703125;181,33665466308594;186;
5,452;0,611237645149231;189,75469970703125;181,33665466308594;186;
5,453;0,6140437722206116;189,75469970703125;181,33665466308594;186;
5,454;0,6143501400947571;189,88955688476562;209,7456512451172;186;
5,455;0,6155266165733337;189,88955688476562;209,7456512451172;186;
5,456;0,6915510892868042;189,88955688476562;209,7456512451172;186;
5,457;0,6103675365447998;189,88955688476562;209,7456512451172;186;
5,458;0,6115440130233765;189,88955688476562;209,7456512451172;186;
5,459;0,6100611686706543;187,51649475097656;164,6257781982422;186;
5,46;0,6912447214126587;187,51649475097656;164,6257781982422;186;
5,461;0,615220308303833;187,51649475097656;164,6257781982422;186;
5,462;0,6143501400947571;190,71792602539062;230,09799194335938;186;
5,464;0,6115440130233765;190,71792602539062;230,09799194335938;186;
5,465;0,6103675365447998;190,71792602539062;230,09799194335938;186;
5,466;0,6100611686706543;190,14483642578125;168,52566528320312;186;
5,467;0,6924211978912354;190,14483642578125;168,52566528320312;186;
5,468;0,6140437722206116;190,14483642578125;168,52566528320312;186;
5,469;0,6143501400947571;187,1661834716797;200,9463653564453;186;
5,47;0,6155266165733337;187,1661834716797;200,9463653564453;186;
5,471;0,6143501400947571;187,1661834716797;200,9463653564453;186;
5,472;0,6103675365447998;187,1661834716797;200,9463653564453;186;
5,473;0,6878369450569153;189,5826416015625;177,6654510498047;186;
5,474;0,6096016764640808;189,5826416015625;177,6654510498047;186;
5,475;0,6898661851882935;189,5826416015625;177,6654510498047;186;
5,476;0,61476069688797;189,5826416015625;177,6654510498047;186;
5,477;0,6143501400947571;190,39324951171875;209,34390258789062;186;
5,479;0,6927275657653809;190,39324951171875;209,34390258789062;186;
5,48;0,6103675365447998;190,39324951171875;209,34390258789062;186;
5,481;0,6100611686706543;188,46817016601562;168,24267578125;186;
5,482;0,611237645149231;188,46817016601562;168,24267578125;186;
5,483;0,6912447214126587;188,46817016601562;168,24267578125;186;
5,484;0,6143501400947571;190,12979125976562;227,4427032470703;186;
5,485;0,6155266165733337;190,12979125976562;227,4427032470703;186;
5,486;0,6906320452690125;190,12979125976562;227,4427032470703;186;
5,487;0,6103675365447998;190,12979125976562;227,4427032470703;186;
5,488;0,6115440130233765;190,12979125976562;227,4427032470703;186;
5,489;0,6100611686706543;190,00584411621094;163,88522338867188;186;
5,49;0,6912447214126587;190,00584411621094;163,88522338867188;186;
5,491;0,615220308303833;190,00584411621094;163,88522338867188;186;
5,492;0,6143501400947571;188,11798095703125;209,7090606689453;186;
5,494;0,6911957859992981;188,11798095703125;209,7090606689453;186;
5,495;0,6103675365447998;188,11798095703125;209,7090606689453;186;
5,496;0,6100611686706543;189,09808349609375;175,0272216796875;186;
5,497;0,611237645149231;189,09808349609375;175,0272216796875;186;
5,498;0,6903256773948669;189,09808349609375;175,0272216796875;186;
5,499;0,6140437722206116;189,09808349609375;175,0272216796875;186;
5,5;0,6155266165733337;189,41090393066406;203,80776977539062;186;
5,501;0,6143501400947571;189,41090393066406;203,80776977539062;186;
5,502;0,6103675365447998;189,41090393066406;203,80776977539062;186;
5,503;0,6115440130233765;189,41090393066406;203,80776977539062;186;
5,504;0,6100611686706543;188,85302734375;173,81265258789062;186;
5,505;0,6912447214126587;188,85302734375;173,81265258789062;186;
5,506;0,615220308303833;188,85302734375;173,81265258789062;186;
5,507;0,6143501400947571;191,33255004882812;236,5260772705078;186;
5,509;0,6918084621429443;191,33255004882812;236,5260772705078;186;
5,51;0,6103675365447998;191,33255004882812;236,5260772705078;186;
5,511;0,6100611686706543;189,3586883544922;156,74864196777344;186;
5,512;0,611237645149231;189,3586883544922;156,74864196777344;186;
5,513;0,6912447214126587;189,3586883544922;156,74864196777344;186;
5,514;0,6140437722206116;189,3586883544922;156,74864196777344;186;
5,515;0,6155266165733337;187,670166015625;209,34390258789062;186;
5,516;0,6143501400947571;187,670166015625;209,34390258789062;186;
5,517;0,6900193095207214;187,670166015625;209,34390258789062;186;
5,518;0,6115440130233765;187,670166015625;209,34390258789062;186;
5,519;0,6100611686706543;190,4535675048828;182,5204315185547;186;
5,52;0,6903256773948669;190,4535675048828;182,5204315185547;186;
5,521;0,615220308303833;190,4535675048828;182,5204315185547;186;
5,522;0,6143501400947571;189,60133361816406;201,72183227539062;186;
5,524;0,6927275657653809;189,60133361816406;201,72183227539062;186;
5,525;0,6103675365447998;189,60133361816406;201,72183227539062;186;
5,526;0,6100611686706543;188,27999877929688;166,40306091308594;186;
5,527;0,611237645149231;188,27999877929688;166,40306091308594;186;
5,528;0,6912447214126587;188,27999877929688;166,40306091308594;186;
5,529;0,6123588681221008;191,86306762695312;243,12681579589844;186;
5,53;0,6135353446006775;191,86306762695312;243,12681579589844;186;
5,531;0,6123588681221008;191,86306762695312;243,12681579589844;186;
5,532;0,6083762645721436;191,86306762695312;243,12681579589844;186;
5,533;0,6095527410507202;191,86306762695312;243,12681579589844;186;
5,534;0,6100611686706543;189,9120635986328;161,768310546875;186;
5,535;0,6912447214126587;189,9120635986328;161,768310546875;186;
5,536;0,615220308303833;189,9120635986328;161,768310546875;186;
5,537;0,6143501400947571;186,4984130859375;200,04360961914062;186;
5,539;0,6155266165733337;186,4984130859375;200,04360961914062;186;
5,54;0,6103675365447998;186,4984130859375;200,04360961914062;186;
5,541;0,6100611686706543;190,52525329589844;182,714599609375;186;
5,542;0,611237645149231;190,52525329589844;182,714599609375;186;
5,543;0,6903256773948669;190,52525329589844;182,714599609375;186;
5,544;0,6140437722206116;190,52525329589844;182,714599609375;186;
5,545;0,6155266165733337;190,4648895263672;208,76229858398438;186;
5,546;0,6143501400947571;190,4648895263672;208,76229858398438;186;
5,547;0,6103675365447998;190,4648895263672;208,76229858398438;186;
5,548;0,6115440130233765;190,4648895263672;208,76229858398438;186;
5,549;0,6100611686706543;187,89747619628906;165,21397399902344;186;
5,551;0,615220308303833;187,89747619628906;165,21397399902344;186;
5,552;0,6143501400947571;190,58566284179688;229,5269317626953;186;
5,554;0,6918084621429443;190,58566284179688;229,5269317626953;186;
5,555;0,6103675365447998;190,58566284179688;229,5269317626953;186;
5,556;0,6100611686706543;190,76710510253906;167,51597595214844;186;
5,557;0,611237645149231;190,76710510253906;167,51597595214844;186;
5,558;0,6912447214126587;190,76710510253906;167,51597595214844;186;
5,559;0,6140437722206116;190,76710510253906;167,51597595214844;186;
5,56;0,6155266165733337;187,50918579101562;206,5387420654297;186;
5,561;0,6143501400947571;187,50918579101562;206,5387420654297;186;
5,562;0,6900193095207214;187,50918579101562;206,5387420654297;186;
5,563;0,6115440130233765;187,50918579101562;206,5387420654297;186;
5,564;0,6100611686706543;189,47061157226562;174,2156219482422;186;
5,566;0,615220308303833;189,47061157226562;174,2156219482422;186;
5,567;0,6143501400947571;190,351806640625;208,1839141845703;186;
5,569;0,6927275657653809;190,351806640625;208,1839141845703;186;
5,57;0,6103675365447998;190,351806640625;208,1839141845703;186;
5,572;0,611237645149231;188,82708740234375;172,04666137695312;186;
5,573;0,6912447214126587;188,82708740234375;172,04666137695312;186;
5,574;0,6140437722206116;188,82708740234375;172,04666137695312;186;
5,575;0,6155266165733337;190,74818420410156;229,17691040039062;186;
5,576;0,6143501400947571;190,74818420410156;229,17691040039062;186;
5,577;0,6103675365447998;190,74818420410156;229,17691040039062;186;
5,578;0,6115440130233765;190,74818420410156;229,17691040039062;186;
5,579;0,6100611686706543;190,18618774414062;161,8990020751953;186;
5,581;0,615220308303833;190,18618774414062;161,8990020751953;186;
5,582;0,6143501400947571;188,420166015625;210,4800567626953;186;
5,584;0,6155266165733337;188,420166015625;210,4800567626953;186;
5,585;0,6103675365447998;188,420166015625;210,4800567626953;186;
5,586;0,6100611686706543;190,0283660888672;178,24493408203125;186;
5,587;0,611237645149231;190,0283660888672;178,24493408203125;186;
5,588;0,6903256773948669;190,0283660888672;178,24493408203125;186;
5,589;0,6140437722206116;190,0283660888672;178,24493408203125;186;
5,59;0,6155266165733337;189,35122680664062;200,31024169921875;186;
5,591;0,6143501400947571;189,35122680664062;200,31024169921875;186;
5,592;0,6915510892868042;189,35122680664062;200,31024169921875;186;
5,593;0,6115440130233765;189,35122680664062;200,31024169921875;186;
5,594;0,6100611686706543;188,8975372314453;171,1892547607422;186;
5,596;0,6924211978912354;188,8975372314453;171,1892547607422;186;
5,597;0,6143501400947571;191,29830932617188;234,08529663085938;186;
5,599;0,6918084621429443;191,29830932617188;234,08529663085938;186;
5,6;0,6103675365447998;191,29830932617188;234,08529663085938;186;
5,602;0,611237645149231;189,58636474609375;161,55093383789062;186;
5,603;0,6912447214126587;189,58636474609375;161,55093383789062;186;
5,604;0,6140437722206116;189,58636474609375;161,55093383789062;186;
5,605;0,6155266165733337;187,03515625;202,4691925048828;186;
5,606;0,6143501400947571;187,03515625;202,4691925048828;186;
5,607;0,6900193095207214;187,03515625;202,4691925048828;186;
5,608;0,6115440130233765;187,03515625;202,4691925048828;186;
5,609;0,6100611686706543;190,570556640625;185,7635955810547;186;
5,611;0,6915020942687988;190,570556640625;185,7635955810547;186;
5,612;0,6140437722206116;190,570556640625;185,7635955810547;186;
5,613;0,6143501400947571;190,1110076904297;206,07850646972656;186;
5,614;0,6927275657653809;190,1110076904297;206,07850646972656;186;
5,615;0,6103675365447998;190,1110076904297;206,07850646972656;186;
5,617;0,611237645149231;188,12533569335938;165,1685791015625;186;
5,618;0,6100611686706543;188,12533569335938;165,1685791015625;186;
5,619;0,6140437722206116;188,12533569335938;165,1685791015625;186;
5,62;0,6155266165733337;191,04751586914062;230,3184051513672;186;
5,621;0,6143501400947571;191,04751586914062;230,3184051513672;186;
5,622;0,6906320452690125;191,04751586914062;230,3184051513672;186;
5,623;0,6115440130233765;191,04751586914062;230,3184051513672;186;
5,624;0,6100611686706543;190,46112060546875;167,4926300048828;186;
5,626;0,6924211978912354;190,46112060546875;167,4926300048828;186;
5,627;0,6140437722206116;190,46112060546875;167,4926300048828;186;
5,628;0,6143501400947571;187,53111267089844;202,91343688964844;186;
5,629;0,6155266165733337;187,53111267089844;202,91343688964844;186;
5,63;0,6900193095207214;187,53111267089844;202,91343688964844;186;
5,631;0,6103675365447998;187,53111267089844;202,91343688964844;186;
5,632;0,611237645149231;190,1636199951172;178,58914184570312;186;
5,633;0,6903256773948669;190,1636199951172;178,58914184570312;186;
5,634;0,6140437722206116;190,1636199951172;178,58914184570312;186;
5,635;0,6155266165733337;190,78981018066406;208,2921142578125;186;
5,636;0,6143501400947571;190,78981018066406;208,2921142578125;186;
5,637;0,6915510892868042;190,78981018066406;208,2921142578125;186;
5,638;0,6115440130233765;190,78981018066406;208,2921142578125;186;
5,639;0,6100611686706543;188,33900451660156;168,66751098632812;186;
5,641;0,6924211978912354;188,33900451660156;168,66751098632812;186;
5,642;0,6143501400947571;188,33900451660156;168,66751098632812;186;
5,643;0,6143501400947571;190,325439453125;226,7991180419922;186;
5,644;0,6155266165733337;190,325439453125;226,7991180419922;186;
5,645;0,6103675365447998;190,325439453125;226,7991180419922;186;
5,647;0,611237645149231;190,35557556152344;165,35031127929688;186;
5,648;0,6912447214126587;190,35557556152344;165,35031127929688;186;
5,649;0,6140437722206116;190,35557556152344;165,35031127929688;186;
5,65;0,6155266165733337;188,2100067138672;207,4296112060547;186;
5,651;0,6143501400947571;188,2100067138672;207,4296112060547;186;
5,652;0,6900193095207214;188,2100067138672;207,4296112060547;186;
5,653;0,6115440130233765;188,2100067138672;207,4296112060547;186;
5,654;0,6100611686706543;189,26925659179688;174,44313049316406;186;
5,656;0,6915020942687988;189,26925659179688;174,44313049316406;186;
5,657;0,6140437722206116;189,26925659179688;174,44313049316406;186;
5,658;0,6143501400947571;189,66488647460938;206,6097412109375;186;
5,659;0,6155266165733337;189,66488647460938;206,6097412109375;186;
5,66;0,6915510892868042;189,66488647460938;206,6097412109375;186;
5,661;0,6103675365447998;189,66488647460938;206,6097412109375;186;
5,662;0,611237645149231;188,93093872070312;173,51162719726562;186;
5,663;0,6100611686706543;188,93093872070312;173,51162719726562;186;
5,664;0,6140437722206116;188,93093872070312;173,51162719726562;186;
5,665;0,6155266165733337;191,2450408935547;233,1772918701172;186;
5,666;0,6143501400947571;191,2450408935547;233,1772918701172;186;
5,667;0,6906320452690125;191,2450408935547;233,1772918701172;186;
5,668;0,6115440130233765;191,2450408935547;233,1772918701172;186;
5,669;0,6103675365447998;191,2450408935547;233,1772918701172;186;
5,67;0,6100611686706543;189,6050567626953;158,96629333496094;186;
5,671;0,6924211978912354;189,6050567626953;158,96629333496094;186;
5,672;0,6140437722206116;189,6050567626953;158,96629333496094;186;
5,673;0,6143501400947571;187,626220703125;206,00790405273438;186;
5,674;0,6155266165733337;187,626220703125;206,00790405273438;186;
5,675;0,6900193095207214;187,626220703125;206,00790405273438;186;
5,676;0,6103675365447998;187,626220703125;206,00790405273438;186;
5,677;0,611237645149231;190,57810974121094;185,62020874023438;186;
5,678;0,6100611686706543;190,57810974121094;185,62020874023438;186;
5,679;0,6140437722206116;190,57810974121094;185,62020874023438;186;
5,68;0,6155266165733337;189,78463745117188;200,1435089111328;186;
5,681;0,6143501400947571;189,78463745117188;200,1435089111328;186;
5,682;0,6915510892868042;189,78463745117188;200,1435089111328;186;
5,683;0,6115440130233765;189,78463745117188;200,1435089111328;186;
5,684;0,6103675365447998;189,78463745117188;200,1435089111328;186;
5,685;0,6100611686706543;188,54205322265625;166,38003540039062;186;
5,686;0,6924211978912354;188,54205322265625;166,38003540039062;186;
5,687;0,6140437722206116;188,54205322265625;166,38003540039062;186;
5,688;0,6143501400947571;191,30972290039062;236,6191864013672;186;
5,689;0,6155266165733337;191,30972290039062;236,6191864013672;186;
5,69;0,6906320452690125;191,30972290039062;236,6191864013672;186;
5,691;0,6103675365447998;191,30972290039062;236,6191864013672;186;
5,692;0,611237645149231;189,83334350585938;164,24343872070312;186;
5,693;0,6100611686706543;189,83334350585938;164,24343872070312;186;
5,694;0,6140437722206116;189,83334350585938;164,24343872070312;186;
5,695;0,615220308303833;189,83334350585938;164,24343872070312;186;
5,696;0,6143501400947571;186,63955688476562;199,61183166503906;186;
5,698;0,6911957859992981;186,63955688476562;199,61183166503906;186;
5,699;0,6103675365447998;186,63955688476562;199,61183166503906;186;
5,7;0,6100611686706543;190,2689666748047;182,714599609375;186;
5,701;0,6915020942687988;190,2689666748047;182,714599609375;186;
5,702;0,6140437722206116;190,2689666748047;182,714599609375;186;
5,703;0,6143501400947571;190,325439453125;206,5387420654297;186;
5,704;0,6155266165733337;190,325439453125;206,5387420654297;186;
5,705;0,6915510892868042;190,325439453125;206,5387420654297;186;
5,706;0,6103675365447998;190,325439453125;206,5387420654297;186;
5,707;0,611237645149231;187,3594207763672;165,21397399902344;186;
5,708;0,6100611686706543;187,3594207763672;165,21397399902344;186;
5,709;0,6912447214126587;187,3594207763672;165,21397399902344;186;
5,71;0,6155266165733337;190,09222412109375;228,17652893066406;186;
5,711;0,6143501400947571;190,09222412109375;228,17652893066406;186;
5,713;0,6115440130233765;190,09222412109375;228,17652893066406;186;
5,714;0,6103675365447998;190,09222412109375;228,17652893066406;186;
5,715;0,6100611686706543;190,2764892578125;167,51597595214844;186;
5,716;0,6924211978912354;190,2764892578125;167,51597595214844;186;
5,717;0,6140437722206116;190,2764892578125;167,51597595214844;186;
5,718;0,6143501400947571;187,27188110351562;204,04991149902344;186;
5,719;0,6155266165733337;187,27188110351562;204,04991149902344;186;
5,72;0,6900193095207214;187,27188110351562;204,04991149902344;186;
5,721;0,6103675365447998;187,27188110351562;204,04991149902344;186;
5,722;0,611237645149231;188,812255859375;174,2156219482422;186;
5,723;0,6100611686706543;188,812255859375;174,2156219482422;186;
5,724;0,6903256773948669;188,812255859375;174,2156219482422;186;
5,725;0,615220308303833;188,812255859375;174,2156219482422;186;
5,726;0,6143501400947571;189,81085205078125;208,90740966796875;186;
5,728;0,6927275657653809;189,81085205078125;208,90740966796875;186;
5,729;0,6103675365447998;189,81085205078125;208,90740966796875;186;
5,73;0,6100611686706543;188,0885467529297;170,67889404296875;186;
5,731;0,611237645149231;188,0885467529297;170,67889404296875;186;
5,732;0,6140437722206116;188,0885467529297;170,67889404296875;186;
5,733;0,6143501400947571;190,05465698242188;227,184814453125;186;
5,734;0,6155266165733337;190,05465698242188;227,184814453125;186;
5,735;0,6906320452690125;190,05465698242188;227,184814453125;186;
5,736;0,6103675365447998;190,05465698242188;227,184814453125;186;
5,737;0,6115440130233765;190,05465698242188;227,184814453125;186;
5,738;0,6100611686706543;189,39224243164062;161,29086303710938;186;
5,739;0,6912447214126587;189,39224243164062;161,29086303710938;186;
5,74;0,615220308303833;189,39224243164062;161,29086303710938;186;
5,741;0,6143501400947571;187,670166015625;209,6359405517578;186;
5,743;0,6911957859992981;187,670166015625;209,6359405517578;186;
5,744;0,6103675365447998;187,670166015625;209,6359405517578;186;
5,745;0,6100611686706543;189,21340942382812;177,875732421875;186;
5,746;0,611237645149231;189,21340942382812;177,875732421875;186;
5,747;0,6140437722206116;189,21340942382812;177,875732421875;186;
5,749;0,6155266165733337;188,7640838623047;199,9438018798828;186;
5,75;0,6143501400947571;188,7640838623047;199,9438018798828;186;
5,751;0,6103675365447998;188,7640838623047;199,9438018798828;186;
5,752;0,6115440130233765;188,7640838623047;199,9438018798828;186;
5,753;0,6100611686706543;188,28738403320312;171,018798828125;186;
5,754;0,6912447214126587;188,28738403320312;171,018798828125;186;
5,755;0,615220308303833;188,28738403320312;171,018798828125;186;
5,756;0,6143501400947571;191,0057830810547;239,11338806152344;186;
5,758;0,6115440130233765;191,0057830810547;239,11338806152344;186;
5,759;0,6103675365447998;191,0057830810547;239,11338806152344;186;
5,76;0,6100611686706543;188,86416625976562;157,88076782226562;186;
5,761;0,611237645149231;188,86416625976562;157,88076782226562;186;
5,762;0,6140437722206116;188,86416625976562;157,88076782226562;186;
5,764;0,6155266165733337;186,69027709960938;204,29261779785156;186;
5,765;0,6143501400947571;186,69027709960938;204,29261779785156;186;
5,766;0,6900193095207214;186,69027709960938;204,29261779785156;186;
5,767;0,6115440130233765;186,69027709960938;204,29261779785156;186;
5,768;0,6100611686706543;189,57516479492188;180,24917602539062;186;
5,769;0,6903256773948669;189,57516479492188;180,24917602539062;186;
5,77;0,615220308303833;189,57516479492188;180,24917602539062;186;
5,771;0,6143501400947571;189,51165771484375;209,016357421875;186;
5,773;0,6927275657653809;189,51165771484375;209,016357421875;186;
5,774;0,6103675365447998;189,51165771484375;209,016357421875;186;
5,775;0,6100611686706543;187,4324493408203;164,19857788085938;186;
5,776;0,611237645149231;187,4324493408203;164,19857788085938;186;
5,777;0,6912447214126587;187,4324493408203;164,19857788085938;186;
5,778;0,6140437722206116;187,4324493408203;164,19857788085938;186;
5,779;0,6155266165733337;190,31790161132812;229,65846252441406;186;
5,78;0,6143501400947571;190,31790161132812;229,65846252441406;186;
5,781;0,6103675365447998;190,31790161132812;229,65846252441406;186;
5,782;0,6115440130233765;190,31790161132812;229,65846252441406;186;
5,783;0,6100611686706543;189,88955688476562;168,28976440429688;186;
5,784;0,6912447214126587;189,88955688476562;168,28976440429688;186;
5,785;0,615220308303833;189,88955688476562;168,28976440429688;186;
5,786;0,6143501400947571;186,35748291015625;200,778564453125;186;
5,788;0,6911957859992981;186,35748291015625;200,778564453125;186;
5,789;0,6103675365447998;186,35748291015625;200,778564453125;186;
5,79;0,6100611686706543;189,24319458007812;176,07821655273438;186;
5,791;0,611237645149231;189,24319458007812;176,07821655273438;186;
5,792;0,6903256773948669;189,24319458007812;176,07821655273438;186;
5,793;0,6140437722206116;189,24319458007812;176,07821655273438;186;
5,794;0,6155266165733337;189,97207641601562;211,29385375976562;186;
5,795;0,6143501400947571;189,97207641601562;211,29385375976562;186;
5,796;0,6915510892868042;189,97207641601562;211,29385375976562;186;
5,797;0,6115440130233765;189,97207641601562;211,29385375976562;186;
5,798;0,6100611686706543;188,2947540283203;168,83331298828125;186;
5,8;0,615220308303833;188,2947540283203;168,83331298828125;186;
5,801;0,6143501400947571;189,2878875732422;219,23086547851562;186;
5,803;0,6918084621429443;189,2878875732422;219,23086547851562;186;
5,804;0,6103675365447998;189,2878875732422;219,23086547851562;186;
5,805;0,6100611686706543;190,12228393554688;169,35653686523438;186;
5,806;0,611237645149231;190,12228393554688;169,35653686523438;186;
5,807;0,6912447214126587;190,12228393554688;169,35653686523438;186;
5,808;0,6140437722206116;190,12228393554688;169,35653686523438;186;
5,809;0,6155266165733337;187,90481567382812;206,14918518066406;186;
5,81;0,6143501400947571;187,90481567382812;206,14918518066406;186;
5,811;0,6900193095207214;187,90481567382812;206,14918518066406;186;
5,812;0,6115440130233765;187,90481567382812;206,14918518066406;186;
5,813;0,6100611686706543;188,94577026367188;175,20578002929688;186;
5,815;0,6915020942687988;188,94577026367188;175,20578002929688;186;
5,816;0,6140437722206116;188,94577026367188;175,20578002929688;186;
5,817;0,6143501400947571;189,29905700683594;204,01528930664062;186;
5,818;0,6155266165733337;189,29905700683594;204,01528930664062;186;
5,819;0,6103675365447998;189,29905700683594;204,01528930664062;186;
5,821;0,611237645149231;188,771484375;172,490966796875;186;
5,822;0,6912447214126587;188,771484375;172,490966796875;186;
5,823;0,6140437722206116;188,771484375;172,490966796875;186;
5,824;0,6155266165733337;190,84280395507812;234,03973388671875;186;
5,825;0,6143501400947571;190,84280395507812;234,03973388671875;186;
5,826;0,6906320452690125;190,84280395507812;234,03973388671875;186;
5,827;0,6115440130233765;190,84280395507812;234,03973388671875;186;
5,828;0,6100611686706543;189,10552978515625;158,526123046875;186;
5,83;0,6924211978912354;189,10552978515625;158,526123046875;186;
5,831;0,6140437722206116;189,10552978515625;158,526123046875;186;
5,832;0,6143501400947571;187,84243774414062;206,3614959716797;186;
5,833;0,6155266165733337;187,84243774414062;206,3614959716797;186;
5,834;0,6900193095207214;187,84243774414062;206,3614959716797;186;
5,835;0,6103675365447998;187,84243774414062;206,3614959716797;186;
5,836;0,611237645149231;189,90081787109375;183,71975708007812;186;
5,837;0,6903256773948669;189,90081787109375;183,71975708007812;186;
5,838;0,6140437722206116;189,90081787109375;183,71975708007812;186;
5,839;0,6155266165733337;189,47433471679688;202,19679260253906;186;
5,84;0,6143501400947571;189,47433471679688;202,19679260253906;186;
5,841;0,6915510892868042;189,47433471679688;202,19679260253906;186;
5,842;0,6115440130233765;189,47433471679688;202,19679260253906;186;
5,843;0,6100611686706543;188,00030517578125;165,600830078125;186;
5,845;0,6924211978912354;188,00030517578125;165,600830078125;186;
5,846;0,6143501400947571;190,92994689941406;235,36846923828125;186;
5,848;0,6155266165733337;190,92994689941406;235,36846923828125;186;
5,849;0,6103675365447998;190,92994689941406;235,36846923828125;186;
5,851;0,611237645149231;189,55274963378906;163,88522338867188;186;
5,852;0,6912447214126587;189,55274963378906;163,88522338867188;186;
5,853;0,6140437722206116;189,55274963378906;163,88522338867188;186;
5,854;0,6155266165733337;186,451416015625;201,0135498046875;186;
5,855;0,6143501400947571;186,451416015625;201,0135498046875;186;
5,857;0,6115440130233765;186,451416015625;201,0135498046875;186;
5,858;0,6100611686706543;189,70228576660156;179,44210815429688;186;
5,86;0,6915020942687988;189,70228576660156;179,44210815429688;186;
5,861;0,6140437722206116;189,70228576660156;179,44210815429688;186;
5,862;0,6143501400947571;190,22381591796875;211,4053192138672;186;
5,863;0,6155266165733337;190,22381591796875;211,4053192138672;186;
5,864;0,6103675365447998;190,22381591796875;211,4053192138672;186;
5,866;0,611237645149231;187,48724365234375;165,1005401611328;186;
5,867;0,6100611686706543;187,48724365234375;165,1005401611328;186;
5,868;0,6912447214126587;187,48724365234375;165,1005401611328;186;
5,869;0,6155266165733337;189,8258514404297;226,24427795410156;186;
5,87;0,6143501400947571;189,8258514404297;226,24427795410156;186;
5,871;0,6906320452690125;189,8258514404297;226,24427795410156;186;
5,872;0,6115440130233765;189,8258514404297;226,24427795410156;186;
5,873;0,6100611686706543;190,33673095703125;168,76222229003906;186;
5,875;0,6924211978912354;190,33673095703125;168,76222229003906;186;
5,876;0,6140437722206116;190,33673095703125;168,76222229003906;186;
5,877;0,6143501400947571;187,3411865234375;203,2221221923828;186;
5,878;0,6155266165733337;187,3411865234375;203,2221221923828;186;
5,879;0,6900193095207214;187,3411865234375;203,2221221923828;186;
5,88;0,6103675365447998;187,3411865234375;203,2221221923828;186;
5,881;0,611237645149231;189,4593963623047;177,79681396484375;186;
5,882;0,6100611686706543;189,4593963623047;177,79681396484375;186;
5,883;0,6903256773948669;189,4593963623047;177,79681396484375;186;
5,884;0,615220308303833;189,84083557128906;204,50111389160156;186;
5,885;0,6140437722206116;189,84083557128906;204,50111389160156;186;
5,886;0,6915510892868042;189,84083557128906;204,50111389160156;186;
5,887;0,6115440130233765;189,84083557128906;204,50111389160156;186;
5,888;0,6103675365447998;189,84083557128906;204,50111389160156;186;
5,889;0,6100611686706543;188,812255859375;172,34262084960938;186;
5,89;0,6924211978912354;188,812255859375;172,34262084960938;186;
5,891;0,6140437722206116;188,812255859375;172,34262084960938;186;
5,892;0,6143501400947571;190,47621154785156;229,35179138183594;186;
5,893;0,6155266165733337;190,47621154785156;229,35179138183594;186;
5,894;0,6906320452690125;190,47621154785156;229,35179138183594;186;
5,895;0,6103675365447998;190,47621154785156;229,35179138183594;186;
5,896;0,611237645149231;189,74720764160156;160,81622314453125;186;
5,897;0,6100611686706543;189,74720764160156;160,81622314453125;186;
5,898;0,6140437722206116;189,74720764160156;160,81622314453125;186;
5,899;0,615220308303833;189,74720764160156;160,81622314453125;186;
5,9;0,6143501400947571;188,27264404296875;210,5169219970703;186;
5,902;0,6115440130233765;188,27264404296875;210,5169219970703;186;
5,903;0,6103675365447998;188,27264404296875;210,5169219970703;186;
5,904;0,6100611686706543;189,79588317871094;179,0679168701172;186;
5,905;0,6915020942687988;189,79588317871094;179,0679168701172;186;
5,906;0,6140437722206116;189,79588317871094;179,0679168701172;186;
5,907;0,6143501400947571;189,47805786132812;200,34361267089844;186;
5,908;0,6155266165733337;189,47805786132812;200,34361267089844;186;
5,909;0,6915510892868042;189,47805786132812;200,34361267089844;186;
5,91;0,6103675365447998;189,47805786132812;200,34361267089844;186;
5,911;0,611237645149231;188,56423950195312;171,5556640625;186;
5,912;0,6100611686706543;188,56423950195312;171,5556640625;186;
5,913;0,6912447214126587;188,56423950195312;171,5556640625;186;
5,914;0,6155266165733337;191,57264709472656;236,75897216796875;186;
5,915;0,6143501400947571;191,57264709472656;236,75897216796875;186;
5,916;0,6906320452690125;191,57264709472656;236,75897216796875;186;
5,917;0,6115440130233765;191,57264709472656;236,75897216796875;186;
5,918;0,6103675365447998;191,57264709472656;236,75897216796875;186;
5,919;0,6100611686706543;189,62374877929688;160,4727783203125;186;
5,92;0,6924211978912354;189,62374877929688;160,4727783203125;186;
5,921;0,6140437722206116;189,62374877929688;160,4727783203125;186;
5,922;0,6143501400947571;186,95518493652344;201,51895141601562;186;
5,923;0,6155266165733337;186,95518493652344;201,51895141601562;186;
5,924;0,6143501400947571;186,95518493652344;201,51895141601562;186;
5,925;0,6103675365447998;186,95518493652344;201,51895141601562;186;
5,926;0,611237645149231;190,15609741210938;181,88534545898438;186;
5,927;0,6100611686706543;190,15609741210938;181,88534545898438;186;
5,928;0,6903256773948669;190,15609741210938;181,88534545898438;186;
5,929;0,615220308303833;190,15609741210938;181,88534545898438;186;
5,93;0,6143501400947571;190,27272033691406;211,66586303710938;186;
5,932;0,6115440130233765;190,27272033691406;211,66586303710938;186;
5,933;0,6103675365447998;190,27272033691406;211,66586303710938;186;
5,934;0,6100611686706543;188,11798095703125;164,8515167236328;186;
5,935;0,611237645149231;188,11798095703125;164,8515167236328;186;
5,936;0,6140437722206116;188,11798095703125;164,8515167236328;186;
5,937;0,6143501400947571;190,69146728515625;226,3720703125;186;
5,938;0,6155266165733337;190,69146728515625;226,3720703125;186;
5,939;0,6906320452690125;190,69146728515625;226,3720703125;186;
5,94;0,6103675365447998;190,69146728515625;226,3720703125;186;
5,941;0,611237645149231;190,44602966308594;169,9790802001953;186;
5,942;0,6100611686706543;190,44602966308594;169,9790802001953;186;
5,943;0,6912447214126587;190,44602966308594;169,9790802001953;186;
5,944;0,615220308303833;190,44602966308594;169,9790802001953;186;
5,945;0,6143501400947571;186,94064331054688;199,5455780029297;186;
5,947;0,6911957859992981;186,94064331054688;199,5455780029297;186;
5,948;0,6103675365447998;186,94064331054688;199,5455780029297;186;
5,949;0,6100611686706543;189,72848510742188;178,48309326171875;186;
5,95;0,611237645149231;189,72848510742188;178,48309326171875;186;
5,951;0,6140437722206116;189,72848510742188;178,48309326171875;186;
5,952;0,6143501400947571;190,6990203857422;210,62754821777344;186;
5,953;0,6155266165733337;190,6990203857422;210,62754821777344;186;
5,954;0,6915510892868042;190,6990203857422;210,62754821777344;186;
5,955;0,6103675365447998;190,6990203857422;210,62754821777344;186;
5,956;0,611237645149231;190,6990203857422;210,62754821777344;186;
5,957;0,6100611686706543;188,749267578125;168,5965576171875;186;
5,958;0,6912447214126587;188,749267578125;168,5965576171875;186;
5,959;0,615220308303833;188,749267578125;168,5965576171875;186;
5,96;0,6143501400947571;189,86331176757812;223,42724609375;186;
5,962;0,6918084621429443;189,86331176757812;223,42724609375;186;
5,963;0,6103675365447998;189,86331176757812;223,42724609375;186;
5,964;0,6100611686706543;190,36309814453125;167,9136962890625;186;
5,965;0,611237645149231;190,36309814453125;167,9136962890625;186;
5,966;0,6140437722206116;190,36309814453125;167,9136962890625;186;
5,967;0,6143501400947571;188,6123046875;208,00381469726562;186;
5,968;0,6155266165733337;188,6123046875;208,00381469726562;186;
5,969;0,6143501400947571;188,6123046875;208,00381469726562;186;
5,97;0,6103675365447998;188,6123046875;208,00381469726562;186;
5,971;0,611237645149231;189,69854736328125;177,2986297607422;186;
5,972;0,6100611686706543;189,69854736328125;177,2986297607422;186;
5,973;0,6903256773948669;189,69854736328125;177,2986297607422;186;
5,974;0,615220308303833;189,69854736328125;177,2986297607422;186;
5,975;0,6143501400947571;189,87081909179688;201,08079528808594;186;
5,977;0,6927275657653809;189,87081909179688;201,08079528808594;186;
5,978;0,6103675365447998;189,87081909179688;201,08079528808594;186;
5,979;0,6100611686706543;189,150146484375;173,51162719726562;186;
5,98;0,611237645149231;189,150146484375;173,51162719726562;186;
5,981;0,6912447214126587;189,150146484375;173,51162719726562;186;
5,982;0,6143501400947571;191,56500244140625;237,27296447753906;186;
5,983;0,6155266165733337;191,56500244140625;237,27296447753906;186;
5,984;0,6906320452690125;191,56500244140625;237,27296447753906;186;
5,985;0,6103675365447998;191,56500244140625;237,27296447753906;186;
5,986;0,6115440130233765;191,56500244140625;237,27296447753906;186;
5,987;0,6100611686706543;189,5079345703125;156,62611389160156;186;
5,988;0,6912447214126587;189,5079345703125;156,62611389160156;186;
5,989;0,615220308303833;189,5079345703125;156,62611389160156;186;
5,99;0,6143501400947571;187,98928833007812;207,6087188720703;186;
5,992;0,6911957859992981;187,98928833007812;207,6087188720703;186;
5,993;0,6103675365447998;187,98928833007812;207,6087188720703;186;
5,994;0,6100611686706543;190,1072540283203;182,4373321533203;186;
5,995;0,611237645149231;190,1072540283203;182,4373321533203;186;
5,996;0,6140437722206116;190,1072540283203;182,4373321533203;186;
5,998;0,6155266165733337;189,55274963378906;202,81072998046875;186;
5,999;0,6915510892868042;189,55274963378906;202,81072998046875;186;
6;0,6103675365447998;189,55274963378906;202,81072998046875;186;
6,001;0,6115440130233765;189,55274963378906;202,81072998046875;186;
6,002;0,6100611686706543;188,10693359375;167,6561279296875;186;
6,004;0,615220308303833;188,10693359375;167,6561279296875;186;
6,005;0,6143501400947571;191,19183349609375;233,2677764892578;186;
6,007;0,6918084621429443;191,19183349609375;233,2677764892578;186;
6,008;0,6103675365447998;191,19183349609375;233,2677764892578;186;
6,009;0,6100611686706543;189,8258514404297;164,896728515625;186;
6,01;0,611237645149231;189,8258514404297;164,896728515625;186;
6,011;0,6140437722206116;189,8258514404297;164,896728515625;186;
6,013;0,6155266165733337;186,379150390625;200,24351501464844;186;
6,014;0,6143501400947571;186,379150390625;200,24351501464844;186;
6,015;0,6900193095207214;186,379150390625;200,24351501464844;186;
6,016;0,6115440130233765;186,379150390625;200,24351501464844;186;
6,017;0,6100611686706543;190,2689666748047;181,58316040039062;186;
6,018;0,6903256773948669;190,2689666748047;181,58316040039062;186;
6,019;0,615220308303833;190,2689666748047;181,58316040039062;186;
6,02;0,6143501400947571;190,61587524414062;210,96018981933594;186;
6,022;0,6927275657653809;190,61587524414062;210,96018981933594;186;
6,023;0,6103675365447998;190,61587524414062;210,96018981933594;186;
6,024;0,6100611686706543;187,978271484375;164,7385711669922;186;
6,025;0,611237645149231;187,978271484375;164,7385711669922;186;
6,026;0,6912447214126587;187,978271484375;164,7385711669922;186;
6,027;0,6140437722206116;187,978271484375;164,7385711669922;186;
6,028;0,6155266165733337;190,0283660888672;223,63507080078125;186;
6,029;0,6143501400947571;190,0283660888672;223,63507080078125;186;
6,03;0,6103675365447998;190,0283660888672;223,63507080078125;186;
6,031;0,6115440130233765;190,0283660888672;223,63507080078125;186;
6,032;0,6100611686706543;190,38571166992188;169,9070281982422;186;
6,033;0,6912447214126587;190,38571166992188;169,9070281982422;186;
6,034;0,615220308303833;190,38571166992188;169,9070281982422;186;
6,035;0,6143501400947571;187,655517578125;204,1538543701172;186;
6,037;0,6911957859992981;187,655517578125;204,1538543701172;186;
6,038;0,6103675365447998;187,655517578125;204,1538543701172;186;
6,039;0,6100611686706543;189,2804412841797;175,48709106445312;186;
6,04;0,611237645149231;189,2804412841797;175,48709106445312;186;
6,041;0,6903256773948669;189,2804412841797;175,48709106445312;186;
6,042;0,6140437722206116;189,2804412841797;175,48709106445312;186;
6,043;0,6155266165733337;190,0095977783203;206,9654083251953;186;
6,044;0,6143501400947571;190,0095977783203;206,9654083251953;186;
6,045;0,6915510892868042;190,0095977783203;206,9654083251953;186;
6,046;0,6115440130233765;190,0095977783203;206,9654083251953;186;
6,047;0,6100611686706543;188,52728271484375;171,28680419921875;186;
6,049;0,615220308303833;188,52728271484375;171,28680419921875;186;
6,05;0,6143501400947571;189,94204711914062;226,03160095214844;186;
6,052;0,6918084621429443;189,94204711914062;226,03160095214844;186;
6,053;0,6103675365447998;189,94204711914062;226,03160095214844;186;
6,055;0,611237645149231;189,61627197265625;162,79783630371094;186;
6,056;0,6912447214126587;189,61627197265625;162,79783630371094;186;
6,057;0,6140437722206116;189,61627197265625;162,79783630371094;186;
6,058;0,6155266165733337;188,23577880859375;209,16180419921875;186;
6,059;0,6143501400947571;188,23577880859375;209,16180419921875;186;
6,06;0,6900193095207214;188,23577880859375;209,16180419921875;186;
6,061;0,6115440130233765;188,23577880859375;209,16180419921875;186;
6,062;0,6100611686706543;189,75094604492188;180,30325317382812;186;
6,064;0,615220308303833;189,75094604492188;180,30325317382812;186;
6,065;0,6140437722206116;189,75094604492188;180,30325317382812;186;
6,066;0,6143501400947571;189,05349731445312;197,8706512451172;186;
6,067;0,6155266165733337;189,05349731445312;197,8706512451172;186;
6,068;0,6103675365447998;189,05349731445312;197,8706512451172;186;
6,07;0,611237645149231;188,35006713867188;170,75161743164062;186;
6,071;0,6100611686706543;188,35006713867188;170,75161743164062;186;
6,072;0,6140437722206116;188,35006713867188;170,75161743164062;186;
6,073;0,6155266165733337;190,72927856445312;232,4559326171875;186;
6,074;0,6143501400947571;190,72927856445312;232,4559326171875;186;
6,075;0,6906320452690125;190,72927856445312;232,4559326171875;186;
6,076;0,6115440130233765;190,72927856445312;232,4559326171875;186;
6,077;0,6100611686706543;189,31396484375;162,5557098388672;186;
6,079;0,615220308303833;189,31396484375;162,5557098388672;186;
6,08;0,6140437722206116;189,31396484375;162,5557098388672;186;
6,081;0,6143501400947571;186,96971130371094;201,8572998046875;186;
6,082;0,6155266165733337;186,96971130371094;201,8572998046875;186;
6,083;0,6900193095207214;186,96971130371094;201,8572998046875;186;
6,084;0,6103675365447998;186,96971130371094;201,8572998046875;186;
6,085;0,611237645149231;189,80337524414062;181,69293212890625;186;
6,086;0,6903256773948669;189,80337524414062;181,69293212890625;186;
6,087;0,6140437722206116;189,80337524414062;181,69293212890625;186;
6,088;0,6155266165733337;189,65365600585938;207,71632385253906;186;
6,089;0,6143501400947571;189,65365600585938;207,71632385253906;186;
6,09;0,6915510892868042;189,65365600585938;207,71632385253906;186;
6,091;0,6115440130233765;189,65365600585938;207,71632385253906;186;
6,092;0,6797303557395935;187,13340759277344;163,5508270263672;186;
6,093;0,6091421246528625;187,13340759277344;163,5508270263672;186;
6,094;0,6915020942687988;187,13340759277344;163,5508270263672;186;
6,095;0,6131247282028198;187,13340759277344;163,5508270263672;186;
6,096;0,6143501400947571;190,3894805908203;231,33770751953125;186;
6,097;0,6155266165733337;190,3894805908203;231,33770751953125;186;
6,098;0,6100611686706543;190,3894805908203;231,33770751953125;186;
6,1;0,6109313368797302;189,94955444335938;167,9606170654297;186;
6,101;0,6912447214126587;189,94955444335938;167,9606170654297;186;
6,102;0,6140437722206116;189,94955444335938;167,9606170654297;186;
6,103;0,6155266165733337;186,80267333984375;199,5455780029297;186;
6,104;0,6143501400947571;186,80267333984375;199,5455780029297;186;
6,106;0,6115440130233765;186,80267333984375;199,5455780029297;186;
6,107;0,6103675365447998;186,80267333984375;199,5455780029297;186;
6,108;0,6100611686706543;188,0297088623047;170,29208374023438;186;
6,109;0,6915020942687988;188,0297088623047;170,29208374023438;186;
6,11;0,6140437722206116;188,0297088623047;170,29208374023438;186;
6,111;0,6143501400947571;189,98707580566406;221,45184326171875;186;
6,112;0,6155266165733337;189,98707580566406;221,45184326171875;186;
6,113;0,6915510892868042;189,98707580566406;221,45184326171875;186;
6,114;0,6103675365447998;189,98707580566406;221,45184326171875;186;
6,115;0,611237645149231;187,893798828125;167,4226531982422;186;
6,116;0,6100611686706543;187,893798828125;167,4226531982422;186;
6,117;0,6140437722206116;187,893798828125;167,4226531982422;186;
6,118;0,6155266165733337;189,71351623535156;226,97036743164062;186;
6,119;0,6143501400947571;189,71351623535156;226,97036743164062;186;
6,12;0,6906320452690125;189,71351623535156;226,97036743164062;186;
6,121;0,6115440130233765;189,71351623535156;226,97036743164062;186;
6,122;0,6103675365447998;189,71351623535156;226,97036743164062;186;
6,123;0,6100611686706543;189,91580200195312;164,7611541748047;186;
6,124;0,6924211978912354;189,91580200195312;164,7611541748047;186;
6,125;0,6140437722206116;189,91580200195312;164,7611541748047;186;
6,126;0,6143501400947571;187,703125;207,501220703125;186;
6,127;0,6155266165733337;187,703125;207,501220703125;186;
6,128;0,6900193095207214;187,703125;207,501220703125;186;
6,129;0,6103675365447998;187,703125;207,501220703125;186;
6,13;0,611237645149231;188,8419189453125;175,538330078125;186;
6,131;0,6100611686706543;188,8419189453125;175,538330078125;186;
6,132;0,6903256773948669;188,8419189453125;175,538330078125;186;
6,133;0,615220308303833;188,8419189453125;175,538330078125;186;
6,134;0,6143501400947571;189,4034423828125;204,67518615722656;186;
6,136;0,6115440130233765;189,4034423828125;204,67518615722656;186;
6,137;0,6103675365447998;189,4034423828125;204,67518615722656;186;
6,138;0,6100611686706543;189,7659149169922;172,6643829345703;186;
6,139;0,6924211978912354;189,7659149169922;172,6643829345703;186;
6,14;0,6140437722206116;189,7659149169922;172,6643829345703;186;
6,141;0,6143501400947571;190,47621154785156;229,43931579589844;186;
6,142;0,6155266165733337;190,47621154785156;229,43931579589844;186;
6,143;0,6906320452690125;190,47621154785156;229,43931579589844;186;
6,144;0,6103675365447998;190,47621154785156;229,43931579589844;186;
6,145;0,611237645149231;189,18734741210938;159,76904296875;186;
6,146;0,6100611686706543;189,18734741210938;159,76904296875;186;
6,147;0,6912447214126587;189,18734741210938;159,76904296875;186;
6,148;0,615220308303833;189,18734741210938;159,76904296875;186;
6,149;0,6143501400947571;187,25364685058594;206,50326538085938;186;
6,151;0,6911957859992981;187,25364685058594;206,50326538085938;186;
6,152;0,6103675365447998;187,25364685058594;206,50326538085938;186;
6,153;0,6100611686706543;189,94204711914062;182,99270629882812;186;
6,154;0,6915020942687988;189,94204711914062;182,99270629882812;186;
6,155;0,6140437722206116;189,94204711914062;182,99270629882812;186;
6,156;0,6143501400947571;189,59011840820312;204,18853759765625;186;
6,157;0,6155266165733337;189,59011840820312;204,18853759765625;186;
6,158;0,6915510892868042;189,59011840820312;204,18853759765625;186;
6,159;0,6103675365447998;189,59011840820312;204,18853759765625;186;
6,16;0,611237645149231;188,22474670410156;166,58750915527344;186;
6,161;0,6100611686706543;188,22474670410156;166,58750915527344;186;
6,162;0,6912447214126587;188,22474670410156;166,58750915527344;186;
6,163;0,6155266165733337;191,20323181152344;236,75897216796875;186;
6,164;0,6143501400947571;191,20323181152344;236,75897216796875;186;
6,166;0,6115440130233765;191,20323181152344;236,75897216796875;186;
6,167;0,6103675365447998;191,20323181152344;236,75897216796875;186;
6,168;0,6100611686706543;189,6686248779297;163,12918090820312;186;
6,169;0,6924211978912354;189,6686248779297;163,12918090820312;186;
6,17;0,6140437722206116;189,6686248779297;163,12918090820312;186;
6,171;0,6143501400947571;186,9915313720703;201,51895141601562;186;
6,172;0,6155266165733337;186,9915313720703;201,51895141601562;186;
6,173;0,6143501400947571;186,9915313720703;201,51895141601562;186;
6,174;0,6103675365447998;186,9915313720703;201,51895141601562;186;
6,175;0,611237645149231;190,18618774414062;180,4927215576172;186;
6,176;0,6100611686706543;190,18618774414062;180,4927215576172;186;
6,177;0,6903256773948669;190,18618774414062;180,4927215576172;186;
6,178;0,615220308303833;190,18618774414062;180,4927215576172;186;
6,179;0,6143501400947571;190,72171020507812;211,66586303710938;186;
6,181;0,6115440130233765;190,72171020507812;211,66586303710938;186;
6,182;0,6103675365447998;190,72171020507812;211,66586303710938;186;
6,183;0,6100611686706543;187,93418884277344;164,288330078125;186;
6,184;0,611237645149231;187,93418884277344;164,288330078125;186;
6,185;0,6125120520591736;187,93418884277344;164,288330078125;186;
6,186;0,6128183603286743;189,8670654296875;224,01007080078125;186;
6,187;0,613994836807251;189,8670654296875;224,01007080078125;186;
6,188;0,6906320452690125;189,8670654296875;224,01007080078125;186;
6,189;0,6103675365447998;189,8670654296875;224,01007080078125;186;
6,19;0,611237645149231;190,35934448242188;169,667236328125;186;
6,191;0,6100611686706543;190,35934448242188;169,667236328125;186;
6,192;0,6912447214126587;190,35934448242188;169,667236328125;186;
6,193;0,615220308303833;190,35934448242188;169,667236328125;186;
6,194;0,6143501400947571;187,57501220703125;206,29067993164062;186;
6,196;0,6911957859992981;187,57501220703125;206,29067993164062;186;
6,197;0,6103675365447998;187,57501220703125;206,29067993164062;186;
6,198;0,6100611686706543;189,47433471679688;175,35910034179688;186;
6,199;0,611237645149231;189,47433471679688;175,35910034179688;186;
6,2;0,6140437722206116;189,47433471679688;175,35910034179688;186;
6,201;0,6143501400947571;189,96456909179688;206,043212890625;186;
6,202;0,6155266165733337;189,96456909179688;206,043212890625;186;
6,203;0,6915510892868042;189,96456909179688;206,043212890625;186;
6,204;0,6103675365447998;189,96456909179688;206,043212890625;186;
6,205;0,6115440130233765;189,96456909179688;206,043212890625;186;
6,206;0,6100611686706543;188,8233642578125;172,56524658203125;186;
6,207;0,6912447214126587;188,8233642578125;172,56524658203125;186;
6,208;0,615220308303833;188,8233642578125;172,56524658203125;186;
6,209;0,6143501400947571;189,9120635986328;223,13699340820312;186;
6,211;0,6918084621429443;189,9120635986328;223,13699340820312;186;
6,212;0,6103675365447998;189,9120635986328;223,13699340820312;186;
6,213;0,6100611686706543;189,75843811035156;163,37301635742188;186;
6,214;0,611237645149231;189,75843811035156;163,37301635742188;186;
6,215;0,6912447214126587;189,75843811035156;163,37301635742188;186;
6,216;0,6143501400947571;189,75843811035156;163,37301635742188;186;
6,217;0,6155266165733337;188,62710571289062;212,00177001953125;186;
6,218;0,6143501400947571;188,62710571289062;212,00177001953125;186;
6,219;0,6103675365447998;188,62710571289062;212,00177001953125;186;
6,22;0,6115440130233765;188,62710571289062;212,00177001953125;186;
6,221;0,6100611686706543;190,0246124267578;179,14797973632812;186;
6,222;0,6903256773948669;190,0246124267578;179,14797973632812;186;
6,223;0,615220308303833;190,0246124267578;179,14797973632812;186;
6,224;0,6143501400947571;189,24319458007812;199,14892578125;186;
6,226;0,6927275657653809;189,24319458007812;199,14892578125;186;
6,227;0,6103675365447998;189,24319458007812;199,14892578125;186;
6,228;0,6100611686706543;188,68630981445312;171,60462951660156;186;
6,229;0,611237645149231;188,68630981445312;171,60462951660156;186;
6,23;0,6912447214126587;188,68630981445312;171,60462951660156;186;
6,231;0,6143501400947571;191,46205139160156;235,92269897460938;186;
6,232;0,6155266165733337;191,46205139160156;235,92269897460938;186;
6,233;0,6906320452690125;191,46205139160156;235,92269897460938;186;
6,234;0,6103675365447998;191,46205139160156;235,92269897460938;186;
6,235;0,6115440130233765;191,46205139160156;235,92269897460938;186;
6,236;0,6100611686706543;189,27670288085938;159,3032989501953;186;
6,237;0,6912447214126587;189,27670288085938;159,3032989501953;186;
6,238;0,615220308303833;189,27670288085938;159,3032989501953;186;
6,239;0,6143501400947571;187,5238037109375;205,0592041015625;186;
6,241;0,6911957859992981;187,5238037109375;205,0592041015625;186;
6,242;0,6103675365447998;187,5238037109375;205,0592041015625;186;
6,243;0,6100611686706543;190,41587829589844;182,714599609375;186;
6,244;0,611237645149231;190,41587829589844;182,714599609375;186;
6,245;0,6903256773948669;190,41587829589844;182,714599609375;186;
6,246;0,6140437722206116;190,41587829589844;182,714599609375;186;
6,247;0,6155266165733337;189,94580078125;207,4296112060547;186;
6,248;0,6143501400947571;189,94580078125;207,4296112060547;186;
6,249;0,6103675365447998;189,94580078125;207,4296112060547;186;
6,25;0,6115440130233765;189,94580078125;207,4296112060547;186;
6,251;0,6100611686706543;187,84609985351562;165,21397399902344;186;
6,253;0,615220308303833;187,84609985351562;165,21397399902344;186;
6,254;0,6143501400947571;190,54034423828125;226,286865234375;186;
6,256;0,6918084621429443;190,54034423828125;226,286865234375;186;
6,257;0,6103675365447998;190,54034423828125;226,286865234375;186;
6,258;0,6100611686706543;190,31790161132812;170,1715545654297;186;
6,259;0,611237645149231;190,31790161132812;170,1715545654297;186;
6,26;0,6912447214126587;190,31790161132812;170,1715545654297;186;
6,261;0,6140437722206116;190,31790161132812;170,1715545654297;186;
6,262;0,6155266165733337;186,87889099121094;199,51246643066406;186;
6,263;0,6143501400947571;186,87889099121094;199,51246643066406;186;
6,264;0,6900193095207214;186,87889099121094;199,51246643066406;186;
6,265;0,6115440130233765;186,87889099121094;199,51246643066406;186;
6,266;0,6100611686706543;189,46685791015625;175,6665802001953;186;
6,268;0,615220308303833;189,46685791015625;175,6665802001953;186;
6,269;0,6143501400947571;190,4648895263672;214,8047332763672;186;
6,271;0,6927275657653809;190,4648895263672;214,8047332763672;186;
6,272;0,6103675365447998;190,4648895263672;214,8047332763672;186;
6,273;0,6082965135574341;188,6234130859375;169,9790802001953;186;
6,274;0,611237645149231;188,6234130859375;169,9790802001953;186;
6,275;0,6912447214126587;188,6234130859375;169,9790802001953;186;
6,276;0,6140437722206116;188,6234130859375;169,9790802001953;186;
6,277;0,6155266165733337;190,17115783691406;223,42724609375;186;
6,278;0,6143501400947571;190,17115783691406;223,42724609375;186;
6,279;0,6906320452690125;190,17115783691406;223,42724609375;186;
6,28;0,6115440130233765;190,17115783691406;223,42724609375;186;
6,281;0,6100611686706543;190,299072265625;165,98951721191406;186;
6,283;0,615220308303833;190,299072265625;165,98951721191406;186;
6,284;0,6143501400947571;188,5568389892578;208,00381469726562;186;
6,286;0,6155266165733337;188,5568389892578;208,00381469726562;186;
6,287;0,6103675365447998;188,5568389892578;208,00381469726562;186;
6,288;0,6100611686706543;189,67236328125;177,7179718017578;186;
6,289;0,611237645149231;189,67236328125;177,7179718017578;186;
6,29;0,6903256773948669;189,67236328125;177,7179718017578;186;
6,291;0,6140437722206116;189,67236328125;177,7179718017578;186;
6,292;0,6155266165733337;190,05465698242188;202,9476776123047;186;
6,293;0,6143501400947571;190,05465698242188;202,9476776123047;186;
6,294;0,6915510892868042;190,05465698242188;202,9476776123047;186;
6,295;0,6115440130233765;190,05465698242188;202,9476776123047;186;
6,296;0,6100611686706543;189,55648803710938;172,3179168701172;186;
6,298;0,6924211978912354;189,55648803710938;172,3179168701172;186;
6,299;0,6143501400947571;191,01715087890625;230,80477905273438;186;
6,301;0,6918084621429443;191,01715087890625;230,80477905273438;186;
6,302;0,6103675365447998;191,01715087890625;230,80477905273438;186;
6,304;0,611237645149231;189,5041961669922;160,83773803710938;186;
6,305;0,6912447214126587;189,5041961669922;160,83773803710938;186;
6,306;0,6140437722206116;189,5041961669922;160,83773803710938;186;
6,307;0,6155266165733337;187,93051147460938;207,07235717773438;186;
6,308;0,6143501400947571;187,93051147460938;207,07235717773438;186;
6,309;0,6900193095207214;187,93051147460938;207,07235717773438;186;
6,31;0,6115440130233765;187,93051147460938;207,07235717773438;186;
6,311;0,6100611686706543;189,89706420898438;179,0946044921875;186;
6,313;0,6915020942687988;189,89706420898438;179,0946044921875;186;
6,314;0,6143501400947571;189,9383087158203;208,4004364013672;186;
6,316;0,6927275657653809;189,9383087158203;208,4004364013672;186;
6,317;0,6103675365447998;189,9383087158203;208,4004364013672;186;
6,319;0,611237645149231;188,20632934570312;166,26498413085938;186;
6,32;0,6912447214126587;188,20632934570312;166,26498413085938;186;
6,321;0,6140437722206116;188,20632934570312;166,26498413085938;186;
6,322;0,6155266165733337;191,38966369628906;236,94561767578125;186;
6,323;0,6143501400947571;191,38966369628906;236,94561767578125;186;
6,324;0,6906320452690125;191,38966369628906;236,94561767578125;186;
6,325;0,6115440130233765;191,38966369628906;236,94561767578125;186;
6,326;0,6100611686706543;189,87831115722656;162,97439575195312;186;
6,328;0,615220308303833;189,87831115722656;162,97439575195312;186;
6,329;0,6140437722206116;189,87831115722656;162,97439575195312;186;
6,33;0,6143501400947571;186,8861541748047;199,7113037109375;186;
6,331;0,6155266165733337;186,8861541748047;199,7113037109375;186;
6,332;0,6900193095207214;186,8861541748047;199,7113037109375;186;
6,333;0,6103675365447998;186,8861541748047;199,7113037109375;186;
6,334;0,611237645149231;189,87831115722656;180,41146850585938;186;
6,335;0,6100611686706543;189,87831115722656;180,41146850585938;186;
6,336;0,6140437722206116;189,87831115722656;180,41146850585938;186;
6,337;0,6155266165733337;190,25013732910156;210,66445922851562;186;
6,338;0,6143501400947571;190,25013732910156;210,66445922851562;186;
6,339;0,6915510892868042;190,25013732910156;210,66445922851562;186;
6,34;0,6115440130233765;190,25013732910156;210,66445922851562;186;
6,341;0,6100611686706543;188,19895935058594;165,5096435546875;186;
6,343;0,6924211978912354;188,19895935058594;165,5096435546875;186;
6,344;0,6140437722206116;188,19895935058594;165,5096435546875;186;
6,345;0,6143501400947571;189,22457885742188;218,91151428222656;186;
6,346;0,6155266165733337;189,22457885742188;218,91151428222656;186;
6,347;0,6906320452690125;189,22457885742188;218,91151428222656;186;
6,348;0,6103675365447998;189,22457885742188;218,91151428222656;186;
6,349;0,611237645149231;190,08094787597656;171,70266723632812;186;
6,35;0,6912447214126587;190,08094787597656;171,70266723632812;186;
6,351;0,6140437722206116;190,08094787597656;171,70266723632812;186;
6,352;0,6155266165733337;187,26458740234375;206,043212890625;186;
6,353;0,6143501400947571;187,26458740234375;206,043212890625;186;
6,354;0,6900193095207214;187,26458740234375;206,043212890625;186;
6,355;0,6115440130233765;187,26458740234375;206,043212890625;186;
6,356;0,6100611686706543;188,9235076904297;173,5867919921875;186;
6,358;0,6915020942687988;188,9235076904297;173,5867919921875;186;
6,359;0,6140437722206116;188,9235076904297;173,5867919921875;186;
6,36;0,6143501400947571;189,80711364746094;207,8959197998047;186;
6,361;0,6155266165733337;189,80711364746094;207,8959197998047;186;
6,362;0,6915510892868042;189,80711364746094;207,8959197998047;186;
6,363;0,6103675365447998;189,80711364746094;207,8959197998047;186;
6,364;0,611237645149231;188,34637451171875;170,36447143554688;186;
6,365;0,6100611686706543;188,34637451171875;170,36447143554688;186;
6,366;0,6912447214126587;188,34637451171875;170,36447143554688;186;
6,367;0,6155266165733337;190,25767517089844;231,47132873535156;186;
6,368;0,6143501400947571;190,25767517089844;231,47132873535156;186;
6,369;0,6906320452690125;190,25767517089844;231,47132873535156;186;
6,37;0,6115440130233765;190,25767517089844;231,47132873535156;186;
6,371;0,6103675365447998;190,25767517089844;231,47132873535156;186;
6,372;0,6100611686706543;189,31396484375;159,96035766601562;186;
6,373;0,6924211978912354;189,31396484375;159,96035766601562;186;
6,374;0,6140437722206116;189,31396484375;159,96035766601562;186;
6,375;0,6143501400947571;188,59011840820312;211,4053192138672;186;
6,376;0,6155266165733337;188,59011840820312;211,4053192138672;186;
6,377;0,6900193095207214;188,59011840820312;211,4053192138672;186;
6,378;0,6103675365447998;188,59011840820312;211,4053192138672;186;
6,379;0,611237645149231;189,37733459472656;177,06362915039062;186;
6,38;0,6100611686706543;189,37733459472656;177,06362915039062;186;
6,381;0,6140437722206116;189,37733459472656;177,06362915039062;186;
6,382;0,615220308303833;189,37733459472656;177,06362915039062;186;
6,383;0,6143501400947571;188,80484008789062;200,74505615234375;186;
6,385;0,6115440130233765;188,80484008789062;200,74505615234375;186;
6,386;0,6103675365447998;188,80484008789062;200,74505615234375;186;
6,387;0,6100611686706543;188,3611297607422;170,63043212890625;186;
6,388;0,6924211978912354;188,3611297607422;170,63043212890625;186;
6,389;0,6140437722206116;188,3611297607422;170,63043212890625;186;
6,39;0,6143501400947571;190,5932159423828;231,87310791015625;186;
6,391;0,6155266165733337;190,5932159423828;231,87310791015625;186;
6,392;0,6906320452690125;190,5932159423828;231,87310791015625;186;
6,393;0,6103675365447998;190,5932159423828;231,87310791015625;186;
6,394;0,611237645149231;189,10552978515625;161,29086303710938;186;
6,395;0,6100611686706543;189,10552978515625;161,29086303710938;186;
6,396;0,6912447214126587;189,10552978515625;161,29086303710938;186;
6,397;0,615220308303833;189,10552978515625;161,29086303710938;186;
6,398;0,6143501400947571;186,4947967529297;203,56622314453125;186;
6,4;0,6911957859992981;186,4947967529297;203,56622314453125;186;
6,401;0,6103675365447998;186,4947967529297;203,56622314453125;186;
6,402;0,6100611686706543;189,90455627441406;182,4373321533203;186;
6,403;0,6915020942687988;189,90455627441406;182,4373321533203;186;
6,404;0,6140437722206116;189,90455627441406;182,4373321533203;186;
6,405;0,6143501400947571;189,62002563476562;208,61740112304688;186;
6,406;0,6155266165733337;189,62002563476562;208,61740112304688;186;
6,407;0,6915510892868042;189,62002563476562;208,61740112304688;186;
6,408;0,6103675365447998;189,62002563476562;208,61740112304688;186;
6,409;0,611237645149231;189,62002563476562;162,5996856689453;186;
6,41;0,6100611686706543;187,3886260986328;162,5996856689453;186;
6,411;0,6912447214126587;187,3886260986328;162,5996856689453;186;
6,412;0,615220308303833;187,3886260986328;162,5996856689453;186;
6,413;0,6143501400947571;189,53407287597656;222,311767578125;186;
6,415;0,6918084621429443;189,53407287597656;222,311767578125;186;
6,416;0,6103675365447998;189,53407287597656;222,311767578125;186;
6,417;0,6100611686706543;189,87457275390625;172,8629913330078;186;
6,418;0,6924211978912354;189,87457275390625;172,8629913330078;186;
6,419;0,6140437722206116;189,87457275390625;172,8629913330078;186;
6,42;0,6143501400947571;187,0060577392578;201,65415954589844;186;
6,421;0,6155266165733337;187,0060577392578;201,65415954589844;186;
6,422;0,6900193095207214;187,0060577392578;201,65415954589844;186;
6,423;0,6103675365447998;187,0060577392578;201,65415954589844;186;
6,424;0,611237645149231;189,45193481445312;177,06362915039062;186;
6,425;0,6100611686706543;189,45193481445312;177,06362915039062;186;
6,426;0,6903256773948669;189,45193481445312;177,06362915039062;186;
6,427;0,615220308303833;189,45193481445312;177,06362915039062;186;
6,428;0,6143501400947571;190,0997314453125;209,7090606689453;186;
6,43;0,6927275657653809;190,0997314453125;209,7090606689453;186;
6,431;0,6103675365447998;190,0997314453125;209,7090606689453;186;
6,432;0,6100611686706543;187,98928833007812;167,9606170654297;186;
6,433;0,611237645149231;187,98928833007812;167,9606170654297;186;
6,434;0,6912447214126587;187,98928833007812;167,9606170654297;186;
6,435;0,6143501400947571;188,73074340820312;216,15643310546875;186;
6,436;0,6155266165733337;188,73074340820312;216,15643310546875;186;
6,437;0,6143501400947571;188,73074340820312;216,15643310546875;186;
6,438;0,6103675365447998;188,73074340820312;216,15643310546875;186;
6,439;0,6115440130233765;188,73074340820312;216,15643310546875;186;
6,44;0,6100611686706543;189,97207641601562;170,26795959472656;186;
6,441;0,6912447214126587;189,97207641601562;170,26795959472656;186;
6,442;0,615220308303833;189,97207641601562;170,26795959472656;186;
6,443;0,6143501400947571;188,6641082763672;208,76229858398438;186;
6,445;0,6911957859992981;188,6641082763672;208,76229858398438;186;
6,446;0,6103675365447998;188,6641082763672;208,76229858398438;186;
6,447;0,6100611686706543;188,87158203125;174,26614379882812;186;
6,448;0,611237645149231;188,87158203125;174,26614379882812;186;
6,449;0,6903256773948669;188,87158203125;174,26614379882812;186;
6,45;0,6140437722206116;188,87158203125;174,26614379882812;186;
6,451;0,6155266165733337;189,26181030273438;205,26925659179688;186;
6,452;0,6143501400947571;189,26181030273438;205,26925659179688;186;
6,453;0,6103675365447998;189,26181030273438;205,26925659179688;186;
6,454;0,6115440130233765;189,26181030273438;205,26925659179688;186;
6,455;0,6100611686706543;188,73443603515625;173,43653869628906;186;
6,456;0,6912447214126587;188,73443603515625;173,43653869628906;186;
6,457;0,615220308303833;188,73443603515625;173,43653869628906;186;
6,458;0,6143501400947571;190,18994140625;225,01629638671875;186;
6,46;0,6918084621429443;190,18994140625;225,01629638671875;186;
6,461;0,6103675365447998;190,18994140625;225,01629638671875;186;
6,462;0,6100611686706543;189,08322143554688;161,29086303710938;186;
6,463;0,611237645149231;189,08322143554688;161,29086303710938;186;
6,464;0,6912447214126587;189,08322143554688;161,29086303710938;186;
6,465;0,6140437722206116;189,08322143554688;161,29086303710938;186;
6,466;0,6155266165733337;188,34637451171875;208,6898193359375;186;
6,467;0,6143501400947571;188,34637451171875;208,6898193359375;186;
6,468;0,6900193095207214;188,34637451171875;208,6898193359375;186;
6,469;0,6115440130233765;188,34637451171875;208,6898193359375;186;
6,47;0,6100611686706543;189,88580322265625;180,8728790283203;186;
6,471;0,6903256773948669;189,88580322265625;180,8728790283203;186;
6,472;0,615220308303833;189,88580322265625;180,8728790283203;186;
6,473;0,6143501400947571;189,3065185546875;203,2908477783203;186;
6,475;0,6927275657653809;189,3065185546875;203,2908477783203;186;
6,476;0,6103675365447998;189,3065185546875;203,2908477783203;186;
6,477;0,6100611686706543;188,19528198242188;167,0040283203125;186;
6,478;0,611237645149231;188,19528198242188;167,0040283203125;186;
6,479;0,6912447214126587;188,19528198242188;167,0040283203125;186;
6,48;0,6143501400947571;188,19528198242188;167,0040283203125;186;
6,481;0,6155266165733337;190,84658813476562;233,58502197265625;186;
6,482;0,6143501400947571;190,84658813476562;233,58502197265625;186;
6,483;0,6103675365447998;190,84658813476562;233,58502197265625;186;
6,484;0,6115440130233765;190,84658813476562;233,58502197265625;186;
6,485;0,6100611686706543;189,44447326660156;164,58070373535156;186;
6,486;0,6912447214126587;189,44447326660156;164,58070373535156;186;
6,487;0,615220308303833;189,44447326660156;164,58070373535156;186;
6,488;0,6143501400947571;187,0242462158203;200,37701416015625;186;
6,49;0,6155266165733337;187,0242462158203;200,37701416015625;186;
6,491;0,6103675365447998;187,0242462158203;200,37701416015625;186;
6,492;0,6100611686706543;190,07717895507812;181,39138793945312;186;
6,493;0,611237645149231;190,07717895507812;181,39138793945312;186;
6,494;0,6903256773948669;190,07717895507812;181,39138793945312;186;
6,495;0,6140437722206116;190,07717895507812;181,39138793945312;186;
6,496;0,6155266165733337;190,31790161132812;211,03424072265625;186;
6,497;0,6143501400947571;190,31790161132812;211,03424072265625;186;
6,498;0,6915510892868042;190,31790161132812;211,03424072265625;186;
6,499;0,6115440130233765;190,31790161132812;211,03424072265625;186;
6,5;0,6100611686706543;187,677490234375;163,3952178955078;186;
6,502;0,6924211978912354;187,677490234375;163,3952178955078;186;
6,503;0,6143501400947571;190,30284118652344;230,89341735839844;186;
6,505;0,6918084621429443;190,30284118652344;230,89341735839844;186;
6,506;0,6103675365447998;190,30284118652344;230,89341735839844;186;
6,507;0,6100611686706543;190,30284118652344;167,86680603027344;186;
6,508;0,611237645149231;190,4422607421875;167,86680603027344;186;
6,509;0,6912447214126587;190,4422607421875;167,86680603027344;186;
6,51;0,6140437722206116;190,4422607421875;167,86680603027344;186;
6,511;0,6155266165733337;187,78741455078125;205,12916564941406;186;
6,512;0,6143501400947571;187,78741455078125;205,12916564941406;186;
6,513;0,6900193095207214;187,78741455078125;205,12916564941406;186;
6,514;0,6115440130233765;187,78741455078125;205,12916564941406;186;
6,515;0,6100611686706543;188,6826171875;170,2438507080078;186;
6,517;0,6915020942687988;188,6826171875;170,2438507080078;186;
6,518;0,6140437722206116;188,6826171875;170,2438507080078;186;
6,519;0,6143501400947571;190,07342529296875;213,6595001220703;186;
6,52;0,6155266165733337;190,07342529296875;213,6595001220703;186;
6,521;0,6103675365447998;190,07342529296875;213,6595001220703;186;
6,523;0,611237645149231;188,8419189453125;172,7884521484375;186;
6,524;0,6912447214126587;188,8419189453125;172,7884521484375;186;
6,525;0,6140437722206116;188,8419189453125;172,7884521484375;186;
6,526;0,6155266165733337;190,38571166992188;227,52877807617188;186;
6,527;0,6143501400947571;190,38571166992188;227,52877807617188;186;
6,528;0,6906320452690125;190,38571166992188;227,52877807617188;186;
6,529;0,6115440130233765;190,38571166992188;227,52877807617188;186;
6,53;0,6100611686706543;190,18618774414062;162,22669982910156;186;
6,532;0,6924211978912354;190,18618774414062;162,22669982910156;186;
6,533;0,6140437722206116;190,18618774414062;162,22669982910156;186;
6,534;0,6143501400947571;188,23577880859375;209,78224182128906;186;
6,535;0,6155266165733337;188,23577880859375;209,78224182128906;186;
6,536;0,6900193095207214;188,23577880859375;209,78224182128906;186;
6,537;0,6103675365447998;188,23577880859375;209,78224182128906;186;
6,538;0,611237645149231;190,0246124267578;179,95240783691406;186;
6,539;0,6903256773948669;190,0246124267578;179,95240783691406;186;
6,54;0,6140437722206116;190,0246124267578;179,95240783691406;186;
6,541;0,6155266165733337;189,463134765625;200,0103302001953;186;
6,542;0,6143501400947571;189,463134765625;200,0103302001953;186;
6,543;0,6915510892868042;189,463134765625;200,0103302001953;186;
6,544;0,6115440130233765;189,463134765625;200,0103302001953;186;
6,545;0,6100611686706543;189,72848510742188;171,9728240966797;186;
6,547;0,6924211978912354;189,72848510742188;171,9728240966797;186;
6,548;0,6143501400947571;191,78656005859375;236,5260772705078;186;
6,55;0,6918084621429443;191,78656005859375;236,5260772705078;186;
6,551;0,6103675365447998;191,78656005859375;236,5260772705078;186;
6,553;0,611237645149231;189,79962158203125;160,665771484375;186;
6,554;0,6912447214126587;189,79962158203125;160,665771484375;186;
6,555;0,6140437722206116;189,79962158203125;160,665771484375;186;
6,556;0,6155266165733337;187,27188110351562;201,451416015625;186;
6,557;0,6143501400947571;187,27188110351562;201,451416015625;186;
6,559;0,6115440130233765;187,27188110351562;201,451416015625;186;
6,56;0,6100611686706543;190,25767517089844;182,0230255126953;186;
6,562;0,6915020942687988;190,25767517089844;182,0230255126953;186;
6,563;0,6140437722206116;190,25767517089844;182,0230255126953;186;
6,564;0,6143501400947571;190,44602966308594;211,62860107421875;186;
6,565;0,6155266165733337;190,44602966308594;211,62860107421875;186;
6,566;0,6103675365447998;190,44602966308594;211,62860107421875;186;
6,568;0,611237645149231;188,17686462402344;164,91934204101562;186;
6,569;0,6100611686706543;188,17686462402344;164,91934204101562;186;
6,57;0,6140437722206116;188,17686462402344;164,91934204101562;186;
6,571;0,6155266165733337;190,78981018066406;226,3720703125;186;
6,572;0,6143501400947571;190,78981018066406;226,3720703125;186;
6,573;0,6906320452690125;190,78981018066406;226,3720703125;186;
6,574;0,6115440130233765;190,78981018066406;226,3720703125;186;
6,575;0,6100611686706543;190,48374938964844;170,00311279296875;186;
6,577;0,6924211978912354;190,48374938964844;170,00311279296875;186;
6,578;0,6140437722206116;190,48374938964844;170,00311279296875;186;
6,579;0,6143501400947571;187,198974609375;201,4176788330078;186;
6,58;0,6155266165733337;187,198974609375;201,4176788330078;186;
6,581;0,6900193095207214;187,198974609375;201,4176788330078;186;
6,582;0,6103675365447998;187,198974609375;201,4176788330078;186;
6,583;0,611237645149231;189,9608154296875;178,48309326171875;186;
6,584;0,6100611686706543;189,9608154296875;178,48309326171875;186;
6,585;0,6140437722206116;189,9608154296875;178,48309326171875;186;
6,586;0,6155266165733337;191,04751586914062;211,66586303710938;186;
6,587;0,6143501400947571;191,04751586914062;211,66586303710938;186;
6,588;0,6915510892868042;191,04751586914062;211,66586303710938;186;
6,589;0,6115440130233765;191,04751586914062;211,66586303710938;186;
6,59;0,6082965135574341;188,86044311523438;167,25961303710938;186;
6,591;0,6100611686706543;188,86044311523438;167,25961303710938;186;
6,592;0,6924211978912354;188,86044311523438;167,25961303710938;186;
6,593;0,6140437722206116;188,86044311523438;167,25961303710938;186;
6,594;0,6143501400947571;190,24636840820312;226,41470336914062;186;
6,595;0,6155266165733337;190,24636840820312;226,41470336914062;186;
6,596;0,6906320452690125;190,24636840820312;226,41470336914062;186;
6,597;0,6103675365447998;190,24636840820312;226,41470336914062;186;
6,598;0,611237645149231;190,41587829589844;165,94369506835938;186;
6,599;0,6100611686706543;190,41587829589844;165,94369506835938;186;
6,6;0,6140437722206116;190,41587829589844;165,94369506835938;186;
6,601;0,6155266165733337;188,79371643066406;209,27102661132812;186;
6,602;0,6143501400947571;188,79371643066406;209,27102661132812;186;
6,604;0,6115440130233765;188,79371643066406;209,27102661132812;186;
6,605;0,6100611686706543;189,72100830078125;176,20726013183594;186;
6,607;0,6915020942687988;189,72100830078125;176,20726013183594;186;
6,608;0,6140437722206116;189,72100830078125;176,20726013183594;186;
6,609;0,6143501400947571;189,9608154296875;203,60069274902344;186;
6,61;0,6155266165733337;189,9608154296875;203,60069274902344;186;
6,611;0,6915510892868042;189,9608154296875;203,60069274902344;186;
6,612;0,6103675365447998;189,9608154296875;203,60069274902344;186;
6,613;0,611237645149231;189,369873046875;174,39251708984375;186;
6,614;0,6100611686706543;189,369873046875;174,39251708984375;186;
6,615;0,6140437722206116;189,369873046875;174,39251708984375;186;
6,616;0,6155266165733337;191,3934783935547;233,76669311523438;186;
6,617;0,6143501400947571;191,3934783935547;233,76669311523438;186;
6,618;0,6906320452690125;191,3934783935547;233,76669311523438;186;
6,619;0,6115440130233765;191,3934783935547;233,76669311523438;186;
6,62;0,6103675365447998;191,3934783935547;233,76669311523438;186;
6,621;0,6100611686706543;190,03964233398438;159,3244171142578;186;
6,622;0,6924211978912354;190,03964233398438;159,3244171142578;186;
6,623;0,6140437722206116;190,03964233398438;159,3244171142578;186;
6,624;0,6143501400947571;188,11062622070312;206,2552947998047;186;
6,625;0,6155266165733337;188,11062622070312;206,2552947998047;186;
6,626;0,6900193095207214;188,11062622070312;206,2552947998047;186;
6,627;0,6103675365447998;188,11062622070312;206,2552947998047;186;
6,628;0,611237645149231;190,1636199951172;179,62977600097656;186;
6,629;0,6100611686706543;190,1636199951172;179,62977600097656;186;
6,63;0,6140437722206116;190,1636199951172;179,62977600097656;186;
6,631;0,6155266165733337;189,8220977783203;206,00790405273438;186;
6,632;0,6143501400947571;189,8220977783203;206,00790405273438;186;
6,633;0,6915510892868042;189,8220977783203;206,00790405273438;186;
6,634;0,6115440130233765;189,8220977783203;206,00790405273438;186;
6,635;0,6103675365447998;189,8220977783203;206,00790405273438;186;
6,636;0,6100611686706543;188,54574584960938;167,77310180664062;186;
6,637;0,6924211978912354;188,54574584960938;167,77310180664062;186;
6,638;0,6140437722206116;188,54574584960938;167,77310180664062;186;
6,639;0,6143501400947571;191,53831481933594;235,36846923828125;186;
6,64;0,6155266165733337;191,53831481933594;235,36846923828125;186;
6,641;0,6906320452690125;191,53831481933594;235,36846923828125;186;
6,642;0,6103675365447998;191,53831481933594;235,36846923828125;186;
6,643;0,611237645149231;190,04339599609375;164,94198608398438;186;
6,644;0,6100611686706543;190,04339599609375;164,94198608398438;186;
6,645;0,6140437722206116;190,04339599609375;164,94198608398438;186;
6,646;0,615220308303833;190,04339599609375;164,94198608398438;186;
6,647;0,6143501400947571;186,74464416503906;199,14892578125;186;
6,649;0,6911957859992981;186,74464416503906;199,14892578125;186;
6,65;0,6103675365447998;186,74464416503906;199,14892578125;186;
6,651;0,6100611686706543;190,37442016601562;183,15997314453125;186;
6,652;0,6915020942687988;190,37442016601562;183,15997314453125;186;
6,653;0,6140437722206116;190,37442016601562;183,15997314453125;186;
6,654;0,6143501400947571;190,5932159423828;208,3282012939453;186;
6,655;0,6155266165733337;190,5932159423828;208,3282012939453;186;
6,656;0,6915510892868042;190,5932159423828;208,3282012939453;186;
6,657;0,6103675365447998;190,5932159423828;208,3282012939453;186;
6,658;0,611237645149231;188,43862915039062;165,373046875;186;
6,659;0,6100611686706543;188,43862915039062;165,373046875;186;
6,66;0,6912447214126587;188,43862915039062;165,373046875;186;
6,661;0,6155266165733337;190,64988708496094;229,26431274414062;186;
6,662;0,6143501400947571;190,64988708496094;229,26431274414062;186;
6,664;0,6115440130233765;190,64988708496094;229,26431274414062;186;
6,665;0,6103675365447998;190,64988708496094;229,26431274414062;186;
6,666;0,6100611686706543;190,4083251953125;166,28797912597656;186;
6,667;0,6924211978912354;190,4083251953125;166,28797912597656;186;
6,668;0,6140437722206116;190,4083251953125;166,28797912597656;186;
6,669;0,6143501400947571;187,54208374023438;204,46633911132812;186;
6,67;0,6155266165733337;187,54208374023438;204,46633911132812;186;
6,671;0,6900193095207214;187,54208374023438;204,46633911132812;186;
6,672;0,6103675365447998;187,54208374023438;204,46633911132812;186;
6,673;0,611237645149231;189,07949829101562;174,95082092285156;186;
6,674;0,6100611686706543;189,07949829101562;174,95082092285156;186;
6,675;0,6903256773948669;189,07949829101562;174,95082092285156;186;
6,676;0,615220308303833;189,07949829101562;174,95082092285156;186;
6,677;0,6143501400947571;189,94580078125;207,10801696777344;186;
6,679;0,6927275657653809;189,94580078125;207,10801696777344;186;
6,68;0,6103675365447998;189,94580078125;207,10801696777344;186;
6,681;0,6100611686706543;188,420166015625;172,3920440673828;186;
6,682;0,611237645149231;188,420166015625;172,3920440673828;186;
6,683;0,6140437722206116;188,420166015625;172,3920440673828;186;
6,684;0,6143501400947571;190,1110076904297;226,11660766601562;186;
6,685;0,6155266165733337;190,1110076904297;226,11660766601562;186;
6,686;0,6906320452690125;190,1110076904297;226,11660766601562;186;
6,687;0,6103675365447998;190,1110076904297;226,11660766601562;186;
6,688;0,611237645149231;189,55274963378906;162,05177307128906;186;
6,689;0,6100611686706543;189,55274963378906;162,05177307128906;186;
6,69;0,6912447214126587;189,55274963378906;162,05177307128906;186;
6,691;0,615220308303833;189,55274963378906;162,05177307128906;186;
6,692;0,6143501400947571;187,89747619628906;211,25672912597656;186;
6,694;0,6911957859992981;187,89747619628906;211,25672912597656;186;
6,695;0,6103675365447998;187,89747619628906;211,25672912597656;186;
6,696;0,6100611686706543;189,29161071777344;175,43588256835938;186;
6,697;0,611237645149231;189,29161071777344;175,43588256835938;186;
6,698;0,6140437722206116;189,29161071777344;175,43588256835938;186;
6,699;0,6143501400947571;189,08692932128906;202,571533203125;186;
6,7;0,6155266165733337;189,08692932128906;202,571533203125;186;
6,701;0,6915510892868042;189,08692932128906;202,571533203125;186;
6,702;0,6103675365447998;189,08692932128906;202,571533203125;186;
6,703;0,6115440130233765;189,08692932128906;202,571533203125;186;
6,704;0,6100611686706543;188,53466796875;171,23802185058594;186;
6,705;0,6912447214126587;188,53466796875;171,23802185058594;186;
6,706;0,615220308303833;188,53466796875;171,23802185058594;186;
6,707;0,6143501400947571;191,1690216064453;235,64524841308594;186;
6,709;0,6115440130233765;191,1690216064453;235,64524841308594;186;
6,71;0,6103675365447998;191,1690216064453;235,64524841308594;186;
6,711;0,6100611686706543;188,99404907226562;159,1767578125;186;
6,712;0,611237645149231;188,99404907226562;159,1767578125;186;
6,713;0,6140437722206116;188,99404907226562;159,1767578125;186;
6,715;0,6155266165733337;186,57077026367188;201,11444091796875;186;
6,716;0,6137619018554688;186,57077026367188;201,11444091796875;186;
6,717;0,6900193095207214;186,57077026367188;201,11444091796875;186;
6,718;0,6115440130233765;186,57077026367188;201,11444091796875;186;
6,719;0,6100611686706543;189,85206604003906;184,1700439453125;186;
6,72;0,6903256773948669;189,85206604003906;184,1700439453125;186;
6,721;0,615220308303833;189,85206604003906;184,1700439453125;186;
6,722;0,6143501400947571;189,24319458007812;205,37445068359375;186;
6,724;0,6927275657653809;189,24319458007812;205,37445068359375;186;
6,725;0,6103675365447998;189,24319458007812;205,37445068359375;186;
6,726;0,6100611686706543;187,56768798828125;164,53565979003906;186;
6,727;0,611237645149231;187,56768798828125;164,53565979003906;186;
6,728;0,6912447214126587;187,56768798828125;164,53565979003906;186;
6,729;0,6843501329421997;190,18243408203125;229,87803649902344;186;
6,73;0,6155266165733337;190,18243408203125;229,87803649902344;186;
6,731;0,6143501400947571;190,18243408203125;229,87803649902344;186;
6,732;0,6103675365447998;190,18243408203125;229,87803649902344;186;
6,733;0,6115440130233765;190,18243408203125;229,87803649902344;186;
6,734;0,6100611686706543;189,75094604492188;168,47842407226562;186;
6,735;0,6912447214126587;189,75094604492188;168,47842407226562;186;
6,736;0,615220308303833;189,75094604492188;168,47842407226562;186;
6,737;0,6143501400947571;186,4984130859375;200,8456573486328;186;
6,739;0,6911957859992981;186,4984130859375;200,8456573486328;186;
6,74;0,6103675365447998;186,4984130859375;200,8456573486328;186;
6,741;0,6100611686706543;188,96434020996094;174,7473907470703;186;
6,742;0,611237645149231;188,96434020996094;174,7473907470703;186;
6,743;0,6903256773948669;188,96434020996094;174,7473907470703;186;
6,744;0,6140437722206116;188,96434020996094;174,7473907470703;186;
6,745;0,6155266165733337;190,4648895263672;215,57504272460938;186;
6,746;0,6143501400947571;190,4648895263672;215,57504272460938;186;
6,747;0,6103675365447998;190,4648895263672;215,57504272460938;186;
6,748;0,6115440130233765;190,4648895263672;215,57504272460938;186;
6,749;0,6100611686706543;187,9525604248047;166,91128540039062;186;
6,751;0,615220308303833;187,9525604248047;166,91128540039062;186;
6,752;0,6143501400947571;190,1636199951172;228,6103973388672;186;
6,754;0,6918084621429443;190,1636199951172;228,6103973388672;186;
6,755;0,6103675365447998;190,1636199951172;228,6103973388672;186;
6,756;0,6100611686706543;190,1598663330078;164,5131378173828;186;
6,757;0,611237645149231;190,1598663330078;164,5131378173828;186;
6,758;0,6912447214126587;190,1598663330078;164,5131378173828;186;
6,759;0,6140437722206116;190,1598663330078;164,5131378173828;186;
6,76;0,6155266165733337;188,33900451660156;210,22242736816406;186;
6,761;0,6143501400947571;188,33900451660156;210,22242736816406;186;
6,762;0,6900193095207214;188,33900451660156;210,22242736816406;186;
6,763;0,6115440130233765;188,33900451660156;210,22242736816406;186;
6,764;0,6100611686706543;188,7566680908203;171,1892547607422;186;
6,766;0,615220308303833;188,7566680908203;171,1892547607422;186;
6,767;0,6143501400947571;189,51913452148438;207,9678497314453;186;
6,769;0,6155266165733337;189,51913452148438;207,9678497314453;186;
6,77;0,6103675365447998;189,51913452148438;207,9678497314453;186;
6,772;0,611237645149231;189,30279541015625;173,28656005859375;186;
6,773;0,6912447214126587;189,30279541015625;173,28656005859375;186;
6,774;0,6140437722206116;189,30279541015625;173,28656005859375;186;
6,775;0,6155266165733337;190,95648193359375;234,03973388671875;186;
6,776;0,6143501400947571;190,95648193359375;234,03973388671875;186;
6,777;0,6103675365447998;190,95648193359375;234,03973388671875;186;
6,778;0,6115440130233765;190,95648193359375;234,03973388671875;186;
6,779;0,6100611686706543;189,37359619140625;157,69439697265625;186;
6,781;0,6146320104598999;189,37359619140625;157,69439697265625;186;
6,782;0,6140437722206116;189,37359619140625;157,69439697265625;186;
6,783;0,6143501400947571;187,48724365234375;208,3643035888672;186;
6,784;0,6155266165733337;187,48724365234375;208,3643035888672;186;
6,785;0,6900193095207214;187,48724365234375;208,3643035888672;186;
6,786;0,6100611686706543;190,24636840820312;183,15997314453125;186;
6,787;0,611237645149231;190,24636840820312;183,15997314453125;186;
6,788;0,6903256773948669;190,24636840820312;183,15997314453125;186;
6,789;0,6140437722206116;190,24636840820312;183,15997314453125;186;
6,79;0,6149383783340454;189,29161071777344;201,24908447265625;186;
6,791;0,6143501400947571;189,29161071777344;201,24908447265625;186;
6,792;0,6915510892868042;189,29161071777344;201,24908447265625;186;
6,793;0,6115440130233765;189,29161071777344;201,24908447265625;186;
6,794;0,6100611686706543;188,58273315429688;166,6567840576172;186;
6,796;0,6924211978912354;188,58273315429688;166,6567840576172;186;
6,797;0,6143501400947571;190,84280395507812;232,23141479492188;186;
6,799;0,6155266165733337;190,84280395507812;232,23141479492188;186;
6,8;0,6103675365447998;190,84280395507812;232,23141479492188;186;
6,802;0,611237645149231;189,6424560546875;165,66929626464844;186;
6,803;0,6912447214126587;189,6424560546875;165,66929626464844;186;
6,804;0,6140437722206116;189,6424560546875;165,66929626464844;186;
6,805;0,6155266165733337;186,41526794433594;199,8773193359375;186;
6,806;0,6143501400947571;186,41526794433594;199,8773193359375;186;
6,807;0,6900193095207214;186,41526794433594;199,8773193359375;186;
6,808;0,6115440130233765;186,41526794433594;199,8773193359375;186;
6,809;0,6100611686706543;189,96456909179688;180,51983642578125;186;
6,811;0,6915020942687988;189,96456909179688;180,51983642578125;186;
6,812;0,6140437722206116;189,96456909179688;180,51983642578125;186;
6,813;0,6143501400947571;190,21250915527344;210,77525329589844;186;
6,814;0,6155266165733337;190,21250915527344;210,77525329589844;186;
6,815;0,6103675365447998;190,21250915527344;210,77525329589844;186;
6,817;0,611237645149231;187,62257385253906;165,5552215576172;186;
6,818;0,6100611686706543;187,62257385253906;165,5552215576172;186;
6,819;0,6140437722206116;187,62257385253906;165,5552215576172;186;
6,82;0,6155266165733337;189,62002563476562;221,24807739257812;186;
6,821;0,6143501400947571;189,62002563476562;221,24807739257812;186;
6,822;0,6906320452690125;189,62002563476562;221,24807739257812;186;
6,823;0,6115440130233765;189,62002563476562;221,24807739257812;186;
6,824;0,6100611686706543;190,41587829589844;171,70266723632812;186;
6,826;0,6924211978912354;190,41587829589844;171,70266723632812;186;
6,827;0,6140437722206116;190,41587829589844;171,70266723632812;186;
6,828;0,6143501400947571;187,86810302734375;205,09417724609375;186;
6,829;0,6155266165733337;187,86810302734375;205,09417724609375;186;
6,83;0,6900193095207214;187,86810302734375;205,09417724609375;186;
6,831;0,6103675365447998;187,86810302734375;205,09417724609375;186;
6,832;0,611237645149231;189,29905700683594;175,0017547607422;186;
6,833;0,6100611686706543;189,29905700683594;175,0017547607422;186;
6,834;0,6140437722206116;189,29905700683594;175,0017547607422;186;
6,835;0,6155266165733337;189,90455627441406;205,4095458984375;186;
6,836;0,6143501400947571;189,90455627441406;205,4095458984375;186;
6,837;0,6915510892868042;189,90455627441406;205,4095458984375;186;
6,838;0,6115440130233765;189,90455627441406;205,4095458984375;186;
6,839;0,6100611686706543;189,90455627441406;205,4095458984375;186;
6,84;0,6100611686706543;188,73443603515625;172,3920440673828;186;
6,841;0,6924211978912354;188,73443603515625;172,3920440673828;186;
6,842;0,6140437722206116;188,73443603515625;172,3920440673828;186;
6,843;0,6143501400947571;190,0884552001953;225,10055541992188;186;
6,844;0,6155266165733337;190,0884552001953;225,10055541992188;186;
6,845;0,6906320452690125;190,0884552001953;225,10055541992188;186;
6,846;0,6103675365447998;190,0884552001953;225,10055541992188;186;
6,847;0,611237645149231;189,70977783203125;163,28427124023438;186;
6,848;0,6100611686706543;189,70977783203125;163,28427124023438;186;
6,849;0,613455593585968;189,70977783203125;163,28427124023438;186;
6,85;0,6155266165733337;188,5014190673828;208,76229858398438;186;
6,851;0,6143501400947571;188,5014190673828;208,76229858398438;186;
6,853;0,6115440130233765;188,5014190673828;208,76229858398438;186;
6,854;0,6103675365447998;188,5014190673828;208,76229858398438;186;
6,855;0,6100611686706543;188,94577026367188;174,6966094970703;186;
6,856;0,6915020942687988;188,94577026367188;174,6966094970703;186;
6,857;0,6140437722206116;188,94577026367188;174,6966094970703;186;
6,858;0,6143501400947571;189,1761932373047;207,28656005859375;186;
6,859;0,6155266165733337;189,1761932373047;207,28656005859375;186;
6,86;0,6915510892868042;189,1761932373047;207,28656005859375;186;
6,861;0,6103675365447998;189,1761932373047;207,28656005859375;186;
6,862;0,611237645149231;188,56053161621094;170,87295532226562;186;
6,863;0,6100611686706543;188,56053161621094;170,87295532226562;186;
6,864;0,6912447214126587;188,56053161621094;170,87295532226562;186;
6,865;0,6155266165733337;191,6375274658203;238,82838439941406;186;
6,866;0,6143501400947571;191,6375274658203;238,82838439941406;186;
6,867;0,6906320452690125;191,6375274658203;238,82838439941406;186;
6,868;0,6115440130233765;191,6375274658203;238,82838439941406;186;
6,869;0,6103675365447998;191,6375274658203;238,82838439941406;186;
6,87;0,6100611686706543;189,6274871826172;160,1734619140625;186;
6,871;0,6924211978912354;189,6274871826172;160,1734619140625;186;
6,872;0,6140437722206116;189,6274871826172;160,1734619140625;186;
6,873;0,6143501400947571;187,3995819091797;202,2648162841797;186;
6,874;0,6155266165733337;187,3995819091797;202,2648162841797;186;
6,875;0,6900193095207214;187,3995819091797;202,2648162841797;186;
6,876;0,6103675365447998;187,3995819091797;202,2648162841797;186;
6,877;0,611237645149231;190,79739379882812;186,42613220214844;186;
6,878;0,6100611686706543;190,79739379882812;186,42613220214844;186;
6,879;0,6903256773948669;190,79739379882812;186,42613220214844;186;
6,88;0,6155266165733337;190,79739379882812;186,42613220214844;186;
6,881;0,6143501400947571;190,2915496826172;204,01528930664062;186;
6,882;0,6915510892868042;190,2915496826172;204,01528930664062;186;
6,883;0,6115440130233765;190,2915496826172;204,01528930664062;186;
6,884;0,6103675365447998;190,2915496826172;204,01528930664062;186;
6,885;0,6100611686706543;188,64190673828125;164,15374755859375;186;
6,886;0,611237645149231;188,64190673828125;164,15374755859375;186;
6,887;0,6140437722206116;188,64190673828125;164,15374755859375;186;
6,888;0,6143501400947571;190,914794921875;231,51589965820312;186;
6,889;0,6155266165733337;190,914794921875;231,51589965820312;186;
6,89;0,6906320452690125;190,914794921875;231,51589965820312;186;
6,891;0,6103675365447998;190,914794921875;231,51589965820312;186;
6,892;0,611237645149231;190,50637817382812;168,28976440429688;186;
6,893;0,6100611686706543;190,50637817382812;168,28976440429688;186;
6,894;0,6731492280960083;190,50637817382812;168,28976440429688;186;
6,895;0,6149138808250427;190,50637817382812;168,28976440429688;186;
6,896;0,6140437722206116;187,04971313476562;201,4851837158203;186;
6,898;0,6911957859992981;187,04971313476562;201,4851837158203;186;
6,899;0,6103675365447998;187,04971313476562;201,4851837158203;186;
6,9;0,6100611686706543;189,54901123046875;176,07821655273438;186;
6,901;0,611237645149231;189,54901123046875;176,07821655273438;186;
6,902;0,6140437722206116;189,54901123046875;176,07821655273438;186;
6,903;0,6143501400947571;190,75575256347656;213,81149291992188;186;
6,904;0,6155266165733337;190,75575256347656;213,81149291992188;186;
6,905;0,6915510892868042;190,75575256347656;213,81149291992188;186;
6,906;0,6103675365447998;190,75575256347656;213,81149291992188;186;
6,907;0,611237645149231;188,24684143066406;168,83331298828125;186;
6,908;0,6100611686706543;188,24684143066406;168,83331298828125;186;
6,909;0,6912447214126587;188,24684143066406;168,83331298828125;186;
6,91;0,6814089417457581;188,24684143066406;168,83331298828125;186;
6,911;0,6143501400947571;190,52525329589844;227,61492919921875;186;
6,913;0,6115440130233765;190,52525329589844;227,61492919921875;186;
6,914;0,6103675365447998;190,52525329589844;227,61492919921875;186;
6,915;0,6100611686706543;190,52903747558594;164,17616271972656;186;
6,916;0,6924211978912354;190,52903747558594;164,17616271972656;186;
6,917;0,6140437722206116;190,52903747558594;164,17616271972656;186;
6,918;0,6143501400947571;188,51988220214844;209,78224182128906;186;
6,919;0,6155266165733337;188,51988220214844;209,78224182128906;186;
6,92;0,6900193095207214;188,51988220214844;209,78224182128906;186;
6,921;0,6103675365447998;188,51988220214844;209,78224182128906;186;
6,922;0,611237645149231;189,56768798828125;175,20578002929688;186;
6,923;0,6100611686706543;189,56768798828125;175,20578002929688;186;
6,924;0,6903256773948669;189,56768798828125;175,20578002929688;186;
6,925;0,615220308303833;189,56768798828125;175,20578002929688;186;
6,926;0,6143501400947571;189,8258514404297;203,8423309326172;186;
6,928;0,6927275657653809;189,8258514404297;203,8423309326172;186;
6,929;0,6103675365447998;189,8258514404297;203,8423309326172;186;
6,93;0,6100611686706543;189,5041961669922;173,8880615234375;186;
6,931;0,611237645149231;189,5041961669922;173,8880615234375;186;
6,932;0,6140437722206116;189,5041961669922;173,8880615234375;186;
6,933;0,6143501400947571;191,53831481933594;236,47955322265625;186;
6,934;0,6155266165733337;191,53831481933594;236,47955322265625;186;
6,935;0,6906320452690125;191,53831481933594;236,47955322265625;186;
6,936;0,6103675365447998;191,53831481933594;236,47955322265625;186;
6,937;0,611237645149231;189,68359375;157,9429931640625;186;
6,938;0,6100611686706543;189,68359375;157,9429931640625;186;
6,939;0,6888918280601501;189,68359375;157,9429931640625;186;
6,94;0,615220308303833;189,68359375;157,9429931640625;186;
6,941;0,6143501400947571;187,7654266357422;207,28656005859375;186;
6,943;0,6900193095207214;187,7654266357422;207,28656005859375;186;
6,944;0,6103675365447998;187,7654266357422;207,28656005859375;186;
6,945;0,6100611686706543;189,97958374023438;178,74844360351562;186;
6,946;0,611237645149231;189,97958374023438;178,74844360351562;186;
6,947;0,615220308303833;189,97958374023438;178,74844360351562;186;
6,948;0,6143501400947571;189,84832763671875;208,5088653564453;186;
6,949;0,6155266165733337;189,84832763671875;208,5088653564453;186;
6,95;0,6915510892868042;189,84832763671875;208,5088653564453;186;
6,951;0,6103675365447998;189,84832763671875;208,5088653564453;186;
6,952;0,6115440130233765;189,84832763671875;208,5088653564453;186;
6,953;0,6100611686706543;188,44970703125;166,10418701171875;186;
6,954;0,6912447214126587;188,44970703125;166,10418701171875;186;
6,955;0,615220308303833;188,44970703125;166,10418701171875;186;
6,956;0,6143501400947571;191,75979614257812;239,6376495361328;186;
6,958;0,6918084621429443;191,75979614257812;239,6376495361328;186;
6,959;0,6103675365447998;191,75979614257812;239,6376495361328;186;
6,96;0,6100611686706543;189,99082946777344;162,8860626220703;186;
6,961;0,6106494665145874;189,99082946777344;162,8860626220703;186;
6,962;0,6140437722206116;189,99082946777344;162,8860626220703;186;
6,964;0,6155266165733337;186,44418334960938;198,81959533691406;186;
6,965;0,6137619018554688;186,44418334960938;198,81959533691406;186;
6,966;0,6900193095207214;186,44418334960938;198,81959533691406;186;
6,967;0,6115440130233765;186,44418334960938;198,81959533691406;186;
6,968;0,611237645149231;190,13731384277344;181,88534545898438;186;
6,969;0,6903256773948669;190,13731384277344;181,88534545898438;186;
6,97;0,615220308303833;190,13731384277344;181,88534545898438;186;
6,971;0,6143501400947571;190,43849182128906;210,18568420410156;186;
6,973;0,6927275657653809;190,43849182128906;210,18568420410156;186;
6,974;0,6103675365447998;190,43849182128906;210,18568420410156;186;
6,975;0,6100611686706543;188,32424926757812;164,8515167236328;186;
6,976;0,611237645149231;188,32424926757812;164,8515167236328;186;
6,977;0,6912447214126587;188,32424926757812;164,8515167236328;186;
6,978;0,6143501400947571;189,94204711914062;225,52281188964844;186;
6,979;0,6155266165733337;189,94204711914062;225,52281188964844;186;
6,98;0,6143501400947571;189,94204711914062;225,52281188964844;186;
6,981;0,6103675365447998;189,94204711914062;225,52281188964844;186;
6,983;0,6100611686706543;190,351806640625;168,64385986328125;186;
6,984;0,6912447214126587;190,351806640625;168,64385986328125;186;
6,985;0,6140437722206116;190,351806640625;168,64385986328125;186;
6,986;0,6143501400947571;187,20260620117188;204,91940307617188;186;
6,988;0,6911957859992981;187,20260620117188;204,91940307617188;186;
6,989;0,6103675365447998;187,20260620117188;204,91940307617188;186;
6,99;0,6100611686706543;189,05718994140625;174,82362365722656;186;
6,991;0,611237645149231;189,05718994140625;174,82362365722656;186;
6,992;0,6915020942687988;189,05718994140625;174,82362365722656;186;
6,993;0,6140437722206116;189,05718994140625;174,82362365722656;186;
6,994;0,6155266165733337;189,98707580566406;207,35806274414062;186;
6,996;0,6915510892868042;189,98707580566406;207,35806274414062;186;
6,997;0,6115440130233765;189,98707580566406;207,35806274414062;186;
6,998;0,6100611686706543;188,41647338867188;170,9701385498047;186;
7;0,615220308303833;188,41647338867188;170,9701385498047;186;
7,001;0,6143501400947571;189,9270477294922;226,24427795410156;186;
7,003;0,6918084621429443;189,9270477294922;226,24427795410156;186;
7,004;0,6103675365447998;189,9270477294922;226,24427795410156;186;
7,005;0,6100611686706543;189,55648803710938;162,6436767578125;186;
7,006;0,611237645149231;189,55648803710938;162,6436767578125;186;
7,007;0,6912447214126587;189,55648803710938;162,6436767578125;186;
7,008;0,6140437722206116;189,55648803710938;162,6436767578125;186;
7,009;0,6143501400947571;188,22474670410156;211,29385375976562;186;
7,011;0,6900193095207214;188,22474670410156;211,29385375976562;186;
7,012;0,6103675365447998;188,22474670410156;211,29385375976562;186;
7,013;0,6100611686706543;189,71351623535156;178,6953125;186;
7,014;0,6903256773948669;189,71351623535156;178,6953125;186;
7,015;0,615220308303833;189,71351623535156;178,6953125;186;
7,016;0,6155266165733337;189,04232788085938;198,81959533691406;186;
7,017;0,6143501400947571;189,04232788085938;198,81959533691406;186;
7,018;0,6927275657653809;189,04232788085938;198,81959533691406;186;
7,019;0,6103675365447998;189,04232788085938;198,81959533691406;186;
7,021;0,611237645149231;188,53097534179688;171,3844757080078;186;
7,022;0,6912447214126587;188,53097534179688;171,3844757080078;186;
7,023;0,6140437722206116;188,53097534179688;171,3844757080078;186;
7,024;0,6155266165733337;190,92994689941406;233,13206481933594;186;
7,026;0,6103675365447998;190,92994689941406;233,13206481933594;186;
7,027;0,6115440130233765;190,92994689941406;233,13206481933594;186;
7,028;0,611237645149231;189,1910858154297;160,40853881835938;186;
7,029;0,6100611686706543;189,1910858154297;160,40853881835938;186;
7,03;0,615220308303833;189,1910858154297;160,40853881835938;186;
7,031;0,6140437722206116;189,1910858154297;160,40853881835938;186;
7,032;0,6143501400947571;187,0606231689453;204,01528930664062;186;
7,033;0,6155266165733337;187,0606231689453;204,01528930664062;186;
7,034;0,6900193095207214;187,0606231689453;204,01528930664062;186;
7,035;0,6100611686706543;190,3706512451172;185,02032470703125;186;
7,036;0,611237645149231;190,3706512451172;185,02032470703125;186;
7,037;0,6903256773948669;190,3706512451172;185,02032470703125;186;
7,038;0,6140437722206116;190,3706512451172;185,02032470703125;186;
7,039;0,6143501400947571;189,49673461914062;202,98194885253906;186;
7,04;0,6149383783340454;189,49673461914062;202,98194885253906;186;
7,041;0,6915510892868042;189,49673461914062;202,98194885253906;186;
7,042;0,6103675365447998;189,49673461914062;202,98194885253906;186;
7,043;0,6100611686706543;187,20626831054688;163,59532165527344;186;
7,045;0,6924211978912354;187,20626831054688;163,59532165527344;186;
7,046;0,6143501400947571;190,10348510742188;228,39324951171875;186;
7,048;0,6155266165733337;190,10348510742188;228,39324951171875;186;
7,049;0,6103675365447998;190,10348510742188;228,39324951171875;186;
7,051;0,6100611686706543;189,78089904785156;169,308837890625;186;
7,052;0,6924211978912354;189,78089904785156;169,308837890625;186;
7,053;0,6140437722206116;189,78089904785156;169,308837890625;186;
7,054;0,6143501400947571;186,8716278076172;202,19679260253906;186;
7,056;0,6900193095207214;186,8716278076172;202,19679260253906;186;
7,057;0,6103675365447998;186,8716278076172;202,19679260253906;186;
7,058;0,6100611686706543;188,99032592773438;173,7875213623047;186;
7,06;0,6903256773948669;188,99032592773438;173,7875213623047;186;
7,061;0,615220308303833;188,99032592773438;173,7875213623047;186;
7,062;0,6143501400947571;190,03213500976562;214,15428161621094;186;
7,063;0,6155266165733337;190,03213500976562;214,15428161621094;186;
7,064;0,6115440130233765;190,03213500976562;214,15428161621094;186;
7,065;0,6103675365447998;190,03213500976562;214,15428161621094;186;
7,066;0,611237645149231;187,5567169189453;167,77310180664062;186;
7,067;0,6100611686706543;187,5567169189453;167,77310180664062;186;
7,068;0,6140437722206116;187,5567169189453;167,77310180664062;186;
7,069;0,6155266165733337;189,7359619140625;225,39596557617188;186;
7,07;0,6143501400947571;189,7359619140625;225,39596557617188;186;
7,071;0,6906320452690125;189,7359619140625;225,39596557617188;186;
7,072;0,6103675365447998;189,7359619140625;225,39596557617188;186;
7,073;0,611237645149231;189,95706176757812;164,91934204101562;186;
7,074;0,6100611686706543;189,95706176757812;164,91934204101562;186;
7,075;0,6924211978912354;189,95706176757812;164,91934204101562;186;
7,076;0,6140437722206116;189,95706176757812;164,91934204101562;186;
7,077;0,6143501400947571;188,12533569335938;208,83482360839844;186;
7,078;0,6155266165733337;188,12533569335938;208,83482360839844;186;
7,079;0,6900193095207214;188,12533569335938;208,83482360839844;186;
7,08;0,6103675365447998;188,12533569335938;208,83482360839844;186;
7,081;0,6100611686706543;188,86044311523438;174,19039916992188;186;
7,083;0,6140437722206116;188,86044311523438;174,19039916992188;186;
7,084;0,6155266165733337;188,99032592773438;203,39402770996094;186;
7,085;0,6143501400947571;188,99032592773438;203,39402770996094;186;
7,086;0,6915510892868042;188,99032592773438;203,39402770996094;186;
7,087;0,6103675365447998;188,99032592773438;203,39402770996094;186;
7,089;0,6100611686706543;188,93093872070312;173,3865203857422;186;
7,09;0,6924211978912354;188,93093872070312;173,3865203857422;186;
7,091;0,6140437722206116;188,93093872070312;173,3865203857422;186;
7,092;0,6143501400947571;190,68389892578125;233,63040161132812;186;
7,093;0,6155266165733337;190,68389892578125;233,63040161132812;186;
7,094;0,6115440130233765;190,68389892578125;233,63040161132812;186;
7,095;0,6103675365447998;190,68389892578125;233,63040161132812;186;
7,096;0,611237645149231;188,97547912597656;157,73577880859375;186;
7,097;0,6100611686706543;188,97547912597656;157,73577880859375;186;
7,098;0,6140437722206116;188,97547912597656;157,73577880859375;186;
7,099;0,615220308303833;188,97547912597656;157,73577880859375;186;
7,1;0,6155266165733337;187,35211181640625;208,1839141845703;186;
7,101;0,6143501400947571;187,35211181640625;208,1839141845703;186;
7,102;0,6900193095207214;187,35211181640625;208,1839141845703;186;
7,103;0,6100611686706543;190,04339599609375;183,18788146972656;186;
7,105;0,6903256773948669;190,04339599609375;183,18788146972656;186;
7,106;0,6140437722206116;190,04339599609375;183,18788146972656;186;
7,107;0,6143501400947571;189,01632690429688;199,3140106201172;186;
7,109;0,6927275657653809;189,01632690429688;199,3140106201172;186;
7,11;0,6103675365447998;189,01632690429688;199,3140106201172;186;
7,111;0,611237645149231;187,86810302734375;166,6798858642578;186;
7,112;0,6100611686706543;187,86810302734375;166,6798858642578;186;
7,113;0,6912447214126587;187,86810302734375;166,6798858642578;186;
7,114;0,6155266165733337;190,7028045654297;233,44894409179688;186;
7,116;0,6143501400947571;190,7028045654297;233,44894409179688;186;
7,117;0,6097792983055115;190,7028045654297;233,44894409179688;186;
7,118;0,6103675365447998;190,7028045654297;233,44894409179688;186;
7,119;0,6100611686706543;189,4929962158203;165,69212341308594;186;
7,12;0,6912447214126587;189,4929962158203;165,69212341308594;186;
7,121;0,615220308303833;189,4929962158203;165,69212341308594;186;
7,122;0,6143501400947571;186,14828491210938;198,4585723876953;186;
7,124;0,6911957859992981;186,14828491210938;198,4585723876953;186;
7,125;0,6103675365447998;186,14828491210938;198,4585723876953;186;
7,126;0,6100611686706543;189,47061157226562;179,0146026611328;186;
7,128;0,6903256773948669;189,47061157226562;179,0146026611328;186;
7,129;0,6140437722206116;189,47061157226562;179,0146026611328;186;
7,13;0,6143501400947571;190,2840118408203;216,31198120117188;186;
7,132;0,6115440130233765;190,2840118408203;216,31198120117188;186;
7,134;0,6100611686706543;187,38131713867188;163,66213989257812;186;
7,135;0,611237645149231;187,38131713867188;163,66213989257812;186;
7,136;0,615220308303833;187,38131713867188;163,66213989257812;186;
7,137;0,6143501400947571;189,85955810546875;224,2189483642578;186;
7,139;0,6918084621429443;189,85955810546875;224,2189483642578;186;
7,14;0,6103675365447998;189,85955810546875;224,2189483642578;186;
7,141;0,6100611686706543;190,2840118408203;169,3326873779297;186;
7,142;0,611237645149231;190,2840118408203;169,3326873779297;186;
7,143;0,6912447214126587;190,2840118408203;169,3326873779297;186;
7,144;0,615220308303833;190,2840118408203;169,3326873779297;186;
7,145;0,6143501400947571;187,56768798828125;204,39682006835938;186;
7,147;0,6911957859992981;187,56768798828125;204,39682006835938;186;
7,148;0,6115440130233765;187,56768798828125;204,39682006835938;186;
7,149;0,6100611686706543;189,01632690429688;175,1802520751953;186;
7,151;0,615220308303833;189,01632690429688;175,1802520751953;186;
7,152;0,6143501400947571;189,95706176757812;207,07235717773438;186;
7,153;0,6155266165733337;189,95706176757812;207,07235717773438;186;
7,154;0,6927275657653809;189,95706176757812;207,07235717773438;186;
7,155;0,6097792983055115;189,95706176757812;207,07235717773438;186;
7,156;0,6103675365447998;189,95706176757812;207,07235717773438;186;
7,157;0,6100611686706543;189,01260375976562;172,51571655273438;186;
7,158;0,6912447214126587;189,01260375976562;172,51571655273438;186;
7,159;0,6140437722206116;189,01260375976562;172,51571655273438;186;
7,16;0,6155266165733337;190,1185302734375;228,4800567626953;186;
7,161;0,6143501400947571;190,1185302734375;228,4800567626953;186;
7,162;0,6115440130233765;190,1185302734375;228,4800567626953;186;
7,164;0,6100611686706543;189,85581970214844;162,11732482910156;186;
7,166;0,6140437722206116;189,85581970214844;162,11732482910156;186;
7,167;0,6143501400947571;188,52359008789062;210,18568420410156;186;
7,17;0,6103675365447998;188,52359008789062;210,18568420410156;186;
7,171;0,6097792983055115;188,52359008789062;210,18568420410156;186;
7,172;0,611237645149231;189,44447326660156;175,46148681640625;186;
7,173;0,6903256773948669;189,44447326660156;175,46148681640625;186;
7,174;0,6140437722206116;189,44447326660156;175,46148681640625;186;
7,175;0,6155266165733337;189,3997039794922;203,9806671142578;186;
7,176;0,6143501400947571;189,3997039794922;203,9806671142578;186;
7,177;0,6927275657653809;189,3997039794922;203,9806671142578;186;
7,178;0,6103675365447998;189,3997039794922;203,9806671142578;186;
7,179;0,6100611686706543;188,812255859375;171,23802185058594;186;
7,181;0,6924211978912354;188,812255859375;171,23802185058594;186;
7,182;0,6143501400947571;191,75213623046875;239,25613403320312;186;
7,184;0,6918084621429443;191,75213623046875;239,25613403320312;186;
7,185;0,6103675365447998;191,75213623046875;239,25613403320312;186;
7,187;0,611237645149231;189,3325958251953;157,9844970703125;186;
7,188;0,6912447214126587;189,3325958251953;157,9844970703125;186;
7,189;0,6140437722206116;189,3325958251953;157,9844970703125;186;
7,19;0,6155266165733337;186,84259033203125;202,4351043701172;186;
7,191;0,6143501400947571;186,84259033203125;202,4351043701172;186;
7,193;0,6103675365447998;186,84259033203125;202,4351043701172;186;
7,194;0,6100611686706543;190,22381591796875;184,93495178222656;186;
7,196;0,6915020942687988;190,22381591796875;184,93495178222656;186;
7,197;0,6140437722206116;190,22381591796875;184,93495178222656;186;
7,198;0,6143501400947571;189,79588317871094;206,07850646972656;186;
7,199;0,6155266165733337;189,79588317871094;206,07850646972656;186;
7,2;0,6644852161407471;189,79588317871094;206,07850646972656;186;
7,201;0,6115440130233765;189,79588317871094;206,07850646972656;186;
7,202;0,611237645149231;187,9525604248047;163,59532165527344;186;
7,203;0,6100611686706543;187,9525604248047;163,59532165527344;186;
7,204;0,6140437722206116;187,9525604248047;163,59532165527344;186;
7,205;0,6155266165733337;190,25013732910156;227,873779296875;186;
7,206;0,6143501400947571;190,25013732910156;227,873779296875;186;
7,207;0,6906320452690125;190,25013732910156;227,873779296875;186;
7,208;0,6115440130233765;190,25013732910156;227,873779296875;186;
7,209;0,6100611686706543;189,94955444335938;169,308837890625;186;
7,21;0,611237645149231;189,94955444335938;169,308837890625;186;
7,211;0,6912447214126587;189,94955444335938;169,308837890625;186;
7,212;0,6140437722206116;189,94955444335938;169,308837890625;186;
7,213;0,6143501400947571;186,53457641601562;201,99295043945312;186;
7,214;0,6155266165733337;186,53457641601562;201,99295043945312;186;
7,215;0,6900193095207214;186,53457641601562;201,99295043945312;186;
7,216;0,6103675365447998;186,53457641601562;201,99295043945312;186;
7,217;0,611237645149231;189,4892578125;176,6473846435547;186;
7,218;0,6100611686706543;189,4892578125;176,6473846435547;186;
7,219;0,615220308303833;189,4892578125;176,6473846435547;186;
7,22;0,6155266165733337;190,4912872314453;211,96438598632812;186;
7,221;0,6143501400947571;190,4912872314453;211,96438598632812;186;
7,222;0,6915510892868042;190,4912872314453;211,96438598632812;186;
7,223;0,6115440130233765;190,4912872314453;211,96438598632812;186;
7,224;0,6103675365447998;190,4912872314453;211,96438598632812;186;
7,225;0,6082965135574341;188,0150146484375;167,77310180664062;186;
7,226;0,6924211978912354;188,0150146484375;167,77310180664062;186;
7,227;0,6140437722206116;188,0150146484375;167,77310180664062;186;
7,228;0,6155266165733337;190,18243408203125;228,95867919921875;186;
7,23;0,6906320452690125;190,18243408203125;228,95867919921875;186;
7,231;0,6103675365447998;190,18243408203125;228,95867919921875;186;
7,232;0,611237645149231;190,19371032714844;163,66213989257812;186;
7,233;0,6100611686706543;190,19371032714844;163,66213989257812;186;
7,234;0,6140437722206116;190,19371032714844;163,66213989257812;186;
7,235;0,6155266165733337;188,5568389892578;210,36956787109375;186;
7,236;0,6143501400947571;188,5568389892578;210,36956787109375;186;
7,238;0,6115440130233765;188,5568389892578;210,36956787109375;186;
7,239;0,6100611686706543;189,3997039794922;174,89993286132812;186;
7,241;0,6915020942687988;189,3997039794922;174,89993286132812;186;
7,242;0,6140437722206116;189,3997039794922;174,89993286132812;186;
7,243;0,6143501400947571;189,6312255859375;204,11920166015625;186;
7,245;0,6915510892868042;189,6312255859375;204,11920166015625;186;
7,246;0,6103675365447998;189,6312255859375;204,11920166015625;186;
7,247;0,611237645149231;189,20596313476562;173,73728942871094;186;
7,248;0,6100611686706543;189,20596313476562;173,73728942871094;186;
7,249;0,6912447214126587;189,20596313476562;173,73728942871094;186;
7,25;0,6155266165733337;191,22222900390625;234,08529663085938;186;
7,251;0,6143501400947571;191,22222900390625;234,08529663085938;186;
7,252;0,6918084621429443;191,22222900390625;234,08529663085938;186;
7,253;0,6115440130233765;191,22222900390625;234,08529663085938;186;
7,254;0,6103675365447998;191,22222900390625;234,08529663085938;186;
7,255;0,6100611686706543;189,53033447265625;157,88076782226562;186;
7,256;0,6924211978912354;189,53033447265625;157,88076782226562;186;
7,257;0,6140437722206116;189,53033447265625;157,88076782226562;186;
7,258;0,6143501400947571;187,40687561035156;206,3614959716797;186;
7,259;0,6155266165733337;187,40687561035156;206,3614959716797;186;
7,26;0,6900193095207214;187,40687561035156;206,3614959716797;186;
7,261;0,6115440130233765;187,40687561035156;206,3614959716797;186;
7,262;0,611237645149231;190,325439453125;183,2996063232422;186;
7,263;0,6100611686706543;190,325439453125;183,2996063232422;186;
7,264;0,6897373795509338;190,325439453125;183,2996063232422;186;
7,265;0,615220308303833;190,325439453125;183,2996063232422;186;
7,266;0,6143501400947571;189,4593963623047;202,19679260253906;186;
7,267;0,6915510892868042;189,4593963623047;202,19679260253906;186;
7,268;0,6115440130233765;189,4593963623047;202,19679260253906;186;
7,269;0,6103675365447998;189,4593963623047;202,19679260253906;186;
7,27;0,611237645149231;188,2100067138672;166,7261199951172;186;
7,272;0,6140437722206116;188,2100067138672;166,7261199951172;186;
7,273;0,6143501400947571;191,3553924560547;238,0717010498047;186;
7,274;0,6155266165733337;191,3553924560547;238,0717010498047;186;
7,275;0,6906320452690125;191,3553924560547;238,0717010498047;186;
7,276;0,6103675365447998;191,3553924560547;238,0717010498047;186;
7,277;0,611237645149231;189,66488647460938;163,1734619140625;186;
7,278;0,6100611686706543;189,66488647460938;163,1734619140625;186;
7,279;0,6140437722206116;189,66488647460938;163,1734619140625;186;
7,28;0,615220308303833;189,66488647460938;163,1734619140625;186;
7,281;0,6143501400947571;186,45864868164062;200,11019897460938;186;
7,283;0,6911957859992981;186,45864868164062;200,11019897460938;186;
7,284;0,6103675365447998;186,45864868164062;200,11019897460938;186;
7,285;0,6100611686706543;189,975830078125;180,51983642578125;186;
7,286;0,6903256773948669;189,975830078125;180,51983642578125;186;
7,287;0,6140437722206116;189,975830078125;180,51983642578125;186;
7,288;0,6143501400947571;190,23509216308594;208,83482360839844;186;
7,289;0,6155266165733337;190,23509216308594;208,83482360839844;186;
7,29;0,6915510892868042;190,23509216308594;208,83482360839844;186;
7,291;0,6115440130233765;190,23509216308594;208,83482360839844;186;
7,293;0,6100611686706543;187,42149353027344;164,288330078125;186;
7,294;0,6924211978912354;187,42149353027344;164,288330078125;186;
7,295;0,615220308303833;187,42149353027344;164,288330078125;186;
7,296;0,6143501400947571;189,83709716796875;227,14190673828125;186;
7,298;0,6918084621429443;189,83709716796875;227,14190673828125;186;
7,299;0,6103675365447998;189,83709716796875;227,14190673828125;186;
7,3;0,6100611686706543;190,09597778320312;168,33689880371094;186;
7,301;0,6924211978912354;190,09597778320312;168,33689880371094;186;
7,302;0,6140437722206116;190,09597778320312;168,33689880371094;186;
7,303;0,6155266165733337;187,14434814453125;205,58517456054688;186;
7,305;0,6900193095207214;187,14434814453125;205,58517456054688;186;
7,306;0,6103675365447998;187,14434814453125;205,58517456054688;186;
7,307;0,611237645149231;188,9235076904297;174,64585876464844;186;
7,308;0,6100611686706543;188,9235076904297;174,64585876464844;186;
7,309;0,6903256773948669;188,9235076904297;174,64585876464844;186;
7,31;0,615220308303833;188,9235076904297;174,64585876464844;186;
7,311;0,6143501400947571;189,73971557617188;207,68043518066406;186;
7,312;0,6155266165733337;189,73971557617188;207,68043518066406;186;
7,313;0,6915510892868042;189,73971557617188;207,68043518066406;186;
7,314;0,6103675365447998;189,73971557617188;207,68043518066406;186;
7,315;0,611237645149231;188,34268188476562;170,87295532226562;186;
7,316;0,6100611686706543;188,34268188476562;170,87295532226562;186;
7,317;0,6912447214126587;188,34268188476562;170,87295532226562;186;
7,318;0,6143501400947571;190,0095977783203;226,4573516845703;186;
7,32;0,6906320452690125;190,0095977783203;226,4573516845703;186;
7,321;0,6103675365447998;190,0095977783203;226,4573516845703;186;
7,322;0,6115440130233765;190,0095977783203;226,4573516845703;186;
7,323;0,6100611686706543;189,51539611816406;161,37745666503906;186;
7,326;0,6143501400947571;187,84976196289062;209,34390258789062;186;
7,327;0,6155266165733337;187,84976196289062;209,34390258789062;186;
7,328;0,6911957859992981;187,84976196289062;209,34390258789062;186;
7,329;0,6103675365447998;187,84976196289062;209,34390258789062;186;
7,33;0,6100611686706543;189,48179626464844;179,41531372070312;186;
7,331;0,611237645149231;189,48179626464844;179,41531372070312;186;
7,332;0,6903256773948669;189,48179626464844;179,41531372070312;186;
7,333;0,6143501400947571;188,85302734375;199,81088256835938;186;
7,336;0,6103675365447998;188,85302734375;199,81088256835938;186;
7,337;0,6115440130233765;188,85302734375;199,81088256835938;186;
7,338;0,6100611686706543;188,21368408203125;170,36447143554688;186;
7,34;0,615220308303833;188,21368408203125;170,36447143554688;186;
7,341;0,6143501400947571;190,62344360351562;233,76669311523438;186;
7,343;0,6918084621429443;190,62344360351562;233,76669311523438;186;
7,344;0,6103675365447998;190,62344360351562;233,76669311523438;186;
7,345;0,6100611686706543;189,0386199951172;161,1827392578125;186;
7,347;0,6912447214126587;189,0386199951172;161,1827392578125;186;
7,348;0,6140437722206116;189,0386199951172;161,1827392578125;186;
7,349;0,6155266165733337;186,71926879882812;202,366943359375;186;
7,35;0,6143501400947571;186,71926879882812;202,366943359375;186;
7,351;0,6900193095207214;186,71926879882812;202,366943359375;186;
7,352;0,6103675365447998;186,71926879882812;202,366943359375;186;
7,353;0,6100611686706543;189,88206481933594;182,38198852539062;186;
7,355;0,6140437722206116;189,88206481933594;182,38198852539062;186;
7,356;0,6143501400947571;189,53407287597656;206,00790405273438;186;
7,358;0,6915510892868042;189,53407287597656;206,00790405273438;186;
7,359;0,6103675365447998;189,53407287597656;206,00790405273438;186;
7,361;0,611237645149231;187,38497924804688;165,07786560058594;186;
7,362;0,6912447214126587;187,38497924804688;165,07786560058594;186;
7,363;0,615220308303833;187,38497924804688;165,07786560058594;186;
7,364;0,6155266165733337;190,12603759765625;227,83059692382812;186;
7,365;0,6143501400947571;190,12603759765625;227,83059692382812;186;
7,366;0,6906320452690125;190,12603759765625;227,83059692382812;186;
7,367;0,6115440130233765;190,12603759765625;227,83059692382812;186;
7,368;0,6100611686706543;189,87457275390625;168,76222229003906;186;
7,369;0,6912447214126587;189,87457275390625;168,76222229003906;186;
7,37;0,615220308303833;189,87457275390625;168,76222229003906;186;
7,371;0,6143501400947571;186,8861541748047;201,9590301513672;186;
7,373;0,6155266165733337;186,8861541748047;201,9590301513672;186;
7,374;0,6103675365447998;186,8861541748047;201,9590301513672;186;
7,376;0,611237645149231;189,034912109375;174,89993286132812;186;
7,377;0,6903256773948669;189,034912109375;174,89993286132812;186;
7,378;0,6140437722206116;189,034912109375;174,89993286132812;186;
7,379;0,6155266165733337;190,03964233398438;211,96438598632812;186;
7,38;0,6143501400947571;190,03964233398438;211,96438598632812;186;
7,381;0,6915510892868042;190,03964233398438;211,96438598632812;186;
7,382;0,6115440130233765;190,03964233398438;211,96438598632812;186;
7,383;0,6100611686706543;187,78375244140625;166,98085021972656;186;
7,385;0,6924211978912354;187,78375244140625;166,98085021972656;186;
7,386;0,6143501400947571;189,53407287597656;224,17715454101562;186;
7,387;0,6155266165733337;189,53407287597656;224,17715454101562;186;
7,389;0,6103675365447998;189,53407287597656;224,17715454101562;186;
7,391;0,611237645149231;189,86331176757812;167,09689331054688;186;
7,392;0,6912447214126587;189,86331176757812;167,09689331054688;186;
7,393;0,6140437722206116;189,86331176757812;167,09689331054688;186;
7,394;0,6155266165733337;188,0297088623047;208,3282012939453;186;
7,395;0,6143501400947571;188,0297088623047;208,3282012939453;186;
7,396;0,6900193095207214;188,0297088623047;208,3282012939453;186;
7,397;0,6115440130233765;188,0297088623047;208,3282012939453;186;
7,398;0,6100611686706543;189,02748107910156;175,4102783203125;186;
7,4;0,6915020942687988;189,02748107910156;175,4102783203125;186;
7,401;0,6140437722206116;189,02748107910156;175,4102783203125;186;
7,402;0,6143501400947571;189,1575927734375;203,1534423828125;186;
7,404;0,6103675365447998;189,1575927734375;203,1534423828125;186;
7,406;0,611237645149231;189,0237579345703;173,9887237548828;186;
7,407;0,6100611686706543;189,0237579345703;173,9887237548828;186;
7,408;0,6140437722206116;189,0237579345703;173,9887237548828;186;
7,409;0,6155266165733337;190,77088928222656;230,93777465820312;186;
7,41;0,6143501400947571;190,77088928222656;230,93777465820312;186;
7,411;0,6918084621429443;190,77088928222656;230,93777465820312;186;
7,412;0,6115440130233765;190,77088928222656;230,93777465820312;186;
7,413;0,6100611686706543;189,23202514648438;157,9844970703125;186;
7,415;0,6924211978912354;189,23202514648438;157,9844970703125;186;
7,416;0,6140437722206116;189,23202514648438;157,9844970703125;186;
7,417;0,6143501400947571;187,60061645507812;207,10801696777344;186;
7,418;0,6155266165733337;187,60061645507812;207,10801696777344;186;
7,419;0,6900193095207214;187,60061645507812;207,10801696777344;186;
7,42;0,6115440130233765;187,60061645507812;207,10801696777344;186;
7,421;0,611237645149231;189,96456909179688;183,3555145263672;186;
7,422;0,6903256773948669;189,96456909179688;183,3555145263672;186;
7,423;0,6140437722206116;189,96456909179688;183,3555145263672;186;
7,424;0,6155266165733337;189,35122680664062;202,571533203125;186;
7,425;0,6143501400947571;189,35122680664062;202,571533203125;186;
7,426;0,6915510892868042;189,35122680664062;202,571533203125;186;
7,427;0,6115440130233765;189,35122680664062;202,571533203125;186;
7,428;0,6103675365447998;189,35122680664062;202,571533203125;186;
7,429;0,6100611686706543;188,03338623046875;166,74923706054688;186;
7,43;0,6924211978912354;188,03338623046875;166,74923706054688;186;
7,431;0,6140437722206116;188,03338623046875;166,74923706054688;186;
7,432;0,6143501400947571;191,08546447753906;235,69143676757812;186;
7,433;0,6155266165733337;191,08546447753906;235,69143676757812;186;
7,434;0,6103675365447998;191,08546447753906;235,69143676757812;186;
7,436;0,611237645149231;189,57142639160156;164,4231414794922;186;
7,437;0,6912447214126587;189,57142639160156;164,4231414794922;186;
7,438;0,6140437722206116;189,57142639160156;164,4231414794922;186;
7,439;0,6155266165733337;189,57142639160156;164,4231414794922;186;
7,44;0,6143501400947571;186,5309600830078;199,2809600830078;186;
7,442;0,6115440130233765;186,5309600830078;199,2809600830078;186;
7,443;0,6103675365447998;186,5309600830078;199,2809600830078;186;
7,444;0,6100611686706543;189,71725463867188;178,2713623046875;186;
7,445;0,6915020942687988;189,71725463867188;178,2713623046875;186;
7,446;0,6140437722206116;189,71725463867188;178,2713623046875;186;
7,447;0,6143501400947571;190,27272033691406;212,5264434814453;186;
7,448;0,6155266165733337;190,27272033691406;212,5264434814453;186;
7,449;0,6915510892868042;190,27272033691406;212,5264434814453;186;
7,45;0,6103675365447998;190,27272033691406;212,5264434814453;186;
7,451;0,611237645149231;187,5018768310547;164,60324096679688;186;
7,452;0,6100611686706543;187,5018768310547;164,60324096679688;186;
7,453;0,691832959651947;187,5018768310547;164,60324096679688;186;
7,454;0,6149383783340454;189,85581970214844;226,8847198486328;186;
7,455;0,6143501400947571;189,85581970214844;226,8847198486328;186;
7,457;0,6115440130233765;189,85581970214844;226,8847198486328;186;
7,458;0,6103675365447998;189,85581970214844;226,8847198486328;186;
7,459;0,6100611686706543;190,13731384277344;168,5020294189453;186;
7,46;0,6924211978912354;190,13731384277344;168,5020294189453;186;
7,461;0,6140437722206116;190,13731384277344;168,5020294189453;186;
7,462;0,6143501400947571;187,3594207763672;205,47975158691406;186;
7,463;0,6155266165733337;187,3594207763672;205,47975158691406;186;
7,464;0,6900193095207214;187,3594207763672;205,47975158691406;186;
7,465;0,6103675365447998;187,3594207763672;205,47975158691406;186;
7,466;0,611237645149231;189,1575927734375;176,1814422607422;186;
7,467;0,6100611686706543;189,1575927734375;176,1814422607422;186;
7,468;0,6903256773948669;189,1575927734375;176,1814422607422;186;
7,469;0,615220308303833;189,1575927734375;176,1814422607422;186;
7,47;0,6143501400947571;189,85581970214844;205,65550231933594;186;
7,472;0,6115440130233765;189,85581970214844;205,65550231933594;186;
7,473;0,6103675365447998;189,85581970214844;205,65550231933594;186;
7,474;0,6100611686706543;188,87527465820312;171,58013916015625;186;
7,475;0,611237645149231;188,87527465820312;171,58013916015625;186;
7,476;0,6140437722206116;188,87527465820312;171,58013916015625;186;
7,477;0,6155266165733337;190,6990203857422;232,5458526611328;186;
7,479;0,6906320452690125;190,6990203857422;232,5458526611328;186;
7,48;0,6103675365447998;190,6990203857422;232,5458526611328;186;
7,481;0,611237645149231;189,9983367919922;160,515625;186;
7,482;0,6100611686706543;189,9983367919922;160,515625;186;
7,483;0,6912447214126587;189,9983367919922;160,515625;186;
7,484;0,615220308303833;189,9983367919922;160,515625;186;
7,485;0,6143501400947571;188,39065551757812;209,78224182128906;186;
7,487;0,6911957859992981;188,39065551757812;209,78224182128906;186;
7,488;0,6103675365447998;188,39065551757812;209,78224182128906;186;
7,489;0,6100611686706543;189,30279541015625;174,5190887451172;186;
7,49;0,6915020942687988;189,30279541015625;174,5190887451172;186;
7,491;0,6140437722206116;189,30279541015625;174,5190887451172;186;
7,492;0,6143501400947571;189,5415496826172;207,75221252441406;186;
7,494;0,6915510892868042;189,5415496826172;207,75221252441406;186;
7,495;0,6103675365447998;189,5415496826172;207,75221252441406;186;
7,496;0,611237645149231;188,74185180664062;170,8001251220703;186;
7,497;0,6100611686706543;188,74185180664062;170,8001251220703;186;
7,498;0,6912447214126587;188,74185180664062;170,8001251220703;186;
7,499;0,6137619018554688;191,82098388671875;239,11338806152344;186;
7,501;0,6906320452690125;191,82098388671875;239,11338806152344;186;
7,502;0,6103675365447998;191,82098388671875;239,11338806152344;186;
7,504;0,6100611686706543;189,72100830078125;158,98731994628906;186;
7,505;0,6924211978912354;189,72100830078125;158,98731994628906;186;
7,506;0,6140437722206116;189,72100830078125;158,98731994628906;186;
7,507;0,6143501400947571;186,87889099121094;202,366943359375;186;
7,508;0,6155266165733337;186,87889099121094;202,366943359375;186;
7,509;0,6143501400947571;186,87889099121094;202,366943359375;186;
7,51;0,6115440130233765;186,87889099121094;202,366943359375;186;
7,511;0,611237645149231;190,6309814453125;185,62020874023438;186;
7,512;0,6100611686706543;190,6309814453125;185,62020874023438;186;
7,513;0,6903256773948669;190,6309814453125;185,62020874023438;186;
7,514;0,615220308303833;190,6309814453125;185,62020874023438;186;
7,515;0,6143501400947571;190,23886108398438;206,043212890625;186;
7,517;0,6115440130233765;190,23886108398438;206,043212890625;186;
7,518;0,6103675365447998;190,23886108398438;206,043212890625;186;
7,519;0,6100611686706543;188,7751922607422;165,1232147216797;186;
7,52;0,611237645149231;188,7751922607422;165,1232147216797;186;
7,521;0,6912447214126587;188,7751922607422;165,1232147216797;186;
7,522;0,6143501400947571;190,89962768554688;230,3184051513672;186;
7,523;0,6155266165733337;190,89962768554688;230,3184051513672;186;
7,524;0,6906320452690125;190,89962768554688;230,3184051513672;186;
7,525;0,6103675365447998;190,89962768554688;230,3184051513672;186;
7,526;0,611237645149231;190,58187866210938;168,78591918945312;186;
7,527;0,6100611686706543;190,58187866210938;168,78591918945312;186;
7,528;0,6912447214126587;190,58187866210938;168,78591918945312;186;
7,529;0,615220308303833;190,58187866210938;168,78591918945312;186;
7,53;0,6143501400947571;187,04971313476562;201,0135498046875;186;
7,532;0,6911957859992981;187,04971313476562;201,0135498046875;186;
7,533;0,6103675365447998;187,04971313476562;201,0135498046875;186;
7,534;0,6100611686706543;189,79962158203125;176,36233520507812;186;
7,536;0,6903256773948669;189,79962158203125;176,36233520507812;186;
7,537;0,6143501400947571;190,97164916992188;213,54566955566406;186;
7,538;0,6155266165733337;190,97164916992188;213,54566955566406;186;
7,539;0,6915510892868042;190,97164916992188;213,54566955566406;186;
7,54;0,6103675365447998;190,97164916992188;213,54566955566406;186;
7,541;0,6115440130233765;190,97164916992188;213,54566955566406;186;
7,542;0,6100611686706543;188,58273315429688;168,97569274902344;186;
7,543;0,6924211978912354;188,58273315429688;168,97569274902344;186;
7,544;0,615220308303833;188,58273315429688;168,97569274902344;186;
7,545;0,6143501400947571;190,634765625;227,4427032470703;186;
7,547;0,6918084621429443;190,634765625;227,4427032470703;186;
7,548;0,6103675365447998;190,634765625;227,4427032470703;186;
7,549;0,6100611686706543;190,48751831054688;164,24343872070312;186;
7,55;0,611237645149231;190,48751831054688;164,24343872070312;186;
7,551;0,6140437722206116;190,48751831054688;164,24343872070312;186;
7,552;0,6143501400947571;190,48751831054688;207,68043518066406;186;
7,553;0,6155266165733337;188,3648223876953;207,68043518066406;186;
7,554;0,6143501400947571;188,3648223876953;207,68043518066406;186;
7,555;0,6103675365447998;188,3648223876953;207,68043518066406;186;
7,556;0,6115440130233765;188,3648223876953;207,68043518066406;186;
7,557;0,6100611686706543;189,54901123046875;176,69931030273438;186;
7,558;0,6903256773948669;189,54901123046875;176,69931030273438;186;
7,559;0,615220308303833;189,54901123046875;176,69931030273438;186;
7,56;0,6143501400947571;189,95706176757812;204,74490356445312;186;
7,562;0,6927275657653809;189,95706176757812;204,74490356445312;186;
7,563;0,6103675365447998;189,95706176757812;204,74490356445312;186;
7,564;0,6100611686706543;189,4929962158203;173,21165466308594;186;
7,565;0,611237645149231;189,4929962158203;173,21165466308594;186;
7,566;0,6912447214126587;189,4929962158203;173,21165466308594;186;
7,567;0,6155266165733337;191,17662048339844;231,96258544921875;186;
7,569;0,6906320452690125;191,17662048339844;231,96258544921875;186;
7,57;0,6103675365447998;191,17662048339844;231,96258544921875;186;
7,571;0,6115440130233765;191,17662048339844;231,96258544921875;186;
7,572;0,6100611686706543;189,46685791015625;158,84027099609375;186;
7,573;0,6912447214126587;189,46685791015625;158,84027099609375;186;
7,574;0,615220308303833;189,46685791015625;158,84027099609375;186;
7,575;0,6143501400947571;187,5933074951172;207,53704833984375;186;
7,576;0,6155266165733337;187,5933074951172;207,53704833984375;186;
7,577;0,6911957859992981;187,5933074951172;207,53704833984375;186;
7,578;0,6103675365447998;187,5933074951172;207,53704833984375;186;
7,579;0,6100611686706543;190,08470153808594;180,84567260742188;186;
7,58;0,611237645149231;190,08470153808594;180,84567260742188;186;
7,581;0,6903256773948669;190,08470153808594;180,84567260742188;186;
7,582;0,6140437722206116;190,08470153808594;180,84567260742188;186;
7,583;0,6155266165733337;189,7659149169922;204,67518615722656;186;
7,584;0,6143501400947571;189,7659149169922;204,67518615722656;186;
7,585;0,6115440130233765;189,7659149169922;204,67518615722656;186;
7,587;0,6100611686706543;188,5014190673828;168,28976440429688;186;
7,589;0,615220308303833;188,5014190673828;168,28976440429688;186;
7,59;0,6143501400947571;190,86932373046875;229,48312377929688;186;
7,592;0,6918084621429443;190,86932373046875;229,48312377929688;186;
7,593;0,6103675365447998;190,86932373046875;229,48312377929688;186;
7,594;0,6100611686706543;189,80711364746094;166,4491424560547;186;
7,595;0,611237645149231;189,80711364746094;166,4491424560547;186;
7,596;0,6912447214126587;189,80711364746094;166,4491424560547;186;
7,597;0,6140437722206116;189,80711364746094;166,4491424560547;186;
7,598;0,6155266165733337;186,83169555664062;200,71153259277344;186;
7,599;0,6143501400947571;186,83169555664062;200,71153259277344;186;
7,6;0,6900193095207214;186,83169555664062;200,71153259277344;186;
7,601;0,6103675365447998;186,83169555664062;200,71153259277344;186;
7,602;0,6100611686706543;190,25767517089844;181,009033203125;186;
7,604;0,615220308303833;190,25767517089844;181,009033203125;186;
7,605;0,6143501400947571;190,6385498046875;211,21961975097656;186;
7,607;0,6927275657653809;190,6385498046875;211,21961975097656;186;
7,608;0,6103675365447998;190,6385498046875;211,21961975097656;186;
7,609;0,6100611686706543;188,37957763671875;165,7606658935547;186;
7,611;0,6912447214126587;188,37957763671875;165,7606658935547;186;
7,612;0,6140437722206116;188,37957763671875;165,7606658935547;186;
7,613;0,6155266165733337;190,46112060546875;226,15916442871094;186;
7,614;0,6143501400947571;190,46112060546875;226,15916442871094;186;
7,615;0,6906320452690125;190,46112060546875;226,15916442871094;186;
7,616;0,6115440130233765;190,46112060546875;226,15916442871094;186;
7,617;0,6100611686706543;190,38194274902344;167,79652404785156;186;
7,618;0,6924211978912354;190,38194274902344;167,79652404785156;186;
7,619;0,615220308303833;190,38194274902344;167,79652404785156;186;
7,62;0,6143501400947571;188,07015991210938;205,16416931152344;186;
7,622;0,6911957859992981;188,07015991210938;205,16416931152344;186;
7,623;0,6103675365447998;188,07015991210938;205,16416931152344;186;
7,624;0,6100611686706543;189,70228576660156;177,24636840820312;186;
7,625;0,611237645149231;189,70228576660156;177,24636840820312;186;
7,626;0,6903256773948669;189,70228576660156;177,24636840820312;186;
7,627;0,6140437722206116;189,70228576660156;177,24636840820312;186;
7,628;0,6155266165733337;190,0133514404297;203,53175354003906;186;
7,629;0,6143501400947571;190,0133514404297;203,53175354003906;186;
7,63;0,6915510892868042;190,0133514404297;203,53175354003906;186;
7,631;0,6115440130233765;190,0133514404297;203,53175354003906;186;
7,632;0,6100611686706543;188,9383544921875;173,48660278320312;186;
7,634;0,6924211978912354;188,9383544921875;173,48660278320312;186;
7,635;0,6143501400947571;190,35934448242188;226,3294677734375;186;
7,637;0,6918084621429443;190,35934448242188;226,3294677734375;186;
7,638;0,6103675365447998;190,35934448242188;226,3294677734375;186;
7,64;0,611237645149231;189,60879516601562;161,3125;186;
7,641;0,6912447214126587;189,60879516601562;161,3125;186;
7,642;0,6140437722206116;189,60879516601562;161,3125;186;
7,643;0,6143501400947571;188,22105407714844;211,29385375976562;186;
7,645;0,6900193095207214;188,22105407714844;211,29385375976562;186;
7,646;0,6115440130233765;188,22105407714844;211,29385375976562;186;
7,647;0,6100611686706543;189,5228729248047;176,4399871826172;186;
7,649;0,615220308303833;189,5228729248047;176,4399871826172;186;
7,65;0,6140437722206116;189,5228729248047;176,4399871826172;186;
7,651;0,6155266165733337;189,24319458007812;202,571533203125;186;
7,653;0,6103675365447998;189,24319458007812;202,571533203125;186;
7,655;0,611237645149231;188,22474670410156;170,34033203125;186;
7,656;0,6100611686706543;188,22474670410156;170,34033203125;186;
7,657;0,6140437722206116;188,22474670410156;170,34033203125;186;
7,658;0,6155266165733337;190,3894805908203;225,73452758789062;186;
7,659;0,6143501400947571;190,3894805908203;225,73452758789062;186;
7,66;0,6918084621429443;190,3894805908203;225,73452758789062;186;
7,661;0,6115440130233765;190,3894805908203;225,73452758789062;186;
7,662;0,6100611686706543;189,034912109375;164,87411499023438;186;
7,664;0,6924211978912354;189,034912109375;164,87411499023438;186;
7,665;0,6140437722206116;189,034912109375;164,87411499023438;186;
7,666;0,6143501400947571;186,79904174804688;203,05050659179688;186;
7,667;0,6155266165733337;186,79904174804688;203,05050659179688;186;
7,668;0,6900193095207214;186,79904174804688;203,05050659179688;186;
7,669;0,6103675365447998;186,79904174804688;203,05050659179688;186;
7,67;0,611237645149231;190,07342529296875;183,10418701171875;186;
7,671;0,6903256773948669;190,07342529296875;183,10418701171875;186;
7,672;0,6140437722206116;190,07342529296875;183,10418701171875;186;
7,673;0,6155266165733337;189,56394958496094;206,3614959716797;186;
7,674;0,6143501400947571;189,56394958496094;206,3614959716797;186;
7,675;0,6915510892868042;189,56394958496094;206,3614959716797;186;
7,676;0,6115440130233765;189,56394958496094;206,3614959716797;186;
7,677;0,6100611686706543;187,670166015625;164,1089324951172;186;
7,679;0,6924211978912354;187,670166015625;164,1089324951172;186;
7,68;0,6140437722206116;187,670166015625;164,1089324951172;186;
7,681;0,6143501400947571;190,3404998779297;230,49502563476562;186;
7,682;0,6155266165733337;190,3404998779297;230,49502563476562;186;
7,683;0,6906320452690125;190,3404998779297;230,49502563476562;186;
7,684;0,6115440130233765;190,3404998779297;230,49502563476562;186;
7,685;0,611237645149231;189,79962158203125;166,93446350097656;186;
7,686;0,6912447214126587;189,79962158203125;166,93446350097656;186;
7,687;0,6140437722206116;189,79962158203125;166,93446350097656;186;
7,688;0,6155266165733337;187,38497924804688;201,08079528808594;186;
7,689;0,6143501400947571;187,38497924804688;201,08079528808594;186;
7,691;0,6115440130233765;187,38497924804688;201,08079528808594;186;
7,692;0,6100611686706543;188,9866180419922;175,3335418701172;186;
7,694;0,6915020942687988;188,9866180419922;175,3335418701172;186;
7,695;0,6140437722206116;188,9866180419922;175,3335418701172;186;
7,696;0,6143501400947571;190,07717895507812;213,58360290527344;186;
7,697;0,6155266165733337;190,07717895507812;213,58360290527344;186;
7,698;0,6915510892868042;190,07717895507812;213,58360290527344;186;
7,699;0,6103675365447998;190,07717895507812;213,58360290527344;186;
7,7;0,611237645149231;187,9635772705078;168,5020294189453;186;
7,701;0,6100611686706543;187,9635772705078;168,5020294189453;186;
7,702;0,6140437722206116;187,9635772705078;168,5020294189453;186;
7,703;0,6155266165733337;189,55274963378906;222,76487731933594;186;
7,704;0,6143501400947571;189,55274963378906;222,76487731933594;186;
7,705;0,6906320452690125;189,55274963378906;222,76487731933594;186;
7,706;0,6115440130233765;189,55274963378906;222,76487731933594;186;
7,707;0,6103675365447998;189,55274963378906;222,76487731933594;186;
7,708;0,6100611686706543;189,74720764160156;165,2821044921875;186;
7,709;0,6912447214126587;189,74720764160156;165,2821044921875;186;
7,71;0,6140437722206116;189,74720764160156;165,2821044921875;186;
7,711;0,6143501400947571;188,04074096679688;211,8150177001953;186;
7,712;0,6155266165733337;188,04074096679688;211,8150177001953;186;
7,713;0,6900193095207214;188,04074096679688;211,8150177001953;186;
7,714;0,6103675365447998;188,04074096679688;211,8150177001953;186;
7,715;0,611237645149231;189,17991638183594;174,39251708984375;186;
7,716;0,6100611686706543;189,17991638183594;174,39251708984375;186;
7,717;0,6903256773948669;189,17991638183594;174,39251708984375;186;
7,718;0,6140437722206116;189,17991638183594;174,39251708984375;186;
7,719;0,6143501400947571;189,37359619140625;202,84495544433594;186;
7,721;0,6115440130233765;189,37359619140625;202,84495544433594;186;
7,722;0,6103675365447998;189,37359619140625;202,84495544433594;186;
7,723;0,6100611686706543;188,89382934570312;172,09591674804688;186;
7,724;0,6924211978912354;188,89382934570312;172,09591674804688;186;
7,725;0,6140437722206116;188,89382934570312;172,09591674804688;186;
7,726;0,6155266165733337;190,46112060546875;230,76046752929688;186;
7,728;0,6906320452690125;190,46112060546875;230,76046752929688;186;
7,729;0,6103675365447998;190,46112060546875;230,76046752929688;186;
7,73;0,611237645149231;189,16876220703125;160,730224609375;186;
7,731;0,6100611686706543;189,16876220703125;160,730224609375;186;
7,732;0,6912447214126587;189,16876220703125;160,730224609375;186;
7,733;0,615220308303833;189,16876220703125;160,730224609375;186;
7,734;0,6143501400947571;187,655517578125;207,0366973876953;186;
7,736;0,6911957859992981;187,655517578125;207,0366973876953;186;
7,737;0,6103675365447998;187,655517578125;207,0366973876953;186;
7,738;0,6100611686706543;189,93080139160156;180,51983642578125;186;
7,739;0,6915020942687988;189,93080139160156;180,51983642578125;186;
7,74;0,6140437722206116;189,93080139160156;180,51983642578125;186;
7,741;0,6143501400947571;189,1650390625;204,43157958984375;186;
7,743;0,6915510892868042;189,1650390625;204,43157958984375;186;
7,744;0,6103675365447998;189,1650390625;204,43157958984375;186;
7,745;0,611237645149231;188,01133728027344;166,84181213378906;186;
7,746;0,6100611686706543;188,01133728027344;166,84181213378906;186;
7,747;0,6912447214126587;188,01133728027344;166,84181213378906;186;
7,748;0,6155266165733337;191,41632080078125;239,6376495361328;186;
7,749;0,6143501400947571;191,41632080078125;239,6376495361328;186;
7,75;0,6155266165733337;191,41632080078125;239,6376495361328;186;
7,751;0,6115440130233765;191,41632080078125;239,6376495361328;186;
7,752;0,6103675365447998;191,41632080078125;239,6376495361328;186;
7,753;0,6100611686706543;189,7659149169922;161,96444702148438;186;
7,754;0,6924211978912354;189,7659149169922;161,96444702148438;186;
7,755;0,6140437722206116;189,7659149169922;161,96444702148438;186;
7,756;0,6143501400947571;186,88978576660156;200,71153259277344;186;
7,757;0,6155266165733337;186,88978576660156;200,71153259277344;186;
7,758;0,6900193095207214;186,88978576660156;200,71153259277344;186;
7,759;0,6103675365447998;186,88978576660156;200,71153259277344;186;
7,76;0,611237645149231;190,0246124267578;181,309326171875;186;
7,761;0,6100611686706543;190,0246124267578;181,309326171875;186;
7,762;0,6903256773948669;190,0246124267578;181,309326171875;186;
7,763;0,615220308303833;190,0246124267578;181,309326171875;186;
7,764;0,6143501400947571;190,24636840820312;209,16180419921875;186;
7,766;0,6115440130233765;190,24636840820312;209,16180419921875;186;
7,767;0,6103675365447998;190,24636840820312;209,16180419921875;186;
7,768;0,6100611686706543;188,06280517578125;165,8979034423828;186;
7,769;0,611237645149231;188,06280517578125;165,8979034423828;186;
7,77;0,6912447214126587;188,06280517578125;165,8979034423828;186;
7,771;0,6749383807182312;190,2689666748047;227,35667419433594;186;
7,772;0,6155266165733337;190,2689666748047;227,35667419433594;186;
7,773;0,6906320452690125;190,2689666748047;227,35667419433594;186;
7,774;0,6103675365447998;190,2689666748047;227,35667419433594;186;
7,775;0,6100611686706543;190,43472290039062;167,86680603027344;186;
7,777;0,6912447214126587;190,43472290039062;167,86680603027344;186;
7,778;0,615220308303833;190,43472290039062;167,86680603027344;186;
7,779;0,6143501400947571;187,3594207763672;205,65550231933594;186;
7,781;0,6911957859992981;187,3594207763672;205,65550231933594;186;
7,782;0,6103675365447998;187,3594207763672;205,65550231933594;186;
7,783;0,611237645149231;189,101806640625;172,9873504638672;186;
7,785;0,6903256773948669;189,101806640625;172,9873504638672;186;
7,786;0,6143501400947571;190,06216430664062;209,7090606689453;186;
7,787;0,6155266165733337;190,06216430664062;209,7090606689453;186;
7,788;0,6143501400947571;190,06216430664062;209,7090606689453;186;
7,789;0,6103675365447998;190,06216430664062;209,7090606689453;186;
7,79;0,6115440130233765;190,06216430664062;209,7090606689453;186;
7,791;0,6100611686706543;188,84561157226562;172,81329345703125;186;
7,792;0,6912447214126587;188,84561157226562;172,81329345703125;186;
7,793;0,615220308303833;188,84561157226562;172,81329345703125;186;
7,794;0,6143501400947571;190,5932159423828;227,6580352783203;186;
7,796;0,6918084621429443;190,5932159423828;227,6580352783203;186;
7,797;0,6103675365447998;190,5932159423828;227,6580352783203;186;
7,798;0,6100611686706543;189,7696533203125;161,0316162109375;186;
7,799;0,611237645149231;189,7696533203125;161,0316162109375;186;
7,8;0,6912447214126587;189,7696533203125;161,0316162109375;186;
7,801;0,6140437722206116;189,7696533203125;161,0316162109375;186;
7,802;0,6155266165733337;188,33531188964844;211,8896942138672;186;
7,803;0,6143501400947571;188,33531188964844;211,8896942138672;186;
7,804;0,6900193095207214;188,33531188964844;211,8896942138672;186;
7,805;0,6115440130233765;188,33531188964844;211,8896942138672;186;
7,806;0,6100611686706543;189,81085205078125;177,7179718017578;186;
7,807;0,6915020942687988;189,81085205078125;177,7179718017578;186;
7,808;0,615220308303833;189,81085205078125;177,7179718017578;186;
7,809;0,6143501400947571;189,5079345703125;202,84495544433594;186;
7,811;0,6927275657653809;189,5079345703125;202,84495544433594;186;
7,812;0,6103675365447998;189,5079345703125;202,84495544433594;186;
7,813;0,6100611686706543;189,19851684570312;170,94583129882812;186;
7,814;0,611237645149231;189,19851684570312;170,94583129882812;186;
7,815;0,6912447214126587;189,19851684570312;170,94583129882812;186;
7,816;0,6155266165733337;191,5917205810547;235,83013916015625;186;
7,818;0,6906320452690125;191,5917205810547;235,83013916015625;186;
7,819;0,6103675365447998;191,5917205810547;235,83013916015625;186;
7,82;0,6115440130233765;191,5917205810547;235,83013916015625;186;
7,821;0,6100611686706543;189,73971557617188;161,44247436523438;186;
7,822;0,6912447214126587;189,73971557617188;161,44247436523438;186;
7,823;0,615220308303833;189,73971557617188;161,44247436523438;186;
7,824;0,6143501400947571;187,1771240234375;201,2154083251953;186;
7,826;0,6911957859992981;187,1771240234375;201,2154083251953;186;
7,827;0,6103675365447998;187,1771240234375;201,2154083251953;186;
7,828;0,6100611686706543;190,64610290527344;184,08544921875;186;
7,829;0,611237645149231;190,64610290527344;184,08544921875;186;
7,83;0,6903256773948669;190,64610290527344;184,08544921875;186;
7,831;0,6140437722206116;190,64610290527344;184,08544921875;186;
7,832;0,6143501400947571;190,18618774414062;207,4296112060547;186;
7,834;0,6103675365447998;190,18618774414062;207,4296112060547;186;
7,835;0,6115440130233765;190,18618774414062;207,4296112060547;186;
7,836;0,6100611686706543;188,1658172607422;164,5131378173828;186;
7,838;0,615220308303833;188,1658172607422;164,5131378173828;186;
7,839;0,6143501400947571;190,4535675048828;226,286865234375;186;
7,841;0,6906320452690125;190,4535675048828;226,286865234375;186;
7,842;0,6103675365447998;190,4535675048828;226,286865234375;186;
7,843;0,6100611686706543;190,48374938964844;171,14051818847656;186;
7,844;0,611237645149231;190,48374938964844;171,14051818847656;186;
7,845;0,6912447214126587;190,48374938964844;171,14051818847656;186;
7,846;0,6140437722206116;190,48374938964844;171,14051818847656;186;
7,847;0,6155266165733337;187,0460662841797;199,51246643066406;186;
7,848;0,6143501400947571;187,0460662841797;199,51246643066406;186;
7,849;0,6900193095207214;187,0460662841797;199,51246643066406;186;
7,85;0,6115440130233765;187,0460662841797;199,51246643066406;186;
7,851;0,6100611686706543;189,34005737304688;176,1814422607422;186;
7,853;0,615220308303833;189,34005737304688;176,1814422607422;186;
7,854;0,6143501400947571;190,75953674316406;214,8047332763672;186;
7,856;0,6927275657653809;190,75953674316406;214,8047332763672;186;
7,857;0,6103675365447998;190,75953674316406;214,8047332763672;186;
7,858;0,6100611686706543;188,56053161621094;168,88075256347656;186;
7,859;0,611237645149231;188,56053161621094;168,88075256347656;186;
7,86;0,6912447214126587;188,56053161621094;168,88075256347656;186;
7,861;0,6140437722206116;188,56053161621094;168,88075256347656;186;
7,862;0,6155266165733337;189,89706420898438;221,12600708007812;186;
7,863;0,6143501400947571;189,89706420898438;221,12600708007812;186;
7,864;0,6906320452690125;189,89706420898438;221,12600708007812;186;
7,865;0,6115440130233765;189,89706420898438;221,12600708007812;186;
7,866;0,6100611686706543;190,68768310546875;169,38040161132812;186;
7,868;0,615220308303833;190,68768310546875;169,38040161132812;186;
7,869;0,6143501400947571;189,04232788085938;209,016357421875;186;
7,871;0,6911957859992981;189,04232788085938;209,016357421875;186;
7,872;0,6103675365447998;189,04232788085938;209,016357421875;186;
7,873;0,6100611686706543;189,64991760253906;175,20578002929688;186;
7,874;0,611237645149231;189,64991760253906;175,20578002929688;186;
7,875;0,6903256773948669;189,64991760253906;175,20578002929688;186;
7,876;0,6140437722206116;189,64991760253906;175,20578002929688;186;
7,877;0,6155266165733337;190,0884552001953;203,46286010742188;186;
7,878;0,6143501400947571;190,0884552001953;203,46286010742188;186;
7,879;0,6915510892868042;190,0884552001953;203,46286010742188;186;
7,88;0,6115440130233765;190,0884552001953;203,46286010742188;186;
7,881;0,6100611686706543;189,75094604492188;173,8880615234375;186;
7,883;0,6924211978912354;189,75094604492188;173,8880615234375;186;
7,884;0,6096442937850952;191,45823669433594;233,67581176757812;186;
7,885;0,6143501400947571;191,45823669433594;233,67581176757812;186;
7,886;0,6918084621429443;191,45823669433594;233,67581176757812;186;
7,887;0,6103675365447998;191,45823669433594;233,67581176757812;186;
7,889;0,611237645149231;189,80711364746094;159,11355590820312;186;
7,89;0,6912447214126587;189,80711364746094;159,11355590820312;186;
7,891;0,6140437722206116;189,80711364746094;159,11355590820312;186;
7,892;0,6155266165733337;188,34637451171875;206,21990966796875;186;
7,893;0,6143501400947571;188,34637451171875;206,21990966796875;186;
7,894;0,6900193095207214;188,34637451171875;206,21990966796875;186;
7,895;0,6115440130233765;188,34637451171875;206,21990966796875;186;
7,896;0,6100611686706543;190,4648895263672;184,11363220214844;186;
7,898;0,615220308303833;190,4648895263672;184,11363220214844;186;
7,899;0,6143501400947571;189,72848510742188;202,12879943847656;186;
7,901;0,6927275657653809;189,72848510742188;202,12879943847656;186;
7,902;0,6103675365447998;189,72848510742188;202,12879943847656;186;
7,904;0,611237645149231;188,48294067382812;167,05044555664062;186;
7,905;0,6912447214126587;188,48294067382812;167,05044555664062;186;
7,906;0,6140437722206116;188,48294067382812;167,05044555664062;186;
7,907;0,6143501400947571;191,92050170898438;240,693115234375;186;
7,909;0,6906320452690125;191,92050170898438;240,693115234375;186;
7,91;0,6115440130233765;191,92050170898438;240,693115234375;186;
7,911;0,6100611686706543;190,0095977783203;162,07362365722656;186;
7,913;0,615220308303833;190,0095977783203;162,07362365722656;186;
7,914;0,6140437722206116;190,0095977783203;162,07362365722656;186;
7,915;0,6155266165733337;186,92974853515625;201,08079528808594;186;
7,917;0,6900193095207214;186,92974853515625;201,08079528808594;186;
7,918;0,6103675365447998;186,92974853515625;201,08079528808594;186;
7,919;0,611237645149231;190,35934448242188;181,364013671875;186;
7,92;0,6903256773948669;190,35934448242188;181,364013671875;186;
7,921;0,6140437722206116;190,35934448242188;181,364013671875;186;
7,922;0,6155266165733337;190,69146728515625;209,38037109375;186;
7,923;0,6143501400947571;190,69146728515625;209,38037109375;186;
7,924;0,6915510892868042;190,69146728515625;209,38037109375;186;
7,925;0,6115440130233765;190,69146728515625;209,38037109375;186;
7,926;0,6100611686706543;188,02236938476562;165,92079162597656;186;
7,928;0,6924211978912354;188,02236938476562;165,92079162597656;186;
7,929;0,6140437722206116;188,02236938476562;165,92079162597656;186;
7,93;0,6143501400947571;189,85955810546875;220,4771728515625;186;
7,931;0,6155266165733337;189,85955810546875;220,4771728515625;186;
7,932;0,6103675365447998;189,85955810546875;220,4771728515625;186;
7,934;0,611237645149231;190,62344360351562;171,89907836914062;186;
7,935;0,6912447214126587;190,62344360351562;171,89907836914062;186;
7,936;0,6140437722206116;190,62344360351562;171,89907836914062;186;
7,937;0,6155266165733337;187,37037658691406;204,77978515625;186;
7,938;0,6143501400947571;187,37037658691406;204,77978515625;186;
7,939;0,6900193095207214;187,37037658691406;204,77978515625;186;
7,94;0,6115440130233765;187,37037658691406;204,77978515625;186;
7,941;0,6100611686706543;189,19851684570312;173,68710327148438;186;
7,943;0,6915020942687988;189,19851684570312;173,68710327148438;186;
7,944;0,6140437722206116;189,19851684570312;173,68710327148438;186;
7,945;0,6143501400947571;189,86331176757812;207,25082397460938;186;
7,946;0,6155266165733337;189,86331176757812;207,25082397460938;186;
7,947;0,6915510892868042;189,86331176757812;207,25082397460938;186;
7,948;0,6103675365447998;189,86331176757812;207,25082397460938;186;
7,949;0,611237645149231;188,69371032714844;173,16175842285156;186;
7,95;0,6100611686706543;188,69371032714844;173,16175842285156;186;
7,951;0,6140437722206116;188,69371032714844;173,16175842285156;186;
7,952;0,6155266165733337;190,28778076171875;226,2017059326172;186;
7,953;0,6143501400947571;190,28778076171875;226,2017059326172;186;
7,954;0,6906320452690125;190,28778076171875;226,2017059326172;186;
7,955;0,6115440130233765;190,28778076171875;226,2017059326172;186;
7,956;0,6100611686706543;189,4892578125;161,1827392578125;186;
7,958;0,6924211978912354;189,4892578125;161,1827392578125;186;
7,959;0,6140437722206116;189,4892578125;161,1827392578125;186;
7,96;0,6143501400947571;188,60491943359375;211,25672912597656;186;
7,961;0,6155266165733337;188,60491943359375;211,25672912597656;186;
7,962;0,6900193095207214;188,60491943359375;211,25672912597656;186;
7,963;0,6103675365447998;188,60491943359375;211,25672912597656;186;
7,964;0,611237645149231;189,67984008789062;179,30828857421875;186;
7,965;0,6903256773948669;189,67984008789062;179,30828857421875;186;
7,966;0,6140437722206116;189,67984008789062;179,30828857421875;186;
7,967;0,6155266165733337;189,0237579345703;198,81959533691406;186;
7,968;0,6143501400947571;189,0237579345703;198,81959533691406;186;
7,969;0,6915510892868042;189,0237579345703;198,81959533691406;186;
7,97;0,6115440130233765;189,0237579345703;198,81959533691406;186;
7,971;0,6103675365447998;189,0237579345703;198,81959533691406;186;
7,972;0,6100611686706543;188,7233428955078;171,6781463623047;186;
7,973;0,6924211978912354;188,7233428955078;171,6781463623047;186;
7,974;0,6140437722206116;188,7233428955078;171,6781463623047;186;
7,975;0,6143501400947571;191,1348419189453;233,0868682861328;186;
7,976;0,6155266165733337;191,1348419189453;233,0868682861328;186;
7,977;0,6103675365447998;191,1348419189453;233,0868682861328;186;
7,979;0,611237645149231;189,08692932128906;160,55850219726562;186;
7,98;0,6100611686706543;189,08692932128906;160,55850219726562;186;
7,981;0,6140437722206116;189,08692932128906;160,55850219726562;186;
7,982;0,615220308303833;189,08692932128906;160,55850219726562;186;
7,983;0,6143501400947571;186,95880126953125;203,9806671142578;186;
7,985;0,6911957859992981;186,95880126953125;203,9806671142578;186;
7,986;0,6100611686706543;190,31790161132812;183,5234375;186;
7,988;0,6915020942687988;190,31790161132812;183,5234375;186;
7,989;0,6140437722206116;190,31790161132812;183,5234375;186;
7,99;0,6143501400947571;189,86331176757812;206,85858154296875;186;
7,991;0,6155266165733337;189,86331176757812;206,85858154296875;186;
7,992;0,6915510892868042;189,86331176757812;206,85858154296875;186;
7,993;0,6103675365447998;189,86331176757812;206,85858154296875;186;
7,994;0,611237645149231;187,5933074951172;164,288330078125;186;
7,995;0,6100611686706543;187,5933074951172;164,288330078125;186;
7,996;0,6912447214126587;187,5933074951172;164,288330078125;186;
7,997;0,6155266165733337;190,28778076171875;225,94664001464844;186;
7,998;0,6143501400947571;190,28778076171875;225,94664001464844;186;
8;0,6115440130233765;190,28778076171875;225,94664001464844;186;
8,001;0,6103675365447998;190,28778076171875;225,94664001464844;186;
8,002;0,6100611686706543;189,975830078125;169,667236328125;186;
8,003;0,6924211978912354;189,975830078125;169,667236328125;186;
8,004;0,6140437722206116;189,975830078125;169,667236328125;186;
8,005;0,6143501400947571;187,16983032226562;203,18777465820312;186;
8,006;0,6155266165733337;187,16983032226562;203,18777465820312;186;
8,007;0,6900193095207214;187,16983032226562;203,18777465820312;186;
8,008;0,6103675365447998;187,16983032226562;203,18777465820312;186;
8,009;0,611237645149231;189,50045776367188;175,35910034179688;186;
8,01;0,6100611686706543;189,50045776367188;175,35910034179688;186;
8,011;0,6903256773948669;189,50045776367188;175,35910034179688;186;
8,012;0,615220308303833;189,50045776367188;175,35910034179688;186;
8,013;0,6143501400947571;190,40078735351562;212,6392059326172;186;
8,015;0,6103675365447998;190,40078735351562;212,6392059326172;186;
8,017;0,6100611686706543;188,01869201660156;167,1898193359375;186;
8,018;0,611237645149231;188,01869201660156;167,1898193359375;186;
8,019;0,6140437722206116;188,01869201660156;167,1898193359375;186;
8,02;0,6155266165733337;189,9270477294922;226,92752075195312;186;
8,022;0,6906320452690125;189,9270477294922;226,92752075195312;186;
8,023;0,6103675365447998;189,9270477294922;226,92752075195312;186;
8,024;0,611237645149231;190,19747924804688;165,92079162597656;186;
8,025;0,6100611686706543;190,19747924804688;165,92079162597656;186;
8,026;0,6912447214126587;190,19747924804688;165,92079162597656;186;
8,027;0,615220308303833;190,19747924804688;165,92079162597656;186;
8,028;0,6143501400947571;188,43124389648438;207,46542358398438;186;
8,03;0,6911957859992981;188,43124389648438;207,46542358398438;186;
8,031;0,6103675365447998;188,43124389648438;207,46542358398438;186;
8,032;0,6100611686706543;188,77890014648438;171,9482421875;186;
8,033;0,611237645149231;188,77890014648438;171,9482421875;186;
8,034;0,6140437722206116;188,77890014648438;171,9482421875;186;
8,035;0,6143501400947571;189,35122680664062;208,61740112304688;186;
8,036;0,6155266165733337;189,35122680664062;208,61740112304688;186;
8,037;0,6915510892868042;189,35122680664062;208,61740112304688;186;
8,038;0,6103675365447998;189,35122680664062;208,61740112304688;186;
8,039;0,611237645149231;189,10552978515625;173,68710327148438;186;
8,04;0,6100611686706543;189,10552978515625;173,68710327148438;186;
8,041;0,6912447214126587;189,10552978515625;173,68710327148438;186;
8,042;0,615220308303833;189,10552978515625;173,68710327148438;186;
8,043;0,6143501400947571;190,66122436523438;229,48312377929688;186;
8,045;0,6115440130233765;190,66122436523438;229,48312377929688;186;
8,046;0,6103675365447998;190,66122436523438;229,48312377929688;186;
8,047;0,6100611686706543;189,48179626464844;160,19480895996094;186;
8,048;0,611237645149231;189,48179626464844;160,19480895996094;186;
8,049;0,6140437722206116;189,48179626464844;160,19480895996094;186;
8,05;0,6143501400947571;187,54940795898438;206,5387420654297;186;
8,051;0,6155266165733337;187,54940795898438;206,5387420654297;186;
8,052;0,6143501400947571;187,54940795898438;206,5387420654297;186;
8,053;0,6103675365447998;187,54940795898438;206,5387420654297;186;
8,054;0,611237645149231;190,09222412109375;183,2716522216797;186;
8,055;0,6100611686706543;190,09222412109375;183,2716522216797;186;
8,056;0,6903256773948669;190,09222412109375;183,2716522216797;186;
8,057;0,615220308303833;190,09222412109375;183,2716522216797;186;
8,058;0,6143501400947571;189,53781127929688;202,29885864257812;186;
8,06;0,6927275657653809;189,53781127929688;202,29885864257812;186;
8,061;0,6103675365447998;189,53781127929688;202,29885864257812;186;
8,062;0,6100611686706543;188,5124969482422;165,41854858398438;186;
8,063;0,611237645149231;188,5124969482422;165,41854858398438;186;
8,064;0,6912447214126587;188,5124969482422;165,41854858398438;186;
8,065;0,6143501400947571;191,1880340576172;238,1188507080078;186;
8,066;0,6155266165733337;191,1880340576172;238,1188507080078;186;
8,067;0,6906320452690125;191,1880340576172;238,1188507080078;186;
8,068;0,6103675365447998;191,1880340576172;238,1188507080078;186;
8,069;0,6115440130233765;191,1880340576172;238,1188507080078;186;
8,07;0,6100611686706543;189,60879516601562;163,7736053466797;186;
8,071;0,6912447214126587;189,60879516601562;163,7736053466797;186;
8,072;0,615220308303833;189,60879516601562;163,7736053466797;186;
8,073;0,6143501400947571;186,78091430664062;200,1435089111328;186;
8,074;0,6155266165733337;186,78091430664062;200,1435089111328;186;
8,075;0,6911957859992981;186,78091430664062;200,1435089111328;186;
8,076;0,6103675365447998;186,78091430664062;200,1435089111328;186;
8,077;0,6100611686706543;189,94955444335938;180,9001007080078;186;
8,078;0,611237645149231;189,94955444335938;180,9001007080078;186;
8,079;0,6903256773948669;189,94955444335938;180,9001007080078;186;
8,08;0,6143501400947571;189,94955444335938;180,9001007080078;186;
8,081;0,6155266165733337;190,40455627441406;210,9231719970703;186;
8,082;0,6915510892868042;190,40455627441406;210,9231719970703;186;
8,083;0,6103675365447998;190,40455627441406;210,9231719970703;186;
8,084;0,6115440130233765;190,40455627441406;210,9231719970703;186;
8,085;0,6100611686706543;187,82041931152344;165,7149658203125;186;
8,087;0,615220308303833;187,82041931152344;165,7149658203125;186;
8,088;0,6143501400947571;190,34426879882812;228,39324951171875;186;
8,09;0,6918084621429443;190,34426879882812;228,39324951171875;186;
8,091;0,6103675365447998;190,34426879882812;228,39324951171875;186;
8,092;0,6100611686706543;190,30661010742188;165,19126892089844;186;
8,093;0,611237645149231;190,30661010742188;165,19126892089844;186;
8,094;0,6912447214126587;190,30661010742188;165,19126892089844;186;
8,095;0,6140437722206116;190,30661010742188;165,19126892089844;186;
8,096;0,6155266165733337;187,39593505859375;206,07850646972656;186;
8,097;0,6143501400947571;187,39593505859375;206,07850646972656;186;
8,098;0,6900193095207214;187,39593505859375;206,07850646972656;186;
8,099;0,6115440130233765;187,39593505859375;206,07850646972656;186;
8,1;0,6100611686706543;189,034912109375;174,34193420410156;186;
8,102;0,615220308303833;189,034912109375;174,34193420410156;186;
8,103;0,6143501400947571;190,08470153808594;209,96543884277344;186;
8,105;0,6927275657653809;190,08470153808594;209,96543884277344;186;
8,106;0,6103675365447998;190,08470153808594;209,96543884277344;186;
8,107;0,611237645149231;188,60861206054688;170,72735595703125;186;
8,109;0,6912447214126587;188,60861206054688;170,72735595703125;186;
8,11;0,6140437722206116;188,60861206054688;170,72735595703125;186;
8,111;0,688467800617218;190,18243408203125;227,78744506835938;186;
8,112;0,6143501400947571;190,18243408203125;227,78744506835938;186;
8,113;0,6103675365447998;190,18243408203125;227,78744506835938;186;
8,114;0,6115440130233765;190,18243408203125;227,78744506835938;186;
8,115;0,6100611686706543;189,64991760253906;162,5337371826172;186;
8,116;0,6912447214126587;189,64991760253906;162,5337371826172;186;
8,117;0,615220308303833;189,64991760253906;162,5337371826172;186;
8,118;0,6143501400947571;187,72509765625;207,85997009277344;186;
8,12;0,6155266165733337;187,72509765625;207,85997009277344;186;
8,121;0,6103675365447998;187,72509765625;207,85997009277344;186;
8,122;0,6100611686706543;189,96456909179688;180,14114379882812;186;
8,123;0,611237645149231;189,96456909179688;180,14114379882812;186;
8,124;0,6903256773948669;189,96456909179688;180,14114379882812;186;
8,125;0,6140437722206116;189,96456909179688;180,14114379882812;186;
8,126;0,6155266165733337;189,20223999023438;199,11593627929688;186;
8,127;0,6143501400947571;189,20223999023438;199,11593627929688;186;
8,128;0,6915510892868042;189,20223999023438;199,11593627929688;186;
8,129;0,6115440130233765;189,20223999023438;199,11593627929688;186;
8,13;0,6100611686706543;188,86044311523438;172,04666137695312;186;
8,132;0,6924211978912354;188,86044311523438;172,04666137695312;186;
8,133;0,6143501400947571;191,22222900390625;235,87640380859375;186;
8,135;0,6918084621429443;191,22222900390625;235,87640380859375;186;
8,136;0,6103675365447998;191,22222900390625;235,87640380859375;186;
8,138;0,611237645149231;189,56394958496094;160,68727111816406;186;
8,139;0,6912447214126587;189,56394958496094;160,68727111816406;186;
8,14;0,6140437722206116;189,56394958496094;160,68727111816406;186;
8,141;0,6155266165733337;186,99514770507812;201,2154083251953;186;
8,142;0,6143501400947571;186,99514770507812;201,2154083251953;186;
8,143;0,6900193095207214;186,99514770507812;201,2154083251953;186;
8,144;0,6115440130233765;186,99514770507812;201,2154083251953;186;
8,145;0,6100611686706543;190,5516815185547;186,77365112304688;186;
8,147;0,615220308303833;190,5516815185547;186,77365112304688;186;
8,148;0,6143501400947571;190,29531860351562;205,4446563720703;186;
8,15;0,6927275657653809;190,29531860351562;205,4446563720703;186;
8,151;0,6103675365447998;190,29531860351562;205,4446563720703;186;
8,153;0,611237645149231;187,90481567382812;164,310791015625;186;
8,154;0,6912447214126587;187,90481567382812;164,310791015625;186;
8,155;0,6140437722206116;187,90481567382812;164,310791015625;186;
8,156;0,6155266165733337;190,71035766601562;227,48573303222656;186;
8,157;0,6143501400947571;190,71035766601562;227,48573303222656;186;
8,158;0,6906320452690125;190,71035766601562;227,48573303222656;186;
8,159;0,6115440130233765;190,71035766601562;227,48573303222656;186;
8,16;0,6100611686706543;190,34426879882812;169,69119262695312;186;
8,162;0,615220308303833;190,34426879882812;169,69119262695312;186;
8,163;0,6140437722206116;190,34426879882812;169,69119262695312;186;
8,164;0,6143501400947571;187,1625518798828;201,8572998046875;186;
8,165;0,6155266165733337;187,1625518798828;201,8572998046875;186;
8,166;0,6103675365447998;187,1625518798828;201,8572998046875;186;
8,168;0,611237645149231;189,6873321533203;176,8552703857422;186;
8,169;0,6903256773948669;189,6873321533203;176,8552703857422;186;
8,17;0,6140437722206116;189,6873321533203;176,8552703857422;186;
8,171;0,6155266165733337;190,82009887695312;211,8896942138672;186;
8,172;0,6143501400947571;190,82009887695312;211,8896942138672;186;
8,173;0,6915510892868042;190,82009887695312;211,8896942138672;186;
8,174;0,6115440130233765;190,82009887695312;211,8896942138672;186;
8,175;0,6100611686706543;188,320556640625;169,18971252441406;186;
8,177;0,6924211978912354;188,320556640625;169,18971252441406;186;
8,178;0,6143501400947571;190,13731384277344;224,13536071777344;186;
8,18;0,6155266165733337;190,13731384277344;224,13536071777344;186;
8,181;0,6103675365447998;190,13731384277344;224,13536071777344;186;
8,183;0,611237645149231;190,56300354003906;166,8881378173828;186;
8,184;0,6912447214126587;190,56300354003906;166,8881378173828;186;
8,185;0,6140437722206116;190,56300354003906;166,8881378173828;186;
8,186;0,6155266165733337;188,74185180664062;208,2921142578125;186;
8,187;0,6143501400947571;188,74185180664062;208,2921142578125;186;
8,188;0,6900193095207214;188,74185180664062;208,2921142578125;186;
8,189;0,6115440130233765;188,74185180664062;208,2921142578125;186;
8,19;0,6100611686706543;189,5826416015625;175,28240966796875;186;
8,192;0,6915020942687988;189,5826416015625;175,28240966796875;186;
8,193;0,6140437722206116;189,5826416015625;175,28240966796875;186;
8,194;0,6143501400947571;189,93080139160156;205,0592041015625;186;
8,195;0,6155266165733337;189,93080139160156;205,0592041015625;186;
8,196;0,6915510892868042;189,93080139160156;205,0592041015625;186;
8,197;0,6103675365447998;189,93080139160156;205,0592041015625;186;
8,198;0,611237645149231;189,2953338623047;172,5404815673828;186;
8,199;0,6100611686706543;189,2953338623047;172,5404815673828;186;
8,2;0,6140437722206116;189,2953338623047;172,5404815673828;186;
8,201;0,6155266165733337;191,3744354248047;234,72511291503906;186;
8,202;0,6143501400947571;191,3744354248047;234,72511291503906;186;
8,203;0,6906320452690125;191,3744354248047;234,72511291503906;186;
8,204;0,6115440130233765;191,3744354248047;234,72511291503906;186;
8,205;0,6100611686706543;189,57516479492188;158,54702758789062;186;
8,207;0,6924211978912354;189,57516479492188;158,54702758789062;186;
8,208;0,6140437722206116;189,57516479492188;158,54702758789062;186;
8,209;0,6143501400947571;188,0959014892578;208,61740112304688;186;
8,21;0,6155266165733337;188,0959014892578;208,61740112304688;186;
8,211;0,6900193095207214;188,0959014892578;208,61740112304688;186;
8,212;0,6103675365447998;188,0959014892578;208,61740112304688;186;
8,213;0,611237645149231;190,55923461914062;183,74783325195312;186;
8,214;0,6903256773948669;190,55923461914062;183,74783325195312;186;
8,215;0,6140437722206116;190,55923461914062;183,74783325195312;186;
8,216;0,6155266165733337;189,81460571289062;201,38392639160156;186;
8,217;0,6143501400947571;189,81460571289062;201,38392639160156;186;
8,218;0,6915510892868042;189,81460571289062;201,38392639160156;186;
8,219;0,6115440130233765;189,81460571289062;201,38392639160156;186;
8,22;0,6103675365447998;189,81460571289062;201,38392639160156;186;
8,221;0,6100611686706543;188,53466796875;166,91128540039062;186;
8,222;0,6924211978912354;188,53466796875;166,91128540039062;186;
8,223;0,6140437722206116;188,53466796875;166,91128540039062;186;
8,224;0,6143501400947571;191,10824584960938;232,27627563476562;186;
8,225;0,6155266165733337;191,10824584960938;232,27627563476562;186;
8,226;0,6906320452690125;191,10824584960938;232,27627563476562;186;
8,227;0,6103675365447998;191,10824584960938;232,27627563476562;186;
8,228;0,611237645149231;190,03964233398438;165,80638122558594;186;
8,229;0,6912447214126587;190,03964233398438;165,80638122558594;186;
8,23;0,6140437722206116;190,03964233398438;165,80638122558594;186;
8,231;0,615220308303833;190,03964233398438;165,80638122558594;186;
8,232;0,6143501400947571;186,74464416503906;199,8773193359375;186;
8,234;0,6115440130233765;186,74464416503906;199,8773193359375;186;
8,235;0,6100611686706543;190,1636199951172;180,60118103027344;186;
8,237;0,6915020942687988;190,1636199951172;180,60118103027344;186;
8,238;0,6140437722206116;190,1636199951172;180,60118103027344;186;
8,239;0,6143501400947571;190,59698486328125;212,86509704589844;186;
8,24;0,6155266165733337;190,59698486328125;212,86509704589844;186;
8,241;0,6915510892868042;190,59698486328125;212,86509704589844;186;
8,242;0,6103675365447998;190,59698486328125;212,86509704589844;186;
8,243;0,611237645149231;187,721435546875;164,333251953125;186;
8,244;0,6100611686706543;187,721435546875;164,333251953125;186;
8,245;0,6912447214126587;187,721435546875;164,333251953125;186;
8,246;0,6155266165733337;190,22756958007812;227,0561065673828;186;
8,247;0,6143501400947571;190,22756958007812;227,0561065673828;186;
8,248;0,6906320452690125;190,22756958007812;227,0561065673828;186;
8,249;0,6115440130233765;190,22756958007812;227,0561065673828;186;
8,25;0,6103675365447998;190,22756958007812;227,0561065673828;186;
8,251;0,6100611686706543;190,46112060546875;168,36045837402344;186;
8,252;0,6924211978912354;190,46112060546875;168,36045837402344;186;
8,253;0,6140437722206116;190,46112060546875;168,36045837402344;186;
8,254;0,6143501400947571;187,95623779296875;205,55001831054688;186;
8,255;0,6155266165733337;187,95623779296875;205,55001831054688;186;
8,256;0,6900193095207214;187,95623779296875;205,55001831054688;186;
8,257;0,6103675365447998;187,95623779296875;205,55001831054688;186;
8,258;0,611237645149231;189,1092529296875;173,26158142089844;186;
8,259;0,6100611686706543;189,1092529296875;173,26158142089844;186;
8,26;0,6903256773948669;189,1092529296875;173,26158142089844;186;
8,261;0,615220308303833;189,1092529296875;173,26158142089844;186;
8,262;0,6143501400947571;190,1598663330078;209,67250061035156;186;
8,264;0,6115440130233765;190,1598663330078;209,67250061035156;186;
8,265;0,6103675365447998;190,1598663330078;209,67250061035156;186;
8,266;0,6100611686706543;189,0609130859375;172,96246337890625;186;
8,267;0,6924211978912354;189,0609130859375;172,96246337890625;186;
8,268;0,6140437722206116;189,0609130859375;172,96246337890625;186;
8,269;0,6143501400947571;190,2200469970703;225,22706604003906;186;
8,27;0,6155266165733337;190,2200469970703;225,22706604003906;186;
8,271;0,6906320452690125;190,2200469970703;225,22706604003906;186;
8,272;0,6103675365447998;190,2200469970703;225,22706604003906;186;
8,273;0,611237645149231;189,87831115722656;162,31430053710938;186;
8,274;0,6100611686706543;189,87831115722656;162,31430053710938;186;
8,275;0,6912447214126587;189,87831115722656;162,31430053710938;186;
8,276;0,615220308303833;189,87831115722656;162,31430053710938;186;
8,277;0,6143501400947571;188,3648223876953;210,8491973876953;186;
8,279;0,6911957859992981;188,3648223876953;210,8491973876953;186;
8,28;0,6103675365447998;188,3648223876953;210,8491973876953;186;
8,281;0,6100611686706543;189,87457275390625;178,5095977783203;186;
8,282;0,6915020942687988;189,87457275390625;178,5095977783203;186;
8,283;0,6140437722206116;189,87457275390625;178,5095977783203;186;
8,284;0,6143501400947571;189,3214111328125;200,47726440429688;186;
8,285;0,6155266165733337;189,3214111328125;200,47726440429688;186;
8,286;0,6915510892868042;189,3214111328125;200,47726440429688;186;
8,287;0,6103675365447998;189,3214111328125;200,47726440429688;186;
8,288;0,611237645149231;189,02748107910156;171,31121826171875;186;
8,289;0,6100611686706543;189,02748107910156;171,31121826171875;186;
8,29;0,6912447214126587;189,02748107910156;171,31121826171875;186;
8,291;0,6155266165733337;191,07408142089844;231,69436645507812;186;
8,292;0,6143501400947571;191,07408142089844;231,69436645507812;186;
8,294;0,6115440130233765;191,07408142089844;231,69436645507812;186;
8,295;0,6103675365447998;191,07408142089844;231,69436645507812;186;
8,296;0,6100611686706543;189,23574829101562;161,5943603515625;186;
8,297;0,6924211978912354;189,23574829101562;161,5943603515625;186;
8,298;0,6140437722206116;189,23574829101562;161,5943603515625;186;
8,299;0,6143501400947571;187,13705444335938;203,497314453125;186;
8,3;0,6155266165733337;187,13705444335938;203,497314453125;186;
8,301;0,6143501400947571;187,13705444335938;203,497314453125;186;
8,302;0,6103675365447998;187,13705444335938;203,497314453125;186;
8,303;0,611237645149231;189,975830078125;181,09083557128906;186;
8,304;0,6100611686706543;189,975830078125;181,09083557128906;186;
8,305;0,6903256773948669;189,975830078125;181,09083557128906;186;
8,306;0,615220308303833;189,975830078125;181,09083557128906;186;
8,307;0,6143501400947571;189,74346923828125;208,58120727539062;186;
8,309;0,6927275657653809;189,74346923828125;208,58120727539062;186;
8,31;0,6103675365447998;189,74346923828125;208,58120727539062;186;
8,311;0,6100611686706543;187,6298828125;164,5581817626953;186;
8,312;0,611237645149231;187,6298828125;164,5581817626953;186;
8,313;0,6912447214126587;187,6298828125;164,5581817626953;186;
8,314;0,6143501400947571;190,43849182128906;229,3955535888672;186;
8,315;0,6155266165733337;190,43849182128906;229,3955535888672;186;
8,316;0,6906320452690125;190,43849182128906;229,3955535888672;186;
8,317;0,6103675365447998;190,43849182128906;229,3955535888672;186;
8,318;0,611237645149231;189,9945831298828;168,47842407226562;186;
8,319;0,6100611686706543;189,9945831298828;168,47842407226562;186;
8,32;0,6912447214126587;189,9945831298828;168,47842407226562;186;
8,321;0,615220308303833;189,9945831298828;168,47842407226562;186;
8,322;0,6143501400947571;187,03152465820312;200,6780242919922;186;
8,324;0,6911957859992981;187,03152465820312;200,6780242919922;186;
8,325;0,6103675365447998;187,03152465820312;200,6780242919922;186;
8,326;0,6100611686706543;189,5079345703125;177,63919067382812;186;
8,327;0,611237645149231;189,5079345703125;177,63919067382812;186;
8,328;0,6903256773948669;189,5079345703125;177,63919067382812;186;
8,329;0,6143501400947571;190,32167053222656;211,25672912597656;186;
8,33;0,6155266165733337;190,32167053222656;211,25672912597656;186;
8,331;0,6915510892868042;190,32167053222656;211,25672912597656;186;
8,332;0,6103675365447998;190,32167053222656;211,25672912597656;186;
8,333;0,6115440130233765;190,32167053222656;211,25672912597656;186;
8,334;0,6100611686706543;188,42755126953125;168,2191162109375;186;
8,335;0,6912447214126587;188,42755126953125;168,2191162109375;186;
8,336;0,615220308303833;188,42755126953125;168,2191162109375;186;
8,337;0,6143501400947571;189,6761016845703;221,49264526367188;186;
8,339;0,6918084621429443;189,6761016845703;221,49264526367188;186;
8,34;0,6103675365447998;189,6761016845703;221,49264526367188;186;
8,341;0,6100611686706543;189,98333740234375;166,42608642578125;186;
8,342;0,611237645149231;189,98333740234375;166,42608642578125;186;
8,343;0,6912447214126587;189,98333740234375;166,42608642578125;186;
8,344;0,6140437722206116;189,98333740234375;166,42608642578125;186;
8,345;0,6155266165733337;188,30581665039062;211,21961975097656;186;
8,346;0,6143501400947571;188,30581665039062;211,21961975097656;186;
8,347;0,6103675365447998;188,30581665039062;211,21961975097656;186;
8,348;0,6115440130233765;188,30581665039062;211,21961975097656;186;
8,349;0,6100611686706543;188,6715087890625;170,84866333007812;186;
8,35;0,6903256773948669;188,6715087890625;170,84866333007812;186;
8,351;0,615220308303833;188,6715087890625;170,84866333007812;186;
8,352;0,6143501400947571;189,70977783203125;210,4800567626953;186;
8,354;0,6927275657653809;189,70977783203125;210,4800567626953;186;
8,355;0,6103675365447998;189,70977783203125;210,4800567626953;186;
8,356;0,6100611686706543;188,84561157226562;171,75172424316406;186;
8,357;0,611237645149231;188,84561157226562;171,75172424316406;186;
8,358;0,6912447214126587;188,84561157226562;171,75172424316406;186;
8,359;0,6143501400947571;190,83901977539062;233,04168701171875;186;
8,36;0,6155266165733337;190,83901977539062;233,04168701171875;186;
8,361;0,6906320452690125;190,83901977539062;233,04168701171875;186;
8,362;0,6103675365447998;190,83901977539062;233,04168701171875;186;
8,363;0,6115440130233765;190,83901977539062;233,04168701171875;186;
8,364;0,6100611686706543;189,34750366210938;159,3666534423828;186;
8,365;0,6912447214126587;189,34750366210938;159,3666534423828;186;
8,366;0,615220308303833;189,34750366210938;159,3666534423828;186;
8,367;0,6143501400947571;188,04074096679688;207,9678497314453;186;
8,369;0,6155266165733337;188,04074096679688;207,9678497314453;186;
8,37;0,6103675365447998;188,04074096679688;207,9678497314453;186;
8,371;0,6100611686706543;190,01710510253906;179,6566162109375;186;
8,372;0,611237645149231;190,01710510253906;179,6566162109375;186;
8,373;0,6903256773948669;190,01710510253906;179,6566162109375;186;
8,374;0,6140437722206116;190,01710510253906;179,6566162109375;186;
8,375;0,6155266165733337;189,3586883544922;204,8844757080078;186;
8,376;0,6143501400947571;189,3586883544922;204,8844757080078;186;
8,377;0,6915510892868042;189,3586883544922;204,8844757080078;186;
8,378;0,6115440130233765;189,3586883544922;204,8844757080078;186;
8,379;0,6100611686706543;188,6715087890625;166,47218322753906;186;
8,381;0,6924211978912354;188,6715087890625;166,47218322753906;186;
8,382;0,6657350659370422;191,08546447753906;237,22613525390625;186;
8,383;0,6122056245803833;191,08546447753906;237,22613525390625;186;
8,384;0,6918084621429443;191,08546447753906;237,22613525390625;186;
8,385;0,6103675365447998;191,08546447753906;237,22613525390625;186;
8,386;0,6100611686706543;189,88955688476562;164,310791015625;186;
8,387;0,611237645149231;189,88955688476562;164,310791015625;186;
8,388;0,6912447214126587;189,88955688476562;164,310791015625;186;
8,389;0,6140437722206116;189,88955688476562;164,310791015625;186;
8,39;0,6155266165733337;186,7265167236328;199,81088256835938;186;
8,391;0,6143501400947571;186,7265167236328;199,81088256835938;186;
8,392;0,6900193095207214;186,7265167236328;199,81088256835938;186;
8,393;0,6115440130233765;186,7265167236328;199,81088256835938;186;
8,394;0,6100611686706543;189,87457275390625;179,7103271484375;186;
8,396;0,6915020942687988;189,87457275390625;179,7103271484375;186;
8,397;0,6143501400947571;190,3706512451172;212,82742309570312;186;
8,399;0,6927275657653809;190,3706512451172;212,82742309570312;186;
8,4;0,6103675365447998;190,3706512451172;212,82742309570312;186;
8,402;0,611237645149231;188,19158935546875;165,21397399902344;186;
8,403;0,6912447214126587;188,19158935546875;165,21397399902344;186;
8,404;0,6140437722206116;188,19158935546875;165,21397399902344;186;
8,405;0,6155266165733337;190,11477661132812;224,6798858642578;186;
8,406;0,6143501400947571;190,11477661132812;224,6798858642578;186;
8,407;0,6906320452690125;190,11477661132812;224,6798858642578;186;
8,408;0,6103675365447998;190,11477661132812;224,6798858642578;186;
8,409;0,6100611686706543;190,4950714111328;168,83331298828125;186;
8,411;0,615220308303833;190,4950714111328;168,83331298828125;186;
8,412;0,6143501400947571;190,4950714111328;168,83331298828125;186;
8,413;0,6143501400947571;187,69580078125;206,5387420654297;186;
8,414;0,6155266165733337;187,69580078125;206,5387420654297;186;
8,415;0,6103675365447998;187,69580078125;206,5387420654297;186;
8,416;0,6115440130233765;187,69580078125;206,5387420654297;186;
8,417;0,611237645149231;189,12783813476562;173,51162719726562;186;
8,418;0,6903256773948669;189,12783813476562;173,51162719726562;186;
8,419;0,6140437722206116;189,12783813476562;173,51162719726562;186;
8,42;0,6155266165733337;190,0283660888672;208,14785766601562;186;
8,421;0,6143501400947571;190,0283660888672;208,14785766601562;186;
8,422;0,6915510892868042;190,0283660888672;208,14785766601562;186;
8,423;0,6115440130233765;190,0283660888672;208,14785766601562;186;
8,424;0,6100611686706543;188,86416625976562;171,70266723632812;186;
8,426;0,6924211978912354;188,86416625976562;171,70266723632812;186;
8,427;0,6143501400947571;190,78981018066406;234,13088989257812;186;
8,429;0,6918084621429443;190,78981018066406;234,13088989257812;186;
8,43;0,6103675365447998;190,78981018066406;234,13088989257812;186;
8,432;0,611237645149231;189,78463745117188;159,3666534423828;186;
8,433;0,6912447214126587;189,78463745117188;159,3666534423828;186;
8,434;0,6140437722206116;189,78463745117188;159,3666534423828;186;
8,435;0,6155266165733337;188,43862915039062;210,44322204589844;186;
8,436;0,6143501400947571;188,43862915039062;210,44322204589844;186;
8,437;0,6900193095207214;188,43862915039062;210,44322204589844;186;
8,438;0,6115440130233765;188,43862915039062;210,44322204589844;186;
8,439;0,6100611686706543;190,035888671875;179,6566162109375;186;
8,441;0,6903256773948669;190,035888671875;179,6566162109375;186;
8,442;0,6140437722206116;190,035888671875;179,6566162109375;186;
8,443;0,6143501400947571;189,150146484375;198,4585723876953;186;
8,444;0,6155266165733337;189,150146484375;198,4585723876953;186;
8,445;0,6103675365447998;189,150146484375;198,4585723876953;186;
8,447;0,611237645149231;188,8975372314453;171,82537841796875;186;
8,448;0,6100611686706543;188,8975372314453;171,82537841796875;186;
8,449;0,6140437722206116;188,8975372314453;171,82537841796875;186;
8,45;0,6155266165733337;191,62606811523438;238,02456665039062;186;
8,451;0,6143501400947571;191,62606811523438;238,02456665039062;186;
8,452;0,6906320452690125;191,62606811523438;238,02456665039062;186;
8,453;0,6115440130233765;191,62606811523438;238,02456665039062;186;
8,454;0,6100611686706543;189,58636474609375;159,40892028808594;186;
8,456;0,6924211978912354;189,58636474609375;159,40892028808594;186;
8,457;0,6140437722206116;189,58636474609375;159,40892028808594;186;
8,458;0,6143501400947571;186,5816192626953;201,99295043945312;186;
8,459;0,6155266165733337;186,5816192626953;201,99295043945312;186;
8,46;0,6900193095207214;186,5816192626953;201,99295043945312;186;
8,461;0,6103675365447998;186,5816192626953;201,99295043945312;186;
8,462;0,611237645149231;190,56300354003906;185,9072265625;186;
8,463;0,6100611686706543;190,56300354003906;185,9072265625;186;
8,464;0,6140437722206116;190,56300354003906;185,9072265625;186;
8,465;0,6155266165733337;190,2915496826172;207,82403564453125;186;
8,466;0,6143501400947571;190,2915496826172;207,82403564453125;186;
8,467;0,6915510892868042;190,2915496826172;207,82403564453125;186;
8,468;0,6115440130233765;190,2915496826172;207,82403564453125;186;
8,469;0,6103675365447998;190,2915496826172;207,82403564453125;186;
8,47;0,6100611686706543;187,9121551513672;163,97463989257812;186;
8,471;0,6924211978912354;187,9121551513672;163,97463989257812;186;
8,472;0,6140437722206116;187,9121551513672;163,97463989257812;186;
8,473;0,6143501400947571;190,49884033203125;224,17715454101562;186;
8,474;0,6155266165733337;190,49884033203125;224,17715454101562;186;
8,475;0,6906320452690125;190,49884033203125;224,17715454101562;186;
8,476;0,6103675365447998;190,49884033203125;224,17715454101562;186;
8,477;0,611237645149231;190,55923461914062;172,21917724609375;186;
8,478;0,6912447214126587;190,55923461914062;172,21917724609375;186;
8,479;0,6140437722206116;190,55923461914062;172,21917724609375;186;
8,48;0,6155266165733337;187,0606231689453;200,54412841796875;186;
8,481;0,6143501400947571;187,0606231689453;200,54412841796875;186;
8,482;0,6900193095207214;187,0606231689453;200,54412841796875;186;
8,483;0,6115440130233765;187,0606231689453;200,54412841796875;186;
8,484;0,6100611686706543;190,00209045410156;178,218505859375;186;
8,486;0,6915020942687988;190,00209045410156;178,218505859375;186;
8,487;0,6140437722206116;190,00209045410156;178,218505859375;186;
8,488;0,6143501400947571;190,97923278808594;211,18252563476562;186;
8,489;0,6155266165733337;190,97923278808594;211,18252563476562;186;
8,49;0,6915510892868042;190,97923278808594;211,18252563476562;186;
8,491;0,6103675365447998;190,97923278808594;211,18252563476562;186;
8,492;0,611237645149231;188,6826171875;169,81101989746094;186;
8,493;0,6100611686706543;188,6826171875;169,81101989746094;186;
8,494;0,6140437722206116;188,6826171875;169,81101989746094;186;
8,495;0,6155266165733337;190,2200469970703;223,75991821289062;186;
8,496;0,6143501400947571;190,2200469970703;223,75991821289062;186;
8,497;0,6906320452690125;190,2200469970703;223,75991821289062;186;
8,498;0,6115440130233765;190,2200469970703;223,75991821289062;186;
8,499;0,6100611686706543;190,2200469970703;223,75991821289062;186;
8,5;0,6100611686706543;190,54034423828125;165,8979034423828;186;
8,501;0,6924211978912354;190,54034423828125;165,8979034423828;186;
8,502;0,6140437722206116;190,54034423828125;165,8979034423828;186;
8,503;0,6143501400947571;188,99404907226562;208,14785766601562;186;
8,504;0,6155266165733337;188,99404907226562;208,14785766601562;186;
8,505;0,6900193095207214;188,99404907226562;208,14785766601562;186;
8,506;0,6103675365447998;188,99404907226562;208,14785766601562;186;
8,507;0,611237645149231;189,79214477539062;177,6654510498047;186;
8,508;0,6100611686706543;189,79214477539062;177,6654510498047;186;
8,509;0,6140437722206116;189,79214477539062;177,6654510498047;186;
8,51;0,6155266165733337;190,06591796875;203,0162353515625;186;
8,511;0,6143501400947571;190,06591796875;203,0162353515625;186;
8,513;0,6115440130233765;190,06591796875;203,0162353515625;186;
8,514;0,6103675365447998;190,06591796875;203,0162353515625;186;
8,515;0,6100611686706543;189,40716552734375;173,68710327148438;186;
8,516;0,6924211978912354;189,40716552734375;173,68710327148438;186;
8,517;0,6140437722206116;189,40716552734375;173,68710327148438;186;
8,518;0,6143501400947571;191,233642578125;230,84909057617188;186;
8,519;0,6155266165733337;191,233642578125;230,84909057617188;186;
8,52;0,6103675365447998;191,233642578125;230,84909057617188;186;
8,522;0,611237645149231;189,6349639892578;160,21615600585938;186;
8,523;0,6100611686706543;189,6349639892578;160,21615600585938;186;
8,524;0,6140437722206116;189,6349639892578;160,21615600585938;186;
8,525;0,615220308303833;189,6349639892578;160,21615600585938;186;
8,526;0,6143501400947571;188,0297088623047;207,07235717773438;186;
8,528;0,6911957859992981;188,0297088623047;207,07235717773438;186;
8,529;0,6100611686706543;190,80116271972656;184,8496551513672;186;
8,531;0,6915020942687988;190,80116271972656;184,8496551513672;186;
8,532;0,6140437722206116;190,80116271972656;184,8496551513672;186;
8,533;0,6155266165733337;189,98707580566406;200,64454650878906;186;
8,535;0,6915510892868042;189,98707580566406;200,64454650878906;186;
8,536;0,6103675365447998;189,98707580566406;200,64454650878906;186;
8,537;0,611237645149231;188,22842407226562;166,05828857421875;186;
8,538;0,6100611686706543;188,22842407226562;166,05828857421875;186;
8,539;0,6912447214126587;188,22842407226562;166,05828857421875;186;
8,54;0,6155266165733337;190,76333618164062;229,30804443359375;186;
8,541;0,6143501400947571;190,76333618164062;229,30804443359375;186;
8,543;0,6115440130233765;190,76333618164062;229,30804443359375;186;
8,544;0,6103675365447998;190,76333618164062;229,30804443359375;186;
8,545;0,6100611686706543;189,87457275390625;167,9606170654297;186;
8,546;0,6924211978912354;189,87457275390625;167,9606170654297;186;
8,547;0,6140437722206116;189,87457275390625;167,9606170654297;186;
8,548;0,6143501400947571;186,77728271484375;198,78672790527344;186;
8,549;0,6155266165733337;186,77728271484375;198,78672790527344;186;
8,55;0,6900193095207214;186,77728271484375;198,78672790527344;186;
8,551;0,6103675365447998;186,77728271484375;198,78672790527344;186;
8,552;0,611237645149231;190,07342529296875;181,85781860351562;186;
8,553;0,6100611686706543;190,07342529296875;181,85781860351562;186;
8,554;0,6903256773948669;190,07342529296875;181,85781860351562;186;
8,555;0,615220308303833;190,07342529296875;181,85781860351562;186;
8,556;0,6143501400947571;190,39324951171875;210,14892578125;186;
8,558;0,6103675365447998;190,39324951171875;210,14892578125;186;
8,56;0,6100611686706543;187,670166015625;166,12713623046875;186;
8,561;0,611237645149231;187,670166015625;166,12713623046875;186;
8,562;0,6140437722206116;187,670166015625;166,12713623046875;186;
8,563;0,6143501400947571;189,91580200195312;223,2198486328125;186;
8,564;0,6155266165733337;189,91580200195312;223,2198486328125;186;
8,565;0,6906320452690125;189,91580200195312;223,2198486328125;186;
8,566;0,6103675365447998;189,91580200195312;223,2198486328125;186;
8,567;0,611237645149231;190,43849182128906;169,308837890625;186;
8,568;0,6100611686706543;190,43849182128906;169,308837890625;186;
8,569;0,6912447214126587;190,43849182128906;169,308837890625;186;
8,57;0,615220308303833;190,43849182128906;169,308837890625;186;
8,571;0,6143501400947571;188,21737670898438;205,9020538330078;186;
8,573;0,6911957859992981;188,21737670898438;205,9020538330078;186;
8,574;0,6103675365447998;188,21737670898438;205,9020538330078;186;
8,575;0,6100611686706543;188,89382934570312;172,36732482910156;186;
8,576;0,611237645149231;188,89382934570312;172,36732482910156;186;
8,577;0,6140437722206116;188,89382934570312;172,36732482910156;186;
8,578;0,6143501400947571;190,08470153808594;209,85548400878906;186;
8,579;0,6155266165733337;190,08470153808594;209,85548400878906;186;
8,58;0,6915510892868042;190,08470153808594;209,85548400878906;186;
8,581;0,6103675365447998;190,08470153808594;209,85548400878906;186;
8,582;0,6115440130233765;190,08470153808594;209,85548400878906;186;
8,583;0,6100611686706543;188,54205322265625;171,14051818847656;186;
8,584;0,6912447214126587;188,54205322265625;171,14051818847656;186;
8,585;0,615220308303833;188,54205322265625;171,14051818847656;186;
8,586;0,6143501400947571;190,18994140625;227,74427795410156;186;
8,588;0,6918084621429443;190,18994140625;227,74427795410156;186;
8,589;0,6103675365447998;190,18994140625;227,74427795410156;186;
8,59;0,6100611686706543;189,62374877929688;162,7317352294922;186;
8,591;0,611237645149231;189,62374877929688;162,7317352294922;186;
8,592;0,6140437722206116;189,62374877929688;162,7317352294922;186;
8,593;0,6143501400947571;188,353759765625;209,89212036132812;186;
8,594;0,6155266165733337;188,353759765625;209,89212036132812;186;
8,595;0,6143501400947571;188,353759765625;209,89212036132812;186;
8,596;0,6103675365447998;188,353759765625;209,89212036132812;186;
8,597;0,6115440130233765;188,353759765625;209,89212036132812;186;
8,598;0,6100611686706543;189,32887268066406;175,8207244873047;186;
8,599;0,6903256773948669;189,32887268066406;175,8207244873047;186;
8,6;0,615220308303833;189,32887268066406;175,8207244873047;186;
8,601;0,6143501400947571;189,1092529296875;203,8423309326172;186;
8,603;0,6927275657653809;189,1092529296875;203,8423309326172;186;
8,604;0,6103675365447998;189,1092529296875;203,8423309326172;186;
8,605;0,6100611686706543;188,96434020996094;171,40890502929688;186;
8,606;0,611237645149231;188,96434020996094;171,40890502929688;186;
8,607;0,6912447214126587;188,96434020996094;171,40890502929688;186;
8,608;0,6143501400947571;191,38966369628906;236,47955322265625;186;
8,609;0,6155266165733337;191,38966369628906;236,47955322265625;186;
8,61;0,6906320452690125;191,38966369628906;236,47955322265625;186;
8,611;0,6103675365447998;191,38966369628906;236,47955322265625;186;
8,612;0,6115440130233765;191,38966369628906;236,47955322265625;186;
8,613;0,6100611686706543;189,41090393066406;159,24000549316406;186;
8,614;0,6912447214126587;189,41090393066406;159,24000549316406;186;
8,615;0,615220308303833;189,41090393066406;159,24000549316406;186;
8,616;0,6143501400947571;186,8716278076172;201,4176788330078;186;
8,618;0,6911957859992981;186,8716278076172;201,4176788330078;186;
8,619;0,6103675365447998;186,8716278076172;201,4176788330078;186;
8,62;0,6100611686706543;190,0509033203125;184,19827270507812;186;
8,621;0,611237645149231;190,0509033203125;184,19827270507812;186;
8,622;0,6903256773948669;190,0509033203125;184,19827270507812;186;
8,623;0,6140437722206116;190,0509033203125;184,19827270507812;186;
8,624;0,6155266165733337;189,80711364746094;207,53704833984375;186;
8,625;0,6915510892868042;189,80711364746094;207,53704833984375;186;
8,626;0,6103675365447998;189,80711364746094;207,53704833984375;186;
8,627;0,6115440130233765;189,80711364746094;207,53704833984375;186;
8,628;0,6100611686706543;187,86444091796875;163,3064422607422;186;
8,63;0,615220308303833;187,86444091796875;163,3064422607422;186;
8,631;0,6167030930519104;190,6763458251953;233,76669311523438;186;
8,632;0,6143501400947571;190,6763458251953;233,76669311523438;186;
8,633;0,6918084621429443;190,6763458251953;233,76669311523438;186;
8,634;0,6103675365447998;190,6763458251953;233,76669311523438;186;
8,635;0,6100611686706543;189,90455627441406;166,54136657714844;186;
8,636;0,611237645149231;189,90455627441406;166,54136657714844;186;
8,637;0,6912447214126587;189,90455627441406;166,54136657714844;186;
8,638;0,6140437722206116;189,90455627441406;166,54136657714844;186;
8,639;0,6155266165733337;186,53819274902344;200,44383239746094;186;
8,64;0,6143501400947571;186,53819274902344;200,44383239746094;186;
8,641;0,6900193095207214;186,53819274902344;200,44383239746094;186;
8,642;0,6115440130233765;186,53819274902344;200,44383239746094;186;
8,643;0,6100611686706543;189,6761016845703;179,52247619628906;186;
8,645;0,615220308303833;189,6761016845703;179,52247619628906;186;
8,646;0,6143501400947571;190,4912872314453;209,016357421875;186;
8,648;0,6927275657653809;190,4912872314453;209,016357421875;186;
8,649;0,6103675365447998;190,4912872314453;209,016357421875;186;
8,65;0,6100611686706543;190,4912872314453;209,016357421875;186;
8,651;0,611237645149231;188,103271484375;167,72630310058594;186;
8,652;0,6912447214126587;188,103271484375;167,72630310058594;186;
8,653;0,6140437722206116;188,103271484375;167,72630310058594;186;
8,654;0,6155266165733337;189,97207641601562;227,2707061767578;186;
8,655;0,6143501400947571;189,97207641601562;227,2707061767578;186;
8,656;0,6906320452690125;189,97207641601562;227,2707061767578;186;
8,657;0,6115440130233765;189,97207641601562;227,2707061767578;186;
8,658;0,6100611686706543;190,0283660888672;163,63986206054688;186;
8,66;0,615220308303833;190,0283660888672;163,63986206054688;186;
8,661;0,6143501400947571;188,03707885742188;211,703125;186;
8,663;0,6155266165733337;188,03707885742188;211,703125;186;
8,664;0,6103675365447998;188,03707885742188;211,703125;186;
8,665;0,6100611686706543;189,31396484375;174,89993286132812;186;
8,666;0,611237645149231;189,31396484375;174,89993286132812;186;
8,667;0,6903256773948669;189,31396484375;174,89993286132812;186;
8,668;0,6140437722206116;189,31396484375;174,89993286132812;186;
8,669;0,6155266165733337;189,57516479492188;202,81072998046875;186;
8,67;0,6143501400947571;189,57516479492188;202,81072998046875;186;
8,671;0,6915510892868042;189,57516479492188;202,81072998046875;186;
8,672;0,6115440130233765;189,57516479492188;202,81072998046875;186;
8,673;0,6100611686706543;188,74554443359375;173,73728942871094;186;
8,675;0,6924211978912354;188,74554443359375;173,73728942871094;186;
8,676;0,6143501400947571;190,55923461914062;228,26316833496094;186;
8,678;0,6918084621429443;190,55923461914062;228,26316833496094;186;
8,679;0,6103675365447998;190,55923461914062;228,26316833496094;186;
8,681;0,611237645149231;189,29905700683594;160,21615600585938;186;
8,682;0,6912447214126587;189,29905700683594;160,21615600585938;186;
8,683;0,6140437722206116;189,29905700683594;160,21615600585938;186;
8,684;0,6155266165733337;187,29010009765625;206,043212890625;186;
8,685;0,6143501400947571;187,29010009765625;206,043212890625;186;
8,686;0,6900193095207214;187,29010009765625;206,043212890625;186;
8,687;0,6115440130233765;187,29010009765625;206,043212890625;186;
8,688;0,6100611686706543;190,20498657226562;183,2716522216797;186;
8,69;0,6915020942687988;190,20498657226562;183,2716522216797;186;
8,691;0,6140437722206116;190,20498657226562;183,2716522216797;186;
8,692;0,6143501400947571;189,18734741210938;202,0269012451172;186;
8,693;0,6155266165733337;189,18734741210938;202,0269012451172;186;
8,694;0,6103675365447998;189,18734741210938;202,0269012451172;186;
8,696;0,611237645149231;187,9378662109375;166,7030029296875;186;
8,697;0,6100611686706543;187,9378662109375;166,7030029296875;186;
8,698;0,6140437722206116;187,9378662109375;166,7030029296875;186;
8,699;0,6155266165733337;190,99440002441406;235,3223876953125;186;
8,7;0,6143501400947571;190,99440002441406;235,3223876953125;186;
8,701;0,6906320452690125;190,99440002441406;235,3223876953125;186;
8,702;0,6115440130233765;190,99440002441406;235,3223876953125;186;
8,703;0,6100611686706543;189,51539611816406;164,40066528320312;186;
8,705;0,6924211978912354;189,51539611816406;164,40066528320312;186;
8,706;0,6140437722206116;189,51539611816406;164,40066528320312;186;
8,707;0,6143501400947571;186,68301391601562;199,14892578125;186;
8,708;0,6155266165733337;186,68301391601562;199,14892578125;186;
8,709;0,6900193095207214;186,68301391601562;199,14892578125;186;
8,71;0,6103675365447998;186,68301391601562;199,14892578125;186;
8,711;0,611237645149231;189,89706420898438;181,281982421875;186;
8,712;0,6100611686706543;189,89706420898438;181,281982421875;186;
8,713;0,6140437722206116;189,89706420898438;181,281982421875;186;
8,714;0,6155266165733337;190,55923461914062;212,45132446289062;186;
8,715;0,6143501400947571;190,55923461914062;212,45132446289062;186;
8,716;0,6915510892868042;190,55923461914062;212,45132446289062;186;
8,717;0,6115440130233765;190,55923461914062;212,45132446289062;186;
8,718;0,6103675365447998;190,55923461914062;212,45132446289062;186;
8,719;0,6100611686706543;187,5859832763672;163,35081481933594;186;
8,72;0,6924211978912354;187,5859832763672;163,35081481933594;186;
8,721;0,6140437722206116;187,5859832763672;163,35081481933594;186;
8,722;0,6143501400947571;190,41964721679688;231,73902893066406;186;
8,723;0,6155266165733337;190,41964721679688;231,73902893066406;186;
8,724;0,6906320452690125;190,41964721679688;231,73902893066406;186;
8,725;0,6103675365447998;190,41964721679688;231,73902893066406;186;
8,726;0,611237645149231;190,39324951171875;166,54136657714844;186;
8,727;0,6912447214126587;190,39324951171875;166,54136657714844;186;
8,728;0,6140437722206116;190,39324951171875;166,54136657714844;186;
8,729;0,6155266165733337;187,633544921875;205,4446563720703;186;
8,73;0,6143501400947571;187,633544921875;205,4446563720703;186;
8,731;0,6900193095207214;187,633544921875;205,4446563720703;186;
8,732;0,6115440130233765;187,633544921875;205,4446563720703;186;
8,733;0,6100611686706543;189,4929962158203;176,5436248779297;186;
8,735;0,6915020942687988;189,4929962158203;176,5436248779297;186;
8,736;0,6140437722206116;189,4929962158203;176,5436248779297;186;
8,737;0,6143501400947571;190,20498657226562;205,62033081054688;186;
8,738;0,6155266165733337;190,20498657226562;205,62033081054688;186;
8,739;0,6915510892868042;190,20498657226562;205,62033081054688;186;
8,74;0,6103675365447998;190,20498657226562;205,62033081054688;186;
8,741;0,611237645149231;189,0386199951172;173,13682556152344;186;
8,742;0,6100611686706543;189,0386199951172;173,13682556152344;186;
8,743;0,6140437722206116;189,0386199951172;173,13682556152344;186;
8,744;0,6155266165733337;190,44979858398438;227,61492919921875;186;
8,745;0,6143501400947571;190,44979858398438;227,61492919921875;186;
8,746;0,6906320452690125;190,44979858398438;227,61492919921875;186;
8,747;0,6115440130233765;190,44979858398438;227,61492919921875;186;
8,748;0,6103675365447998;190,44979858398438;227,61492919921875;186;
8,749;0,6100611686706543;190,07342529296875;161,1611328125;186;
8,75;0,6924211978912354;190,07342529296875;161,1611328125;186;
8,751;0,6140437722206116;190,07342529296875;161,1611328125;186;
8,752;0,6143501400947571;188,05545043945312;209,78224182128906;186;
8,753;0,6155266165733337;188,05545043945312;209,78224182128906;186;
8,754;0,6900193095207214;188,05545043945312;209,78224182128906;186;
8,755;0,6103675365447998;188,05545043945312;209,78224182128906;186;
8,756;0,611237645149231;189,9608154296875;179,28155517578125;186;
8,757;0,6100611686706543;189,9608154296875;179,28155517578125;186;
8,758;0,6140437722206116;189,9608154296875;179,28155517578125;186;
8,759;0,6155266165733337;189,9608154296875;179,28155517578125;186;
8,76;0,6143501400947571;189,57516479492188;201,8911895751953;186;
8,761;0,6915510892868042;189,57516479492188;201,8911895751953;186;
8,762;0,6115440130233765;189,57516479492188;201,8911895751953;186;
8,763;0,6103675365447998;189,57516479492188;201,8911895751953;186;
8,764;0,6100611686706543;188,85302734375;171,6536407470703;186;
8,765;0,6924211978912354;188,85302734375;171,6536407470703;186;
8,766;0,6140437722206116;188,85302734375;171,6536407470703;186;
8,767;0,6143501400947571;192,05078125;240,50050354003906;186;
8,768;0,6218908429145813;192,05078125;240,50050354003906;186;
8,769;0,6166033148765564;192,05078125;240,50050354003906;186;
8,771;0,6174635887145996;189,5602264404297;158,1507568359375;186;
8,772;0,6100611686706543;189,5602264404297;158,1507568359375;186;
8,773;0,6140437722206116;189,5602264404297;158,1507568359375;186;
8,774;0,615220308303833;189,5602264404297;158,1507568359375;186;
8,775;0,6143501400947571;187,18438720703125;202,87918090820312;186;
8,777;0,6911957859992981;187,18438720703125;202,87918090820312;186;
8,778;0,6103675365447998;187,18438720703125;202,87918090820312;186;
8,779;0,6100611686706543;190,75953674316406;185,04879760742188;186;
8,78;0,6915020942687988;190,75953674316406;185,04879760742188;186;
8,781;0,6140437722206116;190,75953674316406;185,04879760742188;186;
8,782;0,6143501400947571;190,18243408203125;204,32733154296875;186;
8,783;0,6155266165733337;190,18243408203125;204,32733154296875;186;
8,784;0,6915510892868042;190,18243408203125;204,32733154296875;186;
8,785;0,6103675365447998;190,18243408203125;204,32733154296875;186;
8,786;0,611237645149231;187,7984161376953;163,6175994873047;186;
8,787;0,6100611686706543;187,7984161376953;163,6175994873047;186;
8,788;0,6912447214126587;187,7984161376953;163,6175994873047;186;
8,789;0,6155266165733337;190,43849182128906;229,22061157226562;186;
8,79;0,6143501400947571;190,43849182128906;229,22061157226562;186;
8,792;0,6115440130233765;190,43849182128906;229,22061157226562;186;
8,793;0,6103675365447998;190,43849182128906;229,22061157226562;186;
8,794;0,6100611686706543;190,07342529296875;169,308837890625;186;
8,795;0,6924211978912354;190,07342529296875;169,308837890625;186;
8,796;0,6140437722206116;190,07342529296875;169,308837890625;186;
8,797;0,6143501400947571;186,41526794433594;200,64454650878906;186;
8,798;0,6155266165733337;186,41526794433594;200,64454650878906;186;
8,799;0,6900193095207214;186,41526794433594;200,64454650878906;186;
8,8;0,6103675365447998;186,41526794433594;200,64454650878906;186;
8,801;0,611237645149231;189,33633422851562;176,6473846435547;186;
8,802;0,6100611686706543;189,33633422851562;176,6473846435547;186;
8,803;0,6903256773948669;189,33633422851562;176,6473846435547;186;
8,804;0,615220308303833;189,33633422851562;176,6473846435547;186;
8,805;0,6143501400947571;190,21250915527344;211,21961975097656;186;
8,807;0,6927275657653809;190,21250915527344;211,21961975097656;186;
8,808;0,6103675365447998;190,21250915527344;211,21961975097656;186;
8,809;0,6100611686706543;187,72877502441406;167,77310180664062;186;
8,81;0,611237645149231;187,72877502441406;167,77310180664062;186;
8,811;0,6140437722206116;187,72877502441406;167,77310180664062;186;
8,812;0,6143501400947571;190,25013732910156;230,98214721679688;186;
8,813;0,6155266165733337;190,25013732910156;230,98214721679688;186;
8,814;0,6906320452690125;190,25013732910156;230,98214721679688;186;
8,815;0,6103675365447998;190,25013732910156;230,98214721679688;186;
8,816;0,611237645149231;190,25767517089844;163,66213989257812;186;
8,817;0,6100611686706543;190,25767517089844;163,66213989257812;186;
8,818;0,6912447214126587;190,25767517089844;163,66213989257812;186;
8,819;0,615220308303833;190,25767517089844;163,66213989257812;186;
8,82;0,6143501400947571;188,17686462402344;207,14370727539062;186;
8,822;0,6911957859992981;188,17686462402344;207,14370727539062;186;
8,823;0,6103675365447998;188,17686462402344;207,14370727539062;186;
8,824;0,6100611686706543;189,22830200195312;176,36233520507812;186;
8,825;0,611237645149231;189,22830200195312;176,36233520507812;186;
8,826;0,6140437722206116;189,22830200195312;176,36233520507812;186;
8,827;0,6143501400947571;189,43701171875;202,53741455078125;186;
8,828;0,6155266165733337;189,43701171875;202,53741455078125;186;
8,829;0,6915510892868042;189,43701171875;202,53741455078125;186;
8,83;0,6103675365447998;189,43701171875;202,53741455078125;186;
8,831;0,6115440130233765;189,43701171875;202,53741455078125;186;
8,832;0,6100611686706543;188,91238403320312;173,06204223632812;186;
8,833;0,6912447214126587;188,91238403320312;173,06204223632812;186;
8,834;0,615220308303833;188,91238403320312;173,06204223632812;186;
8,835;0,6143501400947571;190,91099548339844;233,04168701171875;186;
8,837;0,6115440130233765;190,91099548339844;233,04168701171875;186;
8,838;0,6103675365447998;190,91099548339844;233,04168701171875;186;
8,839;0,6100611686706543;189,38479614257812;158,77734375;186;
8,84;0,611237645149231;189,38479614257812;158,77734375;186;
8,841;0,6140437722206116;189,38479614257812;158,77734375;186;
8,843;0,6155266165733337;187,26092529296875;207,9678497314453;186;
8,844;0,6143501400947571;187,26092529296875;207,9678497314453;186;
8,845;0,6900193095207214;187,26092529296875;207,9678497314453;186;
8,846;0,6115440130233765;187,26092529296875;207,9678497314453;186;
8,847;0,6100611686706543;189,83334350585938;180,79129028320312;186;
8,848;0,6903256773948669;189,83334350585938;180,79129028320312;186;
8,849;0,615220308303833;189,83334350585938;180,79129028320312;186;
8,85;0,6143501400947571;189,59384155273438;204,8844757080078;186;
8,852;0,6927275657653809;189,59384155273438;204,8844757080078;186;
8,853;0,6103675365447998;189,59384155273438;204,8844757080078;186;
8,854;0,6100611686706543;188,16949462890625;166,95765686035156;186;
8,855;0,611237645149231;188,16949462890625;166,95765686035156;186;
8,856;0,6912447214126587;188,16949462890625;166,95765686035156;186;
8,857;0,6143501400947571;191,42013549804688;237,22613525390625;186;
8,858;0,6155266165733337;191,42013549804688;237,22613525390625;186;
8,859;0,6906320452690125;191,42013549804688;237,22613525390625;186;
8,86;0,6103675365447998;191,42013549804688;237,22613525390625;186;
8,861;0,6115440130233765;191,42013549804688;237,22613525390625;186;
8,862;0,6100611686706543;189,63870239257812;162,05177307128906;186;
8,863;0,6912447214126587;189,63870239257812;162,05177307128906;186;
8,864;0,615220308303833;189,63870239257812;162,05177307128906;186;
8,865;0,6143501400947571;186,69027709960938;201,72183227539062;186;
8,867;0,6911957859992981;186,69027709960938;201,72183227539062;186;
8,868;0,6103675365447998;186,69027709960938;201,72183227539062;186;
8,869;0,6100611686706543;189,3325958251953;175,43588256835938;186;
8,87;0,611237645149231;189,3325958251953;175,43588256835938;186;
8,871;0,6903256773948669;189,3325958251953;175,43588256835938;186;
8,872;0,6140437722206116;189,3325958251953;175,43588256835938;186;
8,873;0,6155266165733337;190,351806640625;218,23597717285156;186;
8,874;0,6143501400947571;190,351806640625;218,23597717285156;186;
8,875;0,6103675365447998;190,351806640625;218,23597717285156;186;
8,876;0,6115440130233765;190,351806640625;218,23597717285156;186;
8,877;0,6100611686706543;187,92684936523438;164,6483154296875;186;
8,879;0,615220308303833;187,92684936523438;164,6483154296875;186;
8,88;0,6143501400947571;190,1110076904297;227,70114135742188;186;
8,882;0,6918084621429443;190,1110076904297;227,70114135742188;186;
8,883;0,6103675365447998;190,1110076904297;227,70114135742188;186;
8,884;0,6100611686706543;190,36309814453125;168,52566528320312;186;
8,885;0,611237645149231;190,36309814453125;168,52566528320312;186;
8,886;0,6912447214126587;190,36309814453125;168,52566528320312;186;
8,887;0,6140437722206116;190,36309814453125;168,52566528320312;186;
8,888;0,6155266165733337;187,2864532470703;203,8423309326172;186;
8,889;0,6143501400947571;187,2864532470703;203,8423309326172;186;
8,89;0,6900193095207214;187,2864532470703;203,8423309326172;186;
8,891;0,6115440130233765;187,2864532470703;203,8423309326172;186;
8,892;0,6100611686706543;189,06463623046875;173,33651733398438;186;
8,894;0,615220308303833;189,06463623046875;173,33651733398438;186;
8,895;0,6143501400947571;190,0283660888672;210,8491973876953;186;
8,897;0,6927275657653809;190,0283660888672;210,8491973876953;186;
8,898;0,6103675365447998;190,0283660888672;210,8491973876953;186;
8,899;0,6100611686706543;189,45193481445312;171,58013916015625;186;
8,9;0,611237645149231;189,45193481445312;171,58013916015625;186;
8,901;0,6912447214126587;189,45193481445312;171,58013916015625;186;
8,902;0,6140437722206116;189,45193481445312;171,58013916015625;186;
8,903;0,6155266165733337;190,15234375;225,90419006347656;186;
8,904;0,6143501400947571;190,15234375;225,90419006347656;186;
8,905;0,6906320452690125;190,15234375;225,90419006347656;186;
8,906;0,6115440130233765;190,15234375;225,90419006347656;186;
8,907;0,6100611686706543;189,65365600585938;161,70303344726562;186;
8,909;0,615220308303833;189,65365600585938;161,70303344726562;186;
8,91;0,6143501400947571;188,11798095703125;211,1454315185547;186;
8,912;0,6155266165733337;188,11798095703125;211,1454315185547;186;
8,913;0,6103675365447998;188,11798095703125;211,1454315185547;186;
8,914;0,6100611686706543;189,54527282714844;178,13929748535156;186;
8,915;0,611237645149231;189,54527282714844;178,13929748535156;186;
8,916;0,6903256773948669;189,54527282714844;178,13929748535156;186;
8,917;0,6140437722206116;189,54527282714844;178,13929748535156;186;
8,918;0,6155266165733337;189,1910858154297;200,61105346679688;186;
8,919;0,6143501400947571;189,1910858154297;200,61105346679688;186;
8,92;0,6915510892868042;189,1910858154297;200,61105346679688;186;
8,921;0,6115440130233765;189,1910858154297;200,61105346679688;186;
8,922;0,6100611686706543;188,86044311523438;171,14051818847656;186;
8,924;0,6924211978912354;188,86044311523438;171,14051818847656;186;
8,925;0,6143501400947571;191,21844482421875;236,94561767578125;186;
8,927;0,6918084621429443;191,21844482421875;236,94561767578125;186;
8,928;0,6103675365447998;191,21844482421875;236,94561767578125;186;
8,93;0,611237645149231;189,15386962890625;159,11355590820312;186;
8,931;0,6912447214126587;189,15386962890625;159,11355590820312;186;
8,932;0,6140437722206116;189,15386962890625;159,11355590820312;186;
8,933;0,6155266165733337;186,79542541503906;201,58653259277344;186;
8,934;0,6143501400947571;186,79542541503906;201,58653259277344;186;
8,935;0,6900193095207214;186,79542541503906;201,58653259277344;186;
8,936;0,6115440130233765;186,79542541503906;201,58653259277344;186;
8,937;0,6100611686706543;189,71725463867188;181,009033203125;186;
8,939;0,6915020942687988;189,71725463867188;181,009033203125;186;
8,94;0,6140437722206116;189,71725463867188;181,009033203125;186;
8,941;0,6143501400947571;189,56394958496094;209,6359405517578;186;
8,942;0,6155266165733337;189,56394958496094;209,6359405517578;186;
8,943;0,6556616425514221;189,56394958496094;209,6359405517578;186;
8,944;0,6103675365447998;189,56394958496094;209,6359405517578;186;
8,945;0,611237645149231;187,49456787109375;164,49063110351562;186;
8,946;0,6100611686706543;187,49456787109375;164,49063110351562;186;
8,947;0,6140437722206116;187,49456787109375;164,49063110351562;186;
8,948;0,6155266165733337;190,3404998779297;230,05397033691406;186;
8,949;0,6143501400947571;190,3404998779297;230,05397033691406;186;
8,95;0,6906320452690125;190,3404998779297;230,05397033691406;186;
8,951;0,6115440130233765;190,3404998779297;230,05397033691406;186;
8,952;0,6100611686706543;189,9195556640625;168,454833984375;186;
8,954;0,6924211978912354;189,9195556640625;168,454833984375;186;
8,955;0,6140437722206116;189,9195556640625;168,454833984375;186;
8,956;0,6143501400947571;186,567138671875;200,91278076171875;186;
8,957;0,6155266165733337;186,567138671875;200,91278076171875;186;
8,958;0,6900193095207214;186,567138671875;200,91278076171875;186;
8,959;0,6103675365447998;186,567138671875;200,91278076171875;186;
8,96;0,611237645149231;189,25436401367188;176,1814422607422;186;
8,961;0,6100611686706543;189,25436401367188;176,1814422607422;186;
8,962;0,6140437722206116;189,25436401367188;176,1814422607422;186;
8,963;0,6155266165733337;190,49884033203125;213,46983337402344;186;
8,964;0,6143501400947571;190,49884033203125;213,46983337402344;186;
8,965;0,6915510892868042;190,49884033203125;213,46983337402344;186;
8,966;0,6115440130233765;190,49884033203125;213,46983337402344;186;
8,967;0,6103675365447998;190,49884033203125;213,46983337402344;186;
8,968;0,6100611686706543;188,5087890625;167,5626678466797;186;
8,969;0,6924211978912354;188,5087890625;167,5626678466797;186;
8,97;0,6140437722206116;188,5087890625;167,5626678466797;186;
8,971;0,6143501400947571;190,17868041992188;227,39967346191406;186;
8,972;0,6155266165733337;190,17868041992188;227,39967346191406;186;
8,973;0,6906320452690125;190,17868041992188;227,39967346191406;186;
8,974;0,6103675365447998;190,17868041992188;227,39967346191406;186;
8,975;0,611237645149231;190,23509216308594;164,82891845703125;186;
8,976;0,6100611686706543;190,23509216308594;164,82891845703125;186;
8,977;0,6140437722206116;190,23509216308594;164,82891845703125;186;
8,978;0,6155266165733337;188,1400604248047;207,68043518066406;186;
8,979;0,6143501400947571;188,1400604248047;207,68043518066406;186;
8,981;0,6115440130233765;188,1400604248047;207,68043518066406;186;
8,982;0,6100611686706543;189,20968627929688;175,56396484375;186;
8,984;0,6915020942687988;189,20968627929688;175,56396484375;186;
8,985;0,6140437722206116;189,20968627929688;175,56396484375;186;
8,986;0,6143501400947571;189,42208862304688;202,84495544433594;186;
8,987;0,6155266165733337;189,42208862304688;202,84495544433594;186;
8,988;0,6915510892868042;189,42208862304688;202,84495544433594;186;
8,989;0,6103675365447998;189,42208862304688;202,84495544433594;186;
8,99;0,611237645149231;189,1129608154297;174,06430053710938;186;
8,991;0,6100611686706543;189,1129608154297;174,06430053710938;186;
8,992;0,6912447214126587;189,1129608154297;174,06430053710938;186;
8,993;0,6155266165733337;191,12344360351562;235,87640380859375;186;
8,994;0,6143501400947571;191,12344360351562;235,87640380859375;186;
8,995;0,6906320452690125;191,12344360351562;235,87640380859375;186;
8,996;0,6115440130233765;191,12344360351562;235,87640380859375;186;
8,997;0,6103675365447998;191,12344360351562;235,87640380859375;186;
8,998;0,6100611686706543;189,4892578125;158,00526428222656;186;
8,999;0,6924211978912354;189,4892578125;158,00526428222656;186;
9;0,6140437722206116;189,4892578125;158,00526428222656;186;
9,001;0,6143501400947571;187,36306762695312;205,0592041015625;186;
9,002;0,6155266165733337;187,36306762695312;205,0592041015625;186;
9,003;0,6900193095207214;187,36306762695312;205,0592041015625;186;
9,004;0,6103675365447998;187,36306762695312;205,0592041015625;186;
9,005;0,611237645149231;190,31036376953125;184,99185180664062;186;
9,006;0,6100611686706543;190,31036376953125;184,99185180664062;186;
9,007;0,6140437722206116;190,31036376953125;184,99185180664062;186;
9,008;0,615220308303833;190,31036376953125;184,99185180664062;186;
9,009;0,6143501400947571;189,65365600585938;201,58653259277344;186;
9,01;0,6912447214126587;189,65365600585938;201,58653259277344;186;
9,011;0,6115440130233765;189,65365600585938;201,58653259277344;186;
9,012;0,6103675365447998;189,65365600585938;201,58653259277344;186;
9,013;0,6100611686706543;188,41647338867188;167,4226531982422;186;
9,014;0,611237645149231;188,41647338867188;167,4226531982422;186;
9,015;0,6140437722206116;188,41647338867188;167,4226531982422;186;
9,016;0,6143501400947571;191,67190551757812;237,6011962890625;186;
9,017;0,6155266165733337;191,67190551757812;237,6011962890625;186;
9,018;0,6906320452690125;191,67190551757812;237,6011962890625;186;
9,019;0,6103675365447998;191,67190551757812;237,6011962890625;186;
9,02;0,611237645149231;189,7696533203125;162,24859619140625;186;
9,021;0,6100611686706543;189,7696533203125;162,24859619140625;186;
9,022;0,6140437722206116;189,7696533203125;162,24859619140625;186;
9,023;0,615220308303833;189,7696533203125;162,24859619140625;186;
9,024;0,6143501400947571;186,40443420410156;199,97706604003906;186;
9,026;0,6911957859992981;186,40443420410156;199,97706604003906;186;
9,027;0,6103675365447998;186,40443420410156;199,97706604003906;186;
9,028;0,6100611686706543;189,818359375;179,95240783691406;186;
9,029;0,611237645149231;189,818359375;179,95240783691406;186;
9,03;0,6140437722206116;189,818359375;179,95240783691406;186;
9,031;0,6143501400947571;190,6309814453125;212,90280151367188;186;
9,032;0,6155266165733337;190,6309814453125;212,90280151367188;186;
9,033;0,6915510892868042;190,6309814453125;212,90280151367188;186;
9,034;0,6103675365447998;190,6309814453125;212,90280151367188;186;
9,035;0,611237645149231;187,75442504882812;165,32757568359375;186;
9,036;0,6100611686706543;187,75442504882812;165,32757568359375;186;
9,037;0,6912447214126587;187,75442504882812;165,32757568359375;186;
9,038;0,615220308303833;187,75442504882812;165,32757568359375;186;
9,039;0,6143501400947571;190,24636840820312;227,14190673828125;186;
9,041;0,6918084621429443;190,24636840820312;227,14190673828125;186;
9,042;0,6103675365447998;190,24636840820312;227,14190673828125;186;
9,043;0,6100611686706543;190,2689666748047;167,5626678466797;186;
9,044;0,6924211978912354;190,2689666748047;167,5626678466797;186;
9,045;0,6140437722206116;190,2689666748047;167,5626678466797;186;
9,046;0,6143501400947571;187,34848022460938;205,58517456054688;186;
9,047;0,6155266165733337;187,34848022460938;205,58517456054688;186;
9,048;0,6900193095207214;187,34848022460938;205,58517456054688;186;
9,049;0,6103675365447998;187,34848022460938;205,58517456054688;186;
9,05;0,611237645149231;189,02005004882812;172,838134765625;186;
9,051;0,6100611686706543;189,02005004882812;172,838134765625;186;
9,052;0,6903256773948669;189,02005004882812;172,838134765625;186;
9,053;0,615220308303833;189,02005004882812;172,838134765625;186;
9,054;0,6143501400947571;190,27272033691406;211,7777099609375;186;
9,056;0,6927275657653809;190,27272033691406;211,7777099609375;186;
9,057;0,6103675365447998;190,27272033691406;211,7777099609375;186;
9,058;0,6100611686706543;189,01632690429688;171,3356170654297;186;
9,059;0,611237645149231;189,01632690429688;171,3356170654297;186;
9,06;0,6140437722206116;189,01632690429688;171,3356170654297;186;
9,061;0,6143501400947571;190,7028045654297;231,33770751953125;186;
9,062;0,6155266165733337;190,7028045654297;231,33770751953125;186;
9,063;0,6906320452690125;190,7028045654297;231,33770751953125;186;
9,064;0,6103675365447998;190,7028045654297;231,33770751953125;186;
9,065;0,6115440130233765;190,7028045654297;231,33770751953125;186;
9,066;0,6100611686706543;189,85955810546875;160,38714599609375;186;
9,067;0,6912447214126587;189,85955810546875;160,38714599609375;186;
9,068;0,615220308303833;189,85955810546875;160,38714599609375;186;
9,069;0,6143501400947571;188,18423461914062;209,30746459960938;186;
9,071;0,6911957859992981;188,18423461914062;209,30746459960938;186;
9,072;0,6103675365447998;188,18423461914062;209,30746459960938;186;
9,073;0,6100611686706543;190,06967163085938;180,30325317382812;186;
9,074;0,611237645149231;190,06967163085938;180,30325317382812;186;
9,075;0,6140437722206116;190,06967163085938;180,30325317382812;186;
9,076;0,6143501400947571;190,06967163085938;180,30325317382812;186;
9,077;0,6155266165733337;189,43328857421875;199,77767944335938;186;
9,078;0,6915510892868042;189,43328857421875;199,77767944335938;186;
9,079;0,6103675365447998;189,43328857421875;199,77767944335938;186;
9,08;0,6115440130233765;189,43328857421875;199,77767944335938;186;
9,081;0,6100611686706543;189,11666870117188;170,75161743164062;186;
9,082;0,6912447214126587;189,11666870117188;170,75161743164062;186;
9,083;0,615220308303833;189,11666870117188;170,75161743164062;186;
9,084;0,6143501400947571;191,33636474609375;236,340087890625;186;
9,086;0,6918084621429443;191,33636474609375;236,340087890625;186;
9,087;0,6103675365447998;191,33636474609375;236,340087890625;186;
9,088;0,6100611686706543;189,69482421875;161,33413696289062;186;
9,089;0,611237645149231;189,69482421875;161,33413696289062;186;
9,09;0,6140437722206116;189,69482421875;161,33413696289062;186;
9,092;0,6155266165733337;187,0533447265625;203,32522583007812;186;
9,093;0,6143501400947571;187,0533447265625;203,32522583007812;186;
9,094;0,6900193095207214;187,0533447265625;203,32522583007812;186;
9,095;0,6115440130233765;187,0533447265625;203,32522583007812;186;
9,096;0,6100611686706543;189,99082946777344;179,41531372070312;186;
9,097;0,6903256773948669;189,99082946777344;179,41531372070312;186;
9,098;0,615220308303833;189,99082946777344;179,41531372070312;186;
9,099;0,6143501400947571;190,33297729492188;212,67681884765625;186;
9,101;0,6927275657653809;190,33297729492188;212,67681884765625;186;
9,102;0,6103675365447998;190,33297729492188;212,67681884765625;186;
9,103;0,6100611686706543;187,84243774414062;163,840576171875;186;
9,104;0,611237645149231;187,84243774414062;163,840576171875;186;
9,105;0,6912447214126587;187,84243774414062;163,840576171875;186;
9,106;0,6143501400947571;190,9488983154297;231,87310791015625;186;
9,107;0,6155266165733337;190,9488983154297;231,87310791015625;186;
9,108;0,6143501400947571;190,9488983154297;231,87310791015625;186;
9,109;0,6103675365447998;190,9488983154297;231,87310791015625;186;
9,11;0,6115440130233765;190,9488983154297;231,87310791015625;186;
9,111;0,6100611686706543;190,74063110351562;169,42813110351562;186;
9,112;0,6912447214126587;190,74063110351562;169,42813110351562;186;
9,113;0,615220308303833;190,74063110351562;169,42813110351562;186;
9,114;0,6143501400947571;187,28280639648438;199,77767944335938;186;
9,116;0,6911957859992981;187,28280639648438;199,77767944335938;186;
9,117;0,6103675365447998;187,28280639648438;199,77767944335938;186;
9,118;0,6100611686706543;189,67236328125;176,67333984375;186;
9,119;0,611237645149231;189,67236328125;176,67333984375;186;
9,12;0,6903256773948669;189,67236328125;176,67333984375;186;
9,121;0,6140437722206116;189,67236328125;176,67333984375;186;
9,122;0,6155266165733337;190,87689208984375;214,95835876464844;186;
9,123;0,6143501400947571;190,87689208984375;214,95835876464844;186;
9,124;0,6103675365447998;190,87689208984375;214,95835876464844;186;
9,125;0,6115440130233765;190,87689208984375;214,95835876464844;186;
9,126;0,6100611686706543;189,13526916503906;167,79652404785156;186;
9,128;0,615220308303833;189,13526916503906;167,79652404785156;186;
9,129;0,6143501400947571;190,58187866210938;228,26316833496094;186;
9,131;0,6918084621429443;190,58187866210938;228,26316833496094;186;
9,132;0,6103675365447998;190,58187866210938;228,26316833496094;186;
9,133;0,6100611686706543;190,76710510253906;164,94198608398438;186;
9,134;0,611237645149231;190,76710510253906;164,94198608398438;186;
9,135;0,6912447214126587;190,76710510253906;164,94198608398438;186;
9,136;0,6140437722206116;190,76710510253906;164,94198608398438;186;
9,137;0,6155266165733337;188,75296020507812;210,07550048828125;186;
9,138;0,6143501400947571;188,75296020507812;210,07550048828125;186;
9,139;0,6900193095207214;188,75296020507812;210,07550048828125;186;
9,14;0,6115440130233765;188,75296020507812;210,07550048828125;186;
9,141;0,6100611686706543;189,90081787109375;177,1157989501953;186;
9,142;0,6903256773948669;189,90081787109375;177,1157989501953;186;
9,143;0,615220308303833;189,90081787109375;177,1157989501953;186;
9,144;0,6143501400947571;189,94204711914062;200,1435089111328;186;
9,146;0,6927275657653809;189,94204711914062;200,1435089111328;186;
9,147;0,6103675365447998;189,94204711914062;200,1435089111328;186;
9,148;0,6100611686706543;189,67236328125;174,82362365722656;186;
9,149;0,611237645149231;189,67236328125;174,82362365722656;186;
9,15;0,6912447214126587;189,67236328125;174,82362365722656;186;
9,151;0,6143501400947571;191,17662048339844;231,47132873535156;186;
9,152;0,6155266165733337;191,17662048339844;231,47132873535156;186;
9,153;0,6143501400947571;191,17662048339844;231,47132873535156;186;
9,154;0,6103675365447998;191,17662048339844;231,47132873535156;186;
9,155;0,6115440130233765;191,17662048339844;231,47132873535156;186;
9,156;0,6100611686706543;189,77340698242188;159,51467895507812;186;
9,157;0,6912447214126587;189,77340698242188;159,51467895507812;186;
9,158;0,6140437722206116;189,77340698242188;159,51467895507812;186;
9,159;0,6143501400947571;187,80209350585938;207,3223114013672;186;
9,161;0,6155266165733337;187,80209350585938;207,3223114013672;186;
9,162;0,6103675365447998;187,80209350585938;207,3223114013672;186;
9,163;0,6100611686706543;190,66500854492188;184,39602661132812;186;
9,164;0,611237645149231;190,66500854492188;184,39602661132812;186;
9,165;0,6903256773948669;190,66500854492188;184,39602661132812;186;
9,166;0,6140437722206116;190,66500854492188;184,39602661132812;186;
9,167;0,6155266165733337;189,6686248779297;200,778564453125;186;
9,168;0,6143501400947571;189,6686248779297;200,778564453125;186;
9,169;0,6915510892868042;189,6686248779297;200,778564453125;186;
9,17;0,6115440130233765;189,6686248779297;200,778564453125;186;
9,171;0,6100611686706543;187,9635772705078;165,87501525878906;186;
9,173;0,6924211978912354;187,9635772705078;165,87501525878906;186;
9,174;0,6143501400947571;191,46205139160156;237,0390625;186;
9,176;0,6918084621429443;191,46205139160156;237,0390625;186;
9,177;0,6103675365447998;191,46205139160156;237,0390625;186;
9,179;0,611237645149231;189,53781127929688;162,75376892089844;186;
9,18;0,6912447214126587;189,53781127929688;162,75376892089844;186;
9,181;0,6140437722206116;189,53781127929688;162,75376892089844;186;
9,182;0,6155266165733337;186,50564575195312;199,74449157714844;186;
9,183;0,6143501400947571;186,50564575195312;199,74449157714844;186;
9,184;0,6900193095207214;186,50564575195312;199,74449157714844;186;
9,185;0,6115440130233765;186,50564575195312;199,74449157714844;186;
9,186;0,6100611686706543;189,90830993652344;181,8028106689453;186;
9,188;0,6915020942687988;189,90830993652344;181,8028106689453;186;
9,189;0,6143501400947571;190,25767517089844;210,70138549804688;186;
9,191;0,6927275657653809;190,25767517089844;210,70138549804688;186;
9,192;0,6103675365447998;190,25767517089844;210,70138549804688;186;
9,194;0,611237645149231;187,3886260986328;164,82891845703125;186;
9,195;0,6912447214126587;187,3886260986328;164,82891845703125;186;
9,196;0,6140437722206116;187,3886260986328;164,82891845703125;186;
9,197;0,6155266165733337;190,26519775390625;230,6719207763672;186;
9,198;0,6143501400947571;190,26519775390625;230,6719207763672;186;
9,199;0,6906320452690125;190,26519775390625;230,6719207763672;186;
9,2;0,6115440130233765;190,26519775390625;230,6719207763672;186;
9,201;0,6100611686706543;190,49884033203125;167,30615234375;186;
9,203;0,615220308303833;190,49884033203125;167,30615234375;186;
9,204;0,6140437722206116;190,49884033203125;167,30615234375;186;
9,205;0,6143501400947571;187,34848022460938;203,05050659179688;186;
9,206;0,6155266165733337;187,34848022460938;203,05050659179688;186;
9,207;0,6900193095207214;187,34848022460938;203,05050659179688;186;
9,208;0,6103675365447998;187,34848022460938;203,05050659179688;186;
9,209;0,611237645149231;189,3325958251953;175,538330078125;186;
9,21;0,6903256773948669;189,3325958251953;175,538330078125;186;
9,211;0,6140437722206116;189,3325958251953;175,538330078125;186;
9,212;0,6155266165733337;190,05841064453125;206,3969268798828;186;
9,213;0,6143501400947571;190,05841064453125;206,3969268798828;186;
9,214;0,6915510892868042;190,05841064453125;206,3969268798828;186;
9,215;0,6115440130233765;190,05841064453125;206,3969268798828;186;
9,216;0,6100611686706543;188,7566680908203;172,68917846679688;186;
9,218;0,6924211978912354;188,7566680908203;172,68917846679688;186;
9,219;0,6143501400947571;190,17115783691406;225,69215393066406;186;
9,221;0,6155266165733337;190,17115783691406;225,69215393066406;186;
9,222;0,6103675365447998;190,17115783691406;225,69215393066406;186;
9,224;0,611237645149231;189,51539611816406;160,96694946289062;186;
9,225;0,6100611686706543;189,51539611816406;160,96694946289062;186;
9,226;0,6140437722206116;189,51539611816406;160,96694946289062;186;
9,227;0,6155266165733337;187,721435546875;211,03424072265625;186;
9,228;0,6143501400947571;187,721435546875;211,03424072265625;186;
9,23;0,6115440130233765;187,721435546875;211,03424072265625;186;
9,231;0,6100611686706543;189,48179626464844;179,1746826171875;186;
9,233;0,6915020942687988;189,48179626464844;179,1746826171875;186;
9,234;0,6140437722206116;189,48179626464844;179,1746826171875;186;
9,235;0,6143501400947571;189,00148010253906;198,72100830078125;186;
9,236;0,6155266165733337;189,00148010253906;198,72100830078125;186;
9,237;0,6915510892868042;189,00148010253906;198,72100830078125;186;
9,238;0,6103675365447998;189,00148010253906;198,72100830078125;186;
9,239;0,611237645149231;188,420166015625;171,60462951660156;186;
9,24;0,6100611686706543;188,420166015625;171,60462951660156;186;
9,241;0,6912447214126587;188,420166015625;171,60462951660156;186;
9,242;0,6135353446006775;191,33636474609375;238,2132110595703;186;
9,243;0,6123588681221008;191,33636474609375;238,2132110595703;186;
9,244;0,6886407136917114;191,33636474609375;238,2132110595703;186;
9,245;0,6095527410507202;191,33636474609375;238,2132110595703;186;
9,246;0,6083762645721436;191,33636474609375;238,2132110595703;186;
9,247;0,6100611686706543;189,13526916503906;159,3032989501953;186;
9,248;0,6924211978912354;189,13526916503906;159,3032989501953;186;
9,249;0,6140437722206116;189,13526916503906;159,3032989501953;186;
9,25;0,6143501400947571;186,64317321777344;200,1768341064453;186;
9,251;0,6155266165733337;186,64317321777344;200,1768341064453;186;
9,252;0,6900193095207214;186,64317321777344;200,1768341064453;186;
9,253;0,6103675365447998;186,64317321777344;200,1768341064453;186;
9,254;0,611237645149231;189,91580200195312;182,68682861328125;186;
9,255;0,6100611686706543;189,91580200195312;182,68682861328125;186;
9,256;0,6903256773948669;189,91580200195312;182,68682861328125;186;
9,257;0,6155266165733337;189,69854736328125;208,90740966796875;186;
9,258;0,6143501400947571;189,69854736328125;208,90740966796875;186;
9,259;0,6915510892868042;189,69854736328125;208,90740966796875;186;
9,26;0,6115440130233765;189,69854736328125;208,90740966796875;186;
9,261;0,6103675365447998;189,69854736328125;208,90740966796875;186;
9,262;0,6100611686706543;187,39227294921875;163,92991638183594;186;
9,263;0,6924211978912354;187,39227294921875;163,92991638183594;186;
9,264;0,6140437722206116;187,39227294921875;163,92991638183594;186;
9,265;0,6143501400947571;190,41209411621094;229,61459350585938;186;
9,266;0,6155266165733337;190,41209411621094;229,61459350585938;186;
9,267;0,6906320452690125;190,41209411621094;229,61459350585938;186;
9,268;0,6103675365447998;190,41209411621094;229,61459350585938;186;
9,269;0,611237645149231;189,87081909179688;168,14854431152344;186;
9,27;0,6100611686706543;189,87081909179688;168,14854431152344;186;
9,271;0,6140437722206116;189,87081909179688;168,14854431152344;186;
9,272;0,615220308303833;189,87081909179688;168,14854431152344;186;
9,273;0,6143501400947571;186,40443420410156;200,74505615234375;186;
9,275;0,6911957859992981;186,40443420410156;200,74505615234375;186;
9,276;0,328014612197876;186,40443420410156;200,74505615234375;186;
9,277;0,6100611686706543;188,19895935058594;170,4127655029297;186;
9,278;0,611237645149231;188,19895935058594;170,4127655029297;186;
9,279;0,6140437722206116;188,19895935058594;170,4127655029297;186;
9,28;0,6143501400947571;190,20498657226562;219,91258239746094;186;
9,281;0,6155266165733337;190,20498657226562;219,91258239746094;186;
9,282;0,6915510892868042;190,20498657226562;219,91258239746094;186;
9,283;0,6103675365447998;190,20498657226562;219,91258239746094;186;
9,284;0,611237645149231;187,98562622070312;167,4926300048828;186;
9,285;0,6100611686706543;187,98562622070312;167,4926300048828;186;
9,286;0,6912447214126587;187,98562622070312;167,4926300048828;186;
9,287;0,615220308303833;187,98562622070312;167,4926300048828;186;
9,288;0,6143501400947571;188,98291015625;219,19088745117188;186;
9,29;0,6918084621429443;188,98291015625;219,19088745117188;186;
9,291;0,6103675365447998;188,98291015625;219,19088745117188;186;
9,292;0,6100611686706543;189,96456909179688;170,02716064453125;186;
9,293;0,611237645149231;189,96456909179688;170,02716064453125;186;
9,294;0,6140437722206116;189,96456909179688;170,02716064453125;186;
9,295;0,6143501400947571;187,95989990234375;208,14785766601562;186;
9,296;0,6155266165733337;187,95989990234375;208,14785766601562;186;
9,297;0,6900193095207214;187,95989990234375;208,14785766601562;186;
9,298;0,6103675365447998;187,95989990234375;208,14785766601562;186;
9,299;0,611237645149231;188,660400390625;172,7388153076172;186;
9,3;0,6100611686706543;188,660400390625;172,7388153076172;186;
9,301;0,6903256773948669;188,660400390625;172,7388153076172;186;
9,302;0,615220308303833;188,660400390625;172,7388153076172;186;
9,303;0,6143501400947571;189,11666870117188;204,95433044433594;186;
9,305;0,6927275657653809;189,11666870117188;204,95433044433594;186;
9,306;0,6103675365447998;189,11666870117188;204,95433044433594;186;
9,307;0,6100611686706543;189,6686248779297;174,06430053710938;186;
9,308;0,611237645149231;189,6686248779297;174,06430053710938;186;
9,309;0,6912447214126587;189,6686248779297;174,06430053710938;186;
9,31;0,6143501400947571;190,74818420410156;232,096923828125;186;
9,311;0,6155266165733337;190,74818420410156;232,096923828125;186;
9,312;0,6906320452690125;190,74818420410156;232,096923828125;186;
9,313;0,6103675365447998;190,74818420410156;232,096923828125;186;
9,314;0,6115440130233765;190,74818420410156;232,096923828125;186;
9,315;0,6100611686706543;189,13526916503906;158,02603149414062;186;
9,316;0,6912447214126587;189,13526916503906;158,02603149414062;186;
9,317;0,615220308303833;189,13526916503906;158,02603149414062;186;
9,318;0,6143501400947571;188,00030517578125;207,57286071777344;186;
9,32;0,6911957859992981;188,00030517578125;207,57286071777344;186;
9,321;0,6103675365447998;188,00030517578125;207,57286071777344;186;
9,322;0,6100611686706543;189,9120635986328;183,3834686279297;186;
9,323;0,611237645149231;189,9120635986328;183,3834686279297;186;
9,324;0,6140437722206116;189,9120635986328;183,3834686279297;186;
9,325;0,6143501400947571;189,34005737304688;202,7765350341797;186;
9,326;0,6155266165733337;189,34005737304688;202,7765350341797;186;
9,327;0,6915510892868042;189,34005737304688;202,7765350341797;186;
9,328;0,6103675365447998;189,34005737304688;202,7765350341797;186;
9,329;0,6115440130233765;189,34005737304688;202,7765350341797;186;
9,33;0,6100611686706543;188,20632934570312;165,46408081054688;186;
9,332;0,615220308303833;188,20632934570312;165,46408081054688;186;
9,333;0,6143501400947571;191,5039825439453;241,1275634765625;186;
9,335;0,6918084621429443;191,5039825439453;241,1275634765625;186;
9,336;0,6103675365447998;191,5039825439453;241,1275634765625;186;
9,337;0,6100611686706543;189,65740966796875;162,5557098388672;186;
9,338;0,6912447214126587;189,65740966796875;162,5557098388672;186;
9,339;0,6140437722206116;189,65740966796875;162,5557098388672;186;
9,341;0,6155266165733337;186,7265167236328;201,18174743652344;186;
9,342;0,6143501400947571;186,7265167236328;201,18174743652344;186;
9,343;0,6900193095207214;186,7265167236328;201,18174743652344;186;
9,344;0,6115440130233765;186,7265167236328;201,18174743652344;186;
9,345;0,6100611686706543;190,38571166992188;181,66546630859375;186;
9,346;0,6903256773948669;190,38571166992188;181,66546630859375;186;
9,347;0,615220308303833;190,38571166992188;181,66546630859375;186;
9,348;0,6143501400947571;190,57810974121094;209,41683959960938;186;
9,35;0,6927275657653809;190,57810974121094;209,41683959960938;186;
9,351;0,6103675365447998;190,57810974121094;209,41683959960938;186;
9,352;0,6100611686706543;187,61524963378906;163,50633239746094;186;
9,353;0,611237645149231;187,61524963378906;163,50633239746094;186;
9,354;0,6912447214126587;187,61524963378906;163,50633239746094;186;
9,355;0,6140437722206116;187,61524963378906;163,50633239746094;186;
9,356;0,6155266165733337;189,79214477539062;225,10055541992188;186;
9,357;0,6143501400947571;189,79214477539062;225,10055541992188;186;
9,358;0,6906320452690125;189,79214477539062;225,10055541992188;186;
9,359;0,6115440130233765;189,79214477539062;225,10055541992188;186;
9,36;0,6100611686706543;190,61587524414062;170,60623168945312;186;
9,361;0,6912447214126587;190,61587524414062;170,60623168945312;186;
9,362;0,615220308303833;190,61587524414062;170,60623168945312;186;
9,363;0,6143501400947571;187,33023071289062;204,77978515625;186;
9,365;0,6911957859992981;187,33023071289062;204,77978515625;186;
9,366;0,6103675365447998;187,33023071289062;204,77978515625;186;
9,367;0,6100611686706543;189,18734741210938;174,44313049316406;186;
9,368;0,611237645149231;189,18734741210938;174,44313049316406;186;
9,369;0,6903256773948669;189,18734741210938;174,44313049316406;186;
9,37;0,6140437722206116;189,18734741210938;174,44313049316406;186;
9,371;0,6155266165733337;189,84083557128906;207,25082397460938;186;
9,372;0,6143501400947571;189,84083557128906;207,25082397460938;186;
9,373;0,6915510892868042;189,84083557128906;207,25082397460938;186;
9,374;0,6115440130233765;189,84083557128906;207,25082397460938;186;
9,375;0,6100611686706543;188,479248046875;172,14520263671875;186;
9,377;0,615220308303833;188,479248046875;172,14520263671875;186;
9,378;0,6143501400947571;189,85581970214844;223,84324645996094;186;
9,38;0,6918084621429443;189,85581970214844;223,84324645996094;186;
9,381;0,6103675365447998;189,85581970214844;223,84324645996094;186;
9,383;0,611237645149231;189,79962158203125;163,1734619140625;186;
9,384;0,6912447214126587;189,79962158203125;163,1734619140625;186;
9,385;0,6140437722206116;189,79962158203125;163,1734619140625;186;
9,386;0,6155266165733337;188,3980255126953;210,2592010498047;186;
9,387;0,6143501400947571;188,3980255126953;210,2592010498047;186;
9,388;0,6900193095207214;188,3980255126953;210,2592010498047;186;
9,389;0,6115440130233765;188,3980255126953;210,2592010498047;186;
9,39;0,6100611686706543;189,6274871826172;179,0146026611328;186;
9,392;0,615220308303833;189,6274871826172;179,0146026611328;186;
9,393;0,6143501400947571;189,12783813476562;200,2101593017578;186;
9,395;0,6927275657653809;189,12783813476562;200,2101593017578;186;
9,396;0,6103675365447998;189,12783813476562;200,2101593017578;186;
9,398;0,611237645149231;188,69371032714844;171,53118896484375;186;
9,399;0,6912447214126587;188,69371032714844;171,53118896484375;186;
9,4;0,6140437722206116;188,69371032714844;171,53118896484375;186;
9,401;0,6155266165733337;191,6146240234375;239,3037567138672;186;
9,402;0,6143501400947571;191,6146240234375;239,3037567138672;186;
9,403;0,6103675365447998;191,6146240234375;239,3037567138672;186;
9,404;0,6115440130233765;191,6146240234375;239,3037567138672;186;
9,405;0,6100611686706543;189,48553466796875;159,28219604492188;186;
9,407;0,615220308303833;189,48553466796875;159,28219604492188;186;
9,408;0,6140437722206116;189,48553466796875;159,28219604492188;186;
9,409;0,6143501400947571;187,3886260986328;202,4351043701172;186;
9,41;0,6155266165733337;187,3886260986328;202,4351043701172;186;
9,411;0,6900193095207214;187,3886260986328;202,4351043701172;186;
9,412;0,6100611686706543;190,72549438476562;185,821044921875;186;
9,413;0,611237645149231;190,72549438476562;185,821044921875;186;
9,414;0,6903256773948669;190,72549438476562;185,821044921875;186;
9,415;0,6140437722206116;190,72549438476562;185,821044921875;186;
9,416;0,6155266165733337;190,07717895507812;204,11920166015625;186;
9,417;0,6143501400947571;190,07717895507812;204,11920166015625;186;
9,418;0,6915510892868042;190,07717895507812;204,11920166015625;186;
9,419;0,6115440130233765;190,07717895507812;204,11920166015625;186;
9,42;0,6100611686706543;187,98562622070312;165,1685791015625;186;
9,422;0,6924211978912354;187,98562622070312;165,1685791015625;186;
9,423;0,6143501400947571;190,38571166992188;224,30262756347656;186;
9,425;0,6155266165733337;190,38571166992188;224,30262756347656;186;
9,426;0,6103675365447998;190,38571166992188;224,30262756347656;186;
9,428;0,611237645149231;190,17115783691406;170,14747619628906;186;
9,429;0,6912447214126587;190,17115783691406;170,14747619628906;186;
9,43;0,6140437722206116;190,17115783691406;170,14747619628906;186;
9,431;0,6155266165733337;186,5924835205078;200,5775909423828;186;
9,432;0,6143501400947571;186,5924835205078;200,5775909423828;186;
9,433;0,6900193095207214;186,5924835205078;200,5775909423828;186;
9,434;0,6115440130233765;186,5924835205078;200,5775909423828;186;
9,435;0,6100611686706543;189,80337524414062;180,08718872070312;186;
9,437;0,6915020942687988;189,80337524414062;180,08718872070312;186;
9,438;0,6140437722206116;189,80337524414062;180,08718872070312;186;
9,439;0,6143501400947571;190,51394653320312;209,08905029296875;186;
9,44;0,6155266165733337;190,51394653320312;209,08905029296875;186;
9,441;0,6103675365447998;190,51394653320312;209,08905029296875;186;
9,443;0,611237645149231;187,9525604248047;167,9606170654297;186;
9,444;0,6100611686706543;187,9525604248047;167,9606170654297;186;
9,445;0,671690821647644;187,9525604248047;167,9606170654297;186;
9,446;0,6155266165733337;189,975830078125;224,93209838867188;186;
9,447;0,6143501400947571;189,975830078125;224,93209838867188;186;
9,448;0,6906320452690125;189,975830078125;224,93209838867188;186;
9,449;0,6138969659805298;189,975830078125;224,93209838867188;186;
9,45;0,6100611686706543;190,1598663330078;166,28797912597656;186;
9,452;0,6924211978912354;190,1598663330078;166,28797912597656;186;
9,453;0,6140437722206116;190,1598663330078;166,28797912597656;186;
9,454;0,6143501400947571;188,660400390625;208,65359497070312;186;
9,455;0,6155266165733337;188,660400390625;208,65359497070312;186;
9,456;0,6900193095207214;188,660400390625;208,65359497070312;186;
9,457;0,6103675365447998;188,660400390625;208,65359497070312;186;
9,458;0,611237645149231;189,59011840820312;176,38821411132812;186;
9,459;0,6100611686706543;189,59011840820312;176,38821411132812;186;
9,46;0,6140437722206116;189,59011840820312;176,38821411132812;186;
9,461;0,6155266165733337;190,0997314453125;205,23422241210938;186;
9,462;0,6143501400947571;190,0997314453125;205,23422241210938;186;
9,463;0,6915510892868042;190,0997314453125;205,23422241210938;186;
9,464;0,6115440130233765;190,0997314453125;205,23422241210938;186;
9,465;0,6100611686706543;189,08692932128906;173,06204223632812;186;
9,467;0,6924211978912354;189,08692932128906;173,06204223632812;186;
9,468;0,6140437722206116;189,08692932128906;173,06204223632812;186;
9,469;0,6143501400947571;191,2450408935547;232,27627563476562;186;
9,47;0,6155266165733337;191,2450408935547;232,27627563476562;186;
9,471;0,6103675365447998;191,2450408935547;232,27627563476562;186;
9,473;0,611237645149231;189,893310546875;159,96035766601562;186;
9,474;0,6100611686706543;189,893310546875;159,96035766601562;186;
9,475;0,6140437722206116;189,893310546875;159,96035766601562;186;
9,476;0,6155266165733337;188,03338623046875;205,65550231933594;186;
9,477;0,6143501400947571;188,03338623046875;205,65550231933594;186;
9,479;0,6115440130233765;188,03338623046875;205,65550231933594;186;
9,48;0,6100611686706543;190,29531860351562;181,5557403564453;186;
9,482;0,6915020942687988;190,29531860351562;181,5557403564453;186;
9,483;0,6140437722206116;190,29531860351562;181,5557403564453;186;
9,484;0,6143501400947571;189,77340698242188;203,7386932373047;186;
9,485;0,6155266165733337;189,77340698242188;203,7386932373047;186;
9,486;0,6915510892868042;189,77340698242188;203,7386932373047;186;
9,487;0,6103675365447998;189,77340698242188;203,7386932373047;186;
9,488;0,611237645149231;188,3943328857422;167,2828826904297;186;
9,489;0,6100611686706543;188,3943328857422;167,2828826904297;186;
9,49;0,6912447214126587;188,3943328857422;167,2828826904297;186;
9,491;0,6155266165733337;191,0816650390625;233,90313720703125;186;
9,492;0,6143501400947571;191,0816650390625;233,90313720703125;186;
9,493;0,6906320452690125;191,0816650390625;233,90313720703125;186;
9,494;0,6115440130233765;191,0816650390625;233,90313720703125;186;
9,495;0,6103675365447998;191,0816650390625;233,90313720703125;186;
9,496;0,6100611686706543;189,96456909179688;165,98951721191406;186;
9,497;0,6924211978912354;189,96456909179688;165,98951721191406;186;
9,498;0,6140437722206116;189,96456909179688;165,98951721191406;186;
9,499;0,6143501400947571;186,7301483154297;198,6225128173828;186;
9,5;0,6155266165733337;186,7301483154297;198,6225128173828;186;
9,501;0,6900193095207214;186,7301483154297;198,6225128173828;186;
9,502;0,6103675365447998;186,7301483154297;198,6225128173828;186;
9,503;0,611237645149231;190,33297729492188;183,80401611328125;186;
9,504;0,6100611686706543;190,33297729492188;183,80401611328125;186;
9,505;0,6903256773948669;190,33297729492188;183,80401611328125;186;
9,506;0,6155266165733337;190,58566284179688;208,03981018066406;186;
9,507;0,6143501400947571;190,58566284179688;208,03981018066406;186;
9,508;0,6915510892868042;190,58566284179688;208,03981018066406;186;
9,509;0,6115440130233765;190,58566284179688;208,03981018066406;186;
9,51;0,6103675365447998;190,58566284179688;208,03981018066406;186;
9,511;0,6100611686706543;188,00765991210938;164,37818908691406;186;
9,512;0,6924211978912354;188,00765991210938;164,37818908691406;186;
9,513;0,6140437722206116;188,00765991210938;164,37818908691406;186;
9,514;0,6143501400947571;190,22756958007812;226,6708221435547;186;
9,515;0,6155266165733337;190,22756958007812;226,6708221435547;186;
9,516;0,6906320452690125;190,22756958007812;226,6708221435547;186;
9,517;0,6103675365447998;190,22756958007812;226,6708221435547;186;
9,518;0,611237645149231;190,40455627441406;168,38404846191406;186;
9,519;0,6100611686706543;190,40455627441406;168,38404846191406;186;
9,52;0,6912447214126587;190,40455627441406;168,38404846191406;186;
9,521;0,615220308303833;190,40455627441406;168,38404846191406;186;
9,522;0,6143501400947571;187,54574584960938;203,42845153808594;186;
9,524;0,6911957859992981;187,54574584960938;203,42845153808594;186;
9,525;0,6103675365447998;187,54574584960938;203,42845153808594;186;
9,526;0,6100611686706543;188,87158203125;174,67123413085938;186;
9,527;0,611237645149231;188,87158203125;174,67123413085938;186;
9,528;0,6163967251777649;188,87158203125;174,67123413085938;186;
9,529;0,6143501400947571;189,94955444335938;208,58120727539062;186;
9,53;0,6155266165733337;189,94955444335938;208,58120727539062;186;
9,531;0,6915510892868042;189,94955444335938;208,58120727539062;186;
9,532;0,6103675365447998;189,94955444335938;208,58120727539062;186;
9,533;0,611237645149231;188,320556640625;172,26852416992188;186;
9,534;0,6100611686706543;188,320556640625;172,26852416992188;186;
9,535;0,6912447214126587;188,320556640625;172,26852416992188;186;
9,536;0,6155266165733337;190,325439453125;229,3955535888672;186;
9,537;0,6143501400947571;190,325439453125;229,3955535888672;186;
9,539;0,6115440130233765;190,325439453125;229,3955535888672;186;
9,54;0,6103675365447998;190,325439453125;229,3955535888672;186;
9,541;0,6100611686706543;189,71351623535156;160,79470825195312;186;
9,542;0,6924211978912354;189,71351623535156;160,79470825195312;186;
9,543;0,6140437722206116;189,71351623535156;160,79470825195312;186;
9,544;0,6143501400947571;188,00030517578125;208,5088653564453;186;
9,545;0,6155266165733337;188,00030517578125;208,5088653564453;186;
9,546;0,6143501400947571;188,00030517578125;208,5088653564453;186;
9,547;0,6103675365447998;188,00030517578125;208,5088653564453;186;
9,548;0,611237645149231;189,5789031982422;179,0679168701172;186;
9,549;0,6100611686706543;189,5789031982422;179,0679168701172;186;
9,55;0,6903256773948669;189,5789031982422;179,0679168701172;186;
9,551;0,615220308303833;189,5789031982422;179,0679168701172;186;
9,552;0,6143501400947571;189,34378051757812;201,28277587890625;186;
9,554;0,6927275657653809;189,34378051757812;201,28277587890625;186;
9,555;0,6103675365447998;189,34378051757812;201,28277587890625;186;
9,556;0,6100611686706543;188,6715087890625;170,19564819335938;186;
9,557;0,611237645149231;188,6715087890625;170,19564819335938;186;
9,558;0,6912447214126587;188,6715087890625;170,19564819335938;186;
9,559;0,6123588681221008;191,29830932617188;237,41351318359375;186;
9,56;0,6135353446006775;191,29830932617188;237,41351318359375;186;
9,561;0,6886407136917114;191,29830932617188;237,41351318359375;186;
9,562;0,6083762645721436;191,29830932617188;237,41351318359375;186;
9,563;0,6095527410507202;191,29830932617188;237,41351318359375;186;
9,564;0,6100611686706543;189,05349731445312;158,69351196289062;186;
9,565;0,6912447214126587;189,05349731445312;158,69351196289062;186;
9,566;0,615220308303833;189,05349731445312;158,69351196289062;186;
9,567;0,6143501400947571;186,62506103515625;203,669677734375;186;
9,569;0,6911957859992981;186,62506103515625;203,669677734375;186;
9,57;0,6103675365447998;186,62506103515625;203,669677734375;186;
9,571;0,6100611686706543;189,66488647460938;180,7641143798828;186;
9,572;0,611237645149231;189,66488647460938;180,7641143798828;186;
9,573;0,6903256773948669;189,66488647460938;180,7641143798828;186;
9,574;0,6143501400947571;189,68359375;208,6898193359375;186;
9,575;0,6155266165733337;189,68359375;208,6898193359375;186;
9,576;0,6915510892868042;189,68359375;208,6898193359375;186;
9,577;0,6103675365447998;189,68359375;208,6898193359375;186;
9,578;0,6115440130233765;189,68359375;208,6898193359375;186;
9,579;0,6100611686706543;187,47264099121094;164,4231414794922;186;
9,581;0,615220308303833;187,47264099121094;164,4231414794922;186;
9,582;0,6143501400947571;190,19371032714844;229,48312377929688;186;
9,584;0,6918084621429443;190,19371032714844;229,48312377929688;186;
9,585;0,6103675365447998;190,19371032714844;229,48312377929688;186;
9,586;0,6100611686706543;189,9120635986328;168,4076385498047;186;
9,587;0,611237645149231;189,9120635986328;168,4076385498047;186;
9,588;0,6140437722206116;189,9120635986328;168,4076385498047;186;
9,59;0,6155266165733337;186,5020294189453;200,71153259277344;186;
9,591;0,6143501400947571;186,5020294189453;200,71153259277344;186;
9,592;0,6900193095207214;186,5020294189453;200,71153259277344;186;
9,593;0,6586028337478638;186,5020294189453;200,71153259277344;186;
9,594;0,6100611686706543;189,46685791015625;177,61294555664062;186;
9,596;0,615220308303833;189,46685791015625;177,61294555664062;186;
9,597;0,6143501400947571;190,26144409179688;211,25672912597656;186;
9,599;0,6927275657653809;190,26144409179688;211,25672912597656;186;
9,6;0,6103675365447998;190,26144409179688;211,25672912597656;186;
9,601;0,6100611686706543;188,4127960205078;168,2191162109375;186;
9,602;0,611237645149231;188,4127960205078;168,2191162109375;186;
9,603;0,6912447214126587;188,4127960205078;168,2191162109375;186;
9,604;0,6140437722206116;188,4127960205078;168,2191162109375;186;
9,605;0,6155266165733337;190,06967163085938;226,15916442871094;186;
9,606;0,6143501400947571;190,06967163085938;226,15916442871094;186;
9,607;0,6103675365447998;190,06967163085938;226,15916442871094;186;
9,608;0,6115440130233765;190,06967163085938;226,15916442871094;186;
9,609;0,6100611686706543;190,18994140625;165,14588928222656;186;
9,61;0,6912447214126587;190,18994140625;165,14588928222656;186;
9,611;0,615220308303833;190,18994140625;165,14588928222656;186;
9,612;0,6143501400947571;188,5014190673828;211,21961975097656;186;
9,614;0,6911957859992981;188,5014190673828;211,21961975097656;186;
9,615;0,6103675365447998;188,5014190673828;211,21961975097656;186;
9,616;0,6100611686706543;189,1910858154297;172,91270446777344;186;
9,617;0,611237645149231;189,1910858154297;172,91270446777344;186;
9,618;0,6903256773948669;189,1910858154297;172,91270446777344;186;
9,619;0,6140437722206116;189,1910858154297;172,91270446777344;186;
9,62;0,6155266165733337;189,81460571289062;206,46780395507812;186;
9,621;0,6143501400947571;189,81460571289062;206,46780395507812;186;
9,622;0,6915510892868042;189,81460571289062;206,46780395507812;186;
9,623;0,6115440130233765;189,81460571289062;206,46780395507812;186;
9,624;0,6100611686706543;188,8975372314453;171,3844757080078;186;
9,626;0,615220308303833;188,8975372314453;171,3844757080078;186;
9,627;0,6143501400947571;190,47242736816406;228,1332244873047;186;
9,629;0,6918084621429443;190,47242736816406;228,1332244873047;186;
9,63;0,6103675365447998;190,47242736816406;228,1332244873047;186;
9,632;0,611237645149231;189,37733459472656;161,6160888671875;186;
9,633;0,6912447214126587;189,37733459472656;161,6160888671875;186;
9,634;0,6140437722206116;189,37733459472656;161,6160888671875;186;
9,635;0,6155266165733337;187,45802307128906;206,00790405273438;186;
9,636;0,6143501400947571;187,45802307128906;206,00790405273438;186;
9,637;0,6900193095207214;187,45802307128906;206,00790405273438;186;
9,638;0,6115440130233765;187,45802307128906;206,00790405273438;186;
9,639;0,6100611686706543;190,46112060546875;185,7923126220703;186;
9,641;0,615220308303833;190,46112060546875;185,7923126220703;186;
9,642;0,6143501400947571;189,2804412841797;200,1435089111328;186;
9,644;0,6927275657653809;189,2804412841797;200,1435089111328;186;
9,645;0,6103675365447998;189,2804412841797;200,1435089111328;186;
9,647;0,611237645149231;188,27999877929688;166,4491424560547;186;
9,648;0,6100611686706543;188,27999877929688;166,4491424560547;186;
9,649;0,6140437722206116;188,27999877929688;166,4491424560547;186;
9,65;0,6155266165733337;190,62721252441406;231,47132873535156;186;
9,651;0,6143501400947571;190,62721252441406;231,47132873535156;186;
9,652;0,6906320452690125;190,62721252441406;231,47132873535156;186;
9,653;0,6115440130233765;190,62721252441406;231,47132873535156;186;
9,654;0,6100611686706543;189,70228576660156;165,57803344726562;186;
9,656;0,615220308303833;189,70228576660156;165,57803344726562;186;
9,657;0,6140437722206116;189,70228576660156;165,57803344726562;186;
9,658;0,6143501400947571;186,92247009277344;199,5786895751953;186;
9,659;0,6155266165733337;186,92247009277344;199,5786895751953;186;
9,66;0,6900193095207214;186,92247009277344;199,5786895751953;186;
9,661;0,6103675365447998;186,92247009277344;199,5786895751953;186;
9,662;0,611237645149231;189,78839111328125;180,46563720703125;186;
9,663;0,6903256773948669;189,78839111328125;180,46563720703125;186;
9,664;0,6140437722206116;189,78839111328125;180,46563720703125;186;
9,665;0,6155266165733337;190,26519775390625;210,5906524658203;186;
9,666;0,6143501400947571;190,26519775390625;210,5906524658203;186;
9,667;0,6915510892868042;190,26519775390625;210,5906524658203;186;
9,668;0,6115440130233765;190,26519775390625;210,5906524658203;186;
9,669;0,6100611686706543;187,33023071289062;165,53244018554688;186;
9,671;0,6924211978912354;187,33023071289062;165,53244018554688;186;
9,672;0,6140437722206116;187,33023071289062;165,53244018554688;186;
9,673;0,6143501400947571;189,85206604003906;225,77691650390625;186;
9,674;0,6155266165733337;189,85206604003906;225,77691650390625;186;
9,675;0,6103675365447998;189,85206604003906;225,77691650390625;186;
9,677;0,611237645149231;190,26144409179688;168,99945068359375;186;
9,678;0,6912447214126587;190,26144409179688;168,99945068359375;186;
9,679;0,6140437722206116;190,26144409179688;168,99945068359375;186;
9,68;0,6155266165733337;187,77276611328125;205,02423095703125;186;
9,681;0,6143501400947571;187,77276611328125;205,02423095703125;186;
9,682;0,6900193095207214;187,77276611328125;205,02423095703125;186;
9,683;0,6115440130233765;187,77276611328125;205,02423095703125;186;
9,684;0,6100611686706543;188,80113220214844;172,19451904296875;186;
9,686;0,6915020942687988;188,80113220214844;172,19451904296875;186;
9,687;0,6140437722206116;188,80113220214844;172,19451904296875;186;
9,688;0,6143501400947571;189,85206604003906;209,38037109375;186;
9,689;0,6155266165733337;189,85206604003906;209,38037109375;186;
9,69;0,6915510892868042;189,85206604003906;209,38037109375;186;
9,691;0,6103675365447998;189,85206604003906;209,38037109375;186;
9,692;0,611237645149231;188,69371032714844;172,41676330566406;186;
9,693;0,6100611686706543;188,69371032714844;172,41676330566406;186;
9,694;0,6140437722206116;188,69371032714844;172,41676330566406;186;
9,695;0,6155266165733337;190,69525146484375;232,36607360839844;186;
9,696;0,6143501400947571;190,69525146484375;232,36607360839844;186;
9,697;0,6906320452690125;190,69525146484375;232,36607360839844;186;
9,698;0,6115440130233765;190,69525146484375;232,36607360839844;186;
9,699;0,6100611686706543;190,69525146484375;232,36607360839844;186;
9,7;0,6100611686706543;189,69107055664062;159,6629638671875;186;
9,701;0,6924211978912354;189,69107055664062;159,6629638671875;186;
9,702;0,6140437722206116;189,69107055664062;159,6629638671875;186;
9,703;0,6143501400947571;188,17686462402344;209,7090606689453;186;
9,704;0,6155266165733337;188,17686462402344;209,7090606689453;186;
9,705;0,6900193095207214;188,17686462402344;209,7090606689453;186;
9,706;0,6103675365447998;188,17686462402344;209,7090606689453;186;
9,707;0,611237645149231;189,35122680664062;176,88128662109375;186;
9,708;0,6100611686706543;189,35122680664062;176,88128662109375;186;
9,709;0,6140437722206116;189,35122680664062;176,88128662109375;186;
9,71;0,6155266165733337;189,4258270263672;205,72589111328125;186;
9,711;0,6143501400947571;189,4258270263672;205,72589111328125;186;
9,712;0,6915510892868042;189,4258270263672;205,72589111328125;186;
9,713;0,6115440130233765;189,4258270263672;205,72589111328125;186;
9,714;0,6103675365447998;189,4258270263672;205,72589111328125;186;
9,715;0,6100611686706543;189,38479614257812;171,92364501953125;186;
9,716;0,6924211978912354;189,38479614257812;171,92364501953125;186;
9,717;0,6140437722206116;189,38479614257812;171,92364501953125;186;
9,718;0,6143501400947571;191,97796630859375;237,78916931152344;186;
9,719;0,6155266165733337;191,97796630859375;237,78916931152344;186;
9,72;0,6103675365447998;191,97796630859375;237,78916931152344;186;
9,722;0,611237645149231;189,82958984375;159,45120239257812;186;
9,723;0,6100611686706543;189,82958984375;159,45120239257812;186;
9,724;0,6140437722206116;189,82958984375;159,45120239257812;186;
9,725;0,615220308303833;189,82958984375;159,45120239257812;186;
9,726;0,6143501400947571;187,151611328125;203,80776977539062;186;
9,728;0,6911957859992981;187,151611328125;203,80776977539062;186;
9,729;0,6100611686706543;190,89962768554688;184,3677520751953;186;
9,731;0,6915020942687988;190,89962768554688;184,3677520751953;186;
9,732;0,6140437722206116;190,89962768554688;184,3677520751953;186;
9,733;0,6143501400947571;190,5932159423828;206,7874298095703;186;
9,734;0,6155266165733337;190,5932159423828;206,7874298095703;186;
9,735;0,6915510892868042;190,5932159423828;206,7874298095703;186;
9,736;0,6103675365447998;190,5932159423828;206,7874298095703;186;
9,737;0,611237645149231;188,70111083984375;164,6257781982422;186;
9,738;0,6100611686706543;188,70111083984375;164,6257781982422;186;
9,739;0,6912447214126587;188,70111083984375;164,6257781982422;186;
9,74;0,6155266165733337;190,4422607421875;223,55189514160156;186;
9,741;0,6143501400947571;190,4422607421875;223,55189514160156;186;
9,743;0,6115440130233765;190,4422607421875;223,55189514160156;186;
9,744;0,6103675365447998;190,4422607421875;223,55189514160156;186;
9,745;0,6100611686706543;190,54412841796875;172,59002685546875;186;
9,746;0,6924211978912354;190,54412841796875;172,59002685546875;186;
9,747;0,6140437722206116;190,54412841796875;172,59002685546875;186;
9,748;0,6143501400947571;187,2390594482422;202,16278076171875;186;
9,749;0,6155266165733337;187,2390594482422;202,16278076171875;186;
9,75;0,6900193095207214;187,2390594482422;202,16278076171875;186;
9,751;0,6103675365447998;187,2390594482422;202,16278076171875;186;
9,752;0,611237645149231;189,57516479492188;174,06430053710938;186;
9,753;0,6100611686706543;189,57516479492188;174,06430053710938;186;
9,754;0,6903256773948669;189,57516479492188;174,06430053710938;186;
9,755;0,6155266165733337;189,57516479492188;174,06430053710938;186;
9,756;0,6143501400947571;190,8579559326172;216,31198120117188;186;
9,758;0,6115440130233765;190,8579559326172;216,31198120117188;186;
9,759;0,6103675365447998;190,8579559326172;216,31198120117188;186;
9,76;0,6100611686706543;188,46817016601562;167,9136962890625;186;
9,761;0,6924211978912354;188,46817016601562;167,9136962890625;186;
9,762;0,6140437722206116;188,46817016601562;167,9136962890625;186;
9,763;0,6143501400947571;190,15234375;224,2189483642578;186;
9,764;0,6155266165733337;190,15234375;224,2189483642578;186;
9,765;0,6906320452690125;190,15234375;224,2189483642578;186;
9,766;0,6103675365447998;190,15234375;224,2189483642578;186;
9,767;0,611237645149231;190,634765625;167,5626678466797;186;
9,768;0,6100611686706543;190,634765625;167,5626678466797;186;
9,769;0,6912447214126587;190,634765625;167,5626678466797;186;
9,77;0,615220308303833;190,634765625;167,5626678466797;186;
9,771;0,6143501400947571;189,369873046875;210,36956787109375;186;
9,773;0,6115440130233765;189,369873046875;210,36956787109375;186;
9,774;0,6103675365447998;189,369873046875;210,36956787109375;186;
9,775;0,6100611686706543;189,8258514404297;175,6665802001953;186;
9,776;0,6915020942687988;189,8258514404297;175,6665802001953;186;
9,777;0,6140437722206116;189,8258514404297;175,6665802001953;186;
9,778;0,6143501400947571;189,82958984375;202,19679260253906;186;
9,779;0,6155266165733337;189,82958984375;202,19679260253906;186;
9,78;0,6915510892868042;189,82958984375;202,19679260253906;186;
9,781;0,6103675365447998;189,82958984375;202,19679260253906;186;
9,782;0,611237645149231;189,83709716796875;174,1147003173828;186;
9,783;0,6100611686706543;189,83709716796875;174,1147003173828;186;
9,784;0,6912447214126587;189,83709716796875;174,1147003173828;186;
9,785;0,6155266165733337;190,89962768554688;227,873779296875;186;
9,786;0,6143501400947571;190,89962768554688;227,873779296875;186;
9,787;0,6906320452690125;190,89962768554688;227,873779296875;186;
9,788;0,6115440130233765;190,89962768554688;227,873779296875;186;
9,789;0,6103675365447998;190,89962768554688;227,873779296875;186;
9,79;0,6100611686706543;189,84458923339844;161,5943603515625;186;
9,791;0,6924211978912354;189,84458923339844;161,5943603515625;186;
9,792;0,6140437722206116;189,84458923339844;161,5943603515625;186;
9,793;0,6143501400947571;188,07015991210938;205,86679077148438;186;
9,794;0,6155266165733337;188,07015991210938;205,86679077148438;186;
9,795;0,6900193095207214;188,07015991210938;205,86679077148438;186;
9,796;0,6103675365447998;188,07015991210938;205,86679077148438;186;
9,797;0,611237645149231;190,47998046875;184,1700439453125;186;
9,798;0,6100611686706543;190,47998046875;184,1700439453125;186;
9,799;0,6903256773948669;190,47998046875;184,1700439453125;186;
9,8;0,615220308303833;190,47998046875;184,1700439453125;186;
9,801;0,6143501400947571;189,58636474609375;201,9590301513672;186;
9,803;0,6115440130233765;189,58636474609375;201,9590301513672;186;
9,804;0,6103675365447998;189,58636474609375;201,9590301513672;186;
9,805;0,6100611686706543;188,27999877929688;167,0736541748047;186;
9,806;0,611237645149231;188,27999877929688;167,0736541748047;186;
9,807;0,6912447214126587;188,27999877929688;167,0736541748047;186;
9,808;0,6143501400947571;191,40870666503906;235,2303009033203;186;
9,809;0,6155266165733337;191,40870666503906;235,2303009033203;186;
9,81;0,6906320452690125;191,40870666503906;235,2303009033203;186;
9,811;0,6103675365447998;191,40870666503906;235,2303009033203;186;
9,812;0,611237645149231;189,90081787109375;164,60324096679688;186;
9,813;0,6100611686706543;189,90081787109375;164,60324096679688;186;
9,814;0,6912447214126587;189,90081787109375;164,60324096679688;186;
9,815;0,615220308303833;189,90081787109375;164,60324096679688;186;
9,816;0,6143501400947571;187,08609008789062;199,11593627929688;186;
9,818;0,6911957859992981;187,08609008789062;199,11593627929688;186;
9,819;0,6103675365447998;187,08609008789062;199,11593627929688;186;
9,82;0,6100611686706543;190,0884552001953;181,39138793945312;186;
9,821;0,611237645149231;190,0884552001953;181,39138793945312;186;
9,822;0,6140437722206116;190,0884552001953;181,39138793945312;186;
9,823;0,6143501400947571;190,76710510253906;212,41378784179688;186;
9,824;0,6155266165733337;190,76710510253906;212,41378784179688;186;
9,825;0,6915510892868042;190,76710510253906;212,41378784179688;186;
9,826;0,6103675365447998;190,76710510253906;212,41378784179688;186;
9,827;0,6115440130233765;190,76710510253906;212,41378784179688;186;
9,828;0,6100611686706543;187,88279724121094;164,6483154296875;186;
9,829;0,6912447214126587;187,88279724121094;164,6483154296875;186;
9,83;0,615220308303833;187,88279724121094;164,6483154296875;186;
9,831;0,6143501400947571;190,5177001953125;229,22061157226562;186;
9,833;0,6918084621429443;190,5177001953125;229,22061157226562;186;
9,834;0,6103675365447998;190,5177001953125;229,22061157226562;186;
9,835;0,6100611686706543;190,54034423828125;167,2130889892578;186;
9,836;0,611237645149231;190,54034423828125;167,2130889892578;186;
9,837;0,6140437722206116;190,54034423828125;167,2130889892578;186;
9,838;0,6143501400947571;187,886474609375;206,43235778808594;186;
9,839;0,6155266165733337;187,886474609375;206,43235778808594;186;
9,84;0,6143501400947571;187,886474609375;206,43235778808594;186;
9,841;0,6103675365447998;187,886474609375;206,43235778808594;186;
9,842;0,6115440130233765;187,886474609375;206,43235778808594;186;
9,843;0,6100611686706543;189,35122680664062;174,0391082763672;186;
9,844;0,6903256773948669;189,35122680664062;174,0391082763672;186;
9,845;0,615220308303833;189,35122680664062;174,0391082763672;186;
9,846;0,6143501400947571;190,32920837402344;208,11184692382812;186;
9,848;0,6927275657653809;190,32920837402344;208,11184692382812;186;
9,849;0,6103675365447998;190,32920837402344;208,11184692382812;186;
9,85;0,6100611686706543;188,96804809570312;171,9482421875;186;
9,851;0,611237645149231;188,96804809570312;171,9482421875;186;
9,852;0,6912447214126587;188,96804809570312;171,9482421875;186;
9,853;0,6143501400947571;190,30284118652344;226,71356201171875;186;
9,854;0,6155266165733337;190,30284118652344;226,71356201171875;186;
9,855;0,6906320452690125;190,30284118652344;226,71356201171875;186;
9,856;0,6103675365447998;190,30284118652344;226,71356201171875;186;
9,857;0,6115440130233765;190,30284118652344;226,71356201171875;186;
9,858;0,6100611686706543;189,62002563476562;160,64431762695312;186;
9,859;0,6912447214126587;189,62002563476562;160,64431762695312;186;
9,86;0,615220308303833;189,62002563476562;160,64431762695312;186;
9,861;0,6143501400947571;187,98928833007812;211,4796905517578;186;
9,863;0,6911957859992981;187,98928833007812;211,4796905517578;186;
9,864;0,6103675365447998;187,98928833007812;211,4796905517578;186;
9,865;0,6100611686706543;189,73971557617188;178,9613037109375;186;
9,866;0,611237645149231;189,73971557617188;178,9613037109375;186;
9,867;0,6903256773948669;189,73971557617188;178,9613037109375;186;
9,868;0,6140437722206116;189,73971557617188;178,9613037109375;186;
9,869;0,6155266165733337;189,12783813476562;200,778564453125;186;
9,87;0,6143501400947571;189,12783813476562;200,778564453125;186;
9,871;0,6103675365447998;189,12783813476562;200,778564453125;186;
9,872;0,6115440130233765;189,12783813476562;200,778564453125;186;
9,873;0,6100611686706543;188,54205322265625;170,14747619628906;186;
9,875;0,615220308303833;188,54205322265625;170,14747619628906;186;
9,876;0,6143501400947571;191,39727783203125;239,68540954589844;186;
9,878;0,6918084621429443;191,39727783203125;239,68540954589844;186;
9,879;0,6103675365447998;191,39727783203125;239,68540954589844;186;
9,88;0,6100611686706543;189,19479370117188;158,67257690429688;186;
9,881;0,611237645149231;189,19479370117188;158,67257690429688;186;
9,882;0,6912447214126587;189,19479370117188;158,67257690429688;186;
9,883;0,6140437722206116;189,19479370117188;158,67257690429688;186;
9,884;0,6155266165733337;186,8716278076172;202,571533203125;186;
9,885;0,6143501400947571;186,8716278076172;202,571533203125;186;
9,886;0,6900193095207214;186,8716278076172;202,571533203125;186;
9,887;0,6115440130233765;186,8716278076172;202,571533203125;186;
9,888;0,6100611686706543;190,57432556152344;185,4197998046875;186;
9,889;0,6903256773948669;190,57432556152344;185,4197998046875;186;
9,89;0,615220308303833;190,57432556152344;185,4197998046875;186;
9,891;0,6143501400947571;189,81085205078125;204,18853759765625;186;
9,893;0,6927275657653809;189,81085205078125;204,18853759765625;186;
9,894;0,6103675365447998;189,81085205078125;204,18853759765625;186;
9,896;0,611237645149231;187,5018768310547;163,75131225585938;186;
9,897;0,6912447214126587;187,5018768310547;163,75131225585938;186;
9,898;0,6140437722206116;187,5018768310547;163,75131225585938;186;
9,899;0,6155266165733337;190,46112060546875;231,6051025390625;186;
9,9;0,6143501400947571;190,46112060546875;231,6051025390625;186;
9,901;0,6906320452690125;190,46112060546875;231,6051025390625;186;
9,902;0,6115440130233765;190,46112060546875;231,6051025390625;186;
9,903;0,6100611686706543;190,12979125976562;168,05453491210938;186;
9,904;0,6912447214126587;190,12979125976562;168,05453491210938;186;
9,905;0,615220308303833;190,12979125976562;168,05453491210938;186;
9,906;0,6143501400947571;186,42250061035156;199,64498901367188;186;
9,908;0,6155266165733337;186,42250061035156;199,64498901367188;186;
9,909;0,6103675365447998;186,42250061035156;199,64498901367188;186;
9,91;0,6100611686706543;189,56768798828125;178,8814239501953;186;
9,911;0,611237645149231;189,56768798828125;178,8814239501953;186;
9,912;0,6903256773948669;189,56768798828125;178,8814239501953;186;
9,913;0,6140437722206116;189,56768798828125;178,8814239501953;186;
9,914;0,6155266165733337;190,20875549316406;208,58120727539062;186;
9,915;0,6143501400947571;190,20875549316406;208,58120727539062;186;
9,916;0,6915510892868042;190,20875549316406;208,58120727539062;186;
9,917;0,6115440130233765;190,20875549316406;208,58120727539062;186;
9,918;0,6100611686706543;187,83509826660156;168,78591918945312;186;
9,92;0,6924211978912354;187,83509826660156;168,78591918945312;186;
9,921;0,6143501400947571;189,818359375;224,59593200683594;186;
9,923;0,6918084621429443;189,818359375;224,59593200683594;186;
9,924;0,6103675365447998;189,818359375;224,59593200683594;186;
9,926;0,611237645149231;190,09597778320312;165,41854858398438;186;
9,927;0,6912447214126587;190,09597778320312;165,41854858398438;186;
9,928;0,6140437722206116;190,09597778320312;165,41854858398438;186;
9,929;0,6155266165733337;187,95989990234375;208,5088653564453;186;
9,93;0,6143501400947571;187,95989990234375;208,5088653564453;186;
9,931;0,6900193095207214;187,95989990234375;208,5088653564453;186;
9,932;0,6115440130233765;187,95989990234375;208,5088653564453;186;
9,933;0,6100611686706543;188,7233428955078;173,06204223632812;186;
9,935;0,6915020942687988;188,7233428955078;173,06204223632812;186;
9,936;0,6140437722206116;188,7233428955078;173,06204223632812;186;
9,937;0,6143501400947571;189,3251495361328;205,16416931152344;186;
9,938;0,6155266165733337;189,3251495361328;205,16416931152344;186;
9,939;0,6915510892868042;189,3251495361328;205,16416931152344;186;
9,94;0,6127204895019531;189,3251495361328;205,16416931152344;186;
9,941;0,611237645149231;188,45339965820312;172,838134765625;186;
9,942;0,6100611686706543;188,45339965820312;172,838134765625;186;
9,943;0,6140437722206116;188,45339965820312;172,838134765625;186;
9,944;0,6155266165733337;190,64610290527344;232,23141479492188;186;
9,945;0,6143501400947571;190,64610290527344;232,23141479492188;186;
9,946;0,6906320452690125;190,64610290527344;232,23141479492188;186;
9,947;0,6115440130233765;190,64610290527344;232,23141479492188;186;
9,948;0,6100611686706543;189,15386962890625;159,85401916503906;186;
9,95;0,6924211978912354;189,15386962890625;159,85401916503906;186;
9,951;0,6140437722206116;189,15386962890625;159,85401916503906;186;
9,952;0,6143501400947571;187,3375244140625;205,65550231933594;186;
9,953;0,6155266165733337;187,3375244140625;205,65550231933594;186;
9,954;0,6900193095207214;187,3375244140625;205,65550231933594;186;
9,955;0,6103675365447998;187,3375244140625;205,65550231933594;186;
9,956;0,611237645149231;190,13731384277344;184,62255859375;186;
9,957;0,6903256773948669;190,13731384277344;184,62255859375;186;
9,958;0,6140437722206116;190,13731384277344;184,62255859375;186;
9,959;0,6155266165733337;189,4258270263672;201,8572998046875;186;
9,96;0,6143501400947571;189,4258270263672;201,8572998046875;186;
9,961;0,6915510892868042;189,4258270263672;201,8572998046875;186;
9,962;0,6115440130233765;189,4258270263672;201,8572998046875;186;
9,963;0,6103675365447998;189,4258270263672;201,8572998046875;186;
9,964;0,6100611686706543;188,32424926757812;165,9665985107422;186;
9,965;0,6924211978912354;188,32424926757812;165,9665985107422;186;
9,966;0,6140437722206116;188,32424926757812;165,9665985107422;186;
9,967;0,6143501400947571;191,33636474609375;237,78916931152344;186;
9,968;0,6155266165733337;191,33636474609375;237,78916931152344;186;
9,969;0,6103675365447998;191,33636474609375;237,78916931152344;186;
9,971;0,611237645149231;189,9270477294922;164,04176330566406;186;
9,972;0,6912447214126587;189,9270477294922;164,04176330566406;186;
9,973;0,6140437722206116;189,9270477294922;164,04176330566406;186;
9,974;0,6155266165733337;186,849853515625;200,0103302001953;186;
9,975;0,6143501400947571;186,849853515625;200,0103302001953;186;
9,977;0,6115440130233765;186,849853515625;200,0103302001953;186;
9,978;0,6100611686706543;190,3141326904297;182,6035919189453;186;
9,98;0,6915020942687988;190,3141326904297;182,6035919189453;186;
9,981;0,6140437722206116;190,3141326904297;182,6035919189453;186;
9,982;0,6143501400947571;190,64610290527344;208,79855346679688;186;
9,984;0,6915510892868042;190,64610290527344;208,79855346679688;186;
9,985;0,6103675365447998;190,64610290527344;208,79855346679688;186;
9,986;0,611237645149231;187,78741455078125;165,14588928222656;186;
9,987;0,6100611686706543;187,78741455078125;165,14588928222656;186;
9,988;0,6912447214126587;187,78741455078125;165,14588928222656;186;
9,989;0,6155266165733337;190,4573516845703;229,5269317626953;186;
9,99;0,6143501400947571;190,4573516845703;229,5269317626953;186;
9,991;0,6906320452690125;190,4573516845703;229,5269317626953;186;
9,992;0,6115440130233765;190,4573516845703;229,5269317626953;186;
9,993;0,6103675365447998;190,4573516845703;229,5269317626953;186;
9,994;0,6100611686706543;190,7028045654297;167,46929931640625;186;
9,995;0,6924211978912354;190,7028045654297;167,46929931640625;186;
9,996;0,6140437722206116;190,7028045654297;167,46929931640625;186;
9,997;0,6143501400947571;187,8534393310547;206,5387420654297;186;
9,998;0,6155266165733337;187,8534393310547;206,5387420654297;186;
9,999;0,6900193095207214;187,8534393310547;206,5387420654297;186;
10;0,6103675365447998;187,8534393310547;206,5387420654297;186;
10,001;0,611237645149231;189,43328857421875;174,19039916992188;186;
10,002;0,6100611686706543;189,43328857421875;174,19039916992188;186;
10,003;0,6903256773948669;189,43328857421875;174,19039916992188;186;
10,004;0,615220308303833;189,43328857421875;174,19039916992188;186;
10,005;0,6143501400947571;190,31790161132812;208,1839141845703;186;
10,007;0,6115440130233765;190,31790161132812;208,1839141845703;186;
10,008;0,6103675365447998;190,31790161132812;208,1839141845703;186;
10,009;0,6100611686706543;188,80484008789062;172,0220489501953;186;
10,01;0,6924211978912354;188,80484008789062;172,0220489501953;186;
10,011;0,6140437722206116;188,80484008789062;172,0220489501953;186;
10,012;0,6143501400947571;190,51016235351562;226,75631713867188;186;
10,013;0,6155266165733337;190,51016235351562;226,75631713867188;186;
10,014;0,6906320452690125;190,51016235351562;226,75631713867188;186;
10,015;0,6103675365447998;190,51016235351562;226,75631713867188;186;
10,016;0,611237645149231;189,9608154296875;161,8990020751953;186;
10,017;0,6100611686706543;189,9608154296875;161,8990020751953;186;
10,018;0,6912447214126587;189,9608154296875;161,8990020751953;186;
10,019;0,615220308303833;189,9608154296875;161,8990020751953;186;
10,02;0,6143501400947571;188,3021240234375;211,51690673828125;186;
10,022;0,6911957859992981;188,3021240234375;211,51690673828125;186;
10,023;0,6103675365447998;188,3021240234375;211,51690673828125;186;
10,024;0,6100611686706543;189,70602416992188;176,77723693847656;186;
10,025;0,6915020942687988;189,70602416992188;176,77723693847656;186;
10,026;0,6140437722206116;189,70602416992188;176,77723693847656;186;
10,027;0,6143501400947571;189,29161071777344;202,67398071289062;186;
10,028;0,6155266165733337;189,29161071777344;202,67398071289062;186;
10,029;0,6915510892868042;189,29161071777344;202,67398071289062;186;
10,03;0,6103675365447998;189,29161071777344;202,67398071289062;186;
10,031;0,611237645149231;188,94577026367188;171,87449645996094;186;
10,032;0,6100611686706543;188,94577026367188;171,87449645996094;186;
10,033;0,6912447214126587;188,94577026367188;171,87449645996094;186;
10,034;0,6155266165733337;191,69863891601562;238,3549041748047;186;
10,035;0,6143501400947571;191,69863891601562;238,3549041748047;186;
10,036;0,6906320452690125;191,69863891601562;238,3549041748047;186;
10,037;0,6115440130233765;191,69863891601562;238,3549041748047;186;
10,038;0,6103675365447998;191,69863891601562;238,3549041748047;186;
10,039;0,6100611686706543;189,61253356933594;159,4300537109375;186;
10,04;0,6924211978912354;189,61253356933594;159,4300537109375;186;
10,041;0,6140437722206116;189,61253356933594;159,4300537109375;186;
10,042;0,6143501400947571;187,2244873046875;202,09481811523438;186;
10,043;0,6155266165733337;187,2244873046875;202,09481811523438;186;
10,044;0,6143501400947571;187,2244873046875;202,09481811523438;186;
10,045;0,6103675365447998;187,2244873046875;202,09481811523438;186;
10,046;0,611237645149231;190,3668670654297;182,77015686035156;186;
10,047;0,6100611686706543;190,3668670654297;182,77015686035156;186;
10,048;0,6903256773948669;190,3668670654297;182,77015686035156;186;
10,049;0,615220308303833;190,3668670654297;182,77015686035156;186;
10,05;0,6143501400947571;190,20875549316406;209,96543884277344;186;
10,052;0,6115440130233765;190,20875549316406;209,96543884277344;186;
10,053;0,6103675365447998;190,20875549316406;209,96543884277344;186;
10,054;0,6100611686706543;188,22842407226562;163,95228576660156;186;
10,055;0,611237645149231;188,22842407226562;163,95228576660156;186;
10,056;0,6140437722206116;188,22842407226562;163,95228576660156;186;
10,057;0,6143501400947571;190,6687774658203;227,78744506835938;186;
10,058;0,6155266165733337;190,6687774658203;227,78744506835938;186;
10,059;0,6906320452690125;190,6687774658203;227,78744506835938;186;
10,06;0,6103675365447998;190,6687774658203;227,78744506835938;186;
10,061;0,611237645149231;190,51016235351562;170,84866333007812;186;
10,062;0,6100611686706543;190,51016235351562;170,84866333007812;186;
10,063;0,6912447214126587;190,51016235351562;170,84866333007812;186;
10,064;0,615220308303833;190,51016235351562;170,84866333007812;186;
10,065;0,6143501400947571;187,14068603515625;201,9590301513672;186;
10,067;0,6911957859992981;187,14068603515625;201,9590301513672;186;
10,068;0,6103675365447998;187,14068603515625;201,9590301513672;186;
10,069;0,6100611686706543;189,7659149169922;176,0266571044922;186;
10,07;0,611237645149231;189,7659149169922;176,0266571044922;186;
10,071;0,6140437722206116;189,7659149169922;176,0266571044922;186;
10,072;0,6143501400947571;191,02096557617188;214,0780029296875;186;
10,073;0,6155266165733337;191,02096557617188;214,0780029296875;186;
10,074;0,6915510892868042;191,02096557617188;214,0780029296875;186;
10,075;0,6103675365447998;191,02096557617188;214,0780029296875;186;
10,076;0,611237645149231;188,97918701171875;168,8096160888672;186;
10,077;0,6100611686706543;188,97918701171875;168,8096160888672;186;
10,078;0,6912447214126587;188,97918701171875;168,8096160888672;186;
10,079;0,615220308303833;188,97918701171875;168,8096160888672;186;
10,08;0,6143501400947571;190,2313232421875;223,0128173828125;186;
10,082;0,6918084621429443;190,2313232421875;223,0128173828125;186;
10,083;0,6103675365447998;190,2313232421875;223,0128173828125;186;
10,084;0,6100611686706543;190,68768310546875;166,7030029296875;186;
10,085;0,611237645149231;190,68768310546875;166,7030029296875;186;
10,086;0,6140437722206116;190,68768310546875;166,7030029296875;186;
10,087;0,6143501400947571;188,9977569580078;209,85548400878906;186;
10,088;0,6155266165733337;188,9977569580078;209,85548400878906;186;
10,089;0,6143501400947571;188,9977569580078;209,85548400878906;186;
10,09;0,6103675365447998;188,9977569580078;209,85548400878906;186;
10,091;0,611237645149231;189,43701171875;173,76239013671875;186;
10,092;0,6100611686706543;189,43701171875;173,76239013671875;186;
10,093;0,6903256773948669;189,43701171875;173,76239013671875;186;
10,094;0,615220308303833;189,43701171875;173,76239013671875;186;
10,095;0,6143501400947571;189,85581970214844;205,83154296875;186;
10,097;0,6927275657653809;189,85581970214844;205,83154296875;186;
10,098;0,6103675365447998;189,85581970214844;205,83154296875;186;
10,099;0,6100611686706543;189,6461944580078;174,59512329101562;186;
10,1;0,611237645149231;189,6461944580078;174,59512329101562;186;
10,101;0,6912447214126587;189,6461944580078;174,59512329101562;186;
10,102;0,6143501400947571;191,557373046875;235,27633666992188;186;
10,103;0,6155266165733337;191,557373046875;235,27633666992188;186;
10,104;0,6906320452690125;191,557373046875;235,27633666992188;186;
10,105;0,6103675365447998;191,557373046875;235,27633666992188;186;
10,106;0,6115440130233765;191,557373046875;235,27633666992188;186;
10,107;0,6100611686706543;189,75843811035156;158,23402404785156;186;
10,108;0,6912447214126587;189,75843811035156;158,23402404785156;186;
10,109;0,615220308303833;189,75843811035156;158,23402404785156;186;
10,11;0,6143501400947571;188,19158935546875;206,822998046875;186;
10,112;0,6911957859992981;188,19158935546875;206,822998046875;186;
10,113;0,6103675365447998;188,19158935546875;206,822998046875;186;
10,114;0,6100611686706543;190,65744018554688;183,5234375;186;
10,115;0,611237645149231;190,65744018554688;183,5234375;186;
10,116;0,6140437722206116;190,65744018554688;183,5234375;186;
10,117;0,6143501400947571;189,8670654296875;202,4351043701172;186;
10,118;0,6155266165733337;189,8670654296875;202,4351043701172;186;
10,119;0,6915510892868042;189,8670654296875;202,4351043701172;186;
10,12;0,6103675365447998;189,8670654296875;202,4351043701172;186;
10,121;0,6115440130233765;189,8670654296875;202,4351043701172;186;
10,122;0,6100611686706543;188,79371643066406;166,8186492919922;186;
10,124;0,615220308303833;188,79371643066406;166,8186492919922;186;
10,125;0,6143501400947571;191,57264709472656;235,64524841308594;186;
10,127;0,6918084621429443;191,57264709472656;235,64524841308594;186;
10,128;0,6103675365447998;191,57264709472656;235,64524841308594;186;
10,129;0,6100611686706543;189,96832275390625;164,4681396484375;186;
10,13;0,611237645149231;189,96832275390625;164,4681396484375;186;
10,131;0,6140437722206116;189,96832275390625;164,4681396484375;186;
10,133;0,6155266165733337;186,56353759765625;199,24794006347656;186;
10,134;0,6143501400947571;186,56353759765625;199,24794006347656;186;
10,135;0,6900193095207214;186,56353759765625;199,24794006347656;186;
10,136;0,6115440130233765;186,56353759765625;199,24794006347656;186;
10,137;0,6100611686706543;190,3404998779297;182,85354614257812;186;
10,138;0,6903256773948669;190,3404998779297;182,85354614257812;186;
10,139;0,615220308303833;190,3404998779297;182,85354614257812;186;
10,14;0,6143501400947571;190,5026092529297;208,3643035888672;186;
10,142;0,6927275657653809;190,5026092529297;208,3643035888672;186;
10,143;0,6103675365447998;190,5026092529297;208,3643035888672;186;
10,144;0,6100611686706543;187,80941772460938;165,2593994140625;186;
10,145;0,611237645149231;187,80941772460938;165,2593994140625;186;
10,146;0,6912447214126587;187,80941772460938;165,2593994140625;186;
10,147;0,6140437722206116;187,80941772460938;165,2593994140625;186;
10,148;0,6155266165733337;190,18243408203125;226,84190368652344;186;
10,149;0,6143501400947571;190,18243408203125;226,84190368652344;186;
10,15;0,6103675365447998;190,18243408203125;226,84190368652344;186;
10,151;0,6115440130233765;190,18243408203125;226,84190368652344;186;
10,152;0,6100611686706543;190,299072265625;167,539306640625;186;
10,153;0,6912447214126587;190,299072265625;167,539306640625;186;
10,154;0,615220308303833;190,299072265625;167,539306640625;186;
10,155;0,6143501400947571;187,51649475097656;205,4446563720703;186;
10,157;0,6911957859992981;187,51649475097656;205,4446563720703;186;
10,158;0,6103675365447998;187,51649475097656;205,4446563720703;186;
10,159;0,6100611686706543;189,23202514648438;175,6409149169922;186;
10,16;0,611237645149231;189,23202514648438;175,6409149169922;186;
10,161;0,6903256773948669;189,23202514648438;175,6409149169922;186;
10,162;0,6140437722206116;189,23202514648438;175,6409149169922;186;
10,163;0,6155266165733337;189,93080139160156;205,62033081054688;186;
10,164;0,6143501400947571;189,93080139160156;205,62033081054688;186;
10,165;0,6915510892868042;189,93080139160156;205,62033081054688;186;
10,166;0,6115440130233765;189,93080139160156;205,62033081054688;186;
10,167;0,6100611686706543;188,28738403320312;171,3356170654297;186;
10,169;0,615220308303833;188,28738403320312;171,3356170654297;186;
10,17;0,6143501400947571;190,10348510742188;227,61492919921875;186;
10,172;0,6918084621429443;190,10348510742188;227,61492919921875;186;
10,173;0,6103675365447998;190,10348510742188;227,61492919921875;186;
10,175;0,611237645149231;189,48553466796875;161,5943603515625;186;
10,176;0,6912447214126587;189,48553466796875;161,5943603515625;186;
10,177;0,6140437722206116;189,48553466796875;161,5943603515625;186;
10,178;0,6155266165733337;188,09957885742188;211,8896942138672;186;
10,179;0,6143501400947571;188,09957885742188;211,8896942138672;186;
10,18;0,6900193095207214;188,09957885742188;211,8896942138672;186;
10,181;0,6115440130233765;188,09957885742188;211,8896942138672;186;
10,182;0,6100611686706543;189,88206481933594;179,54928588867188;186;
10,184;0,615220308303833;189,88206481933594;179,54928588867188;186;
10,185;0,6143501400947571;189,18362426757812;199,0829620361328;186;
10,187;0,6927275657653809;189,18362426757812;199,0829620361328;186;
10,188;0,6103675365447998;189,18362426757812;199,0829620361328;186;
10,19;0,611237645149231;188,6123046875;171,77626037597656;186;
10,191;0,6912447214126587;188,6123046875;171,77626037597656;186;
10,192;0,6140437722206116;188,6123046875;171,77626037597656;186;
10,193;0,6155266165733337;191,42774963378906;235,87640380859375;186;
10,194;0,6143501400947571;191,42774963378906;235,87640380859375;186;
10,195;0,6103675365447998;191,42774963378906;235,87640380859375;186;
10,196;0,6115440130233765;191,42774963378906;235,87640380859375;186;
10,197;0,6100611686706543;189,44447326660156;159,38778686523438;186;
10,199;0,615220308303833;189,44447326660156;159,38778686523438;186;
10,2;0,6140437722206116;189,44447326660156;159,38778686523438;186;
10,201;0,6143501400947571;187,09701538085938;203,11912536621094;186;
10,202;0,6155266165733337;187,09701538085938;203,11912536621094;186;
10,203;0,6900193095207214;187,09701538085938;203,11912536621094;186;
10,204;0,6103675365447998;187,09701538085938;203,11912536621094;186;
10,205;0,611237645149231;190,07717895507812;181,22732543945312;186;
10,206;0,6903256773948669;190,07717895507812;181,22732543945312;186;
10,207;0,6140437722206116;190,07717895507812;181,22732543945312;186;
10,208;0,6155266165733337;189,72100830078125;208,4004364013672;186;
10,209;0,6143501400947571;189,72100830078125;208,4004364013672;186;
10,21;0,6915510892868042;189,72100830078125;208,4004364013672;186;
10,211;0,6115440130233765;189,72100830078125;208,4004364013672;186;
10,212;0,6100611686706543;187,26821899414062;163,35081481933594;186;
10,214;0,6924211978912354;187,26821899414062;163,35081481933594;186;
10,215;0,6143501400947571;190,42718505859375;231,78370666503906;186;
10,217;0,6155266165733337;190,42718505859375;231,78370666503906;186;
10,218;0,6103675365447998;190,42718505859375;231,78370666503906;186;
10,22;0,611237645149231;189,81085205078125;167,84336853027344;186;
10,221;0,6912447214126587;189,81085205078125;167,84336853027344;186;
10,222;0,6140437722206116;189,81085205078125;167,84336853027344;186;
10,223;0,6155266165733337;186,61782836914062;201,58653259277344;186;
10,224;0,6143501400947571;186,61782836914062;201,58653259277344;186;
10,225;0,6900193095207214;186,61782836914062;201,58653259277344;186;
10,226;0,6115440130233765;186,61782836914062;201,58653259277344;186;
10,227;0,6100611686706543;189,41836547851562;177,2986297607422;186;
10,229;0,6915020942687988;189,41836547851562;177,2986297607422;186;
10,23;0,6140437722206116;189,41836547851562;177,2986297607422;186;
10,231;0,6143501400947571;190,32167053222656;211,74041748046875;186;
10,232;0,6155266165733337;190,32167053222656;211,74041748046875;186;
10,233;0,6103675365447998;190,32167053222656;211,74041748046875;186;
10,235;0,611237645149231;188,38694763183594;168,07801818847656;186;
10,236;0,6100611686706543;188,38694763183594;168,07801818847656;186;
10,237;0,6140437722206116;188,38694763183594;168,07801818847656;186;
10,238;0,6155266165733337;190,09597778320312;226,41470336914062;186;
10,239;0,6143501400947571;190,09597778320312;226,41470336914062;186;
10,24;0,6906320452690125;190,09597778320312;226,41470336914062;186;
10,241;0,6115440130233765;190,09597778320312;226,41470336914062;186;
10,242;0,6100611686706543;190,38571166992188;165,07786560058594;186;
10,244;0,6924211978912354;190,38571166992188;165,07786560058594;186;
10,245;0,6140437722206116;190,38571166992188;165,07786560058594;186;
10,246;0,6143501400947571;188,09957885742188;207,25082397460938;186;
10,247;0,6155266165733337;188,09957885742188;207,25082397460938;186;
10,248;0,6900193095207214;188,09957885742188;207,25082397460938;186;
10,249;0,6103675365447998;188,09957885742188;207,25082397460938;186;
10,25;0,611237645149231;189,07949829101562;174,29139709472656;186;
10,251;0,6100611686706543;189,07949829101562;174,29139709472656;186;
10,252;0,6140437722206116;189,07949829101562;174,29139709472656;186;
10,253;0,6155266165733337;189,4034423828125;204,57070922851562;186;
10,254;0,6143501400947571;189,4034423828125;204,57070922851562;186;
10,255;0,6915510892868042;189,4034423828125;204,57070922851562;186;
10,256;0,6115440130233765;189,4034423828125;204,57070922851562;186;
10,257;0,6103675365447998;189,4034423828125;204,57070922851562;186;
10,258;0,6100611686706543;188,8419189453125;173,43653869628906;186;
10,259;0,6924211978912354;188,8419189453125;173,43653869628906;186;
10,26;0,6140437722206116;188,8419189453125;173,43653869628906;186;
10,261;0,6143501400947571;190,47621154785156;229,3955535888672;186;
10,262;0,6155266165733337;190,47621154785156;229,3955535888672;186;
10,263;0,6103675365447998;190,47621154785156;229,3955535888672;186;
10,265;0,611237645149231;189,1389923095703;160,08815002441406;186;
10,266;0,607708215713501;189,1389923095703;160,08815002441406;186;
10,267;0,6140437722206116;189,1389923095703;160,08815002441406;186;
10,268;0,615220308303833;189,1389923095703;160,08815002441406;186;
10,269;0,6143501400947571;187,25364685058594;206,50326538085938;186;
10,271;0,6911957859992981;187,25364685058594;206,50326538085938;186;
10,272;0,6100611686706543;187,25364685058594;183,18788146972656;186;
10,273;0,6100611686706543;189,91580200195312;183,18788146972656;186;
10,274;0,6915020942687988;189,91580200195312;183,18788146972656;186;
10,275;0,6140437722206116;189,91580200195312;183,18788146972656;186;
10,276;0,6143501400947571;189,37733459472656;202,2307891845703;186;
10,277;0,6155266165733337;189,37733459472656;202,2307891845703;186;
10,278;0,6915510892868042;189,37733459472656;202,2307891845703;186;
10,279;0,6103675365447998;189,37733459472656;202,2307891845703;186;
10,28;0,611237645149231;188,2100067138672;166,6798858642578;186;
10,281;0,6100611686706543;188,2100067138672;166,6798858642578;186;
10,282;0,6912447214126587;188,2100067138672;166,6798858642578;186;
10,283;0,6155266165733337;191,08926391601562;235,41453552246094;186;
10,284;0,6143501400947571;191,08926391601562;235,41453552246094;186;
10,285;0,6906320452690125;191,08926391601562;235,41453552246094;186;
10,286;0,6115440130233765;191,08926391601562;235,41453552246094;186;
10,287;0,6103675365447998;191,08926391601562;235,41453552246094;186;
10,288;0,6100611686706543;189,65740966796875;164,4231414794922;186;
10,289;0,6924211978912354;189,65740966796875;164,4231414794922;186;
10,29;0,6140437722206116;189,65740966796875;164,4231414794922;186;
10,291;0,6143501400947571;186,7301483154297;199,18191528320312;186;
10,292;0,6155266165733337;186,7301483154297;199,18191528320312;186;
10,293;0,6900193095207214;186,7301483154297;199,18191528320312;186;
10,294;0,6103675365447998;186,7301483154297;199,18191528320312;186;
10,295;0,611237645149231;189,96832275390625;181,281982421875;186;
10,296;0,6100611686706543;189,96832275390625;181,281982421875;186;
10,297;0,6903256773948669;189,96832275390625;181,281982421875;186;
10,298;0,615220308303833;189,96832275390625;181,281982421875;186;
10,299;0,6143501400947571;190,3706512451172;210,36956787109375;186;
10,301;0,6115440130233765;190,3706512451172;210,36956787109375;186;
10,302;0,6103675365447998;190,3706512451172;210,36956787109375;186;
10,303;0,6100611686706543;187,82408142089844;165,87501525878906;186;
10,304;0,611237645149231;187,82408142089844;165,87501525878906;186;
10,305;0,6140437722206116;187,82408142089844;165,87501525878906;186;
10,306;0,6143501400947571;189,69854736328125;221,04469299316406;186;
10,307;0,6155266165733337;189,69854736328125;221,04469299316406;186;
10,308;0,6906320452690125;189,69854736328125;221,04469299316406;186;
10,309;0,6103675365447998;189,69854736328125;221,04469299316406;186;
10,31;0,611237645149231;190,30661010742188;170,5094451904297;186;
10,311;0,6100611686706543;190,30661010742188;170,5094451904297;186;
10,312;0,6912447214126587;190,30661010742188;170,5094451904297;186;
10,313;0,615220308303833;190,30661010742188;170,5094451904297;186;
10,314;0,6143501400947571;187,4982147216797;205,02423095703125;186;
10,316;0,6911957859992981;187,4982147216797;205,02423095703125;186;
10,317;0,6103675365447998;187,4982147216797;205,02423095703125;186;
10,318;0,6100611686706543;189,24691772460938;175,8207244873047;186;
10,319;0,611237645149231;189,24691772460938;175,8207244873047;186;
10,32;0,6140437722206116;189,24691772460938;175,8207244873047;186;
10,321;0,6143501400947571;190,1410675048828;207,39382934570312;186;
10,322;0,6155266165733337;190,1410675048828;207,39382934570312;186;
10,323;0,6915510892868042;190,1410675048828;207,39382934570312;186;
10,324;0,6103675365447998;190,1410675048828;207,39382934570312;186;
10,325;0,611237645149231;188,92723083496094;172,81329345703125;186;
10,326;0,6100611686706543;188,92723083496094;172,81329345703125;186;
10,327;0,6912447214126587;188,92723083496094;172,81329345703125;186;
10,328;0,615220308303833;188,92723083496094;172,81329345703125;186;
10,329;0,6143501400947571;190,8541717529297;231,1597900390625;186;
10,331;0,6115440130233765;190,8541717529297;231,1597900390625;186;
10,332;0,6103675365447998;190,8541717529297;231,1597900390625;186;
10,333;0,6100611686706543;189,61253356933594;158,65162658691406;186;
10,334;0,611237645149231;189,61253356933594;158,65162658691406;186;
10,335;0,6140437722206116;189,61253356933594;158,65162658691406;186;
10,336;0,6143501400947571;188,88641357421875;213,39404296875;186;
10,337;0,6155266165733337;188,88641357421875;213,39404296875;186;
10,338;0,6143501400947571;188,88641357421875;213,39404296875;186;
10,339;0,6103675365447998;188,88641357421875;213,39404296875;186;
10,34;0,611237645149231;190,1636199951172;179,20138549804688;186;
10,341;0,6100611686706543;190,1636199951172;179,20138549804688;186;
10,342;0,6903256773948669;190,1636199951172;179,20138549804688;186;
10,343;0,615220308303833;190,1636199951172;179,20138549804688;186;
10,344;0,6143501400947571;189,5826416015625;199,74449157714844;186;
10,346;0,6927275657653809;189,5826416015625;199,74449157714844;186;
10,347;0,6103675365447998;189,5826416015625;199,74449157714844;186;
10,348;0,6100611686706543;188,96063232421875;171,62913513183594;186;
10,349;0,611237645149231;188,96063232421875;171,62913513183594;186;
10,35;0,6912447214126587;188,96063232421875;171,62913513183594;186;
10,351;0,6143501400947571;191,41632080078125;233,7212371826172;186;
10,352;0,6155266165733337;191,41632080078125;233,7212371826172;186;
10,353;0,6906320452690125;191,41632080078125;233,7212371826172;186;
10,354;0,6103675365447998;191,41632080078125;233,7212371826172;186;
10,355;0,6115440130233765;191,41632080078125;233,7212371826172;186;
10,356;0,6100611686706543;189,41090393066406;160,5370635986328;186;
10,357;0,6912447214126587;189,41090393066406;160,5370635986328;186;
10,358;0,615220308303833;189,41090393066406;160,5370635986328;186;
10,359;0,6143501400947571;186,8861541748047;204,2232208251953;186;
10,361;0,6911957859992981;186,8861541748047;204,2232208251953;186;
10,362;0,6103675365447998;186,8861541748047;204,2232208251953;186;
10,363;0,6100611686706543;191,1158447265625;186,7156524658203;186;
10,364;0,611237645149231;191,1158447265625;186,7156524658203;186;
10,365;0,6140437722206116;191,1158447265625;186,7156524658203;186;
10,366;0,6143501400947571;190,035888671875;203,08480834960938;186;
10,367;0,6155266165733337;190,035888671875;203,08480834960938;186;
10,368;0,6915510892868042;190,035888671875;203,08480834960938;186;
10,369;0,6103675365447998;190,035888671875;203,08480834960938;186;
10,37;0,6115440130233765;190,035888671875;203,08480834960938;186;
10,371;0,6100611686706543;187,978271484375;165,53244018554688;186;
10,373;0,615220308303833;187,978271484375;165,53244018554688;186;
10,374;0,6143501400947571;191,0095672607422;230,89341735839844;186;
10,376;0,6918084621429443;191,0095672607422;230,89341735839844;186;
10,377;0,6103675365447998;191,0095672607422;230,89341735839844;186;
10,378;0,6100611686706543;190,3894805908203;167,70289611816406;186;
10,379;0,611237645149231;190,3894805908203;167,70289611816406;186;
10,38;0,6140437722206116;190,3894805908203;167,70289611816406;186;
10,382;0,6155266165733337;187,31198120117188;201,24908447265625;186;
10,383;0,6143501400947571;187,31198120117188;201,24908447265625;186;
10,384;0,6900193095207214;187,31198120117188;201,24908447265625;186;
10,385;0,6115440130233765;187,31198120117188;201,24908447265625;186;
10,386;0,6100611686706543;189,50045776367188;174,34193420410156;186;
10,388;0,615220308303833;189,50045776367188;174,34193420410156;186;
10,389;0,6143501400947571;190,68768310546875;215,80723571777344;186;
10,391;0,6927275657653809;190,68768310546875;215,80723571777344;186;
10,392;0,6103675365447998;190,68768310546875;215,80723571777344;186;
10,393;0,6100611686706543;188,22474670410156;169,35653686523438;186;
10,394;0,611237645149231;188,22474670410156;169,35653686523438;186;
10,395;0,6912447214126587;188,22474670410156;169,35653686523438;186;
10,396;0,6140437722206116;188,22474670410156;169,35653686523438;186;
10,397;0,6155266165733337;189,85581970214844;219,35086059570312;186;
10,398;0,6143501400947571;189,85581970214844;219,35086059570312;186;
10,399;0,6103675365447998;189,85581970214844;219,35086059570312;186;
10,4;0,6115440130233765;189,85581970214844;219,35086059570312;186;
10,401;0,6100611686706543;190,30661010742188;168,31332397460938;186;
