time;USER_CPU_Load;USER_SPEED_AVR;USER_SPEED_MEAS;USER_SPEED_REF;
356,357;0,6150670647621155;188,87899780273438;172,9873504638672;186;
356,358;0,6141969561576843;189,9608154296875;210,77525329589844;186;
356,36;0,615373432636261;189,9608154296875;210,77525329589844;186;
356,361;0,610214352607727;189,9608154296875;210,77525329589844;186;
356,363;0,6110844612121582;189,150146484375;172,7884521484375;186;
356,364;0,6910915374755859;189,150146484375;172,7884521484375;186;
356,365;0,6138906478881836;189,150146484375;172,7884521484375;186;
356,366;0,615373432636261;190,1185302734375;223,5103302001953;186;
356,367;0,6141969561576843;190,1185302734375;223,5103302001953;186;
356,368;0,6904788017272949;190,1185302734375;223,5103302001953;186;
356,369;0,6113908290863037;190,1185302734375;223,5103302001953;186;
356,37;0,6099080443382263;189,50045776367188;162,22669982910156;186;
356,372;0,6946209669113159;189,50045776367188;162,22669982910156;186;
356,373;0,6138906478881836;189,50045776367188;162,22669982910156;186;
356,374;0,6141969561576843;187,89747619628906;210,11221313476562;186;
356,375;0,615373432636261;187,89747619628906;210,11221313476562;186;
356,376;0,6898661851882935;187,89747619628906;210,11221313476562;186;
356,377;0,610214352607727;187,89747619628906;210,11221313476562;186;
356,378;0,6110844612121582;189,88955688476562;181,47352600097656;186;
356,379;0,6901724934577942;189,88955688476562;181,47352600097656;186;
356,38;0,6138906478881836;189,88955688476562;181,47352600097656;186;
356,381;0,615373432636261;189,2878875732422;198,29490661621094;186;
356,382;0,6141969561576843;189,2878875732422;198,29490661621094;186;
356,383;0,6913979053497314;189,2878875732422;198,29490661621094;186;
356,384;0,6113908290863037;189,2878875732422;198,29490661621094;186;
356,385;0,6099080443382263;188,8233642578125;169,9310302734375;186;
356,387;0,6922680139541626;188,8233642578125;169,9310302734375;186;
356,388;0,6141969561576843;191,2678680419922;237,9303436279297;186;
356,39;0,6916553378105164;191,2678680419922;237,9303436279297;186;
356,391;0,610214352607727;191,2678680419922;237,9303436279297;186;
356,393;0,6110844612121582;188,92723083496094;158,58885192871094;186;
356,394;0,6910915374755859;188,92723083496094;158,58885192871094;186;
356,395;0,6138906478881836;188,92723083496094;158,58885192871094;186;
356,396;0,615373432636261;186,82081604003906;201,9590301513672;186;
356,397;0,6141969561576843;186,82081604003906;201,9590301513672;186;
356,399;0,6113908290863037;186,82081604003906;201,9590301513672;186;
356,4;0,6099080443382263;190,0283660888672;183,7759246826172;186;
356,402;0,6913489699363708;190,0283660888672;183,7759246826172;186;
356,403;0,6138906478881836;190,0283660888672;183,7759246826172;186;
356,404;0,6141969561576843;189,79214477539062;207,82403564453125;186;
356,405;0,615373432636261;189,79214477539062;207,82403564453125;186;
356,406;0,610214352607727;189,79214477539062;207,82403564453125;186;
356,408;0,6110844612121582;187,24635314941406;164,37818908691406;186;
356,409;0,6099080443382263;187,24635314941406;164,37818908691406;186;
356,41;0,6910915374755859;187,24635314941406;164,37818908691406;186;
356,411;0,615373432636261;190,04339599609375;226,54269409179688;186;
356,412;0,6141969561576843;190,04339599609375;226,54269409179688;186;
356,413;0,6904788017272949;190,04339599609375;226,54269409179688;186;
356,414;0,6113908290863037;190,04339599609375;226,54269409179688;186;
356,415;0,6099080443382263;190,0095977783203;169,7151336669922;186;
356,417;0,6922680139541626;190,0095977783203;169,7151336669922;186;
356,418;0,6138906478881836;190,0095977783203;169,7151336669922;186;
356,419;0,6141969561576843;186,84622192382812;203,42845153808594;186;
356,42;0,615373432636261;186,84622192382812;203,42845153808594;186;
356,421;0,6898661851882935;186,84622192382812;203,42845153808594;186;
356,422;0,610214352607727;186,84622192382812;203,42845153808594;186;
356,423;0,6110844612121582;189,51913452148438;175,38470458984375;186;
356,424;0,6099080443382263;189,51913452148438;175,38470458984375;186;
356,425;0,6901724934577942;189,51913452148438;175,38470458984375;186;
356,426;0,615373432636261;190,4422607421875;210,66445922851562;186;
356,427;0,6141969561576843;190,4422607421875;210,66445922851562;186;
356,428;0,6913979053497314;190,4422607421875;210,66445922851562;186;
356,429;0,6113908290863037;190,4422607421875;210,66445922851562;186;
356,43;0,610214352607727;190,4422607421875;210,66445922851562;186;
356,431;0,6099080443382263;188,44232177734375;169,8590087890625;186;
356,432;0,6922680139541626;188,44232177734375;169,8590087890625;186;
356,433;0,6138906478881836;188,44232177734375;169,8590087890625;186;
356,434;0,6141969561576843;189,94955444335938;223,46878051757812;186;
356,435;0,615373432636261;189,94955444335938;223,46878051757812;186;
356,436;0,6904788017272949;189,94955444335938;223,46878051757812;186;
356,437;0,610214352607727;189,94955444335938;223,46878051757812;186;
356,438;0,6110844612121582;190,20498657226562;165,92079162597656;186;
356,439;0,6099080443382263;190,20498657226562;165,92079162597656;186;
356,44;0,6138906478881836;190,20498657226562;165,92079162597656;186;
356,441;0,615373432636261;188,64930725097656;210,03878784179688;186;
356,442;0,6141969561576843;188,64930725097656;210,03878784179688;186;
356,444;0,6113908290863037;188,64930725097656;210,03878784179688;186;
356,445;0,610214352607727;188,64930725097656;210,03878784179688;186;
356,446;0,6099080443382263;189,40716552734375;174,7473907470703;186;
356,447;0,6913489699363708;189,40716552734375;174,7473907470703;186;
356,448;0,6138906478881836;189,40716552734375;174,7473907470703;186;
356,449;0,6141969561576843;189,463134765625;203,94606018066406;186;
356,45;0,615373432636261;189,463134765625;203,94606018066406;186;
356,451;0,6913979053497314;189,463134765625;203,94606018066406;186;
356,452;0,610214352607727;189,463134765625;203,94606018066406;186;
356,453;0,6110844612121582;189,20968627929688;173,66200256347656;186;
356,454;0,6099080443382263;189,20968627929688;173,66200256347656;186;
356,455;0,6910915374755859;189,20968627929688;173,66200256347656;186;
356,456;0,615373432636261;191,13864135742188;231,47132873535156;186;
356,457;0,6141969561576843;191,13864135742188;231,47132873535156;186;
356,458;0,6904788017272949;191,13864135742188;231,47132873535156;186;
356,459;0,6113908290863037;191,13864135742188;231,47132873535156;186;
356,46;0,610214352607727;191,13864135742188;231,47132873535156;186;
356,461;0,6099080443382263;189,3251495361328;159,0293731689453;186;
356,462;0,6922680139541626;189,3251495361328;159,0293731689453;186;
356,463;0,6138906478881836;189,3251495361328;159,0293731689453;186;
356,464;0,6141969561576843;187,56768798828125;205,3043212890625;186;
356,465;0,615373432636261;187,56768798828125;205,3043212890625;186;
356,466;0,6898661851882935;187,56768798828125;205,3043212890625;186;
356,467;0,610214352607727;187,56768798828125;205,3043212890625;186;
356,468;0,6110844612121582;190,2200469970703;184,08544921875;186;
356,469;0,6099080443382263;190,2200469970703;184,08544921875;186;
356,47;0,6901724934577942;190,2200469970703;184,08544921875;186;
356,471;0,6150670647621155;190,2200469970703;184,08544921875;186;
356,472;0,6141969561576843;189,3325958251953;201,68798828125;186;
356,474;0,6113908290863037;189,3325958251953;201,68798828125;186;
356,475;0,610214352607727;189,3325958251953;201,68798828125;186;
356,476;0,6099080443382263;188,15846252441406;167,05044555664062;186;
356,477;0,6110844612121582;188,15846252441406;167,05044555664062;186;
356,478;0,6910915374755859;188,15846252441406;167,05044555664062;186;
356,479;0,6141969561576843;191,29449462890625;237,74215698242188;186;
356,48;0,615373432636261;191,29449462890625;237,74215698242188;186;
356,481;0,6904788017272949;191,29449462890625;237,74215698242188;186;
356,482;0,610214352607727;191,29449462890625;237,74215698242188;186;
356,483;0,6110844612121582;189,6424560546875;163,32862854003906;186;
356,484;0,6099080443382263;189,6424560546875;163,32862854003906;186;
356,485;0,6910915374755859;189,6424560546875;163,32862854003906;186;
356,486;0,6150670647621155;189,6424560546875;163,32862854003906;186;
356,487;0,6141969561576843;186,83895874023438;201,8911895751953;186;
356,489;0,6910426020622253;186,83895874023438;201,8911895751953;186;
356,49;0,610214352607727;186,83895874023438;201,8911895751953;186;
356,491;0,6099080443382263;189,96832275390625;179,12127685546875;186;
356,492;0,6110844612121582;189,96832275390625;179,12127685546875;186;
356,493;0,6138906478881836;189,96832275390625;179,12127685546875;186;
356,494;0,6141969561576843;190,65365600585938;211,8896942138672;186;
356,495;0,615373432636261;190,65365600585938;211,8896942138672;186;
356,496;0,6913979053497314;190,65365600585938;211,8896942138672;186;
356,497;0,610214352607727;190,65365600585938;211,8896942138672;186;
356,498;0,6113908290863037;190,65365600585938;211,8896942138672;186;
356,499;0,6122609376907349;187,83509826660156;164,96461486816406;186;
356,5;0,6910915374755859;187,83509826660156;164,96461486816406;186;
356,501;0,6150670647621155;187,83509826660156;164,96461486816406;186;
356,502;0,6141969561576843;190,0509033203125;224,13536071777344;186;
356,504;0,6916553378105164;190,0509033203125;224,13536071777344;186;
356,505;0,610214352607727;190,0509033203125;224,13536071777344;186;
356,506;0,6099080443382263;190,52525329589844;170,02716064453125;186;
356,507;0,6110844612121582;190,52525329589844;170,02716064453125;186;
356,508;0,6138906478881836;190,52525329589844;170,02716064453125;186;
356,509;0,6141969561576843;187,45802307128906;204,362060546875;186;
356,51;0,615373432636261;187,45802307128906;204,362060546875;186;
356,511;0,6141969561576843;187,45802307128906;204,362060546875;186;
356,512;0,610214352607727;187,45802307128906;204,362060546875;186;
356,513;0,6113908290863037;187,45802307128906;204,362060546875;186;
356,514;0,6099080443382263;189,1427001953125;174,13992309570312;186;
356,515;0,6901724934577942;189,1427001953125;174,13992309570312;186;
356,516;0,6150670647621155;189,1427001953125;174,13992309570312;186;
356,517;0,6141969561576843;189,90455627441406;209,05270385742188;186;
356,519;0,6925743818283081;189,90455627441406;209,05270385742188;186;
356,52;0,610214352607727;189,90455627441406;209,05270385742188;186;
356,521;0,6099080443382263;189,07577514648438;173,3865203857422;186;
356,522;0,6110844612121582;189,07577514648438;173,3865203857422;186;
356,523;0,6910915374755859;189,07577514648438;173,3865203857422;186;
356,524;0,6141969561576843;190,72549438476562;229,7023468017578;186;
356,525;0,615373432636261;190,72549438476562;229,7023468017578;186;
356,526;0,6904788017272949;190,72549438476562;229,7023468017578;186;
356,527;0,610214352607727;190,72549438476562;229,7023468017578;186;
356,528;0,6113908290863037;190,72549438476562;229,7023468017578;186;
356,529;0,6099080443382263;189,88580322265625;160,06683349609375;186;
356,53;0,6910915374755859;189,88580322265625;160,06683349609375;186;
356,531;0,6150670647621155;189,88580322265625;160,06683349609375;186;
356,532;0,6141969561576843;188,60861206054688;210,66445922851562;186;
356,534;0,6910426020622253;188,60861206054688;210,66445922851562;186;
356,535;0,610214352607727;188,60861206054688;210,66445922851562;186;
356,536;0,6099080443382263;190,08470153808594;180,11416625976562;186;
356,537;0,6110844612121582;190,08470153808594;180,11416625976562;186;
356,538;0,6138906478881836;190,08470153808594;180,11416625976562;186;
356,54;0,615373432636261;189,4407501220703;198,55691528320312;186;
356,541;0,6141969561576843;189,4407501220703;198,55691528320312;186;
356,542;0,610214352607727;189,4407501220703;198,55691528320312;186;
356,543;0,6113908290863037;189,4407501220703;198,55691528320312;186;
356,544;0,6099080443382263;189,12783813476562;172,04666137695312;186;
356,546;0,6150670647621155;189,12783813476562;172,04666137695312;186;
356,547;0,6141969561576843;191,5612030029297;235,50677490234375;186;
356,549;0,6916553378105164;191,5612030029297;235,50677490234375;186;
356,55;0,610214352607727;191,5612030029297;235,50677490234375;186;
356,551;0,6099080443382263;189,4929962158203;160,68727111816406;186;
356,552;0,6110844612121582;189,4929962158203;160,68727111816406;186;
356,553;0,6910915374755859;189,4929962158203;160,68727111816406;186;
356,554;0,6138906478881836;189,4929962158203;160,68727111816406;186;
356,555;0,615373432636261;186,75189208984375;201,08079528808594;186;
356,556;0,6141969561576843;186,75189208984375;201,08079528808594;186;
356,557;0,6898661851882935;186,75189208984375;201,08079528808594;186;
356,558;0,6113908290863037;186,75189208984375;201,08079528808594;186;
356,559;0,6099080443382263;190,5177001953125;185,1627960205078;186;
356,56;0,6901724934577942;190,5177001953125;185,1627960205078;186;
356,561;0,6150670647621155;190,5177001953125;185,1627960205078;186;
356,562;0,6141969561576843;190,17491149902344;207,35806274414062;186;
356,564;0,6925743818283081;190,17491149902344;207,35806274414062;186;
356,565;0,610214352607727;190,17491149902344;207,35806274414062;186;
356,566;0,6099080443382263;187,6884765625;163,68441772460938;186;
356,567;0,6110844612121582;187,6884765625;163,68441772460938;186;
356,568;0,6910915374755859;187,6884765625;163,68441772460938;186;
356,569;0,6138906478881836;187,6884765625;163,68441772460938;186;
356,57;0,615373432636261;190,65365600585938;228,65386962890625;186;
356,571;0,6141969561576843;190,65365600585938;228,65386962890625;186;
356,572;0,6904788017272949;190,65365600585938;228,65386962890625;186;
356,573;0,6113908290863037;190,65365600585938;228,65386962890625;186;
356,574;0,6099080443382263;190,44602966308594;170,703125;186;
356,575;0,6910915374755859;190,44602966308594;170,703125;186;
356,576;0,6150670647621155;190,44602966308594;170,703125;186;
356,577;0,6141969561576843;187,3375244140625;202,29885864257812;186;
356,579;0,6910426020622253;187,3375244140625;202,29885864257812;186;
356,58;0,610214352607727;187,3375244140625;202,29885864257812;186;
356,581;0,6099080443382263;189,94580078125;177,40328979492188;186;
356,582;0,6110844612121582;189,94580078125;177,40328979492188;186;
356,583;0,6901724934577942;189,94580078125;177,40328979492188;186;
356,584;0,6138906478881836;189,94580078125;177,40328979492188;186;
356,585;0,615373432636261;190,91099548339844;210,07550048828125;186;
356,586;0,6141969561576843;190,91099548339844;210,07550048828125;186;
356,587;0,610214352607727;190,91099548339844;210,07550048828125;186;
356,588;0,6113908290863037;190,91099548339844;210,07550048828125;186;
356,589;0,6099080443382263;188,44970703125;168,12503051757812;186;
356,591;0,6150670647621155;188,44970703125;168,12503051757812;186;
356,592;0,6141969561576843;190,18618774414062;225,4805145263672;186;
356,594;0,6916553378105164;190,18618774414062;225,4805145263672;186;
356,595;0,610214352607727;190,18618774414062;225,4805145263672;186;
356,596;0,6099080443382263;190,634765625;166,38003540039062;186;
356,597;0,6110844612121582;190,634765625;166,38003540039062;186;
356,598;0,6910915374755859;190,634765625;166,38003540039062;186;
356,599;0,6138906478881836;190,634765625;166,38003540039062;186;
356,6;0,615373432636261;188,56423950195312;206,85858154296875;186;
356,601;0,6141969561576843;188,56423950195312;206,85858154296875;186;
356,602;0,6898661851882935;188,56423950195312;206,85858154296875;186;
356,603;0,6113908290863037;188,56423950195312;206,85858154296875;186;
356,604;0,6099080443382263;189,4146270751953;176,4399871826172;186;
356,606;0,6150670647621155;189,4146270751953;176,4399871826172;186;
356,607;0,6141969561576843;189,63870239257812;204,362060546875;186;
356,609;0,6925743818283081;189,63870239257812;204,362060546875;186;
356,61;0,610214352607727;189,63870239257812;204,362060546875;186;
356,612;0,6110844612121582;188,80113220214844;171,70266723632812;186;
356,613;0,6910915374755859;188,80113220214844;171,70266723632812;186;
356,614;0,6138906478881836;188,80113220214844;171,70266723632812;186;
356,615;0,615373432636261;191,44680786132812;239,54214477539062;186;
356,616;0,6141969561576843;191,44680786132812;239,54214477539062;186;
356,617;0,610214352607727;191,44680786132812;239,54214477539062;186;
356,618;0,6113908290863037;191,44680786132812;239,54214477539062;186;
356,619;0,6099080443382263;189,53781127929688;157,0147705078125;186;
356,621;0,6150670647621155;189,53781127929688;157,0147705078125;186;
356,622;0,6138906478881836;189,53781127929688;157,0147705078125;186;
356,623;0,6141969561576843;187,7177734375;206,43235778808594;186;
356,624;0,615373432636261;187,7177734375;206,43235778808594;186;
356,625;0,6898661851882935;187,7177734375;206,43235778808594;186;
356,626;0,610214352607727;187,7177734375;206,43235778808594;186;
356,627;0,6110844612121582;189,2804412841797;176,72528076171875;186;
356,628;0,6901724934577942;189,2804412841797;176,72528076171875;186;
356,629;0,6138906478881836;189,2804412841797;176,72528076171875;186;
356,63;0,615373432636261;189,61627197265625;210,11221313476562;186;
356,631;0,6141969561576843;189,61627197265625;210,11221313476562;186;
356,632;0,6913979053497314;189,61627197265625;210,11221313476562;186;
356,633;0,6113908290863037;189,61627197265625;210,11221313476562;186;
356,634;0,6099080443382263;188,11062622070312;166,51828002929688;186;
356,636;0,6922680139541626;188,11062622070312;166,51828002929688;186;
356,637;0,6141969561576843;191,22222900390625;238,02456665039062;186;
356,639;0,6916553378105164;191,22222900390625;238,02456665039062;186;
356,64;0,610214352607727;191,22222900390625;238,02456665039062;186;
356,642;0,6110844612121582;189,8258514404297;163,08493041992188;186;
356,643;0,6910915374755859;189,8258514404297;163,08493041992188;186;
356,644;0,6138906478881836;189,8258514404297;163,08493041992188;186;
356,645;0,615373432636261;186,1915283203125;200,11019897460938;186;
356,646;0,6141969561576843;186,1915283203125;200,11019897460938;186;
356,647;0,6898661851882935;186,1915283203125;200,11019897460938;186;
356,648;0,6113908290863037;186,1915283203125;200,11019897460938;186;
356,649;0,6099080443382263;190,05841064453125;181,99546813964844;186;
356,651;0,6913489699363708;190,05841064453125;181,99546813964844;186;
356,652;0,6138906478881836;190,05841064453125;181,99546813964844;186;
356,653;0,6141969561576843;190,31036376953125;208,83482360839844;186;
356,654;0,615373432636261;190,31036376953125;208,83482360839844;186;
356,655;0,610214352607727;190,31036376953125;208,83482360839844;186;
356,657;0,6110844612121582;188,49032592773438;164,896728515625;186;
356,658;0,6099080443382263;188,49032592773438;164,896728515625;186;
356,659;0,6138906478881836;188,49032592773438;164,896728515625;186;
356,66;0,615373432636261;190,0884552001953;227,14190673828125;186;
356,661;0,6141969561576843;190,0884552001953;227,14190673828125;186;
356,662;0,6904788017272949;190,0884552001953;227,14190673828125;186;
356,663;0,6113908290863037;190,0884552001953;227,14190673828125;186;
356,664;0,6099080443382263;190,43472290039062;168,66751098632812;186;
356,666;0,6922680139541626;190,43472290039062;168,66751098632812;186;
356,667;0,6138906478881836;190,43472290039062;168,66751098632812;186;
356,668;0,6141969561576843;187,27188110351562;203,63516235351562;186;
356,669;0,615373432636261;187,27188110351562;203,63516235351562;186;
356,67;0,6898661851882935;187,27188110351562;203,63516235351562;186;
356,671;0,610214352607727;187,27188110351562;203,63516235351562;186;
356,672;0,6110844612121582;189,0943603515625;174,82362365722656;186;
356,673;0,6099080443382263;189,0943603515625;174,82362365722656;186;
356,674;0,6138906478881836;189,0943603515625;174,82362365722656;186;
356,675;0,615373432636261;189,80711364746094;206,68077087402344;186;
356,676;0,6141969561576843;189,80711364746094;206,68077087402344;186;
356,677;0,6913979053497314;189,80711364746094;206,68077087402344;186;
356,678;0,6113908290863037;189,80711364746094;206,68077087402344;186;
356,679;0,610214352607727;189,80711364746094;206,68077087402344;186;
356,68;0,6099080443382263;188,43124389648438;172,34262084960938;186;
356,681;0,6922680139541626;188,43124389648438;172,34262084960938;186;
356,682;0,6138906478881836;188,43124389648438;172,34262084960938;186;
356,683;0,6141969561576843;190,04714965820312;225,8617401123047;186;
356,684;0,615373432636261;190,04714965820312;225,8617401123047;186;
356,685;0,6904788017272949;190,04714965820312;225,8617401123047;186;
356,686;0,610214352607727;190,04714965820312;225,8617401123047;186;
356,687;0,6110844612121582;189,35496520996094;160,81622314453125;186;
356,688;0,6099080443382263;189,35496520996094;160,81622314453125;186;
356,689;0,6138906478881836;189,35496520996094;160,81622314453125;186;
356,69;0,615373432636261;189,35496520996094;160,81622314453125;186;
356,691;0,6141969561576843;187,86810302734375;211,1083526611328;186;
356,693;0,6910426020622253;187,86810302734375;211,1083526611328;186;
356,694;0,6099080443382263;189,60879516601562;180,5740509033203;186;
356,696;0,6913489699363708;189,60879516601562;180,5740509033203;186;
356,697;0,6138906478881836;189,60879516601562;180,5740509033203;186;
356,698;0,6141969561576843;189,06834411621094;198,7538604736328;186;
356,699;0,615373432636261;189,06834411621094;198,7538604736328;186;
356,7;0,6913979053497314;189,06834411621094;198,7538604736328;186;
356,701;0,610214352607727;189,06834411621094;198,7538604736328;186;
356,702;0,6110844612121582;188,479248046875;170,87295532226562;186;
356,703;0,6099080443382263;188,479248046875;170,87295532226562;186;
356,704;0,6910915374755859;188,479248046875;170,87295532226562;186;
356,705;0,615373432636261;191,15762329101562;235,64524841308594;186;
356,706;0,6141969561576843;191,15762329101562;235,64524841308594;186;
356,707;0,6904788017272949;191,15762329101562;235,64524841308594;186;
356,708;0,6113908290863037;191,15762329101562;235,64524841308594;186;
356,709;0,610214352607727;191,15762329101562;235,64524841308594;186;
356,71;0,6099080443382263;189,1650390625;160,1734619140625;186;
356,711;0,6922680139541626;189,1650390625;160,1734619140625;186;
356,712;0,6138906478881836;189,1650390625;160,1734619140625;186;
356,713;0,6141969561576843;186,75914001464844;201,11444091796875;186;
356,714;0,615373432636261;186,75914001464844;201,11444091796875;186;
356,715;0,6141969561576843;186,75914001464844;201,11444091796875;186;
356,716;0,610214352607727;186,75914001464844;201,11444091796875;186;
356,717;0,6110844612121582;190,13731384277344;183,2437286376953;186;
356,718;0,6099080443382263;190,13731384277344;183,2437286376953;186;
356,719;0,6901724934577942;190,13731384277344;183,2437286376953;186;
356,72;0,6150670647621155;190,13731384277344;183,2437286376953;186;
356,721;0,6141969561576843;189,5415496826172;205,37445068359375;186;
356,723;0,6113908290863037;189,5415496826172;205,37445068359375;186;
356,724;0,610214352607727;189,5415496826172;205,37445068359375;186;
356,725;0,6099080443382263;187,0897216796875;164,17616271972656;186;
356,726;0,6110844612121582;187,0897216796875;164,17616271972656;186;
356,727;0,6910915374755859;187,0897216796875;164,17616271972656;186;
356,728;0,6141969561576843;190,32920837402344;232,36607360839844;186;
356,729;0,615373432636261;190,32920837402344;232,36607360839844;186;
356,73;0,6904788017272949;190,32920837402344;232,36607360839844;186;
356,731;0,610214352607727;190,32920837402344;232,36607360839844;186;
356,732;0,6110844612121582;189,71725463867188;167,0040283203125;186;
356,733;0,6099080443382263;189,71725463867188;167,0040283203125;186;
356,734;0,6910915374755859;189,71725463867188;167,0040283203125;186;
356,735;0,6150670647621155;189,71725463867188;167,0040283203125;186;
356,736;0,6141969561576843;186,567138671875;201,78953552246094;186;
356,738;0,6910426020622253;186,567138671875;201,78953552246094;186;
356,739;0,610214352607727;186,567138671875;201,78953552246094;186;
356,74;0,6099080443382263;189,16131591796875;176,82925415039062;186;
356,741;0,6110844612121582;189,16131591796875;176,82925415039062;186;
356,742;0,6138906478881836;189,16131591796875;176,82925415039062;186;
356,743;0,6141969561576843;190,08470153808594;209,78224182128906;186;
356,744;0,615373432636261;190,08470153808594;209,78224182128906;186;
356,745;0,6913979053497314;190,08470153808594;209,78224182128906;186;
356,746;0,610214352607727;190,08470153808594;209,78224182128906;186;
356,747;0,6113908290863037;190,08470153808594;209,78224182128906;186;
356,748;0,6099080443382263;187,8534393310547;167,86680603027344;186;
356,749;0,6910915374755859;187,8534393310547;167,86680603027344;186;
356,75;0,6150670647621155;187,8534393310547;167,86680603027344;186;
356,751;0,6141969561576843;189,77340698242188;225,3114776611328;186;
356,753;0,6916553378105164;189,77340698242188;225,3114776611328;186;
356,754;0,610214352607727;189,77340698242188;225,3114776611328;186;
356,755;0,6099080443382263;189,90455627441406;164,96461486816406;186;
356,756;0,6110844612121582;189,90455627441406;164,96461486816406;186;
356,757;0,6138906478881836;189,90455627441406;164,96461486816406;186;
356,759;0,615373432636261;187,73976135253906;208,79855346679688;186;
356,76;0,6141969561576843;187,73976135253906;208,79855346679688;186;
356,761;0,610214352607727;187,73976135253906;208,79855346679688;186;
356,762;0,6113908290863037;187,73976135253906;208,79855346679688;186;
356,763;0,6099080443382263;189,04605102539062;175,6409149169922;186;
356,764;0,6901724934577942;189,04605102539062;175,6409149169922;186;
356,765;0,6709494590759277;189,04605102539062;175,6409149169922;186;
356,766;0,6141969561576843;189,21713256835938;203,359619140625;186;
356,768;0,6925743818283081;189,21713256835938;203,359619140625;186;
356,769;0,610214352607727;189,21713256835938;203,359619140625;186;
356,77;0,6099080443382263;188,61599731445312;172,7139892578125;186;
356,771;0,6110844612121582;188,61599731445312;172,7139892578125;186;
356,772;0,6910915374755859;188,61599731445312;172,7139892578125;186;
356,773;0,6141969561576843;191,01715087890625;236,2008056640625;186;
356,774;0,615373432636261;191,01715087890625;236,2008056640625;186;
356,775;0,6904788017272949;191,01715087890625;236,2008056640625;186;
356,776;0,610214352607727;191,01715087890625;236,2008056640625;186;
356,777;0,6113908290863037;191,01715087890625;236,2008056640625;186;
356,778;0,6099080443382263;189,23574829101562;157,4465789794922;186;
356,779;0,6910915374755859;189,23574829101562;157,4465789794922;186;
356,78;0,6150670647621155;189,23574829101562;157,4465789794922;186;
356,781;0,6141969561576843;187,51284790039062;207,1793975830078;186;
356,783;0,615373432636261;187,51284790039062;207,1793975830078;186;
356,784;0,610214352607727;187,51284790039062;207,1793975830078;186;
356,785;0,6099080443382263;190,17491149902344;182,99270629882812;186;
356,786;0,6110844612121582;190,17491149902344;182,99270629882812;186;
356,787;0,6901724934577942;190,17491149902344;182,99270629882812;186;
356,788;0,6138906478881836;190,17491149902344;182,99270629882812;186;
356,789;0,615373432636261;189,51539611816406;202,6056671142578;186;
356,79;0,6141969561576843;189,51539611816406;202,6056671142578;186;
356,791;0,610214352607727;189,51539611816406;202,6056671142578;186;
356,792;0,6113908290863037;189,51539611816406;202,6056671142578;186;
356,793;0,6099080443382263;188,13636779785156;166,58750915527344;186;
356,795;0,6150670647621155;188,13636779785156;166,58750915527344;186;
356,796;0,6141969561576843;191,59934997558594;241,0308837890625;186;
356,798;0,6916553378105164;191,59934997558594;241,0308837890625;186;
356,799;0,610214352607727;191,59934997558594;241,0308837890625;186;
356,8;0,6099080443382263;189,83334350585938;161,8554229736328;186;
356,801;0,6110844612121582;189,83334350585938;161,8554229736328;186;
356,802;0,6910915374755859;189,83334350585938;161,8554229736328;186;
356,803;0,6138906478881836;189,83334350585938;161,8554229736328;186;
356,804;0,615373432636261;186,57077026367188;201,18174743652344;186;
356,805;0,6141969561576843;186,57077026367188;201,18174743652344;186;
356,806;0,6898661851882935;186,57077026367188;201,18174743652344;186;
356,807;0,6113908290863037;186,57077026367188;201,18174743652344;186;
356,808;0,6099080443382263;190,05841064453125;179,7103271484375;186;
356,81;0,6150670647621155;190,05841064453125;179,7103271484375;186;
356,811;0,6141969561576843;190,5026092529297;211,4796905517578;186;
356,813;0,6925743818283081;190,5026092529297;211,4796905517578;186;
356,814;0,610214352607727;190,5026092529297;211,4796905517578;186;
356,816;0,6110844612121582;187,8717803955078;165,21397399902344;186;
356,817;0,6910915374755859;187,8717803955078;165,21397399902344;186;
356,818;0,6138906478881836;187,8717803955078;165,21397399902344;186;
356,819;0,615373432636261;189,96832275390625;223,9266357421875;186;
356,82;0,6141969561576843;189,96832275390625;223,9266357421875;186;
356,821;0,6904788017272949;189,96832275390625;223,9266357421875;186;
356,822;0,6113908290863037;189,96832275390625;223,9266357421875;186;
356,823;0,6099080443382263;190,54034423828125;170,1715545654297;186;
356,825;0,6150670647621155;190,54034423828125;170,1715545654297;186;
356,826;0,6141969561576843;187,4178466796875;206,2552947998047;186;
356,828;0,615373432636261;187,4178466796875;206,2552947998047;186;
356,829;0,610214352607727;187,4178466796875;206,2552947998047;186;
356,831;0,6110844612121582;189,15386962890625;172,81329345703125;186;
356,832;0,6901724934577942;189,15386962890625;172,81329345703125;186;
356,833;0,6138906478881836;189,15386962890625;172,81329345703125;186;
356,834;0,615373432636261;190,09597778320312;210,03878784179688;186;
356,835;0,6141969561576843;190,09597778320312;210,03878784179688;186;
356,836;0,6913979053497314;190,09597778320312;210,03878784179688;186;
356,837;0,6113908290863037;190,09597778320312;210,03878784179688;186;
356,838;0,6099080443382263;188,87899780273438;171,36004638671875;186;
356,84;0,6922680139541626;188,87899780273438;171,36004638671875;186;
356,841;0,6141969561576843;189,98333740234375;223,0955810546875;186;
356,843;0,6916553378105164;189,98333740234375;223,0955810546875;186;
356,844;0,610214352607727;189,98333740234375;223,0955810546875;186;
356,846;0,6110844612121582;189,79214477539062;164,06414794921875;186;
356,847;0,6910915374755859;189,79214477539062;164,06414794921875;186;
356,848;0,6138906478881836;189,79214477539062;164,06414794921875;186;
356,849;0,615373432636261;188,6678009033203;212,00177001953125;186;
356,85;0,6141969561576843;188,6678009033203;212,00177001953125;186;
356,851;0,6898661851882935;188,6678009033203;212,00177001953125;186;
356,852;0,6113908290863037;188,6678009033203;212,00177001953125;186;
356,853;0,6099080443382263;190,25390625;181,06356811523438;186;
356,855;0,6150670647621155;190,25390625;181,06356811523438;186;
356,856;0,6138906478881836;190,25390625;181,06356811523438;186;
356,857;0,6141969561576843;189,26553344726562;197,31857299804688;186;
356,858;0,615373432636261;189,26553344726562;197,31857299804688;186;
356,859;0,610214352607727;189,26553344726562;197,31857299804688;186;
356,861;0,6110844612121582;189,00518798828125;171,091796875;186;
356,862;0,6099080443382263;189,00518798828125;171,091796875;186;
356,863;0,6138906478881836;189,00518798828125;171,091796875;186;
356,864;0,615373432636261;191,47348022460938;237,22613525390625;186;
356,865;0,6141969561576843;191,47348022460938;237,22613525390625;186;
356,866;0,6904788017272949;191,47348022460938;237,22613525390625;186;
356,867;0,6113908290863037;191,47348022460938;237,22613525390625;186;
356,868;0,6099080443382263;189,85206604003906;161,48583984375;186;
356,87;0,6150670647621155;189,85206604003906;161,48583984375;186;
356,871;0,6138906478881836;189,85206604003906;161,48583984375;186;
356,872;0,6141969561576843;187,73609924316406;201,72183227539062;186;
356,873;0,615373432636261;187,73609924316406;201,72183227539062;186;
356,874;0,6898661851882935;187,73609924316406;201,72183227539062;186;
356,875;0,610214352607727;187,73609924316406;201,72183227539062;186;
356,876;0,6110844612121582;190,4950714111328;182,5481414794922;186;
356,877;0,6901724934577942;190,4950714111328;182,5481414794922;186;
356,878;0,6138906478881836;190,4950714111328;182,5481414794922;186;
356,879;0,615373432636261;190,04714965820312;207,6445770263672;186;
356,88;0,6141969561576843;190,04714965820312;207,6445770263672;186;
356,881;0,7490449547767639;190,04714965820312;207,6445770263672;186;
356,882;0,6113908290863037;190,04714965820312;207,6445770263672;186;
356,883;0,6099080443382263;187,673828125;165,14588928222656;186;
356,885;0,6922680139541626;187,673828125;165,14588928222656;186;
356,886;0,6138906478881836;187,673828125;165,14588928222656;186;
356,887;0,6141969561576843;190,79739379882812;228,82794189453125;186;
356,888;0,615373432636261;190,79739379882812;228,82794189453125;186;
356,889;0,610214352607727;190,79739379882812;228,82794189453125;186;
356,891;0,6110844612121582;190,43472290039062;168,78591918945312;186;
356,892;0,6910915374755859;190,43472290039062;168,78591918945312;186;
356,893;0,6138906478881836;190,43472290039062;168,78591918945312;186;
356,894;0,615373432636261;186,9915313720703;200,44383239746094;186;
356,895;0,6141969561576843;186,9915313720703;200,44383239746094;186;
356,896;0,6898661851882935;186,9915313720703;200,44383239746094;186;
356,897;0,6113908290863037;186,9915313720703;200,44383239746094;186;
356,898;0,6099080443382263;189,51165771484375;177,8231201171875;186;
356,9;0,6913489699363708;189,51165771484375;177,8231201171875;186;
356,901;0,6138906478881836;189,51165771484375;177,8231201171875;186;
356,902;0,6141969561576843;190,71792602539062;213,204833984375;186;
356,903;0,615373432636261;190,71792602539062;213,204833984375;186;
356,904;0,6913979053497314;190,71792602539062;213,204833984375;186;
356,905;0,610214352607727;190,71792602539062;213,204833984375;186;
356,906;0,6110844612121582;188,63449096679688;168,31332397460938;186;
356,907;0,6099080443382263;188,63449096679688;168,31332397460938;186;
356,908;0,6138906478881836;188,63449096679688;168,31332397460938;186;
356,909;0,615373432636261;190,2915496826172;224,8900146484375;186;
356,91;0,6141969561576843;190,2915496826172;224,8900146484375;186;
356,911;0,6904788017272949;190,2915496826172;224,8900146484375;186;
356,912;0,6113908290863037;190,2915496826172;224,8900146484375;186;
356,913;0,6099080443382263;190,51016235351562;166,47218322753906;186;
356,915;0,6922680139541626;190,51016235351562;166,47218322753906;186;
356,916;0,6138906478881836;190,51016235351562;166,47218322753906;186;
356,917;0,6141969561576843;188,60861206054688;208,61740112304688;186;
356,918;0,615373432636261;188,60861206054688;208,61740112304688;186;
356,919;0,6898661851882935;188,60861206054688;208,61740112304688;186;
356,92;0,610214352607727;188,60861206054688;208,61740112304688;186;
356,921;0,6110844612121582;189,34750366210938;173,63693237304688;186;
356,922;0,6099080443382263;189,34750366210938;173,63693237304688;186;
356,923;0,6138906478881836;189,34750366210938;173,63693237304688;186;
356,924;0,615373432636261;190,08094787597656;207,21510314941406;186;
356,925;0,6141969561576843;190,08094787597656;207,21510314941406;186;
356,926;0,6913979053497314;190,08094787597656;207,21510314941406;186;
356,927;0,6113908290863037;190,08094787597656;207,21510314941406;186;
356,928;0,610214352607727;190,08094787597656;207,21510314941406;186;
356,929;0,6099080443382263;189,39224243164062;173,1118927001953;186;
356,93;0,6922680139541626;189,39224243164062;173,1118927001953;186;
356,931;0,6138906478881836;189,39224243164062;173,1118927001953;186;
356,932;0,6141969561576843;191,67190551757812;238,78094482421875;186;
356,933;0,615373432636261;191,67190551757812;238,78094482421875;186;
356,934;0,610214352607727;191,67190551757812;238,78094482421875;186;
356,936;0,609319806098938;189,83709716796875;157,61170959472656;186;
356,937;0,6099080443382263;189,83709716796875;157,61170959472656;186;
356,938;0,6138906478881836;189,83709716796875;157,61170959472656;186;
356,939;0,6150670647621155;189,83709716796875;157,61170959472656;186;
356,94;0,6141969561576843;187,8277587890625;204,18853759765625;186;
356,942;0,6910426020622253;187,8277587890625;204,18853759765625;186;
356,943;0,6099080443382263;187,8277587890625;204,18853759765625;186;
356,944;0,6099080443382263;190,05841064453125;181,58316040039062;186;
356,945;0,6913489699363708;190,05841064453125;181,58316040039062;186;
356,946;0,6138906478881836;190,05841064453125;181,58316040039062;186;
356,947;0,6141969561576843;189,88580322265625;206,9654083251953;186;
356,948;0,615373432636261;189,88580322265625;206,9654083251953;186;
356,949;0,6913979053497314;189,88580322265625;206,9654083251953;186;
356,95;0,610214352607727;189,88580322265625;206,9654083251953;186;
356,951;0,6110844612121582;188,70481872558594;166,0353546142578;186;
356,952;0,6099080443382263;188,70481872558594;166,0353546142578;186;
356,953;0,6910915374755859;188,70481872558594;166,0353546142578;186;
356,954;0,615373432636261;191,5802764892578;238,68612670898438;186;
356,955;0,6141969561576843;191,5802764892578;238,68612670898438;186;
356,956;0,6904788017272949;191,5802764892578;238,68612670898438;186;
356,957;0,6113908290863037;191,5802764892578;238,68612670898438;186;
356,958;0,610214352607727;191,5802764892578;238,68612670898438;186;
356,959;0,6099080443382263;190,34426879882812;165,35031127929688;186;
356,96;0,6922680139541626;190,34426879882812;165,35031127929688;186;
356,961;0,6138906478881836;190,34426879882812;165,35031127929688;186;
356,962;0,6141969561576843;186,57077026367188;198,49134826660156;186;
356,963;0,615373432636261;186,57077026367188;198,49134826660156;186;
356,964;0,6898661851882935;186,57077026367188;198,49134826660156;186;
356,965;0,610214352607727;186,57077026367188;198,49134826660156;186;
356,966;0,6110844612121582;190,11477661132812;180,33029174804688;186;
356,967;0,6099080443382263;190,11477661132812;180,33029174804688;186;
356,968;0,6901724934577942;190,11477661132812;180,33029174804688;186;
356,969;0,615373432636261;190,94131469726562;212,07656860351562;186;
356,97;0,6141969561576843;190,94131469726562;212,07656860351562;186;
356,971;0,6913979053497314;190,94131469726562;212,07656860351562;186;
356,972;0,6113908290863037;190,94131469726562;212,07656860351562;186;
356,973;0,610214352607727;190,94131469726562;212,07656860351562;186;
356,974;0,6099080443382263;188,32424926757812;164,22100830078125;186;
356,975;0,6110844612121582;188,32424926757812;164,22100830078125;186;
356,976;0,6138906478881836;188,32424926757812;164,22100830078125;186;
356,977;0,6141969561576843;190,41209411621094;229,04592895507812;186;
356,978;0,615373432636261;190,41209411621094;229,04592895507812;186;
356,979;0,6904788017272949;190,41209411621094;229,04592895507812;186;
356,98;0,610214352607727;190,41209411621094;229,04592895507812;186;
356,981;0,6110844612121582;190,570556640625;167,0040283203125;186;
356,982;0,6099080443382263;190,570556640625;167,0040283203125;186;
356,983;0,6910915374755859;190,570556640625;167,0040283203125;186;
356,984;0,6150670647621155;190,570556640625;167,0040283203125;186;
356,985;0,6141969561576843;187,4324493408203;204,39682006835938;186;
356,987;0,6910426020622253;187,4324493408203;204,39682006835938;186;
356,988;0,610214352607727;187,4324493408203;204,39682006835938;186;
356,989;0,6099080443382263;188,96063232421875;175,35910034179688;186;
356,99;0,6110844612121582;188,96063232421875;175,35910034179688;186;
356,991;0,6138906478881836;188,96063232421875;175,35910034179688;186;
356,992;0,6141969561576843;189,89706420898438;207,07235717773438;186;
356,993;0,615373432636261;189,89706420898438;207,07235717773438;186;
356,994;0,6913979053497314;189,89706420898438;207,07235717773438;186;
356,995;0,610214352607727;189,89706420898438;207,07235717773438;186;
356,996;0,6110844612121582;188,57533264160156;171,213623046875;186;
356,997;0,6099080443382263;188,57533264160156;171,213623046875;186;
356,998;0,6910915374755859;188,57533264160156;171,213623046875;186;
356,999;0,6150670647621155;188,57533264160156;171,213623046875;186;
357;0,6141969561576843;189,67236328125;223,71829223632812;186;
357,002;0,6916553378105164;189,67236328125;223,71829223632812;186;
357,003;0,610214352607727;189,67236328125;223,71829223632812;186;
357,004;0,6099080443382263;189,4258270263672;162,75376892089844;186;
357,005;0,6110844612121582;189,4258270263672;162,75376892089844;186;
357,006;0,6138906478881836;189,4258270263672;162,75376892089844;186;
357,007;0,6141969561576843;187,684814453125;210,18568420410156;186;
357,008;0,615373432636261;187,684814453125;210,18568420410156;186;
357,009;0,6141969561576843;187,684814453125;210,18568420410156;186;
357,01;0,610214352607727;187,684814453125;210,18568420410156;186;
357,011;0,6110844612121582;189,6461944580078;180,27621459960938;186;
357,012;0,6099080443382263;189,6461944580078;180,27621459960938;186;
357,013;0,74664306640625;189,6461944580078;180,27621459960938;186;
357,014;0,6150670647621155;189,6461944580078;180,27621459960938;186;
357,015;0,6141969561576843;188,97547912597656;198,32762145996094;186;
357,017;0,6925743818283081;188,97547912597656;198,32762145996094;186;
357,018;0,610214352607727;188,97547912597656;198,32762145996094;186;
357,019;0,6099080443382263;188,29107666015625;170,75161743164062;186;
357,02;0,6110844612121582;188,29107666015625;170,75161743164062;186;
357,021;0,6910915374755859;188,29107666015625;170,75161743164062;186;
357,022;0,6141969561576843;191,32113647460938;240,59678649902344;186;
357,023;0,615373432636261;191,32113647460938;240,59678649902344;186;
357,024;0,6904788017272949;191,32113647460938;240,59678649902344;186;
357,025;0,610214352607727;191,32113647460938;240,59678649902344;186;
357,026;0,6113908290863037;191,32113647460938;240,59678649902344;186;
357,027;0,6099080443382263;189,0720672607422;157,7771759033203;186;
357,028;0,6910915374755859;189,0720672607422;157,7771759033203;186;
357,029;0,6150670647621155;189,0720672607422;157,7771759033203;186;
357,03;0,6141969561576843;187,0460662841797;202,91343688964844;186;
357,032;0,6910426020622253;187,0460662841797;202,91343688964844;186;
357,033;0,610214352607727;187,0460662841797;202,91343688964844;186;
357,034;0,6081433296203613;190,09597778320312;183,21580505371094;186;
357,035;0,6110844612121582;190,09597778320312;183,21580505371094;186;
357,036;0,6901724934577942;190,09597778320312;183,21580505371094;186;
357,037;0,6138906478881836;190,09597778320312;183,21580505371094;186;
357,038;0,615373432636261;189,69482421875;206,32608032226562;186;
357,039;0,6141969561576843;189,69482421875;206,32608032226562;186;
357,04;0,610214352607727;189,69482421875;206,32608032226562;186;
357,041;0,6113908290863037;189,69482421875;206,32608032226562;186;
357,042;0,6099080443382263;187,2755126953125;164,15374755859375;186;
357,044;0,6150670647621155;187,2755126953125;164,15374755859375;186;
357,045;0,6141969561576843;190,41209411621094;230,49502563476562;186;
357,047;0,6916553378105164;190,41209411621094;230,49502563476562;186;
357,048;0,610214352607727;190,41209411621094;230,49502563476562;186;
357,049;0,6099080443382263;189,81085205078125;166,95765686035156;186;
357,05;0,6110844612121582;189,81085205078125;166,95765686035156;186;
357,051;0,6910915374755859;189,81085205078125;166,95765686035156;186;
357,052;0,6138906478881836;189,81085205078125;166,95765686035156;186;
357,053;0,615373432636261;186,40443420410156;202,98194885253906;186;
357,054;0,6141969561576843;186,40443420410156;202,98194885253906;186;
357,055;0,6898661851882935;186,40443420410156;202,98194885253906;186;
357,056;0,6113908290863037;186,40443420410156;202,98194885253906;186;
357,057;0,6099080443382263;188,9977569580078;173,93838500976562;186;
357,059;0,6150670647621155;188,9977569580078;173,93838500976562;186;
357,06;0,6141969561576843;189,9983367919922;212,5264434814453;186;
357,062;0,6925743818283081;189,9983367919922;212,5264434814453;186;
357,063;0,610214352607727;189,9983367919922;212,5264434814453;186;
357,064;0,6099080443382263;187,97459411621094;169,16590881347656;186;
357,065;0,6110844612121582;187,97459411621094;169,16590881347656;186;
357,066;0,6910915374755859;187,97459411621094;169,16590881347656;186;
357,067;0,6138906478881836;187,97459411621094;169,16590881347656;186;
357,068;0,615373432636261;189,0943603515625;217,6433868408203;186;
357,069;0,6141969561576843;189,0943603515625;217,6433868408203;186;
357,07;0,6904788017272949;189,0943603515625;217,6433868408203;186;
357,071;0,6113908290863037;189,0943603515625;217,6433868408203;186;
357,072;0,6099080443382263;189,75469970703125;168,2191162109375;186;
357,074;0,6150670647621155;189,75469970703125;168,2191162109375;186;
357,075;0,6141969561576843;187,81307983398438;209,45330810546875;186;
357,077;0,615373432636261;187,81307983398438;209,45330810546875;186;
357,078;0,610214352607727;187,81307983398438;209,45330810546875;186;
357,08;0,6110844612121582;189,18362426757812;176,0266571044922;186;
357,081;0,6901724934577942;189,18362426757812;176,0266571044922;186;
357,082;0,6138906478881836;189,18362426757812;176,0266571044922;186;
357,083;0,615373432636261;189,25808715820312;203,669677734375;186;
357,084;0,6141969561576843;189,25808715820312;203,669677734375;186;
357,085;0,6913979053497314;189,25808715820312;203,669677734375;186;
357,086;0,6113908290863037;189,25808715820312;203,669677734375;186;
357,087;0,6099080443382263;189,101806640625;172,88784790039062;186;
357,089;0,6922680139541626;189,101806640625;172,88784790039062;186;
357,09;0,6141969561576843;190,40078735351562;226,41470336914062;186;
357,092;0,6916553378105164;190,40078735351562;226,41470336914062;186;
357,093;0,610214352607727;190,40078735351562;226,41470336914062;186;
357,095;0,6110844612121582;189,0609130859375;161,05319213867188;186;
357,096;0,6910915374755859;189,0609130859375;161,05319213867188;186;
357,097;0,6138906478881836;189,0609130859375;161,05319213867188;186;
357,098;0,615373432636261;187,8314208984375;205,26925659179688;186;
357,099;0,6141969561576843;187,8314208984375;205,26925659179688;186;
357,1;0,6898661851882935;187,8314208984375;205,26925659179688;186;
357,101;0,6113908290863037;187,8314208984375;205,26925659179688;186;
357,102;0,6099080443382263;190,08470153808594;183,83212280273438;186;
357,104;0,6913489699363708;190,08470153808594;183,83212280273438;186;
357,105;0,6138906478881836;190,08470153808594;183,83212280273438;186;
357,106;0,6141969561576843;189,25808715820312;201,68798828125;186;
357,107;0,615373432636261;189,25808715820312;201,68798828125;186;
357,108;0,610214352607727;189,25808715820312;201,68798828125;186;
357,11;0,6110844612121582;187,677490234375;165,64646911621094;186;
357,111;0,6099080443382263;187,677490234375;165,64646911621094;186;
357,112;0,6138906478881836;187,677490234375;165,64646911621094;186;
357,113;0,615373432636261;191,2488555908203;243,07766723632812;186;
357,114;0,6141969561576843;191,2488555908203;243,07766723632812;186;
357,115;0,6904788017272949;191,2488555908203;243,07766723632812;186;
357,116;0,6113908290863037;191,2488555908203;243,07766723632812;186;
357,117;0,6099080443382263;189,38851928710938;161,42079162597656;186;
357,119;0,6922680139541626;189,38851928710938;161,42079162597656;186;
357,12;0,6138906478881836;189,38851928710938;161,42079162597656;186;
357,121;0,6141969561576843;186,80630493164062;199,97706604003906;186;
357,122;0,615373432636261;186,80630493164062;199,97706604003906;186;
357,123;0,6898661851882935;186,80630493164062;199,97706604003906;186;
357,124;0,610214352607727;186,80630493164062;199,97706604003906;186;
357,125;0,6110844612121582;189,4146270751953;177,9547119140625;186;
357,126;0,6099080443382263;189,4146270751953;177,9547119140625;186;
357,127;0,6138906478881836;189,4146270751953;177,9547119140625;186;
357,128;0,615373432636261;190,20123291015625;212,90280151367188;186;
357,129;0,6141969561576843;190,20123291015625;212,90280151367188;186;
357,13;0,6913979053497314;190,20123291015625;212,90280151367188;186;
357,131;0,6113908290863037;190,20123291015625;212,90280151367188;186;
357,132;0,610214352607727;190,20123291015625;212,90280151367188;186;
357,133;0,6099080443382263;187,34848022460938;164,4681396484375;186;
357,134;0,6922680139541626;187,34848022460938;164,4681396484375;186;
357,135;0,6138906478881836;187,34848022460938;164,4681396484375;186;
357,136;0,6141969561576843;190,0283660888672;229,5707550048828;186;
357,137;0,615373432636261;190,0283660888672;229,5707550048828;186;
357,138;0,6904788017272949;190,0283660888672;229,5707550048828;186;
357,139;0,610214352607727;190,0283660888672;229,5707550048828;186;
357,14;0,6110844612121582;190,47998046875;168,4312286376953;186;
357,141;0,6910915374755859;190,47998046875;168,4312286376953;186;
357,142;0,6138906478881836;190,47998046875;168,4312286376953;186;
357,143;0,615373432636261;187,03515625;204,60552978515625;186;
357,144;0,6141969561576843;187,03515625;204,60552978515625;186;
357,146;0,6113908290863037;187,03515625;204,60552978515625;186;
357,147;0,6099080443382263;187,03515625;176,1298065185547;186;
357,148;0,6099080443382263;189,3251495361328;176,1298065185547;186;
357,149;0,6913489699363708;189,3251495361328;176,1298065185547;186;
357,15;0,6138906478881836;189,3251495361328;176,1298065185547;186;
357,151;0,6141969561576843;189,89706420898438;205,19918823242188;186;
357,152;0,615373432636261;189,89706420898438;205,19918823242188;186;
357,153;0,6913979053497314;189,89706420898438;205,19918823242188;186;
357,154;0,610214352607727;189,89706420898438;205,19918823242188;186;
357,155;0,6110844612121582;188,9569091796875;171,5556640625;186;
357,156;0,6099080443382263;188,9569091796875;171,5556640625;186;
357,157;0,6910915374755859;188,9569091796875;171,5556640625;186;
357,158;0,615373432636261;190,72171020507812;232,27627563476562;186;
357,159;0,6141969561576843;190,72171020507812;232,27627563476562;186;
357,16;0,6904788017272949;190,72171020507812;232,27627563476562;186;
357,161;0,6113908290863037;190,72171020507812;232,27627563476562;186;
357,162;0,610214352607727;190,72171020507812;232,27627563476562;186;
357,163;0,6099080443382263;190,03964233398438;160,49420166015625;186;
357,164;0,6922680139541626;190,03964233398438;160,49420166015625;186;
357,165;0,6138906478881836;190,03964233398438;160,49420166015625;186;
357,166;0,6141969561576843;188,19158935546875;209,67250061035156;186;
357,167;0,615373432636261;188,19158935546875;209,67250061035156;186;
357,168;0,6898661851882935;188,19158935546875;209,67250061035156;186;
357,169;0,610214352607727;188,19158935546875;209,67250061035156;186;
357,17;0,6110844612121582;189,94955444335938;180,3843994140625;186;
357,171;0,6099080443382263;189,94955444335938;180,3843994140625;186;
357,172;0,6138906478881836;189,94955444335938;180,3843994140625;186;
357,173;0,6150670647621155;189,94955444335938;180,3843994140625;186;
357,174;0,6141969561576843;189,43701171875;199,9438018798828;186;
357,176;0,6113908290863037;189,43701171875;199,9438018798828;186;
357,177;0,610214352607727;189,43701171875;199,9438018798828;186;
357,178;0,6099080443382263;188,85302734375;172,1698455810547;186;
357,179;0,6110844612121582;188,85302734375;172,1698455810547;186;
357,18;0,6138906478881836;188,85302734375;172,1698455810547;186;
357,181;0,6141969561576843;191,55355834960938;233,8576202392578;186;
357,182;0,615373432636261;191,55355834960938;233,8576202392578;186;
357,183;0,6904788017272949;191,55355834960938;233,8576202392578;186;
357,184;0,610214352607727;191,55355834960938;233,8576202392578;186;
357,185;0,6110844612121582;189,77716064453125;160,77320861816406;186;
357,186;0,6099080443382263;189,77716064453125;160,77320861816406;186;
357,187;0,6910915374755859;189,77716064453125;160,77320861816406;186;
357,188;0,6150670647621155;189,77716064453125;160,77320861816406;186;
357,189;0,6141969561576843;187,15890502929688;204,29261779785156;186;
357,191;0,6910426020622253;187,15890502929688;204,29261779785156;186;
357,192;0,610214352607727;187,15890502929688;204,29261779785156;186;
357,193;0,6099080443382263;190,24261474609375;180,5740509033203;186;
357,194;0,6913489699363708;190,24261474609375;180,5740509033203;186;
357,195;0,6138906478881836;190,24261474609375;180,5740509033203;186;
357,196;0,6141969561576843;190,38571166992188;211,0712890625;186;
357,197;0,615373432636261;190,38571166992188;211,0712890625;186;
357,198;0,6913979053497314;190,38571166992188;211,0712890625;186;
357,199;0,610214352607727;190,38571166992188;211,0712890625;186;
357,2;0,6110844612121582;187,9635772705078;164,333251953125;186;
357,201;0,6099080443382263;187,9635772705078;164,333251953125;186;
357,202;0,6910915374755859;187,9635772705078;164,333251953125;186;
357,203;0,6150670647621155;187,9635772705078;164,333251953125;186;
357,204;0,6141969561576843;190,97164916992188;230,89341735839844;186;
357,206;0,6113908290863037;190,97164916992188;230,89341735839844;186;
357,207;0,610214352607727;190,97164916992188;230,89341735839844;186;
357,208;0,6099080443382263;190,37442016601562;168,36045837402344;186;
357,209;0,6922680139541626;190,37442016601562;168,36045837402344;186;
357,21;0,6138906478881836;190,37442016601562;168,36045837402344;186;
357,211;0,6141969561576843;187,2864532470703;201,24908447265625;186;
357,212;0,615373432636261;187,2864532470703;201,24908447265625;186;
357,213;0,6898661851882935;187,2864532470703;201,24908447265625;186;
357,214;0,610214352607727;187,2864532470703;201,24908447265625;186;
357,215;0,6110844612121582;189,69482421875;176,1298065185547;186;
357,216;0,6099080443382263;189,69482421875;176,1298065185547;186;
357,217;0,6901724934577942;189,69482421875;176,1298065185547;186;
357,218;0,6150670647621155;189,69482421875;176,1298065185547;186;
357,219;0,6141969561576843;190,66500854492188;213,6595001220703;186;
357,221;0,6113908290863037;190,66500854492188;213,6595001220703;186;
357,222;0,610214352607727;190,66500854492188;213,6595001220703;186;
357,223;0,6099080443382263;188,72703552246094;167,539306640625;186;
357,224;0,6110844612121582;188,72703552246094;167,539306640625;186;
357,225;0,6138906478881836;188,72703552246094;167,539306640625;186;
357,226;0,6141969561576843;190,26519775390625;227,52877807617188;186;
357,227;0,615373432636261;190,26519775390625;227,52877807617188;186;
357,228;0,6904788017272949;190,26519775390625;227,52877807617188;186;
357,229;0,610214352607727;190,26519775390625;227,52877807617188;186;
357,23;0,6110844612121582;190,34426879882812;164,80630493164062;186;
357,231;0,6099080443382263;190,34426879882812;164,80630493164062;186;
357,232;0,6910915374755859;190,34426879882812;164,80630493164062;186;
357,233;0,6150670647621155;190,34426879882812;164,80630493164062;186;
357,234;0,6141969561576843;188,38694763183594;209,7456512451172;186;
357,236;0,6910426020622253;188,38694763183594;209,7456512451172;186;
357,237;0,610214352607727;188,38694763183594;209,7456512451172;186;
357,238;0,6099080443382263;189,26553344726562;174,13992309570312;186;
357,239;0,6110844612121582;189,26553344726562;174,13992309570312;186;
357,24;0,6138906478881836;189,26553344726562;174,13992309570312;186;
357,241;0,6141969561576843;189,75469970703125;205,76109313964844;186;
357,242;0,615373432636261;189,75469970703125;205,76109313964844;186;
357,243;0,6913979053497314;189,75469970703125;205,76109313964844;186;
357,244;0,610214352607727;189,75469970703125;205,76109313964844;186;
357,245;0,6113908290863037;189,75469970703125;205,76109313964844;186;
357,246;0,6099080443382263;189,34750366210938;173,36151123046875;186;
357,247;0,6910915374755859;189,34750366210938;173,36151123046875;186;
357,248;0,6150670647621155;189,34750366210938;173,36151123046875;186;
357,249;0,6141969561576843;191,28688049316406;235,1842803955078;186;
357,251;0,6113908290863037;191,28688049316406;235,1842803955078;186;
357,252;0,610214352607727;191,28688049316406;235,1842803955078;186;
357,253;0,6099080443382263;189,81460571289062;158,90325927734375;186;
357,254;0,6110844612121582;189,81460571289062;158,90325927734375;186;
357,255;0,6138906478881836;189,81460571289062;158,90325927734375;186;
357,257;0,615373432636261;187,640869140625;204,77978515625;186;
357,258;0,6141969561576843;187,640869140625;204,77978515625;186;
357,259;0,6898661851882935;187,640869140625;204,77978515625;186;
357,26;0,6110844612121582;190,46865844726562;184,0009307861328;186;
357,261;0,6099080443382263;190,46865844726562;184,0009307861328;186;
357,262;0,6901724934577942;190,46865844726562;184,0009307861328;186;
357,263;0,6150670647621155;190,46865844726562;184,0009307861328;186;
357,264;0,6141969561576843;189,79214477539062;203,359619140625;186;
357,266;0,6925743818283081;189,79214477539062;203,359619140625;186;
357,267;0,610214352607727;189,79214477539062;203,359619140625;186;
357,268;0,6099080443382263;188,69371032714844;167,0040283203125;186;
357,269;0,6110844612121582;188,69371032714844;167,0040283203125;186;
357,27;0,6910915374755859;188,69371032714844;167,0040283203125;186;
357,271;0,6141969561576843;191,30972290039062;233,63040161132812;186;
357,272;0,615373432636261;191,30972290039062;233,63040161132812;186;
357,273;0,6904788017272949;191,30972290039062;233,63040161132812;186;
357,274;0,610214352607727;191,30972290039062;233,63040161132812;186;
357,275;0,6113908290863037;191,30972290039062;233,63040161132812;186;
357,276;0,607555091381073;190,12228393554688;165,8521270751953;186;
357,277;0,6910915374755859;190,12228393554688;165,8521270751953;186;
357,278;0,6150670647621155;190,12228393554688;165,8521270751953;186;
357,279;0,6141969561576843;186,84259033203125;200,37701416015625;186;
357,281;0,6910426020622253;186,84259033203125;200,37701416015625;186;
357,282;0,610214352607727;186,84259033203125;200,37701416015625;186;
357,283;0,6099080443382263;189,9945831298828;179,12127685546875;186;
357,284;0,6110844612121582;189,9945831298828;179,12127685546875;186;
357,285;0,6901724934577942;189,9945831298828;179,12127685546875;186;
357,286;0,6141969561576843;190,86175537109375;213,12924194335938;186;
357,287;0,615373432636261;190,86175537109375;213,12924194335938;186;
357,288;0,6913979053497314;190,86175537109375;213,12924194335938;186;
357,289;0,610214352607727;190,86175537109375;213,12924194335938;186;
357,29;0,6113908290863037;190,86175537109375;213,12924194335938;186;
357,291;0,6099080443382263;188,25421142578125;166,2419891357422;186;
357,292;0,6910915374755859;188,25421142578125;166,2419891357422;186;
357,293;0,6150670647621155;188,25421142578125;166,2419891357422;186;
357,294;0,6141969561576843;190,36309814453125;224,8900146484375;186;
357,296;0,6916553378105164;190,36309814453125;224,8900146484375;186;
357,297;0,6125673055648804;190,36309814453125;224,8900146484375;186;
357,298;0,6099080443382263;190,74063110351562;169,35653686523438;186;
357,299;0,6110844612121582;190,74063110351562;169,35653686523438;186;
357,3;0,6138906478881836;190,74063110351562;169,35653686523438;186;
357,302;0,615373432636261;188,02236938476562;204,64035034179688;186;
357,303;0,6141969561576843;188,02236938476562;204,64035034179688;186;
357,304;0,6898661851882935;188,02236938476562;204,64035034179688;186;
357,305;0,6113908290863037;188,02236938476562;204,64035034179688;186;
357,306;0,6099080443382263;189,45567321777344;175,20578002929688;186;
357,308;0,6150670647621155;189,45567321777344;175,20578002929688;186;
357,309;0,6141969561576843;190,19747924804688;207,21510314941406;186;
357,311;0,6925743818283081;190,19747924804688;207,21510314941406;186;
357,312;0,610214352607727;190,19747924804688;207,21510314941406;186;
357,313;0,6099080443382263;189,23574829101562;172,51571655273438;186;
357,314;0,6110844612121582;189,23574829101562;172,51571655273438;186;
357,315;0,6910915374755859;189,23574829101562;172,51571655273438;186;
357,316;0,6138906478881836;189,23574829101562;172,51571655273438;186;
357,317;0,615373432636261;190,03213500976562;221,49264526367188;186;
357,318;0,6904788017272949;190,03213500976562;221,49264526367188;186;
357,319;0,610214352607727;190,03213500976562;221,49264526367188;186;
357,32;0,6113908290863037;190,03213500976562;221,49264526367188;186;
357,321;0,6099080443382263;189,55274963378906;163,35081481933594;186;
357,323;0,6150670647621155;189,55274963378906;163,35081481933594;186;
357,324;0,6141969561576843;188,27264404296875;211,25672912597656;186;
357,326;0,615373432636261;188,27264404296875;211,25672912597656;186;
357,327;0,610214352607727;188,27264404296875;211,25672912597656;186;
357,328;0,6099080443382263;189,9195556640625;180,62831115722656;186;
357,329;0,6110844612121582;189,9195556640625;180,62831115722656;186;
357,33;0,6901724934577942;189,9195556640625;180,62831115722656;186;
357,331;0,6138906478881836;189,9195556640625;180,62831115722656;186;
357,332;0,615373432636261;189,27670288085938;198,81959533691406;186;
357,333;0,6141969561576843;189,27670288085938;198,81959533691406;186;
357,334;0,6913979053497314;189,27670288085938;198,81959533691406;186;
357,335;0,6113908290863037;189,27670288085938;198,81959533691406;186;
357,336;0,6099080443382263;188,63449096679688;170,89724731445312;186;
357,338;0,6922680139541626;188,63449096679688;170,89724731445312;186;
357,339;0,6122056245803833;191,477294921875;238,30764770507812;186;
357,341;0,6896640062332153;191,477294921875;238,30764770507812;186;
357,342;0,6082230806350708;191,477294921875;238,30764770507812;186;
357,344;0,6110844612121582;189,24691772460938;159,0083465576172;186;
357,345;0,6910915374755859;189,24691772460938;159,0083465576172;186;
357,346;0,6138906478881836;189,24691772460938;159,0083465576172;186;
357,347;0,615373432636261;187,12249755859375;200,2101593017578;186;
357,348;0,6141969561576843;187,12249755859375;200,2101593017578;186;
357,349;0,6898661851882935;187,12249755859375;200,2101593017578;186;
357,35;0,6113908290863037;187,12249755859375;200,2101593017578;186;
357,351;0,6099080443382263;190,39703369140625;185,6488800048828;186;
357,353;0,6913489699363708;190,39703369140625;185,6488800048828;186;
357,354;0,6141969561576843;189,94580078125;206,89418029785156;186;
357,356;0,6925743818283081;189,94580078125;206,89418029785156;186;
357,357;0,610214352607727;189,94580078125;206,89418029785156;186;
357,359;0,6110844612121582;187,42514038085938;163,86289978027344;186;
357,36;0,6099080443382263;187,42514038085938;163,86289978027344;186;
357,361;0,6138906478881836;187,42514038085938;163,86289978027344;186;
357,362;0,615373432636261;190,54034423828125;230,84909057617188;186;
357,363;0,6141969561576843;190,54034423828125;230,84909057617188;186;
357,364;0,6904788017272949;190,54034423828125;230,84909057617188;186;
357,365;0,6113908290863037;190,54034423828125;230,84909057617188;186;
357,366;0,6099080443382263;190,10348510742188;168,12503051757812;186;
357,368;0,6150670647621155;190,10348510742188;168,12503051757812;186;
357,369;0,6138906478881836;190,10348510742188;168,12503051757812;186;
357,37;0,6141969561576843;186,469482421875;199,3470458984375;186;
357,371;0,615373432636261;186,469482421875;199,3470458984375;186;
357,372;0,6898661851882935;186,469482421875;199,3470458984375;186;
357,373;0,610214352607727;186,469482421875;199,3470458984375;186;
357,374;0,6110844612121582;189,1427001953125;175,97512817382812;186;
357,375;0,6099080443382263;189,1427001953125;175,97512817382812;186;
357,376;0,6138906478881836;189,1427001953125;175,97512817382812;186;
357,377;0,615373432636261;190,4535675048828;212,60159301757812;186;
357,378;0,6141969561576843;190,4535675048828;212,60159301757812;186;
357,379;0,6913979053497314;190,4535675048828;212,60159301757812;186;
357,38;0,6113908290863037;190,4535675048828;212,60159301757812;186;
357,381;0,6099080443382263;188,04441833496094;168,78591918945312;186;
357,383;0,6922680139541626;188,04441833496094;168,78591918945312;186;
357,384;0,6138906478881836;188,04441833496094;168,78591918945312;186;
357,385;0,6141969561576843;189,53033447265625;222,22958374023438;186;
357,386;0,615373432636261;189,53033447265625;222,22958374023438;186;
357,387;0,610214352607727;189,53033447265625;222,22958374023438;186;
357,389;0,6110844612121582;190,20875549316406;168,00755310058594;186;
357,39;0,6910915374755859;190,20875549316406;168,00755310058594;186;
357,391;0,6138906478881836;190,20875549316406;168,00755310058594;186;
357,392;0,615373432636261;188,23211669921875;209,4898223876953;186;
357,393;0,6141969561576843;188,23211669921875;209,4898223876953;186;
357,394;0,6898661851882935;188,23211669921875;209,4898223876953;186;
357,395;0,6113908290863037;188,23211669921875;209,4898223876953;186;
357,396;0,6099080443382263;189,19479370117188;174,46844482421875;186;
357,398;0,6913489699363708;189,19479370117188;174,46844482421875;186;
357,399;0,6138906478881836;189,19479370117188;174,46844482421875;186;
357,4;0,6141969561576843;189,6761016845703;203,7041778564453;186;
357,401;0,615373432636261;189,6761016845703;203,7041778564453;186;
357,402;0,6913979053497314;189,6761016845703;203,7041778564453;186;
357,403;0,610214352607727;189,6761016845703;203,7041778564453;186;
357,404;0,6110844612121582;189,1092529296875;172,14520263671875;186;
357,405;0,6099080443382263;189,1092529296875;172,14520263671875;186;
357,406;0,6910915374755859;189,1092529296875;172,14520263671875;186;
357,407;0,615373432636261;191,2488555908203;236,38656616210938;186;
357,408;0,6141969561576843;191,2488555908203;236,38656616210938;186;
357,409;0,6904788017272949;191,2488555908203;236,38656616210938;186;
357,41;0,6113908290863037;191,2488555908203;236,38656616210938;186;
357,411;0,6099080443382263;191,2488555908203;236,38656616210938;186;
357,412;0,6099080443382263;189,48553466796875;158,37994384765625;186;
357,413;0,6922680139541626;189,48553466796875;158,37994384765625;186;
357,414;0,6138906478881836;189,48553466796875;158,37994384765625;186;
357,415;0,6141969561576843;187,8277587890625;205,23422241210938;186;
357,416;0,615373432636261;187,8277587890625;205,23422241210938;186;
357,417;0,6898661851882935;187,8277587890625;205,23422241210938;186;
357,418;0,610214352607727;187,8277587890625;205,23422241210938;186;
357,419;0,6110844612121582;189,88206481933594;182,10574340820312;186;
357,42;0,6099080443382263;189,88206481933594;182,10574340820312;186;
357,421;0,6138906478881836;189,88206481933594;182,10574340820312;186;
357,422;0,615373432636261;189,25808715820312;203,56622314453125;186;
357,423;0,6141969561576843;189,25808715820312;203,56622314453125;186;
357,424;0,6913979053497314;189,25808715820312;203,56622314453125;186;
357,425;0,6113908290863037;189,25808715820312;203,56622314453125;186;
357,426;0,610214352607727;189,25808715820312;203,56622314453125;186;
357,427;0,6099080443382263;188,19895935058594;167,51597595214844;186;
357,428;0,6922680139541626;188,19895935058594;167,51597595214844;186;
357,429;0,6138906478881836;188,19895935058594;167,51597595214844;186;
357,43;0,6141969561576843;191,0361328125;233,76669311523438;186;
357,431;0,615373432636261;191,0361328125;233,76669311523438;186;
357,432;0,6904788017272949;191,0361328125;233,76669311523438;186;
357,433;0,610214352607727;191,0361328125;233,76669311523438;186;
357,434;0,6110844612121582;189,8670654296875;164,82891845703125;186;
357,435;0,6099080443382263;189,8670654296875;164,82891845703125;186;
357,436;0,6138906478881836;189,8670654296875;164,82891845703125;186;
357,437;0,6150670647621155;189,8670654296875;164,82891845703125;186;
357,438;0,6141969561576843;186,50926208496094;200,44383239746094;186;
357,44;0,6910426020622253;186,50926208496094;200,44383239746094;186;
357,441;0,610214352607727;186,50926208496094;200,44383239746094;186;
357,442;0,6099080443382263;190,07717895507812;181,5283203125;186;
357,443;0,6913489699363708;190,07717895507812;181,5283203125;186;
357,444;0,6138906478881836;190,07717895507812;181,5283203125;186;
357,445;0,6141969561576843;190,26144409179688;206,9654083251953;186;
357,446;0,615373432636261;190,26144409179688;206,9654083251953;186;
357,447;0,6913979053497314;190,26144409179688;206,9654083251953;186;
357,448;0,610214352607727;190,26144409179688;206,9654083251953;186;
357,449;0,6110844612121582;187,88279724121094;166,01243591308594;186;
357,45;0,6099080443382263;187,88279724121094;166,01243591308594;186;
357,451;0,6910915374755859;187,88279724121094;166,01243591308594;186;
357,452;0,615373432636261;190,27272033691406;228,4366455078125;186;
357,453;0,6141969561576843;190,27272033691406;228,4366455078125;186;
357,455;0,6113908290863037;190,27272033691406;228,4366455078125;186;
357,456;0,610214352607727;190,27272033691406;228,4366455078125;186;
357,457;0,6099080443382263;190,12603759765625;166,610595703125;186;
357,458;0,6922680139541626;190,12603759765625;166,610595703125;186;
357,459;0,6138906478881836;190,12603759765625;166,610595703125;186;
357,46;0,6141969561576843;187,56768798828125;206,1138458251953;186;
357,461;0,615373432636261;187,56768798828125;206,1138458251953;186;
357,462;0,6898661851882935;187,56768798828125;206,1138458251953;186;
357,463;0,610214352607727;187,56768798828125;206,1138458251953;186;
357,464;0,6110844612121582;188,94207763671875;173,71218872070312;186;
357,465;0,6099080443382263;188,94207763671875;173,71218872070312;186;
357,466;0,6901724934577942;188,94207763671875;173,71218872070312;186;
357,467;0,6150670647621155;188,94207763671875;173,71218872070312;186;
357,468;0,6141969561576843;189,5415496826172;205,97259521484375;186;
357,47;0,6925743818283081;189,5415496826172;205,97259521484375;186;
357,471;0,610214352607727;189,5415496826172;205,97259521484375;186;
357,472;0,6822609305381775;188,1474151611328;171,77626037597656;186;
357,473;0,604025661945343;188,1474151611328;171,77626037597656;192;
357,474;0,6044788360595703;188,1474151611328;171,77626037597656;198;
357,475;0,6047852039337158;190,54791259765625;232,77096557617188;204;
357,476;0,6083146333694458;190,54791259765625;232,77096557617188;210;
357,477;0,6810670495033264;190,54791259765625;232,77096557617188;216;
357,478;0,6008026003837585;190,54791259765625;232,77096557617188;216;
357,479;0,604025661945343;189,42208862304688;159,40892028808594;222;
357,48;0,600496232509613;189,42208862304688;159,40892028808594;228;
357,481;0,6816797852516174;189,42208862304688;159,40892028808594;234;
357,482;0,6080082654953003;189,42208862304688;159,40892028808594;240;
357,483;0,6047852039337158;188,52728271484375;218,43423461914062;246;
357,484;0,6047852039337158;188,52728271484375;218,43423461914062;252;
357,485;0,6839838027954102;188,52728271484375;218,43423461914062;252;
357,486;0,6008026003837585;188,52728271484375;218,43423461914062;258;
357,487;0,600496232509613;191,33636474609375;185,9072265625;264;
357,488;0,6842901706695557;191,33636474609375;185,9072265625;270;
357,489;0,6044788360595703;191,33636474609375;185,9072265625;276;
357,49;0,611144483089447;193,46466064453125;227,70114135742188;282;
357,491;0,614673912525177;193,46466064453125;227,70114135742188;282;
357,492;0,607033371925354;193,46466064453125;227,70114135742188;288;
357,493;0,607033371925354;193,46466064453125;227,70114135742188;294;
357,494;0,6102465987205505;194,48570251464844;180,51983642578125;300;
357,495;0,6905195116996765;194,48570251464844;180,51983642578125;306;
357,496;0,6153839826583862;202,27757263183594;305,76348876953125;312;
357,497;0,618913471698761;202,27757263183594;305,76348876953125;318;
357,498;0,6965872645378113;202,27757263183594;305,76348876953125;318;
357,499;0,611144483089447;202,27757263183594;305,76348876953125;324;
357,5;0,6226885318756104;205,260498046875;190,59323120117188;330;
357,501;0,7081990838050842;205,260498046875;190,59323120117188;336;
357,502;0,6235270500183105;205,260498046875;190,59323120117188;342;
357,503;0,6273924708366394;206,978759765625;251,7299041748047;348;
357,504;0,706855058670044;206,978759765625;251,7299041748047;348;
357,505;0,6194950342178345;206,978759765625;251,7299041748047;354;
357,506;0,6351304054260254;218,36480712890625;234,8626708984375;360;
357,507;0,724811315536499;218,36480712890625;234,8626708984375;366;
357,508;0,6405642032623291;226,58004760742188;307,7200012207031;372;
357,509;0,6440936326980591;226,58004760742188;307,7200012207031;378;
357,51;0,6358108520507812;226,58004760742188;307,7200012207031;384;
357,511;0,6378219127655029;232,28187561035156;221,61512756347656;384;
357,512;0,7470875382423401;232,28187561035156;221,61512756347656;390;
357,513;0,6493002772331238;243,9407501220703;364,21148681640625;396;
357,514;0,6620188355445862;243,9407501220703;364,21148681640625;402;
357,515;0,6604094505310059;243,9407501220703;364,21148681640625;408;
357,516;0,6689265966415405;256,0728454589844;250,88941955566406;414;
357,517;0,7789171934127808;256,0728454589844;250,88941955566406;414;
357,518;0,6782668828964233;255,91612243652344;303,9853515625;420;
357,519;0,6747374534606934;255,91612243652344;303,9853515625;426;
357,52;0,6693416237831116;255,91612243652344;303,9853515625;432;
357,521;0,6911188364028931;270,3231201171875;279,2710876464844;438;
357,522;0,8041023015975952;270,3231201171875;279,2710876464844;444;
357,523;0,697219729423523;281,32958984375;355,27838134765625;450;
357,524;0,8153054714202881;281,32958984375;355,27838134765625;450;
357,525;0,6938103437423706;288,8230285644531;284,08837890625;456;
357,526;0,8319557905197144;288,8230285644531;284,08837890625;462;
357,527;0,7164226174354553;295,0064697265625;374,6531982421875;468;
357,528;0,7127819061279297;295,0064697265625;374,6531982421875;474;
357,529;0,695833683013916;295,0064697265625;374,6531982421875;480;
357,53;0,7108859419822693;308,2130432128906;298,4761962890625;480;
357,531;0,7249965071678162;308,2130432128906;298,4761962890625;486;
357,532;0,7255005240440369;307,7593688964844;359,20587158203125;492;
357,533;0,722477912902832;307,7593688964844;359,20587158203125;498;
357,534;0,7308863997459412;319,516845703125;330,11041259765625;504;
357,535;0,7400482892990112;319,516845703125;330,11041259765625;510;
357,536;0,7481077909469604;327,8262939453125;376,6485290527344;516;
357,537;0,7376409769058228;327,8262939453125;376,6485290527344;516;
357,538;0,7433282732963562;334,99688720703125;326,96820068359375;522;
357,539;0,7539235353469849;334,99688720703125;326,96820068359375;528;
357,54;0,7572969794273376;340,88592529296875;416,29571533203125;534;
357,541;0,7501026391983032;340,88592529296875;416,29571533203125;540;
357,542;0,7655205130577087;349,6472473144531;341,0672607421875;546;
357,543;0,756832480430603;349,6472473144531;341,0672607421875;546;
357,544;0,757405698299408;350,6414794921875;383,9866027832031;552;
357,545;0,8225642442703247;350,6414794921875;383,9866027832031;558;
357,546;0,9297835826873779;362,0044250488281;379,62176513671875;564;
357,547;0,7827341556549072;367,9736633300781;412,2983703613281;570;
357,548;0,944534420967102;367,9736633300781;412,2983703613281;576;
357,549;0,7673918008804321;371,6707458496094;355,4884948730469;582;
357,55;0,9404021501541138;371,6707458496094;355,4884948730469;582;
357,551;0,7916445136070251;378,9635925292969;446,27398681640625;588;
357,552;0,7937183380126953;378,9635925292969;446,27398681640625;594;
357,553;0,7993167042732239;387,81085205078125;388,07684326171875;600;
357,554;0,811700701713562;387,2798767089844;411,4517822265625;606;
357,555;0,9643915891647339;387,2798767089844;411,4517822265625;612;
357,556;0,7993167042732239;395,48095703125;399,422607421875;618;
357,557;0,8774177432060242;395,48095703125;399,422607421875;618;
357,558;0,8272492289543152;405,484619140625;475,0146484375;624;
357,559;0,8034129738807678;406,97735595703125;390,3448486328125;630;
357,56;0,9969701766967773;406,97735595703125;390,3448486328125;636;
357,561;0,8272492289543152;412,245361328125;459,9319152832031;642;
357,562;0,8248724937438965;412,245361328125;459,9319152832031;648;
357,563;0,8401718139648438;422,142578125;424,0783386230469;648;
357,564;0,8463270664215088;423,87274169921875;462,230712890625;654;
357,565;1,017193078994751;423,87274169921875;462,230712890625;660;
357,566;0,8309564590454102;428,04168701171875;417,8874206542969;666;
357,567;0,8519847989082336;428,04168701171875;417,8874206542969;672;
357,568;1,0337260961532593;437,7034606933594;495,57379150390625;678;
357,569;0,8526136875152588;441,0150146484375;422,58770751953125;684;
357,57;0,8646835684776306;441,0150146484375;422,58770751953125;684;
357,571;1,0450365543365479;443,8028869628906;502,19805908203125;690;
357,572;0,8588345646858215;452,594970703125;452,148193359375;696;
357,573;0,8773823976516724;452,594970703125;452,148193359375;702;
357,574;1,0611941814422607;455,20831298828125;482,4486999511719;708;
357,575;0,8712764978408813;459,865966796875;458,7035827636719;714;
357,576;0,8837317824363708;459,865966796875;458,7035827636719;714;
357,577;1,082599401473999;466,2188720703125;519,1114501953125;720;
357,578;0,8837183713912964;471,15191650390625;451,8083801269531;726;
357,579;0,8964306712150574;471,15191650390625;451,8083801269531;732;
357,58;1,0928819179534912;477,15911865234375;554,2932739257812;738;
357,581;0,8849882483482361;483,8076171875;468,17059326171875;744;
357,582;0,8925271034240723;482,8118896484375;493,74212646484375;750;
357,583;1,10519540309906;482,8118896484375;493,74212646484375;750;
357,584;0,890991747379303;487,55999755859375;487,7331237792969;756;
357,585;0,8986690044403076;496,982177734375;567,6402587890625;762;
357,586;0,912104070186615;496,982177734375;567,6402587890625;768;
357,587;1,1384063959121704;499,4078369140625;475,76654052734375;774;
357,588;0,9109528064727783;502,88067626953125;550,7384643554688;780;
357,589;0,8994694948196411;511,6824951171875;515,5497436523438;780;
357,59;0,9444059133529663;511,6824951171875;515,5497436523438;786;
357,591;1,1491965055465698;510,37921142578125;542,2922973632812;792;
357,592;0,931132972240448;514,8873291015625;500,317138671875;798;
357,593;0,9267659187316895;525,2633056640625;581,9274291992188;804;
357,594;0,9432581067085266;525,2633056640625;581,9274291992188;810;
357,595;0,9407925605773926;529,251953125;516,6575317382812;816;
357,596;0,9451915621757507;531,3865356445312;587,9031982421875;816;
357,597;0,9294871091842651;538,4669189453125;525,234619140625;822;
357,598;0,9662742018699646;538,4669189453125;525,234619140625;828;
357,599;1,1839690208435059;539,5241088867188;559,7123413085938;834;
357,6;1,1940871477127075;543,180419921875;543,5181274414062;840;
357,601;0,9740268588066101;548,9154052734375;591,6644287109375;846;
357,602;0,9510271549224854;554,3251953125;538,6478881835938;846;
357,603;0,9853224158287048;554,3251953125;538,6478881835938;852;
357,604;0,9544498920440674;559,1591186523438;627,4854736328125;858;
357,605;1,2268040180206299;563,780517578125;549,9826049804688;864;
357,606;0,9884551167488098;562,49462890625;576,9011840820312;870;
357,607;0,9595047831535339;570,502197265625;586,7554931640625;876;
357,608;1,0027364492416382;577,489990234375;618,4475708007812;882;
357,609;0,9931690096855164;577,489990234375;618,4475708007812;882;
357,61;1,2497940063476562;577,6981201171875;544,9964599609375;888;
357,611;1,0004684925079346;583,3037719726562;642,2340087890625;894;
357,612;1,0045336484909058;591,4461059570312;599,6319580078125;900;
357,613;1,00308096408844;588,1907958984375;599,3330078125;906;
357,614;1,0617321729660034;588,1907958984375;599,3330078125;912;
357,615;1,0297683477401733;594,4435424804688;596,952392578125;912;
357,616;0,9960942268371582;603,2045288085938;650,2228393554688;918;
357,617;1,288682460784912;602,1471557617188;578,845458984375;924;
357,618;1,0153647661209106;604,5694580078125;639,5010986328125;930;
357,619;1,029160499572754;617,058837890625;638,143310546875;936;
357,62;1,0533539056777954;616,0706787109375;633,7702026367188;942;
357,621;1,0135365724563599;618,08984375;615,2825317382812;948;
357,622;1,0495675802230835;626,6268920898438;670,1572265625;948;
357,623;1,04603111743927;626,6268920898438;670,1572265625;954;
357,624;1,0568904876708984;627,5672607421875;603,848388671875;960;
357,625;1,0258400440216064;632,02099609375;690,558349609375;966;
357,626;1,0536503791809082;639,5861206054688;633,7702026367188;972;
357,627;1,3340015411376953;641,805419921875;657,6925659179688;978;
357,628;1,0480259656906128;640,9500122070312;631,440185546875;984;
357,629;1,0845723152160645;649,301025390625;705,5528564453125;984;
357,63;1,0730382204055786;648,8192138671875;611,8382568359375;990;
357,631;1,064499855041504;653,1370239257812;708,8809204101562;996;
357,632;1,0530871152877808;660,4473876953125;657,6925659179688;1002;
357,633;1,076783537864685;657,5576171875;666,0731201171875;1008;
357,634;1,0555611848831177;661,3101806640625;662,7684936523438;1014;
357,635;1,0971623659133911;670,1571655273438;734,8790283203125;1014;
357,636;1,067568302154541;672,0301513671875;644,9903564453125;1020;
357,637;1,1062231063842773;672,0301513671875;644,9903564453125;1026;
357,638;1,0891971588134766;671,3734741210938;699,8032836914062;1032;
357,639;1,1114014387130737;682,9578857421875;698,177734375;1038;
357,64;1,1002343893051147;682,5701293945312;705,5528564453125;1044;
357,641;1,1149308681488037;683,1033935546875;661,6741943359375;1050;
357,642;1,1103342771530151;693,896240234375;758,0466918945312;1050;
357,643;1,1262447834014893;694,1466674804688;664,600341796875;1056;
357,644;1,120030164718628;696,9129638671875;760,4440307617188;1062;
357,645;1,1365420818328857;702,7176513671875;687,0068969726562;1068;
357,646;1,1873327493667603;704,1065673828125;710,9769897460938;1074;
357,647;1,14180588722229;704,26123046875;699,396240234375;1080;
357,648;1,1288338899612427;710,7667846679688;761,4072265625;1080;
357,649;1,1451596021652222;713,7733764648438;683,1034545898438;1086;
357,65;1,138529896736145;717,2330932617188;790,44189453125;1092;
357,651;1,158955454826355;724,7454223632812;719,9174194335938;1098;
357,652;1,1399811506271362;727,3212280273438;740,7653198242188;1104;
357,653;1,1664079427719116;734,3739624023438;768,7097778320312;1110;
357,654;1,1336071491241455;734,7666625976562;702,255859375;1116;
357,655;1,1504861116409302;738,4334716796875;794,0964965820312;1116;
357,656;1,1431400775909424;744,95361328125;730,4143676757812;1122;
357,657;1,1627699136734009;740,30908203125;750,4756469726562;1128;
357,658;1,1396106481552124;743,6864013671875;746,2830810546875;1134;
357,659;1,1644119024276733;754,3604736328125;813,4384765625;1140;
357,66;1,1925554275512695;783,6793212890625;1049,0943603515625;1146;
357,661;1,152853012084961;754,8933715820312;591,6644287109375;1146;
357,662;1,16715407371521;762,3728637695312;757,569091796875;1152;
357,663;1,1532630920410156;761,708740234375;788,3685302734375;1158;
357,664;1,1799405813217163;762,2520141601562;734,4300537109375;1164;
357,665;1,2022513151168823;772,2277221679688;835,484375;1170;
357,666;1,2069439888000488;774,154541015625;829,146240234375;1176;
357,667;1,1756318807601929;747,210693359375;754,2421875;1182;
357,668;1,1662992238998413;778,541015625;794,0964965820312;1182;
357,669;1,1756318807601929;782,2769775390625;786,8207397460938;1188;
357,67;1,5520656108856201;788,1747436523438;838,9826049804688;1194;
357,671;1,5568894147872925;789,9224853515625;746,7466430664062;1200;
357,672;1,1949468851089478;793,048828125;864,31494140625;1206;
357,673;1,2167325019836426;801,441162109375;811,7907104492188;1212;
357,674;1,2271746397018433;795,409912109375;780,1830444335938;1212;
357,675;1,2384192943572998;811,927734375;864,9367065429688;1218;
357,676;1,2116529941558838;808,243408203125;759,96337890625;1224;
357,677;1,2251882553100586;812,5450439453125;877,5635986328125;1230;
357,678;1,6034239530563354;822,4813232421875;819,5379028320312;1236;
357,679;1,2190005779266357;816,6154174804688;815,0928955078125;1242;
357,68;1,2325259447097778;813,9202880859375;790,9619140625;1248;
357,681;1,247352957725525;825,1627197265625;804,7269897460938;1248;
357,682;1,2426143884658813;823,7492065429688;852,6681518554688;1254;
357,683;1,2302677631378174;835,049072265625;844,28515625;1260;
357,684;1,230859398841858;834,1800537109375;869,9436645507812;1266;
357,685;1,2535245418548584;835,847412109375;832,5914306640625;1272;
357,686;1,2694118022918701;848,5307006835938;825,7294311523438;1278;
357,687;1,2671818733215332;852,74365234375;923,3963623046875;1278;
357,688;1,6473015546798706;855,322021484375;823,4671630859375;1284;
357,689;1,6480244398117065;857,2278442382812;868,0592651367188;1290;
357,69;1,2719205617904663;854,4102172851562;822,903564453125;1296;
357,691;1,29058837890625;862,5321044921875;821,21728515625;1302;
357,692;1,2829949855804443;867,5111083984375;922,6876831054688;1308;
357,693;1,6759812831878662;871,2833251953125;853,8793334960938;1314;
357,694;1,2671078443527222;864,7811279296875;868,0592651367188;1314;
357,695;1,3174893856048584;881,4237670898438;957,2150268554688;1320;
357,696;1,2776918411254883;884,5039672851562;844,8784790039062;1326;
357,697;1,679518222808838;880,6973876953125;922,6876831054688;1332;
357,698;1,301751732826233;886,950927734375;866,8075561523438;1338;
357,699;1,3062121868133545;921,538330078125;1231,825927734375;1344;
357,7;1,3408845663070679;896,4578247070312;716,912353515625;1350;
357,701;1,724000096321106;900,233642578125;901,2459106445312;1350;
357,702;1,2876038551330566;897,54541015625;933,4332885742188;1356;
357,703;1,35507071018219;902,6837768554688;910,1151123046875;1362;
357,704;1,3052353858947754;906;891,8858032226562;1368;
357,705;1,3054513931274414;914,9635009765625;982,240234375;1374;
357,706;1,3202550411224365;916,2709350585938;977,4487915039062;1380;
357,707;1,3172423839569092;921,9801025390625;947,4090576171875;1380;
357,708;1,7320528030395508;916,70751953125;891,8858032226562;1386;
357,709;1,3469325304031372;919,6878662109375;917,7572631835938;1392;
357,71;1,3352530002593994;928,3876953125;865,5594482421875;1398;
357,711;1,749564290046692;929,6439208984375;993,60498046875;1404;
357,712;1,3639005422592163;943,320556640625;955,6932373046875;1410;
357,713;1,3412564992904663;935,24853515625;921,2736206054688;1416;
357,714;1,798056960105896;953,703125;1046,355224609375;1416;
357,715;1,370032548904419;951,9097900390625;904,6366577148438;1422;
357,716;1,3532636165618896;960,7527465820312;936,3411865234375;1428;
357,717;1,793343186378479;954,6497802734375;943,6907958984375;1434;
357,718;1,4084452390670776;961,90576171875;781,1969604492188;1440;
357,719;1,3652706146240234;961,6173095703125;919,16064453125;1446;
357,72;1,3530447483062744;960,273193359375;1033,7593994140625;1446;
357,721;1,411548376083374;959,3153686523438;955,6932373046875;1452;
357,722;1,8565224409103394;995,4559936523438;1306,8065185546875;1458;
357,723;1,3753492832183838;975,16943359375;815,0928955078125;1464;
357,724;1,3832056522369385;977,8463134765625;1063,008056640625;1470;
357,725;1,8438928127288818;986,876220703125;987,0789184570312;1476;
357,726;1,369281530380249;983,5460205078125;978,244140625;1482;
357,727;1,4023033380508423;996,69384765625;1064,89111328125;1482;
357,728;1,3787105083465576;965,187744140625;973,4915771484375;1488;
357,729;1,4170329570770264;1007,2359008789062;1018,0034790039062;1494;
357,73;1,8546335697174072;998,66015625;991,1475830078125;1500;
357,731;1,4135953187942505;1012,9642333984375;1079,2298583984375;1506;
357,732;1,4097695350646973;1013,284423828125;980,637939453125;1512;
357,733;1,400638222694397;1008,2918701171875;1022,3317260742188;1512;
357,734;1,4426839351654053;1011,6857299804688;994,4268188476562;1518;
357,735;1,426628828048706;1014,78125;1043,6302490234375;1524;
357,736;1,4217766523361206;1020,9208984375;959,5068359375;1530;
357,737;1,8931859731674194;1020,37939453125;1074,4075927734375;1536;
357,738;1,4810113906860352;1023,7462158203125;972,7039794921875;1542;
357,739;1,8949577808380127;1029,0035400390625;1063,94873046875;1548;
357,74;1,4776922464370728;1044,423583984375;1122,5601806640625;1548;
357,741;1,8910202980041504;1035,9862060546875;1094,9564208984375;1554;
357,742;1,4630353450775146;1049,8958740234375;1063,94873046875;1560;
357,743;1,9101539850234985;1044,8773193359375;1065,835205078125;1566;
357,744;1,4541808366775513;1061,2486572265625;1098,9598388671875;1572;
357,745;1,4760059118270874;1050,3544921875;1083,1190185546875;1578;
357,746;1,4787002801895142;1066,78076171875;1091,9727783203125;1578;
357,747;1,4638012647628784;1059,4949951171875;1027,5743408203125;1584;
357,748;1,4601300954818726;1071,5347900390625;1125,7135009765625;1590;
357,749;1,4979609251022339;1068,55859375;1095,9544677734375;1596;
357,75;1,4873063564300537;1073,927734375;1054,6158447265625;1602;
357,751;1,4758082628250122;1076,45166015625;1116,3065185546875;1608;
357,752;1,5164705514907837;1084,4622802734375;1037,3270263671875;1614;
357,753;1,9603153467178345;1081,1708984375;1097,956298828125;1614;
357,754;1,5441596508026123;1086,913330078125;1081,1708984375;1620;
357,755;1,9877105951309204;1090,9818115234375;1086,0543212890625;1626;
357,756;1,5376472473144531;1098,834228515625;1075,3685302734375;1632;
357,757;1,4779775142669678;1091,47705078125;1069,628173828125;1638;
357,758;1,5409541130065918;1106,0367431640625;1066,7808837890625;1644;
357,759;1,517645239830017;1108,58642578125;1125,7135009765625;1644;
357,76;1,5118294954299927;1114,7537841796875;1093,9600830078125;1650;
357,761;1,503475308418274;1118,1231689453125;1136,353515625;1656;
357,762;2,0385046005249023;1123,08447265625;1107,0552978515625;1662;
357,763;1,5720573663711548;1129,6800537109375;1142,834716796875;1668;
357,764;1,5369863510131836;1120,3372802734375;1055,541748046875;1674;
357,765;1,529840111732483;1135,6826171875;1115,2708740234375;1680;
357,766;1,529306411743164;1134,34326171875;1141,7493896484375;1680;
357,767;2,073934316635132;1142,8345947265625;1228,0511474609375;1686;
357,768;1,5846476554870605;1139,5848388671875;1207,0904541015625;1692;
357,769;1,5661872625350952;1157,1337890625;1189,18115234375;1698;
357,77;1,5513800382614136;1146,6494140625;1125,7135009765625;1704;
357,771;1,5453158617019653;1156,5771484375;1093,9600830078125;1710;
357,772;2,0987539291381836;1153,80224609375;1203,4654541015625;1716;
357,773;1,6094317436218262;1160,20458984375;1129,945556640625;1716;
357,774;1,5835741758346558;1160,6246337890625;1220,5706787109375;1716;
357,775;2,1256706714630127;1171,5098876953125;1124,660400390625;1716;
357,776;1,6061656475067139;1177,3896484375;1152,6961669921875;1716;
357,777;1,5810890197753906;1176,093994140625;1192,7203369140625;1716;
357,778;1,589113473892212;1187,859130859375;1256,2821044921875;1716;
357,779;1,6461845636367798;1177,5338134765625;1220,5706787109375;1716;
357,78;1,6125940084457397;1188,7401123046875;1211,957763671875;1716;
357,781;2,106968641281128;1186,101318359375;1198,666015625;1716;
357,782;1,6352941989898682;1184,4945068359375;1127,8255615234375;1716;
357,783;1,5812172889709473;1186,8331298828125;1219,332763671875;1716;
357,784;2,144818067550659;1193,1640625;1161,6058349609375;1716;
357,785;1,658774733543396;1204,97314453125;1239,4454345703125;1716;
357,786;1,6267058849334717;1204,068115234375;1211,957763671875;1716;
357,787;1,630797266960144;1210,432373046875;1186,833251953125;1716;
357,788;1,6130589246749878;1196,7271728515625;1186,833251953125;1716;
357,789;1,6113003492355347;1206,484619140625;1184,49462890625;1716;
357,79;1,612910270690918;1212,874755859375;1295,541015625;1716;
357,791;2,149418830871582;1206,18212890625;1168,3790283203125;1716;
357,792;1,682778239250183;1220,2607421875;1243,290771484375;1716;
357,793;1,6408573389053345;1215,4803466796875;1151,592041015625;1716;
357,794;2,2025609016418457;1224,923095703125;1233,08935546875;1716;
357,795;1,6298929452896118;1212,26318359375;1145,011474609375;1716;
357,796;1,6327835321426392;1223,053955078125;1163,8548583984375;1716;
357,797;1,6259851455688477;1225,85986328125;1266,87255859375;1716;
357,798;1,6641205549240112;1221,1904296875;1223,053955078125;1716;
357,799;1,6890734434127808;1228,0511474609375;1273,5826416015625;1716;
357,8;1,6521930694580078;1228,6785888671875;1149,39013671875;1716;
357,801;1,655068278312683;1231,6680908203125;1231,825927734375;1716;
357,802;1,6358965635299683;1233,0892333984375;1208,3035888671875;1716;
357,803;1,6847059726715088;1233,405517578125;1195,091552734375;1716;
357,804;1,6348885297775269;1228,36474609375;1231,825927734375;1716;
357,805;2,2000949382781982;1230,8798828125;1205,8797607421875;1716;
357,806;1,7028400897979736;1241,364990234375;1343,3095703125;1716;
357,807;1,6631718873977661;1238,009521484375;1260,2327880859375;1716;
357,808;1,6672037839889526;1246,51318359375;1261,55517578125;1716;
357,809;2,2033169269561768;1231,6680908203125;1157,1339111328125;1716;
357,81;1,6958823204040527;1242,0062255859375;1170,6544189453125;1716;
357,811;1,6406104564666748;1241,8458251953125;1176,3817138671875;1716;
357,812;1,6399191617965698;1237,8502197265625;1256,2821044921875;1716;
357,813;2,201631546020508;1245,22216796875;1291,3663330078125;1716;
357,814;1,7205486297607422;1239,9246826171875;1236,8951416015625;1716;
357,815;1,6744481325149536;1252,6824951171875;1268,208984375;1716;
357,816;1,6651581525802612;1243,2906494140625;1225,5474853515625;1716;
357,817;2,2149035930633545;1247,4832763671875;1203,4654541015625;1716;
357,818;1,686791181564331;1249,9150390625;1262,88037109375;1716;
357,819;1,6527162790298462;1247,64501953125;1219,332763671875;1716;
357,82;1,660503625869751;1259,077880859375;1350,856201171875;1716;
357,821;1,696006417274475;1246,51318359375;1262,88037109375;1716;
357,822;1,730974555015564;1248,941162109375;1220,5706787109375;1716;
357,823;1,6753270626068115;1259,737548828125;1272,2349853515625;1716;
357,824;1,6907341480255127;1261,55517578125;1236,8951416015625;1716;
357,825;2,218505859375;1256,9388427734375;1280,3642578125;1716;
357,826;1,6917712688446045;1254,8070068359375;1306,8065185546875;1716;
357,827;1,6637554168701172;1253,33544921875;1240,7244873046875;1716;
357,828;1,6545543670654297;1256,2821044921875;1296,9385986328125;1716;
357,829;2,2087371349334717;1253,989013671875;1236,8951416015625;1716;
357,83;1,7217252254486084;1271,730224609375;1361,565185546875;1716;
357,831;1,6753270626068115;1253,0087890625;1268,208984375;1716;
357,832;1,685407042503357;1261,8861083984375;1313,947509765625;1716;
357,833;2,2119688987731934;1257,431884765625;1247,1597900390625;1716;
357,834;1,683924674987793;1264,208251953125;1214,4061279296875;1716;
357,835;1,6917712688446045;1267,7073974609375;1268,208984375;1716;
357,836;1,6658306121826172;1261,7205810546875;1221,81103515625;1716;
357,837;1,6664527654647827;1266,3720703125;1272,2349853515625;1716;
357,838;1,7009718418121338;1259,40771484375;1302,55908203125;1716;
357,839;1,7321512699127197;1255,6260986328125;1239,4454345703125;1716;
357,84;1,681404709815979;1272,571533203125;1363,1090087890625;1716;
357,841;1,6895577907562256;1262,8802490234375;1223,053955078125;1716;
357,842;2,2354989051818848;1266,87255859375;1273,5826416015625;1716;
357,843;1,6979279518127441;1259,40771484375;1228,0511474609375;1716;
357,844;1,6744968891143799;1264,7069091796875;1204,67138671875;1716;
357,845;1,6616801023483276;1262,5487060546875;1343,3095703125;1716;
357,846;2,3363425731658936;1266,3720703125;1257,5963134765625;1716;
357,847;1,7009718418121338;1268,54345703125;1291,3663330078125;1716;
357,848;1,7469054460525513;1269,7156982421875;1312,51318359375;1716;
357,849;1,6975425481796265;1272,571533203125;1225,5474853515625;1716;
357,85;1,685407042503357;1262,383056640625;1277,64306640625;1716;
357,851;2,2528622150421143;1266,3720703125;1161,6058349609375;1716;
357,852;1,7163981199264526;1268,710693359375;1239,4454345703125;1716;
357,853;1,6584283113479614;1269,88330078125;1284,468017578125;1716;
357,854;1,6735785007476807;1276,1173095703125;1292,7548828125;1716;
357,855;2,3374905586242676;1264,0419921875;1312,51318359375;1716;
357,856;1,7193975448608398;1267,0394287109375;1243,290771484375;1716;
357,857;1,7406103610992432;1278,3221435546875;1366,2069091796875;1716;
357,858;1,6956452131271362;1268,0416259765625;1205,8797607421875;1716;
357,859;1,6914747953414917;1269,548095703125;1264,208251953125;1716;
357,86;2,2379250526428223;1261,058837890625;1224,2994384765625;1716;
357,861;1,7267647981643677;1275,271240234375;1203,4654541015625;1716;
357,862;1,6643675565719604;1273,245361328125;1262,88037109375;1716;
357,863;1,6777684688568115;1277,6429443359375;1305,3876953125;1716;
357,864;2,273684024810791;1274,4263916015625;1316,825927734375;1716;
357,865;1,7383419275283813;1263,5439453125;1248,454833984375;1716;
357,866;1,7510956525802612;1276,4559326171875;1287,218505859375;1716;
357,867;1,6996376514434814;1273,7513427734375;1306,8065185546875;1716;
357,868;1,7017327547073364;1272,066650390625;1210,7371826171875;1716;
357,869;2,2528622150421143;1271,5621337890625;1266,87255859375;1716;
357,87;1,6899281740188599;1271,39404296875;1225,5474853515625;1716;
357,871;1,7747058868408203;1270,89013671875;1203,4654541015625;1716;
357,872;1,6735785007476807;1273,5826416015625;1329,9359130859375;1716;
357,873;2,2673985958099365;1272,066650390625;1251,0531005859375;1716;
357,874;2,2537808418273926;1281,04638671875;1370,88037109375;1716;
357,875;1,7469054460525513;1276,1173095703125;1352,375732421875;1716;
357,876;1,7099251747131348;1273,245361328125;1261,55517578125;1716;
357,877;1,6975425481796265;1276,28662109375;1287,218505859375;1716;
357,878;1,730733036994934;1273,4140625;1164,982666015625;1716;
357,879;1,683924674987793;1281,729248046875;1240,7244873046875;1716;
357,88;1,7163981199264526;1276,4559326171875;1285,841796875;1716;
357,881;1,6816325187683105;1282,926025390625;1306,8065185546875;1716;
357,882;1,672402024269104;1275,77880859375;1313,947509765625;1716;
357,883;2,260589838027954;1273,076904296875;1244,5777587890625;1716;
357,884;2,263648748397827;1291,19287109375;1366,2069091796875;1716;
357,885;1,7457289695739746;1281,217041015625;1349,340087890625;1716;
357,886;1,7099251747131348;1282,583740234375;1318,269775390625;1716;
357,887;1,6987191438674927;1276,9644775390625;1248,454833984375;1716;
357,888;2,277730703353882;1283,268310546875;1214,4061279296875;1716;
357,889;1,7300161123275757;1286,5296630859375;1268,208984375;1716;
357,89;1,723731279373169;1269,0455322265625;1225,5474853515625;1716;
357,891;1,684300184249878;1285,154541015625;1399,6065673828125;1716;
357,892;1,6664527654647827;1268,54345703125;1284,468017578125;1716;
357,893;2,261766195297241;1278,83203125;1230,5650634765625;1716;
357,894;1,7457289695739746;1284,4678955078125;1358,4881591796875;1716;
357,895;1,711793065071106;1277,982421875;1346,318115234375;1716;
357,896;1,7108546495437622;1287,218505859375;1272,2349853515625;1716;
357,897;1,7036103010177612;1279,34228515625;1302,55908203125;1716;
357,898;2,286412239074707;1284,8111572265625;1171,79541015625;1716;
357,899;1,7298880815505981;1297,288330078125;1321,1671142578125;1716;
357,9;1,728711485862732;1284,125;1249,7525634765625;1716;
357,901;1,684300184249878;1288,5980224609375;1294,146484375;1716;
357,902;1,679527759552002;1279,682861328125;1313,947509765625;1716;
357,903;2,260589838027954;1284,4678955078125;1321,1671142578125;1716;
357,904;1,7623387575149536;1287,046142578125;1324,0771484375;1716;
357,905;1,7129695415496826;1288,425537109375;1328,46630859375;1716;
357,906;1,7160226106643677;1287,046142578125;1276,28662109375;1716;
357,907;1,7096781730651855;1288,425537109375;1303,971923828125;1716;
357,908;1,6971083879470825;1279,1722412109375;1239,4454345703125;1716;
357,909;1,7018142938613892;1294,146484375;1281,729248046875;1716;
357,91;1,728711485862732;1282,412841796875;1231,825927734375;1716;
357,911;1,6973752975463867;1298,864990234375;1388,29345703125;1716;
357,912;1,6902495622634888;1294,320556640625;1360,02490234375;1716;
357,913;2,30135440826416;1282,0709228515625;1264,208251953125;1716;
357,914;1,7325983047485352;1286,013671875;1295,541015625;1716;
357,915;1,711793065071106;1278,3221435546875;1313,947509765625;1716;
357,916;1,721813678741455;1297,98876953125;1361,565185546875;1716;
357,917;1,7108546495437622;1284,29638671875;1268,208984375;1716;
357,918;2,286412239074707;1286,7017822265625;1223,053955078125;1716;
357,919;1,7019354104995728;1297,98876953125;1273,5826416015625;1716;
357,92;1,7360446453094482;1284,29638671875;1302,55908203125;1716;
357,921;1,696198582649231;1300,269775390625;1375,5859375;1716;
357,922;1,684300184249878;1285,326171875;1353,8988037109375;1716;
357,923;2,279050350189209;1287,218505859375;1261,55517578125;1716;
357,924;1,7255393266677856;1298,163818359375;1377,16162109375;1716;
357,925;1,7583189010620117;1284,4678955078125;1355,425048828125;1716;
357,926;1,7293939590454102;1296,763671875;1341,8104248046875;1716;
357,927;1,7096781730651855;1284,6395263671875;1226,798095703125;1716;
357,928;1,7260829210281372;1296,9384765625;1274,9332275390625;1716;
357,929;2,278907060623169;1293,624267578125;1226,798095703125;1716;
357,93;1,7348682880401611;1291,8865966796875;1277,64306640625;1716;
357,931;1,6923742294311523;1290,673095703125;1228,0511474609375;1716;
357,932;1,6914259195327759;1290,326904296875;1331,40869140625;1716;
357,933;1,6885299682617188;1289,980712890625;1252,3563232421875;1716;
357,934;2,279855489730835;1299,74267578125;1370,88037109375;1716;
357,935;1,738740086555481;1295,017578125;1352,375732421875;1716;
357,936;1,7751785516738892;1292,4073486328125;1261,55517578125;1716;
357,937;1,711793065071106;1301,1494140625;1377,16162109375;1716;
357,938;1,7272593975067139;1297,638427734375;1239,4454345703125;1716;
357,939;2,2923121452331543;1303,7950439453125;1363,1090087890625;1716;
357,94;1,7079389095306396;1287,218505859375;1197,47216796875;1716;
357,941;1,7526471614837646;1298,163818359375;1260,2327880859375;1716;
357,942;1,682185411453247;1287,218505859375;1292,7548828125;1716;
357,943;1,700467824935913;1297,98876953125;1305,3876953125;1716;
357,944;1,6914259195327759;1293,9722900390625;1316,825927734375;1716;
357,945;1,7378231287002563;1292,0601806640625;1325,5369873046875;1716;
357,946;1,7439650297164917;1300,6214599609375;1251,0531005859375;1716;
357,947;1,725124716758728;1305,3876953125;1370,88037109375;1716;
357,948;1,719995379447937;1293,7982177734375;1224,2994384765625;1716;
357,949;1,7278814315795898;1302,030029296875;1273,5826416015625;1716;
357,95;2,289837121963501;1286,5296630859375;1228,0511474609375;1716;
357,951;1,7139424085617065;1297,98876953125;1205,8797607421875;1716;
357,952;1,7410248517990112;1304,148681640625;1264,208251953125;1716;
357,953;1,6893012523651123;1297,46337890625;1298,3392333984375;1716;
357,954;1,7021479606628418;1302,3826904296875;1383,5006103515625;1716;
357,955;1,6940640211105347;1296,5888671875;1358,4881591796875;1716;
357,956;1,7451415061950684;1293,1024169921875;1264,208251953125;1716;
357,957;1,770909070968628;1311,4393310546875;1378,740966796875;1716;
357,958;1,777204155921936;1300,79736328125;1355,425048828125;1716;
357,959;1,7351256608963013;1306,984130859375;1283,09716796875;1716;
357,96;1,721813678741455;1298,689697265625;1308,2286376953125;1716;
357,961;1,7479525804519653;1303,9718017578125;1242,0062255859375;1716;
357,962;2,2962703704833984;1306,8065185546875;1283,09716796875;1716;
357,963;1,7348682880401611;1298,514404296875;1308,2286376953125;1716;
357,964;1,7576470375061035;1303,9718017578125;1243,290771484375;1716;
357,965;1,703324317932129;1301,50146484375;1355,425048828125;1716;
357,966;1,700467824935913;1295,7154541015625;1262,88037109375;1716;
357,967;1,710073471069336;1312,8714599609375;1377,16162109375;1716;
357,968;1,7451415061950684;1301,6776123046875;1355,425048828125;1716;
357,969;1,7878081798553467;1295,541015625;1262,88037109375;1716;
357,97;1,723948359489441;1312,5130615234375;1377,16162109375;1716;
357,971;1,7333468198776245;1303,7950439453125;1242,0062255859375;1716;
357,972;1,7278814315795898;1306,8065185546875;1283,09716796875;1716;
357,973;2,2886605262756348;1298,514404296875;1233,08935546875;1716;
357,974;1,7271260023117065;1313,947509765625;1280,3642578125;1716;
357,975;1,7471816539764404;1312,1549072265625;1303,971923828125;1716;
357,976;1,7000032663345337;1311,260498046875;1318,269775390625;1716;
357,977;1,7092736959457397;1308,58447265625;1319,7169189453125;1716;
357,978;2,302421808242798;1299,567138671875;1327,0001220703125;1716;
357,979;2,2951581478118896;1304,325439453125;1249,7525634765625;1716;
357,98;1,7720857858657837;1317,006103515625;1462,60595703125;1716;
357,981;1,777204155921936;1303,441650390625;1309,653564453125;1716;
357,982;1,7465097904205322;1317,366943359375;1242,0062255859375;1716;
357,983;1,7290579080581665;1303,6182861328125;1344,8121337890625;1716;
357,984;1,7443454265594482;1316,2852783203125;1257,5963134765625;1716;
357,985;2,2950940132141113;1312,8714599609375;1291,3663330078125;1716;
357,986;1,7271260023117065;1301,325439453125;1236,8951416015625;1716;
357,987;1,7576470375061035;1305,033447265625;1280,3642578125;1716;
357,988;1,7000032663345337;1307,3394775390625;1303,971923828125;1716;
357,989;1,7011798620224;1305,033447265625;1329,9359130859375;1716;
357,99;1,708096981048584;1307,1617431640625;1328,46630859375;1716;
357,991;2,299466848373413;1308,228515625;1331,40869140625;1716;
357,992;1,757425308227539;1308,7625732421875;1253,6622314453125;1716;
357,993;1,7897943258285522;1319,5357666015625;1372,4453125;1716;
357,994;1,7361035346984863;1315,025390625;1352,375732421875;1716;
357,995;1,7472611665725708;1321,5301513671875;1294,146484375;1716;
357,996;1,7278814315795898;1306,0966796875;1313,947509765625;1716;
357,997;2,321138858795166;1307,872802734375;1244,5777587890625;1716;
357,998;1,7151190042495728;1308,940673828125;1284,468017578125;1716;
357,999;1,7533382177352905;1309,475341796875;1308,2286376953125;1716;
358;1,7162103652954102;1309,2969970703125;1242,0062255859375;1716;
358,001;1,715222716331482;1314,306640625;1422,7952880859375;1716;
358,002;1,7124056816101074;1311,6181640625;1291,3663330078125;1716;
358,003;2,3439671993255615;1320,80419921875;1394,7354736328125;1716;
358,004;1,7512834072113037;1315,3851318359375;1363,1090087890625;1716;
358,005;1,8004376888275146;1312,1549072265625;1344,8121337890625;1716;
358,006;1,7439650297164917;1320,985595703125;1424,4810791015625;1716;
358,007;1,7455220222473145;1317,1865234375;1279,002197265625;1716;
358,008;1,7460846900939941;1323,348388671875;1386,692138671875;1716;
358,009;1,7400169372558594;1316,46533203125;1279,002197265625;1716;
358,01;2,3049521446228027;1322,8023681640625;1302,55908203125;1716;
358,011;1,7673418521881104;1316,2852783203125;1315,3851318359375;1716;
358,012;1,765651822090149;1313,0506591796875;1324,0771484375;1716;
358,013;1,7173869609832764;1315,025390625;1248,454833984375;1716;
358,014;1,719995379447937;1322,2568359375;1417,7618408203125;1716;
358,015;1,718374490737915;1315,3851318359375;1288,59814453125;1716;
358,016;2,315798044204712;1322,4385986328125;1393,119384765625;1716;
358,017;1,750106692314148;1316,1051025390625;1363,1090087890625;1716;
358,018;1,8004376888275146;1312,6922607421875;1344,8121337890625;1716;
358,019;1,74335777759552;1321,3486328125;1335,8468017578125;1716;
358,02;1,7504328489303589;1322,4385986328125;1318,269775390625;1716;
358,021;1,752152442932129;1326,085205078125;1322,62060546875;1716;
358,022;2,315793037414551;1317,7279052734375;1251,0531005859375;1716;
358,023;2,3298206329345703;1313,588623046875;1216,864501953125;1716;
358,024;1,7594950199127197;1321,893310546875;1349,340087890625;1716;
358,025;1,7545149326324463;1316,2852783203125;1341,8104248046875;1716;
358,026;1,7221695184707642;1323,1663818359375;1256,2821044921875;1716;
358,027;1,7140461206436157;1316,46533203125;1358,4881591796875;1716;
358,028;1,7255200147628784;1323,1663818359375;1343,3095703125;1716;
358,029;2,3059301376342773;1326,81689453125;1424,4810791015625;1716;
358,03;1,7562485933303833;1318,450439453125;1377,16162109375;1716;
358,031;1,8016142845153809;1313,947509765625;1272,2349853515625;1716;
358,032;1,7421811819076538;1322,0750732421875;1383,5006103515625;1716;
358,033;1,7482588291168213;1326,085205078125;1450,255859375;1716;
358,034;1,7533289194107056;1326,6339111328125;1285,841796875;1716;
358,035;1,7400169372558594;1318,269775390625;1309,653564453125;1716;
358,036;2,3385021686553955;1323,894775390625;1242,0062255859375;1716;
358,037;2,322315216064453;1337,33251953125;1364,6561279296875;1716;
358,038;1,7594950199127197;1313,4093017578125;1269,548095703125;1716;
358,039;1,7823530435562134;1321,3486328125;1224,2994384765625;1716;
358,04;1,7092736959457397;1311,260498046875;1315,3851318359375;1716;
358,041;1,7243435382843018;1320,26025390625;1321,1671142578125;1716;
358,042;2,3439671993255615;1324,989013671875;1324,0771484375;1716;
358,043;2,3352909088134766;1317,1865234375;1328,46630859375;1716;
358,044;1,7746742963790894;1333,2542724609375;1328,46630859375;1716;
358,045;1,8023844957351685;1331,593017578125;1328,46630859375;1716;
358,046;1,74335777759552;1330,85595703125;1419,435791015625;1716;
358,047;1,7460846900939941;1324,806640625;1288,59814453125;1716;
358,048;1,7400169372558594;1317,366943359375;1311,081787109375;1716;
358,049;1,7516095638275146;1323,348388671875;1319,7169189453125;1716;
358,05;2,3298206329345703;1337,1466064453125;1324,0771484375;1716;
358,051;1,7318319082260132;1323,348388671875;1328,46630859375;1716;
358,052;1,78352952003479;1336,7750244140625;1329,9359130859375;1716;
358,053;1,7178211212158203;1323,1663818359375;1328,46630859375;1716;
358,054;1,7237606048583984;1325,7197265625;1385,0946044921875;1716;
358,055;1,739019513130188;1338,262939453125;1446,765380859375;1716;
358,056;1,73189377784729;1334,364013671875;1388,29345703125;1716;
358,057;2,3297266960144043;1331,77734375;1276,28662109375;1716;
358,058;2,333181142807007;1330,85595703125;1385,0946044921875;1716;
358,059;1,8023844957351685;1320,26025390625;1358,4881591796875;1716;
358,06;1,861458420753479;1324,806640625;1343,3095703125;1716;
358,061;1,7494354248046875;1337,890625;1424,4810791015625;1716;
358,062;1,7504328489303589;1324,6241455078125;1224,2994384765625;1716;
358,063;1,7642879486083984;1337,5185546875;1353,8988037109375;1716;
358,064;1,7736570835113525;1323,348388671875;1264,208251953125;1716;
358,065;2,3385021686553955;1336,7750244140625;1296,9385986328125;1716;
358,066;1,765651822090149;1333,6240234375;1312,51318359375;1716;
358,067;1,7791416645050049;1332,146240234375;1322,62060546875;1716;
358,068;1,734087586402893;1331,0401611328125;1248,454833984375;1716;
358,069;1,73189377784729;1331,9617919921875;1438,112548828125;1716;
358,07;1,7314890623092651;1330,671875;1296,9385986328125;1716;
358,071;2,3560285568237305;1330,3037109375;1397,9791259765625;1716;
358,072;2,3254525661468506;1330,1197509765625;1364,6561279296875;1716;
358,073;1,781992793083191;1329,568115234375;1346,318115234375;1716;
358,074;1,79608952999115;1340,1275634765625;1426,1708984375;1716;
358,075;1,7664918899536133;1335,290283203125;1378,740966796875;1716;
358,076;1,7593969106674194;1333,993896484375;1308,2286376953125;1716;
358,077;1,7582201957702637;1332,330810546875;1321,1671142578125;1716;
358,078;1,768695592880249;1341,43603515625;1324,0771484375;1716;
358,079;2,3309969902038574;1335,6611328125;1325,5369873046875;1716;
358,08;1,7379565238952637;1332,8846435546875;1329,9359130859375;1716;
358,081;1,805845856666565;1331,224365234375;1252,3563232421875;1716;
358,082;1,8303182125091553;1341,0618896484375;1370,88037109375;1716;
358,083;1,729699730873108;1335,6611328125;1352,375732421875;1716;
358,084;1,7378429174423218;1341,623046875;1381,9105224609375;1716;
358,085;1,7211718559265137;1325,536865234375;1356,9549560546875;1716;
358,086;1,7422503232955933;1337,70458984375;1341,8104248046875;1716;
358,087;2,323312997817993;1344,2481689453125;1422,7952880859375;1716;
358,088;2,3439528942108154;1337,33251953125;1377,16162109375;1716;
358,089;1,8256969451904297;1333,6240234375;1272,2349853515625;1716;
358,09;1,7775107622146606;1332,146240234375;1299,7427978515625;1716;
358,091;1,7615907192230225;1333,6240234375;1402,872802734375;1716;
358,092;1,7642879486083984;1342,3720703125;1391,507080078125;1716;
358,093;2,3440165519714355;1325,90234375;1280,3642578125;1716;
358,094;2,3657236099243164;1327,732666015625;1229,306884765625;1716;
358,095;2,3471837043762207;1349,908203125;1356,9549560546875;1716;
358,096;1,7439600229263306;1329,751953125;1344,8121337890625;1716;
358,097;1,7897059917449951;1350,856201171875;1337,3326416015625;1716;
358,098;1,7237606048583984;1351,23583984375;1421,113525390625;1716;
358,099;1,735638976097107;1338,635498046875;1303,971923828125;1716;
358,1;1,7449686527252197;1344,81201171875;1401,23779296875;1716;
358,101;1,73189377784729;1337,33251953125;1366,2069091796875;1716;
358,102;2,3562123775482178;1343,4970703125;1346,318115234375;1716;
358,103;2,3418726921081543;1346,8836669921875;1426,1708984375;1716;
358,104;1,7808161973953247;1338,44921875;1378,740966796875;1716;
358,105;1,8256969451904297;1344,6241455078125;1353,8988037109375;1716;
358,106;1,76766836643219;1348,2052001953125;1429,5625;1716;
358,107;1,7725695371627808;1339,567626953125;1380,3238525390625;1716;
358,108;1,7703557014465332;1348,2052001953125;1313,947509765625;1716;
358,109;1,7654646635055542;1339,381103515625;1324,0771484375;1716;
358,11;2,3795578479766846;1344,81201171875;1325,5369873046875;1716;
358,111;2,355865478515625;1348,0162353515625;1327,0001220703125;1716;
358,112;1,7451366186141968;1339,0081787109375;1329,9359130859375;1716;
358,113;1,794705867767334;1344,6241455078125;1329,9359130859375;1716;
358,114;1,7902785539627075;1347,827392578125;1328,46630859375;1716;
358,115;1,7368156909942627;1338,8218994140625;1331,40869140625;1716;
358,116;1,7497413158416748;1355,0430908203125;1424,4810791015625;1716;
358,117;1,7378429174423218;1342,3720703125;1377,16162109375;1716;
358,118;1,749395728111267;1346,129638671875;1352,375732421875;1716;
358,119;2,384647846221924;1348,583251953125;1429,5625;1716;
358,12;2,351438283920288;1339,567626953125;1380,3238525390625;1716;
358,121;1,7881346940994263;1345,188232421875;1353,8988037109375;1716;
358,122;1,8149746656417847;1348,394287109375;1429,5625;1716;
358,123;1,8812695741653442;1339,567626953125;1380,3238525390625;1716;
358,124;1,7781732082366943;1345,0001220703125;1353,8988037109375;1716;
358,125;1,7786470651626587;1349,71875;1350,856201171875;1716;
358,126;1,768695592880249;1339,381103515625;1260,2327880859375;1716;
358,127;1,7836679220199585;1355,615966796875;1375,5859375;1716;
358,128;2,34922456741333;1342,5595703125;1353,8988037109375;1716;
358,129;2,355865478515625;1335,8466796875;1262,88037109375;1716;
358,13;1,785298466682434;1353,898681640625;1377,16162109375;1716;
358,131;1,7902785539627075;1341,9974365234375;1355,425048828125;1716;
358,132;1,8070588111877441;1346,506591796875;1264,208251953125;1716;
358,133;1,7427549362182617;1359,83251953125;1378,740966796875;1716;
358,134;1,7601572275161743;1358,4881591796875;1352,375732421875;1716;
358,135;1,7497413158416748;1355,0430908203125;1429,5625;1716;
358,136;1,739019513130188;1342,7469482421875;1380,3238525390625;1716;
358,137;2,3556530475616455;1346,506591796875;1353,8988037109375;1716;
358,138;2,3493876457214355;1348,7723388671875;1429,5625;1716;
358,139;1,8224461078643799;1339,567626953125;1380,3238525390625;1716;
358,14;1,8256969451904297;1345,188232421875;1355,425048828125;1716;
358,141;1,7786470651626587;1359,06396484375;1431,264404296875;1716;
358,142;1,7798235416412354;1350,2872314453125;1380,3238525390625;1716;
358,143;1,7824912071228027;1361,3724365234375;1375,5859375;1716;
358,144;1,7824912071228027;1356,189453125;1353,8988037109375;1716;
358,145;2,391294240951538;1352,9464111328125;1340,314453125;1716;
358,146;2,3471837043762207;1351,8055419921875;1334,3641357421875;1716;
358,147;1,755967140197754;1340,875;1334,3641357421875;1716;
358,148;1,8634909391403198;1345,7529296875;1332,884765625;1716;
358,149;1,7964352369308472;1348,583251953125;1329,9359130859375;1716;
358,15;1,747517704963684;1349,908203125;1331,40869140625;1716;
358,151;1,759100317955017;1360,7945556640625;1329,9359130859375;1716;
358,152;1,755690336227417;1356,189453125;1378,740966796875;1716;
358,153;1,7541881799697876;1352,9464111328125;1352,375732421875;1716;
358,154;1,762816071510315;1362,529541015625;1429,5625;1716;
358,155;2,360100030899048;1346,129638671875;1380,3238525390625;1716;
358,156;2,3556530475616455;1348,394287109375;1355,425048828125;1716;
358,157;1,7942765951156616;1350,09765625;1341,8104248046875;1716;
358,158;1,8275645971298218;1350,856201171875;1426,1708984375;1716;
358,159;1,8446415662765503;1350,856201171875;1292,7548828125;1716;
358,16;1,7737458944320679;1361,7579345703125;1491,640380859375;1716;
358,161;1,7725695371627808;1348,394287109375;1253,6622314453125;1716;
358,162;1,7824912071228027;1360,40966796875;1372,4453125;1716;
358,163;1,771532416343689;1345,0001220703125;1352,375732421875;1716;
358,164;1,8828020095825195;1358,1044921875;1261,55517578125;1716;
358,165;2,355865478515625;1365,2371826171875;1377,16162109375;1716;
358,166;1,7631471157073975;1347,638427734375;1355,425048828125;1716;
358,167;2,3791112899780273;1360,2171630859375;1343,3095703125;1716;
358,168;1,7902785539627075;1356,189453125;1335,8468017578125;1716;
358,169;1,7427549362182617;1343,4970703125;1334,3641357421875;1716;
358,17;1,7579238414764404;1357,7210693359375;1331,40869140625;1716;
358,171;1,7534568309783936;1365,04345703125;1417,7618408203125;1716;
358,172;1,7553647756576538;1353,13671875;1272,2349853515625;1716;
358,173;1,7616397142410278;1362,72265625;1383,5006103515625;1716;
358,174;1,755690336227417;1356,954833984375;1358,4881591796875;1716;
358,175;2,365471601486206;1353,7080078125;1343,3095703125;1716;
358,176;1,78695809841156;1363,10888671875;1424,4810791015625;1716;
358,177;2,3687620162963867;1357,1463623046875;1377,16162109375;1716;
358,178;1,8331882953643799;1353,7080078125;1352,375732421875;1716;
358,179;1,7786470651626587;1363,10888671875;1429,5625;1716;
358,18;1,7908023595809937;1357,1463623046875;1380,3238525390625;1716;
358,181;1,7897356748580933;1367,3721923828125;1416,0919189453125;1716;
358,182;1,7847247123718262;1359,256103515625;1374,0137939453125;1716;
358,183;1,7930457592010498;1365,6248779296875;1270,89013671875;1716;
358,184;1,795803427696228;1369,1240234375;1381,9105224609375;1716;
358,185;2,3665287494659424;1349,340087890625;1356,9549560546875;1716;
358,186;2,3819103240966797;1360,60205078125;1343,3095703125;1716;
358,187;1,7571436166763306;1366,7891845703125;1424,4810791015625;1716;
358,188;1,817109227180481;1348,583251953125;1294,146484375;1716;
358,189;1,8132352828979492;1360,7945556640625;1312,51318359375;1716;
358,19;1,8160817623138428;1367,1778564453125;1319,7169189453125;1716;
358,191;1,7534568309783936;1359,4482421875;1414,426025390625;1716;
358,192;1,7616397142410278;1366,7891845703125;1406,1544189453125;1716;
358,193;1,7568670511245728;1359,06396484375;1369,3189697265625;1716;
358,194;1,7541881799697876;1354,4705810546875;1347,827392578125;1716;
358,195;1,7735378742218018;1374,2099609375;1426,1708984375;1716;
358,196;2,361276626586914;1351,615478515625;1378,740966796875;1716;
358,197;1,8053836822509766;1361,565185546875;1353,8988037109375;1716;
358,198;1,8483771085739136;1366,9835205078125;1429,5625;1716;
358,199;1,8413312435150146;1359,256103515625;1380,3238525390625;1716;
358,2;1,8509563207626343;1365,8187255859375;1353,8988037109375;1716;
358,201;1,7847247123718262;1369,31884765625;1429,5625;1716;
358,202;1,7919789552688599;1360,40966796875;1380,3238525390625;1716;
358,203;1,7946267127990723;1369,513916015625;1417,7618408203125;1716;
358,204;1,7824912071228027;1360,2171630859375;1291,3663330078125;1716;
358,205;1,7942222356796265;1366,0126953125;1309,653564453125;1716;
358,206;1,7946267127990723;1369,31884765625;1404,51171875;1716;
358,207;2,375180721282959;1360,02490234375;1367,7611083984375;1716;
358,208;2,391768455505371;1366,0126953125;1269,548095703125;1716;
358,209;1,7799813747406006;1369,513916015625;1298,3392333984375;1716;
358,21;1,8149054050445557;1360,40966796875;1315,3851318359375;1716;
358,211;1,8205883502960205;1366,40087890625;1322,62060546875;1716;
358,212;1,8628662824630737;1369,708984375;1325,5369873046875;1716;
358,213;1,7534568309783936;1371,271240234375;1417,7618408203125;1716;
358,214;1,774714469909668;1375,38916015625;1432,97021484375;1716;
358,215;1,7616397142410278;1363,302001953125;1381,9105224609375;1716;
358,216;1,766126036643982;1367,566650390625;1353,8988037109375;1716;
358,217;1,7806636095046997;1381,1165771484375;1429,5625;1716;
358,218;2,3687620162963867;1355,0430908203125;1380,3238525390625;1716;
358,219;2,39022159576416;1374,4063720703125;1355,425048828125;1716;
358,22;2,3853302001953125;1373,6212158203125;1431,264404296875;1716;
358,221;1,811525583267212;1362,529541015625;1380,3238525390625;1716;
358,222;1,829691767692566;1378,74072265625;1355,425048828125;1716;
358,223;1,8413312435150146;1365,2371826171875;1341,8104248046875;1716;
358,224;1,7968800067901611;1369,31884765625;1426,1708984375;1716;
358,225;1,8013864755630493;1370,8802490234375;1375,5859375;1716;
358,226;1,785901427268982;1371,662353515625;1441,5611572265625;1716;
358,227;1,7930457592010498;1366,40087890625;1331,40869140625;1716;
358,228;1,806762456893921;1380,32373046875;1417,7618408203125;1716;
358,229;1,7897356748580933;1365,2371826171875;1291,3663330078125;1716;
358,23;1,8113082647323608;1379,333984375;1394,7354736328125;1716;
358,231;2,390592098236084;1375,7825927734375;1360,02490234375;1716;
358,232;2,3850090503692627;1363,10888671875;1346,318115234375;1716;
358,233;2,390592098236084;1378,345703125;1337,3326416015625;1716;
358,234;1,7858637571334839;1375,38916015625;1421,113525390625;1716;
358,235;1,8160817623138428;1374,2099609375;1375,5859375;1716;
358,236;1,8317646980285645;1373,4251708984375;1272,2349853515625;1716;
358,237;1,7593963146209717;1373,4251708984375;1383,5006103515625;1716;
358,238;1,766512155532837;1362,529541015625;1358,4881591796875;1716;
358,239;1,76758873462677;1371,466796875;1429,5625;1716;
358,24;1,755690336227417;1361,3724365234375;1380,3238525390625;1716;
358,241;1,779240608215332;1377,7532958984375;1353,8988037109375;1716;
358,242;1,7854362726211548;1386,2923583984375;1429,5625;1716;
358,243;2,4250025749206543;1379,53173828125;1475,168212890625;1716;
358,244;2,4000401496887207;1375,7825927734375;1312,51318359375;1716;
358,245;2,3841538429260254;1374,2099609375;1406,1544189453125;1716;
358,246;2,3860857486724854;1373,8173828125;1462,60595703125;1716;
358,247;1,8249859809875488;1373,032958984375;1391,507080078125;1716;
358,248;1,8401548862457275;1383,898681640625;1450,255859375;1716;
358,249;1,8590400218963623;1378,345703125;1389,8983154296875;1716;
358,25;1,871077299118042;1375,1925048828125;1360,02490234375;1716;
358,251;1,7968800067901611;1374,013671875;1432,97021484375;1716;
358,252;1,8090354204177856;1373,6212158203125;1381,9105224609375;1716;
358,253;1,8018711805343628;1377,358642578125;1360,02490234375;1716;
358,254;1,7885589599609375;1364,075439453125;1346,318115234375;1716;
358,255;1,8052207231521606;1378,74072265625;1337,3326416015625;1716;
358,256;1,8018711805343628;1375,5858154296875;1332,884765625;1716;
358,257;2,4122190475463867;1374,013671875;1332,884765625;1716;
358,258;2,4166369438171387;1383,898681640625;1329,9359130859375;1716;
358,259;2,4091317653656006;1389,2960205078125;1416,0919189453125;1716;
358,26;2,392484664916992;1380,918212890625;1374,0137939453125;1716;
358,261;1,7919883728027344;1376,5701904296875;1272,2349853515625;1716;
358,262;1,8283953666687012;1386,092529296875;1383,5006103515625;1716;
358,263;1,8210622072219849;1368,9290771484375;1358,4881591796875;1716;
358,264;1,837941288948059;1371,07568359375;1265,5390625;1716;
358,265;1,766512155532837;1383,301513671875;1378,740966796875;1716;
358,266;1,7653355598449707;1367,1778564453125;1355,425048828125;1716;
358,267;1,7817599773406982;1382,705078125;1438,112548828125;1716;
358,268;1,774714469909668;1377,5560302734375;1478,7972412109375;1716;
358,269;1,7900019884109497;1385,4935302734375;1399,6065673828125;1716;
358,27;1,7854362726211548;1390,09912109375;1455,5230712890625;1716;
358,271;1,7806636095046997;1381,31494140625;1391,507080078125;1716;
358,272;1,7780638933181763;1376,5701904296875;1358,4881591796875;1716;
358,273;1,79426109790802;1385,693115234375;1432,97021484375;1716;
358,274;2,41324782371521;1379,333984375;1381,9105224609375;1716;
358,275;2,3988635540008545;1386,8919677734375;1445,0264892578125;1716;
358,276;1,8176674842834473;1379,927734375;1383,5006103515625;1716;
358,277;1,8539214134216309;1376,5701904296875;1450,255859375;1716;
358,278;1,8635859489440918;1374,4063720703125;1303,971923828125;1716;
358,279;1,8653349876403809;1384,6956787109375;1401,23779296875;1716;
358,28;1,8102118968963623;1390,09912109375;1459,055908203125;1716;
358,281;1,8825303316116333;1381,1165771484375;1305,3876953125;1716;
358,282;1,8029576539993286;1399,40283203125;1500,9512939453125;1716;
358,283;1,8063973188400269;1373,6212158203125;1268,208984375;1716;
358,284;1,8188979625701904;1395,342529296875;1475,168212890625;1716;
358,285;1,8006947040557861;1373,032958984375;1315,3851318359375;1716;
358,286;1,812484860420227;1383,69970703125;1321,1671142578125;1716;
358,287;1,8128302097320557;1389,4967041015625;1324,0771484375;1716;
358,288;2,4097886085510254;1370,09912109375;1328,46630859375;1716;
358,289;2,4091317653656006;1382,10888671875;1329,9359130859375;1716;
358,29;2,4166369438171387;1388,49365234375;1328,46630859375;1716;
358,291;1,7919883728027344;1380,5218505859375;1331,40869140625;1716;
358,292;1,7991684675216675;1387,6923828125;1331,40869140625;1716;
358,293;1,7979917526245117;1391,5069580078125;1329,9359130859375;1716;
358,294;1,827218770980835;1382,3076171875;1331,40869140625;1716;
358,295;1,8391177654266357;1388,6942138671875;1331,40869140625;1716;
358,296;1,788578987121582;1392,111083984375;1417,7618408203125;1716;
358,297;1,7712748050689697;1382,5062255859375;1374,0137939453125;1716;
358,298;1,788895606994629;1388,49365234375;1350,856201171875;1716;
358,299;1,7831534147262573;1391,708251953125;1338,8218994140625;1716;
358,3;1,7959707975387573;1392,3126220703125;1397,9791259765625;1716;
358,301;1,7925620079040527;1393,3211669921875;1453,76318359375;1716;
358,302;1,791385531425476;1393,927001953125;1487,9481201171875;1716;
358,303;1,784032940864563;1382,5062255859375;1402,872802734375;1716;
358,304;1,786612868309021;1388,49365234375;1457,287353515625;1716;
358,305;1,791385531425476;1391,708251953125;1489,7918701171875;1716;
358,306;2,407505989074707;1381,7119140625;1404,51171875;1716;
358,307;2,42878794670105;1388,2933349609375;1364,6561279296875;1716;
358,308;2,4207332134246826;1391,708251953125;1439,8348388671875;1716;
358,309;1,8384462594985962;1381,7119140625;1381,9105224609375;1716;
358,31;2,42878794670105;1399,6064453125;1445,0264892578125;1716;
358,311;1,8738141059875488;1397,3697509765625;1482,4439697265625;1716;
358,312;1,8422350883483887;1384,6956787109375;1316,825927734375;1716;
358,313;1,866511583328247;1401,44189453125;1508,484375;1716;
358,314;1,8590400218963623;1376,373291015625;1416,0919189453125;1716;
358,315;1,8825303316116333;1385,892822265625;1372,4453125;1716;
358,316;1,8041342496871948;1402,25927734375;1543,3402099609375;1716;
358,317;1,8211907148361206;1387,6923828125;1431,264404296875;1716;
358,318;1,8257761001586914;1395,74755859375;1471,5570068359375;1716;
358,319;1,8102118968963623;1384,097900390625;1328,46630859375;1716;
358,32;1,8295708894729614;1400,2177734375;1328,46630859375;1716;
358,321;1,8188979625701904;1397,57275390625;1416,0919189453125;1716;
358,322;1,820074439048767;1396,35546875;1374,0137939453125;1716;
358,323;1,8234834671020508;1395,5450439453125;1350,856201171875;1716;
358,324;1,8166052103042603;1395,342529296875;1427,86474609375;1716;
358,325;2,4360761642456055;1383,898681640625;1378,740966796875;1716;
358,326;2,425318479537964;1388,894775390625;1352,375732421875;1716;
358,327;2,4079554080963135;1391,708251953125;1429,5625;1716;
358,328;1,8111754655838013;1382,5062255859375;1298,3392333984375;1716;
358,329;2,425318479537964;1400,2177734375;1399,6065673828125;1716;
358,33;1,8039952516555786;1398,3856201171875;1363,1090087890625;1716;
358,331;1,8407087326049805;1397,3697509765625;1438,112548828125;1716;
358,332;1,8544349670410156;1395,9500732421875;1296,9385986328125;1716;
358,333;1,8395321369171143;1395,5450439453125;1397,9791259765625;1716;
358,334;1,8407087326049805;1395,342529296875;1364,6561279296875;1716;
358,335;1,8564707040786743;1395,14013671875;1347,827392578125;1716;
358,336;1,7831534147262573;1406,7713623046875;1426,1708984375;1716;
358,337;1,7902692556381226;1389,697509765625;1378,740966796875;1716;
358,338;1,7936780452728271;1391,90966796875;1352,375732421875;1716;
358,339;1,791385531425476;1394,3310546875;1476,98046875;1716;
358,34;1,797147512435913;1394,12890625;1397,9791259765625;1716;
358,341;1,8032838106155396;1405,9488525390625;1453,76318359375;1716;
358,342;1,7973346710205078;1400,421630859375;1487,9481201171875;1716;
358,343;1,797147512435913;1397,166748046875;1402,872802734375;1716;
358,344;1,8032838106155396;1407,388916015625;1457,287353515625;1716;
358,345;1,7854362726211548;1389,697509765625;1393,119384765625;1716;
358,346;2,443690299987793;1391,708251953125;1360,02490234375;1716;
358,347;1,8032838106155396;1404,51171875;1535,4560546875;1716;
358,348;2,4207332134246826;1388,49365234375;1427,86474609375;1716;
358,349;2,4346086978912354;1402,872802734375;1377,16162109375;1716;
358,35;2,4189200401306152;1410,691650390625;1547,3128662109375;1716;
358,351;2,4380569458007812;1392,111083984375;1432,97021484375;1716;
358,352;2,443250894546509;1405,1273193359375;1380,3238525390625;1716;
358,353;1,8360931873321533;1400,6256103515625;1445,0264892578125;1716;
358,354;1,9574867486953735;1398,3856201171875;1482,4439697265625;1716;
358,355;1,883707046508789;1396,55810546875;1401,23779296875;1716;
358,356;1,8653349876403809;1407,1829833984375;1561,37939453125;1716;
358,357;1,877925157546997;1401,03369140625;1438,112548828125;1716;
358,358;1,8963366746902466;1397,57275390625;1381,9105224609375;1716;
358,359;1,9385132789611816;1407,594970703125;1445,0264892578125;1716;
358,36;1,8394235372543335;1389,898193359375;1386,692138671875;1716;
358,361;1,833050012588501;1391,90966796875;1356,9549560546875;1716;
358,362;1,827268362045288;1404,51171875;1431,264404296875;1716;
358,363;1,8211907148361206;1399,40283203125;1475,168212890625;1716;
358,364;1,8391475677490234;1408,0069580078125;1397,9791259765625;1716;
358,365;1,827268362045288;1400,6256103515625;1369,3189697265625;1716;
358,366;1,8234834671020508;1397,166748046875;1347,827392578125;1716;
358,367;1,8322099447250366;1407,388916015625;1426,1708984375;1716;
358,368;1,8128302097320557;1389,697509765625;1378,740966796875;1716;
358,369;1,8356584310531616;1403,077392578125;1352,375732421875;1716;
358,37;1,8382776975631714;1410,48486328125;1429,5625;1716;
358,371;1,8249657154083252;1402,668212890625;1380,3238525390625;1716;
358,372;1,8417458534240723;1409,8646240234375;1353,8988037109375;1716;
358,373;1,8472410440444946;1402,25927734375;1340,314453125;1716;
358,374;2,4270925521850586;1398,3856201171875;1426,1708984375;1716;
358,375;2,4426820278167725;1396,35546875;1294,146484375;1716;
358,376;2,4351768493652344;1407,1829833984375;1396,35546875;1716;
358,377;1,8399324417114258;1401,44189453125;1364,6561279296875;1716;
358,378;1,8160024881362915;1398,3856201171875;1347,827392578125;1716;
358,379;2,4351768493652344;1420,064453125;1426,1708984375;1716;
358,38;1,8099989891052246;1396,55810546875;1378,740966796875;1716;
358,381;1,8160024881362915;1407,388916015625;1353,8988037109375;1716;
358,382;1,8468654155731201;1412,9713134765625;1429,5625;1716;
358,383;1,8456889390945435;1393,119384765625;1380,3238525390625;1716;
358,384;1,868823528289795;1417,135009765625;1355,425048828125;1716;
358,385;1,8530222177505493;1406,3599853515625;1341,8104248046875;1716;
358,386;1,8580023050308228;1401,03369140625;1337,3326416015625;1716;
358,387;1,868823528289795;1409,4512939453125;1334,3641357421875;1716;
358,388;1,8530222177505493;1402,463623046875;1331,40869140625;1716;
358,389;1,795032024383545;1410,48486328125;1421,113525390625;1716;
358,39;1,9170588254928589;1414,2178955078125;1372,4453125;1716;
358,391;1,7962085008621216;1416,091796875;1439,8348388671875;1716;
358,392;1,795032024383545;1405,33251953125;1385,0946044921875;1716;
358,393;1,8055962324142456;1410,8985595703125;1446,765380859375;1716;
358,394;1,7962085008621216;1402,668212890625;1385,0946044921875;1716;
358,395;1,800971269607544;1398,5889892578125;1358,4881591796875;1716;
358,396;1,8092330694198608;1413,178955078125;1478,7972412109375;1716;
358,397;1,8140263557434082;1415,4666748046875;1500,9512939453125;1716;
358,398;1,8079087734222412;1404,716796875;1322,62060546875;1716;
358,399;1,8092330694198608;1411,312744140625;1412,763916015625;1716;
358,4;1,8044604063034058;1403,2821044921875;1372,4453125;1716;
358,401;1,8138777017593384;1410,278076171875;1439,8348388671875;1716;
358,402;1,8211314678192139;1425,9593505859375;1586,09765625;1716;
358,403;1,8104095458984375;1410,278076171875;1448,508544921875;1716;
358,404;1,8138777017593384;1413,5943603515625;1385,0946044921875;1716;
358,405;1,8032838106155396;1404,1015625;1446,765380859375;1716;
358,406;1,798511266708374;1399,40283203125;1388,29345703125;1716;
358,407;2,4600255489349365;1408,213134765625;1356,9549560546875;1716;
358,408;1,6412562131881714;1412,9713134765625;1431,264404296875;1716;
358,409;2,4478952884674072;1415,4666748046875;1475,168212890625;1716;
358,41;2,450716495513916;1416,5089111328125;1399,6065673828125;1716;
358,411;2,4449944496154785;1417,5528564453125;1455,5230712890625;1716;
358,412;2,4478952884674072;1418,3890380859375;1487,9481201171875;1716;
358,413;2,4593586921691895;1418,3890380859375;1404,51171875;1716;
358,414;2,436302900314331;1418,3890380859375;1563,4097900390625;1716;
358,415;2,4392335414886475;1418,5982666015625;1543,3402099609375;1716;
358,416;2,4420742988586426;1406,565673828125;1427,86474609375;1716;
358,417;1,8483768701553345;1412,348876953125;1469,758056640625;1716;
358,418;1,8679791688919067;1403,6917724609375;1397,9791259765625;1716;
358,419;1,8606606721878052;1398,792236328125;1363,1090087890625;1716;
358,42;2,488032102584839;1419,6451416015625;1434,6802978515625;1716;
358,421;1,8618372678756714;1407,1829833984375;1381,9105224609375;1716;
358,422;1,8665430545806885;1424,0592041015625;1446,765380859375;1716;
358,423;1,8842201232910156;1432,97021484375;1590,2938232421875;1716;
358,424;1,8615776300430298;1414,010009765625;1450,255859375;1716;
358,425;1,901474952697754;1415,8834228515625;1388,29345703125;1716;
358,426;1,8968102931976318;1417,135009765625;1448,508544921875;1716;
358,427;1,8979867696762085;1406,1544189453125;1484,274169921875;1716;
358,428;1,901474952697754;1411,9342041015625;1402,872802734375;1716;
358,429;1,8968102931976318;1426,8055419921875;1457,287353515625;1716;
358,43;1,8853968381881714;1411,1055908203125;1489,7918701171875;1716;
358,431;1,907789707183838;1414,842041015625;1406,1544189453125;1716;
358,432;1,851035237312317;1428,7130126953125;1565,4454345703125;1716;
358,433;1,89169180393219;1412,1414794921875;1439,8348388671875;1716;
358,434;1,9141045808792114;1414,842041015625;1381,9105224609375;1716;
358,435;1,8394235372543335;1428,07666015625;1549,3067626953125;1716;
358,436;1,9042819738388062;1411,1055908203125;1432,97021484375;1716;
358,437;1,8562631607055664;1414,010009765625;1378,740966796875;1716;
358,438;1,845501184463501;1427,652587890625;1443,291748046875;1716;
358,439;1,8466777801513672;1411,1055908203125;1482,4439697265625;1716;
358,44;1,850165843963623;1414,2178955078125;1401,23779296875;1716;
358,441;1,845501184463501;1427,8646240234375;1455,5230712890625;1716;
358,442;1,8466777801513672;1411,1055908203125;1391,507080078125;1716;
358,443;1,8623604774475098;1425,53662109375;1450,255859375;1716;
358,444;1,8515788316726685;1433,3973388671875;1482,4439697265625;1716;
358,445;1,8466777801513672;1413,80224609375;1404,51171875;1716;
358,446;1,850165843963623;1427,22900390625;1457,287353515625;1716;
358,447;1,845501184463501;1422,795166015625;1486,1087646484375;1716;
358,448;1,8466777801513672;1417,970703125;1353,8988037109375;1716;
358,449;1,850165843963623;1417,970703125;1459,055908203125;1716;
358,45;1,845501184463501;1421,323486328125;1486,1087646484375;1716;
358,451;1,8490099906921387;1417,5528564453125;1353,8988037109375;1716;
358,452;1,8623604774475098;1429,5625;1531,5440673828125;1716;
358,453;1,8371012210845947;1412,348876953125;1337,3326416015625;1716;
358,454;1,8490099906921387;1415,0501708984375;1332,884765625;1716;
358,455;1,8623604774475098;1430,6256103515625;1422,7952880859375;1716;
358,456;1,8371012210845947;1411,7269287109375;1374,0137939453125;1716;
358,457;1,8550975322723389;1426,1707763671875;1350,856201171875;1716;
358,458;1,8613722324371338;1433,82470703125;1427,86474609375;1716;
358,459;1,8394235372543335;1414,010009765625;1459,055908203125;1716;
358,46;1,8490099906921387;1415,4666748046875;1352,375732421875;1716;
358,461;1,855304479598999;1428,2886962890625;1429,5625;1716;
358,462;1,8371012210845947;1411,312744140625;1380,3238525390625;1716;
358,463;1,8550975322723389;1425,9593505859375;1353,8988037109375;1716;
358,464;1,8613722324371338;1433,82470703125;1429,5625;1716;
358,465;1,8371012210845947;1414,2178955078125;1380,3238525390625;1716;
358,466;1,8550975322723389;1427,4407958984375;1353,8988037109375;1716;
358,467;1,8492367267608643;1422,5848388671875;1429,5625;1716;
358,468;1,845501184463501;1434,0384521484375;1493,4932861328125;1716;
358,469;1,861185073852539;1430,412841796875;1353,8988037109375;1716;
358,47;1,8492367267608643;1424,0592041015625;1429,5625;1716;
358,471;1,8431689739227295;1421,113525390625;1380,3238525390625;1716;
358,472;1,8490099906921387;1419,2261962890625;1353,8988037109375;1716;
358,473;1,855304479598999;1430,412841796875;1429,5625;1716;
358,474;1,8492367267608643;1424,2701416015625;1380,3238525390625;1716;
358,475;1,861185073852539;1432,5433349609375;1445,0264892578125;1716;
358,476;1,8613722324371338;1437,0380859375;1478,7972412109375;1716;
358,477;1,8431689739227295;1415,675048828125;1402,872802734375;1716;
358,478;1,861185073852539;1428,07666015625;1364,6561279296875;1716;
358,479;1,8492367267608643;1423,005859375;1436,394287109375;1716;
358,48;1,8431689739227295;1420,4837646484375;1383,5006103515625;1716;
358,481;1,861185073852539;1430,6256103515625;1355,425048828125;1716;
358,482;1,8613722324371338;1436,1798095703125;1431,264404296875;1716;
358,483;1,8492367267608643;1426,8055419921875;1475,168212890625;1716;
358,484;1,8550975322723389;1421,74365234375;1312,51318359375;1716;
358,485;1,855304479598999;1431,477294921875;1406,1544189453125;1716;
358,486;1,8371012210845947;1412,7637939453125;1369,3189697265625;1716;
358,487;1,8550975322723389;1426,593994140625;1347,827392578125;1716;
358,488;1,8613722324371338;1434,0384521484375;1426,1708984375;1716;
358,489;1,8492367267608643;1425,9593505859375;1378,740966796875;1716;
358,49;1,8672724962234497;1433,3973388671875;1352,375732421875;1716;
358,491;1,8613722324371338;1437,6824951171875;1429,5625;1716;
358,492;1,8492367267608643;1427,8646240234375;1475,168212890625;1716;
358,493;1,8550975322723389;1422,5848388671875;1312,51318359375;1716;
358,494;1,855304479598999;1432,11669921875;1406,1544189453125;1716;
358,495;1,8371012210845947;1413,178955078125;1369,3189697265625;1716;
358,496;1,8550975322723389;1426,8055419921875;1347,827392578125;1716;
358,497;1,8613722324371338;1434,0384521484375;1426,1708984375;1716;
358,498;1,8492367267608643;1425,9593505859375;1378,740966796875;1716;
358,499;1,8672724962234497;1433,3973388671875;1352,375732421875;1716;
358,5;1,8613722324371338;1437,6824951171875;1429,5625;1716;
358,501;1,8492367267608643;1427,8646240234375;1380,3238525390625;1716;
358,502;1,8672724962234497;1434,4661865234375;1445,0264892578125;1716;
358,503;1,8613722324371338;1438,1124267578125;1478,7972412109375;1716;
358,504;1,8492367267608643;1427,8646240234375;1402,872802734375;1716;
358,505;1,8672724962234497;1434,2523193359375;1364,6561279296875;1716;
358,506;1,8613722324371338;1437,8974609375;1436,394287109375;1716;
358,507;1,8492367267608643;1427,8646240234375;1383,5006103515625;1716;
358,508;1,8672724962234497;1434,4661865234375;1446,765380859375;1716;
358,509;1,8613722324371338;1438,3275146484375;1480,6182861328125;1716;
358,51;1,8431689739227295;1416,3004150390625;1402,872802734375;1716;
358,511;1,861185073852539;1428,500732421875;1364,6561279296875;1716;
358,512;1,8613722324371338;1435,1083984375;1436,394287109375;1716;
358,513;1,8492367267608643;1426,38232421875;1383,5006103515625;1716;
358,514;1,8672724962234497;1433,6109619140625;1355,425048828125;1716;
358,515;1,8613722324371338;1437,6824951171875;1431,264404296875;1716;
358,516;1,8492367267608643;1427,652587890625;1475,168212890625;1716;
358,517;1,8672724962234497;1434,2523193359375;1397,9791259765625;1716;
358,518;1,8735077381134033;1450,037109375;1559,354248046875;1716;
358,519;1,8613722324371338;1434,0384521484375;1438,112548828125;1716;
358,52;1,8672724962234497;1437,6824951171875;1475,168212890625;1716;
358,521;1,8613722324371338;1439,834716796875;1495,350830078125;1716;
358,522;1,855304479598999;1428,92529296875;1409,4515380859375;1716;
358,523;1,8672724962234497;1434,68017578125;1367,7611083984375;1716;
358,524;1,8613722324371338;1438,1124267578125;1438,112548828125;1716;
358,525;1,8515788316726685;1441,7772216796875;1567,486328125;1716;
358,526;1,8672724962234497;1434,4661865234375;1355,425048828125;1716;
358,527;1,8613722324371338;1438,3275146484375;1431,264404296875;1716;
358,528;1,8576565980911255;1428,07666015625;1380,3238525390625;1716;
358,529;1,8649107217788696;1428,07666015625;1508,484375;1716;
358,53;1,8802672624588013;1437,8974609375;1412,763916015625;1716;
358,531;1,8515788316726685;1437,8974609375;1569,53271484375;1716;
358,532;1,8649107217788696;1434,2523193359375;1353,8988037109375;1716;
358,533;1,8684579133987427;1434,2523193359375;1476,98046875;1716;
358,534;1,8515788316726685;1437,8974609375;1495,350830078125;1716;
358,535;1,877065896987915;1427,652587890625;1409,4515380859375;1716;
358,536;1,8745554685592651;1446,11279296875;1460,8287353515625;1716;
358,537;1,8698118925094604;1443,941650390625;1487,9481201171875;1716;
358,538;1,870988368988037;1442,858642578125;1504,70849609375;1716;
358,539;1,8745554685592651;1441,993408203125;1411,105712890625;1716;
358,54;1,8576565980911255;1441,993408203125;1567,486328125;1716;
358,541;1,9168720245361328;1429,987548828125;1441,5611572265625;1716;
358,542;1,8684579133987427;1435,5367431640625;1476,98046875;1716;
358,543;1,8576565980911255;1438,542724609375;1495,350830078125;1716;
358,544;1,929462194442749;1428,07666015625;1409,4515380859375;1716;
358,545;1,9267343282699585;1434,4661865234375;1369,3189697265625;1716;
358,546;1,9219905138015747;1450,2557373046875;1541,361572265625;1716;
358,547;1,923167109489441;1446,3302001953125;1531,5440673828125;1716;
358,548;1,9267343282699585;1444,1585693359375;1424,4810791015625;1716;
358,549;1,909400463104248;1455,5230712890625;1575,7039794921875;1716;
358,55;1,9168720245361328;1425,1142578125;1445,0264892578125;1716;
358,551;1,9204193353652954;1433,3973388671875;1480,6182861328125;1716;
358,552;1,909400463104248;1437,6824951171875;1497,2130126953125;1716;
358,553;1,929462194442749;1440,2659912109375;1512,279296875;1716;
358,554;1,9118871688842773;1440,9132080078125;1414,426025390625;1716;
358,555;1,9219905138015747;1441,5611572265625;1462,60595703125;1716;
358,556;1,923167109489441;1442,2095947265625;1491,640380859375;1716;
358,557;1,8852282762527466;1429,77490234375;1406,1544189453125;1716;
358,558;1,8852282762527466;1448,072265625;1459,055908203125;1716;
358,559;1,8936980962753296;1495,1182861328125;2055,148681640625;1716;
358,56;1,8975119590759277;1442,642333984375;1402,872802734375;1716;
358,561;2,488452196121216;1454,20263671875;1563,4097900390625;1716;
358,562;2,4825429916381836;1448,072265625;1543,3402099609375;1716;
358,563;2,4852850437164307;1386,6920166015625;1427,86474609375;1716;
358,564;1,890475869178772;1449,381591796875;1219,332763671875;1716;
358,565;2,4998667240142822;1433,1837158203125;1445,0264892578125;1716;
358,566;2,4852850437164307;1436,6087646484375;1480,6182861328125;1716;
358,567;1,92054283618927;1450,2557373046875;1110,1219482421875;1716;
358,568;2,4305715560913086;1433,3973388671875;1459,055908203125;1716;
358,569;1,8543952703475952;1448,94482421875;1487,9481201171875;1716;
358,57;1,838978886604309;1444,809326171875;1500,9512939453125;1716;
358,571;1,8877489566802979;1493,0294189453125;2098,188720703125;1716;
358,572;2,5125601291656494;1441,5611572265625;1412,763916015625;1716;
358,573;1,838978886604309;1441,3450927734375;1462,60595703125;1716;
358,574;1,8401553630828857;1441,129150390625;1491,640380859375;1716;
358,575;1,7959707975387573;1394,12890625;1404,51171875;1716;
358,576;1,850877285003662;1453,32373046875;1563,4097900390625;1716;
358,577;1,8342063426971436;1435,1083984375;1439,8348388671875;1716;
358,578;1,8377535343170166;1438,1124267578125;1383,5006103515625;1716;
358,579;1,850877285003662;1452,44580078125;1551,305908203125;1716;
358,58;1,8342063426971436;1435,322509765625;1434,6802978515625;1716;
358,581;1,8556602001190186;1450,4744873046875;1473,3603515625;1716;
358,582;1,8449280261993408;1445,8953857421875;1493,4932861328125;1716;
358,583;1,8282572031021118;1431,477294921875;1409,4515380859375;1716;
358,584;1,849691390991211;1448,072265625;1460,8287353515625;1716;
358,585;1,8413506746292114;1444,809326171875;1487,9481201171875;1716;
358,586;1,849662184715271;1454,20263671875;1436,394287109375;1716;
358,587;1,8425464630126953;1448,072265625;1478,7972412109375;1716;
358,588;1,8532687425613403;1457,2872314453125;1539,3880615234375;1716;
358,589;1,843722939491272;1455,5230712890625;1407,801025390625;1716;
358,59;1,8306678533554077;1436,6087646484375;1462,60595703125;1716;
358,591;1,8473095893859863;1438,7578125;1391,507080078125;1716;
358,592;1,8318442106246948;1452,44580078125;1450,255859375;1716;
358,593;1,897295594215393;1446,9830322265625;1389,8983154296875;1716;
358,594;1,9120588302612305;1444,1585693359375;1360,02490234375;1716;
358,595;1,8961191177368164;1455,302734375;1432,97021484375;1716;
358,596;1,8949425220489502;1448,94482421875;1476,98046875;1716;
358,597;1,8935295343399048;1445,460693359375;1399,6065673828125;1716;
358,598;1,8899623155593872;1456,18408203125;1455,5230712890625;1716;
358,599;1,8887858390808105;1449,60009765625;1487,9481201171875;1716;
358,6;1,8640305995941162;1445,677978515625;1404,51171875;1716;
358,601;2,5046298503875732;1456,18408203125;1457,287353515625;1716;
358,602;1,9281176328659058;1499,5472412109375;2055,148681640625;1716;
358,603;1,8640305995941162;1444,809326171875;1402,872802734375;1716;
358,604;2,5046298503875732;1455,5230712890625;1459,055908203125;1716;
358,605;1,922049880027771;1499,079833984375;2055,148681640625;1716;
358,606;1,8640305995941162;1397,77587890625;1402,872802734375;1716;
358,607;2,5046298503875732;1455,7432861328125;1459,055908203125;1716;
358,608;1,922049880027771;1499,079833984375;2055,148681640625;1716;
358,609;2,5408334732055664;1397,77587890625;1402,872802734375;1716;
358,61;1,8807520866394043;1455,5230712890625;1457,287353515625;1716;
358,611;1,8828564882278442;1436,394287109375;1393,119384765625;1716;
358,612;1,8356584310531616;1403,6917724609375;1453,76318359375;1716;
358,613;1,886819839477539;1459,0557861328125;1484,274169921875;1716;
358,614;1,879575490951538;1450,693115234375;1502,82763671875;1716;
358,615;1,8904460668563843;1458,1710205078125;1409,4515380859375;1716;
358,616;1,8746843338012695;1449,8184814453125;1460,8287353515625;1716;
358,617;1,8735077381134033;1445,677978515625;1491,640380859375;1716;
358,618;1,8721835613250732;1443,0751953125;1404,51171875;1716;
358,619;1,887926697731018;1454,4224853515625;1500,9512939453125;1716;
358,62;1,875889539718628;1461,2725830078125;1508,484375;1716;
358,621;1,8819670677185059;1451,3499755859375;1416,0919189453125;1716;
358,622;1,8940242528915405;1458,39208984375;1464,387451171875;1716;
358,623;1,8819670677185059;1450,2557373046875;1489,7918701171875;1716;
358,624;1,9000519514083862;1458,39208984375;1506,5941162109375;1716;
358,625;2,5224924087524414;1449,60009765625;1411,105712890625;1716;
358,626;1,9163774251937866;1457,949951171875;1567,486328125;1716;
358,627;1,934580683708191;1449,8184814453125;1441,5611572265625;1716;
358,628;1,9342254400253296;1445,460693359375;1478,7972412109375;1716;
358,629;2,5076088905334473;1468,41162109375;1497,2130126953125;1716;
358,63;1,909536361694336;1443,0751953125;1411,105712890625;1716;
358,631;1,910972237586975;1454,6424560546875;1369,3189697265625;1716;
358,632;2,0083611011505127;1460,8287353515625;1541,361572265625;1716;
358,633;1,8913700580596924;1439,6192626953125;1429,5625;1716;
358,634;2,512387752532959;1453,1041259765625;1378,740966796875;1716;
358,635;2,488452196121216;1460,163330078125;1547,3128662109375;1716;
358,636;2,507352113723755;1451,5689697265625;1535,4560546875;1716;
358,637;2,512387752532959;1459,277099609375;1426,1708984375;1716;
358,638;1,866422176361084;1463,2733154296875;1469,758056640625;1716;
358,639;2,53007173538208;1452,884521484375;1495,350830078125;1716;
358,64;1,8508678674697876;1446,9830322265625;1406,1544189453125;1716;
358,641;1,8627755641937256;1468,860107421875;1565,4454345703125;1716;
358,642;1,850877285003662;1454,862548828125;1439,8348388671875;1716;
358,643;1,862805724143982;1459,9417724609375;1476,98046875;1716;
358,644;1,8627755641937256;1463,05078125;1495,350830078125;1716;
358,645;1,850877285003662;1452,2265625;1508,484375;1716;
358,646;1,862805724143982;1458,83447265625;1512,279296875;1716;
358,647;1,8592277765274048;1461,7166748046875;1386,692138671875;1716;
358,648;1,860364317893982;1463,941650390625;1448,508544921875;1716;
358,649;1,849662184715271;1452,6651611328125;1388,29345703125;1716;
358,65;1,8592277765274048;1446,5477294921875;1356,9549560546875;1716;
358,651;1,8425464630126953;1456,18408203125;1431,264404296875;1716;
358,652;1,9084324836730957;1448,7265625;1380,3238525390625;1716;
358,653;1,9120588302612305;1469,7579345703125;1446,765380859375;1716;
358,654;1,9010993242263794;1468,41162109375;1480,6182861328125;1716;
358,655;2,4991798400878906;1455,5230712890625;1402,872802734375;1716;
358,656;1,9058823585510254;1461,2725830078125;1459,055908203125;1716;
358,657;2,5208168029785156;1464,1644287109375;1486,1087646484375;1716;
358,658;1,8772141933441162;1453,32373046875;1406,1544189453125;1716;
358,659;2,529498338699341;1459,9417724609375;1367,7611083984375;1716;
358,66;2,529498338699341;1463,4959716796875;1438,112548828125;1716;
358,661;2,5061371326446533;1453,1041259765625;1478,7972412109375;1716;
358,662;2,5208168029785156;1459,9417724609375;1401,23779296875;1716;
358,663;1,8899463415145874;1463,4959716796875;1455,5230712890625;1716;
358,664;1,8807520866394043;1453,1041259765625;1391,507080078125;1716;
358,665;1,8880447149276733;1465,27978515625;1518,007568359375;1716;
358,666;1,8917109966278076;1463,2733154296875;1386,692138671875;1716;
358,667;1,8928875923156738;1465,0565185546875;1452,00732421875;1716;
358,668;1,896533727645874;1465,27978515625;1386,692138671875;1716;
358,669;1,8989449739456177;1453,5433349609375;1417,7618408203125;1716;
358,67;1,895298957824707;1459,9417724609375;1464,387451171875;1716;
358,671;1,8819670677185059;1450,693115234375;1493,4932861328125;1716;
358,672;1,8928475379943848;1457,949951171875;1504,70849609375;1716;
358,673;1,8831437826156616;1461,9388427734375;1510,37939453125;1716;
358,674;1,9408756494522095;1451,5689697265625;1416,0919189453125;1716;
358,675;1,9456787109375;1458,39208984375;1464,387451171875;1716;
358,676;1,9483473300933838;1462,3834228515625;1489,7918701171875;1716;
358,677;1,9471708536148071;1464,3873291015625;1506,5941162109375;1716;
358,678;1,9097957611083984;1465,27978515625;1412,763916015625;1716;
358,679;1,910972237586975;1466,1732177734375;1462,60595703125;1716;
358,68;1,8975119590759277;1454,20263671875;1491,640380859375;1716;
358,681;2,5284955501556396;1460,385009765625;1406,1544189453125;1716;
358,682;1,8736120462417603;1476,3001708984375;1565,4454345703125;1716;
358,683;2,5160138607025146;1459,277099609375;1439,8348388671875;1716;
358,684;1,890475869178772;1463,05078125;1383,5006103515625;1716;
358,685;1,8639521598815918;1465,27978515625;1551,305908203125;1716;
358,686;1,850877285003662;1454,20263671875;1434,6802978515625;1716;
358,687;1,8735671043395996;1472,908935546875;1473,3603515625;1716;
358,688;1,8639521598815918;1469,7579345703125;1493,4932861328125;1716;
358,689;1,8627755641937256;1468,1875;1508,484375;1716;
358,69;1,867598056793213;1466,843994140625;1512,279296875;1716;
358,691;1,8663634061813354;1463,71875;1388,29345703125;1716;
358,692;1,860364317893982;1465,0565185546875;1448,508544921875;1716;
358,693;1,8484857082366943;1465,5029296875;1484,274169921875;1716;
358,694;1,9255883693695068;1465,27978515625;1401,23779296875;1716;
358,695;1,9010993242263794;1465,5029296875;1455,5230712890625;1716;
358,696;1,9072558879852295;1465,94970703125;1487,9481201171875;1716;
358,697;1,942704677581787;1465,94970703125;1404,51171875;1716;
358,698;1,9805123805999756;1466,396728515625;1457,287353515625;1716;
358,699;1,8700342178344727;1466,843994140625;1489,7918701171875;1716;
358,7;2,5480382442474365;1454,20263671875;1319,7169189453125;1716;
358,701;2,5208168029785156;1473,1346435546875;1510,37939453125;1716;
358,702;2,5222647190093994;1457,72900390625;1416,0919189453125;1716;
358,703;2,5480382442474365;1462,1611328125;1372,4453125;1716;
358,704;1,9038466215133667;1477,207275390625;1439,8348388671875;1716;
358,705;1,8856432437896729;1459,72021484375;1480,6182861328125;1716;
358,706;1,9098851680755615;1475,3944091796875;1497,2130126953125;1716;
358,707;1,897778868675232;1470,8817138671875;1407,801025390625;1716;
358,708;1,8941223621368408;1478,5697021484375;1510,37939453125;1716;
358,709;1,8977102041244507;1466,843994140625;1391,507080078125;1716;
358,71;1,8917109966278076;1466,396728515625;1450,255859375;1716;
358,711;1,8941223621368408;1473,5860595703125;1571,5843505859375;1716;
358,712;1,9362907409667969;1457,508056640625;1443,291748046875;1716;
358,713;1,9646230936050415;1461,9388427734375;1385,0946044921875;1716;
358,714;1,992640495300293;1477,207275390625;1551,305908203125;1716;
358,715;1,9609375;1459,9417724609375;1436,394287109375;1716;
358,716;1,9692037105560303;1476,07373046875;1476,98046875;1716;
358,717;1,8975119590759277;1471,556884765625;1495,350830078125;1716;
358,718;1,9171141386032104;1469,7579345703125;1510,37939453125;1716;
358,719;2,5284955501556396;1468,1875;1414,426025390625;1716;
358,72;2,531909704208374;1467,515380859375;1462,60595703125;1716;
358,721;2,5258522033691406;1467,515380859375;1491,640380859375;1716;
358,722;1,8700095415115356;1466,843994140625;1406,1544189453125;1716;
358,723;1,8746739625930786;1479,4794921875;1565,4454345703125;1716;
358,724;1,8699012994766235;1473,1346435546875;1543,3402099609375;1716;
358,725;1,867598056793213;1469,308837890625;1427,86474609375;1716;
358,726;1,8746739625930786;1480,16259765625;1577,771728515625;1716;
358,727;1,8674800395965576;1472,908935546875;1455,5230712890625;1716;
358,728;1,860364317893982;1474,263671875;1487,9481201171875;1716;
358,729;1,8771049976348877;1469,5333251953125;1402,872802734375;1716;
358,73;1,8556015491485596;1480,390380859375;1563,4097900390625;1716;
358,731;1,9134126901626587;1461,0506591796875;1439,8348388671875;1716;
358,732;1,9305882453918457;1463,941650390625;1383,5006103515625;1716;
358,733;1,920745849609375;1478,5697021484375;1446,765380859375;1716;
358,734;1,8820412158966064;1460,8287353515625;1484,274169921875;1716;
358,735;2,5823938846588135;1476,52685546875;1402,872802734375;1716;
358,736;2,5219931602478027;1484,7322998046875;1563,4097900390625;1716;
358,737;2,5222647190093994;1463,71875;1439,8348388671875;1716;
358,738;1,9087086915969849;1478,115234375;1478,7972412109375;1716;
358,739;1,8989553451538086;1473,1346435546875;1497,2130126953125;1716;
358,74;1,897778868675232;1470,6568603515625;1510,37939453125;1716;
358,741;1,914796233177185;1481,3023681640625;1412,763916015625;1716;
358,742;1,8989553451538086;1474,03759765625;1462,60595703125;1716;
358,743;1,9002000093460083;1470,207275390625;1569,53271484375;1716;
358,744;1,8941223621368408;1473,5860595703125;1545,323974609375;1716;
358,745;2,018740653991699;1469,308837890625;1427,86474609375;1716;
358,746;2,009936571121216;1480,16259765625;1469,758056640625;1716;
358,747;1,966055989265442;1473,1346435546875;1497,2130126953125;1716;
358,748;1,9594848155975342;1469,308837890625;1506,5941162109375;1716;
358,749;1,9159376621246338;1480,6181640625;1510,37939453125;1716;
358,75;2,5246758460998535;1486,568115234375;1631,291748046875;1716;
358,751;2,5383141040802;1463,71875;1372,4453125;1716;
358,752;1,8844623565673828;1477,8880615234375;1543,3402099609375;1716;
358,753;2,5333378314971924;1472,6834716796875;1533,49755859375;1716;
358,754;1,8687747716903687;1469,308837890625;1523,779541015625;1716;
358,755;1,8865723609924316;1493,4931640625;1635,730712890625;1716;
358,756;1,8746739625930786;1480,16259765625;1577,771728515625;1716;
358,757;1,8747435808181763;1472,6834716796875;1441,5611572265625;1716;
358,758;1,8830640316009521;1482,901123046875;1397,9791259765625;1716;
358,759;1,866303563117981;1487,02783203125;1453,76318359375;1716;
358,76;1,8615407943725586;1476,3001708984375;1487,9481201171875;1716;
358,761;1,9429411888122559;1483,129638671875;1402,872802734375;1716;
358,762;1,9134126901626587;1487,2578125;1563,4097900390625;1716;
358,763;1,9145891666412354;1476,9803466796875;1543,3402099609375;1716;
358,764;1,9000519514083862;1471,7821044921875;1340,314453125;1716;
358,765;2,529498338699341;1482,4439697265625;1523,779541015625;1716;
358,766;1,9535653591156006;1527,65185546875;2127,8974609375;1716;
358,767;1,8940482139587402;1470,8817138671875;1419,435791015625;1716;
358,768;1,9073846340179443;1481,530517578125;1466,1732177734375;1716;
358,769;1,8989553451538086;1474,263671875;1493,4932861328125;1716;
358,77;1,8539209365844727;1421,323486328125;1406,1544189453125;1716;
358,771;1,9099143743515015;1480,84619140625;1459,055908203125;1716;
358,772;1,9013766050338745;1487,48779296875;1631,291748046875;1716;
358,773;1,8941223621368408;1476,9803466796875;1575,7039794921875;1716;
358,774;1,977252721786499;1484,2740478515625;1443,291748046875;1716;
358,775;1,907454252243042;1488,408447265625;1588,1929931640625;1716;
358,776;1,966055989265442;1477,6610107421875;1555,319580078125;1716;
358,777;2,543393135070801;1484,7322998046875;1537,4195556640625;1716;
358,778;1,910972237586975;1475,6207275390625;1525,7132568359375;1716;
358,779;2,5419998168945312;1471,331787109375;1525,7132568359375;1716;
358,78;2,5457797050476074;1468,860107421875;1421,113525390625;1716;
358,781;2,550469398498535;1480,390380859375;1573,6414794921875;1716;
358,782;1,8806232213974;1486,568115234375;1547,3128662109375;1716;
358,783;1,8795360326766968;1476,07373046875;1429,5625;1716;
358,784;1,8936980962753296;1496,97998046875;1579,8450927734375;1716;
358,785;1,8806232213974;1481,7587890625;1551,305908203125;1716;
358,786;1,866303563117981;1477,207275390625;1489,7918701171875;1716;
358,787;1,8961588144302368;1484,0450439453125;1404,51171875;1716;
358,788;1,8781821727752686;1487,947998046875;1457,287353515625;1716;
358,789;1,919569492340088;1477,207275390625;1489,7918701171875;1716;
358,79;1,9502943754196167;1484,2740478515625;1406,1544189453125;1716;
358,791;1,9257804155349731;1488,408447265625;1459,055908203125;1716;
358,792;1,8820412158966064;1477,8880615234375;1489,7918701171875;1716;
358,793;2,574083089828491;1485,19091796875;1406,1544189453125;1716;
358,794;2,529498338699341;1489,099853515625;1565,4454345703125;1716;
358,795;1,9020819664001465;1478,342529296875;1439,8348388671875;1716;
358,796;1,9159728288650513;1485,19091796875;1476,98046875;1716;
358,797;1,9159821271896362;1488,638916015625;1495,350830078125;1716;
358,798;1,9038466215133667;1477,43408203125;1508,484375;1716;
358,799;1,9158847332000732;1483,129638671875;1491,640380859375;1716;
358,8;1,9172372817993164;1474,03759765625;1404,51171875;1716;
358,801;1,9062777757644653;1495,583251953125;1563,4097900390625;1716;
358,802;1,9672324657440186;1493,4931640625;1543,3402099609375;1716;
358,803;1,9709380865097046;1479,4794921875;1429,5625;1716;
358,804;1,9597609043121338;1498,84619140625;1579,8450927734375;1716;
358,805;1,9293978214263916;1470,4320068359375;1446,765380859375;1716;
358,806;2,554421901702881;1481,530517578125;1482,4439697265625;1716;
358,807;2,549292802810669;1487,2578125;1499,079833984375;1716;
358,808;1,8758505582809448;1477,6610107421875;1512,279296875;1716;
358,809;1,885504961013794;1484,9615478515625;1414,426025390625;1716;
358,81;1,8865723609924316;1488,869384765625;1569,53271484375;1716;
358,811;1,8877489566802979;1490,7154541015625;1545,323974609375;1716;
358,812;1,87224280834198;1477,207275390625;1491,640380859375;1716;
358,813;1,894982099533081;1483,5872802734375;1404,51171875;1716;
358,814;1,8793586492538452;1487,2578125;1457,287353515625;1716;
358,815;1,9501898288726807;1476,52685546875;1394,7354736328125;1716;
358,816;1,9552942514419556;1483,816162109375;1361,565185546875;1716;
358,817;1,8952248096466064;1488,17822265625;1434,6802978515625;1716;
358,818;2,554421901702881;1490,7154541015625;1476,98046875;1716;
358,819;2,5642249584198;1491,408935546875;1399,6065673828125;1716;
358,82;2,5480382442474365;1492,10302734375;1455,5230712890625;1716;
358,821;1,9159821271896362;1492,566162109375;1487,9481201171875;1716;
358,822;1,9087086915969849;1479,251953125;1402,872802734375;1716;
358,823;1,9232263565063477;1498,84619140625;1563,4097900390625;1716;
358,824;1,9123554229736328;1482,901123046875;1439,8348388671875;1716;
358,825;1,9123554229736328;1477,6610107421875;1443,291748046875;1716;
358,826;1,924511194229126;1484,503173828125;1478,7972412109375;1716;
358,827;1,9597609043121338;1488,17822265625;1497,2130126953125;1716;
358,828;1,966055989265442;1490,25341796875;1624,678466796875;1716;
358,829;1,935539722442627;1490,946533203125;1462,60595703125;1716;
358,83;2,566676139831543;1491,6402587890625;1487,9481201171875;1716;
358,831;2,5419998168945312;1491,87158203125;1618,1185302734375;1716;
358,832;2,5642404556274414;1478,5697021484375;1460,8287353515625;1716;
358,833;1,8925213813781738;1498,145751953125;1598,7528076171875;1716;
358,834;1,8806232213974;1482,4439697265625;1453,76318359375;1716;
358,835;1,8866814374923706;1487,48779296875;1486,1087646484375;1716;
358,836;1,8865723609924316;1490,25341796875;1500,9512939453125;1716;
358,837;1,87224280834198;1490,4844970703125;1495,350830078125;1716;
358,838;1,9994903802871704;1478,5697021484375;1409,4515380859375;1716;
358,839;1,949117660522461;1484,7322998046875;1367,7611083984375;1716;
358,84;1,9380394220352173;1488,17822265625;1438,112548828125;1716;
358,841;1,9012283086776733;1490,0225830078125;1478,7972412109375;1716;
358,842;2,5642249584198;1490,7154541015625;1401,23779296875;1716;
358,843;2,5468616485595703;1504,4730224609375;1561,37939453125;1716;
358,844;2,5493969917297363;1485,420166015625;1438,112548828125;1716;
358,845;1,9208837747573853;1488,408447265625;1476,98046875;1716;
358,846;1,9281176328659058;1503,0623779296875;1607,30224609375;1716;
358,847;1,9110908508300781;1484,7322998046875;1457,287353515625;1716;
358,848;1,9305882453918457;1493,4931640625;1510,37939453125;1716;
358,849;1,9294321537017822;1492,3345947265625;1412,763916015625;1716;
358,85;1,9135318994522095;1492,10302734375;1569,53271484375;1716;
358,851;1,966055989265442;1492,10302734375;1545,323974609375;1716;
358,852;1,9402457475662231;1491,6402587890625;1531,5440673828125;1716;
358,853;2,56785249710083;1504,94384765625;1523,779541015625;1716;
358,854;2,559323310852051;1485,649658203125;1523,779541015625;1716;
358,855;1,91452956199646;1488,869384765625;1421,113525390625;1716;
358,856;1,8877489566802979;1490,7154541015625;1573,6414794921875;1716;
358,857;1,8865723609924316;1491,87158203125;1547,3128662109375;1716;
358,858;1,8914738893508911;1491,87158203125;1531,5440673828125;1716;
358,859;1,8901996612548828;1498,145751953125;1486,1087646484375;1716;
358,86;1,8841214179992676;1495,1182861328125;1500,9512939453125;1716;
358,861;1,87224280834198;1493,72509765625;1512,279296875;1716;
358,862;1,9502943754196167;1492,566162109375;1414,426025390625;1716;
358,863;1,9441962242126465;1492,3345947265625;1462,60595703125;1716;
358,864;2,556872606277466;1479,4794921875;1394,7354736328125;1716;
358,865;2,5914463996887207;1498,379150390625;1453,76318359375;1716;
358,866;2,5555434226989746;1495,583251953125;1484,274169921875;1716;
358,867;1,922049880027771;1494,653564453125;1504,70849609375;1716;
358,868;1,9403228759765625;1506,593994140625;1510,37939453125;1716;
358,869;1,9281176328659058;1499,7811279296875;1512,279296875;1716;
358,87;1,9245107173919678;1504,94384765625;1569,53271484375;1716;
358,871;1,919609546661377;1498,145751953125;1545,323974609375;1716;
358,872;1,977252721786499;1481,3023681640625;1427,86474609375;1716;
358,873;1,9597609043121338;1499,3134765625;1577,771728515625;1716;
358,874;1,9672324657440186;1482,6724853515625;1549,3067626953125;1716;
358,875;1,946647047996521;1487,02783203125;1431,264404296875;1716;
358,876;2,5579843521118164;1502,5926513671875;1579,8450927734375;1716;
358,877;2,6173529624938965;1497,9124755859375;1553,3101806640625;1716;
358,878;1,8974429368972778;1494,885986328125;1431,264404296875;1716;
358,879;1,9044197797775269;1506,830078125;1579,8450927734375;1716;
358,88;1,8996471166610718;1499,7811279296875;1551,305908203125;1716;
358,881;1,8974429368972778;1495,350830078125;1533,49755859375;1716;
358,882;1,9069002866744995;1499,079833984375;1452,00732421875;1716;
358,883;1,9330593347549438;1495,350830078125;1482,4439697265625;1716;
358,884;1,9380394220352173;1493,9571533203125;1504,70849609375;1716;
358,885;1,9000519514083862;1506,1220703125;1512,279296875;1716;
358,886;2,565401315689087;1500,0150146484375;1514,1839599609375;1716;
358,887;2,556872606277466;1497,212890625;1518,007568359375;1716;
358,888;2,6175553798675537;1494,885986328125;1417,7618408203125;1716;
358,889;1,9232263565063477;1493,9571533203125;1464,387451171875;1716;
358,89;1,9159821271896362;1493,26123046875;1493,4932861328125;1716;
358,891;1,9184330701828003;1499,7811279296875;1640,19384765625;1716;
358,892;1,9428035020828247;1495,583251953125;1467,96337890625;1716;
358,893;1,9245107173919678;1507,066162109375;1603,01611328125;1716;
358,894;1,9786462783813477;1486,568115234375;1455,5230712890625;1716;
358,895;1,9973738193511963;1488,869384765625;1486,1087646484375;1716;
358,896;2,5579843521118164;1503,5322265625;1613,774658203125;1716;
358,897;2,5766470432281494;1485,420166015625;1462,60595703125;1716;
358,898;2,5642404556274414;1502,1234130859375;1489,7918701171875;1716;
358,899;1,8925213813781738;1497,9124755859375;1502,82763671875;1716;
358,9;1,8925213813781738;1495,583251953125;1512,279296875;1716;
358,901;1,8926504850387573;1493,4931640625;1414,426025390625;1716;
358,902;1,9044197797775269;1505,650634765625;1569,53271484375;1716;
358,903;1,8900606632232666;1505,4149169921875;1571,5843505859375;1716;
358,904;1,9453727006912231;1485,649658203125;1443,291748046875;1716;
358,905;1,961470603942871;1501,654296875;1480,6182861328125;1716;
358,906;1,9120588302612305;1510,61669921875;1497,2130126953125;1716;
358,907;1,9072318077087402;1489,099853515625;1510,37939453125;1716;
358,908;1,9478280544281006;1504,00244140625;1414,426025390625;1716;
358,909;1,922049880027771;1498,379150390625;1462,60595703125;1716;
358,91;1,9232263565063477;1495,350830078125;1491,640380859375;1716;
358,911;1,9208837747573853;1493,0294189453125;1404,51171875;1716;
358,912;1,9416269063949585;1505,1793212890625;1457,287353515625;1716;
358,913;1,9256870746612549;1506,3580322265625;1603,01611328125;1716;
358,914;1,9786462783813477;1499,079833984375;1561,37939453125;1716;
358,915;1,965072751045227;1495,1182861328125;1436,394287109375;1716;
358,916;1,9414222240447998;1506,830078125;1584,0079345703125;1716;
358,917;2,5853090286254883;1500,0150146484375;1555,319580078125;1716;
358,918;2,5889902114868164;1496,5140380859375;1434,6802978515625;1716;
358,919;1,9055964946746826;1508,247802734375;1581,923828125;1716;
358,92;1,8984707593917847;1500,7171630859375;1551,305908203125;1716;
358,921;1,8900606632232666;1496,0484619140625;1491,640380859375;1716;
358,922;1,9055964946746826;1506,830078125;1523,779541015625;1716;
358,923;1,8900606632232666;1505,1793212890625;1457,287353515625;1716;
358,924;1,9441962242126465;1498,379150390625;1489,7918701171875;1716;
358,925;1,9192390441894531;1494,885986328125;1406,1544189453125;1716;
358,926;2,5815882682800293;1520,1668701171875;1565,4454345703125;1716;
358,927;2,5655245780944824;1493,26123046875;1439,8348388671875;1716;
358,928;2,5914463996887207;1505,88623046875;1478,7972412109375;1716;
358,929;1,9402531385421753;1512,7548828125;1497,2130126953125;1716;
358,93;1,9184330701828003;1490,0225830078125;1411,105712890625;1716;
358,931;1,9317649602890015;1504,2376708984375;1367,7611083984375;1716;
358,932;1,9477242231369019;1497,67919921875;1445,0264892578125;1716;
358,933;1,9849412441253662;1508,0113525390625;1588,1929931640625;1716;
358,934;1,9924126863479614;1487,2578125;1450,255859375;1716;
358,935;1,9589308500289917;1502,8275146484375;1484,274169921875;1716;
358,936;1,9343633651733398;1511,09130859375;1611,611328125;1716;
358,937;2,5864853858947754;1489,56103515625;1460,8287353515625;1716;
358,938;1,9034117460250854;1504,4730224609375;1489,7918701171875;1716;
358,939;1,9103691577911377;1512,279296875;1615,943603515625;1716;
358,94;1,8996471166610718;1502,5926513671875;1567,486328125;1716;
358,941;1,9019392728805542;1509,1944580078125;1491,640380859375;1716;
358,942;1,9551953077316284;1499,7811279296875;1404,51171875;1716;
358,943;1,9515295028686523;1508,720947265625;1457,287353515625;1716;
358,944;1,9441962242126465;1500,2489013671875;1489,7918701171875;1716;
358,945;1,9180623292922974;1495,81591796875;1406,1544189453125;1716;
358,946;1,9453531503677368;1520,6475830078125;1565,4454345703125;1716;
358,947;1,9341853857040405;1506,593994140625;1543,3402099609375;1716;
358,948;1,945233941078186;1512,279296875;1529,5955810546875;1716;
358,949;1,941429615020752;1515,376708984375;1521,850830078125;1716;
358,95;1,9172075986862183;1490,4844970703125;1421,113525390625;1716;
358,951;1,9305882453918457;1502,1234130859375;1464,387451171875;1716;
358,952;1,9973738193511963;1496,28125;1394,7354736328125;1716;
358,953;1,9849412441253662;1507,066162109375;1557,3343505859375;1716;
358,954;1,9527889490127563;1499,5472412109375;1539,3880615234375;1716;
358,955;2,5901668071746826;1508,9576416015625;1427,86474609375;1716;
358,956;2,566676139831543;1513,945556640625;1577,771728515625;1716;
358,957;1,8984707593917847;1503,5322265625;1551,305908203125;1716;
358,958;1,9165263175964355;1511,09130859375;1533,49755859375;1716;
358,959;1,912859320640564;1516,5714111328125;1460,8287353515625;1716;
358,96;1,8960001468658447;1517,528564453125;1598,7528076171875;1716;
358,961;1,9453727006912231;1504,7083740234375;1559,354248046875;1716;
358,962;1,961470603942871;1511,3287353515625;1436,394287109375;1716;
358,963;1,9120588302612305;1515,376708984375;1584,0079345703125;1716;
358,964;2,584005117416382;1491,177734375;1448,508544921875;1716;
358,965;2,6163148880004883;1504,7083740234375;1386,692138671875;1716;
358,966;1,9377628564834595;1511,8038330078125;1553,3101806640625;1716;
358,967;1,917158603668213;1489,099853515625;1434,6802978515625;1716;
358,968;1,9488211870193481;1502,3580322265625;1571,5843505859375;1716;
358,969;1,9538217782974243;1509,668212890625;1439,8348388671875;1716;
358,97;1,9317649602890015;1513,707275390625;1586,09765625;1716;
358,971;1,9975314140319824;1502,5926513671875;1553,3101806640625;1716;
358,972;1,9589308500289917;1496,97998046875;1432,97021484375;1716;
358,973;2,585235357284546;1521,1285400390625;1581,923828125;1716;
358,974;2,6213648319244385;1506,593994140625;1551,305908203125;1716;
358,975;1,9153496026992798;1512,279296875;1533,49755859375;1716;
358,976;1,9115455150604248;1515,376708984375;1523,779541015625;1716;
358,977;1,8960001468658447;1503,767333984375;1523,779541015625;1716;
358,978;1,9078785181045532;1516,3323974609375;1516,0933837890625;1716;
358,979;1,968823790550232;1503,767333984375;1417,7618408203125;1716;
358,98;1,968822956085205;1511,09130859375;1464,387451171875;1716;
358,981;1,9120588302612305;1501,8887939453125;1493,4932861328125;1716;
358,982;2,600127935409546;1497,212890625;1407,801025390625;1716;
358,983;1,94632089138031;1521,3692626953125;1565,4454345703125;1716;
358,984;1,9341853857040405;1507,066162109375;1543,3402099609375;1716;
358,985;1,9464105367660522;1512,51708984375;1427,86474609375;1716;
358,986;1,9477242231369019;1515,376708984375;1469,758056640625;1716;
358,987;1,9305882453918457;1514,8994140625;1523,779541015625;1716;
358,988;1,9924126863479614;1503,0623779296875;1523,779541015625;1716;
358,989;2,013718605041504;1510,1422119140625;1521,850830078125;1716;
358,99;1,9589308500289917;1514,183837890625;1518,007568359375;1716;
358,991;2,5778236389160156;1516,5714111328125;1635,730712890625;1716;
358,992;2,7094240188598633;1504,2376708984375;1467,96337890625;1716;
358,993;1,9103691577911377;1511,566162109375;1603,01611328125;1716;
358,994;1,8996471166610718;1502,1234130859375;1561,37939453125;1716;
358,995;1,8900606632232666;1506,830078125;1543,3402099609375;1716;
358,996;1,9738236665725708;1512,279296875;1427,86474609375;1716;
358,997;1,9576860666275024;1515,376708984375;1469,758056640625;1716;
358,998;1,962666392326355;1503,767333984375;1495,350830078125;1716;
358,999;1,9240658283233643;1510,85400390625;1506,5941162109375;1716;
359;2,5827648639678955;1514,8994140625;1510,37939453125;1716;
359,001;1,94632089138031;1517,0498046875;1516,0933837890625;1716;
359,002;1,9513213634490967;1517,528564453125;1516,0933837890625;1716;
359,003;1,9573512077331543;1518,007568359375;1518,007568359375;1716;
359,004;1,9366658926010132;1517,528564453125;1631,291748046875;1716;
359,005;1,9975314140319824;1518,007568359375;1575,7039794921875;1716;
359,006;2,01489520072937;1504,7083740234375;1443,291748046875;1716;
359,007;1,9525295495986938;1511,8038330078125;1588,1929931640625;1716;
359,008;2,611294746398926;1502,5926513671875;1452,00732421875;1716;
359,009;2,6188056468963623;1510,85400390625;1594,5120849609375;1716;
359,01;1,9222673177719116;1528,865966796875;1674,459716796875;1716;
359,011;1,9103691577911377;1510,85400390625;1594,5120849609375;1716;
359,012;1,909055233001709;1516,8106689453125;1533,49755859375;1716;
359,013;1,9738236665725708;1517,0498046875;1422,7952880859375;1716;
359,014;1,9503527879714966;1531,3001708984375;1575,7039794921875;1716;
359,015;1,92524254322052;1498,612548828125;1445,0264892578125;1716;
359,016;2,6163148880004883;1508,247802734375;1383,5006103515625;1716;
359,017;2,5902700424194336;1513,707275390625;1446,765380859375;1716;
359,018;1,9292941093444824;1503,2972412109375;1484,274169921875;1716;
359,019;1,9699596166610718;1524,0208740234375;1499,079833984375;1716;
359,02;1,94632089138031;1521,3692626953125;1506,5941162109375;1716;
359,021;1,9499977827072144;1514,6607666015625;1519,9267578125;1716;
359,022;2,003826379776001;1516,3323974609375;1521,850830078125;1716;
359,023;2,02007794380188;1516,8106689453125;1519,9267578125;1716;
359,024;2,5939271450042725;1517,528564453125;1633,50830078125;1716;
359,025;2,593970775604248;1518,2471923828125;1577,771728515625;1716;
359,026;1,9213186502456665;1518,2471923828125;1547,3128662109375;1716;
359,027;1,917494773864746;1518,966552734375;1649,1934814453125;1716;
359,028;1,9163181781768799;1519,4464111328125;1584,0079345703125;1716;
359,029;1,9019392728805542;1507,53857421875;1504,70849609375;1716;
359,03;1,968823790550232;1525,955322265625;1510,37939453125;1716;
359,031;1,962666392326355;1522,3323974609375;1512,279296875;1716;
359,032;1,9120588302612305;1507,3023681640625;1518,007568359375;1716;
359,033;2,6174914836883545;1512,7548828125;1417,7618408203125;1716;
359,034;1,9402531385421753;1515,8543701171875;1571,5843505859375;1716;
359,035;1,9281176328659058;1504,2376708984375;1443,291748046875;1716;
359,036;1,958585500717163;1524,5040283203125;1478,7972412109375;1716;
359,037;1,9538217782974243;1527,89453125;1605,1563720703125;1716;
359,038;1,9912362098693848;1509,9051513671875;1559,354248046875;1716;
359,039;2,0112979412078857;1514,42236328125;1543,3402099609375;1716;
359,04;1,9527889490127563;1516,3323974609375;1529,5955810546875;1716;
359,041;2,6014420986175537;1517,528564453125;1637,959228515625;1716;
359,042;2,6996989250183105;1518,2471923828125;1577,771728515625;1716;
359,043;1,9034117460250854;1504,7083740234375;1443,291748046875;1716;
359,044;1,9222673177719116;1524,987548828125;1588,1929931640625;1716;
359,045;1,90311598777771;1531,5439453125;1577,771728515625;1716;
359,046;1,9749797582626343;1511,8038330078125;1445,0264892578125;1716;
359,047;1,9900001287460327;1528,380126953125;1480,6182861328125;1716;
359,048;1,92524254322052;1523,7794189453125;1497,2130126953125;1716;
359,049;2,6149165630340576;1508,4842529296875;1412,763916015625;1716;
359,05;1,9574089050292969;1527,166748046875;1464,387451171875;1716;
359,051;1,9474976062774658;1523,5380859375;1600,881591796875;1716;
359,052;1,94632089138031;1521,8505859375;1561,37939453125;1716;
359,053;1,9488211870193481;1504,7083740234375;1543,3402099609375;1716;
359,054;2,0100035667419434;1524,7457275390625;1531,5440673828125;1716;
359,055;1,9912362098693848;1535,2108154296875;1640,19384765625;1716;
359,056;1,9712146520614624;1513,945556640625;1473,3603515625;1716;
359,057;2,622382402420044;1530,0821533203125;1495,350830078125;1716;
359,058;1,9222673177719116;1524,987548828125;1618,1185302734375;1716;
359,059;1,9138180017471313;1522,814453125;1569,53271484375;1716;
359,06;1,9224951267242432;1520,6475830078125;1438,112548828125;1716;
359,061;1,918818473815918;1513,23095703125;1414,426025390625;1716;
359,062;1,968822956085205;1515,615478515625;1462,60595703125;1716;
359,063;1,9576860666275024;1503,5322265625;1491,640380859375;1716;
359,064;2,6163148880004883;1524,0208740234375;1504,70849609375;1716;
359,065;2,607633113861084;1535,2108154296875;1510,37939453125;1716;
359,066;1,941429615020752;1513,945556640625;1416,0919189453125;1716;
359,067;1,9634965658187866;1529,838623046875;1464,387451171875;1716;
359,068;1,9599192142486572;1522,091552734375;1547,3128662109375;1716;
359,069;2,065002918243408;1520,1668701171875;1531,5440673828125;1716;
359,07;2,016416549682617;1519,4464111328125;1529,5955810546875;1716;
359,071;1,9712146520614624;1518,7266845703125;1523,779541015625;1716;
359,072;2,6113100051879883;1519,20654296875;1519,9267578125;1716;
359,073;1,9163181781768799;1519,9266357421875;1523,779541015625;1716;
359,074;1,9213186502456665;1519,6865234375;1519,9267578125;1716;
359,075;1,917494773864746;1519,9266357421875;1518,007568359375;1716;
359,076;1,9138180017471313;1519,20654296875;1516,0933837890625;1716;
359,077;1,968822956085205;1518,7266845703125;1519,9267578125;1716;
359,078;1,9750001430511475;1518,2471923828125;1519,9267578125;1716;
359,079;1,942076563835144;1518,7266845703125;1417,7618408203125;1716;
359,08;2,6087846755981445;1518,966552734375;1467,96337890625;1716;
359,081;1,9524980783462524;1518,7266845703125;1396,35546875;1716;
359,082;1,9584563970565796;1532,52001953125;1559,354248046875;1716;
359,083;1,9548989534378052;1525,7132568359375;1541,361572265625;1716;
359,084;1,9499977827072144;1509,9051513671875;1555,319580078125;1716;
359,085;2,021456718444824;1527,166748046875;1535,4560546875;1716;
359,086;2,065483570098877;1536,191650390625;1642,4345703125;1716;
359,087;2,612471103668213;1513,945556640625;1473,3603515625;1716;
359,088;2,6493775844573975;1529,595458984375;1607,30224609375;1716;
359,089;1,9222673177719116;1524,5040283203125;1559,354248046875;1716;
359,09;1,90311598777771;1508,720947265625;1541,361572265625;1716;
359,091;1,9197572469711304;1533,008544921875;1545,323974609375;1716;
359,092;1,9738236665725708;1511,566162109375;1427,86474609375;1716;
359,093;1,9699996709823608;1541,855712890625;1577,771728515625;1716;
359,094;1,942076563835144;1516,3323974609375;1445,0264892578125;1716;
359,095;1,9687045812606812;1516,8106689453125;1480,6182861328125;1716;
359,096;1,9596331119537354;1531,3001708984375;1497,2130126953125;1716;
359,097;1,9402531385421753;1512,04150390625;1510,37939453125;1716;
359,098;1,9548989534378052;1528,623046875;1512,279296875;1716;
359,099;2,083653688430786;1518,48681640625;1419,435791015625;1716;
359,1;2,0101213455200195;1531,787841796875;1573,6414794921875;1716;
359,101;1,965072751045227;1524,987548828125;1547,3128662109375;1716;
359,102;2,616093158721924;1534,9658203125;1533,49755859375;1716;
359,103;1,9318127632141113;1540,620849609375;1640,19384765625;1716;
359,104;1,9163181781768799;1516,5714111328125;1471,5570068359375;1716;
359,105;1,9344329833984375;1531,3001708984375;1495,350830078125;1716;
359,106;1,9247773885726929;1530,0821533203125;1486,1087646484375;1716;
359,107;1,968822956085205;1524,262451171875;1500,9512939453125;1716;
359,108;1,9986931085586548;1521,60986328125;1512,279296875;1716;
359,109;1,9360730648040771;1533,4974365234375;1516,0933837890625;1716;
359,11;2,607633113861084;1526,681884765625;1516,0933837890625;1716;
359,111;1,9474976062774658;1523,5380859375;1519,9267578125;1716;
359,112;1,9513213634490967;1521,3692626953125;1417,7618408203125;1716;
359,113;1,9660165309906006;1533,986572265625;1571,5843505859375;1716;
359,114;1,9560754299163818;1533,986572265625;1586,09765625;1716;
359,115;2,003826379776001;1512,51708984375;1553,3101806640625;1716;
359,116;1,9773565530776978;1528,380126953125;1535,4560546875;1716;
359,117;2,602618455886841;1537,1737060546875;1642,4345703125;1716;
359,118;1,9222673177719116;1528,13720703125;1579,8450927734375;1716;
359,119;1,9368724822998047;1536,92822265625;1547,3128662109375;1716;
359,12;1,925953984260559;1536,6826171875;1512,279296875;1716;
359,121;1,9138180017471313;1527,4091796875;1514,1839599609375;1716;
359,122;1,968822956085205;1522,814453125;1518,007568359375;1716;
359,123;1,9432531595230103;1520,1668701171875;1417,7618408203125;1716;
359,124;2,6163148880004883;1532,764404296875;1571,5843505859375;1716;
359,125;1,9523886442184448;1525,7132568359375;1443,291748046875;1716;
359,126;1,9646730422973633;1535,4559326171875;1478,7972412109375;1716;
359,127;1,9621713161468506;1540,86767578125;1609,4539794921875;1716;
359,128;1,9488211870193481;1525,229248046875;1620,29931640625;1716;
359,129;2,0175929069519043;1522,3323974609375;1571,5843505859375;1716;
359,13;1,9712146520614624;1534,2313232421875;1545,323974609375;1716;
359,131;2,610133647918701;1540,374267578125;1646,934326171875;1716;
359,132;2,645073175430298;1529,838623046875;1581,923828125;1716;
359,133;1,9272874593734741;1524,262451171875;1445,0264892578125;1716;
359,134;1,9307365417480469;1535,2108154296875;1588,1929931640625;1716;
359,135;1,976156234741211;1541,855712890625;1523,779541015625;1716;
359,136;1,968822956085205;1517,0498046875;1523,779541015625;1716;
359,137;1,942076563835144;1531,3001708984375;1521,850830078125;1716;
359,138;2,6174914836883545;1525,47119140625;1518,007568359375;1716;
359,139;2,623884916305542;1522,814453125;1521,850830078125;1716;
359,14;1,9634965658187866;1534,2313232421875;1417,7618408203125;1716;
359,141;1,9709374904632568;1525,955322265625;1445,0264892578125;1716;
359,142;1,9548989534378052;1535,9462890625;1588,1929931640625;1716;
359,143;2,0203585624694824;1527,4091796875;1557,3343505859375;1716;
359,144;1,9884638786315918;1536,6826171875;1537,4195556640625;1716;
359,145;2,637636184692383;1541,6085205078125;1642,4345703125;1716;
359,146;1,928216576576233;1530,569091796875;1579,8450927734375;1716;
359,147;1,9284641742706299;1524,262451171875;1547,3128662109375;1716;
359,148;1,928216576576233;1534,9658203125;1649,1934814453125;1716;
359,149;1,9197572469711304;1539,1416015625;1567,486328125;1716;
359,15;1,9861167669296265;1528,865966796875;1441,5611572265625;1716;
359,151;1,9457271099090576;1537,1737060546875;1478,7972412109375;1716;
359,152;2,6249966621398926;1542,1029052734375;1497,2130126953125;1716;
359,153;1,9596331119537354;1531,3001708984375;1512,279296875;1716;
359,154;1,9672311544418335;1538,8955078125;1514,1839599609375;1716;
359,155;1,9599192142486572;1534,9658203125;1637,959228515625;1716;
359,156;2,0112979412078857;1540,374267578125;1698,1102294921875;1716;
359,157;1,9773565530776978;1543,092529296875;1607,30224609375;1716;
359,158;1,9811455011367798;1530,3255615234375;1455,5230712890625;1716;
359,159;1,932989239692688;1538,156982421875;1594,5120849609375;1716;
359,16;1,9222673177719116;1528,623046875;1557,3343505859375;1716;
359,161;1,9213186502456665;1523,0555419921875;1535,4560546875;1716;
359,162;1,9474372863769531;1534,720947265625;1510,37939453125;1716;
359,163;1,968822956085205;1539,880859375;1626,876953125;1716;
359,164;1,942076563835144;1529,109130859375;1466,1732177734375;1716;
359,165;2,6325016021728516;1537,1737060546875;1491,640380859375;1716;
359,166;2,0336055755615234;1528,13720703125;1502,82763671875;1716;
359,167;1,9523886442184448;1524,0208740234375;1512,279296875;1716;
359,168;1,9621530771255493;1530,569091796875;1581,923828125;1716;
359,169;1,9697610139846802;1537,6651611328125;1549,3067626953125;1716;
359,17;2,0101213455200195;1541,361572265625;1649,1934814453125;1716;
359,171;1,9823219776153564;1530,0821533203125;1586,09765625;1716;
359,172;2,647132158279419;1537,9111328125;1446,765380859375;1716;
359,173;1,9377621412277222;1542,350341796875;1590,2938232421875;1716;
359,174;1,9293930530548096;1530,812744140625;1555,319580078125;1716;
359,175;1,9292829036712646;1531,5439453125;1553,3101806640625;1716;
359,176;1,9961767196655273;1538,156982421875;1533,49755859375;1716;
359,177;1,982312798500061;1542,1029052734375;1523,779541015625;1716;
359,178;1,9457271099090576;1530,569091796875;1523,779541015625;1716;
359,179;2,6400067806243896;1524,262451171875;1421,113525390625;1716;
359,18;1,9596331119537354;1535,2108154296875;1573,6414794921875;1716;
359,181;1,9548989534378052;1527,166748046875;1649,1934814453125;1716;
359,182;1,9647012948989868;1530,569091796875;1584,0079345703125;1716;
359,183;2,026594877243042;1537,9111328125;1549,3067626953125;1716;
359,184;1,9773565530776978;1541,855712890625;1649,1934814453125;1716;
359,185;2,6435892581939697;1544,08349609375;1584,0079345703125;1716;
359,186;2,645073175430298;1531,056396484375;1446,765380859375;1716;
359,187;1,9318127632141113;1538,649169921875;1480,6182861328125;1716;
359,188;1,9222673177719116;1528,623046875;1500,9512939453125;1716;
359,189;1,914994478225708;1525,47119140625;1533,49755859375;1716;
359,19;2,0023529529571533;1521,60986328125;1424,4810791015625;1716;
359,191;1,942076563835144;1533,741943359375;1575,7039794921875;1716;
359,192;2,6249122619628906;1540,12744140625;1549,3067626953125;1716;
359,193;1,9733186960220337;1542,844970703125;1533,49755859375;1716;
359,194;1,9758585691452026;1551,55615234375;1635,730712890625;1716;
359,195;1,9621530771255493;1548,558349609375;1698,1102294921875;1716;
359,196;2,0203585624694824;1547,312744140625;1607,30224609375;1716;
359,197;1,9872874021530151;1546,317626953125;1561,37939453125;1716;
359,198;2,643723249435425;1532,52001953125;1537,4195556640625;1716;
359,199;1,9222673177719116;1525,955322265625;1531,5440673828125;1716;
359,2;1,9368724822998047;1535,9462890625;1525,7132568359375;1716;
359,201;1,9355190992355347;1541,114501953125;1489,7918701171875;1716;
359,202;1,991097092628479;1542,59765625;1502,82763671875;1716;
359,203;1,991097092628479;1530,569091796875;1512,279296875;1716;
359,204;1,9432531595230103;1537,9111328125;1516,0933837890625;1716;
359,205;2,050968647003174;1542,59765625;1516,0933837890625;1716;
359,206;1,9584563970565796;1531,3001708984375;1519,9267578125;1716;
359,207;1,9658777713775635;1538,8955078125;1563,4097900390625;1716;
359,208;1,9758585691452026;1530,3255615234375;1539,3880615234375;1716;
359,209;2,0187695026397705;1552,056884765625;1644,681396484375;1716;
359,21;1,9823219776153564;1535,4559326171875;1581,923828125;1716;
359,211;2,629848003387451;1540,620849609375;1549,3067626953125;1716;
359,212;1,9377621412277222;1543,587890625;1531,5440673828125;1716;
359,213;1,9293930530548096;1531,3001708984375;1527,65185546875;1716;
359,214;1,9368724822998047;1538,156982421875;1521,850830078125;1716;
359,215;1,9961767196655273;1538,403076171875;1519,9267578125;1716;
359,216;1,9587894678115845;1542,350341796875;1518,007568359375;1716;
359,217;1,9517306089401245;1544,33154296875;1519,9267578125;1716;
359,218;2,6679444313049316;1545,07568359375;1519,9267578125;1716;
359,219;1,969415545463562;1546,069091796875;1518,007568359375;1716;
359,22;1,9584563970565796;1532,52001953125;1519,9267578125;1716;
359,221;1,9647012948989868;1542,59765625;1561,37939453125;1716;
359,222;2,032909631729126;1529,838623046875;1539,3880615234375;1716;
359,223;2,627516746520996;1551,55615234375;1644,681396484375;1716;
359,224;2,6435892581939697;1535,4559326171875;1475,168212890625;1716;
359,225;1,9506983757019043;1541,114501953125;1497,2130126953125;1716;
359,226;1,9377621412277222;1544,33154296875;1620,29931640625;1716;
359,227;1,9256963729858398;1543,587890625;1615,943603515625;1716;
359,228;1,9861167669296265;1531,056396484375;1567,486328125;1716;
359,229;1,9517306089401245;1552,056884765625;1543,3402099609375;1716;
359,23;2,6400067806243896;1549,306640625;1529,5955810546875;1716;
359,231;1,9596331119537354;1534,47607421875;1525,7132568359375;1716;
359,232;1,9672311544418335;1540,12744140625;1419,435791015625;1716;
359,233;1,9758585691452026;1542,350341796875;1549,3067626953125;1716;
359,234;1,9621530771255493;1543,835693359375;1649,1934814453125;1716;
359,235;2,0856266021728516;1531,3001708984375;1586,09765625;1716;
359,236;2,647132158279419;1538,649169921875;1446,765380859375;1716;
359,237;1,9262396097183228;1542,59765625;1590,2938232421875;1716;
359,238;1,9377621412277222;1544,8275146484375;1676,7950439453125;1716;
359,239;1,9428415298461914;1545,323974609375;1484,274169921875;1716;
359,24;2,0158824920654297;1541,855712890625;1431,264404296875;1716;
359,241;1,9849402904510498;1557,58642578125;1579,8450927734375;1716;
359,242;1,9517306089401245;1524,262451171875;1446,765380859375;1716;
359,243;2,641183376312256;1534,47607421875;1482,4439697265625;1716;
359,244;1,980374813079834;1554,5654296875;1611,611328125;1716;
359,245;1,9647012948989868;1537,1737060546875;1565,4454345703125;1716;
359,246;1,984110713005066;1545,07568359375;1555,319580078125;1716;
359,247;2,038048267364502;1545,323974609375;1537,4195556640625;1716;
359,248;2,627516746520996;1559,60693359375;1642,4345703125;1716;
359,249;2,6274421215057373;1538,8955078125;1579,8450927734375;1716;
359,25;1,9428415298461914;1542,350341796875;1549,3067626953125;1716;
359,251;1,9377621412277222;1544,08349609375;1531,5440673828125;1716;
359,252;1,9268730878829956;1559,35400390625;1640,19384765625;1716;
359,253;1,997253656387329;1539,387939453125;1473,3603515625;1716;
359,254;1,9577343463897705;1542,844970703125;1495,350830078125;1716;
359,255;2,649864912033081;1545,323974609375;1504,70849609375;1716;
359,256;1,9584563970565796;1533,008544921875;1514,1839599609375;1716;
359,257;1,9672311544418335;1539,387939453125;1414,426025390625;1716;
359,258;1,9770350456237793;1539,387939453125;1551,305908203125;1716;
359,259;2,02665376663208;1556,578125;1651,4588623046875;1716;
359,26;1,9872874021530151;1537,41943359375;1584,0079345703125;1716;
359,261;2,6569507122039795;1555,571044921875;1551,305908203125;1716;
359,262;1,9437111616134644;1551,0556640625;1651,4588623046875;1716;
359,263;1,928216576576233;1535,2108154296875;1584,0079345703125;1716;
359,264;1,9304593801498413;1545,8206787109375;1624,678466796875;1716;
359,265;1,9961767196655273;1545,323974609375;1460,8287353515625;1716;
359,266;1,9576129913330078;1559,35400390625;1598,7528076171875;1716;
359,267;2,6335642337799072;1552,557861328125;1559,354248046875;1716;
359,268;2,6539766788482666;1535,2108154296875;1436,394287109375;1716;
359,269;1,980374813079834;1555,068115234375;1584,0079345703125;1716;
359,27;1,9658777713775635;1558,8486328125;1644,681396484375;1716;
359,271;2,02665376663208;1538,8955078125;1581,923828125;1716;
359,272;1,9995712041854858;1556,074462890625;1549,3067626953125;1716;
359,273;2,6524147987365723;1551,0556640625;1531,5440673828125;1716;
359,274;1,9437111616134644;1549,0572509765625;1646,934326171875;1716;
359,275;1,948810338973999;1547,5616455078125;1469,758056640625;1716;
359,276;1,9414782524108887;1542,844970703125;1519,9267578125;1716;
359,277;1,991097092628479;1558,343505859375;1633,50830078125;1716;
359,278;1,942076563835144;1537,9111328125;1575,7039794921875;1716;
359,279;2,649864912033081;1555,571044921875;1547,3128662109375;1716;
359,28;1,9743070602416992;1551,3057861328125;1531,5440673828125;1716;
359,281;1,9621713161468506;1535,7010498046875;1527,65185546875;1716;
359,282;1,984110713005066;1554,5654296875;1579,8450927734375;1716;
359,283;2,038048267364502;1550,0556640625;1549,3067626953125;1716;
359,284;1,9934293031692505;1562,139892578125;1649,1934814453125;1716;
359,285;2,636103868484497;1540,374267578125;1584,0079345703125;1716;
359,286;1,9428415298461914;1543,340087890625;1551,305908203125;1716;
359,287;1,949660301208496;1559,101318359375;1651,4588623046875;1716;
359,288;1,9304593801498413;1560,365966796875;1579,8450927734375;1716;
359,289;2,0034103393554688;1539,634521484375;1446,765380859375;1716;
359,29;1,9577343463897705;1542,844970703125;1482,4439697265625;1716;
359,291;2,6261730194091797;1559,101318359375;1611,611328125;1716;
359,292;1,9621713161468506;1539,387939453125;1459,055908203125;1716;
359,293;1,9854938983917236;1556,578125;1486,1087646484375;1716;
359,294;2,1089131832122803;1547,063720703125;1446,765380859375;1716;
359,295;2,02665376663208;1546,5662841796875;1590,2938232421875;1716;
359,296;2,6522512435913086;1546,815185546875;1557,3343505859375;1716;
359,297;2,6396665573120117;1546,815185546875;1537,4195556640625;1716;
359,298;1,9556095600128174;1561,125732421875;1642,4345703125;1716;
359,299;1,949660301208496;1554,06298828125;1579,8450927734375;1716;
359,3;1,9423378705978394;1548,30908203125;1519,9267578125;1716;
359,301;2,0147061347961426;1560,6192626953125;1519,9267578125;1716;
359,302;2,6573703289031982;1553,5609130859375;1518,007568359375;1716;
359,303;2,670262098312378;1550,3056640625;1519,9267578125;1716;
359,304;1,9794061183929443;1548,558349609375;1419,435791015625;1716;
359,305;1,9819560050964355;1543,587890625;1551,305908203125;1716;
359,306;2,0848889350891113;1559,101318359375;1651,4588623046875;1716;
359,307;2,02665376663208;1538,8955078125;1584,0079345703125;1716;
359,308;2,6557743549346924;1556,326171875;1551,305908203125;1716;
359,309;2,6766364574432373;1551,3057861328125;1651,4588623046875;1716;
359,31;1,9256963729858398;1535,2108154296875;1475,168212890625;1716;
359,311;1,9547793865203857;1554,816650390625;1497,2130126953125;1716;
359,312;2,0035295486450195;1558,091064453125;1499,079833984375;1716;
359,313;1,9697413444519043;1552,056884765625;1506,5941162109375;1716;
359,314;2,649691581726074;1535,4559326171875;1514,1839599609375;1716;
359,315;2,687981367111206;1554,314208984375;1516,0933837890625;1716;
359,316;1,9864425659179688;1564,6812744140625;1631,291748046875;1716;
359,317;1,9707789421081543;1560,87255859375;1646,934326171875;1716;
359,318;2,0404202938079834;1553,81201171875;1581,923828125;1716;
359,319;2,011854887008667;1563,663818359375;1549,3067626953125;1716;
359,32;2,6425468921661377;1554,5654296875;1649,1934814453125;1716;
359,321;1,944887638092041;1550,5556640625;1586,09765625;1716;
359,322;1,948810338973999;1548,059814453125;1549,3067626953125;1716;
359,323;1,940301775932312;1547,312744140625;1462,60595703125;1716;
359,324;1,9922735691070557;1560,6192626953125;1598,7528076171875;1716;
359,325;1,9517306089401245;1553,0592041015625;1559,354248046875;1716;
359,326;2,6660518646240234;1549,306640625;1539,3880615234375;1716;
359,327;1,9876189231872559;1562,393798828125;1527,65185546875;1716;
359,328;1,9621713161468506;1540,86767578125;1525,7132568359375;1716;
359,329;2,0392439365386963;1554,5654296875;1581,923828125;1716;
359,33;2,039224624633789;1549,805908203125;1549,3067626953125;1716;
359,331;2,651238441467285;1561,8863525390625;1649,1934814453125;1716;
359,332;2,6765666007995605;1554,314208984375;1586,09765625;1716;
359,333;1,9499868154525757;1550,0556640625;1549,3067626953125;1716;
359,334;1,9581788778305054;1562,139892578125;1518,007568359375;1716;
359,335;2,0034103393554688;1553,81201171875;1516,0933837890625;1716;
359,336;1,9589107036590576;1549,805908203125;1519,9267578125;1716;
359,337;2,6660518646240234;1561,8863525390625;1519,9267578125;1716;
359,338;1,980374813079834;1554,5654296875;1518,007568359375;1716;
359,339;1,9780330657958984;1550,8055419921875;1519,9267578125;1716;
359,34;1,9890118837356567;1554,314208984375;1584,0079345703125;1716;
359,341;2,044363021850586;1549,556396484375;1551,305908203125;1716;
359,342;1,9946057796478271;1561,8863525390625;1651,4588623046875;1716;
359,343;1,949660301208496;1554,314208984375;1584,0079345703125;1716;
359,344;1,948810338973999;1550,0556640625;1549,3067626953125;1716;
359,345;1,956786036491394;1562,139892578125;1649,1934814453125;1716;
359,346;2,0034103393554688;1553,5609130859375;1516,0933837890625;1716;
359,347;1,997253656387329;1549,805908203125;1519,9267578125;1716;
359,348;2,6672282218933105;1561,8863525390625;1519,9267578125;1716;
359,349;1,980374813079834;1554,5654296875;1518,007568359375;1716;
359,35;1,9743070602416992;1551,0556640625;1519,9267578125;1716;
359,351;2,003035545349121;1554,816650390625;1584,0079345703125;1716;
359,352;2,044363021850586;1549,805908203125;1549,3067626953125;1716;
359,353;1,9934293031692505;1561,8863525390625;1649,1934814453125;1716;
359,354;2,6620895862579346;1554,06298828125;1584,0079345703125;1716;
359,355;1,948810338973999;1550,0556640625;1551,305908203125;1716;
359,356;1,9581788778305054;1562,6474609375;1518,007568359375;1716;
359,357;1,948277235031128;1554,06298828125;1516,0933837890625;1716;
359,358;1,997253656387329;1550,0556640625;1519,9267578125;1716;
359,359;2,6660518646240234;1561,6328125;1519,9267578125;1716;
359,36;2,041654586791992;1554,06298828125;1518,007568359375;1716;
359,361;1,9743070602416992;1550,5556640625;1519,9267578125;1716;
359,362;1,9890118837356567;1554,816650390625;1584,0079345703125;1716;
359,363;2,05816912651062;1550,0556640625;1446,765380859375;1716;
359,364;2,0392439365386963;1562,139892578125;1590,2938232421875;1716;
359,365;1,9783241748809814;1554,5654296875;1557,3343505859375;1716;
359,366;1,9499868154525757;1550,5556640625;1537,4195556640625;1716;
359,367;1,9581788778305054;1556,326171875;1521,850830078125;1716;
359,368;1,9471008777618408;1551,3057861328125;1518,007568359375;1716;
359,369;2,0107436180114746;1562,9014892578125;1521,850830078125;1716;
359,37;1,9757449626922607;1567,997314453125;1519,9267578125;1716;
359,371;1,997011661529541;1557,334228515625;1518,007568359375;1716;
359,372;1,9936866760253906;1566,465087890625;1635,730712890625;1716;
359,373;1,9829342365264893;1556,074462890625;1573,6414794921875;1716;
359,374;2,05067777633667;1560,6192626953125;1521,850830078125;1716;
359,375;2,0404202938079834;1567,2308349609375;1633,50830078125;1716;
359,376;2,6435892581939697;1556,830078125;1577,771728515625;1716;
359,377;1,9607481956481934;1565,4453125;1547,3128662109375;1716;
359,378;1,9508367776870728;1555,8226318359375;1649,1934814453125;1716;
359,379;1,9411613941192627;1565,4453125;1613,774658203125;1716;
359,38;2,0095670223236084;1542,1029052734375;1462,60595703125;1716;
359,381;2,6585466861724854;1558,091064453125;1489,7918701171875;1716;
359,382;2,743008613586426;1566,9755859375;1615,943603515625;1716;
359,383;1,980374813079834;1557,334228515625;1567,486328125;1716;
359,384;1,9988453388214111;1565,7000732421875;1541,361572265625;1716;
359,385;2,056992530822754;1562,139892578125;1523,779541015625;1716;
359,386;2,02665376663208;1554,314208984375;1635,730712890625;1716;
359,387;2,6534276008605957;1565,1904296875;1579,8450927734375;1716;
359,388;1,96671724319458;1570,557861328125;1549,3067626953125;1716;
359,389;1,9522199630737305;1566,2099609375;1527,65185546875;1716;
359,39;1,960155725479126;1556,326171875;1521,850830078125;1716;
359,391;2,0034103393554688;1551,0556640625;1521,850830078125;1716;
359,392;1,9697413444519043;1547,8106689453125;1419,435791015625;1716;
359,393;2,675909996032715;1560,87255859375;1466,1732177734375;1716;
359,394;1,980374813079834;1553,5609130859375;1495,350830078125;1716;
359,395;1,9915813207626343;1563,40966796875;1504,70849609375;1716;
359,396;2,05816912651062;1557,58642578125;1615,943603515625;1716;
359,397;1,9995712041854858;1565,955078125;1686,2020263671875;1716;
359,398;2,6609132289886475;1556,326171875;1603,01611328125;1716;
359,399;1,96192467212677;1565,4453125;1559,354248046875;1716;
359,4;1,949660301208496;1556,074462890625;1537,4195556640625;1716;
359,401;1,9411613941192627;1564,93603515625;1598,7528076171875;1716;
359,402;1,9984301328659058;1555,068115234375;1559,354248046875;1716;
359,403;1,9817484617233276;1549,805908203125;1434,6802978515625;1716;
359,404;1,9985780715942383;1575,9620361328125;1581,923828125;1716;
359,405;1,969415545463562;1546,815185546875;1446,765380859375;1716;
359,406;2,0011672973632812;1558,091064453125;1588,1929931640625;1716;
359,407;2,063307523727417;1565,7000732421875;1553,3101806640625;1716;
359,408;2,006889581680298;1555,571044921875;1533,49755859375;1716;
359,409;2,6695749759674072;1565,1904296875;1646,934326171875;1716;
359,41;1,9547793865203857;1555,571044921875;1579,8450927734375;1716;
359,411;1,959355354309082;1562,6474609375;1518,007568359375;1716;
359,412;2,015723943710327;1568,5087890625;1516,0933837890625;1716;
359,413;2,020047426223755;1557,334228515625;1519,9267578125;1716;
359,414;2,675909996032715;1565,7000732421875;1519,9267578125;1716;
359,415;1,980374813079834;1556,578125;1518,007568359375;1716;
359,416;1,9925103187561035;1566,2099609375;1635,730712890625;1716;
359,417;1,9962661266326904;1555,068115234375;1527,65185546875;1716;
359,418;2,063307523727417;1564,17236328125;1523,779541015625;1716;
359,419;2,686004638671875;1569,2764892578125;1519,9267578125;1716;
359,42;1,968684434890747;1572,35498046875;1640,19384765625;1716;
359,421;1,9547793865203857;1559,101318359375;1467,96337890625;1716;
359,422;1,9641380310058594;1566,9755859375;1469,758056640625;1716;
359,423;2,004586935043335;1562,6474609375;1603,01611328125;1716;
359,424;1,9577343463897705;1554,314208984375;1563,4097900390625;1716;
359,425;2,7118961811065674;1564,17236328125;1541,361572265625;1716;
359,426;1,9936866760253906;1569,53271484375;1644,681396484375;1716;
359,427;1,9829342365264893;1575,187744140625;1681,4854736328125;1716;
359,428;2,0518341064453125;1560,6192626953125;1598,7528076171875;1716;
359,429;2,0007476806640625;1566,9755859375;1557,3343505859375;1716;
359,43;2,668621301651001;1556,326171875;1535,4560546875;1716;
359,431;1,9437111616134644;1551,55615234375;1531,5440673828125;1716;
359,432;1,96192467212677;1563,155517578125;1525,7132568359375;1716;
359,433;1,9641380310058594;1552,80859375;1497,2130126953125;1716;
359,434;2,0034103393554688;1563,9180908203125;1620,29931640625;1716;
359,435;2,6681721210479736;1555,068115234375;1569,53271484375;1716;
359,436;2,6956002712249756;1564,17236328125;1439,8348388671875;1716;
359,437;1,9925103187561035;1569,53271484375;1586,09765625;1716;
359,438;1,984110713005066;1570,557861328125;1651,4588623046875;1716;
359,439;2,0518341064453125;1558,595947265625;1586,09765625;1716;
359,44;2,011854887008667;1566,2099609375;1551,305908203125;1716;
359,441;1,9627351760864258;1570,557861328125;1535,4560546875;1716;
359,442;1,949660301208496;1558,8486328125;1529,5955810546875;1716;
359,443;1,96671724319458;1566,7203369140625;1523,779541015625;1716;
359,444;2,0220589637756348;1567,486328125;1609,4539794921875;1716;
359,445;2,683415174484253;1571,0709228515625;1561,37939453125;1716;
359,446;2,675647735595703;1558,8486328125;1541,361572265625;1716;
359,447;1,9988453388214111;1566,465087890625;1427,86474609375;1716;
359,448;1,988053321838379;1556,578125;1469,758056640625;1716;
359,449;2,045538902282715;1566,7203369140625;1559,354248046875;1716;
359,45;2,0570573806762695;1556,326171875;1660,5828857421875;1716;
359,451;2,6817007064819336;1564,6812744140625;1586,09765625;1716;
359,452;1,9615586996078491;1569,2764892578125;1669,8084716796875;1716;
359,453;1,9508367776870728;1557,58642578125;1592,4000244140625;1716;
359,454;2,0095670223236084;1561,8863525390625;1565,4454345703125;1716;
359,455;1,9757449626922607;1582,1839599609375;1541,361572265625;1716;
359,456;2,68459153175354;1578,548583984375;1527,65185546875;1716;
359,457;1,9864425659179688;1562,9014892578125;1525,7132568359375;1716;
359,458;1,9950896501541138;1568,5087890625;1519,9267578125;1716;
359,459;2,05816912651062;1552,80859375;1446,765380859375;1716;
359,46;2,6458523273468018;1577,771728515625;1717,517333984375;1716;
359,461;2,6695749759674072;1561,8863525390625;1613,774658203125;1716;
359,462;1,9678937196731567;1568,253173828125;1565,4454345703125;1716;
359,463;1,9794063568115234;1586,09765625;1658,29248046875;1716;
359,464;2,015723943710327;1577,771728515625;1525,7132568359375;1716;
359,465;2,0169003009796143;1562,139892578125;1523,779541015625;1716;
359,466;2,683415174484253;1567,997314453125;1521,850830078125;1716;
359,467;1,9925103187561035;1571,5843505859375;1633,50830078125;1716;
359,468;1,984110713005066;1559,101318359375;1467,96337890625;1716;
359,469;1,9950896501541138;1572,869384765625;1710,1878662109375;1716;
359,47;2,125070095062256;1573,126708984375;1609,4539794921875;1716;
359,471;2,6611063480377197;1573,641357421875;1683,8404541015625;1716;
359,472;2,6853225231170654;1560,113037109375;1489,7918701171875;1716;
359,473;1,96671724319458;1567,486328125;1618,1185302734375;1716;
359,474;1,965314507484436;1568,7646484375;1491,640380859375;1716;
359,475;2,0034103393554688;1571,841064453125;1615,943603515625;1716;
359,476;2,684299945831299;1573,3839111328125;1567,486328125;1716;
359,477;2,0049328804016113;1573,641357421875;1543,3402099609375;1716;
359,478;1,9985780715942383;1574,4140625;1529,5955810546875;1716;
359,479;1,9890118837356567;1573,3839111328125;1667,4925537109375;1716;
359,48;2,0530104637145996;1574,4140625;1594,5120849609375;1716;
359,481;2,690342903137207;1574,156494140625;1555,319580078125;1716;
359,482;1,9675079584121704;1574,671875;1653,7305908203125;1716;
359,483;1,956786036491394;1560,87255859375;1586,09765625;1716;
359,484;1,9589792490005493;1560,113037109375;1569,53271484375;1716;
359,485;2,0208823680877686;1581,66357421875;1543,3402099609375;1716;
359,486;2,68459153175354;1578,548583984375;1529,5955810546875;1716;
359,487;2,680988311767578;1562,6474609375;1525,7132568359375;1716;
359,488;1,9976688623428345;1568,253173828125;1519,9267578125;1716;
359,489;2,001424789428711;1566,9755859375;1551,305908203125;1716;
359,49;2,058129072189331;1585,0521240234375;1651,4588623046875;1716;
359,491;2,0179967880249023;1565,4453125;1584,0079345703125;1716;
359,492;1,9858006238937378;1584,5299072265625;1672,130859375;1716;
359,493;1,9734570980072021;1580,1044921875;1717,517333984375;1716;
359,494;1,9530401229858398;1585,836181640625;1611,611328125;1716;
359,495;2,10703444480896;1580,883544921875;1567,486328125;1716;
359,496;1,9697413444519043;1577,254150390625;1541,361572265625;1716;
359,497;1,9985780715942383;1576,22021484375;1527,65185546875;1716;
359,498;1,9876189231872559;1561,6328125;1525,7132568359375;1716;
359,499;2,0518341064453125;1574,156494140625;1592,4000244140625;1716;
359,5;2,030280590057373;1559,60693359375;1450,255859375;1716;
359,501;2,6784892082214355;1581,66357421875;1722,4384765625;1716;
359,502;2,6853225231170654;1563,9180908203125;1615,943603515625;1716;
359,503;1,96671724319458;1569,0205078125;1565,4454345703125;1716;
359,504;2,0941176414489746;1580,6239013671875;1533,49755859375;1716;
359,505;2,0095670223236084;1576,9954833984375;1523,779541015625;1716;
359,506;2,6669957637786865;1575,703857421875;1640,19384765625;1716;
359,507;2,0049328804016113;1574,671875;1469,758056640625;1716;
359,508;1,9985780715942383;1574,671875;1603,01611328125;1716;
359,509;2,0011672973632812;1586,882568359375;1651,4588623046875;1716;
359,51;2,0191733837127686;1566,465087890625;1586,09765625;1716;
359,511;2,0179967880249023;1570,044921875;1551,305908203125;1716;
359,512;1,9675079584121704;1572,09814453125;1651,4588623046875;1716;
359,513;1,968684434890747;1573,3839111328125;1710,1878662109375;1716;
359,514;2,070115804672241;1572,612060546875;1519,9267578125;1716;
359,515;1,9937554597854614;1573,126708984375;1419,435791015625;1716;
359,516;2,6932733058929443;1588,19287109375;1573,6414794921875;1716;
359,517;1,9925103187561035;1566,9755859375;1547,3128662109375;1716;
359,518;1,9976688623428345;1570,30126953125;1531,5440673828125;1716;
359,519;2,077113628387451;1565,4453125;1543,3402099609375;1716;
359,52;2,0376479625701904;1584,268798828125;1646,934326171875;1716;
359,521;2,6955606937408447;1579,844970703125;1584,0079345703125;1716;
359,522;1,9738627672195435;1577,254150390625;1551,305908203125;1716;
359,523;1,9675079584121704;1576,478515625;1651,4588623046875;1716;
359,524;1,9967200756072998;1571,841064453125;1633,50830078125;1716;
359,525;1,9769214391708374;1573,3839111328125;1575,7039794921875;1716;
359,526;2,0276715755462646;1573,641357421875;1443,291748046875;1716;
359,527;2,0167813301086426;1588,717529296875;1588,1929931640625;1716;
359,528;1,9936866760253906;1567,741943359375;1555,319580078125;1716;
359,529;2,0518341064453125;1561,379150390625;1569,53271484375;1716;
359,53;2,030280590057373;1567,741943359375;1543,3402099609375;1716;
359,531;1,9831916093826294;1585,57470703125;1646,934326171875;1716;
359,532;1,9734570980072021;1580,1044921875;1707,7586669921875;1716;
359,533;1,9649187326431274;1576,737060546875;1605,1563720703125;1716;
359,534;2,02823543548584;1573,3839111328125;1563,4097900390625;1716;
359,535;1,9697413444519043;1588,455078125;1658,29248046875;1716;
359,536;2,7082643508911133;1582,1839599609375;1590,2938232421875;1716;
359,537;1,992757797241211;1564,17236328125;1446,765380859375;1716;
359,538;2,018540382385254;1585,3134765625;1549,3067626953125;1716;
359,539;2,0518341064453125;1580,1044921875;1649,1934814453125;1716;
359,54;2,0153841972351074;1563,40966796875;1586,09765625;1716;
359,541;1,9846241474151611;1583,486328125;1551,305908203125;1716;
359,542;1,9556095600128174;1564,93603515625;1533,49755859375;1716;
359,543;1,960155725479126;1587,14453125;1646,934326171875;1716;
359,544;2,0218803882598877;1566,465087890625;1581,923828125;1716;
359,545;1,9817484617233276;1570,044921875;1549,3067626953125;1716;
359,546;2,011889934539795;1587,14453125;1531,5440673828125;1716;
359,547;1,9950896501541138;1592,927490234375;1676,7950439453125;1716;
359,548;2,128366231918335;1584,0078125;1596,6295166015625;1716;
359,549;2,070798635482788;1564,4267578125;1557,3343505859375;1716;
359,55;2,0057129859924316;1569,2764892578125;1653,7305908203125;1716;
359,551;1,9675079584121704;1572,35498046875;1588,1929931640625;1716;
359,552;1,966095209121704;1577,254150390625;1547,3128662109375;1716;
359,553;2,045588493347168;1590,293701171875;1531,5440673828125;1716;
359,554;2,102916717529297;1582,7047119140625;1640,19384765625;1716;
359,555;1,9709177017211914;1564,4267578125;1579,8450927734375;1716;
359,556;1,9976688623428345;1569,53271484375;1445,0264892578125;1716;
359,557;2,010713577270508;1586,882568359375;1715,067138671875;1716;
359,558;2,0530104637145996;1586,882568359375;1596,6295166015625;1716;
359,559;2,030280590057373;1566,7203369140625;1561,37939453125;1716;
359,56;2,00237774848938;1585,0521240234375;1539,3880615234375;1716;
359,561;1,9746335744857788;1580,364013671875;1527,65185546875;1716;
359,562;1,9734570980072021;1578,030517578125;1642,4345703125;1716;
359,563;2,0218803882598877;1574,4140625;1644,681396484375;1716;
359,564;1,9829249382019043;1573,8988037109375;1579,8450927734375;1716;
359,565;2,0167813301086426;1588,97998046875;1547,3128662109375;1716;
359,566;2,010713577270508;1582,1839599609375;1535,4560546875;1716;
359,567;2,0084214210510254;1584,5299072265625;1592,4000244140625;1716;
359,568;2,063307523727417;1564,93603515625;1555,319580078125;1716;
359,569;2,668621301651001;1570,044921875;1653,7305908203125;1716;
359,57;1,968684434890747;1573,126708984375;1588,1929931640625;1716;
359,571;1,9726862907409668;1574,156494140625;1551,305908203125;1716;
359,572;2,032494306564331;1590,556640625;1531,5440673828125;1716;
359,573;2,035370349884033;1582,444091796875;1640,19384765625;1716;
359,574;2,675647735595703;1578,548583984375;1579,8450927734375;1716;
359,575;2,003756284713745;1576,478515625;1445,0264892578125;1716;
359,576;1,9997544288635254;1575,703857421875;1588,1929931640625;1716;
359,577;2,1031858921051025;1580,6239013671875;1717,517333984375;1716;
359,578;2,011854887008667;1563,663818359375;1615,943603515625;1716;
359,579;2,691519260406494;1583,486328125;1565,4454345703125;1716;
359,58;1,9734570980072021;1579,0667724609375;1658,29248046875;1716;
359,581;1,9649187326431274;1582,965087890625;1527,65185546875;1716;
359,582;2,023056983947754;1578,548583984375;1642,4345703125;1716;
359,583;1,9997589588165283;1575,9620361328125;1469,758056640625;1716;
359,584;2,0167813301086426;1589,76806640625;1603,01611328125;1716;
359,585;2,011889934539795;1582,1839599609375;1561,37939453125;1716;
359,586;2,0011672973632812;1567,997314453125;1569,53271484375;1716;
359,587;2,082252025604248;1570,557861328125;1543,3402099609375;1716;
359,588;2,6784892082214355;1586,6209716796875;1646,934326171875;1716;
359,589;1,9734570980072021;1580,6239013671875;1584,0079345703125;1716;
359,59;1,9905930757522583;1591,872802734375;1669,8084716796875;1716;
359,591;1,9831916093826294;1575,703857421875;1521,850830078125;1716;
359,592;1,9877519607543945;1589,5052490234375;1633,50830078125;1716;
359,593;2,675647735595703;1581,923828125;1575,7039794921875;1716;
359,594;2,0049328804016113;1577,771728515625;1547,3128662109375;1716;
359,595;2,0246379375457764;1574,4140625;1541,361572265625;1716;
359,596;2,0518341064453125;1588,97998046875;1644,681396484375;1716;
359,597;2,03145694732666;1582,444091796875;1584,0079345703125;1716;
359,598;2,7291011810302734;1593,4552001953125;1672,130859375;1716;
359,599;1,9794063568115234;1584,790771484375;1590,2938232421875;1716;
359,6;1,9720343351364136;1575,9620361328125;1518,007568359375;1716;
359,601;2,0218803882598877;1589,76806640625;1635,730712890625;1716;
359,602;1,9817484617233276;1581,403564453125;1575,7039794921875;1716;
359,603;2,0179576873779297;1592,66357421875;1545,323974609375;1716;
359,604;2,013322591781616;1592,927490234375;1669,8084716796875;1716;
359,605;2,0644240379333496;1583,7470703125;1592,4000244140625;1716;
359,606;2,0375988483428955;1578,548583984375;1555,319580078125;1716;
359,607;2,6773128509521484;1576,478515625;1653,7305908203125;1716;
359,608;1,9675079584121704;1575,9620361328125;1588,1929931640625;1716;
359,609;1,966095209121704;1578,28955078125;1660,5828857421875;1716;
359,61;2,0270590782165527;1590,81982421875;1584,0079345703125;1716;
359,611;1,9997589588165283;1582,965087890625;1549,3067626953125;1716;
359,612;2,0227160453796387;1578,8076171875;1535,4560546875;1716;
359,613;2,003756284713745;1576,478515625;1527,65185546875;1716;
359,614;2,0246379375457764;1579,3260498046875;1555,319580078125;1716;
359,615;2,0530104637145996;1592,136474609375;1794,4210205078125;1716;
359,616;2,6955606937408447;1584,0078125;1649,1934814453125;1716;
359,617;1,9786550998687744;1579,3260498046875;1581,923828125;1716;
359,618;1,968684434890747;1576,9954833984375;1547,3128662109375;1716;
359,619;2,0218803882598877;1582,444091796875;1541,361572265625;1716;
359,62;1,9817484617233276;1578,548583984375;1531,5440673828125;1716;
359,621;2,034980058670044;1576,22021484375;1525,7132568359375;1716;
359,622;2,0167813301086426;1590,293701171875;1635,730712890625;1716;
359,623;2,013322591781616;1591,34619140625;1653,7305908203125;1716;
359,624;2,078190565109253;1583,486328125;1588,1929931640625;1716;
359,625;2,0083911418914795;1593,4552001953125;1553,3101806640625;1716;
359,626;2,728172540664673;1584,0078125;1533,49755859375;1716;
359,627;1,9746335744857788;1579,3260498046875;1644,681396484375;1716;
359,628;2,0403506755828857;1583,486328125;1584,0079345703125;1716;
359,629;1,9996377229690552;1578,8076171875;1551,305908203125;1716;
359,63;2,710636615753174;1591,872802734375;1533,49755859375;1716;
359,631;1,9925103187561035;1569,53271484375;1527,65185546875;1716;
359,632;2,003756284713745;1572,09814453125;1521,850830078125;1716;
359,633;2,077113628387451;1575,703857421875;1555,319580078125;1716;
359,634;2,6946959495544434;1589,5052490234375;1653,7305908203125;1716;
359,635;2,7203454971313477;1582,444091796875;1588,1929931640625;1716;
359,636;1,9970072507858276;1587,406494140625;1584,0079345703125;1716;
359,637;1,9820151329040527;1581,1435546875;1549,3067626953125;1716;
359,638;2,0280373096466064;1592,66357421875;1649,1934814453125;1716;
359,639;2,6768240928649902;1569,2764892578125;1584,0079345703125;1716;
359,64;1,9976688623428345;1571,5843505859375;1446,765380859375;1716;
359,641;2,028916835784912;1602,7489013671875;1590,2938232421875;1716;
359,642;2,059305429458618;1595,3052978515625;1629,081298828125;1716;
359,643;2,0364224910736084;1570,814453125;1575,7039794921875;1716;
359,644;2,707627058029175;1572,612060546875;1547,3128662109375;1716;
359,645;1,9805828332901;1588,19287109375;1649,1934814453125;1716;
359,646;1,9708579778671265;1595,834716796875;1649,1934814453125;1716;
359,647;2,0403506755828857;1585,836181640625;1586,09765625;1716;
359,648;2,721946954727173;1595,040771484375;1551,305908203125;1716;
359,649;2,0228490829467773;1600,3487548828125;1651,4588623046875;1716;
359,65;2,0011672973632812;1573,641357421875;1584,0079345703125;1716;
359,651;2,078190565109253;1584,268798828125;1613,774658203125;1716;
359,652;2,0241386890411377;1579,3260498046875;1565,4454345703125;1716;
359,653;2,754528760910034;1606,4967041015625;1658,29248046875;1716;
359,654;1,968684434890747;1576,22021484375;1588,1929931640625;1716;
359,655;1,9649187326431274;1575,4456787109375;1553,3101806640625;1716;
359,656;2,045588493347168;1576,737060546875;1539,3880615234375;1716;
359,657;2,7019548416137695;1590,556640625;1527,65185546875;1716;
359,658;2,010713577270508;1583,2255859375;1527,65185546875;1716;
359,659;2,0220189094543457;1593,4552001953125;1521,850830078125;1716;
359,66;2,0897433757781982;1580,6239013671875;1557,3343505859375;1716;
359,661;2,030280590057373;1592,136474609375;1653,7305908203125;1716;
359,662;2,74180006980896;1583,486328125;1588,1929931640625;1716;
359,663;1,9917694330215454;1593,4552001953125;1672,130859375;1716;
359,664;1,9820151329040527;1591,872802734375;1637,959228515625;1716;
359,665;2,0280373096466064;1583,2255859375;1573,6414794921875;1716;
359,666;2,6768240928649902;1593,4552001953125;1667,4925537109375;1716;
359,667;2,0159313678741455;1583,486328125;1480,6182861328125;1716;
359,668;2,004645824432373;1578,8076171875;1497,2130126953125;1716;
359,669;2,078190565109253;1609,1845703125;1681,4854736328125;1716;
359,67;2,030280590057373;1577,254150390625;1598,7528076171875;1716;
359,671;2,6989848613739014;1575,4456787109375;1557,3343505859375;1716;
359,672;1,9865319728851318;1589,5052490234375;1653,7305908203125;1716;
359,673;1,9708579778671265;1590,81982421875;1525,7132568359375;1716;
359,674;2,0403506755828857;1582,444091796875;1525,7132568359375;1716;
359,675;2,719318151473999;1592,39990234375;1521,850830078125;1716;
359,676;2,0228490829467773;1598,22119140625;1633,50830078125;1716;
359,677;2,013322591781616;1586,6209716796875;1656,0084228515625;1716;
359,678;2,0844855308532715;1583,7470703125;1586,09765625;1716;
359,679;2,707627058029175;1593,19140625;1551,305908203125;1716;
359,68;2,7457432746887207;1598,22119140625;1651,4588623046875;1716;
359,681;1,9805828332901;1586,09765625;1584,0079345703125;1716;
359,682;1,982736587524414;1579,3260498046875;1527,65185546875;1716;
359,683;2,039411783218384;1591,0828857421875;1640,19384765625;1716;
359,684;2,6932733058929443;1582,965087890625;1575,7039794921875;1716;
359,685;2,0167813301086426;1594,2476806640625;1551,305908203125;1716;
359,686;2,013322591781616;1584,5299072265625;1533,49755859375;1716;
359,687;2,083428382873535;1584,268798828125;1482,4439697265625;1716;
359,688;2,030280590057373;1594,511962890625;1744,9376220703125;1716;
359,689;2,7284836769104004;1584,790771484375;1626,876953125;1716;
359,69;1,979831576347351;1579,844970703125;1571,5843505859375;1716;
359,691;1,9879744052886963;1586,6209716796875;1535,4560546875;1716;
359,692;2,102916717529297;1595,570068359375;1525,7132568359375;1716;
359,693;2,702780246734619;1585,3134765625;1523,779541015625;1716;
359,694;2,0220189094543457;1594,2476806640625;1521,850830078125;1716;
359,695;2,0228490829467773;1599,0185546875;1633,50830078125;1716;
359,696;2,0718955993652344;1591,6094970703125;1653,7305908203125;1716;
359,697;2,0425643920898438;1583,486328125;1588,1929931640625;1716;
359,698;1,9905930757522583;1593,71923828125;1553,3101806640625;1716;
359,699;1,9924812316894531;1599,284423828125;1651,4588623046875;1716;
359,7;1,976797342300415;1600,08251953125;1649,1934814453125;1716;
359,701;2,0057625770568848;1587,14453125;1584,0079345703125;1716;
359,702;2,719318151473999;1594,7763671875;1551,305908203125;1716;
359,703;2,010713577270508;1584,790771484375;1533,49755859375;1716;
359,704;2,007244825363159;1579,844970703125;1527,65185546875;1716;
359,705;2,059305429458618;1579,844970703125;1676,7950439453125;1716;
359,706;2,6989848613739014;1591,0828857421875;1594,5120849609375;1716;
359,707;1,9913047552108765;1597,1597900390625;1674,459716796875;1716;
359,708;1,9924812316894531;1600,614990234375;1722,4384765625;1716;
359,709;2,091252565383911;1577,512939453125;1555,319580078125;1716;
359,71;2,0057625770568848;1590,556640625;1537,4195556640625;1716;
359,711;2,675909996032715;1597,6904296875;1642,4345703125;1716;
359,712;2,010713577270508;1586,882568359375;1581,923828125;1716;
359,713;2,025477886199951;1585,836181640625;1667,4925537109375;1716;
359,714;2,077113628387451;1594,511962890625;1590,2938232421875;1716;
359,715;2,7207705974578857;1599,284423828125;1672,130859375;1716;
359,716;1,9794063568115234;1587,14453125;1594,5120849609375;1716;
359,717;1,979831576347351;1580,6239013671875;1553,3101806640625;1716;
359,718;2,057941198348999;1593,9833984375;1541,361572265625;1716;
359,719;1,9817484617233276;1599,0185546875;1644,681396484375;1716;
359,72;2,832461357116699;1587,14453125;1475,168212890625;1716;
359,721;2,028106451034546;1595,570068359375;1495,350830078125;1716;
359,722;2,075937271118164;1596,6295166015625;1618,1185302734375;1716;
359,723;2,043740749359131;1585,836181640625;1565,4454345703125;1716;
359,724;2,814943552017212;1595,3052978515625;1665,182861328125;1716;
359,725;1,9846241474151611;1584,5299072265625;1586,09765625;1716;
359,726;1,9891507625579834;1594,511962890625;1669,8084716796875;1716;
359,727;2,0465073585510254;1591,872802734375;1519,9267578125;1716;
359,728;1,9937554597854614;1582,965087890625;1521,850830078125;1716;
359,729;2,023195505142212;1592,927490234375;1519,9267578125;1716;
359,73;2,0228490829467773;1598,752685546875;1518,007568359375;1716;
359,731;2,0707192420959473;1595,3052978515625;1686,2020263671875;1716;
359,732;2,043740749359131;1600,08251953125;1732,3660888671875;1716;
359,733;2,7203454971313477;1587,14453125;1618,1185302734375;1716;
359,734;1,9913047552108765;1595,834716796875;1688,5703125;1716;
359,735;2,0476839542388916;1599,8162841796875;1516,0933837890625;1716;
359,736;1,9996377229690552;1587,14453125;1519,9267578125;1716;
359,737;2,718141555786133;1595,3052978515625;1519,9267578125;1716;
359,738;2,0240254402160645;1600,08251953125;1633,50830078125;1716;
359,739;2,013322591781616;1592,39990234375;1656,0084228515625;1716;
359,74;2,0833091735839844;1598,752685546875;1715,067138671875;1716;
359,741;2,708803415298462;1601,14794921875;1611,611328125;1716;
359,742;1,9972538948059082;1602,481689453125;1683,8404541015625;1716;
359,743;1,982736587524414;1599,55029296875;1633,50830078125;1716;
359,744;2,0292136669158936;1586,882568359375;1575,7039794921875;1716;
359,745;1,9997589588165283;1594,7763671875;1547,3128662109375;1716;
359,746;2,743114471435547;1599,55029296875;1649,1934814453125;1716;
359,747;2,011889934539795;1587,66845703125;1584,0079345703125;1716;
359,748;2,0856621265411377;1602,2149658203125;1710,1878662109375;1716;
359,749;2,0425643920898438;1602,7489013671875;1609,4539794921875;1716;
359,75;2,733262300491333;1603,283203125;1683,8404541015625;1716;
359,751;1,9853554964065552;1588,97998046875;1598,7528076171875;1716;
359,752;1,9708579778671265;1587,66845703125;1577,771728515625;1716;
359,753;2,046764850616455;1595,3052978515625;1545,323974609375;1716;
359,754;2,718141555786133;1599,55029296875;1529,5955810546875;1716;
359,755;2,010713577270508;1587,406494140625;1527,65185546875;1716;
359,756;2,0266542434692383;1603,550537109375;1727,3880615234375;1716;
359,757;2,088566780090332;1588,19287109375;1613,774658203125;1716;
359,758;2,703387498855591;1595,834716796875;1686,2020263671875;1716;
359,759;1,9924812316894531;1600,08251953125;1603,01611328125;1716;
359,76;1,976797342300415;1586,882568359375;1557,3343505859375;1716;
359,761;2,051764965057373;1604,3529052734375;1588,1929931640625;1716;
359,762;2,006938934326172;1589,5052490234375;1551,305908203125;1716;
359,763;2,6929519176483154;1582,1839599609375;1537,4195556640625;1716;
359,764;2,0351130962371826;1592,927490234375;1525,7132568359375;1716;
359,765;2,031911611557007;1598,22119140625;1644,681396484375;1716;
359,766;2,0707192420959473;1601,14794921875;1702,9207763671875;1716;
359,767;2,730208158493042;1587,9306640625;1609,4539794921875;1716;
359,768;1,9977384805679321;1596,099609375;1563,4097900390625;1716;
359,769;2,051764965057373;1600,614990234375;1475,168212890625;1716;
359,77;2,052664041519165;1603,01611328125;1607,30224609375;1716;
359,771;2,0009353160858154;1588,97998046875;1563,4097900390625;1716;
359,772;2,028106451034546;1596,099609375;1541,361572265625;1716;
359,773;2,0410523414611816;1615,12939453125;1644,681396484375;1716;
359,774;2,0656003952026367;1608,1083984375;1729,8734130859375;1716;
359,775;2,721546173095703;1591,34619140625;1622,48583984375;1716;
359,776;1,996562123298645;1597,4249267578125;1569,53271484375;1716;
359,777;2,012986898422241;1616,215087890625;1549,3067626953125;1716;
359,778;2,0465073585510254;1593,19140625;1531,5440673828125;1716;
359,779;2,0057625770568848;1584,268798828125;1529,5955810546875;1716;
359,78;2,023195505142212;1593,71923828125;1523,779541015625;1716;
359,781;2,0228490829467773;1599,284423828125;1635,730712890625;1716;
359,782;2,031555414199829;1600,614990234375;1658,29248046875;1716;
359,783;2,049882650375366;1587,9306640625;1590,2938232421875;1716;
359,784;2,014404535293579;1595,570068359375;1553,3101806640625;1716;
359,785;1,9913047552108765;1599,55029296875;1651,4588623046875;1716;
359,786;1,9779738187789917;1599,55029296875;1649,1934814453125;1716;
359,787;2,0403506755828857;1586,882568359375;1584,0079345703125;1716;
359,788;2,718141555786133;1595,040771484375;1551,305908203125;1716;
359,789;2,0240254402160645;1600,08251953125;1533,49755859375;1716;
359,79;2,013322591781616;1603,550537109375;1681,4854736328125;1716;
359,791;2,0833091735839844;1603,81787109375;1727,3880615234375;1716;
359,792;2,734729766845703;1588,19287109375;1502,82763671875;1716;
359,793;2,0032029151916504;1610,53173828125;1755,127197265625;1716;
359,794;1,982736587524414;1592,39990234375;1715,067138671875;1716;
359,795;2,0476839542388916;1580,883544921875;1500,9512939453125;1716;
359,796;2,726823568344116;1607,30224609375;1624,678466796875;1716;
359,797;2,028916835784912;1606,228515625;1567,486328125;1716;
359,798;2,0205764770507812;1591,0828857421875;1665,182861328125;1716;
359,799;2,0833091735839844;1603,01611328125;1712,6240234375;1716;
359,8;2,0425643920898438;1588,19287109375;1497,2130126953125;1716;
359,801;2,0043795108795166;1611,0714111328125;1622,48583984375;1716;
359,802;1,9853554964065552;1592,927490234375;1695,715087890625;1716;
359,803;2,0465073585510254;1593,4552001953125;1567,486328125;1716;
359,804;2,024949550628662;1599,0185546875;1543,3402099609375;1716;
359,805;2,7676761150360107;1617,0302734375;1646,934326171875;1716;
359,806;2,0228490829467773;1596,099609375;1581,923828125;1716;
359,807;2,0266542434692383;1588,455078125;1586,09765625;1716;
359,808;2,054588556289673;1595,570068359375;1551,305908203125;1716;
359,809;2,703387498855591;1599,55029296875;1651,4588623046875;1716;
359,81;1,9779738187789917;1587,406494140625;1586,09765625;1716;
359,811;1,988675832748413;1595,834716796875;1584,0079345703125;1716;
359,812;2,051764965057373;1595,834716796875;1549,3067626953125;1716;
359,813;2,7279999256134033;1600,08251953125;1531,5440673828125;1716;
359,814;2,028916835784912;1602,2149658203125;1644,681396484375;1716;
359,815;2,031555414199829;1603,81787109375;1660,5828857421875;1716;
359,816;2,0960581302642822;1588,19287109375;1584,0079345703125;1716;
359,817;2,729462146759033;1610,53173828125;1669,8084716796875;1716;
359,818;1,9972538948059082;1606,76513671875;1719,974365234375;1716;
359,819;1,9917694330215454;1589,76806640625;1500,9512939453125;1716;
359,82;2,064117908477783;1590,293701171875;1486,1087646484375;1716;
359,821;2,7094600200653076;1612,151611328125;1613,774658203125;1716;
359,822;2,0179576873779297;1593,71923828125;1567,486328125;1716;
359,823;2,028106451034546;1598,4869384765625;1541,361572265625;1716;
359,824;2,107511281967163;1599,284423828125;1557,3343505859375;1716;
359,825;2,043740749359131;1601,68115234375;1653,7305908203125;1716;
359,826;2,8208260536193848;1588,717529296875;1588,1929931640625;1716;
359,827;1,996562123298645;1596,8946533203125;1553,3101806640625;1716;
359,828;2,0614705085754395;1596,6295166015625;1549,3067626953125;1716;
359,829;2,726823568344116;1615,4007568359375;1649,1934814453125;1716;
359,83;2,7189078330993652;1594,7763671875;1584,0079345703125;1716;
359,831;2,029283046722412;1599,0185546875;1446,765380859375;1716;
359,832;2,107511281967163;1600,08251953125;1571,5843505859375;1716;
359,833;2,0644240379333496;1602,2149658203125;1662,8797607421875;1716;
359,834;2,7227227687835693;1588,97998046875;1592,4000244140625;1716;
359,835;2,00849986076355;1611,6112060546875;1676,7950439453125;1716;
359,836;2,0058515071868896;1612,421875;1529,5955810546875;1716;
359,837;2,053840398788452;1608,377197265625;1637,959228515625;1716;
359,838;2,7189078330993652;1606,228515625;1577,771728515625;1716;
359,839;2,034193992614746;1604,3529052734375;1547,3128662109375;1716;
359,84;2,0380091667175293;1595,834716796875;1551,305908203125;1716;
359,841;2,077014207839966;1599,8162841796875;1651,4588623046875;1716;
359,842;2,7128844261169434;1602,481689453125;1712,6240234375;1716;
359,843;2,0037074089050293;1603,283203125;1609,4539794921875;1716;
359,844;2,011766195297241;1610,801513671875;1637,959228515625;1716;
359,845;2,052664041519165;1607,30224609375;1573,6414794921875;1716;
359,846;2,702780246734619;1605,692138671875;1669,8084716796875;1716;
359,847;2,034193992614746;1604,3529052734375;1480,6182861328125;1716;
359,848;2,036832571029663;1605,424072265625;1609,4539794921875;1716;
359,849;2,090780735015869;1620,0263671875;1683,8404541015625;1716;
359,85;2,048706293106079;1597,4249267578125;1600,881591796875;1716;
359,851;1,996562123298645;1600,614990234375;1559,354248046875;1716;
359,852;2,0010688304901123;1600,3487548828125;1547,3128662109375;1716;
359,853;2,0403506755828857;1602,2149658203125;1649,1934814453125;1716;
359,854;2,0057625770568848;1588,455078125;1584,0079345703125;1716;
359,855;2,029283046722412;1595,834716796875;1446,765380859375;1716;
359,856;2,049027681350708;1614,316162109375;1579,8450927734375;1716;
359,857;2,0833091735839844;1624,6783447265625;1807,912841796875;1716;
359,858;2,062166452407837;1600,08251953125;1656,0084228515625;1716;
359,859;2,0144689083099365;1617,3021240234375;1584,0079345703125;1716;
359,86;2,0058515071868896;1611,0714111328125;1669,8084716796875;1716;
359,861;2,041527032852173;1610,53173828125;1646,934326171875;1716;
359,862;2,0057625770568848;1592,66357421875;1584,0079345703125;1716;
359,863;2,7483720779418945;1598,22119140625;1551,305908203125;1716;
359,864;2,030093193054199;1601,68115234375;1651,4588623046875;1716;
359,865;2,089604377746582;1615,672119140625;1651,4588623046875;1716;
359,866;2,048706293106079;1610,26220703125;1710,1878662109375;1716;
359,867;2,7477893829345703;1607,0335693359375;1497,2130126953125;1716;
359,868;2,015101432800293;1620,84521484375;1752,568603515625;1716;
359,869;2,0465073585510254;1617,3021240234375;1646,934326171875;1716;
359,87;2,006938934326172;1596,099609375;1584,0079345703125;1716;
359,871;2,0463690757751465;1615,12939453125;1551,305908203125;1716;
359,872;2,034984588623047;1610,26220703125;1651,4588623046875;1716;
359,873;2,0205764770507812;1603,283203125;1653,7305908203125;1716;
359,874;2,7128844261169434;1604,3529052734375;1712,6240234375;1716;
359,875;2,746613025665283;1603,81787109375;1609,4539794921875;1716;
359,876;2,01627779006958;1618,935546875;1827,14599609375;1716;
359,877;1,988675832748413;1607,57080078125;1635,730712890625;1716;
359,878;2,0057625770568848;1606,4967041015625;1579,8450927734375;1716;
359,879;2,053632974624634;1620,572265625;1549,3067626953125;1716;
359,88;2,0228490829467773;1597,6904296875;1531,5440673828125;1716;
359,881;2,031555414199829;1609,9925537109375;1722,4384765625;1716;
359,882;2,049882650375366;1592,39990234375;1618,1185302734375;1716;
359,883;2,7162692546844482;1597,6904296875;1567,486328125;1716;
359,884;1,9913047552108765;1600,88134765625;1660,5828857421875;1716;
359,885;2,0089845657348633;1618,6630859375;1646,934326171875;1716;
359,886;2,011766195297241;1596,364501953125;1581,923828125;1716;
359,887;2,055673360824585;1614,587158203125;1549,3067626953125;1716;
359,888;2,0482964515686035;1624,1297607421875;1649,1934814453125;1716;
359,889;2,025477886199951;1620,2991943359375;1662,8797607421875;1716;
359,89;2,06099009513855;1597,4249267578125;1592,4000244140625;1716;
359,891;2,726087808609009;1600,614990234375;1555,319580078125;1716;
359,892;1,9972538948059082;1602,7489013671875;1653,7305908203125;1716;
359,893;2,03947114944458;1601,41455078125;1531,5440673828125;1716;
359,894;2,053840398788452;1602,7489013671875;1644,681396484375;1716;
359,895;2,752868175506592;1602,7489013671875;1471,5570068359375;1716;
359,896;2,0471200942993164;1618,390625;1605,1563720703125;1716;
359,897;2,0388095378875732;1620,84521484375;1686,2020263671875;1716;
359,898;2,048706293106079;1597,955810546875;1603,01611328125;1716;
359,899;2,7421956062316895;1600,88134765625;1559,354248046875;1716;
359,9;1,9984302520751953;1602,7489013671875;1656,0084228515625;1716;
359,901;2,03947114944458;1602,481689453125;1531,5440673828125;1716;
359,902;2,052664041519165;1603,01611328125;1644,681396484375;1716;
359,903;2,7279999256134033;1602,7489013671875;1579,8450927734375;1716;
359,904;2,0471200942993164;1618,6630859375;1667,4925537109375;1716;
359,905;2,025477886199951;1612,151611328125;1739,8873291015625;1716;
359,906;2,043740749359131;1609,453857421875;1626,876953125;1716;
359,907;2,7421956062316895;1607,30224609375;1571,5843505859375;1716;
359,908;2,015101432800293;1621,6651611328125;1662,8797607421875;1716;
359,909;1,9898523092269897;1610,26220703125;1649,1934814453125;1716;
359,91;2,063594102859497;1592,39990234375;1584,0079345703125;1716;
359,911;2,726823568344116;1597,6904296875;1551,305908203125;1716;
359,912;2,0422286987304688;1616,215087890625;1651,4588623046875;1716;
359,913;2,025477886199951;1618,6630859375;1750,017578125;1716;
359,914;2,06099009513855;1611,88134765625;1631,291748046875;1716;
359,915;2,7433719635009766;1607,839599609375;1573,6414794921875;1716;
359,916;2,015101432800293;1621,391845703125;1662,8797607421875;1716;
359,917;1,988675832748413;1610,53173828125;1649,1934814453125;1716;
359,918;2,114182233810425;1592,39990234375;1584,0079345703125;1716;
359,919;2,726823568344116;1597,6904296875;1551,305908203125;1716;
359,92;2,028916835784912;1601,14794921875;1533,49755859375;1716;
359,921;2,032731771469116;1618,6630859375;1681,4854736328125;1716;
359,922;2,089604377746582;1611,34130859375;1727,3880615234375;1716;
359,923;2,733553409576416;1606,76513671875;1615,943603515625;1716;
359,924;2,01627779006958;1620,0263671875;1686,2020263671875;1716;
359,925;1,988675832748413;1619,7535400390625;1642,4345703125;1716;
359,926;2,063594102859497;1596,6295166015625;1579,8450927734375;1716;
359,927;2,0595080852508545;1614,858154296875;1547,3128662109375;1716;
359,928;2,034984588623047;1609,9925537109375;1649,1934814453125;1716;
359,929;2,037632942199707;1625,2275390625;1700,51220703125;1716;
359,93;2,0683083534240723;1600,08251953125;1609,4539794921875;1716;
359,931;2,020418167114258;1617,0302734375;1563,4097900390625;1716;
359,932;2,0032029151916504;1610,801513671875;1658,29248046875;1716;
359,933;1,9839130640029907;1605,424072265625;1649,1934814453125;1716;
359,934;2,0177695751190186;1590,556640625;1476,98046875;1716;
359,935;2,777880907058716;1612,151611328125;1609,4539794921875;1716;
359,936;2,036160945892334;1608,646240234375;1561,37939453125;1716;
359,937;2,089604377746582;1612,421875;1724,90966796875;1716;
359,938;2,067131996154785;1608,646240234375;1620,29931640625;1716;
359,939;2,768463373184204;1605,960205078125;1567,486328125;1716;
359,94;1,9972538948059082;1605,15625;1660,5828857421875;1716;
359,941;2,052664041519165;1619,7535400390625;1646,934326171875;1716;
359,942;2,0129425525665283;1596,6295166015625;1581,923828125;1716;
359,943;2,0446040630340576;1614,587158203125;1547,3128662109375;1716;
359,944;2,0471200942993164;1624,6783447265625;1649,1934814453125;1716;
359,945;2,135073661804199;1621,118408203125;1662,8797607421875;1716;
359,946;2,06099009513855;1597,955810546875;1592,4000244140625;1716;
359,947;2,8431692123413086;1600,88134765625;1555,319580078125;1716;
359,948;2,010328769683838;1617,8463134765625;1653,7305908203125;1716;
359,949;2,0588207244873047;1620,2991943359375;1618,1185302734375;1716;
359,95;2,011766195297241;1612,421875;1693,326904296875;1716;
359,951;2,0388095378875732;1607,839599609375;1600,881591796875;1716;
359,952;2,0471200942993164;1621,391845703125;1679,136962890625;1716;
359,953;2,0833091735839844;1617,8463134765625;1646,934326171875;1716;
359,954;2,7227227687835693;1611,6112060546875;1710,1878662109375;1716;
359,955;2,7577216625213623;1607,839599609375;1609,4539794921875;1716;
359,956;2,019103527069092;1621,391845703125;1683,8404541015625;1716;
359,957;2,059997320175171;1626,6016845703125;1665,182861328125;1716;
359,958;2,727559804916382;1615,12939453125;1590,2938232421875;1716;
359,959;2,0402815341949463;1608,646240234375;1553,3101806640625;1716;
359,96;2,030093193054199;1606,228515625;1533,49755859375;1716;
359,961;2,089604377746582;1620,84521484375;1683,8404541015625;1716;
359,962;2,721546173095703;1612,692138671875;1727,3880615234375;1716;
359,963;2,009676456451416;1607,839599609375;1615,943603515625;1716;
359,964;2,0177695751190186;1621,118408203125;1686,2020263671875;1716;
359,965;2,0588207244873047;1620,84521484375;1527,65185546875;1716;
359,966;2,728736162185669;1612,692138671875;1642,4345703125;1716;
359,967;2,0402815341949463;1608,1083984375;1577,771728515625;1716;
359,968;2,0551249980926514;1604,62060546875;1588,1929931640625;1716;
359,969;2,0970757007598877;1619,480712890625;1672,130859375;1716;
359,97;2,730208158493042;1612,151611328125;1596,6295166015625;1716;
359,971;2,00849986076355;1608,1083984375;1557,3343505859375;1716;
359,972;2,0189459323883057;1616,215087890625;1551,305908203125;1716;
359,973;2,0236518383026123;1610,53173828125;1533,49755859375;1716;
359,974;2,744863748550415;1607,839599609375;1529,5955810546875;1716;
359,975;2,053632974624634;1621,118408203125;1523,779541015625;1716;
359,976;2,0561723709106445;1603,01611328125;1567,486328125;1716;
359,977;2,0958993434906006;1619,2080078125;1802,4918212890625;1716;
359,978;2,756545066833496;1611,88134765625;1789,08056640625;1716;
359,979;2,00849986076355;1607,57080078125;1525,7132568359375;1716;
359,98;2,0764706134796143;1622,48583984375;1590,2938232421875;1716;
359,981;2,006938934326172;1628,25390625;1672,130859375;1716;
359,982;2,752315044403076;1601,14794921875;1594,5120849609375;1716;
359,983;2,0463690757751465;1617,0302734375;1674,459716796875;1716;
359,984;2,102372884750366;1621,6651611328125;1669,8084716796875;1716;
359,985;2,729462146759033;1627,702880859375;1715,067138671875;1716;
359,986;2,7641243934631348;1615,9434814453125;1615,943603515625;1716;
359,987;2,009676456451416;1609,72314453125;1565,4454345703125;1716;
359,988;2,0764706134796143;1605,960205078125;1445,0264892578125;1716;
359,989;2,718141555786133;1620,2991943359375;1715,067138671875;1716;
359,99;2,0240254402160645;1597,4249267578125;1500,9512939453125;1716;
359,991;2,0463690757751465;1615,672119140625;1510,37939453125;1716;
359,992;2,12014102935791;1617,0302734375;1584,0079345703125;1716;
359,993;2,043740749359131;1610,801513671875;1669,8084716796875;1716;
359,994;2,0032029151916504;1608,1083984375;1594,5120849609375;1716;
359,995;2,0124330520629883;1620,84521484375;1674,459716796875;1716;
359,996;2,0958752632141113;1622,212158203125;1535,4560546875;1716;
359,997;2,7441866397857666;1612,9625244140625;1642,4345703125;1716;
359,998;2,034984588623047;1608,377197265625;1579,8450927734375;1716;
359,999;2,109665870666504;1621,118408203125;1531,5440673828125;1716;
360;2,1011962890625;1615,9434814453125;1642,4345703125;1716;
360,001;2,8321404457092285;1625,502197265625;1700,51220703125;1716;
360,002;1,9924812316894531;1600,3487548828125;1607,30224609375;1716;
360,003;2,0064938068389893;1624,404052734375;1710,1878662109375;1716;
360,004;2,035780191421509;1613,7744140625;1497,2130126953125;1716;
360,005;2,0482964515686035;1624,1297607421875;1620,29931640625;1716;
360,006;2,0410523414611816;1614,045166015625;1569,53271484375;1716;
360,007;2,0958993434906006;1601,41455078125;1598,7528076171875;1716;
360,008;2,0683083534240723;1617,0302734375;1679,136962890625;1716;
360,009;2,7633142471313477;1610,26220703125;1592,4000244140625;1716;
360,01;1,9972538948059082;1607,30224609375;1557,3343505859375;1716;
360,011;2,07231068611145;1609,1845703125;1555,319580078125;1716;
360,012;2,7355051040649414;1606,228515625;1537,4195556640625;1716;
360,013;2,028916835784912;1605,15625;1525,7132568359375;1716;
360,014;2,050964832305908;1623,581298828125;1688,5703125;1716;
360,015;2,1147844791412354;1613,7744140625;1603,01611328125;1716;
360,016;2,750837564468384;1608,1083984375;1559,354248046875;1716;
360,017;2,01627779006958;1621,118408203125;1656,0084228515625;1716;
360,018;2,0005545616149902;1621,9384765625;1651,4588623046875;1716;
360,019;2,0297765731811523;1612,692138671875;1584,0079345703125;1716;
360,02;2,0717720985412598;1623,0333251953125;1551,305908203125;1716;
360,021;2,053187847137451;1629,081298828125;1651,4588623046875;1716;
360,022;2,031555414199829;1607,57080078125;1656,0084228515625;1716;
360,023;2,107529640197754;1606,4967041015625;1715,067138671875;1716;
360,024;2,0177695751190186;1620,2991943359375;1611,611328125;1716;
360,025;2,0210506916046143;1627,427490234375;1683,8404541015625;1716;
360,026;2,1202714443206787;1628,529541015625;1649,1934814453125;1716;
360,027;2,0177695751190186;1601,41455078125;1586,09765625;1716;
360,028;2,0463690757751465;1617,3021240234375;1549,3067626953125;1716;
360,029;2,062398672103882;1626,0517578125;1581,923828125;1716;
360,03;2,102194309234619;1629,63330078125;1667,4925537109375;1716;
360,031;2,0732738971710205;1602,2149658203125;1594,5120849609375;1716;
360,032;2,0037074089050293;1603,283203125;1555,319580078125;1716;
360,033;2,015101432800293;1619,480712890625;1653,7305908203125;1716;
360,034;2,0588207244873047;1621,118408203125;1618,1185302734375;1716;
360,035;2,746040105819702;1612,692138671875;1569,53271484375;1716;
360,036;2,0402815341949463;1607,839599609375;1543,3402099609375;1716;
360,037;2,0551249980926514;1609,453857421875;1613,774658203125;1716;
360,038;2,0970757007598877;1621,6651611328125;1686,2020263671875;1716;
360,039;2,7475318908691406;1612,9625244140625;1603,01611328125;1716;
360,04;2,00849986076355;1608,1083984375;1559,354248046875;1716;
360,041;2,0189459323883057;1609,72314453125;1551,305908203125;1716;
360,042;2,0177695751190186;1621,9384765625;1651,4588623046875;1716;
360,043;2,7527201175689697;1612,692138671875;1584,0079345703125;1716;
360,044;2,053632974624634;1622,759521484375;1549,3067626953125;1716;
360,045;2,12014102935791;1624,404052734375;1679,136962890625;1716;
360,046;2,048706293106079;1614,045166015625;1719,974365234375;1716;
360,047;2,0043795108795166;1609,453857421875;1618,1185302734375;1716;
360,048;2,020437717437744;1622,212158203125;1567,486328125;1716;
360,049;2,064117908477783;1624,952880859375;1555,319580078125;1716;
360,05;2,0309529304504395;1614,858154296875;1535,4560546875;1716;
360,051;2,034984588623047;1609,72314453125;1646,934326171875;1716;
360,052;2,049788475036621;1621,391845703125;1598,7528076171875;1716;
360,053;2,133368968963623;1608,1083984375;1557,3343505859375;1716;
360,054;2,81886887550354;1636,0089111328125;1791,7467041015625;1716;
360,055;2,015101432800293;1619,480712890625;1646,934326171875;1716;
360,056;2,0784671306610107;1616,215087890625;1584,0079345703125;1716;
360,057;2,035780191421509;1624,952880859375;1551,305908203125;1716;
360,058;2,7676761150360107;1614,858154296875;1651,4588623046875;1716;
360,059;2,036160945892334;1609,9925537109375;1584,0079345703125;1716;
360,06;2,031555414199829;1623,581298828125;1821,609130859375;1716;
360,061;2,067131996154785;1628,529541015625;1656,0084228515625;1716;
360,062;2,773275852203369;1615,9434814453125;1707,7586669921875;1716;
360,063;2,0210506916046143;1625,2275390625;1739,8873291015625;1716;
360,064;2,0649774074554443;1620,572265625;1577,771728515625;1716;
360,065;2,754044771194458;1627,427490234375;1547,3128662109375;1716;
360,066;2,067319631576538;1609,9925537109375;1561,37939453125;1716;
360,067;2,031555414199829;1622,759521484375;1794,4210205078125;1716;
360,068;2,0683083534240723;1614,316162109375;1649,1934814453125;1716;
360,069;2,750837564468384;1624,6783447265625;1581,923828125;1716;
360,07;2,0210506916046143;1630,185791015625;1667,4925537109375;1716;
360,071;2,117330312728882;1630,185791015625;1649,1934814453125;1716;
360,072;2,0177695751190186;1602,2149658203125;1584,0079345703125;1716;
360,073;2,7729930877685547;1617,8463134765625;1549,3067626953125;1716;
360,074;2,0543642044067383;1626,6016845703125;1649,1934814453125;1716;
360,075;2,138015031814575;1621,9384765625;1662,8797607421875;1716;
360,076;2,079415798187256;1613,233154296875;1592,4000244140625;1716;
360,077;2,0216143131256104;1623,581298828125;1676,7950439453125;1716;
360,078;2,023728609085083;1629,63330078125;1719,974365234375;1716;
360,079;2,0649774074554443;1614,045166015625;1642,4345703125;1716;
360,08;2,728736162185669;1624,6783447265625;1705,3363037109375;1716;
360,081;2,0463690757751465;1614,045166015625;1495,350830078125;1716;
360,082;2,0551249980926514;1623,85546875;1611,611328125;1716;
360,083;2,1033709049224854;1629,357177734375;1683,8404541015625;1716;
360,084;2,032444715499878;1617,0302734375;1600,881591796875;1716;
360,085;2,026406764984131;1625,77685546875;1681,4854736328125;1716;
360,086;2,0838236808776855;1625,502197265625;1533,49755859375;1716;
360,087;2,023773193359375;1614,858154296875;1640,19384765625;1716;
360,088;2,7789580821990967;1624,952880859375;1705,3363037109375;1716;
360,089;2,0448873043060303;1614,045166015625;1493,4932861328125;1716;
360,09;2,113826036453247;1623,581298828125;1611,611328125;1716;
360,091;2,06099009513855;1629,081298828125;1683,8404541015625;1716;
360,092;2,010328769683838;1616,758544921875;1729,8734130859375;1716;
360,093;2,0183722972869873;1621,118408203125;1581,923828125;1716;
360,094;2,094698667526245;1627,702880859375;1549,3067626953125;1716;
360,095;2,745363235473633;1631,568359375;1649,1934814453125;1716;
360,096;2,0410523414611816;1618,118408203125;1710,1878662109375;1716;
360,097;2,037632942199707;1613,5037841796875;1712,6240234375;1716;
360,098;2,0683083534240723;1623,3072509765625;1609,4539794921875;1716;
360,099;2,789670467376709;1629,081298828125;1683,8404541015625;1716;
360,1;2,0091521739959717;1616,758544921875;1727,3880615234375;1716;
360,101;2,0784671306610107;1620,84521484375;1581,923828125;1716;
360,102;2,764228105545044;1627,152099609375;1549,3067626953125;1716;
360,103;2,053187847137451;1630,738525390625;1649,1934814453125;1716;
360,104;2,0448873043060303;1617,57421875;1584,0079345703125;1716;
360,105;2,1147844791412354;1625,2275390625;1681,4854736328125;1716;
360,106;2,750837564468384;1629,63330078125;1596,6295166015625;1716;
360,107;2,010328769683838;1617,3021240234375;1676,7950439453125;1716;
360,108;2,0183722972869873;1623,0333251953125;1642,4345703125;1716;
360,109;2,023773193359375;1614,045166015625;1579,8450927734375;1716;
360,11;2,7627265453338623;1623,85546875;1549,3067626953125;1716;
360,111;2,053187847137451;1629,63330078125;1649,1934814453125;1716;
360,112;2,102194309234619;1614,587158203125;1594,5120849609375;1716;
360,113;2,0744502544403076;1610,26220703125;1559,354248046875;1716;
360,114;2,020437717437744;1622,48583984375;1539,3880615234375;1716;
360,115;2,0210506916046143;1629,081298828125;1781,1290283203125;1716;
360,116;2,0846240520477295;1623,3072509765625;1596,6295166015625;1716;
360,117;2,7621676921844482;1614,316162109375;1561,37939453125;1716;
360,118;2,0524566173553467;1624,404052734375;1539,3880615234375;1716;
360,119;2,062398672103882;1619,2080078125;1683,8404541015625;1716;
360,12;2,0668723583221436;1627,152099609375;1722,4384765625;1716;
360,121;2,7561938762664795;1615,9434814453125;1618,1185302734375;1716;
360,122;2,027583122253418;1625,2275390625;1567,486328125;1716;
360,123;2,011810541152954;1625,77685546875;1669,8084716796875;1716;
360,124;2,0177695751190186;1630,185791015625;1715,067138671875;1716;
360,125;2,0422286987304688;1617,3021240234375;1613,774658203125;1716;
360,126;2,058544158935547;1625,2275390625;1563,4097900390625;1716;
360,127;2,12014102935791;1617,0302734375;1497,2130126953125;1716;
360,128;2,7480216026306152;1625,77685546875;1620,29931640625;1716;
360,129;2,0091521739959717;1615,4007568359375;1571,5843505859375;1716;
360,13;2,0183722972869873;1617,8463134765625;1598,7528076171875;1716;
360,131;2,0838236808776855;1626,0517578125;1679,136962890625;1716;
360,132;2,847742795944214;1630,462158203125;1719,974365234375;1716;
360,133;2,0410523414611816;1617,57421875;1615,943603515625;1716;
360,134;2,0388095378875732;1624,6783447265625;1705,3363037109375;1716;
360,135;2,067131996154785;1629,081298828125;1607,30224609375;1716;
360,136;2,0269997119903564;1631,568359375;1681,4854736328125;1716;
360,137;2,0254881381988525;1633,2308349609375;1727,3880615234375;1716;
360,138;2,071134090423584;1609,1845703125;1584,0079345703125;1716;
360,139;2,761549949645996;1621,391845703125;1551,305908203125;1716;
360,14;2,0543642044067383;1628,25390625;1651,4588623046875;1716;
360,141;2,043710947036743;1637,6802978515625;1662,8797607421875;1716;
360,142;2,1147844791412354;1621,118408203125;1717,517333984375;1716;
360,143;2,75201416015625;1627,152099609375;1611,611328125;1716;
360,144;2,0210506916046143;1630,462158203125;1683,8404541015625;1716;
360,145;2,0649774074554443;1636,843994140625;1644,681396484375;1716;
360,146;2,0333058834075928;1620,0263671875;1581,923828125;1716;
360,147;2,058544158935547;1626,32666015625;1549,3067626953125;1716;
360,148;2,0713913440704346;1646,088623046875;1786,4219970703125;1716;
360,149;2,0970757007598877;1630,185791015625;1794,4210205078125;1716;
360,15;2,067131996154785;1617,8463134765625;1649,1934814453125;1716;
360,151;2,026406764984131;1626,32666015625;1581,923828125;1716;
360,152;2,1355881690979004;1631,01513671875;1491,640380859375;1716;
360,153;2,0649774074554443;1630,185791015625;1615,943603515625;1716;
360,154;2,7535157203674316;1617,3021240234375;1569,53271484375;1716;
360,155;2,059720754623413;1625,502197265625;1543,3402099609375;1716;
360,156;2,139085292816162;1622,212158203125;1531,5440673828125;1716;
360,157;2,0732738971710205;1629,081298828125;1640,19384765625;1716;
360,158;1,9984302520751953;1602,481689453125;1581,923828125;1716;
360,159;2,0323758125305176;1634,3408203125;1669,8084716796875;1716;
360,16;2,0888237953186035;1623,3072509765625;1553,3101806640625;1716;
360,161;2,754044771194458;1629,357177734375;1651,4588623046875;1716;
360,162;2,059255838394165;1632,399169921875;1712,6240234375;1716;
360,163;2,043710947036743;1617,57421875;1715,067138671875;1716;
360,164;2,0744502544403076;1625,502197265625;1611,611328125;1716;
360,165;2,8070781230926514;1629,909423828125;1683,8404541015625;1716;
360,166;2,0091521739959717;1616,758544921875;1598,7528076171875;1716;
360,167;2,0784671306610107;1616,48681640625;1553,3101806640625;1716;
360,168;2,035780191421509;1624,6783447265625;1535,4560546875;1716;
360,169;2,053187847137451;1629,63330078125;1642,4345703125;1716;
360,17;2,0617761611938477;1632,399169921875;1629,081298828125;1716;
360,171;2,121079444885254;1631,01513671875;1698,1102294921875;1716;
360,172;2,7594797611236572;1617,0302734375;1603,01611328125;1716;
360,173;2,034125328063965;1641,313232421875;1681,4854736328125;1716;
360,174;2,0124330520629883;1622,759521484375;1607,30224609375;1716;
360,175;2,0177695751190186;1613,7744140625;1565,4454345703125;1716;
360,176;2,053632974624634;1623,85546875;1539,3880615234375;1716;
360,177;2,0713913440704346;1645,2440185546875;1644,681396484375;1716;
360,178;2,1147844791412354;1631,84521484375;1672,130859375;1716;
360,179;2,0744502544403076;1618,390625;1724,90966796875;1716;
360,18;2,00849986076355;1611,34130859375;1502,82763671875;1716;
360,181;2,0177695751190186;1623,3072509765625;1607,30224609375;1716;
360,182;2,036956787109375;1630,738525390625;1559,354248046875;1716;
360,183;2,7362117767333984;1617,57421875;1660,5828857421875;1716;
360,184;2,058544158935547;1625,77685546875;1586,09765625;1716;
360,185;2,1213173866271973;1613,233154296875;1557,3343505859375;1716;
360,186;2,06099009513855;1639,35498046875;1791,7467041015625;1716;
360,187;2,7728800773620605;1621,9384765625;1649,1934814453125;1716;
360,188;2,027583122253418;1628,25390625;1581,923828125;1716;
360,189;2,0888237953186035;1626,0517578125;1549,3067626953125;1716;
360,19;2,752868175506592;1630,738525390625;1649,1934814453125;1716;
360,191;2,0422286987304688;1617,57421875;1584,0079345703125;1716;
360,192;2,055866003036499;1632,67626953125;1729,8734130859375;1716;
360,193;2,0916993618011475;1633,2308349609375;1618,1185302734375;1716;
360,194;2,7996323108673096;1634,3408203125;1688,5703125;1716;
360,195;2,015101432800293;1619,480712890625;1600,881591796875;1716;
360,196;2,0772907733917236;1618,935546875;1584,0079345703125;1716;
360,197;2,7627265453338623;1626,6016845703125;1551,305908203125;1716;
360,198;2,053187847137451;1631,01513671875;1651,4588623046875;1716;
360,199;2,061943769454956;1631,01513671875;1660,5828857421875;1716;
360,2;2,109665870666504;1617,8463134765625;1715,067138671875;1716;
360,201;2,750837564468384;1625,77685546875;1611,611328125;1716;
360,202;2,038898229598999;1645,525390625;1827,14599609375;1716;
360,203;2,07231068611145;1644,962646484375;1646,934326171875;1716;
360,204;2,035780191421509;1624,404052734375;1581,923828125;1716;
360,205;2,058544158935547;1628,805419921875;1549,3067626953125;1716;
360,206;2,0684962272644043;1631,568359375;1649,1934814453125;1716;
360,207;2,102194309234619;1630,185791015625;1686,2020263671875;1716;
360,208;2,7561938762664795;1633,2308349609375;1732,3660888671875;1716;
360,209;2,0216143131256104;1618,6630859375;1504,70849609375;1716;
360,21;2,0826470851898193;1630,185791015625;1607,30224609375;1716;
360,211;2,0296552181243896;1632,399169921875;1681,4854736328125;1716;
360,212;2,0482964515686035;1618,390625;1600,881591796875;1716;
360,213;2,058544158935547;1626,0517578125;1557,3343505859375;1716;
360,214;2,12014102935791;1644,681396484375;1686,2020263671875;1716;
360,215;2,080592155456543;1624,404052734375;1596,6295166015625;1716;
360,216;2,0210506916046143;1630,185791015625;1683,8404541015625;1716;
360,217;2,0243117809295654;1632,399169921875;1555,319580078125;1716;
360,218;2,077904224395752;1626,876953125;1535,4560546875;1716;
360,219;2,786992073059082;1631,01513671875;1642,4345703125;1716;
360,22;2,043710947036743;1617,57421875;1579,8450927734375;1716;
360,221;2,1285512447357178;1623,3072509765625;1653,7305908203125;1716;
360,222;2,7681219577789307;1628,529541015625;1584,0079345703125;1716;
360,223;2,0269997119903564;1631,84521484375;1669,8084716796875;1716;
360,224;2,0159623622894287;1631,568359375;1651,4588623046875;1716;
360,225;2,035780191421509;1618,390625;1584,0079345703125;1716;
360,226;2,761549949645996;1626,32666015625;1551,305908203125;1716;
360,227;2,0725677013397217;1646,65234375;1651,4588623046875;1716;
360,228;2,1177256107330322;1627,152099609375;1624,678466796875;1716;
360,229;2,0732738971710205;1631,568359375;1698,1102294921875;1716;
360,23;2,765300750732422;1617,3021240234375;1603,01611328125;1716;
360,231;2,035646677017212;1641,313232421875;1679,136962890625;1716;
360,232;2,071134090423584;1629,909423828125;1669,8084716796875;1716;
360,233;2,7546920776367188;1632,399169921875;1594,5120849609375;1716;
360,234;2,064631700515747;1632,953369140625;1555,319580078125;1716;
360,235;2,126455783843994;1629,909423828125;1565,4454345703125;1716;
360,236;2,7740962505340576;1632,399169921875;1658,29248046875;1716;
360,237;2,7728800773620605;1618,6630859375;1590,2938232421875;1716;
360,238;2,026406764984131;1626,6016845703125;1553,3101806640625;1716;
360,239;2,102353096008301;1626,876953125;1557,3343505859375;1716;
360,24;2,7910094261169434;1631,01513671875;1653,7305908203125;1716;
360,241;2,0410523414611816;1617,57421875;1586,09765625;1716;
360,242;2,1285512447357178;1626,0517578125;1653,7305908203125;1716;
360,243;2,085557460784912;1630,185791015625;1584,0079345703125;1716;
360,244;2,7984557151794434;1632,67626953125;1669,8084716796875;1716;
360,245;2,0136096477508545;1618,6630859375;1651,4588623046875;1716;
360,246;2,0772907733917236;1617,8463134765625;1584,0079345703125;1716;
360,247;2,035780191421509;1625,77685546875;1551,305908203125;1716;
360,248;2,0725677013397217;1645,80712890625;1651,4588623046875;1716;
360,249;2,055866003036499;1634,3408203125;1688,5703125;1716;
360,25;2,0732738971710205;1635,174560546875;1732,3660888671875;1716;
360,251;2,7915680408477783;1634,61865234375;1618,1185302734375;1716;
360,252;2,0269997119903564;1634,896484375;1688,5703125;1716;
360,253;2,0834474563598633;1648,0631103515625;1649,1934814453125;1716;
360,254;2,746040105819702;1626,0517578125;1710,1878662109375;1716;
360,255;2,058544158935547;1629,909423828125;1609,4539794921875;1716;
360,256;2,139085292816162;1617,3021240234375;1491,640380859375;1716;
360,257;2,0970757007598877;1641,87353515625;1750,017578125;1716;
360,258;2,7902235984802246;1623,3072509765625;1631,291748046875;1716;
360,259;2,026406764984131;1629,081298828125;1698,1102294921875;1716;
360,26;2,102353096008301;1641,0333251953125;1549,3067626953125;1716;
360,261;2,761549949645996;1638,238037109375;1649,1934814453125;1716;
360,262;2,059255838394165;1637,122802734375;1586,09765625;1716;
360,263;2,063120126724243;1622,212158203125;1618,1185302734375;1716;
360,264;2,079415798187256;1627,978271484375;1567,486328125;1716;
360,265;2,0210506916046143;1631,291748046875;1660,5828857421875;1716;
360,266;2,010328769683838;1617,57421875;1588,1929931640625;1716;
360,267;2,0772907733917236;1619,7535400390625;1598,7528076171875;1716;
360,268;2,787594795227051;1626,876953125;1557,3343505859375;1716;
360,269;2,0543642044067383;1630,738525390625;1653,7305908203125;1716;
360,27;2,061943769454956;1647,78076171875;1667,4925537109375;1716;
360,271;2,0916993618011475;1626,0517578125;1594,5120849609375;1716;
360,272;2,1375439167022705;1629,909423828125;1555,319580078125;1716;
360,273;2,038898229598999;1648,0631103515625;1791,7467041015625;1716;
360,274;2,0772907733917236;1631,84521484375;1653,7305908203125;1716;
360,275;2,036956787109375;1618,118408203125;1586,09765625;1716;
360,276;2,0707192420959473;1641,593505859375;1551,305908203125;1716;
360,277;2,0734169483184814;1630,185791015625;1584,0079345703125;1716;
360,278;2,109665870666504;1632,67626953125;1669,8084716796875;1716;
360,279;2,778216600418091;1618,935546875;1594,5120849609375;1716;
360,28;2,026406764984131;1626,876953125;1555,319580078125;1716;
360,281;2,102353096008301;1644,1190185546875;1565,4454345703125;1716;
360,282;2,7789132595062256;1639,9140625;1658,29248046875;1716;
360,283;2,044451951980591;1622,48583984375;1588,1929931640625;1716;
360,284;2,0570425987243652;1620,84521484375;1719,974365234375;1716;
360,285;2,079415798187256;1627,427490234375;1613,774658203125;1716;
360,286;2,789670467376709;1631,01513671875;1686,2020263671875;1716;
360,287;2,0281763076782227;1633,2308349609375;1600,881591796875;1716;
360,288;2,0834474563598633;1636,843994140625;1676,7950439453125;1716;
360,289;2,0417838096618652;1635,452392578125;1594,5120849609375;1716;
360,29;2,060432195663452;1635,174560546875;1674,459716796875;1716;
360,291;2,061943769454956;1634,896484375;1676,7950439453125;1716;
360,292;2,067131996154785;1635,452392578125;1727,3880615234375;1716;
360,293;2,7915680408477783;1634,61865234375;1615,943603515625;1716;
360,294;2,0269997119903564;1634,3408203125;1686,2020263671875;1716;
360,295;2,0834474563598633;1654,86865234375;1715,067138671875;1716;
360,296;2,0429601669311523;1629,081298828125;1613,774658203125;1716;
360,297;2,064631700515747;1631,568359375;1565,4454345703125;1716;
360,298;2,126455783843994;1634,063232421875;1607,30224609375;1716;
360,299;2,0683083534240723;1634,063232421875;1681,4854736328125;1716;
360,3;2,0269997119903564;1634,61865234375;1729,8734130859375;1716;
360,301;2,0323758125305176;1634,3408203125;1618,1185302734375;1716;
360,302;2,0900001525878906;1629,63330078125;1549,3067626953125;1716;
360,303;2,7702317237854004;1648,0631103515625;1649,1934814453125;1716;
360,304;2,053187847137451;1626,0517578125;1584,0079345703125;1716;
360,305;2,1348462104797363;1634,61865234375;1600,881591796875;1716;
360,306;2,103983163833618;1634,063232421875;1559,354248046875;1716;
360,307;2,7984557151794434;1634,61865234375;1656,0084228515625;1716;
360,308;2,0254881381988525;1641,313232421875;1724,90966796875;1716;
360,309;2,0834474563598633;1623,3072509765625;1620,29931640625;1716;
360,31;2,7702317237854004;1628,805419921875;1567,486328125;1716;
360,311;2,060432195663452;1632,1220703125;1660,5828857421875;1716;
360,312;2,0951483249664307;1651,17529296875;1827,14599609375;1716;
360,313;2,773517608642578;1643,276123046875;1662,8797607421875;1716;
360,314;2,0395209789276123;1638,79638671875;1588,1929931640625;1716;
360,315;2,028343677520752;1636,843994140625;1669,8084716796875;1716;
360,316;2,1378896236419678;1641,0333251953125;1715,067138671875;1716;
360,317;2,7546920776367188;1622,48583984375;1613,774658203125;1716;
360,318;2,0768067836761475;1643,837890625;1565,4454345703125;1716;
360,319;2,132770538330078;1637,4013671875;1579,8450927734375;1716;
360,32;2,7567131519317627;1652,309814453125;1810,6357421875;1716;
360,321;2,0210506916046143;1628,25390625;1653,7305908203125;1716;
360,322;2,0183722972869873;1631,291748046875;1584,0079345703125;1716;
360,323;2,054967164993286;1643,837890625;1551,305908203125;1716;
360,324;2,8045432567596436;1639,634521484375;1651,4588623046875;1716;
360,325;2,0471200942993164;1622,212158203125;1584,0079345703125;1716;
360,326;2,1348462104797363;1626,6016845703125;1653,7305908203125;1716;
360,327;2,7681219577789307;1630,462158203125;1584,0079345703125;1716;
360,328;2,038898229598999;1648,345458984375;1669,8084716796875;1716;
360,329;2,0195488929748535;1634,896484375;1618,1185302734375;1716;
360,33;2,035780191421509;1634,896484375;1693,326904296875;1716;
360,331;2,064631700515747;1634,3408203125;1600,881591796875;1716;
360,332;2,0786354541778564;1650,6083984375;1679,136962890625;1716;
360,333;2,13366961479187;1648,6279296875;1656,0084228515625;1716;
360,334;2,773517608642578;1626,876953125;1588,1929931640625;1716;
360,335;2,027583122253418;1630,738525390625;1553,3101806640625;1716;
360,336;2,1011765003204346;1635,452392578125;1615,943603515625;1716;
360,337;2,035780191421509;1635,174560546875;1686,2020263671875;1716;
360,338;2,060432195663452;1635,452392578125;1732,3660888671875;1716;
360,339;2,064631700515747;1634,896484375;1615,943603515625;1716;
360,34;2,126455783843994;1646,088623046875;1672,130859375;1716;
360,341;2,8347737789154053;1656,864013671875;1717,517333984375;1716;
360,342;2,0210506916046143;1630,185791015625;1613,774658203125;1716;
360,343;2,0957610607147217;1635,452392578125;1586,09765625;1716;
360,344;2,7800896167755127;1634,61865234375;1551,305908203125;1716;
360,345;2,059255838394165;1634,61865234375;1651,4588623046875;1716;
360,346;2,061943769454956;1639,35498046875;1727,3880615234375;1716;
360,347;2,080592155456543;1637,4013671875;1752,568603515625;1716;
360,348;2,9147706031799316;1635,7305908203125;1512,279296875;1716;
360,349;2,0269997119903564;1635,174560546875;1629,081298828125;1716;
360,35;2,0846240520477295;1636,2872314453125;1559,354248046875;1716;
360,351;2,7621676921844482;1620,2991943359375;1543,3402099609375;1716;
360,352;2,058544158935547;1627,152099609375;1531,5440673828125;1716;
360,353;2,1402618885040283;1638,517333984375;1631,291748046875;1716;
360,354;2,085557460784912;1637,122802734375;1695,715087890625;1716;
360,355;2,790391683578491;1636,843994140625;1737,3729248046875;1716;
360,356;2,0216143131256104;1620,572265625;1506,5941162109375;1716;
360,357;2,053790807723999;1631,84521484375;1497,2130126953125;1716;
360,358;2,752868175506592;1649,193359375;1752,568603515625;1716;
360,359;2,0543642044067383;1626,6016845703125;1629,081298828125;1716;
360,36;2,1718432903289795;1625,502197265625;1717,517333984375;1716;
360,361;2,0916993618011475;1644,962646484375;1611,611328125;1716;
360,362;2,034125328063965;1639,07568359375;1683,8404541015625;1716;
360,363;2,0243117809295654;1655,438232421875;1717,517333984375;1716;
360,364;2,0417838096618652;1629,63330078125;1613,774658203125;1716;
360,365;2,7974531650543213;1632,1220703125;1457,287353515625;1716;
360,366;2,0616085529327393;1633,78564453125;1596,6295166015625;1716;
360,367;2,108489513397217;1653,161865234375;1849,6339111328125;1716;
360,368;2,783355951309204;1628,805419921875;1672,130859375;1716;
360,369;2,0323758125305176;1631,84521484375;1592,4000244140625;1716;
360,37;2,146470785140991;1647,78076171875;1549,3067626953125;1716;
360,371;2,7627265453338623;1641,313232421875;1649,1934814453125;1716;
360,372;2,796449661254883;1638,517333984375;1712,6240234375;1716;
360,373;2,061943769454956;1636,5655517578125;1495,350830078125;1716;
360,374;2,1276321411132812;1630,462158203125;1613,774658203125;1716;
360,375;2,7729198932647705;1648,6279296875;1686,2020263671875;1716;
360,376;2,0210506916046143;1626,32666015625;1603,01611328125;1716;
360,377;2,096937417984009;1643,276123046875;1596,6295166015625;1716;
360,378;2,065797805786133;1639,07568359375;1557,3343505859375;1716;
360,379;2,059255838394165;1637,4013671875;1653,7305908203125;1716;
360,38;2,063120126724243;1641,87353515625;1727,3880615234375;1716;
360,381;2,079415798187256;1638,79638671875;1752,568603515625;1716;
360,382;2,7594797611236572;1636,2872314453125;1626,876953125;1716;
360,383;2,0281763076782227;1635,452392578125;1693,326904296875;1716;
360,384;2,0834474563598633;1650,0421142578125;1665,182861328125;1716;
360,385;2,7621676921844482;1642,4344482421875;1592,4000244140625;1716;
360,386;2,0718955993652344;1638,238037109375;1555,319580078125;1716;
360,387;2,145400285720825;1638,517333984375;1618,1185302734375;1716;
360,388;2,0732738971710205;1637,122802734375;1688,5703125;1716;
360,389;2,0281763076782227;1636,5655517578125;1603,01611328125;1716;
360,39;2,0243117809295654;1638,238037109375;1676,7950439453125;1716;
360,391;2,0597941875457764;1636,0089111328125;1484,274169921875;1716;
360,392;2,788771390914917;1635,174560546875;1611,611328125;1716;
360,393;2,0774590969085693;1650,6083984375;1690,9451904296875;1716;
360,394;2,1147844791412354;1627,978271484375;1732,3660888671875;1716;
360,395;2,0928759574890137;1630,738525390625;1618,1185302734375;1716;
360,396;2,038898229598999;1648,91064453125;1690,9451904296875;1716;
360,397;2,0183722972869873;1652,026123046875;1676,7950439453125;1716;
360,398;2,054967164993286;1644,1190185546875;1598,7528076171875;1716;
360,399;2,809938907623291;1639,35498046875;1557,3343505859375;1716;
360,4;2,059255838394165;1637,4013671875;1653,7305908203125;1716;
360,401;2,12225604057312;1642,1539306640625;1727,3880615234375;1716;
360,402;2,079415798187256;1623,581298828125;1620,29931640625;1716;
360,403;2,044313669204712;1644,681396484375;1565,4454345703125;1716;
360,404;2,0961766242980957;1638,79638671875;1577,771728515625;1716;
360,405;2,0417838096618652;1652,5938720703125;1665,182861328125;1716;
360,406;2,053187847137451;1627,702880859375;1590,2938232421875;1716;
360,407;2,0570425987243652;1638,238037109375;1727,3880615234375;1716;
360,408;2,0916993618011475;1635,452392578125;1615,943603515625;1716;
360,409;2,8847250938415527;1634,3408203125;1686,2020263671875;1716;
360,41;2,0281763076782227;1634,3408203125;1600,881591796875;1716;
360,411;2,0834474563598633;1629,63330078125;1613,774658203125;1716;
360,412;2,796276569366455;1647,78076171875;1565,4454345703125;1716;
360,413;2,066499948501587;1641,593505859375;1658,29248046875;1716;
360,414;2,1273746490478516;1660,86962890625;1734,865966796875;1716;
360,415;2,097841262817383;1632,953369140625;1624,678466796875;1716;
360,416;2,0514588356018066;1649,476318359375;1693,326904296875;1716;
360,417;2,035646677017212;1642,4344482421875;1727,3880615234375;1716;
360,418;2,0477871894836426;1651,458740234375;1649,1934814453125;1716;
360,419;2,825148820877075;1642,9954833984375;1710,1878662109375;1716;
360,42;2,064631700515747;1637,959228515625;1607,30224609375;1716;
360,421;2,145400285720825;1634,063232421875;1603,01611328125;1716;
360,422;2,0744502544403076;1649,75927734375;1679,136962890625;1716;
360,423;2,0329487323760986;1642,1539306640625;1598,7528076171875;1716;
360,424;2,1375651359558105;1629,909423828125;1615,943603515625;1716;
360,425;2,7974531650543213;1647,4984130859375;1565,4454345703125;1716;
360,426;2,0653235912323;1641,313232421875;1658,29248046875;1716;
360,427;2,068021297454834;1652,8779296875;1667,4925537109375;1716;
360,428;2,099017858505249;1628,805419921875;1594,5120849609375;1716;
360,429;2,044313669204712;1647,21630859375;1676,7950439453125;1716;
360,43;2,0507965087890625;1657,1495361328125;1719,974365234375;1716;
360,431;2,0784671306610107;1636,2872314453125;1653,7305908203125;1716;
360,432;2,7794716358184814;1636,0089111328125;1588,1929931640625;1716;
360,433;2,064631700515747;1635,174560546875;1553,3101806640625;1716;
360,434;2,1465766429901123;1652,309814453125;1626,876953125;1716;
360,435;2,0916993618011475;1643,837890625;1693,326904296875;1716;
360,436;2,799147605895996;1639,9140625;1734,865966796875;1716;
360,437;2,0335521697998047;1637,4013671875;1620,29931640625;1716;
360,438;2,0888237953186035;1631,568359375;1549,3067626953125;1716;
360,439;2,7702317237854004;1648,91064453125;1649,1934814453125;1716;
360,44;2,0543642044067383;1626,32666015625;1584,0079345703125;1716;
360,441;2,13366961479187;1642,7149658203125;1662,8797607421875;1716;
360,442;2,103983163833618;1638,517333984375;1588,1929931640625;1716;
360,443;2,0460236072540283;1653,161865234375;1674,459716796875;1716;
360,444;2,0183722972869873;1645,525390625;1681,4854736328125;1716;
360,445;2,053790807723999;1640,75341796875;1600,881591796875;1716;
360,446;2,065808057785034;1637,6802978515625;1559,354248046875;1716;
360,447;2,067319631576538;1636,843994140625;1537,4195556640625;1716;
360,448;2,121079444885254;1638,238037109375;1690,9451904296875;1716;
360,449;2,876098871231079;1637,122802734375;1734,865966796875;1716;
360,45;2,0323758125305176;1635,7305908203125;1620,29931640625;1716;
360,451;2,1073532104492188;1654,5838623046875;1674,459716796875;1716;
360,452;2,788771390914917;1660,86962890625;1717,517333984375;1716;
360,453;2,059255838394165;1632,399169921875;1615,943603515625;1716;
360,454;2,13366961479187;1643,837890625;1646,934326171875;1716;
360,455;2,0867340564727783;1638,79638671875;1579,8450927734375;1716;
360,456;2,044847249984741;1652,5938720703125;1667,4925537109375;1716;
360,457;2,0183722972869873;1628,25390625;1592,4000244140625;1716;
360,458;2,054967164993286;1639,634521484375;1600,881591796875;1716;
360,459;2,8049583435058594;1637,4013671875;1559,354248046875;1716;
360,46;2,0798118114471436;1652,5938720703125;1794,4210205078125;1716;
360,461;2,1348462104797363;1642,7149658203125;1660,5828857421875;1716;
360,462;2,773517608642578;1639,634521484375;1717,517333984375;1716;
360,463;2,0502824783325195;1652,8779296875;1611,611328125;1716;
360,464;2,102353096008301;1647,21630859375;1674,459716796875;1716;
360,465;2,7789132595062256;1656,578857421875;1717,517333984375;1716;
360,466;2,7789580821990967;1629,63330078125;1613,774658203125;1716;
360,467;2,0739216804504395;1646,934326171875;1565,4454345703125;1716;
360,468;2,085557460784912;1653,73046875;1705,3363037109375;1716;
360,469;2,833597421646118;1660,296142578125;1734,865966796875;1716;
360,47;2,0281763076782227;1632,399169921875;1622,48583984375;1716;
360,471;2,0957610607147217;1639,634521484375;1584,0079345703125;1716;
360,472;2,7789132595062256;1636,843994140625;1551,305908203125;1716;
360,473;2,0786354541778564;1651,742431640625;1651,4588623046875;1716;
360,474;2,184257745742798;1643,55712890625;1693,326904296875;1716;
360,475;2,085557460784912;1639,35498046875;1732,3660888671875;1716;
360,476;2,046992063522339;1636,2872314453125;1618,1185302734375;1716;
360,477;2,047564744949341;1650,891845703125;1551,305908203125;1716;
360,478;2,0596730709075928;1656,29345703125;1651,4588623046875;1716;
360,479;2,0698599815368652;1646,088623046875;1712,6240234375;1716;
360,48;2,086254119873047;1656,29345703125;1607,30224609375;1716;
360,481;2,139085292816162;1639,35498046875;1613,774658203125;1716;
360,482;2,782787799835205;1653,161865234375;1688,5703125;1716;
360,483;2,038898229598999;1644,1190185546875;1732,3660888671875;1716;
360,484;2,089604377746582;1643,837890625;1592,4000244140625;1716;
360,485;2,0609707832336426;1639,35498046875;1555,319580078125;1716;
360,486;2,0774590969085693;1652,8779296875;1653,7305908203125;1716;
360,487;2,055866003036499;1637,122802734375;1688,5703125;1716;
360,488;2,0928759574890137;1636,2872314453125;1603,01611328125;1716;
360,489;2,790391683578491;1635,174560546875;1559,354248046875;1716;
360,49;2,044847249984741;1650,6083984375;1656,0084228515625;1716;
360,491;2,090780735015869;1644,962646484375;1690,9451904296875;1716;
360,492;2,788123607635498;1640,19384765625;1605,1563720703125;1716;
360,493;2,064631700515747;1637,4013671875;1561,37939453125;1716;
360,494;2,1465766429901123;1649,193359375;1565,4454345703125;1716;
360,495;2,0916993618011475;1642,4344482421875;1658,29248046875;1716;
360,496;2,0329487323760986;1639,35498046875;1717,517333984375;1716;
360,497;2,149564743041992;1628,805419921875;1592,4000244140625;1716;
360,498;2,053790807723999;1647,21630859375;1676,7950439453125;1716;
360,499;2,830869674682617;1657,1495361328125;1719,974365234375;1716;
360,5;2,0570425987243652;1652,309814453125;1794,4210205078125;1716;
360,501;2,0916993618011475;1644,400146484375;1649,1934814453125;1716;
360,502;2,7681219577789307;1639,634521484375;1581,923828125;1716;
360,503;2,0460236072540283;1653,446044921875;1669,8084716796875;1716;
360,504;2,0957610607147217;1659,7232666015625;1683,8404541015625;1716;
360,505;2,7967755794525146;1647,4984130859375;1598,7528076171875;1716;
360,506;2,0718955993652344;1640,75341796875;1557,3343505859375;1716;
360,507;2,145400285720825;1641,0333251953125;1618,1185302734375;1716;
360,508;2,0732738971710205;1637,959228515625;1688,5703125;1716;
360,509;2,0281763076782227;1636,843994140625;1603,01611328125;1716;
360,51;2,0243117809295654;1646,3704833984375;1744,9376220703125;1716;
360,511;2,0597941875457764;1640,473388671875;1510,37939453125;1716;
360,512;2,0786354541778564;1653,446044921875;1760,2666015625;1716;
360,513;2,053187847137451;1628,529541015625;1518,007568359375;1716;
360,514;2,1147844791412354;1631,84521484375;1660,5828857421875;1716;
360,515;2,8038668632507324;1648,345458984375;1586,09765625;1716;
360,516;2,0329487323760986;1641,313232421875;1669,8084716796875;1716;
360,517;2,0834474563598633;1657,1495361328125;1662,8797607421875;1716;
360,518;2,7893002033233643;1645,80712890625;1717,517333984375;1716;
360,519;2,0707192420959473;1639,634521484375;1499,079833984375;1716;
360,52;2,194223642349243;1640,473388671875;1618,1185302734375;1716;
360,521;2,0928759574890137;1653,73046875;1690,9451904296875;1716;
360,522;2,038898229598999;1644,962646484375;1734,865966796875;1716;
360,523;2,038344621658325;1639,9140625;1618,1185302734375;1716;
360,524;2,0668528079986572;1639,9140625;1586,09765625;1716;
360,525;2,822094202041626;1653,446044921875;1669,8084716796875;1716;
360,526;2,0713913440704346;1644,1190185546875;1592,4000244140625;1716;
360,527;2,1474363803863525;1643,837890625;1600,881591796875;1716;
360,528;2,794048309326172;1638,517333984375;1559,354248046875;1716;
360,529;2,044847249984741;1652,026123046875;1656,0084228515625;1716;
360,53;2,109250783920288;1644,962646484375;1567,486328125;1716;
360,531;2,088991641998291;1639,9140625;1665,182861328125;1716;
360,532;2,064631700515747;1636,843994140625;1588,1929931640625;1716;
360,533;2,1465766429901123;1639,634521484375;1615,943603515625;1716;
360,534;2,0916993618011475;1652,8779296875;1686,2020263671875;1716;
360,535;2,807903289794922;1644,1190185546875;1603,01611328125;1716;
360,536;2,0314273834228516;1639,35498046875;1615,943603515625;1716;
360,537;2,0597941875457764;1649,193359375;1565,4454345703125;1716;
360,538;2,8309192657470703;1642,4344482421875;1658,29248046875;1716;
360,539;2,066499948501587;1639,07568359375;1715,067138671875;1716;
360,54;2,1399645805358887;1644,1190185546875;1719,974365234375;1716;
360,541;2,0685253143310547;1654,86865234375;1613,774658203125;1716;
360,542;2,0519728660583496;1660,5830078125;1686,2020263671875;1716;
360,543;2,098113775253296;1653,161865234375;1653,7305908203125;1716;
360,544;2,0477871894836426;1628,529541015625;1586,09765625;1716;
360,545;2,0779831409454346;1646,934326171875;1672,130859375;1716;
360,546;2,0917093753814697;1643,276123046875;1615,943603515625;1716;
360,547;2,0916993618011475;1654,5838623046875;1686,2020263671875;1716;
360,548;2,8353469371795654;1660,86962890625;1732,3660888671875;1716;
360,549;2,026406764984131;1631,291748046875;1615,943603515625;1716;
360,55;2,1011765003204346;1636,2872314453125;1581,923828125;1716;
360,551;2,823256015777588;1650,891845703125;1667,4925537109375;1716;
360,552;2,0653235912323;1642,4344482421875;1592,4000244140625;1716;
360,553;2,1399645805358887;1642,9954833984375;1600,881591796875;1716;
360,554;2,069701910018921;1654,0147705078125;1681,4854736328125;1716;
360,555;2,0507965087890625;1660,296142578125;1722,4384765625;1716;
360,556;2,0361902713775635;1645,2440185546875;1658,29248046875;1716;
360,557;2,066974401473999;1640,19384765625;1590,2938232421875;1716;
360,558;2,8011436462402344;1636,843994140625;1553,3101806640625;1716;
360,559;2,0856120586395264;1653,161865234375;1626,876953125;1716;
360,56;2,213623285293579;1644,400146484375;1693,326904296875;1716;
360,561;2,799147605895996;1640,19384765625;1605,1563720703125;1716;
360,562;2,0323758125305176;1637,4013671875;1561,37939453125;1716;
360,563;2,0668528079986572;1657,1495361328125;1622,48583984375;1716;
360,564;2,8049583435058594;1646,088623046875;1567,486328125;1716;
360,565;2,0653235912323;1640,75341796875;1665,182861328125;1716;
360,566;2,12225604057312;1645,525390625;1727,3880615234375;1716;
360,567;2,7854061126708984;1639,35498046875;1615,943603515625;1716;
360,568;2,062694787979126;1668,360107421875;1829,9271240234375;1716;
360,569;2,1530940532684326;1660,0096435546875;1653,7305908203125;1716;
360,57;2,8160266876220703;1647,78076171875;1712,6240234375;1716;
360,571;2,088981866836548;1656,864013671875;1609,4539794921875;1716;
360,572;2,08069109916687;1647,78076171875;1676,7950439453125;1716;
360,573;2,085557460784912;1657,1495361328125;1719,974365234375;1716;
360,574;2,807903289794922;1646,3704833984375;1750,017578125;1716;
360,575;2,0492453575134277;1656,29345703125;1626,876953125;1716;
360,576;2,0718014240264893;1655,1533203125;1551,305908203125;1716;
360,577;2,907484531402588;1661,443359375;1651,4588623046875;1716;
360,578;2,060432195663452;1632,953369140625;1584,0079345703125;1716;
360,579;2,1399645805358887;1629,357177734375;1656,0084228515625;1716;
360,58;2,7681219577789307;1647,4984130859375;1710,1878662109375;1716;
360,581;2,0519728660583496;1657,1495361328125;1737,3729248046875;1716;
360,582;2,0957610607147217;1659,1505126953125;1649,1934814453125;1716;
360,583;2,065797805786133;1647,21630859375;1586,09765625;1716;
360,584;2,090158224105835;1656,29345703125;1672,130859375;1716;
360,585;2,097806692123413;1661,73046875;1717,517333984375;1716;
360,586;2,121079444885254;1652,026123046875;1794,4210205078125;1716;
360,587;2,809079647064209;1643,837890625;1649,1934814453125;1716;
360,588;2,0480687618255615;1654,86865234375;1707,7586669921875;1716;
360,589;2,123811960220337;1652,5938720703125;1553,3101806640625;1716;
360,59;2,8320460319519043;1660,0096435546875;1651,4588623046875;1716;
360,591;2,0713913440704346;1647,78076171875;1584,0079345703125;1716;
360,592;2,1273746490478516;1640,473388671875;1732,3660888671875;1716;
360,593;2,7865824699401855;1636,5655517578125;1618,1185302734375;1716;
360,594;2,044847249984741;1650,891845703125;1688,5703125;1716;
360,595;2,0302510261535645;1659,7232666015625;1681,4854736328125;1716;
360,596;2,0609707832336426;1647,4984130859375;1600,881591796875;1716;
360,597;2,0707192420959473;1641,0333251953125;1559,354248046875;1716;
360,598;2,151715040206909;1657,1495361328125;1624,678466796875;1716;
360,599;2,0928759574890137;1646,088623046875;1690,9451904296875;1716;
360,6;2,799147605895996;1640,75341796875;1605,1563720703125;1716;
360,601;2,0243117809295654;1648,0631103515625;1744,9376220703125;1716;
360,602;2,0609707832336426;1641,313232421875;1510,37939453125;1716;
360,603;2,830869674682617;1654,0147705078125;1760,2666015625;1716;
360,604;2,0713913440704346;1644,400146484375;1633,50830078125;1716;
360,605;2,1285512447357178;1647,21630859375;1727,3880615234375;1716;
360,606;2,8113324642181396;1656,00830078125;1615,943603515625;1716;
360,607;2,038898229598999;1644,962646484375;1686,2020263671875;1716;
360,608;2,090780735015869;1658,0064697265625;1717,517333984375;1716;
360,609;2,0417838096618652;1646,65234375;1747,473876953125;1716;
360,61;2,088981866836548;1656,29345703125;1624,678466796875;1716;
360,611;2,08069109916687;1645,80712890625;1567,486328125;1716;
360,612;2,085557460784912;1672,130615234375;1824,3734130859375;1716;
360,613;2,8166589736938477;1652,8779296875;1799,7935791015625;1716;
360,614;2,045490026473999;1642,9954833984375;1646,934326171875;1716;
360,615;2,0778048038482666;1654,0147705078125;1541,361572265625;1716;
360,616;2,830869674682617;1660,296142578125;1644,681396484375;1716;
360,617;2,0725677013397217;1647,78076171875;1581,923828125;1716;
360,618;2,1462597846984863;1647,21630859375;1760,2666015625;1716;
360,619;2,802690267562866;1640,75341796875;1516,0933837890625;1716;
360,62;2,0460236072540283;1653,73046875;1765,4361572265625;1716;
360,621;2,0957610607147217;1654,5838623046875;1620,29931640625;1716;
360,622;2,0477871894836426;1629,909423828125;1571,5843505859375;1716;
360,623;2,0779831409454346;1648,345458984375;1543,3402099609375;1716;
360,624;2,200538396835327;1652,026123046875;1717,517333984375;1716;
360,625;2,0916993618011475;1659,7232666015625;1739,8873291015625;1716;
360,626;2,040074586868286;1647,78076171875;1760,2666015625;1716;
360,627;2,0480687618255615;1657,4351806640625;1631,291748046875;1716;
360,628;2,053790807723999;1642,1539306640625;1551,305908203125;1716;
360,629;2,8320460319519043;1654,86865234375;1651,4588623046875;1716;
360,63;2,0713913440704346;1645,2440185546875;1710,1878662109375;1716;
360,631;2,1639888286590576;1643,837890625;1603,01611328125;1716;
360,632;2,914351224899292;1654,5838623046875;1681,4854736328125;1716;
360,633;2,0507965087890625;1660,5830078125;1722,4384765625;1716;
360,634;2,0957610607147217;1653,73046875;1653,7305908203125;1716;
360,635;2,066974401473999;1644,400146484375;1586,09765625;1716;
360,636;2,088981866836548;1654,5838623046875;1672,130859375;1716;
360,637;2,151715040206909;1637,4013671875;1561,37939453125;1716;
360,638;2,0928759574890137;1652,026123046875;1656,0084228515625;1716;
360,639;2,0507965087890625;1659,7232666015625;1712,6240234375;1716;
360,64;2,0361902713775635;1640,19384765625;1665,182861328125;1716;
360,641;2,078981399536133;1636,5655517578125;1478,7972412109375;1716;
360,642;2,0774590969085693;1650,891845703125;1739,8873291015625;1716;
360,643;2,074099063873291;1642,7149658203125;1810,6357421875;1716;
360,644;2,1051597595214844;1635,174560546875;1656,0084228515625;1716;
360,645;2,062220335006714;1666,3369140625;1710,1878662109375;1716;
360,646;2,0567455291748047;1666,6256103515625;1737,3729248046875;1716;
360,647;2,1030941009521484;1661,443359375;1651,4588623046875;1716;
360,648;2,773172616958618;1648,0631103515625;1710,1878662109375;1716;
360,649;2,0707192420959473;1640,75341796875;1497,2130126953125;1716;
360,65;2,1465766429901123;1639,07568359375;1633,50830078125;1716;
360,651;2,0732738971710205;1668,6494140625;1841,1363525390625;1716;
360,652;2,0507965087890625;1656,864013671875;1755,127197265625;1716;
360,653;2,0314273834228516;1637,122802734375;1600,881591796875;1716;
360,654;2,0597941875457764;1660,86962890625;1635,730712890625;1716;
360,655;2,0747413635253906;1651,742431640625;1656,0084228515625;1716;
360,656;2,075275421142578;1651,458740234375;1620,29931640625;1716;
360,657;2,7535622119903564;1662,879638671875;1786,4219970703125;1716;
360,658;2,7393198013305664;1636,5655517578125;1598,7528076171875;1716;
360,659;2,0547003746032715;1652,026123046875;1640,19384765625;1716;
360,66;2,077683687210083;1663,167236328125;1658,29248046875;1716;
360,661;2,740663766860962;1652,8779296875;1669,8084716796875;1716;
360,662;2,096245765686035;1663,454833984375;1669,8084716796875;1716;
360,663;2,145400285720825;1637,4013671875;1596,6295166015625;1716;
360,664;2,751415729522705;1655,72314453125;1768,032470703125;1716;
360,665;2,057922124862671;1664,6064453125;1719,974365234375;1716;
360,666;2,0834474563598633;1636,843994140625;1549,3067626953125;1716;
360,667;2,7531354427337646;1670,96875;1737,3729248046875;1716;
360,668;2,084703207015991;1656,00830078125;1577,771728515625;1716;
360,669;2,061943769454956;1655,438232421875;1752,568603515625;1716;
360,67;2,7646284103393555;1664,3184814453125;1712,6240234375;1716;
360,671;2,0335521697998047;1636,843994140625;1565,4454345703125;1716;
360,672;2,0535240173339844;1661,443359375;1672,130859375;1716;
360,673;2,053790807723999;1652,026123046875;1674,459716796875;1716;
360,674;2,7544727325439453;1631,291748046875;1553,3101806640625;1716;
360,675;2,0828940868377686;1652,309814453125;1739,8873291015625;1716;
360,676;2,1101250648498535;1650,6083984375;1551,305908203125;1716;
360,677;2,748535633087158;1646,65234375;1609,4539794921875;1716;
360,678;2,0686440467834473;1676,502685546875;1778,494140625;1716;
360,679;2,0957610607147217;1631,84521484375;1613,774658203125;1716;
360,68;2,7543118000030518;1652,5938720703125;1642,4345703125;1716;
360,681;2,089594602584839;1663,74267578125;1658,29248046875;1716;
360,682;2,061943769454956;1656,29345703125;1752,568603515625;1716;
360,683;2,7658050060272217;1664,89453125;1712,6240234375;1716;
360,684;2,0323758125305176;1636,843994140625;1565,4454345703125;1716;
360,685;2,113529682159424;1668,939208984375;1649,1934814453125;1716;
360,686;2,0729777812957764;1655,438232421875;1662,8797607421875;1716;
360,687;2,7537479400634766;1648,91064453125;1672,130859375;1716;
360,688;2,092332124710083;1665,1827392578125;1786,4219970703125;1716;
360,689;2,099017858505249;1637,959228515625;1598,7528076171875;1716;
360,69;2,7817742824554443;1656,29345703125;1768,032470703125;1716;
360,691;2,0540080070495605;1663,74267578125;1658,29248046875;1716;
360,692;2,0727813243865967;1637,122802734375;1547,3128662109375;1716;
360,693;2,1011569499969482;1671,259033203125;1737,3729248046875;1716;
360,694;2,083526849746704;1656,578857421875;1577,771728515625;1716;
360,695;2,12225604057312;1656,00830078125;1752,568603515625;1716;
360,696;2,7821595668792725;1664,89453125;1712,6240234375;1716;
360,697;2,0323758125305176;1637,122802734375;1565,4454345703125;1716;
360,698;2,114706039428711;1661,443359375;1672,130859375;1716;
360,699;2,761629104614258;1652,026123046875;1551,305908203125;1716;
360,7;2,059255838394165;1631,568359375;1611,611328125;1716;
360,701;2,141141176223755;1665,47119140625;1722,4384765625;1716;
360,702;2,1101250648498535;1637,6802978515625;1571,5843505859375;1716;
360,703;2,7817742824554443;1656,00830078125;1755,127197265625;1716;
360,704;2,1154074668884277;1657,1495361328125;1579,8450927734375;1716;
360,705;2,0417838096618652;1634,3408203125;1629,081298828125;1716;
360,706;2,1011569499969482;1670,09814453125;1649,1934814453125;1716;
360,707;2,084703207015991;1656,29345703125;1662,8797607421875;1716;
360,708;2,1037235260009766;1655,72314453125;1615,943603515625;1716;
360,709;2,0567455291748047;1664,89453125;1783,7716064453125;1716;
360,71;2,0335521697998047;1637,122802734375;1596,6295166015625;1716;
360,711;2,1497044563293457;1659,4368896484375;1705,3363037109375;1716;
360,712;2,7876343727111816;1666,914306640625;1690,9451904296875;1716;
360,713;2,084703207015991;1654,5838623046875;1686,2020263671875;1716;
360,714;2,13366961479187;1665,1827392578125;1778,494140625;1716;
360,715;2,7506794929504395;1637,4013671875;1482,4439697265625;1716;
360,716;2,0519728660583496;1656,00830078125;1695,715087890625;1716;
360,717;2,1142311096191406;1664,3184814453125;1674,459716796875;1716;
360,718;2,0417838096618652;1637,4013671875;1676,7950439453125;1716;
360,719;2,1023333072662354;1671,259033203125;1816,1058349609375;1716;
360,72;2,151715040206909;1652,8779296875;1658,29248046875;1716;
360,721;2,079415798187256;1663,454833984375;1807,912841796875;1716;
360,722;2,063871145248413;1668,6494140625;1739,8873291015625;1716;
360,723;2,0302510261535645;1639,07568359375;1577,771728515625;1716;
360,724;2,0477871894836426;1675,334716796875;1802,4918212890625;1716;
360,725;2,7802231311798096;1658,578369140625;1607,30224609375;1716;
360,726;2,061943769454956;1634,3408203125;1523,779541015625;1716;
360,727;2,116266965866089;1683,545654296875;1737,3729248046875;1716;
360,728;2,757632255554199;1646,088623046875;1577,771728515625;1716;
360,729;2,0416059494018555;1643,55712890625;1624,678466796875;1716;
360,73;2,065797805786133;1658,864501953125;1727,3880615234375;1716;
360,731;2,0429601669311523;1634,3408203125;1575,7039794921875;1716;
360,732;2,1011569499969482;1669,808349609375;1755,127197265625;1716;
360,733;2,151715040206909;1644,962646484375;1565,4454345703125;1716;
360,734;2,677328109741211;1659,7232666015625;1747,473876953125;1716;
360,735;2,0567455291748047;1666,914306640625;1710,1878662109375;1716;
360,736;2,089604377746582;1649,193359375;1674,459716796875;1716;
360,737;2,7543118000030518;1677,08740234375;1813,3665771484375;1716;
360,738;2,083526849746704;1659,1505126953125;1609,4539794921875;1716;
360,739;2,1399645805358887;1656,00830078125;1605,1563720703125;1716;
360,74;2,1113016605377197;1665,1827392578125;1640,19384765625;1716;
360,741;2,0323758125305176;1637,959228515625;1535,4560546875;1716;
360,742;2,132059097290039;1661,443359375;1681,4854736328125;1716;
360,743;2,08498477935791;1652,309814453125;1557,3343505859375;1716;
360,744;2,0713913440704346;1647,21630859375;1613,774658203125;1716;
360,745;2,086254119873047;1670,38818359375;1821,609130859375;1716;
360,746;2,099017858505249;1640,19384765625;1611,611328125;1716;
360,747;2,7559814453125;1641,313232421875;1642,4345703125;1716;
360,748;2,0480687618255615;1657,4351806640625;1722,4384765625;1716;
360,749;2,0429601669311523;1654,5838623046875;1700,51220703125;1716;
360,75;2,79310941696167;1664,030517578125;1686,2020263671875;1716;
360,751;2,0956623554229736;1669,228759765625;1681,4854736328125;1716;
360,752;2,1285512447357178;1659,7232666015625;1698,1102294921875;1716;
360,753;2,7821595668792725;1667,203369140625;1686,2020263671875;1716;
360,754;2,038344621658325;1638,79638671875;1555,319580078125;1716;
360,755;2,114706039428711;1672,42138671875;1816,1058349609375;1716;
360,756;2,761629104614258;1657,4351806640625;1611,611328125;1716;
360,757;2,0774590969085693;1649,75927734375;1642,4345703125;1716;
360,758;2,153731346130371;1669,228759765625;1672,130859375;1716;
360,759;2,7337708473205566;1639,634521484375;1551,305908203125;1716;
360,76;2,0507965087890625;1656,864013671875;1739,8873291015625;1716;
360,761;2,1154074668884277;1667,781494140625;1674,459716796875;1716;
360,762;2,0597941875457764;1655,1533203125;1676,7950439453125;1716;
360,763;2,095069408416748;1664,3184814453125;1674,459716796875;1716;
360,764;2,1655211448669434;1639,07568359375;1484,274169921875;1716;
360,765;2,085557460784912;1656,29345703125;1695,715087890625;1716;
360,766;2,0745930671691895;1681,19140625;1829,9271240234375;1716;
360,767;2,0373666286468506;1637,4013671875;1613,774658203125;1716;
360,768;2,065797805786133;1671,259033203125;1778,494140625;1716;
360,769;2,1017301082611084;1673,00341796875;1724,90966796875;1716;
360,77;2,0691978931427;1641,87353515625;1737,3729248046875;1716;
360,771;2,122408866882324;1681,4853515625;1705,3363037109375;1716;
360,772;2,756455659866333;1645,525390625;1565,4454345703125;1716;
360,773;2,149789333343506;1670,09814453125;1712,6240234375;1716;
360,774;2,0718014240264893;1656,29345703125;1662,8797607421875;1716;
360,775;2,7623062133789062;1649,476318359375;1672,130859375;1716;
360,776;2,105663776397705;1677,965087890625;1813,3665771484375;1716;
360,777;2,103983163833618;1637,959228515625;1539,3880615234375;1716;
360,778;2,7817742824554443;1656,29345703125;1732,3660888671875;1716;
360,779;2,073002338409424;1681,4853515625;1603,01611328125;1716;
360,78;2,0957610607147217;1649,193359375;1640,19384765625;1716;
360,781;2,8103244304656982;1677,3797607421875;1794,4210205078125;1716;
360,782;2,084703207015991;1659,4368896484375;1732,3660888671875;1716;
360,783;2,1399645805358887;1655,72314453125;1603,01611328125;1716;
360,784;2,807863712310791;1681,19140625;1775,8671875;1716;
360,785;2,045490026473999;1644,962646484375;1594,5120849609375;1716;
360,786;2,113529682159424;1652,026123046875;1642,4345703125;1716;
360,787;2,761629104614258;1662,879638671875;1658,29248046875;1716;
360,788;2,0786354541778564;1652,5938720703125;1667,4925537109375;1716;
360,789;2,1894261837005615;1665,1827392578125;1649,1934814453125;1716;
360,79;2,1101250648498535;1637,959228515625;1541,361572265625;1716;
360,791;2,0519728660583496;1656,29345703125;1732,3660888671875;1716;
360,792;2,1327013969421387;1648,6279296875;1545,323974609375;1716;
360,793;2,053790807723999;1645,525390625;1609,4539794921875;1716;
360,794;2,1084208488464355;1675,334716796875;1775,8671875;1716;
360,795;2,0917093753814697;1638,238037109375;1667,4925537109375;1716;
360,796;2,121079444885254;1656,00830078125;1813,3665771484375;1716;
360,797;2,057922124862671;1664,89453125;1611,611328125;1716;
360,798;2,0323758125305176;1637,122802734375;1521,850830078125;1716;
360,799;2,065797805786133;1677,3797607421875;1679,136962890625;1716;
360,8;2,7802231311798096;1659,4368896484375;1676,7950439453125;1716;
360,801;2,080176591873169;1663,454833984375;1615,943603515625;1716;
360,802;2,152554988861084;1668,6494140625;1783,7716064453125;1716;
360,803;2,7349472045898438;1639,07568359375;1596,6295166015625;1716;
360,804;2,0507965087890625;1656,864013671875;1633,50830078125;1716;
360,805;2,1142311096191406;1667,203369140625;1690,9451904296875;1716;
360,806;2,0429601669311523;1638,79638671875;1561,37939453125;1716;
360,807;2,088981866836548;1656,00830078125;1744,9376220703125;1716;
360,808;2,139085292816162;1653,446044921875;1690,9451904296875;1716;
360,809;2,7400317192077637;1664,030517578125;1683,8404541015625;1716;
360,81;2,0805423259735107;1685,3155517578125;1821,609130859375;1716;
360,811;2,1563491821289062;1650,6083984375;1607,30224609375;1716;
360,812;2,054967164993286;1662,017578125;1773,2479248046875;1716;
360,813;2,0956623554229736;1667,781494140625;1722,4384765625;1716;
360,814;2,068021297454834;1654,0147705078125;1737,3729248046875;1716;
360,815;2,7658050060272217;1680,016845703125;1705,3363037109375;1716;
360,816;2,756455659866333;1644,681396484375;1563,4097900390625;1716;
360,817;2,113529682159424;1678,2579345703125;1717,517333984375;1716;
360,818;2,0729777812957764;1660,296142578125;1695,715087890625;1716;
360,819;2,7623062133789062;1651,458740234375;1688,5703125;1716;
360,82;2,152554988861084;1673,2943115234375;1702,9207763671875;1716;
360,821;2,117443561553955;1657,1495361328125;1563,4097900390625;1716;
360,822;2,790372133255005;1665,759521484375;1618,1185302734375;1716;
360,823;2,0599474906921387;1669,808349609375;1786,4219970703125;1716;
360,824;2,090780735015869;1648,0631103515625;1744,9376220703125;1716;
360,825;2,79310941696167;1661,443359375;1707,7586669921875;1716;
360,826;2,0956623554229736;1668,6494140625;1690,9451904296875;1716;
360,827;2,1474363803863525;1656,29345703125;1603,01611328125;1716;
360,828;2,0567455291748047;1664,89453125;1637,959228515625;1716;
360,829;2,0502824783325195;1652,5938720703125;1653,7305908203125;1716;
360,83;2,120882511138916;1659,7232666015625;1658,29248046875;1716;
360,831;2,8400356769561768;1650,891845703125;1545,323974609375;1716;
360,832;2,0713913440704346;1646,65234375;1609,4539794921875;1716;
360,833;2,1474363803863525;1667,492431640625;1724,90966796875;1716;
360,834;2,7506794929504395;1638,79638671875;1573,6414794921875;1716;
360,835;2,0507965087890625;1656,864013671875;1620,29931640625;1716;
360,836;2,1154074668884277;1661,443359375;1609,4539794921875;1716;
360,837;2,7364883422851562;1651,742431640625;1644,681396484375;1716;
360,838;2,095069408416748;1662,304931640625;1658,29248046875;1716;
360,839;2,1465766429901123;1647,21630859375;1609,4539794921875;1716;
360,84;2,0916993618011475;1660,86962890625;1775,8671875;1716;
360,841;2,0567455291748047;1667,492431640625;1724,90966796875;1716;
360,842;2,090780735015869;1655,438232421875;1672,130859375;1716;
360,843;2,065797805786133;1664,89453125;1672,130859375;1716;
360,844;2,0956623554229736;1670,09814453125;1672,130859375;1716;
360,845;2,0691978931427;1664,89453125;1770,63623046875;1716;
360,846;2,103983163833618;1686,4976806640625;1875,6038818359375;1716;
360,847;2,756455659866333;1647,78076171875;1631,291748046875;1716;
360,848;2,0427823066711426;1672,42138671875;1768,032470703125;1716;
360,849;2,065797805786133;1673,58544921875;1719,974365234375;1716;
360,85;2,083526849746704;1658,0064697265625;1700,51220703125;1716;
360,851;2,09350848197937;1680,6038818359375;1775,8671875;1716;
360,852;2,116266965866089;1644,962646484375;1482,4439697265625;1716;
360,853;2,7817742824554443;1660,0096435546875;1695,715087890625;1716;
360,854;2,133877754211426;1665,759521484375;1553,3101806640625;1716;
360,855;2,1686558723449707;1638,517333984375;1613,774658203125;1716;
360,856;2,8017168045043945;1672,130615234375;1778,494140625;1716;
360,857;2,1029064655303955;1673,2943115234375;1594,5120849609375;1716;
360,858;2,1273746490478516;1660,296142578125;1773,2479248046875;1716;
360,859;2,0745930671691895;1683,2509765625;1722,4384765625;1716;
360,86;2,027583122253418;1630,185791015625;1571,5843505859375;1716;
360,861;2,119582414627075;1677,965087890625;1712,6240234375;1716;
360,862;2,7790465354919434;1660,0096435546875;1567,486328125;1716;
360,863;2,081352949142456;1651,17529296875;1770,63623046875;1716;
360,864;2,1404402256011963;1675,042724609375;1722,4384765625;1716;
360,865;2,759133815765381;1642,1539306640625;1571,5843505859375;1716;
360,866;2,0519728660583496;1658,578369140625;1620,29931640625;1716;
360,867;2,0718014240264893;1661,156494140625;1609,4539794921875;1716;
360,868;2,7364883422851562;1651,458740234375;1644,681396484375;1716;
360,869;2,096245765686035;1662,304931640625;1658,29248046875;1716;
360,87;2,145400285720825;1647,21630859375;1607,30224609375;1716;
360,871;2,0916993618011475;1660,86962890625;1775,8671875;1716;
360,872;2,0757696628570557;1683,84033203125;1875,6038818359375;1716;
360,873;2,0957610607147217;1654,86865234375;1605,1563720703125;1716;
360,874;2,761629104614258;1680,8975830078125;1773,2479248046875;1716;
360,875;2,1029064655303955;1677,965087890625;1722,4384765625;1716;
360,876;2,074099063873291;1656,29345703125;1737,3729248046875;1716;
360,877;2,7731025218963623;1681,19140625;1705,3363037109375;1716;
360,878;2,045490026473999;1644,962646484375;1563,4097900390625;1716;
360,879;2,113529682159424;1678,2579345703125;1717,517333984375;1716;
360,88;2,0718014240264893;1660,296142578125;1695,715087890625;1716;
360,881;2,0786354541778564;1651,458740234375;1688,5703125;1716;
360,882;2,152554988861084;1673,2943115234375;1702,9207763671875;1716;
360,883;2,116266965866089;1657,1495361328125;1563,4097900390625;1716;
360,884;2,0716092586517334;1665,759521484375;1615,943603515625;1716;
360,885;2,1203877925872803;1660,86962890625;1611,611328125;1716;
360,886;2,065797805786133;1651,458740234375;1644,681396484375;1716;
360,887;2,096245765686035;1662,304931640625;1658,29248046875;1716;
360,888;2,145400285720825;1652,026123046875;1609,4539794921875;1716;
360,889;2,0916993618011475;1660,86962890625;1775,8671875;1716;
360,89;2,057922124862671;1667,492431640625;1724,90966796875;1716;
360,891;2,0302510261535645;1638,79638671875;1571,5843505859375;1716;
360,892;2,065797805786133;1680,8975830078125;1810,6357421875;1716;
360,893;2,1029064655303955;1677,965087890625;1739,8873291015625;1716;
360,894;2,086254119873047;1664,6064453125;1605,1563720703125;1716;
360,895;2,1101250648498535;1686,201904296875;1778,494140625;1716;
360,896;2,757632255554199;1647,78076171875;1482,4439697265625;1716;
360,897;2,0581142902374268;1661,73046875;1698,1102294921875;1716;
360,898;2,0778048038482666;1666,048095703125;1674,459716796875;1716;
360,899;2,060432195663452;1637,959228515625;1553,3101806640625;1716;
360,9;2,098409652709961;1685,3155517578125;1818,8533935546875;1716;
360,901;2,122408866882324;1663,167236328125;1611,611328125;1716;
360,902;2,77435302734375;1652,5938720703125;1640,19384765625;1716;
360,903;2,0718259811401367;1678,2579345703125;1729,8734130859375;1716;
360,904;2,053790807723999;1660,296142578125;1705,3363037109375;1716;
360,905;2,794285774230957;1666,914306640625;1688,5703125;1716;
360,906;2,1584556102752686;1670,96875;1681,4854736328125;1716;
360,907;2,1273746490478516;1660,296142578125;1695,715087890625;1716;
360,908;2,0757696628570557;1683,84033203125;1832,716552734375;1716;
360,909;2,044313669204712;1646,3704833984375;1615,943603515625;1716;
360,91;2,089690685272217;1671,840087890625;1642,4345703125;1716;
360,911;2,8059864044189453;1673,2943115234375;1658,29248046875;1716;
360,912;2,083526849746704;1657,7208251953125;1669,8084716796875;1716;
360,913;2,1285507678985596;1682,9564208984375;1789,08056640625;1716;
360,914;2,79909348487854;1645,80712890625;1486,1087646484375;1716;
360,915;2,0507965087890625;1660,296142578125;1575,7039794921875;1716;
360,916;2,0898118019104004;1670,38818359375;1698,1102294921875;1716;
360,917;2,683168649673462;1639,9140625;1563,4097900390625;1716;
360,918;2,1072442531585693;1672,71240234375;1747,473876953125;1716;
360,919;2,2295374870300293;1657,4351806640625;1629,081298828125;1716;
360,92;2,685663938522339;1649,193359375;1651,4588623046875;1716;
360,921;2,0658867359161377;1677,08740234375;1802,4918212890625;1716;
360,922;2,108074426651001;1649,193359375;1629,081298828125;1716;
360,923;2,8115007877349854;1677,67236328125;1786,4219970703125;1716;
360,924;2,1017301082611084;1676,21044921875;1729,8734130859375;1716;
360,925;2,1462597846984863;1659,4368896484375;1607,30224609375;1716;
360,926;2,809040069580078;1683,545654296875;1778,494140625;1716;
360,927;2,044313669204712;1646,3704833984375;1482,4439697265625;1716;
360,928;2,113529682159424;1656,864013671875;1674,459716796875;1716;
360,929;2,7882871627807617;1665,1827392578125;1551,305908203125;1716;
360,93;2,059255838394165;1637,4013671875;1611,611328125;1716;
360,931;2,1588499546051025;1674,7510986328125;1727,3880615234375;1716;
360,932;2,1235852241516113;1641,87353515625;1573,6414794921875;1716;
360,933;2,0507965087890625;1658,0064697265625;1622,48583984375;1716;
360,934;2,1142311096191406;1678,2579345703125;1739,8873291015625;1716;
360,935;2,066974401473999;1644,1190185546875;1581,923828125;1716;
360,936;2,1072442531585693;1675,042724609375;1757,693115234375;1716;
360,937;2,151715040206909;1647,4984130859375;1567,486328125;1716;
360,938;2,748535633087158;1660,86962890625;1618,1185302734375;1716;
360,939;2,0745930671691895;1683,84033203125;1783,7716064453125;1716;
360,94;2,0957610607147217;1651,458740234375;1624,678466796875;1716;
360,941;2,7797932624816895;1662,304931640625;1646,934326171875;1716;
360,942;2,0956623554229736;1668,0706787109375;1660,5828857421875;1716;
360,943;2,1980245113372803;1658,0064697265625;1620,29931640625;1716;
360,944;2,7827529907226562;1665,47119140625;1646,934326171875;1716;
360,945;2,0502824783325195;1652,8779296875;1537,4195556640625;1716;
360,946;2,1060190200805664;1674,1680908203125;1760,2666015625;1716;
360,947;2,096992015838623;1658,0064697265625;1590,2938232421875;1716;
360,948;2,6909356117248535;1634,063232421875;1631,291748046875;1716;
360,949;2,1777350902557373;1683,84033203125;1712,6240234375;1716;
360,95;2,1113016605377197;1646,65234375;1567,486328125;1716;
360,951;2,0686440467834473;1676,794921875;1750,017578125;1716;
360,952;2,12654447555542;1661,156494140625;1665,182861328125;1716;
360,953;2,054967164993286;1651,742431640625;1672,130859375;1716;
360,954;2,1072442531585693;1678,84375;1813,3665771484375;1716;
360,955;2,0917093753814697;1654,0147705078125;1660,5828857421875;1716;
360,956;2,099017858505249;1664,3184814453125;1665,182861328125;1716;
360,957;2,0805423259735107;1685,906494140625;1813,3665771484375;1716;
360,958;2,0361902713775635;1655,438232421875;1672,130859375;1716;
360,959;2,0729777812957764;1664,3184814453125;1672,130859375;1716;
360,96;2,0956623554229736;1669,228759765625;1549,3067626953125;1716;
360,961;2,068021297454834;1639,634521484375;1611,611328125;1716;
360,962;2,7742791175842285;1667,203369140625;1660,5828857421875;1716;
360,963;2,693930149078369;1638,238037109375;1545,323974609375;1716;
360,964;2,0535240173339844;1682,073486328125;1829,9271240234375;1716;
360,965;2,0909883975982666;1662,017578125;1618,1185302734375;1716;
360,966;2,7623062133789062;1652,309814453125;1649,1934814453125;1716;
360,967;2,092332124710083;1687,6812744140625;1810,6357421875;1716;
360,968;2,117443561553955;1648,345458984375;1493,4932861328125;1716;
360,969;2,790372133255005;1661,443359375;1702,9207763671875;1716;
360,97;2,138857841491699;1684,13525390625;1832,716552734375;1716;
360,971;2,1733615398406982;1639,9140625;1613,774658203125;1716;
360,972;2,1072442531585693;1672,71240234375;1642,4345703125;1716;
360,973;2,1017301082611084;1673,58544921875;1658,29248046875;1716;
360,974;2,165165424346924;1658,578369140625;1620,29931640625;1716;
360,975;2,0567455291748047;1666,3369140625;1646,934326171875;1716;
360,976;2,0421295166015625;1652,026123046875;1644,681396484375;1716;
360,977;2,197906732559204;1662,879638671875;1658,29248046875;1716;
360,978;2,098015069961548;1668,939208984375;1665,182861328125;1716;
360,979;2,083526849746704;1655,72314453125;1672,130859375;1716;
360,98;2,1171836853027344;1684,4300537109375;1838,3212890625;1716;
360,981;2,702300548553467;1646,65234375;1618,1185302734375;1716;
360,982;2,0686440467834473;1677,08740234375;1783,7716064453125;1716;
360,983;2,08498477935791;1673,876708984375;1658,29248046875;1716;
360,984;2,769099473953247;1658,0064697265625;1669,8084716796875;1716;
360,985;2,1133317947387695;1682,073486328125;1810,6357421875;1716;
360,986;2,1235852241516113;1653,446044921875;1539,3880615234375;1716;
360,987;2,86185622215271;1663,74267578125;1603,01611328125;1716;
360,988;2,0805423259735107;1685,0203857421875;1775,8671875;1716;
360,989;2,1003518104553223;1640,19384765625;1557,3343505859375;1716;
360,99;2,8003432750701904;1656,578857421875;1611,611328125;1716;
360,991;2,097806692123413;1665,47119140625;1642,4345703125;1716;
360,992;2,158806085586548;1649,193359375;1561,37939453125;1716;
360,993;2,799295663833618;1677,67236328125;1750,017578125;1716;
360,994;2,0698890686035156;1659,1505126953125;1584,0079345703125;1716;
360,995;2,108529567718506;1666,048095703125;1794,4210205078125;1716;
360,996;2,79622220993042;1670,09814453125;1600,881591796875;1716;
360,997;2,0653235912323;1640,473388671875;1523,779541015625;1716;
360,998;2,1842432022094727;1685,0203857421875;1722,4384765625;1716;
360,999;2,797917127609253;1646,934326171875;1571,5843505859375;1716;
361;2,0567455291748047;1660,86962890625;1755,127197265625;1716;
361,001;2,0909883975982666;1666,048095703125;1584,0079345703125;1716;
361,002;2,053790807723999;1638,238037109375;1629,081298828125;1716;
361,003;2,1011569499969482;1672,130615234375;1649,1934814453125;1716;
361,004;2,165165424346924;1646,3704833984375;1626,876953125;1716;
361,005;2,747359037399292;1676,502685546875;1786,4219970703125;1716;
361,006;2,0686440467834473;1675,334716796875;1729,8734130859375;1716;
361,007;2,096937417984009;1659,7232666015625;1669,8084716796875;1716;
361,008;2,7967755794525146;1683,2509765625;1810,6357421875;1716;
361,009;2,1017301082611084;1678,84375;1607,30224609375;1716;
361,01;2,1474363803863525;1660,296142578125;1575,7039794921875;1716;
361,011;2,799952745437622;1683,545654296875;1760,2666015625;1716;
361,012;2,044313669204712;1646,088623046875;1586,09765625;1716;
361,013;2,133235454559326;1673,00341796875;1747,473876953125;1716;
361,014;2,804098606109619;1673,58544921875;1584,0079345703125;1716;
361,015;2,0653235912323;1641,593505859375;1629,081298828125;1716;
361,016;2,1969618797302246;1667,492431640625;1586,09765625;1716;
361,017;2,7506794929504395;1654,29931640625;1626,876953125;1716;
361,018;2,0567455291748047;1664,3184814453125;1651,4588623046875;1716;
361,019;2,096992015838623;1660,86962890625;1588,1929931640625;1716;
361,02;2,0718014240264893;1651,742431640625;1633,50830078125;1716;
361,021;2,1072442531585693;1679,1368408203125;1789,08056640625;1716;
361,022;2,1718358993530273;1644,681396484375;1543,3402099609375;1716;
361,023;2,103983163833618;1659,4368896484375;1605,1563720703125;1716;
361,024;2,0745930671691895;1682,9564208984375;1640,19384765625;1716;
361,025;2,1154074668884277;1652,309814453125;1646,934326171875;1716;
361,026;2,77012300491333;1662,879638671875;1658,29248046875;1716;
361,027;2,0774590969085693;1652,309814453125;1543,3402099609375;1716;
361,028;2,153731346130371;1661,443359375;1642,4345703125;1716;
361,029;2,0833191871643066;1684,4300537109375;1799,7935791015625;1716;
361,03;2,044313669204712;1646,65234375;1603,01611328125;1716;
361,031;2,133235454559326;1665,47119140625;1644,681396484375;1716;
361,032;2,7786169052124023;1669,808349609375;1660,5828857421875;1716;
361,033;2,083526849746704;1655,72314453125;1667,4925537109375;1716;
361,034;2,172616481781006;1666,048095703125;1649,1934814453125;1716;
361,035;2,122408866882324;1654,0147705078125;1541,361572265625;1716;
361,036;2,0567455291748047;1664,3184814453125;1603,01611328125;1716;
361,037;2,1400344371795654;1670,96875;1683,8404541015625;1716;
361,038;2,0718014240264893;1640,473388671875;1557,3343505859375;1716;
361,039;2,1072442531585693;1672,71240234375;1742,40869140625;1716;
361,04;2,1718358993530273;1648,345458984375;1573,6414794921875;1716;
361,041;2,085557460784912;1661,156494140625;1752,568603515625;1716;
361,042;2,0567455291748047;1667,203369140625;1712,6240234375;1716;
361,043;2,090780735015869;1666,048095703125;1813,3665771484375;1716;
361,044;2,0778048038482666;1685,906494140625;1739,8873291015625;1716;
361,045;2,107797861099243;1680,310302734375;1707,7586669921875;1716;
361,046;2,205495834350586;1666,048095703125;1603,01611328125;1716;
361,047;2,7561542987823486;1669,808349609375;1637,959228515625;1716;
361,048;2,0562515258789062;1655,1533203125;1533,49755859375;1716;
361,049;2,120882511138916;1680,6038818359375;1835,5145263671875;1716;
361,05;2,095815658569336;1661,156494140625;1620,29931640625;1716;
361,051;2,0774590969085693;1651,17529296875;1646,934326171875;1716;
361,052;2,153731346130371;1687,9775390625;1813,3665771484375;1716;
361,053;2,116266965866089;1648,345458984375;1495,350830078125;1716;
361,054;2,0567455291748047;1661,156494140625;1702,9207763671875;1716;
361,055;2,133877754211426;1669,228759765625;1553,3101806640625;1716;
361,056;2,053790807723999;1639,35498046875;1611,611328125;1716;
361,057;2,1011569499969482;1671,549560546875;1637,959228515625;1716;
361,058;2,1718358993530273;1642,1539306640625;1575,7039794921875;1716;
361,059;2,103983163833618;1674,1680908203125;1755,127197265625;1716;
361,06;2,0686440467834473;1674,1680908203125;1715,067138671875;1716;
361,061;2,109250783920288;1660,5830078125;1679,136962890625;1716;
361,062;2,0718014240264893;1683,545654296875;1816,1058349609375;1716;
361,063;2,1017301082611084;1679,1368408203125;1742,40869140625;1716;
361,064;2,1474363803863525;1665,1827392578125;1603,01611328125;1716;
361,065;2,7561542987823486;1685,906494140625;1775,8671875;1716;
361,066;2,062220335006714;1663,167236328125;1592,4000244140625;1716;
361,067;2,127058982849121;1673,2943115234375;1744,9376220703125;1716;
361,068;2,095815658569336;1674,1680908203125;1584,0079345703125;1716;
361,069;2,068021297454834;1642,4344482421875;1629,081298828125;1716;
361,07;2,1789114475250244;1684,7252197265625;1715,067138671875;1716;
361,071;2,1101250648498535;1647,4984130859375;1569,53271484375;1716;
361,072;2,0686440467834473;1677,3797607421875;1752,568603515625;1716;
361,073;2,146191120147705;1661,443359375;1545,323974609375;1716;
361,074;2,0621471405029297;1651,742431640625;1609,4539794921875;1716;
361,075;2,1072442531585693;1678,84375;1640,19384765625;1716;
361,076;2,1718358993530273;1643,276123046875;1575,7039794921875;1716;
361,077;2,103983163833618;1659,1505126953125;1622,48583984375;1716;
361,078;2,0745930671691895;1683,2509765625;1786,4219970703125;1716;
361,079;2,1154074668884277;1644,400146484375;1525,7132568359375;1716;
361,08;2,7673757076263428;1674,7510986328125;1722,4384765625;1716;
361,081;2,1017301082611084;1674,4595947265625;1698,1102294921875;1716;
361,082;2,0691978931427;1660,86962890625;1752,568603515625;1716;
361,083;2,790050745010376;1683,2509765625;1712,6240234375;1716;
361,084;2,044313669204712;1645,525390625;1565,4454345703125;1716;
361,085;2,114706039428711;1679,429931640625;1717,517333984375;1716;
361,086;2,0898118019104004;1660,5830078125;1569,53271484375;1716;
361,087;2,0774590969085693;1651,17529296875;1620,29931640625;1716;
361,088;2,1663215160369873;1691,83740234375;1722,4384765625;1716;
361,089;2,122408866882324;1650,0421142578125;1571,5843505859375;1716;
361,09;2,082429885864258;1678,2579345703125;1752,568603515625;1716;
361,091;2,127721071243286;1662,304931640625;1665,182861328125;1716;
361,092;2,053790807723999;1652,026123046875;1672,130859375;1716;
361,093;2,1072442531585693;1678,84375;1672,130859375;1716;
361,094;2,1718358993530273;1658,0064697265625;1567,486328125;1716;
361,095;2,103983163833618;1682,6619873046875;1750,017578125;1716;
361,096;2,0686440467834473;1678,55078125;1712,6240234375;1716;
361,097;2,109250783920288;1660,296142578125;1679,136962890625;1716;
361,098;2,761629104614258;1682,9564208984375;1816,1058349609375;1716;
361,099;2,1017301082611084;1678,2579345703125;1742,40869140625;1716;
361,1;2,1474363803863525;1664,6064453125;1603,01611328125;1716;
361,101;2,812014102935791;1685,3155517578125;1637,959228515625;1716;
361,102;2,062220335006714;1663,167236328125;1656,0084228515625;1716;
361,103;2,127058982849121;1678,84375;1797,103271484375;1716;
361,104;2,795604705810547;1660,296142578125;1605,1563720703125;1716;
361,105;2,089594602584839;1667,203369140625;1640,19384765625;1716;
361,106;2,1600263118743896;1688,2738037109375;1818,8533935546875;1716;
361,107;2,122408866882324;1648,6279296875;1497,2130126953125;1716;
361,108;2,0567455291748047;1661,73046875;1705,3363037109375;1716;
361,109;2,096992015838623;1678,55078125;1611,611328125;1716;
361,11;2,681992292404175;1644,681396484375;1644,681396484375;1716;
361,111;2,1072442531585693;1675,042724609375;1656,0084228515625;1716;
361,112;2,111042022705078;1650,891845703125;1626,876953125;1716;
361,113;2,798882484436035;1678,84375;1786,4219970703125;1716;
361,114;2,0658867359161377;1676,502685546875;1732,3660888671875;1716;
361,115;2,096937417984009;1659,1505126953125;1667,4925537109375;1716;
361,116;2,817167043685913;1682,6619873046875;1669,8084716796875;1716;
361,117;2,1017301082611084;1678,84375;1672,130859375;1716;
361,118;2,1474363803863525;1682,6619873046875;1752,568603515625;1716;
361,119;2,799295663833618;1678,55078125;1712,6240234375;1716;
361,12;2,0562515258789062;1659,7232666015625;1565,4454345703125;1716;
361,121;2,120882511138916;1683,2509765625;1816,1058349609375;1716;
361,122;2,1017301082611084;1678,55078125;1742,40869140625;1716;
361,123;2,0713913440704346;1643,837890625;1584,0079345703125;1716;
361,124;2,1235852241516113;1685,61083984375;1702,9207763671875;1716;
361,125;2,7821595668792725;1663,167236328125;1563,4097900390625;1716;
361,126;2,062694787979126;1668,939208984375;1618,1185302734375;1716;
361,127;2,096992015838623;1670,09814453125;1615,943603515625;1716;
361,128;2,770864248275757;1656,00830078125;1646,934326171875;1716;
361,129;2,110564947128296;1681,19140625;1797,103271484375;1716;
361,13;2,1113016605377197;1664,3184814453125;1669,8084716796875;1716;
361,131;2,7989697456359863;1669,228759765625;1669,8084716796875;1716;
361,132;2,138857841491699;1664,030517578125;1603,01611328125;1716;
361,133;2,0729777812957764;1668,939208984375;1640,19384765625;1716;
361,134;2,8017168045043945;1670,96875;1656,0084228515625;1716;
361,135;2,1623878479003906;1672,71240234375;1665,182861328125;1716;
361,136;2,1474363803863525;1661,156494140625;1702,9207763671875;1716;
361,137;2,0745930671691895;1683,545654296875;1688,5703125;1716;
361,138;2,0361902713775635;1645,80712890625;1781,1290283203125;1716;
361,139;2,08498477935791;1682,36767578125;1724,90966796875;1716;
361,14;2,089594602584839;1662,017578125;1571,5843505859375;1716;
361,141;2,098409652709961;1679,1368408203125;1635,730712890625;1716;
361,142;2,117443561553955;1693,6248779296875;1797,103271484375;1716;
361,143;2,7106707096099854;1650,891845703125;1600,881591796875;1716;
361,144;2,077360153198242;1682,36767578125;1783,7716064453125;1716;
361,145;2,1029953956604004;1678,55078125;1598,7528076171875;1716;
361,146;2,083526849746704;1660,296142578125;1637,959228515625;1716;
361,147;2,1714401245117188;1693,0286865234375;1863,9722900390625;1716;
361,148;2,1113016605377197;1650,891845703125;1629,081298828125;1716;
361,149;2,0686440467834473;1678,84375;1786,4219970703125;1716;
361,15;2,12654447555542;1677,08740234375;1658,29248046875;1716;
361,151;2,054967164993286;1660,0096435546875;1669,8084716796875;1716;
361,152;2,1133317947387695;1683,2509765625;1669,8084716796875;1716;
361,153;2,170659303665161;1658,578369140625;1569,53271484375;1716;
361,154;2,1051597595214844;1682,9564208984375;1752,568603515625;1716;
361,155;2,0686440467834473;1678,2579345703125;1712,6240234375;1716;
361,156;2,108074426651001;1660,296142578125;1679,136962890625;1716;
361,157;2,7882871627807617;1682,9564208984375;1674,459716796875;1716;
361,158;2,1017301082611084;1678,2579345703125;1674,459716796875;1716;
361,159;2,1462597846984863;1682,9564208984375;1750,017578125;1716;
361,16;2,8929083347320557;1678,2579345703125;1712,6240234375;1716;
361,161;2,0562515258789062;1659,4368896484375;1565,4454345703125;1716;
361,162;2,11970591545105;1682,9564208984375;1816,1058349609375;1716;
361,163;2,8059864044189453;1678,55078125;1609,4539794921875;1716;
361,164;2,083526849746704;1660,0096435546875;1644,681396484375;1716;
361,165;2,1714401245117188;1688,5703125;1656,0084228515625;1716;
361,166;2,77721905708313;1648,91064453125;1543,3402099609375;1716;
361,167;2,0567455291748047;1662,304931640625;1605,1563720703125;1716;
361,168;2,095815658569336;1663,167236328125;1618,1185302734375;1716;
361,169;2,7847046852111816;1652,5938720703125;1646,934326171875;1716;
361,17;2,1072442531585693;1679,1368408203125;1797,103271484375;1716;
361,171;2,122408866882324;1664,3184814453125;1549,3067626953125;1716;
361,172;2,8001461029052734;1669,228759765625;1607,30224609375;1716;
361,173;2,077765464782715;1687,6812744140625;1640,19384765625;1716;
361,174;2,1890830993652344;1653,446044921875;1644,681396484375;1716;
361,175;2,820108413696289;1679,429931640625;1797,103271484375;1716;
361,176;2,0917093753814697;1660,5830078125;1603,01611328125;1716;
361,177;2,116266965866089;1669,808349609375;1672,130859375;1716;
361,178;2,081718921661377;1688,5703125;1674,459716796875;1716;
361,179;2,062220335006714;1664,89453125;1674,459716796875;1716;
361,18;2,0778048038482666;1671,259033203125;1653,7305908203125;1716;
361,181;2,1029064655303955;1672,71240234375;1662,8797607421875;1716;
361,182;2,086254119873047;1657,4351806640625;1707,7586669921875;1716;
361,183;2,1285507678985596;1684,13525390625;1690,9451904296875;1716;
361,184;2,703476905822754;1646,934326171875;1559,354248046875;1716;
361,185;2,073754072189331;1677,3797607421875;1722,4384765625;1716;
361,186;2,1018190383911133;1662,5921630859375;1571,5843505859375;1716;
361,187;2,789156913757324;1668,360107421875;1757,693115234375;1716;
361,188;2,098409652709961;1692,432861328125;1791,7467041015625;1716;
361,189;2,122408866882324;1650,325439453125;1600,881591796875;1716;
361,19;2,0698204040527344;1678,55078125;1770,63623046875;1716;
361,191;2,145014762878418;1677,965087890625;1598,7528076171875;1716;
361,192;2,0597941875457764;1660,0096435546875;1637,959228515625;1716;
361,193;2,1145083904266357;1682,9564208984375;1653,7305908203125;1716;
361,194;2,1580300331115723;1658,578369140625;1690,9451904296875;1716;
361,195;2,097841262817383;1666,3369140625;1683,8404541015625;1716;
361,196;2,081718921661377;1686,201904296875;1821,609130859375;1716;
361,197;2,0540080070495605;1663,167236328125;1611,611328125;1716;
361,198;2,77012300491333;1682,073486328125;1649,1934814453125;1716;
361,199;2,1029064655303955;1677,67236328125;1539,3880615234375;1716;
361,2;2,203906774520874;1681,4853515625;1791,7467041015625;1716;
361,201;2,1285507678985596;1677,67236328125;1732,3660888671875;1716;
361,202;2,0373666286468506;1660,0096435546875;1667,4925537109375;1716;
361,203;2,132059097290039;1682,9564208984375;1669,8084716796875;1716;
361,204;2,7786169052124023;1678,55078125;1672,130859375;1716;
361,205;2,084703207015991;1660,0096435546875;1674,459716796875;1716;
361,206;2,1714401245117188;1678,2579345703125;1712,6240234375;1716;
361,207;2,122408866882324;1659,7232666015625;1567,486328125;1716;
361,208;2,0757696628570557;1683,2509765625;1750,017578125;1716;
361,209;2,12654447555542;1678,84375;1674,459716796875;1716;
361,21;2,698584794998169;1660,296142578125;1676,7950439453125;1716;
361,211;2,1145083904266357;1683,2509765625;1674,459716796875;1716;
361,212;2,122408866882324;1660,0096435546875;1567,486328125;1716;
361,213;2,816164970397949;1683,545654296875;1750,017578125;1716;
361,214;2,0698204040527344;1678,84375;1712,6240234375;1716;
361,215;2,108074426651001;1660,296142578125;1676,7950439453125;1716;
361,216;2,818932056427002;1683,2509765625;1674,459716796875;1716;
361,217;2,1029064655303955;1678,84375;1674,459716796875;1716;
361,218;2,1462597846984863;1683,2509765625;1747,473876953125;1716;
361,219;2,799295663833618;1678,2579345703125;1710,1878662109375;1716;
361,22;2,0574278831481934;1659,1505126953125;1565,4454345703125;1716;
361,221;2,0898118019104004;1682,36767578125;1674,459716796875;1716;
361,222;2,1017301082611084;1678,2579345703125;1674,459716796875;1716;
361,223;2,087430715560913;1683,2509765625;1750,017578125;1716;
361,224;2,1285507678985596;1695,416259765625;1863,9722900390625;1716;
361,225;2,7907276153564453;1668,0706787109375;1629,081298828125;1716;
361,226;2,0666186809539795;1671,549560546875;1775,8671875;1716;
361,227;2,095815658569336;1678,84375;1594,5120849609375;1716;
361,228;2,7244961261749268;1660,296142578125;1635,730712890625;1716;
361,229;2,172616481781006;1692,1351318359375;1722,4384765625;1716;
361,23;2,122408866882324;1650,325439453125;1571,5843505859375;1716;
361,231;2,0686440467834473;1678,55078125;1752,568603515625;1716;
361,232;2,127721071243286;1678,84375;1674,459716796875;1716;
361,233;2,065797805786133;1660,296142578125;1676,7950439453125;1716;
361,234;2,1133317947387695;1682,9564208984375;1672,130859375;1716;
361,235;2,1718358993530273;1668,360107421875;1629,081298828125;1716;
361,236;2,7094948291778564;1687,9775390625;1786,4219970703125;1716;
361,237;2,0745930671691895;1681,19140625;1729,8734130859375;1716;
361,238;2,096937417984009;1660,86962890625;1672,130859375;1716;
361,239;2,7786169052124023;1683,545654296875;1672,130859375;1716;
361,24;2,1017301082611084;1679,1368408203125;1674,459716796875;1716;
361,241;2,1474363803863525;1682,6619873046875;1750,017578125;1716;
361,242;2,8249998092651367;1695,117431640625;1863,9722900390625;1716;
361,243;2,0681893825531006;1667,781494140625;1629,081298828125;1716;
361,244;2,1455883979797363;1682,9564208984375;1640,19384765625;1716;
361,245;2,804810047149658;1678,55078125;1658,29248046875;1716;
361,246;2,1017301082611084;1676,502685546875;1810,6357421875;1716;
361,247;2,1420109272003174;1691,539794921875;1789,08056640625;1716;
361,248;2,7821595668792725;1666,3369140625;1598,7528076171875;1716;
361,249;2,0805423259735107;1686,79345703125;1770,63623046875;1716;
361,25;2,108999013900757;1670,678466796875;1539,3880615234375;1716;
361,251;2,7244961261749268;1656,29345703125;1607,30224609375;1716;
361,252;2,1903252601623535;1697,810546875;1773,2479248046875;1716;
361,253;2,135869026184082;1658,578369140625;1635,730712890625;1716;
361,254;2,0745930671691895;1682,6619873046875;1794,4210205078125;1716;
361,255;2,0658867359161377;1677,965087890625;1732,3660888671875;1716;
361,256;2,066974401473999;1668,360107421875;1802,4918212890625;1716;
361,257;2,1194193363189697;1687,38525390625;1734,865966796875;1716;
361,258;2,176974296569824;1680,6038818359375;1577,771728515625;1716;
361,259;2,1113016605377197;1685,906494140625;1770,63623046875;1716;
361,26;2,092440605163574;1696,911865234375;1872,682373046875;1716;
361,261;2,0421295166015625;1673,00341796875;1737,3729248046875;1716;
361,262;2,0909883975982666;1689,7568359375;1702,9207763671875;1716;
361,263;2,107797861099243;1682,073486328125;1688,5703125;1716;
361,264;2,092332124710083;1674,7510986328125;1737,3729248046875;1716;
361,265;2,1113016605377197;1673,876708984375;1705,3363037109375;1716;
361,266;2,0562515258789062;1657,1495361328125;1563,4097900390625;1716;
361,267;2,138235330581665;1681,19140625;1674,459716796875;1716;
361,268;2,7797932624816895;1677,965087890625;1674,459716796875;1716;
361,269;2,0807993412017822;1659,7232666015625;1674,459716796875;1716;
361,27;2,1714401245117188;1678,55078125;1715,067138671875;1716;
361,271;2,1235852241516113;1659,7232666015625;1569,53271484375;1716;
361,272;2,077360153198242;1683,2509765625;1674,459716796875;1716;
361,273;2,12654447555542;1679,1368408203125;1674,459716796875;1716;
361,274;2,066974401473999;1660,5830078125;1676,7950439453125;1716;
361,275;2,1133317947387695;1683,2509765625;1674,459716796875;1716;
361,276;2,242478609085083;1660,0096435546875;1567,486328125;1716;
361,277;2,8173413276672363;1683,545654296875;1750,017578125;1716;
361,278;2,0709969997406006;1678,84375;1712,6240234375;1716;
361,279;2,108074426651001;1660,296142578125;1676,7950439453125;1716;
361,28;2,820108413696289;1683,2509765625;1674,459716796875;1716;
361,281;2,1017301082611084;1678,84375;1674,459716796875;1716;
361,282;2,1462597846984863;1683,2509765625;1747,473876953125;1716;
361,283;2,8004720211029053;1678,2579345703125;1710,1878662109375;1716;
361,284;2,0562515258789062;1659,1505126953125;1565,4454345703125;1716;
361,285;2,0898118019104004;1682,36767578125;1674,459716796875;1716;
361,286;2,1029064655303955;1677,965087890625;1549,3067626953125;1716;
361,287;2,104487180709839;1675,91845703125;1742,40869140625;1716;
361,288;2,140834331512451;1680,6038818359375;1662,8797607421875;1716;
361,289;2,0574278831481934;1660,5830078125;1667,4925537109375;1716;
361,29;2,144412040710449;1676,21044921875;1676,7950439453125;1716;
361,291;2,083808422088623;1675,62646484375;1676,7950439453125;1716;
361,292;2,1029064655303955;1675,042724609375;1676,7950439453125;1716;
361,293;2,1651451587677;1691,83740234375;1821,609130859375;1716;
361,294;2,122408866882324;1666,6256103515625;1611,611328125;1716;
361,295;2,063871145248413;1670,678466796875;1640,19384765625;1716;
361,296;2,138857841491699;1674,7510986328125;1567,486328125;1716;
361,297;2,053790807723999;1674,7510986328125;1755,127197265625;1716;
361,298;2,1084208488464355;1674,1680908203125;1712,6240234375;1716;
361,299;2,134692668914795;1650,6083984375;1487,9481201171875;1716;
361,3;2,7178304195404053;1678,55078125;1700,51220703125;1716;
361,301;2,087667942047119;1692,730712890625;1688,5703125;1716;
361,302;2,1142311096191406;1660,5830078125;1644,681396484375;1716;
361,303;2,922388792037964;1683,545654296875;1658,29248046875;1716;
361,304;2,1029064655303955;1679,1368408203125;1667,4925537109375;1716;
361,305;2,152554988861084;1672,130615234375;1778,494140625;1716;
361,306;2,816431760787964;1689,7568359375;1724,90966796875;1716;
361,307;2,063396692276001;1665,759521484375;1700,51220703125;1716;
361,308;2,0778048038482666;1700,511962890625;1786,4219970703125;1716;
361,309;2,0956623554229736;1671,259033203125;1600,881591796875;1716;
361,31;2,1029064655303955;1673,2943115234375;1637,959228515625;1716;
361,311;2,134692668914795;1688,86669921875;1676,7950439453125;1716;
361,312;2,7274115085601807;1665,47119140625;1674,459716796875;1716;
361,313;2,0666186809539795;1688,5703125;1791,7467041015625;1716;
361,314;2,095815658569336;1681,4853515625;1732,3660888671875;1716;
361,315;2,098972797393799;1677,67236328125;1705,3363037109375;1716;
361,316;2,185206651687622;1687,9775390625;1642,4345703125;1716;
361,317;2,1285507678985596;1664,6064453125;1537,4195556640625;1716;
361,318;2,062694787979126;1669,5185546875;1600,881591796875;1716;
361,319;2,120884656906128;1679,429931640625;1620,29931640625;1716;
361,32;2,083808422088623;1660,5830078125;1649,1934814453125;1716;
361,321;2,1133317947387695;1683,2509765625;1799,7935791015625;1716;
361,322;2,2330667972564697;1657,7208251953125;1600,881591796875;1716;
361,323;2,103983163833618;1666,3369140625;1635,730712890625;1716;
361,324;2,0983898639678955;1703,52392578125;1794,4210205078125;1716;
361,325;2,109250783920288;1660,5830078125;1640,19384765625;1716;
361,326;2,818932056427002;1683,2509765625;1794,4210205078125;1716;
361,327;2,1017301082611084;1678,84375;1732,3660888671875;1716;
361,328;2,1474363803863525;1676,794921875;1734,865966796875;1716;
361,329;2,8249998092651367;1691,83740234375;1705,3363037109375;1716;
361,33;2,062220335006714;1666,048095703125;1563,4097900390625;1716;
361,331;2,096992015838623;1683,545654296875;1676,7950439453125;1716;
361,332;2,107797861099243;1679,429931640625;1676,7950439453125;1716;
361,333;2,089594602584839;1660,86962890625;1679,136962890625;1716;
361,334;2,1297271251678467;1679,429931640625;1712,6240234375;1716;
361,335;2,719041109085083;1660,296142578125;1567,486328125;1716;
361,336;2,077360153198242;1682,6619873046875;1669,8084716796875;1716;
361,337;2,08498477935791;1678,2579345703125;1672,130859375;1716;
361,338;2,7244961261749268;1659,7232666015625;1553,3101806640625;1716;
361,339;2,1903252601623535;1690,64794921875;1679,136962890625;1716;
361,34;2,135869026184082;1665,759521484375;1553,3101806640625;1716;
361,341;2,062694787979126;1669,808349609375;1739,8873291015625;1716;
361,342;2,1573281288146973;1663,167236328125;1549,3067626953125;1716;
361,343;2,066974401473999;1668,360107421875;1742,40869140625;1716;
361,344;2,1194193363189697;1686,79345703125;1705,3363037109375;1716;
361,345;2,176974296569824;1650,891845703125;1605,1563720703125;1716;
361,346;2,7106711864471436;1678,55078125;1775,8671875;1716;
361,347;2,086491584777832;1692,730712890625;1724,90966796875;1716;
361,348;2,1019177436828613;1677,08740234375;1775,8671875;1716;
361,349;2,08498477935791;1692,432861328125;1722,4384765625;1716;
361,35;2,107797861099243;1683,545654296875;1695,715087890625;1716;
361,351;2,152554988861084;1687,6812744140625;1770,63623046875;1716;
361,352;2,8347442150115967;1697,5107421875;1722,4384765625;1716;
361,353;2,0681893825531006;1668,939208984375;1698,1102294921875;1716;
361,354;2,125882625579834;1699,910888671875;1786,4219970703125;1716;
361,355;2,797398805618286;1670,678466796875;1600,881591796875;1716;
361,356;2,1017301082611084;1672,71240234375;1637,959228515625;1716;
361,357;2,134692668914795;1688,86669921875;1676,7950439453125;1716;
361,358;2,063396692276001;1665,47119140625;1674,459716796875;1716;
361,359;2,0654420852661133;1688,5703125;1791,7467041015625;1716;
361,36;2,095815658569336;1681,4853515625;1732,3660888671875;1716;
361,361;2,734062671661377;1661,156494140625;1577,771728515625;1716;
361,362;2,1714401245117188;1704,731689453125;1858,210205078125;1716;
361,363;2,122408866882324;1672,71240234375;1626,876953125;1716;
361,364;2,0698204040527344;1673,58544921875;1651,4588623046875;1716;
361,365;2,138857841491699;1687,08935546875;1729,8734130859375;1716;
361,366;2,0597941875457764;1664,6064453125;1705,3363037109375;1716;
361,367;2,120595693588257;1685,906494140625;1688,5703125;1716;
361,368;2,176974296569824;1667,203369140625;1565,4454345703125;1716;
361,369;2,1101250648498535;1687,38525390625;1750,017578125;1716;
361,37;2,0757696628570557;1680,6038818359375;1712,6240234375;1716;
361,371;2,108074426651001;1660,296142578125;1679,136962890625;1716;
361,372;2,7871108055114746;1682,9564208984375;1674,459716796875;1716;
361,373;2,1029064655303955;1678,2579345703125;1674,459716796875;1716;
361,374;2,1462597846984863;1691,539794921875;1827,14599609375;1716;
361,375;2,092440605163574;1699,010009765625;1747,473876953125;1716;
361,376;2,0693657398223877;1669,5185546875;1581,923828125;1716;
361,377;2,0778048038482666;1693,3267822265625;1715,067138671875;1716;
361,378;2,107797861099243;1683,84033203125;1693,326904296875;1716;
361,379;2,090770959854126;1662,879638671875;1563,4097900390625;1716;
361,38;2,134692668914795;1696,911865234375;1722,4384765625;1716;
361,381;2,0681893825531006;1668,360107421875;1569,53271484375;1716;
361,382;2,0666186809539795;1696,0140380859375;1752,568603515625;1716;
361,383;2,095815658569336;1685,0203857421875;1712,6240234375;1716;
361,384;2,7328860759735107;1662,879638671875;1693,326904296875;1716;
361,385;2,1915016174316406;1687,9775390625;1646,934326171875;1716;
361,386;2,134692668914795;1664,3184814453125;1539,3880615234375;1716;
361,387;2,0805423259735107;1685,61083984375;1732,3660888671875;1716;
361,388;2,1523478031158447;1679,723388671875;1683,8404541015625;1716;
361,389;2,0778048038482666;1660,5830078125;1681,4854736328125;1716;
361,39;2,115684747695923;1683,2509765625;1676,7950439453125;1716;
361,391;2,1842432022094727;1677,3797607421875;1690,9451904296875;1716;
361,392;2,833360195159912;1692,730712890625;1681,4854736328125;1716;
361,393;2,092440605163574;1700,21142578125;1821,609130859375;1716;
361,394;2,1215641498565674;1662,5921630859375;1613,774658203125;1716;
361,395;2,1194193363189697;1684,4300537109375;1778,494140625;1716;
361,396;2,1017301082611084;1679,1368408203125;1594,5120849609375;1716;
361,397;2,1235852241516113;1677,965087890625;1620,29931640625;1716;
361,398;2,086491584777832;1692,432861328125;1786,4219970703125;1716;
361,399;2,122443437576294;1666,3369140625;1596,6295166015625;1716;
361,4;2,096992015838623;1684,13525390625;1747,473876953125;1716;
361,401;2,1260011196136475;1696,0140380859375;1710,1878662109375;1716;
361,402;2,080176591873169;1652,5938720703125;1752,568603515625;1716;
361,403;2,1481525897979736;1689,163330078125;1712,6240234375;1716;
361,404;2,062220335006714;1664,6064453125;1565,4454345703125;1716;
361,405;2,125882625579834;1701,113525390625;1827,14599609375;1716;
361,406;2,841212272644043;1687,38525390625;1747,473876953125;1716;
361,407;2,089594602584839;1664,030517578125;1712,6240234375;1716;
361,408;2,1777350902557373;1696,0140380859375;1702,9207763671875;1716;
361,409;2,77721905708313;1668,0706787109375;1563,4097900390625;1716;
361,41;2,0805423259735107;1687,6812744140625;1747,473876953125;1716;
361,411;2,095694065093994;1678,84375;1676,7950439453125;1716;
361,412;2,0729777812957764;1660,5830078125;1679,136962890625;1716;
361,413;2,110564947128296;1696,0140380859375;1861,0867919921875;1716;
361,414;2,122408866882324;1668,6494140625;1626,876953125;1716;
361,415;2,825939178466797;1687,9775390625;1649,1934814453125;1716;
361,416;2,153968334197998;1697,5107421875;1805,1982421875;1716;
361,417;2,06567645072937;1678,84375;1755,127197265625;1716;
361,418;2,8115007877349854;1676,502685546875;1712,6240234375;1716;
361,419;2,1896040439605713;1692,432861328125;1693,326904296875;1716;
361,42;2,1101250648498535;1687,38525390625;1773,2479248046875;1716;
361,421;2,0936169624328613;1696,911865234375;1722,4384765625;1716;
361,422;2,1203877925872803;1668,6494140625;1629,081298828125;1716;
361,423;2,0778048038482666;1699,910888671875;1786,4219970703125;1716;
361,424;2,115041971206665;1686,79345703125;1729,8734130859375;1716;
361,425;2,1714401245117188;1669,228759765625;1611,611328125;1716;
361,426;2,8421356678009033;1705,0338134765625;1781,1290283203125;1716;
361,427;2,0753345489501953;1672,71240234375;1596,6295166015625;1716;
361,428;2,132059097290039;1684,7252197265625;1797,103271484375;1716;
361,429;2,8133976459503174;1679,723388671875;1603,01611328125;1716;
361,43;2,090770959854126;1661,156494140625;1640,19384765625;1716;
361,431;2,134692668914795;1695,117431640625;1722,4384765625;1716;
361,432;2,7079532146453857;1651,742431640625;1571,5843505859375;1716;
361,433;2,0757696628570557;1679,429931640625;1622,48583984375;1716;
361,434;2,1018190383911133;1682,6619873046875;1577,771728515625;1716;
361,435;2,7965385913848877;1678,2579345703125;1760,2666015625;1716;
361,436;2,105663776397705;1696,6124267578125;1791,7467041015625;1716;
361,437;2,122408866882324;1652,309814453125;1600,881591796875;1716;
361,438;2,816164970397949;1679,723388671875;1635,730712890625;1716;
361,439;2,146191120147705;1690,945068359375;1693,326904296875;1716;
361,44;2,0718014240264893;1666,048095703125;1561,37939453125;1716;
361,441;2,1194193363189697;1685,906494140625;1744,9376220703125;1716;
361,442;2,1970951557159424;1668,6494140625;1571,5843505859375;1716;
361,443;2,116266965866089;1671,549560546875;1620,29931640625;1716;
361,444;2,0805423259735107;1689,163330078125;1646,934326171875;1716;
361,445;2,1154074668884277;1657,4351806640625;1649,1934814453125;1716;
361,446;2,897407054901123;1681,7794189453125;1799,7935791015625;1716;
361,447;2,1017301082611084;1677,965087890625;1734,865966796875;1716;
361,448;2,1663215160369873;1686,201904296875;1739,8873291015625;1716;
361,449;2,8335678577423096;1696,6124267578125;1707,7586669921875;1716;
361,45;2,0681893825531006;1668,360107421875;1563,4097900390625;1716;
361,451;2,096992015838623;1684,4300537109375;1676,7950439453125;1716;
361,452;2,107797861099243;1679,723388671875;1676,7950439453125;1716;
361,453;2,089594602584839;1660,86962890625;1679,136962890625;1716;
361,454;2,1297271251678467;1679,429931640625;1712,6240234375;1716;
361,455;2,799295663833618;1676,502685546875;1690,9451904296875;1716;
361,456;2,089278221130371;1699,310302734375;1739,8873291015625;1716;
361,457;2,108999013900757;1686,4976806640625;1581,923828125;1716;
361,458;2,7328860759735107;1663,74267578125;1629,081298828125;1716;
361,459;2,1903252601623535;1688,86669921875;1715,067138671875;1716;
361,46;2,117443561553955;1664,89453125;1693,326904296875;1716;
361,461;2,0805423259735107;1685,906494140625;1681,4854736328125;1716;
361,462;2,1609599590301514;1673,876708984375;1603,01611328125;1716;
361,463;2,078981399536133;1674,1680908203125;1640,19384765625;1716;
361,464;2,1194193363189697;1690,0537109375;1794,4210205078125;1716;
361,465;2,1285507678985596;1664,89453125;1551,305908203125;1716;
361,466;2,782550573348999;1669,5185546875;1609,4539794921875;1716;
361,467;2,160134792327881;1705,0338134765625;1778,494140625;1716;
361,468;2,1444664001464844;1662,304931640625;1646,934326171875;1716;
361,469;2,831068754196167;1684,13525390625;1797,103271484375;1716;
361,47;2,1017301082611084;1678,84375;1603,01611328125;1716;
361,471;2,2210476398468018;1682,073486328125;1770,63623046875;1716;
361,472;2,826176166534424;1694,52001953125;1722,4384765625;1716;
361,473;2,0421295166015625;1676,502685546875;1813,3665771484375;1716;
361,474;2,083808422088623;1691,242431640625;1739,8873291015625;1716;
361,475;2,1089742183685303;1682,36767578125;1577,771728515625;1716;
361,476;2,221027374267578;1687,08935546875;1635,730712890625;1716;
361,477;2,122408866882324;1697,5107421875;1797,103271484375;1716;
361,478;2,7118473052978516;1652,8779296875;1600,881591796875;1716;
361,479;2,138235330581665;1674,7510986328125;1712,6240234375;1716;
361,48;2,804098606109619;1691,242431640625;1690,9451904296875;1716;
361,481;2,090770959854126;1666,3369140625;1561,37939453125;1716;
361,482;2,1777350902557373;1697,211181640625;1722,4384765625;1716;
361,483;2,1469762325286865;1668,6494140625;1571,5843505859375;1716;
361,484;2,0666186809539795;1696,0140380859375;1750,017578125;1716;
361,485;2,095815658569336;1685,3155517578125;1712,6240234375;1716;
361,486;2,7328860759735107;1663,74267578125;1698,1102294921875;1716;
361,487;2,1327710151672363;1702,0166015625;1827,14599609375;1716;
361,488;2,134692668914795;1673,00341796875;1596,6295166015625;1716;
361,489;2,8075673580169678;1673,876708984375;1633,50830078125;1716;
361,49;2,1585044860839844;1706,849365234375;1791,7467041015625;1716;
361,491;2,065797805786133;1660,5830078125;1640,19384765625;1716;
361,492;2,818932056427002;1683,545654296875;1656,0084228515625;1716;
361,493;2,1718358993530273;1668,0706787109375;1695,715087890625;1716;
361,494;2,122408866882324;1687,6812744140625;1683,8404541015625;1716;
361,495;2,0745930671691895;1680,6038818359375;1679,136962890625;1716;
361,496;2,127721071243286;1678,55078125;1676,7950439453125;1716;
361,497;2,083808422088623;1675,91845703125;1674,459716796875;1716;
361,498;2,1199333667755127;1691,539794921875;1672,130859375;1716;
361,499;2,153731346130371;1678,55078125;1778,494140625;1716;
361,5;2,8249998092651367;1693,0286865234375;1724,90966796875;1716;
361,501;2,062220335006714;1666,6256103515625;1571,5843505859375;1716;
361,502;2,127058982849121;1704,731689453125;1824,3734130859375;1716;
361,503;2,8219854831695557;1689,4599609375;1613,774658203125;1716;
361,504;2,089594602584839;1665,47119140625;1646,934326171875;1716;
361,505;2,135869026184082;1707,758544921875;1797,103271484375;1716;
361,506;2,719041109085083;1658,0064697265625;1603,01611328125;1716;
361,507;2,077360153198242;1683,84033203125;1653,7305908203125;1716;
361,508;2,1029953956604004;1679,1368408203125;1665,182861328125;1716;
361,509;2,7244961261749268;1660,0096435546875;1549,3067626953125;1716;
361,51;2,1903252601623535;1699,610595703125;1618,1185302734375;1716;
361,511;2,135869026184082;1677,08740234375;1644,681396484375;1716;
361,512;2,0686440467834473;1675,91845703125;1658,29248046875;1716;
361,513;2,145014762878418;1684,4300537109375;1679,136962890625;1716;
361,514;2,0909883975982666;1663,167236328125;1555,319580078125;1716;
361,515;2,1194193363189697;1684,7252197265625;1742,40869140625;1716;
361,516;2,1469762325286865;1667,203369140625;1573,6414794921875;1716;
361,517;2,099017858505249;1670,678466796875;1755,127197265625;1716;
361,518;2,0983898639678955;1705,638671875;1863,9722900390625;1716;
361,519;2,12654447555542;1663,74267578125;1631,291748046875;1716;
361,52;2,845931053161621;1702,31787109375;1789,08056640625;1716;
361,521;2,113865613937378;1688,5703125;1729,8734130859375;1716;
361,522;2,152554988861084;1678,55078125;1734,865966796875;1716;
361,523;2,826176166534424;1692,730712890625;1705,3363037109375;1716;
361,524;2,062220335006714;1666,6256103515625;1563,4097900390625;1716;
361,525;2,095815658569336;1700,21142578125;1818,8533935546875;1716;
361,526;2,115041971206665;1687,38525390625;1611,611328125;1716;
361,527;2,092332124710083;1664,6064453125;1644,681396484375;1716;
361,528;2,1469762325286865;1698,1102294921875;1712,6240234375;1716;
361,529;2,0693657398223877;1669,5185546875;1690,9451904296875;1716;
361,53;2,144412040710449;1707,15234375;1794,4210205078125;1716;
361,531;2,1078224182128906;1674,1680908203125;1603,01611328125;1716;
361,532;2,1029064655303955;1673,876708984375;1637,959228515625;1716;
361,533;2,1777350902557373;1688,86669921875;1674,459716796875;1716;
361,534;2,7760424613952637;1664,6064453125;1551,305908203125;1716;
361,535;2,063871145248413;1669,228759765625;1609,4539794921875;1716;
361,536;2,113826036453247;1683,2509765625;1615,943603515625;1716;
361,537;2,0868570804595947;1662,5921630859375;1646,934326171875;1716;
361,538;2,120595693588257;1684,4300537109375;1658,29248046875;1716;
361,539;2,1285507678985596;1653,446044921875;1571,5843505859375;1716;
361,54;2,0745930671691895;1680,310302734375;1620,29931640625;1716;
361,541;2,146191120147705;1693,6248779296875;1581,923828125;1716;
361,542;2,0718014240264893;1662,5921630859375;1629,081298828125;1716;
361,543;2,1194193363189697;1684,13525390625;1786,4219970703125;1716;
361,544;2,1718358993530273;1668,939208984375;1698,1102294921875;1716;
361,545;2,122408866882324;1687,9775390625;1683,8404541015625;1716;
361,546;2,092440605163574;1697,211181640625;1679,136962890625;1716;
361,547;2,1215641498565674;1674,1680908203125;1637,959228515625;1716;
361,548;2,759133815765381;1690,0537109375;1791,7467041015625;1716;
361,549;2,107797861099243;1682,36767578125;1732,3660888671875;1716;
361,55;2,1663215160369873;1686,4976806640625;1742,40869140625;1716;
361,551;2,8335678577423096;1696,911865234375;1707,7586669921875;1716;
361,552;2,0681893825531006;1668,6494140625;1563,4097900390625;1716;
361,553;2,096992015838623;1684,7252197265625;1676,7950439453125;1716;
361,554;2,8133976459503174;1679,429931640625;1551,305908203125;1716;
361,555;2,1017301082611084;1677,08740234375;1744,9376220703125;1716;
361,556;2,1420109272003174;1698,7100830078125;1805,1982421875;1716;
361,557;2,7106707096099854;1653,446044921875;1605,1563720703125;1716;
361,558;2,194117784500122;1680,310302734375;1640,19384765625;1716;
361,559;2,8052752017974854;1691,539794921875;1688,5703125;1716;
361,56;2,089594602584839;1666,3369140625;1559,354248046875;1716;
361,561;2,1777350902557373;1697,5107421875;1724,90966796875;1716;
361,562;2,1481525897979736;1669,228759765625;1573,6414794921875;1716;
361,563;2,062694787979126;1672,130615234375;1755,127197265625;1716;
361,564;2,113826036453247;1685,906494140625;1586,09765625;1716;
361,565;2,7246499061584473;1664,030517578125;1631,291748046875;1716;
361,566;2,128797769546509;1702,0166015625;1789,08056640625;1716;
361,567;2,134692668914795;1658,0064697265625;1605,1563720703125;1716;
361,568;2,8173413276672363;1682,6619873046875;1773,2479248046875;1716;
361,569;2,2128963470458984;1712,01416015625;1875,6038818359375;1716;
361,57;2,10579776763916;1677,67236328125;1739,8873291015625;1716;
361,571;2,8373234272003174;1692,432861328125;1705,3363037109375;1716;
361,572;2,187528610229492;1700,812744140625;1690,9451904296875;1716;
361,573;2,116266965866089;1680,016845703125;1700,51220703125;1716;
361,574;2,087667942047119;1693,6248779296875;1688,5703125;1716;
361,575;2,1142311096191406;1661,443359375;1644,681396484375;1716;
361,576;2,095815658569336;1700,21142578125;1797,103271484375;1716;
361,577;2,115041971206665;1687,38525390625;1734,865966796875;1716;
361,578;2,1714401245117188;1672,130615234375;1611,611328125;1716;
361,579;2,798524856567383;1689,7568359375;1642,4345703125;1716;
361,58;2,063396692276001;1665,1827392578125;1535,4560546875;1716;
361,581;2,1485772132873535;1684,7252197265625;1693,326904296875;1716;
361,582;2,8133976459503174;1679,429931640625;1559,354248046875;1716;
361,583;2,084703207015991;1660,5830078125;1618,1185302734375;1716;
361,584;2,1469762325286865;1700,21142578125;1729,8734130859375;1716;
361,585;2,719041109085083;1654,5838623046875;1575,7039794921875;1716;
361,586;2,0757696628570557;1681,4853515625;1624,678466796875;1716;
361,587;2,804098606109619;1684,7252197265625;1695,715087890625;1716;
361,588;2,8050966262817383;1679,429931640625;1686,2020263671875;1716;
361,589;2,185206651687622;1697,5107421875;1656,0084228515625;1716;
361,59;2,1285507678985596;1668,939208984375;1662,8797607421875;1716;
361,591;2,752265453338623;1671,840087890625;1667,4925537109375;1716;
361,592;2,115002393722534;1679,723388671875;1605,1563720703125;1716;
361,593;2,083808422088623;1677,3797607421875;1642,4345703125;1716;
361,594;2,125507116317749;1692,1351318359375;1794,4210205078125;1716;
361,595;2,132080078125;1658,29248046875;1603,01611328125;1716;
361,596;2,816164970397949;1682,6619873046875;1770,63623046875;1716;
361,597;2,104339122772217;1711,70947265625;1872,682373046875;1716;
361,598;2,109250783920288;1676,794921875;1739,8873291015625;1716;
361,599;2,836146831512451;1691,539794921875;1705,3363037109375;1716;
361,6;2,187528610229492;1699,610595703125;1690,9451904296875;1716;
361,601;2,1233255863189697;1687,9775390625;1775,8671875;1716;
361,602;2,092440605163574;1697,810546875;1724,90966796875;1716;
361,603;2,1203877925872803;1669,5185546875;1571,5843505859375;1716;
361,604;2,08498477935791;1705,638671875;1827,14599609375;1716;
361,605;2,1017301082611084;1673,58544921875;1613,774658203125;1716;
361,606;2,1462597846984863;1658,0064697265625;1644,681396484375;1716;
361,607;2,8433122634887695;1706,2437744140625;1816,1058349609375;1716;
361,608;2,074158191680908;1673,2943115234375;1609,4539794921875;1716;
361,609;2,144412040710449;1692,1351318359375;1656,0084228515625;1716;
361,61;2,8337366580963135;1683,2509765625;1543,3402099609375;1716;
361,611;2,115515947341919;1678,84375;1739,8873291015625;1716;
361,612;2,2295706272125244;1679,429931640625;1665,182861328125;1716;
361,613;2,720217704772949;1660,296142578125;1667,4925537109375;1716;
361,614;2,0805423259735107;1684,4300537109375;1672,130859375;1716;
361,615;2,1078224182128906;1692,432861328125;1674,459716796875;1716;
361,616;2,734062671661377;1666,914306640625;1553,3101806640625;1716;
361,617;2,1777350902557373;1686,79345703125;1724,90966796875;1716;
361,618;2,1469762325286865;1666,914306640625;1573,6414794921875;1716;
361,619;2,063871145248413;1670,38818359375;1620,29931640625;1716;
361,62;2,1573281288146973;1689,163330078125;1615,943603515625;1716;
361,621;2,083808422088623;1664,89453125;1644,681396484375;1716;
361,622;2,120595693588257;1685,3155517578125;1658,29248046875;1716;
361,623;2,176974296569824;1653,73046875;1571,5843505859375;1716;
361,624;2,1101250648498535;1680,6038818359375;1752,568603515625;1716;
361,625;2,087667942047119;1693,923095703125;1712,6240234375;1716;
361,626;2,1142311096191406;1680,8975830078125;1781,1290283203125;1716;
361,627;2,836146831512451;1693,6248779296875;1724,90966796875;1716;
361,628;2,115041971206665;1684,13525390625;1700,51220703125;1716;
361,629;2,1285507678985596;1688,2738037109375;1631,291748046875;1716;
361,63;2,8335678577423096;1697,810546875;1653,7305908203125;1716;
361,631;2,0693657398223877;1669,228759765625;1541,361572265625;1716;
361,632;2,095815658569336;1688,2738037109375;1690,9451904296875;1716;
361,633;2,107797861099243;1681,4853515625;1683,8404541015625;1716;
361,634;2,094877243041992;1661,443359375;1750,017578125;1716;
361,635;2,834481716156006;1698,409912109375;1863,9722900390625;1716;
361,636;2,0681893825531006;1669,808349609375;1629,081298828125;1716;
361,637;2,1455883979797363;1692,432861328125;1707,7586669921875;1716;
361,638;2,8391611576080322;1700,21142578125;1688,5703125;1716;
361,639;2,0956623554229736;1670,678466796875;1683,8404541015625;1716;
361,64;2,135869026184082;1701,41455078125;1757,693115234375;1716;
361,641;2,7357819080352783;1670,38818359375;1586,09765625;1716;
361,642;2,0805423259735107;1688,86669921875;1629,081298828125;1716;
361,643;2,0909883975982666;1689,163330078125;1742,40869140625;1716;
361,644;2,7328860759735107;1665,1827392578125;1710,1878662109375;1716;
361,645;2,2318527698516846;1712,01416015625;1849,6339111328125;1716;
361,646;2,1297271251678467;1675,91845703125;1622,48583984375;1716;
361,647;2,086491584777832;1691,539794921875;1646,934326171875;1716;
361,648;2,1511712074279785;1699,610595703125;1693,326904296875;1716;
361,649;2,078981399536133;1670,09814453125;1561,37939453125;1716;
361,65;2,1194193363189697;1687,9775390625;1744,9376220703125;1716;
361,651;2,1528584957122803;1668,939208984375;1571,5843505859375;1716;
361,652;2,825939178466797;1687,9775390625;1752,568603515625;1716;
361,653;2,092440605163574;1697,5107421875;1712,6240234375;1716;
361,654;2,1203877925872803;1665,47119140625;1679,136962890625;1716;
361,655;2,845931053161621;1702,31787109375;1816,1058349609375;1716;
361,656;2,113865613937378;1687,6812744140625;1609,4539794921875;1716;
361,657;2,226818799972534;1687,9775390625;1750,017578125;1716;
361,658;2,0936169624328613;1697,5107421875;1712,6240234375;1716;
361,659;2,128629684448242;1668,939208984375;1565,4454345703125;1716;
361,66;2,095815658569336;1702,31787109375;1757,693115234375;1716;
361,661;2,115041971206665;1688,2738037109375;1715,067138671875;1716;
361,662;2,152554988861084;1688,2738037109375;1750,017578125;1716;
361,663;2,850703716278076;1714,76123046875;1863,9722900390625;1716;
361,664;2,0753345489501953;1677,08740234375;1629,081298828125;1716;
361,665;2,2231290340423584;1693,6248779296875;1707,7586669921875;1716;
361,666;2,1260011196136475;1700,511962890625;1688,5703125;1716;
361,667;2,0968387126922607;1670,678466796875;1683,8404541015625;1716;
361,668;2,134692668914795;1693,0286865234375;1688,5703125;1716;
361,669;2,7274115085601807;1666,048095703125;1555,319580078125;1716;
361,67;2,1641178131103516;1704,4295654296875;1690,9451904296875;1716;
361,671;2,113826036453247;1689,4599609375;1683,8404541015625;1716;
361,672;2,089594602584839;1665,759521484375;1681,4854736328125;1716;
361,673;2,1789114475250244;1682,6619873046875;1712,6240234375;1716;
361,674;2,130903720855713;1678,55078125;1690,9451904296875;1716;
361,675;2,086491584777832;1693,3267822265625;1681,4854736328125;1716;
361,676;2,108999013900757;1700,21142578125;1674,459716796875;1716;
361,677;2,813654661178589;1687,08935546875;1676,7950439453125;1716;
361,678;2,13159441947937;1696,6124267578125;1816,1058349609375;1716;
361,679;2,1481525897979736;1667,203369140625;1545,323974609375;1716;
361,68;2,8247625827789307;1687,08935546875;1734,865966796875;1716;
361,681;2,1511712074279785;1681,7794189453125;1683,8404541015625;1716;
361,682;2,078981399536133;1662,017578125;1681,4854736328125;1716;
361,683;2,13159441947937;1700,812744140625;1818,8533935546875;1716;
361,684;2,183289051055908;1687,38525390625;1569,53271484375;1716;
361,685;2,1297271251678467;1688,2738037109375;1618,1185302734375;1716;
361,686;2,092440605163574;1697,810546875;1783,7716064453125;1716;
361,687;2,1203877925872803;1679,723388671875;1690,9451904296875;1716;
361,688;2,8373234272003174;1693,3267822265625;1824,3734130859375;1716;
361,689;2,1260011196136475;1700,812744140625;1747,473876953125;1716;
361,69;2,1588499546051025;1688,5703125;1734,865966796875;1716;
361,691;2,8347442150115967;1697,810546875;1705,3363037109375;1716;
361,692;2,0681893825531006;1669,228759765625;1563,4097900390625;1716;
361,693;2,095815658569336;1700,812744140625;1818,8533935546875;1716;
361,694;2,8231618404388428;1687,6812744140625;1611,611328125;1716;
361,695;2,110564947128296;1680,8975830078125;1781,1290283203125;1716;
361,696;2,140834331512451;1698,409912109375;1786,4219970703125;1716;
361,697;2,0693657398223877;1669,5185546875;1596,6295166015625;1716;
361,698;2,144412040710449;1693,3267822265625;1821,609130859375;1716;
361,699;2,857339859008789;1700,511962890625;1744,9376220703125;1716;
361,7;2,0968387126922607;1670,678466796875;1712,6240234375;1716;
361,701;2,1777350902557373;1697,5107421875;1705,3363037109375;1716;
361,702;2,1285507678985596;1669,228759765625;1565,4454345703125;1716;
361,703;2,081718921661377;1688,5703125;1615,943603515625;1716;
361,704;2,1078224182128906;1683,545654296875;1581,923828125;1716;
361,705;2,749666452407837;1678,84375;1629,081298828125;1716;
361,706;2,185206651687622;1692,432861328125;1686,2020263671875;1716;
361,707;2,1285507678985596;1670,96875;1679,136962890625;1716;
361,708;2,760695219039917;1672,71240234375;1674,459716796875;1716;
361,709;2,1400344371795654;1683,545654296875;1732,3660888671875;1716;
361,71;2,0718014240264893;1678,84375;1705,3363037109375;1716;
361,711;2,125507116317749;1692,432861328125;1688,5703125;1716;
361,712;2,1781508922576904;1685,0203857421875;1688,5703125;1716;
361,713;2,122408866882324;1696,313232421875;1679,136962890625;1716;
361,714;2,092440605163574;1701,715576171875;1818,8533935546875;1716;
361,715;2,096992015838623;1687,38525390625;1679,136962890625;1716;
361,716;2,844754695892334;1696,911865234375;1816,1058349609375;1716;
361,717;2,1260011196136475;1702,31787109375;1742,40869140625;1716;
361,718;2,117443561553955;1687,38525390625;1734,865966796875;1716;
361,719;2,8335678577423096;1697,211181640625;1705,3363037109375;1716;
361,72;2,0681893825531006;1668,939208984375;1563,4097900390625;1716;
361,721;2,096992015838623;1700,812744140625;1818,8533935546875;1716;
361,722;2,113865613937378;1687,6812744140625;1611,611328125;1716;
361,723;2,1714401245117188;1697,211181640625;1683,8404541015625;1716;
361,724;2,8347442150115967;1702,0166015625;1679,136962890625;1716;
361,725;2,0681893825531006;1670,96875;1676,7950439453125;1716;
361,726;2,132059097290039;1690,350830078125;1791,7467041015625;1716;
361,727;2,8145742416381836;1682,36767578125;1600,881591796875;1716;
361,728;2,1017301082611084;1678,55078125;1640,19384765625;1716;
361,729;2,140834331512451;1716,2911376953125;1878,5345458984375;1716;
361,73;2,7285878658294678;1661,73046875;1633,50830078125;1716;
361,731;2,0833191871643066;1684,7252197265625;1849,6339111328125;1716;
361,732;2,1018190383911133;1691,539794921875;1624,678466796875;1716;
361,733;2,8062729835510254;1682,36767578125;1649,1934814453125;1716;
361,734;2,184030294418335;1697,211181640625;1674,459716796875;1716;
361,735;2,134692668914795;1668,939208984375;1551,305908203125;1716;
361,736;2,081718921661377;1688,2738037109375;1739,8873291015625;1716;
361,737;2,1511712074279785;1683,84033203125;1681,4854736328125;1716;
361,738;2,095815658569336;1662,5921630859375;1557,3343505859375;1716;
361,739;2,129974126815796;1700,812744140625;1742,40869140625;1716;
361,74;2,134692668914795;1687,38525390625;1707,7586669921875;1716;
361,741;2,816164970397949;1680,6038818359375;1688,5703125;1716;
361,742;2,146191120147705;1693,3267822265625;1729,8734130859375;1716;
361,743;2,0718014240264893;1682,9564208984375;1705,3363037109375;1716;
361,744;2,125507116317749;1694,8187255859375;1688,5703125;1716;
361,745;2,1844654083251953;1677,3797607421875;1626,876953125;1716;
361,746;2,1101250648498535;1692,432861328125;1786,4219970703125;1716;
361,747;2,089643955230713;1687,08935546875;1594,5120849609375;1716;
361,748;2,1215641498565674;1680,8975830078125;1637,959228515625;1716;
361,749;2,861969470977783;1710,4918212890625;1791,7467041015625;1716;
361,75;2,1199333667755127;1692,432861328125;1732,3660888671875;1716;
361,751;2,1906025409698486;1688,5703125;1742,40869140625;1716;
361,752;2,092440605163574;1697,810546875;1707,7586669921875;1716;
361,753;2,2013063430786133;1685,3155517578125;1686,2020263671875;1716;
361,754;2,108999013900757;1701,41455078125;1744,9376220703125;1716;
361,755;2,113865613937378;1687,6812744140625;1581,923828125;1716;
361,756;2,1714401245117188;1673,2943115234375;1626,876953125;1716;
361,757;2,1604363918304443;1690,0537109375;1651,4588623046875;1716;
361,758;2,062220335006714;1665,1827392578125;1539,3880615234375;1716;
361,759;2,1629414558410645;1695,117431640625;1695,715087890625;1716;
361,76;2,8231618404388428;1685,0203857421875;1686,2020263671875;1716;
361,761;2,089594602584839;1663,454833984375;1683,8404541015625;1716;
361,762;2,1469762325286865;1699,310302734375;1712,6240234375;1716;
361,763;2,7369582653045654;1670,38818359375;1567,486328125;1716;
361,764;2,0805423259735107;1689,4599609375;1620,29931640625;1716;
361,765;2,1078224182128906;1684,7252197265625;1698,1102294921875;1716;
361,766;2,759232997894287;1679,429931640625;1688,5703125;1716;
361,767;2,184030294418335;1693,3267822265625;1656,0084228515625;1716;
361,768;2,1469762325286865;1669,228759765625;1543,3402099609375;1716;
361,769;2,081718921661377;1688,5703125;1734,865966796875;1716;
361,77;2,1198294162750244;1681,7794189453125;1561,37939453125;1716;
361,771;2,747901439666748;1678,2579345703125;1750,017578125;1716;
361,772;2,126683473587036;1692,432861328125;1710,1878662109375;1716;
361,773;2,1469762325286865;1670,38818359375;1603,01611328125;1716;
361,774;2,8247625827789307;1688,5703125;1635,730712890625;1716;
361,775;2,1523478031158447;1697,810546875;1744,9376220703125;1716;
361,776;2,0778048038482666;1671,549560546875;1712,6240234375;1716;
361,777;2,1194193363189697;1688,86669921875;1690,9451904296875;1716;
361,778;2,1781508922576904;1681,7794189453125;1683,8404541015625;1716;
361,779;2,1101250648498535;1688,5703125;1747,473876953125;1716;
361,78;2,092440605163574;1697,810546875;1710,1878662109375;1716;
361,781;2,1215641498565674;1680,8975830078125;1783,7716064453125;1716;
361,782;2,861969470977783;1710,4918212890625;1875,6038818359375;1716;
361,783;2,1017301082611084;1675,62646484375;1633,50830078125;1716;
361,784;2,1663215160369873;1688,5703125;1667,4925537109375;1716;
361,785;2,104339122772217;1715,067138671875;1816,1058349609375;1716;
361,786;2,074158191680908;1677,3797607421875;1609,4539794921875;1716;
361,787;2,1029953956604004;1692,730712890625;1656,0084228515625;1716;
361,788;2,1260011196136475;1700,21142578125;1805,1982421875;1716;
361,789;2,098409652709961;1670,678466796875;1755,127197265625;1716;
361,79;2,8166494369506836;1698,1102294921875;1715,067138671875;1716;
361,791;2,0860960483551025;1686,201904296875;1693,326904296875;1716;
361,792;2,138235330581665;1703,52392578125;1791,7467041015625;1716;
361,793;2,078941822052002;1689,163330078125;1732,3660888671875;1716;
361,794;2,107797861099243;1681,4853515625;1705,3363037109375;1716;
361,795;2,146716594696045;1697,211181640625;1707,7586669921875;1716;
361,796;2,817608118057251;1685,3155517578125;1688,5703125;1716;
361,797;2,092440605163574;1696,6124267578125;1681,4854736328125;1716;
361,798;2,1078224182128906;1699,910888671875;1672,130859375;1716;
361,799;2,742452621459961;1670,38818359375;1553,3101806640625;1716;
361,8;2,1777350902557373;1694,2216796875;1727,3880615234375;1716;
361,801;2,1469762325286865;1667,492431640625;1573,6414794921875;1716;
361,802;2,081718921661377;1687,38525390625;1752,568603515625;1716;
361,803;2,1511712074279785;1689,4599609375;1679,136962890625;1716;
361,804;2,0778048038482666;1664,89453125;1676,7950439453125;1716;
361,805;2,1327710151672363;1702,0166015625;1816,1058349609375;1716;
361,806;2,2475500106811523;1685,3155517578125;1690,9451904296875;1716;
361,807;2,8419578075408936;1696,313232421875;1681,4854736328125;1716;
361,808;2,0936169624328613;1701,715576171875;1679,136962890625;1716;
361,809;2,0778048038482666;1675,042724609375;1640,19384765625;1716;
361,81;2,8275394439697266;1690,945068359375;1794,4210205078125;1716;
361,811;2,1698496341705322;1682,36767578125;1600,881591796875;1716;
361,812;2,122408866882324;1690,350830078125;1775,8671875;1716;
361,813;2,110288381576538;1715,6788330078125;1875,6038818359375;1716;
361,814;2,1154074668884277;1687,38525390625;1816,1058349609375;1716;
361,815;2,095815658569336;1696,911865234375;1739,8873291015625;1716;
361,816;2,1260011196136475;1702,31787109375;1705,3363037109375;1716;
361,817;2,1778838634490967;1687,9775390625;1631,291748046875;1716;
361,818;2,8335678577423096;1697,5107421875;1653,7305908203125;1716;
361,819;2,0681893825531006;1668,939208984375;1541,361572265625;1716;
361,82;2,096992015838623;1688,2738037109375;1690,9451904296875;1716;
361,821;2,766357660293579;1681,19140625;1557,3343505859375;1716;
361,822;2,104487180709839;1677,3797607421875;1747,473876953125;1716;
361,823;2,1420109272003174;1699,910888671875;1805,1982421875;1716;
361,824;2,0681893825531006;1669,5185546875;1603,01611328125;1716;
361,825;2,144412040710449;1696,313232421875;1818,8533935546875;1716;
361,826;2,1210060119628906;1701,715576171875;1611,611328125;1716;
361,827;2,0956623554229736;1670,96875;1642,4345703125;1716;
361,828;2,1777350902557373;1699,310302734375;1722,4384765625;1716;
361,829;2,1050806045532227;1669,5185546875;1695,715087890625;1716;
361,83;2,0805423259735107;1687,9775390625;1686,2020263671875;1716;
361,831;2,1078224182128906;1690,945068359375;1609,4539794921875;1716;
361,832;2,759232997894287;1682,6619873046875;1644,681396484375;1716;
361,833;2,2381479740142822;1710,4918212890625;1816,1058349609375;1716;
361,834;2,134692668914795;1675,62646484375;1609,4539794921875;1716;
361,835;2,087667942047119;1691,83740234375;1775,8671875;1716;
361,836;2,1511712074279785;1700,511962890625;1805,1982421875;1716;
361,837;2,0778048038482666;1670,678466796875;1607,30224609375;1716;
361,838;2,1388585567474365;1705,0338134765625;1773,2479248046875;1716;
361,839;2,153118133544922;1685,61083984375;1569,53271484375;1716;
361,84;2,601557970046997;1679,723388671875;1618,1185302734375;1716;
361,841;2,16747784614563;1710,187744140625;1783,7716064453125;1716;
361,842;2,083808422088623;1666,3369140625;1649,1934814453125;1716;
361,843;2,8275394439697266;1686,4976806640625;1660,5828857421875;1716;
361,844;2,2381505966186523;1670,38818359375;1695,715087890625;1716;
361,845;2,122408866882324;1689,163330078125;1683,8404541015625;1716;
361,846;2,092440605163574;1698,1102294921875;1679,136962890625;1716;
361,847;2,1400344371795654;1682,9564208984375;1644,681396484375;1716;
361,848;2,7317698001861572;1694,8187255859375;1797,103271484375;1716;
361,849;2,113865613937378;1684,4300537109375;1600,881591796875;1716;
361,85;2,172616481781006;1691,83740234375;1778,494140625;1716;
361,851;2,859271764755249;1716,904052734375;1878,5345458984375;1716;
361,852;2,062220335006714;1661,73046875;1633,50830078125;1716;
361,853;2,096992015838623;1692,432861328125;1702,9207763671875;1716;
361,854;2,1260011196136475;1699,610595703125;1686,2020263671875;1716;
361,855;2,113865613937378;1686,79345703125;1683,8404541015625;1716;
361,856;2,1481525897979736;1697,5107421875;1658,29248046875;1716;
361,857;2,0681893825531006;1668,939208984375;1543,3402099609375;1716;
361,858;2,144412040710449;1689,7568359375;1690,9451904296875;1716;
361,859;2,127009630203247;1682,36767578125;1559,354248046875;1716;
361,86;2,1017301082611084;1678,2579345703125;1747,473876953125;1716;
361,861;2,184030294418335;1700,21142578125;1805,1982421875;1716;
361,862;2,7369582653045654;1670,09814453125;1605,1563720703125;1716;
361,863;2,0805423259735107;1688,5703125;1640,19384765625;1716;
361,864;2,1078224182128906;1702,31787109375;1744,9376220703125;1716;
361,865;2,742452621459961;1672,130615234375;1712,6240234375;1716;
361,866;2,1777350902557373;1715,372802734375;1855,3427734375;1716;
361,867;2,1285507678985596;1677,965087890625;1624,678466796875;1716;
361,868;2,087667942047119;1692,730712890625;1646,934326171875;1716;
361,869;2,1693499088287354;1691,83740234375;1629,081298828125;1716;
361,87;2,715177297592163;1682,9564208984375;1653,7305908203125;1716;
361,871;2,126683473587036;1694,52001953125;1802,4918212890625;1716;
361,872;2,134692668914795;1677,67236328125;1609,4539794921875;1716;
361,873;2,833360195159912;1692,730712890625;1778,494140625;1716;
361,874;2,0936169624328613;1700,21142578125;1727,3880615234375;1716;
361,875;2,0778048038482666;1687,38525390625;1739,8873291015625;1716;
361,876;2,844754695892334;1697,211181640625;1705,3363037109375;1716;
361,877;2,1887052059173584;1702,619140625;1690,9451904296875;1716;
361,878;2,116266965866089;1680,016845703125;1633,50830078125;1716;
361,879;2,104339122772217;1710,4918212890625;1791,7467041015625;1716;
361,88;2,1300737857818604;1669,808349609375;1646,934326171875;1716;
361,881;2,1018190383911133;1687,9775390625;1658,29248046875;1716;
361,882;2,1260011196136475;1697,810546875;1807,912841796875;1716;
361,883;2,1600263118743896;1688,86669921875;1752,568603515625;1716;
361,884;2,8335678577423096;1697,810546875;1712,6240234375;1716;
361,885;2,0860960483551025;1685,3155517578125;1565,4454345703125;1716;
361,886;2,0909883975982666;1706,54638671875;1829,9271240234375;1716;
361,887;2,113865613937378;1690,0537109375;1613,774658203125;1716;
361,888;2,092332124710083;1691,83740234375;1770,63623046875;1716;
361,889;2,135869026184082;1716,904052734375;1875,6038818359375;1716;
361,89;2,7274115085601807;1662,017578125;1516,0933837890625;1716;
361,891;2,144412040710449;1705,0338134765625;1813,3665771484375;1716;
361,892;2,8489253520965576;1706,849365234375;1742,40869140625;1716;
361,893;2,104487180709839;1705,0338134765625;1747,473876953125;1716;
361,894;2,153118133544922;1706,2437744140625;1710,1878662109375;1716;
361,895;2,745328664779663;1673,58544921875;1567,486328125;1716;
361,896;2,1569082736968994;1690,945068359375;1739,8873291015625;1716;
361,897;2,1078224182128906;1701,113525390625;1705,3363037109375;1716;
361,898;2,742452621459961;1670,96875;1567,486328125;1716;
361,899;2,1777350902557373;1702,0166015625;1722,4384765625;1716;
361,9;2,1469762325286865;1671,259033203125;1571,5843505859375;1716;
361,901;2,081718921661377;1689,4599609375;1752,568603515625;1716;
361,902;2,12583327293396;1689,7568359375;1557,3343505859375;1716;
361,903;2,0718259811401367;1681,7794189453125;1747,473876953125;1716;
361,904;2,1449458599090576;1710,796142578125;1855,3427734375;1716;
361,905;2,140834331512451;1670,09814453125;1667,4925537109375;1716;
361,906;2,0805423259735107;1688,86669921875;1669,8084716796875;1716;
361,907;2,1523478031158447;1698,1102294921875;1672,130859375;1716;
361,908;2,0778048038482666;1680,016845703125;1707,7586669921875;1716;
361,909;2,125507116317749;1693,3267822265625;1688,5703125;1716;
361,91;2,1526365280151367;1700,511962890625;1681,4854736328125;1716;
361,911;2,116266965866089;1692,432861328125;1712,6240234375;1716;
361,912;2,092440605163574;1699,610595703125;1693,326904296875;1716;
361,913;2,1394217014312744;1673,58544921875;1710,1878662109375;1716;
361,914;2,8533620834350586;1706,849365234375;1690,9451904296875;1716;
361,915;2,113865613937378;1690,64794921875;1683,8404541015625;1716;
361,916;2,2250540256500244;1690,64794921875;1747,473876953125;1716;
361,917;2,092440605163574;1698,7100830078125;1710,1878662109375;1716;
361,918;2,147188663482666;1686,201904296875;1693,326904296875;1716;
361,919;2,108999013900757;1710,4918212890625;1797,103271484375;1716;
361,92;2,1199333667755127;1692,432861328125;1734,865966796875;1716;
361,921;2,1714401245117188;1689,4599609375;1742,40869140625;1716;
361,922;2,860448122024536;1715,6788330078125;1858,210205078125;1716;
361,923;2,074158191680908;1677,67236328125;1510,37939453125;1716;
361,924;2,189966917037964;1705,336181640625;1816,1058349609375;1716;
361,925;2,8489253520965576;1706,2437744140625;1742,40869140625;1716;
361,926;2,1017301082611084;1673,2943115234375;1710,1878662109375;1716;
361,927;2,153118133544922;1706,2437744140625;1710,1878662109375;1716;
361,928;2,745328664779663;1673,2943115234375;1565,4454345703125;1716;
361,929;2,144412040710449;1694,8187255859375;1744,9376220703125;1716;
361,93;2,8391611576080322;1701,41455078125;1707,7586669921875;1716;
361,931;2,115041971206665;1687,6812744140625;1693,326904296875;1716;
361,932;2,1469762325286865;1702,619140625;1656,0084228515625;1716;
361,933;2,7357819080352783;1671,549560546875;1543,3402099609375;1716;
361,934;2,081718921661377;1689,7568359375;1737,3729248046875;1716;
361,935;2,12583327293396;1698,7100830078125;1681,4854736328125;1716;
361,936;2,741276264190674;1670,09814453125;1683,8404541015625;1716;
361,937;2,1977968215942383;1699,910888671875;1693,326904296875;1716;
361,938;2,153118133544922;1670,09814453125;1559,354248046875;1716;
361,939;2,0983898639678955;1705,941162109375;1744,9376220703125;1716;
361,94;2,1585044860839844;1690,350830078125;1681,4854736328125;1716;
361,941;2,095815658569336;1665,759521484375;1557,3343505859375;1716;
361,942;2,13159441947937;1702,619140625;1742,40869140625;1716;
361,943;2,135869026184082;1687,9775390625;1707,7586669921875;1716;
361,944;2,769124984741211;1680,8975830078125;1688,5703125;1716;
361,945;2,163484573364258;1710,187744140625;1600,881591796875;1716;
361,946;2,08498477935791;1682,9564208984375;1640,19384765625;1716;
361,947;2,125507116317749;1694,8187255859375;1656,0084228515625;1716;
361,948;2,183289051055908;1662,304931640625;1635,730712890625;1716;
361,949;2,1297271251678467;1685,0203857421875;1653,7305908203125;1716;
361,95;2,092440605163574;1696,313232421875;1665,182861328125;1716;
361,951;2,1203877925872803;1683,84033203125;1651,4588623046875;1716;
361,952;2,8373234272003174;1695,117431640625;1660,5828857421875;1716;
361,953;2,113865613937378;1684,4300537109375;1667,4925537109375;1716;
361,954;2,2453083992004395;1689,7568359375;1755,127197265625;1716;
361,955;2,0936169624328613;1698,409912109375;1715,067138671875;1716;
361,956;2,138857841491699;1682,9564208984375;1642,4345703125;1716;
361,957;2,1078224182128906;1711,70947265625;1794,4210205078125;1716;
361,958;2,1211097240448;1693,0286865234375;1732,3660888671875;1716;
361,959;2,1714401245117188;1689,4599609375;1742,40869140625;1716;
361,96;2,859271764755249;1715,372802734375;1858,210205078125;1716;
361,961;2,0753345489501953;1677,3797607421875;1626,876953125;1716;
361,962;2,1018190383911133;1709,8837890625;1855,3427734375;1716;
361,963;2,830573081970215;1691,83740234375;1626,876953125;1716;
361,964;2,1089742183685303;1683,2509765625;1651,4588623046875;1716;
361,965;2,798524856567383;1715,372802734375;1818,8533935546875;1716;
361,966;2,744152307510376;1677,67236328125;1609,4539794921875;1716;
361,967;2,1517648696899414;1710,187744140625;1794,4210205078125;1716;
361,968;2,12583327293396;1692,1351318359375;1603,01611328125;1716;
361,969;2,107797861099243;1682,9564208984375;1773,2479248046875;1716;
361,97;2,1604363918304443;1704,127685546875;1715,067138671875;1716;
361,971;2,744152307510376;1672,42138671875;1569,53271484375;1716;
361,972;2,0983898639678955;1706,54638671875;1752,568603515625;1716;
361,973;2,096992015838623;1684,7252197265625;1676,7950439453125;1716;
361,974;2,1017301082611084;1679,1368408203125;1676,7950439453125;1716;
361,975;2,2352066040039062;1700,812744140625;1821,609130859375;1716;
361,976;2,1481525897979736;1687,08935546875;1611,611328125;1716;
361,977;2,769124984741211;1680,6038818359375;1640,19384765625;1716;
361,978;2,1198294162750244;1702,0166015625;1611,611328125;1716;
361,979;2,08498477935791;1671,259033203125;1642,4345703125;1716;
361,98;2,1376819610595703;1705,336181640625;1794,4210205078125;1716;
361,981;2,134692668914795;1661,443359375;1571,5843505859375;1716;
361,982;2,770301342010498;1683,84033203125;1620,29931640625;1716;
361,983;2,145014762878418;1692,1351318359375;1768,032470703125;1716;
361,984;2,0778048038482666;1682,9564208984375;1722,4384765625;1716;
361,985;2,8373234272003174;1694,52001953125;1695,715087890625;1716;
361,986;2,183289051055908;1684,13525390625;1686,2020263671875;1716;
361,987;2,122408866882324;1698,409912109375;1679,136962890625;1716;
361,988;2,0936169624328613;1702,619140625;1818,8533935546875;1716;
361,989;2,138857841491699;1687,38525390625;1679,136962890625;1716;
361,99;2,844754695892334;1696,911865234375;1816,1058349609375;1716;
361,991;2,1271774768829346;1702,0166015625;1609,4539794921875;1716;
361,992;2,240236759185791;1691,539794921875;1770,63623046875;1716;
361,993;2,859271764755249;1716,597412109375;1875,6038818359375;1716;
361,994;2,063396692276001;1662,017578125;1516,0933837890625;1716;
361,995;2,095815658569336;1696,6124267578125;1739,8873291015625;1716;
361,996;2,1260011196136475;1702,619140625;1705,3363037109375;1716;
361,997;2,1600263118743896;1705,336181640625;1765,4361572265625;1716;
361,998;2,1560592651367188;1706,54638671875;1719,974365234375;1716;
361,999;2,0860960483551025;1690,0537109375;1695,715087890625;1716;
362;2,108999013900757;1696,911865234375;1674,459716796875;1716;
362,001;2,8391611576080322;1702,619140625;1672,130859375;1716;
362,002;2,113865613937378;1688,2738037109375;1676,7950439453125;1716;
362,003;2,1481525897979736;1711,405029296875;1799,7935791015625;1716;
362,004;2,744152307510376;1675,042724609375;1600,881591796875;1716;
362,005;2,1529414653778076;1705,941162109375;1797,103271484375;1716;
362,006;2,127009630203247;1690,0537109375;1605,1563720703125;1716;
362,007;2,107797861099243;1682,073486328125;1775,8671875;1716;
362,008;2,2694578170776367;1696,313232421875;1649,1934814453125;1716;
362,009;2,7369582653045654;1668,939208984375;1541,361572265625;1716;
362,01;2,0983898639678955;1705,0338134765625;1734,865966796875;1716;
362,011;2,113826036453247;1684,7252197265625;1683,8404541015625;1716;
362,012;2,734062671661377;1662,879638671875;1557,3343505859375;1716;
362,013;2,1903252601623535;1702,619140625;1747,473876953125;1716;
362,014;2,134692668914795;1687,6812744140625;1707,7586669921875;1716;
362,015;2,770301342010498;1680,6038818359375;1688,5703125;1716;
362,016;2,145014762878418;1691,83740234375;1729,8734130859375;1716;
362,017;2,0718014240264893;1682,9564208984375;1705,3363037109375;1716;
362,018;2,1449458599090576;1711,70947265625;1832,716552734375;1716;
362,019;2,140834331512451;1693,923095703125;1688,5703125;1716;
362,02;2,8419578075408936;1700,812744140625;1679,136962890625;1716;
362,021;2,1767475605010986;1692,730712890625;1734,865966796875;1716;
362,022;2,0778048038482666;1683,545654296875;1707,7586669921875;1716;
362,023;2,125507116317749;1694,8187255859375;1688,5703125;1716;
362,024;2,1844654083251953;1685,906494140625;1688,5703125;1716;
362,025;2,1285507678985596;1696,6124267578125;1679,136962890625;1716;
362,026;2,092440605163574;1701,715576171875;1676,7950439453125;1716;
362,027;2,1400344371795654;1682,9564208984375;1644,681396484375;1716;
362,028;2,836146831512451;1694,8187255859375;1797,103271484375;1716;
362,029;2,113865613937378;1684,4300537109375;1603,01611328125;1716;
362,03;2,24177885055542;1691,539794921875;1775,8671875;1716;
362,031;2,110288381576538;1716,2911376953125;1724,90966796875;1716;
362,032;2,1800737380981445;1682,9564208984375;1637,959228515625;1716;
362,033;2,1029953956604004;1711,70947265625;1791,7467041015625;1716;
362,034;2,1199333667755127;1692,730712890625;1598,7528076171875;1716;
362,035;2,1714401245117188;1693,0286865234375;1781,1290283203125;1716;
362,036;2,860448122024536;1716,904052734375;1727,3880615234375;1716;
362,037;2,062220335006714;1661,73046875;1573,6414794921875;1716;
362,038;2,1078224182128906;1712,319091796875;1722,4384765625;1716;
362,039;2,831749677658081;1693,3267822265625;1698,1102294921875;1716;
362,04;2,110564947128296;1683,84033203125;1688,5703125;1716;
362,041;2,140834331512451;1707,455322265625;1863,9722900390625;1716;
362,042;2,745328664779663;1673,58544921875;1626,876953125;1716;
362,043;2,144412040710449;1709,8837890625;1855,3427734375;1716;
362,044;2,8563365936279297;1708,668701171875;1760,2666015625;1716;
362,045;2,1211097240448;1691,242431640625;1719,974365234375;1716;
362,046;2,1469762325286865;1706,2437744140625;1705,3363037109375;1716;
362,047;2,760892868041992;1690,0537109375;1688,5703125;1716;
362,048;2,0936169624328613;1699,310302734375;1824,3734130859375;1716;
362,049;2,113826036453247;1688,5703125;1584,0079345703125;1716;
362,05;2,758056402206421;1681,4853515625;1629,081298828125;1716;
362,051;2,204091787338257;1711,1004638671875;1683,8404541015625;1716;
362,052;2,140834331512451;1684,13525390625;1676,7950439453125;1716;
362,053;2,092440605163574;1696,0140380859375;1818,8533935546875;1716;
362,054;2,127009630203247;1693,3267822265625;1588,1929931640625;1716;
362,055;2,077765464782715;1684,13525390625;1768,032470703125;1716;
362,056;2,1437695026397705;1712,6239013671875;1717,517333984375;1716;
362,057;2,1420109272003174;1670,678466796875;1569,53271484375;1716;
362,058;2,850555658340454;1705,638671875;1750,017578125;1716;
362,059;2,1416351795196533;1689,4599609375;1715,067138671875;1716;
362,06;2,0909883975982666;1679,723388671875;1679,136962890625;1716;
362,061;2,140953302383423;1701,113525390625;1679,136962890625;1716;
362,062;2,1896040439605713;1687,38525390625;1674,459716796875;1716;
362,063;2,1297271251678467;1680,6038818359375;1672,130859375;1716;
362,064;2,104339122772217;1710,4918212890625;1816,1058349609375;1716;
362,065;2,1444664001464844;1695,715087890625;1775,8671875;1716;
362,066;2,845931053161621;1701,113525390625;1722,4384765625;1716;
362,067;2,1938138008117676;1704,4295654296875;1698,1102294921875;1716;
362,068;2,734502077102661;1692,730712890625;1773,2479248046875;1716;
362,069;2,0936169624328613;1699,910888671875;1722,4384765625;1716;
362,07;2,128629684448242;1669,808349609375;1569,53271484375;1716;
362,071;2,095815658569336;1704,731689453125;1683,8404541015625;1716;
362,072;2,1332452297210693;1705,941162109375;1676,7950439453125;1716;
362,073;2,1651451587677;1692,730712890625;1717,517333984375;1716;
362,074;2,110288381576538;1717,21044921875;1843,960205078125;1716;
362,075;2,0753345489501953;1677,965087890625;1620,29931640625;1716;
362,076;2,1018190383911133;1706,54638671875;1794,4210205078125;1716;
362,077;2,77477765083313;1689,4599609375;1598,7528076171875;1716;
362,078;2,172616481781006;1684,13525390625;1640,19384765625;1716;
362,079;2,140834331512451;1712,6239013671875;1799,7935791015625;1716;
362,08;2,074158191680908;1675,91845703125;1600,881591796875;1716;
362,081;2,1517648696899414;1697,5107421875;1821,609130859375;1716;
362,082;2,8391611576080322;1702,619140625;1611,611328125;1716;
362,083;2,0956623554229736;1671,549560546875;1644,681396484375;1716;
362,084;2,1566474437713623;1716,904052734375;1722,4384765625;1716;
362,085;2,744152307510376;1678,2579345703125;1695,715087890625;1716;
362,086;2,0878849029541016;1693,3267822265625;1686,2020263671875;1716;
362,087;2,108999013900757;1693,0286865234375;1732,3660888671875;1716;
362,088;2,758056402206421;1683,545654296875;1702,9207763671875;1716;
362,089;2,277693271636963;1715,372802734375;1710,1878662109375;1716;
362,09;2,1294703483581543;1694,52001953125;1690,9451904296875;1716;
362,091;2,0952372550964355;1701,41455078125;1797,103271484375;1716;
362,092;2,113826036453247;1693,6248779296875;1734,865966796875;1716;
362,093;2,078941822052002;1684,13525390625;1707,7586669921875;1716;
362,094;2,184030294418335;1695,416259765625;1855,3427734375;1716;
362,095;2,134692668914795;1677,67236328125;1624,678466796875;1716;
362,096;2,087667942047119;1692,432861328125;1646,934326171875;1716;
362,097;2,1511712074279785;1708,668701171875;1762,8475341796875;1716;
362,098;2,0778048038482666;1691,242431640625;1719,974365234375;1716;
362,099;2,1327710151672363;1698,7100830078125;1695,715087890625;1716;
362,1;2,134692668914795;1681,7794189453125;1624,678466796875;1716;
362,101;2,833360195159912;1694,8187255859375;1646,934326171875;1716;
362,102;2,155144691467285;1701,113525390625;1799,7935791015625;1716;
362,103;2,0778048038482666;1687,38525390625;1686,2020263671875;1716;
362,104;2,13159441947937;1696,6124267578125;1679,136962890625;1716;
362,105;2,1970951557159424;1702,0166015625;1676,7950439453125;1716;
362,106;2,116266965866089;1698,7100830078125;1829,9271240234375;1716;
362,107;2,0983898639678955;1703,22216796875;1750,017578125;1716;
362,108;2,207496404647827;1690,64794921875;1693,326904296875;1716;
362,109;2,870577096939087;1715,9849853515625;1824,3734130859375;1716;
362,11;2,1199333667755127;1695,117431640625;1747,473876953125;1716;
362,111;2,117443561553955;1695,715087890625;1807,912841796875;1716;
362,112;2,110288381576538;1718,437744140625;1739,8873291015625;1716;
362,113;2,1511712074279785;1696,0140380859375;1633,50830078125;1716;
362,114;2,096992015838623;1711,405029296875;1789,08056640625;1716;
362,115;2,1199333667755127;1692,730712890625;1729,8734130859375;1716;
362,116;2,1714401245117188;1696,313232421875;1818,8533935546875;1716;
362,117;2,860448122024536;1718,7447509765625;1744,9376220703125;1716;
362,118;2,080127239227295;1679,429931640625;1581,923828125;1716;
362,119;2,1018190383911133;1712,319091796875;1717,517333984375;1716;
362,12;2,831749677658081;1693,3267822265625;1695,715087890625;1716;
362,121;2,1091814041137695;1683,84033203125;1752,568603515625;1716;
362,122;2,140834331512451;1706,54638671875;1861,0867919921875;1716;
362,123;2,084495782852173;1689,4599609375;1624,678466796875;1716;
362,124;2,1567647457122803;1713,8447265625;1816,1058349609375;1716;
362,125;2,8563365936279297;1710,4918212890625;1742,40869140625;1716;
362,126;2,1029064655303955;1675,334716796875;1710,1878662109375;1716;
362,127;2,134692668914795;1715,372802734375;1855,3427734375;1716;
362,128;2,744152307510376;1677,3797607421875;1508,484375;1716;
362,129;2,207059144973755;1692,730712890625;1899,30810546875;1716;
362,13;2,1078224182128906;1711,1004638671875;1781,1290283203125;1716;
362,131;2,749666452407837;1676,21044921875;1727,3880615234375;1716;
362,132;2,185206651687622;1724,600341796875;1852,4840087890625;1716;
362,133;2,1285507678985596;1682,36767578125;1624,678466796875;1716;
362,134;2,086491584777832;1694,8187255859375;1646,934326171875;1716;
362,135;2,108999013900757;1708,668701171875;1762,8475341796875;1716;
362,136;2,8222129344940186;1691,242431640625;1719,974365234375;1716;
362,137;2,1903252601623535;1698,7100830078125;1855,3427734375;1716;
362,138;2,135869026184082;1681,7794189453125;1624,678466796875;1716;
362,139;2,833360195159912;1694,52001953125;1646,934326171875;1716;
362,14;2,2305262088775635;1708,97216796875;1762,8475341796875;1716;
362,141;2,078981399536133;1690,945068359375;1717,517333984375;1716;
362,142;2,13159441947937;1698,409912109375;1693,326904296875;1716;
362,143;2,1469762325286865;1680,8975830078125;1508,484375;1716;
362,144;2,8603296279907227;1710,796142578125;1712,6240234375;1716;
362,145;2,163484573364258;1708,668701171875;1693,326904296875;1716;
362,146;2,083808422088623;1675,91845703125;1695,715087890625;1716;
362,147;2,120595693588257;1690,945068359375;1681,4854736328125;1716;
362,148;2,1469762325286865;1690,945068359375;1626,876953125;1716;
362,149;2,211163282394409;1699,610595703125;1649,1934814453125;1716;
362,15;2,0995664596557617;1703,52392578125;1662,8797607421875;1716;
362,151;2,0778048038482666;1675,91845703125;1710,1878662109375;1716;
362,152;2,836146831512451;1691,242431640625;1690,9451904296875;1716;
362,153;2,1887052059173584;1699,610595703125;1683,8404541015625;1716;
362,154;2,116266965866089;1701,113525390625;1786,4219970703125;1716;
362,155;2,0983898639678955;1704,127685546875;1729,8734130859375;1716;
362,156;2,1215641498565674;1673,58544921875;1695,715087890625;1716;
362,157;2,8791847229003906;1723,982177734375;1827,14599609375;1716;
362,158;2,1260011196136475;1698,409912109375;1613,774658203125;1716;
362,159;2,135869026184082;1700,812744140625;1681,4854736328125;1716;
362,16;2,0983898639678955;1703,82568359375;1679,136962890625;1716;
362,161;2,0681893825531006;1671,840087890625;1551,305908203125;1716;
362,162;2,096992015838623;1712,01416015625;1832,716552734375;1716;
362,163;2,1199333667755127;1692,730712890625;1615,943603515625;1716;
362,164;2,1714401245117188;1701,113525390625;1683,8404541015625;1716;
362,165;2,8433122634887695;1703,82568359375;1679,136962890625;1716;
362,166;2,0860960483551025;1688,5703125;1674,459716796875;1716;
362,167;2,1078224182128906;1712,319091796875;1757,693115234375;1716;
362,168;2,139312982559204;1709,8837890625;1715,067138671875;1716;
362,169;2,241089105606079;1691,539794921875;1698,1102294921875;1716;
362,17;2,1654019355773926;1712,928955078125;1789,08056640625;1716;
362,171;2,745328664779663;1675,91845703125;1598,7528076171875;1716;
362,172;2,1505885124206543;1694,8187255859375;1724,90966796875;1716;
362,173;2,8391611576080322;1701,113525390625;1698,1102294921875;1716;
362,174;2,115041971206665;1687,6812744140625;1688,5703125;1716;
362,175;2,1469762325286865;1726,14794921875;1875,6038818359375;1716;
362,176;2,7525224685668945;1682,6619873046875;1633,50830078125;1716;
362,177;2,1517648696899414;1714,150146484375;1852,4840087890625;1716;
362,178;2,1078224182128906;1710,796142578125;1760,2666015625;1716;
362,179;2,774836778640747;1692,1351318359375;1719,974365234375;1716;
362,18;2,2096803188323975;1723,673095703125;1858,210205078125;1716;
362,181;2,1160988807678223;1681,7794189453125;1626,876953125;1716;
362,182;2,089278221130371;1695,117431640625;1651,4588623046875;1716;
362,183;2,108999013900757;1709,2760009765625;1760,2666015625;1716;
362,184;2,774836778640747;1691,83740234375;1719,974365234375;1716;
362,185;2,1903252601623535;1723,982177734375;1858,210205078125;1716;
362,186;2,135869026184082;1682,073486328125;1626,876953125;1716;
362,187;2,086491584777832;1695,117431640625;1649,1934814453125;1716;
362,188;2,1078224182128906;1709,8837890625;1762,8475341796875;1716;
362,189;2,084881067276001;1692,432861328125;1719,974365234375;1716;
362,19;2,13159441947937;1699,910888671875;1695,715087890625;1716;
362,191;2,134692668914795;1682,36767578125;1624,678466796875;1716;
362,192;2,7871603965759277;1695,117431640625;1646,934326171875;1716;
362,193;2,2115139961242676;1709,2760009765625;1629,081298828125;1716;
362,194;2,083808422088623;1691,539794921875;1653,7305908203125;1716;
362,195;2,1327710151672363;1698,7100830078125;1662,8797607421875;1716;
362,196;2,153118133544922;1666,048095703125;1514,1839599609375;1716;
362,197;2,116642475128174;1686,4976806640625;1715,067138671875;1716;
362,198;2,16747784614563;1713,8447265625;1841,1363525390625;1716;
362,199;2,083808422088623;1673,58544921875;1642,4345703125;1716;
362,2;2,155944585800171;1723,673095703125;1794,4210205078125;1716;
362,201;2,1970951557159424;1673,58544921875;1633,50830078125;1716;
362,202;2,134692668914795;1689,7568359375;1653,7305908203125;1716;
362,203;2,092440605163574;1697,810546875;1665,182861328125;1716;
362,204;2,1400344371795654;1683,545654296875;1715,067138671875;1716;
362,205;2,125507116317749;1695,416259765625;1693,326904296875;1716;
362,206;2,1959187984466553;1696,313232421875;1624,678466796875;1716;
362,207;2,135869026184082;1702,0166015625;1646,934326171875;1716;
362,208;2,0983898639678955;1704,4295654296875;1660,5828857421875;1716;
362,209;2,1203877925872803;1672,130615234375;1543,3402099609375;1716;
362,21;2,8656253814697266;1707,758544921875;1835,5145263671875;1716;
362,211;2,113865613937378;1690,64794921875;1618,1185302734375;1716;
362,212;2,1714401245117188;1701,715576171875;1683,8404541015625;1716;
362,213;2,1174137592315674;1721,8216552734375;1824,3734130859375;1716;
362,214;2,080127239227295;1680,8975830078125;1613,774658203125;1716;
362,215;2,1018190383911133;1712,6239013671875;1794,4210205078125;1716;
362,216;2,1211097240448;1693,3267822265625;1600,881591796875;1716;
362,217;2,17634654045105;1684,13525390625;1688,5703125;1716;
362,218;2,1592600345611572;1700,511962890625;1681,4854736328125;1716;
362,219;2,0693657398223877;1670,38818359375;1553,3101806640625;1716;
362,22;2,144412040710449;1712,319091796875;1832,716552734375;1716;
362,221;2,7831974029541016;1693,0286865234375;1618,1185302734375;1716;
362,222;2,1089742183685303;1683,2509765625;1646,934326171875;1716;
362,223;2,1592600345611572;1703,82568359375;1679,136962890625;1716;
362,224;2,760892868041992;1688,5703125;1674,459716796875;1716;
362,225;2,1579413414001465;1712,01416015625;1757,693115234375;1716;
362,226;2,12583327293396;1693,0286865234375;1588,1929931640625;1716;
362,227;2,1216330528259277;1683,2509765625;1631,291748046875;1716;
362,228;2,166318655014038;1696,313232421875;1683,8404541015625;1716;
362,229;2,760892868041992;1685,0203857421875;1676,7950439453125;1716;
362,23;2,092440605163574;1696,6124267578125;1676,7950439453125;1716;
362,231;2,127009630203247;1705,941162109375;1679,136962890625;1716;
362,232;2,766446828842163;1689,7568359375;1676,7950439453125;1716;
362,233;2,1903252601623535;1713,2340087890625;1799,7935791015625;1716;
362,234;2,1481525897979736;1676,21044921875;1603,01611328125;1716;
362,235;2,086491584777832;1691,539794921875;1773,2479248046875;1716;
362,236;2,12583327293396;1706,2437744140625;1732,3660888671875;1716;
362,237;2,76762318611145;1689,7568359375;1705,3363037109375;1716;
362,238;2,2057321071624756;1715,067138671875;1688,5703125;1716;
362,239;2,140834331512451;1690,350830078125;1690,9451904296875;1716;
362,24;2,8431344032287598;1699,010009765625;1681,4854736328125;1716;
362,241;2,1573281288146973;1701,715576171875;1676,7950439453125;1716;
362,242;2,095815658569336;1687,9775390625;1676,7950439453125;1716;
362,243;2,1327710151672363;1697,5107421875;1674,459716796875;1716;
362,244;2,1469762325286865;1688,2738037109375;1698,1102294921875;1716;
362,245;2,8419578075408936;1697,810546875;1686,2020263671875;1716;
362,246;2,155144691467285;1702,31787109375;1824,3734130859375;1716;
362,247;2,095815658569336;1688,2738037109375;1676,7950439453125;1716;
362,248;2,844754695892334;1697,810546875;1816,1058349609375;1716;
362,249;2,1887052059173584;1702,619140625;1609,4539794921875;1716;
362,25;2,134692668914795;1691,83740234375;1637,959228515625;1716;
362,251;2,110288381576538;1716,597412109375;1794,4210205078125;1716;
362,252;2,1456427574157715;1689,163330078125;1690,9451904296875;1716;
362,253;2,844754695892334;1698,1102294921875;1824,3734130859375;1716;
362,254;2,243411064147949;1702,920654296875;1613,774658203125;1716;
362,255;2,1235852241516113;1693,6248779296875;1770,63623046875;1716;
362,256;2,110288381576538;1717,823974609375;1722,4384765625;1716;
362,257;2,1348161697387695;1678,84375;1695,715087890625;1716;
362,258;2,1029953956604004;1711,405029296875;1794,4210205078125;1716;
362,259;2,1199333667755127;1692,1351318359375;1598,7528076171875;1716;
362,26;2,1714401245117188;1693,0286865234375;1781,1290283203125;1716;
362,261;2,860448122024536;1716,904052734375;1727,3880615234375;1716;
362,262;2,074158191680908;1678,2579345703125;1700,51220703125;1716;
362,263;2,1018190383911133;1712,319091796875;1791,7467041015625;1716;
362,264;2,1211097240448;1693,0286865234375;1598,7528076171875;1716;
362,265;2,110564947128296;1683,545654296875;1781,1290283203125;1716;
362,266;2,230436325073242;1716,904052734375;1727,3880615234375;1716;
362,267;2,0753345489501953;1678,2579345703125;1700,51220703125;1716;
362,268;2,1505885124206543;1712,319091796875;1791,7467041015625;1716;
362,269;2,7831974029541016;1693,3267822265625;1600,881591796875;1716;
362,27;2,1271774768829346;1700,511962890625;1775,8671875;1716;
362,271;2,153118133544922;1717,21044921875;1799,7935791015625;1716;
362,272;2,744152307510376;1677,965087890625;1600,881591796875;1716;
362,273;2,1517648696899414;1698,1102294921875;1821,609130859375;1716;
362,274;2,12583327293396;1702,619140625;1611,611328125;1716;
362,275;2,0956623554229736;1671,549560546875;1642,4345703125;1716;
362,276;2,154294490814209;1716,597412109375;1722,4384765625;1716;
362,277;2,744152307510376;1677,67236328125;1571,5843505859375;1716;
362,278;2,104339122772217;1708,97216796875;1755,127197265625;1716;
362,279;2,115002393722534;1694,2216796875;1681,4854736328125;1716;
362,28;2,741276264190674;1667,781494140625;1557,3343505859375;1716;
362,281;2,196620464324951;1703,22216796875;1747,473876953125;1716;
362,282;2,154294490814209;1688,2738037109375;1581,923828125;1716;
362,283;2,092440605163574;1697,5107421875;1757,693115234375;1716;
362,284;2,12583327293396;1693,923095703125;1555,319580078125;1716;
362,285;2,759232997894287;1683,84033203125;1747,473876953125;1716;
362,286;2,1578519344329834;1711,70947265625;1855,3427734375;1716;
362,287;2,1592600345611572;1670,09814453125;1547,3128662109375;1716;
362,288;2,0995664596557617;1705,638671875;1739,8873291015625;1716;
362,289;2,175798177719116;1686,79345703125;1561,37939453125;1716;
362,29;2,0898118019104004;1680,8975830078125;1750,017578125;1716;
362,291;2,147298812866211;1711,1004638671875;1858,210205078125;1716;
362,292;2,1896040439605713;1671,549560546875;1667,4925537109375;1716;
362,293;2,8477489948272705;1706,54638671875;1813,3665771484375;1716;
362,294;2,0995664596557617;1707,15234375;1742,40869140625;1716;
362,295;2,095815658569336;1696,313232421875;1674,459716796875;1716;
362,296;2,844754695892334;1701,715576171875;1672,130859375;1716;
362,297;2,2034101486206055;1688,2738037109375;1613,774658203125;1716;
362,298;2,134692668914795;1681,4853515625;1642,4345703125;1716;
362,299;2,104339122772217;1711,1004638671875;1797,103271484375;1716;
362,3;2,127721071243286;1688,5703125;1781,1290283203125;1716;
362,301;2,844754695892334;1697,810546875;1724,90966796875;1716;
362,302;2,1898815631866455;1702,920654296875;1700,51220703125;1716;
362,303;2,135869026184082;1693,0286865234375;1635,730712890625;1716;
362,304;2,110288381576538;1717,21044921875;1794,4210205078125;1716;
362,305;2,1348161697387695;1678,55078125;1600,881591796875;1716;
362,306;2,1029953956604004;1706,2437744140625;1797,103271484375;1716;
362,307;2,113865613937378;1690,0537109375;1603,01611328125;1716;
362,308;2,1714401245117188;1682,073486328125;1686,2020263671875;1716;
362,309;2,8347442150115967;1699,910888671875;1681,4854736328125;1716;
362,31;2,0681893825531006;1670,09814453125;1553,3101806640625;1716;
362,311;2,095815658569336;1703,52392578125;1757,693115234375;1716;
362,312;2,8489253520965576;1705,638671875;1712,6240234375;1716;
362,313;2,1017301082611084;1673,00341796875;1571,5843505859375;1716;
362,314;2,742842674255371;1703,82568359375;1719,974365234375;1716;
362,315;2,0872724056243896;1688,2738037109375;1695,715087890625;1716;
362,316;2,1567647457122803;1713,2340087890625;1681,4854736328125;1716;
362,317;2,8563365936279297;1710,4918212890625;1676,7950439453125;1716;
362,318;2,1211097240448;1692,1351318359375;1679,136962890625;1716;
362,319;2,1469762325286865;1713,2340087890625;1799,7935791015625;1716;
362,32;2,744152307510376;1675,91845703125;1600,881591796875;1716;
362,321;2,207059144973755;1691,83740234375;1773,2479248046875;1716;
362,322;2,12583327293396;1706,849365234375;1734,865966796875;1716;
362,323;2,113865613937378;1690,350830078125;1707,7586669921875;1716;
362,324;2,2103867530822754;1717,21044921875;1786,4219970703125;1716;
362,325;2,125349998474121;1678,55078125;1598,7528076171875;1716;
362,326;2,086491584777832;1693,0286865234375;1635,730712890625;1716;
362,327;2,127009630203247;1701,41455078125;1698,1102294921875;1716;
362,328;2,766446828842163;1687,9775390625;1688,5703125;1716;
362,329;2,1903252601623535;1697,5107421875;1679,136962890625;1716;
362,33;2,1481525897979736;1690,64794921875;1695,715087890625;1716;
362,331;2,092440605163574;1699,010009765625;1683,8404541015625;1716;
362,332;2,1078224182128906;1693,923095703125;1611,611328125;1716;
362,333;2,1497418880462646;1683,545654296875;1642,4345703125;1716;
362,334;2,125507116317749;1694,52001953125;1656,0084228515625;1716;
362,335;2,1285507678985596;1678,84375;1640,19384765625;1716;
362,336;2,7871603965759277;1692,730712890625;1656,0084228515625;1716;
362,337;2,1511712074279785;1712,6239013671875;1760,2666015625;1716;
362,338;2,0778048038482666;1693,3267822265625;1719,974365234375;1716;
362,339;2,1327710151672363;1699,910888671875;1693,326904296875;1716;
362,34;2,153118133544922;1681,4853515625;1508,484375;1716;
362,341;2,7859840393066406;1694,52001953125;1712,6240234375;1716;
362,342;2,173644542694092;1717,5172119140625;1838,3212890625;1716;
362,343;2,083808422088623;1673,876708984375;1646,934326171875;1716;
362,344;2,8533620834350586;1706,849365234375;1658,29248046875;1716;
362,345;2,2034101486206055;1682,9564208984375;1633,50830078125;1716;
362,346;2,134692668914795;1695,416259765625;1651,4588623046875;1716;
362,347;2,110288381576538;1718,130859375;1802,4918212890625;1716;
362,348;2,127721071243286;1676,21044921875;1644,681396484375;1716;
362,349;2,861969470977783;1708,061767578125;1797,103271484375;1716;
362,35;2,113865613937378;1690,945068359375;1603,01611328125;1716;
362,351;2,1297271251678467;1693,0286865234375;1683,8404541015625;1716;
362,352;2,092440605163574;1699,910888671875;1679,136962890625;1716;
362,353;2,147188663482666;1686,4976806640625;1674,459716796875;1716;
362,354;2,934687376022339;1711,1004638671875;1755,127197265625;1716;
362,355;2,138136625289917;1708,97216796875;1715,067138671875;1716;
362,356;2,1777350902557373;1701,113525390625;1757,693115234375;1716;
362,357;2,8433122634887695;1703,82568359375;1715,067138671875;1716;
362,358;2,0860960483551025;1688,5703125;1693,326904296875;1716;
362,359;2,1078224182128906;1712,01416015625;1816,1058349609375;1716;
362,36;2,139312982559204;1709,579833984375;1742,40869140625;1716;
362,361;2,184030294418335;1691,242431640625;1742,40869140625;1716;
362,362;2,147030830383301;1719,3592529296875;1858,210205078125;1716;
362,363;2,081303596496582;1679,429931640625;1626,876953125;1716;
362,364;2,107701301574707;1710,4918212890625;1855,3427734375;1716;
362,365;2,8563365936279297;1708,97216796875;1760,2666015625;1716;
362,366;2,1211097240448;1691,539794921875;1719,974365234375;1716;
362,367;2,1469762325286865;1723,673095703125;1855,3427734375;1716;
362,368;2,098033905029297;1698,1102294921875;1622,48583984375;1716;
362,369;2,1641178131103516;1714,76123046875;1818,8533935546875;1716;
362,37;2,101522445678711;1711,405029296875;1744,9376220703125;1716;
362,371;2,1017301082611084;1676,21044921875;1712,6240234375;1716;
362,372;2,1420109272003174;1716,2911376953125;1855,3427734375;1716;
362,373;2,76926326751709;1694,52001953125;1622,48583984375;1716;
362,374;2,092440605163574;1701,41455078125;1649,1934814453125;1716;
362,375;2,1330130100250244;1711,1004638671875;1611,611328125;1716;
362,376;2,749666452407837;1675,91845703125;1642,4345703125;1716;
362,377;2,165142297744751;1718,130859375;1724,90966796875;1716;
362,378;2,111178159713745;1678,84375;1698,1102294921875;1716;
362,379;2,086491584777832;1693,0286865234375;1686,2020263671875;1716;
362,38;2,12583327293396;1692,730712890625;1600,881591796875;1716;
362,381;2,8319473266601562;1700,21142578125;1775,8671875;1716;
362,382;2,196620464324951;1703,52392578125;1719,974365234375;1716;
362,383;2,153118133544922;1678,84375;1605,1563720703125;1716;
362,384;2,087667942047119;1693,6248779296875;1637,959228515625;1716;
362,385;2,12583327293396;1703,52392578125;1613,774658203125;1716;
362,386;2,083808422088623;1672,130615234375;1644,681396484375;1716;
362,387;2,1388585567474365;1705,941162109375;1797,103271484375;1716;
362,388;2,153118133544922;1678,55078125;1571,5843505859375;1716;
362,389;2,7859840393066406;1693,3267822265625;1620,29931640625;1716;
362,39;2,173644542694092;1717,21044921875;1783,7716064453125;1716;
362,391;2,083808422088623;1668,0706787109375;1649,1934814453125;1716;
362,392;2,1376819610595703;1703,82568359375;1799,7935791015625;1716;
362,393;2,154294490814209;1678,55078125;1571,5843505859375;1716;
362,394;2,140953302383423;1710,187744140625;1752,568603515625;1716;
362,395;2,104339122772217;1708,668701171875;1712,6240234375;1716;
362,396;2,096992015838623;1684,4300537109375;1681,4854736328125;1716;
362,397;2,7804107666015625;1695,416259765625;1676,7950439453125;1716;
362,398;2,187528610229492;1701,715576171875;1676,7950439453125;1716;
362,399;2,135869026184082;1681,7794189453125;1640,19384765625;1716;
362,4;2,104339122772217;1711,405029296875;1797,103271484375;1716;
362,401;2,12654447555542;1688,2738037109375;1781,1290283203125;1716;
362,402;2,8631460666656494;1714,4556884765625;1875,6038818359375;1716;
362,403;2,1199333667755127;1694,2216796875;1633,50830078125;1716;
362,404;2,134692668914795;1709,8837890625;1807,912841796875;1716;
362,405;2,8518800735473633;1708,668701171875;1739,8873291015625;1716;
362,406;2,145014762878418;1696,6124267578125;1674,459716796875;1716;
362,407;2,1078224182128906;1718,7447509765625;1813,3665771484375;1716;
362,408;2,129974126815796;1696,0140380859375;1609,4539794921875;1716;
362,409;2,1777350902557373;1698,1102294921875;1818,8533935546875;1716;
362,41;2,128797769546509;1702,920654296875;1744,9376220703125;1716;
362,411;2,0872724056243896;1688,5703125;1705,3363037109375;1716;
362,412;2,1078224182128906;1719,666748046875;1813,3665771484375;1716;
362,413;2,8391611576080322;1696,911865234375;1609,4539794921875;1716;
362,414;2,1761345863342285;1685,61083984375;1642,4345703125;1716;
362,415;2,1469762325286865;1702,920654296875;1744,9376220703125;1716;
362,416;2,0860960483551025;1687,9775390625;1705,3363037109375;1716;
362,417;2,1602940559387207;1718,7447509765625;1813,3665771484375;1716;
362,418;2,8563365936279297;1713,539306640625;1742,40869140625;1716;
362,419;2,1199333667755127;1693,6248779296875;1710,1878662109375;1716;
362,42;2,1481525897979736;1719,974365234375;1858,210205078125;1716;
362,421;2,7525224685668945;1680,016845703125;1626,876953125;1716;
362,422;2,1505885124206543;1694,2216796875;1651,4588623046875;1716;
362,423;2,174293041229248;1709,2760009765625;1760,2666015625;1716;
362,424;2,1199333667755127;1691,539794921875;1719,974365234375;1716;
362,425;2,2085039615631104;1723,673095703125;1855,3427734375;1716;
362,426;2,1355676651000977;1698,409912109375;1624,678466796875;1716;
362,427;2,0983898639678955;1703,22216796875;1649,1934814453125;1716;
362,428;2,113826036453247;1710,796142578125;1742,40869140625;1716;
362,429;2,750842809677124;1675,62646484375;1710,1878662109375;1716;
362,43;2,2029154300689697;1715,372802734375;1705,3363037109375;1716;
362,431;2,140834331512451;1694,52001953125;1688,5703125;1716;
362,432;2,0936169624328613;1701,113525390625;1679,136962890625;1716;
362,433;2,113826036453247;1692,730712890625;1734,865966796875;1716;
362,434;2,830770969390869;1700,21142578125;1707,7586669921875;1716;
362,435;2,1388585567474365;1703,22216796875;1688,5703125;1716;
362,436;2,153118133544922;1696,313232421875;1609,4539794921875;1716;
362,437;2,777554512023926;1685,3155517578125;1640,19384765625;1716;
362,438;2,1268882751464844;1713,2340087890625;1797,103271484375;1716;
362,439;2,083808422088623;1689,163330078125;1783,7716064453125;1716;
362,44;2,13159441947937;1698,1102294921875;1724,90966796875;1716;
362,441;2,154294490814209;1678,84375;1600,881591796875;1716;
362,442;2,8591532707214355;1710,187744140625;1770,63623046875;1716;
362,443;2,1663014888763428;1708,97216796875;1724,90966796875;1716;
362,444;2,1029953956604004;1688,86669921875;1679,136962890625;1716;
362,445;2,1437695026397705;1714,76123046875;1816,1058349609375;1716;
362,446;2,2212226390838623;1688,2738037109375;1553,3101806640625;1716;
362,447;2,129974126815796;1697,5107421875;1739,8873291015625;1716;
362,448;2,092440605163574;1702,0166015625;1707,7586669921875;1716;
362,449;2,095815658569336;1680,310302734375;1681,4854736328125;1716;
362,45;2,8631460666656494;1710,187744140625;1818,8533935546875;1716;
362,451;2,200098991394043;1708,97216796875;1744,9376220703125;1716;
362,452;2,140834331512451;1697,810546875;1739,8873291015625;1716;
362,453;2,111464738845825;1719,666748046875;1855,3427734375;1716;
362,454;2,1327013969421387;1688,86669921875;1827,14599609375;1716;
362,455;2,1071555614471436;1714,4556884765625;1744,9376220703125;1716;
362,456;2,139312982559204;1711,1004638671875;1710,1878662109375;1716;
362,457;2,1830668449401855;1707,758544921875;1742,40869140625;1716;
362,458;2,095583200454712;1707,455322265625;1858,210205078125;1716;
362,459;2,1400344371795654;1686,4976806640625;1681,4854736328125;1716;
362,46;2,1078224182128906;1713,2340087890625;1818,8533935546875;1716;
362,461;2,138136625289917;1710,187744140625;1609,4539794921875;1716;
362,462;2,1663215160369873;1694,2216796875;1775,8671875;1716;
362,463;2,859271764755249;1718,130859375;1724,90966796875;1716;
362,464;2,074158191680908;1679,1368408203125;1698,1102294921875;1716;
362,465;2,1029953956604004;1712,319091796875;1794,4210205078125;1716;
362,466;2,7831974029541016;1693,0286865234375;1598,7528076171875;1716;
362,467;2,1903252601623535;1693,3267822265625;1644,681396484375;1716;
362,468;2,154294490814209;1717,5172119140625;1802,4918212890625;1716;
362,469;2,074158191680908;1678,2579345703125;1603,01611328125;1716;
362,47;2,1817917823791504;1698,7100830078125;1679,136962890625;1716;
362,471;2,096759796142578;1703,22216796875;1676,7950439453125;1716;
362,472;2,113865613937378;1688,2738037109375;1676,7950439453125;1716;
362,473;2,1592600345611572;1703,22216796875;1681,4854736328125;1716;
362,474;2,7620694637298584;1688,5703125;1676,7950439453125;1716;
362,475;2,153968334197998;1698,409912109375;1818,8533935546875;1716;
362,476;2,7916171550750732;1701,715576171875;1662,8797607421875;1716;
362,477;2,1332452297210693;1704,4295654296875;1813,3665771484375;1716;
362,478;2,171543836593628;1700,511962890625;1635,730712890625;1716;
362,479;2,1039042472839355;1670,678466796875;1535,4560546875;1716;
362,48;2,0995664596557617;1706,54638671875;1732,3660888671875;1716;
362,481;2,1318366527557373;1700,511962890625;1683,8404541015625;1716;
362,482;2,741276264190674;1670,678466796875;1681,4854736328125;1716;
362,483;2,1977968215942383;1709,579833984375;1765,4361572265625;1716;
362,484;2,153118133544922;1675,042724609375;1590,2938232421875;1716;
362,485;2,104339122772217;1708,668701171875;1762,8475341796875;1716;
362,486;2,1210060119628906;1699,310302734375;1611,611328125;1716;
362,487;2,077765464782715;1686,4976806640625;1644,681396484375;1716;
362,488;2,2057321071624756;1712,928955078125;1797,103271484375;1716;
362,489;2,1420109272003174;1679,723388671875;1611,611328125;1716;
362,49;2,7859840393066406;1693,6248779296875;1775,8671875;1716;
362,491;2,1880128383636475;1693,0286865234375;1603,01611328125;1716;
362,492;2,08498477935791;1683,545654296875;1640,19384765625;1716;
362,493;2,1437695026397705;1711,70947265625;1794,4210205078125;1716;
362,494;2,140834331512451;1678,2579345703125;1611,611328125;1716;
362,495;2,7871603965759277;1692,432861328125;1640,19384765625;1716;
362,496;2,1724679470062256;1716,597412109375;1797,103271484375;1716;
362,497;2,083808422088623;1689,4599609375;1688,5703125;1716;
362,498;2,1327710151672363;1697,810546875;1679,136962890625;1716;
362,499;2,1959187984466553;1702,619140625;1695,715087890625;1716;
362,5;2,134692668914795;1699,010009765625;1683,8404541015625;1716;
362,501;2,0936169624328613;1702,920654296875;1679,136962890625;1716;
362,502;2,095815658569336;1692,1351318359375;1710,1878662109375;1716;
362,503;2,788820505142212;1699,010009765625;1690,9451904296875;1716;
362,504;2,1949901580810547;1703,22216796875;1683,8404541015625;1716;
362,505;2,116266965866089;1693,3267822265625;1712,6240234375;1716;
362,506;2,110288381576538;1717,21044921875;1838,3212890625;1716;
362,507;2,127721071243286;1673,58544921875;1644,681396484375;1716;
362,508;2,8791847229003906;1723,673095703125;1797,103271484375;1716;
362,509;2,1260011196136475;1698,409912109375;1603,01611328125;1716;
362,51;2,135869026184082;1695,117431640625;1686,2020263671875;1716;
362,511;2,110288381576538;1718,7447509765625;1827,14599609375;1716;
362,512;2,12654447555542;1700,511962890625;1773,2479248046875;1716;
362,513;2,1029953956604004;1703,52392578125;1719,974365234375;1716;
362,514;2,1320688724517822;1705,638671875;1695,715087890625;1716;
362,515;2,1777350902557373;1710,187744140625;1773,2479248046875;1716;
362,516;2,8518800735473633;1708,668701171875;1722,4384765625;1716;
362,517;2,0860960483551025;1690,64794921875;1695,715087890625;1716;
362,518;2,1078224182128906;1714,4556884765625;1816,1058349609375;1716;
362,519;2,857512950897217;1711,1004638671875;1742,40869140625;1716;
362,52;2,184030294418335;1698,1102294921875;1742,40869140625;1716;
362,521;2,147030830383301;1719,974365234375;1858,210205078125;1716;
362,522;2,099210500717163;1696,313232421875;1624,678466796875;1716;
362,523;2,2234675884246826;1715,067138671875;1818,8533935546875;1716;
362,524;2,8563365936279297;1711,70947265625;1744,9376220703125;1716;
362,525;2,1029064655303955;1676,502685546875;1712,6240234375;1716;
362,526;2,1592600345611572;1715,9849853515625;1705,3363037109375;1716;
362,527;2,76926326751709;1694,8187255859375;1688,5703125;1716;
362,528;2,1579413414001465;1711,405029296875;1797,103271484375;1716;
362,529;2,7804107666015625;1692,730712890625;1603,01611328125;1716;
362,53;2,1260011196136475;1699,910888671875;1775,8671875;1716;
362,531;2,172720193862915;1717,5172119140625;1658,29248046875;1716;
362,532;2,744152307510376;1678,2579345703125;1543,3402099609375;1716;
362,533;2,1691179275512695;1709,8837890625;1737,3729248046875;1716;
362,534;2,1330130100250244;1703,82568359375;1683,8404541015625;1716;
362,535;2,741276264190674;1672,130615234375;1681,4854736328125;1716;
362,536;2,153118133544922;1709,579833984375;1765,4361572265625;1716;
362,537;2,111178159713745;1675,042724609375;1590,2938232421875;1716;
362,538;2,104339122772217;1708,668701171875;1631,291748046875;1716;
362,539;2,1198294162750244;1712,319091796875;1705,3363037109375;1716;
362,54;2,7760133743286133;1693,0286865234375;1690,9451904296875;1716;
362,541;2,1903252601623535;1720,8974609375;1797,103271484375;1716;
362,542;2,153118133544922;1680,310302734375;1603,01611328125;1716;
362,543;2,7871603965759277;1694,2216796875;1770,63623046875;1716;
362,544;2,838074207305908;1707,455322265625;1734,865966796875;1716;
362,545;2,077765464782715;1690,945068359375;1707,7586669921875;1716;
362,546;2,2620368003845215;1715,6788330078125;1688,5703125;1716;
362,547;2,140834331512451;1690,945068359375;1690,9451904296875;1716;
362,548;2,7944138050079346;1699,310302734375;1681,4854736328125;1716;
362,549;2,1585044860839844;1710,187744140625;1744,9376220703125;1716;
362,55;2,095815658569336;1692,432861328125;1712,6240234375;1716;
362,551;2,13159441947937;1699,310302734375;1688,5703125;1716;
362,552;2,154294490814209;1679,723388671875;1510,37939453125;1716;
362,553;2,8591532707214355;1710,4918212890625;1861,0867919921875;1716;
362,554;2,1663014888763428;1708,668701171875;1762,8475341796875;1716;
362,555;2,08498477935791;1674,1680908203125;1679,136962890625;1716;
362,556;2,155944585800171;1723,982177734375;1816,1058349609375;1716;
362,557;2,1959187984466553;1698,7100830078125;1611,611328125;1716;
362,558;2,135869026184082;1698,7100830078125;1681,4854736328125;1716;
362,559;2,22599720954895;1719,666748046875;1821,609130859375;1716;
362,56;2,095694065093994;1700,21142578125;1775,8671875;1716;
362,561;2,8545384407043457;1703,52392578125;1722,4384765625;1716;
362,562;2,1938138008117676;1705,638671875;1698,1102294921875;1716;
362,563;2,134692668914795;1709,8837890625;1770,63623046875;1716;
362,564;2,1174137592315674;1725,5284423828125;1872,682373046875;1716;
362,565;2,1327013969421387;1680,016845703125;1681,4854736328125;1716;
362,566;2,861969470977783;1709,8837890625;1818,8533935546875;1716;
362,567;2,139312982559204;1708,97216796875;1744,9376220703125;1716;
362,568;2,122408866882324;1706,54638671875;1744,9376220703125;1716;
362,569;2,1162374019622803;1724,600341796875;1710,1878662109375;1716;
362,57;2,160737991333008;1699,310302734375;1693,326904296875;1716;
362,571;2,113826036453247;1714,150146484375;1799,7935791015625;1716;
362,572;2,1199333667755127;1693,923095703125;1600,881591796875;1716;
362,573;2,1789114475250244;1694,8187255859375;1781,1290283203125;1716;
362,574;2,859271764755249;1718,437744140625;1727,3880615234375;1716;
362,575;2,074158191680908;1679,1368408203125;1700,51220703125;1716;
362,576;2,1029953956604004;1712,6239013671875;1791,7467041015625;1716;
362,577;2,7831974029541016;1693,0286865234375;1598,7528076171875;1716;
362,578;2,1903252601623535;1693,0286865234375;1644,681396484375;1716;
362,579;2,148207187652588;1716,904052734375;1660,5828857421875;1716;
362,58;2,074158191680908;1677,965087890625;1543,3402099609375;1716;
362,581;2,1198294162750244;1700,511962890625;1695,715087890625;1716;
362,582;2,1332452297210693;1704,127685546875;1683,8404541015625;1716;
362,583;2,096250534057617;1671,840087890625;1679,136962890625;1716;
362,584;2,153118133544922;1708,97216796875;1765,4361572265625;1716;
362,585;2,745328664779663;1673,876708984375;1588,1929931640625;1716;
362,586;2,1629414558410645;1715,372802734375;1742,40869140625;1716;
362,587;2,8563365936279297;1711,70947265625;1705,3363037109375;1716;
362,588;2,1211097240448;1692,730712890625;1693,326904296875;1716;
362,589;2,1469762325286865;1711,70947265625;1722,4384765625;1716;
362,59;2,76926326751709;1692,1351318359375;1695,715087890625;1716;
362,591;2,1579413414001465;1714,76123046875;1816,1058349609375;1716;
362,592;2,099757671356201;1711,405029296875;1742,40869140625;1716;
362,593;2,774836778640747;1692,432861328125;1710,1878662109375;1716;
362,594;2,1540348529815674;1719,974365234375;1858,210205078125;1716;
362,595;2,7776336669921875;1696,6124267578125;1626,876953125;1716;
362,596;2,092440605163574;1702,619140625;1651,4588623046875;1716;
362,597;2,1330130100250244;1711,405029296875;1609,4539794921875;1716;
362,598;2,749666452407837;1675,91845703125;1642,4345703125;1716;
362,599;2,2029154300689697;1717,5172119140625;1724,90966796875;1716;
362,6;2,154294490814209;1678,55078125;1573,6414794921875;1716;
362,601;2,104339122772217;1709,8837890625;1755,127197265625;1716;
362,602;2,1318366527557373;1694,8187255859375;1557,3343505859375;1716;
362,603;2,76762318611145;1684,4300537109375;1747,473876953125;1716;
362,604;2,2057321071624756;1712,319091796875;1855,3427734375;1716;
362,605;2,1592600345611572;1670,38818359375;1547,3128662109375;1716;
362,606;2,851732015609741;1705,638671875;1737,3729248046875;1716;
362,607;2,1318366527557373;1695,416259765625;1622,48583984375;1716;
362,608;2,766446828842163;1685,3155517578125;1651,4588623046875;1716;
362,609;2,1449458599090576;1712,928955078125;1799,7935791015625;1716;
362,61;2,140834331512451;1681,19140625;1611,611328125;1716;
362,611;2,7859840393066406;1694,2216796875;1640,19384765625;1716;
362,612;2,1708178520202637;1705,336181640625;1698,1102294921875;1716;
362,613;2,083808422088623;1689,7568359375;1688,5703125;1716;
362,614;2,128797769546509;1697,810546875;1679,136962890625;1716;
362,615;2,1481525897979736;1690,64794921875;1695,715087890625;1716;
362,616;2,7944138050079346;1699,010009765625;1683,8404541015625;1716;
362,617;2,1511712074279785;1702,920654296875;1679,136962890625;1716;
362,618;2,096992015838623;1692,1351318359375;1710,1878662109375;1716;
362,619;2,788820505142212;1699,010009765625;1690,9451904296875;1716;
362,62;2,1590003967285156;1703,22216796875;1683,8404541015625;1716;
362,621;2,135869026184082;1701,715576171875;1646,934326171875;1716;
362,622;2,100742816925049;1704,4295654296875;1660,5828857421875;1716;
362,623;2,095815658569336;1675,62646484375;1584,0079345703125;1716;
362,624;2,8545384407043457;1707,758544921875;1760,2666015625;1716;
362,625;2,1938138008117676;1707,758544921875;1717,517333984375;1716;
362,626;2,134692668914795;1702,31787109375;1757,693115234375;1716;
362,627;2,8433122634887695;1704,731689453125;1715,067138671875;1716;
362,628;2,138857841491699;1688,86669921875;1681,4854736328125;1716;
362,629;2,861969470977783;1712,319091796875;1818,8533935546875;1716;
362,63;2,139312982559204;1710,187744140625;1744,9376220703125;1716;
362,631;2,140834331512451;1698,409912109375;1739,8873291015625;1716;
362,632;2,1162374019622803;1720,281982421875;1707,7586669921875;1716;
362,633;2,160737991333008;1696,6124267578125;1688,5703125;1716;
362,634;2,1078224182128906;1712,6239013671875;1799,7935791015625;1716;
362,635;2,1199333667755127;1693,0286865234375;1600,881591796875;1716;
362,636;2,2685039043426514;1694,8187255859375;1644,681396484375;1716;
362,637;2,859271764755249;1718,437744140625;1660,5828857421875;1716;
362,638;2,1348161697387695;1678,84375;1543,3402099609375;1716;
362,639;2,1210060119628906;1700,812744140625;1695,715087890625;1716;
362,64;2,1320688724517822;1704,127685546875;1683,8404541015625;1716;
362,641;2,1777350902557373;1712,01416015625;1715,067138671875;1716;
362,642;2,8518800735473633;1709,579833984375;1695,715087890625;1716;
362,643;2,074158191680908;1674,7510986328125;1559,354248046875;1716;
362,644;2,1198294162750244;1708,97216796875;1827,14599609375;1716;
362,645;2,857512950897217;1708,668701171875;1747,473876953125;1716;
362,646;2,2381479740142822;1691,242431640625;1712,6240234375;1716;
362,647;2,1654019355773926;1711,70947265625;1712,6240234375;1716;
362,648;2,0932414531707764;1692,432861328125;1690,9451904296875;1716;
362,649;2,1567647457122803;1712,319091796875;1816,1058349609375;1716;
362,65;2,8563365936279297;1709,8837890625;1742,40869140625;1716;
362,651;2,1211097240448;1691,242431640625;1710,1878662109375;1716;
362,652;2,1654019355773926;1719,052001953125;1707,7586669921875;1716;
362,653;2,7776336669921875;1696,0140380859375;1688,5703125;1716;
362,654;2,1579413414001465;1712,319091796875;1797,103271484375;1716;
362,655;2,7814323902130127;1693,0286865234375;1603,01611328125;1716;
362,656;2,1260011196136475;1699,910888671875;1775,8671875;1716;
362,657;2,172720193862915;1717,5172119140625;1658,29248046875;1716;
362,658;2,744152307510376;1678,2579345703125;1543,3402099609375;1716;
362,659;2,1663014888763428;1709,8837890625;1737,3729248046875;1716;
362,66;2,1330130100250244;1703,82568359375;1683,8404541015625;1716;
362,661;2,766446828842163;1688,5703125;1679,136962890625;1716;
362,662;2,2212226390838623;1705,0338134765625;1662,8797607421875;1716;
362,663;2,123372793197632;1688,86669921875;1667,4925537109375;1716;
362,664;2,092440605163574;1698,1102294921875;1813,3665771484375;1716;
362,665;2,12583327293396;1707,758544921875;1715,067138671875;1716;
362,666;2,76762318611145;1690,64794921875;1695,715087890625;1716;
362,667;2,2092103958129883;1715,6788330078125;1681,4854736328125;1716;
362,668;2,140834331512451;1689,4599609375;1695,715087890625;1716;
362,669;2,0936169624328613;1699,010009765625;1683,8404541015625;1716;
362,67;2,113826036453247;1710,796142578125;1742,40869140625;1716;
362,671;2,083704710006714;1692,1351318359375;1710,1878662109375;1716;
362,672;2,2132134437561035;1715,9849853515625;1835,5145263671875;1716;
362,673;2,140834331512451;1696,0140380859375;1688,5703125;1716;
362,674;2,7944138050079346;1701,715576171875;1679,136962890625;1716;
362,675;2,1330130100250244;1693,0286865234375;1605,1563720703125;1716;
362,676;2,0898118019104004;1683,545654296875;1642,4345703125;1716;
362,677;2,1437695026397705;1711,70947265625;1794,4210205078125;1716;
362,678;2,1604363918304443;1678,84375;1573,6414794921875;1716;
362,679;2,8591532707214355;1709,8837890625;1752,568603515625;1716;
362,68;2,175798177719116;1725,5284423828125;1861,0867919921875;1716;
362,681;2,108999013900757;1692,730712890625;1681,4854736328125;1716;
362,682;2,1498570442199707;1716,597412109375;1818,8533935546875;1716;
362,683;2,1592600345611572;1712,319091796875;1547,3128662109375;1716;
362,684;2,11781907081604;1690,945068359375;1739,8873291015625;1716;
362,685;2,1724679470062256;1716,597412109375;1707,7586669921875;1716;
362,686;2,1018190383911133;1683,545654296875;1649,1934814453125;1716;
362,687;2,8631460666656494;1712,319091796875;1799,7935791015625;1716;
362,688;2,181243419647217;1692,730712890625;1603,01611328125;1716;
362,689;2,1469762325286865;1693,923095703125;1642,4345703125;1716;
362,69;2,111464738845825;1717,5172119140625;1658,29248046875;1716;
362,691;2,083808422088623;1693,923095703125;1719,974365234375;1716;
362,692;2,788820505142212;1700,21142578125;1695,715087890625;1716;
362,693;2,1761345863342285;1686,79345703125;1561,37939453125;1716;
362,694;2,1285507678985596;1695,117431640625;1649,1934814453125;1716;
362,695;2,092440605163574;1701,41455078125;1662,8797607421875;1716;
362,696;2,122152328491211;1709,2760009765625;1872,682373046875;1716;
362,697;2,1071555614471436;1708,061767578125;1765,4361572265625;1716;
362,698;2,138136625289917;1708,061767578125;1719,974365234375;1716;
362,699;2,135869026184082;1703,52392578125;1633,50830078125;1716;
362,7;2,8678395748138428;1723,0556640625;1794,4210205078125;1716;
362,701;2,080127239227295;1681,4853515625;1600,881591796875;1716;
362,702;2,1029953956604004;1715,067138671875;1875,6038818359375;1716;
362,703;2,138136625289917;1711,405029296875;1770,63623046875;1716;
362,704;2,184030294418335;1710,187744140625;1734,865966796875;1716;
362,705;2,869016170501709;1726,14794921875;1855,3427734375;1716;
362,706;2,098033905029297;1699,310302734375;1622,48583984375;1716;
362,707;2,113826036453247;1706,2437744140625;1744,9376220703125;1716;
362,708;2,1332452297210693;1707,15234375;1710,1878662109375;1716;
362,709;2,223564386367798;1674,1680908203125;1695,715087890625;1716;
362,71;2,147030830383301;1716,2911376953125;1715,067138671875;1716;
362,711;2,0932414531707764;1694,8187255859375;1567,486328125;1716;
362,712;2,12583327293396;1718,130859375;1690,9451904296875;1716;
362,713;2,7916171550750732;1696,0140380859375;1683,8404541015625;1716;
362,714;2,239664077758789;1684,7252197265625;1679,136962890625;1716;
362,715;2,1592600345611572;1703,52392578125;1679,136962890625;1716;
362,716;2,0860960483551025;1687,9775390625;1551,305908203125;1716;
362,717;2,1579413414001465;1715,9849853515625;1835,5145263671875;1716;
362,718;2,083704710006714;1694,8187255859375;1620,29931640625;1716;
362,719;2,113865613937378;1684,13525390625;1646,934326171875;1716;
362,72;2,1604363918304443;1712,928955078125;1747,473876953125;1716;
362,721;2,76926326751709;1693,0286865234375;1707,7586669921875;1716;
362,722;2,1567647457122803;1720,589599609375;1813,3665771484375;1716;
362,723;2,102699041366577;1714,4556884765625;1742,40869140625;1716;
362,724;2,774836778640747;1693,923095703125;1710,1878662109375;1716;
362,725;2,1654019355773926;1719,666748046875;1707,7586669921875;1716;
362,726;2,1355676651000977;1696,313232421875;1688,5703125;1716;
362,727;2,092440605163574;1702,0166015625;1681,4854736328125;1716;
362,728;2,1318366527557373;1693,0286865234375;1603,01611328125;1716;
362,729;2,7844033241271973;1699,910888671875;1773,2479248046875;1716;
362,73;2,233941078186035;1717,823974609375;1660,5828857421875;1716;
362,731;2,2257485389709473;1678,84375;1545,323974609375;1716;
362,732;2,105515480041504;1709,8837890625;1737,3729248046875;1716;
362,733;2,1318366527557373;1704,127685546875;1683,8404541015625;1716;
362,734;2,766446828842163;1688,5703125;1679,136962890625;1716;
362,735;2,2069084644317627;1714,4556884765625;1816,1058349609375;1716;
362,736;2,1592600345611572;1688,86669921875;1667,4925537109375;1716;
362,737;2,092440605163574;1698,1102294921875;1813,3665771484375;1716;
362,738;2,127009630203247;1707,758544921875;1715,067138671875;1716;
362,739;2,077765464782715;1690,945068359375;1698,1102294921875;1716;
362,74;2,2632133960723877;1715,9849853515625;1683,8404541015625;1716;
362,741;2,1420109272003174;1688,86669921875;1693,326904296875;1716;
362,742;2,7944138050079346;1698,1102294921875;1681,4854736328125;1716;
362,743;2,1511712074279785;1702,31787109375;1742,40869140625;1716;
362,744;2,096992015838623;1691,539794921875;1710,1878662109375;1716;
362,745;2,1498570442199707;1715,6788330078125;1835,5145263671875;1716;
362,746;2,140834331512451;1696,0140380859375;1688,5703125;1716;
362,747;2,129974126815796;1701,715576171875;1681,4854736328125;1716;
362,748;2,1786344051361084;1721,513427734375;1821,609130859375;1716;
362,749;2,0898118019104004;1683,545654296875;1642,4345703125;1716;
362,75;2,1449458599090576;1712,01416015625;1794,4210205078125;1716;
362,751;2,1592600345611572;1678,84375;1573,6414794921875;1716;
362,752;2,140953302383423;1709,8837890625;1752,568603515625;1716;
362,753;2,105515480041504;1708,365234375;1712,6240234375;1716;
362,754;2,095815658569336;1675,91845703125;1615,943603515625;1716;
362,755;2,8533620834350586;1707,758544921875;1778,494140625;1716;
362,756;2,1949901580810547;1707,15234375;1594,5120849609375;1716;
362,757;2,134692668914795;1701,715576171875;1649,1934814453125;1716;
362,758;2,1162374019622803;1721,20556640625;1802,4918212890625;1716;
362,759;2,0909883975982666;1692,730712890625;1686,2020263671875;1716;
362,76;2,788820505142212;1699,910888671875;1821,609130859375;1716;
362,761;2,1938138008117676;1703,82568359375;1611,611328125;1716;
362,762;2,135869026184082;1693,6248779296875;1637,959228515625;1716;
362,763;2,1281356811523438;1734,86572265625;1794,4210205078125;1716;
362,764;2,138857841491699;1687,08935546875;1603,01611328125;1716;
362,765;2,1826813220977783;1699,610595703125;1662,8797607421875;1716;
362,766;2,2508726119995117;1703,52392578125;1669,8084716796875;1716;
362,767;2,159438133239746;1695,117431640625;1789,08056640625;1716;
362,768;2,111464738845825;1718,130859375;1884,42333984375;1716;
362,769;2,074158191680908;1678,55078125;1635,730712890625;1716;
362,77;2,1018190383911133;1715,067138671875;1715,067138671875;1716;
362,771;2,139312982559204;1711,405029296875;1693,326904296875;1716;
362,772;2,184030294418335;1710,187744140625;1775,8671875;1716;
362,773;2,8678395748138428;1726,457763671875;1878,5345458984375;1716;
362,774;2,081303596496582;1682,6619873046875;1633,50830078125;1716;
362,775;2,1018190383911133;1715,067138671875;1855,3427734375;1716;
362,776;2,138136625289917;1711,1004638671875;1622,48583984375;1716;
362,777;2,182419776916504;1692,730712890625;1651,4588623046875;1716;
362,778;2,1531083583831787;1726,14794921875;1724,90966796875;1716;
362,779;2,080127239227295;1682,36767578125;1698,1102294921875;1716;
362,78;2,1517648696899414;1712,6239013671875;1794,4210205078125;1716;
362,781;2,7831974029541016;1693,0286865234375;1598,7528076171875;1716;
362,782;2,1260011196136475;1700,21142578125;1773,2479248046875;1716;
362,783;2,172720193862915;1717,21044921875;1660,5828857421875;1716;
362,784;2,074158191680908;1677,965087890625;1543,3402099609375;1716;
362,785;2,1691179275512695;1700,511962890625;1695,715087890625;1716;
362,786;2,8489253520965576;1704,127685546875;1683,8404541015625;1716;
362,787;2,113865613937378;1688,5703125;1681,4854736328125;1716;
362,788;2,1592600345611572;1722,746826171875;1805,1982421875;1716;
362,789;2,7536990642547607;1680,8975830078125;1603,01611328125;1716;
362,79;2,1505885124206543;1708,365234375;1797,103271484375;1716;
362,791;2,8563365936279297;1708,061767578125;1734,865966796875;1716;
362,792;2,115041971206665;1690,64794921875;1707,7586669921875;1716;
362,793;2,1654019355773926;1708,365234375;1712,6240234375;1716;
362,794;2,760892868041992;1690,64794921875;1567,486328125;1716;
362,795;2,0964138507843018;1699,310302734375;1620,29931640625;1716;
362,796;2,1078224182128906;1711,70947265625;1760,2666015625;1716;
362,797;2,774836778640747;1692,432861328125;1717,517333984375;1716;
362,798;2,1915016174316406;1723,982177734375;1816,1058349609375;1716;
362,799;2,1343913078308105;1698,409912109375;1609,4539794921875;1716;
362,8;2,0983898639678955;1703,22216796875;1778,494140625;1716;
362,801;2,115002393722534;1719,666748046875;1816,1058349609375;1716;
362,802;2,78322696685791;1696,6124267578125;1744,9376220703125;1716;
362,803;2,2092103958129883;1718,7447509765625;1786,4219970703125;1716;
362,804;2,1604363918304443;1696,313232421875;1598,7528076171875;1716;
362,805;2,7944138050079346;1701,715576171875;1768,032470703125;1716;
362,806;2,1318366527557373;1707,455322265625;1734,865966796875;1716;
362,807;2,078941822052002;1690,64794921875;1707,7586669921875;1716;
362,808;2,260272264480591;1715,372802734375;1688,5703125;1716;
362,809;2,140834331512451;1682,6619873046875;1626,876953125;1716;
362,81;2,7871603965759277;1695,117431640625;1649,1934814453125;1716;
362,811;2,12583327293396;1710,187744140625;1629,081298828125;1716;
362,812;2,0898118019104004;1692,432861328125;1653,7305908203125;1716;
362,813;2,151033401489258;1716,904052734375;1802,4918212890625;1716;
362,814;2,140834331512451;1683,2509765625;1695,715087890625;1716;
362,815;2,8591532707214355;1712,319091796875;1827,14599609375;1716;
362,816;2,16747784614563;1709,579833984375;1747,473876953125;1716;
362,817;2,1018190383911133;1699,910888671875;1672,130859375;1716;
362,818;2,1498570442199707;1719,974365234375;1813,3665771484375;1716;
362,819;2,1604363918304443;1687,9775390625;1555,319580078125;1716;
362,82;2,128797769546509;1697,810546875;1742,40869140625;1716;
362,821;2,1724679470062256;1719,666748046875;1707,7586669921875;1716;
362,822;2,108999013900757;1685,0203857421875;1649,1934814453125;1716;
362,823;2,861969470977783;1712,6239013671875;1799,7935791015625;1716;
362,824;2,1896040439605713;1693,0286865234375;1611,611328125;1716;
362,825;2,1481525897979736;1693,923095703125;1640,19384765625;1716;
362,826;2,110288381576538;1717,5172119140625;1658,29248046875;1716;
362,827;2,083808422088623;1693,923095703125;1722,4384765625;1716;
362,828;2,789996862411499;1699,910888671875;1695,715087890625;1716;
362,829;2,1938138008117676;1703,82568359375;1686,2020263671875;1716;
362,83;2,134692668914795;1703,52392578125;1646,934326171875;1716;
362,831;2,1174137592315674;1722,4383544921875;1799,7935791015625;1716;
362,832;2,1327013969421387;1675,91845703125;1644,681396484375;1716;
362,833;2,1376819610595703;1707,758544921875;1797,103271484375;1716;
362,834;2,1949901580810547;1707,758544921875;1734,865966796875;1716;
362,835;2,140834331512451;1710,187744140625;1752,568603515625;1716;
362,836;2,1162374019622803;1725,838134765625;1861,0867919921875;1716;
362,837;2,189760208129883;1682,36767578125;1626,876953125;1716;
362,838;2,1180646419525146;1712,01416015625;1710,1878662109375;1716;
362,839;2,138136625289917;1709,8837890625;1693,326904296875;1716;
362,84;2,185206651687622;1708,365234375;1755,127197265625;1716;
362,841;2,850703716278076;1708,061767578125;1715,067138671875;1716;
362,842;2,147188663482666;1690,64794921875;1567,486328125;1716;
362,843;2,127009630203247;1717,5172119140625;1693,326904296875;1716;
362,844;2,1260011196136475;1696,0140380859375;1683,8404541015625;1716;
362,845;2,1777350902557373;1700,812744140625;1683,8404541015625;1716;
362,846;2,869016170501709;1721,20556640625;1824,3734130859375;1716;
362,847;2,098033905029297;1696,6124267578125;1613,774658203125;1716;
362,848;2,1078224182128906;1715,9849853515625;1794,4210205078125;1716;
362,849;2,7843737602233887;1694,52001953125;1600,881591796875;1716;
362,85;2,1777350902557373;1710,796142578125;1829,9271240234375;1716;
362,851;2,2339658737182617;1708,97216796875;1750,017578125;1716;
362,852;2,0932414531707764;1691,242431640625;1710,1878662109375;1716;
362,853;2,1137046813964844;1720,8974609375;1810,6357421875;1716;
362,854;2,8563365936279297;1714,150146484375;1739,8873291015625;1716;
362,855;2,1211097240448;1693,6248779296875;1710,1878662109375;1716;
362,856;2,83242130279541;1719,052001953125;1707,7586669921875;1716;
362,857;2,7776336669921875;1696,0140380859375;1688,5703125;1716;
362,858;2,1764707565307617;1712,319091796875;1658,29248046875;1716;
362,859;2,7831974029541016;1693,0286865234375;1667,4925537109375;1716;
362,86;2,1260011196136475;1699,910888671875;1674,459716796875;1716;
362,861;2,172720193862915;1703,82568359375;1683,8404541015625;1716;
362,862;2,760892868041992;1688,5703125;1553,3101806640625;1716;
362,863;2,1567647457122803;1717,5172119140625;1835,5145263671875;1716;
362,864;2,857512950897217;1712,6239013671875;1752,568603515625;1716;
362,865;2,1199333667755127;1692,730712890625;1715,067138671875;1716;
362,866;2,1654019355773926;1730,80712890625;1863,9722900390625;1716;
362,867;2,7620694637298584;1685,3155517578125;1629,081298828125;1716;
362,868;2,092440605163574;1696,911865234375;1651,4588623046875;1716;
362,869;2,12583327293396;1710,187744140625;1624,678466796875;1716;
362,87;2,7760133743286133;1691,539794921875;1649,1934814453125;1716;
362,871;2,1654019355773926;1725,5284423828125;1724,90966796875;1716;
362,872;2,7525224685668945;1682,36767578125;1573,6414794921875;1716;
362,873;2,105515480041504;1712,01416015625;1755,127197265625;1716;
362,874;2,1198294162750244;1695,715087890625;1681,4854736328125;1716;
362,875;2,766446828842163;1685,0203857421875;1679,136962890625;1716;
362,876;2,204091787338257;1703,52392578125;1679,136962890625;1716;
362,877;2,1592600345611572;1688,2738037109375;1553,3101806640625;1716;
362,878;2,092440605163574;1697,5107421875;1739,8873291015625;1716;
362,879;2,127009630203247;1711,70947265625;1752,568603515625;1716;
362,88;2,774836778640747;1692,730712890625;1715,067138671875;1716;
362,881;2,2120368480682373;1716,597412109375;1693,326904296875;1716;
362,882;2,1604363918304443;1693,0286865234375;1567,486328125;1716;
362,883;2,7944138050079346;1700,21142578125;1752,568603515625;1716;
362,884;2,1318366527557373;1707,455322265625;1594,5120849609375;1716;
362,885;2,065298557281494;1674,1680908203125;1635,730712890625;1716;
362,886;2,218341827392578;1724,291259765625;1791,7467041015625;1716;
362,887;2,1654019355773926;1680,6038818359375;1575,7039794921875;1716;
362,888;2,8603296279907227;1711,1004638671875;1755,127197265625;1716;
362,889;2,163484573364258;1713,2340087890625;1824,3734130859375;1716;
362,89;2,1018190383911133;1677,08740234375;1615,943603515625;1716;
362,891;2,1449458599090576;1708,668701171875;1778,494140625;1716;
362,892;2,1592600345611572;1705,0338134765625;1690,9451904296875;1716;
362,893;2,1348752975463867;1706,2437744140625;1827,14599609375;1716;
362,894;2,1769745349884033;1723,673095703125;1715,067138671875;1716;
362,895;2,1078224182128906;1695,117431640625;1698,1102294921875;1716;
362,896;2,1498570442199707;1718,130859375;1683,8404541015625;1716;
362,897;2,2033209800720215;1689,163330078125;1693,326904296875;1716;
362,898;2,7944138050079346;1698,1102294921875;1681,4854736328125;1716;
362,899;2,1724679470062256;1719,3592529296875;1821,609130859375;1716;
362,9;2,108999013900757;1691,539794921875;1644,681396484375;1716;
362,901;2,870577096939087;1715,6788330078125;1797,103271484375;1716;
362,902;2,181243419647217;1694,52001953125;1603,01611328125;1716;
362,903;2,135869026184082;1694,2216796875;1686,2020263671875;1716;
362,904;2,110288381576538;1718,130859375;1824,3734130859375;1716;
362,905;2,1327013969421387;1701,113525390625;1775,8671875;1716;
362,906;2,8803610801696777;1721,20556640625;1872,682373046875;1716;
362,907;2,200098991394043;1714,4556884765625;1768,032470703125;1716;
362,908;2,140834331512451;1709,8837890625;1737,3729248046875;1716;
362,909;2,1174137592315674;1725,5284423828125;1852,4840087890625;1716;
362,91;2,1511712074279785;1699,310302734375;1683,8404541015625;1716;
362,911;2,861969470977783;1715,067138671875;1818,8533935546875;1716;
362,912;2,139312982559204;1711,1004638671875;1611,611328125;1716;
362,913;2,140834331512451;1693,923095703125;1635,730712890625;1716;
362,914;2,859271764755249;1717,5172119140625;1797,103271484375;1716;
362,915;2,1359925270080566;1678,55078125;1600,881591796875;1716;
362,916;2,1198294162750244;1697,810546875;1681,4854736328125;1716;
362,917;2,1502721309661865;1720,281982421875;1676,7950439453125;1716;
362,918;2,172616481781006;1712,928955078125;1869,7698974609375;1716;
362,919;2,140953302383423;1710,4918212890625;1768,032470703125;1716;
362,92;2,0765111446380615;1675,042724609375;1588,1929931640625;1716;
362,921;2,1210060119628906;1716,2911376953125;1742,40869140625;1716;
362,922;2,8563365936279297;1712,01416015625;1705,3363037109375;1716;
362,923;2,184030294418335;1692,730712890625;1693,326904296875;1716;
362,924;2,160362482070923;1729,2513427734375;1875,6038818359375;1716;
362,925;2,080127239227295;1683,84033203125;1633,50830078125;1716;
362,926;2,1078224182128906;1714,76123046875;1855,3427734375;1716;
362,927;2,857512950897217;1711,405029296875;1760,2666015625;1716;
362,928;2,181243419647217;1692,730712890625;1590,2938232421875;1716;
362,929;2,1591861248016357;1728,319091796875;1742,40869140625;1716;
362,93;2,7788100242614746;1700,511962890625;1707,7586669921875;1716;
362,931;2,144412040710449;1712,6239013671875;1789,08056640625;1716;
362,932;2,083704710006714;1693,3267822265625;1598,7528076171875;1716;
362,933;2,1271774768829346;1700,511962890625;1773,2479248046875;1716;
362,934;2,171543836593628;1734,552978515625;1802,4918212890625;1716;
362,935;2,760892868041992;1686,4976806640625;1603,01611328125;1716;
362,936;2,1688859462738037;1714,4556884765625;1802,4918212890625;1716;
362,937;2,089643955230713;1696,0140380859375;1607,30224609375;1716;
362,938;2,113865613937378;1684,7252197265625;1640,19384765625;1716;
362,939;2,1604363918304443;1718,7447509765625;1827,14599609375;1716;
362,94;2,1160988807678223;1679,429931640625;1613,774658203125;1716;
362,941;2,147801637649536;1693,6248779296875;1644,681396484375;1716;
362,942;2,185345411300659;1714,4556884765625;1768,032470703125;1716;
362,943;2,774836778640747;1693,923095703125;1722,4384765625;1716;
362,944;2,267327308654785;1725,838134765625;1855,3427734375;1716;
362,945;2,1355676651000977;1699,310302734375;1624,678466796875;1716;
362,946;2,0983898639678955;1703,52392578125;1649,1934814453125;1716;
362,947;2,1318366527557373;1710,796142578125;1609,4539794921875;1716;
362,948;2,750842809677124;1675,334716796875;1642,4345703125;1716;
362,949;2,196620464324951;1707,758544921875;1794,4210205078125;1716;
362,95;2,153118133544922;1678,55078125;1573,6414794921875;1716;
362,951;2,105515480041504;1709,8837890625;1752,568603515625;1716;
362,952;2,1318366527557373;1703,22216796875;1618,1185302734375;1716;
362,953;2,766446828842163;1688,5703125;1649,1934814453125;1716;
362,954;2,2069084644317627;1714,4556884765625;1799,7935791015625;1716;
362,955;2,140834331512451;1681,4853515625;1613,774658203125;1716;
362,956;2,7859840393066406;1694,8187255859375;1642,4345703125;1716;
362,957;2,145020008087158;1714,4556884765625;1631,291748046875;1716;
362,958;2,083704710006714;1694,2216796875;1656,0084228515625;1716;
362,959;2,2092103958129883;1727,6982421875;1722,4384765625;1716;
362,96;2,1420109272003174;1683,2509765625;1695,715087890625;1716;
362,961;2,7859840393066406;1695,416259765625;1683,8404541015625;1716;
362,962;2,12583327293396;1693,0286865234375;1603,01611328125;1716;
362,963;2,7844033241271973;1699,910888671875;1775,8671875;1716;
362,964;2,1498570442199707;1719,974365234375;1872,682373046875;1716;
362,965;2,1592600345611572;1678,2579345703125;1545,323974609375;1716;
362,966;2,8603296279907227;1709,579833984375;1734,865966796875;1716;
362,967;2,1786344051361084;1725,5284423828125;1705,3363037109375;1716;
362,968;2,1078224182128906;1685,0203857421875;1651,4588623046875;1716;
362,969;2,1449458599090576;1712,6239013671875;1799,7935791015625;1716;
362,97;2,140834331512451;1689,4599609375;1674,459716796875;1716;
362,971;2,128797769546509;1698,409912109375;1672,130859375;1716;
362,972;2,173644542694092;1719,666748046875;1816,1058349609375;1716;
362,973;2,1078224182128906;1689,7568359375;1681,4854736328125;1716;
362,974;2,788820505142212;1697,810546875;1674,459716796875;1716;
362,975;2,145380735397339;1719,974365234375;1674,459716796875;1716;
362,976;2,140953302383423;1711,1004638671875;1866,8665771484375;1716;
362,977;2,104339122772217;1708,97216796875;1765,4361572265625;1716;
362,978;2,0914552211761475;1691,242431640625;1818,8533935546875;1716;
362,979;2,113114595413208;1715,6788330078125;1742,40869140625;1716;
362,98;2,200098991394043;1711,405029296875;1707,7586669921875;1716;
362,981;2,1420109272003174;1715,372802734375;1768,032470703125;1716;
362,982;2,850703716278076;1710,796142578125;1719,974365234375;1716;
362,983;2,107701301574707;1696,6124267578125;1747,473876953125;1716;
362,984;2,114290952682495;1718,437744140625;1855,3427734375;1716;
362,985;2,200098991394043;1712,6239013671875;1624,678466796875;1716;
362,986;2,1229970455169678;1701,715576171875;1768,032470703125;1716;
362,987;2,869016170501709;1720,8974609375;1719,974365234375;1716;
362,988;2,141002655029297;1679,723388671875;1569,53271484375;1716;
362,989;2,191594123840332;1715,372802734375;1690,9451904296875;1716;
362,99;2,1211097240448;1694,52001953125;1559,354248046875;1716;
362,991;2,1405749320983887;1695,715087890625;1651,4588623046875;1716;
362,992;2,7860236167907715;1701,715576171875;1662,8797607421875;1716;
362,993;2,1483652591705322;1687,9775390625;1667,4925537109375;1716;
362,994;2,12583327293396;1716,904052734375;1762,8475341796875;1716;
362,995;2,138136625289917;1712,319091796875;1717,517333984375;1716;
362,996;2,185206651687622;1703,82568359375;1757,693115234375;1716;
362,997;2,8678395748138428;1722,4383544921875;1866,8665771484375;1716;
362,998;2,080127239227295;1680,310302734375;1629,081298828125;1716;
362,999;2,1210060119628906;1711,70947265625;1707,7586669921875;1716;
363;2,8563365936279297;1709,2760009765625;1690,9451904296875;1716;
363,001;2,181243419647217;1691,539794921875;1686,2020263671875;1716;
363,002;2,136051893234253;1707,455322265625;1715,067138671875;1716;
363,003;2,0860960483551025;1690,350830078125;1567,486328125;1716;
363,004;2,12583327293396;1717,21044921875;1690,9451904296875;1716;
363,005;2,857512950897217;1712,6239013671875;1681,4854736328125;1716;
363,006;2,167309284210205;1693,3267822265625;1824,3734130859375;1716;
363,007;2,1654019355773926;1710,4918212890625;1695,715087890625;1716;
363,008;2,075922966003418;1675,334716796875;1559,354248046875;1716;
363,009;2,2429683208465576;1700,812744140625;1752,568603515625;1716;
363,01;2,800036907196045;1704,4295654296875;1710,1878662109375;1716;
363,011;2,115041971206665;1689,163330078125;1695,715087890625;1716;
363,012;2,1469762325286865;1729,2513427734375;1872,682373046875;1716;
363,013;2,7776336669921875;1700,21142578125;1629,081298828125;1716;
363,014;2,1641178131103516;1704,127685546875;1651,4588623046875;1716;
363,015;2,101522445678711;1712,6239013671875;1609,4539794921875;1716;
363,016;2,1199333667755127;1692,730712890625;1781,1290283203125;1716;
363,017;2,1665782928466797;1717,21044921875;1656,0084228515625;1716;
363,018;2,7447404861450195;1677,965087890625;1541,361572265625;1716;
363,019;2,1663014888763428;1709,8837890625;1734,865966796875;1716;
363,02;2,1330130100250244;1695,416259765625;1622,48583984375;1716;
363,021;2,113865613937378;1684,7252197265625;1649,1934814453125;1716;
363,022;2,1592600345611572;1714,4556884765625;1747,473876953125;1716;
363,023;2,1294703483581543;1693,6248779296875;1579,8450927734375;1716;
363,024;2,153968334197998;1700,812744140625;1626,876953125;1716;
363,025;2,1318366527557373;1716,597412109375;1624,678466796875;1716;
363,026;2,7514309883117676;1678,55078125;1649,1934814453125;1716;
363,027;2,1592600345611572;1722,4383544921875;1722,4384765625;1716;
363,028;2,1160988807678223;1680,8975830078125;1571,5843505859375;1716;
363,029;2,105515480041504;1711,1004638671875;1755,127197265625;1716;
363,03;2,1318366527557373;1712,01416015625;1679,136962890625;1716;
363,031;2,774836778640747;1692,730712890625;1676,7950439453125;1716;
363,032;2,2103867530822754;1722,746826171875;1805,1982421875;1716;
363,033;2,1592600345611572;1680,6038818359375;1605,1563720703125;1716;
363,034;2,086491584777832;1693,923095703125;1637,959228515625;1716;
363,035;2,127009630203247;1712,319091796875;1770,63623046875;1716;
363,036;2,083704710006714;1693,3267822265625;1724,90966796875;1716;
363,037;2,2120368480682373;1717,21044921875;1843,960205078125;1716;
363,038;2,1420109272003174;1699,910888671875;1688,5703125;1716;
363,039;2,8763484954833984;1721,20556640625;1821,609130859375;1716;
363,04;2,1198294162750244;1693,3267822265625;1667,4925537109375;1716;
363,041;2,0908203125;1700,511962890625;1674,459716796875;1716;
363,042;2,218341827392578;1720,281982421875;1813,3665771484375;1716;
363,043;2,1592600345611572;1688,5703125;1555,319580078125;1716;
363,044;2,7955901622772217;1698,1102294921875;1742,40869140625;1716;
363,045;2,12583327293396;1712,6239013671875;1752,568603515625;1716;
363,046;2,083704710006714;1693,3267822265625;1715,067138671875;1716;
363,047;2,151033401489258;1716,904052734375;1693,326904296875;1716;
363,048;2,140834331512451;1684,7252197265625;1626,876953125;1716;
363,049;2,8591532707214355;1712,928955078125;1786,4219970703125;1716;
363,05;2,16747784614563;1710,187744140625;1729,8734130859375;1716;
363,051;2,0843966007232666;1709,2760009765625;1829,9271240234375;1716;
363,052;2,1437695026397705;1708,365234375;1747,473876953125;1716;
363,053;2,1604363918304443;1691,242431640625;1598,7528076171875;1716;
363,054;2,147030830383301;1716,597412109375;1768,032470703125;1716;
363,055;2,163484573364258;1712,01416015625;1719,974365234375;1716;
363,056;2,1029953956604004;1680,310302734375;1613,774658203125;1716;
363,057;2,861969470977783;1710,187744140625;1778,494140625;1716;
363,058;2,1592600345611572;1697,211181640625;1629,081298828125;1716;
363,059;2,7955901622772217;1702,619140625;1649,1934814453125;1716;
363,06;2,1786344051361084;1722,1300048828125;1662,8797607421875;1716;
363,061;2,0898118019104004;1697,5107421875;1722,4384765625;1716;
363,062;2,789996862411499;1702,0166015625;1695,715087890625;1716;
363,063;2,137950897216797;1705,0338134765625;1686,2020263671875;1716;
363,064;2,134692668914795;1703,82568359375;1646,934326171875;1716;
363,065;2,230987310409546;1722,4383544921875;1799,7935791015625;1716;
363,066;2,0898118019104004;1692,432861328125;1781,1290283203125;1716;
363,067;2,870577096939087;1716,2911376953125;1875,6038818359375;1716;
363,068;2,20127534866333;1712,01416015625;1770,63623046875;1716;
363,069;2,140834331512451;1710,187744140625;1734,865966796875;1716;
363,07;2,1162374019622803;1726,14794921875;1705,3363037109375;1716;
363,071;2,1523478031158447;1685,0203857421875;1649,1934814453125;1716;
363,072;2,1071555614471436;1712,928955078125;1799,7935791015625;1716;
363,073;2,181243419647217;1693,3267822265625;1603,01611328125;1716;
363,074;2,1481525897979736;1694,52001953125;1642,4345703125;1716;
363,075;2,859271764755249;1717,823974609375;1658,29248046875;1716;
363,076;2,1271326541900635;1678,55078125;1875,6038818359375;1716;
363,077;2,1083319187164307;1708,97216796875;1768,032470703125;1716;
363,078;2,200098991394043;1708,365234375;1719,974365234375;1716;
363,079;2,140834331512451;1721,20556640625;1765,4361572265625;1716;
363,08;2,8518800735473633;1714,4556884765625;1719,974365234375;1716;
363,081;2,1533751487731934;1693,923095703125;1693,326904296875;1716;
363,082;2,188410520553589;1715,067138671875;1818,8533935546875;1716;
363,083;2,139312982559204;1711,70947265625;1744,9376220703125;1716;
363,084;2,184030294418335;1707,15234375;1816,1058349609375;1716;
363,085;2,8678395748138428;1724,291259765625;1742,40869140625;1716;
363,086;2,213679313659668;1698,409912109375;1577,771728515625;1716;
363,087;2,1078224182128906;1716,597412109375;1683,8404541015625;1716;
363,088;2,138136625289917;1711,70947265625;1676,7950439453125;1716;
363,089;2,185206651687622;1692,1351318359375;1679,136962890625;1716;
363,09;2,8678395748138428;1721,8216552734375;1805,1982421875;1716;
363,091;2,080127239227295;1680,016845703125;1605,1563720703125;1716;
363,092;2,1029953956604004;1716,2911376953125;1872,682373046875;1716;
363,093;2,8563365936279297;1711,405029296875;1629,081298828125;1716;
363,094;2,184030294418335;1692,432861328125;1773,2479248046875;1716;
363,095;2,154284954071045;1727,387939453125;1722,4384765625;1716;
363,096;2,080127239227295;1682,6619873046875;1571,5843505859375;1716;
363,097;2,1198294162750244;1716,904052734375;1688,5703125;1716;
363,098;2,857512950897217;1712,319091796875;1679,136962890625;1716;
363,099;2,181243419647217;1693,0286865234375;1821,609130859375;1716;
363,1;2,1654019355773926;1709,579833984375;1695,715087890625;1716;
363,101;2,0872724056243896;1690,945068359375;1683,8404541015625;1716;
363,102;2,12583327293396;1716,597412109375;1824,3734130859375;1716;
363,103;2,8563365936279297;1712,01416015625;1747,473876953125;1716;
363,104;2,1211097240448;1692,730712890625;1712,6240234375;1716;
363,105;2,1654019355773926;1720,589599609375;1707,7586669921875;1716;
363,106;2,7776336669921875;1696,911865234375;1688,5703125;1716;
363,107;2,1764707565307617;1719,3592529296875;1824,3734130859375;1716;
363,108;2,7831974029541016;1693,0286865234375;1667,4925537109375;1716;
363,109;2,1260011196136475;1699,910888671875;1672,130859375;1716;
363,11;2,172720193862915;1721,20556640625;1829,9271240234375;1716;
363,111;2,7776336669921875;1697,211181640625;1613,774658203125;1716;
363,112;2,153968334197998;1702,920654296875;1644,681396484375;1716;
363,113;2,102699041366577;1709,2760009765625;1698,1102294921875;1716;
363,114;2,1199333667755127;1691,83740234375;1688,5703125;1716;
363,115;2,1469762325286865;1727,07763671875;1875,6038818359375;1716;
363,116;2,7788100242614746;1699,310302734375;1631,291748046875;1716;
363,117;2,160134792327881;1703,52392578125;1653,7305908203125;1716;
363,118;2,113826036453247;1713,2340087890625;1742,40869140625;1716;
363,119;2,7760133743286133;1693,3267822265625;1707,7586669921875;1716;
363,12;2,1654019355773926;1737,6866455078125;1818,8533935546875;1716;
363,121;2,140488624572754;1705,0338134765625;1611,611328125;1716;
363,122;2,1135990619659424;1706,2437744140625;1778,494140625;1716;
363,123;2,1341896057128906;1712,319091796875;1734,865966796875;1716;
363,124;2,774836778640747;1693,0286865234375;1705,3363037109375;1716;
363,125;2,2287583351135254;1727,07763671875;1866,8665771484375;1716;
363,126;2,1160988807678223;1683,2509765625;1512,279296875;1716;
363,127;2,221595525741577;1712,319091796875;1717,517333984375;1716;
363,128;2,1210060119628906;1712,01416015625;1707,7586669921875;1716;
363,129;2,774836778640747;1692,432861328125;1690,9451904296875;1716;
363,13;2,2092103958129883;1716,597412109375;1824,3734130859375;1716;
363,131;2,1604363918304443;1692,432861328125;1553,3101806640625;1716;
363,132;2,092440605163574;1699,910888671875;1739,8873291015625;1716;
363,133;2,1318366527557373;1712,319091796875;1752,568603515625;1716;
363,134;2,084881067276001;1693,0286865234375;1715,067138671875;1716;
363,135;2,2120368480682373;1716,597412109375;1693,326904296875;1716;
363,136;2,1592600345611572;1693,0286865234375;1567,486328125;1716;
363,137;2,7955901622772217;1700,21142578125;1752,568603515625;1716;
363,138;2,1318366527557373;1707,455322265625;1594,5120849609375;1716;
363,139;2,766446828842163;1690,64794921875;1770,63623046875;1716;
363,14;2,232128143310547;1732,9903564453125;1869,7698974609375;1716;
363,141;2,171543836593628;1680,6038818359375;1547,3128662109375;1716;
363,142;2,8591532707214355;1711,1004638671875;1737,3729248046875;1716;
363,143;2,1330130100250244;1726,457763671875;1622,48583984375;1716;
363,144;2,077765464782715;1685,61083984375;1651,4588623046875;1716;
363,145;2,1437695026397705;1712,928955078125;1799,7935791015625;1716;
363,146;2,1420109272003174;1681,19140625;1611,611328125;1716;
363,147;2,7859840393066406;1694,2216796875;1640,19384765625;1716;
363,148;2,143843650817871;1713,8447265625;1633,50830078125;1716;
363,149;2,096992015838623;1693,923095703125;1656,0084228515625;1716;
363,15;2,1498570442199707;1716,904052734375;1802,4918212890625;1716;
363,151;2,1592600345611572;1683,545654296875;1571,5843505859375;1716;
363,152;2,8603296279907227;1712,319091796875;1752,568603515625;1716;
363,153;2,1663014888763428;1709,579833984375;1712,6240234375;1716;
363,154;2,1018190383911133;1684,4300537109375;1681,4854736328125;1716;
363,155;2,8631460666656494;1712,319091796875;1818,8533935546875;1716;
363,156;2,1592600345611572;1696,911865234375;1611,611328125;1716;
363,157;2,128797769546509;1702,619140625;1778,494140625;1716;
363,158;2,1798110008239746;1722,1300048828125;1724,90966796875;1716;
363,159;2,0898118019104004;1693,3267822265625;1707,7586669921875;1716;
363,16;2,870577096939087;1717,21044921875;1688,5703125;1716;
363,161;2,1604363918304443;1699,610595703125;1626,876953125;1716;
363,162;2,140488624572754;1703,52392578125;1649,1934814453125;1716;
363,163;2,1786344051361084;1722,4383544921875;1802,4918212890625;1716;
363,164;2,0909883975982666;1693,6248779296875;1783,7716064453125;1716;
363,165;2,788820505142212;1700,511962890625;1724,90966796875;1716;
363,166;2,1938138008117676;1704,4295654296875;1700,51220703125;1716;
363,167;2,135869026184082;1710,4918212890625;1770,63623046875;1716;
363,168;2,1162374019622803;1726,14794921875;1872,682373046875;1716;
363,169;2,144179582595825;1697,211181640625;1679,136962890625;1716;
363,17;2,871753692626953;1719,052001953125;1816,1058349609375;1716;
363,171;2,200098991394043;1712,928955078125;1609,4539794921875;1716;
363,172;2,140834331512451;1694,2216796875;1637,959228515625;1716;
363,173;2,108638286590576;1717,5172119140625;1656,0084228515625;1716;
363,174;2,1271326541900635;1693,6248779296875;1724,90966796875;1716;
363,175;2,0952372550964355;1700,21142578125;1698,1102294921875;1716;
363,176;2,1949901580810547;1704,127685546875;1686,2020263671875;1716;
363,177;2,134692668914795;1704,127685546875;1646,934326171875;1716;
363,178;2,8678395748138428;1722,746826171875;1799,7935791015625;1716;
363,179;2,142179012298584;1680,8975830078125;1603,01611328125;1716;
363,18;2,113114595413208;1715,9849853515625;1875,6038818359375;1716;
363,181;2,138136625289917;1711,70947265625;1770,63623046875;1716;
363,182;2,185206651687622;1709,8837890625;1732,3660888671875;1716;
363,183;2,8678395748138428;1725,5284423828125;1702,9207763671875;1716;
363,184;2,1595616340637207;1698,7100830078125;1561,37939453125;1716;
363,185;2,1330130100250244;1715,9849853515625;1693,326904296875;1716;
363,186;2,7831974029541016;1694,52001953125;1683,8404541015625;1716;
363,187;2,1714401245117188;1700,511962890625;1683,8404541015625;1716;
363,188;2,1174137592315674;1720,8974609375;1824,3734130859375;1716;
363,189;2,098033905029297;1696,6124267578125;1613,774658203125;1716;
363,19;2,1078224182128906;1724,600341796875;1872,682373046875;1716;
363,191;2,145380735397339;1715,9849853515625;1768,032470703125;1716;
363,192;2,181243419647217;1694,8187255859375;1722,4384765625;1716;
363,193;2,8678395748138428;1725,838134765625;1705,3363037109375;1716;
363,194;2,099210500717163;1699,310302734375;1690,9451904296875;1716;
363,195;2,113826036453247;1712,6239013671875;1797,103271484375;1716;
363,196;2,7831974029541016;1693,0286865234375;1600,881591796875;1716;
363,197;2,1887052059173584;1700,511962890625;1637,959228515625;1716;
363,198;2,8849756717681885;1739,88720703125;1841,1363525390625;1716;
363,199;2,760892868041992;1689,163330078125;1620,29931640625;1716;
363,2;2,108999013900757;1717,5172119140625;1791,7467041015625;1716;
363,201;2,8563365936279297;1712,6239013671875;1732,3660888671875;1716;
363,202;2,1199333667755127;1693,0286865234375;1705,3363037109375;1716;
363,203;2,2197420597076416;1726,14794921875;1866,8665771484375;1716;
363,204;2,7776336669921875;1699,310302734375;1626,876953125;1716;
363,205;2,1629414558410645;1716,904052734375;1816,1058349609375;1716;
363,206;2,102699041366577;1712,01416015625;1609,4539794921875;1716;
363,207;2,1199333667755127;1692,432861328125;1781,1290283203125;1716;
363,208;2,1654019355773926;1734,86572265625;1797,103271484375;1716;
363,209;2,7620694637298584;1686,4976806640625;1600,881591796875;1716;
363,21;2,1691179275512695;1714,4556884765625;1802,4918212890625;1716;
363,211;2,101522445678711;1712,319091796875;1737,3729248046875;1716;
363,212;2,1211097240448;1692,730712890625;1707,7586669921875;1716;
363,213;2,1654019355773926;1726,7677001953125;1863,9722900390625;1716;
363,214;2,7776336669921875;1699,610595703125;1762,8475341796875;1716;
363,215;2,161311149597168;1703,52392578125;1717,517333984375;1716;
363,216;2,201836585998535;1709,579833984375;1594,5120849609375;1716;
363,217;2,138136625289917;1708,061767578125;1770,63623046875;1716;
363,218;2,172720193862915;1717,21044921875;1660,5828857421875;1716;
363,219;2,1105897426605225;1677,965087890625;1543,3402099609375;1716;
363,22;2,1663014888763428;1709,8837890625;1737,3729248046875;1716;
363,221;2,1330130100250244;1704,127685546875;1683,8404541015625;1716;
363,222;2,766446828842163;1688,5703125;1679,136962890625;1716;
363,223;2,2029154300689697;1722,4383544921875;1805,1982421875;1716;
363,224;2,1355676651000977;1697,211181640625;1734,865966796875;1716;
363,225;2,092440605163574;1702,31787109375;1705,3363037109375;1716;
363,226;2,1318366527557373;1712,01416015625;1732,3660888671875;1716;
363,227;2,084881067276001;1693,0286865234375;1705,3363037109375;1716;
363,228;2,2092103958129883;1717,21044921875;1832,716552734375;1716;
363,229;2,2339658737182617;1695,715087890625;1567,486328125;1716;
363,23;2,111464738845825;1719,052001953125;1752,568603515625;1716;
363,231;2,1378402709960938;1712,6239013671875;1681,4854736328125;1716;
363,232;2,0664749145507812;1676,794921875;1557,3343505859375;1716;
363,233;2,2069084644317627;1708,668701171875;1742,40869140625;1716;
363,234;2,1592600345611572;1689,4599609375;1700,51220703125;1716;
363,235;2,7944138050079346;1698,409912109375;1686,2020263671875;1716;
363,236;2,127009630203247;1720,281982421875;1747,473876953125;1716;
363,237;2,089643955230713;1697,211181640625;1712,6240234375;1716;
363,238;2,2120368480682373;1719,052001953125;1835,5145263671875;1716;
363,239;2,1481525897979736;1697,5107421875;1688,5703125;1716;
363,24;2,867750883102417;1719,3592529296875;1821,609130859375;1716;
363,241;2,1817917823791504;1709,8837890625;1807,912841796875;1716;
363,242;2,102699041366577;1708,365234375;1739,8873291015625;1716;
363,243;2,155944585800171;1724,600341796875;1852,4840087890625;1716;
363,244;2,1654019355773926;1697,211181640625;1598,7528076171875;1716;
363,245;2,7955901622772217;1702,619140625;1768,032470703125;1716;
363,246;2,1942338943481445;1708,97216796875;1737,3729248046875;1716;
363,247;2,0898118019104004;1691,242431640625;1705,3363037109375;1716;
363,248;2,151033401489258;1715,9849853515625;1688,5703125;1716;
363,249;2,140834331512451;1700,21142578125;1762,8475341796875;1716;
363,25;2,8028433322906494;1704,127685546875;1715,067138671875;1716;
363,251;2,161311149597168;1705,941162109375;1695,715087890625;1716;
363,252;2,095815658569336;1709,2760009765625;1700,51220703125;1716;
363,253;2,80564022064209;1708,061767578125;1686,2020263671875;1716;
363,254;2,1604363918304443;1696,911865234375;1611,611328125;1716;
363,255;2,128797769546509;1702,31787109375;1775,8671875;1716;
363,256;2,1786344051361084;1722,1300048828125;1875,6038818359375;1716;
363,257;2,108999013900757;1697,5107421875;1676,7950439453125;1716;
363,258;2,870577096939087;1719,3592529296875;1816,1058349609375;1716;
363,259;2,2524516582489014;1713,8447265625;1611,611328125;1716;
363,26;2,175295829772949;1694,52001953125;1773,2479248046875;1716;
363,261;2,190967559814453;1735,1788330078125;1872,682373046875;1716;
363,262;2,095815658569336;1691,242431640625;1642,4345703125;1716;
363,263;2,897576332092285;1733,302490234375;1794,4210205078125;1716;
363,264;2,187528610229492;1702,619140625;1598,7528076171875;1716;
363,265;2,192784547805786;1712,01416015625;1829,9271240234375;1716;
363,266;2,105515480041504;1708,97216796875;1750,017578125;1716;
363,267;2,095815658569336;1700,812744140625;1672,130859375;1716;
363,268;2,1190736293792725;1720,8974609375;1813,3665771484375;1716;
363,269;2,20127534866333;1714,76123046875;1742,40869140625;1716;
363,27;2,140834331512451;1706,849365234375;1818,8533935546875;1716;
363,271;2,1162374019622803;1724,291259765625;1744,9376220703125;1716;
363,272;2,1523478031158447;1698,7100830078125;1581,923828125;1716;
363,273;2,113114595413208;1717,21044921875;1683,8404541015625;1716;
363,274;2,200098991394043;1712,319091796875;1821,609130859375;1716;
363,275;2,1420109272003174;1698,1102294921875;1618,1185302734375;1716;
363,276;2,859271764755249;1719,3592529296875;1783,7716064453125;1716;
363,277;2,1533751487731934;1695,715087890625;1596,6295166015625;1716;
363,278;2,114290952682495;1716,2911376953125;1881,4742431640625;1716;
363,279;2,138136625289917;1712,01416015625;1773,2479248046875;1716;
363,28;2,1687026023864746;1711,1004638671875;1732,3660888671875;1716;
363,281;2,869016170501709;1726,14794921875;1702,9207763671875;1716;
363,282;2,1595616340637207;1699,310302734375;1688,5703125;1716;
363,283;2,1318366527557373;1711,70947265625;1660,5828857421875;1716;
363,284;2,1211097240448;1692,432861328125;1667,4925537109375;1716;
363,285;2,1609599590301514;1700,21142578125;1688,5703125;1716;
363,286;2,1348752975463867;1703,52392578125;1681,4854736328125;1716;
363,287;2,166924238204956;1705,336181640625;1676,7950439453125;1716;
363,288;2,113826036453247;1708,668701171875;1690,9451904296875;1716;
363,289;2,138136625289917;1708,365234375;1681,4854736328125;1716;
363,29;2,185206651687622;1691,242431640625;1681,4854736328125;1716;
363,291;2,1531083583831787;1723,0556640625;1878,5345458984375;1716;
363,292;2,098033905029297;1697,810546875;1631,291748046875;1716;
363,293;2,115002393722534;1719,3592529296875;1816,1058349609375;1716;
363,294;2,8084566593170166;1713,539306640625;1742,40869140625;1716;
363,295;2,1629762649536133;1676,794921875;1581,923828125;1716;
363,296;2,148207187652588;1719,974365234375;1742,40869140625;1716;
363,297;2,098033905029297;1696,0140380859375;1577,771728515625;1716;
363,298;2,1078224182128906;1732,9903564453125;1827,14599609375;1716;
363,299;2,866100788116455;1719,974365234375;1747,473876953125;1716;
363,3;2,2357637882232666;1696,313232421875;1712,6240234375;1716;
363,301;2,1591861248016357;1730,495849609375;1863,9722900390625;1716;
363,302;2,7620694637298584;1684,7252197265625;1512,279296875;1716;
363,303;2,1198294162750244;1717,5172119140625;1744,9376220703125;1716;
363,304;2,101522445678711;1712,928955078125;1710,1878662109375;1716;
363,305;2,103494644165039;1677,08740234375;1571,5843505859375;1716;
363,306;2,1592600345611572;1712,6239013671875;1744,9376220703125;1716;
363,307;2,76926326751709;1693,0286865234375;1579,8450927734375;1716;
363,308;2,1579413414001465;1733,614990234375;1827,14599609375;1716;
363,309;2,8735122680664062;1720,589599609375;1747,473876953125;1716;
363,31;2,1260011196136475;1696,911865234375;1712,6240234375;1716;
363,311;2,1665782928466797;1730,80712890625;1863,9722900390625;1716;
363,312;2,7776336669921875;1701,41455078125;1626,876953125;1716;
363,313;2,1629414558410645;1705,0338134765625;1651,4588623046875;1716;
363,314;2,102699041366577;1712,928955078125;1611,611328125;1716;
363,315;2,1199333667755127;1693,3267822265625;1781,1290283203125;1716;
363,316;2,1654019355773926;1717,823974609375;1656,0084228515625;1716;
363,317;2,1117663383483887;1678,2579345703125;1541,361572265625;1716;
363,318;2,1663014888763428;1709,8837890625;1605,1563720703125;1716;
363,319;2,101522445678711;1708,061767578125;1717,517333984375;1716;
363,32;2,76762318611145;1690,64794921875;1698,1102294921875;1716;
363,321;2,1469762325286865;1731,430419921875;1872,682373046875;1716;
363,322;2,1343913078308105;1701,113525390625;1629,081298828125;1716;
363,323;2,217193603515625;1704,4295654296875;1651,4588623046875;1716;
363,324;2,1318366527557373;1712,6239013671875;1609,4539794921875;1716;
363,325;2,1199333667755127;1692,730712890625;1642,4345703125;1716;
363,326;2,1665782928466797;1721,8216552734375;1690,9451904296875;1716;
363,327;2,1343913078308105;1697,211181640625;1681,4854736328125;1716;
363,328;2,153968334197998;1702,619140625;1679,136962890625;1716;
363,329;2,1330130100250244;1716,597412109375;1750,017578125;1716;
363,33;2,774836778640747;1695,117431640625;1712,6240234375;1716;
363,331;2,1654019355773926;1721,8216552734375;1707,7586669921875;1716;
363,332;2,1355676651000977;1697,5107421875;1565,4454345703125;1716;
363,333;2,1724679470062256;1719,3592529296875;1750,017578125;1716;
363,334;2,1198294162750244;1711,70947265625;1824,3734130859375;1716;
363,335;2,7760133743286133;1692,432861328125;1747,473876953125;1716;
363,336;2,227581739425659;1729,562255859375;1863,9722900390625;1716;
363,337;2,1343913078308105;1701,113525390625;1629,081298828125;1716;
363,338;2,0995664596557617;1704,127685546875;1651,4588623046875;1716;
363,339;2,1318366527557373;1712,01416015625;1626,876953125;1716;
363,34;2,8000071048736572;1709,579833984375;1789,08056640625;1716;
363,341;2,2195181846618652;1725,5284423828125;1878,5345458984375;1716;
363,342;2,1654019355773926;1682,9564208984375;1545,323974609375;1716;
363,343;2,1071555614471436;1712,319091796875;1734,865966796875;1716;
363,344;2,1330130100250244;1696,313232421875;1622,48583984375;1716;
363,345;2,077765464782715;1685,3155517578125;1649,1934814453125;1716;
363,346;2,2057321071624756;1712,6239013671875;1658,29248046875;1716;
363,347;2,1604363918304443;1694,2216796875;1584,0079345703125;1716;
363,348;2,7944138050079346;1701,41455078125;1762,8475341796875;1716;
363,349;2,113826036453247;1713,2340087890625;1724,90966796875;1716;
363,35;2,084881067276001;1693,923095703125;1702,9207763671875;1716;
363,351;2,2309517860412598;1734,86572265625;1829,9271240234375;1716;
363,352;2,171543836593628;1698,7100830078125;1553,3101806640625;1716;
363,353;2,8040199279785156;1703,22216796875;1739,8873291015625;1716;
363,354;2,1318366527557373;1696,6124267578125;1620,29931640625;1716;
363,355;2,077765464782715;1685,3155517578125;1649,1934814453125;1716;
363,356;2,2069084644317627;1712,319091796875;1658,29248046875;1716;
363,357;2,1592600345611572;1684,7252197265625;1525,7132568359375;1716;
363,358;2,7944138050079346;1696,0140380859375;1594,5120849609375;1716;
363,359;2,127009630203247;1716,2911376953125;1642,4345703125;1716;
363,36;2,774836778640747;1694,8187255859375;1799,7935791015625;1716;
363,361;2,13159441947937;1700,21142578125;1732,3660888671875;1716;
363,362;2,154294490814209;1682,073486328125;1598,7528076171875;1716;
363,363;2,8112730979919434;1711,1004638671875;1768,032470703125;1716;
363,364;2,1786344051361084;1725,838134765625;1719,974365234375;1716;
363,365;2,108999013900757;1692,1351318359375;1646,934326171875;1716;
363,366;2,1498570442199707;1716,2911376953125;1658,29248046875;1716;
363,367;2,1592600345611572;1685,0203857421875;1523,779541015625;1716;
363,368;2,129974126815796;1696,313232421875;1722,4384765625;1716;
363,369;2,1724679470062256;1718,7447509765625;1843,960205078125;1716;
363,37;2,0898118019104004;1693,0286865234375;1781,1290283203125;1716;
363,371;2,897576332092285;1733,927490234375;1875,6038818359375;1716;
363,372;2,171543836593628;1720,589599609375;1770,63623046875;1716;
363,373;2,8112730979919434;1712,01416015625;1734,865966796875;1716;
363,374;2,1798110008239746;1727,07763671875;1852,4840087890625;1716;
363,375;2,1078224182128906;1689,7568359375;1683,8404541015625;1716;
363,376;2,80564022064209;1715,067138671875;1818,8533935546875;1716;
363,377;2,2618634700775146;1711,405029296875;1613,774658203125;1716;
363,378;2,2155401706695557;1694,2216796875;1635,730712890625;1716;
363,379;2,1724679470062256;1717,5172119140625;1656,0084228515625;1716;
363,38;2,1029953956604004;1692,730712890625;1594,5120849609375;1716;
363,381;2,870577096939087;1716,597412109375;1765,4361572265625;1716;
363,382;2,200098991394043;1712,319091796875;1719,974365234375;1716;
363,383;2,136051893234253;1705,0338134765625;1757,693115234375;1716;
363,384;2,1162374019622803;1723,3642578125;1863,9722900390625;1716;
363,385;2,1327013969421387;1685,3155517578125;1747,473876953125;1716;
363,386;2,806816577911377;1712,928955078125;1707,7586669921875;1716;
363,387;2,200098991394043;1710,187744140625;1690,9451904296875;1716;
363,388;2,1592600345611572;1708,061767578125;1622,48583984375;1716;
363,389;2,0995664596557617;1707,758544921875;1786,4219970703125;1716;
363,39;2,147188663482666;1690,945068359375;1598,7528076171875;1716;
363,391;2,870577096939087;1716,2911376953125;1827,14599609375;1716;
363,392;2,2577459812164307;1711,70947265625;1613,774658203125;1716;
363,393;2,140834331512451;1704,4295654296875;1683,8404541015625;1716;
363,394;2,8678395748138428;1723,0556640625;1821,609130859375;1716;
363,395;2,133877754211426;1681,19140625;1611,611328125;1716;
363,396;2,1190736293792725;1720,8974609375;1872,682373046875;1716;
363,397;2,138136625289917;1713,8447265625;1768,032470703125;1716;
363,398;2,1420109272003174;1718,437744140625;1810,6357421875;1716;
363,399;2,8764076232910156;1729,873291015625;1739,8873291015625;1716;
363,4;2,1595616340637207;1701,113525390625;1577,771728515625;1716;
363,401;2,115002393722534;1717,21044921875;1686,2020263671875;1716;
363,402;2,138136625289917;1712,6239013671875;1679,136962890625;1716;
363,403;2,2550857067108154;1711,70947265625;1717,517333984375;1716;
363,404;2,8040003776550293;1709,2760009765625;1695,715087890625;1716;
363,405;2,147188663482666;1690,945068359375;1683,8404541015625;1716;
363,406;2,12583327293396;1716,597412109375;1824,3734130859375;1716;
363,407;2,8096330165863037;1712,01416015625;1747,473876953125;1716;
363,408;2,184030294418335;1699,910888671875;1742,40869140625;1716;
363,409;2,8678395748138428;1720,589599609375;1707,7586669921875;1716;
363,41;2,099210500717163;1696,6124267578125;1563,4097900390625;1716;
363,411;2,12583327293396;1716,904052734375;1693,326904296875;1716;
363,412;2,138136625289917;1712,319091796875;1681,4854736328125;1716;
363,413;2,185206651687622;1705,336181640625;1651,4588623046875;1716;
363,414;2,1531083583831787;1723,982177734375;1805,1982421875;1716;
363,415;2,7525224685668945;1681,4853515625;1605,1563720703125;1716;
363,416;2,1029953956604004;1717,5172119140625;1875,6038818359375;1716;
363,417;2,8084566593170166;1712,6239013671875;1631,291748046875;1716;
363,418;2,181243419647217;1693,6248779296875;1656,0084228515625;1716;
363,419;2,160362482070923;1728,319091796875;1722,4384765625;1716;
363,42;2,080127239227295;1683,2509765625;1569,53271484375;1716;
363,421;2,1198294162750244;1716,597412109375;1688,5703125;1716;
363,422;2,8096330165863037;1711,70947265625;1679,136962890625;1716;
363,423;2,181243419647217;1692,1351318359375;1679,136962890625;1716;
363,424;2,1531083583831787;1722,4383544921875;1805,1982421875;1716;
363,425;2,7536990642547607;1680,310302734375;1605,1563720703125;1716;
363,426;2,1198294162750244;1716,2911376953125;1722,4384765625;1716;
363,427;2,8084566593170166;1711,70947265625;1698,1102294921875;1716;
363,428;2,20127534866333;1709,579833984375;1832,716552734375;1716;
363,429;2,1592600345611572;1709,8837890625;1789,08056640625;1716;
363,43;2,76926326751709;1691,242431640625;1596,6295166015625;1716;
363,431;2,1891894340515137;1715,6788330078125;1824,3734130859375;1716;
363,432;2,101522445678711;1711,70947265625;1615,943603515625;1716;
363,433;2,122720241546631;1692,432861328125;1644,681396484375;1716;
363,434;2,1665782928466797;1732,053955078125;1908,3525390625;1716;
363,435;2,760892868041992;1685,61083984375;1525,7132568359375;1716;
363,436;2,125711679458618;1713,539306640625;1724,90966796875;1716;
363,437;2,1109910011291504;1716,904052734375;1707,7586669921875;1716;
363,438;2,1199333667755127;1695,117431640625;1690,9451904296875;1716;
363,439;2,1654019355773926;1712,6239013671875;1679,136962890625;1716;
363,44;2,770439624786377;1693,0286865234375;1551,305908203125;1716;
363,441;2,1567647457122803;1700,511962890625;1742,40869140625;1716;
363,442;2,101522445678711;1712,6239013671875;1752,568603515625;1716;
363,443;2,1211097240448;1692,730712890625;1715,067138671875;1716;
363,444;2,1654019355773926;1730,80712890625;1863,9722900390625;1716;
363,445;2,7776336669921875;1701,715576171875;1626,876953125;1716;
363,446;2,161311149597168;1705,336181640625;1651,4588623046875;1716;
363,447;2,201699733734131;1712,928955078125;1611,611328125;1716;
363,448;2,1199333667755127;1693,3267822265625;1642,4345703125;1716;
363,449;2,1665782928466797;1722,4383544921875;1690,9451904296875;1716;
363,45;2,1343913078308105;1697,5107421875;1681,4854736328125;1716;
363,451;2,153968334197998;1702,619140625;1679,136962890625;1716;
363,452;2,108638286590576;1716,597412109375;1750,017578125;1716;
363,453;2,774836778640747;1695,117431640625;1715,067138671875;1716;
363,454;2,1654019355773926;1722,1300048828125;1707,7586669921875;1716;
363,455;2,1355676651000977;1697,5107421875;1563,4097900390625;1716;
363,456;2,1724679470062256;1719,974365234375;1750,017578125;1716;
363,457;2,1378402709960938;1712,319091796875;1681,4854736328125;1716;
363,458;2,7760133743286133;1693,0286865234375;1681,4854736328125;1716;
363,459;2,1654019355773926;1732,67822265625;1884,42333984375;1716;
363,46;2,1221964359283447;1685,906494140625;1635,730712890625;1716;
363,461;2,16747784614563;1714,150146484375;1794,4210205078125;1716;
363,462;2,1198294162750244;1712,319091796875;1690,9451904296875;1716;
363,463;2,8000071048736572;1709,579833984375;1683,8404541015625;1716;
363,464;2,172720193862915;1711,70947265625;1681,4854736328125;1716;
363,465;2,128293991088867;1692,730712890625;1555,319580078125;1716;
363,466;2,092440605163574;1700,511962890625;1744,9376220703125;1716;
363,467;2,1330130100250244;1713,539306640625;1752,568603515625;1716;
363,468;2,083704710006714;1693,923095703125;1712,6240234375;1716;
363,469;2,8140499591827393;1731,430419921875;1863,9722900390625;1716;
363,47;2,1355676651000977;1702,31787109375;1629,081298828125;1716;
363,471;2,0983898639678955;1705,0338134765625;1651,4588623046875;1716;
363,472;2,1318366527557373;1712,319091796875;1609,4539794921875;1716;
363,473;2,7760133743286133;1692,730712890625;1642,4345703125;1716;
363,474;2,2092103958129883;1716,597412109375;1690,9451904296875;1716;
363,475;2,1343913078308105;1697,211181640625;1681,4854736328125;1716;
363,476;2,0936169624328613;1702,619140625;1679,136962890625;1716;
363,477;2,1318366527557373;1716,597412109375;1750,017578125;1716;
363,478;2,774836778640747;1695,117431640625;1586,09765625;1716;
363,479;2,2132134437561035;1718,130859375;1760,2666015625;1716;
363,48;2,1592600345611572;1699,610595703125;1579,8450927734375;1716;
363,481;2,0983898639678955;1703,52392578125;1757,693115234375;1716;
363,482;2,1330130100250244;1720,589599609375;1747,473876953125;1716;
363,483;2,78322696685791;1696,911865234375;1712,6240234375;1716;
363,484;2,2092103958129883;1718,437744140625;1690,9451904296875;1716;
363,485;2,1604363918304443;1701,715576171875;1629,081298828125;1716;
363,486;2,8028433322906494;1704,731689453125;1651,4588623046875;1716;
363,487;2,1318366527557373;1712,319091796875;1609,4539794921875;1716;
363,488;2,084881067276001;1693,0286865234375;1644,681396484375;1716;
363,489;2,2120368480682373;1716,904052734375;1797,103271484375;1716;
363,49;2,1592600345611572;1697,211181640625;1679,136962890625;1716;
363,491;2,7955901622772217;1702,619140625;1674,459716796875;1716;
363,492;2,1318366527557373;1716,2911376953125;1750,017578125;1716;
363,493;2,083704710006714;1694,52001953125;1712,6240234375;1716;
363,494;2,2132134437561035;1717,21044921875;1835,5145263671875;1716;
363,495;2,1592600345611572;1697,211181640625;1565,4454345703125;1716;
363,496;2,867750883102417;1719,3592529296875;1750,017578125;1716;
363,497;2,139016628265381;1712,01416015625;1683,8404541015625;1716;
363,498;2,083704710006714;1692,432861328125;1679,136962890625;1716;
363,499;2,1498570442199707;1716,597412109375;1816,1058349609375;1716;
363,5;2,1604363918304443;1697,810546875;1734,865966796875;1716;
363,501;2,7944138050079346;1702,619140625;1702,9207763671875;1716;
363,502;2,2554101943969727;1721,8216552734375;1688,5703125;1716;
363,503;2,102699041366577;1710,187744140625;1707,7586669921875;1716;
363,504;2,218341827392578;1725,5284423828125;1832,716552734375;1716;
363,505;2,1654019355773926;1697,211181640625;1551,305908203125;1716;
363,506;2,7955901622772217;1702,31787109375;1739,8873291015625;1716;
363,507;2,122119665145874;1721,8216552734375;1707,7586669921875;1716;
363,508;2,1078224182128906;1685,0203857421875;1649,1934814453125;1716;
363,509;2,1449458599090576;1712,6239013671875;1660,5828857421875;1716;
363,51;2,1592600345611572;1693,0286865234375;1581,923828125;1716;
363,511;2,867750883102417;1717,21044921875;1757,693115234375;1716;
363,512;2,16747784614563;1712,01416015625;1715,067138671875;1716;
363,513;2,1198294162750244;1695,117431640625;1686,2020263671875;1716;
363,514;2,1498570442199707;1717,823974609375;1821,609130859375;1716;
363,515;2,1604363918304443;1712,928955078125;1744,9376220703125;1716;
363,516;2,128797769546509;1699,310302734375;1739,8873291015625;1716;
363,517;2,1786344051361084;1720,281982421875;1707,7586669921875;1716;
363,518;2,108999013900757;1693,0286865234375;1715,067138671875;1716;
363,519;2,870577096939087;1716,597412109375;1693,326904296875;1716;
363,52;2,1592600345611572;1712,01416015625;1626,876953125;1716;
363,521;2,136051893234253;1704,4295654296875;1651,4588623046875;1716;
363,522;2,1786344051361084;1722,746826171875;1802,4918212890625;1716;
363,523;2,1078224182128906;1692,730712890625;1644,681396484375;1716;
363,524;2,871753692626953;1716,904052734375;1797,103271484375;1716;
363,525;2,200098991394043;1712,319091796875;1734,865966796875;1716;
363,526;2,128797769546509;1702,619140625;1674,459716796875;1716;
363,527;2,1315951347351074;1721,8216552734375;1816,1058349609375;1716;
363,528;2,1078224182128906;1690,64794921875;1681,4854736328125;1716;
363,529;2,870577096939087;1715,372802734375;1818,8533935546875;1716;
363,53;2,20127534866333;1711,70947265625;1613,774658203125;1716;
363,531;2,140834331512451;1703,22216796875;1683,8404541015625;1716;
363,532;2,130418539047241;1722,4383544921875;1821,609130859375;1716;
363,533;2,2065694332122803;1701,41455078125;1775,8671875;1716;
363,534;2,8791847229003906;1720,8974609375;1722,4384765625;1716;
363,535;2,200098991394043;1714,150146484375;1698,1102294921875;1716;
363,536;2,1604363918304443;1712,01416015625;1620,29931640625;1716;
363,537;2,802823781967163;1709,2760009765625;1783,7716064453125;1716;
363,538;2,210437536239624;1690,945068359375;1695,715087890625;1716;
363,539;2,871753692626953;1715,372802734375;1827,14599609375;1716;
363,54;2,200098991394043;1711,1004638671875;1613,774658203125;1716;
363,541;2,140834331512451;1704,4295654296875;1683,8404541015625;1716;
363,542;2,869016170501709;1722,746826171875;1821,609130859375;1716;
363,543;2,1078224182128906;1710,187744140625;1707,7586669921875;1716;
363,544;2,1190736293792725;1725,218994140625;1832,716552734375;1716;
363,545;2,2075605392456055;1715,9849853515625;1615,943603515625;1716;
363,546;2,140834331512451;1698,409912109375;1637,959228515625;1716;
363,547;2,859271764755249;1719,666748046875;1656,0084228515625;1716;
363,548;2,1344659328460693;1679,429931640625;1541,361572265625;1716;
363,549;2,113114595413208;1716,904052734375;1843,960205078125;1716;
363,55;2,1199333667755127;1694,8187255859375;1620,29931640625;1716;
363,551;2,135869026184082;1720,281982421875;1821,609130859375;1716;
363,552;2,8764076232910156;1730,495849609375;1899,30810546875;1716;
363,553;2,1595616340637207;1701,41455078125;1642,4345703125;1716;
363,554;2,1202499866485596;1724,600341796875;1813,3665771484375;1716;
363,555;2,864924192428589;1715,9849853515625;1742,40869140625;1716;
363,556;2,140834331512451;1698,409912109375;1669,8084716796875;1716;
363,557;2,860448122024536;1719,666748046875;1672,130859375;1716;
363,558;2,171934127807617;1713,539306640625;1672,130859375;1716;
363,559;2,1198294162750244;1716,904052734375;1760,2666015625;1716;
363,56;2,139312982559204;1712,319091796875;1717,517333984375;1716;
363,561;2,184030294418335;1703,22216796875;1755,127197265625;1716;
363,562;2,8678395748138428;1722,4383544921875;1866,8665771484375;1716;
363,563;2,160737991333008;1697,5107421875;1626,876953125;1716;
363,564;2,1078224182128906;1716,597412109375;1816,1058349609375;1716;
363,565;2,138136625289917;1711,70947265625;1607,30224609375;1716;
363,566;2,185206651687622;1692,1351318359375;1640,19384765625;1716;
363,567;2,1531083583831787;1721,513427734375;1690,9451904296875;1716;
363,568;2,2113261222839355;1696,911865234375;1681,4854736328125;1716;
363,569;2,108999013900757;1725,5284423828125;1829,9271240234375;1716;
363,57;2,1442043781280518;1716,597412109375;1750,017578125;1716;
363,571;2,181243419647217;1695,117431640625;1715,067138671875;1716;
363,572;2,154284954071045;1722,1300048828125;1707,7586669921875;1716;
363,573;2,098033905029297;1697,810546875;1690,9451904296875;1716;
363,574;2,1318366527557373;1730,1845703125;1797,103271484375;1716;
363,575;2,7927935123443604;1701,715576171875;1734,865966796875;1716;
363,576;2,1938138008117676;1704,731689453125;1707,7586669921875;1716;
363,577;2,1531083583831787;1721,20556640625;1810,6357421875;1716;
363,578;2,7788100242614746;1696,911865234375;1607,30224609375;1716;
363,579;2,1078224182128906;1721,8216552734375;1875,6038818359375;1716;
363,58;2,8084566593170166;1714,4556884765625;1631,291748046875;1716;
363,581;2,182419776916504;1694,2216796875;1656,0084228515625;1716;
363,582;2,1591861248016357;1728,319091796875;1722,4384765625;1716;
363,583;2,0807154178619385;1683,2509765625;1569,53271484375;1716;
363,584;2,1210060119628906;1733,927490234375;1832,716552734375;1716;
363,585;2,089643955230713;1702,920654296875;1615,943603515625;1716;
363,586;2,1938138008117676;1704,4295654296875;1781,1290283203125;1716;
363,587;2,160362482070923;1730,80712890625;1824,3734130859375;1716;
363,588;2,7776336669921875;1701,715576171875;1747,473876953125;1716;
363,589;2,1629414558410645;1704,731689453125;1783,7716064453125;1716;
363,59;2,096759796142578;1706,2437744140625;1594,5120849609375;1716;
363,591;2,1320688724517822;1707,15234375;1770,63623046875;1716;
363,592;2,171543836593628;1717,823974609375;1660,5828857421875;1716;
363,593;2,770439624786377;1695,117431640625;1665,182861328125;1716;
363,594;2,1724679470062256;1718,437744140625;1669,8084716796875;1716;
363,595;2,101522445678711;1708,365234375;1683,8404541015625;1716;
363,596;2,115041971206665;1690,64794921875;1681,4854736328125;1716;
363,597;2,1654019355773926;1722,746826171875;1724,90966796875;1716;
363,598;2,7776336669921875;1697,5107421875;1571,5843505859375;1716;
363,599;2,1798110008239746;1720,281982421875;1755,127197265625;1716;
363,6;2,80564022064209;1715,067138671875;1827,14599609375;1716;
363,601;2,1171464920043945;1694,52001953125;1750,017578125;1716;
363,602;2,1665782928466797;1721,8216552734375;1786,4219970703125;1716;
363,603;2,7776336669921875;1697,5107421875;1596,6295166015625;1716;
363,604;2,160134792327881;1703,22216796875;1635,730712890625;1716;
363,605;2,102699041366577;1713,2340087890625;1635,730712890625;1716;
363,606;2,774836778640747;1693,923095703125;1658,29248046875;1716;
363,607;2,1654019355773926;1729,562255859375;1722,4384765625;1716;
363,608;2,123372793197632;1684,13525390625;1569,53271484375;1716;
363,609;2,1691179275512695;1734,240234375;1832,716552734375;1716;
363,61;2,1971306800842285;1703,22216796875;1618,1185302734375;1716;
363,611;2,76762318611145;1687,9775390625;1646,934326171875;1716;
363,612;2,1592600345611572;1731,118896484375;1905,3282470703125;1716;
363,613;2,760892868041992;1685,0203857421875;1525,7132568359375;1716;
363,614;2,16747784614563;1713,2340087890625;1724,90966796875;1716;
363,615;2,1198294162750244;1716,597412109375;1707,7586669921875;1716;
363,616;2,774836778640747;1695,117431640625;1690,9451904296875;1716;
363,617;2,1665782928466797;1730,1845703125;1824,3734130859375;1716;
363,618;2,1343913078308105;1702,0166015625;1613,774658203125;1716;
363,619;2,160134792327881;1705,336181640625;1644,681396484375;1716;
363,62;2,1330130100250244;1709,2760009765625;1698,1102294921875;1716;
363,621;2,774836778640747;1691,83740234375;1686,2020263671875;1716;
363,622;2,1654019355773926;1727,387939453125;1724,90966796875;1716;
363,623;2,1355676651000977;1699,910888671875;1571,5843505859375;1716;
363,624;2,1786344051361084;1721,20556640625;1755,127197265625;1716;
363,625;2,1378402709960938;1715,067138671875;1681,4854736328125;1716;
363,626;2,7760133743286133;1694,52001953125;1679,136962890625;1716;
363,627;2,2816994190216064;1723,673095703125;1805,1982421875;1716;
363,628;2,1343913078308105;1697,810546875;1734,865966796875;1716;
363,629;2,0936169624328613;1702,619140625;1705,3363037109375;1716;
363,63;2,143843650817871;1712,01416015625;1600,881591796875;1716;
363,631;2,774836778640747;1692,730712890625;1637,959228515625;1716;
363,632;2,1934287548065186;1716,904052734375;1727,3880615234375;1716;
363,633;2,116687297821045;1679,429931640625;1573,6414794921875;1716;
363,634;2,104339122772217;1710,187744140625;1755,127197265625;1716;
363,635;2,1330130100250244;1720,589599609375;1750,017578125;1716;
363,636;2,089643955230713;1696,911865234375;1712,6240234375;1716;
363,637;2,1838276386260986;1736,431884765625;1835,5145263671875;1716;
363,638;2,1355676651000977;1702,0166015625;1690,9451904296875;1716;
363,639;2,1162374019622803;1721,8216552734375;1827,14599609375;1716;
363,64;2,1198294162750244;1711,1004638671875;1807,912841796875;1716;
363,641;2,102699041366577;1708,97216796875;1739,8873291015625;1716;
363,642;2,215505599975586;1725,218994140625;1852,4840087890625;1716;
363,643;2,1654019355773926;1697,5107421875;1600,881591796875;1716;
363,644;2,0936169624328613;1702,920654296875;1770,63623046875;1716;
363,645;2,1318366527557373;1708,97216796875;1734,865966796875;1716;
363,646;2,083704710006714;1691,242431640625;1579,8450927734375;1716;
363,647;2,232128143310547;1733,302490234375;1757,693115234375;1716;
363,648;2,171543836593628;1702,0166015625;1584,0079345703125;1716;
363,649;2,8028433322906494;1705,336181640625;1760,2666015625;1716;
363,65;2,1330130100250244;1713,8447265625;1676,7950439453125;1716;
363,651;2,083704710006714;1694,2216796875;1679,136962890625;1716;
363,652;2,2120368480682373;1717,5172119140625;1816,1058349609375;1716;
363,653;2,1604363918304443;1680,8975830078125;1605,1563720703125;1716;
363,654;2,7859840393066406;1694,2216796875;1637,959228515625;1716;
363,655;2,143843650817871;1712,319091796875;1633,50830078125;1716;
363,656;2,084881067276001;1693,0286865234375;1653,7305908203125;1716;
363,657;2,2120368480682373;1716,904052734375;1802,4918212890625;1716;
363,658;2,1592600345611572;1683,545654296875;1571,5843505859375;1716;
363,659;2,8124494552612305;1712,319091796875;1752,568603515625;1716;
363,66;2,1318366527557373;1712,01416015625;1681,4854736328125;1716;
363,661;2,083704710006714;1692,730712890625;1681,4854736328125;1716;
363,662;2,151033401489258;1716,597412109375;1818,8533935546875;1716;
363,663;2,1592600345611572;1698,1102294921875;1734,865966796875;1716;
363,664;2,1348752975463867;1703,52392578125;1702,9207763671875;1716;
363,665;2,1510236263275146;1712,928955078125;1605,1563720703125;1716;
363,666;2,101522445678711;1710,4918212890625;1778,494140625;1716;
363,667;2,80564022064209;1708,365234375;1722,4384765625;1716;
363,668;2,154294490814209;1707,758544921875;1603,01611328125;1716;
363,669;2,8112730979919434;1710,187744140625;1770,63623046875;1716;
363,67;2,1786344051361084;1725,5284423828125;1722,4384765625;1716;
363,671;2,108999013900757;1692,432861328125;1646,934326171875;1716;
363,672;2,870577096939087;1716,2911376953125;1797,103271484375;1716;
363,673;2,1199333667755127;1695,117431640625;1605,1563720703125;1716;
363,674;2,123896598815918;1694,2216796875;1640,19384765625;1716;
363,675;2,190967559814453;1734,86572265625;1797,103271484375;1716;
363,676;2,095815658569336;1693,923095703125;1656,0084228515625;1716;
363,677;2,871753692626953;1716,904052734375;1802,4918212890625;1716;
363,678;2,1592600345611572;1712,319091796875;1737,3729248046875;1716;
363,679;2,140953302383423;1712,319091796875;1752,568603515625;1716;
363,68;2,1798110008239746;1726,7677001953125;1861,0867919921875;1716;
363,681;2,1078224182128906;1692,730712890625;1681,4854736328125;1716;
363,682;2,870577096939087;1716,597412109375;1818,8533935546875;1716;
363,683;2,20127534866333;1712,319091796875;1613,774658203125;1716;
363,684;2,140834331512451;1695,117431640625;1637,959228515625;1716;
363,685;2,190967559814453;1735,8050537109375;1794,4210205078125;1716;
363,686;2,096992015838623;1693,6248779296875;1658,29248046875;1716;
363,687;2,870577096939087;1717,21044921875;1805,1982421875;1716;
363,688;2,181243419647217;1695,416259765625;1605,1563720703125;1716;
363,689;2,135869026184082;1712,928955078125;1827,14599609375;1716;
363,69;2,1162374019622803;1727,07763671875;1902,3133544921875;1716;
363,691;2,1332895755767822;1708,668701171875;1816,1058349609375;1716;
363,692;2,1202499866485596;1724,291259765625;1739,8873291015625;1716;
363,693;2,2063841819763184;1715,6788330078125;1707,7586669921875;1716;
363,694;2,140834331512451;1716,2911376953125;1676,7950439453125;1716;
363,695;2,8040003776550293;1711,405029296875;1676,7950439453125;1716;
363,696;2,145014762878418;1692,432861328125;1553,3101806640625;1716;
363,697;2,113114595413208;1716,597412109375;1835,5145263671875;1716;
363,698;2,20127534866333;1712,319091796875;1752,568603515625;1716;
363,699;2,140834331512451;1719,052001953125;1747,473876953125;1716;
363,7;2,8764076232910156;1730,1845703125;1858,210205078125;1716;
363,701;2,160737991333008;1701,41455078125;1626,876953125;1716;
363,702;2,113114595413208;1716,597412109375;1818,8533935546875;1716;
363,703;2,138136625289917;1712,01416015625;1611,611328125;1716;
363,704;2,1420109272003174;1694,8187255859375;1637,959228515625;1716;
363,705;2,859271764755249;1718,130859375;1656,0084228515625;1716;
363,706;2,1533751487731934;1695,715087890625;1662,8797607421875;1716;
363,707;2,114290952682495;1716,904052734375;1765,4361572265625;1716;
363,708;2,138136625289917;1712,319091796875;1719,974365234375;1716;
363,709;2,140834331512451;1704,731689453125;1757,693115234375;1716;
363,71;2,869016170501709;1723,3642578125;1866,8665771484375;1716;
363,711;2,1595616340637207;1698,1102294921875;1626,876953125;1716;
363,712;2,113826036453247;1717,21044921875;1818,8533935546875;1716;
363,713;2,139312982559204;1712,319091796875;1609,4539794921875;1716;
363,714;2,140834331512451;1693,3267822265625;1644,681396484375;1716;
363,715;2,8935437202453613;1740,201904296875;1835,5145263671875;1716;
363,716;2,0872724056243896;1689,163330078125;1618,1185302734375;1716;
363,717;2,1078224182128906;1708,668701171875;1722,4384765625;1716;
363,718;2,138136625289917;1708,365234375;1695,715087890625;1716;
363,719;2,182419776916504;1691,539794921875;1688,5703125;1716;
363,72;2,1531083583831787;1726,14794921875;1722,4384765625;1716;
363,721;2,1120176315307617;1698,7100830078125;1569,53271484375;1716;
363,722;2,1330130100250244;1720,589599609375;1690,9451904296875;1716;
363,723;2,8084566593170166;1713,8447265625;1827,14599609375;1716;
363,724;2,181243419647217;1693,3267822265625;1750,017578125;1716;
363,725;2,160362482070923;1729,562255859375;1863,9722900390625;1716;
363,726;2,098033905029297;1701,113525390625;1629,081298828125;1716;
363,727;2,113826036453247;1716,904052734375;1858,210205078125;1716;
363,728;2,8096330165863037;1712,01416015625;1624,678466796875;1716;
363,729;2,200098991394043;1709,579833984375;1789,08056640625;1716;
363,73;2,1531083583831787;1726,14794921875;1658,29248046875;1716;
363,731;2,7542872428894043;1682,36767578125;1543,3402099609375;1716;
363,732;2,1198294162750244;1718,437744140625;1843,960205078125;1716;
363,733;2,8084566593170166;1713,2340087890625;1755,127197265625;1716;
363,734;2,182419776916504;1693,6248779296875;1717,517333984375;1716;
363,735;2,1591861248016357;1732,053955078125;1863,9722900390625;1716;
363,736;2,098033905029297;1702,31787109375;1626,876953125;1716;
363,737;2,115002393722534;1717,5172119140625;1818,8533935546875;1716;
363,738;2,81080961227417;1712,6239013671875;1609,4539794921875;1716;
363,739;2,181243419647217;1693,3267822265625;1781,1290283203125;1716;
363,74;2,154284954071045;1727,07763671875;1724,90966796875;1716;
363,741;2,753110885620117;1683,2509765625;1571,5843505859375;1716;
363,742;2,1198294162750244;1713,2340087890625;1622,48583984375;1716;
363,743;2,8096330165863037;1709,2760009765625;1710,1878662109375;1716;
363,744;2,200098991394043;1708,668701171875;1841,1363525390625;1716;
363,745;2,2298481464385986;1730,495849609375;1797,103271484375;1716;
363,746;2,7788100242614746;1701,41455078125;1600,881591796875;1716;
363,747;2,1318366527557373;1703,82568359375;1683,8404541015625;1716;
363,748;2,113401174545288;1723,0556640625;1821,609130859375;1716;
363,749;2,1271774768829346;1698,1102294921875;1747,473876953125;1716;
363,75;2,1654019355773926;1712,01416015625;1712,6240234375;1716;
363,751;2,7943742275238037;1708,97216796875;1690,9451904296875;1716;
363,752;2,1702942848205566;1716,597412109375;1818,8533935546875;1716;
363,753;2,101522445678711;1712,01416015625;1611,611328125;1716;
363,754;2,200098991394043;1709,579833984375;1781,1290283203125;1716;
363,755;2,172720193862915;1722,1300048828125;1658,29248046875;1716;
363,756;2,753110885620117;1680,6038818359375;1543,3402099609375;1716;
363,757;2,1691179275512695;1711,405029296875;1737,3729248046875;1716;
363,758;2,102699041366577;1713,2340087890625;1755,127197265625;1716;
363,759;2,774836778640747;1693,6248779296875;1717,517333984375;1716;
363,76;2,1654019355773926;1732,053955078125;1863,9722900390625;1716;
363,761;2,7788100242614746;1702,31787109375;1626,876953125;1716;
363,762;2,160134792327881;1705,638671875;1651,4588623046875;1716;
363,763;2,101522445678711;1712,928955078125;1611,611328125;1716;
363,764;2,1211097240448;1693,3267822265625;1642,4345703125;1716;
363,765;2,1654019355773926;1740,201904296875;1838,3212890625;1716;
363,766;2,1221964359283447;1688,86669921875;1615,943603515625;1716;
363,767;2,155144691467285;1698,1102294921875;1644,681396484375;1716;
363,768;2,10746169090271;1716,597412109375;1768,032470703125;1716;
363,769;2,138136625289917;1711,70947265625;1722,4384765625;1716;
363,77;2,1604363918304443;1730,495849609375;1816,1058349609375;1716;
363,771;2,1343913078308105;1701,113525390625;1607,30224609375;1716;
363,772;2,160134792327881;1704,4295654296875;1775,8671875;1716;
363,773;2,120516777038574;1728,9404296875;1744,9376220703125;1716;
363,774;2,78322696685791;1701,113525390625;1712,6240234375;1716;
363,775;2,171543836593628;1731,7421875;1866,8665771484375;1716;
363,776;2,1355676651000977;1702,31787109375;1626,876953125;1716;
363,777;2,160134792327881;1705,638671875;1651,4588623046875;1716;
363,778;2,1318366527557373;1713,2340087890625;1611,611328125;1716;
363,779;2,7760133743286133;1693,3267822265625;1642,4345703125;1716;
363,78;2,1654019355773926;1722,4383544921875;1690,9451904296875;1716;
363,781;2,1343913078308105;1697,5107421875;1681,4854736328125;1716;
363,782;2,155144691467285;1702,619140625;1679,136962890625;1716;
363,783;2,202876329421997;1716,597412109375;1750,017578125;1716;
363,784;2,8000071048736572;1712,01416015625;1712,6240234375;1716;
363,785;2,1604363918304443;1726,457763671875;1818,8533935546875;1716;
363,786;2,1343913078308105;1699,910888671875;1611,611328125;1716;
363,787;2,160134792327881;1703,82568359375;1642,4345703125;1716;
363,788;2,1330130100250244;1724,600341796875;1705,3363037109375;1716;
363,789;2,78322696685791;1698,7100830078125;1690,9451904296875;1716;
363,79;2,1654019355773926;1730,1845703125;1722,4384765625;1716;
363,791;2,1355676651000977;1701,113525390625;1695,715087890625;1716;
363,792;2,1786344051361084;1721,513427734375;1829,9271240234375;1716;
363,793;2,1378402709960938;1712,6239013671875;1665,182861328125;1716;
363,794;2,7760133743286133;1693,0286865234375;1551,305908203125;1716;
363,795;2,1838276386260986;1723,3642578125;1734,865966796875;1716;
363,796;2,116687297821045;1681,4853515625;1577,771728515625;1716;
363,797;2,087667942047119;1694,8187255859375;1624,678466796875;1716;
363,798;2,143843650817871;1705,0338134765625;1635,730712890625;1716;
363,799;2,7916171550750732;1705,941162109375;1794,4210205078125;1716;
363,8;2,172720193862915;1727,6982421875;1656,0084228515625;1716;
363,801;2,116687297821045;1683,2509765625;1543,3402099609375;1716;
363,802;2,104339122772217;1712,319091796875;1737,3729248046875;1716;
363,803;2,1330130100250244;1712,6239013671875;1755,127197265625;1716;
363,804;2,774836778640747;1693,0286865234375;1715,067138671875;1716;
363,805;2,2092103958129883;1717,21044921875;1693,326904296875;1716;
363,806;2,1355676651000977;1702,619140625;1629,081298828125;1716;
363,807;2,0983898639678955;1705,336181640625;1651,4588623046875;1716;
363,808;2,1318366527557373;1729,562255859375;1739,8873291015625;1716;
363,809;2,7844033241271973;1701,113525390625;1707,7586669921875;1716;
363,81;2,215505599975586;1720,8974609375;1832,716552734375;1716;
363,811;2,1592600345611572;1688,86669921875;1603,01611328125;1716;
363,812;2,7955901622772217;1698,1102294921875;1637,959228515625;1716;
363,813;2,12583327293396;1712,319091796875;1770,63623046875;1716;
363,814;2,8000071048736572;1709,579833984375;1722,4384765625;1716;
363,815;2,2069084644317627;1708,365234375;1695,715087890625;1716;
363,816;2,1592600345611572;1701,715576171875;1609,4539794921875;1716;
363,817;2,0983898639678955;1704,731689453125;1775,8671875;1716;
363,818;2,1330130100250244;1729,2513427734375;1744,9376220703125;1716;
363,819;2,089643955230713;1701,715576171875;1712,6240234375;1716;
363,82;2,218341827392578;1721,513427734375;1690,9451904296875;1716;
363,821;2,2339658737182617;1702,31787109375;1629,081298828125;1716;
363,822;2,1011962890625;1717,21044921875;1816,1058349609375;1716;
363,823;2,1318366527557373;1712,319091796875;1609,4539794921875;1716;
363,824;2,084881067276001;1693,0286865234375;1644,681396484375;1716;
363,825;2,2120368480682373;1716,904052734375;1797,103271484375;1716;
363,826;2,1592600345611572;1689,163330078125;1618,1185302734375;1716;
363,827;2,7955901622772217;1698,7100830078125;1644,681396484375;1716;
363,828;2,1318366527557373;1716,904052734375;1768,032470703125;1716;
363,829;2,083704710006714;1695,117431640625;1719,974365234375;1716;
363,83;2,2132134437561035;1717,823974609375;1841,1363525390625;1716;
363,831;2,1592600345611572;1699,310302734375;1565,4454345703125;1716;
363,832;2,8763484954833984;1720,589599609375;1747,473876953125;1716;
363,833;2,139016628265381;1712,319091796875;1681,4854736328125;1716;
363,834;2,083704710006714;1692,730712890625;1679,136962890625;1716;
363,835;2,1639888286590576;1716,2911376953125;1816,1058349609375;1716;
363,836;2,1604363918304443;1697,5107421875;1734,865966796875;1716;
363,837;2,7944138050079346;1702,619140625;1702,9207763671875;1716;
363,838;2,1281356811523438;1739,2578125;1832,716552734375;1716;
363,839;2,102699041366577;1710,187744140625;1778,494140625;1716;
363,84;2,218341827392578;1725,5284423828125;1872,682373046875;1716;
363,841;2,1654019355773926;1679,723388671875;1545,323974609375;1716;
363,842;2,14212965965271;1710,187744140625;1734,865966796875;1716;
363,843;2,1162374019622803;1725,5284423828125;1705,3363037109375;1716;
363,844;2,081939697265625;1693,3267822265625;1717,517333984375;1716;
363,845;2,151033401489258;1716,597412109375;1690,9451904296875;1716;
363,846;2,1592600345611572;1702,0166015625;1626,876953125;1716;
363,847;2,1348752975463867;1704,731689453125;1651,4588623046875;1716;
363,848;2,230987310409546;1722,746826171875;1802,4918212890625;1716;
363,849;2,090399980545044;1692,730712890625;1781,1290283203125;1716;
363,85;2,870577096939087;1716,904052734375;1875,6038818359375;1716;
363,851;2,1604363918304443;1712,319091796875;1635,730712890625;1716;
363,852;2,140953302383423;1714,4556884765625;1770,63623046875;1716;
363,853;2,1848011016845703;1728,319091796875;1722,4384765625;1716;
363,854;2,096992015838623;1693,3267822265625;1707,7586669921875;1716;
363,855;2,870577096939087;1716,904052734375;1688,5703125;1716;
363,856;2,1592600345611572;1712,01416015625;1626,876953125;1716;
363,857;2,136051893234253;1703,52392578125;1649,1934814453125;1716;
363,858;2,1786344051361084;1722,4383544921875;1802,4918212890625;1716;
363,859;2,1078224182128906;1693,6248779296875;1646,934326171875;1716;
363,86;2,871753692626953;1717,5172119140625;1797,103271484375;1716;
363,861;2,138136625289917;1712,928955078125;1605,1563720703125;1716;
363,862;2,128797769546509;1698,7100830078125;1642,4345703125;1716;
363,863;2,230703353881836;1719,666748046875;1797,103271484375;1716;
363,864;2,090399980545044;1690,64794921875;1688,5703125;1716;
363,865;2,1578519344329834;1715,067138671875;1821,609130859375;1716;
363,866;2,1575164794921875;1728,319091796875;1744,9376220703125;1716;
363,867;2,1531083583831787;1720,281982421875;1752,568603515625;1716;
363,868;2,1848011016845703;1730,80712890625;1861,0867919921875;1716;
363,869;2,108999013900757;1693,923095703125;1681,4854736328125;1716;
363,87;2,113114595413208;1717,21044921875;1818,8533935546875;1716;
363,871;2,200098991394043;1712,6239013671875;1744,9376220703125;1716;
363,872;2,1420109272003174;1699,310302734375;1669,8084716796875;1716;
363,873;2,1162374019622803;1720,589599609375;1672,130859375;1716;
363,874;2,1078224182128906;1697,211181640625;1551,305908203125;1716;
363,875;2,871753692626953;1717,21044921875;1838,3212890625;1716;
363,876;2,200098991394043;1712,6239013671875;1752,568603515625;1716;
363,877;2,140834331512451;1719,666748046875;1747,473876953125;1716;
363,878;2,8775839805603027;1730,495849609375;1858,210205078125;1716;
363,879;2,1078224182128906;1692,730712890625;1681,4854736328125;1716;
363,88;2,113114595413208;1716,597412109375;1676,7950439453125;1716;
363,881;2,20127534866333;1712,319091796875;1676,7950439453125;1716;
363,882;2,140834331512451;1701,41455078125;1686,2020263671875;1716;
363,883;2,7944235801696777;1704,731689453125;1681,4854736328125;1716;
363,884;2,1051793098449707;1706,2437744140625;1676,7950439453125;1716;
363,885;2,1190736293792725;1725,838134765625;1835,5145263671875;1716;
363,886;2,2063841819763184;1716,904052734375;1752,568603515625;1716;
363,887;2,1420109272003174;1703,22216796875;1739,8873291015625;1716;
363,888;2,8678395748138428;1722,4383544921875;1707,7586669921875;1716;
363,889;2,1511712074279785;1697,810546875;1715,067138671875;1716;
363,89;2,114290952682495;1716,904052734375;1693,326904296875;1716;
363,891;2,200098991394043;1712,01416015625;1683,8404541015625;1716;
363,892;2,140834331512451;1704,4295654296875;1649,1934814453125;1716;
363,893;2,869016170501709;1723,0556640625;1802,4918212890625;1716;
363,894;2,1595616340637207;1698,409912109375;1737,3729248046875;1716;
363,895;2,113114595413208;1717,21044921875;1797,103271484375;1716;
363,896;2,20127534866333;1712,319091796875;1603,01611328125;1716;
363,897;2,1592600345611572;1698,1102294921875;1642,4345703125;1716;
363,898;2,8849756717681885;1736,7454833984375;1797,103271484375;1716;
363,899;2,1483652591705322;1687,38525390625;1603,01611328125;1716;
363,9;2,113114595413208;1717,21044921875;1802,4918212890625;1716;
363,901;2,138136625289917;1712,319091796875;1737,3729248046875;1716;
363,902;2,1420109272003174;1712,319091796875;1750,017578125;1716;
363,903;2,8678395748138428;1726,7677001953125;1712,6240234375;1716;
363,904;2,1595616340637207;1699,910888671875;1693,326904296875;1716;
363,905;2,1330130100250244;1714,76123046875;1660,5828857421875;1716;
363,906;2,200098991394043;1711,405029296875;1665,182861328125;1716;
363,907;2,165142297744751;1713,539306640625;1724,90966796875;1716;
363,908;2,14212965965271;1710,4918212890625;1700,51220703125;1716;
363,909;2,1533751487731934;1691,83740234375;1686,2020263671875;1716;
363,91;2,1975977420806885;1718,437744140625;1824,3734130859375;1716;
363,911;2,139312982559204;1713,2340087890625;1747,473876953125;1716;
363,912;2,1592600345611572;1708,668701171875;1672,130859375;1716;
363,913;2,8678395748138428;1724,9095458984375;1674,459716796875;1716;
363,914;2,160737991333008;1698,7100830078125;1549,3067626953125;1716;
363,915;2,1078224182128906;1717,5172119140625;1838,3212890625;1716;
363,916;2,7831974029541016;1695,416259765625;1618,1185302734375;1716;
363,917;2,1761345863342285;1684,4300537109375;1646,934326171875;1716;
363,918;2,1591861248016357;1730,80712890625;1747,473876953125;1716;
363,919;2,098033905029297;1701,715576171875;1710,1878662109375;1716;
363,92;2,115002393722534;1722,746826171875;1791,7467041015625;1716;
363,921;2,8084566593170166;1715,067138671875;1729,8734130859375;1716;
363,922;2,200098991394043;1711,70947265625;1707,7586669921875;1716;
363,923;2,16644024848938;1739,88720703125;1799,7935791015625;1716;
363,924;2,0860960483551025;1688,86669921875;1603,01611328125;1716;
363,925;2,1078224182128906;1717,5172119140625;1875,6038818359375;1716;
363,926;2,8096330165863037;1712,319091796875;1770,63623046875;1716;
363,927;2,200098991394043;1709,8837890625;1722,4384765625;1716;
363,928;2,1591861248016357;1730,495849609375;1816,1058349609375;1716;
363,929;2,099210500717163;1701,41455078125;1607,30224609375;1716;
363,93;2,113826036453247;1715,6788330078125;1818,8533935546875;1716;
363,931;2,8820998668670654;1728,9404296875;1744,9376220703125;1716;
363,932;2,1929004192352295;1701,113525390625;1712,6240234375;1716;
363,933;2,1591861248016357;1731,7421875;1866,8665771484375;1716;
363,934;2,098033905029297;1702,31787109375;1626,876953125;1716;
363,935;2,1330130100250244;1718,130859375;1676,7950439453125;1716;
363,936;2,8820998668670654;1730,495849609375;1674,459716796875;1716;
363,937;2,187528610229492;1701,715576171875;1818,8533935546875;1716;
363,938;2,160362482070923;1728,008544921875;1846,792724609375;1716;
363,939;2,753110885620117;1683,2509765625;1622,48583984375;1716;
363,94;2,1198294162750244;1717,5172119140625;1863,9722900390625;1716;
363,941;2,8096330165863037;1712,928955078125;1765,4361572265625;1716;
363,942;2,181243419647217;1693,923095703125;1592,4000244140625;1716;
363,943;2,1591861248016357;1730,1845703125;1742,40869140625;1716;
363,944;2,7788100242614746;1701,715576171875;1577,771728515625;1716;
363,945;2,113826036453247;1735,1788330078125;1829,9271240234375;1716;
363,946;2,095583200454712;1704,127685546875;1615,943603515625;1716;
363,947;2,1761345863342285;1688,86669921875;1646,934326171875;1716;
363,948;2,1591861248016357;1730,80712890625;1747,473876953125;1716;
363,949;2,7776336669921875;1701,715576171875;1710,1878662109375;1716;
363,95;2,129035472869873;1722,746826171875;1791,7467041015625;1716;
363,951;2,8084566593170166;1715,067138671875;1729,8734130859375;1716;
363,952;2,200098991394043;1711,405029296875;1705,3363037109375;1716;
363,953;2,172517776489258;1740,201904296875;1802,4918212890625;1716;
363,954;2,760892868041992;1689,4599609375;1605,1563720703125;1716;
363,955;2,1078224182128906;1718,7447509765625;1875,6038818359375;1716;
363,956;2,102699041366577;1713,539306640625;1770,63623046875;1716;
363,957;2,1199333667755127;1694,2216796875;1594,5120849609375;1716;
363,958;2,1654019355773926;1730,80712890625;1739,8873291015625;1716;
363,959;2,7788100242614746;1701,715576171875;1577,771728515625;1716;
363,96;2,113826036453247;1734,552978515625;1829,9271240234375;1716;
363,961;2,8735122680664062;1721,20556640625;1750,017578125;1716;
363,962;2,1271774768829346;1697,5107421875;1715,067138671875;1716;
363,963;2,1776857376098633;1731,7421875;1863,9722900390625;1716;
363,964;2,7776336669921875;1702,31787109375;1626,876953125;1716;
363,965;2,161311149597168;1705,638671875;1651,4588623046875;1716;
363,966;2,8820998668670654;1730,1845703125;1742,40869140625;1716;
363,967;2,113865613937378;1685,0203857421875;1584,0079345703125;1716;
363,968;2,1604363918304443;1739,88720703125;1875,6038818359375;1716;
363,969;2,1221964359283447;1688,86669921875;1633,50830078125;1716;
363,97;2,12583327293396;1715,372802734375;1717,517333984375;1716;
363,971;2,114577531814575;1720,589599609375;1695,715087890625;1716;
363,972;2,200098991394043;1714,150146484375;1688,5703125;1716;
363,973;2,1776857376098633;1714,150146484375;1681,4854736328125;1716;
363,974;2,770439624786377;1693,3267822265625;1553,3101806640625;1716;
363,975;2,209850549697876;1700,812744140625;1611,611328125;1716;
363,976;2,8084566593170166;1708,668701171875;1715,067138671875;1716;
363,977;2,7760133743286133;1691,242431640625;1698,1102294921875;1716;
363,978;2,1654019355773926;1730,495849609375;1719,974365234375;1716;
363,979;2,7776336669921875;1701,113525390625;1569,53271484375;1716;
363,98;2,182647228240967;1721,513427734375;1835,5145263671875;1716;
363,981;2,095583200454712;1705,336181640625;1620,29931640625;1716;
363,982;2,766446828842163;1689,163330078125;1649,1934814453125;1716;
363,983;2,1788620948791504;1731,430419921875;1747,473876953125;1716;
363,984;2,7776336669921875;1702,0166015625;1707,7586669921875;1716;
363,985;2,1942338943481445;1722,1300048828125;1835,5145263671875;1716;
363,986;2,108638286590576;1715,372802734375;1805,1982421875;1716;
363,987;2,774836778640747;1694,2216796875;1609,4539794921875;1716;
363,988;2,1838276386260986;1720,8974609375;1717,517333984375;1716;
363,989;2,79555082321167;1713,8447265625;1693,326904296875;1716;
363,99;2,1691179275512695;1711,1004638671875;1683,8404541015625;1716;
363,991;2,095583200454712;1705,0338134765625;1607,30224609375;1716;
363,992;2,1332452297210693;1705,941162109375;1778,494140625;1716;
363,993;2,171543836593628;1719,974365234375;1658,29248046875;1716;
363,994;2,7776336669921875;1696,0140380859375;1665,182861328125;1716;
363,995;2,173644542694092;1718,7447509765625;1810,6357421875;1716;
363,996;2,101522445678711;1712,319091796875;1719,974365234375;1716;
363,997;2,774836778640747;1693,0286865234375;1700,51220703125;1716;
363,998;2,1850039958953857;1723,0556640625;1715,067138671875;1716;
363,999;2,1343913078308105;1698,1102294921875;1567,486328125;1716;
364;2,1786344051361084;1720,589599609375;1752,568603515625;1716;
364,001;2,102699041366577;1713,8447265625;1681,4854736328125;1716;
364,002;2,1199333667755127;1693,923095703125;1681,4854736328125;1716;
364,003;2,1654019355773926;1715,067138671875;1729,8734130859375;1716;
364,004;2,1294703483581543;1693,923095703125;1573,6414794921875;1716;
364,005;2,1724679470062256;1718,437744140625;1755,127197265625;1716;
364,006;2,101522445678711;1714,76123046875;1690,9451904296875;1716;
364,007;2,7760133743286133;1694,2216796875;1683,8404541015625;1716;
364,008;2,1654019355773926;1725,5284423828125;1824,3734130859375;1716;
364,009;2,1343913078308105;1699,010009765625;1611,611328125;1716;
364,01;2,161311149597168;1703,22216796875;1642,4345703125;1716;
364,011;2,10746169090271;1716,597412109375;1770,63623046875;1716;
364,012;2,8000071048736572;1712,01416015625;1722,4384765625;1716;
364,013;2,172720193862915;1730,80712890625;1672,130859375;1716;
364,014;2,1343913078308105;1701,715576171875;1549,3067626953125;1716;
364,015;2,160134792327881;1704,731689453125;1739,8873291015625;1716;
364,016;2,102699041366577;1712,928955078125;1752,568603515625;1716;
364,017;2,774836778640747;1693,0286865234375;1715,067138671875;1716;
364,018;2,1838276386260986;1730,80712890625;1712,6240234375;1716;
364,019;2,7788100242614746;1701,41455078125;1565,4454345703125;1716;
364,02;2,1786344051361084;1721,8216552734375;1750,017578125;1716;
364,021;2,101522445678711;1713,2340087890625;1681,4854736328125;1716;
364,022;2,7760133743286133;1693,3267822265625;1681,4854736328125;1716;
364,023;2,1654019355773926;1715,067138671875;1729,8734130859375;1716;
364,024;2,76926326751709;1693,923095703125;1573,6414794921875;1716;
364,025;2,173644542694092;1718,437744140625;1755,127197265625;1716;
364,026;2,099757671356201;1714,76123046875;1690,9451904296875;1716;
364,027;2,774836778640747;1694,2216796875;1683,8404541015625;1716;
364,028;2,1665782928466797;1725,5284423828125;1824,3734130859375;1716;
364,029;2,1343913078308105;1699,010009765625;1611,611328125;1716;
364,03;2,1786344051361084;1720,281982421875;1778,494140625;1716;
364,031;2,108638286590576;1716,597412109375;1700,51220703125;1716;
364,032;2,138136625289917;1712,01416015625;1688,5703125;1716;
364,033;2,171543836593628;1714,76123046875;1681,4854736328125;1716;
364,034;2,1477625370025635;1711,1004638671875;1676,7950439453125;1716;
364,035;2,1663014888763428;1709,579833984375;1676,7950439453125;1716;
364,036;2,10746169090271;1717,823974609375;1752,568603515625;1716;
364,037;2,7844033241271973;1696,0140380859375;1715,067138671875;1716;
364,038;2,1654019355773926;1723,0556640625;1707,7586669921875;1716;
364,039;2,1343913078308105;1697,810546875;1563,4097900390625;1716;
364,04;2,173644542694092;1719,974365234375;1750,017578125;1716;
364,041;2,113401174545288;1720,8974609375;1752,568603515625;1716;
364,042;2,78322696685791;1696,911865234375;1715,067138671875;1716;
364,043;2,1665782928466797;1732,053955078125;1863,9722900390625;1716;
364,044;2,1343913078308105;1702,0166015625;1626,876953125;1716;
364,045;2,1786344051361084;1722,4383544921875;1789,08056640625;1716;
364,046;2,120516777038574;1730,1845703125;1818,8533935546875;1716;
364,047;2,78322696685791;1702,0166015625;1747,473876953125;1716;
364,048;2,171543836593628;1730,495849609375;1866,8665771484375;1716;
364,049;2,1355676651000977;1701,715576171875;1629,081298828125;1716;
364,05;2,1786344051361084;1721,8216552734375;1789,08056640625;1716;
364,051;2,1897225379943848;1712,319091796875;1693,326904296875;1716;
364,052;2,8011837005615234;1709,579833984375;1683,8404541015625;1716;
364,053;2,171543836593628;1729,873291015625;1827,14599609375;1716;
364,054;2,1343913078308105;1701,113525390625;1611,611328125;1716;
364,055;2,161311149597168;1704,127685546875;1642,4345703125;1716;
364,056;2,10746169090271;1716,904052734375;1770,63623046875;1716;
364,057;2,1199333667755127;1695,117431640625;1594,5120849609375;1716;
364,058;2,1665782928466797;1730,80712890625;1739,8873291015625;1716;
364,059;2,1343913078308105;1701,715576171875;1577,771728515625;1716;
364,06;2,160134792327881;1704,731689453125;1624,678466796875;1716;
364,061;2,108638286590576;1716,904052734375;1712,6240234375;1716;
364,062;2,774836778640747;1695,117431640625;1695,715087890625;1716;
364,063;2,1654019355773926;1731,118896484375;1722,4384765625;1716;
364,064;2,1355676651000977;1701,41455078125;1569,53271484375;1716;
364,065;2,1786344051361084;1721,8216552734375;1752,568603515625;1716;
364,066;2,101522445678711;1714,150146484375;1681,4854736328125;1716;
364,067;2,7760133743286133;1693,6248779296875;1681,4854736328125;1716;
364,068;2,1654019355773926;1732,365966796875;1884,42333984375;1716;
364,069;2,7776336669921875;1702,31787109375;1633,50830078125;1716;
364,07;2,161311149597168;1705,336181640625;1653,7305908203125;1716;
364,071;2,1318366527557373;1714,4556884765625;1609,4539794921875;1716;
364,072;2,774836778640747;1693,923095703125;1642,4345703125;1716;
364,073;2,1665782928466797;1740,201904296875;1838,3212890625;1716;
364,074;2,1221964359283447;1689,163330078125;1618,1185302734375;1716;
364,075;2,1724679470062256;1715,372802734375;1783,7716064453125;1716;
364,076;2,139016628265381;1716,597412109375;1698,1102294921875;1716;
364,077;2,8000071048736572;1711,70947265625;1686,2020263671875;1716;
364,078;2,171543836593628;1713,8447265625;1681,4854736328125;1716;
364,079;2,1477625370025635;1710,4918212890625;1676,7950439453125;1716;
364,08;2,1663014888763428;1709,2760009765625;1676,7950439453125;1716;
364,081;2,10746169090271;1717,823974609375;1752,568603515625;1716;
364,082;2,7844033241271973;1696,0140380859375;1715,067138671875;1716;
364,083;2,1654019355773926;1723,0556640625;1707,7586669921875;1716;
364,084;2,1343913078308105;1697,810546875;1563,4097900390625;1716;
364,085;2,173644542694092;1719,974365234375;1750,017578125;1716;
364,086;2,113401174545288;1720,8974609375;1752,568603515625;1716;
364,087;2,78322696685791;1696,911865234375;1715,067138671875;1716;
364,088;2,1850039958953857;1731,7421875;1712,6240234375;1716;
364,089;2,1343913078308105;1702,0166015625;1690,9451904296875;1716;
364,09;2,1786344051361084;1722,1300048828125;1827,14599609375;1716;
364,091;2,139016628265381;1702,619140625;1605,1563720703125;1716;
364,092;2,7916171550750732;1704,731689453125;1640,19384765625;1716;
364,093;2,171543836593628;1723,3642578125;1829,9271240234375;1716;
364,094;2,1355676651000977;1698,1102294921875;1613,774658203125;1716;
364,095;2,160134792327881;1703,22216796875;1644,681396484375;1716;
364,096;2,1498470306396484;1717,5172119140625;1615,943603515625;1716;
364,097;2,7760133743286133;1695,715087890625;1781,1290283203125;1716;
364,098;2,1654019355773926;1729,2513427734375;1724,90966796875;1716;
364,099;2,1343913078308105;1701,113525390625;1698,1102294921875;1716;
364,1;2,1798110008239746;1721,8216552734375;1686,2020263671875;1716;
364,101;2,1880648136138916;1717,21044921875;1744,9376220703125;1716;
364,102;2,774836778640747;1695,416259765625;1712,6240234375;1716;
364,103;2,1665782928466797;1718,130859375;1707,7586669921875;1716;
364,104;2,1343913078308105;1696,911865234375;1565,4454345703125;1716;
364,105;2,1724679470062256;1719,3592529296875;1750,017578125;1716;
364,106;2,1919398307800293;1720,589599609375;1752,568603515625;1716;
364,107;2,089643955230713;1696,6124267578125;1715,067138671875;1716;
364,108;2,1838276386260986;1731,430419921875;1712,6240234375;1716;
364,109;2,1355676651000977;1702,0166015625;1690,9451904296875;1716;
364,11;2,1786344051361084;1722,1300048828125;1827,14599609375;1716;
364,111;2,1378402709960938;1702,619140625;1605,1563720703125;1716;
364,112;2,7927935123443604;1704,731689453125;1640,19384765625;1716;
364,113;2,1774260997772217;1723,3642578125;1829,9271240234375;1716;
364,114;2,1343913078308105;1698,409912109375;1615,943603515625;1716;
364,115;2,0995664596557617;1703,22216796875;1644,681396484375;1716;
364,116;2,1498470306396484;1717,21044921875;1615,943603515625;1716;
364,117;2,774836778640747;1695,416259765625;1781,1290283203125;1716;
364,118;2,1665782928466797;1738,000732421875;1799,7935791015625;1716;
364,119;2,1221964359283447;1688,5703125;1603,01611328125;1716;
364,12;2,1663014888763428;1715,067138671875;1637,959228515625;1716;
364,121;2,139016628265381;1708,061767578125;1698,1102294921875;1716;
364,122;2,7916171550750732;1707,15234375;1829,9271240234375;1716;
364,123;2,1994271278381348;1706,849365234375;1747,473876953125;1716;
364,124;2,1355676651000977;1699,310302734375;1603,01611328125;1716;
364,125;2,1162374019622803;1720,281982421875;1773,2479248046875;1716;
364,126;2,1378402709960938;1713,539306640625;1615,943603515625;1716;
364,127;2,084881067276001;1693,3267822265625;1644,681396484375;1716;
364,128;2,2092103958129883;1717,21044921875;1658,29248046875;1716;
364,129;2,1343913078308105;1702,619140625;1644,681396484375;1716;
364,13;2,0995664596557617;1705,336181640625;1660,5828857421875;1716;
364,131;2,1318366527557373;1716,597412109375;1607,30224609375;1716;
364,132;2,083704710006714;1694,8187255859375;1778,494140625;1716;
364,133;2,2132134437561035;1717,5172119140625;1722,4384765625;1716;
364,134;2,1343913078308105;1698,409912109375;1695,715087890625;1716;
364,135;2,110288381576538;1719,666748046875;1686,2020263671875;1716;
364,136;2,1210060119628906;1715,9849853515625;1744,9376220703125;1716;
364,137;2,083704710006714;1694,8187255859375;1584,0079345703125;1716;
364,138;2,2120368480682373;1718,437744140625;1760,2666015625;1716;
364,139;2,2339658737182617;1699,910888671875;1581,923828125;1716;
364,14;2,8028433322906494;1704,127685546875;1760,2666015625;1716;
364,141;2,1318366527557373;1721,513427734375;1747,473876953125;1716;
364,142;2,0908203125;1697,211181640625;1710,1878662109375;1716;
364,143;2,2120368480682373;1719,052001953125;1690,9451904296875;1716;
364,144;2,1343913078308105;1701,715576171875;1629,081298828125;1716;
364,145;2,8040199279785156;1704,731689453125;1651,4588623046875;1716;
364,146;2,1318366527557373;1729,562255859375;1739,8873291015625;1716;
364,147;2,78322696685791;1701,113525390625;1707,7586669921875;1716;
364,148;2,2195181846618652;1720,8974609375;1832,716552734375;1716;
364,149;2,140488624572754;1705,638671875;1732,3660888671875;1716;
364,15;2,8028433322906494;1706,54638671875;1702,9207763671875;1716;
364,151;2,1330130100250244;1712,319091796875;1734,865966796875;1716;
364,152;2,8000071048736572;1709,8837890625;1707,7586669921875;1716;
364,153;2,218341827392578;1725,5284423828125;1832,716552734375;1716;
364,154;2,163377523422241;1714,150146484375;1672,130859375;1716;
364,155;2,8112730979919434;1710,796142578125;1674,459716796875;1716;
364,156;2,1318366527557373;1716,597412109375;1752,568603515625;1716;
364,157;2,084881067276001;1694,8187255859375;1712,6240234375;1716;
364,158;2,2120368480682373;1717,823974609375;1835,5145263671875;1716;
364,159;2,1592600345611572;1697,5107421875;1565,4454345703125;1716;
364,16;2,8208792209625244;1719,3592529296875;1747,473876953125;1716;
364,161;2,1378402709960938;1720,589599609375;1752,568603515625;1716;
364,162;2,089643955230713;1696,6124267578125;1712,6240234375;1716;
364,163;2,2103867530822754;1718,437744140625;1690,9451904296875;1716;
364,164;2,1592600345611572;1702,31787109375;1629,081298828125;1716;
364,165;2,8028433322906494;1705,0338134765625;1649,1934814453125;1716;
364,166;2,1330130100250244;1730,1845703125;1742,40869140625;1716;
364,167;2,077765464782715;1685,0203857421875;1581,923828125;1716;
364,168;2,2057321071624756;1712,6239013671875;1757,693115234375;1716;
364,169;2,172720193862915;1688,86669921875;1516,0933837890625;1716;
364,17;2,8112730979919434;1715,067138671875;1869,7698974609375;1716;
364,171;2,1378402709960938;1718,437744140625;1679,136962890625;1716;
364,172;2,0908203125;1696,0140380859375;1679,136962890625;1716;
364,173;2,2309517860412598;1735,8050537109375;1816,1058349609375;1716;
364,174;2,171543836593628;1709,8837890625;1676,7950439453125;1716;
364,175;2,8124494552612305;1708,365234375;1674,459716796875;1716;
364,176;2,1318366527557373;1717,21044921875;1752,568603515625;1716;
364,177;2,083704710006714;1695,416259765625;1715,067138671875;1716;
364,178;2,2132134437561035;1718,130859375;1838,3212890625;1716;
364,179;2,1592600345611572;1697,810546875;1565,4454345703125;1716;
364,18;2,8197028636932373;1719,666748046875;1747,473876953125;1716;
364,181;2,1233630180358887;1730,495849609375;1710,1878662109375;1716;
364,182;2,077765464782715;1688,5703125;1649,1934814453125;1716;
364,183;2,2057321071624756;1714,4556884765625;1660,5828857421875;1716;
364,184;2,1604363918304443;1702,619140625;1644,681396484375;1716;
364,185;2,8028433322906494;1705,336181640625;1658,29248046875;1716;
364,186;2,1318366527557373;1716,904052734375;1609,4539794921875;1716;
364,187;2,084881067276001;1695,715087890625;1644,681396484375;1716;
364,188;2,2120368480682373;1718,437744140625;1797,103271484375;1716;
364,189;2,1592600345611572;1697,5107421875;1679,136962890625;1716;
364,19;2,7955901622772217;1702,619140625;1674,459716796875;1716;
364,191;2,1162374019622803;1721,8216552734375;1674,459716796875;1716;
364,192;2,101522445678711;1711,70947265625;1715,067138671875;1716;
364,193;2,2195181846618652;1726,14794921875;1838,3212890625;1716;
364,194;2,1654019355773926;1699,610595703125;1551,305908203125;1716;
364,195;2,8028433322906494;1703,82568359375;1742,40869140625;1716;
364,196;2,1174137592315674;1722,4383544921875;1707,7586669921875;1716;
364,197;2,083704710006714;1692,730712890625;1712,6240234375;1716;
364,198;2,2309517860412598;1733,927490234375;1835,5145263671875;1716;
364,199;2,154294490814209;1701,41455078125;1690,9451904296875;1716;
364,2;2,8763484954833984;1721,513427734375;1827,14599609375;1716;
364,201;2,1221864223480225;1731,430419921875;1747,473876953125;1716;
364,202;2,096759796142578;1705,0338134765625;1642,4345703125;1716;
364,203;2,8791847229003906;1723,0556640625;1794,4210205078125;1716;
364,204;2,1469762325286865;1697,810546875;1744,9376220703125;1716;
364,205;2,129974126815796;1702,619140625;1707,7586669921875;1716;
364,206;2,1786344051361084;1721,8216552734375;1690,9451904296875;1716;
364,207;2,101522445678711;1710,796142578125;1702,9207763671875;1716;
364,208;2,157120943069458;1725,838134765625;1829,9271240234375;1716;
364,209;2,1654019355773926;1714,4556884765625;1674,459716796875;1716;
364,21;2,8112730979919434;1711,1004638671875;1674,459716796875;1716;
364,211;2,1798110008239746;1726,14794921875;1816,1058349609375;1716;
364,212;2,1078224182128906;1691,242431640625;1681,4854736328125;1716;
364,213;2,1498570442199707;1715,9849853515625;1818,8533935546875;1716;
364,214;2,1788620948791504;1698,1102294921875;1573,6414794921875;1716;
364,215;2,1531083583831787;1720,281982421875;1755,127197265625;1716;
364,216;2,1848011016845703;1731,430419921875;1863,9722900390625;1716;
364,217;2,108999013900757;1694,52001953125;1679,136962890625;1716;
364,218;2,8140499591827393;1717,823974609375;1816,1058349609375;1716;
364,219;2,1592600345611572;1698,1102294921875;1734,865966796875;1716;
364,22;2,129974126815796;1702,619140625;1705,3363037109375;1716;
364,221;2,1786344051361084;1721,8216552734375;1690,9451904296875;1716;
364,222;2,1078224182128906;1709,579833984375;1702,9207763671875;1716;
364,223;2,8803610801696777;1725,5284423828125;1829,9271240234375;1716;
364,224;2,1654019355773926;1714,4556884765625;1674,459716796875;1716;
364,225;2,140953302383423;1711,1004638671875;1816,1058349609375;1716;
364,226;2,1798110008239746;1726,14794921875;1742,40869140625;1716;
364,227;2,1078224182128906;1693,3267822265625;1698,1102294921875;1716;
364,228;2,896399736404419;1734,240234375;1827,14599609375;1716;
364,229;2,1332452297210693;1703,52392578125;1615,943603515625;1716;
364,23;2,147030830383301;1719,3592529296875;1824,3734130859375;1716;
364,231;2,1663014888763428;1712,928955078125;1747,473876953125;1716;
364,232;2,1029953956604004;1708,97216796875;1739,8873291015625;1716;
364,233;2,8791847229003906;1724,9095458984375;1705,3363037109375;1716;
364,234;2,1654019355773926;1716,597412109375;1690,9451904296875;1716;
364,235;2,14212965965271;1708,97216796875;1681,4854736328125;1716;
364,236;2,1786344051361084;1725,5284423828125;1821,609130859375;1716;
364,237;2,1078224182128906;1693,6248779296875;1646,934326171875;1716;
364,238;2,8152265548706055;1716,904052734375;1797,103271484375;1716;
364,239;2,138136625289917;1712,319091796875;1734,865966796875;1716;
364,24;2,140953302383423;1711,405029296875;1752,568603515625;1716;
364,241;2,1798110008239746;1726,457763671875;1712,6240234375;1716;
364,242;2,1078224182128906;1697,211181640625;1715,067138671875;1716;
364,243;2,8140499591827393;1718,7447509765625;1693,326904296875;1716;
364,244;2,139312982559204;1713,2340087890625;1683,8404541015625;1716;
364,245;2,194176197052002;1705,0338134765625;1649,1934814453125;1716;
364,246;2,1786344051361084;1723,3642578125;1802,4918212890625;1716;
364,247;2,108999013900757;1685,0203857421875;1584,0079345703125;1716;
364,248;2,80564022064209;1713,2340087890625;1760,2666015625;1716;
364,249;2,200098991394043;1711,1004638671875;1590,2938232421875;1716;
364,25;2,1420109272003174;1699,310302734375;1651,4588623046875;1716;
364,251;2,190967559814453;1737,6866455078125;1802,4918212890625;1716;
364,252;2,095815658569336;1714,150146484375;1794,4210205078125;1716;
364,253;2,1083319187164307;1710,187744140625;1729,8734130859375;1716;
364,254;2,200098991394043;1708,97216796875;1702,9207763671875;1716;
364,255;2,1592600345611572;1712,6239013671875;1635,730712890625;1716;
364,256;2,1174137592315674;1727,07763671875;1794,4210205078125;1716;
364,257;2,1078224182128906;1699,010009765625;1693,326904296875;1716;
364,258;2,8140499591827393;1719,974365234375;1824,3734130859375;1716;
364,259;2,20127534866333;1713,539306640625;1613,774658203125;1716;
364,26;2,1531083583831787;1721,8216552734375;1827,14599609375;1716;
364,261;2,1221864223480225;1731,430419921875;1905,3282470703125;1716;
364,262;2,096992015838623;1709,8837890625;1816,1058349609375;1716;
364,263;2,1190736293792725;1724,9095458984375;1739,8873291015625;1716;
364,264;2,2063841819763184;1716,2911376953125;1707,7586669921875;1716;
364,265;2,1420109272003174;1716,2911376953125;1676,7950439453125;1716;
364,266;2,104339122772217;1711,405029296875;1676,7950439453125;1716;
364,267;2,1184213161468506;1709,2760009765625;1674,459716796875;1716;
364,268;2,8803610801696777;1725,218994140625;1835,5145263671875;1716;
364,269;2,2063841819763184;1716,597412109375;1752,568603515625;1716;
364,27;2,140834331512451;1703,22216796875;1739,8873291015625;1716;
364,271;2,869016170501709;1722,4383544921875;1707,7586669921875;1716;
364,272;2,1078224182128906;1697,810546875;1715,067138671875;1716;
364,273;2,1309916973114014;1734,240234375;1838,3212890625;1716;
364,274;2,1949901580810547;1703,22216796875;1618,1185302734375;1716;
364,275;2,134692668914795;1721,513427734375;1824,3734130859375;1716;
364,276;2,8764076232910156;1731,7421875;1747,473876953125;1716;
364,277;2,1271774768829346;1702,31787109375;1710,1878662109375;1716;
364,278;2,1190736293792725;1723,0556640625;1794,4210205078125;1716;
364,279;2,187528610229492;1698,1102294921875;1600,881591796875;1716;
364,28;2,154294490814209;1702,920654296875;1707,7586669921875;1716;
364,281;2,8849756717681885;1739,572509765625;1835,5145263671875;1716;
364,282;2,147188663482666;1689,163330078125;1620,29931640625;1716;
364,283;2,1202499866485596;1726,14794921875;1722,4384765625;1716;
364,284;2,2063841819763184;1716,904052734375;1698,1102294921875;1716;
364,285;2,1592600345611572;1721,20556640625;1683,8404541015625;1716;
364,286;2,8040003776550293;1713,8447265625;1679,136962890625;1716;
364,287;2,1533751487731934;1693,0286865234375;1553,3101806640625;1716;
364,288;2,113114595413208;1717,21044921875;1835,5145263671875;1716;
364,289;2,20127534866333;1712,319091796875;1752,568603515625;1716;
364,29;2,140834331512451;1719,052001953125;1747,473876953125;1716;
364,291;2,8764076232910156;1730,1845703125;1710,1878662109375;1716;
364,292;2,160737991333008;1701,41455078125;1567,486328125;1716;
364,293;2,1309916973114014;1736,118408203125;1838,3212890625;1716;
364,294;2,244990110397339;1704,4295654296875;1618,1185302734375;1716;
364,295;2,135869026184082;1722,1300048828125;1824,3734130859375;1716;
364,296;2,8764076232910156;1732,053955078125;1902,3133544921875;1716;
364,297;2,162358283996582;1702,31787109375;1642,4345703125;1716;
364,298;2,1202499866485596;1725,218994140625;1813,3665771484375;1716;
364,299;2,2063841819763184;1715,9849853515625;1609,4539794921875;1716;
364,3;2,140834331512451;1702,619140625;1702,9207763671875;1716;
364,301;2,8861520290374756;1739,2578125;1832,716552734375;1716;
364,302;2,1477770805358887;1689,163330078125;1618,1185302734375;1716;
364,303;2,1190736293792725;1725,5284423828125;1722,4384765625;1716;
364,304;2,2616782188415527;1716,597412109375;1698,1102294921875;1716;
364,305;2,1592600345611572;1721,20556640625;1683,8404541015625;1716;
364,306;2,802823781967163;1714,150146484375;1679,136962890625;1716;
364,307;2,1545517444610596;1693,3267822265625;1551,305908203125;1716;
364,308;2,1071555614471436;1709,579833984375;1762,8475341796875;1716;
364,309;2,200098991394043;1708,668701171875;1717,517333984375;1716;
364,31;2,1420109272003174;1719,666748046875;1765,4361572265625;1716;
364,311;2,8764076232910156;1730,495849609375;1719,974365234375;1716;
364,312;2,1595616340637207;1701,41455078125;1571,5843505859375;1716;
364,313;2,1202499866485596;1720,589599609375;1690,9451904296875;1716;
364,314;2,200098991394043;1714,4556884765625;1683,8404541015625;1716;
364,315;2,140834331512451;1722,4383544921875;1786,4219970703125;1716;
364,316;2,8775839805603027;1732,365966796875;1881,4742431640625;1716;
364,317;2,1595616340637207;1702,920654296875;1635,730712890625;1716;
364,318;2,1190736293792725;1721,8216552734375;1816,1058349609375;1716;
364,319;2,8096330165863037;1714,76123046875;1609,4539794921875;1716;
364,32;2,140834331512451;1703,22216796875;1702,9207763671875;1716;
364,321;2,8849756717681885;1739,572509765625;1832,716552734375;1716;
364,322;2,148953437805176;1688,86669921875;1615,943603515625;1716;
364,323;2,1190736293792725;1725,218994140625;1722,4384765625;1716;
364,324;2,1442043781280518;1715,9849853515625;1698,1102294921875;1716;
364,325;2,1604363918304443;1720,8974609375;1683,8404541015625;1716;
364,326;2,802823781967163;1713,539306640625;1679,136962890625;1716;
364,327;2,171934127807617;1709,8837890625;1674,459716796875;1716;
364,328;2,1202499866485596;1725,838134765625;1835,5145263671875;1716;
364,329;2,1442043781280518;1716,597412109375;1752,568603515625;1716;
364,33;2,140834331512451;1711,405029296875;1813,3665771484375;1716;
364,331;2,869016170501709;1726,457763671875;1742,40869140625;1716;
364,332;2,1595616340637207;1699,310302734375;1577,771728515625;1716;
364,333;2,1309916973114014;1734,240234375;1829,9271240234375;1716;
364,334;2,2714927196502686;1720,8974609375;1750,017578125;1716;
364,335;2,1469762325286865;1720,281982421875;1750,017578125;1716;
364,336;2,8764076232910156;1731,430419921875;1712,6240234375;1716;
364,337;2,160737991333008;1702,31787109375;1693,326904296875;1716;
364,338;2,125032663345337;1732,365966796875;1799,7935791015625;1716;
364,339;2,7916171550750732;1702,619140625;1603,01611328125;1716;
364,34;2,154294490814209;1704,731689453125;1688,5703125;1716;
364,341;2,8678395748138428;1722,746826171875;1824,3734130859375;1716;
364,342;2,1595616340637207;1697,5107421875;1613,774658203125;1716;
364,343;2,1202499866485596;1725,838134765625;1832,716552734375;1716;
364,344;2,1442043781280518;1716,2911376953125;1615,943603515625;1716;
364,345;2,140834331512451;1706,849365234375;1702,9207763671875;1716;
364,346;2,154284954071045;1723,982177734375;1688,5703125;1716;
364,347;2,1595616340637207;1698,409912109375;1679,136962890625;1716;
364,348;2,1190736293792725;1725,5284423828125;1832,716552734375;1716;
364,349;2,145380735397339;1715,9849853515625;1615,943603515625;1716;
364,35;2,146716594696045;1706,2437744140625;1778,494140625;1716;
364,351;2,8935437202453613;1740,831787109375;1875,6038818359375;1716;
364,352;2,148953437805176;1689,4599609375;1633,50830078125;1716;
364,353;2,2087743282318115;1725,5284423828125;1722,4384765625;1716;
364,354;2,1442043781280518;1716,2911376953125;1698,1102294921875;1716;
364,355;2,1420109272003174;1695,117431640625;1690,9451904296875;1716;
364,356;2,8678395748138428;1726,7677001953125;1722,4384765625;1716;
364,357;2,1595616340637207;1699,610595703125;1569,53271484375;1716;
364,358;2,1330130100250244;1721,20556640625;1693,326904296875;1716;
364,359;2,138136625289917;1714,4556884765625;1683,8404541015625;1716;
364,36;2,140834331512451;1721,8216552734375;1783,7716064453125;1716;
364,361;2,160362482070923;1731,7421875;1881,4742431640625;1716;
364,362;2,1595616340637207;1701,715576171875;1633,50830078125;1716;
364,363;2,1928446292877197;1720,589599609375;1674,459716796875;1716;
364,364;2,1575164794921875;1731,118896484375;1816,1058349609375;1716;
364,365;2,1469762325286865;1717,21044921875;1752,568603515625;1716;
364,366;2,140953302383423;1711,70947265625;1712,6240234375;1716;
364,367;2,1731107234954834;1708,668701171875;1688,5703125;1716;
364,368;2,111349582672119;1716,597412109375;1821,609130859375;1716;
364,369;2,138136625289917;1711,405029296875;1611,611328125;1716;
364,37;2,1604363918304443;1719,974365234375;1778,494140625;1716;
364,371;2,1591861248016357;1730,495849609375;1724,90966796875;1716;
364,372;2,1511712074279785;1695,117431640625;1565,4454345703125;1716;
364,373;2,1330130100250244;1718,130859375;1747,473876953125;1716;
364,374;2,8084566593170166;1712,928955078125;1710,1878662109375;1716;
364,375;2,181243419647217;1693,6248779296875;1698,1102294921875;1716;
364,376;2,869016170501709;1720,8974609375;1715,067138671875;1716;
364,377;2,1595616340637207;1696,6124267578125;1567,486328125;1716;
364,378;2,1309916973114014;1736,118408203125;1838,3212890625;1716;
364,379;2,8746886253356934;1721,8216552734375;1752,568603515625;1716;
364,38;2,2626216411590576;1721,8216552734375;1747,473876953125;1716;
364,381;2,8764076232910156;1731,430419921875;1710,1878662109375;1716;
364,382;2,160737991333008;1701,41455078125;1690,9451904296875;1716;
364,383;2,125032663345337;1731,7421875;1799,7935791015625;1716;
364,384;2,7916171550750732;1702,31787109375;1732,3660888671875;1716;
364,385;2,2666280269622803;1705,0338134765625;1705,3363037109375;1716;
364,386;2,8764076232910156;1729,2513427734375;1887,381591796875;1716;
364,387;2,1781206130981445;1717,21044921875;1635,730712890625;1716;
364,388;2,1210060119628906;1725,838134765625;1818,8533935546875;1716;
364,389;2,8168764114379883;1716,597412109375;1609,4539794921875;1716;
364,39;2,1199333667755127;1695,715087890625;1644,681396484375;1716;
364,391;2,8947200775146484;1741,4622802734375;1838,3212890625;1716;
364,392;2,086684226989746;1690,0537109375;1618,1185302734375;1716;
364,393;2,181351900100708;1726,457763671875;1872,682373046875;1716;
364,394;2,8180527687072754;1717,21044921875;1768,032470703125;1716;
364,395;2,184030294418335;1719,3592529296875;1810,6357421875;1716;
364,396;2,1591861248016357;1730,1845703125;1739,8873291015625;1716;
364,397;2,214855670928955;1701,113525390625;1577,771728515625;1716;
364,398;2,113826036453247;1734,552978515625;1829,9271240234375;1716;
364,399;2,8735122680664062;1721,20556640625;1750,017578125;1716;
364,4;2,1915016174316406;1720,589599609375;1750,017578125;1716;
364,401;2,1591861248016357;1731,430419921875;1712,6240234375;1716;
364,402;2,206620454788208;1702,31787109375;1693,326904296875;1716;
364,403;2,1330130100250244;1732,053955078125;1797,103271484375;1716;
364,404;2,1260011196136475;1702,31787109375;1603,01611328125;1716;
364,405;2,1938138008117676;1704,731689453125;1637,959228515625;1716;
364,406;2,14212965965271;1714,150146484375;1752,568603515625;1716;
364,407;2,1533751487731934;1693,3267822265625;1581,923828125;1716;
364,408;2,12583327293396;1726,14794921875;1705,3363037109375;1716;
364,409;2,145380735397339;1716,2911376953125;1563,4097900390625;1716;
364,41;2,181243419647217;1694,52001953125;1752,568603515625;1716;
364,411;2,1591861248016357;1731,430419921875;1884,42333984375;1716;
364,412;2,762657642364502;1684,7252197265625;1635,730712890625;1716;
364,413;2,1378402709960938;1725,218994140625;1710,1878662109375;1716;
364,414;2,8168764114379883;1716,2911376953125;1693,326904296875;1716;
364,415;2,139312982559204;1711,70947265625;1683,8404541015625;1716;
364,416;2,140953302383423;1712,6239013671875;1681,4854736328125;1716;
364,417;2,171934127807617;1709,8837890625;1679,136962890625;1716;
364,418;2,1210060119628906;1726,7677001953125;1835,5145263671875;1716;
364,419;2,8168764114379883;1717,21044921875;1752,568603515625;1716;
364,42;2,251863479614258;1712,319091796875;1863,9722900390625;1716;
364,421;2,154284954071045;1722,4383544921875;1781,1290283203125;1716;
364,422;2,098033905029297;1697,5107421875;1594,5120849609375;1716;
364,423;2,12583327293396;1707,455322265625;1752,568603515625;1716;
364,424;2,8746886253356934;1724,600341796875;1710,1878662109375;1716;
364,425;2,187528610229492;1698,7100830078125;1695,715087890625;1716;
364,426;2,1591861248016357;1731,430419921875;1722,4384765625;1716;
364,427;2,160737991333008;1701,41455078125;1569,53271484375;1716;
364,428;2,1318366527557373;1721,513427734375;1693,326904296875;1716;
364,429;2,8084566593170166;1714,4556884765625;1681,4854736328125;1716;
364,43;2,182419776916504;1694,2216796875;1683,8404541015625;1716;
364,431;2,140953302383423;1715,067138671875;1729,8734130859375;1716;
364,432;2,1533751487731934;1693,923095703125;1573,6414794921875;1716;
364,433;2,127009630203247;1721,8216552734375;1710,1878662109375;1716;
364,434;2,8084566593170166;1714,76123046875;1565,4454345703125;1716;
364,435;2,181243419647217;1694,2216796875;1752,568603515625;1716;
364,436;2,8775839805603027;1732,053955078125;1884,42333984375;1716;
364,437;2,7614810466766357;1685,0203857421875;1635,730712890625;1716;
364,438;2,1378402709960938;1725,218994140625;1710,1878662109375;1716;
364,439;2,8180527687072754;1716,2911376953125;1693,326904296875;1716;
364,44;2,1440186500549316;1712,01416015625;1686,2020263671875;1716;
364,441;2,8764076232910156;1730,495849609375;1827,14599609375;1716;
364,442;2,099210500717163;1701,41455078125;1613,774658203125;1716;
364,443;2,113826036453247;1726,7677001953125;1875,6038818359375;1716;
364,444;2,8168764114379883;1717,5172119140625;1770,63623046875;1716;
364,445;2,1915016174316406;1696,0140380859375;1594,5120849609375;1716;
364,446;2,1591861248016357;1731,118896484375;1739,8873291015625;1716;
364,447;2,7776336669921875;1701,715576171875;1577,771728515625;1716;
364,448;2,115002393722534;1725,838134765625;1755,127197265625;1716;
364,449;2,8168764114379883;1716,904052734375;1712,6240234375;1716;
364,45;2,184030294418335;1695,117431640625;1770,63623046875;1716;
364,451;2,160362482070923;1731,118896484375;1722,4384765625;1716;
364,452;2,1595616340637207;1701,41455078125;1569,53271484375;1716;
364,453;2,207719087600708;1738,9434814453125;1838,3212890625;1716;
364,454;2,801213502883911;1705,638671875;1618,1185302734375;1716;
364,455;2,175546407699585;1689,4599609375;1649,1934814453125;1716;
364,456;2,1591861248016357;1732,053955078125;1747,473876953125;1716;
364,457;2,216620445251465;1702,31787109375;1710,1878662109375;1716;
364,458;2,1318366527557373;1731,7421875;1719,974365234375;1716;
364,459;2,147030830383301;1719,3592529296875;1695,715087890625;1716;
364,46;2,18860125541687;1722,1300048828125;1778,494140625;1716;
364,461;2,140953302383423;1714,76123046875;1724,90966796875;1716;
364,462;2,1533751487731934;1693,923095703125;1571,5843505859375;1716;
364,463;2,127009630203247;1720,8974609375;1710,1878662109375;1716;
364,464;2,138136625289917;1714,150146484375;1565,4454345703125;1716;
364,465;2,1199333667755127;1694,2216796875;1620,29931640625;1716;
364,466;2,8775839805603027;1728,008544921875;1843,960205078125;1716;
364,467;2,1595616340637207;1700,21142578125;1755,127197265625;1716;
364,468;2,113826036453247;1725,5284423828125;1791,7467041015625;1716;
364,469;2,145380735397339;1716,2911376953125;1598,7528076171875;1716;
364,47;2,138136625289917;1712,319091796875;1637,959228515625;1716;
364,471;2,1713414192199707;1742,093017578125;1841,1363525390625;1716;
364,472;2,200129747390747;1690,0537109375;1620,29931640625;1716;
364,473;2,1173088550567627;1726,457763671875;1869,7698974609375;1716;
364,474;2,8168764114379883;1716,904052734375;1768,032470703125;1716;
364,475;2,182419776916504;1695,117431640625;1592,4000244140625;1716;
364,476;2,902111768722534;1747,791259765625;1896,3125;1716;
364,477;2,171934127807617;1709,579833984375;1640,19384765625;1716;
364,478;2,1210060119628906;1734,240234375;1789,08056640625;1716;
364,479;2,8735122680664062;1720,8974609375;1729,8734130859375;1716;
364,48;2,187528610229492;1697,810546875;1707,7586669921875;1716;
364,481;2,154284954071045;1727,07763671875;1715,067138671875;1716;
364,482;2,1595616340637207;1699,910888671875;1567,486328125;1716;
364,483;2,1309916973114014;1737,05908203125;1838,3212890625;1716;
364,484;2,8746886253356934;1722,4383544921875;1752,568603515625;1716;
364,485;2,174943208694458;1698,1102294921875;1717,517333984375;1716;
364,486;2,1591861248016357;1731,7421875;1861,0867919921875;1716;
364,487;2,160737991333008;1701,41455078125;1624,678466796875;1716;
364,488;2,1318366527557373;1716,2911376953125;1676,7950439453125;1716;
364,489;2,8820998668670654;1728,9404296875;1818,8533935546875;1716;
364,49;2,1526365280151367;1701,113525390625;1750,017578125;1716;
364,491;2,8764076232910156;1729,873291015625;1863,9722900390625;1716;
364,492;2,098033905029297;1701,41455078125;1629,081298828125;1716;
364,493;2,1330130100250244;1717,21044921875;1710,1878662109375;1716;
364,494;2,8084566593170166;1712,319091796875;1693,326904296875;1716;
364,495;2,1592600345611572;1710,187744140625;1686,2020263671875;1716;
364,496;2,14212965965271;1712,6239013671875;1681,4854736328125;1716;
364,497;2,171934127807617;1710,187744140625;1676,7950439453125;1716;
364,498;2,1862106323242188;1727,07763671875;1835,5145263671875;1716;
364,499;2,8180527687072754;1717,5172119140625;1752,568603515625;1716;
364,5;2,184030294418335;1695,416259765625;1586,09765625;1716;
364,501;2,1531083583831787;1726,457763671875;1742,40869140625;1716;
364,502;2,160737991333008;1699,310302734375;1577,771728515625;1716;
364,503;2,113826036453247;1725,5284423828125;1755,127197265625;1716;
364,504;2,8168764114379883;1716,597412109375;1712,6240234375;1716;
364,505;2,182419776916504;1694,8187255859375;1695,715087890625;1716;
364,506;2,1591861248016357;1731,118896484375;1722,4384765625;1716;
364,507;2,1595616340637207;1701,41455078125;1569,53271484375;1716;
364,508;2,1321682929992676;1738,9434814453125;1838,3212890625;1716;
364,509;2,1502721309661865;1723,0556640625;1752,568603515625;1716;
364,51;2,2637979984283447;1698,1102294921875;1747,473876953125;1716;
364,511;2,160362482070923;1731,7421875;1861,0867919921875;1716;
364,512;2,1595616340637207;1701,41455078125;1624,678466796875;1716;
364,513;2,1318366527557373;1716,2911376953125;1676,7950439453125;1716;
364,514;2,8832764625549316;1728,9404296875;1674,459716796875;1716;
364,515;2,1260011196136475;1701,113525390625;1679,136962890625;1716;
364,516;2,1531083583831787;1723,0556640625;1805,1982421875;1716;
364,517;2,1523478031158447;1702,0166015625;1712,6240234375;1716;
364,518;2,1078224182128906;1720,8974609375;1835,5145263671875;1716;
364,519;2,8084566593170166;1713,8447265625;1615,943603515625;1716;
364,52;2,1211097240448;1693,6248779296875;1644,681396484375;1716;
364,521;2,1713414192199707;1742,40869140625;1838,3212890625;1716;
364,522;2,086684226989746;1690,350830078125;1618,1185302734375;1716;
364,523;2,127009630203247;1726,457763671875;1722,4384765625;1716;
364,524;2,8168764114379883;1717,21044921875;1698,1102294921875;1716;
364,525;2,1592600345611572;1712,6239013671875;1690,9451904296875;1716;
364,526;2,14212965965271;1714,150146484375;1679,136962890625;1716;
364,527;2,171934127807617;1710,4918212890625;1674,459716796875;1716;
364,528;2,1198294162750244;1717,823974609375;1760,2666015625;1716;
364,529;2,8096330165863037;1712,6239013671875;1717,517333984375;1716;
364,53;2,138136625289917;1709,8837890625;1846,792724609375;1716;
364,531;2,8678395748138428;1722,4383544921875;1789,08056640625;1716;
364,532;2,160737991333008;1697,5107421875;1596,6295166015625;1716;
364,533;2,2057111263275146;1717,823974609375;1827,14599609375;1716;
364,534;2,8820998668670654;1729,873291015625;1747,473876953125;1716;
364,535;2,1915016174316406;1721,513427734375;1750,017578125;1716;
364,536;2,1591861248016357;1731,430419921875;1712,6240234375;1716;
364,537;2,1595616340637207;1701,715576171875;1565,4454345703125;1716;
364,538;2,1321682929992676;1736,431884765625;1838,3212890625;1716;
364,539;2,800036907196045;1704,127685546875;1618,1185302734375;1716;
364,54;2,1411631107330322;1721,8216552734375;1824,3734130859375;1716;
364,541;2,8775839805603027;1731,7421875;1747,473876953125;1716;
364,542;2,1595616340637207;1702,31787109375;1710,1878662109375;1716;
364,543;2,1318366527557373;1723,0556640625;1656,0084228515625;1716;
364,544;2,145380735397339;1715,372802734375;1662,8797607421875;1716;
364,545;2,1592600345611572;1705,336181640625;1658,29248046875;1716;
364,546;2,1531083583831787;1723,982177734375;1810,6357421875;1716;
364,547;2,160737991333008;1698,409912109375;1739,8873291015625;1716;
364,548;2,113826036453247;1718,130859375;1794,4210205078125;1716;
364,549;2,8084566593170166;1712,6239013671875;1598,7528076171875;1716;
364,55;2,139312982559204;1709,8837890625;1773,2479248046875;1716;
364,551;2,1652636528015137;1737,05908203125;1802,4918212890625;1716;
364,552;2,201894760131836;1687,38525390625;1605,1563720703125;1716;
364,553;2,118485450744629;1726,7677001953125;1881,4742431640625;1716;
364,554;2,8168764114379883;1716,904052734375;1635,730712890625;1716;
364,555;2,2021446228027344;1695,416259765625;1658,29248046875;1716;
364,556;2,160362482070923;1729,2513427734375;1722,4384765625;1716;
364,557;2,1477770805358887;1684,13525390625;1569,53271484375;1716;
364,558;2,1198294162750244;1725,838134765625;1760,2666015625;1716;
364,559;2,8180527687072754;1716,597412109375;1715,067138671875;1716;
364,56;2,184030294418335;1695,416259765625;1700,51220703125;1716;
364,561;2,1591861248016357;1732,053955078125;1719,974365234375;1716;
364,562;2,160737991333008;1702,31787109375;1569,53271484375;1716;
364,563;2,1318366527557373;1721,8216552734375;1693,326904296875;1716;
364,564;2,8084566593170166;1714,76123046875;1681,4854736328125;1716;
364,565;2,1269919872283936;1694,52001953125;1683,8404541015625;1716;
364,566;2,1652636528015137;1732,67822265625;1884,42333984375;1716;
364,567;2,1595616340637207;1702,31787109375;1633,50830078125;1716;
364,568;2,115002393722534;1721,20556640625;1816,1058349609375;1716;
364,569;2,8820998668670654;1731,430419921875;1739,8873291015625;1716;
364,57;2,1260011196136475;1702,0166015625;1712,6240234375;1716;
364,571;2,8861520290374756;1739,2578125;1797,103271484375;1716;
364,572;2,165747880935669;1705,336181640625;1732,3660888671875;1716;
364,573;2,113826036453247;1717,21044921875;1799,7935791015625;1716;
364,574;2,8096330165863037;1712,319091796875;1600,881591796875;1716;
364,575;2,1592600345611572;1710,187744140625;1775,8671875;1716;
364,576;2,8764076232910156;1729,2513427734375;1727,3880615234375;1716;
364,577;2,160737991333008;1700,511962890625;1695,715087890625;1716;
364,578;2,1173088550567627;1727,07763671875;1824,3734130859375;1716;
364,579;2,8168764114379883;1717,21044921875;1747,473876953125;1716;
364,58;2,2033209800720215;1709,2760009765625;1816,1058349609375;1716;
364,581;2,1531083583831787;1725,218994140625;1742,40869140625;1716;
364,582;2,1595616340637207;1698,7100830078125;1577,771728515625;1716;
364,583;2,108999013900757;1734,240234375;1829,9271240234375;1716;
364,584;2,8735122680664062;1720,8974609375;1750,017578125;1716;
364,585;2,1903252601623535;1697,5107421875;1717,517333984375;1716;
364,586;2,160362482070923;1731,430419921875;1712,6240234375;1716;
364,587;2,1595616340637207;1702,0166015625;1565,4454345703125;1716;
364,588;2,1309916973114014;1736,431884765625;1838,3212890625;1716;
364,589;2,1514484882354736;1721,513427734375;1752,568603515625;1716;
364,59;2,2596802711486816;1697,211181640625;1717,517333984375;1716;
364,591;2,1591861248016357;1731,430419921875;1861,0867919921875;1716;
364,592;2,160737991333008;1701,41455078125;1624,678466796875;1716;
364,593;2,1318366527557373;1716,2911376953125;1676,7950439453125;1716;
364,594;2,1563398838043213;1729,2513427734375;1674,459716796875;1716;
364,595;2,1481525897979736;1701,41455078125;1789,08056640625;1716;
364,596;2,140953302383423;1714,4556884765625;1729,8734130859375;1716;
364,597;2,1533751487731934;1693,0286865234375;1573,6414794921875;1716;
364,598;2,127009630203247;1720,8974609375;1707,7586669921875;1716;
364,599;2,8820998668670654;1731,118896484375;1835,5145263671875;1716;
364,6;2,1469762325286865;1702,0166015625;1757,693115234375;1716;
364,601;2,148207187652588;1715,6788330078125;1710,1878662109375;1716;
364,602;2,171934127807617;1711,1004638671875;1690,9451904296875;1716;
364,603;2,1198294162750244;1716,597412109375;1818,8533935546875;1716;
364,604;2,8096330165863037;1711,70947265625;1611,611328125;1716;
364,605;2,138136625289917;1709,579833984375;1644,681396484375;1716;
364,606;2,8935437202453613;1743,9884033203125;1835,5145263671875;1716;
364,607;2,1545517444610596;1691,242431640625;1618,1185302734375;1716;
364,608;2,1190736293792725;1726,7677001953125;1722,4384765625;1716;
364,609;2,8168764114379883;1717,21044921875;1698,1102294921875;1716;
364,61;2,1604363918304443;1712,319091796875;1686,2020263671875;1716;
364,611;2,140953302383423;1714,150146484375;1681,4854736328125;1716;
364,612;2,171934127807617;1710,4918212890625;1676,7950439453125;1716;
364,613;2,1202499866485596;1727,07763671875;1835,5145263671875;1716;
364,614;2,8168764114379883;1717,5172119140625;1752,568603515625;1716;
364,615;2,181243419647217;1695,715087890625;1717,517333984375;1716;
364,616;2,8861520290374756;1739,2578125;1852,4840087890625;1716;
364,617;2,165747880935669;1705,336181640625;1624,678466796875;1716;
364,618;2,1309916973114014;1733,614990234375;1799,7935791015625;1716;
364,619;2,8746886253356934;1720,281982421875;1734,865966796875;1716;
364,62;2,131883144378662;1697,211181640625;1710,1878662109375;1716;
364,621;2,8678395748138428;1727,387939453125;1712,6240234375;1716;
364,622;2,160737991333008;1699,910888671875;1565,4454345703125;1716;
364,623;2,1318366527557373;1719,052001953125;1693,326904296875;1716;
364,624;2,138136625289917;1712,928955078125;1681,4854736328125;1716;
364,625;2,1420109272003174;1721,513427734375;1783,7716064453125;1716;
364,626;2,1591861248016357;1731,430419921875;1881,4742431640625;1716;
364,627;2,1595616340637207;1701,41455078125;1633,50830078125;1716;
364,628;2,211836576461792;1720,589599609375;1674,459716796875;1716;
364,629;2,8820998668670654;1731,118896484375;1816,1058349609375;1716;
364,63;2,1469762325286865;1717,21044921875;1752,568603515625;1716;
364,631;2,14212965965271;1711,70947265625;1712,6240234375;1716;
364,632;2,171934127807617;1708,668701171875;1688,5703125;1716;
364,633;2,191586494445801;1716,597412109375;1679,136962890625;1716;
364,634;2,8096330165863037;1711,70947265625;1676,7950439453125;1716;
364,635;2,138136625289917;1709,579833984375;1679,136962890625;1716;
364,636;2,8678395748138428;1725,218994140625;1824,3734130859375;1716;
364,637;2,1579413414001465;1698,7100830078125;1613,774658203125;1716;
364,638;2,1190736293792725;1726,14794921875;1875,6038818359375;1716;
364,639;2,8168764114379883;1716,597412109375;1633,50830078125;1716;
364,64;2,139312982559204;1712,6239013671875;1797,103271484375;1716;
364,641;2,902111768722534;1746,2047119140625;1794,4210205078125;1716;
364,642;2,1533751487731934;1692,1351318359375;1600,881591796875;1716;
364,643;2,127009630203247;1709,579833984375;1732,3660888671875;1716;
364,644;2,8084566593170166;1708,668701171875;1700,51220703125;1716;
364,645;2,2388904094696045;1691,83740234375;1693,326904296875;1716;
364,646;2,160362482070923;1727,6982421875;1722,4384765625;1716;
364,647;2,1595616340637207;1699,910888671875;1569,53271484375;1716;
364,648;2,1309916973114014;1738,629150390625;1838,3212890625;1716;
364,649;2,1514484882354736;1723,0556640625;1752,568603515625;1716;
364,65;2,1469762325286865;1698,1102294921875;1717,517333984375;1716;
364,651;2,8764076232910156;1731,7421875;1861,0867919921875;1716;
364,652;2,160737991333008;1701,41455078125;1624,678466796875;1716;
364,653;2,1318366527557373;1716,2911376953125;1676,7950439453125;1716;
364,654;2,218954563140869;1729,2513427734375;1674,459716796875;1716;
364,655;2,1271774768829346;1701,41455078125;1679,136962890625;1716;
364,656;2,8678395748138428;1723,3642578125;1805,1982421875;1716;
364,657;2,1595616340637207;1697,5107421875;1737,3729248046875;1716;
364,658;2,108999013900757;1716,2911376953125;1794,4210205078125;1716;
364,659;2,8084566593170166;1711,1004638671875;1600,881591796875;1716;
364,66;2,1592600345611572;1714,150146484375;1781,1290283203125;1716;
364,661;2,160362482070923;1727,6982421875;1727,3880615234375;1716;
364,662;2,1595616340637207;1700,21142578125;1698,1102294921875;1716;
364,663;2,1190736293792725;1726,457763671875;1821,609130859375;1716;
364,664;2,8180527687072754;1716,597412109375;1611,611328125;1716;
364,665;2,1592600345611572;1712,01416015625;1642,4345703125;1716;
364,666;2,1531083583831787;1723,0556640625;1658,29248046875;1716;
364,667;2,1427671909332275;1681,19140625;1543,3402099609375;1716;
364,668;2,124068260192871;1718,437744140625;1843,960205078125;1716;
364,669;2,8084566593170166;1713,2340087890625;1755,127197265625;1716;
364,67;2,182419776916504;1693,923095703125;1719,974365234375;1716;
364,671;2,1591861248016357;1731,7421875;1710,1878662109375;1716;
364,672;2,1595616340637207;1702,31787109375;1565,4454345703125;1716;
364,673;2,1330130100250244;1719,666748046875;1695,715087890625;1716;
364,674;2,138136625289917;1713,8447265625;1683,8404541015625;1716;
364,675;2,1258153915405273;1693,923095703125;1683,8404541015625;1716;
364,676;2,160362482070923;1732,053955078125;1881,4742431640625;1716;
364,677;2,1595616340637207;1701,715576171875;1633,50830078125;1716;
364,678;2,113826036453247;1720,589599609375;1816,1058349609375;1716;
364,679;2,8832764625549316;1731,118896484375;1739,8873291015625;1716;
364,68;2,175546407699585;1685,0203857421875;1584,0079345703125;1716;
364,681;2,1652636528015137;1738,9434814453125;1722,4384765625;1716;
364,682;2,166924238204956;1705,336181640625;1698,1102294921875;1716;
364,683;2,113826036453247;1735,8050537109375;1807,912841796875;1716;
364,684;2,800036907196045;1704,127685546875;1607,30224609375;1716;
364,685;2,1332452297210693;1705,638671875;1778,494140625;1716;
364,686;2,1591861248016357;1728,008544921875;1724,90966796875;1716;
364,687;2,1595616340637207;1700,21142578125;1698,1102294921875;1716;
364,688;2,1987268924713135;1725,838134765625;1821,609130859375;1716;
364,689;2,8168764114379883;1716,597412109375;1744,9376220703125;1716;
364,69;2,138136625289917;1712,319091796875;1712,6240234375;1716;
364,691;2,154284954071045;1725,5284423828125;1674,459716796875;1716;
364,692;2,1781206130981445;1716,2911376953125;1672,130859375;1716;
364,693;2,1190736293792725;1726,7677001953125;1838,3212890625;1716;
364,694;2,8180527687072754;1717,21044921875;1752,568603515625;1716;
364,695;2,181243419647217;1695,416259765625;1717,517333984375;1716;
364,696;2,8678395748138428;1722,1300048828125;1705,3363037109375;1716;
364,697;2,160737991333008;1696,911865234375;1563,4097900390625;1716;
364,698;2,1309916973114014;1733,614990234375;1838,3212890625;1716;
364,699;2,8735122680664062;1720,281982421875;1752,568603515625;1716;
364,7;2,2626216411590576;1721,513427734375;1747,473876953125;1716;
364,701;2,1591861248016357;1731,118896484375;1710,1878662109375;1716;
364,702;2,1595616340637207;1701,41455078125;1565,4454345703125;1716;
364,703;2,1321682929992676;1735,8050537109375;1838,3212890625;1716;
364,704;2,8735122680664062;1721,20556640625;1752,568603515625;1716;
364,705;2,1469762325286865;1721,513427734375;1747,473876953125;1716;
364,706;2,160362482070923;1731,118896484375;1710,1878662109375;1716;
364,707;2,1595616340637207;1701,715576171875;1693,326904296875;1716;
364,708;2,1173088550567627;1723,0556640625;1727,3880615234375;1716;
364,709;2,1934287548065186;1715,372802734375;1700,51220703125;1716;
364,71;2,1592600345611572;1712,01416015625;1775,8671875;1716;
364,711;2,1591861248016357;1732,365966796875;1878,5345458984375;1716;
364,712;2,160737991333008;1702,31787109375;1631,291748046875;1716;
364,713;2,1173088550567627;1720,281982421875;1816,1058349609375;1716;
364,714;2,8084566593170166;1713,8447265625;1609,4539794921875;1716;
364,715;2,1211097240448;1693,923095703125;1644,681396484375;1716;
364,716;2,1652636528015137;1739,572509765625;1832,716552734375;1716;
364,717;2,1477770805358887;1688,86669921875;1615,943603515625;1716;
364,718;2,1202499866485596;1725,218994140625;1722,4384765625;1716;
364,719;2,8168764114379883;1716,2911376953125;1698,1102294921875;1716;
364,72;2,138136625289917;1712,01416015625;1688,5703125;1716;
364,721;2,8775839805603027;1731,118896484375;1821,609130859375;1716;
364,722;2,1595616340637207;1701,113525390625;1611,611328125;1716;
364,723;2,1190736293792725;1725,5284423828125;1875,6038818359375;1716;
364,724;2,8180527687072754;1715,9849853515625;1633,50830078125;1716;
364,725;2,238302230834961;1694,8187255859375;1656,0084228515625;1716;
364,726;2,1591861248016357;1728,319091796875;1722,4384765625;1716;
364,727;2,1427671909332275;1683,545654296875;1569,53271484375;1716;
364,728;2,1198294162750244;1725,5284423828125;1760,2666015625;1716;
364,729;2,8168764114379883;1716,597412109375;1717,517333984375;1716;
364,73;2,147892951965332;1720,8974609375;1765,4361572265625;1716;
364,731;2,1591861248016357;1731,430419921875;1719,974365234375;1716;
364,732;2,1595616340637207;1702,0166015625;1569,53271484375;1716;
364,733;2,1330130100250244;1721,513427734375;1693,326904296875;1716;
364,734;2,8084566593170166;1714,76123046875;1681,4854736328125;1716;
364,735;2,140834331512451;1722,746826171875;1786,4219970703125;1716;
364,736;2,16644024848938;1732,67822265625;1884,42333984375;1716;
364,737;2,1595616340637207;1702,31787109375;1633,50830078125;1716;
364,738;2,1946094036102295;1721,20556640625;1674,459716796875;1716;
364,739;2,1575164794921875;1731,430419921875;1816,1058349609375;1716;
364,74;2,1469762325286865;1702,0166015625;1752,568603515625;1716;
364,741;2,1591861248016357;1728,9404296875;1861,0867919921875;1716;
364,742;2,1792969703674316;1717,5172119140625;1626,876953125;1716;
364,743;2,1190736293792725;1721,20556640625;1821,609130859375;1716;
364,744;2,8084566593170166;1714,150146484375;1611,611328125;1716;
364,745;2,1211097240448;1694,2216796875;1644,681396484375;1716;
364,746;2,8935437202453613;1740,201904296875;1832,716552734375;1716;
364,747;2,1477770805358887;1689,163330078125;1615,943603515625;1716;
364,748;2,1202499866485596;1725,218994140625;1722,4384765625;1716;
364,749;2,8168764114379883;1715,9849853515625;1698,1102294921875;1716;
364,75;2,138136625289917;1711,70947265625;1688,5703125;1716;
364,751;2,14212965965271;1713,539306640625;1679,136962890625;1716;
364,752;2,171934127807617;1709,8837890625;1674,459716796875;1716;
364,753;2,1190736293792725;1725,838134765625;1835,5145263671875;1716;
364,754;2,8180527687072754;1716,597412109375;1752,568603515625;1716;
364,755;2,2412431240081787;1694,8187255859375;1715,067138671875;1716;
364,756;2,1531083583831787;1722,1300048828125;1707,7586669921875;1716;
364,757;2,160737991333008;1697,211181640625;1563,4097900390625;1716;
364,758;2,1309916973114014;1734,240234375;1838,3212890625;1716;
364,759;2,1502721309661865;1720,589599609375;1752,568603515625;1716;
364,76;2,1481525897979736;1721,513427734375;1750,017578125;1716;
364,761;2,8764076232910156;1731,430419921875;1712,6240234375;1716;
364,762;2,1595616340637207;1701,715576171875;1565,4454345703125;1716;
364,763;2,1330130100250244;1719,052001953125;1693,326904296875;1716;
364,764;2,8084566593170166;1712,928955078125;1683,8404541015625;1716;
364,765;2,140834331512451;1721,513427734375;1783,7716064453125;1716;
364,766;2,160362482070923;1731,430419921875;1881,4742431640625;1716;
364,767;2,1595616340637207;1701,715576171875;1633,50830078125;1716;
364,768;2,122981309890747;1720,589599609375;1674,459716796875;1716;
364,769;2,2201309204101562;1731,430419921875;1674,459716796875;1716;
364,77;2,1469762325286865;1705,0338134765625;1653,7305908203125;1716;
364,771;2,1531083583831787;1723,3642578125;1805,1982421875;1716;
364,772;2,160737991333008;1698,1102294921875;1737,3729248046875;1716;
364,773;2,113114595413208;1717,5172119140625;1797,103271484375;1716;
364,774;2,138136625289917;1712,319091796875;1603,01611328125;1716;
364,775;2,139312982559204;1710,187744140625;1640,19384765625;1716;
364,776;2,1531083583831787;1724,291259765625;1693,326904296875;1716;
364,777;2,1595616340637207;1698,7100830078125;1681,4854736328125;1716;
364,778;2,1202499866485596;1726,7677001953125;1832,716552734375;1716;
364,779;2,8168764114379883;1716,904052734375;1747,473876953125;1716;
364,78;2,138136625289917;1712,01416015625;1710,1878662109375;1716;
364,781;2,154284954071045;1726,7677001953125;1676,7950439453125;1716;
364,782;2,1595616340637207;1699,910888671875;1551,305908203125;1716;
364,783;2,1966748237609863;1710,4918212890625;1762,8475341796875;1716;
364,784;2,8096330165863037;1709,2760009765625;1717,517333984375;1716;
364,785;2,1258153915405273;1691,539794921875;1700,51220703125;1716;
364,786;2,1591861248016357;1730,80712890625;1719,974365234375;1716;
364,787;2,160737991333008;1701,715576171875;1569,53271484375;1716;
364,788;2,1309916973114014;1738,9434814453125;1838,3212890625;1716;
364,789;2,8735122680664062;1723,3642578125;1752,568603515625;1716;
364,79;2,1481525897979736;1698,409912109375;1747,473876953125;1716;
364,791;2,8764076232910156;1731,430419921875;1710,1878662109375;1716;
364,792;2,1595616340637207;1701,715576171875;1693,326904296875;1716;
364,793;2,1202499866485596;1723,0556640625;1727,3880615234375;1716;
364,794;2,2063841819763184;1715,372802734375;1700,51220703125;1716;
364,795;2,1592600345611572;1712,01416015625;1775,8671875;1716;
364,796;2,8775839805603027;1732,053955078125;1875,6038818359375;1716;
364,797;2,1595616340637207;1702,619140625;1633,50830078125;1716;
364,798;2,1190736293792725;1720,281982421875;1816,1058349609375;1716;
364,799;2,2201309204101562;1731,118896484375;1742,40869140625;1716;
364,8;2,1260011196136475;1702,0166015625;1710,1878662109375;1716;
364,801;2,8849756717681885;1739,2578125;1794,4210205078125;1716;
364,802;2,166924238204956;1705,941162109375;1732,3660888671875;1716;
364,803;2,113114595413208;1717,5172119140625;1799,7935791015625;1716;
364,804;2,8084566593170166;1712,319091796875;1603,01611328125;1716;
364,805;2,1618447303771973;1710,187744140625;1778,494140625;1716;
364,806;2,8849756717681885;1737,05908203125;1797,103271484375;1716;
364,807;2,1477770805358887;1687,38525390625;1603,01611328125;1716;
364,808;2,1202499866485596;1726,14794921875;1884,42333984375;1716;
364,809;2,8168764114379883;1716,904052734375;1773,2479248046875;1716;
364,81;2,140834331512451;1721,513427734375;1810,6357421875;1716;
364,811;2,160362482070923;1731,430419921875;1739,8873291015625;1716;
364,812;2,1595616340637207;1701,715576171875;1577,771728515625;1716;
364,813;2,1309916973114014;1734,552978515625;1829,9271240234375;1716;
364,814;2,1514484882354736;1721,20556640625;1750,017578125;1716;
364,815;2,1260011196136475;1697,810546875;1717,517333984375;1716;
364,816;2,8764076232910156;1731,430419921875;1712,6240234375;1716;
364,817;2,160737991333008;1702,31787109375;1693,326904296875;1716;
364,818;2,125032663345337;1732,053955078125;1797,103271484375;1716;
364,819;2,7916171550750732;1702,31787109375;1603,01611328125;1716;
364,82;2,154294490814209;1704,731689453125;1835,5145263671875;1716;
364,821;2,1591861248016357;1731,430419921875;1908,3525390625;1716;
364,822;2,1595616340637207;1702,0166015625;1644,681396484375;1716;
364,823;2,1202499866485596;1726,457763671875;1813,3665771484375;1716;
364,824;2,8168764114379883;1716,904052734375;1609,4539794921875;1716;
364,825;2,1199333667755127;1695,715087890625;1644,681396484375;1716;
364,826;2,8947200775146484;1740,516845703125;1835,5145263671875;1716;
364,827;2,1477770805358887;1690,0537109375;1618,1185302734375;1716;
364,828;2,1190736293792725;1726,457763671875;1872,682373046875;1716;
364,829;2,8180527687072754;1716,904052734375;1631,291748046875;1716;
364,83;2,2377138137817383;1695,715087890625;1658,29248046875;1716;
364,831;2,902111768722534;1745,8876953125;1872,682373046875;1716;
364,832;2,1545517444610596;1691,83740234375;1631,291748046875;1716;
364,833;2,1309916973114014;1734,552978515625;1797,103271484375;1716;
364,834;2,8735122680664062;1721,20556640625;1734,865966796875;1716;
364,835;2,1330597400665283;1698,1102294921875;1710,1878662109375;1716;
364,836;2,8764076232910156;1727,6982421875;1712,6240234375;1716;
364,837;2,1595616340637207;1700,511962890625;1693,326904296875;1716;
364,838;2,1330130100250244;1715,067138671875;1660,5828857421875;1716;
364,839;2,138136625289917;1711,405029296875;1665,182861328125;1716;
364,84;2,138136625289917;1709,8837890625;1674,459716796875;1716;
364,841;2,869016170501709;1723,3642578125;1807,912841796875;1716;
364,842;2,1595616340637207;1697,810546875;1739,8873291015625;1716;
364,843;2,1078224182128906;1717,5172119140625;1794,4210205078125;1716;
364,844;2,8096330165863037;1712,319091796875;1598,7528076171875;1716;
364,845;2,138136625289917;1709,8837890625;1773,2479248046875;1716;
364,846;2,1652636528015137;1737,05908203125;1802,4918212890625;1716;
364,847;2,762657642364502;1687,38525390625;1605,1563720703125;1716;
364,848;2,1300718784332275;1726,7677001953125;1881,4742431640625;1716;
364,849;2,8168764114379883;1717,5172119140625;1773,2479248046875;1716;
364,85;2,1887052059173584;1696,0140380859375;1724,90966796875;1716;
364,851;2,1591861248016357;1727,6982421875;1705,3363037109375;1716;
364,852;2,1567647457122803;1700,21142578125;1563,4097900390625;1716;
364,853;2,2141895294189453;1735,1788330078125;1841,1363525390625;1716;
364,854;2,800036907196045;1704,127685546875;1620,29931640625;1716;
364,855;2,175546407699585;1689,163330078125;1646,934326171875;1716;
364,856;2,160362482070923;1732,053955078125;1747,473876953125;1716;
364,857;2,8882737159729004;1702,31787109375;1710,1878662109375;1716;
364,858;2,1318366527557373;1722,746826171875;1653,7305908203125;1716;
364,859;2,8096330165863037;1715,067138671875;1805,1982421875;1716;
364,86;2,200098991394043;1711,405029296875;1742,40869140625;1716;
364,861;2,1591861248016357;1729,2513427734375;1866,8665771484375;1716;
364,862;2,7788100242614746;1700,511962890625;1629,081298828125;1716;
364,863;2,1318366527557373;1717,21044921875;1710,1878662109375;1716;
364,864;2,8084566593170166;1712,319091796875;1693,326904296875;1716;
364,865;2,153395414352417;1710,187744140625;1688,5703125;1716;
364,866;2,140953302383423;1712,01416015625;1679,136962890625;1716;
364,867;2,171934127807617;1709,2760009765625;1674,459716796875;1716;
364,868;2,1210060119628906;1725,838134765625;1835,5145263671875;1716;
364,869;2,8192293643951416;1716,597412109375;1752,568603515625;1716;
364,87;2,181243419647217;1694,8187255859375;1586,09765625;1716;
364,871;2,154284954071045;1726,457763671875;1742,40869140625;1716;
364,872;2,7776336669921875;1699,310302734375;1577,771728515625;1716;
364,873;2,113826036453247;1733,927490234375;1827,14599609375;1716;
364,874;2,8746886253356934;1720,281982421875;1747,473876953125;1716;
364,875;2,187528610229492;1696,313232421875;1712,6240234375;1716;
364,876;2,1591861248016357;1730,1845703125;1712,6240234375;1716;
364,877;2,891803026199341;1701,113525390625;1565,4454345703125;1716;
364,878;2,1318366527557373;1736,431884765625;1838,3212890625;1716;
364,879;2,800036907196045;1704,4295654296875;1618,1185302734375;1716;
364,88;2,179499626159668;1688,86669921875;1646,934326171875;1716;
364,881;2,1591861248016357;1731,7421875;1747,473876953125;1716;
364,882;2,1595616340637207;1701,715576171875;1579,8450927734375;1716;
364,883;2,1330130100250244;1727,387939453125;1688,5703125;1716;
364,884;2,8168764114379883;1717,5172119140625;1679,136962890625;1716;
364,885;2,200751304626465;1695,715087890625;1681,4854736328125;1716;
364,886;2,160362482070923;1732,365966796875;1884,42333984375;1716;
364,887;2,1567647457122803;1702,0166015625;1633,50830078125;1716;
364,888;2,1318366527557373;1721,20556640625;1674,459716796875;1716;
364,889;2,8832764625549316;1731,430419921875;1816,1058349609375;1716;
364,89;2,239293336868286;1702,0166015625;1747,473876953125;1716;
364,891;2,1591861248016357;1729,2513427734375;1863,9722900390625;1716;
364,892;2,1792969703674316;1717,5172119140625;1626,876953125;1716;
364,893;2,1198294162750244;1721,20556640625;1821,609130859375;1716;
364,894;2,8084566593170166;1714,150146484375;1609,4539794921875;1716;
364,895;2,1211097240448;1694,2216796875;1644,681396484375;1716;
364,896;2,1713414192199707;1740,516845703125;1835,5145263671875;1716;
364,897;2,7614810466766357;1689,163330078125;1618,1185302734375;1716;
364,898;2,127009630203247;1725,838134765625;1722,4384765625;1716;
364,899;2,8168764114379883;1716,904052734375;1698,1102294921875;1716;
364,9;2,138136625289917;1712,6239013671875;1688,5703125;1716;
364,901;2,14212965965271;1713,8447265625;1679,136962890625;1716;
364,902;2,171934127807617;1709,8837890625;1674,459716796875;1716;
364,903;2,1173088550567627;1725,838134765625;1835,5145263671875;1716;
364,904;2,8180527687072754;1716,597412109375;1752,568603515625;1716;
364,905;2,138136625289917;1712,01416015625;1715,067138671875;1716;
364,906;2,1531083583831787;1726,7677001953125;1674,459716796875;1716;
364,907;2,1792969703674316;1716,904052734375;1672,130859375;1716;
364,908;2,200310707092285;1717,823974609375;1760,2666015625;1716;
364,909;2,8084566593170166;1712,6239013671875;1717,517333984375;1716;
364,91;2,139312982559204;1709,8837890625;1846,792724609375;1716;
364,911;2,8678395748138428;1722,4383544921875;1789,08056640625;1716;
364,912;2,1595616340637207;1697,5107421875;1596,6295166015625;1716;
364,913;2,114290952682495;1717,823974609375;1827,14599609375;1716;
364,914;2,8820998668670654;1729,873291015625;1747,473876953125;1716;
364,915;2,2113261222839355;1701,41455078125;1715,067138671875;1716;
364,916;2,8775839805603027;1731,430419921875;1712,6240234375;1716;
364,917;2,1595616340637207;1701,715576171875;1565,4454345703125;1716;
364,918;2,1309916973114014;1736,431884765625;1838,3212890625;1716;
364,919;2,8746886253356934;1721,513427734375;1752,568603515625;1716;
364,92;2,1469762325286865;1721,513427734375;1750,017578125;1716;
364,921;2,1591861248016357;1731,7421875;1863,9722900390625;1716;
364,922;2,160737991333008;1702,0166015625;1626,876953125;1716;
364,923;2,1318366527557373;1717,5172119140625;1676,7950439453125;1716;
364,924;2,94268798828125;1730,1845703125;1676,7950439453125;1716;
364,925;2,1481525897979736;1722,746826171875;1789,08056640625;1716;
364,926;2,1591861248016357;1732,365966796875;1881,4742431640625;1716;
364,927;2,1595616340637207;1702,920654296875;1635,730712890625;1716;
364,928;2,1202499866485596;1722,1300048828125;1816,1058349609375;1716;
364,929;2,8084566593170166;1714,76123046875;1609,4539794921875;1716;
364,93;2,1199333667755127;1694,52001953125;1644,681396484375;1716;
364,931;2,16644024848938;1739,572509765625;1832,716552734375;1716;
364,932;2,165747880935669;1705,941162109375;1750,017578125;1716;
364,933;2,1190736293792725;1725,5284423828125;1794,4210205078125;1716;
364,934;2,8180527687072754;1716,597412109375;1732,3660888671875;1716;
364,935;2,138136625289917;1712,319091796875;1705,3363037109375;1716;
364,936;2,1531083583831787;1722,4383544921875;1676,7950439453125;1716;
364,937;2,1731107234954834;1714,76123046875;1674,459716796875;1716;
364,938;2,1190736293792725;1727,07763671875;1838,3212890625;1716;
364,939;2,8168764114379883;1717,5172119140625;1752,568603515625;1716;
364,94;2,1211097240448;1695,416259765625;1586,09765625;1716;
364,941;2,1531083583831787;1726,7677001953125;1742,40869140625;1716;
364,942;2,1595616340637207;1699,310302734375;1577,771728515625;1716;
364,943;2,1321682929992676;1734,240234375;1829,9271240234375;1716;
364,944;2,8735122680664062;1720,8974609375;1750,017578125;1716;
364,945;2,1260011196136475;1697,5107421875;1717,517333984375;1716;
364,946;2,8775839805603027;1731,430419921875;1712,6240234375;1716;
364,947;2,1595616340637207;1702,0166015625;1565,4454345703125;1716;
364,948;2,1309916973114014;1736,431884765625;1838,3212890625;1716;
364,949;2,9288063049316406;1721,513427734375;1752,568603515625;1716;
364,95;2,1469762325286865;1721,513427734375;1747,473876953125;1716;
364,951;2,8764076232910156;1731,118896484375;1710,1878662109375;1716;
364,952;2,160737991333008;1701,41455078125;1690,9451904296875;1716;
364,953;2,125032663345337;1731,7421875;1799,7935791015625;1716;
364,954;2,7916171550750732;1702,31787109375;1603,01611328125;1716;
364,955;2,154294490814209;1722,4383544921875;1838,3212890625;1716;
364,956;2,8764076232910156;1731,7421875;1908,3525390625;1716;
364,957;2,1595616340637207;1702,0166015625;1644,681396484375;1716;
364,958;2,1202499866485596;1726,457763671875;1813,3665771484375;1716;
364,959;2,8168764114379883;1716,904052734375;1609,4539794921875;1716;
364,96;2,140834331512451;1703,52392578125;1705,3363037109375;1716;
364,961;2,8947200775146484;1740,516845703125;1835,5145263671875;1716;
364,962;2,1477770805358887;1690,0537109375;1618,1185302734375;1716;
364,963;2,1190736293792725;1726,457763671875;1722,4384765625;1716;
364,964;2,8180527687072754;1717,21044921875;1698,1102294921875;1716;
364,965;2,1592600345611572;1721,513427734375;1683,8404541015625;1716;
364,966;2,140953302383423;1713,8447265625;1679,136962890625;1716;
364,967;2,1731107234954834;1709,8837890625;1674,459716796875;1716;
364,968;2,1190736293792725;1725,838134765625;1835,5145263671875;1716;
364,969;2,1442043781280518;1716,597412109375;1752,568603515625;1716;
364,97;2,1604363918304443;1711,70947265625;1672,130859375;1716;
364,971;2,8678395748138428;1726,7677001953125;1674,459716796875;1716;
364,972;2,1595616340637207;1699,610595703125;1549,3067626953125;1716;
364,973;2,114290952682495;1717,823974609375;1838,3212890625;1716;
364,974;2,8084566593170166;1712,319091796875;1752,568603515625;1716;
364,975;2,1199333667755127;1692,730712890625;1717,517333984375;1716;
364,976;2,8775839805603027;1730,1845703125;1710,1878662109375;1716;
364,977;2,1595616340637207;1701,113525390625;1565,4454345703125;1716;
364,978;2,1309916973114014;1735,8050537109375;1838,3212890625;1716;
364,979;2,8293087482452393;1721,513427734375;1752,568603515625;1716;
364,98;2,1469762325286865;1697,211181640625;1752,568603515625;1716;
364,981;2,8764076232910156;1731,7421875;1712,6240234375;1716;
364,982;2,160737991333008;1702,0166015625;1567,486328125;1716;
364,983;2,113114595413208;1719,3592529296875;1693,326904296875;1716;
364,984;2,200098991394043;1713,539306640625;1683,8404541015625;1716;
364,985;2,1420109272003174;1722,1300048828125;1786,4219970703125;1716;
364,986;2,8764076232910156;1732,053955078125;1881,4742431640625;1716;
364,987;2,1595616340637207;1702,619140625;1635,730712890625;1716;
364,988;2,1202499866485596;1721,8216552734375;1674,459716796875;1716;
364,989;2,218954563140869;1732,365966796875;1816,1058349609375;1716;
364,99;2,1469762325286865;1718,130859375;1755,127197265625;1716;
364,991;2,8775839805603027;1729,873291015625;1863,9722900390625;1716;
364,992;2,1781206130981445;1718,437744140625;1629,081298828125;1716;
364,993;2,1190736293792725;1721,8216552734375;1818,8533935546875;1716;
364,994;2,8124494552612305;1714,4556884765625;1611,611328125;1716;
364,995;2,140834331512451;1694,2216796875;1644,681396484375;1716;
364,996;2,8849756717681885;1739,88720703125;1832,716552734375;1716;
364,997;2,166924238204956;1706,2437744140625;1750,017578125;1716;
364,998;2,1190736293792725;1725,5284423828125;1794,4210205078125;1716;
364,999;2,8197028636932373;1716,2911376953125;1600,881591796875;1716;
365;2,1604363918304443;1715,9849853515625;1781,1290283203125;1716;
365,001;2,8764076232910156;1728,9404296875;1727,3880615234375;1716;
365,002;2,1039161682128906;1700,812744140625;1698,1102294921875;1716;
365,003;2,1202499866485596;1726,457763671875;1821,609130859375;1716;
365,004;2,8197028636932373;1716,597412109375;1744,9376220703125;1716;
365,005;2,1592600345611572;1708,365234375;1672,130859375;1716;
365,006;2,869016170501709;1724,600341796875;1674,459716796875;1716;
365,007;2,115940809249878;1715,6788330078125;1672,130859375;1716;
365,008;2,1071555614471436;1709,2760009765625;1693,326904296875;1716;
365,009;2,20127534866333;1708,668701171875;1683,8404541015625;1716;
365,01;2,140834331512451;1703,82568359375;1775,8671875;1716;
365,011;2,8678395748138428;1722,746826171875;1724,90966796875;1716;
365,012;2,160737991333008;1698,1102294921875;1573,6414794921875;1716;
365,013;2,1309916973114014;1738,9434814453125;1835,5145263671875;1716;
365,014;2,2126693725585938;1723,3642578125;1752,568603515625;1716;
365,015;2,1481525897979736;1721,8216552734375;1750,017578125;1716;
365,016;2,8764076232910156;1731,7421875;1712,6240234375;1716;
365,017;2,1039161682128906;1702,31787109375;1567,486328125;1716;
365,018;2,114290952682495;1719,3592529296875;1693,326904296875;1716;
365,019;2,200098991394043;1713,539306640625;1683,8404541015625;1716;
365,02;2,140834331512451;1722,1300048828125;1786,4219970703125;1716;
365,021;2,8775839805603027;1732,053955078125;1881,4742431640625;1716;
365,022;2,098033905029297;1702,619140625;1635,730712890625;1716;
365,023;2,1190736293792725;1721,8216552734375;1674,459716796875;1716;
365,024;2,2201309204101562;1732,365966796875;1674,459716796875;1716;
365,025;2,1469762325286865;1705,336181640625;1653,7305908203125;1716;
365,026;2,8678395748138428;1723,3642578125;1805,1982421875;1716;
365,027;2,099210500717163;1698,1102294921875;1605,1563720703125;1716;
365,028;2,1190736293792725;1721,8216552734375;1835,5145263671875;1716;
365,029;2,200098991394043;1714,4556884765625;1618,1185302734375;1716;
365,03;2,1420109272003174;1706,849365234375;1702,9207763671875;1716;
365,031;2,8935437202453613;1741,4622802734375;1832,716552734375;1716;
365,032;2,1040029525756836;1706,849365234375;1750,017578125;1716;
365,033;2,1202499866485596;1725,5284423828125;1794,4210205078125;1716;
365,034;2,2063841819763184;1716,2911376953125;1600,881591796875;1716;
365,035;2,1592600345611572;1715,9849853515625;1781,1290283203125;1716;
365,036;2,8775839805603027;1728,9404296875;1727,3880615234375;1716;
365,037;2,098033905029297;1700,812744140625;1698,1102294921875;1716;
365,038;2,1190736293792725;1726,457763671875;1821,609130859375;1716;
365,039;2,2075605392456055;1716,597412109375;1744,9376220703125;1716;
365,04;2,1592600345611572;1708,365234375;1672,130859375;1716;
365,041;2,2512519359588623;1742,093017578125;1816,1058349609375;1716;
365,042;2,1110615730285645;1707,15234375;1611,611328125;1716;
365,043;2,1071555614471436;1709,2760009765625;1727,3880615234375;1716;
365,044;2,200098991394043;1708,668701171875;1700,51220703125;1716;
365,045;2,1420109272003174;1712,01416015625;1770,63623046875;1716;
365,046;2,8678395748138428;1727,07763671875;1722,4384765625;1716;
365,047;2,098033905029297;1700,21142578125;1571,5843505859375;1716;
365,048;2,1321682929992676;1738,629150390625;1835,5145263671875;1716;
365,049;2,2126693725585938;1723,0556640625;1752,568603515625;1716;
365,05;2,1469762325286865;1721,8216552734375;1750,017578125;1716;
365,051;2,8775839805603027;1731,7421875;1712,6240234375;1716;
365,052;2,098033905029297;1702,31787109375;1567,486328125;1716;
365,053;2,113114595413208;1719,3592529296875;1693,326904296875;1716;
365,054;2,20127534866333;1713,539306640625;1683,8404541015625;1716;
365,055;2,140834331512451;1722,1300048828125;1786,4219970703125;1716;
365,056;2,8764076232910156;1732,053955078125;1881,4742431640625;1716;
365,057;2,108999013900757;1702,619140625;1635,730712890625;1716;
365,058;2,1190736293792725;1721,8216552734375;1816,1058349609375;1716;
365,059;2,218954563140869;1732,365966796875;1742,40869140625;1716;
365,06;2,154284954071045;1720,281982421875;1773,2479248046875;1716;
365,061;2,8764076232910156;1730,80712890625;1722,4384765625;1716;
365,062;2,1078224182128906;1702,619140625;1750,017578125;1716;
365,063;2,1202499866485596;1721,8216552734375;1710,1878662109375;1716;
365,064;2,200098991394043;1714,76123046875;1693,326904296875;1716;
365,065;2,140834331512451;1709,2760009765625;1681,4854736328125;1716;
365,066;2,235105037689209;1725,5284423828125;1821,609130859375;1716;
365,067;2,1137046813964844;1699,310302734375;1613,774658203125;1716;
365,068;2,1190736293792725;1725,5284423828125;1724,90966796875;1716;
365,069;2,2075605392456055;1716,597412109375;1700,51220703125;1716;
365,07;2,1592600345611572;1722,1300048828125;1683,8404541015625;1716;
365,071;2,802823781967163;1714,76123046875;1679,136962890625;1716;
365,072;2,1111483573913574;1711,1004638671875;1674,459716796875;1716;
365,073;2,8140499591827393;1717,823974609375;1760,2666015625;1716;
365,074;2,200098991394043;1712,6239013671875;1590,2938232421875;1716;
365,075;2,81667423248291;1707,455322265625;1656,0084228515625;1716;
365,076;2,8678395748138428;1724,291259765625;1665,182861328125;1716;
365,077;2,1078224182128906;1698,409912109375;1667,4925537109375;1716;
365,078;2,1083319187164307;1711,1004638671875;1695,715087890625;1716;
365,079;2,200098991394043;1709,2760009765625;1686,2020263671875;1716;
365,08;2,2061283588409424;1705,0338134765625;1775,8671875;1716;
365,081;2,869016170501709;1723,3642578125;1724,90966796875;1716;
365,082;2,098033905029297;1698,7100830078125;1575,7039794921875;1716;
365,083;2,1309916973114014;1738,9434814453125;1835,5145263671875;1716;
365,084;2,275022029876709;1723,673095703125;1752,568603515625;1716;
365,085;2,1531083583831787;1722,4383544921875;1750,017578125;1716;
365,086;2,8308699131011963;1732,365966796875;1712,6240234375;1716;
365,087;2,111795663833618;1702,619140625;1567,486328125;1716;
365,088;2,1309916973114014;1736,7454833984375;1838,3212890625;1716;
365,089;2,1938138008117676;1705,0338134765625;1620,29931640625;1716;
365,09;2,154284954071045;1722,1300048828125;1824,3734130859375;1716;
365,091;2,1876473426818848;1732,053955078125;1747,473876953125;1716;
365,092;2,110619306564331;1702,31787109375;1581,923828125;1716;
365,093;2,8803610801696777;1727,387939453125;1688,5703125;1716;
365,094;2,1442043781280518;1717,21044921875;1681,4854736328125;1716;
365,095;2,1531083583831787;1721,8216552734375;1786,4219970703125;1716;
365,096;2,8040003776550293;1714,4556884765625;1729,8734130859375;1716;
365,097;2,1018190383911133;1702,31787109375;1747,473876953125;1716;
365,098;2,1190736293792725;1721,8216552734375;1707,7586669921875;1716;
365,099;2,1575164794921875;1732,365966796875;1690,9451904296875;1716;
365,1;2,140953302383423;1713,539306640625;1649,1934814453125;1716;
365,101;2,1848011016845703;1727,6982421875;1802,4918212890625;1716;
365,102;2,108999013900757;1700,511962890625;1734,865966796875;1716;
365,103;2,113114595413208;1717,823974609375;1797,103271484375;1716;
365,104;2,138136625289917;1712,928955078125;1605,1563720703125;1716;
365,105;2,148207187652588;1715,6788330078125;1778,494140625;1716;
365,106;2,7824857234954834;1728,319091796875;1724,90966796875;1716;
365,107;2,1078224182128906;1711,70947265625;1688,5703125;1716;
365,108;2,1202499866485596;1725,838134765625;1821,609130859375;1716;
365,109;2,1442043781280518;1716,2911376953125;1613,774658203125;1716;
365,11;2,1348752975463867;1704,127685546875;1640,19384765625;1716;
365,111;2,7754201889038086;1722,4383544921875;1658,29248046875;1716;
365,112;2,110619306564331;1697,810546875;1665,182861328125;1716;
365,113;2,113114595413208;1717,823974609375;1765,4361572265625;1716;
365,114;2,139312982559204;1712,928955078125;1719,974365234375;1716;
365,115;2,1348752975463867;1705,0338134765625;1757,693115234375;1716;
365,116;2,7742438316345215;1723,3642578125;1715,067138671875;1716;
365,117;2,111795663833618;1698,7100830078125;1569,53271484375;1716;
365,118;2,896399736404419;1736,7454833984375;1835,5145263671875;1716;
365,119;2,1502721309661865;1722,1300048828125;1752,568603515625;1716;
365,12;2,154284954071045;1721,8216552734375;1750,017578125;1716;
365,121;2,1848011016845703;1731,7421875;1712,6240234375;1716;
365,122;2,1078224182128906;1689,4599609375;1649,1934814453125;1716;
365,123;2,8889684677124023;1732,365966796875;1799,7935791015625;1716;
365,124;2,131883144378662;1702,920654296875;1605,1563720703125;1716;
365,125;2,1531083583831787;1722,1300048828125;1832,716552734375;1716;
365,126;2,8040003776550293;1714,4556884765625;1750,017578125;1716;
365,127;2,1018190383911133;1693,6248779296875;1739,8873291015625;1716;
365,128;2,1190736293792725;1725,838134765625;1705,3363037109375;1716;
365,129;2,1635842323303223;1734,240234375;1690,9451904296875;1716;
365,13;2,140953302383423;1713,2340087890625;1649,1934814453125;1716;
365,131;2,1848011016845703;1727,6982421875;1802,4918212890625;1716;
365,132;2,09157657623291;1683,84033203125;1605,1563720703125;1716;
365,133;2,113114595413208;1717,823974609375;1724,90966796875;1716;
365,134;2,138136625289917;1712,928955078125;1700,51220703125;1716;
365,135;2,154284954071045;1721,20556640625;1683,8404541015625;1716;
365,136;2,7577600479125977;1714,150146484375;1679,136962890625;1716;
365,137;2,1198294162750244;1712,01416015625;1710,1878662109375;1716;
365,138;2,823636531829834;1726,457763671875;1835,5145263671875;1716;
365,139;2,1442043781280518;1716,904052734375;1752,568603515625;1716;
365,14;2,140953302383423;1711,70947265625;1672,130859375;1716;
365,141;2,1798110008239746;1726,7677001953125;1674,459716796875;1716;
365,142;2,110619306564331;1699,910888671875;1551,305908203125;1716;
365,143;2,8140499591827393;1718,130859375;1838,3212890625;1716;
365,144;2,139312982559204;1712,928955078125;1752,568603515625;1716;
365,145;2,147030830383301;1719,666748046875;1747,473876953125;1716;
365,146;2,1848011016845703;1730,495849609375;1710,1878662109375;1716;
365,147;2,108999013900757;1696,6124267578125;1712,6240234375;1716;
365,148;2,896399736404419;1735,8050537109375;1835,5145263671875;1716;
365,149;2,1502721309661865;1721,513427734375;1752,568603515625;1716;
365,15;2,154284954071045;1721,8216552734375;1750,017578125;1716;
365,151;2,1848011016845703;1731,7421875;1861,0867919921875;1716;
365,152;2,1078224182128906;1693,6248779296875;1681,4854736328125;1716;
365,153;2,8152265548706055;1717,21044921875;1676,7950439453125;1716;
365,154;2,1563398838043213;1729,873291015625;1676,7950439453125;1716;
365,155;2,1348752975463867;1705,638671875;1653,7305908203125;1716;
365,156;2,1798110008239746;1723,982177734375;1805,1982421875;1716;
365,157;2,1078224182128906;1698,7100830078125;1644,681396484375;1716;
365,158;2,8140499591827393;1717,5172119140625;1797,103271484375;1716;
365,159;2,139312982559204;1712,6239013671875;1605,1563720703125;1716;
365,16;2,1348752975463867;1706,849365234375;1707,7586669921875;1716;
365,161;2,197134256362915;1741,4622802734375;1835,5145263671875;1716;
365,162;2,0975801944732666;1690,0537109375;1775,8671875;1716;
365,163;2,1190736293792725;1726,14794921875;1872,682373046875;1716;
365,164;2,1442043781280518;1716,904052734375;1633,50830078125;1716;
365,165;2,14212965965271;1714,76123046875;1635,730712890625;1716;
365,166;2,203300952911377;1745,571044921875;1794,4210205078125;1716;
365,167;2,1046056747436523;1691,83740234375;1600,881591796875;1716;
365,168;2,8152265548706055;1717,5172119140625;1802,4918212890625;1716;
365,169;2,138136625289917;1712,6239013671875;1737,3729248046875;1716;
365,17;2,140953302383423;1712,6239013671875;1752,568603515625;1716;
365,171;2,1769750118255615;1726,7677001953125;1712,6240234375;1716;
365,172;2,1078224182128906;1699,610595703125;1567,486328125;1716;
365,173;2,896399736404419;1735,8050537109375;1835,5145263671875;1716;
365,174;2,1514484882354736;1721,513427734375;1752,568603515625;1716;
365,175;2,1531083583831787;1721,8216552734375;1750,017578125;1716;
365,176;2,181955099105835;1731,7421875;1861,0867919921875;1716;
365,177;2,108999013900757;1702,31787109375;1681,4854736328125;1716;
365,178;2,8140499591827393;1716,904052734375;1674,459716796875;1716;
365,179;2,1563398838043213;1729,562255859375;1674,459716796875;1716;
365,18;2,136051893234253;1705,0338134765625;1653,7305908203125;1716;
365,181;2,1786344051361084;1723,3642578125;1805,1982421875;1716;
365,182;2,1078224182128906;1694,2216796875;1644,681396484375;1716;
365,183;2,114290952682495;1717,5172119140625;1797,103271484375;1716;
365,184;2,200098991394043;1712,6239013671875;1734,865966796875;1716;
365,185;2,128797769546509;1702,619140625;1676,7950439453125;1716;
365,186;2,1798110008239746;1722,1300048828125;1676,7950439453125;1716;
365,187;2,1226460933685303;1714,76123046875;1674,459716796875;1716;
365,188;2,113114595413208;1718,130859375;1760,2666015625;1716;
365,189;2,139312982559204;1712,928955078125;1717,517333984375;1716;
365,19;2,1348752975463867;1703,52392578125;1624,678466796875;1716;
365,191;2,1786344051361084;1722,1300048828125;1786,4219970703125;1716;
365,192;2,111795663833618;1697,5107421875;1598,7528076171875;1716;
365,193;2,113114595413208;1717,21044921875;1824,3734130859375;1716;
365,194;2,1563398838043213;1729,562255859375;1747,473876953125;1716;
365,195;2,154284954071045;1721,513427734375;1752,568603515625;1716;
365,196;2,7824857234954834;1731,430419921875;1712,6240234375;1716;
365,197;2,098033905029297;1702,0166015625;1690,9451904296875;1716;
365,198;2,126209020614624;1732,365966796875;1799,7935791015625;1716;
365,199;2,187528610229492;1702,920654296875;1605,1563720703125;1716;
365,2;2,1531083583831787;1722,1300048828125;1832,716552734375;1716;
365,201;2,8040003776550293;1714,4556884765625;1750,017578125;1716;
365,202;2,1018190383911133;1693,6248779296875;1584,0079345703125;1716;
365,203;2,8224599361419678;1725,838134765625;1705,3363037109375;1716;
365,204;2,2075605392456055;1716,904052734375;1690,9451904296875;1716;
365,205;2,140953302383423;1708,97216796875;1681,4854736328125;1716;
365,206;2,1786344051361084;1725,5284423828125;1821,609130859375;1716;
365,207;2,111795663833618;1699,310302734375;1611,611328125;1716;
365,208;2,8224599361419678;1725,5284423828125;1724,90966796875;1716;
365,209;2,255795955657959;1716,597412109375;1700,51220703125;1716;
365,21;2,154284954071045;1722,1300048828125;1683,8404541015625;1716;
365,211;2,7577600479125977;1714,76123046875;1679,136962890625;1716;
365,212;2,1198294162750244;1711,1004638671875;1674,459716796875;1716;
365,213;2,114290952682495;1717,823974609375;1760,2666015625;1716;
365,214;2,1440186500549316;1712,6239013671875;1717,517333984375;1716;
365,215;2,1348752975463867;1703,22216796875;1624,678466796875;1716;
365,216;2,1769750118255615;1722,1300048828125;1786,4219970703125;1716;
365,217;2,110619306564331;1697,5107421875;1600,881591796875;1716;
365,218;2,113114595413208;1717,823974609375;1827,14599609375;1716;
365,219;2,1575164794921875;1730,1845703125;1747,473876953125;1716;
365,22;2,1531083583831787;1722,1300048828125;1752,568603515625;1716;
365,221;2,7824857234954834;1731,7421875;1712,6240234375;1716;
365,222;2,108999013900757;1702,0166015625;1690,9451904296875;1716;
365,223;2,1190736293792725;1723,673095703125;1727,3880615234375;1716;
365,224;2,1442043781280518;1715,6788330078125;1700,51220703125;1716;
365,225;2,154284954071045;1722,1300048828125;1775,8671875;1716;
365,226;2,802823781967163;1714,76123046875;1724,90966796875;1716;
365,227;2,1046056747436523;1694,2216796875;1573,6414794921875;1716;
365,228;2,114290952682495;1719,974365234375;1705,3363037109375;1716;
365,229;2,1663014888763428;1713,8447265625;1567,486328125;1716;
365,23;2,140953302383423;1712,928955078125;1717,517333984375;1716;
365,231;2,7754201889038086;1727,07763671875;1841,1363525390625;1716;
365,232;2,1078224182128906;1710,187744140625;1637,959228515625;1716;
365,233;2,1190736293792725;1725,5284423828125;1791,7467041015625;1716;
365,234;2,145380735397339;1716,597412109375;1603,01611328125;1716;
365,235;2,147030830383301;1715,372802734375;1781,1290283203125;1716;
365,236;2,7824857234954834;1728,629638671875;1727,3880615234375;1716;
365,237;2,108999013900757;1712,319091796875;1688,5703125;1716;
365,238;2,1190736293792725;1726,457763671875;1821,609130859375;1716;
365,239;2,233414649963379;1716,597412109375;1744,9376220703125;1716;
365,24;2,14212965965271;1708,365234375;1672,130859375;1716;
365,241;2,1786344051361084;1724,600341796875;1674,459716796875;1716;
365,242;2,110619306564331;1698,7100830078125;1551,305908203125;1716;
365,243;2,114290952682495;1717,5172119140625;1835,5145263671875;1716;
365,244;2,138136625289917;1712,6239013671875;1752,568603515625;1716;
365,245;2,147030830383301;1719,3592529296875;1747,473876953125;1716;
365,246;2,7836623191833496;1730,1845703125;1710,1878662109375;1716;
365,247;2,110619306564331;1701,41455078125;1567,486328125;1716;
365,248;2,896399736404419;1736,118408203125;1838,3212890625;1716;
365,249;2,1514484882354736;1721,8216552734375;1752,568603515625;1716;
365,25;2,1531083583831787;1722,1300048828125;1750,017578125;1716;
365,251;2,7824857234954834;1732,053955078125;1861,0867919921875;1716;
365,252;2,111795663833618;1702,31787109375;1626,876953125;1716;
365,253;2,113114595413208;1717,21044921875;1676,7950439453125;1716;
365,254;2,1563398838043213;1729,873291015625;1676,7950439453125;1716;
365,255;2,136051893234253;1705,638671875;1653,7305908203125;1716;
365,256;2,7742438316345215;1723,982177734375;1805,1982421875;1716;
365,257;2,098033905029297;1698,7100830078125;1734,865966796875;1716;
365,258;2,114290952682495;1717,5172119140625;1797,103271484375;1716;
365,259;2,1440186500549316;1712,6239013671875;1605,1563720703125;1716;
365,26;2,1348752975463867;1706,849365234375;1707,7586669921875;1716;
365,261;2,1983108520507812;1741,4622802734375;1835,5145263671875;1716;
365,262;2,0964038372039795;1711,70947265625;1775,8671875;1716;
365,263;2,1190736293792725;1726,14794921875;1872,682373046875;1716;
365,264;2,2075605392456055;1716,904052734375;1768,032470703125;1716;
365,265;2,147030830383301;1719,052001953125;1667,4925537109375;1716;
365,266;2,7824857234954834;1730,1845703125;1672,130859375;1716;
365,267;2,108999013900757;1695,416259765625;1717,517333984375;1716;
365,268;2,113114595413208;1718,130859375;1838,3212890625;1716;
365,269;2,138136625289917;1713,2340087890625;1752,568603515625;1716;
365,27;2,148207187652588;1719,974365234375;1747,473876953125;1716;
365,271;2,1848011016845703;1730,495849609375;1710,1878662109375;1716;
365,272;2,110619306564331;1701,41455078125;1567,486328125;1716;
365,273;2,1321682929992676;1735,8050537109375;1835,5145263671875;1716;
365,274;2,1502721309661865;1721,513427734375;1752,568603515625;1716;
365,275;2,1531083583831787;1721,8216552734375;1752,568603515625;1716;
365,276;2,7836623191833496;1731,430419921875;1861,0867919921875;1716;
365,277;2,110619306564331;1702,0166015625;1626,876953125;1716;
365,278;2,113114595413208;1716,904052734375;1674,459716796875;1716;
365,279;2,1575164794921875;1729,562255859375;1816,1058349609375;1716;
365,28;2,147030830383301;1717,823974609375;1755,127197265625;1716;
365,281;2,1848011016845703;1729,873291015625;1863,9722900390625;1716;
365,282;2,108999013900757;1701,41455078125;1629,081298828125;1716;
365,283;2,113114595413208;1717,823974609375;1712,6240234375;1716;
365,284;2,200098991394043;1712,928955078125;1693,326904296875;1716;
365,285;2,148207187652588;1718,130859375;1686,2020263671875;1716;
365,286;2,8569414615631104;1712,928955078125;1681,4854736328125;1716;
365,287;2,109971761703491;1710,187744140625;1676,7950439453125;1716;
365,288;2,1202499866485596;1727,07763671875;1835,5145263671875;1716;
365,289;2,2063841819763184;1717,5172119140625;1752,568603515625;1716;
365,29;2,1348752975463867;1703,52392578125;1739,8873291015625;1716;
365,291;2,7754201889038086;1722,4383544921875;1707,7586669921875;1716;
365,292;2,098033905029297;1697,810546875;1565,4454345703125;1716;
365,293;2,1309916973114014;1734,240234375;1838,3212890625;1716;
365,294;2,1573307514190674;1720,589599609375;1752,568603515625;1716;
365,295;2,1531083583831787;1721,513427734375;1750,017578125;1716;
365,296;2,1848011016845703;1731,7421875;1712,6240234375;1716;
365,297;2,099210500717163;1702,31787109375;1690,9451904296875;1716;
365,298;2,8877921104431152;1732,053955078125;1797,103271484375;1716;
365,299;2,187528610229492;1702,619140625;1605,1563720703125;1716;
365,3;2,154294490814209;1704,731689453125;1688,5703125;1716;
365,301;2,7742438316345215;1722,746826171875;1824,3734130859375;1716;
365,302;2,1078224182128906;1697,810546875;1702,9207763671875;1716;
365,303;2,1202499866485596;1725,5284423828125;1829,9271240234375;1716;
365,304;2,2063841819763184;1716,597412109375;1618,1185302734375;1716;
365,305;2,153118133544922;1706,849365234375;1700,51220703125;1716;
365,306;2,1983108520507812;1741,777587890625;1832,716552734375;1716;
365,307;2,086684226989746;1690,0537109375;1613,774658203125;1716;
365,308;2,1190736293792725;1725,838134765625;1724,90966796875;1716;
365,309;2,2075605392456055;1716,904052734375;1700,51220703125;1716;
365,31;2,1531083583831787;1722,1300048828125;1683,8404541015625;1716;
365,311;2,7887415885925293;1714,76123046875;1679,136962890625;1716;
365,312;2,1111483573913574;1711,1004638671875;1674,459716796875;1716;
365,313;2,113114595413208;1717,823974609375;1760,2666015625;1716;
365,314;2,200098991394043;1712,6239013671875;1717,517333984375;1716;
365,315;2,136051893234253;1703,22216796875;1757,693115234375;1716;
365,316;2,870800256729126;1722,1300048828125;1715,067138671875;1716;
365,317;2,098033905029297;1697,5107421875;1569,53271484375;1716;
365,318;2,1321682929992676;1735,8050537109375;1835,5145263671875;1716;
365,319;2,2360715866088867;1721,513427734375;1752,568603515625;1716;
365,32;2,1531083583831787;1721,513427734375;1750,017578125;1716;
365,321;2,8775839805603027;1731,7421875;1861,0867919921875;1716;
365,322;2,110619306564331;1702,31787109375;1626,876953125;1716;
365,323;2,8140499591827393;1717,21044921875;1676,7950439453125;1716;
365,324;2,1575164794921875;1729,873291015625;1676,7950439453125;1716;
365,325;2,1469762325286865;1705,638671875;1653,7305908203125;1716;
365,326;2,7742438316345215;1723,982177734375;1805,1982421875;1716;
365,327;2,099210500717163;1698,7100830078125;1734,865966796875;1716;
365,328;2,113114595413208;1717,5172119140625;1797,103271484375;1716;
365,329;2,200098991394043;1712,6239013671875;1605,1563720703125;1716;
365,33;2,2110767364501953;1706,849365234375;1707,7586669921875;1716;
365,331;2,8196237087249756;1723,982177734375;1690,9451904296875;1716;
365,332;2,098033905029297;1698,409912109375;1681,4854736328125;1716;
365,333;2,1202499866485596;1726,14794921875;1832,716552734375;1716;
365,334;2,2063841819763184;1716,904052734375;1618,1185302734375;1716;
365,335;2,140834331512451;1707,15234375;1775,8671875;1716;
365,336;2,8001458644866943;1742,093017578125;1875,6038818359375;1716;
365,337;2,0991806983947754;1690,64794921875;1633,50830078125;1716;
365,338;2,1309916973114014;1734,552978515625;1794,4210205078125;1716;
365,339;2,213845729827881;1720,8974609375;1732,3660888671875;1716;
365,34;2,2228586673736572;1712,6239013671875;1755,127197265625;1716;
365,341;2,849979877471924;1727,07763671875;1715,067138671875;1716;
365,342;2,099210500717163;1700,21142578125;1569,53271484375;1716;
365,343;2,1309916973114014;1737,05908203125;1838,3212890625;1716;
365,344;2,24018931388855;1722,4383544921875;1752,568603515625;1716;
365,345;2,154284954071045;1722,1300048828125;1750,017578125;1716;
365,346;2,8764076232910156;1732,053955078125;1861,0867919921875;1716;
365,347;2,110619306564331;1702,31787109375;1629,081298828125;1716;
365,348;2,114290952682495;1717,21044921875;1676,7950439453125;1716;
365,349;2,1563398838043213;1729,873291015625;1676,7950439453125;1716;
365,35;2,1469762325286865;1705,638671875;1653,7305908203125;1716;
365,351;2,7754201889038086;1723,982177734375;1805,1982421875;1716;
365,352;2,098033905029297;1698,7100830078125;1734,865966796875;1716;
365,353;2,113114595413208;1717,5172119140625;1797,103271484375;1716;
365,354;2,20127534866333;1712,6239013671875;1605,1563720703125;1716;
365,355;2,147030830383301;1715,372802734375;1778,494140625;1716;
365,356;2,8764076232910156;1728,319091796875;1724,90966796875;1716;
365,357;2,099210500717163;1700,511962890625;1698,1102294921875;1716;
365,358;2,1190736293792725;1725,838134765625;1821,609130859375;1716;
365,359;2,2063841819763184;1716,597412109375;1744,9376220703125;1716;
365,36;2,14212965965271;1709,2760009765625;1674,459716796875;1716;
365,361;2,8196237087249756;1725,5284423828125;1674,459716796875;1716;
365,362;2,098033905029297;1699,310302734375;1551,305908203125;1716;
365,363;2,114290952682495;1717,823974609375;1835,5145263671875;1716;
365,364;2,200098991394043;1712,6239013671875;1752,568603515625;1716;
365,365;2,225142240524292;1719,3592529296875;1615,943603515625;1716;
365,366;2,8775839805603027;1730,1845703125;1781,1290283203125;1716;
365,367;2,098033905029297;1701,41455078125;1596,6295166015625;1716;
365,368;2,113114595413208;1717,5172119140625;1827,14599609375;1716;
365,369;2,2201309204101562;1729,2513427734375;1744,9376220703125;1716;
365,37;2,1531083583831787;1721,8216552734375;1752,568603515625;1716;
365,371;2,7824857234954834;1731,430419921875;1712,6240234375;1716;
365,372;2,099210500717163;1702,0166015625;1690,9451904296875;1716;
365,373;2,1190736293792725;1723,673095703125;1727,3880615234375;1716;
365,374;2,1442043781280518;1715,6788330078125;1700,51220703125;1716;
365,375;2,1604363918304443;1705,0338134765625;1640,19384765625;1716;
365,376;2,7742438316345215;1723,3642578125;1797,103271484375;1716;
365,377;2,110619306564331;1698,409912109375;1603,01611328125;1716;
365,378;2,1202499866485596;1720,281982421875;1835,5145263671875;1716;
365,379;2,200098991394043;1714,150146484375;1620,29931640625;1716;
365,38;2,140834331512451;1706,849365234375;1700,51220703125;1716;
365,381;2,8001458644866943;1741,777587890625;1832,716552734375;1716;
365,382;2,0964038372039795;1690,350830078125;1615,943603515625;1716;
365,383;2,1190736293792725;1725,5284423828125;1722,4384765625;1716;
365,384;2,2075605392456055;1716,2911376953125;1698,1102294921875;1716;
365,385;2,1531083583831787;1720,8974609375;1683,8404541015625;1716;
365,386;2,802823781967163;1713,539306640625;1679,136962890625;1716;
365,387;2,1111483573913574;1709,8837890625;1674,459716796875;1716;
365,388;2,113114595413208;1717,21044921875;1760,2666015625;1716;
365,389;2,200098991394043;1712,319091796875;1717,517333984375;1716;
365,39;2,1420109272003174;1703,22216796875;1757,693115234375;1716;
365,391;2,8196237087249756;1722,1300048828125;1715,067138671875;1716;
365,392;2,098033905029297;1697,5107421875;1569,53271484375;1716;
365,393;2,1321682929992676;1735,8050537109375;1835,5145263671875;1716;
365,394;2,2126693725585938;1721,513427734375;1752,568603515625;1716;
365,395;2,1531083583831787;1721,513427734375;1750,017578125;1716;
365,396;2,183131456375122;1731,7421875;1712,6240234375;1716;
365,397;2,098033905029297;1702,31787109375;1567,486328125;1716;
365,398;2,113114595413208;1719,3592529296875;1693,326904296875;1716;
365,399;2,145195245742798;1713,539306640625;1683,8404541015625;1716;
365,4;2,1531083583831787;1722,1300048828125;1786,4219970703125;1716;
365,401;2,7824857234954834;1732,053955078125;1729,8734130859375;1716;
365,402;2,099210500717163;1702,619140625;1700,51220703125;1716;
365,403;2,113114595413208;1719,666748046875;1658,29248046875;1716;
365,404;2,1440186500549316;1714,150146484375;1807,912841796875;1716;
365,405;2,148207187652588;1718,7447509765625;1760,2666015625;1716;
365,406;2,802823781967163;1713,2340087890625;1717,517333984375;1716;
365,407;2,109971761703491;1710,4918212890625;1693,326904296875;1716;
365,408;2,114290952682495;1718,437744140625;1821,609130859375;1716;
365,409;2,200098991394043;1713,2340087890625;1613,774658203125;1716;
365,41;2,140953302383423;1712,01416015625;1705,3363037109375;1716;
365,411;2,8001458644866943;1744,3046875;1835,5145263671875;1716;
365,412;2,0920650959014893;1691,539794921875;1618,1185302734375;1716;
365,413;2,1190736293792725;1726,7677001953125;1872,682373046875;1716;
365,414;2,2340030670166016;1717,5172119140625;1633,50830078125;1716;
365,415;2,140953302383423;1715,067138671875;1635,730712890625;1716;
365,416;2,807211399078369;1745,571044921875;1794,4210205078125;1716;
365,417;2,1057822704315186;1691,83740234375;1600,881591796875;1716;
365,418;2,113114595413208;1717,5172119140625;1802,4918212890625;1716;
365,419;2,200098991394043;1712,6239013671875;1737,3729248046875;1716;
365,42;2,14212965965271;1712,6239013671875;1755,127197265625;1716;
365,421;2,7742438316345215;1727,07763671875;1715,067138671875;1716;
365,422;2,102229118347168;1700,21142578125;1569,53271484375;1716;
365,423;2,1321682929992676;1737,05908203125;1838,3212890625;1716;
365,424;2,1502721309661865;1722,4383544921875;1752,568603515625;1716;
365,425;2,1531083583831787;1722,1300048828125;1750,017578125;1716;
365,426;2,8715529441833496;1732,053955078125;1861,0867919921875;1716;
365,427;2,110619306564331;1702,31787109375;1626,876953125;1716;
365,428;2,113114595413208;1717,21044921875;1676,7950439453125;1716;
365,429;2,1633987426757812;1729,873291015625;1818,8533935546875;1716;
365,43;2,147030830383301;1718,437744140625;1755,127197265625;1716;
365,431;2,802823781967163;1713,2340087890625;1715,067138671875;1716;
365,432;2,1111483573913574;1710,4918212890625;1693,326904296875;1716;
365,433;2,113114595413208;1717,823974609375;1821,609130859375;1716;
365,434;2,200098991394043;1712,928955078125;1613,774658203125;1716;
365,435;2,1604363918304443;1703,52392578125;1640,19384765625;1716;
365,436;2,7907276153564453;1739,88720703125;1797,103271484375;1716;
365,437;2,086684226989746;1689,4599609375;1603,01611328125;1716;
365,438;2,1202499866485596;1726,7677001953125;1884,42333984375;1716;
365,439;2,2063841819763184;1717,5172119140625;1773,2479248046875;1716;
365,44;2,1531083583831787;1721,513427734375;1810,6357421875;1716;
365,441;2,8775839805603027;1731,430419921875;1739,8873291015625;1716;
365,442;2,098033905029297;1702,0166015625;1579,8450927734375;1716;
365,443;2,1309916973114014;1734,86572265625;1829,9271240234375;1716;
365,444;2,213845729827881;1721,513427734375;1750,017578125;1716;
365,445;2,1531083583831787;1720,589599609375;1750,017578125;1716;
365,446;2,8764076232910156;1731,430419921875;1861,0867919921875;1716;
365,447;2,111795663833618;1702,31787109375;1626,876953125;1716;
365,448;2,113114595413208;1717,21044921875;1676,7950439453125;1716;
365,449;2,1563398838043213;1729,873291015625;1676,7950439453125;1716;
365,45;2,1481525897979736;1705,638671875;1656,0084228515625;1716;
365,451;2,8054425716400146;1723,982177734375;1805,1982421875;1716;
365,452;2,098033905029297;1698,7100830078125;1737,3729248046875;1716;
365,453;2,114290952682495;1717,823974609375;1797,103271484375;1716;
365,454;2,200098991394043;1712,6239013671875;1734,865966796875;1716;
365,455;2,1592600345611572;1702,619140625;1676,7950439453125;1716;
365,456;2,820800304412842;1722,1300048828125;1676,7950439453125;1716;
365,457;2,109971761703491;1714,76123046875;1674,459716796875;1716;
365,458;2,113114595413208;1718,130859375;1760,2666015625;1716;
365,459;2,20127534866333;1712,928955078125;1717,517333984375;1716;
365,46;2,140834331512451;1703,52392578125;1760,2666015625;1716;
365,461;2,8196237087249756;1722,4383544921875;1717,517333984375;1716;
365,462;2,099210500717163;1697,810546875;1569,53271484375;1716;
365,463;2,1309916973114014;1736,431884765625;1835,5145263671875;1716;
365,464;2,2126693725585938;1721,8216552734375;1752,568603515625;1716;
365,465;2,1481525897979736;1721,513427734375;1750,017578125;1716;
365,466;2,8764076232910156;1731,7421875;1861,0867919921875;1716;
365,467;2,098033905029297;1702,31787109375;1626,876953125;1716;
365,468;2,114290952682495;1717,21044921875;1676,7950439453125;1716;
365,469;2,218954563140869;1729,873291015625;1676,7950439453125;1716;
365,47;2,1469762325286865;1705,638671875;1653,7305908203125;1716;
365,471;2,820800304412842;1723,982177734375;1805,1982421875;1716;
365,472;2,098033905029297;1698,7100830078125;1737,3729248046875;1716;
365,473;2,113114595413208;1717,5172119140625;1797,103271484375;1716;
365,474;2,20127534866333;1712,319091796875;1603,01611328125;1716;
365,475;2,1592600345611572;1706,849365234375;1710,1878662109375;1716;
365,476;2,8196237087249756;1724,291259765625;1693,326904296875;1716;
365,477;2,099210500717163;1698,7100830078125;1681,4854736328125;1716;
365,478;2,1190736293792725;1726,7677001953125;1832,716552734375;1716;
365,479;2,2063841819763184;1717,21044921875;1750,017578125;1716;
365,48;2,1420109272003174;1711,405029296875;1816,1058349609375;1716;
365,481;2,8196237087249756;1726,457763671875;1742,40869140625;1716;
365,482;2,115940809249878;1716,597412109375;1705,3363037109375;1716;
365,483;2,138127088546753;1743,040283203125;1827,14599609375;1716;
365,484;2,2126693725585938;1724,9095458984375;1747,473876953125;1716;
365,485;2,1469762325286865;1703,52392578125;1742,40869140625;1716;
365,486;2,8293087482452393;1722,1300048828125;1707,7586669921875;1716;
365,487;2,098033905029297;1697,5107421875;1565,4454345703125;1716;
365,488;2,1309916973114014;1734,240234375;1838,3212890625;1716;
365,489;2,213845729827881;1720,589599609375;1752,568603515625;1716;
365,49;2,1469762325286865;1721,513427734375;1750,017578125;1716;
365,491;2,8764076232910156;1731,7421875;1712,6240234375;1716;
365,492;2,099210500717163;1702,31787109375;1693,326904296875;1716;
365,493;2,125032663345337;1732,053955078125;1797,103271484375;1716;
365,494;2,187528610229492;1702,31787109375;1603,01611328125;1716;
365,495;2,154284954071045;1721,8216552734375;1835,5145263671875;1716;
365,496;2,903733491897583;1731,7421875;1752,568603515625;1716;
365,497;2,098033905029297;1702,31787109375;1710,1878662109375;1716;
365,498;2,1202499866485596;1724,291259765625;1794,4210205078125;1716;
365,499;2,2063841819763184;1715,9849853515625;1732,3660888671875;1716;
365,5;2,1592600345611572;1702,920654296875;1642,4345703125;1716;
365,501;2,8861520290374756;1739,572509765625;1797,103271484375;1716;
365,502;2,1040029525756836;1705,941162109375;1734,865966796875;1716;
365,503;2,113114595413208;1717,823974609375;1797,103271484375;1716;
365,504;2,20127534866333;1712,6239013671875;1603,01611328125;1716;
365,505;2,1592600345611572;1699,310302734375;1644,681396484375;1716;
365,506;2,7907276153564453;1738,000732421875;1799,7935791015625;1716;
365,507;2,0878608226776123;1688,5703125;1603,01611328125;1716;
365,508;2,1190736293792725;1726,457763671875;1881,4742431640625;1716;
365,509;2,2063841819763184;1716,904052734375;1773,2479248046875;1716;
365,51;2,1420109272003174;1720,8974609375;1810,6357421875;1716;
365,511;2,8764076232910156;1731,118896484375;1739,8873291015625;1716;
365,512;2,098033905029297;1702,0166015625;1579,8450927734375;1716;
365,513;2,1321682929992676;1734,86572265625;1829,9271240234375;1716;
365,514;2,2126693725585938;1721,513427734375;1750,017578125;1716;
365,515;2,1469762325286865;1720,589599609375;1750,017578125;1716;
365,516;2,8775839805603027;1731,430419921875;1712,6240234375;1716;
365,517;2,098033905029297;1702,31787109375;1693,326904296875;1716;
365,518;2,125032663345337;1732,365966796875;1799,7935791015625;1716;
365,519;2,1887052059173584;1702,619140625;1732,3660888671875;1716;
365,52;2,153118133544922;1717,21044921875;1794,4210205078125;1716;
365,521;2,8764076232910156;1728,9404296875;1884,42333984375;1716;
365,522;2,117117404937744;1717,21044921875;1635,730712890625;1716;
365,523;2,1190736293792725;1725,5284423828125;1816,1058349609375;1716;
365,524;2,2063841819763184;1715,9849853515625;1609,4539794921875;1716;
365,525;2,1420109272003174;1703,52392578125;1702,9207763671875;1716;
365,526;2,8849756717681885;1739,572509765625;1832,716552734375;1716;
365,527;2,1477770805358887;1689,163330078125;1618,1185302734375;1716;
365,528;2,1202499866485596;1725,5284423828125;1722,4384765625;1716;
365,529;2,2063841819763184;1716,597412109375;1698,1102294921875;1716;
365,53;2,1592600345611572;1721,20556640625;1683,8404541015625;1716;
365,531;2,8868472576141357;1731,118896484375;1821,609130859375;1716;
365,532;2,098033905029297;1701,41455078125;1613,774658203125;1716;
365,533;2,1190736293792725;1725,838134765625;1875,6038818359375;1716;
365,534;2,2075605392456055;1716,597412109375;1770,63623046875;1716;
365,535;2,140834331512451;1711,405029296875;1734,865966796875;1716;
365,536;2,8196237087249756;1726,7677001953125;1705,3363037109375;1716;
365,537;2,099210500717163;1700,21142578125;1565,4454345703125;1716;
365,538;2,1309916973114014;1734,552978515625;1838,3212890625;1716;
365,539;2,2126693725585938;1720,8974609375;1752,568603515625;1716;
365,54;2,1481525897979736;1721,8216552734375;1750,017578125;1716;
365,541;2,8764076232910156;1731,7421875;1712,6240234375;1716;
365,542;2,098033905029297;1702,31787109375;1693,326904296875;1716;
365,543;2,1202499866485596;1723,673095703125;1727,3880615234375;1716;
365,544;2,2063841819763184;1715,6788330078125;1700,51220703125;1716;
365,545;2,1592600345611572;1722,1300048828125;1775,8671875;1716;
365,546;2,8775839805603027;1732,053955078125;1878,5345458984375;1716;
365,547;2,098033905029297;1702,31787109375;1633,50830078125;1716;
365,548;2,113114595413208;1719,974365234375;1816,1058349609375;1716;
365,549;2,20127534866333;1713,8447265625;1609,4539794921875;1716;
365,55;2,140834331512451;1693,923095703125;1702,9207763671875;1716;
365,551;2,8849756717681885;1739,572509765625;1832,716552734375;1716;
365,552;2,148953437805176;1689,163330078125;1618,1185302734375;1716;
365,553;2,1190736293792725;1725,5284423828125;1722,4384765625;1716;
365,554;2,7716546058654785;1716,597412109375;1698,1102294921875;1716;
365,555;2,1604363918304443;1721,20556640625;1683,8404541015625;1716;
365,556;2,2418599128723145;1731,118896484375;1821,609130859375;1716;
365,557;2,1039161682128906;1701,41455078125;1613,774658203125;1716;
365,558;2,1202499866485596;1725,838134765625;1875,6038818359375;1716;
365,559;2,2063841819763184;1716,597412109375;1635,730712890625;1716;
365,56;2,140834331512451;1715,6788330078125;1770,63623046875;1716;
365,561;2,8083877563476562;1746,5218505859375;1872,682373046875;1716;
365,562;2,0920650959014893;1692,730712890625;1631,291748046875;1716;
365,563;2,1190736293792725;1725,5284423828125;1722,4384765625;1716;
365,564;2,2075605392456055;1716,2911376953125;1698,1102294921875;1716;
365,565;2,140834331512451;1712,6239013671875;1773,2479248046875;1716;
365,566;2,8196237087249756;1726,7677001953125;1722,4384765625;1716;
365,567;2,099210500717163;1699,610595703125;1571,5843505859375;1716;
365,568;2,1309916973114014;1738,31494140625;1835,5145263671875;1716;
365,569;2,2126693725585938;1722,746826171875;1752,568603515625;1716;
365,57;2,1481525897979736;1721,8216552734375;1750,017578125;1716;
365,571;2,8764076232910156;1731,7421875;1712,6240234375;1716;
365,572;2,098033905029297;1702,31787109375;1693,326904296875;1716;
365,573;2,126209020614624;1732,365966796875;1799,7935791015625;1716;
365,574;2,187528610229492;1702,619140625;1603,01611328125;1716;
365,575;2,1531083583831787;1722,1300048828125;1835,5145263671875;1716;
365,576;2,8775839805603027;1732,053955078125;1908,3525390625;1716;
365,577;2,102229118347168;1702,31787109375;1644,681396484375;1716;
365,578;2,1190736293792725;1726,457763671875;1813,3665771484375;1716;
365,579;2,2075605392456055;1716,904052734375;1609,4539794921875;1716;
365,58;2,140834331512451;1703,52392578125;1705,3363037109375;1716;
365,581;2,8935437202453613;1740,516845703125;1835,5145263671875;1716;
365,582;2,093743085861206;1690,350830078125;1620,29931640625;1716;
365,583;2,1190736293792725;1726,457763671875;1722,4384765625;1716;
365,584;2,2063841819763184;1717,21044921875;1698,1102294921875;1716;
365,585;2,1604363918304443;1721,20556640625;1683,8404541015625;1716;
365,586;2,802823781967163;1713,8447265625;1679,136962890625;1716;
365,587;2,1198294162750244;1711,70947265625;1712,6240234375;1716;
365,588;2,1202499866485596;1725,838134765625;1835,5145263671875;1716;
365,589;2,2063841819763184;1716,597412109375;1752,568603515625;1716;
365,59;2,2245540618896484;1711,70947265625;1672,130859375;1716;
365,591;2,820800304412842;1726,7677001953125;1674,459716796875;1716;
365,592;2,098033905029297;1699,910888671875;1551,305908203125;1716;
365,593;2,113114595413208;1718,130859375;1838,3212890625;1716;
365,594;2,20127534866333;1712,928955078125;1752,568603515625;1716;
365,595;2,140834331512451;1719,666748046875;1747,473876953125;1716;
365,596;2,8764076232910156;1730,495849609375;1710,1878662109375;1716;
365,597;2,099210500717163;1701,41455078125;1567,486328125;1716;
365,598;2,1309916973114014;1736,118408203125;1838,3212890625;1716;
365,599;2,2126693725585938;1721,8216552734375;1752,568603515625;1716;
365,6;2,154284954071045;1722,1300048828125;1750,017578125;1716;
365,601;2,7824857234954834;1732,053955078125;1712,6240234375;1716;
365,602;2,098033905029297;1702,31787109375;1567,486328125;1716;
365,603;2,114290952682495;1719,3592529296875;1693,326904296875;1716;
365,604;2,1440186500549316;1713,539306640625;1683,8404541015625;1716;
365,605;2,1531083583831787;1722,1300048828125;1789,08056640625;1716;
365,606;2,8775839805603027;1731,7421875;1881,4742431640625;1716;
365,607;2,110619306564331;1702,0166015625;1637,959228515625;1716;
365,608;2,1190736293792725;1721,20556640625;1674,459716796875;1716;
365,609;2,2713072299957275;1731,7421875;1816,1058349609375;1716;
365,61;2,147030830383301;1717,823974609375;1755,127197265625;1716;
365,611;2,802823781967163;1712,6239013671875;1715,067138671875;1716;
365,612;2,1238224506378174;1709,8837890625;1569,53271484375;1716;
365,613;2,1190736293792725;1722,1300048828125;1712,6240234375;1716;
365,614;2,200098991394043;1715,067138671875;1693,326904296875;1716;
365,615;2,217893123626709;1709,8837890625;1681,4854736328125;1716;
365,616;2,7742438316345215;1725,838134765625;1821,609130859375;1716;
365,617;2,115940809249878;1716,2911376953125;1742,40869140625;1716;
365,618;2,1202499866485596;1725,5284423828125;1797,103271484375;1716;
365,619;2,2298851013183594;1716,597412109375;1605,1563720703125;1716;
365,62;2,1499173641204834;1699,910888671875;1644,681396484375;1716;
365,621;2,1921441555023193;1738,31494140625;1799,7935791015625;1716;
365,622;2,0991806983947754;1688,86669921875;1603,01611328125;1716;
365,623;2,1190736293792725;1726,457763671875;1881,4742431640625;1716;
365,624;2,2075605392456055;1716,904052734375;1773,2479248046875;1716;
365,625;2,1531083583831787;1720,8974609375;1810,6357421875;1716;
365,626;2,7824857234954834;1731,118896484375;1739,8873291015625;1716;
365,627;2,111795663833618;1702,0166015625;1579,8450927734375;1716;
365,628;2,1190736293792725;1725,838134765625;1752,568603515625;1716;
365,629;2,1500864028930664;1716,904052734375;1712,6240234375;1716;
365,63;2,148207187652588;1719,974365234375;1770,63623046875;1716;
365,631;2,7824857234954834;1730,495849609375;1722,4384765625;1716;
365,632;2,110619306564331;1701,41455078125;1571,5843505859375;1716;
365,633;2,1321682929992676;1738,629150390625;1835,5145263671875;1716;
365,634;2,1502721309661865;1723,0556640625;1752,568603515625;1716;
365,635;2,1531083583831787;1721,8216552734375;1750,017578125;1716;
365,636;2,7836623191833496;1731,7421875;1861,0867919921875;1716;
365,637;2,110619306564331;1702,31787109375;1626,876953125;1716;
365,638;2,113114595413208;1717,21044921875;1676,7950439453125;1716;
365,639;2,1575164794921875;1729,873291015625;1818,8533935546875;1716;
365,64;2,147030830383301;1718,437744140625;1755,127197265625;1716;
365,641;2,802823781967163;1713,2340087890625;1715,067138671875;1716;
365,642;2,1111483573913574;1710,4918212890625;1693,326904296875;1716;
365,643;2,113114595413208;1717,823974609375;1821,609130859375;1716;
365,644;2,254804849624634;1712,928955078125;1613,774658203125;1716;
365,645;2,154284954071045;1720,589599609375;1775,8671875;1716;
365,646;2,8621771335601807;1731,118896484375;1724,90966796875;1716;
365,647;2,098033905029297;1702,0166015625;1698,1102294921875;1716;
365,648;2,1202499866485596;1726,7677001953125;1824,3734130859375;1716;
365,649;2,2063841819763184;1717,5172119140625;1747,473876953125;1716;
365,65;2,140953302383423;1709,2760009765625;1672,130859375;1716;
365,651;2,7754201889038086;1725,218994140625;1674,459716796875;1716;
365,652;2,110619306564331;1699,010009765625;1551,305908203125;1716;
365,653;2,113114595413208;1717,823974609375;1838,3212890625;1716;
365,654;2,16747784614563;1712,928955078125;1752,568603515625;1716;
365,655;2,147030830383301;1719,666748046875;1747,473876953125;1716;
365,656;2,7824857234954834;1730,495849609375;1710,1878662109375;1716;
365,657;2,111795663833618;1701,41455078125;1567,486328125;1716;
365,658;2,1309916973114014;1736,118408203125;1838,3212890625;1716;
365,659;2,1938138008117676;1704,731689453125;1620,29931640625;1716;
365,66;2,154284954071045;1722,1300048828125;1681,4854736328125;1716;
365,661;2,7824857234954834;1732,053955078125;1824,3734130859375;1716;
365,662;2,110619306564331;1702,619140625;1613,774658203125;1716;
365,663;2,1083319187164307;1709,8837890625;1681,4854736328125;1716;
365,664;2,1502721309661865;1726,7677001953125;1821,609130859375;1716;
365,665;2,147030830383301;1718,437744140625;1752,568603515625;1716;
365,666;2,7836623191833496;1729,873291015625;1861,0867919921875;1716;
365,667;2,098033905029297;1701,113525390625;1626,876953125;1716;
365,668;2,113114595413208;1716,904052734375;1712,6240234375;1716;
365,669;2,20127534866333;1712,319091796875;1693,326904296875;1716;
365,67;2,147030830383301;1718,130859375;1686,2020263671875;1716;
365,671;2,7824857234954834;1730,1845703125;1824,3734130859375;1716;
365,672;2,111795663833618;1701,715576171875;1613,774658203125;1716;
365,673;2,1190736293792725;1727,07763671875;1875,6038818359375;1716;
365,674;2,1442043781280518;1717,5172119140625;1635,730712890625;1716;
365,675;2,150560140609741;1715,9849853515625;1635,730712890625;1716;
365,676;2,1848011016845703;1728,9404296875;1656,0084228515625;1716;
365,677;2,098033905029297;1701,113525390625;1662,8797607421875;1716;
365,678;2,114290952682495;1717,823974609375;1765,4361572265625;1716;
365,679;2,138136625289917;1712,6239013671875;1719,974365234375;1716;
365,68;2,1348752975463867;1705,0338134765625;1757,693115234375;1716;
365,681;2,7754201889038086;1723,3642578125;1715,067138671875;1716;
365,682;2,110619306564331;1698,7100830078125;1569,53271484375;1716;
365,683;2,1309916973114014;1737,05908203125;1838,3212890625;1716;
365,684;2,1949901580810547;1705,336181640625;1620,29931640625;1716;
365,685;2,1531083583831787;1722,1300048828125;1827,14599609375;1716;
365,686;2,1848011016845703;1731,7421875;1747,473876953125;1716;
365,687;2,099210500717163;1702,0166015625;1707,7586669921875;1716;
365,688;2,1190736293792725;1723,0556640625;1656,0084228515625;1716;
365,689;2,138136625289917;1715,067138671875;1665,182861328125;1716;
365,69;2,136051893234253;1704,731689453125;1660,5828857421875;1716;
365,691;2,7742438316345215;1722,746826171875;1807,912841796875;1716;
365,692;2,098033905029297;1697,810546875;1737,3729248046875;1716;
365,693;2,114290952682495;1718,130859375;1797,103271484375;1716;
365,694;2,2506871223449707;1712,928955078125;1605,1563720703125;1716;
365,695;2,1348752975463867;1706,849365234375;1707,7586669921875;1716;
365,696;2,8001458644866943;1741,4622802734375;1835,5145263671875;1716;
365,697;2,0991806983947754;1690,0537109375;1618,1185302734375;1716;
365,698;2,1190736293792725;1726,14794921875;1872,682373046875;1716;
365,699;2,145380735397339;1716,904052734375;1633,50830078125;1716;
365,7;2,140953302383423;1714,76123046875;1770,63623046875;1716;
365,701;2,882141351699829;1728,008544921875;1722,4384765625;1716;
365,702;2,099210500717163;1700,21142578125;1695,715087890625;1716;
365,703;2,136950731277466;1742,724365234375;1832,716552734375;1716;
365,704;2,156154155731201;1724,9095458984375;1750,017578125;1716;
365,705;2,136051893234253;1704,4295654296875;1739,8873291015625;1716;
365,706;2,7742438316345215;1722,746826171875;1707,7586669921875;1716;
365,707;2,110619306564331;1697,810546875;1565,4454345703125;1716;
365,708;2,1321682929992676;1734,240234375;1838,3212890625;1716;
365,709;2,1502721309661865;1720,589599609375;1752,568603515625;1716;
365,71;2,1531083583831787;1721,513427734375;1750,017578125;1716;
365,711;2,7836623191833496;1731,7421875;1861,0867919921875;1716;
365,712;2,110619306564331;1702,31787109375;1626,876953125;1716;
365,713;2,113114595413208;1717,21044921875;1676,7950439453125;1716;
365,714;2,1575164794921875;1729,873291015625;1676,7950439453125;1716;
365,715;2,1348752975463867;1705,638671875;1653,7305908203125;1716;
365,716;2,7742438316345215;1723,982177734375;1805,1982421875;1716;
365,717;2,099210500717163;1698,7100830078125;1734,865966796875;1716;
365,718;2,113114595413208;1717,5172119140625;1797,103271484375;1716;
365,719;2,200098991394043;1712,6239013671875;1605,1563720703125;1716;
365,72;2,1604363918304443;1698,409912109375;1642,4345703125;1716;
365,721;2,7907276153564453;1737,05908203125;1797,103271484375;1716;
365,722;2,086684226989746;1687,9775390625;1603,01611328125;1716;
365,723;2,1202499866485596;1725,838134765625;1881,4742431640625;1716;
365,724;2,2063841819763184;1716,597412109375;1773,2479248046875;1716;
365,725;2,1531083583831787;1720,8974609375;1810,6357421875;1716;
365,726;2,8775839805603027;1731,118896484375;1739,8873291015625;1716;
365,727;2,098033905029297;1702,0166015625;1579,8450927734375;1716;
365,728;2,1309916973114014;1734,86572265625;1829,9271240234375;1716;
365,729;2,2614927291870117;1721,20556640625;1747,473876953125;1716;
365,73;2,1531083583831787;1720,589599609375;1752,568603515625;1716;
365,731;2,8764076232910156;1731,118896484375;1861,0867919921875;1716;
365,732;2,111795663833618;1702,0166015625;1626,876953125;1716;
365,733;2,113114595413208;1717,21044921875;1676,7950439453125;1716;
365,734;2,1563398838043213;1729,873291015625;1676,7950439453125;1716;
365,735;2,1481525897979736;1705,638671875;1653,7305908203125;1716;
365,736;2,7742438316345215;1723,982177734375;1805,1982421875;1716;
365,737;2,098033905029297;1698,7100830078125;1734,865966796875;1716;
365,738;2,114290952682495;1717,21044921875;1794,4210205078125;1716;
365,739;2,200098991394043;1712,319091796875;1603,01611328125;1716;
365,74;2,1592600345611572;1698,409912109375;1644,681396484375;1716;
365,741;2,8124003410339355;1719,974365234375;1660,5828857421875;1716;
365,742;2,098033905029297;1696,6124267578125;1665,182861328125;1716;
365,743;2,1190736293792725;1726,457763671875;1841,1363525390625;1716;
365,744;2,2075605392456055;1716,904052734375;1755,127197265625;1716;
365,745;2,140834331512451;1704,731689453125;1739,8873291015625;1716;
365,746;2,8196237087249756;1723,3642578125;1707,7586669921875;1716;
365,747;2,099210500717163;1698,409912109375;1565,4454345703125;1716;
365,748;2,1309916973114014;1734,240234375;1838,3212890625;1716;
365,749;2,2126693725585938;1720,589599609375;1752,568603515625;1716;
365,75;2,1481525897979736;1721,513427734375;1750,017578125;1716;
365,751;2,8764076232910156;1731,7421875;1861,0867919921875;1716;
365,752;2,098033905029297;1702,31787109375;1626,876953125;1716;
365,753;2,114290952682495;1717,21044921875;1676,7950439453125;1716;
365,754;2,218954563140869;1729,873291015625;1818,8533935546875;1716;
365,755;2,2002735137939453;1718,437744140625;1755,127197265625;1716;
365,756;2,8775839805603027;1730,495849609375;1863,9722900390625;1716;
365,757;2,1595616340637207;1702,0166015625;1631,291748046875;1716;
365,758;2,113114595413208;1717,5172119140625;1710,1878662109375;1716;
365,759;2,7645695209503174;1712,6239013671875;1693,326904296875;1716;
365,76;2,1592600345611572;1717,823974609375;1686,2020263671875;1716;
365,761;2,802823781967163;1712,6239013671875;1681,4854736328125;1716;
365,762;2,1210060119628906;1710,187744140625;1712,6240234375;1716;
365,763;2,1190736293792725;1727,07763671875;1835,5145263671875;1716;
365,764;2,7716546058654785;1717,5172119140625;1752,568603515625;1716;
365,765;2,1604363918304443;1712,01416015625;1672,130859375;1716;
365,766;2,8196237087249756;1726,7677001953125;1674,459716796875;1716;
365,767;2,098033905029297;1699,910888671875;1551,305908203125;1716;
365,768;2,114290952682495;1717,823974609375;1835,5145263671875;1716;
365,769;2,200098991394043;1712,6239013671875;1752,568603515625;1716;
365,77;2,140834331512451;1693,0286865234375;1747,473876953125;1716;
365,771;2,8775839805603027;1730,1845703125;1710,1878662109375;1716;
365,772;2,098033905029297;1701,41455078125;1567,486328125;1716;
365,773;2,1309916973114014;1736,118408203125;1838,3212890625;1716;
365,774;2,213845729827881;1721,8216552734375;1752,568603515625;1716;
365,775;2,1469762325286865;1722,1300048828125;1750,017578125;1716;
365,776;2,8764076232910156;1732,053955078125;1712,6240234375;1716;
365,777;2,099210500717163;1702,31787109375;1567,486328125;1716;
365,778;2,1309916973114014;1736,7454833984375;1838,3212890625;1716;
365,779;2,2126693725585938;1722,1300048828125;1752,568603515625;1716;
365,78;2,154284954071045;1722,1300048828125;1750,017578125;1716;
365,781;2,8764076232910156;1732,053955078125;1863,9722900390625;1716;
365,782;2,1078224182128906;1693,923095703125;1681,4854736328125;1716;
365,783;2,114290952682495;1717,5172119140625;1676,7950439453125;1716;
365,784;2,1563398838043213;1730,495849609375;1676,7950439453125;1716;
365,785;2,1469762325286865;1705,638671875;1653,7305908203125;1716;
365,786;2,8066189289093018;1723,982177734375;1805,1982421875;1716;
365,787;2,110619306564331;1698,7100830078125;1605,1563720703125;1716;
365,788;2,1190736293792725;1721,513427734375;1688,5703125;1716;
365,789;2,1633987426757812;1731,7421875;1824,3734130859375;1716;
365,79;2,1531083583831787;1721,8216552734375;1752,568603515625;1716;
365,791;2,7824857234954834;1731,7421875;1861,0867919921875;1716;
365,792;2,099210500717163;1702,31787109375;1626,876953125;1716;
365,793;2,113114595413208;1717,5172119140625;1712,6240234375;1716;
365,794;2,200098991394043;1712,6239013671875;1693,326904296875;1716;
365,795;2,148207187652588;1718,130859375;1686,2020263671875;1716;
365,796;2,1848011016845703;1730,1845703125;1824,3734130859375;1716;
365,797;2,098033905029297;1701,715576171875;1613,774658203125;1716;
365,798;2,1202499866485596;1727,07763671875;1875,6038818359375;1716;
365,799;2,2063841819763184;1717,5172119140625;1770,63623046875;1716;
365,8;2,1531083583831787;1720,281982421875;1667,4925537109375;1716;
365,801;2,7836623191833496;1731,118896484375;1672,130859375;1716;
365,802;2,098033905029297;1702,31787109375;1551,305908203125;1716;
365,803;2,1071555614471436;1709,8837890625;1762,8475341796875;1716;
365,804;2,250098705291748;1708,97216796875;1717,517333984375;1716;
365,805;2,147030830383301;1719,974365234375;1631,291748046875;1716;
365,806;2,883906126022339;1730,495849609375;1794,4210205078125;1716;
365,807;2,111795663833618;1701,41455078125;1600,881591796875;1716;
365,808;2,113114595413208;1719,3592529296875;1824,3734130859375;1716;
365,809;2,1563398838043213;1731,118896484375;1747,473876953125;1716;
365,81;2,154284954071045;1721,8216552734375;1755,127197265625;1716;
365,811;2,7824857234954834;1731,7421875;1715,067138671875;1716;
365,812;2,098033905029297;1702,619140625;1693,326904296875;1716;
365,813;2,114290952682495;1715,9849853515625;1660,5828857421875;1716;
365,814;2,138136625289917;1712,01416015625;1667,4925537109375;1716;
365,815;2,1560592651367188;1705,0338134765625;1656,0084228515625;1716;
365,816;2,7754201889038086;1723,0556640625;1805,1982421875;1716;
365,817;2,110619306564331;1697,810546875;1605,1563720703125;1716;
365,818;2,1190736293792725;1721,8216552734375;1835,5145263671875;1716;
365,819;2,20127534866333;1714,76123046875;1620,29931640625;1716;
365,82;2,1348752975463867;1706,849365234375;1700,51220703125;1716;
365,821;2,7989695072174072;1741,777587890625;1832,716552734375;1716;
365,822;2,0878608226776123;1690,350830078125;1615,943603515625;1716;
365,823;2,1190736293792725;1725,5284423828125;1722,4384765625;1716;
365,824;2,2063841819763184;1716,2911376953125;1698,1102294921875;1716;
365,825;2,154284954071045;1720,8974609375;1683,8404541015625;1716;
365,826;2,850470781326294;1713,539306640625;1679,136962890625;1716;
365,827;2,109971761703491;1709,8837890625;1674,459716796875;1716;
365,828;2,1202499866485596;1725,838134765625;1835,5145263671875;1716;
365,829;2,2063841819763184;1716,597412109375;1752,568603515625;1716;
365,83;2,140953302383423;1711,70947265625;1816,1058349609375;1716;
365,831;2,7754201889038086;1726,457763671875;1742,40869140625;1716;
365,832;2,1078224182128906;1699,610595703125;1695,715087890625;1716;
365,833;2,1309916973114014;1734,240234375;1827,14599609375;1716;
365,834;2,1573307514190674;1720,8974609375;1747,473876953125;1716;
365,835;2,147030830383301;1719,666748046875;1750,017578125;1716;
365,836;2,1848011016845703;1730,495849609375;1712,6240234375;1716;
365,837;2,111795663833618;1701,41455078125;1567,486328125;1716;
365,838;2,1309916973114014;1736,431884765625;1838,3212890625;1716;
365,839;2,1502721309661865;1722,1300048828125;1752,568603515625;1716;
365,84;2,154284954071045;1722,1300048828125;1750,017578125;1716;
365,841;2,7824857234954834;1732,053955078125;1861,0867919921875;1716;
365,842;2,110619306564331;1702,31787109375;1626,876953125;1716;
365,843;2,114290952682495;1717,21044921875;1676,7950439453125;1716;
365,844;2,1563398838043213;1729,873291015625;1676,7950439453125;1716;
365,845;2,1348752975463867;1705,638671875;1653,7305908203125;1716;
365,846;2,7754201889038086;1723,982177734375;1805,1982421875;1716;
365,847;2,098033905029297;1698,7100830078125;1734,865966796875;1716;
365,848;2,113114595413208;1717,5172119140625;1797,103271484375;1716;
365,849;2,2289929389953613;1712,6239013671875;1605,1563720703125;1716;
365,85;2,1348752975463867;1706,849365234375;1707,7586669921875;1716;
365,851;2,845273971557617;1723,982177734375;1690,9451904296875;1716;
365,852;2,099210500717163;1698,409912109375;1681,4854736328125;1716;
365,853;2,1190736293792725;1725,838134765625;1829,9271240234375;1716;
365,854;2,1442043781280518;1716,597412109375;1618,1185302734375;1716;
365,855;2,136051893234253;1706,849365234375;1640,19384765625;1716;
365,856;2,7742438316345215;1724,291259765625;1658,29248046875;1716;
365,857;2,1078224182128906;1699,010009765625;1665,182861328125;1716;
365,858;2,1083319187164307;1709,8837890625;1698,1102294921875;1716;
365,859;2,138136625289917;1708,97216796875;1686,2020263671875;1716;
365,86;2,1348752975463867;1705,336181640625;1775,8671875;1716;
365,861;2,1798110008239746;1723,673095703125;1724,90966796875;1716;
365,862;2,1078224182128906;1698,7100830078125;1573,6414794921875;1716;
365,863;2,1309916973114014;1738,9434814453125;1835,5145263671875;1716;
365,864;2,1514484882354736;1723,0556640625;1750,017578125;1716;
365,865;2,1531083583831787;1721,513427734375;1750,017578125;1716;
365,866;2,7824857234954834;1731,430419921875;1712,6240234375;1716;
365,867;2,111795663833618;1702,0166015625;1567,486328125;1716;
365,868;2,113114595413208;1719,3592529296875;1693,326904296875;1716;
365,869;2,138136625289917;1713,539306640625;1683,8404541015625;1716;
365,87;2,154284954071045;1722,1300048828125;1786,4219970703125;1716;
365,871;2,7824857234954834;1732,053955078125;1881,4742431640625;1716;
365,872;2,1078224182128906;1702,0166015625;1679,136962890625;1716;
365,873;2,1202499866485596;1721,8216552734375;1816,1058349609375;1716;
365,874;2,1563398838043213;1732,365966796875;1742,40869140625;1716;
365,875;2,1348752975463867;1703,22216796875;1640,19384765625;1716;
365,876;2,1921441555023193;1739,572509765625;1797,103271484375;1716;
365,877;2,113826036453247;1705,941162109375;1732,3660888671875;1716;
365,878;2,113114595413208;1717,823974609375;1799,7935791015625;1716;
365,879;2,139312982559204;1712,928955078125;1605,1563720703125;1716;
365,88;2,147030830383301;1715,9849853515625;1778,494140625;1716;
365,881;2,7824857234954834;1728,629638671875;1724,90966796875;1716;
365,882;2,108999013900757;1700,511962890625;1698,1102294921875;1716;
365,883;2,1190736293792725;1725,838134765625;1821,609130859375;1716;
365,884;2,1442043781280518;1716,2911376953125;1613,774658203125;1716;
365,885;2,136051893234253;1704,127685546875;1775,8671875;1716;
365,886;2,190967559814453;1739,88720703125;1875,6038818359375;1716;
365,887;2,0991806983947754;1689,4599609375;1633,50830078125;1716;
365,888;2,1321682929992676;1734,240234375;1794,4210205078125;1716;
365,889;2,1502721309661865;1720,8974609375;1732,3660888671875;1716;
365,89;2,140953302383423;1712,6239013671875;1755,127197265625;1716;
365,891;2,7754201889038086;1727,07763671875;1715,067138671875;1716;
365,892;2,110619306564331;1700,21142578125;1569,53271484375;1716;
365,893;2,1309916973114014;1737,05908203125;1838,3212890625;1716;
365,894;2,1949901580810547;1705,336181640625;1620,29931640625;1716;
365,895;2,1531083583831787;1722,1300048828125;1824,3734130859375;1716;
365,896;2,7824857234954834;1732,053955078125;1747,473876953125;1716;
365,897;2,111795663833618;1702,31787109375;1707,7586669921875;1716;
365,898;2,1190736293792725;1723,0556640625;1656,0084228515625;1716;
365,899;2,138136625289917;1715,067138671875;1805,1982421875;1716;
365,9;2,148207187652588;1717,5172119140625;1760,2666015625;1716;
365,901;2,861647367477417;1712,319091796875;1717,517333984375;1716;
365,902;2,1226460933685303;1709,8837890625;1569,53271484375;1716;
365,903;2,1202499866485596;1722,746826171875;1861,0867919921875;1716;
365,904;2,1442043781280518;1715,372802734375;1629,081298828125;1716;
365,905;2,140953302383423;1712,01416015625;1698,1102294921875;1716;
365,906;2,1983108520507812;1744,3046875;1829,9271240234375;1716;
365,907;2,1018190383911133;1691,539794921875;1615,943603515625;1716;
365,908;2,1190736293792725;1725,5284423828125;1872,682373046875;1716;
365,909;2,145380735397339;1716,2911376953125;1633,50830078125;1716;
365,91;2,140953302383423;1714,4556884765625;1635,730712890625;1716;
365,911;2,7824857234954834;1727,6982421875;1656,0084228515625;1716;
365,912;2,111795663833618;1700,21142578125;1662,8797607421875;1716;
365,913;2,113114595413208;1717,5172119140625;1765,4361572265625;1716;
365,914;2,138136625289917;1712,6239013671875;1719,974365234375;1716;
365,915;2,136051893234253;1705,0338134765625;1760,2666015625;1716;
365,916;2,7742438316345215;1723,3642578125;1717,517333984375;1716;
365,917;2,110619306564331;1698,409912109375;1569,53271484375;1716;
365,918;2,114290952682495;1719,052001953125;1690,9451904296875;1716;
365,919;2,138136625289917;1713,2340087890625;1683,8404541015625;1716;
365,92;2,1531083583831787;1721,513427734375;1786,4219970703125;1716;
365,921;2,8040003776550293;1714,4556884765625;1729,8734130859375;1716;
365,922;2,1046056747436523;1694,2216796875;1575,7039794921875;1716;
365,923;2,1190736293792725;1721,8216552734375;1707,7586669921875;1716;
365,924;2,1575164794921875;1732,365966796875;1835,5145263671875;1716;
365,925;2,140953302383423;1709,2760009765625;1618,1185302734375;1716;
365,926;2,7742438316345215;1725,5284423828125;1783,7716064453125;1716;
365,927;2,129835844039917;1716,2911376953125;1724,90966796875;1716;
365,928;2,113114595413208;1717,5172119140625;1802,4918212890625;1716;
365,929;2,138136625289917;1712,6239013671875;1607,30224609375;1716;
365,93;2,129974126815796;1699,610595703125;1642,4345703125;1716;
365,931;2,7907276153564453;1737,6866455078125;1797,103271484375;1716;
365,932;2,0991806983947754;1688,2738037109375;1603,01611328125;1716;
365,933;2,1202499866485596;1725,838134765625;1881,4742431640625;1716;
365,934;2,265795946121216;1716,597412109375;1773,2479248046875;1716;
365,935;2,1531083583831787;1720,8974609375;1810,6357421875;1716;
365,936;2,7836623191833496;1731,118896484375;1739,8873291015625;1716;
365,937;2,110619306564331;1702,0166015625;1579,8450927734375;1716;
365,938;2,1309916973114014;1734,86572265625;1829,9271240234375;1716;
365,939;2,1514484882354736;1721,20556640625;1747,473876953125;1716;
365,94;2,147030830383301;1719,974365234375;1750,017578125;1716;
365,941;2,7824857234954834;1730,495849609375;1712,6240234375;1716;
365,942;2,111795663833618;1701,41455078125;1567,486328125;1716;
365,943;2,113114595413208;1719,052001953125;1693,326904296875;1716;
365,944;2,138136625289917;1713,539306640625;1683,8404541015625;1716;
365,945;2,154284954071045;1722,1300048828125;1789,08056640625;1716;
365,946;2,802823781967163;1714,4556884765625;1729,8734130859375;1716;
365,947;2,1046056747436523;1693,6248779296875;1575,7039794921875;1716;
365,948;2,1202499866485596;1721,20556640625;1707,7586669921875;1716;
365,949;2,1563398838043213;1731,7421875;1835,5145263671875;1716;
365,95;2,140953302383423;1708,97216796875;1618,1185302734375;1716;
365,951;2,7754201889038086;1725,5284423828125;1783,7716064453125;1716;
365,952;2,115940809249878;1716,2911376953125;1724,90966796875;1716;
365,953;2,113114595413208;1717,5172119140625;1802,4918212890625;1716;
365,954;2,20127534866333;1712,6239013671875;1737,3729248046875;1716;
365,955;2,1348752975463867;1703,82568359375;1674,459716796875;1716;
365,956;2,7907276153564453;1739,88720703125;1816,1058349609375;1716;
365,957;2,1178090572357178;1705,941162109375;1609,4539794921875;1716;
365,958;2,113114595413208;1717,5172119140625;1799,7935791015625;1716;
365,959;2,138136625289917;1712,6239013671875;1605,1563720703125;1716;
365,96;2,148207187652588;1716,2911376953125;1651,4588623046875;1716;
365,961;2,9049103260040283;1728,9404296875;1802,4918212890625;1716;
365,962;2,0991806983947754;1684,13525390625;1605,1563720703125;1716;
365,963;2,1083319187164307;1708,97216796875;1747,473876953125;1716;
365,964;2,1502721309661865;1725,218994140625;1710,1878662109375;1716;
365,965;2,1531083583831787;1720,589599609375;1770,63623046875;1716;
365,966;2,7836623191833496;1731,118896484375;1722,4384765625;1716;
365,967;2,110619306564331;1702,0166015625;1571,5843505859375;1716;
365,968;2,1190736293792725;1721,513427734375;1690,9451904296875;1716;
365,969;2,139312982559204;1714,4556884765625;1683,8404541015625;1716;
365,97;2,1531083583831787;1721,8216552734375;1786,4219970703125;1716;
365,971;2,7824857234954834;1731,7421875;1881,4742431640625;1716;
365,972;2,111795663833618;1702,619140625;1635,730712890625;1716;
365,973;2,1190736293792725;1721,8216552734375;1816,1058349609375;1716;
365,974;2,202451705932617;1715,067138671875;1611,611328125;1716;
365,975;2,136051893234253;1703,22216796875;1702,9207763671875;1716;
365,976;2,190967559814453;1739,572509765625;1832,716552734375;1716;
365,977;2,086684226989746;1689,163330078125;1615,943603515625;1716;
365,978;2,1202499866485596;1725,5284423828125;1722,4384765625;1716;
365,979;2,2063841819763184;1716,2911376953125;1698,1102294921875;1716;
365,98;2,1531083583831787;1720,8974609375;1683,8404541015625;1716;
365,981;2,8551766872406006;1713,539306640625;1679,136962890625;1716;
365,982;2,109971761703491;1709,8837890625;1674,459716796875;1716;
365,983;2,113114595413208;1717,21044921875;1760,2666015625;1716;
365,984;2,20127534866333;1712,319091796875;1717,517333984375;1716;
365,985;2,1348752975463867;1703,22216796875;1624,678466796875;1716;
365,986;2,8196237087249756;1722,1300048828125;1786,4219970703125;1716;
365,987;2,099210500717163;1697,5107421875;1600,881591796875;1716;
365,988;2,1071555614471436;1709,2760009765625;1752,568603515625;1716;
365,989;2,156154155731201;1725,838134765625;1712,6240234375;1716;
365,99;2,154284954071045;1722,1300048828125;1770,63623046875;1716;
365,991;2,7824857234954834;1732,053955078125;1722,4384765625;1716;
365,992;2,110619306564331;1702,31787109375;1571,5843505859375;1716;
365,993;2,1202499866485596;1721,513427734375;1690,9451904296875;1716;
365,994;2,138136625289917;1714,4556884765625;1683,8404541015625;1716;
365,995;2,1531083583831787;1721,8216552734375;1786,4219970703125;1716;
365,996;2,8040003776550293;1714,4556884765625;1729,8734130859375;1716;
365,997;2,1046056747436523;1694,2216796875;1575,7039794921875;1716;
365,998;2,1190736293792725;1721,8216552734375;1707,7586669921875;1716;
365,999;2,1575164794921875;1732,365966796875;1835,5145263671875;1716;
366;2,1531083583831787;1726,457763671875;1752,568603515625;1716;
366,001;2,8112237453460693;1716,597412109375;1712,6240234375;1716;
366,002;2,1210060119628906;1693,923095703125;1683,8404541015625;1716;
366,003;2,113114595413208;1717,21044921875;1818,8533935546875;1716;
366,004;2,2512753009796143;1712,319091796875;1613,774658203125;1716;
366,005;2,14212965965271;1711,70947265625;1705,3363037109375;1716;
366,006;2,8054425716400146;1726,457763671875;1690,9451904296875;1716;
366,007;2,1078224182128906;1712,319091796875;1707,7586669921875;1716;
366,008;2,1202499866485596;1726,7677001953125;1832,716552734375;1716;
366,009;2,2063841819763184;1717,5172119140625;1750,017578125;1716;
366,01;2,140953302383423;1711,70947265625;1672,130859375;1716;
366,011;2,7754201889038086;1726,7677001953125;1674,459716796875;1716;
366,012;2,12583327293396;1712,6239013671875;1715,067138671875;1716;
366,013;2,1190736293792725;1726,7677001953125;1838,3212890625;1716;
366,014;2,145380735397339;1717,21044921875;1752,568603515625;1716;
366,015;2,1348752975463867;1703,82568359375;1739,8873291015625;1716;
366,016;2,7742438316345215;1722,746826171875;1707,7586669921875;1716;
366,017;2,108999013900757;1697,810546875;1565,4454345703125;1716;
366,018;2,1309916973114014;1734,240234375;1838,3212890625;1716;
366,019;2,1502721309661865;1720,589599609375;1752,568603515625;1716;
366,02;2,154284954071045;1721,513427734375;1752,568603515625;1716;
366,021;2,7824857234954834;1731,430419921875;1712,6240234375;1716;
366,022;2,110619306564331;1702,0166015625;1567,486328125;1716;
366,023;2,1321682929992676;1736,7454833984375;1838,3212890625;1716;
366,024;2,1502721309661865;1722,1300048828125;1752,568603515625;1716;
366,025;2,1531083583831787;1722,1300048828125;1750,017578125;1716;
366,026;2,1859776973724365;1732,053955078125;1712,6240234375;1716;
366,027;2,110619306564331;1702,31787109375;1690,9451904296875;1716;
366,028;2,125032663345337;1732,365966796875;1799,7935791015625;1716;
366,029;2,1271774768829346;1702,920654296875;1605,1563720703125;1716;
366,03;2,1531083583831787;1722,1300048828125;1832,716552734375;1716;
366,031;2,7887415885925293;1714,4556884765625;1750,017578125;1716;
366,032;2,1029953956604004;1693,6248779296875;1584,0079345703125;1716;
366,033;2,1190736293792725;1725,838134765625;1705,3363037109375;1716;
366,034;2,1442043781280518;1716,904052734375;1567,486328125;1716;
366,035;2,14212965965271;1713,2340087890625;1717,517333984375;1716;
366,036;2,7742438316345215;1727,387939453125;1841,1363525390625;1716;
366,037;2,110619306564331;1700,21142578125;1752,568603515625;1716;
366,038;2,1202499866485596;1725,5284423828125;1791,7467041015625;1716;
366,039;2,1442043781280518;1716,597412109375;1603,01611328125;1716;
366,04;2,147030830383301;1715,372802734375;1781,1290283203125;1716;
366,041;2,7836623191833496;1728,629638671875;1727,3880615234375;1716;
366,042;2,110619306564331;1700,812744140625;1698,1102294921875;1716;
366,043;2,1190736293792725;1726,457763671875;1821,609130859375;1716;
366,044;2,145380735397339;1716,904052734375;1744,9376220703125;1716;
366,045;2,140953302383423;1709,2760009765625;1674,459716796875;1716;
366,046;2,7742438316345215;1725,5284423828125;1674,459716796875;1716;
366,047;2,111795663833618;1699,310302734375;1551,305908203125;1716;
366,048;2,113114595413208;1718,130859375;1838,3212890625;1716;
366,049;2,138136625289917;1712,928955078125;1752,568603515625;1716;
366,05;2,148207187652588;1719,666748046875;1750,017578125;1716;
366,051;2,7824857234954834;1730,495849609375;1712,6240234375;1716;
366,052;2,110619306564331;1701,41455078125;1567,486328125;1716;
366,053;2,897576332092285;1736,431884765625;1838,3212890625;1716;
366,054;2,1502721309661865;1722,1300048828125;1752,568603515625;1716;
366,055;2,1531083583831787;1722,1300048828125;1750,017578125;1716;
366,056;2,7836623191833496;1732,053955078125;1712,6240234375;1716;
366,057;2,1078224182128906;1697,810546875;1715,067138671875;1716;
