time;USER_CPU_Load;USER_SPEED_MEAS;USER_SPEED_REF;
1246,346;37,72117614746094;186,37521362304688;186;
1246,347;37,77411651611328;186,37521362304688;186;
1246,35;38,21529006958008;188,33705139160156;186;
1246,351;38,21529006958008;190,29888916015625;186;
1246,352;38,21529006958008;188,33705139160156;186;
1246,354;37,95058822631836;188,33705139160156;186;
1246,356;37,95058822631836;186,37521362304688;186;
1246,357;37,95058822631836;188,33705139160156;186;
1246,358;37,96823501586914;188,33705139160156;186;
1246,359;38,07411575317383;188,33705139160156;186;
1246,36;37,96823501586914;188,33705139160156;186;
1246,361;37,87999725341797;190,29888916015625;186;
1246,362;37,87999725341797;192,2607421875;186;
1246,364;37,87999725341797;190,29888916015625;186;
1246,365;37,33293914794922;190,29888916015625;186;
1246,367;37,438819885253906;188,33705139160156;186;
1246,369;37,77411651611328;188,33705139160156;186;
1246,371;37,77411651611328;186,37521362304688;186;
1246,372;37,77411651611328;188,33705139160156;186;
1246,373;38,21529006958008;188,33705139160156;186;
1246,374;38,27705764770508;190,29888916015625;186;
1246,375;38,21529006958008;190,29888916015625;186;
1246,377;37,95058822631836;190,29888916015625;186;
1246,378;37,95058822631836;188,33705139160156;186;
1246,38;37,96823501586914;188,33705139160156;186;
1246,382;36,74235153198242;186,37521362304688;186;
1246,383;38,03117752075195;184,41336059570312;186;
1246,384;37,94234848022461;186,37521362304688;186;
1246,385;38,05529022216797;186,37521362304688;186;
1246,386;37,95058822631836;186,37521362304688;186;
1246,387;37,96117401123047;186,37521362304688;186;
1246,388;37,41411590576172;188,33705139160156;186;
1246,389;37,417057037353516;188,33705139160156;186;
1246,39;37,523529052734375;188,33705139160156;186;
1246,391;37,417057037353516;188,33705139160156;186;
1246,392;37,86411666870117;188,33705139160156;186;
1246,393;37,85823440551758;188,33705139160156;186;
1246,394;37,96999740600586;186,37521362304688;186;
1246,395;37,85823440551758;188,33705139160156;186;
1246,396;38,29587936401367;188,33705139160156;186;
1246,397;38,29470443725586;188,33705139160156;186;
1246,398;38,28764724731445;190,29888916015625;186;
1246,399;38,12470245361328;190,29888916015625;186;
1246,4;38,017059326171875;192,2607421875;186;
1246,401;38,0158805847168;190,29888916015625;186;
1246,402;38,01411819458008;190,29888916015625;186;
1246,403;38,031761169433594;190,29888916015625;186;
1246,404;38,0323486328125;192,2607421875;186;
1246,405;38,0323486328125;190,29888916015625;186;
1246,406;38,023529052734375;190,29888916015625;186;
1246,407;38,026466369628906;190,29888916015625;186;
1246,408;38,13175964355469;190,29888916015625;186;
1246,409;38,0288200378418;188,33705139160156;186;
1246,41;38,03823471069336;188,33705139160156;186;
1246,411;37,495880126953125;188,33705139160156;186;
1246,412;37,604705810546875;188,33705139160156;186;
1246,413;37,49646759033203;186,37521362304688;186;
1246,414;37,925880432128906;188,33705139160156;186;
1246,415;37,923526763916016;188,33705139160156;186;
1246,416;37,925880432128906;188,33705139160156;186;
1246,417;37,9282341003418;186,37521362304688;186;
1246,418;38,37117385864258;186,37521362304688;186;
1246,419;38,37234878540039;188,33705139160156;186;
1246,42;38,37705612182617;186,37521362304688;186;
1246,421;38,478824615478516;186,37521362304688;186;
1246,422;38,10823440551758;186,37521362304688;186;
1246,423;38,09882354736328;186,37521362304688;186;
1246,424;38,10353088378906;186,37521362304688;186;
1246,425;38,11823272705078;186,37521362304688;186;
1246,426;38,13470458984375;186,37521362304688;186;
1246,427;38,158233642578125;188,33705139160156;186;
1246,428;38,162940979003906;188,33705139160156;186;
1246,429;38,16176223754883;192,2607421875;186;
1246,43;38,1817626953125;192,2607421875;186;
1246,431;38,07646942138672;192,2607421875;186;
1246,432;38,08176040649414;190,29888916015625;186;
1246,433;37,5223503112793;190,29888916015625;186;
1246,434;37,5194091796875;190,29888916015625;186;
1246,435;37,51764678955078;188,33705139160156;186;
1246,436;37,61823654174805;188,33705139160156;186;
1246,437;37,94940948486328;188,33705139160156;186;
1246,438;37,94117736816406;188,33705139160156;186;
1246,439;37,942352294921875;188,33705139160156;186;
1246,44;37,93705749511719;188,33705139160156;186;
1246,441;38,37058639526367;188,33705139160156;186;
1246,442;38,36823272705078;190,29888916015625;186;
1246,443;38,36705780029297;190,29888916015625;186;
1246,444;38,369407653808594;190,29888916015625;186;
1246,445;38,100589752197266;190,29888916015625;186;
1246,446;38,107059478759766;188,33705139160156;186;
1246,447;38,20470428466797;186,37521362304688;186;
1246,448;38,12294006347656;188,33705139160156;186;
1246,449;38,12352752685547;188,33705139160156;186;
1246,45;38,126468658447266;188,33705139160156;186;
1246,451;38,119998931884766;186,37521362304688;186;
1246,452;38,141761779785156;186,37521362304688;186;
1246,453;38,03352737426758;188,33705139160156;186;
1246,454;38,036468505859375;186,37521362304688;186;
1246,455;38,0323486328125;188,33705139160156;186;
1246,456;37,5941162109375;188,33705139160156;186;
1246,457;37,48823547363281;190,29888916015625;186;
1246,458;37,485294342041016;188,33705139160156;186;
1246,459;37,487056732177734;190,29888916015625;186;
1246,46;37,93058776855469;190,29888916015625;186;
1246,461;37,9288215637207;190,29888916015625;186;
1246,462;38,03705596923828;186,37521362304688;186;
1246,463;37,927059173583984;186,37521362304688;186;
1246,464;38,36647033691406;188,33705139160156;186;
1246,465;38,474117279052734;188,33705139160156;186;
1246,466;38,478824615478516;190,29888916015625;186;
1246,467;38,10588073730469;190,29888916015625;186;
1246,468;38,10411834716797;192,2607421875;186;
1246,469;38,104705810546875;190,29888916015625;186;
1246,47;38,10411834716797;190,29888916015625;186;
1246,471;38,12411880493164;190,29888916015625;186;
1246,472;38,12352752685547;190,29888916015625;186;
1246,473;38,12705612182617;188,33705139160156;186;
1246,474;38,119998931884766;190,29888916015625;186;
1246,475;38,13823318481445;188,33705139160156;186;
1246,476;38,034706115722656;190,29888916015625;186;
1246,477;38,03352737426758;188,33705139160156;186;
1246,478;38,140586853027344;188,33705139160156;186;
1246,479;37,489410400390625;188,33705139160156;186;
1246,48;37,4905891418457;190,29888916015625;186;
1246,481;37,48588180541992;190,29888916015625;186;
1246,482;37,92764663696289;190,29888916015625;186;
1246,483;37,92646789550781;190,29888916015625;186;
1246,484;37,86587905883789;188,33705139160156;186;
1246,485;37,93000030517578;188,33705139160156;186;
1246,486;38,369998931884766;188,33705139160156;186;
1246,487;38,37058639526367;190,29888916015625;186;
1246,488;38,474117279052734;188,33705139160156;186;
1246,489;38,36823272705078;188,33705139160156;186;
1246,49;38,107059478759766;188,33705139160156;186;
1246,491;38,10411834716797;188,33705139160156;186;
1246,492;38,20587921142578;188,33705139160156;186;
1246,493;38,13176345825195;188,33705139160156;186;
1246,494;38,05588150024414;190,29888916015625;186;
1246,495;38,05705642700195;190,29888916015625;186;
1246,498;37,96881866455078;190,29888916015625;186;
1246,499;37,970584869384766;190,29888916015625;186;
1246,5;37,96823501586914;188,33705139160156;186;
1246,501;37,423526763916016;188,33705139160156;186;
1246,502;37,424705505371094;190,29888916015625;186;
1246,503;37,42293930053711;188,33705139160156;186;
1246,505;37,86411666870117;188,33705139160156;186;
1246,506;37,862937927246094;190,29888916015625;186;
1246,507;37,862937927246094;188,33705139160156;186;
1246,508;37,862937927246094;190,29888916015625;186;
1246,509;38,305877685546875;190,29888916015625;186;
1246,51;38,305877685546875;192,2607421875;186;
1246,511;38,305877685546875;190,29888916015625;186;
1246,512;38,305877685546875;192,2607421875;186;
1246,513;38,04058837890625;192,2607421875;186;
1246,514;38,04058837890625;190,29888916015625;186;
1246,515;38,04058837890625;186,37521362304688;186;
1246,516;38,05823516845703;188,33705139160156;186;
1246,517;38,05881881713867;188,33705139160156;186;
1246,52;37,970584869384766;188,33705139160156;186;
1246,521;37,96940994262695;190,29888916015625;186;
1246,524;37,42293930053711;190,29888916015625;186;
1246,526;37,42293930053711;188,33705139160156;186;
1246,528;37,862937927246094;188,33705139160156;186;
1246,53;37,862937927246094;186,37521362304688;186;
1246,531;37,862937927246094;188,33705139160156;186;
1246,532;38,32352828979492;190,29888916015625;186;
1246,533;38,305877685546875;190,29888916015625;186;
1246,535;38,041175842285156;190,29888916015625;186;
1246,536;38,04058837890625;190,29888916015625;186;
1246,539;38,05881881713867;188,33705139160156;186;
1246,54;38,05881881713867;190,29888916015625;186;
1246,541;38,05881881713867;188,33705139160156;186;
1246,543;37,96940994262695;188,33705139160156;186;
1246,544;37,96940994262695;190,29888916015625;186;
1246,547;37,42293930053711;190,29888916015625;186;
1246,55;37,86411666870117;192,2607421875;186;
1246,551;37,862937927246094;192,2607421875;186;
1246,552;37,862937927246094;190,29888916015625;186;
1246,554;38,304115295410156;188,33705139160156;186;
1246,555;38,305877685546875;190,29888916015625;186;
1246,556;38,305877685546875;188,33705139160156;186;
1246,558;38,04058837890625;190,29888916015625;186;
1246,56;38,04058837890625;188,33705139160156;186;
1246,561;38,04058837890625;190,29888916015625;186;
1246,562;38,05881881713867;190,29888916015625;186;
1246,563;38,05881881713867;192,2607421875;186;
1246,564;38,07646560668945;192,2607421875;186;
1246,565;37,970584869384766;192,2607421875;186;
1246,566;37,96940994262695;192,2607421875;186;
1246,567;37,96940994262695;190,29888916015625;186;
1246,568;37,987060546875;188,33705139160156;186;
1246,569;37,4223518371582;188,33705139160156;186;
1246,57;37,42293930053711;188,33705139160156;186;
1246,571;37,42293930053711;186,37521362304688;186;
1246,572;37,42293930053711;188,33705139160156;186;
1246,573;37,880584716796875;188,33705139160156;186;
1246,574;37,862937927246094;190,29888916015625;186;
1246,575;37,862937927246094;188,33705139160156;186;
1246,576;37,880584716796875;190,29888916015625;186;
1246,577;38,32352828979492;190,29888916015625;186;
1246,578;38,30529022216797;190,29888916015625;186;
1246,579;38,305877685546875;190,29888916015625;186;
1246,58;38,041175842285156;190,29888916015625;186;
1246,581;38,04058837890625;188,33705139160156;186;
1246,582;38,05823516845703;188,33705139160156;186;
1246,583;38,04058837890625;188,33705139160156;186;
1246,584;38,05823516845703;188,33705139160156;186;
1246,585;38,05881881713867;190,29888916015625;186;
1246,588;37,96940994262695;190,29888916015625;186;
1246,592;37,42293930053711;190,29888916015625;186;
1246,594;37,423526763916016;188,33705139160156;186;
1246,595;37,42293930053711;188,33705139160156;186;
1246,596;37,862937927246094;188,33705139160156;186;
1246,599;38,304115295410156;188,33705139160156;186;
1246,6;38,305877685546875;192,2607421875;186;
1246,601;38,305877685546875;190,29888916015625;186;
1246,603;38,04058837890625;190,29888916015625;186;
1246,604;38,04058837890625;192,2607421875;186;
1246,605;38,04058837890625;190,29888916015625;186;
1246,606;38,04058837890625;192,2607421875;186;
1246,607;38,05881881713867;190,29888916015625;186;
1246,608;38,05881881713867;188,33705139160156;186;
1246,611;37,971763610839844;188,33705139160156;186;
1246,612;37,96881866455078;190,29888916015625;186;
1246,613;37,971763610839844;190,29888916015625;186;
1246,614;37,44058609008789;190,29888916015625;186;
1246,615;37,4217643737793;190,29888916015625;186;
1246,616;37,4223518371582;190,29888916015625;186;
1246,617;37,42293930053711;188,33705139160156;186;
1246,618;37,86470413208008;188,33705139160156;186;
1246,619;37,86411666870117;188,33705139160156;186;
1246,62;37,86470413208008;188,33705139160156;186;
1246,621;37,86587905883789;188,33705139160156;186;
1246,622;38,304115295410156;188,33705139160156;186;
1246,623;38,30705642700195;190,29888916015625;186;
1246,624;38,304115295410156;190,29888916015625;186;
1246,625;38,30529022216797;190,29888916015625;186;
1246,626;37,953529357910156;190,29888916015625;186;
1246,627;37,953529357910156;192,2607421875;186;
1246,628;37,95058822631836;192,2607421875;186;
1246,629;37,96823501586914;192,2607421875;186;
1246,631;37,96823501586914;190,29888916015625;186;
1246,633;37,87999725341797;190,29888916015625;186;
1246,635;37,87999725341797;186,37521362304688;186;
1246,636;37,827056884765625;188,33705139160156;186;
1246,637;37,33293914794922;188,33705139160156;186;
1246,641;37,77411651611328;188,33705139160156;186;
1246,642;37,77411651611328;190,29888916015625;186;
1246,643;37,77411651611328;188,33705139160156;186;
1246,644;38,21529006958008;188,33705139160156;186;
1246,645;38,21529006958008;190,29888916015625;186;
1246,648;37,95058822631836;188,33705139160156;186;
1246,649;37,95058822631836;190,29888916015625;186;
1246,65;37,95058822631836;188,33705139160156;186;
1246,652;37,96823501586914;190,29888916015625;186;
1246,656;37,87999725341797;190,29888916015625;186;
1246,659;37,438819885253906;192,2607421875;186;
1246,66;37,33293914794922;188,33705139160156;186;
1246,663;37,77411651611328;188,33705139160156;186;
1246,666;37,837059020996094;190,29888916015625;186;
1246,667;38,28058624267578;190,29888916015625;186;
1246,668;38,30470275878906;192,2607421875;186;
1246,669;38,288230895996094;190,29888916015625;186;
1246,67;38,28470230102539;192,2607421875;186;
1246,671;38,031761169433594;192,2607421875;186;
1246,672;38,034706115722656;190,29888916015625;186;
1246,673;38,141761779785156;186,37521362304688;186;
1246,674;38,031761169433594;188,33705139160156;186;
1246,675;38,05529022216797;188,33705139160156;186;
1246,676;38,05234909057617;188,33705139160156;186;
1246,677;38,05529022216797;188,33705139160156;186;
1246,678;37,965877532958984;188,33705139160156;186;
1246,679;37,96352767944336;190,29888916015625;186;
1246,68;37,957645416259766;190,29888916015625;186;
1246,681;37,955291748046875;190,29888916015625;186;
1246,682;37,40529251098633;190,29888916015625;186;
1246,683;37,39352798461914;190,29888916015625;186;
1246,684;37,39646911621094;188,33705139160156;186;
1246,685;37,399410247802734;188,33705139160156;186;
1246,686;37,837646484375;188,33705139160156;186;
1246,687;37,8411750793457;188,33705139160156;186;
1246,688;37,838233947753906;188,33705139160156;186;
1246,689;37,835880279541016;188,33705139160156;186;
1246,69;38,36587905883789;190,29888916015625;186;
1246,691;38,36470413208008;190,29888916015625;186;
1246,692;38,36647033691406;190,29888916015625;186;
1246,693;38,102352142333984;190,29888916015625;186;
1246,694;38,11000061035156;190,29888916015625;186;
1246,695;38,11411666870117;190,29888916015625;186;
1246,696;38,119998931884766;188,33705139160156;186;
1246,698;38,11941146850586;190,29888916015625;186;
1246,699;38,12294006347656;188,33705139160156;186;
1246,7;38,11941146850586;188,33705139160156;186;
1246,701;38,041175842285156;188,33705139160156;186;
1246,702;38,041175842285156;190,29888916015625;186;
1246,703;38,03999710083008;188,33705139160156;186;
1246,704;38,04882049560547;190,29888916015625;186;
1246,705;37,4935302734375;190,29888916015625;186;
1246,706;37,49529266357422;190,29888916015625;186;
1246,707;37,48882293701172;190,29888916015625;186;
1246,708;37,923526763916016;190,29888916015625;186;
1246,709;37,945289611816406;192,2607421875;186;
1246,71;37,95882034301758;190,29888916015625;186;
1246,711;37,966468811035156;188,33705139160156;186;
1246,712;38,410587310791016;188,33705139160156;186;
1246,713;38,40705871582031;188,33705139160156;186;
1246,714;38,408233642578125;188,33705139160156;186;
1246,715;38,40882110595703;188,33705139160156;186;
1246,716;38,14588165283203;190,29888916015625;186;
1246,717;38,13999938964844;190,29888916015625;186;
1246,718;38,13705825805664;188,33705139160156;186;
1246,719;38,12823486328125;190,29888916015625;186;
1246,72;38,14470291137695;190,29888916015625;186;
1246,721;38,140586853027344;190,29888916015625;186;
1246,722;38,13705825805664;192,2607421875;186;
1246,723;38,13058853149414;192,2607421875;186;
1246,724;38,03940963745117;192,2607421875;186;
1246,725;38,031761169433594;190,29888916015625;186;
1246,726;38,03117752075195;188,33705139160156;186;
1246,727;37,48823547363281;188,33705139160156;186;
1246,728;37,48176574707031;188,33705139160156;186;
1246,729;37,48882293701172;188,33705139160156;186;
1246,73;37,485294342041016;188,33705139160156;186;
1246,731;37,93293762207031;188,33705139160156;186;
1246,732;37,924705505371094;190,29888916015625;186;
1246,733;37,9288215637207;188,33705139160156;186;
1246,734;37,927059173583984;190,29888916015625;186;
1246,735;38,37058639526367;190,29888916015625;186;
1246,736;38,36823272705078;190,29888916015625;186;
1246,737;38,37234878540039;190,29888916015625;186;
1246,738;38,37058639526367;190,29888916015625;186;
1246,739;38,107059478759766;188,33705139160156;186;
1246,74;38,09882354736328;188,33705139160156;186;
1246,741;38,10411834716797;188,33705139160156;186;
1246,742;38,121177673339844;188,33705139160156;186;
1246,743;38,12470245361328;188,33705139160156;186;
1246,744;38,11882019042969;190,29888916015625;186;
1246,745;38,12234878540039;190,29888916015625;186;
1246,746;38,0288200378418;190,29888916015625;186;
1246,747;38,0323486328125;192,2607421875;186;
1246,748;38,13764572143555;190,29888916015625;186;
1246,749;38,034706115722656;190,29888916015625;186;
1246,75;37,494117736816406;190,29888916015625;186;
1246,751;37,485294342041016;190,29888916015625;186;
1246,752;37,48646926879883;188,33705139160156;186;
1246,753;37,48823547363281;188,33705139160156;186;
1246,754;37,93000030517578;188,33705139160156;186;
1246,755;37,9288215637207;188,33705139160156;186;
1246,756;37,92646789550781;188,33705139160156;186;
1246,757;38,367645263671875;190,29888916015625;186;
1246,758;38,36823272705078;190,29888916015625;186;
1246,759;38,369998931884766;192,2607421875;186;
1246,76;38,37058639526367;194,2225799560547;186;
1246,761;38,10588073730469;194,2225799560547;186;
1246,762;38,21588134765625;192,2607421875;186;
1246,763;38,102352142333984;190,29888916015625;186;
1246,764;38,10353088378906;190,29888916015625;186;
1246,765;38,12234878540039;190,29888916015625;186;
1246,766;38,22646713256836;190,29888916015625;186;
1246,767;38,12470245361328;188,33705139160156;186;
1246,768;38,12234878540039;188,33705139160156;186;
1246,769;38,03823471069336;188,33705139160156;186;
1246,77;38,03352737426758;188,33705139160156;186;
1246,771;38,0323486328125;188,33705139160156;186;
1246,772;37,487056732177734;190,29888916015625;186;
1246,773;37,4841194152832;190,29888916015625;186;
1246,774;37,48588180541992;190,29888916015625;186;
1246,775;37,48352813720703;188,33705139160156;186;
1246,776;39,13588333129883;188,33705139160156;186;
1246,777;37,865291595458984;188,33705139160156;186;
1246,778;37,86235046386719;188,33705139160156;186;
1246,779;37,862937927246094;188,33705139160156;186;
1246,78;38,30352783203125;188,33705139160156;186;
1246,781;38,30352783203125;190,29888916015625;186;
1246,783;38,304115295410156;190,29888916015625;186;
1246,784;38,127647399902344;190,29888916015625;186;
1246,785;38,04058837890625;192,2607421875;186;
1246,786;38,04058837890625;190,29888916015625;186;
1246,788;38,057647705078125;192,2607421875;186;
1246,79;38,057647705078125;190,29888916015625;186;
1246,791;37,96940994262695;190,29888916015625;186;
1246,792;37,971763610839844;190,29888916015625;186;
1246,794;37,971763610839844;188,33705139160156;186;
1246,795;37,424705505371094;188,33705139160156;186;
1246,796;37,42293930053711;190,29888916015625;186;
1246,797;37,44058609008789;188,33705139160156;186;
1246,798;37,42293930053711;188,33705139160156;186;
1246,799;37,86411666870117;190,29888916015625;186;
1246,801;37,86411666870117;188,33705139160156;186;
1246,802;37,86411666870117;190,29888916015625;186;
1246,803;38,30470275878906;190,29888916015625;186;
1246,805;38,30470275878906;188,33705139160156;186;
1246,806;38,040000915527344;188,33705139160156;186;
1246,807;38,04058837890625;188,33705139160156;186;
1246,81;38,05823516845703;188,33705139160156;186;
1246,811;38,057647705078125;190,29888916015625;186;
1246,813;38,057647705078125;192,2607421875;186;
1246,814;37,971763610839844;192,2607421875;186;
1246,816;37,971763610839844;190,29888916015625;186;
1246,817;37,971763610839844;192,2607421875;186;
1246,818;37,42293930053711;190,29888916015625;186;
1246,821;37,86411666870117;186,37521362304688;186;
1246,822;37,86411666870117;188,33705139160156;186;
1246,824;37,88176345825195;188,33705139160156;186;
1246,825;38,30529022216797;188,33705139160156;186;
1246,826;38,30470275878906;190,29888916015625;186;
1246,829;38,04058837890625;190,29888916015625;186;
1246,83;38,04058837890625;188,33705139160156;186;
1246,833;38,057647705078125;188,33705139160156;186;
1246,836;37,96940994262695;190,29888916015625;186;
1246,837;37,971763610839844;190,29888916015625;186;
1246,84;37,424705505371094;190,29888916015625;186;
1246,841;37,42293930053711;192,2607421875;186;
1246,843;37,42293930053711;190,29888916015625;186;
1246,844;37,86411666870117;190,29888916015625;186;
1246,845;37,86411666870117;188,33705139160156;186;
1246,846;37,86411666870117;186,37521362304688;186;
1246,847;37,86411666870117;188,33705139160156;186;
1246,848;38,30470275878906;188,33705139160156;186;
1246,849;38,30470275878906;190,29888916015625;186;
1246,852;38,04058837890625;192,2607421875;186;
1246,854;38,04058837890625;190,29888916015625;186;
1246,855;38,05823516845703;190,29888916015625;186;
1246,856;38,057647705078125;190,29888916015625;186;
1246,858;38,057647705078125;188,33705139160156;186;
1246,859;37,971763610839844;188,33705139160156;186;
1246,861;37,989410400390625;188,33705139160156;186;
1246,862;37,971763610839844;188,33705139160156;186;
1246,863;37,42293930053711;190,29888916015625;186;
1246,867;37,86411666870117;190,29888916015625;186;
1246,869;37,86411666870117;188,33705139160156;186;
1246,87;38,322940826416016;188,33705139160156;186;
1246,871;38,30470275878906;190,29888916015625;186;
1246,874;38,040000915527344;190,29888916015625;186;
1246,875;38,04058837890625;192,2607421875;186;
1246,878;38,057647705078125;192,2607421875;186;
1246,88;38,057647705078125;190,29888916015625;186;
1246,882;37,971763610839844;190,29888916015625;186;
1246,884;37,971763610839844;188,33705139160156;186;
1246,885;37,424705505371094;186,37521362304688;186;
1246,886;37,42293930053711;188,33705139160156;186;
1246,889;37,86411666870117;188,33705139160156;186;
1246,89;37,86411666870117;190,29888916015625;186;
1246,891;37,86470413208008;188,33705139160156;186;
1246,892;37,86411666870117;190,29888916015625;186;
1246,893;38,30470275878906;190,29888916015625;186;
1246,895;38,30529022216797;190,29888916015625;186;
1246,896;38,305877685546875;190,29888916015625;186;
1246,897;38,04058837890625;188,33705139160156;186;
1246,898;38,041175842285156;188,33705139160156;186;
1246,899;38,03940963745117;188,33705139160156;186;
1246,9;38,05823516845703;188,33705139160156;186;
1246,901;38,05823516845703;190,29888916015625;186;
1246,902;38,05881881713867;190,29888916015625;186;
1246,904;37,96999740600586;190,29888916015625;186;
1246,905;37,971763610839844;192,2607421875;186;
1246,906;37,96940994262695;190,29888916015625;186;
1246,907;37,97470474243164;190,29888916015625;186;
1246,908;37,42646789550781;190,29888916015625;186;
1246,909;37,335880279541016;192,2607421875;186;
1246,91;37,335880279541016;190,29888916015625;186;
1246,911;37,33823776245117;188,33705139160156;186;
1246,912;37,77411651611328;188,33705139160156;186;
1246,914;37,88235092163086;188,33705139160156;186;
1246,915;38,21529006958008;188,33705139160156;186;
1246,916;38,21529006958008;190,29888916015625;186;
1246,919;37,95058822631836;190,29888916015625;186;
1246,92;37,95058822631836;192,2607421875;186;
1246,921;37,95058822631836;190,29888916015625;186;
1246,923;38,07411575317383;188,33705139160156;186;
1246,924;37,96823501586914;188,33705139160156;186;
1246,927;37,87999725341797;188,33705139160156;186;
1246,928;37,87999725341797;190,29888916015625;186;
1246,93;37,33293914794922;190,29888916015625;186;
1246,934;37,77411651611328;188,33705139160156;186;
1246,938;38,21529006958008;188,33705139160156;186;
1246,939;38,21529006958008;190,29888916015625;186;
1246,942;37,95058822631836;190,29888916015625;186;
1246,946;37,96823501586914;190,29888916015625;186;
1246,948;37,96823501586914;188,33705139160156;186;
1246,949;36,65411376953125;188,33705139160156;186;
1246,95;37,939998626708984;188,33705139160156;186;
1246,951;38,042938232421875;188,33705139160156;186;
1246,952;37,946468353271484;188,33705139160156;186;
1246,953;37,40353012084961;188,33705139160156;186;
1246,954;37,41117858886719;190,29888916015625;186;
1246,955;37,417057037353516;190,29888916015625;186;
1246,956;37,41999816894531;190,29888916015625;186;
1246,957;37,85529327392578;190,29888916015625;186;
1246,958;37,854705810546875;190,29888916015625;186;
1246,959;37,861175537109375;188,33705139160156;186;
1246,96;37,861175537109375;190,29888916015625;186;
1246,961;38,304115295410156;188,33705139160156;186;
1246,962;38,299407958984375;190,29888916015625;186;
1246,963;38,295291900634766;188,33705139160156;186;
1246,964;38,025882720947266;188,33705139160156;186;
1246,965;38,02411651611328;188,33705139160156;186;
1246,966;38,01823425292969;188,33705139160156;186;
1246,967;38,01411819458008;188,33705139160156;186;
1246,968;38,03352737426758;188,33705139160156;186;
1246,969;38,031761169433594;190,29888916015625;186;
1246,97;38,13999938964844;190,29888916015625;186;
1246,971;38,13823318481445;190,29888916015625;186;
1246,972;37,9417610168457;190,29888916015625;186;
1246,973;38,0294075012207;190,29888916015625;186;
1246,974;38,023529052734375;188,33705139160156;186;
1246,975;38,029998779296875;190,29888916015625;186;
1246,976;37,482940673828125;188,33705139160156;186;
1246,977;37,4970588684082;188,33705139160156;186;
1246,978;37,48999786376953;188,33705139160156;186;
1246,979;37,5;188,33705139160156;186;
1246,98;37,925880432128906;188,33705139160156;186;
1246,982;37,92646789550781;190,29888916015625;186;
1246,983;38,36823272705078;190,29888916015625;186;
1246,984;38,371761322021484;190,29888916015625;186;
1246,985;38,37294006347656;190,29888916015625;186;
1246,986;38,37705612182617;192,2607421875;186;
1246,987;38,115291595458984;192,2607421875;186;
1246,988;38,11235046386719;192,2607421875;186;
1246,989;38,108821868896484;190,29888916015625;186;
1246,99;38,095882415771484;188,33705139160156;186;
1246,991;38,12058639526367;188,33705139160156;186;
1246,992;38,13705825805664;188,33705139160156;186;
1246,993;38,14529037475586;188,33705139160156;186;
1246,994;38,15999984741211;188,33705139160156;186;
1246,995;38,07529067993164;190,29888916015625;186;
1246,996;38,06764602661133;190,29888916015625;186;
1246,997;38,07176208496094;188,33705139160156;186;
1246,998;37,52764892578125;190,29888916015625;186;
1246,999;37,529998779296875;190,29888916015625;186;
1247;37,52058792114258;188,33705139160156;186;
1247,002;37,955291748046875;188,33705139160156;186;
1247,003;37,951175689697266;188,33705139160156;186;
1247,004;37,942352294921875;184,41336059570312;186;
1247,005;37,939998626708984;186,37521362304688;186;
1247,006;38,37234878540039;186,37521362304688;186;
1247,007;38,37117385864258;188,33705139160156;186;
1247,008;38,36647033691406;188,33705139160156;186;
1247,009;38,47352981567383;190,29888916015625;186;
1247,01;38,10293960571289;192,2607421875;186;
1247,011;38,10588073730469;190,29888916015625;186;
1247,012;38,099998474121094;190,29888916015625;186;
1247,013;38,12234878540039;190,29888916015625;186;
1247,014;38,12058639526367;190,29888916015625;186;
1247,015;38,12470245361328;190,29888916015625;186;
1247,016;38,12058639526367;188,33705139160156;186;
1247,017;38,034706115722656;188,33705139160156;186;
1247,018;38,03293991088867;190,29888916015625;186;
1247,019;38,038818359375;190,29888916015625;186;
1247,02;38,02823257446289;190,29888916015625;186;
1247,021;37,48999786376953;190,29888916015625;186;
1247,022;37,48588180541992;190,29888916015625;186;
1247,023;37,48646926879883;190,29888916015625;186;
1247,025;37,93058776855469;190,29888916015625;186;
1247,026;37,923526763916016;190,29888916015625;186;
1247,027;37,932350158691406;188,33705139160156;186;
1247,028;37,924705505371094;188,33705139160156;186;
1247,029;38,37234878540039;188,33705139160156;186;
1247,03;38,367645263671875;188,33705139160156;186;
1247,031;38,37294006347656;188,33705139160156;186;
1247,032;38,102352142333984;190,29888916015625;186;
1247,033;38,10529327392578;190,29888916015625;186;
1247,034;38,21058654785156;190,29888916015625;186;
1247,035;38,10293960571289;190,29888916015625;186;
1247,036;38,12294006347656;190,29888916015625;186;
1247,037;38,121177673339844;190,29888916015625;186;
1247,039;38,12294006347656;190,29888916015625;186;
1247,04;38,0352897644043;190,29888916015625;186;
1247,041;38,038818359375;190,29888916015625;186;
1247,042;38,03352737426758;188,33705139160156;186;
1247,044;37,48588180541992;188,33705139160156;186;
1247,045;37,48823547363281;188,33705139160156;186;
1247,046;37,48882293701172;188,33705139160156;186;
1247,047;37,9282341003418;188,33705139160156;186;
1247,048;37,9282341003418;190,29888916015625;186;
1247,049;37,927059173583984;190,29888916015625;186;
1247,05;37,92646789550781;190,29888916015625;186;
1247,051;38,369998931884766;188,33705139160156;186;
1247,052;38,36882019042969;190,29888916015625;186;
1247,053;38,37058639526367;190,29888916015625;186;
1247,054;38,369407653808594;188,33705139160156;186;
1247,055;38,108821868896484;188,33705139160156;186;
1247,056;38,10353088378906;188,33705139160156;186;
1247,057;38,11058807373047;188,33705139160156;186;
1247,058;38,102352142333984;188,33705139160156;186;
1247,059;38,108821868896484;188,33705139160156;186;
1247,06;38,05881881713867;190,29888916015625;186;
1247,061;38,05646896362305;190,29888916015625;186;
1247,062;38,05705642700195;190,29888916015625;186;
1247,063;37,96881866455078;190,29888916015625;186;
1247,066;37,4223518371582;188,33705139160156;186;
1247,067;37,42117691040039;188,33705139160156;186;
1247,068;37,4223518371582;188,33705139160156;186;
1247,07;37,86411666870117;188,33705139160156;186;
1247,071;37,862937927246094;188,33705139160156;186;
1247,073;37,862937927246094;186,37521362304688;186;
1247,074;38,305877685546875;186,37521362304688;186;
1247,075;38,305877685546875;190,29888916015625;186;
1247,077;38,305877685546875;192,2607421875;186;
1247,078;38,04058837890625;190,29888916015625;186;
1247,08;38,04058837890625;188,33705139160156;186;
1247,081;38,05823516845703;188,33705139160156;186;
1247,082;38,05881881713867;190,29888916015625;186;
1247,083;38,05881881713867;188,33705139160156;186;
1247,085;37,970584869384766;190,29888916015625;186;
1247,086;37,96940994262695;190,29888916015625;186;
1247,089;37,4223518371582;190,29888916015625;186;
1247,09;37,42293930053711;190,29888916015625;186;
1247,091;37,42293930053711;192,2607421875;186;
1247,093;37,862937927246094;190,29888916015625;186;
1247,095;37,862937927246094;188,33705139160156;186;
1247,097;38,305877685546875;188,33705139160156;186;
1247,099;38,305877685546875;190,29888916015625;186;
1247,1;38,041175842285156;190,29888916015625;186;
1247,101;38,04058837890625;190,29888916015625;186;
1247,104;38,05881881713867;190,29888916015625;186;
1247,106;38,05881881713867;188,33705139160156;186;
1247,108;37,96940994262695;188,33705139160156;186;
1247,109;37,987060546875;188,33705139160156;186;
1247,11;37,96940994262695;188,33705139160156;186;
1247,111;37,96940994262695;190,29888916015625;186;
1247,112;37,42293930053711;190,29888916015625;186;
1247,115;37,86411666870117;190,29888916015625;186;
1247,116;37,862937927246094;190,29888916015625;186;
1247,117;37,862937927246094;192,2607421875;186;
1247,119;38,304115295410156;192,2607421875;186;
1247,12;38,305877685546875;192,2607421875;186;
1247,121;38,305877685546875;190,29888916015625;186;
1247,123;38,04058837890625;188,33705139160156;186;
1247,125;38,04058837890625;186,37521362304688;186;
1247,126;38,04058837890625;188,33705139160156;186;
1247,127;38,05881881713867;190,29888916015625;186;
1247,13;37,970584869384766;190,29888916015625;186;
1247,131;37,96940994262695;190,29888916015625;186;
1247,133;37,96940994262695;188,33705139160156;186;
1247,134;37,4223518371582;188,33705139160156;186;
1247,135;37,42293930053711;188,33705139160156;186;
1247,138;37,862937927246094;188,33705139160156;186;
1247,139;37,880584716796875;190,29888916015625;186;
1247,14;37,862937927246094;190,29888916015625;186;
1247,142;38,305877685546875;190,29888916015625;186;
1247,143;38,305877685546875;192,2607421875;186;
1247,144;38,305877685546875;190,29888916015625;186;
1247,145;38,041175842285156;190,29888916015625;186;
1247,146;38,04058837890625;192,2607421875;186;
1247,147;38,04058837890625;190,29888916015625;186;
1247,148;38,04058837890625;188,33705139160156;186;
1247,149;38,05823516845703;188,33705139160156;186;
1247,15;38,05881881713867;188,33705139160156;186;
1247,153;37,96940994262695;190,29888916015625;186;
1247,157;37,42293930053711;192,2607421875;186;
1247,159;37,42293930053711;190,29888916015625;186;
1247,16;37,86411666870117;190,29888916015625;186;
1247,161;37,862937927246094;188,33705139160156;186;
1247,163;37,862937927246094;186,37521362304688;186;
1247,164;38,304115295410156;188,33705139160156;186;
1247,165;38,305877685546875;190,29888916015625;186;
1247,168;38,04058837890625;190,29888916015625;186;
1247,172;38,05881881713867;188,33705139160156;186;
1247,173;38,05881881713867;190,29888916015625;186;
1247,174;38,05881881713867;188,33705139160156;186;
1247,176;37,96940994262695;190,29888916015625;186;
1247,177;37,96881866455078;190,29888916015625;186;
1247,178;37,970584869384766;190,29888916015625;186;
1247,179;37,42293930053711;190,29888916015625;186;
1247,18;37,42293930053711;192,2607421875;186;
1247,183;37,86411666870117;192,2607421875;186;
1247,185;37,862937927246094;190,29888916015625;186;
1247,186;37,86470413208008;190,29888916015625;186;
1247,187;38,30529022216797;188,33705139160156;186;
1247,188;38,30470275878906;188,33705139160156;186;
1247,189;38,217647552490234;188,33705139160156;186;
1247,19;38,30529022216797;188,33705139160156;186;
1247,191;38,04058837890625;188,33705139160156;186;
1247,192;38,03411865234375;188,33705139160156;186;
1247,193;37,953529357910156;188,33705139160156;186;
1247,194;37,972938537597656;190,29888916015625;186;
1247,195;37,96823501586914;190,29888916015625;186;
1247,198;37,87999725341797;190,29888916015625;186;
1247,2;37,87999725341797;188,33705139160156;186;
1247,202;37,33293914794922;188,33705139160156;186;
1247,203;37,33293914794922;190,29888916015625;186;
1247,204;37,33293914794922;188,33705139160156;186;
1247,205;37,33529281616211;190,29888916015625;186;
1247,206;37,77411651611328;190,29888916015625;186;
1247,209;38,21529006958008;190,29888916015625;186;
1247,212;38,21529006958008;192,2607421875;186;
1247,213;37,95058822631836;192,2607421875;186;
1247,214;37,95058822631836;190,29888916015625;186;
1247,215;37,95058822631836;188,33705139160156;186;
1247,217;37,96823501586914;188,33705139160156;186;
1247,219;37,96823501586914;190,29888916015625;186;
1247,221;37,87999725341797;190,29888916015625;186;
1247,222;37,985877990722656;190,29888916015625;186;
1247,223;37,87999725341797;188,33705139160156;186;
1247,224;37,33293914794922;190,29888916015625;186;
1247,225;37,33293914794922;188,33705139160156;186;
1247,228;37,77411651611328;188,33705139160156;186;
1247,23;37,87999725341797;188,33705139160156;186;
1247,231;37,77411651611328;188,33705139160156;186;
1247,232;36,98117446899414;188,33705139160156;186;
1247,233;38,27823257446289;190,29888916015625;186;
1247,234;38,38352966308594;190,29888916015625;186;
1247,235;38,28470230102539;190,29888916015625;186;
1247,236;38,021175384521484;190,29888916015625;186;
1247,237;38,031761169433594;190,29888916015625;186;
1247,238;38,031761169433594;188,33705139160156;186;
1247,239;38,034706115722656;188,33705139160156;186;
1247,24;38,05234909057617;188,33705139160156;186;
1247,241;38,05234909057617;190,29888916015625;186;
1247,242;38,05823516845703;188,33705139160156;186;
1247,243;37,964115142822266;188,33705139160156;186;
1247,244;37,96999740600586;190,29888916015625;186;
1247,245;37,964115142822266;190,29888916015625;186;
1247,246;37,96234893798828;190,29888916015625;186;
1247,247;37,412349700927734;190,29888916015625;186;
1247,248;37,40529251098633;194,2225799560547;186;
1247,249;37,40117645263672;192,2607421875;186;
1247,25;37,399410247802734;190,29888916015625;186;
1247,251;37,83940887451172;190,29888916015625;186;
1247,252;37,83529281616211;190,29888916015625;186;
1247,253;37,837646484375;186,37521362304688;186;
1247,254;37,838233947753906;188,33705139160156;186;
1247,255;38,363529205322266;188,33705139160156;186;
1247,256;38,35940933227539;188,33705139160156;186;
1247,257;38,361759185791016;188,33705139160156;186;
1247,258;38,094120025634766;190,29888916015625;186;
1247,259;38,10176467895508;190,29888916015625;186;
1247,26;38,10940933227539;190,29888916015625;186;
1247,261;38,11176300048828;188,33705139160156;186;
1247,262;38,23411560058594;188,33705139160156;186;
1247,263;38,13470458984375;190,29888916015625;186;
1247,264;38,12058639526367;188,33705139160156;186;
1247,265;38,117645263671875;188,33705139160156;186;
1247,266;38,03293991088867;188,33705139160156;186;
1247,267;38,03352737426758;188,33705139160156;186;
1247,268;38,141761779785156;188,33705139160156;186;
1247,269;38,036468505859375;188,33705139160156;186;
1247,27;37,48999786376953;188,33705139160156;186;
1247,271;37,487648010253906;190,29888916015625;186;
1247,272;37,49117660522461;188,33705139160156;186;
1247,273;37,93587875366211;190,29888916015625;186;
1247,274;38,023529052734375;190,29888916015625;186;
1247,275;37,93647003173828;190,29888916015625;186;
1247,276;37,94293975830078;188,33705139160156;186;
1247,277;38,40293884277344;188,33705139160156;186;
1247,278;38,40940856933594;190,29888916015625;186;
1247,279;38,40999984741211;188,33705139160156;186;
1247,28;38,40882110595703;188,33705139160156;186;
1247,281;38,148231506347656;188,33705139160156;186;
1247,282;38,150001525878906;186,37521362304688;186;
1247,283;38,14117431640625;186,37521362304688;186;
1247,284;38,20941162109375;186,37521362304688;186;
1247,285;38,153526306152344;188,33705139160156;186;
1247,286;38,14234924316406;188,33705139160156;186;
1247,287;38,14352798461914;190,29888916015625;186;
1247,288;38,24646759033203;190,29888916015625;186;
1247,289;38,04823303222656;190,29888916015625;186;
1247,29;38,03999710083008;190,29888916015625;186;
1247,291;38,038818359375;190,29888916015625;186;
1247,292;37,48882293701172;190,29888916015625;186;
1247,293;37,48823547363281;190,29888916015625;186;
1247,294;37,48588180541992;188,33705139160156;186;
1247,295;37,48470687866211;188,33705139160156;186;
1247,296;37,9282341003418;188,33705139160156;186;
1247,297;37,92529296875;188,33705139160156;186;
1247,299;38,034114837646484;190,29888916015625;186;
1247,3;38,374114990234375;190,29888916015625;186;
1247,301;38,45823287963867;190,29888916015625;186;
1247,302;38,35764694213867;190,29888916015625;192;
1247,303;38,3570556640625;190,29888916015625;198;
1247,304;38,09941101074219;188,33705139160156;204;
1247,305;38,087646484375;188,33705139160156;210;
1247,306;38,093528747558594;186,37521362304688;216;
1247,307;38,09882354736328;186,37521362304688;216;
1247,308;38,115291595458984;186,37521362304688;222;
1247,309;38,10940933227539;186,37521362304688;228;
1247,31;38,11705780029297;186,37521362304688;234;
1247,311;38,01705551147461;188,33705139160156;240;
1247,312;38,12528991699219;190,29888916015625;246;
1247,313;38,0194091796875;192,2607421875;252;
1247,314;38,0229377746582;192,2607421875;252;
1247,315;37,472938537597656;190,29888916015625;258;
1247,316;37,47823715209961;192,2607421875;264;
1247,317;37,47823715209961;190,29888916015625;270;
1247,318;37,47823715209961;192,2607421875;276;
1247,319;37,917057037353516;194,2225799560547;282;
1247,32;37,91764831542969;194,2225799560547;282;
1247,321;37,918819427490234;194,2225799560547;288;
1247,322;38,36058807373047;194,2225799560547;294;
1247,323;38,36411666870117;198,14627075195312;300;
1247,324;38,363529205322266;200,10812377929688;306;
1247,325;38,46058654785156;202,0699462890625;312;
1247,326;38,094120025634766;202,0699462890625;318;
1247,327;38,094120025634766;205,99365234375;318;
1247,328;38,093528747558594;205,99365234375;324;
1247,329;38,112937927246094;209,9173583984375;330;
1247,33;38,11823272705078;209,9173583984375;336;
1247,331;38,1099967956543;209,9173583984375;342;
1247,332;38,11176300048828;211,87918090820312;348;
1247,333;38,02411651611328;213,84103393554688;348;
1247,334;38,02470397949219;215,8028564453125;354;
1247,335;38,130584716796875;219,7265625;360;
1247,336;37,47705841064453;221,6884002685547;366;
1247,337;37,48176574707031;223,6502685546875;372;
1247,338;37,47587966918945;225,61209106445312;378;
1247,339;37,917057037353516;225,61209106445312;384;
1247,34;37,91999816894531;227,57394409179688;384;
1247,341;37,912349700927734;229,5357666015625;390;
1247,342;38,351173400878906;231,4976348876953;396;
1247,343;38,29705810546875;235,4213104248047;402;
1247,344;38,29411697387695;235,4213104248047;408;
1247,345;38,117645263671875;239,34500122070312;414;
1247,346;38,02941131591797;241,30685424804688;414;
1247,347;38,02882385253906;243,2686767578125;420;
1247,348;38,04705810546875;247,1923828125;426;
1247,349;38,04587936401367;251,1160888671875;432;
1247,35;38,046470642089844;253,07791137695312;438;
1247,351;37,96058654785156;255,03976440429688;444;
1247,352;37,959407806396484;260,92529296875;450;
1247,353;37,961761474609375;260,92529296875;450;
1247,354;37,411766052246094;262,88714599609375;456;
1247,355;37,412940979003906;266,8108215332031;462;
1247,356;37,412940979003906;268,7726745605469;468;
1247,357;37,85411834716797;272,69635009765625;474;
1247,358;37,85411834716797;274,658203125;480;
1247,359;38,295291900634766;278,5819091796875;480;
1247,36;38,29470443725586;280,5437316894531;486;
1247,361;38,29470443725586;284,4674072265625;492;
1247,362;38,03059005737305;286,42926025390625;498;
1247,363;38,03059005737305;290,35296630859375;504;
1247,364;38,04823303222656;292,3148193359375;510;
1247,365;38,047645568847656;294,2766418457031;516;
1247,366;38,047645568847656;298,2003173828125;516;
1247,367;37,961761474609375;304,08587646484375;522;
1247,368;37,95882034301758;306,0477294921875;528;
1247,369;37,41470718383789;308,0095520019531;534;
1247,37;37,412940979003906;309,9714050292969;540;
1247,371;37,85411834716797;313,89508056640625;546;
1247,372;37,85411834716797;317,81878662109375;546;
1247,373;37,85411834716797;321,7424621582031;552;
1247,374;38,29470443725586;327,62799072265625;558;
1247,375;38,29470443725586;329,58984375;564;
1247,376;38,03059005737305;333,5135498046875;570;
1247,377;38,03059005737305;337,4372253417969;576;
1247,378;38,047645568847656;341,36090087890625;582;
1247,38;37,961761474609375;347,2464599609375;588;
1247,381;37,961761474609375;353,1319580078125;594;
1247,382;37,41470718383789;355,09381103515625;600;
1247,383;37,412940979003906;357,0556640625;606;
1247,384;37,85411834716797;360,9793701171875;612;
1247,385;37,85411834716797;364,9030456542969;618;
1247,386;38,29470443725586;368,82672119140625;618;
1247,387;38,29470443725586;372,75042724609375;624;
1247,388;38,03059005737305;378,6359558105469;630;
1247,389;38,03059005737305;382,55963134765625;636;
1247,39;38,047645568847656;386,48333740234375;642;
1247,391;38,047645568847656;388,4451599121094;648;
1247,392;37,961761474609375;392,368896484375;648;
1247,393;37,961761474609375;398,25439453125;654;
1247,394;37,412940979003906;398,25439453125;660;
1247,395;37,85293960571289;402,1780700683594;666;
1247,396;37,85411834716797;408,0636291503906;672;
1247,397;38,29470443725586;411,9873046875;678;
1247,398;38,29470443725586;415,9109802246094;684;
1247,399;38,03059005737305;421,7965393066406;684;
1247,4;38,04823303222656;423,75836181640625;690;
1247,401;38,047645568847656;425,72021484375;696;
1247,402;37,959407806396484;433,567626953125;702;
1247,403;37,961761474609375;439,453125;708;
1247,404;37,412940979003906;439,453125;714;
1247,405;37,85411834716797;443,3768005371094;714;
1247,406;37,85411834716797;449,2623596191406;720;
1247,407;38,29470443725586;455,14788818359375;726;
1247,408;38,29470443725586;459,071533203125;732;
1247,409;38,03059005737305;462,9952697753906;738;
1247,41;38,04823303222656;464,95709228515625;744;
1247,411;38,047645568847656;470,8426208496094;750;
1247,412;37,961761474609375;476,7281799316406;750;
1247,413;37,41470718383789;480,65185546875;756;
1247,414;37,412940979003906;484,5755310058594;762;
1247,415;37,85411834716797;488,499267578125;768;
1247,416;38,295291900634766;492,42291259765625;774;
1247,417;38,29470443725586;498,3084411621094;780;
1247,418;38,03059005737305;502,232177734375;780;
1247,419;38,047645568847656;506,15582275390625;786;
1247,42;37,96117401123047;510,07952880859375;792;
1247,421;37,96352767944336;517,9268798828125;798;
1247,422;37,41470718383789;517,9268798828125;804;
1247,423;37,85588073730469;521,8505859375;810;
1247,424;38,29705810546875;529,697998046875;816;
1247,425;38,29646682739258;531,6597900390625;816;
1247,426;38,032352447509766;539,5072021484375;822;
1247,427;38,04999923706055;539,5072021484375;828;
1247,428;37,96117401123047;547,3545532226562;834;
1247,429;37,96352767944336;553,2401123046875;840;
1247,43;37,41470718383789;553,2401123046875;846;
1247,431;37,85588073730469;559,1256103515625;846;
1247,432;38,29705810546875;563,04931640625;852;
1247,433;38,29646682739258;568,934814453125;858;
1247,434;38,032352447509766;572,8585205078125;864;
1247,435;38,049407958984375;576,7822265625;870;
1247,436;37,96117401123047;586,5914306640625;876;
1247,437;37,41646957397461;586,5914306640625;882;
1247,438;37,41470718383789;592,4769897460938;882;
1247,439;37,85588073730469;598,362548828125;888;
1247,44;38,29646682739258;598,362548828125;894;
1247,441;38,032352447509766;606,2098999023438;900;
1247,442;38,04999923706055;608,1717529296875;906;
1247,443;37,97588348388672;616,0191040039062;912;
1247,444;37,41352844238281;621,9046630859375;912;
1247,445;37,41470718383789;623,866455078125;918;
1247,446;37,85588073730469;629,7520141601562;924;
1247,447;38,29646682739258;629,7520141601562;930;
1247,448;38,032352447509766;639,561279296875;936;
1247,449;38,049407958984375;641,5230712890625;942;
1247,45;37,96117401123047;651,332275390625;948;
1247,451;37,41646957397461;651,332275390625;948;
1247,452;37,85588073730469;655,2559814453125;954;
1247,453;38,29705810546875;661,1415405273438;960;
1247,454;38,031761169433594;667,027099609375;966;
1247,455;38,04999923706055;672,91259765625;972;
1247,456;38,049407958984375;676,8363037109375;978;
1247,457;37,96352767944336;686,6455078125;984;
1247,458;37,41470718383789;684,6836547851562;984;
1247,459;37,85588073730469;694,492919921875;990;
1247,46;38,29646682739258;694,492919921875;996;
1247,461;38,032352447509766;700,37841796875;1002;
1247,462;38,04999923706055;704,3021240234375;1008;
1247,463;37,961761474609375;714,111328125;1014;
1247,464;37,41470718383789;712,1494750976562;1014;
1247,465;37,854705810546875;719,996826171875;1020;
1247,466;38,297645568847656;723,9205322265625;1026;
1247,467;38,03411865234375;731,7679443359375;1032;
1247,468;38,049407958984375;733,729736328125;1038;
1247,469;37,96352767944336;743,5390014648438;1044;
1247,47;37,4152946472168;741,5771484375;1050;
1247,471;37,85588073730469;751,3863525390625;1050;
1247,472;38,032352447509766;753,3482055664062;1056;
1247,473;38,04882049560547;761,195556640625;1062;
1247,474;37,96058654785156;771,0048828125;1068;
1247,475;37,329410552978516;767,0811157226562;1074;
1247,476;37,768821716308594;772,9666748046875;1080;
1247,477;38,209999084472656;778,8521728515625;1080;
1247,478;37,942352294921875;786,6995849609375;1086;
1247,479;37,959999084472656;786,6995849609375;1092;
1247,48;37,871761322021484;798,470703125;1098;
1247,481;37,327056884765625;796,5087890625;1104;
1247,482;37,7658805847168;808,27978515625;1110;
1247,483;37,942352294921875;810,24169921875;1116;
1247,484;37,959999084472656;810,24169921875;1116;
1247,485;37,871761322021484;822,0126953125;1122;
1247,486;37,32470703125;823,974609375;1128;
1247,487;37,762939453125;829,8601684570312;1134;
1247,488;38,20705795288086;831,8219604492188;1140;
1247,489;37,942352294921875;843,5930786132812;1146;
1247,49;37,871761322021484;845,5548706054688;1146;
1247,491;37,32470703125;847,5167236328125;1152;
1247,492;37,7658805847168;855,3641357421875;1158;
1247,493;38,20705795288086;855,3641357421875;1164;
1247,494;37,942352294921875;867,13525390625;1170;
1247,495;37,871761322021484;873,0206909179688;1176;
1247,496;37,32470703125;873,0206909179688;1182;
1247,497;37,7658805847168;880,8681640625;1182;
1247,498;38,20705795288086;884,7918090820312;1188;
1247,499;37,959999084472656;888,7154541015625;1194;
1247,5;37,871761322021484;900,4865112304688;1200;
1247,501;37,32470703125;896,5628662109375;1206;
1247,502;37,7658805847168;908,333984375;1212;
1247,503;37,942352294921875;910,2957763671875;1212;
1247,504;37,959999084472656;912,2576293945312;1218;
1247,505;37,871761322021484;925,9905395507812;1224;
1247,506;37,32411575317383;925,9905395507812;1230;
1247,507;38,20411682128906;927,9523315429688;1236;
1247,508;37,942352294921875;939,7234497070312;1242;
1247,509;37,959999084472656;941,6852416992188;1248;
1247,51;37,32470703125;943,6470947265625;1248;
1247,511;37,7658805847168;953,4563598632812;1254;
1247,512;38,20705795288086;957,3800048828125;1260;
1247,513;37,959999084472656;955,4181518554688;1266;
1247,514;37,871761322021484;973,07470703125;1272;
1247,515;37,32470703125;971,1129150390625;1278;
1247,516;36,98764419555664;973,07470703125;1278;
1247,517;38,004703521728516;984,8458251953125;1284;
1247,518;37,93411636352539;986,8076171875;1290;
1247,519;37,391178131103516;990,7314453125;1296;
1247,52;37,83646774291992;1000,54052734375;1302;
1247,521;38,023529052734375;1002,50244140625;1308;
1247,522;38,04352951049805;1004,46435546875;1314;
1247,523;37,40882110595703;1016,2353515625;1314;
1247,524;37,8470573425293;1020,1590576171875;1320;
1247,525;38,288230895996094;1020,1590576171875;1326;
1247,526;38,04999923706055;1022,1209106445312;1332;
1247,527;37,95587921142578;1037,815673828125;1338;
1247,528;37,85588073730469;1035,853759765625;1344;
1247,529;38,291175842285156;1037,815673828125;1350;
1247,53;38,04058837890625;1045,6630859375;1350;
1247,531;37,951175689697266;1059,39599609375;1356;
1247,532;37,83882141113281;1059,39599609375;1362;
1247,533;38,27470397949219;1059,39599609375;1368;
1247,534;38,02647018432617;1071,1669921875;1374;
1247,535;37,94117736816406;1082,93798828125;1380;
1247,536;37,829410552978516;1079,014404296875;1380;
1247,537;38,271175384521484;1079,014404296875;1386;
1247,538;38,02411651611328;1088,8236083984375;1392;
1247,539;37,929996490478516;1100,5947265625;1398;
1247,54;37,82646942138672;1098,6328125;1404;
1247,541;38,35293960571289;1098,6328125;1410;
1247,542;38,1099967956543;1102,5565185546875;1416;
1247,543;38,0323486328125;1122,1749267578125;1416;
1247,544;37,9282341003418;1120,213134765625;1422;
1247,545;38,10529327392578;1128,060546875;1428;
1247,546;38,119998931884766;1128,060546875;1434;
1247,547;37,47117614746094;1135,9078369140625;1440;
1247,548;37,92058563232422;1141,79345703125;1446;
1247,549;38,094703674316406;1147,678955078125;1446;
1247,55;38,11647033691406;1153,564453125;1452;
1247,551;37,48646926879883;1153,564453125;1458;
1247,552;38,36411666870117;1157,4881591796875;1464;
1247,553;38,09823226928711;1171,2210693359375;1470;
1247,554;38,0323486328125;1182,9921875;1476;
1247,555;37,92117691040039;1175,144775390625;1482;
1247,556;38,35823059082031;1177,1065673828125;1482;
1247,557;38,106468200683594;1182,9921875;1488;
1247,558;37,491764068603516;1194,76318359375;1494;
1247,559;37,9352912902832;1200,648681640625;1500;
1247,56;38,13058853149414;1208,49609375;1506;
1247,561;38,06235122680664;1208,49609375;1512;
1247,562;37,52294158935547;1210,4580078125;1512;
1247,563;38,40117645263672;1214,381591796875;1518;
1247,564;38,153526306152344;1216,343505859375;1524;
1247,565;38,07352828979492;1235,9619140625;1530;
1247,566;37,95705795288086;1235,9619140625;1536;
1247,567;38,13176345825195;1243,809326171875;1542;
1247,568;38,05999755859375;1245,7711181640625;1548;
1247,569;37,5064697265625;1247,73291015625;1548;
1247,57;38,378231048583984;1249,69482421875;1554;
1247,571;38,12999725341797;1253,6185302734375;1560;
1247,572;37,49293899536133;1263,427734375;1566;
1247,573;37,9317626953125;1275,19873046875;1572;
1247,574;38,095882415771484;1279,12255859375;1578;
1247,575;38,02587890625;1290,8935546875;1578;
1247,576;37,918819427490234;1286,9698486328125;1584;
1247,577;38,0970573425293;1290,8935546875;1590;
1247,578;38,11058807373047;1298,740966796875;1596;
1247,579;37,48176574707031;1294,8172607421875;1602;
1247,58;38,361759185791016;1300,7027587890625;1608;
1247,581;38,115291595458984;1306,58837890625;1614;
1247,582;37,47764587402344;1312,473876953125;1614;
1247,583;38,362937927246094;1318,359375;1620;
1247,584;38,11823272705078;1332,09228515625;1626;
1247,585;38,02705764770508;1339,939697265625;1632;
1247,586;37,919410705566406;1339,939697265625;1638;
1247,587;38,09764862060547;1349,7489013671875;1644;
1247,588;38,023529052734375;1357,59619140625;1644;
1247,589;37,92411804199219;1353,672607421875;1650;
1247,59;38,094120025634766;1359,55810546875;1656;
1247,591;38,0323486328125;1365,443603515625;1662;
1247,592;37,92117691040039;1369,3673095703125;1668;
1247,593;38,361175537109375;1375,2529296875;1674;
1247,594;38,11058807373047;1379,176513671875;1680;
1247,595;37,482940673828125;1375,2529296875;1680;
1247,596;38,361759185791016;1381,138427734375;1686;
1247,597;38,11058807373047;1390,9476318359375;1692;
1247,598;37,47882080078125;1390,9476318359375;1698;
1247,599;38,36705780029297;1404,6805419921875;1704;
1247,6;38,135292053222656;1406,642333984375;1710;
1247,601;37,4935302734375;1406,642333984375;1716;
1247,602;38,37470245361328;1414,48974609375;1716;
1247,603;38,121761322021484;1418,4134521484375;1716;
1247,604;37,487648010253906;1424,2989501953125;1716;
1247,605;38,369998931884766;1428,22265625;1716;
1247,606;38,12470245361328;1434,108154296875;1716;
1247,607;37,48999786376953;1439,99365234375;1716;
1247,608;38,476470947265625;1443,91748046875;1716;
1247,609;38,234703063964844;1449,802978515625;1716;
1247,61;37,5976448059082;1451,7647705078125;1716;
1247,611;38,47588348388672;1455,6884765625;1716;
1247,612;38,228233337402344;1465,4976806640625;1716;
1247,613;37,59529113769531;1471,38330078125;1716;
1247,614;38,47999954223633;1477,268798828125;1716;
1247,615;38,230587005615234;1483,154296875;1716;
1247,616;38,0352897644043;1489,039794921875;1716;
1247,617;38,21058654785156;1494,92529296875;1716;
1247,618;38,13999557495117;1498,84912109375;1716;
1247,619;38,03588104248047;1502,772705078125;1716;
1247,62;38,211761474609375;1512,58203125;1716;
1247,621;38,14234924316406;1520,4293212890625;1716;
1247,622;38,03588104248047;1518,467529296875;1716;
1247,623;38,21352767944336;1522,39111328125;1716;
1247,624;38,14234924316406;1530,238525390625;1716;
1247,625;38,47294235229492;1524,35302734375;1716;
1247,626;38,16764450073242;1518,467529296875;1716;
1247,627;37,5294075012207;1522,39111328125;1716;
1247,628;38,410587310791016;1528,2767333984375;1716;
1247,629;38,164703369140625;1530,238525390625;1716;
1247,63;37,529998779296875;1536,1241455078125;1716;
1247,631;38,14646911621094;1545,933349609375;1716;
1247,632;38,07587814331055;1549,8570556640625;1716;
1247,633;37,96999740600586;1553,7806396484375;1716;
1247,634;38,148231506347656;1565,5517578125;1716;
1247,635;38,078819274902344;1569,4755859375;1716;
1247,636;37,97235107421875;1567,5135498046875;1716;
1247,637;38,16646957397461;1569,4755859375;1716;
1247,638;37,53117752075195;1557,704345703125;1716;
1247,639;38,412940979003906;1563,5899658203125;1716;
1247,64;38,16646957397461;1565,5517578125;1716;
1247,641;37,53117752075195;1567,5135498046875;1716;
1247,642;38,14882278442383;1583,20849609375;1716;
1247,643;38,078819274902344;1585,170166015625;1716;
1247,644;37,97235107421875;1594,9793701171875;1716;
1247,645;38,14882278442383;1594,9793701171875;1716;
1247,646;38,07999801635742;1600,864990234375;1716;
1247,647;38,412940979003906;1585,170166015625;1716;
1247,648;38,16646957397461;1585,170166015625;1716;
1247,649;37,53117752075195;1589,09375;1716;
1247,65;38,412940979003906;1596,94140625;1716;
1247,651;38,07823181152344;1602,82666015625;1716;
1247,652;37,97235107421875;1610,67431640625;1716;
1247,653;38,14882278442383;1616,5595703125;1716;
1247,654;38,07764434814453;1620,4833984375;1716;
1247,655;38,412940979003906;1602,82666015625;1716;
1247,656;38,16646957397461;1602,82666015625;1716;
1247,657;37,53117752075195;1606,75048828125;1716;
1247,658;38,148231506347656;1618,5216064453125;1716;
1247,659;38,07823181152344;1622,4451904296875;1716;
1247,66;37,97235107421875;1632,2545166015625;1716;
1247,661;38,14882278442383;1632,2545166015625;1716;
1247,662;37,53293991088867;1634,21630859375;1716;
1247,663;38,412940979003906;1622,4451904296875;1716;
1247,664;38,16646957397461;1624,4072265625;1716;
1247,665;37,53117752075195;1626,368896484375;1716;
1247,666;38,14882278442383;1640,101806640625;1716;
1247,667;38,07823181152344;1649,9110107421875;1716;
1247,668;37,97235107421875;1647,94921875;1716;
1247,669;38,14588165283203;1647,94921875;1716;
1247,67;37,53117752075195;1636,1781005859375;1716;
1247,671;38,412940979003906;1640,101806640625;1716;
1247,672;38,16646957397461;1640,101806640625;1716;
1247,673;37,97235107421875;1651,873046875;1716;
1247,674;38,14882278442383;1661,68212890625;1716;
1247,675;38,07764434814453;1661,68212890625;1716;
1247,676;38,412940979003906;1647,94921875;1716;
1247,677;38,16646957397461;1645,9874267578125;1716;
1247,678;37,53117752075195;1649,9110107421875;1716;
1247,679;38,14882278442383;1663,6439208984375;1716;
1247,68;38,07823181152344;1669,529541015625;1716;
1247,681;37,97235107421875;1667,567626953125;1716;
1247,682;38,16646957397461;1667,567626953125;1716;
1247,683;37,53293991088867;1659,7203369140625;1716;
1247,684;38,412940979003906;1661,68212890625;1716;
1247,685;38,07823181152344;1669,529541015625;1716;
1247,686;37,97235107421875;1679,3388671875;1716;
1247,687;38,14882278442383;1677,3768310546875;1716;
1247,688;37,53117752075195;1677,3768310546875;1716;
1247,689;38,41353225708008;1669,529541015625;1716;
1247,69;38,16646957397461;1665,60595703125;1716;
1247,691;37,97235107421875;1679,3388671875;1716;
1247,692;38,14882278442383;1691,1097412109375;1716;
1247,693;38,07764434814453;1687,1861572265625;1716;
1247,694;38,412940979003906;1675,4150390625;1716;
1247,695;38,16646957397461;1673,4532470703125;1716;
1247,696;37,53117752075195;1683,262451171875;1716;
1247,697;38,14882278442383;1691,1097412109375;1716;
1247,698;38,07764434814453;1698,95703125;1716;
1247,699;38,412940979003906;1693,07177734375;1716;
1247,7;38,16646957397461;1681,300537109375;1716;
1247,701;37,53117752075195;1683,262451171875;1716;
1247,702;38,14882278442383;1695,033447265625;1716;
1247,703;38,078819274902344;1704,8426513671875;1716;
1247,704;37,97235107421875;1700,9190673828125;1716;
1247,705;38,16646957397461;1685,22412109375;1716;
1247,706;37,53117752075195;1691,1097412109375;1716;
1247,707;38,14882278442383;1702,880859375;1716;
1247,708;38,078819274902344;1706,8046875;1716;
1247,709;37,97235107421875;1706,8046875;1716;
1247,71;38,16646957397461;1700,9190673828125;1716;
1247,711;37,53117752075195;1695,033447265625;1716;
1247,712;38,41353225708008;1702,880859375;1716;
1247,713;38,07823181152344;1708,766357421875;1716;
1247,714;37,97235107421875;1712,68994140625;1716;
1247,715;38,16646957397461;1710,728271484375;1716;
1247,716;37,53117752075195;1700,9190673828125;1716;
1247,717;38,412940979003906;1704,8426513671875;1716;
1247,718;38,07823181152344;1708,766357421875;1716;
1247,719;37,97235107421875;1720,53759765625;1716;
1247,72;38,14882278442383;1718,5755615234375;1716;
1247,721;37,53117752075195;1702,880859375;1716;
1247,722;38,412940979003906;1704,8426513671875;1716;
1247,723;38,07823181152344;1714,6519775390625;1716;
1247,724;37,97235107421875;1724,461181640625;1716;
1247,725;38,167057037353516;1718,5755615234375;1716;
1247,726;37,53117752075195;1706,8046875;1716;
1247,727;38,412940979003906;1712,68994140625;1716;
1247,728;38,07823181152344;1718,5755615234375;1716;
1247,729;37,97235107421875;1726,4228515625;1716;
1247,73;38,16646957397461;1724,461181640625;1716;
1247,731;37,53117752075195;1710,728271484375;1716;
1247,732;38,412940979003906;1716,61376953125;1716;
1247,733;38,07823181152344;1722,499267578125;1716;
1247,734;37,97235107421875;1726,4228515625;1716;
1247,735;38,16646957397461;1726,4228515625;1716;
1247,736;37,53293991088867;1714,6519775390625;1716;
1247,737;38,412940979003906;1718,5755615234375;1716;
1247,738;38,07823181152344;1728,3848876953125;1716;
1247,739;37,97235107421875;1732,3084716796875;1716;
1247,74;38,16646957397461;1716,61376953125;1716;
1247,741;37,53293991088867;1720,53759765625;1716;
1247,742;38,14882278442383;1728,3848876953125;1716;
1247,743;38,078819274902344;1736,232177734375;1716;
1247,744;37,97235107421875;1730,3466796875;1716;
1247,745;38,16646957397461;1722,499267578125;1716;
1247,746;37,53117752075195;1722,499267578125;1716;
1247,747;38,149410247802734;1732,3084716796875;1716;
1247,748;38,077056884765625;1744,07958984375;1716;
1247,749;37,97235107421875;1738,194091796875;1716;
1247,75;38,167057037353516;1718,5755615234375;1716;
1247,751;37,529998779296875;1722,499267578125;1716;
1247,752;38,148231506347656;1736,232177734375;1716;
1247,753;38,07823181152344;1742,1177978515625;1716;
1247,754;38,41411590576172;1736,232177734375;1716;
1247,755;38,16646957397461;1724,461181640625;1716;
1247,756;37,971763610839844;1736,232177734375;1716;
1247,757;38,15117645263672;1738,194091796875;1716;
1247,758;38,09941101074219;1744,07958984375;1716;
1247,759;38,326473236083984;1728,3848876953125;1716;
1247,76;38,079410552978516;1724,461181640625;1716;
1247,761;37,88470458984375;1738,194091796875;1716;
1247,762;38,05882263183594;1748,00341796875;1716;
1247,763;37,98823547363281;1744,07958984375;1716;
1247,764;38,32353210449219;1730,3466796875;1716;
1247,765;38,07646942138672;1726,4228515625;1716;
1247,766;37,88235092163086;1740,15576171875;1716;
1247,767;38,05882263183594;1749,965087890625;1716;
1247,768;37,44117736816406;1740,15576171875;1716;
1247,769;38,32353210449219;1734,2705078125;1716;
1247,77;37,98529052734375;1734,2705078125;1716;
1247,771;37,87940979003906;1746,0413818359375;1716;
1247,772;38,05588150024414;1748,00341796875;1716;
1247,773;37,438236236572266;1732,3084716796875;1716;
1247,774;38,320587158203125;1736,232177734375;1716;
1247,775;37,98823547363281;1744,07958984375;1716;
1247,776;37,88235092163086;1751,927001953125;1716;
1247,777;38,07646942138672;1744,07958984375;1716;
1247,778;37,44117736816406;1736,232177734375;1716;
1247,779;38,32353210449219;1740,15576171875;1716;
1247,78;37,98823547363281;1751,927001953125;1716;
1247,781;37,88235092163086;1748,00341796875;1716;
1247,782;38,07646942138672;1736,232177734375;1716;
1247,783;37,44117736816406;1738,194091796875;1716;
1247,784;38,05588150024414;1749,965087890625;1716;
1247,785;37,98823547363281;1757,8125;1716;
1247,786;38,32353210449219;1751,927001953125;1716;
1247,787;38,07352828979492;1738,194091796875;1716;
1247,788;37,88176345825195;1746,0413818359375;1716;
1247,789;38,05588150024414;1749,965087890625;1716;
1247,79;37,98529052734375;1755,8507080078125;1716;
1247,791;38,320587158203125;1742,1177978515625;1716;
1247,792;38,07646942138672;1738,194091796875;1716;
1247,793;37,88235092163086;1749,965087890625;1716;
1247,794;38,05882263183594;1755,8507080078125;1716;
1247,795;37,438236236572266;1757,8125;1716;
1247,796;38,32353210449219;1744,07958984375;1716;
1247,797;38,07646942138672;1742,1177978515625;1716;
1247,798;37,88235092163086;1759,7742919921875;1716;
1247,799;38,121761322021484;1755,8507080078125;1716;
1247,8;37,5064697265625;1742,1177978515625;1716;
1247,801;38,38588333129883;1742,1177978515625;1716;
1247,802;38,06117630004883;1751,927001953125;1716;
1247,803;37,957645416259766;1759,7742919921875;1716;
1247,804;38,16587829589844;1748,00341796875;1716;
1247,805;37,525291442871094;1744,07958984375;1716;
1247,806;38,13999938964844;1755,8507080078125;1716;
1247,807;38,06940841674805;1761,736328125;1716;
1247,808;37,96940994262695;1757,8125;1716;
1247,809;38,160587310791016;1738,194091796875;1716;
1247,81;37,528236389160156;1744,07958984375;1716;
1247,811;38,14470291137695;1757,8125;1716;
1247,812;38,070587158203125;1759,7742919921875;1716;
1247,813;38,401763916015625;1748,00341796875;1716;
1247,814;38,15176010131836;1744,07958984375;1716;
1247,815;37,95470428466797;1757,8125;1716;
1247,816;38,11941146850586;1763,697998046875;1716;
1247,817;37,50470733642578;1761,736328125;1716;
1247,818;38,387062072753906;1749,965087890625;1716;
1247,819;38,05529022216797;1753,888671875;1716;
1247,82;37,94940948486328;1759,7742919921875;1716;
1247,821;38,20705795288086;1757,8125;1716;
1247,822;37,50293731689453;1748,00341796875;1716;
1247,823;38,47294235229492;1748,00341796875;1716;
1247,824;38,132347106933594;1757,8125;1716;
1247,825;38,0288200378418;1761,736328125;1716;
1247,826;38,228233337402344;1749,965087890625;1716;
1247,827;37,60293960571289;1751,927001953125;1716;
1247,828;38,228233337402344;1759,7742919921875;1716;
1247,829;38,15176010131836;1763,697998046875;1716;
1247,83;38,034114837646484;1759,7742919921875;1716;
1247,831;38,22705841064453;1744,07958984375;1716;
1247,832;38,14293670654297;1759,7742919921875;1716;
1247,833;38,209999084472656;1759,7742919921875;1716;
1247,834;38,15117645263672;1765,659912109375;1716;
1247,835;38,48235321044922;1748,00341796875;1716;
1247,836;38,23764419555664;1746,0413818359375;1716;
1247,837;38,03940963745117;1765,659912109375;1716;
1247,838;38,209999084472656;1765,659912109375;1716;
1247,839;37,598236083984375;1757,8125;1716;
1247,84;38,46588134765625;1751,927001953125;1716;
1247,841;38,140586853027344;1753,888671875;1716;
1247,842;38,051761627197266;1767,62158203125;1716;
1247,843;38,2470588684082;1763,697998046875;1716;
1247,844;37,63117599487305;1751,927001953125;1716;
1247,845;38,51588439941406;1751,927001953125;1716;
1247,846;38,174705505371094;1765,659912109375;1716;
1247,847;38,07411575317383;1761,736328125;1716;
1247,848;38,27587890625;1749,965087890625;1716;
1247,849;37,63587951660156;1749,965087890625;1716;
1247,85;38,2470588684082;1763,697998046875;1716;
1247,851;38,17646789550781;1765,659912109375;1716;
1247,852;38,50411605834961;1751,927001953125;1716;
1247,853;38,25117492675781;1749,965087890625;1716;
1247,854;38,057647705078125;1757,8125;1716;
1247,855;38,13587951660156;1769,5836181640625;1716;
1247,856;37,60234832763672;1759,7742919921875;1716;
1247,857;38,484703063964844;1753,888671875;1716;
1247,858;38,22882080078125;1748,00341796875;1716;
1247,859;38,0352897644043;1763,697998046875;1716;
1247,86;38,211761474609375;1763,697998046875;1716;
1247,861;37,59000015258789;1751,927001953125;1716;
1247,862;38,478233337402344;1751,927001953125;1716;
1247,863;38,14352798461914;1759,7742919921875;1716;
1247,864;38,03705596923828;1767,62158203125;1716;
1247,865;38,23117446899414;1751,927001953125;1716;
1247,866;37,598236083984375;1753,888671875;1716;
1247,867;38,21352767944336;1763,697998046875;1716;
1247,868;38,14646911621094;1771,54541015625;1716;
1247,869;38,478233337402344;1767,62158203125;1716;
1247,87;38,23529052734375;1749,965087890625;1716;
1247,871;37,59176254272461;1749,965087890625;1716;
1247,872;38,209999084472656;1767,62158203125;1716;
1247,873;38,13999557495117;1767,62158203125;1716;
1247,874;38,476470947265625;1753,888671875;1716;
1247,875;38,229408264160156;1749,965087890625;1716;
1247,876;38,03999710083008;1763,697998046875;1716;
1247,877;38,21529006958008;1765,659912109375;1716;
1247,878;37,59293746948242;1757,8125;1716;
1247,879;38,476470947265625;1753,888671875;1716;
1247,88;38,13882064819336;1759,7742919921875;1716;
1247,881;38,03705596923828;1771,54541015625;1716;
1247,882;38,23234939575195;1765,659912109375;1716;
1247,883;37,59470748901367;1755,8507080078125;1716;
1247,884;38,47705841064453;1763,697998046875;1716;
1247,885;38,140586853027344;1771,54541015625;1716;
1247,886;38,03588104248047;1767,62158203125;1716;
1247,887;38,23117446899414;1748,00341796875;1716;
1247,888;37,59470748901367;1753,888671875;1716;
1247,889;38,21352767944336;1765,659912109375;1716;
1247,89;38,14352798461914;1767,62158203125;1716;
1247,891;38,48117446899414;1753,888671875;1716;
1247,892;38,229408264160156;1749,965087890625;1716;
1247,893;38,03588104248047;1765,659912109375;1716;
1247,894;38,21235275268555;1773,5072021484375;1716;
1247,895;37,59470748901367;1765,659912109375;1716;
1247,896;38,47705841064453;1755,8507080078125;1716;
1247,897;38,14293670654297;1757,8125;1716;
1247,898;38,03999710083008;1771,54541015625;1716;
1247,899;38,21058654785156;1769,5836181640625;1716;
1247,9;37,59470748901367;1751,927001953125;1716;
1247,901;38,48235321044922;1753,888671875;1716;
1247,902;38,141761779785156;1771,54541015625;1716;
1247,903;38,03940963745117;1767,62158203125;1716;
1247,904;38,230587005615234;1748,00341796875;1716;
1247,905;37,598819732666016;1753,888671875;1716;
1247,906;38,23234939575195;1765,659912109375;1716;
1247,907;38,14352798461914;1769,5836181640625;1716;
1247,908;38,47705841064453;1757,8125;1716;
1247,909;38,224117279052734;1751,927001953125;1716;
1247,91;37,972938537597656;1763,697998046875;1716;
1247,911;38,14646911621094;1773,5072021484375;1716;
1247,912;37,53117752075195;1769,5836181640625;1716;
1247,913;38,41176223754883;1755,8507080078125;1716;
1247,914;38,078819274902344;1759,7742919921875;1716;
1247,915;37,97117614746094;1771,54541015625;1716;
1247,916;38,149410247802734;1769,5836181640625;1716;
1247,917;37,5294075012207;1751,927001953125;1716;
1247,918;38,41411590576172;1751,927001953125;1716;
1247,919;38,07999801635742;1767,62158203125;1716;
1247,92;37,972938537597656;1769,5836181640625;1716;
1247,921;38,16587829589844;1751,927001953125;1716;
1247,922;37,529998779296875;1755,8507080078125;1716;
1247,923;38,14882278442383;1767,62158203125;1716;
1247,924;38,07823181152344;1771,54541015625;1716;
1247,925;38,41353225708008;1761,736328125;1716;
1247,926;38,16587829589844;1755,8507080078125;1716;
1247,927;37,972938537597656;1763,697998046875;1716;
1247,928;38,147647857666016;1771,54541015625;1716;
1247,929;38,07823181152344;1769,5836181640625;1716;
1247,93;38,4152946472168;1755,8507080078125;1716;
1247,931;38,16587829589844;1753,888671875;1716;
1247,932;37,972938537597656;1773,5072021484375;1716;
1247,933;38,14882278442383;1765,659912109375;1716;
1247,934;37,53117752075195;1751,927001953125;1716;
1247,935;38,4152946472168;1755,8507080078125;1716;
1247,936;38,07823181152344;1763,697998046875;1716;
1247,937;37,972938537597656;1767,62158203125;1716;
1247,938;38,167057037353516;1755,8507080078125;1716;
1247,939;37,529998779296875;1755,8507080078125;1716;
1247,94;38,14882278442383;1765,659912109375;1716;
1247,941;38,07823181152344;1771,54541015625;1716;
1247,942;38,4152946472168;1765,659912109375;1716;
1247,943;38,16587829589844;1751,927001953125;1716;
1247,944;37,529998779296875;1755,8507080078125;1716;
1247,945;38,14882278442383;1771,54541015625;1716;
1247,946;38,07823181152344;1769,5836181640625;1716;
1247,947;38,4152946472168;1753,888671875;1716;
1247,948;38,167057037353516;1748,00341796875;1716;
1247,949;37,972938537597656;1773,5072021484375;1716;
1247,95;38,14882278442383;1769,5836181640625;1716;
1247,951;37,53117752075195;1751,927001953125;1716;
1247,952;38,4152946472168;1751,927001953125;1716;
1247,953;38,07823181152344;1763,697998046875;1716;
1247,954;37,972938537597656;1771,54541015625;1716;
1247,955;38,16587829589844;1761,736328125;1716;
1247,956;37,529998779296875;1753,888671875;1716;
1247,957;38,14882278442383;1767,62158203125;1716;
1247,958;38,07823181152344;1771,54541015625;1716;
1247,959;38,41411590576172;1767,62158203125;1716;
1247,96;38,16587829589844;1753,888671875;1716;
1247,961;37,529998779296875;1761,736328125;1716;
1247,962;38,14882278442383;1767,62158203125;1716;
1247,963;38,07823181152344;1767,62158203125;1716;
1247,964;38,4152946472168;1751,927001953125;1716;
1247,965;38,16587829589844;1749,965087890625;1716;
1247,966;37,974117279052734;1763,697998046875;1716;
1247,967;38,14882278442383;1769,5836181640625;1716;
1247,968;37,529998779296875;1759,7742919921875;1716;
1247,969;38,4152946472168;1753,888671875;1716;
1247,97;38,07823181152344;1761,736328125;1716;
1247,971;37,972938537597656;1771,54541015625;1716;
1247,972;38,167057037353516;1767,62158203125;1716;
1247,973;37,529998779296875;1757,8125;1716;
1247,974;38,4152946472168;1763,697998046875;1716;
1247,975;38,07823181152344;1767,62158203125;1716;
1247,976;37,972938537597656;1765,659912109375;1716;
1247,977;38,167057037353516;1749,965087890625;1716;
1247,978;37,529998779296875;1757,8125;1716;
1247,979;38,14882278442383;1763,697998046875;1716;
1247,98;38,07823181152344;1769,5836181640625;1716;
1247,981;38,4152946472168;1753,888671875;1716;
1247,982;38,16587829589844;1749,965087890625;1716;
1247,983;37,972938537597656;1763,697998046875;1716;
1247,984;38,14882278442383;1771,54541015625;1716;
1247,985;37,529998779296875;1765,659912109375;1716;
1247,986;38,4152946472168;1755,8507080078125;1716;
1247,987;38,077056884765625;1761,736328125;1716;
1247,988;37,974117279052734;1769,5836181640625;1716;
1247,989;38,14882278442383;1767,62158203125;1716;
1247,99;37,529998779296875;1753,888671875;1716;
1247,991;38,4152946472168;1753,888671875;1716;
1247,992;38,07823181152344;1763,697998046875;1716;
1247,993;37,972938537597656;1765,659912109375;1716;
1247,994;38,16587829589844;1749,965087890625;1716;
1247,995;37,529998779296875;1753,888671875;1716;
1247,996;38,14882278442383;1763,697998046875;1716;
1247,997;38,07823181152344;1769,5836181640625;1716;
1247,998;38,41353225708008;1755,8507080078125;1716;
1247,999;38,16587829589844;1748,00341796875;1716;
1248;37,972938537597656;1763,697998046875;1716;
1248,001;38,14882278442383;1771,54541015625;1716;
1248,002;37,529998779296875;1767,62158203125;1716;
1248,003;38,4152946472168;1757,8125;1716;
1248,004;38,07764434814453;1761,736328125;1716;
1248,005;37,972938537597656;1767,62158203125;1716;
1248,006;38,14882278442383;1765,659912109375;1716;
1248,007;37,53117752075195;1751,927001953125;1716;
1248,008;38,41353225708008;1757,8125;1716;
1248,009;38,07823181152344;1761,736328125;1716;
1248,01;37,972938537597656;1765,659912109375;1716;
1248,011;38,167057037353516;1753,888671875;1716;
1248,012;37,529998779296875;1751,927001953125;1716;
1248,013;38,14882278442383;1765,659912109375;1716;
1248,014;38,07823181152344;1771,54541015625;1716;
1248,015;38,41353225708008;1763,697998046875;1716;
1248,016;38,16587829589844;1751,927001953125;1716;
1248,017;37,53176498413086;1761,736328125;1716;
1248,018;38,14882278442383;1769,5836181640625;1716;
1248,019;38,07823181152344;1767,62158203125;1716;
1248,02;38,4152946472168;1751,927001953125;1716;
1248,021;38,16587829589844;1755,8507080078125;1716;
1248,022;37,972938537597656;1761,736328125;1716;
1248,023;38,14882278442383;1765,659912109375;1716;
1248,024;37,53117752075195;1753,888671875;1716;
1248,025;38,4152946472168;1753,888671875;1716;
1248,026;38,07823181152344;1759,7742919921875;1716;
1248,027;37,97235107421875;1769,5836181640625;1716;
1248,028;38,16823196411133;1761,736328125;1716;
1248,029;37,53293991088867;1751,927001953125;1716;
1248,03;38,148231506347656;1763,697998046875;1716;
1248,031;38,07823181152344;1771,54541015625;1716;
1248,032;37,972938537597656;1767,62158203125;1716;
1248,033;38,16646957397461;1751,927001953125;1716;
1248,034;37,53117752075195;1751,927001953125;1716;
1248,035;38,14882278442383;1763,697998046875;1716;
1248,036;38,07823181152344;1767,62158203125;1716;
1248,037;38,41353225708008;1751,927001953125;1716;
1248,038;38,167057037353516;1748,00341796875;1716;
1248,039;37,96940994262695;1761,736328125;1716;
1248,04;38,14882278442383;1769,5836181640625;1716;
1248,041;37,528236389160156;1761,736328125;1716;
1248,042;38,410587310791016;1751,927001953125;1716;
1248,043;37,99117660522461;1757,8125;1716;
1248,044;37,88764572143555;1769,5836181640625;1716;
1248,045;38,05882263183594;1767,62158203125;1716;
1248,046;37,44117736816406;1751,927001953125;1716;
1248,047;38,32588195800781;1755,8507080078125;1716;
1248,048;37,98823547363281;1769,5836181640625;1716;
1248,049;37,88235092163086;1767,62158203125;1716;
1248,05;38,07646942138672;1748,00341796875;1716;
1248,051;37,44117736816406;1749,965087890625;1716;
1248,052;38,05882263183594;1761,736328125;1716;
1248,053;37,98823547363281;1765,659912109375;1716;
1248,054;38,32353210449219;1751,927001953125;1716;
1248,055;38,07646942138672;1749,965087890625;1716;
1248,056;37,88235092163086;1759,7742919921875;1716;
1248,057;38,05882263183594;1773,5072021484375;1716;
1248,058;37,44117736816406;1769,5836181640625;1716;
1248,059;38,32353210449219;1753,888671875;1716;
1248,06;37,98823547363281;1757,8125;1716;
1248,061;37,88235092163086;1765,659912109375;1716;
1248,062;38,05882263183594;1765,659912109375;1716;
1248,063;37,44117736816406;1748,00341796875;1716;
1248,064;38,32353210449219;1749,965087890625;1716;
1248,065;37,98823547363281;1761,736328125;1716;
1248,066;37,88235092163086;1765,659912109375;1716;
1248,067;38,07646942138672;1748,00341796875;1716;
1248,068;37,44117736816406;1749,965087890625;1716;
1248,069;38,05882263183594;1763,697998046875;1716;
1248,07;37,98823547363281;1769,5836181640625;1716;
1248,071;38,32353210449219;1765,659912109375;1716;
1248,072;38,07646942138672;1749,965087890625;1716;
1248,073;37,44117736816406;1757,8125;1716;
1248,074;38,05882263183594;1767,62158203125;1716;
1248,075;37,98823547363281;1767,62158203125;1716;
1248,076;38,32353210449219;1751,927001953125;1716;
1248,077;38,07646942138672;1748,00341796875;1716;
1248,078;37,88235092163086;1761,736328125;1716;
1248,079;38,05882263183594;1767,62158203125;1716;
1248,08;37,44117736816406;1749,965087890625;1716;
1248,081;38,32353210449219;1753,888671875;1716;
1248,082;38,049407958984375;1759,7742919921875;1716;
1248,083;37,94234848022461;1767,62158203125;1716;
1248,084;38,132938385009766;1757,8125;1716;
1248,085;37,51411819458008;1753,888671875;1716;
1248,086;38,12940979003906;1763,697998046875;1716;
1248,087;38,06646728515625;1767,62158203125;1716;
1248,088;37,966468811035156;1763,697998046875;1716;
1248,089;38,16352844238281;1749,965087890625;1716;
1248,09;37,5223503112793;1749,965087890625;1716;
1248,091;38,13941192626953;1761,736328125;1716;
1248,092;38,07529067993164;1767,62158203125;1716;
1248,093;38,410587310791016;1749,965087890625;1716;
1248,094;38,16117477416992;1748,00341796875;1716;
1248,095;37,966468811035156;1761,736328125;1716;
1248,096;38,13882064819336;1763,697998046875;1716;
1248,097;37,5164680480957;1763,697998046875;1716;
1248,098;38,39706039428711;1755,8507080078125;1716;
1248,099;38,055877685546875;1759,7742919921875;1716;
1248,1;37,94881820678711;1767,62158203125;1716;
1248,101;38,141761779785156;1765,659912109375;1716;
1248,102;37,50470733642578;1749,965087890625;1716;
1248,103;38,38764572143555;1757,8125;1716;
1248,104;38,05234909057617;1759,7742919921875;1716;
1248,105;37,94588088989258;1761,736328125;1716;
1248,106;38,22117614746094;1748,00341796875;1716;
1248,107;37,58529281616211;1749,965087890625;1716;
1248,108;38,203529357910156;1763,697998046875;1716;
1248,109;38,140586853027344;1765,659912109375;1716;
1248,11;38,487060546875;1757,8125;1716;
1248,111;38,23293685913086;1751,927001953125;1716;
1248,112;38,05117416381836;1761,736328125;1716;
1248,113;38,21352767944336;1769,5836181640625;1716;
1248,114;38,13882064819336;1765,659912109375;1716;
1248,115;38,476470947265625;1749,965087890625;1716;
1248,116;38,239410400390625;1749,965087890625;1716;
1248,117;38,03588104248047;1763,697998046875;1716;
1248,118;38,24940872192383;1761,736328125;1716;
1248,119;37,59529113769531;1751,927001953125;1716;
1248,12;38,49470520019531;1751,927001953125;1716;
1248,121;38,14881896972656;1759,7742919921875;1716;
1248,122;38,041175842285156;1767,62158203125;1716;
1248,123;38,230587005615234;1759,7742919921875;1716;
1248,124;37,593528747558594;1751,927001953125;1716;
1248,125;38,22235107421875;1761,736328125;1716;
1248,126;38,16587829589844;1769,5836181640625;1716;
1248,127;38,070587158203125;1763,697998046875;1716;
1248,128;38,26823425292969;1748,00341796875;1716;
1248,129;37,62940979003906;1751,927001953125;1716;
1248,13;38,2535285949707;1765,659912109375;1716;
1248,131;38,182350158691406;1763,697998046875;1716;
1248,132;38,51823425292969;1749,965087890625;1716;
1248,133;38,265289306640625;1748,00341796875;1716;
1248,134;38,06293869018555;1759,7742919921875;1716;
1248,135;38,237056732177734;1763,697998046875;1716;
1248,136;37,62058639526367;1763,697998046875;1716;
1248,137;38,4935302734375;1753,888671875;1716;
1248,138;38,15764617919922;1755,8507080078125;1716;
1248,139;38,03823471069336;1769,5836181640625;1716;
1248,14;38,21706008911133;1765,659912109375;1716;
1248,141;37,59293746948242;1753,888671875;1716;
1248,142;38,47941207885742;1755,8507080078125;1716;
1248,143;38,145877838134766;1765,659912109375;1716;
1248,144;38,03823471069336;1761,736328125;1716;
1248,145;38,22587966918945;1749,965087890625;1716;
1248,146;37,59470748901367;1748,00341796875;1716;
1248,147;38,21352767944336;1759,7742919921875;1716;
1248,148;38,14646911621094;1765,659912109375;1716;
1248,149;38,47705841064453;1759,7742919921875;1716;
1248,15;38,23176193237305;1746,0413818359375;1716;
1248,151;38,03764724731445;1759,7742919921875;1716;
1248,152;38,21117401123047;1769,5836181640625;1716;
1248,153;37,5941162109375;1767,62158203125;1716;
1248,154;38,48176574707031;1749,965087890625;1716;
1248,155;38,230587005615234;1751,927001953125;1716;
1248,156;38,04058837890625;1763,697998046875;1716;
1248,157;38,21588134765625;1763,697998046875;1716;
1248,158;37,59646987915039;1748,00341796875;1716;
1248,159;38,47352981567383;1749,965087890625;1716;
1248,16;38,14293670654297;1759,7742919921875;1716;
1248,161;38,034706115722656;1763,697998046875;1716;
1248,162;38,23411560058594;1755,8507080078125;1716;
1248,163;37,60940933227539;1753,888671875;1716;
1248,164;38,217647552490234;1759,7742919921875;1716;
1248,165;38,14352798461914;1769,5836181640625;1716;
1248,166;38,474117279052734;1763,697998046875;1716;
1248,167;38,228233337402344;1744,07958984375;1716;
1248,168;37,59529113769531;1748,00341796875;1716;
1248,169;38,21352767944336;1761,736328125;1716;
1248,17;38,14764404296875;1767,62158203125;1716;
1248,171;38,476470947265625;1749,965087890625;1716;
1248,172;38,22882080078125;1746,0413818359375;1716;
1248,173;38,03705596923828;1759,7742919921875;1716;
1248,174;38,21235275268555;1765,659912109375;1716;
1248,175;37,59587860107422;1763,697998046875;1716;
1248,176;38,47764587402344;1753,888671875;1716;
1248,177;38,147056579589844;1757,8125;1716;
1248,178;38,034706115722656;1767,62158203125;1716;
1248,179;38,22882080078125;1763,697998046875;1716;
1248,18;37,5941162109375;1746,0413818359375;1716;
1248,181;38,47705841064453;1749,965087890625;1716;
1248,182;38,14293670654297;1767,62158203125;1716;
1248,183;38,036468505859375;1761,736328125;1716;
1248,184;38,23411560058594;1749,965087890625;1716;
1248,185;37,59529113769531;1749,965087890625;1716;
1248,186;38,21235275268555;1761,736328125;1716;
1248,187;38,14234924316406;1765,659912109375;1716;
1248,188;38,478233337402344;1753,888671875;1716;
1248,189;38,230587005615234;1748,00341796875;1716;
1248,19;38,03705596923828;1759,7742919921875;1716;
1248,191;38,209999084472656;1765,659912109375;1716;
1248,192;38,13175964355469;1761,736328125;1716;
1248,193;38,416473388671875;1749,965087890625;1716;
1248,194;38,16587829589844;1746,0413818359375;1716;
1248,195;37,96999740600586;1757,8125;1716;
1248,196;38,149410247802734;1759,7742919921875;1716;
1248,197;37,529998779296875;1748,00341796875;1716;
1248,198;38,412940979003906;1749,965087890625;1716;
1248,199;38,077056884765625;1757,8125;1716;
1248,2;37,972938537597656;1765,659912109375;1716;
1248,201;38,167057037353516;1761,736328125;1716;
1248,202;37,53117752075195;1751,927001953125;1716;
1248,203;38,412940979003906;1757,8125;1716;
1248,204;38,078819274902344;1765,659912109375;1716;
1248,205;37,97235107421875;1759,7742919921875;1716;
1248,206;38,16646957397461;1744,07958984375;1716;
1248,207;37,53117752075195;1749,965087890625;1716;
1248,208;38,14882278442383;1757,8125;1716;
1248,209;38,07764434814453;1763,697998046875;1716;
1248,21;38,412940979003906;1751,927001953125;1716;
1248,211;38,16646957397461;1746,0413818359375;1716;
1248,212;37,97235107421875;1757,8125;1716;
1248,213;38,14882278442383;1765,659912109375;1716;
1248,214;37,53176498413086;1761,736328125;1716;
1248,215;38,412940979003906;1749,965087890625;1716;
1248,216;38,16646957397461;1748,00341796875;1716;
1248,217;37,97235107421875;1763,697998046875;1716;
1248,218;38,14882278442383;1759,7742919921875;1716;
1248,219;37,53117752075195;1749,965087890625;1716;
1248,22;38,412940979003906;1748,00341796875;1716;
1248,221;38,07823181152344;1755,8507080078125;1716;
1248,222;37,97235107421875;1763,697998046875;1716;
1248,223;38,16646957397461;1757,8125;1716;
1248,224;37,53117752075195;1748,00341796875;1716;
1248,225;38,14882278442383;1759,7742919921875;1716;
1248,226;38,078819274902344;1765,659912109375;1716;
1248,227;38,412940979003906;1761,736328125;1716;
1248,228;38,16646957397461;1742,1177978515625;1716;
1248,229;37,53117752075195;1751,927001953125;1716;
1248,23;38,14882278442383;1761,736328125;1716;
1248,231;38,07764434814453;1761,736328125;1716;
1248,232;38,412940979003906;1748,00341796875;1716;
1248,233;38,16646957397461;1744,07958984375;1716;
1248,234;37,97235107421875;1755,8507080078125;1716;
1248,235;38,14882278442383;1763,697998046875;1716;
1248,236;37,53117752075195;1761,736328125;1716;
1248,237;38,412940979003906;1749,965087890625;1716;
1248,238;38,07823181152344;1753,888671875;1716;
1248,239;37,97235107421875;1761,736328125;1716;
1248,24;38,14882278442383;1759,7742919921875;1716;
1248,241;37,54882049560547;1744,07958984375;1716;
1248,242;38,41353225708008;1748,00341796875;1716;
1248,243;38,07823181152344;1755,8507080078125;1716;
1248,244;37,97235107421875;1759,7742919921875;1716;
1248,245;38,16646957397461;1744,07958984375;1716;
1248,246;37,53117752075195;1746,0413818359375;1716;
1248,247;38,14882278442383;1757,8125;1716;
1248,248;38,078819274902344;1763,697998046875;1716;
1248,249;38,412940979003906;1757,8125;1716;
1248,25;38,16646957397461;1742,1177978515625;1716;
1248,251;37,53117752075195;1748,00341796875;1716;
1248,252;38,14882278442383;1759,7742919921875;1716;
1248,253;38,07764434814453;1759,7742919921875;1716;
1248,254;38,412940979003906;1746,0413818359375;1716;
1248,255;38,16646957397461;1742,1177978515625;1716;
1248,256;37,97235107421875;1755,8507080078125;1716;
1248,257;38,14882278442383;1765,659912109375;1716;
1248,258;37,53117752075195;1759,7742919921875;1716;
1248,259;38,412940979003906;1748,00341796875;1716;
1248,26;38,07823181152344;1753,888671875;1716;
1248,261;37,97235107421875;1763,697998046875;1716;
1248,262;38,14882278442383;1757,8125;1716;
1248,263;37,53117752075195;1746,0413818359375;1716;
1248,264;38,41353225708008;1749,965087890625;1716;
1248,265;38,07823181152344;1753,888671875;1716;
1248,266;37,97235107421875;1759,7742919921875;1716;
1248,267;38,16646957397461;1744,07958984375;1716;
1248,268;37,53117752075195;1744,07958984375;1716;
1248,269;38,14882278442383;1757,8125;1716;
1248,27;38,07823181152344;1763,697998046875;1716;
1248,271;38,412940979003906;1759,7742919921875;1716;
1248,272;38,16646957397461;1744,07958984375;1716;
1248,273;37,53117752075195;1748,00341796875;1716;
1248,274;38,14882278442383;1757,8125;1716;
1248,275;38,07764434814453;1757,8125;1716;
1248,276;38,412940979003906;1742,1177978515625;1716;
1248,277;38,16646957397461;1742,1177978515625;1716;
1248,278;37,97235107421875;1753,888671875;1716;
1248,279;38,14882278442383;1763,697998046875;1716;
1248,28;37,53117752075195;1753,888671875;1716;
1248,281;38,412940979003906;1748,00341796875;1716;
1248,282;38,07823181152344;1749,965087890625;1716;
1248,283;37,97235107421875;1761,736328125;1716;
1248,284;38,16646957397461;1761,736328125;1716;
1248,285;37,53117752075195;1742,1177978515625;1716;
1248,286;38,41353225708008;1744,07958984375;1716;
1248,287;38,07823181152344;1755,8507080078125;1716;
1248,288;37,97235107421875;1757,8125;1716;
1248,289;38,16646957397461;1749,965087890625;1716;
1248,29;37,53117752075195;1744,07958984375;1716;
1248,291;38,14882278442383;1757,8125;1716;
1248,292;38,07823181152344;1763,697998046875;1716;
1248,293;38,412940979003906;1749,965087890625;1716;
1248,294;38,16646957397461;1746,0413818359375;1716;
1248,295;37,53117752075195;1751,927001953125;1716;
1248,296;38,14882278442383;1759,7742919921875;1716;
1248,297;38,07764434814453;1759,7742919921875;1716;
1248,298;38,412940979003906;1742,1177978515625;1716;
1248,299;38,16646957397461;1740,15576171875;1716;
1248,3;37,97235107421875;1755,8507080078125;1716;
1248,301;38,14882278442383;1757,8125;1716;
1248,302;37,53117752075195;1751,927001953125;1716;
1248,303;38,412940979003906;1748,00341796875;1716;
1248,304;38,07823181152344;1753,888671875;1716;
1248,305;37,97235107421875;1761,736328125;1716;
1248,306;38,16646957397461;1757,8125;1716;
1248,307;37,53117752075195;1744,07958984375;1716;
1248,308;38,41353225708008;1748,00341796875;1716;
1248,309;38,07823181152344;1755,8507080078125;1716;
1248,31;37,97235107421875;1755,8507080078125;1716;
1248,311;38,16823196411133;1749,965087890625;1716;
1248,312;37,53058624267578;1744,07958984375;1716;
1248,313;38,149410247802734;1757,8125;1716;
1248,314;38,078819274902344;1763,697998046875;1716;
1248,315;38,412940979003906;1755,8507080078125;1716;
1248,316;38,16646957397461;1746,0413818359375;1716;
1248,317;37,53117752075195;1751,927001953125;1716;
1248,318;38,15058898925781;1757,8125;1716;
1248,319;38,07999801635742;1757,8125;1716;
1248,32;38,412940979003906;1742,1177978515625;1716;
1248,321;38,16823196411133;1742,1177978515625;1716;
1248,322;37,971763610839844;1753,888671875;1716;
1248,323;38,15058898925781;1759,7742919921875;1716;
1248,324;37,44352722167969;1755,8507080078125;1716;
1248,325;38,4088249206543;1748,00341796875;1716;
1248,326;37,99117660522461;1749,965087890625;1716;
1248,327;37,885292053222656;1761,736328125;1716;
1248,328;38,05882263183594;1759,7742919921875;1716;
1248,329;37,44117736816406;1744,07958984375;1716;
1248,33;38,32353210449219;1744,07958984375;1716;
1248,331;37,98823547363281;1753,888671875;1716;
1248,332;37,88235092163086;1755,8507080078125;1716;
1248,333;38,07646942138672;1746,0413818359375;1716;
1248,334;37,44117736816406;1746,0413818359375;1716;
1248,335;38,05882263183594;1757,8125;1716;
1248,336;37,98823547363281;1761,736328125;1716;
1248,337;38,32353210449219;1757,8125;1716;
1248,338;38,07646942138672;1744,07958984375;1716;
1248,339;37,44117736816406;1742,1177978515625;1716;
1248,34;38,06117630004883;1761,736328125;1716;
1248,341;37,98823547363281;1759,7742919921875;1716;
1248,342;38,32353210449219;1742,1177978515625;1716;
1248,343;38,07646942138672;1740,15576171875;1716;
1248,344;37,88235092163086;1753,888671875;1716;
1248,345;38,05882263183594;1761,736328125;1716;
1248,346;37,44117736816406;1757,8125;1716;
1248,347;38,32353210449219;1749,965087890625;1716;
1248,348;38,07646942138672;1749,965087890625;1716;
1248,349;37,88235092163086;1763,697998046875;1716;
1248,35;38,05882263183594;1755,8507080078125;1716;
1248,351;37,44117736816406;1742,1177978515625;1716;
1248,352;38,32353210449219;1742,1177978515625;1716;
1248,353;37,98823547363281;1753,888671875;1716;
1248,354;37,88235092163086;1757,8125;1716;
1248,355;38,07646942138672;1753,888671875;1716;
1248,356;37,44117736816406;1746,0413818359375;1716;
1248,357;38,05882263183594;1757,8125;1716;
1248,358;37,98823547363281;1761,736328125;1716;
1248,359;38,32353210449219;1755,8507080078125;1716;
1248,36;38,07646942138672;1740,15576171875;1716;
1248,361;37,44117736816406;1746,0413818359375;1716;
1248,362;38,05882263183594;1755,8507080078125;1716;
1248,363;37,98823547363281;1755,8507080078125;1716;
1248,364;38,32353210449219;1744,07958984375;1716;
1248,365;36,8476448059082;1740,15576171875;1716;
1248,366;37,945289611816406;1751,927001953125;1716;
1248,367;38,121177673339844;1763,697998046875;1716;
1248,368;37,50764465332031;1759,7742919921875;1716;
1248,369;38,39411926269531;1746,0413818359375;1716;
1248,37;38,15764617919922;1746,0413818359375;1716;
1248,371;37,96352767944336;1759,7742919921875;1716;
1248,372;38,142940521240234;1755,8507080078125;1716;
1248,373;37,525291442871094;1742,1177978515625;1716;
1248,374;38,40764617919922;1744,07958984375;1716;
1248,375;38,07823181152344;1751,927001953125;1716;
1248,376;37,966468811035156;1757,8125;1716;
1248,377;38,16646957397461;1753,888671875;1716;
1248,378;37,525291442871094;1744,07958984375;1716;
1248,379;38,14117431640625;1753,888671875;1716;
1248,38;38,06764602661133;1761,736328125;1716;
1248,381;37,95646667480469;1757,8125;1716;
1248,382;38,14470291137695;1736,232177734375;1716;
1248,383;37,50764465332031;1742,1177978515625;1716;
1248,384;38,12411880493164;1755,8507080078125;1716;
1248,385;38,051761627197266;1757,8125;1716;
1248,386;38,387062072753906;1746,0413818359375;1716;
1248,387;38,140586853027344;1742,1177978515625;1716;
1248,388;37,946468353271484;1753,888671875;1716;
1248,389;38,20058822631836;1759,7742919921875;1716;
1248,39;38,14117431640625;1757,8125;1716;
1248,391;38,47117614746094;1744,07958984375;1716;
1248,392;38,13764572143555;1749,965087890625;1716;
1248,393;38,042938232421875;1753,888671875;1716;
1248,394;38,21940994262695;1755,8507080078125;1716;
1248,395;37,60176467895508;1744,07958984375;1716;
1248,396;38,4900016784668;1744,07958984375;1716;
1248,397;38,14117431640625;1751,927001953125;1716;
1248,398;38,03705596923828;1757,8125;1716;
1248,399;38,22999954223633;1753,888671875;1716;
1248,4;37,59587860107422;1744,07958984375;1716;
1248,401;38,478233337402344;1749,965087890625;1716;
1248,402;38,14470291137695;1759,7742919921875;1716;
1248,403;38,041175842285156;1753,888671875;1716;
1248,404;38,269996643066406;1740,15576171875;1716;
1248,405;37,60234832763672;1740,15576171875;1716;
1248,406;38,21588134765625;1751,927001953125;1716;
1248,407;38,140586853027344;1759,7742919921875;1716;
1248,408;38,48941421508789;1751,927001953125;1716;
1248,409;38,24235153198242;1744,07958984375;1716;
1248,41;37,62234878540039;1749,965087890625;1716;
1248,411;38,25;1761,736328125;1716;
1248,412;38,179996490478516;1755,8507080078125;1716;
1248,413;38,519412994384766;1740,15576171875;1716;
1248,414;38,276466369628906;1736,232177734375;1716;
1248,415;38,08058547973633;1749,965087890625;1716;
1248,416;38,24764633178711;1755,8507080078125;1716;
1248,417;37,62940979003906;1749,965087890625;1716;
1248,418;38,51176452636719;1744,07958984375;1716;
1248,419;38,167057037353516;1749,965087890625;1716;
1248,42;38,04823303222656;1759,7742919921875;1716;
1248,421;38,23117446899414;1757,8125;1716;
1248,422;37,60940933227539;1738,194091796875;1716;
1248,423;38,4835319519043;1742,1177978515625;1716;
1248,424;38,14470291137695;1753,888671875;1716;
1248,425;38,03823471069336;1753,888671875;1716;
1248,426;38,22352600097656;1744,07958984375;1716;
1248,427;37,59587860107422;1742,1177978515625;1716;
1248,428;38,21529006958008;1751,927001953125;1716;
1248,429;38,14352798461914;1759,7742919921875;1716;
1248,43;38,03117752075195;1753,888671875;1716;
1248,431;38,23352813720703;1738,194091796875;1716;
1248,432;37,5970573425293;1740,15576171875;1716;
1248,433;38,21470260620117;1755,8507080078125;1716;
1248,434;38,140586853027344;1755,8507080078125;1716;
1248,435;38,47588348388672;1738,194091796875;1716;
1248,436;38,230587005615234;1738,194091796875;1716;
1248,437;38,03588104248047;1751,927001953125;1716;
1248,438;38,21235275268555;1757,8125;1716;
1248,439;38,141761779785156;1755,8507080078125;1716;
1248,44;38,474117279052734;1742,1177978515625;1716;
1248,441;38,23529052734375;1742,1177978515625;1716;
1248,442;38,034706115722656;1749,965087890625;1716;
1248,443;38,207645416259766;1751,927001953125;1716;
1248,444;37,587646484375;1742,1177978515625;1716;
1248,445;38,47588348388672;1742,1177978515625;1716;
1248,446;38,140586853027344;1749,965087890625;1716;
1248,447;38,0352897644043;1757,8125;1716;
1248,448;38,22882080078125;1753,888671875;1716;
1248,449;37,59587860107422;1740,15576171875;1716;
1248,45;38,20941162109375;1749,965087890625;1716;
1248,451;38,14352798461914;1751,927001953125;1716;
1248,452;38,0323486328125;1753,888671875;1716;
1248,453;38,22646713256836;1740,15576171875;1716;
1248,454;37,59529113769531;1740,15576171875;1716;
1248,455;38,21235275268555;1749,965087890625;1716;
1248,456;38,14234924316406;1757,8125;1716;
1248,457;38,47529220581055;1751,927001953125;1716;
1248,458;38,22764587402344;1738,194091796875;1716;
1248,459;38,03999710083008;1748,00341796875;1716;
1248,46;38,207645416259766;1751,927001953125;1716;
1248,461;38,13882064819336;1753,888671875;1716;
1248,462;38,47352981567383;1736,232177734375;1716;
1248,463;38,22705841064453;1736,232177734375;1716;
1248,464;38,03588104248047;1749,965087890625;1716;
1248,465;38,21058654785156;1755,8507080078125;1716;
1248,466;37,59587860107422;1753,888671875;1716;
1248,467;38,47470474243164;1744,07958984375;1716;
1248,468;38,23117446899414;1744,07958984375;1716;
1248,469;38,0323486328125;1751,927001953125;1716;
1248,47;38,21352767944336;1749,965087890625;1716;
1248,471;37,59646987915039;1738,194091796875;1716;
1248,472;38,47529220581055;1740,15576171875;1716;
1248,473;38,13587951660156;1748,00341796875;1716;
1248,474;38,027645111083984;1755,8507080078125;1716;
1248,475;38,22705841064453;1749,965087890625;1716;
1248,476;37,529998779296875;1740,15576171875;1716;
1248,477;38,4094123840332;1748,00341796875;1716;
1248,478;38,07352828979492;1751,927001953125;1716;
1248,479;37,97117614746094;1749,965087890625;1716;
1248,48;38,167057037353516;1734,2705078125;1716;
1248,481;37,527645111083984;1736,232177734375;1716;
1248,482;38,14411926269531;1749,965087890625;1716;
1248,483;38,078819274902344;1755,8507080078125;1716;
1248,484;38,41411590576172;1744,07958984375;1716;
1248,485;38,16352844238281;1734,2705078125;1716;
1248,486;37,5288200378418;1744,07958984375;1716;
1248,487;38,14882278442383;1751,927001953125;1716;
1248,488;38,07823181152344;1751,927001953125;1716;
1248,489;38,4152946472168;1738,194091796875;1716;
1248,49;38,16293716430664;1734,2705078125;1716;
1248,491;37,97117614746094;1748,00341796875;1716;
1248,492;38,14588165283203;1755,8507080078125;1716;
1248,493;37,529998779296875;1748,00341796875;1716;
1248,494;38,4152946472168;1740,15576171875;1716;
1248,495;38,162349700927734;1740,15576171875;1716;
1248,496;37,972938537597656;1751,927001953125;1716;
1248,497;38,14882278442383;1753,888671875;1716;
1248,498;37,529998779296875;1736,232177734375;1716;
1248,499;38,4152946472168;1738,194091796875;1716;
1248,5;37,987060546875;1746,0413818359375;1716;
1248,501;37,972938537597656;1753,888671875;1716;
1248,502;38,167057037353516;1744,07958984375;1716;
1248,503;37,529998779296875;1740,15576171875;1716;
1248,504;38,410587310791016;1746,0413818359375;1716;
1248,505;38,07529067993164;1749,965087890625;1716;
1248,506;37,972938537597656;1749,965087890625;1716;
1248,507;38,167057037353516;1734,2705078125;1716;
1248,508;37,529998779296875;1736,232177734375;1716;
1248,509;38,14588165283203;1749,965087890625;1716;
1248,51;38,07823181152344;1753,888671875;1716;
1248,511;38,41353225708008;1749,965087890625;1716;
1248,512;38,16587829589844;1736,232177734375;1716;
1248,513;37,5288200378418;1742,1177978515625;1716;
1248,514;38,14882278442383;1753,888671875;1716;
1248,515;38,07823181152344;1749,965087890625;1716;
1248,516;38,4152946472168;1736,232177734375;1716;
1248,517;38,167057037353516;1734,2705078125;1716;
1248,518;37,974117279052734;1749,965087890625;1716;
1248,519;38,14882278442383;1755,8507080078125;1716;
1248,52;37,529998779296875;1751,927001953125;1716;
1248,521;38,4152946472168;1740,15576171875;1716;
1248,522;38,162349700927734;1740,15576171875;1716;
1248,523;37,974117279052734;1749,965087890625;1716;
1248,524;38,14882278442383;1749,965087890625;1716;
1248,525;37,53117752075195;1736,232177734375;1716;
1248,526;38,4152946472168;1738,194091796875;1716;
1248,527;38,07823181152344;1746,0413818359375;1716;
1248,528;37,972938537597656;1753,888671875;1716;
1248,529;38,167057037353516;1749,965087890625;1716;
1248,53;37,529998779296875;1738,194091796875;1716;
1248,531;38,41353225708008;1748,00341796875;1716;
1248,532;38,07823181152344;1748,00341796875;1716;
1248,533;37,972938537597656;1748,00341796875;1716;
1248,534;38,16587829589844;1734,2705078125;1716;
1248,535;37,529998779296875;1734,2705078125;1716;
1248,536;38,14882278442383;1748,00341796875;1716;
1248,537;38,07823181152344;1755,8507080078125;1716;
1248,538;38,41353225708008;1749,965087890625;1716;
1248,539;38,16587829589844;1738,194091796875;1716;
1248,54;37,53176498413086;1740,15576171875;1716;
1248,541;38,14882278442383;1748,00341796875;1716;
1248,542;38,07823181152344;1749,965087890625;1716;
1248,543;38,4152946472168;1736,232177734375;1716;
1248,544;38,16587829589844;1734,2705078125;1716;
1248,545;37,972938537597656;1744,07958984375;1716;
1248,546;38,147647857666016;1753,888671875;1716;
1248,547;38,077056884765625;1755,8507080078125;1716;
1248,548;38,4152946472168;1740,15576171875;1716;
1248,549;38,16587829589844;1734,2705078125;1716;
1248,55;37,972938537597656;1746,0413818359375;1716;
1248,551;38,14882278442383;1749,965087890625;1716;
1248,552;37,53117752075195;1736,232177734375;1716;
1248,553;38,4152946472168;1740,15576171875;1716;
1248,554;38,07823181152344;1744,07958984375;1716;
1248,555;37,972938537597656;1753,888671875;1716;
1248,556;38,167057037353516;1748,00341796875;1716;
1248,557;37,529998779296875;1736,232177734375;1716;
1248,558;38,4152946472168;1736,232177734375;1716;
1248,559;38,07823181152344;1749,965087890625;1716;
1248,56;37,972938537597656;1749,965087890625;1716;
1248,561;38,16587829589844;1734,2705078125;1716;
1248,562;37,529998779296875;1738,194091796875;1716;
1248,563;38,14882278442383;1748,00341796875;1716;
1248,564;38,07823181152344;1753,888671875;1716;
1248,565;38,4152946472168;1749,965087890625;1716;
1248,566;38,16587829589844;1734,2705078125;1716;
1248,567;37,529998779296875;1736,232177734375;1716;
1248,568;38,14882278442383;1746,0413818359375;1716;
1248,569;38,07823181152344;1751,927001953125;1716;
1248,57;38,4152946472168;1736,232177734375;1716;
1248,571;38,16587829589844;1734,2705078125;1716;
1248,572;37,972938537597656;1746,0413818359375;1716;
1248,573;38,14882278442383;1755,8507080078125;1716;
1248,574;37,529998779296875;1753,888671875;1716;
1248,575;38,4152946472168;1736,232177734375;1716;
1248,576;38,16587829589844;1732,3084716796875;1716;
1248,577;37,972938537597656;1746,0413818359375;1716;
1248,578;38,14882278442383;1749,965087890625;1716;
1248,579;37,529998779296875;1746,0413818359375;1716;
1248,58;38,4152946472168;1738,194091796875;1716;
1248,581;38,07823181152344;1742,1177978515625;1716;
1248,582;37,974117279052734;1755,8507080078125;1716;
1248,583;38,149410247802734;1749,965087890625;1716;
1248,584;37,529998779296875;1734,2705078125;1716;
1248,585;38,4152946472168;1734,2705078125;1716;
1248,586;38,07823181152344;1746,0413818359375;1716;
1248,587;37,972938537597656;1749,965087890625;1716;
1248,588;38,167057037353516;1744,07958984375;1716;
1248,589;37,529998779296875;1738,194091796875;1716;
1248,59;38,14882278442383;1748,00341796875;1716;
1248,591;38,07823181152344;1749,965087890625;1716;
1248,592;37,972938537597656;1749,965087890625;1716;
1248,593;38,16587829589844;1732,3084716796875;1716;
1248,594;37,53058624267578;1736,232177734375;1716;
1248,595;38,149410247802734;1746,0413818359375;1716;
1248,596;38,077056884765625;1749,965087890625;1716;
1248,597;38,41353225708008;1742,1177978515625;1716;
1248,598;38,16646957397461;1734,2705078125;1716;
1248,599;37,97117614746094;1746,0413818359375;1716;
1248,6;38,148231506347656;1753,888671875;1716;
1248,601;38,07823181152344;1748,00341796875;1716;
1248,602;38,41353225708008;1734,2705078125;1716;
1248,603;38,16529083251953;1732,3084716796875;1716;
1248,604;37,971763610839844;1744,07958984375;1716;
1248,605;38,14882278442383;1755,8507080078125;1716;
1248,606;37,53117752075195;1748,00341796875;1716;
1248,607;38,4152946472168;1738,194091796875;1716;
1248,608;38,0811767578125;1742,1177978515625;1716;
1248,609;37,88470458984375;1751,927001953125;1716;
1248,61;38,061763763427734;1749,965087890625;1716;
1248,611;37,44117736816406;1734,2705078125;1716;
1248,612;38,32353210449219;1736,232177734375;1716;
1248,613;37,98823547363281;1744,07958984375;1716;
1248,614;37,88470458984375;1751,927001953125;1716;
1248,615;38,07646942138672;1749,965087890625;1716;
1248,616;37,44117736816406;1738,194091796875;1716;
1248,617;38,32353210449219;1740,15576171875;1716;
1248,618;37,98823547363281;1746,0413818359375;1716;
1248,619;37,88235092163086;1748,00341796875;1716;
1248,62;38,07352828979492;1730,3466796875;1716;
1248,621;37,44117736816406;1734,2705078125;1716;
1248,622;38,05882263183594;1748,00341796875;1716;
1248,623;37,98823547363281;1753,888671875;1716;
1248,624;38,320587158203125;1746,0413818359375;1716;
1248,625;38,078819274902344;1732,3084716796875;1716;
1248,626;37,44117736816406;1740,15576171875;1716;
1248,627;38,05882263183594;1746,0413818359375;1716;
1248,628;37,98823547363281;1748,00341796875;1716;
1248,629;38,320587158203125;1734,2705078125;1716;
1248,63;38,07646942138672;1732,3084716796875;1716;
1248,631;37,88235092163086;1744,07958984375;1716;
1248,632;38,05882263183594;1753,888671875;1716;
1248,633;37,438236236572266;1751,927001953125;1716;
1248,634;38,32353210449219;1734,2705078125;1716;
1248,635;37,98823547363281;1730,3466796875;1716;
1248,636;37,88235092163086;1744,07958984375;1716;
1248,637;38,05588150024414;1748,00341796875;1716;
1248,638;37,438236236572266;1738,194091796875;1716;
1248,639;38,320587158203125;1736,232177734375;1716;
1248,64;37,98823547363281;1742,1177978515625;1716;
1248,641;37,88235092163086;1751,927001953125;1716;
1248,642;38,07352828979492;1748,00341796875;1716;
1248,643;37,438236236572266;1734,2705078125;1716;
1248,644;38,32353210449219;1732,3084716796875;1716;
1248,645;37,98823547363281;1744,07958984375;1716;
1248,646;37,87940979003906;1748,00341796875;1716;
1248,647;38,07352828979492;1738,194091796875;1716;
1248,648;37,438236236572266;1736,232177734375;1716;
1248,649;38,121761322021484;1746,0413818359375;1716;
1248,65;38,05058670043945;1749,965087890625;1716;
1248,651;37,9417610168457;1748,00341796875;1716;
1248,652;38,147056579589844;1730,3466796875;1716;
1248,653;37,508235931396484;1732,3084716796875;1716;
1248,654;38,142940521240234;1744,07958984375;1716;
1248,655;38,072349548339844;1749,965087890625;1716;
1248,656;38,40764617919922;1744,07958984375;1716;
1248,657;38,15764617919922;1732,3084716796875;1716;
1248,658;37,53411865234375;1740,15576171875;1716;
1248,659;38,13999938964844;1748,00341796875;1716;
1248,66;38,072349548339844;1749,965087890625;1716;
1248,661;38,4094123840332;1732,3084716796875;1716;
1248,662;38,15882110595703;1730,3466796875;1716;
1248,663;37,959999084472656;1744,07958984375;1716;
1248,664;38,13117599487305;1749,965087890625;1716;
1248,665;37,508819580078125;1748,00341796875;1716;
1248,666;38,38176345825195;1732,3084716796875;1716;
1248,667;38,13999938964844;1730,3466796875;1716;
1248,668;37,94293975830078;1746,0413818359375;1716;
1248,669;38,12528991699219;1746,0413818359375;1716;
1248,67;37,50529479980469;1740,15576171875;1716;
1248,671;38,38470458984375;1734,2705078125;1716;
1248,672;38,130584716796875;1742,1177978515625;1716;
1248,673;37,94293975830078;1749,965087890625;1716;
1248,674;38,22117614746094;1746,0413818359375;1716;
1248,675;37,592350006103516;1732,3084716796875;1716;
1248,676;38,47117614746094;1736,232177734375;1716;
1248,677;38,15058517456055;1740,15576171875;1716;
1248,678;38,04587936401367;1744,07958984375;1716;
1248,679;38,24293899536133;1738,194091796875;1716;
1248,68;37,58940887451172;1734,2705078125;1716;
1248,681;38,20587921142578;1746,0413818359375;1716;
1248,682;38,13823318481445;1749,965087890625;1716;
1248,683;38,03705596923828;1746,0413818359375;1716;
1248,684;38,237056732177734;1728,3848876953125;1716;
1248,685;37,59470748901367;1732,3084716796875;1716;
1248,686;38,217647552490234;1744,07958984375;1716;
1248,687;38,14881896972656;1749,965087890625;1716;
1248,688;38,48235321044922;1742,1177978515625;1716;
1248,689;38,222938537597656;1730,3466796875;1716;
1248,69;37,59293746948242;1732,3084716796875;1716;
1248,691;38,21588134765625;1748,00341796875;1716;
1248,692;38,15705490112305;1748,00341796875;1716;
1248,693;38,508235931396484;1730,3466796875;1716;
1248,694;38,263526916503906;1732,3084716796875;1716;
1248,695;38,07646942138672;1742,1177978515625;1716;
1248,696;38,24470520019531;1749,965087890625;1716;
1248,697;37,635292053222656;1748,00341796875;1716;
1248,698;38,52294158935547;1732,3084716796875;1716;
1248,699;38,26764678955078;1732,3084716796875;1716;
1248,7;38,06999969482422;1740,15576171875;1716;
1248,701;38,239410400390625;1748,00341796875;1716;
1248,702;37,61882019042969;1744,07958984375;1716;
1248,703;38,4935302734375;1734,2705078125;1716;
1248,704;38,14940643310547;1740,15576171875;1716;
1248,705;38,042938232421875;1749,965087890625;1716;
1248,706;38,21588134765625;1748,00341796875;1716;
1248,707;37,60234832763672;1730,3466796875;1716;
1248,708;38,476470947265625;1734,2705078125;1716;
1248,709;38,14117431640625;1740,15576171875;1716;
1248,71;38,03352737426758;1746,0413818359375;1716;
1248,711;38,229408264160156;1742,1177978515625;1716;
1248,712;37,593528747558594;1734,2705078125;1716;
1248,713;38,474117279052734;1736,232177734375;1716;
1248,714;38,135292053222656;1748,00341796875;1716;
1248,715;38,03705596923828;1746,0413818359375;1716;
1248,716;38,22999954223633;1728,3848876953125;1716;
1248,717;37,59470748901367;1730,3466796875;1716;
1248,718;38,211761474609375;1744,07958984375;1716;
1248,719;38,139408111572266;1749,965087890625;1716;
1248,72;38,47705841064453;1744,07958984375;1716;
1248,721;38,234703063964844;1732,3084716796875;1716;
1248,722;37,58940887451172;1732,3084716796875;1716;
1248,723;38,21529006958008;1742,1177978515625;1716;
1248,724;38,141761779785156;1746,0413818359375;1716;
1248,725;38,47588348388672;1734,2705078125;1716;
1248,726;38,22646713256836;1728,3848876953125;1716;
1248,727;38,03940963745117;1740,15576171875;1716;
1248,728;38,21470260620117;1751,927001953125;1716;
1248,729;37,59646987915039;1749,965087890625;1716;
1248,73;38,47294235229492;1730,3466796875;1716;
1248,731;38,228233337402344;1728,3848876953125;1716;
1248,732;38,03293991088867;1740,15576171875;1716;
1248,733;38,20941162109375;1746,0413818359375;1716;
1248,734;37,5905876159668;1748,00341796875;1716;
1248,735;38,47705841064453;1736,232177734375;1716;
1248,736;38,141761779785156;1738,194091796875;1716;
1248,737;38,03352737426758;1748,00341796875;1716;
1248,738;38,21352767944336;1746,0413818359375;1716;
1248,739;37,5941162109375;1734,2705078125;1716;
1248,74;38,47588348388672;1730,3466796875;1716;
1248,741;38,13999557495117;1740,15576171875;1716;
1248,742;38,03705596923828;1748,00341796875;1716;
1248,743;38,23117446899414;1744,07958984375;1716;
1248,744;37,59529113769531;1734,2705078125;1716;
1248,745;38,21470260620117;1744,07958984375;1716;
1248,746;38,13764572143555;1740,15576171875;1716;
1248,747;38,03999710083008;1746,0413818359375;1716;
1248,748;38,229408264160156;1732,3084716796875;1716;
1248,749;37,5911750793457;1730,3466796875;1716;
1248,75;38,20941162109375;1742,1177978515625;1716;
1248,751;38,14881896972656;1749,965087890625;1716;
1248,752;38,03705596923828;1746,0413818359375;1716;
1248,753;38,230587005615234;1726,4228515625;1716;
1248,754;37,593528747558594;1730,3466796875;1716;
1248,755;38,21117401123047;1744,07958984375;1716;
1248,756;38,13882064819336;1746,0413818359375;1716;
1248,757;38,478824615478516;1736,232177734375;1716;
1248,758;38,22764587402344;1730,3466796875;1716;
1248,759;39,23823165893555;1740,15576171875;1716;
1248,76;38,15058898925781;1748,00341796875;1716;
1248,761;38,07587814331055;1746,0413818359375;1716;
1248,762;38,412353515625;1728,3848876953125;1716;
1248,763;38,162349700927734;1726,4228515625;1716;
1248,764;37,97117614746094;1742,1177978515625;1716;
1248,765;38,147647857666016;1748,00341796875;1716;
1248,766;37,529998779296875;1744,07958984375;1716;
1248,767;38,412940979003906;1732,3084716796875;1716;
1248,768;38,07529067993164;1738,194091796875;1716;
1248,769;37,97235107421875;1742,1177978515625;1716;
1248,77;38,14882278442383;1742,1177978515625;1716;
1248,771;37,53117752075195;1732,3084716796875;1716;
1248,772;38,41353225708008;1732,3084716796875;1716;
1248,773;38,07529067993164;1740,15576171875;1716;
1248,774;37,97235107421875;1749,965087890625;1716;
1248,775;38,14882278442383;1746,0413818359375;1716;
1248,776;37,53293991088867;1730,3466796875;1716;
1248,777;38,412940979003906;1732,3084716796875;1716;
1248,778;38,07823181152344;1742,1177978515625;1716;
1248,779;37,97235107421875;1744,07958984375;1716;
1248,78;38,16646957397461;1736,232177734375;1716;
1248,781;37,53117752075195;1732,3084716796875;1716;
1248,782;38,14882278442383;1742,1177978515625;1716;
1248,783;38,07823181152344;1749,965087890625;1716;
1248,784;37,97235107421875;1744,07958984375;1716;
1248,785;38,16646957397461;1726,4228515625;1716;
1248,786;37,53117752075195;1728,3848876953125;1716;
1248,787;38,14882278442383;1744,07958984375;1716;
1248,788;38,07764434814453;1749,965087890625;1716;
1248,789;38,412940979003906;1744,07958984375;1716;
1248,79;38,16646957397461;1732,3084716796875;1716;
1248,791;37,528236389160156;1736,232177734375;1716;
1248,792;38,14882278442383;1746,0413818359375;1716;
1248,793;38,07764434814453;1746,0413818359375;1716;
1248,794;38,412940979003906;1734,2705078125;1716;
1248,795;38,16646957397461;1730,3466796875;1716;
1248,796;37,97235107421875;1740,15576171875;1716;
1248,797;38,14882278442383;1749,965087890625;1716;
1248,798;38,07823181152344;1748,00341796875;1716;
1248,799;38,41353225708008;1732,3084716796875;1716;
1248,8;38,16646957397461;1728,3848876953125;1716;
1248,801;37,97235107421875;1740,15576171875;1716;
1248,802;38,14882278442383;1742,1177978515625;1716;
1248,803;37,53117752075195;1740,15576171875;1716;
1248,804;38,412940979003906;1734,2705078125;1716;
1248,805;38,07529067993164;1738,194091796875;1716;
1248,806;37,97235107421875;1749,965087890625;1716;
1248,807;38,14882278442383;1744,07958984375;1716;
1248,808;37,53117752075195;1728,3848876953125;1716;
1248,809;38,14882278442383;1736,232177734375;1716;
1248,81;38,07823181152344;1742,1177978515625;1716;
1248,811;37,97235107421875;1748,00341796875;1716;
1248,812;38,16646957397461;1742,1177978515625;1716;
1248,813;37,53117752075195;1734,2705078125;1716;
1248,814;38,148231506347656;1744,07958984375;1716;
1248,815;38,078819274902344;1742,1177978515625;1716;
1248,816;37,97235107421875;1742,1177978515625;1716;
1248,817;38,16646957397461;1730,3466796875;1716;
1248,818;37,53117752075195;1730,3466796875;1716;
1248,819;38,14882278442383;1744,07958984375;1716;
1248,82;38,078819274902344;1749,965087890625;1716;
1248,821;37,971763610839844;1746,0413818359375;1716;
1248,822;38,16646957397461;1728,3848876953125;1716;
1248,823;37,53117752075195;1736,232177734375;1716;
1248,824;38,14882278442383;1742,1177978515625;1716;
1248,825;38,07764434814453;1744,07958984375;1716;
1248,826;38,412940979003906;1736,232177734375;1716;
1248,827;38,16646957397461;1730,3466796875;1716;
1248,828;37,97235107421875;1746,0413818359375;1716;
1248,829;38,14882278442383;1748,00341796875;1716;
1248,83;38,07823181152344;1746,0413818359375;1716;
1248,831;38,412940979003906;1728,3848876953125;1716;
1248,832;38,16646957397461;1732,3084716796875;1716;
1248,833;37,97235107421875;1740,15576171875;1716;
1248,834;38,14882278442383;1748,00341796875;1716;
1248,835;37,53117752075195;1744,07958984375;1716;
1248,836;38,412940979003906;1732,3084716796875;1716;
1248,837;38,16646957397461;1734,2705078125;1716;
1248,838;37,97235107421875;1742,1177978515625;1716;
1248,839;38,14882278442383;1742,1177978515625;1716;
1248,84;37,53117752075195;1734,2705078125;1716;
1248,841;38,41353225708008;1734,2705078125;1716;
1248,842;38,07529067993164;1738,194091796875;1716;
1248,843;37,97235107421875;1748,00341796875;1716;
1248,844;38,14882278442383;1746,0413818359375;1716;
1248,845;37,53293991088867;1728,3848876953125;1716;
1248,846;38,412940979003906;1736,232177734375;1716;
1248,847;38,07823181152344;1740,15576171875;1716;
1248,848;37,97235107421875;1744,07958984375;1716;
1248,849;38,16646957397461;1738,194091796875;1716;
1248,85;37,53117752075195;1732,3084716796875;1716;
1248,851;38,14588165283203;1742,1177978515625;1716;
1248,852;38,07823181152344;1748,00341796875;1716;
1248,853;37,97235107421875;1744,07958984375;1716;
1248,854;38,16646957397461;1726,4228515625;1716;
1248,855;37,53117752075195;1732,3084716796875;1716;
1248,856;38,14882278442383;1744,07958984375;1716;
1248,857;38,078819274902344;1749,965087890625;1716;
1248,858;38,412940979003906;1742,1177978515625;1716;
1248,859;38,16646957397461;1732,3084716796875;1716;
1248,86;37,53117752075195;1734,2705078125;1716;
1248,861;38,14882278442383;1742,1177978515625;1716;
1248,862;38,07764434814453;1744,07958984375;1716;
1248,863;38,412940979003906;1732,3084716796875;1716;
1248,864;38,16646957397461;1726,4228515625;1716;
1248,865;37,97235107421875;1740,15576171875;1716;
1248,866;38,14882278442383;1749,965087890625;1716;
1248,867;38,07999801635742;1748,00341796875;1716;
1248,868;38,41353225708008;1734,2705078125;1716;
1248,869;38,16646957397461;1726,4228515625;1716;
1248,87;37,97235107421875;1740,15576171875;1716;
1248,871;38,14882278442383;1746,0413818359375;1716;
1248,872;37,53117752075195;1736,232177734375;1716;
1248,873;38,412940979003906;1734,2705078125;1716;
1248,874;38,16646957397461;1734,2705078125;1716;
1248,875;37,97235107421875;1744,07958984375;1716;
1248,876;38,16646957397461;1740,15576171875;1716;
1248,877;37,53117752075195;1728,3848876953125;1716;
1248,878;38,41353225708008;1728,3848876953125;1716;
1248,879;38,078819274902344;1738,194091796875;1716;
1248,88;37,972938537597656;1748,00341796875;1716;
1248,881;38,16646957397461;1738,194091796875;1716;
1248,882;37,53293991088867;1732,3084716796875;1716;
1248,883;38,412940979003906;1734,2705078125;1716;
1248,884;38,07823181152344;1738,194091796875;1716;
1248,885;37,97235107421875;1742,1177978515625;1716;
1248,886;38,16823196411133;1734,2705078125;1716;
1248,887;37,53117752075195;1728,3848876953125;1716;
1248,888;38,148231506347656;1742,1177978515625;1716;
1248,889;38,07646560668945;1748,00341796875;1716;
1248,89;37,97587966918945;1746,0413818359375;1716;
1248,891;38,169410705566406;1726,4228515625;1716;
1248,892;37,527645111083984;1728,3848876953125;1716;
1248,893;38,061763763427734;1740,15576171875;1716;
1248,894;37,993526458740234;1748,00341796875;1716;
1248,895;38,32353210449219;1740,15576171875;1716;
1248,896;38,07646942138672;1730,3466796875;1716;
1248,897;37,44352722167969;1734,2705078125;1716;
1248,898;38,05882263183594;1748,00341796875;1716;
1248,899;37,98823547363281;1744,07958984375;1716;
1248,9;38,32353210449219;1726,4228515625;1716;
1248,901;38,07646942138672;1726,4228515625;1716;
1248,902;37,88235092163086;1740,15576171875;1716;
1248,903;38,05882263183594;1748,00341796875;1716;
1248,904;37,98823547363281;1746,0413818359375;1716;
1248,905;38,32353210449219;1730,3466796875;1716;
1248,906;38,07646942138672;1734,2705078125;1716;
1248,907;37,88235092163086;1738,194091796875;1716;
1248,908;38,05882263183594;1744,07958984375;1716;
1248,909;37,44117736816406;1738,194091796875;1716;
1248,91;38,32353210449219;1730,3466796875;1716;
1248,911;37,98823547363281;1736,232177734375;1716;
1248,912;37,88235092163086;1746,0413818359375;1716;
1248,913;38,05882263183594;1744,07958984375;1716;
1248,914;37,44117736816406;1728,3848876953125;1716;
1248,915;38,32353210449219;1730,3466796875;1716;
1248,916;37,98823547363281;1740,15576171875;1716;
1248,917;37,88235092163086;1746,0413818359375;1716;
1248,918;38,07646942138672;1744,07958984375;1716;
1248,919;37,44117736816406;1732,3084716796875;1716;
1248,92;38,32353210449219;1734,2705078125;1716;
1248,921;37,98823547363281;1742,1177978515625;1716;
1248,922;37,88235092163086;1742,1177978515625;1716;
1248,923;38,07646942138672;1724,461181640625;1716;
1248,924;37,44117736816406;1730,3466796875;1716;
1248,925;38,05882263183594;1744,07958984375;1716;
1248,926;37,98823547363281;1748,00341796875;1716;
1248,927;38,32353210449219;1732,3084716796875;1716;
1248,928;38,07646942138672;1726,4228515625;1716;
1248,929;37,44117736816406;1728,3848876953125;1716;
1248,93;38,05882263183594;1740,15576171875;1716;
1248,931;37,98823547363281;1746,0413818359375;1716;
1248,932;38,38470458984375;1732,3084716796875;1716;
1248,933;38,13646697998047;1726,4228515625;1716;
1248,934;37,498233795166016;1734,2705078125;1716;
1248,935;38,12528991699219;1742,1177978515625;1716;
1248,936;38,05881881713867;1744,07958984375;1716;
1248,937;38,401763916015625;1728,3848876953125;1716;
1248,938;38,160587310791016;1726,4228515625;1716;
1248,939;37,95823287963867;1740,15576171875;1716;
1248,94;38,13999938964844;1746,0413818359375;1716;
1248,941;37,52176284790039;1744,07958984375;1716;
1248,942;38,410587310791016;1728,3848876953125;1716;
1248,943;38,16352844238281;1726,4228515625;1716;
1248,944;37,96705627441406;1740,15576171875;1716;
1248,945;38,142940521240234;1744,07958984375;1716;
1248,946;37,521175384521484;1738,194091796875;1716;
1248,947;38,39882278442383;1734,2705078125;1716;
1248,948;38,05881881713867;1736,232177734375;1716;
1248,949;37,94352722167969;1742,1177978515625;1716;
1248,95;38,12528991699219;1742,1177978515625;1716;
1248,951;37,5064697265625;1728,3848876953125;1716;
1248,952;38,387062072753906;1728,3848876953125;1716;
1248,953;38,05234909057617;1736,232177734375;1716;
1248,954;37,946468353271484;1748,00341796875;1716;
1248,955;38,23117446899414;1744,07958984375;1716;
1248,956;37,587646484375;1728,3848876953125;1716;
1248,957;38,20411682128906;1734,2705078125;1716;
1248,958;38,13175964355469;1738,194091796875;1716;
1248,959;38,03293991088867;1740,15576171875;1716;
1248,96;38,23881912231445;1734,2705078125;1716;
1248,961;37,5970573425293;1730,3466796875;1716;
1248,962;38,22352981567383;1740,15576171875;1716;
1248,963;38,14293670654297;1744,07958984375;1716;
1248,964;38,03117752075195;1740,15576171875;1716;
1248,965;38,23117446899414;1724,461181640625;1716;
1248,966;37,59587860107422;1726,4228515625;1716;
1248,967;38,21882247924805;1740,15576171875;1716;
1248,968;38,14470291137695;1746,0413818359375;1716;
1248,969;38,47529220581055;1740,15576171875;1716;
1248,97;38,23999786376953;1728,3848876953125;1716;
1248,971;37,60176467895508;1730,3466796875;1716;
1248,972;38,20411682128906;1738,194091796875;1716;
1248,973;38,14529037475586;1740,15576171875;1716;
1248,974;38,47588348388672;1726,4228515625;1716;
1248,975;38,239410400390625;1726,4228515625;1716;
1248,976;38,06175994873047;1738,194091796875;1716;
1248,977;38,2470588684082;1746,0413818359375;1716;
1248,978;38,179996490478516;1744,07958984375;1716;
1248,979;38,51176452636719;1726,4228515625;1716;
1248,98;38,271175384521484;1722,499267578125;1716;
1248,981;38,077056884765625;1738,194091796875;1716;
1248,982;38,252349853515625;1744,07958984375;1716;
1248,983;37,627647399902344;1736,232177734375;1716;
1248,984;38,50706100463867;1730,3466796875;1716;
1248,985;38,25587844848633;1730,3466796875;1716;
1248,986;38,06175994873047;1742,1177978515625;1716;
1248,987;38,23117446899414;1738,194091796875;1716;
1248,988;37,612937927246094;1732,3084716796875;1716;
1248,989;38,4835319519043;1730,3466796875;1716;
1248,99;38,14470291137695;1736,232177734375;1716;
1248,991;38,041175842285156;1746,0413818359375;1716;
1248,992;38,21117401123047;1740,15576171875;1716;
1248,993;37,5970573425293;1726,4228515625;1716;
1248,994;38,47764587402344;1728,3848876953125;1716;
1248,995;38,13705825805664;1736,232177734375;1716;
1248,996;38,034706115722656;1742,1177978515625;1716;
1248,997;38,22764587402344;1740,15576171875;1716;
1248,998;37,5941162109375;1726,4228515625;1716;
1248,999;38,211761474609375;1738,194091796875;1716;
1249;38,147056579589844;1738,194091796875;1716;
1249,001;38,03588104248047;1740,15576171875;1716;
1249,002;38,22999954223633;1728,3848876953125;1716;
1249,003;37,593528747558594;1728,3848876953125;1716;
1249,004;38,21411895751953;1740,15576171875;1716;
1249,005;38,14352798461914;1744,07958984375;1716;
1249,006;38,034706115722656;1738,194091796875;1716;
1249,007;38,22705841064453;1722,499267578125;1716;
1249,008;37,5970573425293;1726,4228515625;1716;
1249,009;38,21411895751953;1738,194091796875;1716;
1249,01;38,14117431640625;1746,0413818359375;1716;
1249,011;38,46941375732422;1738,194091796875;1716;
1249,012;38,23117446899414;1726,4228515625;1716;
1249,013;37,5911750793457;1730,3466796875;1716;
1249,014;38,216468811035156;1740,15576171875;1716;
1249,015;38,14234924316406;1742,1177978515625;1716;
1249,016;38,47764587402344;1726,4228515625;1716;
1249,017;38,228233337402344;1726,4228515625;1716;
1249,018;38,038818359375;1734,2705078125;1716;
1249,019;38,21411895751953;1746,0413818359375;1716;
1249,02;38,148231506347656;1742,1177978515625;1716;
1249,021;38,476470947265625;1726,4228515625;1716;
1249,022;38,230587005615234;1722,499267578125;1716;
1249,023;38,034706115722656;1736,232177734375;1716;
1249,024;38,21235275268555;1744,07958984375;1716;
1249,025;37,5941162109375;1736,232177734375;1716;
1249,026;38,47764587402344;1730,3466796875;1716;
1249,027;38,23411560058594;1728,3848876953125;1716;
1249,028;38,036468505859375;1734,2705078125;1716;
1249,029;38,21117401123047;1738,194091796875;1716;
1249,03;37,59646987915039;1732,3084716796875;1716;
1249,031;38,478233337402344;1726,4228515625;1716;
1249,032;38,14529037475586;1734,2705078125;1716;
1249,033;38,03764724731445;1744,07958984375;1716;
1249,034;38,216468811035156;1742,1177978515625;1716;
1249,035;37,59587860107422;1724,461181640625;1716;
1249,036;38,47588348388672;1726,4228515625;1716;
1249,037;38,14117431640625;1734,2705078125;1716;
1249,038;38,03705596923828;1744,07958984375;1716;
1249,039;38,23234939575195;1740,15576171875;1716;
1249,04;37,599998474121094;1726,4228515625;1716;
1249,041;38,21235275268555;1734,2705078125;1716;
1249,042;38,132938385009766;1738,194091796875;1716;
1249,043;37,972938537597656;1740,15576171875;1716;
1249,044;38,167057037353516;1728,3848876953125;1716;
1249,045;37,529998779296875;1726,4228515625;1716;
1249,046;38,147647857666016;1738,194091796875;1716;
1249,047;38,077056884765625;1742,1177978515625;1716;
1249,048;37,970584869384766;1740,15576171875;1716;
1249,049;38,16529083251953;1724,461181640625;1716;
1249,05;37,5288200378418;1726,4228515625;1716;
1249,051;38,147647857666016;1736,232177734375;1716;
1249,052;38,07823181152344;1744,07958984375;1716;
1249,053;38,41353225708008;1740,15576171875;1716;
1249,054;38,16587829589844;1724,461181640625;1716;
1249,055;37,53176498413086;1728,3848876953125;1716;
1249,056;38,14882278442383;1740,15576171875;1716;
1249,057;38,07823181152344;1742,1177978515625;1716;
1249,058;38,4152946472168;1726,4228515625;1716;
1249,059;38,16587829589844;1724,461181640625;1716;
1249,06;37,972938537597656;1736,232177734375;1716;
1249,061;38,14882278442383;1742,1177978515625;1716;
1249,062;38,077056884765625;1740,15576171875;1716;
1249,063;38,4152946472168;1724,461181640625;1716;
1249,064;38,16587829589844;1722,499267578125;1716;
1249,065;37,972938537597656;1736,232177734375;1716;
1249,066;38,14882278442383;1742,1177978515625;1716;
1249,067;37,529998779296875;1738,194091796875;1716;
1249,068;38,4152946472168;1730,3466796875;1716;
1249,069;38,16529083251953;1724,461181640625;1716;
1249,07;37,974117279052734;1734,2705078125;1716;
1249,071;38,14882278442383;1738,194091796875;1716;
1249,072;37,53117752075195;1730,3466796875;1716;
1249,073;38,4152946472168;1728,3848876953125;1716;
1249,074;38,07823181152344;1732,3084716796875;1716;
1249,075;37,972938537597656;1742,1177978515625;1716;
1249,076;38,149410247802734;1742,1177978515625;1716;
1249,077;37,529998779296875;1722,499267578125;1716;
1249,078;38,4152946472168;1724,461181640625;1716;
1249,079;38,07823181152344;1736,232177734375;1716;
1249,08;37,972938537597656;1740,15576171875;1716;
1249,081;38,167057037353516;1740,15576171875;1716;
1249,082;37,529998779296875;1728,3848876953125;1716;
1249,083;38,41353225708008;1728,3848876953125;1716;
1249,084;38,07823181152344;1738,194091796875;1716;
1249,085;37,972938537597656;1742,1177978515625;1716;
1249,086;38,167057037353516;1732,3084716796875;1716;
1249,087;37,529998779296875;1728,3848876953125;1716;
1249,088;38,14882278442383;1738,194091796875;1716;
1249,089;38,07823181152344;1740,15576171875;1716;
1249,09;37,974117279052734;1736,232177734375;1716;
1249,091;38,167057037353516;1724,461181640625;1716;
1249,092;37,529998779296875;1724,461181640625;1716;
1249,093;38,14882278442383;1738,194091796875;1716;
1249,094;38,07823181152344;1746,0413818359375;1716;
1249,095;37,974117279052734;1740,15576171875;1716;
1249,096;38,16587829589844;1724,461181640625;1716;
1249,097;37,53176498413086;1728,3848876953125;1716;
1249,098;38,14882278442383;1736,232177734375;1716;
1249,099;38,07823181152344;1742,1177978515625;1716;
1249,1;38,4152946472168;1726,4228515625;1716;
1249,101;38,16587829589844;1724,461181640625;1716;
1249,102;37,972938537597656;1734,2705078125;1716;
1249,103;38,14882278442383;1742,1177978515625;1716;
1249,104;38,077056884765625;1738,194091796875;1716;
1249,105;38,4152946472168;1724,461181640625;1716;
1249,106;38,16587829589844;1722,499267578125;1716;
1249,107;37,974117279052734;1736,232177734375;1716;
1249,108;38,14882278442383;1742,1177978515625;1716;
1249,109;37,529998779296875;1742,1177978515625;1716;
1249,11;38,4152946472168;1724,461181640625;1716;
1249,111;38,16529083251953;1722,499267578125;1716;
1249,112;37,972938537597656;1734,2705078125;1716;
1249,113;38,14882278442383;1740,15576171875;1716;
1249,114;37,53117752075195;1740,15576171875;1716;
1249,115;38,4152946472168;1728,3848876953125;1716;
1249,116;38,07823181152344;1728,3848876953125;1716;
1249,117;37,972938537597656;1742,1177978515625;1716;
1249,118;38,14882278442383;1740,15576171875;1716;
1249,119;37,529998779296875;1728,3848876953125;1716;
1249,12;38,4152946472168;1726,4228515625;1716;
1249,121;38,07823181152344;1736,232177734375;1716;
1249,122;37,972938537597656;1742,1177978515625;1716;
1249,123;38,167057037353516;1740,15576171875;1716;
1249,124;37,529998779296875;1726,4228515625;1716;
1249,125;38,4152946472168;1726,4228515625;1716;
1249,126;38,07823181152344;1734,2705078125;1716;
1249,127;37,972938537597656;1738,194091796875;1716;
1249,128;38,16587829589844;1732,3084716796875;1716;
1249,129;37,529998779296875;1726,4228515625;1716;
1249,13;38,14882278442383;1736,232177734375;1716;
1249,131;38,07823181152344;1738,194091796875;1716;
1249,132;37,972938537597656;1738,194091796875;1716;
1249,133;38,167057037353516;1726,4228515625;1716;
1249,134;37,529998779296875;1724,461181640625;1716;
1249,135;38,14882278442383;1738,194091796875;1716;
1249,136;38,07823181152344;1744,07958984375;1716;
1249,137;38,41353225708008;1738,194091796875;1716;
1249,138;38,16587829589844;1726,4228515625;1716;
1249,139;37,529998779296875;1726,4228515625;1716;
1249,14;38,14882278442383;1738,194091796875;1716;
1249,141;38,07823181152344;1742,1177978515625;1716;
1249,142;38,4152946472168;1730,3466796875;1716;
1249,143;38,16587829589844;1726,4228515625;1716;
1249,144;37,53176498413086;1730,3466796875;1716;
1249,145;38,14882278442383;1740,15576171875;1716;
1249,146;38,07823181152344;1738,194091796875;1716;
1249,147;38,4152946472168;1724,461181640625;1716;
1249,148;38,16587829589844;1722,499267578125;1716;
1249,149;37,972938537597656;1736,232177734375;1716;
1249,15;38,14882278442383;1744,07958984375;1716;
1249,151;37,529998779296875;1742,1177978515625;1716;
1249,152;38,4152946472168;1724,461181640625;1716;
1249,153;38,16587829589844;1720,53759765625;1716;
1249,154;37,972938537597656;1736,232177734375;1716;
1249,155;38,14882278442383;1742,1177978515625;1716;
1249,156;37,529998779296875;1730,3466796875;1716;
1249,157;38,4152946472168;1730,3466796875;1716;
1249,158;38,16646957397461;1732,3084716796875;1716;
1249,159;37,974117279052734;1736,232177734375;1716;
1249,16;38,14882278442383;1738,194091796875;1716;
1249,161;37,53117752075195;1722,499267578125;1716;
1249,162;38,41353225708008;1726,4228515625;1716;
1249,163;38,07764434814453;1732,3084716796875;1716;
1249,164;37,97235107421875;1744,07958984375;1716;
1249,165;38,167057037353516;1740,15576171875;1716;
1249,166;37,53293991088867;1724,461181640625;1716;
1249,167;38,4152946472168;1726,4228515625;1716;
1249,168;38,07764434814453;1734,2705078125;1716;
1249,169;37,97235107421875;1740,15576171875;1716;
1249,17;38,16823196411133;1740,15576171875;1716;
1249,171;37,529998779296875;1724,461181640625;1716;
1249,172;38,41176223754883;1732,3084716796875;1716;
1249,173;38,07764434814453;1738,194091796875;1716;
1249,174;37,97235107421875;1740,15576171875;1716;
1249,175;38,15882110595703;1730,3466796875;1716;
1249,176;37,44411849975586;1726,4228515625;1716;
1249,177;38,061763763427734;1738,194091796875;1716;
1249,178;37,98823547363281;1742,1177978515625;1716;
1249,179;37,88235092163086;1738,194091796875;1716;
1249,18;38,078819274902344;1720,53759765625;1716;
1249,181;37,44117736816406;1724,461181640625;1716;
1249,182;38,05882263183594;1736,232177734375;1716;
1249,183;37,98823547363281;1744,07958984375;1716;
1249,184;38,32353210449219;1736,232177734375;1716;
1249,185;38,07646942138672;1722,499267578125;1716;
1249,186;37,44117736816406;1728,3848876953125;1716;
1249,187;38,05882263183594;1736,232177734375;1716;
1249,188;37,98823547363281;1740,15576171875;1716;
1249,189;38,32353210449219;1728,3848876953125;1716;
1249,19;38,07646942138672;1724,461181640625;1716;
1249,191;37,88235092163086;1734,2705078125;1716;
1249,192;38,05882263183594;1742,1177978515625;1716;
1249,193;37,98823547363281;1740,15576171875;1716;
1249,194;38,32353210449219;1722,499267578125;1716;
1249,195;38,07646942138672;1722,499267578125;1716;
1249,196;37,88235092163086;1736,232177734375;1716;
1249,197;38,05882263183594;1742,1177978515625;1716;
1249,198;37,44117736816406;1740,15576171875;1716;
1249,199;38,32353210449219;1728,3848876953125;1716;
1249,2;38,07646942138672;1726,4228515625;1716;
1249,201;37,88235092163086;1734,2705078125;1716;
1249,202;38,05882263183594;1742,1177978515625;1716;
1249,203;37,44117736816406;1732,3084716796875;1716;
1249,204;38,32353210449219;1728,3848876953125;1716;
1249,205;37,98823547363281;1732,3084716796875;1716;
1249,206;37,88235092163086;1740,15576171875;1716;
1249,207;38,05882263183594;1738,194091796875;1716;
1249,208;37,44117736816406;1722,499267578125;1716;
1249,209;38,32353210449219;1728,3848876953125;1716;
1249,21;37,98823547363281;1734,2705078125;1716;
1249,211;37,88235092163086;1742,1177978515625;1716;
1249,212;38,07646942138672;1736,232177734375;1716;
1249,213;37,44117736816406;1724,461181640625;1716;
1249,214;38,32353210449219;1726,4228515625;1716;
1249,215;36,758819580078125;1736,232177734375;1716;
1249,216;37,9417610168457;1740,15576171875;1716;
1249,217;38,13587951660156;1724,461181640625;1716;
1249,218;37,51117706298828;1728,3848876953125;1716;
1249,219;38,39411926269531;1736,232177734375;1716;
1249,22;38,06940841674805;1738,194091796875;1716;
1249,221;37,966468811035156;1738,194091796875;1716;
1249,222;38,160587310791016;1722,499267578125;1716;
1249,223;37,5223503112793;1724,461181640625;1716;
1249,224;38,12470245361328;1736,232177734375;1716;
1249,225;38,07823181152344;1744,07958984375;1716;
1249,226;37,966468811035156;1740,15576171875;1716;
1249,227;38,2341194152832;1720,53759765625;1716;
1249,228;37,527645111083984;1724,461181640625;1716;
1249,229;38,13941192626953;1736,232177734375;1716;
1249,23;38,06764602661133;1740,15576171875;1716;
1249,231;38,39764404296875;1734,2705078125;1716;
1249,232;38,14411544799805;1726,4228515625;1716;
1249,233;37,50764465332031;1730,3466796875;1716;
1249,234;38,12411880493164;1742,1177978515625;1716;
1249,235;38,04882049560547;1738,194091796875;1716;
1249,236;38,387062072753906;1726,4228515625;1716;
1249,237;38,140586853027344;1722,499267578125;1716;
1249,238;37,946468353271484;1736,232177734375;1716;
1249,239;38,20235061645508;1744,07958984375;1716;
1249,24;38,13470458984375;1740,15576171875;1716;
1249,241;38,46823501586914;1724,461181640625;1716;
1249,242;38,23176193237305;1720,53759765625;1716;
1249,243;38,03999710083008;1732,3084716796875;1716;
1249,244;38,221763610839844;1742,1177978515625;1716;
1249,245;37,60764694213867;1740,15576171875;1716;
1249,246;38,4905891418457;1728,3848876953125;1716;
1249,247;38,22764587402344;1724,461181640625;1716;
1249,248;38,03705596923828;1736,232177734375;1716;
1249,249;38,21352767944336;1738,194091796875;1716;
1249,25;37,598236083984375;1728,3848876953125;1716;
1249,251;38,486473083496094;1724,461181640625;1716;
1249,252;38,14529037475586;1732,3084716796875;1716;
1249,253;38,04176330566406;1740,15576171875;1716;
1249,254;38,22058868408203;1736,232177734375;1716;
1249,255;37,5976448059082;1724,461181640625;1716;
1249,256;38,471763610839844;1728,3848876953125;1716;
1249,257;38,140586853027344;1732,3084716796875;1716;
1249,258;38,04411697387695;1742,1177978515625;1716;
1249,259;38,24646759033203;1738,194091796875;1716;
1249,26;37,626468658447266;1726,4228515625;1716;
1249,261;38,514705657958984;1726,4228515625;1716;
1249,262;38,18058776855469;1734,2705078125;1716;
1249,263;38,074703216552734;1738,194091796875;1716;
1249,264;38,271175384521484;1722,499267578125;1716;
1249,265;37,64117431640625;1728,3848876953125;1716;
1249,266;38,24764633178711;1736,232177734375;1716;
1249,267;38,17411422729492;1740,15576171875;1716;
1249,268;38,06117630004883;1738,194091796875;1716;
1249,269;38,2535285949707;1720,53759765625;1716;
1249,27;37,612937927246094;1722,499267578125;1716;
1249,271;38,22941207885742;1736,232177734375;1716;
1249,272;38,15058517456055;1742,1177978515625;1716;
1249,273;38,480587005615234;1738,194091796875;1716;
1249,274;38,228233337402344;1722,499267578125;1716;
1249,275;37,60234832763672;1724,461181640625;1716;
1249,276;38,21529006958008;1734,2705078125;1716;
1249,277;38,140586853027344;1738,194091796875;1716;
1249,278;38,476470947265625;1732,3084716796875;1716;
1249,279;38,23117446899414;1722,499267578125;1716;
1249,28;37,59529113769531;1730,3466796875;1716;
1249,281;38,21411895751953;1738,194091796875;1716;
1249,282;38,14646911621094;1740,15576171875;1716;
1249,283;38,476470947265625;1726,4228515625;1716;
1249,284;38,23234939575195;1722,499267578125;1716;
1249,285;38,038818359375;1734,2705078125;1716;
1249,286;38,217647552490234;1742,1177978515625;1716;
1249,287;38,14117431640625;1740,15576171875;1716;
1249,288;38,48117446899414;1724,461181640625;1716;
1249,289;38,22646713256836;1720,53759765625;1716;
1249,29;38,038818359375;1734,2705078125;1716;
1249,291;38,207645416259766;1742,1177978515625;1716;
1249,292;37,598236083984375;1738,194091796875;1716;
1249,293;38,47764587402344;1730,3466796875;1716;
1249,294;38,23117446899414;1732,3084716796875;1716;
1249,295;38,03352737426758;1734,2705078125;1716;
1249,296;38,21411895751953;1738,194091796875;1716;
1249,297;37,59529113769531;1730,3466796875;1716;
1249,298;38,478824615478516;1724,461181640625;1716;
1249,299;38,14352798461914;1730,3466796875;1716;
1249,3;38,03764724731445;1742,1177978515625;1716;
1249,301;38,21117401123047;1740,15576171875;1716;
1249,302;37,5941162109375;1722,499267578125;1716;
1249,303;38,47705841064453;1724,461181640625;1716;
1249,304;38,14293670654297;1734,2705078125;1716;
1249,305;38,036468505859375;1740,15576171875;1716;
1249,306;38,23411560058594;1738,194091796875;1716;
1249,307;37,59529113769531;1728,3848876953125;1716;
1249,308;38,480587005615234;1728,3848876953125;1716;
1249,309;38,14234924316406;1734,2705078125;1716;
1249,31;38,03823471069336;1738,194091796875;1716;
1249,311;38,23234939575195;1722,499267578125;1716;
1249,312;37,59646987915039;1724,461181640625;1716;
1249,313;38,48176574707031;1734,2705078125;1716;
1249,314;38,14411544799805;1740,15576171875;1716;
1249,315;38,0352897644043;1736,232177734375;1716;
1249,316;38,229408264160156;1722,499267578125;1716;
1249,317;37,59470748901367;1722,499267578125;1716;
1249,318;38,21470260620117;1734,2705078125;1716;
1249,319;38,14352798461914;1744,07958984375;1716;
1249,32;38,48235321044922;1736,232177734375;1716;
1249,321;38,228233337402344;1720,53759765625;1716;
1249,322;37,593528747558594;1722,499267578125;1716;
1249,323;38,21470260620117;1736,232177734375;1716;
1249,324;38,13764572143555;1742,1177978515625;1716;
1249,325;38,471763610839844;1732,3084716796875;1716;
1249,326;38,184120178222656;1724,461181640625;1716;
1249,327;37,529998779296875;1730,3466796875;1716;
1249,328;38,149410247802734;1736,232177734375;1716;
1249,329;38,07764434814453;1738,194091796875;1716;
1249,33;38,41117477416992;1726,4228515625;1716;
1249,331;38,16529083251953;1720,53759765625;1716;
1249,332;37,97117614746094;1732,3084716796875;1716;
1249,333;38,147647857666016;1742,1177978515625;1716;
1249,334;38,07823181152344;1742,1177978515625;1716;
1249,335;38,41353225708008;1720,53759765625;1716;
1249,336;38,16646957397461;1718,5755615234375;1716;
1249,337;37,97235107421875;1734,2705078125;1716;
1249,338;38,14882278442383;1740,15576171875;1716;
1249,339;37,53117752075195;1736,232177734375;1716;
1249,34;38,48352813720703;1726,4228515625;1716;
1249,341;38,16646957397461;1722,499267578125;1716;
1249,342;37,97235107421875;1736,232177734375;1716;
1249,343;38,14882278442383;1738,194091796875;1716;
1249,344;37,53117752075195;1728,3848876953125;1716;
1249,345;38,412940979003906;1726,4228515625;1716;
1249,346;38,07823181152344;1734,2705078125;1716;
1249,347;37,97235107421875;1738,194091796875;1716;
1249,348;38,14882278442383;1736,232177734375;1716;
1249,349;37,53117752075195;1724,461181640625;1716;
1249,35;38,412940979003906;1724,461181640625;1716;
1249,351;38,078819274902344;1732,3084716796875;1716;
1249,352;37,97235107421875;1742,1177978515625;1716;
1249,353;38,14882278442383;1740,15576171875;1716;
1249,354;37,53117752075195;1720,53759765625;1716;
1249,355;38,412940979003906;1728,3848876953125;1716;
1249,356;38,078819274902344;1732,3084716796875;1716;
1249,357;37,97235107421875;1738,194091796875;1716;
1249,358;38,16646957397461;1732,3084716796875;1716;
1249,359;37,53117752075195;1726,4228515625;1716;
1249,36;38,14882278442383;1736,232177734375;1716;
1249,361;38,078819274902344;1736,232177734375;1716;
1249,362;37,97235107421875;1734,2705078125;1716;
1249,363;38,16646957397461;1722,499267578125;1716;
1249,364;37,53117752075195;1722,499267578125;1716;
1249,365;38,14882278442383;1736,232177734375;1716;
1249,366;38,07764434814453;1742,1177978515625;1716;
1249,367;37,97235107421875;1736,232177734375;1716;
1249,368;38,16646957397461;1720,53759765625;1716;
1249,369;37,53117752075195;1724,461181640625;1716;
1249,37;38,14882278442383;1734,2705078125;1716;
1249,371;38,07764434814453;1742,1177978515625;1716;
1249,372;38,41353225708008;1732,3084716796875;1716;
1249,373;38,16646957397461;1722,499267578125;1716;
1249,374;37,53117752075195;1724,461181640625;1716;
1249,375;38,14882278442383;1734,2705078125;1716;
1249,376;38,07764434814453;1738,194091796875;1716;
1249,377;38,412940979003906;1722,499267578125;1716;
1249,378;38,16646957397461;1722,499267578125;1716;
1249,379;37,53117752075195;1732,3084716796875;1716;
1249,38;38,14882278442383;1736,232177734375;1716;
1249,381;38,07999801635742;1736,232177734375;1716;
1249,382;38,412940979003906;1720,53759765625;1716;
1249,383;38,16646957397461;1720,53759765625;1716;
1249,384;37,97235107421875;1732,3084716796875;1716;
1249,385;38,14882278442383;1742,1177978515625;1716;
1249,386;37,53117752075195;1738,194091796875;1716;
1249,387;38,412940979003906;1722,499267578125;1716;
1249,388;38,16646957397461;1716,61376953125;1716;
1249,389;37,97235107421875;1732,3084716796875;1716;
1249,39;38,14882278442383;1736,232177734375;1716;
1249,391;37,53117752075195;1738,194091796875;1716;
1249,392;38,412940979003906;1728,3848876953125;1716;
1249,393;38,16646957397461;1724,461181640625;1716;
1249,394;37,97235107421875;1738,194091796875;1716;
1249,395;38,14882278442383;1736,232177734375;1716;
1249,396;37,53117752075195;1722,499267578125;1716;
1249,397;38,412940979003906;1724,461181640625;1716;
1249,398;38,07823181152344;1730,3466796875;1716;
1249,399;37,97235107421875;1738,194091796875;1716;
1249,4;38,14882278442383;1736,232177734375;1716;
1249,401;37,53117752075195;1722,499267578125;1716;
1249,402;38,412940979003906;1722,499267578125;1716;
1249,403;38,078819274902344;1730,3466796875;1716;
1249,404;37,97235107421875;1740,15576171875;1716;
1249,405;38,14882278442383;1738,194091796875;1716;
1249,406;37,53117752075195;1720,53759765625;1716;
1249,407;38,412940979003906;1726,4228515625;1716;
1249,408;38,078819274902344;1732,3084716796875;1716;
1249,409;37,97235107421875;1736,232177734375;1716;
1249,41;38,16646957397461;1732,3084716796875;1716;
1249,411;37,53117752075195;1724,461181640625;1716;
1249,412;38,14882278442383;1730,3466796875;1716;
1249,413;38,078819274902344;1734,2705078125;1716;
1249,414;37,97235107421875;1734,2705078125;1716;
1249,415;38,16646957397461;1722,499267578125;1716;
1249,416;37,53117752075195;1720,53759765625;1716;
1249,417;38,14882278442383;1734,2705078125;1716;
1249,418;38,078819274902344;1740,15576171875;1716;
1249,419;37,97235107421875;1736,232177734375;1716;
1249,42;38,16646957397461;1720,53759765625;1716;
1249,421;37,53117752075195;1720,53759765625;1716;
1249,422;38,14882278442383;1732,3084716796875;1716;
1249,423;38,07764434814453;1740,15576171875;1716;
1249,424;38,412940979003906;1732,3084716796875;1716;
1249,425;38,16646957397461;1718,5755615234375;1716;
1249,426;37,53117752075195;1720,53759765625;1716;
1249,427;38,14882278442383;1732,3084716796875;1716;
1249,428;38,07764434814453;1738,194091796875;1716;
1249,429;38,412940979003906;1730,3466796875;1716;
1249,43;38,16646957397461;1722,499267578125;1716;
1249,431;37,53117752075195;1730,3466796875;1716;
1249,432;38,14882278442383;1734,2705078125;1716;
1249,433;38,07764434814453;1734,2705078125;1716;
1249,434;38,412940979003906;1720,53759765625;1716;
1249,435;38,16646957397461;1718,5755615234375;1716;
1249,436;37,97235107421875;1732,3084716796875;1716;
1249,437;38,14882278442383;1740,15576171875;1716;
1249,438;38,07823181152344;1738,194091796875;1716;
1249,439;38,41353225708008;1720,53759765625;1716;
1249,44;38,16646957397461;1718,5755615234375;1716;
1249,441;37,97235107421875;1732,3084716796875;1716;
1249,442;38,14882278442383;1738,194091796875;1716;
1249,443;37,53117752075195;1730,3466796875;1716;
1249,444;38,4152946472168;1726,4228515625;1716;
1249,445;38,16646957397461;1718,5755615234375;1716;
1249,446;37,97235107421875;1732,3084716796875;1716;
1249,447;38,14882278442383;1736,232177734375;1716;
1249,448;37,53117752075195;1730,3466796875;1716;
1249,449;38,41353225708008;1726,4228515625;1716;
1249,45;38,077056884765625;1730,3466796875;1716;
1249,451;37,97117614746094;1736,232177734375;1716;
1249,452;38,147647857666016;1732,3084716796875;1716;
1249,453;37,53117752075195;1724,461181640625;1716;
1249,454;38,4152946472168;1724,461181640625;1716;
1249,455;38,07823181152344;1728,3848876953125;1716;
1249,456;37,974117279052734;1738,194091796875;1716;
1249,457;38,147647857666016;1736,232177734375;1716;
1249,458;37,53117752075195;1718,5755615234375;1716;
1249,459;38,32882308959961;1722,499267578125;1716;
1249,46;37,99117660522461;1730,3466796875;1716;
1249,461;37,88235092163086;1738,194091796875;1716;
1249,462;38,07646942138672;1734,2705078125;1716;
1249,463;37,44117736816406;1722,499267578125;1716;
1249,464;38,06117630004883;1728,3848876953125;1716;
1249,465;37,98823547363281;1730,3466796875;1716;
1249,466;37,88235092163086;1734,2705078125;1716;
1249,467;38,07646942138672;1728,3848876953125;1716;
1249,468;37,44117736816406;1722,499267578125;1716;
1249,469;38,05882263183594;1732,3084716796875;1716;
1249,47;37,98823547363281;1732,3084716796875;1716;
1249,471;37,88235092163086;1732,3084716796875;1716;
1249,472;38,07646942138672;1722,499267578125;1716;
1249,473;37,44117736816406;1720,53759765625;1716;
1249,474;38,05882263183594;1734,2705078125;1716;
1249,475;37,98823547363281;1740,15576171875;1716;
1249,476;37,88235092163086;1734,2705078125;1716;
1249,477;38,07646942138672;1716,61376953125;1716;
1249,478;37,44117736816406;1718,5755615234375;1716;
1249,479;38,05882263183594;1734,2705078125;1716;
1249,48;37,98823547363281;1740,15576171875;1716;
1249,481;37,88235092163086;1734,2705078125;1716;
1249,482;38,07646942138672;1722,499267578125;1716;
1249,483;37,44117736816406;1720,53759765625;1716;
1249,484;38,05882263183594;1732,3084716796875;1716;
1249,485;37,98823547363281;1738,194091796875;1716;
1249,486;38,32353210449219;1724,461181640625;1716;
1249,487;38,07646942138672;1720,53759765625;1716;
1249,488;37,88235092163086;1724,461181640625;1716;
1249,489;38,05882263183594;1734,2705078125;1716;
1249,49;37,98823547363281;1736,232177734375;1716;
1249,491;38,32353210449219;1720,53759765625;1716;
1249,492;38,07646942138672;1716,61376953125;1716;
1249,493;37,88235092163086;1730,3466796875;1716;
1249,494;38,05882263183594;1738,194091796875;1716;
1249,495;37,98823547363281;1736,232177734375;1716;
1249,496;38,32353210449219;1718,5755615234375;1716;
1249,497;38,07646942138672;1718,5755615234375;1716;
1249,498;37,88235092163086;1730,3466796875;1716;
1249,499;38,121761322021484;1734,2705078125;1716;
1249,5;37,5064697265625;1734,2705078125;1716;
1249,501;38,38470458984375;1722,499267578125;1716;
1249,502;38,14764404296875;1718,5755615234375;1716;
1249,503;37,957645416259766;1730,3466796875;1716;
1249,504;38,142940521240234;1736,232177734375;1716;
1249,505;37,525291442871094;1734,2705078125;1716;
1249,506;38,40764617919922;1724,461181640625;1716;
1249,507;38,072349548339844;1728,3848876953125;1716;
1249,508;37,97529220581055;1736,232177734375;1716;
1249,509;38,14588165283203;1734,2705078125;1716;
1249,51;37,5229377746582;1726,4228515625;1716;
1249,511;38,410587310791016;1724,461181640625;1716;
1249,512;38,07176208496094;1728,3848876953125;1716;
1249,513;37,959999084472656;1734,2705078125;1716;
1249,514;38,13176345825195;1732,3084716796875;1716;
1249,515;37,51058578491211;1720,53759765625;1716;
1249,516;38,392940521240234;1720,53759765625;1716;
1249,517;38,051761627197266;1728,3848876953125;1716;
1249,518;37,94588088989258;1740,15576171875;1716;
1249,519;38,12528991699219;1736,232177734375;1716;
1249,52;37,50529479980469;1722,499267578125;1716;
1249,521;38,47352981567383;1720,53759765625;1716;
1249,522;38,04646682739258;1730,3466796875;1716;
1249,523;37,94293975830078;1736,232177734375;1716;
1249,524;38,22117614746094;1728,3848876953125;1716;
1249,525;37,59529113769531;1722,499267578125;1716;
1249,526;38,48823547363281;1724,461181640625;1716;
1249,527;38,14764404296875;1730,3466796875;1716;
1249,528;38,04587936401367;1736,232177734375;1716;
1249,529;38,243526458740234;1724,461181640625;1716;
1249,53;37,59587860107422;1724,461181640625;1716;
1249,531;38,21235275268555;1732,3084716796875;1716;
1249,532;38,14470291137695;1734,2705078125;1716;
1249,533;38,045291900634766;1734,2705078125;1716;
1249,534;38,234703063964844;1718,5755615234375;1716;
1249,535;37,5976448059082;1720,53759765625;1716;
1249,536;38,22235107421875;1732,3084716796875;1716;
1249,537;38,15058517456055;1740,15576171875;1716;
1249,538;38,48411560058594;1736,232177734375;1716;
1249,539;38,23646926879883;1716,61376953125;1716;
1249,54;37,60234832763672;1718,5755615234375;1716;
1249,541;38,21940994262695;1730,3466796875;1716;
1249,542;38,160587310791016;1738,194091796875;1716;
1249,543;38,510589599609375;1732,3084716796875;1716;
1249,544;38,268821716308594;1720,53759765625;1716;
1249,545;38,07764434814453;1728,3848876953125;1716;
1249,546;38,25117492675781;1734,2705078125;1716;
1249,547;38,18352508544922;1736,232177734375;1716;
1249,548;38,52294158935547;1720,53759765625;1716;
1249,549;38,2658805847168;1720,53759765625;1716;
1249,55;38,07352828979492;1730,3466796875;1716;
1249,551;38,23823165893555;1734,2705078125;1716;
1249,552;38,162349700927734;1736,232177734375;1716;
1249,553;38,5;1720,53759765625;1716;
1249,554;38,245880126953125;1722,499267578125;1716;
1249,555;38,04058837890625;1728,3848876953125;1716;
1249,556;38,21352767944336;1740,15576171875;1716;
1249,557;37,59293746948242;1738,194091796875;1716;
1249,558;38,47764587402344;1722,499267578125;1716;
1249,559;38,23234939575195;1722,499267578125;1716;
1249,56;38,0352897644043;1730,3466796875;1716;
1249,561;38,21706008911133;1738,194091796875;1716;
1249,562;37,59529113769531;1736,232177734375;1716;
1249,563;38,47352981567383;1724,461181640625;1716;
1249,564;38,140586853027344;1724,461181640625;1716;
1249,565;38,03588104248047;1728,3848876953125;1716;
1249,566;38,21352767944336;1736,232177734375;1716;
1249,567;37,5970573425293;1732,3084716796875;1716;
1249,568;38,47705841064453;1720,53759765625;1716;
1249,569;38,14411544799805;1724,461181640625;1716;
1249,57;38,03823471069336;1732,3084716796875;1716;
1249,571;38,21706008911133;1734,2705078125;1716;
1249,572;37,593528747558594;1720,53759765625;1716;
1249,573;38,47941207885742;1722,499267578125;1716;
1249,574;38,14646911621094;1728,3848876953125;1716;
1249,575;38,036468505859375;1738,194091796875;1716;
1249,576;38,21235275268555;1734,2705078125;1716;
1249,577;37,5905876159668;1720,53759765625;1716;
1249,578;38,476470947265625;1718,5755615234375;1716;
1249,579;38,14117431640625;1728,3848876953125;1716;
1249,58;38,03705596923828;1738,194091796875;1716;
1249,581;38,23234939575195;1730,3466796875;1716;
1249,582;37,593528747558594;1722,499267578125;1716;
1249,583;38,47529220581055;1720,53759765625;1716;
1249,584;38,139408111572266;1728,3848876953125;1716;
1249,585;38,03588104248047;1734,2705078125;1716;
1249,586;38,23293685913086;1724,461181640625;1716;
1249,587;37,59646987915039;1722,499267578125;1716;
1249,588;38,217647552490234;1726,4228515625;1716;
1249,589;38,140586853027344;1736,232177734375;1716;
1249,59;38,0352897644043;1734,2705078125;1716;
1249,591;38,230587005615234;1720,53759765625;1716;
1249,592;37,59529113769531;1720,53759765625;1716;
1249,593;38,21352767944336;1732,3084716796875;1716;
1249,594;38,14411544799805;1738,194091796875;1716;
1249,595;38,041175842285156;1732,3084716796875;1716;
1249,596;38,228233337402344;1718,5755615234375;1716;
1249,597;37,599998474121094;1718,5755615234375;1716;
1249,598;38,21294021606445;1732,3084716796875;1716;
1249,599;38,141761779785156;1740,15576171875;1716;
1249,6;38,478233337402344;1736,232177734375;1716;
1249,601;38,230587005615234;1718,5755615234375;1716;
1249,602;37,59941101074219;1720,53759765625;1716;
1249,603;38,21058654785156;1732,3084716796875;1716;
1249,604;38,141761779785156;1736,232177734375;1716;
1249,605;38,47764587402344;1732,3084716796875;1716;
1249,606;38,22764587402344;1718,5755615234375;1716;
1249,607;37,5976448059082;1728,3848876953125;1716;
1249,608;38,20823287963867;1736,232177734375;1716;
1249,609;39,36705780029297;1736,232177734375;1716;
1249,61;38,414703369140625;1718,5755615234375;1716;
1249,611;38,167057037353516;1716,61376953125;1716;
1249,612;37,96999740600586;1730,3466796875;1716;
1249,613;38,147647857666016;1734,2705078125;1716;
1249,614;38,07587814331055;1734,2705078125;1716;
1249,615;38,41176223754883;1718,5755615234375;1716;
1249,616;38,167057037353516;1716,61376953125;1716;
1249,617;37,97117614746094;1730,3466796875;1716;
1249,618;38,14882278442383;1738,194091796875;1716;
1249,619;37,529998779296875;1738,194091796875;1716;
1249,62;38,4152946472168;1718,5755615234375;1716;
1249,621;38,16529083251953;1718,5755615234375;1716;
1249,622;37,972938537597656;1730,3466796875;1716;
1249,623;38,14882278442383;1736,232177734375;1716;
1249,624;37,53117752075195;1736,232177734375;1716;
1249,625;38,4152946472168;1722,499267578125;1716;
1249,626;38,16646957397461;1720,53759765625;1716;
1249,627;37,972938537597656;1730,3466796875;1716;
1249,628;38,14882278442383;1732,3084716796875;1716;
1249,629;37,529998779296875;1724,461181640625;1716;
1249,63;38,4152946472168;1722,499267578125;1716;
1249,631;38,07823181152344;1728,3848876953125;1716;
1249,632;37,972938537597656;1736,232177734375;1716;
1249,633;38,148231506347656;1732,3084716796875;1716;
1249,634;37,529998779296875;1720,53759765625;1716;
1249,635;38,4152946472168;1720,53759765625;1716;
1249,636;38,07823181152344;1728,3848876953125;1716;
1249,637;37,972938537597656;1738,194091796875;1716;
1249,638;38,149410247802734;1736,232177734375;1716;
1249,639;37,529998779296875;1718,5755615234375;1716;
1249,64;38,41353225708008;1720,53759765625;1716;
1249,641;38,07823181152344;1730,3466796875;1716;
1249,642;37,972938537597656;1736,232177734375;1716;
1249,643;38,16587829589844;1730,3466796875;1716;
1249,644;37,529998779296875;1722,499267578125;1716;
1249,645;38,14882278442383;1726,4228515625;1716;
1249,646;38,07823181152344;1730,3466796875;1716;
1249,647;37,972938537597656;1730,3466796875;1716;
1249,648;38,167057037353516;1724,461181640625;1716;
1249,649;37,53117752075195;1718,5755615234375;1716;
1249,65;38,14882278442383;1732,3084716796875;1716;
1249,651;38,07823181152344;1736,232177734375;1716;
1249,652;37,974117279052734;1734,2705078125;1716;
1249,653;38,16587829589844;1718,5755615234375;1716;
1249,654;37,529998779296875;1716,61376953125;1716;
1249,655;38,14882278442383;1732,3084716796875;1716;
1249,656;38,07823181152344;1738,194091796875;1716;
1249,657;37,97235107421875;1732,3084716796875;1716;
1249,658;38,16587829589844;1718,5755615234375;1716;
1249,659;37,529998779296875;1718,5755615234375;1716;
1249,66;38,14882278442383;1732,3084716796875;1716;
1249,661;38,07823181152344;1738,194091796875;1716;
1249,662;38,4152946472168;1732,3084716796875;1716;
1249,663;38,16587829589844;1722,499267578125;1716;
1249,664;37,53176498413086;1722,499267578125;1716;
1249,665;38,147647857666016;1730,3466796875;1716;
1249,666;38,07823181152344;1734,2705078125;1716;
1249,667;38,4152946472168;1724,461181640625;1716;
1249,668;38,16587829589844;1718,5755615234375;1716;
1249,669;37,53176498413086;1728,3848876953125;1716;
1249,67;38,14882278442383;1734,2705078125;1716;
1249,671;38,077056884765625;1734,2705078125;1716;
1249,672;38,4152946472168;1720,53759765625;1716;
1249,673;38,16587829589844;1720,53759765625;1716;
1249,674;37,974117279052734;1730,3466796875;1716;
1249,675;38,14882278442383;1736,232177734375;1716;
1249,676;38,077056884765625;1734,2705078125;1716;
1249,677;38,4152946472168;1718,5755615234375;1716;
1249,678;38,16587829589844;1716,61376953125;1716;
1249,679;37,972938537597656;1730,3466796875;1716;
1249,68;38,14882278442383;1738,194091796875;1716;
1249,681;37,529998779296875;1738,194091796875;1716;
1249,682;38,4152946472168;1720,53759765625;1716;
1249,683;38,16529083251953;1718,5755615234375;1716;
1249,684;37,972938537597656;1730,3466796875;1716;
1249,685;38,14882278442383;1734,2705078125;1716;
1249,686;37,53117752075195;1732,3084716796875;1716;
1249,687;38,4152946472168;1724,461181640625;1716;
1249,688;38,07823181152344;1722,499267578125;1716;
1249,689;37,972938537597656;1732,3084716796875;1716;
1249,69;38,14882278442383;1732,3084716796875;1716;
1249,691;37,529998779296875;1722,499267578125;1716;
1249,692;38,4152946472168;1722,499267578125;1716;
1249,693;38,07823181152344;1728,3848876953125;1716;
1249,694;37,972938537597656;1736,232177734375;1716;
1249,695;38,149410247802734;1732,3084716796875;1716;
1249,696;37,529998779296875;1720,53759765625;1716;
1249,697;38,4152946472168;1720,53759765625;1716;
1249,698;38,07823181152344;1726,4228515625;1716;
1249,699;37,972938537597656;1738,194091796875;1716;
1249,7;38,149410247802734;1734,2705078125;1716;
1249,701;37,529998779296875;1720,53759765625;1716;
1249,702;38,41353225708008;1720,53759765625;1716;
1249,703;38,07823181152344;1730,3466796875;1716;
1249,704;37,972938537597656;1734,2705078125;1716;
1249,705;38,16587829589844;1732,3084716796875;1716;
1249,706;37,529998779296875;1722,499267578125;1716;
1249,707;38,41353225708008;1726,4228515625;1716;
1249,708;38,07823181152344;1730,3466796875;1716;
1249,709;37,972938537597656;1732,3084716796875;1716;
1249,71;38,167057037353516;1724,461181640625;1716;
1249,711;37,529998779296875;1722,499267578125;1716;
1249,712;38,14882278442383;1730,3466796875;1716;
1249,713;38,07823181152344;1736,232177734375;1716;
1249,714;37,974117279052734;1732,3084716796875;1716;
1249,715;38,167057037353516;1718,5755615234375;1716;
1249,716;37,529998779296875;1718,5755615234375;1716;
1249,717;38,14882278442383;1730,3466796875;1716;
1249,718;38,07823181152344;1738,194091796875;1716;
1249,719;37,97235107421875;1734,2705078125;1716;
1249,72;38,16587829589844;1714,6519775390625;1716;
1249,721;37,529998779296875;1720,53759765625;1716;
1249,722;38,14882278442383;1732,3084716796875;1716;
1249,723;38,07823181152344;1738,194091796875;1716;
1249,724;38,41353225708008;1732,3084716796875;1716;
1249,725;38,16587829589844;1718,5755615234375;1716;
1249,726;37,53293991088867;1726,4228515625;1716;
1249,727;38,14882278442383;1728,3848876953125;1716;
1249,728;38,077056884765625;1734,2705078125;1716;
1249,729;38,41353225708008;1726,4228515625;1716;
1249,73;38,16587829589844;1718,5755615234375;1716;
1249,731;37,53117752075195;1726,4228515625;1716;
1249,732;38,14882278442383;1732,3084716796875;1716;
1249,733;38,07999801635742;1734,2705078125;1716;
1249,734;38,412353515625;1722,499267578125;1716;
1249,735;38,16587829589844;1716,61376953125;1716;
1249,736;37,97235107421875;1730,3466796875;1716;
1249,737;38,14882278442383;1736,232177734375;1716;
1249,738;38,07999801635742;1734,2705078125;1716;
1249,739;38,412940979003906;1718,5755615234375;1716;
1249,74;38,17117691040039;1716,61376953125;1716;
1249,741;37,97764587402344;1730,3466796875;1716;
1249,742;38,061763763427734;1738,194091796875;1716;
1249,743;37,44411849975586;1734,2705078125;1716;
1249,744;38,32588195800781;1720,53759765625;1716;
1249,745;38,07646942138672;1716,61376953125;1716;
1249,746;37,88235092163086;1728,3848876953125;1716;
1249,747;38,06117630004883;1734,2705078125;1716;
1249,748;37,44117736816406;1732,3084716796875;1716;
1249,749;38,32353210449219;1722,499267578125;1716;
1249,75;38,07646942138672;1720,53759765625;1716;
1249,751;37,88235092163086;1738,194091796875;1716;
1249,752;38,05882263183594;1734,2705078125;1716;
1249,753;37,44117736816406;1726,4228515625;1716;
1249,754;38,32353210449219;1724,461181640625;1716;
1249,755;37,98823547363281;1728,3848876953125;1716;
1249,756;37,88235092163086;1736,232177734375;1716;
1249,757;38,05882263183594;1732,3084716796875;1716;
1249,758;37,44117736816406;1718,5755615234375;1716;
1249,759;38,32353210449219;1720,53759765625;1716;
1249,76;37,98823547363281;1728,3848876953125;1716;
1249,761;37,88470458984375;1738,194091796875;1716;
1249,762;38,05882263183594;1736,232177734375;1716;
1249,763;37,44117736816406;1718,5755615234375;1716;
1249,764;38,05882263183594;1732,3084716796875;1716;
1249,765;37,98823547363281;1730,3466796875;1716;
1249,766;37,88235092163086;1736,232177734375;1716;
1249,767;38,07646942138672;1734,2705078125;1716;
1249,768;37,44117736816406;1720,53759765625;1716;
1249,769;38,32353210449219;1726,4228515625;1716;
1249,77;37,98823547363281;1730,3466796875;1716;
1249,771;37,88235092163086;1734,2705078125;1716;
1249,772;38,07646942138672;1726,4228515625;1716;
1249,773;37,44117736816406;1720,53759765625;1716;
1249,774;38,32353210449219;1728,3848876953125;1716;
1249,775;37,98823547363281;1732,3084716796875;1716;
1249,776;37,88235092163086;1730,3466796875;1716;
1249,777;38,078819274902344;1716,61376953125;1716;
1249,778;37,44117736816406;1720,53759765625;1716;
1249,779;38,05882263183594;1732,3084716796875;1716;
1249,78;37,98823547363281;1738,194091796875;1716;
1249,781;37,88235092163086;1736,232177734375;1716;
1249,782;38,139408111572266;1714,6519775390625;1716;
1249,783;37,5064697265625;1718,5755615234375;1716;
1249,784;38,12294006347656;1732,3084716796875;1716;
1249,785;38,06117630004883;1736,232177734375;1716;
1249,786;37,95176315307617;1732,3084716796875;1716;
1249,787;38,160587310791016;1718,5755615234375;1716;
1249,788;37,525291442871094;1720,53759765625;1716;
1249,789;38,13999938964844;1730,3466796875;1716;
1249,79;38,06940841674805;1736,232177734375;1716;
1249,791;38,410587310791016;1728,3848876953125;1716;
1249,792;38,160587310791016;1718,5755615234375;1716;
1249,793;37,528236389160156;1722,499267578125;1716;
1249,794;38,14470291137695;1734,2705078125;1716;
1249,795;38,070587158203125;1732,3084716796875;1716;
1249,796;38,401763916015625;1724,461181640625;1716;
1249,797;38,15176010131836;1718,5755615234375;1716;
1249,798;37,95470428466797;1730,3466796875;1716;
1249,799;38,11941146850586;1736,232177734375;1716;
1249,8;38,051761627197266;1734,2705078125;1716;
1249,801;38,38999938964844;1716,61376953125;1716;
1249,802;38,13999938964844;1714,6519775390625;1716;
1249,803;37,94940948486328;1730,3466796875;1716;
1249,804;38,12294006347656;1738,194091796875;1716;
1249,805;38,04999542236328;1734,2705078125;1716;
1249,806;38,47294235229492;1722,499267578125;1716;
1249,807;38,22117614746094;1716,61376953125;1716;
1249,808;38,0288200378418;1728,3848876953125;1716;
1249,809;38,21117401123047;1738,194091796875;1716;
1249,81;37,60117721557617;1736,232177734375;1716;
1249,811;38,48764419555664;1722,499267578125;1716;
1249,812;38,24293899536133;1718,5755615234375;1716;
1249,813;38,0323486328125;1730,3466796875;1716;
1249,814;38,20882034301758;1732,3084716796875;1716;
1249,815;37,59529113769531;1722,499267578125;1716;
1249,816;38,47705841064453;1724,461181640625;1716;
1249,817;38,23764419555664;1726,4228515625;1716;
1249,818;38,04176330566406;1732,3084716796875;1716;
1249,819;38,224117279052734;1732,3084716796875;1716;
1249,82;37,60293960571289;1722,499267578125;1716;
1249,821;38,485294342041016;1722,499267578125;1716;
1249,822;38,13646697998047;1728,3848876953125;1716;
1249,823;38,0352897644043;1738,194091796875;1716;
1249,824;38,21117401123047;1734,2705078125;1716;
1249,825;37,612937927246094;1718,5755615234375;1716;
1249,826;38,5064697265625;1720,53759765625;1716;
1249,827;38,1782341003418;1728,3848876953125;1716;
1249,828;38,07999801635742;1734,2705078125;1716;
1249,829;38,245880126953125;1736,232177734375;1716;
1249,83;37,63352966308594;1718,5755615234375;1716;
1249,831;38,51764678955078;1720,53759765625;1716;
1249,832;38,18058776855469;1730,3466796875;1716;
1249,833;38,07176208496094;1734,2705078125;1716;
1249,834;38,26411819458008;1728,3848876953125;1716;
1249,835;37,62176513671875;1722,499267578125;1716;
1249,836;38,50411605834961;1732,3084716796875;1716;
1249,837;38,16293716430664;1728,3848876953125;1716;
1249,838;38,05117416381836;1732,3084716796875;1716;
1249,839;38,235877990722656;1718,5755615234375;1716;
1249,84;37,60176467895508;1718,5755615234375;1716;
1249,841;38,207645416259766;1732,3084716796875;1716;
1249,842;38,13882064819336;1736,232177734375;1716;
1249,843;38,04058837890625;1732,3084716796875;1716;
1249,844;38,22705841064453;1714,6519775390625;1716;
1249,845;37,59293746948242;1720,53759765625;1716;
1249,846;38,211761474609375;1730,3466796875;1716;
1249,847;38,14411544799805;1738,194091796875;1716;
1249,848;38,47588348388672;1732,3084716796875;1716;
1249,849;38,23176193237305;1718,5755615234375;1716;
1249,85;37,5970573425293;1716,61376953125;1716;
1249,851;38,21235275268555;1732,3084716796875;1716;
1249,852;38,13764572143555;1736,232177734375;1716;
1249,853;38,478824615478516;1720,53759765625;1716;
1249,854;38,22882080078125;1720,53759765625;1716;
1249,855;37,599998474121094;1720,53759765625;1716;
1249,856;38,21235275268555;1730,3466796875;1716;
1249,857;38,14234924316406;1734,2705078125;1716;
1249,858;38,478824615478516;1722,499267578125;1716;
1249,859;38,23352813720703;1718,5755615234375;1716;
1249,86;38,03352737426758;1726,4228515625;1716;
1249,861;38,211761474609375;1732,3084716796875;1716;
1249,862;38,13764572143555;1736,232177734375;1716;
1249,863;38,478824615478516;1718,5755615234375;1716;
1249,864;38,22882080078125;1718,5755615234375;1716;
1249,865;38,03823471069336;1730,3466796875;1716;
1249,866;38,21235275268555;1736,232177734375;1716;
1249,867;37,59293746948242;1734,2705078125;1716;
1249,868;38,47529220581055;1718,5755615234375;1716;
1249,869;38,22882080078125;1716,61376953125;1716;
1249,87;38,03588104248047;1730,3466796875;1716;
1249,871;38,21352767944336;1736,232177734375;1716;
1249,872;38,14470291137695;1736,232177734375;1716;
1249,873;38,478824615478516;1718,5755615234375;1716;
1249,874;38,23176193237305;1716,61376953125;1716;
1249,875;38,034114837646484;1728,3848876953125;1716;
1249,876;38,21235275268555;1732,3084716796875;1716;
1249,877;37,5941162109375;1732,3084716796875;1716;
1249,878;38,47764587402344;1722,499267578125;1716;
1249,879;38,23117446899414;1720,53759765625;1716;
1249,88;38,03705596923828;1734,2705078125;1716;
1249,881;38,217647552490234;1732,3084716796875;1716;
1249,882;37,5941162109375;1724,461181640625;1716;
1249,883;38,48235321044922;1722,499267578125;1716;
1249,884;38,141761779785156;1728,3848876953125;1716;
1249,885;38,04176330566406;1734,2705078125;1716;
1249,886;38,21352767944336;1730,3466796875;1716;
1249,887;37,5976448059082;1720,53759765625;1716;
1249,888;38,48235321044922;1720,53759765625;1716;
1249,889;38,14411544799805;1726,4228515625;1716;
1249,89;38,03705596923828;1738,194091796875;1716;
1249,891;38,21058654785156;1734,2705078125;1716;
1249,892;37,5847053527832;1718,5755615234375;1716;
1249,893;38,414703369140625;1720,53759765625;1716;
1249,894;38,077056884765625;1728,3848876953125;1716;
1249,895;37,972938537597656;1736,232177734375;1716;
1249,896;38,16411590576172;1732,3084716796875;1716;
1249,897;37,529998779296875;1722,499267578125;1716;
1249,898;38,412353515625;1722,499267578125;1716;
1249,899;38,07646560668945;1728,3848876953125;1716;
1249,9;37,972938537597656;1732,3084716796875;1716;
1249,901;38,16587829589844;1720,53759765625;1716;
1249,902;37,53293991088867;1722,499267578125;1716;
1249,903;38,41353225708008;1726,4228515625;1716;
1249,904;38,078819274902344;1732,3084716796875;1716;
1249,905;38,412940979003906;1732,3084716796875;1716;
1249,906;38,16646957397461;1720,53759765625;1716;
1249,907;37,53117752075195;1720,53759765625;1716;
1249,908;38,14882278442383;1730,3466796875;1716;
1249,909;38,07764434814453;1736,232177734375;1716;
1249,91;37,971763610839844;1732,3084716796875;1716;
1249,911;38,16646957397461;1714,6519775390625;1716;
1249,912;37,53117752075195;1718,5755615234375;1716;
1249,913;38,14882278442383;1732,3084716796875;1716;
1249,914;38,07764434814453;1736,232177734375;1716;
1249,915;37,97235107421875;1732,3084716796875;1716;
1249,916;38,16646957397461;1720,53759765625;1716;
1249,917;37,53117752075195;1718,5755615234375;1716;
1249,918;38,14882278442383;1730,3466796875;1716;
1249,919;38,07764434814453;1736,232177734375;1716;
1249,92;38,412940979003906;1732,3084716796875;1716;
1249,921;38,16646957397461;1718,5755615234375;1716;
1249,922;37,53117752075195;1720,53759765625;1716;
1249,923;38,14882278442383;1732,3084716796875;1716;
1249,924;38,07764434814453;1734,2705078125;1716;
1249,925;38,324703216552734;1724,461181640625;1716;
1249,926;38,16646957397461;1720,53759765625;1716;
1249,927;37,97235107421875;1730,3466796875;1716;
1249,928;38,14882278442383;1732,3084716796875;1716;
1249,929;38,07823181152344;1732,3084716796875;1716;
1249,93;38,41353225708008;1718,5755615234375;1716;
1249,931;38,16646957397461;1714,6519775390625;1716;
1249,932;37,97235107421875;1730,3466796875;1716;
1249,933;38,14882278442383;1738,194091796875;1716;
1249,934;38,07823181152344;1734,2705078125;1716;
1249,935;38,412940979003906;1720,53759765625;1716;
1249,936;38,16646957397461;1718,5755615234375;1716;
1249,937;37,97235107421875;1728,3848876953125;1716;
1249,938;38,14882278442383;1738,194091796875;1716;
1249,939;37,53117752075195;1732,3084716796875;1716;
1249,94;38,41353225708008;1718,5755615234375;1716;
1249,941;38,16646957397461;1714,6519775390625;1716;
1249,942;37,97235107421875;1730,3466796875;1716;
1249,943;38,14882278442383;1732,3084716796875;1716;
1249,944;37,53117752075195;1730,3466796875;1716;
1249,945;38,412940979003906;1724,461181640625;1716;
1249,946;38,07823181152344;1722,499267578125;1716;
1249,947;37,97235107421875;1736,232177734375;1716;
1249,948;38,14882278442383;1732,3084716796875;1716;
1249,949;37,53117752075195;1726,4228515625;1716;
1249,95;38,412940979003906;1720,53759765625;1716;
1249,951;38,07823181152344;1724,461181640625;1716;
1249,952;37,97235107421875;1738,194091796875;1716;
1249,953;38,14882278442383;1732,3084716796875;1716;
1249,954;37,53117752075195;1718,5755615234375;1716;
1249,955;38,41353225708008;1720,53759765625;1716;
1249,956;38,078819274902344;1726,4228515625;1716;
1249,957;37,97235107421875;1736,232177734375;1716;
1249,958;38,16646957397461;1732,3084716796875;1716;
1249,959;37,53117752075195;1718,5755615234375;1716;
1249,96;38,41353225708008;1718,5755615234375;1716;
1249,961;38,078819274902344;1726,4228515625;1716;
1249,962;37,97235107421875;1736,232177734375;1716;
1249,963;38,16646957397461;1732,3084716796875;1716;
1249,964;37,53117752075195;1720,53759765625;1716;
1249,965;38,14882278442383;1726,4228515625;1716;
1249,966;38,078819274902344;1730,3466796875;1716;
1249,967;37,97235107421875;1734,2705078125;1716;
1249,968;38,16646957397461;1728,3848876953125;1716;
1249,969;37,53117752075195;1720,53759765625;1716;
1249,97;38,14882278442383;1726,4228515625;1716;
1249,971;38,078819274902344;1730,3466796875;1716;
1249,972;37,971763610839844;1732,3084716796875;1716;
1249,973;38,16646957397461;1714,6519775390625;1716;
1249,974;37,53117752075195;1718,5755615234375;1716;
1249,975;38,14882278442383;1730,3466796875;1716;
1249,976;38,07764434814453;1734,2705078125;1716;
1249,977;37,971763610839844;1730,3466796875;1716;
1249,978;38,16646957397461;1718,5755615234375;1716;
1249,979;37,53117752075195;1718,5755615234375;1716;
1249,98;38,14882278442383;1732,3084716796875;1716;
1249,981;38,07764434814453;1736,232177734375;1716;
1249,982;38,41411590576172;1730,3466796875;1716;
1249,983;38,16646957397461;1716,61376953125;1716;
1249,984;37,53117752075195;1718,5755615234375;1716;
1249,985;38,14882278442383;1728,3848876953125;1716;
1249,986;38,07764434814453;1734,2705078125;1716;
1249,987;38,412940979003906;1730,3466796875;1716;
1249,988;38,16646957397461;1718,5755615234375;1716;
1249,989;37,53117752075195;1718,5755615234375;1716;
1249,99;38,14882278442383;1730,3466796875;1716;
1249,991;38,07764434814453;1732,3084716796875;1716;
1249,992;38,412940979003906;1718,5755615234375;1716;
1249,993;38,16646957397461;1720,53759765625;1716;
1249,994;37,97235107421875;1726,4228515625;1716;
1249,995;38,14882278442383;1736,232177734375;1716;
1249,996;38,07999801635742;1732,3084716796875;1716;
1249,997;38,41353225708008;1718,5755615234375;1716;
1249,998;38,16646957397461;1716,61376953125;1716;
1249,999;37,97235107421875;1726,4228515625;1716;
1250;38,14882278442383;1736,232177734375;1716;
1250,001;38,07823181152344;1734,2705078125;1716;
1250,002;38,412940979003906;1714,6519775390625;1716;
1250,003;38,16646957397461;1714,6519775390625;1716;
1250,004;37,97235107421875;1728,3848876953125;1716;
1250,005;38,14882278442383;1738,194091796875;1716;
1250,006;37,53117752075195;1736,232177734375;1716;
1250,007;38,412940979003906;1718,5755615234375;1716;
1250,008;38,16646957397461;1718,5755615234375;1716;
1250,009;37,974117279052734;1726,4228515625;1716;
1250,01;38,14882278442383;1736,232177734375;1716;
1250,011;37,53117752075195;1734,2705078125;1716;
1250,012;38,41353225708008;1720,53759765625;1716;
1250,013;38,16529083251953;1722,499267578125;1716;
1250,014;37,97235107421875;1730,3466796875;1716;
1250,015;38,149410247802734;1732,3084716796875;1716;
1250,016;37,53293991088867;1722,499267578125;1716;
1250,017;38,412353515625;1720,53759765625;1716;
1250,018;38,07764434814453;1722,499267578125;1716;
1250,019;37,972938537597656;1732,3084716796875;1716;
1250,02;38,14882278442383;1732,3084716796875;1716;
1250,021;37,53117752075195;1720,53759765625;1716;
1250,022;38,41176223754883;1720,53759765625;1716;
1250,023;38,07823181152344;1726,4228515625;1716;
1250,024;37,97235107421875;1736,232177734375;1716;
1250,025;38,14234924316406;1732,3084716796875;1716;
1250,026;37,44411849975586;1718,5755615234375;1716;
1250,027;38,3282356262207;1718,5755615234375;1716;
1250,028;37,98823547363281;1730,3466796875;1716;
1250,029;37,88235092163086;1734,2705078125;1716;
1250,03;38,07646942138672;1734,2705078125;1716;
1250,031;37,44117736816406;1716,61376953125;1716;
1250,032;38,32353210449219;1718,5755615234375;1716;
1250,033;37,98823547363281;1728,3848876953125;1716;
1250,034;37,88235092163086;1734,2705078125;1716;
1250,035;38,07646942138672;1730,3466796875;1716;
1250,036;37,44117736816406;1718,5755615234375;1716;
1250,037;38,05882263183594;1728,3848876953125;1716;
1250,038;37,98823547363281;1728,3848876953125;1716;
1250,039;37,88235092163086;1732,3084716796875;1716;
1250,04;38,07646942138672;1724,461181640625;1716;
1250,041;37,44117736816406;1716,61376953125;1716;
1250,042;38,05882263183594;1730,3466796875;1716;
1250,043;37,98823547363281;1736,232177734375;1716;
1250,044;37,88470458984375;1730,3466796875;1716;
1250,045;38,07646942138672;1718,5755615234375;1716;
1250,046;37,44117736816406;1716,61376953125;1716;
1250,047;38,05882263183594;1728,3848876953125;1716;
1250,048;37,98823547363281;1736,232177734375;1716;
1250,049;37,88235092163086;1734,2705078125;1716;
1250,05;38,07646942138672;1716,61376953125;1716;
1250,051;37,44117736816406;1716,61376953125;1716;
1250,052;38,05882263183594;1730,3466796875;1716;
1250,053;37,98823547363281;1736,232177734375;1716;
1250,054;38,32353210449219;1730,3466796875;1716;
1250,055;38,07646942138672;1718,5755615234375;1716;
1250,056;37,44117736816406;1722,499267578125;1716;
1250,057;38,05882263183594;1728,3848876953125;1716;
1250,058;37,98823547363281;1732,3084716796875;1716;
1250,059;38,32353210449219;1720,53759765625;1716;
1250,06;38,077056884765625;1716,61376953125;1716;
1250,061;37,88235092163086;1726,4228515625;1716;
1250,062;38,05882263183594;1732,3084716796875;1716;
1250,063;37,98823547363281;1736,232177734375;1716;
1250,064;38,32353210449219;1720,53759765625;1716;
1250,065;36,8476448059082;1718,5755615234375;1716;
1250,066;37,9417610168457;1726,4228515625;1716;
1250,067;38,11823272705078;1732,3084716796875;1716;
1250,068;37,51117706298828;1736,232177734375;1716;
1250,069;38,39411926269531;1718,5755615234375;1716;
1250,07;38,15764617919922;1714,6519775390625;1716;
1250,071;37,966468811035156;1728,3848876953125;1716;
1250,072;38,142940521240234;1736,232177734375;1716;
1250,073;38,06940841674805;1732,3084716796875;1716;
1250,074;38,406471252441406;1716,61376953125;1716;
1250,075;38,16646957397461;1714,6519775390625;1716;
1250,076;37,966468811035156;1726,4228515625;1716;
1250,077;38,14588165283203;1736,232177734375;1716;
1250,078;37,527645111083984;1734,2705078125;1716;
1250,079;38,404117584228516;1716,61376953125;1716;
1250,08;38,155879974365234;1716,61376953125;1716;
1250,081;37,95646667480469;1728,3848876953125;1716;
1250,082;38,126468658447266;1732,3084716796875;1716;
1250,083;37,50764465332031;1726,4228515625;1716;
1250,084;38,388824462890625;1722,499267578125;1716;
1250,085;38,04882049560547;1724,461181640625;1716;
1250,086;37,94588088989258;1730,3466796875;1716;
1250,087;38,12294006347656;1730,3466796875;1716;
1250,088;37,50529479980469;1720,53759765625;1716;
1250,089;38,382354736328125;1718,5755615234375;1716;
1250,09;38,13587951660156;1726,4228515625;1716;
1250,091;38,02411651611328;1736,232177734375;1716;
1250,092;38,21411895751953;1732,3084716796875;1716;
1250,093;37,60234832763672;1716,61376953125;1716;
1250,094;38,485294342041016;1718,5755615234375;1716;
1250,095;38,15764617919922;1726,4228515625;1716;
1250,096;38,03588104248047;1734,2705078125;1716;
1250,097;38,228233337402344;1726,4228515625;1716;
1250,098;37,5905876159668;1714,6519775390625;1716;
1250,099;38,478233337402344;1718,5755615234375;1716;
1250,1;38,14881896972656;1726,4228515625;1716;
1250,101;38,04470443725586;1736,232177734375;1716;
1250,102;38,235877990722656;1730,3466796875;1716;
1250,103;37,60588073730469;1720,53759765625;1716;
1250,104;38,4835319519043;1718,5755615234375;1716;
1250,105;38,14529037475586;1726,4228515625;1716;
1250,106;38,03999710083008;1730,3466796875;1716;
1250,107;38,23176193237305;1726,4228515625;1716;
1250,108;37,608821868896484;1716,61376953125;1716;
1250,109;38,49588394165039;1720,53759765625;1716;
1250,11;38,16999816894531;1730,3466796875;1716;
1250,111;38,07823181152344;1732,3084716796875;1716;
1250,112;38,26823425292969;1718,5755615234375;1716;
1250,113;37,62999725341797;1720,53759765625;1716;
1250,114;38,25176239013672;1730,3466796875;1716;
1250,115;38,18705749511719;1734,2705078125;1716;
1250,116;38,07117462158203;1728,3848876953125;1716;
1250,117;38,2658805847168;1714,6519775390625;1716;
1250,118;37,626468658447266;1718,5755615234375;1716;
1250,119;38,23823165893555;1730,3466796875;1716;
1250,12;38,16587829589844;1736,232177734375;1716;
1250,121;38,05646896362305;1732,3084716796875;1716;
1250,122;38,239410400390625;1716,61376953125;1716;
1250,123;37,6035270690918;1716,61376953125;1716;
1250,124;38,20882034301758;1728,3848876953125;1716;
1250,125;38,139408111572266;1734,2705078125;1716;
1250,126;38,476470947265625;1730,3466796875;1716;
1250,127;38,229408264160156;1718,5755615234375;1716;
1250,128;37,598819732666016;1716,61376953125;1716;
1250,129;38,21058654785156;1728,3848876953125;1716;
1250,13;38,14117431640625;1734,2705078125;1716;
1250,131;38,47705841064453;1724,461181640625;1716;
1250,132;38,23234939575195;1718,5755615234375;1716;
1250,133;37,59176254272461;1722,499267578125;1716;
1250,134;38,216468811035156;1728,3848876953125;1716;
1250,135;38,14411544799805;1730,3466796875;1716;
1250,136;38,48117446899414;1720,53759765625;1716;
1250,137;38,22882080078125;1716,61376953125;1716;
1250,138;38,036468505859375;1726,4228515625;1716;
1250,139;38,21470260620117;1736,232177734375;1716;
1250,14;38,14470291137695;1732,3084716796875;1716;
1250,141;38,47705841064453;1714,6519775390625;1716;
1250,142;38,23293685913086;1714,6519775390625;1716;
1250,143;38,03588104248047;1726,4228515625;1716;
1250,144;38,21411895751953;1734,2705078125;1716;
1250,145;38,14117431640625;1732,3084716796875;1716;
1250,146;38,48117446899414;1716,61376953125;1716;
1250,147;38,22999954223633;1716,61376953125;1716;
1250,148;38,03588104248047;1726,4228515625;1716;
1250,149;38,21411895751953;1736,232177734375;1716;
1250,15;38,14293670654297;1734,2705078125;1716;
1250,151;38,476470947265625;1716,61376953125;1716;
1250,152;38,22999954223633;1718,5755615234375;1716;
1250,153;38,03588104248047;1726,4228515625;1716;
1250,154;38,21352767944336;1734,2705078125;1716;
1250,155;37,59529113769531;1732,3084716796875;1716;
1250,156;38,48235321044922;1722,499267578125;1716;
1250,157;38,22882080078125;1716,61376953125;1716;
1250,158;38,03588104248047;1728,3848876953125;1716;
1250,159;38,21235275268555;1730,3466796875;1716;
1250,16;37,59470748901367;1724,461181640625;1716;
1250,161;38,478233337402344;1720,53759765625;1716;
1250,162;38,14352798461914;1722,499267578125;1716;
1250,163;38,04058837890625;1728,3848876953125;1716;
1250,164;38,211761474609375;1728,3848876953125;1716;
1250,165;37,59529113769531;1716,61376953125;1716;
1250,166;38,47764587402344;1720,53759765625;1716;
1250,167;38,14293670654297;1722,499267578125;1716;
1250,168;38,03823471069336;1734,2705078125;1716;
1250,169;38,21294021606445;1730,3466796875;1716;
1250,17;37,59587860107422;1714,6519775390625;1716;
1250,171;38,412353515625;1718,5755615234375;1716;
1250,172;38,141761779785156;1724,461181640625;1716;
1250,173;38,03823471069336;1732,3084716796875;1716;
1250,174;38,207645416259766;1730,3466796875;1716;
1250,175;37,58882141113281;1716,61376953125;1716;
1250,176;38,414703369140625;1716,61376953125;1716;
1250,177;38,077056884765625;1724,461181640625;1716;
1250,178;37,97117614746094;1734,2705078125;1716;
1250,179;38,16529083251953;1730,3466796875;1716;
1250,18;37,53176498413086;1718,5755615234375;1716;
1250,181;38,412353515625;1718,5755615234375;1716;
1250,182;38,07646560668945;1726,4228515625;1716;
1250,183;37,970584869384766;1732,3084716796875;1716;
1250,184;38,16646957397461;1726,4228515625;1716;
1250,185;37,53117752075195;1720,53759765625;1716;
1250,186;38,41353225708008;1720,53759765625;1716;
1250,187;38,07823181152344;1726,4228515625;1716;
1250,188;37,974117279052734;1730,3466796875;1716;
1250,189;38,16587829589844;1720,53759765625;1716;
1250,19;37,529998779296875;1716,61376953125;1716;
1250,191;38,41353225708008;1726,4228515625;1716;
1250,192;38,07823181152344;1730,3466796875;1716;
1250,193;37,97235107421875;1728,3848876953125;1716;
1250,194;38,167057037353516;1714,6519775390625;1716;
1250,195;37,529998779296875;1716,61376953125;1716;
1250,196;38,14882278442383;1726,4228515625;1716;
1250,197;38,07823181152344;1734,2705078125;1716;
1250,198;37,974117279052734;1732,3084716796875;1716;
1250,199;38,16587829589844;1712,68994140625;1716;
1250,2;37,529998779296875;1714,6519775390625;1716;
1250,201;38,14882278442383;1728,3848876953125;1716;
1250,202;38,07823181152344;1734,2705078125;1716;
1250,203;38,41353225708008;1728,3848876953125;1716;
1250,204;38,167057037353516;1714,6519775390625;1716;
1250,205;37,53176498413086;1714,6519775390625;1716;
1250,206;38,14882278442383;1726,4228515625;1716;
1250,207;38,07823181152344;1732,3084716796875;1716;
1250,208;38,4152946472168;1730,3466796875;1716;
1250,209;38,16587829589844;1716,61376953125;1716;
1250,21;37,53176498413086;1716,61376953125;1716;
1250,211;38,14882278442383;1726,4228515625;1716;
1250,212;38,07823181152344;1734,2705078125;1716;
1250,213;38,4152946472168;1726,4228515625;1716;
1250,214;38,16587829589844;1716,61376953125;1716;
1250,215;37,972938537597656;1724,461181640625;1716;
1250,216;38,14882278442383;1728,3848876953125;1716;
1250,217;38,077056884765625;1730,3466796875;1716;
1250,218;38,4152946472168;1720,53759765625;1716;
1250,219;38,167057037353516;1716,61376953125;1716;
1250,22;37,974117279052734;1726,4228515625;1716;
1250,221;38,14882278442383;1730,3466796875;1716;
1250,222;38,077056884765625;1730,3466796875;1716;
1250,223;38,4152946472168;1718,5755615234375;1716;
1250,224;38,16587829589844;1712,68994140625;1716;
1250,225;37,972938537597656;1726,4228515625;1716;
1250,226;38,14882278442383;1734,2705078125;1716;
1250,227;38,077056884765625;1734,2705078125;1716;
1250,228;38,4152946472168;1714,6519775390625;1716;
1250,229;38,16529083251953;1712,68994140625;1716;
1250,23;37,972938537597656;1726,4228515625;1716;
1250,231;38,14882278442383;1732,3084716796875;1716;
1250,232;37,529998779296875;1732,3084716796875;1716;
1250,233;38,4152946472168;1714,6519775390625;1716;
1250,234;38,16529083251953;1712,68994140625;1716;
1250,235;37,974117279052734;1726,4228515625;1716;
1250,236;38,14882278442383;1732,3084716796875;1716;
1250,237;37,53117752075195;1732,3084716796875;1716;
1250,238;38,4152946472168;1716,61376953125;1716;
1250,239;38,16646957397461;1714,6519775390625;1716;
1250,24;37,972938537597656;1726,4228515625;1716;
1250,241;38,14882278442383;1728,3848876953125;1716;
1250,242;37,529998779296875;1728,3848876953125;1716;
1250,243;38,4152946472168;1720,53759765625;1716;
1250,244;38,16646957397461;1718,5755615234375;1716;
1250,245;37,972938537597656;1730,3466796875;1716;
1250,246;38,149410247802734;1728,3848876953125;1716;
1250,247;37,529998779296875;1720,53759765625;1716;
1250,248;38,4152946472168;1720,53759765625;1716;
1250,249;38,07823181152344;1724,461181640625;1716;
1250,25;37,972938537597656;1728,3848876953125;1716;
1250,251;38,148231506347656;1728,3848876953125;1716;
1250,252;37,529998779296875;1714,6519775390625;1716;
1250,253;38,4152946472168;1718,5755615234375;1716;
1250,254;38,07823181152344;1724,461181640625;1716;
1250,255;37,972938537597656;1734,2705078125;1716;
1250,256;38,149410247802734;1728,3848876953125;1716;
1250,257;37,529998779296875;1712,68994140625;1716;
1250,258;38,4152946472168;1718,5755615234375;1716;
1250,259;38,07823181152344;1724,461181640625;1716;
1250,26;37,972938537597656;1732,3084716796875;1716;
1250,261;38,149410247802734;1728,3848876953125;1716;
1250,262;37,529998779296875;1714,6519775390625;1716;
1250,263;38,41353225708008;1718,5755615234375;1716;
1250,264;38,07823181152344;1724,461181640625;1716;
1250,265;37,97352600097656;1732,3084716796875;1716;
1250,266;38,167057037353516;1728,3848876953125;1716;
1250,267;37,529998779296875;1718,5755615234375;1716;
1250,268;38,41353225708008;1716,61376953125;1716;
1250,269;38,07823181152344;1724,461181640625;1716;
1250,27;37,972938537597656;1730,3466796875;1716;
1250,271;38,167057037353516;1726,4228515625;1716;
1250,272;37,529998779296875;1718,5755615234375;1716;
1250,273;38,41353225708008;1720,53759765625;1716;
1250,274;38,07823181152344;1726,4228515625;1716;
1250,275;37,97235107421875;1728,3848876953125;1716;
1250,276;38,16587829589844;1714,6519775390625;1716;
1250,277;37,529998779296875;1718,5755615234375;1716;
1250,278;38,41353225708008;1724,461181640625;1716;
1250,279;38,07823181152344;1728,3848876953125;1716;
1250,28;37,974117279052734;1726,4228515625;1716;
1250,281;38,16587829589844;1716,61376953125;1716;
1250,282;37,529998779296875;1716,61376953125;1716;
1250,283;38,14882278442383;1726,4228515625;1716;
1250,284;38,07823181152344;1734,2705078125;1716;
1250,285;37,97235107421875;1728,3848876953125;1716;
1250,286;38,16587829589844;1710,728271484375;1716;
1250,287;37,529998779296875;1714,6519775390625;1716;
1250,288;38,14882278442383;1726,4228515625;1716;
1250,289;38,07823181152344;1732,3084716796875;1716;
1250,29;37,974117279052734;1726,4228515625;1716;
1250,291;38,16587829589844;1710,728271484375;1716;
1250,292;37,53176498413086;1714,6519775390625;1716;
1250,293;38,14882278442383;1726,4228515625;1716;
1250,294;38,07764434814453;1734,2705078125;1716;
1250,295;37,97235107421875;1730,3466796875;1716;
1250,296;38,16646957397461;1712,68994140625;1716;
1250,297;37,53117752075195;1714,6519775390625;1716;
1250,298;38,148231506347656;1724,461181640625;1716;
1250,299;38,07823181152344;1734,2705078125;1716;
1250,3;38,41353225708008;1728,3848876953125;1716;
1250,301;38,16646957397461;1716,61376953125;1716;
1250,302;37,53117752075195;1714,6519775390625;1716;
1250,303;38,149410247802734;1726,4228515625;1716;
1250,304;38,07823181152344;1732,3084716796875;1716;
1250,305;38,41353225708008;1718,5755615234375;1716;
1250,306;38,16529083251953;1716,61376953125;1716;
1250,307;37,529998779296875;1718,5755615234375;1716;
1250,308;38,14882278442383;1726,4228515625;1716;
1250,309;37,99117660522461;1728,3848876953125;1716;
1250,31;38,326473236083984;1720,53759765625;1716;
1250,311;38,07646942138672;1714,6519775390625;1716;
1250,312;37,88235092163086;1722,499267578125;1716;
1250,313;38,05882263183594;1732,3084716796875;1716;
1250,314;37,99058532714844;1732,3084716796875;1716;
1250,315;38,32353210449219;1714,6519775390625;1716;
1250,316;38,07646942138672;1714,6519775390625;1716;
1250,317;37,88235092163086;1724,461181640625;1716;
1250,318;38,05882263183594;1732,3084716796875;1716;
1250,319;37,98823547363281;1728,3848876953125;1716;
1250,32;38,32353210449219;1714,6519775390625;1716;
1250,321;38,07646942138672;1712,68994140625;1716;
1250,322;37,88235092163086;1726,4228515625;1716;
1250,323;38,05882263183594;1734,2705078125;1716;
1250,324;37,98823547363281;1732,3084716796875;1716;
1250,325;38,32353210449219;1712,68994140625;1716;
1250,326;38,07646942138672;1710,728271484375;1716;
1250,327;37,88235092163086;1724,461181640625;1716;
1250,328;38,05882263183594;1734,2705078125;1716;
1250,329;37,44117736816406;1732,3084716796875;1716;
1250,33;38,32353210449219;1716,61376953125;1716;
1250,331;38,07646942138672;1714,6519775390625;1716;
1250,332;37,88235092163086;1726,4228515625;1716;
1250,333;38,05882263183594;1732,3084716796875;1716;
1250,334;37,44117736816406;1728,3848876953125;1716;
1250,335;38,32353210449219;1720,53759765625;1716;
1250,336;38,07646942138672;1714,6519775390625;1716;
1250,337;37,88235092163086;1724,461181640625;1716;
1250,338;38,05882263183594;1730,3466796875;1716;
1250,339;37,44117736816406;1720,53759765625;1716;
1250,34;38,32353210449219;1718,5755615234375;1716;
1250,341;38,07646942138672;1716,61376953125;1716;
1250,342;37,88235092163086;1728,3848876953125;1716;
1250,343;38,05882263183594;1728,3848876953125;1716;
1250,344;37,44117736816406;1720,53759765625;1716;
1250,345;38,32353210449219;1716,61376953125;1716;
1250,346;37,98823547363281;1724,461181640625;1716;
1250,347;37,88235092163086;1728,3848876953125;1716;
1250,348;36,82999801635742;1726,4228515625;1716;
1250,349;37,50411605834961;1716,61376953125;1716;
1250,35;38,38588333129883;1716,61376953125;1716;
1250,351;38,05764389038086;1722,499267578125;1716;
1250,352;37,952938079833984;1730,3466796875;1716;
1250,353;38,13999938964844;1730,3466796875;1716;
1250,354;37,5223503112793;1714,6519775390625;1716;
1250,355;38,40764617919922;1716,61376953125;1716;
1250,356;38,072349548339844;1722,499267578125;1716;
1250,357;37,966468811035156;1732,3084716796875;1716;
1250,358;38,151763916015625;1728,3848876953125;1716;
1250,359;37,525291442871094;1712,68994140625;1716;
1250,36;38,41353225708008;1716,61376953125;1716;
1250,361;38,072349548339844;1724,461181640625;1716;
1250,362;37,96470642089844;1732,3084716796875;1716;
1250,363;38,155879974365234;1728,3848876953125;1716;
1250,364;37,513526916503906;1714,6519775390625;1716;
1250,365;38,39176559448242;1720,53759765625;1716;
1250,366;38,05470275878906;1722,499267578125;1716;
1250,367;37,94764709472656;1730,3466796875;1716;
1250,368;38,13999938964844;1728,3848876953125;1716;
1250,369;37,50470733642578;1718,5755615234375;1716;
1250,37;38,38764572143555;1718,5755615234375;1716;
1250,371;38,05234909057617;1726,4228515625;1716;
1250,372;37,94058609008789;1730,3466796875;1716;
1250,373;38,22235107421875;1714,6519775390625;1716;
1250,374;37,585880279541016;1716,61376953125;1716;
1250,375;38,207645416259766;1724,461181640625;1716;
1250,376;38,14940643310547;1726,4228515625;1716;
1250,377;38,04882049560547;1726,4228515625;1716;
1250,378;38,23999786376953;1712,68994140625;1716;
1250,379;37,60764694213867;1716,61376953125;1716;
1250,38;38,21058654785156;1726,4228515625;1716;
1250,381;38,13764572143555;1732,3084716796875;1716;
1250,382;38,478233337402344;1730,3466796875;1716;
1250,383;38,23117446899414;1712,68994140625;1716;
1250,384;37,59587860107422;1716,61376953125;1716;
1250,385;38,22058868408203;1726,4228515625;1716;
1250,386;38,15058517456055;1734,2705078125;1716;
1250,387;38,04411697387695;1728,3848876953125;1716;
1250,388;38,234703063964844;1710,728271484375;1716;
1250,389;37,60293960571289;1714,6519775390625;1716;
1250,39;38,21117401123047;1728,3848876953125;1716;
1250,391;38,155879974365234;1734,2705078125;1716;
1250,392;38,492942810058594;1728,3848876953125;1716;
1250,393;38,263526916503906;1712,68994140625;1716;
1250,394;37,63705825805664;1712,68994140625;1716;
1250,395;38,252349853515625;1724,461181640625;1716;
1250,396;38,17881774902344;1734,2705078125;1716;
1250,397;38,519412994384766;1728,3848876953125;1716;
1250,398;38,276466369628906;1714,6519775390625;1716;
1250,399;38,07411575317383;1720,53759765625;1716;
1250,4;38,248233795166016;1726,4228515625;1716;
1250,401;38,17646789550781;1732,3084716796875;1716;
1250,402;38,50353240966797;1722,499267578125;1716;
1250,403;38,25529098510742;1714,6519775390625;1716;
1250,404;37,60940933227539;1718,5755615234375;1716;
1250,405;38,222938537597656;1724,461181640625;1716;
1250,406;38,15117645263672;1730,3466796875;1716;
1250,407;38,478233337402344;1716,61376953125;1716;
1250,408;38,230587005615234;1714,6519775390625;1716;
1250,409;38,034114837646484;1726,4228515625;1716;
1250,41;38,21235275268555;1728,3848876953125;1716;
1250,411;38,14117431640625;1730,3466796875;1716;
1250,412;38,47999954223633;1712,68994140625;1716;
1250,413;38,228233337402344;1714,6519775390625;1716;
1250,414;38,034114837646484;1724,461181640625;1716;
1250,415;38,21235275268555;1732,3084716796875;1716;
1250,416;38,14646911621094;1730,3466796875;1716;
1250,417;38,478233337402344;1714,6519775390625;1716;
1250,418;38,23529052734375;1712,68994140625;1716;
1250,419;38,03588104248047;1726,4228515625;1716;
1250,42;38,21706008911133;1734,2705078125;1716;
1250,421;37,598819732666016;1730,3466796875;1716;
1250,422;38,478233337402344;1712,68994140625;1716;
1250,423;38,23234939575195;1710,728271484375;1716;
1250,424;38,034706115722656;1722,499267578125;1716;
1250,425;38,216468811035156;1732,3084716796875;1716;
1250,426;37,6005859375;1732,3084716796875;1716;
1250,427;38,47588348388672;1714,6519775390625;1716;
1250,428;38,228233337402344;1712,68994140625;1716;
1250,429;38,036468505859375;1726,4228515625;1716;
1250,43;38,21352767944336;1732,3084716796875;1716;
1250,431;37,593528747558594;1728,3848876953125;1716;
1250,432;38,478824615478516;1718,5755615234375;1716;
1250,433;38,22999954223633;1714,6519775390625;1716;
1250,434;38,03764724731445;1722,499267578125;1716;
1250,435;38,216468811035156;1728,3848876953125;1716;
1250,436;37,59293746948242;1722,499267578125;1716;
1250,437;38,476470947265625;1718,5755615234375;1716;
1250,438;38,141761779785156;1716,61376953125;1716;
1250,439;38,03588104248047;1726,4228515625;1716;
1250,44;38,21411895751953;1730,3466796875;1716;
1250,441;37,59646987915039;1716,61376953125;1716;
1250,442;38,478233337402344;1718,5755615234375;1716;
1250,443;38,13999557495117;1720,53759765625;1716;
1250,444;38,034706115722656;1730,3466796875;1716;
1250,445;38,21117401123047;1728,3848876953125;1716;
1250,446;37,59529113769531;1718,5755615234375;1716;
1250,447;38,478824615478516;1714,6519775390625;1716;
1250,448;38,14293670654297;1724,461181640625;1716;
1250,449;38,04058837890625;1732,3084716796875;1716;
1250,45;38,21352767944336;1728,3848876953125;1716;
1250,451;37,59470748901367;1714,6519775390625;1716;
1250,452;38,476470947265625;1716,61376953125;1716;
1250,453;38,141761779785156;1722,499267578125;1716;
1250,454;38,03705596923828;1730,3466796875;1716;
1250,455;38,23293685913086;1728,3848876953125;1716;
1250,456;37,5941162109375;1712,68994140625;1716;
1250,457;38,412940979003906;1714,6519775390625;1716;
1250,458;38,13882064819336;1724,461181640625;1716;
1250,459;37,972938537597656;1734,2705078125;1716;
1250,46;38,164703369140625;1726,4228515625;1716;
1250,461;37,5294075012207;1714,6519775390625;1716;
1250,462;38,147647857666016;1728,3848876953125;1716;
1250,463;38,07587814331055;1722,499267578125;1716;
1250,464;37,970584869384766;1728,3848876953125;1716;
1250,465;38,167057037353516;1722,499267578125;1716;
1250,466;37,53176498413086;1712,68994140625;1716;
1250,467;38,148231506347656;1722,499267578125;1716;
1250,468;38,078819274902344;1726,4228515625;1716;
1250,469;37,971763610839844;1730,3466796875;1716;
1250,47;38,16646957397461;1724,461181640625;1716;
1250,471;37,53117752075195;1718,5755615234375;1716;
1250,472;38,14882278442383;1720,53759765625;1716;
1250,473;38,07823181152344;1724,461181640625;1716;
1250,474;37,971763610839844;1726,4228515625;1716;
1250,475;38,16646957397461;1712,68994140625;1716;
1250,476;37,53117752075195;1716,61376953125;1716;
1250,477;38,14882278442383;1724,461181640625;1716;
1250,478;38,07764434814453;1732,3084716796875;1716;
1250,479;37,971763610839844;1728,3848876953125;1716;
1250,48;38,16646957397461;1714,6519775390625;1716;
1250,481;37,53117752075195;1716,61376953125;1716;
1250,482;38,14882278442383;1724,461181640625;1716;
1250,483;38,07764434814453;1734,2705078125;1716;
1250,484;37,97235107421875;1728,3848876953125;1716;
1250,485;38,16646957397461;1710,728271484375;1716;
1250,486;37,53117752075195;1712,68994140625;1716;
1250,487;38,14882278442383;1726,4228515625;1716;
1250,488;38,07764434814453;1734,2705078125;1716;
1250,489;38,412940979003906;1728,3848876953125;1716;
1250,49;38,16646957397461;1714,6519775390625;1716;
1250,491;37,53117752075195;1714,6519775390625;1716;
1250,492;38,14882278442383;1726,4228515625;1716;
1250,493;38,07764434814453;1732,3084716796875;1716;
1250,494;38,412940979003906;1726,4228515625;1716;
1250,495;38,16646957397461;1708,766357421875;1716;
1250,496;37,53117752075195;1716,61376953125;1716;
1250,497;38,14882278442383;1726,4228515625;1716;
1250,498;38,07764434814453;1732,3084716796875;1716;
1250,499;38,412940979003906;1720,53759765625;1716;
1250,5;38,16646957397461;1716,61376953125;1716;
1250,501;37,53117752075195;1716,61376953125;1716;
1250,502;38,14882278442383;1728,3848876953125;1716;
1250,503;38,07999801635742;1728,3848876953125;1716;
1250,504;38,412940979003906;1714,6519775390625;1716;
1250,505;38,16646957397461;1712,68994140625;1716;
1250,506;37,97235107421875;1724,461181640625;1716;
1250,507;38,14882278442383;1730,3466796875;1716;
1250,508;38,07823181152344;1730,3466796875;1716;
1250,509;38,412940979003906;1714,6519775390625;1716;
1250,51;38,16646957397461;1712,68994140625;1716;
1250,511;37,97235107421875;1722,499267578125;1716;
1250,512;38,14882278442383;1730,3466796875;1716;
1250,513;38,07823181152344;1730,3466796875;1716;
1250,514;38,412940979003906;1712,68994140625;1716;
1250,515;38,16646957397461;1710,728271484375;1716;
1250,516;37,97235107421875;1724,461181640625;1716;
1250,517;38,14882278442383;1732,3084716796875;1716;
1250,518;38,07823181152344;1732,3084716796875;1716;
1250,519;38,412940979003906;1714,6519775390625;1716;
1250,52;38,16646957397461;1712,68994140625;1716;
1250,521;37,97235107421875;1722,499267578125;1716;
1250,522;38,14882278442383;1732,3084716796875;1716;
1250,523;37,53117752075195;1732,3084716796875;1716;
1250,524;38,412940979003906;1712,68994140625;1716;
1250,525;38,16646957397461;1716,61376953125;1716;
1250,526;37,97235107421875;1724,461181640625;1716;
1250,527;38,14882278442383;1730,3466796875;1716;
1250,528;37,53117752075195;1728,3848876953125;1716;
1250,529;38,41353225708008;1720,53759765625;1716;
1250,53;38,16646957397461;1716,61376953125;1716;
1250,531;37,97235107421875;1722,499267578125;1716;
1250,532;38,14882278442383;1728,3848876953125;1716;
1250,533;37,53117752075195;1730,3466796875;1716;
1250,534;38,412940979003906;1718,5755615234375;1716;
1250,535;38,16646957397461;1718,5755615234375;1716;
1250,536;37,97235107421875;1726,4228515625;1716;
1250,537;38,14882278442383;1726,4228515625;1716;
1250,538;37,53117752075195;1716,61376953125;1716;
1250,539;38,412940979003906;1718,5755615234375;1716;
1250,54;38,07823181152344;1716,61376953125;1716;
1250,541;37,97235107421875;1728,3848876953125;1716;
1250,542;38,14882278442383;1728,3848876953125;1716;
1250,543;37,53117752075195;1714,6519775390625;1716;
1250,544;38,41353225708008;1716,61376953125;1716;
1250,545;38,078819274902344;1722,499267578125;1716;
1250,546;37,97235107421875;1732,3084716796875;1716;
1250,547;38,14882278442383;1728,3848876953125;1716;
1250,548;37,53117752075195;1714,6519775390625;1716;
1250,549;38,41353225708008;1714,6519775390625;1716;
1250,55;38,078819274902344;1722,499267578125;1716;
1250,551;37,97235107421875;1734,2705078125;1716;
1250,552;38,14882278442383;1730,3466796875;1716;
1250,553;37,53117752075195;1712,68994140625;1716;
1250,554;38,41353225708008;1712,68994140625;1716;
1250,555;38,078819274902344;1724,461181640625;1716;
1250,556;37,97235107421875;1732,3084716796875;1716;
1250,557;38,16646957397461;1728,3848876953125;1716;
1250,558;37,53117752075195;1716,61376953125;1716;
1250,559;38,41353225708008;1716,61376953125;1716;
1250,56;38,07823181152344;1722,499267578125;1716;
1250,561;37,97235107421875;1730,3466796875;1716;
1250,562;38,16646957397461;1726,4228515625;1716;
1250,563;37,53117752075195;1716,61376953125;1716;
1250,564;38,41353225708008;1724,461181640625;1716;
1250,565;38,07823181152344;1724,461181640625;1716;
1250,566;37,971763610839844;1728,3848876953125;1716;
1250,567;38,16646957397461;1722,499267578125;1716;
1250,568;37,53117752075195;1716,61376953125;1716;
1250,569;38,41353225708008;1722,499267578125;1716;
1250,57;38,07764434814453;1726,4228515625;1716;
1250,571;37,971763610839844;1728,3848876953125;1716;
1250,572;38,16646957397461;1710,728271484375;1716;
1250,573;37,53117752075195;1718,5755615234375;1716;
1250,574;38,14882278442383;1726,4228515625;1716;
1250,575;38,07764434814453;1730,3466796875;1716;
1250,576;37,971763610839844;1728,3848876953125;1716;
1250,577;38,16646957397461;1714,6519775390625;1716;
1250,578;37,53117752075195;1714,6519775390625;1716;
1250,579;38,148231506347656;1724,461181640625;1716;
1250,58;38,07823181152344;1732,3084716796875;1716;
1250,581;37,974117279052734;1730,3466796875;1716;
1250,582;38,16529083251953;1710,728271484375;1716;
1250,583;37,53293991088867;1712,68994140625;1716;
1250,584;38,06352996826172;1726,4228515625;1716;
1250,585;38,07823181152344;1732,3084716796875;1716;
1250,586;37,97235107421875;1728,3848876953125;1716;
1250,587;38,16587829589844;1712,68994140625;1716;
1250,588;37,53117752075195;1712,68994140625;1716;
1250,589;38,148231506347656;1724,461181640625;1716;
1250,59;38,08058547973633;1732,3084716796875;1716;
1250,591;38,41706085205078;1728,3848876953125;1716;
1250,592;38,079410552978516;1712,68994140625;1716;
1250,593;37,44411849975586;1716,61376953125;1716;
1250,594;38,06117630004883;1724,461181640625;1716;
1250,595;37,98823547363281;1732,3084716796875;1716;
1250,596;38,32353210449219;1726,4228515625;1716;
1250,597;38,078819274902344;1712,68994140625;1716;
1250,598;37,44117736816406;1714,6519775390625;1716;
1250,599;38,05882263183594;1726,4228515625;1716;
1250,6;37,99058532714844;1732,3084716796875;1716;
1250,601;38,32353210449219;1720,53759765625;1716;
1250,602;38,07646942138672;1714,6519775390625;1716;
1250,603;37,88235092163086;1724,461181640625;1716;
1250,604;38,05882263183594;1726,4228515625;1716;
1250,605;37,98823547363281;1728,3848876953125;1716;
1250,606;38,32353210449219;1714,6519775390625;1716;
1250,607;38,07646942138672;1712,68994140625;1716;
1250,608;37,88235092163086;1722,499267578125;1716;
1250,609;38,05882263183594;1732,3084716796875;1716;
1250,61;37,98823547363281;1732,3084716796875;1716;
1250,611;38,32353210449219;1714,6519775390625;1716;
1250,612;38,07646942138672;1714,6519775390625;1716;
1250,613;37,88235092163086;1724,461181640625;1716;
1250,614;38,05882263183594;1732,3084716796875;1716;
1250,615;37,98823547363281;1728,3848876953125;1716;
1250,616;38,32353210449219;1714,6519775390625;1716;
1250,617;38,07646942138672;1710,728271484375;1716;
1250,618;37,88235092163086;1722,499267578125;1716;
1250,619;38,05882263183594;1734,2705078125;1716;
1250,62;37,98823547363281;1732,3084716796875;1716;
1250,621;38,32353210449219;1714,6519775390625;1716;
1250,622;38,07646942138672;1716,61376953125;1716;
1250,623;37,88235092163086;1724,461181640625;1716;
1250,624;38,05882263183594;1732,3084716796875;1716;
1250,625;37,44117736816406;1730,3466796875;1716;
1250,626;38,32353210449219;1716,61376953125;1716;
1250,627;38,07646942138672;1714,6519775390625;1716;
1250,628;37,88235092163086;1724,461181640625;1716;
1250,629;38,05882263183594;1732,3084716796875;1716;
1250,63;37,44117736816406;1728,3848876953125;1716;
1250,631;38,32353210449219;1720,53759765625;1716;
1250,632;38,139408111572266;1714,6519775390625;1716;
1250,633;37,94764709472656;1722,499267578125;1716;
1250,634;38,12294006347656;1730,3466796875;1716;
1250,635;37,51411819458008;1724,461181640625;1716;
1250,636;38,392940521240234;1716,61376953125;1716;
1250,637;38,15764617919922;1716,61376953125;1716;
1250,638;37,966468811035156;1726,4228515625;1716;
1250,639;38,13999938964844;1728,3848876953125;1716;
1250,64;37,5223503112793;1720,53759765625;1716;
1250,641;38,410587310791016;1718,5755615234375;1716;
1250,642;38,072349548339844;1722,499267578125;1716;
1250,643;37,96940994262695;1730,3466796875;1716;
1250,644;38,14470291137695;1726,4228515625;1716;
1250,645;37,523529052734375;1716,61376953125;1716;
1250,646;38,401763916015625;1714,6519775390625;1716;
1250,647;38,06117630004883;1722,499267578125;1716;
1250,648;37,95470428466797;1732,3084716796875;1716;
1250,649;38,11941146850586;1728,3848876953125;1716;
1250,65;37,50470733642578;1714,6519775390625;1716;
1250,651;38,387062072753906;1714,6519775390625;1716;
1250,652;38,051761627197266;1724,461181640625;1716;
1250,653;37,94940948486328;1734,2705078125;1716;
1250,654;38,140586853027344;1728,3848876953125;1716;
1250,655;37,50293731689453;1712,68994140625;1716;
1250,656;38,47294235229492;1720,53759765625;1716;
1250,657;38,132347106933594;1722,499267578125;1716;
1250,658;38,0294075012207;1730,3466796875;1716;
1250,659;38,228233337402344;1728,3848876953125;1716;
1250,66;37,60293960571289;1714,6519775390625;1716;
1250,661;38,492942810058594;1718,5755615234375;1716;
1250,662;38,153526306152344;1722,499267578125;1716;
1250,663;38,034114837646484;1730,3466796875;1716;
1250,664;38,22705841064453;1726,4228515625;1716;
1250,665;37,59587860107422;1714,6519775390625;1716;
1250,666;38,47470474243164;1716,61376953125;1716;
1250,667;38,15117645263672;1724,461181640625;1716;
1250,668;38,041175842285156;1728,3848876953125;1716;
1250,669;38,23764419555664;1716,61376953125;1716;
1250,67;37,599998474121094;1716,61376953125;1716;
1250,671;38,47470474243164;1722,499267578125;1716;
1250,672;38,14234924316406;1724,461181640625;1716;
1250,673;38,02470397949219;1726,4228515625;1716;
1250,674;38,22882080078125;1718,5755615234375;1716;
1250,675;37,6099967956543;1714,6519775390625;1716;
1250,676;38,51176452636719;1724,461181640625;1716;
1250,677;38,18411636352539;1728,3848876953125;1716;
1250,678;38,09235382080078;1730,3466796875;1716;
1250,679;38,26176071166992;1714,6519775390625;1716;
1250,68;37,635292053222656;1714,6519775390625;1716;
1250,681;38,2535285949707;1726,4228515625;1716;
1250,682;38,182350158691406;1732,3084716796875;1716;
1250,683;38,072349548339844;1726,4228515625;1716;
1250,684;38,26411819458008;1712,68994140625;1716;
1250,685;37,621177673339844;1712,68994140625;1716;
1250,686;38,237056732177734;1726,4228515625;1716;
1250,687;38,16117477416992;1732,3084716796875;1716;
1250,688;38,049407958984375;1728,3848876953125;1716;
1250,689;38,23823165893555;1712,68994140625;1716;
1250,69;37,60176467895508;1714,6519775390625;1716;
1250,691;38,209999084472656;1724,461181640625;1716;
1250,692;38,139408111572266;1732,3084716796875;1716;
1250,693;38,47941207885742;1726,4228515625;1716;
1250,694;38,228233337402344;1714,6519775390625;1716;
1250,695;37,5976448059082;1712,68994140625;1716;
1250,696;38,20882034301758;1726,4228515625;1716;
1250,697;38,14470291137695;1730,3466796875;1716;
1250,698;38,47764587402344;1726,4228515625;1716;
1250,699;38,23176193237305;1714,6519775390625;1716;
1250,7;37,5970573425293;1716,61376953125;1716;
1250,701;38,21235275268555;1724,461181640625;1716;
1250,702;38,13999557495117;1732,3084716796875;1716;
1250,703;38,478824615478516;1718,5755615234375;1716;
1250,704;38,22646713256836;1712,68994140625;1716;
1250,705;37,599998474121094;1716,61376953125;1716;
1250,706;38,20941162109375;1726,4228515625;1716;
1250,707;38,14234924316406;1730,3466796875;1716;
1250,708;38,478824615478516;1720,53759765625;1716;
1250,709;38,235877990722656;1714,6519775390625;1716;
1250,71;37,59000015258789;1722,499267578125;1716;
1250,711;38,216468811035156;1730,3466796875;1716;
1250,712;38,139408111572266;1726,4228515625;1716;
1250,713;38,47588348388672;1716,61376953125;1716;
1250,714;38,22999954223633;1710,728271484375;1716;
1250,715;38,03764724731445;1724,461181640625;1716;
1250,716;38,21470260620117;1730,3466796875;1716;
1250,717;38,13823318481445;1728,3848876953125;1716;
1250,718;38,47529220581055;1714,6519775390625;1716;
1250,719;38,22882080078125;1710,728271484375;1716;
1250,72;38,0352897644043;1722,499267578125;1716;
1250,721;38,21352767944336;1734,2705078125;1716;
1250,722;38,14352798461914;1730,3466796875;1716;
1250,723;38,478824615478516;1712,68994140625;1716;
1250,724;38,23529052734375;1710,728271484375;1716;
1250,725;38,0352897644043;1724,461181640625;1716;
1250,726;38,21117401123047;1734,2705078125;1716;
1250,727;38,14234924316406;1730,3466796875;1716;
1250,728;38,47705841064453;1718,5755615234375;1716;
1250,729;38,229408264160156;1710,728271484375;1716;
1250,73;38,03705596923828;1722,499267578125;1716;
1250,731;38,21294021606445;1732,3084716796875;1716;
1250,732;37,59293746948242;1726,4228515625;1716;
1250,733;38,47705841064453;1712,68994140625;1716;
1250,734;38,230587005615234;1710,728271484375;1716;
1250,735;38,03588104248047;1724,461181640625;1716;
1250,736;38,21529006958008;1730,3466796875;1716;
1250,737;37,59646987915039;1722,499267578125;1716;
1250,738;38,48117446899414;1716,61376953125;1716;
1250,739;38,229408264160156;1716,61376953125;1716;
1250,74;38,03940963745117;1724,461181640625;1716;
1250,741;38,21117401123047;1726,4228515625;1716;
1250,742;37,58293914794922;1724,461181640625;1716;
1250,743;38,414703369140625;1718,5755615234375;1716;
1250,744;38,16411590576172;1718,5755615234375;1716;
1250,745;37,97117614746094;1730,3466796875;1716;
1250,746;38,147647857666016;1728,3848876953125;1716;
1250,747;37,53058624267578;1720,53759765625;1716;
1250,748;38,41117477416992;1716,61376953125;1716;
1250,749;38,078819274902344;1720,53759765625;1716;
1250,75;37,97117614746094;1728,3848876953125;1716;
1250,751;38,147647857666016;1726,4228515625;1716;
1250,752;37,53117752075195;1714,6519775390625;1716;
1250,753;38,41353225708008;1714,6519775390625;1716;
1250,754;38,07823181152344;1722,499267578125;1716;
1250,755;37,972938537597656;1730,3466796875;1716;
1250,756;38,148231506347656;1728,3848876953125;1716;
1250,757;37,529998779296875;1714,6519775390625;1716;
1250,758;38,41353225708008;1718,5755615234375;1716;
1250,759;38,07823181152344;1722,499267578125;1716;
1250,76;37,972938537597656;1734,2705078125;1716;
1250,761;38,149410247802734;1730,3466796875;1716;
1250,762;37,529998779296875;1714,6519775390625;1716;
1250,763;38,41353225708008;1714,6519775390625;1716;
1250,764;38,07823181152344;1724,461181640625;1716;
1250,765;37,972938537597656;1730,3466796875;1716;
1250,766;38,1847038269043;1724,461181640625;1716;
1250,767;37,529998779296875;1716,61376953125;1716;
1250,768;38,41353225708008;1716,61376953125;1716;
1250,769;38,07823181152344;1722,499267578125;1716;
1250,77;37,97235107421875;1730,3466796875;1716;
1250,771;38,16587829589844;1720,53759765625;1716;
1250,772;37,529998779296875;1714,6519775390625;1716;
1250,773;38,41353225708008;1716,61376953125;1716;
1250,774;38,07823181152344;1724,461181640625;1716;
1250,775;37,974117279052734;1724,461181640625;1716;
1250,776;38,16587829589844;1724,461181640625;1716;
1250,777;37,529998779296875;1716,61376953125;1716;
1250,778;38,14882278442383;1720,53759765625;1716;
1250,779;38,07823181152344;1730,3466796875;1716;
1250,78;37,974117279052734;1728,3848876953125;1716;
1250,781;38,167057037353516;1716,61376953125;1716;
1250,782;37,529998779296875;1716,61376953125;1716;
1250,783;38,14882278442383;1726,4228515625;1716;
1250,784;38,07823181152344;1728,3848876953125;1716;
1250,785;37,974117279052734;1724,461181640625;1716;
1250,786;38,16587829589844;1714,6519775390625;1716;
1250,787;37,529998779296875;1712,68994140625;1716;
1250,788;38,14882278442383;1726,4228515625;1716;
1250,789;38,077056884765625;1734,2705078125;1716;
1250,79;37,974117279052734;1728,3848876953125;1716;
1250,791;38,16587829589844;1712,68994140625;1716;
1250,792;37,53176498413086;1712,68994140625;1716;
1250,793;38,14882278442383;1726,4228515625;1716;
1250,794;38,07823181152344;1732,3084716796875;1716;
1250,795;37,974117279052734;1728,3848876953125;1716;
1250,796;38,16587829589844;1712,68994140625;1716;
1250,797;37,53176498413086;1712,68994140625;1716;
1250,798;38,14882278442383;1726,4228515625;1716;
1250,799;38,07823181152344;1732,3084716796875;1716;
1250,8;38,4152946472168;1726,4228515625;1716;
1250,801;38,16587829589844;1712,68994140625;1716;
1250,802;37,53176498413086;1712,68994140625;1716;
1250,803;38,14882278442383;1724,461181640625;1716;
1250,804;38,07823181152344;1730,3466796875;1716;
1250,805;38,4152946472168;1722,499267578125;1716;
1250,806;38,16587829589844;1712,68994140625;1716;
1250,807;37,53176498413086;1714,6519775390625;1716;
1250,808;38,14882278442383;1726,4228515625;1716;
1250,809;38,077056884765625;1730,3466796875;1716;
1250,81;38,4152946472168;1722,499267578125;1716;
1250,811;38,167057037353516;1716,61376953125;1716;
1250,812;37,974117279052734;1724,461181640625;1716;
1250,813;38,14882278442383;1724,461181640625;1716;
1250,814;38,077056884765625;1730,3466796875;1716;
1250,815;38,4152946472168;1720,53759765625;1716;
1250,816;38,16587829589844;1712,68994140625;1716;
1250,817;37,972938537597656;1724,461181640625;1716;
1250,818;38,14882278442383;1728,3848876953125;1716;
1250,819;38,077056884765625;1730,3466796875;1716;
1250,82;38,4152946472168;1716,61376953125;1716;
1250,821;38,16587829589844;1708,766357421875;1716;
1250,822;37,972938537597656;1724,461181640625;1716;
1250,823;38,14882278442383;1730,3466796875;1716;
1250,824;38,077056884765625;1728,3848876953125;1716;
1250,825;38,4152946472168;1714,6519775390625;1716;
1250,826;38,16529083251953;1710,728271484375;1716;
1250,827;37,972938537597656;1724,461181640625;1716;
1250,828;38,14882278442383;1732,3084716796875;1716;
1250,829;38,07823181152344;1732,3084716796875;1716;
1250,83;38,4152946472168;1714,6519775390625;1716;
1250,831;38,16646957397461;1710,728271484375;1716;
1250,832;37,974117279052734;1724,461181640625;1716;
1250,833;38,14882278442383;1732,3084716796875;1716;
1250,834;37,53117752075195;1730,3466796875;1716;
1250,835;38,4152946472168;1712,68994140625;1716;
1250,836;38,16646957397461;1708,766357421875;1716;
1250,837;37,974117279052734;1724,461181640625;1716;
1250,838;38,14882278442383;1726,4228515625;1716;
1250,839;37,529998779296875;1726,4228515625;1716;
1250,84;38,4152946472168;1716,61376953125;1716;
1250,841;38,16646957397461;1712,68994140625;1716;
1250,842;37,972938537597656;1724,461181640625;1716;
1250,843;38,149410247802734;1730,3466796875;1716;
1250,844;37,529998779296875;1728,3848876953125;1716;
1250,845;38,4152946472168;1714,6519775390625;1716;
1250,846;38,07823181152344;1724,461181640625;1716;
1250,847;37,972938537597656;1726,4228515625;1716;
1250,848;38,149410247802734;1728,3848876953125;1716;
1250,849;37,529998779296875;1724,461181640625;1716;
1250,85;38,4152946472168;1718,5755615234375;1716;
1250,851;38,07823181152344;1722,499267578125;1716;
1250,852;37,972938537597656;1724,461181640625;1716;
1250,853;38,14882278442383;1726,4228515625;1716;
1250,854;37,529998779296875;1720,53759765625;1716;
1250,855;38,4152946472168;1716,61376953125;1716;
1250,856;38,07823181152344;1720,53759765625;1716;
1250,857;37,972938537597656;1728,3848876953125;1716;
1250,858;38,149410247802734;1726,4228515625;1716;
1250,859;37,529998779296875;1716,61376953125;1716;
1250,86;38,41353225708008;1714,6519775390625;1716;
1250,861;38,07823181152344;1722,499267578125;1716;
1250,862;37,97235107421875;1732,3084716796875;1716;
1250,863;38,15058898925781;1728,3848876953125;1716;
1250,864;37,53058624267578;1716,61376953125;1716;
1250,865;38,41411590576172;1712,68994140625;1716;
1250,866;38,07764434814453;1722,499267578125;1716;
1250,867;37,974117279052734;1730,3466796875;1716;
1250,868;38,16646957397461;1716,61376953125;1716;
1250,869;37,53352737426758;1712,68994140625;1716;
1250,87;38,41353225708008;1714,6519775390625;1716;
1250,871;38,078819274902344;1722,499267578125;1716;
1250,872;37,96940994262695;1732,3084716796875;1716;
1250,873;38,16646957397461;1726,4228515625;1716;
1250,874;37,528236389160156;1710,728271484375;1716;
1250,875;38,410587310791016;1714,6519775390625;1716;
1250,876;37,99117660522461;1724,461181640625;1716;
1250,877;37,88764572143555;1728,3848876953125;1716;
1250,878;38,07646942138672;1726,4228515625;1716;
1250,879;37,44117736816406;1714,6519775390625;1716;
1250,88;38,32588195800781;1718,5755615234375;1716;
1250,881;37,98823547363281;1724,461181640625;1716;
1250,882;37,88235092163086;1728,3848876953125;1716;
1250,883;38,07646942138672;1716,61376953125;1716;
1250,884;37,44117736816406;1714,6519775390625;1716;
1250,885;38,05882263183594;1724,461181640625;1716;
1250,886;37,98823547363281;1728,3848876953125;1716;
1250,887;37,88235092163086;1726,4228515625;1716;
1250,888;38,07646942138672;1720,53759765625;1716;
1250,889;37,44117736816406;1716,61376953125;1716;
1250,89;38,05882263183594;1726,4228515625;1716;
1250,891;37,98823547363281;1728,3848876953125;1716;
1250,892;37,88235092163086;1726,4228515625;1716;
1250,893;38,07646942138672;1714,6519775390625;1716;
1250,894;37,44117736816406;1712,68994140625;1716;
1250,895;38,05882263183594;1726,4228515625;1716;
1250,896;37,98823547363281;1730,3466796875;1716;
1250,897;37,88235092163086;1726,4228515625;1716;
1250,898;38,07646942138672;1710,728271484375;1716;
1250,899;37,44117736816406;1712,68994140625;1716;
1250,9;38,05882263183594;1726,4228515625;1716;
1250,901;37,98823547363281;1732,3084716796875;1716;
1250,902;38,32353210449219;1730,3466796875;1716;
1250,903;38,07646942138672;1710,728271484375;1716;
1250,904;37,44117736816406;1712,68994140625;1716;
1250,905;38,05882263183594;1726,4228515625;1716;
1250,906;37,98823547363281;1732,3084716796875;1716;
1250,907;38,32353210449219;1720,53759765625;1716;
1250,908;38,07646942138672;1710,728271484375;1716;
1250,909;37,44117736816406;1712,68994140625;1716;
1250,91;38,05882263183594;1724,461181640625;1716;
1250,911;37,98823547363281;1726,4228515625;1716;
1250,912;38,32353210449219;1728,3848876953125;1716;
1250,913;38,07646942138672;1712,68994140625;1716;
1250,914;37,44117736816406;1712,68994140625;1716;
1250,915;36,82117462158203;1728,3848876953125;1716;
1250,916;38,04823303222656;1730,3466796875;1716;
1250,917;38,38058853149414;1720,53759765625;1716;
1250,918;38,14293670654297;1714,6519775390625;1716;
1250,919;37,952938079833984;1724,461181640625;1716;
1250,92;38,13705825805664;1724,461181640625;1716;
1250,921;38,072349548339844;1728,3848876953125;1716;
1250,922;38,410587310791016;1720,53759765625;1716;
1250,923;38,15764617919922;1714,6519775390625;1716;
1250,924;37,96294021606445;1724,461181640625;1716;
1250,925;38,14588165283203;1726,4228515625;1716;
1250,926;38,07529067993164;1730,3466796875;1716;
1250,927;38,408233642578125;1714,6519775390625;1716;
1250,928;38,160587310791016;1710,728271484375;1716;
1250,929;37,96234893798828;1722,499267578125;1716;
1250,93;38,134117126464844;1730,3466796875;1716;
1250,931;38,06175994873047;1728,3848876953125;1716;
1250,932;38,39117431640625;1712,68994140625;1716;
1250,933;38,14293670654297;1710,728271484375;1716;
1250,934;37,94764709472656;1724,461181640625;1716;
1250,935;38,122352600097656;1732,3084716796875;1716;
1250,936;37,508235931396484;1728,3848876953125;1716;
1250,937;38,38764572143555;1714,6519775390625;1716;
1250,938;38,13999938964844;1710,728271484375;1716;
1250,939;37,94293975830078;1722,499267578125;1716;
1250,94;38,207645416259766;1732,3084716796875;1716;
1250,941;37,579410552978516;1732,3084716796875;1716;
1250,942;38,47764587402344;1714,6519775390625;1716;
1250,943;38,23764419555664;1710,728271484375;1716;
1250,944;38,03940963745117;1724,461181640625;1716;
1250,945;38,228233337402344;1728,3848876953125;1716;
1250,946;37,5970573425293;1728,3848876953125;1716;
1250,947;38,47352981567383;1718,5755615234375;1716;
1250,948;38,23117446899414;1716,61376953125;1716;
1250,949;38,036468505859375;1726,4228515625;1716;
1250,95;38,21352767944336;1728,3848876953125;1716;
1250,951;37,60234832763672;1724,461181640625;1716;
1250,952;38,47705841064453;1716,61376953125;1716;
1250,953;38,24058532714844;1718,5755615234375;1716;
1250,954;38,04235076904297;1730,3466796875;1716;
1250,955;38,21588134765625;1726,4228515625;1716;
1250,956;37,58646774291992;1726,4228515625;1716;
1250,957;38,47588348388672;1716,61376953125;1716;
1250,958;38,15117645263672;1720,53759765625;1716;
1250,959;38,06175994873047;1728,3848876953125;1716;
1250,96;38,24764633178711;1726,4228515625;1716;
1250,961;37,632938385009766;1714,6519775390625;1716;
1250,962;38,51353073120117;1712,68994140625;1716;
1250,963;38,1847038269043;1724,461181640625;1716;
1250,964;38,077056884765625;1730,3466796875;1716;
1250,965;38,252349853515625;1726,4228515625;1716;
1250,966;37,63176345825195;1714,6519775390625;1716;
1250,967;38,50706100463867;1714,6519775390625;1716;
1250,968;38,16587829589844;1722,499267578125;1716;
1250,969;38,05999755859375;1732,3084716796875;1716;
1250,97;38,22999954223633;1730,3466796875;1716;
1250,971;37,61058807373047;1712,68994140625;1716;
1250,972;38,48411560058594;1712,68994140625;1716;
1250,973;38,14411544799805;1722,499267578125;1716;
1250,974;38,03940963745117;1730,3466796875;1716;
1250,975;38,23117446899414;1728,3848876953125;1716;
1250,976;37,59470748901367;1712,68994140625;1716;
1250,977;38,478824615478516;1714,6519775390625;1716;
1250,978;38,14411544799805;1722,499267578125;1716;
1250,979;38,03705596923828;1730,3466796875;1716;
1250,98;38,22646713256836;1728,3848876953125;1716;
1250,981;37,5970573425293;1710,728271484375;1716;
1250,982;38,47764587402344;1716,61376953125;1716;
1250,983;38,14411544799805;1724,461181640625;1716;
1250,984;38,0352897644043;1730,3466796875;1716;
1250,985;38,22999954223633;1724,461181640625;1716;
1250,986;37,5941162109375;1716,61376953125;1716;
1250,987;38,482940673828125;1720,53759765625;1716;
1250,988;38,14293670654297;1724,461181640625;1716;
1250,989;38,034706115722656;1726,4228515625;1716;
1250,99;38,22999954223633;1720,53759765625;1716;
1250,991;37,59646987915039;1716,61376953125;1716;
1250,992;38,21352767944336;1724,461181640625;1716;
1250,993;38,14293670654297;1726,4228515625;1716;
1250,994;38,031761169433594;1726,4228515625;1716;
1250,995;38,23411560058594;1716,61376953125;1716;
1250,996;37,59176254272461;1714,6519775390625;1716;
1250,997;38,21294021606445;1724,461181640625;1716;
1250,998;38,14234924316406;1730,3466796875;1716;
1250,999;38,03293991088867;1728,3848876953125;1716;
1251;38,228233337402344;1710,728271484375;1716;
1251,001;37,59470748901367;1712,68994140625;1716;
1251,002;38,21352767944336;1728,3848876953125;1716;
1251,003;38,14764404296875;1730,3466796875;1716;
1251,004;38,476470947265625;1726,4228515625;1716;
1251,005;38,22882080078125;1710,728271484375;1716;
1251,006;37,59587860107422;1712,68994140625;1716;
1251,007;38,21235275268555;1724,461181640625;1716;
1251,008;38,14411544799805;1732,3084716796875;1716;
1251,009;38,47705841064453;1730,3466796875;1716;
1251,01;38,23411560058594;1710,728271484375;1716;
1251,011;37,593528747558594;1712,68994140625;1716;
1251,012;38,21411895751953;1726,4228515625;1716;
1251,013;38,14293670654297;1732,3084716796875;1716;
1251,014;38,47705841064453;1728,3848876953125;1716;
1251,015;38,229408264160156;1710,728271484375;1716;
1251,016;37,59529113769531;1712,68994140625;1716;
1251,017;38,217647552490234;1726,4228515625;1716;
1251,018;38,14234924316406;1730,3466796875;1716;
1251,019;38,47705841064453;1724,461181640625;1716;
1251,02;38,229408264160156;1714,6519775390625;1716;
1251,021;37,5970573425293;1716,61376953125;1716;
1251,022;38,22058868408203;1724,461181640625;1716;
1251,023;38,147056579589844;1728,3848876953125;1716;
1251,024;38,47764587402344;1722,499267578125;1716;
1251,025;38,220584869384766;1712,68994140625;1716;
1251,026;37,53293991088867;1718,5755615234375;1716;
1251,027;38,147647857666016;1726,4228515625;1716;
1251,028;38,077056884765625;1728,3848876953125;1716;
1251,029;38,412940979003906;1712,68994140625;1716;
1251,03;38,16529083251953;1712,68994140625;1716;
1251,031;37,529998779296875;1724,461181640625;1716;
1251,032;38,147647857666016;1726,4228515625;1716;
1251,033;38,077056884765625;1726,4228515625;1716;
1251,034;38,4152946472168;1716,61376953125;1716;
1251,035;38,16646957397461;1710,728271484375;1716;
1251,036;37,97235107421875;1724,461181640625;1716;
1251,037;38,14882278442383;1732,3084716796875;1716;
1251,038;38,07823181152344;1732,3084716796875;1716;
1251,039;38,412940979003906;1712,68994140625;1716;
1251,04;38,16646957397461;1710,728271484375;1716;
1251,041;37,97235107421875;1724,461181640625;1716;
1251,042;38,14882278442383;1732,3084716796875;1716;
1251,043;38,07823181152344;1730,3466796875;1716;
1251,044;38,412940979003906;1712,68994140625;1716;
1251,045;38,16646957397461;1708,766357421875;1716;
1251,046;37,97235107421875;1724,461181640625;1716;
1251,047;38,14882278442383;1732,3084716796875;1716;
1251,048;38,07823181152344;1730,3466796875;1716;
1251,049;38,41353225708008;1714,6519775390625;1716;
1251,05;38,095882415771484;1722,499267578125;1716;
1251,051;37,97235107421875;1722,499267578125;1716;
1251,052;38,14882278442383;1732,3084716796875;1716;
1251,053;37,53117752075195;1730,3466796875;1716;
1251,054;38,412940979003906;1714,6519775390625;1716;
1251,055;38,07823181152344;1720,53759765625;1716;
1251,056;37,97235107421875;1724,461181640625;1716;
1251,057;38,147647857666016;1730,3466796875;1716;
1251,058;37,53117752075195;1726,4228515625;1716;
1251,059;38,412940979003906;1716,61376953125;1716;
1251,06;38,16646957397461;1716,61376953125;1716;
1251,061;37,97235107421875;1722,499267578125;1716;
1251,062;38,14882278442383;1728,3848876953125;1716;
1251,063;37,53117752075195;1722,499267578125;1716;
1251,064;38,412940979003906;1714,6519775390625;1716;
1251,065;38,167057037353516;1718,5755615234375;1716;
1251,066;37,97235107421875;1726,4228515625;1716;
1251,067;38,14882278442383;1728,3848876953125;1716;
1251,068;37,53293991088867;1712,68994140625;1716;
1251,069;38,41353225708008;1716,61376953125;1716;
1251,07;38,078819274902344;1722,499267578125;1716;
1251,071;37,97235107421875;1728,3848876953125;1716;
1251,072;38,14882278442383;1728,3848876953125;1716;
1251,073;37,529998779296875;1714,6519775390625;1716;
1251,074;38,41353225708008;1714,6519775390625;1716;
1251,075;38,078819274902344;1722,499267578125;1716;
1251,076;37,97235107421875;1730,3466796875;1716;
1251,077;38,14882278442383;1728,3848876953125;1716;
1251,078;37,53117752075195;1712,68994140625;1716;
1251,079;38,41353225708008;1714,6519775390625;1716;
1251,08;38,078819274902344;1722,499267578125;1716;
1251,081;37,97235107421875;1730,3466796875;1716;
1251,082;38,14882278442383;1730,3466796875;1716;
1251,083;37,53117752075195;1710,728271484375;1716;
1251,084;38,41353225708008;1712,68994140625;1716;
1251,085;38,078819274902344;1724,461181640625;1716;
1251,086;37,97235107421875;1730,3466796875;1716;
1251,087;38,16646957397461;1728,3848876953125;1716;
1251,088;37,53117752075195;1714,6519775390625;1716;
1251,089;38,41353225708008;1720,53759765625;1716;
1251,09;38,07823181152344;1722,499267578125;1716;
1251,091;37,971763610839844;1728,3848876953125;1716;
1251,092;38,16646957397461;1726,4228515625;1716;
1251,093;37,53117752075195;1714,6519775390625;1716;
1251,094;38,41353225708008;1716,61376953125;1716;
1251,095;38,07764434814453;1724,461181640625;1716;
1251,096;37,971763610839844;1728,3848876953125;1716;
1251,097;38,16646957397461;1716,61376953125;1716;
1251,098;37,53117752075195;1714,6519775390625;1716;
1251,099;38,41353225708008;1722,499267578125;1716;
1251,1;38,07764434814453;1724,461181640625;1716;
1251,101;37,971763610839844;1726,4228515625;1716;
1251,102;38,16646957397461;1712,68994140625;1716;
1251,103;37,53117752075195;1716,61376953125;1716;
1251,104;38,41353225708008;1724,461181640625;1716;
1251,105;38,07764434814453;1728,3848876953125;1716;
1251,106;37,971763610839844;1726,4228515625;1716;
1251,107;38,16646957397461;1714,6519775390625;1716;
1251,108;37,53117752075195;1714,6519775390625;1716;
1251,109;38,14882278442383;1724,461181640625;1716;
1251,11;38,07764434814453;1732,3084716796875;1716;
1251,111;37,97235107421875;1726,4228515625;1716;
1251,112;38,16646957397461;1710,728271484375;1716;
1251,113;37,53117752075195;1712,68994140625;1716;
1251,114;38,14882278442383;1726,4228515625;1716;
1251,115;38,07764434814453;1732,3084716796875;1716;
1251,116;37,97235107421875;1728,3848876953125;1716;
1251,117;38,16646957397461;1710,728271484375;1716;
1251,118;37,53117752075195;1714,6519775390625;1716;
1251,119;38,14882278442383;1724,461181640625;1716;
1251,12;38,078819274902344;1732,3084716796875;1716;
1251,121;37,971763610839844;1728,3848876953125;1716;
1251,122;38,16646957397461;1708,766357421875;1716;
1251,123;37,53117752075195;1714,6519775390625;1716;
1251,124;38,14882278442383;1726,4228515625;1716;
1251,125;38,07764434814453;1730,3466796875;1716;
1251,126;38,412940979003906;1726,4228515625;1716;
1251,127;38,16646957397461;1712,68994140625;1716;
1251,128;37,53117752075195;1720,53759765625;1716;
1251,129;38,14882278442383;1724,461181640625;1716;
1251,13;38,07999801635742;1730,3466796875;1716;
1251,131;38,412940979003906;1716,61376953125;1716;
1251,132;38,16646957397461;1714,6519775390625;1716;
1251,133;37,53117752075195;1716,61376953125;1716;
1251,134;38,14882278442383;1724,461181640625;1716;
1251,135;38,07823181152344;1728,3848876953125;1716;
1251,136;38,41353225708008;1720,53759765625;1716;
1251,137;38,16646957397461;1714,6519775390625;1716;
1251,138;37,53117752075195;1720,53759765625;1716;
1251,139;38,14882278442383;1726,4228515625;1716;
1251,14;38,07823181152344;1728,3848876953125;1716;
1251,141;38,412940979003906;1714,6519775390625;1716;
1251,142;38,16646957397461;1712,68994140625;1716;
1251,143;37,97235107421875;1724,461181640625;1716;
1251,144;38,14882278442383;1732,3084716796875;1716;
1251,145;38,07764434814453;1728,3848876953125;1716;
1251,146;38,412940979003906;1714,6519775390625;1716;
1251,147;38,16587829589844;1710,728271484375;1716;
1251,148;37,971763610839844;1722,499267578125;1716;
1251,149;38,14882278442383;1732,3084716796875;1716;
1251,15;38,07823181152344;1730,3466796875;1716;
1251,151;38,41353225708008;1710,728271484375;1716;
1251,152;38,16646957397461;1710,728271484375;1716;
1251,153;37,971763610839844;1724,461181640625;1716;
1251,154;38,14882278442383;1730,3466796875;1716;
1251,155;37,53176498413086;1726,4228515625;1716;
1251,156;38,4152946472168;1712,68994140625;1716;
1251,157;38,16352844238281;1712,68994140625;1716;
1251,158;37,967647552490234;1724,461181640625;1716;
1251,159;38,061763763427734;1730,3466796875;1716;
1251,16;37,99117660522461;1730,3466796875;1716;
1251,161;38,32353210449219;1716,61376953125;1716;
1251,162;38,07646942138672;1714,6519775390625;1716;
1251,163;37,88235092163086;1722,499267578125;1716;
1251,164;38,05882263183594;1730,3466796875;1716;
1251,165;37,44117736816406;1730,3466796875;1716;
1251,166;38,32353210449219;1718,5755615234375;1716;
1251,167;38,07646942138672;1712,68994140625;1716;
1251,168;37,88235092163086;1724,461181640625;1716;
1251,169;38,12940979003906;1730,3466796875;1716;
1251,17;37,44117736816406;1720,53759765625;1716;
1251,171;38,32353210449219;1718,5755615234375;1716;
1251,172;38,07646942138672;1716,61376953125;1716;
1251,173;37,88235092163086;1724,461181640625;1716;
1251,174;38,05882263183594;1726,4228515625;1716;
1251,175;37,44117736816406;1724,461181640625;1716;
1251,176;38,32353210449219;1716,61376953125;1716;
1251,177;38,07646942138672;1718,5755615234375;1716;
1251,178;37,88235092163086;1730,3466796875;1716;
1251,179;38,05882263183594;1728,3848876953125;1716;
1251,18;37,44117736816406;1718,5755615234375;1716;
1251,181;38,32353210449219;1716,61376953125;1716;
1251,182;37,98823547363281;1722,499267578125;1716;
1251,183;37,88235092163086;1730,3466796875;1716;
1251,184;38,05882263183594;1726,4228515625;1716;
1251,185;37,44352722167969;1716,61376953125;1716;
1251,186;38,32353210449219;1714,6519775390625;1716;
1251,187;37,98823547363281;1722,499267578125;1716;
1251,188;37,88235092163086;1732,3084716796875;1716;
1251,189;38,05882263183594;1728,3848876953125;1716;
1251,19;37,44117736816406;1712,68994140625;1716;
1251,191;38,32353210449219;1714,6519775390625;1716;
1251,192;37,98823547363281;1722,499267578125;1716;
1251,193;37,88235092163086;1730,3466796875;1716;
1251,194;38,05882263183594;1728,3848876953125;1716;
1251,195;37,44117736816406;1716,61376953125;1716;
1251,196;38,32353210449219;1712,68994140625;1716;
1251,197;37,98823547363281;1722,499267578125;1716;
1251,198;36,6594123840332;1730,3466796875;1716;
1251,199;38,139408111572266;1728,3848876953125;1716;
1251,2;37,5164680480957;1716,61376953125;1716;
1251,201;38,38999938964844;1714,6519775390625;1716;
1251,202;38,05881881713867;1722,499267578125;1716;
1251,203;37,96352767944336;1728,3848876953125;1716;
1251,204;38,15764617919922;1720,53759765625;1716;
1251,205;37,525291442871094;1714,6519775390625;1716;
1251,206;38,40764617919922;1716,61376953125;1716;
1251,207;38,072349548339844;1724,461181640625;1716;
1251,208;37,97235107421875;1726,4228515625;1716;
1251,209;38,160587310791016;1722,499267578125;1716;
1251,21;37,53117752075195;1716,61376953125;1716;
1251,211;38,40764617919922;1722,499267578125;1716;
1251,212;38,070587158203125;1728,3848876953125;1716;
1251,213;37,961761474609375;1724,461181640625;1716;
1251,214;38,14881896972656;1718,5755615234375;1716;
1251,215;37,5094108581543;1714,6519775390625;1716;
1251,216;38,38999938964844;1724,461181640625;1716;
1251,217;38,05352783203125;1732,3084716796875;1716;
1251,218;37,94588088989258;1728,3848876953125;1716;
1251,219;38,13999938964844;1714,6519775390625;1716;
1251,22;37,50529479980469;1714,6519775390625;1716;
1251,221;38,20882034301758;1726,4228515625;1716;
1251,222;38,04352569580078;1730,3466796875;1716;
1251,223;38,02587890625;1726,4228515625;1716;
1251,224;38,22529220581055;1710,728271484375;1716;
1251,225;37,58940887451172;1712,68994140625;1716;
1251,226;38,22058868408203;1726,4228515625;1716;
1251,227;38,15117645263672;1732,3084716796875;1716;
1251,228;38,48411560058594;1728,3848876953125;1716;
1251,229;38,24235153198242;1710,728271484375;1716;
1251,23;37,593528747558594;1712,68994140625;1716;
1251,231;38,21235275268555;1724,461181640625;1716;
1251,232;38,14293670654297;1732,3084716796875;1716;
1251,233;38,47705841064453;1726,4228515625;1716;
1251,234;38,234703063964844;1708,766357421875;1716;
1251,235;37,598819732666016;1712,68994140625;1716;
1251,236;38,21940994262695;1726,4228515625;1716;
1251,237;38,14881896972656;1732,3084716796875;1716;
1251,238;38,48117446899414;1722,499267578125;1716;
1251,239;38,22175979614258;1712,68994140625;1716;
1251,24;37,59941101074219;1714,6519775390625;1716;
1251,241;38,221763610839844;1724,461181640625;1716;
1251,242;38,15470504760742;1728,3848876953125;1716;
1251,243;38,51176452636719;1726,4228515625;1716;
1251,244;38,268821716308594;1712,68994140625;1716;
1251,245;37,63587951660156;1716,61376953125;1716;
1251,246;38,250587463378906;1728,3848876953125;1716;
1251,247;38,18587875366211;1728,3848876953125;1716;
1251,248;38,52235412597656;1712,68994140625;1716;
1251,249;38,262939453125;1712,68994140625;1716;
1251,25;38,070587158203125;1724,461181640625;1716;
1251,251;38,23999786376953;1732,3084716796875;1716;
1251,252;38,16529083251953;1726,4228515625;1716;
1251,253;38,499412536621094;1716,61376953125;1716;
1251,254;38,24646759033203;1712,68994140625;1716;
1251,255;38,04705810546875;1724,461181640625;1716;
1251,256;38,21706008911133;1728,3848876953125;1716;
1251,257;38,14352798461914;1726,4228515625;1716;
1251,258;38,47941207885742;1714,6519775390625;1716;
1251,259;38,228233337402344;1710,728271484375;1716;
1251,26;38,034706115722656;1724,461181640625;1716;
1251,261;38,21529006958008;1732,3084716796875;1716;
1251,262;38,14646911621094;1728,3848876953125;1716;
1251,263;38,472354888916016;1712,68994140625;1716;
1251,264;38,23529052734375;1708,766357421875;1716;
1251,265;38,0352897644043;1724,461181640625;1716;
1251,266;38,22999954223633;1732,3084716796875;1716;
1251,267;37,59293746948242;1728,3848876953125;1716;
1251,268;38,47764587402344;1718,5755615234375;1716;
1251,269;38,22999954223633;1710,728271484375;1716;
1251,27;38,03588104248047;1722,499267578125;1716;
1251,271;38,21352767944336;1730,3466796875;1716;
1251,272;37,59587860107422;1730,3466796875;1716;
1251,273;38,476470947265625;1712,68994140625;1716;
1251,274;38,23234939575195;1708,766357421875;1716;
1251,275;38,0352897644043;1724,461181640625;1716;
1251,276;38,21588134765625;1730,3466796875;1716;
1251,277;37,60117721557617;1726,4228515625;1716;
1251,278;38,47588348388672;1716,61376953125;1716;
1251,279;38,234703063964844;1712,68994140625;1716;
1251,28;38,0352897644043;1724,461181640625;1716;
1251,281;38,21411895751953;1728,3848876953125;1716;
1251,282;37,598819732666016;1728,3848876953125;1716;
1251,283;38,47529220581055;1716,61376953125;1716;
1251,284;38,23176193237305;1718,5755615234375;1716;
1251,285;38,04058837890625;1730,3466796875;1716;
1251,286;38,211761474609375;1728,3848876953125;1716;
1251,287;37,59529113769531;1724,461181640625;1716;
1251,288;38,47764587402344;1718,5755615234375;1716;
1251,289;38,14293670654297;1722,499267578125;1716;
1251,29;38,03823471069336;1726,4228515625;1716;
1251,291;38,21294021606445;1726,4228515625;1716;
1251,292;37,60117721557617;1712,68994140625;1716;
1251,293;38,47529220581055;1716,61376953125;1716;
1251,294;38,141761779785156;1722,499267578125;1716;
1251,295;38,03940963745117;1728,3848876953125;1716;
1251,296;38,21235275268555;1724,461181640625;1716;
1251,297;37,61470413208008;1716,61376953125;1716;
1251,298;38,478233337402344;1714,6519775390625;1716;
1251,299;38,14234924316406;1722,499267578125;1716;
1251,3;38,034706115722656;1732,3084716796875;1716;
1251,301;38,21235275268555;1726,4228515625;1716;
1251,302;37,59646987915039;1712,68994140625;1716;
1251,303;38,478233337402344;1714,6519775390625;1716;
1251,304;38,14529037475586;1722,499267578125;1716;
1251,305;38,03764724731445;1730,3466796875;1716;
1251,306;38,22646713256836;1726,4228515625;1716;
1251,307;37,59470748901367;1714,6519775390625;1716;
1251,308;38,47470474243164;1716,61376953125;1716;
1251,309;38,07823181152344;1722,499267578125;1716;
1251,31;37,97117614746094;1732,3084716796875;1716;
1251,311;38,16529083251953;1712,68994140625;1716;
1251,312;37,5294075012207;1712,68994140625;1716;
1251,313;38,412353515625;1714,6519775390625;1716;
1251,314;38,077056884765625;1722,499267578125;1716;
1251,315;37,96999740600586;1726,4228515625;1716;
1251,316;38,16411590576172;1722,499267578125;1716;
1251,317;37,53117752075195;1714,6519775390625;1716;
1251,318;38,41353225708008;1714,6519775390625;1716;
1251,319;38,077056884765625;1724,461181640625;1716;
1251,32;37,97235107421875;1726,4228515625;1716;
1251,321;38,167057037353516;1724,461181640625;1716;
1251,322;37,529998779296875;1716,61376953125;1716;
1251,323;38,41353225708008;1720,53759765625;1716;
1251,324;38,07823181152344;1728,3848876953125;1716;
1251,325;37,974117279052734;1726,4228515625;1716;
1251,326;38,16587829589844;1720,53759765625;1716;
1251,327;37,529998779296875;1714,6519775390625;1716;
1251,328;38,14882278442383;1724,461181640625;1716;
1251,329;38,07823181152344;1726,4228515625;1716;
1251,33;37,97235107421875;1726,4228515625;1716;
1251,331;38,16587829589844;1716,61376953125;1716;
1251,332;37,53176498413086;1712,68994140625;1716;
1251,333;38,14882278442383;1726,4228515625;1716;
1251,334;38,07823181152344;1728,3848876953125;1716;
1251,335;37,974117279052734;1724,461181640625;1716;
1251,336;38,16587829589844;1714,6519775390625;1716;
1251,337;37,53176498413086;1710,728271484375;1716;
1251,338;38,14882278442383;1726,4228515625;1716;
1251,339;38,07823181152344;1732,3084716796875;1716;
1251,34;37,974117279052734;1728,3848876953125;1716;
1251,341;38,16587829589844;1710,728271484375;1716;
1251,342;37,53176498413086;1712,68994140625;1716;
1251,343;38,14882278442383;1726,4228515625;1716;
1251,344;38,07823181152344;1732,3084716796875;1716;
1251,345;38,4152946472168;1726,4228515625;1716;
1251,346;38,16587829589844;1708,766357421875;1716;
1251,347;37,53176498413086;1712,68994140625;1716;
1251,348;38,14882278442383;1726,4228515625;1716;
1251,349;38,077056884765625;1730,3466796875;1716;
1251,35;38,4152946472168;1724,461181640625;1716;
1251,351;38,167057037353516;1710,728271484375;1716;
1251,352;37,53293991088867;1712,68994140625;1716;
1251,353;38,14882278442383;1724,461181640625;1716;
1251,354;38,077056884765625;1726,4228515625;1716;
1251,355;38,4152946472168;1722,499267578125;1716;
1251,356;38,16587829589844;1714,6519775390625;1716;
1251,357;37,53293991088867;1714,6519775390625;1716;
1251,358;38,14882278442383;1732,3084716796875;1716;
1251,359;38,077056884765625;1728,3848876953125;1716;
1251,36;38,4152946472168;1718,5755615234375;1716;
1251,361;38,16587829589844;1714,6519775390625;1716;
1251,362;37,53176498413086;1718,5755615234375;1716;
1251,363;38,14882278442383;1730,3466796875;1716;
1251,364;38,077056884765625;1726,4228515625;1716;
1251,365;38,4152946472168;1714,6519775390625;1716;
1251,366;38,16587829589844;1712,68994140625;1716;
1251,367;37,972938537597656;1722,499267578125;1716;
1251,368;38,14882278442383;1726,4228515625;1716;
1251,369;38,077056884765625;1728,3848876953125;1716;
1251,37;38,4152946472168;1712,68994140625;1716;
1251,371;38,16529083251953;1710,728271484375;1716;
1251,372;37,972938537597656;1724,461181640625;1716;
1251,373;38,14882278442383;1732,3084716796875;1716;
1251,374;38,07823181152344;1726,4228515625;1716;
1251,375;38,4152946472168;1712,68994140625;1716;
1251,376;38,16646957397461;1708,766357421875;1716;
1251,377;37,974117279052734;1724,461181640625;1716;
1251,378;38,14882278442383;1732,3084716796875;1716;
1251,379;38,07823181152344;1726,4228515625;1716;
1251,38;38,4152946472168;1716,61376953125;1716;
1251,381;38,16646957397461;1710,728271484375;1716;
1251,382;37,972938537597656;1722,499267578125;1716;
1251,383;38,14882278442383;1734,2705078125;1716;
1251,384;37,529998779296875;1732,3084716796875;1716;
1251,385;38,4152946472168;1710,728271484375;1716;
1251,386;38,16646957397461;1710,728271484375;1716;
1251,387;37,972938537597656;1724,461181640625;1716;
1251,388;38,149410247802734;1728,3848876953125;1716;
1251,389;37,529998779296875;1724,461181640625;1716;
1251,39;38,4152946472168;1716,61376953125;1716;
1251,391;38,16646957397461;1716,61376953125;1716;
1251,392;37,972938537597656;1722,499267578125;1716;
1251,393;38,149410247802734;1726,4228515625;1716;
1251,394;37,529998779296875;1730,3466796875;1716;
1251,395;38,4152946472168;1714,6519775390625;1716;
1251,396;38,16646957397461;1718,5755615234375;1716;
1251,397;37,972938537597656;1726,4228515625;1716;
1251,398;38,149410247802734;1726,4228515625;1716;
1251,399;37,529998779296875;1724,461181640625;1716;
1251,4;38,4152946472168;1718,5755615234375;1716;
1251,401;38,077056884765625;1720,53759765625;1716;
1251,402;37,972938537597656;1724,461181640625;1716;
1251,403;38,149410247802734;1724,461181640625;1716;
1251,404;37,529998779296875;1714,6519775390625;1716;
1251,405;38,41353225708008;1714,6519775390625;1716;
1251,406;38,07823181152344;1720,53759765625;1716;
1251,407;37,971763610839844;1730,3466796875;1716;
1251,408;38,148231506347656;1724,461181640625;1716;
1251,409;37,529998779296875;1712,68994140625;1716;
1251,41;38,41353225708008;1714,6519775390625;1716;
1251,411;38,07823181152344;1722,499267578125;1716;
1251,412;37,972938537597656;1732,3084716796875;1716;
1251,413;38,148231506347656;1730,3466796875;1716;
1251,414;37,529998779296875;1710,728271484375;1716;
1251,415;38,41353225708008;1714,6519775390625;1716;
1251,416;38,07823181152344;1724,461181640625;1716;
1251,417;37,972938537597656;1732,3084716796875;1716;
1251,418;38,167057037353516;1728,3848876953125;1716;
1251,419;37,529998779296875;1712,68994140625;1716;
1251,42;38,41353225708008;1714,6519775390625;1716;
1251,421;38,07823181152344;1722,499267578125;1716;
1251,422;37,974117279052734;1726,4228515625;1716;
1251,423;38,16587829589844;1730,3466796875;1716;
1251,424;37,529998779296875;1712,68994140625;1716;
1251,425;38,41353225708008;1716,61376953125;1716;
1251,426;38,07823181152344;1724,461181640625;1716;
1251,427;37,97235107421875;1728,3848876953125;1716;
1251,428;38,16587829589844;1724,461181640625;1716;
1251,429;37,53176498413086;1716,61376953125;1716;
1251,43;38,41353225708008;1718,5755615234375;1716;
1251,431;38,07823181152344;1728,3848876953125;1716;
1251,432;37,971763610839844;1726,4228515625;1716;
1251,433;38,16646957397461;1718,5755615234375;1716;
1251,434;37,53117752075195;1716,61376953125;1716;
1251,435;38,15058898925781;1722,499267578125;1716;
1251,436;38,07823181152344;1726,4228515625;1716;
1251,437;37,97235107421875;1726,4228515625;1716;
1251,438;38,16646957397461;1718,5755615234375;1716;
1251,439;37,53293991088867;1712,68994140625;1716;
1251,44;38,15058898925781;1724,461181640625;1716;
1251,441;38,0811767578125;1728,3848876953125;1716;
1251,442;37,885292053222656;1726,4228515625;1716;
1251,443;38,079410552978516;1710,728271484375;1716;
1251,444;37,44117736816406;1712,68994140625;1716;
1251,445;38,05882263183594;1728,3848876953125;1716;
1251,446;37,98823547363281;1730,3466796875;1716;
1251,447;37,88235092163086;1726,4228515625;1716;
1251,448;38,07646942138672;1710,728271484375;1716;
1251,449;37,44117736816406;1712,68994140625;1716;
1251,45;38,05882263183594;1724,461181640625;1716;
1251,451;37,98823547363281;1732,3084716796875;1716;
1251,452;38,32353210449219;1728,3848876953125;1716;
1251,453;38,07646942138672;1708,766357421875;1716;
1251,454;37,44117736816406;1712,68994140625;1716;
1251,455;38,05882263183594;1726,4228515625;1716;
1251,456;37,98823547363281;1732,3084716796875;1716;
1251,457;38,32353210449219;1726,4228515625;1716;
1251,458;38,07646942138672;1710,728271484375;1716;
1251,459;37,44117736816406;1712,68994140625;1716;
1251,46;38,05882263183594;1724,461181640625;1716;
1251,461;37,98823547363281;1728,3848876953125;1716;
1251,462;38,32353210449219;1728,3848876953125;1716;
1251,463;38,07646942138672;1712,68994140625;1716;
1251,464;37,44117736816406;1714,6519775390625;1716;
1251,465;38,05882263183594;1724,461181640625;1716;
1251,466;37,98823547363281;1726,4228515625;1716;
1251,467;38,32353210449219;1712,68994140625;1716;
1251,468;38,07646942138672;1714,6519775390625;1716;
1251,469;37,44117736816406;1716,61376953125;1716;
1251,47;38,05882263183594;1728,3848876953125;1716;
1251,471;37,99058532714844;1728,3848876953125;1716;
1251,472;38,32353210449219;1718,5755615234375;1716;
1251,473;38,07646942138672;1714,6519775390625;1716;
1251,474;37,44117736816406;1722,499267578125;1716;
1251,475;38,05882263183594;1730,3466796875;1716;
1251,476;37,98823547363281;1726,4228515625;1716;
1251,477;38,32353210449219;1718,5755615234375;1716;
1251,478;38,07646942138672;1712,68994140625;1716;
1251,479;37,88235092163086;1722,499267578125;1716;
1251,48;38,05882263183594;1728,3848876953125;1716;
1251,481;37,98823547363281;1728,3848876953125;1716;
1251,482;38,386470794677734;1712,68994140625;1716;
1251,483;38,141761779785156;1712,68994140625;1716;
1251,484;37,94352722167969;1724,461181640625;1716;
1251,485;38,12940979003906;1730,3466796875;1716;
1251,486;38,06352615356445;1728,3848876953125;1716;
1251,487;38,40529251098633;1712,68994140625;1716;
1251,488;38,16352844238281;1710,728271484375;1716;
1251,489;37,966468811035156;1724,461181640625;1716;
1251,49;38,142940521240234;1732,3084716796875;1716;
1251,491;38,0811767578125;1730,3466796875;1716;
1251,492;38,410587310791016;1716,61376953125;1716;
1251,493;38,158233642578125;1712,68994140625;1716;
1251,494;37,96940994262695;1724,461181640625;1716;
1251,495;38,14234924316406;1734,2705078125;1716;
1251,496;38,065879821777344;1732,3084716796875;1716;
1251,497;38,3964729309082;1716,61376953125;1716;
1251,498;38,145877838134766;1710,728271484375;1716;
1251,499;37,95176315307617;1724,461181640625;1716;
1251,5;38,122352600097656;1730,3466796875;1716;
1251,501;37,50470733642578;1726,4228515625;1716;
1251,502;38,38999938964844;1718,5755615234375;1716;
1251,503;38,140586853027344;1714,6519775390625;1716;
1251,504;37,946468353271484;1722,499267578125;1716;
1251,505;38,11705780029297;1730,3466796875;1716;
1251,506;37,5847053527832;1714,6519775390625;1716;
1251,507;38,46941375732422;1716,61376953125;1716;
1251,508;38,22882080078125;1714,6519775390625;1716;
1251,509;38,04411697387695;1724,461181640625;1716;
1251,51;38,22235107421875;1726,4228515625;1716;
1251,511;37,604705810546875;1714,6519775390625;1716;
1251,512;38,48941421508789;1718,5755615234375;1716;
1251,513;38,14234924316406;1720,53759765625;1716;
1251,514;38,03999710083008;1724,461181640625;1716;
1251,515;38,21529006958008;1726,4228515625;1716;
1251,516;37,59470748901367;1718,5755615234375;1716;
1251,517;38,48117446899414;1716,61376953125;1716;
1251,518;38,145877838134766;1722,499267578125;1716;
1251,519;38,04411697387695;1732,3084716796875;1716;
1251,52;38,21882247924805;1726,4228515625;1716;
1251,521;37,598819732666016;1714,6519775390625;1716;
1251,522;38,4835319519043;1716,61376953125;1716;
1251,523;38,14411544799805;1722,499267578125;1716;
1251,524;38,04058837890625;1730,3466796875;1716;
1251,525;38,22587966918945;1728,3848876953125;1716;
1251,526;37,627647399902344;1712,68994140625;1716;
1251,527;38,510589599609375;1714,6519775390625;1716;
1251,528;38,181175231933594;1722,499267578125;1716;
1251,529;38,07823181152344;1732,3084716796875;1716;
1251,53;38,25;1728,3848876953125;1716;
1251,531;37,639408111572266;1712,68994140625;1716;
1251,532;38,512351989746094;1716,61376953125;1716;
1251,533;38,17646789550781;1722,499267578125;1716;
1251,534;38,06529235839844;1730,3466796875;1716;
1251,535;38,25411605834961;1728,3848876953125;1716;
1251,536;37,61647033691406;1712,68994140625;1716;
1251,537;38,4935302734375;1718,5755615234375;1716;
1251,538;38,15705490112305;1722,499267578125;1716;
1251,539;38,04352569580078;1730,3466796875;1716;
1251,54;38,229408264160156;1724,461181640625;1716;
1251,541;37,593528747558594;1716,61376953125;1716;
1251,542;38,48117446899414;1718,5755615234375;1716;
1251,543;38,14234924316406;1722,499267578125;1716;
1251,544;38,0352897644043;1728,3848876953125;1716;
1251,545;38,23176193237305;1708,766357421875;1716;
1251,546;37,59941101074219;1714,6519775390625;1716;
1251,547;38,47529220581055;1718,5755615234375;1716;
1251,548;38,14411544799805;1728,3848876953125;1716;
1251,549;38,03588104248047;1726,4228515625;1716;
1251,55;38,23234939575195;1712,68994140625;1716;
1251,551;37,59646987915039;1716,61376953125;1716;
1251,552;38,47764587402344;1724,461181640625;1716;
1251,553;38,14529037475586;1726,4228515625;1716;
1251,554;38,03588104248047;1724,461181640625;1716;
1251,555;38,22999954223633;1708,766357421875;1716;
1251,556;37,598236083984375;1714,6519775390625;1716;
1251,557;38,21235275268555;1726,4228515625;1716;
1251,558;38,147056579589844;1730,3466796875;1716;
1251,559;38,03940963745117;1728,3848876953125;1716;
1251,56;38,228233337402344;1712,68994140625;1716;
1251,561;37,59941101074219;1714,6519775390625;1716;
1251,562;38,21235275268555;1726,4228515625;1716;
1251,563;38,13823318481445;1732,3084716796875;1716;
1251,564;38,03764724731445;1726,4228515625;1716;
1251,565;38,229408264160156;1710,728271484375;1716;
1251,566;37,592350006103516;1712,68994140625;1716;
1251,567;38,20823287963867;1726,4228515625;1716;
1251,568;38,141761779785156;1730,3466796875;1716;
1251,569;38,03764724731445;1728,3848876953125;1716;
1251,57;38,23176193237305;1710,728271484375;1716;
1251,571;37,59529113769531;1712,68994140625;1716;
1251,572;38,21117401123047;1724,461181640625;1716;
1251,573;38,141761779785156;1732,3084716796875;1716;
1251,574;38,47764587402344;1728,3848876953125;1716;
1251,575;38,230587005615234;1710,728271484375;1716;
1251,576;37,59529113769531;1716,61376953125;1716;
1251,577;38,21352767944336;1726,4228515625;1716;
1251,578;38,145877838134766;1730,3466796875;1716;
1251,579;38,47529220581055;1726,4228515625;1716;
1251,58;38,22999954223633;1712,68994140625;1716;
1251,581;37,59470748901367;1722,499267578125;1716;
1251,582;38,21352767944336;1726,4228515625;1716;
1251,583;38,14352798461914;1730,3466796875;1716;
1251,584;38,478824615478516;1720,53759765625;1716;
1251,585;38,23117446899414;1712,68994140625;1716;
1251,586;37,59293746948242;1718,5755615234375;1716;
1251,587;38,21235275268555;1726,4228515625;1716;
1251,588;38,14117431640625;1728,3848876953125;1716;
1251,589;38,47470474243164;1712,68994140625;1716;
1251,59;38,230587005615234;1712,68994140625;1716;
1251,591;37,593528747558594;1722,499267578125;1716;
1251,592;38,15058898925781;1728,3848876953125;1716;
1251,593;37,53176498413086;1730,3466796875;1716;
1251,594;38,412353515625;1712,68994140625;1716;
1251,595;38,164703369140625;1712,68994140625;1716;
1251,596;37,97117614746094;1724,461181640625;1716;
1251,597;38,14882278442383;1730,3466796875;1716;
1251,598;38,077056884765625;1730,3466796875;1716;
1251,599;38,412353515625;1712,68994140625;1716;
1251,6;38,16529083251953;1710,728271484375;1716;
1251,601;37,97235107421875;1724,461181640625;1716;
1251,602;38,14882278442383;1732,3084716796875;1716;
1251,603;38,07823181152344;1730,3466796875;1716;
1251,604;38,41353225708008;1710,728271484375;1716;
1251,605;38,16646957397461;1710,728271484375;1716;
1251,606;37,97235107421875;1724,461181640625;1716;
1251,607;38,14882278442383;1730,3466796875;1716;
1251,608;38,07823181152344;1728,3848876953125;1716;
1251,609;38,412940979003906;1712,68994140625;1716;
1251,61;38,16646957397461;1710,728271484375;1716;
1251,611;37,97235107421875;1722,499267578125;1716;
1251,612;38,149410247802734;1732,3084716796875;1716;
1251,613;37,53117752075195;1730,3466796875;1716;
1251,614;38,412940979003906;1714,6519775390625;1716;
1251,615;38,16646957397461;1714,6519775390625;1716;
1251,616;37,97235107421875;1724,461181640625;1716;
1251,617;38,14882278442383;1726,4228515625;1716;
1251,618;37,53293991088867;1728,3848876953125;1716;
1251,619;38,412940979003906;1718,5755615234375;1716;
1251,62;38,167057037353516;1712,68994140625;1716;
1251,621;37,97235107421875;1724,461181640625;1716;
1251,622;38,14882278442383;1728,3848876953125;1716;
1251,623;37,53293991088867;1722,499267578125;1716;
1251,624;38,412940979003906;1714,6519775390625;1716;
1251,625;38,07823181152344;1718,5755615234375;1716;
1251,626;37,97235107421875;1724,461181640625;1716;
1251,627;38,14882278442383;1726,4228515625;1716;
1251,628;37,53117752075195;1716,61376953125;1716;
1251,629;38,412940979003906;1716,61376953125;1716;
1251,63;38,167057037353516;1720,53759765625;1716;
1251,631;37,97235107421875;1728,3848876953125;1716;
1251,632;38,14882278442383;1726,4228515625;1716;
1251,633;37,53117752075195;1716,61376953125;1716;
1251,634;38,41353225708008;1716,61376953125;1716;
1251,635;38,078819274902344;1722,499267578125;1716;
1251,636;37,97235107421875;1730,3466796875;1716;
1251,637;38,14882278442383;1724,461181640625;1716;
1251,638;37,53117752075195;1714,6519775390625;1716;
1251,639;38,41353225708008;1714,6519775390625;1716;
1251,64;38,07823181152344;1722,499267578125;1716;
1251,641;37,97235107421875;1730,3466796875;1716;
1251,642;38,14882278442383;1728,3848876953125;1716;
1251,643;37,53117752075195;1712,68994140625;1716;
1251,644;38,41353225708008;1714,6519775390625;1716;
1251,645;38,07823181152344;1724,461181640625;1716;
1251,646;37,97235107421875;1732,3084716796875;1716;
1251,647;38,16646957397461;1728,3848876953125;1716;
1251,648;37,53117752075195;1712,68994140625;1716;
1251,649;38,41353225708008;1716,61376953125;1716;
1251,65;38,078819274902344;1724,461181640625;1716;
1251,651;37,989410400390625;1730,3466796875;1716;
1251,652;38,16646957397461;1728,3848876953125;1716;
1251,653;37,53117752075195;1714,6519775390625;1716;
1251,654;38,14882278442383;1726,4228515625;1716;
1251,655;38,07764434814453;1722,499267578125;1716;
1251,656;37,971763610839844;1728,3848876953125;1716;
1251,657;38,16646957397461;1726,4228515625;1716;
1251,658;37,53117752075195;1714,6519775390625;1716;
1251,659;38,41353225708008;1716,61376953125;1716;
1251,66;38,07764434814453;1724,461181640625;1716;
1251,661;37,971763610839844;1728,3848876953125;1716;
1251,662;38,16646957397461;1716,61376953125;1716;
1251,663;37,53117752075195;1716,61376953125;1716;
1251,664;38,41353225708008;1722,499267578125;1716;
1251,665;38,07764434814453;1728,3848876953125;1716;
1251,666;37,971763610839844;1726,4228515625;1716;
1251,667;38,16646957397461;1712,68994140625;1716;
1251,668;37,53117752075195;1714,6519775390625;1716;
1251,669;38,14882278442383;1724,461181640625;1716;
1251,67;38,07764434814453;1728,3848876953125;1716;
1251,671;37,971763610839844;1730,3466796875;1716;
1251,672;38,16646957397461;1714,6519775390625;1716;
1251,673;37,53117752075195;1712,68994140625;1716;
1251,674;38,14882278442383;1726,4228515625;1716;
1251,675;38,078819274902344;1730,3466796875;1716;
1251,676;37,971763610839844;1724,461181640625;1716;
1251,677;38,16646957397461;1710,728271484375;1716;
1251,678;37,53117752075195;1712,68994140625;1716;
1251,679;38,14882278442383;1726,4228515625;1716;
1251,68;38,07764434814453;1732,3084716796875;1716;
1251,681;37,971763610839844;1728,3848876953125;1716;
1251,682;38,16646957397461;1712,68994140625;1716;
1251,683;37,53117752075195;1712,68994140625;1716;
1251,684;38,14882278442383;1724,461181640625;1716;
1251,685;38,07764434814453;1732,3084716796875;1716;
1251,686;38,412940979003906;1726,4228515625;1716;
1251,687;38,16646957397461;1708,766357421875;1716;
1251,688;37,97235107421875;1724,461181640625;1716;
1251,689;38,14882278442383;1726,4228515625;1716;
1251,69;38,07999801635742;1732,3084716796875;1716;
1251,691;38,4152946472168;1728,3848876953125;1716;
1251,692;38,16646957397461;1712,68994140625;1716;
1251,693;37,53117752075195;1724,461181640625;1716;
1251,694;38,14882278442383;1724,461181640625;1716;
1251,695;38,07823181152344;1730,3466796875;1716;
1251,696;38,41353225708008;1726,4228515625;1716;
1251,697;38,16646957397461;1712,68994140625;1716;
1251,698;37,53117752075195;1716,61376953125;1716;
1251,699;38,14882278442383;1724,461181640625;1716;
1251,7;38,07823181152344;1730,3466796875;1716;
1251,701;38,412940979003906;1716,61376953125;1716;
1251,702;38,16646957397461;1714,6519775390625;1716;
1251,703;37,97235107421875;1720,53759765625;1716;
1251,704;38,14882278442383;1726,4228515625;1716;
1251,705;38,07823181152344;1726,4228515625;1716;
1251,706;38,412940979003906;1718,5755615234375;1716;
1251,707;38,16646957397461;1710,728271484375;1716;
1251,708;37,97235107421875;1722,499267578125;1716;
1251,709;38,14882278442383;1728,3848876953125;1716;
1251,71;38,07823181152344;1728,3848876953125;1716;
1251,711;38,41411590576172;1714,6519775390625;1716;
1251,712;38,167057037353516;1712,68994140625;1716;
1251,713;37,972938537597656;1724,461181640625;1716;
1251,714;38,148231506347656;1730,3466796875;1716;
1251,715;38,07999801635742;1728,3848876953125;1716;
1251,716;38,412940979003906;1710,728271484375;1716;
1251,717;38,16646957397461;1710,728271484375;1716;
1251,718;37,97235107421875;1728,3848876953125;1716;
1251,719;38,14882278442383;1732,3084716796875;1716;
1251,72;37,53117752075195;1728,3848876953125;1716;
1251,721;38,412940979003906;1714,6519775390625;1716;
1251,722;38,07646560668945;1710,728271484375;1716;
1251,723;37,97470474243164;1722,499267578125;1716;
1251,724;38,151763916015625;1732,3084716796875;1716;
1251,725;37,527645111083984;1730,3466796875;1716;
1251,726;38,326473236083984;1710,728271484375;1716;
1251,727;38,08176040649414;1712,68994140625;1716;
1251,728;37,88235092163086;1730,3466796875;1716;
1251,729;38,05882263183594;1730,3466796875;1716;
1251,73;37,44352722167969;1728,3848876953125;1716;
1251,731;38,32353210449219;1716,61376953125;1716;
1251,732;38,07646942138672;1716,61376953125;1716;
1251,733;37,88235092163086;1724,461181640625;1716;
1251,734;38,05882263183594;1730,3466796875;1716;
1251,735;37,44117736816406;1720,53759765625;1716;
1251,736;38,32353210449219;1716,61376953125;1716;
1251,737;38,07646942138672;1714,6519775390625;1716;
1251,738;37,88235092163086;1724,461181640625;1716;
1251,739;38,05882263183594;1728,3848876953125;1716;
1251,74;37,44117736816406;1712,68994140625;1716;
1251,741;38,32353210449219;1718,5755615234375;1716;
1251,742;37,98823547363281;1720,53759765625;1716;
1251,743;37,88235092163086;1726,4228515625;1716;
1251,744;38,05882263183594;1726,4228515625;1716;
1251,745;37,44117736816406;1712,68994140625;1716;
1251,746;38,32353210449219;1716,61376953125;1716;
1251,747;38,07646942138672;1720,53759765625;1716;
1251,748;37,88235092163086;1730,3466796875;1716;
1251,749;38,07646942138672;1726,4228515625;1716;
1251,75;37,44117736816406;1712,68994140625;1716;
1251,751;38,32353210449219;1716,61376953125;1716;
1251,752;37,98823547363281;1720,53759765625;1716;
1251,753;37,88235092163086;1726,4228515625;1716;
1251,754;38,05882263183594;1728,3848876953125;1716;
1251,755;37,44117736816406;1712,68994140625;1716;
1251,756;38,32353210449219;1714,6519775390625;1716;
1251,757;37,98823547363281;1722,499267578125;1716;
1251,758;37,88235092163086;1728,3848876953125;1716;
1251,759;38,05882263183594;1726,4228515625;1716;
1251,76;37,44117736816406;1712,68994140625;1716;
1251,761;38,32353210449219;1714,6519775390625;1716;
1251,762;37,98823547363281;1726,4228515625;1716;
1251,763;37,88235092163086;1732,3084716796875;1716;
1251,764;38,07646942138672;1728,3848876953125;1716;
1251,765;36,21470260620117;1712,68994140625;1716;
1251,766;38,38352966308594;1714,6519775390625;1716;
1251,767;38,045291900634766;1722,499267578125;1716;
1251,768;37,94881820678711;1728,3848876953125;1716;
1251,769;38,145877838134766;1726,4228515625;1716;
1251,77;37,5194091796875;1714,6519775390625;1716;
1251,771;38,40764617919922;1724,461181640625;1716;
1251,772;38,07529067993164;1724,461181640625;1716;
1251,773;37,96352767944336;1730,3466796875;1716;
1251,774;38,15705871582031;1718,5755615234375;1716;
1251,775;37,528236389160156;1716,61376953125;1716;
1251,776;38,410587310791016;1724,461181640625;1716;
1251,777;38,07293701171875;1722,499267578125;1716;
1251,778;37,966468811035156;1726,4228515625;1716;
1251,779;38,15646743774414;1710,728271484375;1716;
1251,78;37,5164680480957;1714,6519775390625;1716;
1251,781;38,12940979003906;1720,53759765625;1716;
1251,782;38,055877685546875;1726,4228515625;1716;
1251,783;37,94588088989258;1726,4228515625;1716;
1251,784;38,141761779785156;1708,766357421875;1716;
1251,785;37,50470733642578;1716,61376953125;1716;
1251,786;38,12294006347656;1726,4228515625;1716;
1251,787;38,05234909057617;1726,4228515625;1716;
1251,788;37,94588088989258;1726,4228515625;1716;
1251,789;38,222938537597656;1710,728271484375;1716;
1251,79;37,5;1712,68994140625;1716;
1251,791;38,203529357910156;1726,4228515625;1716;
1251,792;38,13999557495117;1732,3084716796875;1716;
1251,793;38,04646682739258;1726,4228515625;1716;
1251,794;38,235877990722656;1710,728271484375;1716;
1251,795;37,61058807373047;1712,68994140625;1716;
1251,796;38,21411895751953;1724,461181640625;1716;
1251,797;38,13646697998047;1732,3084716796875;1716;
1251,798;38,0352897644043;1726,4228515625;1716;
1251,799;38,23646926879883;1708,766357421875;1716;
1251,8;37,5976448059082;1712,68994140625;1716;
1251,801;38,21588134765625;1726,4228515625;1716;
1251,802;38,13999557495117;1732,3084716796875;1716;
1251,803;38,49529266357422;1728,3848876953125;1716;
1251,804;38,237056732177734;1712,68994140625;1716;
1251,805;37,599998474121094;1716,61376953125;1716;
1251,806;38,21294021606445;1724,461181640625;1716;
1251,807;38,14352798461914;1732,3084716796875;1716;
1251,808;38,48882293701172;1724,461181640625;1716;
1251,809;38,25411605834961;1712,68994140625;1716;
1251,81;37,627647399902344;1712,68994140625;1716;
1251,811;38,25;1726,4228515625;1716;
1251,812;38,175289154052734;1730,3466796875;1716;
1251,813;38,51764678955078;1718,5755615234375;1716;
1251,814;38,2694091796875;1712,68994140625;1716;
1251,815;37,63705825805664;1718,5755615234375;1716;
1251,816;38,24470520019531;1722,499267578125;1716;
1251,817;38,171173095703125;1726,4228515625;1716;
1251,818;38,49882507324219;1714,6519775390625;1716;
1251,819;38,25293731689453;1710,728271484375;1716;
1251,82;38,057647705078125;1720,53759765625;1716;
1251,821;38,22705841064453;1730,3466796875;1716;
1251,822;38,148231506347656;1728,3848876953125;1716;
1251,823;38,47764587402344;1716,61376953125;1716;
1251,824;38,22705841064453;1710,728271484375;1716;
1251,825;38,041175842285156;1722,499267578125;1716;
1251,826;38,21117401123047;1730,3466796875;1716;
1251,827;38,14234924316406;1728,3848876953125;1716;
1251,828;38,47294235229492;1712,68994140625;1716;
1251,829;38,22764587402344;1710,728271484375;1716;
1251,83;38,03940963745117;1724,461181640625;1716;
1251,831;38,21470260620117;1732,3084716796875;1716;
1251,832;37,59587860107422;1728,3848876953125;1716;
1251,833;38,47941207885742;1712,68994140625;1716;
1251,834;38,23176193237305;1710,728271484375;1716;
1251,835;38,03823471069336;1724,461181640625;1716;
1251,836;38,21352767944336;1732,3084716796875;1716;
1251,837;37,592350006103516;1728,3848876953125;1716;
1251,838;38,47941207885742;1712,68994140625;1716;
1251,839;38,228233337402344;1710,728271484375;1716;
1251,84;38,0352897644043;1724,461181640625;1716;
1251,841;38,21294021606445;1730,3466796875;1716;
1251,842;37,5970573425293;1726,4228515625;1716;
1251,843;38,48117446899414;1716,61376953125;1716;
1251,844;38,22999954223633;1714,6519775390625;1716;
1251,845;38,03117752075195;1722,499267578125;1716;
1251,846;38,21117401123047;1726,4228515625;1716;
1251,847;37,5970573425293;1726,4228515625;1716;
1251,848;38,47529220581055;1712,68994140625;1716;
1251,849;38,13999557495117;1716,61376953125;1716;
1251,85;38,034706115722656;1722,499267578125;1716;
1251,851;38,21117401123047;1726,4228515625;1716;
1251,852;37,59529113769531;1726,4228515625;1716;
1251,853;38,482940673828125;1718,5755615234375;1716;
1251,854;38,229408264160156;1720,53759765625;1716;
1251,855;38,03705596923828;1726,4228515625;1716;
1251,856;38,21294021606445;1724,461181640625;1716;
1251,857;37,59587860107422;1716,61376953125;1716;
1251,858;38,47941207885742;1716,61376953125;1716;
1251,859;38,14234924316406;1722,499267578125;1716;
1251,86;38,03705596923828;1730,3466796875;1716;
1251,861;38,21058654785156;1724,461181640625;1716;
1251,862;37,598819732666016;1714,6519775390625;1716;
1251,863;38,478233337402344;1716,61376953125;1716;
1251,864;38,141761779785156;1722,499267578125;1716;
1251,865;38,034706115722656;1732,3084716796875;1716;
1251,866;38,21411895751953;1726,4228515625;1716;
1251,867;37,599998474121094;1710,728271484375;1716;
1251,868;38,478233337402344;1714,6519775390625;1716;
1251,869;38,140586853027344;1724,461181640625;1716;
1251,87;38,0352897644043;1730,3466796875;1716;
1251,871;38,230587005615234;1726,4228515625;1716;
1251,872;37,59293746948242;1712,68994140625;1716;
1251,873;38,47941207885742;1714,6519775390625;1716;
1251,874;38,141761779785156;1722,499267578125;1716;
1251,875;38,02705764770508;1730,3466796875;1716;
1251,876;38,167057037353516;1718,5755615234375;1716;
1251,877;37,529998779296875;1712,68994140625;1716;
1251,878;38,412353515625;1714,6519775390625;1716;
1251,879;38,077056884765625;1724,461181640625;1716;
1251,88;37,97235107421875;1730,3466796875;1716;
1251,881;38,16411590576172;1708,766357421875;1716;
1251,882;37,5294075012207;1714,6519775390625;1716;
1251,883;38,412353515625;1722,499267578125;1716;
1251,884;38,07823181152344;1722,499267578125;1716;
1251,885;38,41353225708008;1726,4228515625;1716;
1251,886;38,167057037353516;1724,461181640625;1716;
1251,887;37,529998779296875;1716,61376953125;1716;
1251,888;38,41353225708008;1720,53759765625;1716;
1251,889;38,07823181152344;1724,461181640625;1716;
1251,89;37,974117279052734;1726,4228515625;1716;
1251,891;38,16587829589844;1720,53759765625;1716;
1251,892;37,53176498413086;1714,6519775390625;1716;
1251,893;38,41353225708008;1722,499267578125;1716;
1251,894;38,07823181152344;1732,3084716796875;1716;
1251,895;37,97235107421875;1726,4228515625;1716;
1251,896;38,16587829589844;1708,766357421875;1716;
1251,897;37,53176498413086;1714,6519775390625;1716;
1251,898;38,14882278442383;1726,4228515625;1716;
1251,899;38,07823181152344;1732,3084716796875;1716;
1251,9;37,974117279052734;1726,4228515625;1716;
1251,901;38,16587829589844;1712,68994140625;1716;
1251,902;37,53176498413086;1712,68994140625;1716;
1251,903;38,14882278442383;1724,461181640625;1716;
1251,904;38,07823181152344;1732,3084716796875;1716;
1251,905;37,974117279052734;1728,3848876953125;1716;
1251,906;38,16587829589844;1708,766357421875;1716;
1251,907;37,53176498413086;1714,6519775390625;1716;
1251,908;38,14882278442383;1726,4228515625;1716;
1251,909;38,07823181152344;1732,3084716796875;1716;
1251,91;37,974117279052734;1726,4228515625;1716;
1251,911;38,16587829589844;1710,728271484375;1716;
1251,912;37,53176498413086;1712,68994140625;1716;
1251,913;38,14882278442383;1726,4228515625;1716;
1251,914;38,077056884765625;1732,3084716796875;1716;
1251,915;38,4152946472168;1728,3848876953125;1716;
1251,916;38,167057037353516;1710,728271484375;1716;
1251,917;37,53293991088867;1712,68994140625;1716;
1251,918;38,14882278442383;1724,461181640625;1716;
1251,919;38,077056884765625;1730,3466796875;1716;
1251,92;38,4152946472168;1724,461181640625;1716;
1251,921;38,16587829589844;1712,68994140625;1716;
1251,922;37,53293991088867;1714,6519775390625;1716;
1251,923;38,14882278442383;1724,461181640625;1716;
1251,924;38,077056884765625;1730,3466796875;1716;
1251,925;38,4152946472168;1720,53759765625;1716;
1251,926;38,16587829589844;1714,6519775390625;1716;
1251,927;37,53176498413086;1718,5755615234375;1716;
1251,928;38,14882278442383;1724,461181640625;1716;
1251,929;38,077056884765625;1728,3848876953125;1716;
1251,93;38,4152946472168;1718,5755615234375;1716;
1251,931;38,16529083251953;1712,68994140625;1716;
1251,932;37,972938537597656;1720,53759765625;1716;
1251,933;38,14882278442383;1728,3848876953125;1716;
1251,934;38,077056884765625;1728,3848876953125;1716;
1251,935;38,4152946472168;1712,68994140625;1716;
1251,936;38,16529083251953;1712,68994140625;1716;
1251,937;37,972938537597656;1724,461181640625;1716;
1251,938;38,14882278442383;1728,3848876953125;1716;
1251,939;38,07823181152344;1726,4228515625;1716;
1251,94;38,4152946472168;1712,68994140625;1716;
1251,941;38,16646957397461;1710,728271484375;1716;
1251,942;37,974117279052734;1724,461181640625;1716;
1251,943;38,14882278442383;1732,3084716796875;1716;
1251,944;38,07823181152344;1730,3466796875;1716;
1251,945;38,4152946472168;1712,68994140625;1716;
1251,946;38,16646957397461;1708,766357421875;1716;
1251,947;37,972938537597656;1724,461181640625;1716;
1251,948;38,14882278442383;1732,3084716796875;1716;
1251,949;37,529998779296875;1728,3848876953125;1716;
1251,95;38,4152946472168;1712,68994140625;1716;
1251,951;38,16646957397461;1708,766357421875;1716;
1251,952;37,972938537597656;1724,461181640625;1716;
1251,953;38,149410247802734;1730,3466796875;1716;
1251,954;37,529998779296875;1728,3848876953125;1716;
1251,955;38,4152946472168;1714,6519775390625;1716;
1251,956;38,16646957397461;1710,728271484375;1716;
1251,957;37,972938537597656;1722,499267578125;1716;
1251,958;38,149410247802734;1726,4228515625;1716;
1251,959;37,529998779296875;1728,3848876953125;1716;
1251,96;38,4152946472168;1714,6519775390625;1716;
1251,961;38,16646957397461;1712,68994140625;1716;
1251,962;37,972938537597656;1724,461181640625;1716;
1251,963;38,149410247802734;1728,3848876953125;1716;
1251,964;37,529998779296875;1724,461181640625;1716;
1251,965;38,4152946472168;1718,5755615234375;1716;
1251,966;38,16529083251953;1720,53759765625;1716;
1251,967;37,972938537597656;1722,499267578125;1716;
1251,968;38,149410247802734;1726,4228515625;1716;
1251,969;37,529998779296875;1720,53759765625;1716;
1251,97;38,4152946472168;1714,6519775390625;1716;
1251,971;38,16646957397461;1716,61376953125;1716;
1251,972;37,972938537597656;1726,4228515625;1716;
1251,973;38,149410247802734;1726,4228515625;1716;
1251,974;37,529998779296875;1718,5755615234375;1716;
1251,975;38,41353225708008;1714,6519775390625;1716;
1251,976;38,07823181152344;1720,53759765625;1716;
1251,977;37,972938537597656;1728,3848876953125;1716;
1251,978;38,148231506347656;1724,461181640625;1716;
1251,979;37,529998779296875;1712,68994140625;1716;
1251,98;38,41353225708008;1714,6519775390625;1716;
1251,981;38,07823181152344;1722,499267578125;1716;
1251,982;37,972938537597656;1730,3466796875;1716;
1251,983;38,148231506347656;1726,4228515625;1716;
1251,984;37,529998779296875;1712,68994140625;1716;
1251,985;38,41353225708008;1714,6519775390625;1716;
1251,986;38,07823181152344;1722,499267578125;1716;
1251,987;37,972938537597656;1732,3084716796875;1716;
1251,988;38,149410247802734;1726,4228515625;1716;
1251,989;37,529998779296875;1710,728271484375;1716;
1251,99;38,41353225708008;1714,6519775390625;1716;
1251,991;38,07823181152344;1724,461181640625;1716;
1251,992;37,974117279052734;1730,3466796875;1716;
1251,993;38,148231506347656;1726,4228515625;1716;
1251,994;37,53176498413086;1712,68994140625;1716;
1251,995;38,41353225708008;1714,6519775390625;1716;
1251,996;38,077056884765625;1720,53759765625;1716;
1251,997;37,97117614746094;1730,3466796875;1716;
1251,998;38,16823196411133;1726,4228515625;1716;
1251,999;37,53293991088867;1714,6519775390625;1716;
1252;38,41411590576172;1716,61376953125;1716;
1252,001;38,07764434814453;1724,461181640625;1716;
1252,002;37,97235107421875;1728,3848876953125;1716;
1252,003;38,16823196411133;1718,5755615234375;1716;
1252,004;37,529998779296875;1716,61376953125;1716;
1252,005;38,412353515625;1720,53759765625;1716;
1252,006;38,07764434814453;1724,461181640625;1716;
1252,007;37,96940994262695;1726,4228515625;1716;
1252,008;38,078819274902344;1718,5755615234375;1716;
1252,009;37,44411849975586;1716,61376953125;1716;
1252,01;38,326473236083984;1722,499267578125;1716;
1252,011;37,98823547363281;1730,3466796875;1716;
1252,012;37,88235092163086;1724,461181640625;1716;
1252,013;38,07646942138672;1716,61376953125;1716;
1252,014;37,44117736816406;1714,6519775390625;1716;
1252,015;38,05882263183594;1726,4228515625;1716;
1252,016;37,98823547363281;1730,3466796875;1716;
1252,017;37,88235092163086;1726,4228515625;1716;
1252,018;38,07646942138672;1710,728271484375;1716;
1252,019;37,44117736816406;1712,68994140625;1716;
1252,02;38,05882263183594;1726,4228515625;1716;
1252,021;37,98823547363281;1730,3466796875;1716;
1252,022;37,88235092163086;1724,461181640625;1716;
1252,023;38,07646942138672;1710,728271484375;1716;
1252,024;37,44352722167969;1712,68994140625;1716;
1252,025;38,05882263183594;1724,461181640625;1716;
1252,026;37,98823547363281;1732,3084716796875;1716;
1252,027;37,88235092163086;1728,3848876953125;1716;
1252,028;38,07646942138672;1708,766357421875;1716;
1252,029;37,44117736816406;1710,728271484375;1716;
1252,03;38,05882263183594;1724,461181640625;1716;
1252,031;37,98823547363281;1732,3084716796875;1716;
1252,032;38,32353210449219;1726,4228515625;1716;
1252,033;38,07646942138672;1710,728271484375;1716;
1252,034;37,44117736816406;1712,68994140625;1716;
1252,035;38,05882263183594;1724,461181640625;1716;
1252,036;37,98823547363281;1732,3084716796875;1716;
1252,037;38,32353210449219;1726,4228515625;1716;
1252,038;38,07646942138672;1712,68994140625;1716;
1252,039;37,44117736816406;1714,6519775390625;1716;
1252,04;38,05882263183594;1726,4228515625;1716;
1252,041;37,98823547363281;1730,3466796875;1716;
1252,042;38,32353210449219;1722,499267578125;1716;
1252,043;38,07646942138672;1714,6519775390625;1716;
1252,044;37,44117736816406;1722,499267578125;1716;
1252,045;38,05882263183594;1726,4228515625;1716;
1252,046;37,98823547363281;1728,3848876953125;1716;
1252,047;38,32353210449219;1718,5755615234375;1716;
1252,048;36,84705352783203;1712,68994140625;1716;
1252,049;37,500587463378906;1722,499267578125;1716;
1252,05;38,11823272705078;1724,461181640625;1716;
1252,051;38,05823516845703;1726,4228515625;1716;
1252,052;38,39411926269531;1712,68994140625;1716;
1252,053;38,15470504760742;1712,68994140625;1716;
1252,054;37,966468811035156;1722,499267578125;1716;
1252,055;38,142940521240234;1728,3848876953125;1716;
1252,056;38,06940841674805;1730,3466796875;1716;
1252,057;38,406471252441406;1712,68994140625;1716;
1252,058;38,16646957397461;1710,728271484375;1716;
1252,059;37,966468811035156;1724,461181640625;1716;
1252,06;38,14646911621094;1730,3466796875;1716;
1252,061;37,527645111083984;1728,3848876953125;1716;
1252,062;38,404117584228516;1712,68994140625;1716;
1252,063;38,15117645263672;1710,728271484375;1716;
1252,064;37,95646667480469;1724,461181640625;1716;
1252,065;38,126468658447266;1732,3084716796875;1716;
1252,066;38,05470275878906;1730,3466796875;1716;
1252,067;38,388824462890625;1710,728271484375;1716;
1252,068;38,13705825805664;1706,8046875;1716;
1252,069;37,94588088989258;1722,499267578125;1716;
1252,07;38,12294006347656;1732,3084716796875;1716;
1252,071;38,05234909057617;1730,3466796875;1716;
1252,072;38,382354736328125;1712,68994140625;1716;
1252,073;38,22646713256836;1712,68994140625;1716;
1252,074;38,02411651611328;1724,461181640625;1716;
1252,075;38,21294021606445;1732,3084716796875;1716;
1252,076;37,60293960571289;1728,3848876953125;1716;
1252,077;38,487060546875;1716,61376953125;1716;
1252,078;38,244117736816406;1710,728271484375;1716;
1252,079;38,03588104248047;1720,53759765625;1716;
1252,08;38,21294021606445;1730,3466796875;1716;
1252,081;37,593528747558594;1722,499267578125;1716;
1252,082;38,478233337402344;1716,61376953125;1716;
1252,083;38,23352813720703;1712,68994140625;1716;
1252,084;38,04176330566406;1724,461181640625;1716;
1252,085;38,21882247924805;1726,4228515625;1716;
1252,086;37,60588073730469;1722,499267578125;1716;
1252,087;38,486473083496094;1718,5755615234375;1716;
1252,088;38,148231506347656;1716,61376953125;1716;
1252,089;38,042938232421875;1724,461181640625;1716;
1252,09;38,21117401123047;1724,461181640625;1716;
1252,091;37,6099967956543;1720,53759765625;1716;
1252,092;38,4935302734375;1716,61376953125;1716;
1252,093;38,25823211669922;1718,5755615234375;1716;
1252,094;38,07587814331055;1732,3084716796875;1716;
1252,095;38,25;1726,4228515625;1716;
1252,096;37,632938385009766;1712,68994140625;1716;
1252,097;38,519412994384766;1716,61376953125;1716;
1252,098;38,1852912902832;1720,53759765625;1716;
1252,099;38,07117462158203;1730,3466796875;1716;
1252,1;38,24470520019531;1724,461181640625;1716;
1252,101;37,626468658447266;1712,68994140625;1716;
1252,102;38,480587005615234;1712,68994140625;1716;
1252,103;38,16411590576172;1720,53759765625;1716;
1252,104;38,05529022216797;1732,3084716796875;1716;
1252,105;38,224117279052734;1726,4228515625;1716;
1252,106;37,6005859375;1712,68994140625;1716;
1252,107;38,47529220581055;1714,6519775390625;1716;
1252,108;38,13882064819336;1722,499267578125;1716;
1252,109;38,03764724731445;1732,3084716796875;1716;
1252,11;38,22882080078125;1726,4228515625;1716;
1252,111;37,593528747558594;1712,68994140625;1716;
1252,112;38,478233337402344;1712,68994140625;1716;
1252,113;38,13999557495117;1722,499267578125;1716;
1252,114;38,03293991088867;1730,3466796875;1716;
1252,115;38,23234939575195;1722,499267578125;1716;
1252,116;37,5970573425293;1714,6519775390625;1716;
1252,117;38,48117446899414;1716,61376953125;1716;
1252,118;38,164119720458984;1722,499267578125;1716;
1252,119;38,03823471069336;1726,4228515625;1716;
1252,12;38,23176193237305;1726,4228515625;1716;
1252,121;37,598819732666016;1712,68994140625;1716;
1252,122;38,47941207885742;1716,61376953125;1716;
1252,123;38,14234924316406;1726,4228515625;1716;
1252,124;38,04235076904297;1728,3848876953125;1716;
1252,125;38,23352813720703;1722,499267578125;1716;
1252,126;37,59529113769531;1716,61376953125;1716;
1252,127;38,21235275268555;1726,4228515625;1716;
1252,128;38,13999557495117;1724,461181640625;1716;
1252,129;38,03705596923828;1726,4228515625;1716;
1252,13;38,22705841064453;1718,5755615234375;1716;
1252,131;37,5941162109375;1714,6519775390625;1716;
1252,132;38,21294021606445;1722,499267578125;1716;
1252,133;38,140586853027344;1728,3848876953125;1716;
1252,134;38,036468505859375;1724,461181640625;1716;
1252,135;38,230587005615234;1710,728271484375;1716;
1252,136;37,59587860107422;1714,6519775390625;1716;
1252,137;38,21352767944336;1724,461181640625;1716;
1252,138;38,14234924316406;1730,3466796875;1716;
1252,139;38,04235076904297;1726,4228515625;1716;
1252,14;38,229408264160156;1710,728271484375;1716;
1252,141;37,593528747558594;1714,6519775390625;1716;
1252,142;38,211761474609375;1726,4228515625;1716;
1252,143;38,14117431640625;1732,3084716796875;1716;
1252,144;38,0352897644043;1726,4228515625;1716;
1252,145;38,230587005615234;1710,728271484375;1716;
1252,146;37,6005859375;1712,68994140625;1716;
1252,147;38,21352767944336;1724,461181640625;1716;
1252,148;38,140586853027344;1732,3084716796875;1716;
1252,149;38,478824615478516;1728,3848876953125;1716;
1252,15;38,23117446899414;1706,8046875;1716;
1252,151;37,59470748901367;1718,5755615234375;1716;
1252,152;38,21352767944336;1726,4228515625;1716;
1252,153;38,145877838134766;1732,3084716796875;1716;
1252,154;38,478233337402344;1724,461181640625;1716;
1252,155;38,22882080078125;1710,728271484375;1716;
1252,156;37,59587860107422;1718,5755615234375;1716;
1252,157;38,20823287963867;1724,461181640625;1716;
1252,158;38,13587951660156;1732,3084716796875;1716;
1252,159;38,4152946472168;1724,461181640625;1716;
1252,16;38,16529083251953;1712,68994140625;1716;
1252,161;37,53176498413086;1714,6519775390625;1716;
1252,162;38,148231506347656;1724,461181640625;1716;
1252,163;38,07646560668945;1730,3466796875;1716;
1252,164;38,412353515625;1716,61376953125;1716;
1252,165;38,07764434814453;1712,68994140625;1716;
1252,166;37,529998779296875;1720,53759765625;1716;
1252,167;38,14882278442383;1726,4228515625;1716;
1252,168;38,07823181152344;1728,3848876953125;1716;
1252,169;38,41353225708008;1718,5755615234375;1716;
1252,17;38,16646957397461;1714,6519775390625;1716;
1252,171;37,53117752075195;1722,499267578125;1716;
1252,172;38,14882278442383;1730,3466796875;1716;
1252,173;38,07823181152344;1726,4228515625;1716;
1252,174;38,412940979003906;1714,6519775390625;1716;
1252,175;38,16646957397461;1710,728271484375;1716;
1252,176;37,97235107421875;1722,499267578125;1716;
1252,177;38,14882278442383;1730,3466796875;1716;
1252,178;38,07823181152344;1728,3848876953125;1716;
1252,179;38,41353225708008;1712,68994140625;1716;
1252,18;38,16646957397461;1710,728271484375;1716;
1252,181;37,97235107421875;1724,461181640625;1716;
1252,182;38,14882278442383;1730,3466796875;1716;
1252,183;37,9900016784668;1726,4228515625;1716;
1252,184;38,412940979003906;1712,68994140625;1716;
1252,185;38,16646957397461;1708,766357421875;1716;
1252,186;37,97235107421875;1722,499267578125;1716;
1252,187;38,14882278442383;1732,3084716796875;1716;
1252,188;37,53117752075195;1730,3466796875;1716;
1252,189;38,412940979003906;1710,728271484375;1716;
1252,19;38,16646957397461;1710,728271484375;1716;
1252,191;37,97235107421875;1724,461181640625;1716;
1252,192;38,14882278442383;1728,3848876953125;1716;
1252,193;37,53293991088867;1728,3848876953125;1716;
1252,194;38,412940979003906;1712,68994140625;1716;
1252,195;38,16646957397461;1708,766357421875;1716;
1252,196;37,97235107421875;1724,461181640625;1716;
1252,197;38,14882278442383;1728,3848876953125;1716;
1252,198;37,53293991088867;1722,499267578125;1716;
1252,199;38,412940979003906;1716,61376953125;1716;
1252,2;38,167057037353516;1710,728271484375;1716;
1252,201;37,97235107421875;1726,4228515625;1716;
1252,202;38,14882278442383;1728,3848876953125;1716;
1252,203;37,53117752075195;1726,4228515625;1716;
1252,204;38,41353225708008;1716,61376953125;1716;
1252,205;38,167057037353516;1716,61376953125;1716;
1252,206;37,97235107421875;1724,461181640625;1716;
1252,207;38,14882278442383;1726,4228515625;1716;
1252,208;37,54882049560547;1722,499267578125;1716;
1252,209;38,41353225708008;1716,61376953125;1716;
1252,21;38,078819274902344;1716,61376953125;1716;
1252,211;37,97235107421875;1724,461181640625;1716;
1252,212;38,14882278442383;1726,4228515625;1716;
1252,213;37,53117752075195;1712,68994140625;1716;
1252,214;38,41353225708008;1714,6519775390625;1716;
1252,215;38,07823181152344;1718,5755615234375;1716;
1252,216;37,97235107421875;1728,3848876953125;1716;
1252,217;38,14882278442383;1728,3848876953125;1716;
1252,218;37,53117752075195;1716,61376953125;1716;
1252,219;38,41353225708008;1716,61376953125;1716;
1252,22;38,07823181152344;1720,53759765625;1716;
1252,221;37,97235107421875;1730,3466796875;1716;
1252,222;38,14882278442383;1724,461181640625;1716;
1252,223;37,53117752075195;1712,68994140625;1716;
1252,224;38,41353225708008;1714,6519775390625;1716;
1252,225;38,07823181152344;1722,499267578125;1716;
1252,226;37,971763610839844;1732,3084716796875;1716;
1252,227;38,14882278442383;1726,4228515625;1716;
1252,228;37,529998779296875;1714,6519775390625;1716;
1252,229;38,41353225708008;1718,5755615234375;1716;
1252,23;38,07764434814453;1722,499267578125;1716;
1252,231;37,971763610839844;1732,3084716796875;1716;
1252,232;38,16646957397461;1726,4228515625;1716;
1252,233;37,53117752075195;1712,68994140625;1716;
1252,234;38,41353225708008;1714,6519775390625;1716;
1252,235;38,07764434814453;1724,461181640625;1716;
1252,236;37,971763610839844;1730,3466796875;1716;
1252,237;38,16646957397461;1722,499267578125;1716;
1252,238;37,53117752075195;1714,6519775390625;1716;
1252,239;38,41353225708008;1716,61376953125;1716;
1252,24;38,07764434814453;1722,499267578125;1716;
1252,241;37,971763610839844;1726,4228515625;1716;
1252,242;38,16646957397461;1724,461181640625;1716;
1252,243;37,53117752075195;1712,68994140625;1716;
1252,244;38,41353225708008;1722,499267578125;1716;
1252,245;38,07764434814453;1726,4228515625;1716;
1252,246;37,97235107421875;1728,3848876953125;1716;
1252,247;38,16646957397461;1722,499267578125;1716;
1252,248;37,53117752075195;1714,6519775390625;1716;
1252,249;38,14882278442383;1726,4228515625;1716;
1252,25;38,07764434814453;1728,3848876953125;1716;
1252,251;37,97235107421875;1726,4228515625;1716;
1252,252;38,16646957397461;1712,68994140625;1716;
1252,253;37,53117752075195;1714,6519775390625;1716;
1252,254;38,14882278442383;1724,461181640625;1716;
1252,255;38,078819274902344;1732,3084716796875;1716;
1252,256;37,971763610839844;1726,4228515625;1716;
1252,257;38,16646957397461;1714,6519775390625;1716;
1252,258;37,53117752075195;1714,6519775390625;1716;
1252,259;38,14882278442383;1724,461181640625;1716;
1252,26;38,07764434814453;1732,3084716796875;1716;
1252,261;37,971763610839844;1728,3848876953125;1716;
1252,262;38,16646957397461;1708,766357421875;1716;
1252,263;37,53117752075195;1710,728271484375;1716;
1252,264;38,14882278442383;1726,4228515625;1716;
1252,265;38,07999801635742;1732,3084716796875;1716;
1252,266;37,971763610839844;1726,4228515625;1716;
1252,267;38,16646957397461;1710,728271484375;1716;
1252,268;37,53117752075195;1712,68994140625;1716;
1252,269;38,14882278442383;1724,461181640625;1716;
1252,27;38,07999801635742;1732,3084716796875;1716;
1252,271;38,412940979003906;1728,3848876953125;1716;
1252,272;38,16646957397461;1708,766357421875;1716;
1252,273;37,53117752075195;1712,68994140625;1716;
1252,274;38,14882278442383;1724,461181640625;1716;
1252,275;38,07823181152344;1732,3084716796875;1716;
1252,276;38,41353225708008;1722,499267578125;1716;
1252,277;38,16823196411133;1710,728271484375;1716;
1252,278;37,529998779296875;1716,61376953125;1716;
1252,279;38,148231506347656;1724,461181640625;1716;
1252,28;38,07823181152344;1728,3848876953125;1716;
1252,281;38,41353225708008;1724,461181640625;1716;
1252,282;38,16529083251953;1712,68994140625;1716;
1252,283;37,53117752075195;1714,6519775390625;1716;
1252,284;38,147647857666016;1724,461181640625;1716;
1252,285;38,07764434814453;1728,3848876953125;1716;
1252,286;38,41353225708008;1716,61376953125;1716;
1252,287;38,16823196411133;1712,68994140625;1716;
1252,288;37,529998779296875;1716,61376953125;1716;
1252,289;38,147647857666016;1726,4228515625;1716;
1252,29;38,077056884765625;1728,3848876953125;1716;
1252,291;38,41353225708008;1716,61376953125;1716;
1252,292;38,079410552978516;1712,68994140625;1716;
1252,293;37,885292053222656;1724,461181640625;1716;
1252,294;38,05882263183594;1730,3466796875;1716;
1252,295;37,98823547363281;1726,4228515625;1716;
1252,296;38,32353210449219;1714,6519775390625;1716;
1252,297;38,078819274902344;1708,766357421875;1716;
1252,298;37,88235092163086;1722,499267578125;1716;
1252,299;38,05882263183594;1732,3084716796875;1716;
1252,3;37,98823547363281;1730,3466796875;1716;
1252,301;38,32353210449219;1710,728271484375;1716;
1252,302;38,07646942138672;1710,728271484375;1716;
1252,303;37,88235092163086;1724,461181640625;1716;
1252,304;38,05882263183594;1730,3466796875;1716;
1252,305;37,98823547363281;1728,3848876953125;1716;
1252,306;38,32353210449219;1712,68994140625;1716;
1252,307;38,07646942138672;1708,766357421875;1716;
1252,308;37,88470458984375;1722,499267578125;1716;
1252,309;38,05882263183594;1732,3084716796875;1716;
1252,31;37,44117736816406;1730,3466796875;1716;
1252,311;38,32353210449219;1712,68994140625;1716;
1252,312;38,07646942138672;1708,766357421875;1716;
1252,313;37,88235092163086;1722,499267578125;1716;
1252,314;38,05882263183594;1732,3084716796875;1716;
1252,315;37,44117736816406;1716,61376953125;1716;
1252,316;38,32353210449219;1712,68994140625;1716;
1252,317;38,07646942138672;1708,766357421875;1716;
1252,318;37,88235092163086;1724,461181640625;1716;
1252,319;38,05882263183594;1728,3848876953125;1716;
1252,32;37,44117736816406;1722,499267578125;1716;
1252,321;38,32353210449219;1718,5755615234375;1716;
1252,322;38,07646942138672;1714,6519775390625;1716;
1252,323;38,32353210449219;1718,5755615234375;1716;
1252,324;38,06117630004883;1730,3466796875;1716;
1252,325;37,44117736816406;1720,53759765625;1716;
1252,326;38,32353210449219;1716,61376953125;1716;
1252,327;38,07646942138672;1716,61376953125;1716;
1252,328;37,88235092163086;1728,3848876953125;1716;
1252,329;38,05882263183594;1726,4228515625;1716;
1252,33;37,44117736816406;1714,6519775390625;1716;
1252,331;38,32353210449219;1716,61376953125;1716;
1252,332;38,05117416381836;1720,53759765625;1716;
1252,333;37,94764709472656;1724,461181640625;1716;
1252,334;38,119998931884766;1724,461181640625;1716;
1252,335;37,51176452636719;1714,6519775390625;1716;
1252,336;38,39882278442383;1714,6519775390625;1716;
1252,337;38,072349548339844;1720,53759765625;1716;
1252,338;37,96940994262695;1732,3084716796875;1716;
1252,339;38,142940521240234;1726,4228515625;1716;
1252,34;37,525291442871094;1712,68994140625;1716;
1252,341;38,416473388671875;1716,61376953125;1716;
1252,342;38,072349548339844;1720,53759765625;1716;
1252,343;37,964115142822266;1732,3084716796875;1716;
1252,344;38,16352844238281;1726,4228515625;1716;
1252,345;37,52470397949219;1710,728271484375;1716;
1252,346;38,40117645263672;1714,6519775390625;1716;
1252,347;38,06117630004883;1720,53759765625;1716;
1252,348;37,95176315307617;1732,3084716796875;1716;
1252,349;38,12528991699219;1726,4228515625;1716;
1252,35;37,50470733642578;1714,6519775390625;1716;
1252,351;38,387062072753906;1714,6519775390625;1716;
1252,352;38,05470275878906;1722,499267578125;1716;
1252,353;37,946468353271484;1730,3466796875;1716;
1252,354;38,140586853027344;1728,3848876953125;1716;
1252,355;37,49940872192383;1712,68994140625;1716;
1252,356;38,470001220703125;1716,61376953125;1716;
1252,357;38,12940979003906;1726,4228515625;1716;
1252,358;38,036468505859375;1728,3848876953125;1716;
1252,359;38,24176025390625;1722,499267578125;1716;
1252,36;37,599998474121094;1716,61376953125;1716;
1252,361;38,4900016784668;1724,461181640625;1716;
1252,362;38,15528869628906;1722,499267578125;1716;
1252,363;38,034114837646484;1730,3466796875;1716;
1252,364;38,23234939575195;1720,53759765625;1716;
1252,365;37,59529113769531;1714,6519775390625;1716;
1252,366;38,48176574707031;1722,499267578125;1716;
1252,367;38,14646911621094;1726,4228515625;1716;
1252,368;38,04176330566406;1726,4228515625;1716;
1252,369;38,24764633178711;1716,61376953125;1716;
1252,37;37,5976448059082;1712,68994140625;1716;
1252,371;38,20705795288086;1726,4228515625;1716;
1252,372;38,148231506347656;1728,3848876953125;1716;
1252,373;38,03823471069336;1724,461181640625;1716;
1252,374;38,23176193237305;1710,728271484375;1716;
1252,375;37,613529205322266;1714,6519775390625;1716;
1252,376;38,245880126953125;1726,4228515625;1716;
1252,377;38,17764663696289;1732,3084716796875;1716;
1252,378;38,074703216552734;1726,4228515625;1716;
1252,379;38,26823425292969;1710,728271484375;1716;
1252,38;37,640586853027344;1712,68994140625;1716;
1252,381;38,257057189941406;1724,461181640625;1716;
1252,382;38,179996490478516;1732,3084716796875;1716;
1252,383;38,070587158203125;1726,4228515625;1716;
1252,384;38,262939453125;1708,766357421875;1716;
1252,385;37,61823654174805;1708,766357421875;1716;
1252,386;38,234703063964844;1724,461181640625;1716;
1252,387;38,15176010131836;1732,3084716796875;1716;
1252,388;38,05117416381836;1726,4228515625;1716;
1252,389;38,235877990722656;1710,728271484375;1716;
1252,39;37,60411834716797;1714,6519775390625;1716;
1252,391;38,21058654785156;1724,461181640625;1716;
1252,392;38,14117431640625;1732,3084716796875;1716;
1252,393;38,47764587402344;1726,4228515625;1716;
1252,394;38,230587005615234;1710,728271484375;1716;
1252,395;37,59293746948242;1712,68994140625;1716;
1252,396;38,21470260620117;1726,4228515625;1716;
1252,397;38,13999557495117;1730,3466796875;1716;
1252,398;38,47705841064453;1722,499267578125;1716;
1252,399;38,23293685913086;1714,6519775390625;1716;
1252,4;37,5970573425293;1718,5755615234375;1716;
1252,401;38,20882034301758;1724,461181640625;1716;
1252,402;38,145877838134766;1728,3848876953125;1716;
1252,403;38,47941207885742;1714,6519775390625;1716;
1252,404;38,23234939575195;1712,68994140625;1716;
1252,405;37,59646987915039;1716,61376953125;1716;
1252,406;38,21411895751953;1726,4228515625;1716;
1252,407;38,14352798461914;1728,3848876953125;1716;
1252,408;38,476470947265625;1716,61376953125;1716;
1252,409;38,23117446899414;1712,68994140625;1716;
1252,41;37,598819732666016;1722,499267578125;1716;
1252,411;38,211761474609375;1728,3848876953125;1716;
1252,412;38,14411544799805;1728,3848876953125;1716;
1252,413;38,47529220581055;1712,68994140625;1716;
1252,414;38,23352813720703;1710,728271484375;1716;
1252,415;38,03293991088867;1722,499267578125;1716;
1252,416;38,21058654785156;1730,3466796875;1716;
1252,417;38,13764572143555;1726,4228515625;1716;
1252,418;38,478824615478516;1712,68994140625;1716;
1252,419;38,23176193237305;1708,766357421875;1716;
1252,42;38,03705596923828;1722,499267578125;1716;
1252,421;38,21352767944336;1732,3084716796875;1716;
1252,422;38,13999557495117;1730,3466796875;1716;
1252,423;38,47588348388672;1708,766357421875;1716;
1252,424;38,22999954223633;1706,8046875;1716;
1252,425;38,03588104248047;1722,499267578125;1716;
1252,426;38,21470260620117;1730,3466796875;1716;
1252,427;37,59529113769531;1728,3848876953125;1716;
1252,428;38,48235321044922;1712,68994140625;1716;
1252,429;38,22882080078125;1708,766357421875;1716;
1252,43;38,03588104248047;1724,461181640625;1716;
1252,431;38,21411895751953;1732,3084716796875;1716;
1252,432;37,59470748901367;1730,3466796875;1716;
1252,433;38,47764587402344;1714,6519775390625;1716;
1252,434;38,237056732177734;1708,766357421875;1716;
1252,435;38,04058837890625;1722,499267578125;1716;
1252,436;38,211761474609375;1730,3466796875;1716;
1252,437;37,59529113769531;1728,3848876953125;1716;
1252,438;38,47764587402344;1716,61376953125;1716;
1252,439;38,22764587402344;1716,61376953125;1716;
1252,44;38,03705596923828;1724,461181640625;1716;
1252,441;38,20882034301758;1728,3848876953125;1716;
1252,442;38,81999969482422;1724,461181640625;1716;
1252,443;38,41411590576172;1716,61376953125;1716;
1252,444;38,16529083251953;1714,6519775390625;1716;
1252,445;37,96999740600586;1722,499267578125;1716;
1252,446;38,148231506347656;1726,4228515625;1716;
1252,447;37,5288200378418;1716,61376953125;1716;
1252,448;38,412353515625;1716,61376953125;1716;
1252,449;38,16529083251953;1716,61376953125;1716;
1252,45;37,97117614746094;1726,4228515625;1716;
1252,451;38,149410247802734;1728,3848876953125;1716;
1252,452;37,529998779296875;1716,61376953125;1716;
1252,453;38,41353225708008;1716,61376953125;1716;
1252,454;38,07823181152344;1720,53759765625;1716;
1252,455;37,972938537597656;1730,3466796875;1716;
1252,456;38,149410247802734;1726,4228515625;1716;
1252,457;37,529998779296875;1714,6519775390625;1716;
1252,458;38,41353225708008;1714,6519775390625;1716;
1252,459;38,07823181152344;1720,53759765625;1716;
1252,46;37,974117279052734;1732,3084716796875;1716;
1252,461;38,148231506347656;1726,4228515625;1716;
1252,462;37,529998779296875;1712,68994140625;1716;
1252,463;38,41353225708008;1714,6519775390625;1716;
1252,464;38,07823181152344;1722,499267578125;1716;
1252,465;37,97235107421875;1732,3084716796875;1716;
1252,466;38,149410247802734;1726,4228515625;1716;
1252,467;37,529998779296875;1712,68994140625;1716;
1252,468;38,41353225708008;1718,5755615234375;1716;
1252,469;38,07823181152344;1722,499267578125;1716;
1252,47;37,97235107421875;1730,3466796875;1716;
1252,471;38,149410247802734;1726,4228515625;1716;
1252,472;37,529998779296875;1712,68994140625;1716;
1252,473;38,41353225708008;1716,61376953125;1716;
1252,474;38,07823181152344;1720,53759765625;1716;
1252,475;37,97235107421875;1730,3466796875;1716;
1252,476;38,16587829589844;1726,4228515625;1716;
1252,477;37,529998779296875;1714,6519775390625;1716;
1252,478;38,41353225708008;1716,61376953125;1716;
1252,479;38,07823181152344;1724,461181640625;1716;
1252,48;37,974117279052734;1728,3848876953125;1716;
1252,481;38,16587829589844;1716,61376953125;1716;
1252,482;37,53176498413086;1716,61376953125;1716;
1252,483;38,41353225708008;1718,5755615234375;1716;
1252,484;38,07823181152344;1720,53759765625;1716;
1252,485;37,97235107421875;1724,461181640625;1716;
1252,486;38,167057037353516;1720,53759765625;1716;
1252,487;37,53176498413086;1714,6519775390625;1716;
1252,488;38,41353225708008;1722,499267578125;1716;
1252,489;38,07823181152344;1730,3466796875;1716;
1252,49;37,974117279052734;1726,4228515625;1716;
1252,491;38,16587829589844;1716,61376953125;1716;
1252,492;37,53176498413086;1716,61376953125;1716;
1252,493;38,14882278442383;1726,4228515625;1716;
1252,494;38,07823181152344;1726,4228515625;1716;
1252,495;37,974117279052734;1724,461181640625;1716;
1252,496;38,16587829589844;1712,68994140625;1716;
1252,497;37,53176498413086;1712,68994140625;1716;
1252,498;38,14882278442383;1726,4228515625;1716;
1252,499;38,07823181152344;1732,3084716796875;1716;
1252,5;37,974117279052734;1724,461181640625;1716;
1252,501;38,16587829589844;1710,728271484375;1716;
1252,502;37,53176498413086;1714,6519775390625;1716;
1252,503;38,14882278442383;1724,461181640625;1716;
1252,504;38,077056884765625;1732,3084716796875;1716;
1252,505;38,4152946472168;1724,461181640625;1716;
1252,506;38,167057037353516;1708,766357421875;1716;
1252,507;37,53293991088867;1712,68994140625;1716;
1252,508;38,14882278442383;1726,4228515625;1716;
1252,509;38,077056884765625;1730,3466796875;1716;
1252,51;37,974117279052734;1726,4228515625;1716;
1252,511;38,16587829589844;1710,728271484375;1716;
1252,512;37,53293991088867;1710,728271484375;1716;
1252,513;38,14882278442383;1724,461181640625;1716;
1252,514;38,077056884765625;1730,3466796875;1716;
1252,515;38,4152946472168;1728,3848876953125;1716;
1252,516;38,16587829589844;1710,728271484375;1716;
1252,517;37,53176498413086;1712,68994140625;1716;
1252,518;38,14882278442383;1724,461181640625;1716;
1252,519;38,077056884765625;1730,3466796875;1716;
1252,52;38,4152946472168;1722,499267578125;1716;
1252,521;38,16587829589844;1712,68994140625;1716;
1252,522;37,972938537597656;1720,53759765625;1716;
1252,523;38,14882278442383;1724,461181640625;1716;
1252,524;38,077056884765625;1728,3848876953125;1716;
1252,525;38,4152946472168;1720,53759765625;1716;
1252,526;38,16529083251953;1712,68994140625;1716;
1252,527;37,53176498413086;1716,61376953125;1716;
1252,528;38,147647857666016;1728,3848876953125;1716;
1252,529;38,07823181152344;1728,3848876953125;1716;
1252,53;38,4152946472168;1714,6519775390625;1716;
1252,531;38,16646957397461;1712,68994140625;1716;
1252,532;37,53293991088867;1720,53759765625;1716;
1252,533;38,14882278442383;1726,4228515625;1716;
1252,534;38,07823181152344;1728,3848876953125;1716;
1252,535;38,4152946472168;1714,6519775390625;1716;
1252,536;38,16646957397461;1712,68994140625;1716;
1252,537;37,974117279052734;1724,461181640625;1716;
1252,538;38,14882278442383;1730,3466796875;1716;
1252,539;38,077056884765625;1726,4228515625;1716;
1252,54;38,4152946472168;1712,68994140625;1716;
1252,541;38,16646957397461;1708,766357421875;1716;
1252,542;37,972938537597656;1720,53759765625;1716;
1252,543;38,149410247802734;1732,3084716796875;1716;
1252,544;38,077056884765625;1730,3466796875;1716;
1252,545;38,4152946472168;1710,728271484375;1716;
1252,546;38,16646957397461;1708,766357421875;1716;
1252,547;37,972938537597656;1722,499267578125;1716;
1252,548;38,149410247802734;1730,3466796875;1716;
1252,549;38,077056884765625;1728,3848876953125;1716;
1252,55;38,4152946472168;1716,61376953125;1716;
1252,551;38,16646957397461;1708,766357421875;1716;
1252,552;37,972938537597656;1722,499267578125;1716;
1252,553;38,149410247802734;1732,3084716796875;1716;
1252,554;37,529998779296875;1720,53759765625;1716;
1252,555;38,4152946472168;1712,68994140625;1716;
1252,556;38,16646957397461;1708,766357421875;1716;
1252,557;37,972938537597656;1720,53759765625;1716;
1252,558;38,149410247802734;1730,3466796875;1716;
1252,559;37,529998779296875;1724,461181640625;1716;
1252,56;38,412353515625;1718,5755615234375;1716;
1252,561;38,16529083251953;1710,728271484375;1716;
1252,562;37,97117614746094;1722,499267578125;1716;
1252,563;38,148231506347656;1726,4228515625;1716;
1252,564;37,53176498413086;1724,461181640625;1716;
1252,565;38,41353225708008;1718,5755615234375;1716;
1252,566;38,16823196411133;1712,68994140625;1716;
1252,567;37,971763610839844;1724,461181640625;1716;
1252,568;38,148231506347656;1724,461181640625;1716;
1252,569;37,53117752075195;1716,61376953125;1716;
1252,57;38,41411590576172;1716,61376953125;1716;
1252,571;38,07999801635742;1716,61376953125;1716;
1252,572;37,971763610839844;1730,3466796875;1716;
1252,573;38,15353012084961;1726,4228515625;1716;
1252,574;37,534706115722656;1718,5755615234375;1716;
1252,575;38,326473236083984;1716,61376953125;1716;
1252,576;37,99117660522461;1720,53759765625;1716;
1252,577;37,88764572143555;1724,461181640625;1716;
1252,578;38,05882263183594;1724,461181640625;1716;
1252,579;37,44117736816406;1716,61376953125;1716;
1252,58;38,32588195800781;1712,68994140625;1716;
1252,581;37,98823547363281;1720,53759765625;1716;
1252,582;37,88235092163086;1730,3466796875;1716;
1252,583;38,05882263183594;1726,4228515625;1716;
1252,584;37,44117736816406;1710,728271484375;1716;
1252,585;38,32353210449219;1714,6519775390625;1716;
1252,586;37,98823547363281;1720,53759765625;1716;
1252,587;37,88235092163086;1732,3084716796875;1716;
1252,588;38,05882263183594;1726,4228515625;1716;
1252,589;37,44117736816406;1710,728271484375;1716;
1252,59;38,32353210449219;1714,6519775390625;1716;
1252,591;37,98823547363281;1720,53759765625;1716;
1252,592;37,88235092163086;1730,3466796875;1716;
1252,593;38,07646942138672;1726,4228515625;1716;
1252,594;37,44117736816406;1712,68994140625;1716;
1252,595;38,32353210449219;1714,6519775390625;1716;
1252,596;37,98823547363281;1720,53759765625;1716;
1252,597;37,88235092163086;1730,3466796875;1716;
1252,598;38,07646942138672;1726,4228515625;1716;
1252,599;37,44117736816406;1712,68994140625;1716;
1252,6;38,32353210449219;1716,61376953125;1716;
1252,601;37,98823547363281;1722,499267578125;1716;
1252,602;37,88235092163086;1730,3466796875;1716;
1252,603;38,07646942138672;1724,461181640625;1716;
1252,604;37,44117736816406;1716,61376953125;1716;
1252,605;38,32353210449219;1716,61376953125;1716;
1252,606;37,98823547363281;1720,53759765625;1716;
1252,607;37,88235092163086;1724,461181640625;1716;
1252,608;38,07646942138672;1716,61376953125;1716;
1252,609;37,44117736816406;1714,6519775390625;1716;
1252,61;38,32353210449219;1716,61376953125;1716;
1252,611;37,98823547363281;1722,499267578125;1716;
1252,612;37,88235092163086;1726,4228515625;1716;
1252,613;38,07646942138672;1718,5755615234375;1716;
1252,614;37,44117736816406;1716,61376953125;1716;
1252,615;38,386470794677734;1722,499267578125;1716;
1252,616;38,05352783203125;1730,3466796875;1716;
1252,617;37,946468353271484;1724,461181640625;1716;
1252,618;38,149410247802734;1714,6519775390625;1716;
1252,619;37,51058578491211;1714,6519775390625;1716;
1252,62;38,13999938964844;1724,461181640625;1716;
1252,621;38,072349548339844;1728,3848876953125;1716;
1252,622;37,96352767944336;1724,461181640625;1716;
1252,623;38,13999938964844;1710,728271484375;1716;
1252,624;37,528236389160156;1712,68994140625;1716;
1252,625;38,142940521240234;1724,461181640625;1716;
1252,626;38,07529067993164;1732,3084716796875;1716;
1252,627;37,96823501586914;1726,4228515625;1716;
1252,628;38,15882110595703;1708,766357421875;1716;
1252,629;37,5194091796875;1712,68994140625;1716;
1252,63;38,134117126464844;1726,4228515625;1716;
1252,631;38,060585021972656;1732,3084716796875;1716;
1252,632;38,384117126464844;1726,4228515625;1716;
1252,633;38,13999938964844;1710,728271484375;1716;
1252,634;37,50764465332031;1710,728271484375;1716;
1252,635;38,122352600097656;1724,461181640625;1716;
1252,636;38,05234909057617;1728,3848876953125;1716;
1252,637;38,38764572143555;1728,3848876953125;1716;
1252,638;38,13823318481445;1708,766357421875;1716;
1252,639;37,58529281616211;1714,6519775390625;1716;
1252,64;38,205291748046875;1726,4228515625;1716;
1252,641;38,13587951660156;1728,3848876953125;1716;
1252,642;38,48823547363281;1724,461181640625;1716;
1252,643;38,23881912231445;1712,68994140625;1716;
1252,644;37,607059478759766;1712,68994140625;1716;
1252,645;38,222938537597656;1724,461181640625;1716;
1252,646;38,13999557495117;1730,3466796875;1716;
1252,647;38,47529220581055;1722,499267578125;1716;
1252,648;38,22999954223633;1714,6519775390625;1716;
1252,649;38,031761169433594;1720,53759765625;1716;
1252,65;38,216468811035156;1726,4228515625;1716;
1252,651;38,14764404296875;1728,3848876953125;1716;
1252,652;38,478824615478516;1720,53759765625;1716;
1252,653;38,23646926879883;1712,68994140625;1716;
1252,654;38,042938232421875;1716,61376953125;1716;
1252,655;38,201175689697266;1732,3084716796875;1716;
1252,656;38,130584716796875;1728,3848876953125;1716;
1252,657;38,476470947265625;1712,68994140625;1716;
1252,658;38,24528884887695;1710,728271484375;1716;
1252,659;38,06764602661133;1724,461181640625;1716;
1252,66;38,24940872192383;1726,4228515625;1716;
1252,661;38,179996490478516;1726,4228515625;1716;
1252,662;38,51411819458008;1714,6519775390625;1716;
1252,663;38,2694091796875;1708,766357421875;1716;
1252,664;38,07411575317383;1720,53759765625;1716;
1252,665;38,250587463378906;1730,3466796875;1716;
1252,666;38,1782341003418;1730,3466796875;1716;
1252,667;38,510589599609375;1710,728271484375;1716;
1252,668;38,25411605834961;1708,766357421875;1716;
1252,669;38,05999755859375;1724,461181640625;1716;
1252,67;38,23352813720703;1730,3466796875;1716;
1252,671;37,6099967956543;1722,499267578125;1716;
1252,672;38,487060546875;1712,68994140625;1716;
1252,673;38,23117446899414;1708,766357421875;1716;
1252,674;38,03940963745117;1722,499267578125;1716;
1252,675;38,21235275268555;1732,3084716796875;1716;
1252,676;37,59941101074219;1730,3466796875;1716;
1252,677;38,476470947265625;1712,68994140625;1716;
1252,678;38,234703063964844;1710,728271484375;1716;
1252,679;38,0352897644043;1724,461181640625;1716;
1252,68;38,21470260620117;1728,3848876953125;1716;
1252,681;37,5970573425293;1728,3848876953125;1716;
1252,682;38,478824615478516;1714,6519775390625;1716;
1252,683;38,23117446899414;1708,766357421875;1716;
1252,684;38,03999710083008;1722,499267578125;1716;
1252,685;38,211761474609375;1730,3466796875;1716;
1252,686;37,59529113769531;1728,3848876953125;1716;
1252,687;38,478233337402344;1716,61376953125;1716;
1252,688;38,230587005615234;1716,61376953125;1716;
1252,689;38,03058624267578;1722,499267578125;1716;
1252,69;38,216468811035156;1728,3848876953125;1716;
1252,691;37,59470748901367;1724,461181640625;1716;
1252,692;38,47588348388672;1716,61376953125;1716;
1252,693;38,22764587402344;1716,61376953125;1716;
1252,694;38,04176330566406;1722,499267578125;1716;
1252,695;38,21470260620117;1728,3848876953125;1716;
1252,696;37,59646987915039;1714,6519775390625;1716;
1252,697;38,47764587402344;1718,5755615234375;1716;
1252,698;38,14293670654297;1720,53759765625;1716;
1252,699;38,03588104248047;1724,461181640625;1716;
1252,7;38,20882034301758;1724,461181640625;1716;
1252,701;37,59529113769531;1718,5755615234375;1716;
1252,702;38,47705841064453;1714,6519775390625;1716;
1252,703;38,14234924316406;1718,5755615234375;1716;
1252,704;38,03705596923828;1730,3466796875;1716;
1252,705;38,21470260620117;1726,4228515625;1716;
1252,706;37,59646987915039;1714,6519775390625;1716;
1252,707;38,48176574707031;1714,6519775390625;1716;
1252,708;38,13999557495117;1722,499267578125;1716;
1252,709;38,0352897644043;1732,3084716796875;1716;
1252,71;38,211761474609375;1726,4228515625;1716;
1252,711;37,59529113769531;1710,728271484375;1716;
1252,712;38,21470260620117;1722,499267578125;1716;
1252,713;38,14352798461914;1720,53759765625;1716;
1252,714;38,041175842285156;1732,3084716796875;1716;
1252,715;38,228233337402344;1726,4228515625;1716;
1252,716;37,593528747558594;1712,68994140625;1716;
1252,717;38,47705841064453;1714,6519775390625;1716;
1252,718;38,077056884765625;1720,53759765625;1716;
1252,719;38,03764724731445;1728,3848876953125;1716;
1252,72;38,21235275268555;1728,3848876953125;1716;
1252,721;37,598819732666016;1712,68994140625;1716;
1252,722;38,478233337402344;1710,728271484375;1716;
1252,723;38,14470291137695;1722,499267578125;1716;
1252,724;38,03352737426758;1730,3466796875;1716;
1252,725;38,218231201171875;1720,53759765625;1716;
1252,726;37,53293991088867;1716,61376953125;1716;
1252,727;38,412353515625;1714,6519775390625;1716;
1252,728;38,077056884765625;1720,53759765625;1716;
1252,729;37,971763610839844;1726,4228515625;1716;
1252,73;38,164703369140625;1718,5755615234375;1716;
1252,731;37,529998779296875;1714,6519775390625;1716;
1252,732;38,41176223754883;1714,6519775390625;1716;
1252,733;38,077056884765625;1724,461181640625;1716;
1252,734;37,972938537597656;1726,4228515625;1716;
1252,735;38,16646957397461;1722,499267578125;1716;
1252,736;37,53117752075195;1716,61376953125;1716;
1252,737;38,14882278442383;1722,499267578125;1716;
1252,738;38,07764434814453;1726,4228515625;1716;
1252,739;37,971763610839844;1724,461181640625;1716;
1252,74;38,16646957397461;1718,5755615234375;1716;
1252,741;37,53117752075195;1716,61376953125;1716;
1252,742;38,14882278442383;1726,4228515625;1716;
1252,743;38,07764434814453;1732,3084716796875;1716;
1252,744;37,971763610839844;1724,461181640625;1716;
1252,745;38,16646957397461;1714,6519775390625;1716;
1252,746;37,53117752075195;1712,68994140625;1716;
1252,747;38,14882278442383;1724,461181640625;1716;
1252,748;38,07999801635742;1734,2705078125;1716;
1252,749;37,971763610839844;1726,4228515625;1716;
1252,75;38,16646957397461;1710,728271484375;1716;
1252,751;37,53117752075195;1714,6519775390625;1716;
1252,752;38,14882278442383;1724,461181640625;1716;
1252,753;38,07999801635742;1732,3084716796875;1716;
1252,754;38,41353225708008;1726,4228515625;1716;
1252,755;38,16646957397461;1710,728271484375;1716;
1252,756;37,53117752075195;1710,728271484375;1716;
1252,757;38,14882278442383;1724,461181640625;1716;
1252,758;38,07823181152344;1732,3084716796875;1716;
1252,759;38,412940979003906;1726,4228515625;1716;
1252,76;38,16646957397461;1708,766357421875;1716;
1252,761;37,53117752075195;1712,68994140625;1716;
1252,762;38,14882278442383;1726,4228515625;1716;
1252,763;38,07823181152344;1730,3466796875;1716;
1252,764;37,971763610839844;1726,4228515625;1716;
1252,765;38,16646957397461;1712,68994140625;1716;
1252,766;37,53117752075195;1710,728271484375;1716;
1252,767;38,14882278442383;1724,461181640625;1716;
1252,768;38,07823181152344;1732,3084716796875;1716;
1252,769;38,412940979003906;1720,53759765625;1716;
1252,77;38,16646957397461;1712,68994140625;1716;
1252,771;37,53117752075195;1718,5755615234375;1716;
1252,772;38,14882278442383;1726,4228515625;1716;
1252,773;38,07823181152344;1728,3848876953125;1716;
1252,774;38,412940979003906;1716,61376953125;1716;
1252,775;38,16646957397461;1712,68994140625;1716;
1252,776;37,53117752075195;1720,53759765625;1716;
1252,777;38,14882278442383;1728,3848876953125;1716;
1252,778;38,07823181152344;1728,3848876953125;1716;
1252,779;38,41353225708008;1714,6519775390625;1716;
1252,78;38,16646957397461;1712,68994140625;1716;
1252,781;37,97235107421875;1722,499267578125;1716;
1252,782;38,14882278442383;1730,3466796875;1716;
1252,783;38,07823181152344;1726,4228515625;1716;
1252,784;38,412940979003906;1712,68994140625;1716;
1252,785;38,16646957397461;1712,68994140625;1716;
1252,786;37,97235107421875;1720,53759765625;1716;
1252,787;38,14882278442383;1732,3084716796875;1716;
1252,788;38,07823181152344;1730,3466796875;1716;
1252,789;38,412940979003906;1710,728271484375;1716;
1252,79;38,16646957397461;1710,728271484375;1716;
1252,791;37,97235107421875;1722,499267578125;1716;
1252,792;38,14882278442383;1730,3466796875;1716;
1252,793;38,07823181152344;1728,3848876953125;1716;
1252,794;38,412940979003906;1712,68994140625;1716;
1252,795;38,16646957397461;1708,766357421875;1716;
1252,796;37,97235107421875;1722,499267578125;1716;
1252,797;38,14882278442383;1732,3084716796875;1716;
1252,798;38,07823181152344;1730,3466796875;1716;
1252,799;38,412940979003906;1714,6519775390625;1716;
1252,8;38,167057037353516;1708,766357421875;1716;
1252,801;37,97235107421875;1724,461181640625;1716;
1252,802;38,14882278442383;1730,3466796875;1716;
1252,803;37,53293991088867;1728,3848876953125;1716;
1252,804;38,412940979003906;1712,68994140625;1716;
1252,805;38,16646957397461;1710,728271484375;1716;
1252,806;37,97235107421875;1722,499267578125;1716;
1252,807;38,14882278442383;1728,3848876953125;1716;
1252,808;37,53117752075195;1724,461181640625;1716;
1252,809;38,412940979003906;1718,5755615234375;1716;
1252,81;38,167057037353516;1714,6519775390625;1716;
1252,811;37,97235107421875;1724,461181640625;1716;
1252,812;38,14882278442383;1726,4228515625;1716;
1252,813;37,53117752075195;1716,61376953125;1716;
1252,814;38,41353225708008;1714,6519775390625;1716;
1252,815;38,167057037353516;1716,61376953125;1716;
1252,816;37,97235107421875;1724,461181640625;1716;
1252,817;38,14882278442383;1726,4228515625;1716;
1252,818;37,53117752075195;1718,5755615234375;1716;
1252,819;38,41353225708008;1716,61376953125;1716;
1252,82;38,16646957397461;1720,53759765625;1716;
1252,821;37,97235107421875;1726,4228515625;1716;
1252,822;38,14882278442383;1724,461181640625;1716;
1252,823;37,53117752075195;1716,61376953125;1716;
1252,824;38,41353225708008;1712,68994140625;1716;
1252,825;38,07823181152344;1720,53759765625;1716;
1252,826;37,97235107421875;1728,3848876953125;1716;
1252,827;38,14882278442383;1726,4228515625;1716;
1252,828;37,53117752075195;1712,68994140625;1716;
1252,829;38,41353225708008;1714,6519775390625;1716;
1252,83;38,07823181152344;1720,53759765625;1716;
1252,831;37,971763610839844;1730,3466796875;1716;
1252,832;38,14882278442383;1724,461181640625;1716;
1252,833;37,53117752075195;1710,728271484375;1716;
1252,834;38,41353225708008;1712,68994140625;1716;
1252,835;38,07764434814453;1722,499267578125;1716;
1252,836;37,971763610839844;1730,3466796875;1716;
1252,837;38,14882278442383;1726,4228515625;1716;
1252,838;37,53117752075195;1712,68994140625;1716;
1252,839;38,41353225708008;1714,6519775390625;1716;
1252,84;38,078819274902344;1720,53759765625;1716;
1252,841;37,97235107421875;1730,3466796875;1716;
1252,842;38,16646957397461;1724,461181640625;1716;
1252,843;37,53117752075195;1712,68994140625;1716;
1252,844;38,41353225708008;1712,68994140625;1716;
1252,845;38,07764434814453;1720,53759765625;1716;
1252,846;37,97117614746094;1728,3848876953125;1716;
1252,847;38,16646957397461;1724,461181640625;1716;
1252,848;37,53117752075195;1716,61376953125;1716;
1252,849;38,41353225708008;1716,61376953125;1716;
1252,85;38,07999801635742;1722,499267578125;1716;
1252,851;37,97117614746094;1728,3848876953125;1716;
1252,852;38,16646957397461;1722,499267578125;1716;
1252,853;37,53058624267578;1712,68994140625;1716;
1252,854;38,41353225708008;1722,499267578125;1716;
1252,855;38,07646560668945;1722,499267578125;1716;
1252,856;37,97235107421875;1726,4228515625;1716;
1252,857;38,16646957397461;1718,5755615234375;1716;
1252,858;37,52470397949219;1716,61376953125;1716;
1252,859;38,326473236083984;1720,53759765625;1716;
1252,86;37,99293899536133;1724,461181640625;1716;
1252,861;37,88235092163086;1724,461181640625;1716;
1252,862;38,07646942138672;1714,6519775390625;1716;
1252,863;37,44117736816406;1710,728271484375;1716;
1252,864;38,32353210449219;1722,499267578125;1716;
1252,865;37,98823547363281;1726,4228515625;1716;
1252,866;37,88235092163086;1726,4228515625;1716;
1252,867;38,07646942138672;1710,728271484375;1716;
1252,868;37,44117736816406;1714,6519775390625;1716;
1252,869;38,05882263183594;1722,499267578125;1716;
1252,87;37,98823547363281;1730,3466796875;1716;
1252,871;37,88235092163086;1726,4228515625;1716;
1252,872;38,07646942138672;1708,766357421875;1716;
1252,873;37,44117736816406;1710,728271484375;1716;
1252,874;38,05882263183594;1724,461181640625;1716;
1252,875;37,98823547363281;1730,3466796875;1716;
1252,876;37,88235092163086;1726,4228515625;1716;
1252,877;38,07646942138672;1710,728271484375;1716;
1252,878;37,44117736816406;1710,728271484375;1716;
1252,879;38,05882263183594;1726,4228515625;1716;
1252,88;37,98823547363281;1732,3084716796875;1716;
1252,881;37,88235092163086;1728,3848876953125;1716;
1252,882;38,07646942138672;1708,766357421875;1716;
1252,883;37,44117736816406;1710,728271484375;1716;
1252,884;38,05882263183594;1726,4228515625;1716;
1252,885;37,98823547363281;1732,3084716796875;1716;
1252,886;38,32353210449219;1726,4228515625;1716;
1252,887;38,07646942138672;1710,728271484375;1716;
1252,888;37,44117736816406;1716,61376953125;1716;
1252,889;38,05882263183594;1724,461181640625;1716;
1252,89;37,98823547363281;1732,3084716796875;1716;
1252,891;38,32353210449219;1724,461181640625;1716;
1252,892;38,07646942138672;1712,68994140625;1716;
1252,893;37,44117736816406;1712,68994140625;1716;
1252,894;38,05882263183594;1722,499267578125;1716;
1252,895;37,98823547363281;1728,3848876953125;1716;
1252,896;38,32353210449219;1716,61376953125;1716;
1252,897;38,07646942138672;1712,68994140625;1716;
1252,898;36,232940673828125;1716,61376953125;1716;
1252,899;38,11823272705078;1724,461181640625;1716;
1252,9;38,047645568847656;1726,4228515625;1716;
1252,901;38,393531799316406;1718,5755615234375;1716;
1252,902;38,147056579589844;1714,6519775390625;1716;
1252,903;37,5223503112793;1718,5755615234375;1716;
1252,904;38,142940521240234;1732,3084716796875;1716;
1252,905;38,07529067993164;1726,4228515625;1716;
1252,906;38,40470504760742;1716,61376953125;1716;
1252,907;38,15940856933594;1712,68994140625;1716;
1252,908;37,94999694824219;1722,499267578125;1716;
1252,909;38,142940521240234;1732,3084716796875;1716;
1252,91;38,07529067993164;1728,3848876953125;1716;
1252,911;38,40999984741211;1712,68994140625;1716;
1252,912;38,15705871582031;1712,68994140625;1716;
1252,913;37,95705795288086;1722,499267578125;1716;
1252,914;38,132938385009766;1728,3848876953125;1716;
1252,915;38,055877685546875;1726,4228515625;1716;
1252,916;38,38999938964844;1712,68994140625;1716;
1252,917;38,141761779785156;1708,766357421875;1716;
1252,918;37,94293975830078;1722,499267578125;1716;
1252,919;38,122352600097656;1732,3084716796875;1716;
1252,92;38,05234909057617;1730,3466796875;1716;
1252,921;38,38764572143555;1710,728271484375;1716;
1252,922;38,22117614746094;1710,728271484375;1716;
1252,923;37,94293975830078;1722,499267578125;1716;
1252,924;38,25764465332031;1732,3084716796875;1716;
1252,925;37,59646987915039;1728,3848876953125;1716;
1252,926;38,48235321044922;1712,68994140625;1716;
1252,927;38,237056732177734;1708,766357421875;1716;
1252,928;38,04705810546875;1722,499267578125;1716;
1252,929;38,222938537597656;1728,3848876953125;1716;
1252,93;37,5941162109375;1728,3848876953125;1716;
1252,931;38,47705841064453;1714,6519775390625;1716;
1252,932;38,23117446899414;1708,766357421875;1716;
1252,933;38,04176330566406;1722,499267578125;1716;
1252,934;38,218231201171875;1730,3466796875;1716;
1252,935;37,59646987915039;1728,3848876953125;1716;
1252,936;38,485294342041016;1714,6519775390625;1716;
1252,937;38,23529052734375;1710,728271484375;1716;
1252,938;38,04176330566406;1722,499267578125;1716;
1252,939;38,216468811035156;1728,3848876953125;1716;
1252,94;37,5941162109375;1724,461181640625;1716;
1252,941;38,48823547363281;1714,6519775390625;1716;
1252,942;38,24646759033203;1714,6519775390625;1716;
1252,943;38,06882095336914;1722,499267578125;1716;
1252,944;38,25;1726,4228515625;1716;
1252,945;37,628822326660156;1716,61376953125;1716;
1252,946;38,51353073120117;1714,6519775390625;1716;
1252,947;38,273529052734375;1716,61376953125;1716;
1252,948;38,0811767578125;1724,461181640625;1716;
1252,949;38,262939453125;1728,3848876953125;1716;
1252,95;37,62705612182617;1718,5755615234375;1716;
1252,951;38,50529479980469;1716,61376953125;1716;
1252,952;38,16529083251953;1720,53759765625;1716;
1252,953;38,05470275878906;1728,3848876953125;1716;
1252,954;38,23176193237305;1726,4228515625;1716;
1252,955;37,604705810546875;1714,6519775390625;1716;
1252,956;38,478824615478516;1712,68994140625;1716;
1252,957;38,140586853027344;1720,53759765625;1716;
1252,958;38,03352737426758;1732,3084716796875;1716;
1252,959;38,21882247924805;1726,4228515625;1716;
1252,96;37,59587860107422;1712,68994140625;1716;
1252,961;38,47941207885742;1714,6519775390625;1716;
1252,962;38,140586853027344;1720,53759765625;1716;
1252,963;38,03705596923828;1732,3084716796875;1716;
1252,964;38,21588134765625;1726,4228515625;1716;
1252,965;37,5970573425293;1710,728271484375;1716;
1252,966;38,47588348388672;1712,68994140625;1716;
1252,967;38,14529037475586;1720,53759765625;1716;
1252,968;38,036468505859375;1730,3466796875;1716;
1252,969;38,23176193237305;1724,461181640625;1716;
1252,97;37,5941162109375;1712,68994140625;1716;
1252,971;38,47529220581055;1716,61376953125;1716;
1252,972;38,13823318481445;1720,53759765625;1716;
1252,973;38,04058837890625;1730,3466796875;1716;
1252,974;38,230587005615234;1726,4228515625;1716;
1252,975;37,598236083984375;1714,6519775390625;1716;
1252,976;38,474117279052734;1712,68994140625;1716;
1252,977;38,14234924316406;1722,499267578125;1716;
1252,978;38,03117752075195;1728,3848876953125;1716;
1252,979;38,228233337402344;1718,5755615234375;1716;
1252,98;37,5970573425293;1714,6519775390625;1716;
1252,981;38,48117446899414;1716,61376953125;1716;
1252,982;38,14234924316406;1722,499267578125;1716;
1252,983;38,03588104248047;1724,461181640625;1716;
1252,984;38,23117446899414;1720,53759765625;1716;
1252,985;37,598819732666016;1714,6519775390625;1716;
1252,986;38,21352767944336;1718,5755615234375;1716;
1252,987;38,14234924316406;1726,4228515625;1716;
1252,988;38,03764724731445;1726,4228515625;1716;
1252,989;38,23411560058594;1718,5755615234375;1716;
1252,99;37,59470748901367;1716,61376953125;1716;
1252,991;38,21117401123047;1722,499267578125;1716;
1252,992;38,14117431640625;1726,4228515625;1716;
1252,993;38,036468505859375;1726,4228515625;1716;
1252,994;38,23176193237305;1712,68994140625;1716;
1252,995;37,59587860107422;1712,68994140625;1716;
1252,996;38,21706008911133;1726,4228515625;1716;
1252,997;38,13999557495117;1728,3848876953125;1716;
1252,998;38,034706115722656;1726,4228515625;1716;
1252,999;38,229408264160156;1710,728271484375;1716;
1253;37,59470748901367;1710,728271484375;1716;
1253,001;38,21352767944336;1724,461181640625;1716;
1253,002;38,14234924316406;1730,3466796875;1716;
1253,003;38,47705841064453;1726,4228515625;1716;
1253,004;38,23117446899414;1708,766357421875;1716;
1253,005;37,59587860107422;1712,68994140625;1716;
1253,006;38,21470260620117;1728,3848876953125;1716;
1253,007;38,13999557495117;1732,3084716796875;1716;
1253,008;38,0294075012207;1726,4228515625;1716;
1253,009;38,16764450073242;1710,728271484375;1716;
1253,01;37,5288200378418;1710,728271484375;1716;
1253,011;38,148231506347656;1722,499267578125;1716;
1253,012;38,078819274902344;1730,3466796875;1716;
1253,013;37,97117614746094;1728,3848876953125;1716;
1253,014;38,16411590576172;1710,728271484375;1716;
1253,015;37,529998779296875;1712,68994140625;1716;
1253,016;38,148231506347656;1726,4228515625;1716;
1253,017;38,07823181152344;1732,3084716796875;1716;
1253,018;38,412940979003906;1726,4228515625;1716;
1253,019;38,16529083251953;1712,68994140625;1716;
1253,02;37,53176498413086;1710,728271484375;1716;
1253,021;38,14882278442383;1724,461181640625;1716;
1253,022;38,07823181152344;1732,3084716796875;1716;
1253,023;38,4152946472168;1718,5755615234375;1716;
1253,024;38,16529083251953;1714,6519775390625;1716;
1253,025;37,53293991088867;1714,6519775390625;1716;
1253,026;38,14882278442383;1724,461181640625;1716;
1253,027;38,07823181152344;1726,4228515625;1716;
1253,028;38,4152946472168;1720,53759765625;1716;
1253,029;38,16646957397461;1712,68994140625;1716;
1253,03;37,974117279052734;1716,61376953125;1716;
1253,031;38,14882278442383;1728,3848876953125;1716;
1253,032;38,07823181152344;1728,3848876953125;1716;
1253,033;38,4152946472168;1716,61376953125;1716;
1253,034;38,16646957397461;1714,6519775390625;1716;
1253,035;37,972938537597656;1724,461181640625;1716;
1253,036;38,14882278442383;1726,4228515625;1716;
1253,037;38,077056884765625;1726,4228515625;1716;
1253,038;38,4152946472168;1714,6519775390625;1716;
1253,039;38,16646957397461;1708,766357421875;1716;
1253,04;37,972938537597656;1720,53759765625;1716;
1253,041;38,149410247802734;1728,3848876953125;1716;
1253,042;38,077056884765625;1728,3848876953125;1716;
1253,043;38,4152946472168;1712,68994140625;1716;
1253,044;38,16646957397461;1710,728271484375;1716;
1253,045;37,972938537597656;1722,499267578125;1716;
1253,046;38,149410247802734;1732,3084716796875;1716;
1253,047;38,077056884765625;1728,3848876953125;1716;
1253,048;38,4152946472168;1710,728271484375;1716;
1253,049;38,16646957397461;1706,8046875;1716;
1253,05;37,972938537597656;1722,499267578125;1716;
1253,051;38,149410247802734;1728,3848876953125;1716;
1253,052;38,077056884765625;1728,3848876953125;1716;
1253,053;38,4152946472168;1712,68994140625;1716;
1253,054;38,16529083251953;1708,766357421875;1716;
1253,055;37,972938537597656;1720,53759765625;1716;
1253,056;38,149410247802734;1730,3466796875;1716;
1253,057;38,077056884765625;1730,3466796875;1716;
1253,058;38,4152946472168;1712,68994140625;1716;
1253,059;38,16646957397461;1706,8046875;1716;
1253,06;37,972938537597656;1722,499267578125;1716;
1253,061;38,149410247802734;1730,3466796875;1716;
1253,062;37,529998779296875;1728,3848876953125;1716;
1253,063;38,41353225708008;1716,61376953125;1716;
1253,064;38,16646957397461;1716,61376953125;1716;
1253,065;37,972938537597656;1720,53759765625;1716;
1253,066;38,148231506347656;1728,3848876953125;1716;
1253,067;37,529998779296875;1726,4228515625;1716;
1253,068;38,41353225708008;1714,6519775390625;1716;
1253,069;38,16646957397461;1716,61376953125;1716;
1253,07;37,972938537597656;1722,499267578125;1716;
1253,071;38,149410247802734;1726,4228515625;1716;
1253,072;37,529998779296875;1718,5755615234375;1716;
1253,073;38,41353225708008;1718,5755615234375;1716;
1253,074;38,07823181152344;1716,61376953125;1716;
1253,075;37,972938537597656;1722,499267578125;1716;
1253,076;38,149410247802734;1726,4228515625;1716;
1253,077;37,529998779296875;1718,5755615234375;1716;
1253,078;38,41353225708008;1716,61376953125;1716;
1253,079;38,07823181152344;1718,5755615234375;1716;
1253,08;37,974117279052734;1730,3466796875;1716;
1253,081;38,148231506347656;1724,461181640625;1716;
1253,082;37,529998779296875;1712,68994140625;1716;
1253,083;38,41353225708008;1714,6519775390625;1716;
1253,084;38,07823181152344;1718,5755615234375;1716;
1253,085;37,97235107421875;1732,3084716796875;1716;
1253,086;38,148231506347656;1726,4228515625;1716;
1253,087;37,529998779296875;1712,68994140625;1716;
1253,088;38,41353225708008;1714,6519775390625;1716;
1253,089;38,07823181152344;1720,53759765625;1716;
1253,09;37,974117279052734;1728,3848876953125;1716;
1253,091;38,149410247802734;1724,461181640625;1716;
1253,092;37,529998779296875;1712,68994140625;1716;
1253,093;38,41353225708008;1714,6519775390625;1716;
1253,094;38,07823181152344;1720,53759765625;1716;
1253,095;37,97235107421875;1732,3084716796875;1716;
1253,096;38,16587829589844;1728,3848876953125;1716;
1253,097;37,529998779296875;1712,68994140625;1716;
1253,098;38,41353225708008;1712,68994140625;1716;
1253,099;38,07823181152344;1720,53759765625;1716;
1253,1;37,974117279052734;1730,3466796875;1716;
1253,101;38,16587829589844;1718,5755615234375;1716;
1253,102;37,529998779296875;1716,61376953125;1716;
1253,103;38,41353225708008;1716,61376953125;1716;
1253,104;38,07823181152344;1720,53759765625;1716;
1253,105;37,97235107421875;1726,4228515625;1716;
1253,106;38,16587829589844;1726,4228515625;1716;
1253,107;37,53176498413086;1714,6519775390625;1716;
1253,108;38,41353225708008;1712,68994140625;1716;
1253,109;38,07823181152344;1722,499267578125;1716;
1253,11;37,974117279052734;1724,461181640625;1716;
1253,111;38,16587829589844;1724,461181640625;1716;
1253,112;37,53176498413086;1714,6519775390625;1716;
1253,113;38,41353225708008;1714,6519775390625;1716;
1253,114;38,07823181152344;1726,4228515625;1716;
1253,115;37,974117279052734;1726,4228515625;1716;
1253,116;38,16587829589844;1718,5755615234375;1716;
1253,117;37,53176498413086;1716,61376953125;1716;
1253,118;38,14882278442383;1724,461181640625;1716;
1253,119;38,07823181152344;1722,499267578125;1716;
1253,12;37,974117279052734;1724,461181640625;1716;
1253,121;38,16587829589844;1718,5755615234375;1716;
1253,122;37,53176498413086;1714,6519775390625;1716;
1253,123;38,14882278442383;1720,53759765625;1716;
1253,124;38,07823181152344;1726,4228515625;1716;
1253,125;37,974117279052734;1726,4228515625;1716;
1253,126;38,16587829589844;1708,766357421875;1716;
1253,127;37,53117752075195;1714,6519775390625;1716;
1253,128;38,14882278442383;1724,461181640625;1716;
1253,129;38,095882415771484;1730,3466796875;1716;
1253,13;38,412353515625;1726,4228515625;1716;
1253,131;38,16823196411133;1710,728271484375;1716;
1253,132;37,53117752075195;1710,728271484375;1716;
1253,133;38,15058898925781;1724,461181640625;1716;
1253,134;38,07823181152344;1734,2705078125;1716;
1253,135;37,97235107421875;1728,3848876953125;1716;
1253,136;38,16646957397461;1708,766357421875;1716;
1253,137;37,53117752075195;1712,68994140625;1716;
1253,138;38,149410247802734;1726,4228515625;1716;
1253,139;38,077056884765625;1732,3084716796875;1716;
1253,14;38,412353515625;1726,4228515625;1716;
1253,141;38,16646957397461;1708,766357421875;1716;
1253,142;37,44411849975586;1710,728271484375;1716;
1253,143;38,061763763427734;1726,4228515625;1716;
1253,144;37,98823547363281;1732,3084716796875;1716;
1253,145;38,32353210449219;1722,499267578125;1716;
1253,146;38,07646942138672;1712,68994140625;1716;
1253,147;37,44352722167969;1710,728271484375;1716;
1253,148;38,05882263183594;1722,499267578125;1716;
1253,149;37,98823547363281;1728,3848876953125;1716;
1253,15;38,32353210449219;1720,53759765625;1716;
1253,151;38,07646942138672;1712,68994140625;1716;
1253,152;37,44117736816406;1710,728271484375;1716;
1253,153;38,05882263183594;1726,4228515625;1716;
1253,154;37,98823547363281;1728,3848876953125;1716;
1253,155;38,32353210449219;1722,499267578125;1716;
1253,156;38,07646942138672;1714,6519775390625;1716;
1253,157;37,44117736816406;1716,61376953125;1716;
1253,158;38,05882263183594;1724,461181640625;1716;
1253,159;37,98823547363281;1726,4228515625;1716;
1253,16;38,32353210449219;1720,53759765625;1716;
1253,161;38,07646942138672;1712,68994140625;1716;
1253,162;37,88235092163086;1722,499267578125;1716;
1253,163;38,05882263183594;1730,3466796875;1716;
1253,164;37,98823547363281;1728,3848876953125;1716;
1253,165;38,32353210449219;1716,61376953125;1716;
1253,166;38,07646942138672;1712,68994140625;1716;
1253,167;37,88235092163086;1722,499267578125;1716;
1253,168;38,05882263183594;1726,4228515625;1716;
1253,169;37,98823547363281;1726,4228515625;1716;
1253,17;38,32353210449219;1710,728271484375;1716;
1253,171;38,07646942138672;1708,766357421875;1716;
1253,172;37,88235092163086;1724,461181640625;1716;
1253,173;38,05882263183594;1732,3084716796875;1716;
1253,174;37,98823547363281;1728,3848876953125;1716;
1253,175;38,32353210449219;1712,68994140625;1716;
1253,176;38,07646942138672;1708,766357421875;1716;
1253,177;37,88235092163086;1720,53759765625;1716;
1253,178;38,05882263183594;1732,3084716796875;1716;
1253,179;37,98823547363281;1730,3466796875;1716;
1253,18;38,32353210449219;1710,728271484375;1716;
1253,181;36,84705352783203;1708,766357421875;1716;
1253,182;37,945289611816406;1722,499267578125;1716;
1253,183;38,121177673339844;1730,3466796875;1716;
1253,184;37,51058578491211;1728,3848876953125;1716;
1253,185;38,39411926269531;1714,6519775390625;1716;
1253,186;38,160587310791016;1710,728271484375;1716;
1253,187;37,96352767944336;1720,53759765625;1716;
1253,188;38,142940521240234;1728,3848876953125;1716;
1253,189;37,525291442871094;1728,3848876953125;1716;
1253,19;38,40764617919922;1714,6519775390625;1716;
1253,191;38,16646957397461;1708,766357421875;1716;
1253,192;37,966468811035156;1724,461181640625;1716;
1253,193;38,14882278442383;1728,3848876953125;1716;
1253,194;37,525291442871094;1722,499267578125;1716;
1253,195;38,4058837890625;1716,61376953125;1716;
1253,196;38,155879974365234;1716,61376953125;1716;
1253,197;37,95470428466797;1722,499267578125;1716;
1253,198;38,12705993652344;1726,4228515625;1716;
1253,199;37,50764465332031;1726,4228515625;1716;
1253,2;38,388824462890625;1716,61376953125;1716;
1253,201;38,13999938964844;1712,68994140625;1716;
1253,202;37,94588088989258;1724,461181640625;1716;
1253,203;38,12294006347656;1724,461181640625;1716;
1253,204;37,50529479980469;1716,61376953125;1716;
1253,205;38,46470642089844;1714,6519775390625;1716;
1253,206;38,134117126464844;1718,5755615234375;1716;
1253,207;38,02823257446289;1730,3466796875;1716;
1253,208;38,209999084472656;1726,4228515625;1716;
1253,209;37,599998474121094;1712,68994140625;1716;
1253,21;38,48588180541992;1714,6519775390625;1716;
1253,211;38,15176010131836;1720,53759765625;1716;
1253,212;38,051761627197266;1728,3848876953125;1716;
1253,213;38,21117401123047;1724,461181640625;1716;
1253,214;37,58882141113281;1712,68994140625;1716;
1253,215;38,47999954223633;1714,6519775390625;1716;
1253,216;38,14293670654297;1720,53759765625;1716;
1253,217;38,042938232421875;1732,3084716796875;1716;
1253,218;38,21294021606445;1728,3848876953125;1716;
1253,219;37,60176467895508;1710,728271484375;1716;
1253,22;38,478233337402344;1712,68994140625;1716;
1253,221;38,148231506347656;1720,53759765625;1716;
1253,222;38,03352737426758;1728,3848876953125;1716;
1253,223;38,21117401123047;1726,4228515625;1716;
1253,224;37,60764694213867;1712,68994140625;1716;
1253,225;38,4935302734375;1714,6519775390625;1716;
1253,226;38,17234802246094;1722,499267578125;1716;
1253,227;38,072349548339844;1730,3466796875;1716;
1253,228;38,26705551147461;1726,4228515625;1716;
1253,229;37,635292053222656;1714,6519775390625;1716;
1253,23;38,52235412597656;1712,68994140625;1716;
1253,231;38,188232421875;1722,499267578125;1716;
1253,232;38,07352828979492;1728,3848876953125;1716;
1253,233;38,26234817504883;1724,461181640625;1716;
1253,234;37,628822326660156;1716,61376953125;1716;
1253,235;38,4970588684082;1716,61376953125;1716;
1253,236;38,16823196411133;1722,499267578125;1716;
1253,237;38,04882049560547;1728,3848876953125;1716;
1253,238;38,22646713256836;1720,53759765625;1716;
1253,239;37,60529327392578;1716,61376953125;1716;
1253,24;38,478233337402344;1720,53759765625;1716;
1253,241;38,14293670654297;1722,499267578125;1716;
1253,242;38,03117752075195;1728,3848876953125;1716;
1253,243;38,22999954223633;1722,499267578125;1716;
1253,244;37,5970573425293;1712,68994140625;1716;
1253,245;38,211761474609375;1720,53759765625;1716;
1253,246;38,13999557495117;1726,4228515625;1716;
1253,247;38,034114837646484;1726,4228515625;1716;
1253,248;38,230587005615234;1712,68994140625;1716;
1253,249;37,5941162109375;1712,68994140625;1716;
1253,25;38,21058654785156;1724,461181640625;1716;
1253,251;38,145877838134766;1726,4228515625;1716;
1253,252;38,036468505859375;1724,461181640625;1716;
1253,253;38,23234939575195;1708,766357421875;1716;
1253,254;37,5905876159668;1710,728271484375;1716;
1253,255;38,21706008911133;1724,461181640625;1716;
1253,256;38,147056579589844;1734,2705078125;1716;
1253,257;38,03999710083008;1728,3848876953125;1716;
1253,258;38,22470474243164;1708,766357421875;1716;
1253,259;37,59646987915039;1712,68994140625;1716;
1253,26;38,20882034301758;1726,4228515625;1716;
1253,261;38,14470291137695;1730,3466796875;1716;
1253,262;38,0294075012207;1726,4228515625;1716;
1253,263;38,22882080078125;1708,766357421875;1716;
1253,264;37,592350006103516;1710,728271484375;1716;
1253,265;38,217647552490234;1726,4228515625;1716;
1253,266;38,140586853027344;1732,3084716796875;1716;
1253,267;38,03823471069336;1726,4228515625;1716;
1253,268;38,234703063964844;1710,728271484375;1716;
1253,269;37,59646987915039;1720,53759765625;1716;
1253,27;38,21352767944336;1724,461181640625;1716;
1253,271;38,14117431640625;1732,3084716796875;1716;
1253,272;38,47764587402344;1726,4228515625;1716;
1253,273;38,23117446899414;1710,728271484375;1716;
1253,274;38,03705596923828;1716,61376953125;1716;
1253,275;38,216468811035156;1726,4228515625;1716;
1253,276;38,14529037475586;1730,3466796875;1716;
1253,277;38,476470947265625;1720,53759765625;1716;
1253,278;38,22882080078125;1710,728271484375;1716;
1253,279;37,59587860107422;1716,61376953125;1716;
1253,28;38,21588134765625;1724,461181640625;1716;
1253,281;38,14470291137695;1728,3848876953125;1716;
1253,282;38,48235321044922;1714,6519775390625;1716;
1253,283;38,229408264160156;1712,68994140625;1716;
1253,284;37,593528747558594;1718,5755615234375;1716;
1253,285;38,211761474609375;1726,4228515625;1716;
1253,286;38,14352798461914;1728,3848876953125;1716;
1253,287;38,47999954223633;1712,68994140625;1716;
1253,288;38,230587005615234;1712,68994140625;1716;
1253,289;37,59293746948242;1720,53759765625;1716;
1253,29;38,21294021606445;1728,3848876953125;1716;
1253,291;38,139408111572266;1726,4228515625;1716;
1253,292;38,4152946472168;1714,6519775390625;1716;
1253,293;38,16411590576172;1710,728271484375;1716;
1253,294;37,97117614746094;1722,499267578125;1716;
1253,295;38,149410247802734;1730,3466796875;1716;
1253,296;38,077056884765625;1726,4228515625;1716;
1253,297;38,412353515625;1712,68994140625;1716;
1253,298;38,16411590576172;1708,766357421875;1716;
1253,299;37,97117614746094;1720,53759765625;1716;
1253,3;38,14882278442383;1732,3084716796875;1716;
1253,301;38,07764434814453;1728,3848876953125;1716;
1253,302;38,41353225708008;1710,728271484375;1716;
1253,303;38,16646957397461;1706,8046875;1716;
1253,304;37,97235107421875;1722,499267578125;1716;
1253,305;38,14882278442383;1732,3084716796875;1716;
1253,306;38,07999801635742;1730,3466796875;1716;
1253,307;38,412940979003906;1712,68994140625;1716;
1253,308;38,16646957397461;1708,766357421875;1716;
1253,309;37,97235107421875;1720,53759765625;1716;
1253,31;38,14882278442383;1732,3084716796875;1716;
1253,311;37,53117752075195;1720,53759765625;1716;
1253,312;38,412940979003906;1712,68994140625;1716;
1253,313;38,167057037353516;1708,766357421875;1716;
1253,314;37,97235107421875;1722,499267578125;1716;
1253,315;38,14882278442383;1728,3848876953125;1716;
1253,316;37,53117752075195;1728,3848876953125;1716;
1253,317;38,41353225708008;1716,61376953125;1716;
1253,318;38,167057037353516;1712,68994140625;1716;
1253,319;37,97235107421875;1722,499267578125;1716;
1253,32;38,14882278442383;1728,3848876953125;1716;
1253,321;37,53117752075195;1724,461181640625;1716;
1253,322;38,41353225708008;1716,61376953125;1716;
1253,323;38,07823181152344;1720,53759765625;1716;
1253,324;37,97235107421875;1722,499267578125;1716;
1253,325;38,14882278442383;1726,4228515625;1716;
1253,326;37,53117752075195;1722,499267578125;1716;
1253,327;38,41353225708008;1716,61376953125;1716;
1253,328;38,07823181152344;1718,5755615234375;1716;
1253,329;37,97235107421875;1724,461181640625;1716;
1253,33;38,14882278442383;1726,4228515625;1716;
1253,331;37,53117752075195;1712,68994140625;1716;
1253,332;38,41353225708008;1714,6519775390625;1716;
1253,333;38,16646957397461;1720,53759765625;1716;
1253,334;37,971763610839844;1726,4228515625;1716;
1253,335;38,14882278442383;1724,461181640625;1716;
1253,336;37,53117752075195;1716,61376953125;1716;
1253,337;38,41353225708008;1716,61376953125;1716;
1253,338;38,07764434814453;1720,53759765625;1716;
1253,339;37,971763610839844;1730,3466796875;1716;
1253,34;38,14882278442383;1728,3848876953125;1716;
1253,341;37,53117752075195;1712,68994140625;1716;
1253,342;38,41353225708008;1714,6519775390625;1716;
1253,343;38,078819274902344;1722,499267578125;1716;
1253,344;37,97235107421875;1730,3466796875;1716;
1253,345;38,14882278442383;1726,4228515625;1716;
1253,346;37,53117752075195;1712,68994140625;1716;
1253,347;38,41353225708008;1712,68994140625;1716;
1253,348;38,07764434814453;1720,53759765625;1716;
1253,349;37,974117279052734;1732,3084716796875;1716;
1253,35;38,14882278442383;1728,3848876953125;1716;
1253,351;37,53117752075195;1712,68994140625;1716;
1253,352;38,41353225708008;1714,6519775390625;1716;
1253,353;38,07764434814453;1722,499267578125;1716;
1253,354;37,971763610839844;1730,3466796875;1716;
1253,355;38,16646957397461;1726,4228515625;1716;
1253,356;37,53117752075195;1712,68994140625;1716;
1253,357;38,41353225708008;1716,61376953125;1716;
1253,358;38,07764434814453;1722,499267578125;1716;
1253,359;37,97235107421875;1728,3848876953125;1716;
1253,36;38,16646957397461;1724,461181640625;1716;
1253,361;37,53117752075195;1716,61376953125;1716;
1253,362;38,41353225708008;1716,61376953125;1716;
1253,363;38,07764434814453;1722,499267578125;1716;
1253,364;37,971763610839844;1728,3848876953125;1716;
1253,365;38,16646957397461;1716,61376953125;1716;
1253,366;37,53117752075195;1714,6519775390625;1716;
1253,367;38,41353225708008;1716,61376953125;1716;
1253,368;38,07764434814453;1722,499267578125;1716;
1253,369;37,971763610839844;1726,4228515625;1716;
1253,37;38,16646957397461;1716,61376953125;1716;
1253,371;37,53117752075195;1714,6519775390625;1716;
1253,372;38,41353225708008;1722,499267578125;1716;
1253,373;38,07764434814453;1732,3084716796875;1716;
1253,374;37,971763610839844;1724,461181640625;1716;
1253,375;38,16646957397461;1714,6519775390625;1716;
1253,376;37,53117752075195;1714,6519775390625;1716;
1253,377;38,14882278442383;1726,4228515625;1716;
1253,378;38,07999801635742;1728,3848876953125;1716;
1253,379;37,971763610839844;1726,4228515625;1716;
1253,38;38,16646957397461;1712,68994140625;1716;
1253,381;37,53117752075195;1714,6519775390625;1716;
1253,382;38,14882278442383;1726,4228515625;1716;
1253,383;38,07999801635742;1732,3084716796875;1716;
1253,384;37,971763610839844;1724,461181640625;1716;
1253,385;38,16646957397461;1708,766357421875;1716;
1253,386;37,53117752075195;1710,728271484375;1716;
1253,387;38,14882278442383;1724,461181640625;1716;
1253,388;38,07823181152344;1732,3084716796875;1716;
1253,389;37,971763610839844;1726,4228515625;1716;
1253,39;38,16646957397461;1712,68994140625;1716;
1253,391;37,53117752075195;1710,728271484375;1716;
1253,392;38,14882278442383;1722,499267578125;1716;
1253,393;38,07823181152344;1732,3084716796875;1716;
1253,394;38,412940979003906;1724,461181640625;1716;
1253,395;38,16646957397461;1708,766357421875;1716;
1253,396;37,53117752075195;1712,68994140625;1716;
1253,397;38,14882278442383;1726,4228515625;1716;
1253,398;38,07823181152344;1730,3466796875;1716;
1253,399;38,412940979003906;1724,461181640625;1716;
1253,4;38,16646957397461;1712,68994140625;1716;
1253,401;37,53117752075195;1712,68994140625;1716;
1253,402;38,14882278442383;1722,499267578125;1716;
1253,403;38,07823181152344;1730,3466796875;1716;
1253,404;38,412940979003906;1724,461181640625;1716;
1253,405;38,16646957397461;1712,68994140625;1716;
1253,406;37,53117752075195;1720,53759765625;1716;
1253,407;38,14882278442383;1724,461181640625;1716;
1253,408;38,07823181152344;1728,3848876953125;1716;
1253,409;38,412940979003906;1720,53759765625;1716;
1253,41;38,16646957397461;1712,68994140625;1716;
1253,411;37,53117752075195;1718,5755615234375;1716;
1253,412;38,15058898925781;1726,4228515625;1716;
1253,413;38,07999801635742;1728,3848876953125;1716;
1253,414;38,41411590576172;1712,68994140625;1716;
1253,415;38,16646957397461;1712,68994140625;1716;
1253,416;37,53117752075195;1722,499267578125;1716;
1253,417;38,14882278442383;1728,3848876953125;1716;
1253,418;38,07823181152344;1728,3848876953125;1716;
1253,419;38,412940979003906;1714,6519775390625;1716;
1253,42;38,167057037353516;1710,728271484375;1716;
1253,421;37,971763610839844;1720,53759765625;1716;
1253,422;38,148231506347656;1732,3084716796875;1716;
1253,423;38,08058547973633;1728,3848876953125;1716;
1253,424;38,41706085205078;1712,68994140625;1716;
1253,425;38,079410552978516;1710,728271484375;1716;
1253,426;37,885292053222656;1724,461181640625;1716;
1253,427;38,05882263183594;1730,3466796875;1716;
1253,428;37,98823547363281;1726,4228515625;1716;
1253,429;38,32353210449219;1710,728271484375;1716;
1253,43;38,07646942138672;1708,766357421875;1716;
1253,431;37,88235092163086;1722,499267578125;1716;
1253,432;38,05882263183594;1732,3084716796875;1716;
1253,433;37,98823547363281;1732,3084716796875;1716;
1253,434;38,32353210449219;1712,68994140625;1716;
1253,435;38,07646942138672;1710,728271484375;1716;
1253,436;37,88235092163086;1724,461181640625;1716;
1253,437;38,05882263183594;1730,3466796875;1716;
1253,438;37,44117736816406;1726,4228515625;1716;
1253,439;38,32353210449219;1714,6519775390625;1716;
1253,44;38,07646942138672;1708,766357421875;1716;
1253,441;37,88235092163086;1722,499267578125;1716;
1253,442;38,05882263183594;1728,3848876953125;1716;
1253,443;37,44117736816406;1728,3848876953125;1716;
1253,444;38,32353210449219;1716,61376953125;1716;
1253,445;38,07646942138672;1710,728271484375;1716;
1253,446;37,88235092163086;1724,461181640625;1716;
1253,447;38,05882263183594;1728,3848876953125;1716;
1253,448;37,44117736816406;1726,4228515625;1716;
1253,449;38,32353210449219;1716,61376953125;1716;
1253,45;37,98823547363281;1718,5755615234375;1716;
1253,451;37,88235092163086;1724,461181640625;1716;
1253,452;38,05882263183594;1728,3848876953125;1716;
1253,453;37,44117736816406;1720,53759765625;1716;
1253,454;38,32353210449219;1716,61376953125;1716;
1253,455;37,98823547363281;1716,61376953125;1716;
1253,456;37,88235092163086;1728,3848876953125;1716;
1253,457;38,05882263183594;1726,4228515625;1716;
1253,458;37,44117736816406;1718,5755615234375;1716;
1253,459;38,32353210449219;1714,6519775390625;1716;
1253,46;37,99058532714844;1718,5755615234375;1716;
1253,461;37,88235092163086;1728,3848876953125;1716;
1253,462;38,05882263183594;1726,4228515625;1716;
1253,463;37,44117736816406;1710,728271484375;1716;
1253,464;38,32353210449219;1716,61376953125;1716;
1253,465;38,05117416381836;1720,53759765625;1716;
1253,466;37,94764709472656;1728,3848876953125;1716;
1253,467;38,12294006347656;1726,4228515625;1716;
1253,468;37,51411819458008;1712,68994140625;1716;
1253,469;38,30470275878906;1712,68994140625;1716;
1253,47;38,06940841674805;1720,53759765625;1716;
1253,471;37,966468811035156;1730,3466796875;1716;
1253,472;38,142940521240234;1728,3848876953125;1716;
1253,473;37,5223503112793;1712,68994140625;1716;
1253,474;38,410587310791016;1714,6519775390625;1716;
1253,475;38,072349548339844;1720,53759765625;1716;
1253,476;37,96940994262695;1730,3466796875;1716;
1253,477;38,162349700927734;1726,4228515625;1716;
1253,478;37,523529052734375;1712,68994140625;1716;
1253,479;38,40058898925781;1712,68994140625;1716;
1253,48;38,06352615356445;1722,499267578125;1716;
1253,481;37,95470428466797;1732,3084716796875;1716;
1253,482;38,13705825805664;1726,4228515625;1716;
1253,483;37,50470733642578;1712,68994140625;1716;
1253,484;38,38999938964844;1718,5755615234375;1716;
1253,485;38,05529022216797;1720,53759765625;1716;
1253,486;37,94940948486328;1728,3848876953125;1716;
1253,487;38,140586853027344;1724,461181640625;1716;
1253,488;37,50293731689453;1714,6519775390625;1716;
1253,489;38,47294235229492;1714,6519775390625;1716;
1253,49;38,12940979003906;1722,499267578125;1716;
1253,491;38,04705810546875;1728,3848876953125;1716;
1253,492;38,228233337402344;1714,6519775390625;1716;
1253,493;37,599998474121094;1716,61376953125;1716;
1253,494;38,492942810058594;1718,5755615234375;1716;
1253,495;38,15764617919922;1720,53759765625;1716;
1253,496;38,034114837646484;1724,461181640625;1716;
1253,497;38,22705841064453;1718,5755615234375;1716;
1253,498;37,59646987915039;1714,6519775390625;1716;
1253,499;38,209999084472656;1720,53759765625;1716;
1253,5;38,15176010131836;1730,3466796875;1716;
1253,501;38,04352569580078;1726,4228515625;1716;
1253,502;38,23764419555664;1716,61376953125;1716;
1253,503;37,598236083984375;1716,61376953125;1716;
1253,504;38,209999084472656;1724,461181640625;1716;
1253,505;38,14529037475586;1726,4228515625;1716;
1253,506;38,02470397949219;1724,461181640625;1716;
1253,507;38,22882080078125;1712,68994140625;1716;
1253,508;37,6099967956543;1710,728271484375;1716;
1253,509;38,2470588684082;1726,4228515625;1716;
1253,51;38,1782341003418;1732,3084716796875;1716;
1253,511;38,074703216552734;1726,4228515625;1716;
1253,512;38,26176071166992;1710,728271484375;1716;
1253,513;37,65058517456055;1710,728271484375;1716;
1253,514;38,2535285949707;1724,461181640625;1716;
1253,515;38,179996490478516;1734,2705078125;1716;
1253,516;38,51353073120117;1726,4228515625;1716;
1253,517;38,26411819458008;1712,68994140625;1716;
1253,518;37,621177673339844;1712,68994140625;1716;
1253,519;38,237056732177734;1726,4228515625;1716;
1253,52;38,16117477416992;1730,3466796875;1716;
1253,521;38,4905891418457;1724,461181640625;1716;
1253,522;38,23764419555664;1710,728271484375;1716;
1253,523;37,60176467895508;1710,728271484375;1716;
1253,524;38,21706008911133;1722,499267578125;1716;
1253,525;38,13882064819336;1732,3084716796875;1716;
1253,526;38,47941207885742;1722,499267578125;1716;
1253,527;38,22587966918945;1710,728271484375;1716;
1253,528;37,5976448059082;1710,728271484375;1716;
1253,529;38,20882034301758;1726,4228515625;1716;
1253,53;38,14117431640625;1728,3848876953125;1716;
1253,531;38,47764587402344;1722,499267578125;1716;
1253,532;38,23529052734375;1712,68994140625;1716;
1253,533;37,59470748901367;1714,6519775390625;1716;
1253,534;38,21235275268555;1726,4228515625;1716;
1253,535;38,13999557495117;1730,3466796875;1716;
1253,536;38,478824615478516;1720,53759765625;1716;
1253,537;38,22587966918945;1712,68994140625;1716;
1253,538;38,041175842285156;1722,499267578125;1716;
1253,539;38,20705795288086;1726,4228515625;1716;
1253,54;38,167057037353516;1726,4228515625;1716;
1253,541;38,478824615478516;1718,5755615234375;1716;
1253,542;38,235877990722656;1710,728271484375;1716;
1253,543;38,0294075012207;1718,5755615234375;1716;
1253,544;38,21294021606445;1728,3848876953125;1716;
1253,545;38,139408111572266;1728,3848876953125;1716;
1253,546;38,47588348388672;1710,728271484375;1716;
1253,547;38,230587005615234;1712,68994140625;1716;
1253,548;38,03764724731445;1722,499267578125;1716;
1253,549;38,21235275268555;1728,3848876953125;1716;
1253,55;37,5911750793457;1728,3848876953125;1716;
1253,551;38,478824615478516;1712,68994140625;1716;
1253,552;38,228233337402344;1708,766357421875;1716;
1253,553;38,034706115722656;1722,499267578125;1716;
1253,554;38,21294021606445;1732,3084716796875;1716;
1253,555;38,14352798461914;1732,3084716796875;1716;
1253,556;38,478824615478516;1710,728271484375;1716;
1253,557;38,23529052734375;1708,766357421875;1716;
1253,558;38,0352897644043;1724,461181640625;1716;
1253,559;38,211761474609375;1730,3466796875;1716;
1253,56;37,59529113769531;1728,3848876953125;1716;
1253,561;38,47941207885742;1712,68994140625;1716;
1253,562;38,23234939575195;1710,728271484375;1716;
1253,563;38,03705596923828;1722,499267578125;1716;
1253,564;38,217647552490234;1730,3466796875;1716;
1253,565;38,13999557495117;1730,3466796875;1716;
1253,566;38,47705841064453;1712,68994140625;1716;
1253,567;38,23176193237305;1710,728271484375;1716;
1253,568;38,03588104248047;1722,499267578125;1716;
1253,569;38,21529006958008;1730,3466796875;1716;
1253,57;37,59646987915039;1728,3848876953125;1716;
1253,571;38,480587005615234;1716,61376953125;1716;
1253,572;38,229408264160156;1714,6519775390625;1716;
1253,573;38,03940963745117;1722,499267578125;1716;
1253,574;38,21117401123047;1726,4228515625;1716;
1253,575;37,58293914794922;1726,4228515625;1716;
1253,576;38,41353225708008;1718,5755615234375;1716;
1253,577;38,16411590576172;1718,5755615234375;1716;
1253,578;37,97117614746094;1724,461181640625;1716;
1253,579;38,147647857666016;1728,3848876953125;1716;
1253,58;37,54823303222656;1718,5755615234375;1716;
1253,581;38,412940979003906;1714,6519775390625;1716;
1253,582;38,078819274902344;1714,6519775390625;1716;
1253,583;37,96999740600586;1726,4228515625;1716;
1253,584;38,147647857666016;1726,4228515625;1716;
1253,585;37,53176498413086;1718,5755615234375;1716;
1253,586;38,41353225708008;1718,5755615234375;1716;
1253,587;38,07823181152344;1720,53759765625;1716;
1253,588;37,974117279052734;1730,3466796875;1716;
1253,589;38,148231506347656;1724,461181640625;1716;
1253,59;37,529998779296875;1712,68994140625;1716;
1253,591;38,41353225708008;1714,6519775390625;1716;
1253,592;38,07823181152344;1720,53759765625;1716;
1253,593;37,974117279052734;1730,3466796875;1716;
1253,594;38,149410247802734;1726,4228515625;1716;
1253,595;37,529998779296875;1710,728271484375;1716;
1253,596;38,41353225708008;1714,6519775390625;1716;
1253,597;38,07823181152344;1720,53759765625;1716;
1253,598;37,974117279052734;1730,3466796875;1716;
1253,599;38,148231506347656;1724,461181640625;1716;
1253,6;37,529998779296875;1714,6519775390625;1716;
1253,601;38,41353225708008;1712,68994140625;1716;
1253,602;38,07823181152344;1722,499267578125;1716;
1253,603;37,97235107421875;1730,3466796875;1716;
1253,604;38,16587829589844;1726,4228515625;1716;
1253,605;37,549407958984375;1714,6519775390625;1716;
1253,606;38,41353225708008;1714,6519775390625;1716;
1253,607;38,07823181152344;1720,53759765625;1716;
1253,608;37,991764068603516;1730,3466796875;1716;
1253,609;38,16587829589844;1724,461181640625;1716;
1253,61;37,53176498413086;1714,6519775390625;1716;
1253,611;38,41353225708008;1712,68994140625;1716;
1253,612;38,07823181152344;1722,499267578125;1716;
1253,613;37,974117279052734;1728,3848876953125;1716;
1253,614;38,16587829589844;1720,53759765625;1716;
1253,615;37,53176498413086;1714,6519775390625;1716;
1253,616;38,41353225708008;1720,53759765625;1716;
1253,617;38,07823181152344;1722,499267578125;1716;
1253,618;37,974117279052734;1724,461181640625;1716;
1253,619;38,16587829589844;1724,461181640625;1716;
1253,62;37,53176498413086;1714,6519775390625;1716;
1253,621;38,41353225708008;1722,499267578125;1716;
1253,622;38,07823181152344;1722,499267578125;1716;
1253,623;37,974117279052734;1726,4228515625;1716;
1253,624;38,16587829589844;1720,53759765625;1716;
1253,625;37,53176498413086;1714,6519775390625;1716;
1253,626;38,14882278442383;1720,53759765625;1716;
1253,627;38,077056884765625;1722,499267578125;1716;
1253,628;37,974117279052734;1724,461181640625;1716;
1253,629;38,16587829589844;1710,728271484375;1716;
1253,63;37,53293991088867;1712,68994140625;1716;
1253,631;38,14882278442383;1724,461181640625;1716;
1253,632;38,077056884765625;1726,4228515625;1716;
1253,633;37,974117279052734;1724,461181640625;1716;
1253,634;38,16587829589844;1710,728271484375;1716;
1253,635;37,53293991088867;1714,6519775390625;1716;
1253,636;38,14882278442383;1726,4228515625;1716;
1253,637;38,077056884765625;1732,3084716796875;1716;
1253,638;37,974117279052734;1726,4228515625;1716;
1253,639;38,16587829589844;1708,766357421875;1716;
1253,64;37,53176498413086;1710,728271484375;1716;
1253,641;38,14882278442383;1724,461181640625;1716;
1253,642;38,077056884765625;1732,3084716796875;1716;
1253,643;37,974117279052734;1726,4228515625;1716;
1253,644;38,16587829589844;1710,728271484375;1716;
1253,645;37,53176498413086;1712,68994140625;1716;
1253,646;38,14882278442383;1724,461181640625;1716;
1253,647;38,077056884765625;1732,3084716796875;1716;
1253,648;38,4152946472168;1726,4228515625;1716;
1253,649;38,16529083251953;1710,728271484375;1716;
1253,65;37,53176498413086;1710,728271484375;1716;
1253,651;38,14882278442383;1726,4228515625;1716;
1253,652;38,07823181152344;1732,3084716796875;1716;
1253,653;38,4152946472168;1722,499267578125;1716;
1253,654;38,16646957397461;1712,68994140625;1716;
1253,655;37,53293991088867;1716,61376953125;1716;
1253,656;38,14882278442383;1724,461181640625;1716;
1253,657;38,07823181152344;1728,3848876953125;1716;
1253,658;38,4152946472168;1718,5755615234375;1716;
1253,659;38,16646957397461;1712,68994140625;1716;
1253,66;37,53176498413086;1712,68994140625;1716;
1253,661;38,14882278442383;1726,4228515625;1716;
1253,662;38,07823181152344;1728,3848876953125;1716;
1253,663;38,4152946472168;1716,61376953125;1716;
1253,664;38,16646957397461;1712,68994140625;1716;
1253,665;37,53176498413086;1720,53759765625;1716;
1253,666;38,147647857666016;1732,3084716796875;1716;
1253,667;38,077056884765625;1728,3848876953125;1716;
1253,668;38,4152946472168;1712,68994140625;1716;
1253,669;38,16646957397461;1714,6519775390625;1716;
1253,67;37,972938537597656;1722,499267578125;1716;
1253,671;38,149410247802734;1730,3466796875;1716;
1253,672;38,077056884765625;1726,4228515625;1716;
1253,673;38,4152946472168;1716,61376953125;1716;
1253,674;38,16646957397461;1708,766357421875;1716;
1253,675;37,972938537597656;1722,499267578125;1716;
1253,676;38,148231506347656;1732,3084716796875;1716;
1253,677;38,077056884765625;1728,3848876953125;1716;
1253,678;38,4152946472168;1710,728271484375;1716;
1253,679;38,16646957397461;1708,766357421875;1716;
1253,68;37,972938537597656;1724,461181640625;1716;
1253,681;38,149410247802734;1730,3466796875;1716;
1253,682;37,529998779296875;1724,461181640625;1716;
1253,683;38,4152946472168;1712,68994140625;1716;
1253,684;38,16529083251953;1708,766357421875;1716;
1253,685;37,972938537597656;1722,499267578125;1716;
1253,686;38,149410247802734;1732,3084716796875;1716;
1253,687;38,077056884765625;1730,3466796875;1716;
1253,688;38,41353225708008;1714,6519775390625;1716;
1253,689;38,16646957397461;1708,766357421875;1716;
1253,69;37,972938537597656;1722,499267578125;1716;
1253,691;38,148231506347656;1730,3466796875;1716;
1253,692;37,529998779296875;1728,3848876953125;1716;
1253,693;38,41353225708008;1716,61376953125;1716;
1253,694;38,16646957397461;1710,728271484375;1716;
1253,695;37,97235107421875;1722,499267578125;1716;
1253,696;38,149410247802734;1728,3848876953125;1716;
1253,697;37,53058624267578;1724,461181640625;1716;
1253,698;38,41411590576172;1718,5755615234375;1716;
1253,699;38,07764434814453;1720,53759765625;1716;
1253,7;37,974117279052734;1722,499267578125;1716;
1253,701;38,14882278442383;1726,4228515625;1716;
1253,702;37,53058624267578;1722,499267578125;1716;
1253,703;38,41353225708008;1716,61376953125;1716;
1253,704;38,167057037353516;1714,6519775390625;1716;
1253,705;37,96940994262695;1726,4228515625;1716;
1253,706;38,14882278442383;1726,4228515625;1716;
1253,707;37,528236389160156;1712,68994140625;1716;
1253,708;38,410587310791016;1716,61376953125;1716;
1253,709;38,079410552978516;1718,5755615234375;1716;
1253,71;37,88764572143555;1724,461181640625;1716;
1253,711;38,05882263183594;1726,4228515625;1716;
1253,712;37,44117736816406;1716,61376953125;1716;
1253,713;38,32588195800781;1716,61376953125;1716;
1253,714;37,98823547363281;1720,53759765625;1716;
1253,715;37,88235092163086;1732,3084716796875;1716;
1253,716;38,05882263183594;1726,4228515625;1716;
1253,717;37,44117736816406;1712,68994140625;1716;
1253,718;38,32353210449219;1714,6519775390625;1716;
1253,719;37,98823547363281;1720,53759765625;1716;
1253,72;37,88235092163086;1732,3084716796875;1716;
1253,721;38,05882263183594;1726,4228515625;1716;
1253,722;37,44117736816406;1712,68994140625;1716;
1253,723;38,05882263183594;1724,461181640625;1716;
1253,724;37,98823547363281;1720,53759765625;1716;
1253,725;37,88235092163086;1732,3084716796875;1716;
1253,726;38,05882263183594;1726,4228515625;1716;
1253,727;37,44117736816406;1712,68994140625;1716;
1253,728;38,32353210449219;1718,5755615234375;1716;
1253,729;37,98823547363281;1720,53759765625;1716;
1253,73;37,88235092163086;1732,3084716796875;1716;
1253,731;38,07646942138672;1726,4228515625;1716;
1253,732;37,44117736816406;1714,6519775390625;1716;
1253,733;38,32353210449219;1712,68994140625;1716;
1253,734;37,98823547363281;1722,499267578125;1716;
1253,735;37,88235092163086;1730,3466796875;1716;
1253,736;38,07646942138672;1724,461181640625;1716;
1253,737;37,44117736816406;1714,6519775390625;1716;
1253,738;38,32353210449219;1714,6519775390625;1716;
1253,739;37,98823547363281;1720,53759765625;1716;
1253,74;37,88235092163086;1728,3848876953125;1716;
1253,741;38,07646942138672;1722,499267578125;1716;
1253,742;37,44117736816406;1714,6519775390625;1716;
1253,743;38,32353210449219;1716,61376953125;1716;
1253,744;37,99058532714844;1726,4228515625;1716;
1253,745;37,88235092163086;1726,4228515625;1716;
1253,746;38,07646942138672;1718,5755615234375;1716;
1253,747;37,44117736816406;1716,61376953125;1716;
1253,748;37,085880279541016;1722,499267578125;1716;
1253,749;38,04823303222656;1732,3084716796875;1716;
1253,75;37,93940734863281;1724,461181640625;1716;
1253,751;38,14293670654297;1714,6519775390625;1716;
1253,752;37,51176452636719;1714,6519775390625;1716;
1253,753;38,13705825805664;1724,461181640625;1716;
1253,754;38,072349548339844;1728,3848876953125;1716;
1253,755;37,96940994262695;1724,461181640625;1716;
1253,756;38,15764617919922;1714,6519775390625;1716;
1253,757;37,52176284790039;1712,68994140625;1716;
1253,758;38,14588165283203;1724,461181640625;1716;
1253,759;38,07529067993164;1732,3084716796875;1716;
1253,76;37,96705627441406;1726,4228515625;1716;
1253,761;38,160587310791016;1710,728271484375;1716;
1253,762;37,521175384521484;1712,68994140625;1716;
1253,763;38,134117126464844;1724,461181640625;1716;
1253,764;38,06175994873047;1730,3466796875;1716;
1253,765;37,94999694824219;1726,4228515625;1716;
1253,766;38,13999938964844;1710,728271484375;1716;
1253,767;37,5064697265625;1712,68994140625;1716;
1253,768;38,122352600097656;1724,461181640625;1716;
1253,769;38,05234909057617;1732,3084716796875;1716;
1253,77;38,38764572143555;1724,461181640625;1716;
1253,771;38,13999938964844;1708,766357421875;1716;
1253,772;37,50176239013672;1710,728271484375;1716;
1253,773;38,205291748046875;1724,461181640625;1716;
1253,774;38,126468658447266;1730,3466796875;1716;
1253,775;38,47764587402344;1726,4228515625;1716;
1253,776;38,23764419555664;1712,68994140625;1716;
1253,777;37,598236083984375;1712,68994140625;1716;
1253,778;38,226470947265625;1724,461181640625;1716;
1253,779;38,14411544799805;1730,3466796875;1716;
1253,78;38,472354888916016;1724,461181640625;1716;
1253,781;38,22999954223633;1712,68994140625;1716;
1253,782;37,59529113769531;1712,68994140625;1716;
1253,783;38,21706008911133;1722,499267578125;1716;
1253,784;38,14940643310547;1728,3848876953125;1716;
1253,785;38,47705841064453;1722,499267578125;1716;
1253,786;38,24058532714844;1714,6519775390625;1716;
1253,787;37,60293960571289;1718,5755615234375;1716;
1253,788;38,21588134765625;1726,4228515625;1716;
1253,789;38,13352584838867;1728,3848876953125;1716;
1253,79;38,47588348388672;1712,68994140625;1716;
1253,791;38,239410400390625;1712,68994140625;1716;
1253,792;37,621177673339844;1720,53759765625;1716;
1253,793;38,24764633178711;1724,461181640625;1716;
1253,794;38,182350158691406;1726,4228515625;1716;
1253,795;38,51176452636719;1716,61376953125;1716;
1253,796;38,271175384521484;1712,68994140625;1716;
1253,797;38,079410552978516;1722,499267578125;1716;
1253,798;38,252349853515625;1730,3466796875;1716;
1253,799;38,17705535888672;1730,3466796875;1716;
1253,8;38,5094108581543;1710,728271484375;1716;
1253,801;38,25411605834961;1708,766357421875;1716;
1253,802;38,06175994873047;1724,461181640625;1716;
1253,803;38,22999954223633;1730,3466796875;1716;
1253,804;38,15764617919922;1726,4228515625;1716;
1253,805;38,48588180541992;1712,68994140625;1716;
1253,806;38,23234939575195;1708,766357421875;1716;
1253,807;38,04235076904297;1724,461181640625;1716;
1253,808;38,21352767944336;1732,3084716796875;1716;
1253,809;38,141761779785156;1730,3466796875;1716;
1253,81;38,478824615478516;1710,728271484375;1716;
1253,811;38,228233337402344;1708,766357421875;1716;
1253,812;38,03705596923828;1722,499267578125;1716;
1253,813;38,20882034301758;1732,3084716796875;1716;
1253,814;38,14234924316406;1728,3848876953125;1716;
1253,815;38,47764587402344;1716,61376953125;1716;
1253,816;38,234703063964844;1708,766357421875;1716;
1253,817;38,03764724731445;1724,461181640625;1716;
1253,818;38,21235275268555;1730,3466796875;1716;
1253,819;37,5941162109375;1722,499267578125;1716;
1253,82;38,478233337402344;1716,61376953125;1716;
1253,821;38,230587005615234;1710,728271484375;1716;
1253,822;38,04058837890625;1722,499267578125;1716;
1253,823;38,211761474609375;1726,4228515625;1716;
1253,824;37,59646987915039;1726,4228515625;1716;
1253,825;38,47941207885742;1716,61376953125;1716;
1253,826;38,23117446899414;1712,68994140625;1716;
1253,827;38,034706115722656;1726,4228515625;1716;
1253,828;38,21529006958008;1728,3848876953125;1716;
1253,829;37,59176254272461;1722,499267578125;1716;
1253,83;38,48235321044922;1718,5755615234375;1716;
1253,831;38,14352798461914;1720,53759765625;1716;
1253,832;38,03293991088867;1722,499267578125;1716;
1253,833;38,21058654785156;1724,461181640625;1716;
1253,834;37,59529113769531;1720,53759765625;1716;
1253,835;38,478233337402344;1714,6519775390625;1716;
1253,836;38,235877990722656;1718,5755615234375;1716;
1253,837;38,0352897644043;1726,4228515625;1716;
1253,838;38,21117401123047;1726,4228515625;1716;
1253,839;37,59529113769531;1712,68994140625;1716;
1253,84;38,47705841064453;1714,6519775390625;1716;
1253,841;38,14411544799805;1720,53759765625;1716;
1253,842;38,036468505859375;1730,3466796875;1716;
1253,843;38,216468811035156;1726,4228515625;1716;
1253,844;37,5941162109375;1712,68994140625;1716;
1253,845;38,47588348388672;1714,6519775390625;1716;
1253,846;38,14293670654297;1720,53759765625;1716;
1253,847;38,03588104248047;1732,3084716796875;1716;
1253,848;38,23117446899414;1724,461181640625;1716;
1253,849;37,59529113769531;1712,68994140625;1716;
1253,85;38,48235321044922;1712,68994140625;1716;
1253,851;38,140586853027344;1720,53759765625;1716;
1253,852;38,03588104248047;1732,3084716796875;1716;
1253,853;38,23529052734375;1726,4228515625;1716;
1253,854;37,5294075012207;1710,728271484375;1716;
1253,855;38,485294342041016;1714,6519775390625;1716;
1253,856;38,14646911621094;1722,499267578125;1716;
1253,857;38,036468505859375;1730,3466796875;1716;
1253,858;38,202938079833984;1726,4228515625;1716;
1253,859;37,53293991088867;1712,68994140625;1716;
1253,86;38,412353515625;1718,5755615234375;1716;
1253,861;38,077056884765625;1720,53759765625;1716;
1253,862;37,971763610839844;1730,3466796875;1716;
1253,863;38,16529083251953;1726,4228515625;1716;
1253,864;37,529998779296875;1714,6519775390625;1716;
1253,865;38,412353515625;1716,61376953125;1716;
1253,866;38,077056884765625;1722,499267578125;1716;
1253,867;37,97235107421875;1728,3848876953125;1716;
1253,868;38,16646957397461;1716,61376953125;1716;
1253,869;37,53176498413086;1714,6519775390625;1716;
1253,87;38,41353225708008;1718,5755615234375;1716;
1253,871;38,07764434814453;1722,499267578125;1716;
1253,872;37,971763610839844;1726,4228515625;1716;
1253,873;38,16646957397461;1712,68994140625;1716;
1253,874;37,53117752075195;1714,6519775390625;1716;
1253,875;38,14882278442383;1720,53759765625;1716;
1253,876;38,07999801635742;1724,461181640625;1716;
1253,877;37,971763610839844;1726,4228515625;1716;
1253,878;38,16646957397461;1716,61376953125;1716;
1253,879;37,53117752075195;1712,68994140625;1716;
1253,88;38,41353225708008;1722,499267578125;1716;
1253,881;38,07823181152344;1734,2705078125;1716;
1253,882;37,97235107421875;1726,4228515625;1716;
1253,883;38,16646957397461;1712,68994140625;1716;
1253,884;37,53117752075195;1714,6519775390625;1716;
1253,885;38,14882278442383;1724,461181640625;1716;
1253,886;38,07823181152344;1728,3848876953125;1716;
1253,887;37,971763610839844;1724,461181640625;1716;
1253,888;38,16646957397461;1710,728271484375;1716;
1253,889;37,53117752075195;1712,68994140625;1716;
1253,89;38,14882278442383;1722,499267578125;1716;
1253,891;38,07823181152344;1734,2705078125;1716;
1253,892;37,971763610839844;1728,3848876953125;1716;
1253,893;38,16646957397461;1708,766357421875;1716;
1253,894;37,53117752075195;1712,68994140625;1716;
1253,895;38,14882278442383;1726,4228515625;1716;
1253,896;38,07823181152344;1730,3466796875;1716;
1253,897;37,971763610839844;1726,4228515625;1716;
1253,898;38,16646957397461;1712,68994140625;1716;
1253,899;37,53117752075195;1710,728271484375;1716;
1253,9;38,14882278442383;1724,461181640625;1716;
1253,901;38,07823181152344;1732,3084716796875;1716;
1253,902;38,41353225708008;1722,499267578125;1716;
1253,903;38,16646957397461;1710,728271484375;1716;
1253,904;37,53117752075195;1712,68994140625;1716;
1253,905;38,14882278442383;1724,461181640625;1716;
1253,906;38,07823181152344;1728,3848876953125;1716;
1253,907;38,41353225708008;1724,461181640625;1716;
1253,908;38,16646957397461;1712,68994140625;1716;
1253,909;37,53117752075195;1712,68994140625;1716;
1253,91;38,14882278442383;1730,3466796875;1716;
1253,911;38,07823181152344;1730,3466796875;1716;
1253,912;38,412940979003906;1720,53759765625;1716;
1253,913;38,16646957397461;1714,6519775390625;1716;
1253,914;37,53117752075195;1722,499267578125;1716;
1253,915;38,14882278442383;1724,461181640625;1716;
1253,916;38,07823181152344;1726,4228515625;1716;
1253,917;38,412940979003906;1718,5755615234375;1716;
1253,918;38,16646957397461;1710,728271484375;1716;
1253,919;37,53117752075195;1718,5755615234375;1716;
1253,92;38,14882278442383;1728,3848876953125;1716;
1253,921;38,07823181152344;1728,3848876953125;1716;
1253,922;38,412940979003906;1710,728271484375;1716;
1253,923;38,16646957397461;1712,68994140625;1716;
1253,924;37,97235107421875;1722,499267578125;1716;
1253,925;38,14882278442383;1728,3848876953125;1716;
1253,926;38,07823181152344;1728,3848876953125;1716;
1253,927;38,412940979003906;1712,68994140625;1716;
1253,928;38,167057037353516;1708,766357421875;1716;
1253,929;37,97235107421875;1722,499267578125;1716;
1253,93;38,14882278442383;1732,3084716796875;1716;
1253,931;37,53293991088867;1730,3466796875;1716;
1253,932;38,41353225708008;1712,68994140625;1716;
1253,933;38,167057037353516;1710,728271484375;1716;
1253,934;37,97235107421875;1722,499267578125;1716;
1253,935;38,14882278442383;1730,3466796875;1716;
1253,936;38,07823181152344;1728,3848876953125;1716;
1253,937;38,41353225708008;1712,68994140625;1716;
1253,938;38,078819274902344;1706,8046875;1716;
1253,939;37,97235107421875;1722,499267578125;1716;
1253,94;38,14882278442383;1732,3084716796875;1716;
1253,941;38,07823181152344;1728,3848876953125;1716;
1253,942;38,41353225708008;1714,6519775390625;1716;
1253,943;38,167057037353516;1712,68994140625;1716;
1253,944;37,884117126464844;1720,53759765625;1716;
1253,945;38,14882278442383;1730,3466796875;1716;
1253,946;37,53117752075195;1728,3848876953125;1716;
1253,947;38,41353225708008;1712,68994140625;1716;
1253,948;38,16646957397461;1714,6519775390625;1716;
1253,949;37,97235107421875;1722,499267578125;1716;
1253,95;38,14882278442383;1730,3466796875;1716;
1253,951;37,53117752075195;1720,53759765625;1716;
1253,952;38,41353225708008;1716,61376953125;1716;
1253,953;38,16646957397461;1712,68994140625;1716;
1253,954;37,97235107421875;1720,53759765625;1716;
1253,955;38,14882278442383;1726,4228515625;1716;
1253,956;37,53117752075195;1712,68994140625;1716;
1253,957;38,41353225708008;1712,68994140625;1716;
1253,958;38,07823181152344;1720,53759765625;1716;
1253,959;37,971763610839844;1724,461181640625;1716;
1253,96;38,14882278442383;1726,4228515625;1716;
1253,961;37,53117752075195;1712,68994140625;1716;
1253,962;38,41353225708008;1718,5755615234375;1716;
1253,963;38,07764434814453;1718,5755615234375;1716;
1253,964;37,971763610839844;1726,4228515625;1716;
1253,965;38,14882278442383;1724,461181640625;1716;
1253,966;37,53117752075195;1712,68994140625;1716;
1253,967;38,41353225708008;1716,61376953125;1716;
1253,968;38,07764434814453;1720,53759765625;1716;
1253,969;37,971763610839844;1730,3466796875;1716;
1253,97;38,16646957397461;1726,4228515625;1716;
1253,971;37,53117752075195;1712,68994140625;1716;
1253,972;38,41353225708008;1716,61376953125;1716;
1253,973;38,07764434814453;1720,53759765625;1716;
1253,974;37,971763610839844;1732,3084716796875;1716;
1253,975;38,14882278442383;1726,4228515625;1716;
1253,976;37,53117752075195;1710,728271484375;1716;
1253,977;38,41353225708008;1712,68994140625;1716;
1253,978;38,07999801635742;1722,499267578125;1716;
1253,979;37,971763610839844;1730,3466796875;1716;
1253,98;38,16646957397461;1726,4228515625;1716;
1253,981;37,53058624267578;1712,68994140625;1716;
1253,982;38,41353225708008;1716,61376953125;1716;
1253,983;38,07823181152344;1720,53759765625;1716;
1253,984;37,97235107421875;1730,3466796875;1716;
1253,985;38,16646957397461;1728,3848876953125;1716;
1253,986;37,53058624267578;1710,728271484375;1716;
1253,987;38,41353225708008;1712,68994140625;1716;
1253,988;38,07764434814453;1722,499267578125;1716;
1253,989;37,974117279052734;1730,3466796875;1716;
1253,99;38,16352844238281;1716,61376953125;1716;
1253,991;37,52647018432617;1716,61376953125;1716;
1253,992;38,326473236083984;1714,6519775390625;1716;
1253,993;37,99117660522461;1720,53759765625;1716;
1253,994;37,88235092163086;1726,4228515625;1716;
1253,995;38,07646942138672;1716,61376953125;1716;
1253,996;37,44117736816406;1714,6519775390625;1716;
1253,997;38,32353210449219;1716,61376953125;1716;
1253,998;37,98823547363281;1722,499267578125;1716;
1253,999;37,88235092163086;1724,461181640625;1716;
1254;38,07646942138672;1720,53759765625;1716;
1254,001;37,44117736816406;1716,61376953125;1716;
1254,002;38,05882263183594;1718,5755615234375;1716;
1254,003;37,98823547363281;1730,3466796875;1716;
1254,004;37,88235092163086;1726,4228515625;1716;
1254,005;38,07646942138672;1714,6519775390625;1716;
1254,006;37,44117736816406;1716,61376953125;1716;
1254,007;38,05882263183594;1726,4228515625;1716;
1254,008;37,98823547363281;1726,4228515625;1716;
1254,009;37,88235092163086;1724,461181640625;1716;
1254,01;38,07646942138672;1714,6519775390625;1716;
1254,011;37,44117736816406;1710,728271484375;1716;
1254,012;38,05882263183594;1724,461181640625;1716;
1254,013;37,98823547363281;1730,3466796875;1716;
1254,014;37,88235092163086;1726,4228515625;1716;
1254,015;38,07646942138672;1708,766357421875;1716;
1254,016;37,44117736816406;1714,6519775390625;1716;
1254,017;38,05882263183594;1726,4228515625;1716;
1254,018;37,98823547363281;1728,3848876953125;1716;
1254,019;38,32353210449219;1726,4228515625;1716;
1254,02;38,07646942138672;1708,766357421875;1716;
1254,021;37,44117736816406;1710,728271484375;1716;
1254,022;38,05882263183594;1726,4228515625;1716;
1254,023;37,98823547363281;1732,3084716796875;1716;
1254,024;38,32353210449219;1728,3848876953125;1716;
1254,025;38,07646942138672;1708,766357421875;1716;
1254,026;37,44117736816406;1710,728271484375;1716;
1254,027;38,05882263183594;1724,461181640625;1716;
1254,028;37,98823547363281;1730,3466796875;1716;
1254,029;38,32353210449219;1726,4228515625;1716;
1254,03;38,07646942138672;1710,728271484375;1716;
1254,031;36,232940673828125;1712,68994140625;1716;
1254,032;38,121761322021484;1724,461181640625;1716;
1254,033;38,05058670043945;1732,3084716796875;1716;
1254,034;38,392940521240234;1724,461181640625;1716;
1254,035;38,147056579589844;1712,68994140625;1716;
1254,036;37,96352767944336;1718,5755615234375;1716;
1254,037;38,13999938964844;1726,4228515625;1716;
1254,038;38,072349548339844;1730,3466796875;1716;
1254,039;38,40764617919922;1722,499267578125;1716;
1254,04;38,160587310791016;1710,728271484375;1716;
1254,041;37,53117752075195;1714,6519775390625;1716;
1254,042;38,142940521240234;1724,461181640625;1716;
1254,043;38,07823181152344;1728,3848876953125;1716;
1254,044;38,40764617919922;1712,68994140625;1716;
1254,045;38,15882110595703;1714,6519775390625;1716;
1254,046;37,961761474609375;1720,53759765625;1716;
1254,047;38,13117599487305;1728,3848876953125;1716;
1254,048;38,05646896362305;1728,3848876953125;1716;
1254,049;38,38999938964844;1712,68994140625;1716;
1254,05;38,141761779785156;1708,766357421875;1716;
1254,051;37,94588088989258;1722,499267578125;1716;
1254,052;38,122352600097656;1732,3084716796875;1716;
1254,053;38,05234909057617;1728,3848876953125;1716;
1254,054;38,38764572143555;1710,728271484375;1716;
1254,055;38,23176193237305;1708,766357421875;1716;
1254,056;37,94293975830078;1722,499267578125;1716;
1254,057;38,207645416259766;1732,3084716796875;1716;
1254,058;38,139408111572266;1728,3848876953125;1716;
1254,059;38,485294342041016;1712,68994140625;1716;
1254,06;38,239410400390625;1706,8046875;1716;
1254,061;38,04470443725586;1722,499267578125;1716;
1254,062;38,22470474243164;1732,3084716796875;1716;
1254,063;38,14117431640625;1728,3848876953125;1716;
1254,064;38,47352981567383;1714,6519775390625;1716;
1254,065;38,23117446899414;1708,766357421875;1716;
1254,066;38,03293991088867;1720,53759765625;1716;
1254,067;38,21706008911133;1730,3466796875;1716;
1254,068;37,598236083984375;1728,3848876953125;1716;
1254,069;38,48411560058594;1714,6519775390625;1716;
1254,07;38,3476448059082;1710,728271484375;1716;
1254,071;38,04411697387695;1724,461181640625;1716;
1254,072;38,20411682128906;1728,3848876953125;1716;
1254,073;37,5941162109375;1718,5755615234375;1716;
1254,074;38,486473083496094;1718,5755615234375;1716;
1254,075;38,24646759033203;1714,6519775390625;1716;
1254,076;38,06352615356445;1720,53759765625;1716;
1254,077;38,25117492675781;1726,4228515625;1716;
1254,078;37,63352966308594;1728,3848876953125;1716;
1254,079;38,51529312133789;1714,6519775390625;1716;
1254,08;38,276466369628906;1716,61376953125;1716;
1254,081;38,08058547973633;1726,4228515625;1716;
1254,082;38,24529266357422;1726,4228515625;1716;
1254,083;37,62940979003906;1724,461181640625;1716;
1254,084;38,50529479980469;1718,5755615234375;1716;
1254,085;38,164703369140625;1716,61376953125;1716;
1254,086;38,05823516845703;1730,3466796875;1716;
1254,087;38,23117446899414;1726,4228515625;1716;
1254,088;37,60940933227539;1714,6519775390625;1716;
1254,089;38,48176574707031;1716,61376953125;1716;
1254,09;38,14470291137695;1720,53759765625;1716;
1254,091;38,03823471069336;1726,4228515625;1716;
1254,092;38,209999084472656;1724,461181640625;1716;
1254,093;37,5976448059082;1712,68994140625;1716;
1254,094;38,47999954223633;1714,6519775390625;1716;
1254,095;38,14352798461914;1720,53759765625;1716;
1254,096;38,03117752075195;1732,3084716796875;1716;
1254,097;38,21529006958008;1726,4228515625;1716;
1254,098;37,5941162109375;1710,728271484375;1716;
1254,099;38,47941207885742;1714,6519775390625;1716;
1254,1;38,140586853027344;1720,53759765625;1716;
1254,101;38,036468505859375;1730,3466796875;1716;
1254,102;38,230587005615234;1726,4228515625;1716;
1254,103;37,59470748901367;1712,68994140625;1716;
1254,104;38,47588348388672;1714,6519775390625;1716;
1254,105;38,13999557495117;1720,53759765625;1716;
1254,106;38,03352737426758;1730,3466796875;1716;
1254,107;38,23529052734375;1728,3848876953125;1716;
1254,108;37,59470748901367;1710,728271484375;1716;
1254,109;38,47529220581055;1714,6519775390625;1716;
1254,11;38,14352798461914;1722,499267578125;1716;
1254,111;38,03117752075195;1728,3848876953125;1716;
1254,112;38,23117446899414;1724,461181640625;1716;
1254,113;37,5941162109375;1712,68994140625;1716;
1254,114;38,47764587402344;1718,5755615234375;1716;
1254,115;38,14529037475586;1722,499267578125;1716;
1254,116;38,034114837646484;1726,4228515625;1716;
1254,117;38,230587005615234;1720,53759765625;1716;
1254,118;37,59941101074219;1716,61376953125;1716;
1254,119;38,21470260620117;1718,5755615234375;1716;
1254,12;38,14234924316406;1724,461181640625;1716;
1254,121;38,036468505859375;1726,4228515625;1716;
1254,122;38,22999954223633;1718,5755615234375;1716;
1254,123;37,59470748901367;1714,6519775390625;1716;
1254,124;38,478824615478516;1724,461181640625;1716;
1254,125;38,148231506347656;1728,3848876953125;1716;
1254,126;38,0352897644043;1726,4228515625;1716;
1254,127;38,230587005615234;1708,766357421875;1716;
1254,128;37,59470748901367;1714,6519775390625;1716;
1254,129;38,21235275268555;1724,461181640625;1716;
1254,13;38,14411544799805;1724,461181640625;1716;
1254,131;38,036468505859375;1726,4228515625;1716;
1254,132;38,23646926879883;1712,68994140625;1716;
1254,133;37,593528747558594;1714,6519775390625;1716;
1254,134;38,21117401123047;1724,461181640625;1716;
1254,135;38,14352798461914;1732,3084716796875;1716;
1254,136;38,03705596923828;1728,3848876953125;1716;
1254,137;38,23234939575195;1708,766357421875;1716;
1254,138;37,59646987915039;1712,68994140625;1716;
1254,139;38,211761474609375;1726,4228515625;1716;
1254,14;38,14352798461914;1732,3084716796875;1716;
1254,141;38,031761169433594;1726,4228515625;1716;
1254,142;38,16999816894531;1708,766357421875;1716;
1254,143;37,53176498413086;1712,68994140625;1716;
1254,144;38,148231506347656;1724,461181640625;1716;
1254,145;38,07646560668945;1732,3084716796875;1716;
1254,146;37,97117614746094;1726,4228515625;1716;
1254,147;38,16529083251953;1710,728271484375;1716;
1254,148;37,529998779296875;1714,6519775390625;1716;
1254,149;38,14882278442383;1724,461181640625;1716;
1254,15;38,07823181152344;1730,3466796875;1716;
1254,151;38,41353225708008;1724,461181640625;1716;
1254,152;38,16646957397461;1712,68994140625;1716;
1254,153;37,53293991088867;1712,68994140625;1716;
1254,154;38,14882278442383;1726,4228515625;1716;
1254,155;38,07823181152344;1730,3466796875;1716;
1254,156;38,4152946472168;1716,61376953125;1716;
1254,157;38,16646957397461;1714,6519775390625;1716;
1254,158;37,53176498413086;1716,61376953125;1716;
1254,159;38,14882278442383;1724,461181640625;1716;
1254,16;38,077056884765625;1728,3848876953125;1716;
1254,161;38,4152946472168;1718,5755615234375;1716;
1254,162;38,16646957397461;1712,68994140625;1716;
1254,163;37,53176498413086;1718,5755615234375;1716;
1254,164;38,149410247802734;1724,461181640625;1716;
1254,165;37,529998779296875;1730,3466796875;1716;
1254,166;38,4152946472168;1716,61376953125;1716;
1254,167;38,16646957397461;1714,6519775390625;1716;
1254,168;37,53176498413086;1722,499267578125;1716;
1254,169;38,148231506347656;1728,3848876953125;1716;
1254,17;38,077056884765625;1726,4228515625;1716;
1254,171;38,4152946472168;1712,68994140625;1716;
1254,172;38,16646957397461;1708,766357421875;1716;
1254,173;37,972938537597656;1722,499267578125;1716;
1254,174;38,149410247802734;1732,3084716796875;1716;
1254,175;38,077056884765625;1728,3848876953125;1716;
1254,176;38,4152946472168;1710,728271484375;1716;
1254,177;38,16529083251953;1708,766357421875;1716;
1254,178;37,972938537597656;1722,499267578125;1716;
1254,179;38,149410247802734;1732,3084716796875;1716;
1254,18;38,077056884765625;1728,3848876953125;1716;
1254,181;38,41353225708008;1710,728271484375;1716;
1254,182;38,16646957397461;1708,766357421875;1716;
1254,183;37,972938537597656;1722,499267578125;1716;
1254,184;38,148231506347656;1732,3084716796875;1716;
1254,185;38,077056884765625;1728,3848876953125;1716;
1254,186;38,41353225708008;1716,61376953125;1716;
1254,187;38,16646957397461;1708,766357421875;1716;
1254,188;37,972938537597656;1722,499267578125;1716;
1254,189;38,148231506347656;1732,3084716796875;1716;
1254,19;37,529998779296875;1720,53759765625;1716;
1254,191;38,41353225708008;1712,68994140625;1716;
1254,192;38,16646957397461;1708,766357421875;1716;
1254,193;37,972938537597656;1722,499267578125;1716;
1254,194;38,149410247802734;1728,3848876953125;1716;
1254,195;37,529998779296875;1726,4228515625;1716;
1254,196;38,41353225708008;1716,61376953125;1716;
1254,197;38,16646957397461;1712,68994140625;1716;
1254,198;37,972938537597656;1720,53759765625;1716;
1254,199;38,149410247802734;1728,3848876953125;1716;
1254,2;37,529998779296875;1724,461181640625;1716;
1254,201;38,41353225708008;1716,61376953125;1716;
1254,202;38,16646957397461;1714,6519775390625;1716;
1254,203;37,97235107421875;1722,499267578125;1716;
1254,204;38,148231506347656;1728,3848876953125;1716;
1254,205;37,529998779296875;1722,499267578125;1716;
1254,206;38,41353225708008;1716,61376953125;1716;
1254,207;38,16646957397461;1718,5755615234375;1716;
1254,208;37,974117279052734;1726,4228515625;1716;
1254,209;38,148231506347656;1724,461181640625;1716;
1254,21;37,529998779296875;1716,61376953125;1716;
1254,211;38,41353225708008;1716,61376953125;1716;
1254,212;38,07823181152344;1720,53759765625;1716;
1254,213;37,974117279052734;1730,3466796875;1716;
1254,214;38,148231506347656;1726,4228515625;1716;
1254,215;37,529998779296875;1716,61376953125;1716;
1254,216;38,41353225708008;1716,61376953125;1716;
1254,217;38,07823181152344;1720,53759765625;1716;
1254,218;37,97235107421875;1732,3084716796875;1716;
1254,219;38,148231506347656;1726,4228515625;1716;
1254,22;37,529998779296875;1710,728271484375;1716;
1254,221;38,41353225708008;1712,68994140625;1716;
1254,222;38,07823181152344;1722,499267578125;1716;
1254,223;37,974117279052734;1732,3084716796875;1716;
1254,224;38,149410247802734;1726,4228515625;1716;
1254,225;37,53176498413086;1712,68994140625;1716;
1254,226;38,41353225708008;1712,68994140625;1716;
1254,227;38,07823181152344;1720,53759765625;1716;
1254,228;37,974117279052734;1732,3084716796875;1716;
1254,229;38,148231506347656;1728,3848876953125;1716;
1254,23;37,53176498413086;1714,6519775390625;1716;
1254,231;38,41353225708008;1712,68994140625;1716;
1254,232;38,07823181152344;1722,499267578125;1716;
1254,233;37,974117279052734;1728,3848876953125;1716;
1254,234;38,16587829589844;1726,4228515625;1716;
1254,235;37,53176498413086;1714,6519775390625;1716;
1254,236;38,41353225708008;1714,6519775390625;1716;
1254,237;38,07823181152344;1720,53759765625;1716;
1254,238;37,974117279052734;1728,3848876953125;1716;
1254,239;38,16587829589844;1724,461181640625;1716;
1254,24;37,53176498413086;1714,6519775390625;1716;
1254,241;38,41353225708008;1718,5755615234375;1716;
1254,242;38,07823181152344;1722,499267578125;1716;
1254,243;37,974117279052734;1724,461181640625;1716;
1254,244;38,16587829589844;1720,53759765625;1716;
1254,245;37,53176498413086;1716,61376953125;1716;
1254,246;38,41353225708008;1720,53759765625;1716;
1254,247;38,077056884765625;1730,3466796875;1716;
1254,248;37,974117279052734;1726,4228515625;1716;
1254,249;38,16587829589844;1714,6519775390625;1716;
1254,25;37,53293991088867;1716,61376953125;1716;
1254,251;38,14882278442383;1728,3848876953125;1716;
1254,252;38,077056884765625;1726,4228515625;1716;
1254,253;37,974117279052734;1724,461181640625;1716;
1254,254;38,16587829589844;1714,6519775390625;1716;
1254,255;37,53293991088867;1710,728271484375;1716;
1254,256;38,14882278442383;1722,499267578125;1716;
1254,257;38,077056884765625;1732,3084716796875;1716;
1254,258;37,974117279052734;1726,4228515625;1716;
1254,259;38,16587829589844;1706,8046875;1716;
1254,26;37,529998779296875;1714,6519775390625;1716;
1254,261;38,149410247802734;1726,4228515625;1716;
1254,262;38,078819274902344;1732,3084716796875;1716;
1254,263;37,97235107421875;1724,461181640625;1716;
1254,264;38,16646957397461;1710,728271484375;1716;
1254,265;37,53058624267578;1710,728271484375;1716;
1254,266;38,14882278442383;1724,461181640625;1716;
1254,267;38,07823181152344;1732,3084716796875;1716;
1254,268;38,4152946472168;1726,4228515625;1716;
1254,269;38,16823196411133;1708,766357421875;1716;
1254,27;37,53058624267578;1710,728271484375;1716;
1254,271;38,147647857666016;1726,4228515625;1716;
1254,272;38,077056884765625;1730,3466796875;1716;
1254,273;38,4152946472168;1726,4228515625;1716;
1254,274;38,16646957397461;1710,728271484375;1716;
1254,275;37,44411849975586;1710,728271484375;1716;
1254,276;38,061763763427734;1726,4228515625;1716;
1254,277;38,005882263183594;1732,3084716796875;1716;
1254,278;38,32353210449219;1724,461181640625;1716;
1254,279;38,07646942138672;1712,68994140625;1716;
1254,28;37,44117736816406;1712,68994140625;1716;
1254,281;38,05882263183594;1726,4228515625;1716;
1254,282;37,98823547363281;1730,3466796875;1716;
1254,283;38,32353210449219;1722,499267578125;1716;
1254,284;38,07646942138672;1712,68994140625;1716;
1254,285;37,44117736816406;1718,5755615234375;1716;
1254,286;38,05882263183594;1726,4228515625;1716;
1254,287;37,98823547363281;1728,3848876953125;1716;
1254,288;38,32353210449219;1716,61376953125;1716;
1254,289;38,07646942138672;1712,68994140625;1716;
1254,29;37,44117736816406;1720,53759765625;1716;
1254,291;38,05882263183594;1724,461181640625;1716;
1254,292;37,98823547363281;1726,4228515625;1716;
1254,293;38,32353210449219;1712,68994140625;1716;
1254,294;38,07646942138672;1712,68994140625;1716;
1254,295;37,88235092163086;1720,53759765625;1716;
1254,296;38,05882263183594;1728,3848876953125;1716;
1254,297;37,98823547363281;1730,3466796875;1716;
1254,298;38,32353210449219;1712,68994140625;1716;
1254,299;38,07646942138672;1712,68994140625;1716;
1254,3;37,88235092163086;1722,499267578125;1716;
1254,301;38,05882263183594;1732,3084716796875;1716;
1254,302;37,98823547363281;1726,4228515625;1716;
1254,303;38,32353210449219;1712,68994140625;1716;
1254,304;38,07646942138672;1710,728271484375;1716;
1254,305;37,88235092163086;1722,499267578125;1716;
1254,306;38,05882263183594;1732,3084716796875;1716;
1254,307;37,98823547363281;1728,3848876953125;1716;
1254,308;38,32353210449219;1712,68994140625;1716;
1254,309;38,07646942138672;1708,766357421875;1716;
1254,31;37,88235092163086;1720,53759765625;1716;
1254,311;38,05882263183594;1732,3084716796875;1716;
1254,312;37,98823547363281;1730,3466796875;1716;
1254,313;38,32353210449219;1716,61376953125;1716;
1254,314;38,07646942138672;1706,8046875;1716;
1254,315;37,945289611816406;1722,499267578125;1716;
1254,316;38,12411880493164;1730,3466796875;1716;
1254,317;37,502349853515625;1724,461181640625;1716;
1254,318;38,39470291137695;1714,6519775390625;1716;
1254,319;38,15176010131836;1710,728271484375;1716;
1254,32;37,966468811035156;1720,53759765625;1716;
1254,321;38,14588165283203;1726,4228515625;1716;
1254,322;37,525291442871094;1728,3848876953125;1716;
1254,323;38,40764617919922;1714,6519775390625;1716;
1254,324;38,169410705566406;1710,728271484375;1716;
1254,325;37,96940994262695;1722,499267578125;1716;
1254,326;38,140586853027344;1726,4228515625;1716;
1254,327;37,528236389160156;1724,461181640625;1716;
1254,328;38,40705871582031;1718,5755615234375;1716;
1254,329;38,154117584228516;1720,53759765625;1716;
1254,33;37,955291748046875;1730,3466796875;1716;
1254,331;38,12823486328125;1724,461181640625;1716;
1254,332;37,52823257446289;1720,53759765625;1716;
1254,333;38,387062072753906;1716,61376953125;1716;
1254,334;38,051761627197266;1720,53759765625;1716;
1254,335;37,94881820678711;1724,461181640625;1716;
1254,336;38,12294006347656;1724,461181640625;1716;
1254,337;37,50529479980469;1718,5755615234375;1716;
1254,338;38,46764373779297;1716,61376953125;1716;
1254,339;38,14411544799805;1720,53759765625;1716;
1254,34;38,027645111083984;1728,3848876953125;1716;
1254,341;38,21294021606445;1726,4228515625;1716;
1254,342;37,60293960571289;1710,728271484375;1716;
1254,343;38,482940673828125;1716,61376953125;1716;
1254,344;38,15470504760742;1720,53759765625;1716;
1254,345;38,047645568847656;1728,3848876953125;1716;
1254,346;38,21058654785156;1726,4228515625;1716;
1254,347;37,598819732666016;1712,68994140625;1716;
1254,348;38,48411560058594;1714,6519775390625;1716;
1254,349;38,14470291137695;1720,53759765625;1716;
1254,35;38,041175842285156;1732,3084716796875;1716;
1254,351;38,23234939575195;1728,3848876953125;1716;
1254,352;37,60293960571289;1710,728271484375;1716;
1254,353;38,48117446899414;1714,6519775390625;1716;
1254,354;38,14940643310547;1720,53759765625;1716;
1254,355;38,03999710083008;1726,4228515625;1716;
1254,356;38,23293685913086;1726,4228515625;1716;
1254,357;37,59941101074219;1712,68994140625;1716;
1254,358;38,49588394165039;1712,68994140625;1716;
1254,359;38,175289154052734;1720,53759765625;1716;
1254,36;38,07352828979492;1728,3848876953125;1716;
1254,361;38,2694091796875;1726,4228515625;1716;
1254,362;37,63705825805664;1714,6519775390625;1716;
1254,363;38,52058792114258;1712,68994140625;1716;
1254,364;38,186466217041016;1722,499267578125;1716;
1254,365;38,072349548339844;1728,3848876953125;1716;
1254,366;38,262939453125;1724,461181640625;1716;
1254,367;37,62705612182617;1714,6519775390625;1716;
1254,368;38,4970588684082;1720,53759765625;1716;
1254,369;38,16352844238281;1722,499267578125;1716;
1254,37;37,96117401123047;1728,3848876953125;1716;
1254,371;38,243526458740234;1720,53759765625;1716;
1254,372;37,598819732666016;1714,6519775390625;1716;
1254,373;38,20941162109375;1720,53759765625;1716;
1254,374;38,140586853027344;1722,499267578125;1716;
1254,375;38,0352897644043;1724,461181640625;1716;
1254,376;38,229408264160156;1718,5755615234375;1716;
1254,377;37,59646987915039;1712,68994140625;1716;
1254,378;38,21058654785156;1720,53759765625;1716;
1254,379;38,14646911621094;1726,4228515625;1716;
1254,38;38,034114837646484;1726,4228515625;1716;
1254,381;38,23411560058594;1708,766357421875;1716;
1254,382;37,59646987915039;1714,6519775390625;1716;
1254,383;38,21529006958008;1726,4228515625;1716;
1254,384;38,14234924316406;1728,3848876953125;1716;
1254,385;38,036468505859375;1726,4228515625;1716;
1254,386;38,23352813720703;1710,728271484375;1716;
1254,387;37,5970573425293;1710,728271484375;1716;
1254,388;38,207645416259766;1724,461181640625;1716;
1254,389;38,14411544799805;1732,3084716796875;1716;
1254,39;38,03352737426758;1728,3848876953125;1716;
1254,391;38,23529052734375;1710,728271484375;1716;
1254,392;37,598236083984375;1712,68994140625;1716;
1254,393;38,21058654785156;1726,4228515625;1716;
1254,394;38,14117431640625;1732,3084716796875;1716;
1254,395;38,47705841064453;1726,4228515625;1716;
1254,396;38,22646713256836;1708,766357421875;1716;
1254,397;37,593528747558594;1712,68994140625;1716;
1254,398;38,211761474609375;1724,461181640625;1716;
1254,399;38,13882064819336;1730,3466796875;1716;
1254,4;38,47294235229492;1726,4228515625;1716;
1254,401;38,22999954223633;1714,6519775390625;1716;
1254,402;37,59587860107422;1712,68994140625;1716;
1254,403;38,21470260620117;1724,461181640625;1716;
1254,404;38,145877838134766;1732,3084716796875;1716;
1254,405;38,47529220581055;1720,53759765625;1716;
1254,406;38,22882080078125;1710,728271484375;1716;
1254,407;37,59587860107422;1710,728271484375;1716;
1254,408;38,21294021606445;1724,461181640625;1716;
1254,409;38,14411544799805;1728,3848876953125;1716;
1254,41;38,47764587402344;1722,499267578125;1716;
1254,411;38,234703063964844;1714,6519775390625;1716;
1254,412;37,59293746948242;1716,61376953125;1716;
1254,413;38,194705963134766;1726,4228515625;1716;
1254,414;38,14117431640625;1728,3848876953125;1716;
1254,415;38,478233337402344;1720,53759765625;1716;
1254,416;38,22999954223633;1710,728271484375;1716;
1254,417;38,02000045776367;1722,499267578125;1716;
1254,418;38,216468811035156;1730,3466796875;1716;
1254,419;38,13999557495117;1728,3848876953125;1716;
1254,42;38,476470947265625;1718,5755615234375;1716;
1254,421;38,22999954223633;1710,728271484375;1716;
1254,422;38,03705596923828;1722,499267578125;1716;
1254,423;38,21235275268555;1728,3848876953125;1716;
1254,424;38,13764572143555;1726,4228515625;1716;
1254,425;39,695884704589844;1710,728271484375;1716;
1254,426;38,16823196411133;1708,766357421875;1716;
1254,427;37,970584869384766;1722,499267578125;1716;
1254,428;38,147647857666016;1728,3848876953125;1716;
1254,429;37,529998779296875;1728,3848876953125;1716;
1254,43;38,412353515625;1712,68994140625;1716;
1254,431;38,167057037353516;1708,766357421875;1716;
1254,432;37,970584869384766;1722,499267578125;1716;
1254,433;38,14646911621094;1732,3084716796875;1716;
1254,434;38,07823181152344;1730,3466796875;1716;
1254,435;38,412940979003906;1710,728271484375;1716;
1254,436;38,167057037353516;1708,766357421875;1716;
1254,437;37,97235107421875;1722,499267578125;1716;
1254,438;38,14882278442383;1732,3084716796875;1716;
1254,439;37,53117752075195;1728,3848876953125;1716;
1254,44;38,41353225708008;1712,68994140625;1716;
1254,441;38,07823181152344;1716,61376953125;1716;
1254,442;37,97235107421875;1720,53759765625;1716;
1254,443;38,14882278442383;1732,3084716796875;1716;
1254,444;38,07823181152344;1730,3466796875;1716;
1254,445;38,41353225708008;1716,61376953125;1716;
1254,446;38,16646957397461;1708,766357421875;1716;
1254,447;37,97235107421875;1722,499267578125;1716;
1254,448;38,14882278442383;1726,4228515625;1716;
1254,449;37,53117752075195;1712,68994140625;1716;
1254,45;38,41353225708008;1712,68994140625;1716;
1254,451;38,167057037353516;1716,61376953125;1716;
1254,452;37,971763610839844;1724,461181640625;1716;
1254,453;38,14882278442383;1728,3848876953125;1716;
1254,454;37,53117752075195;1710,728271484375;1716;
1254,455;38,41353225708008;1716,61376953125;1716;
1254,456;38,16587829589844;1718,5755615234375;1716;
1254,457;37,971763610839844;1722,499267578125;1716;
1254,458;38,14882278442383;1726,4228515625;1716;
1254,459;37,53117752075195;1716,61376953125;1716;
1254,46;38,41353225708008;1718,5755615234375;1716;
1254,461;38,07764434814453;1716,61376953125;1716;
1254,462;37,971763610839844;1726,4228515625;1716;
1254,463;38,14882278442383;1726,4228515625;1716;
1254,464;37,53117752075195;1712,68994140625;1716;
1254,465;38,41353225708008;1714,6519775390625;1716;
1254,466;38,07764434814453;1718,5755615234375;1716;
1254,467;37,971763610839844;1728,3848876953125;1716;
1254,468;38,14882278442383;1724,461181640625;1716;
1254,469;37,53117752075195;1716,61376953125;1716;
1254,47;38,41353225708008;1714,6519775390625;1716;
1254,471;38,07764434814453;1720,53759765625;1716;
1254,472;37,97235107421875;1730,3466796875;1716;
1254,473;38,14882278442383;1726,4228515625;1716;
1254,474;37,53117752075195;1710,728271484375;1716;
1254,475;38,41353225708008;1712,68994140625;1716;
1254,476;38,07764434814453;1720,53759765625;1716;
1254,477;37,97235107421875;1730,3466796875;1716;
1254,478;38,16646957397461;1726,4228515625;1716;
1254,479;37,53117752075195;1712,68994140625;1716;
1254,48;38,41353225708008;1712,68994140625;1716;
1254,481;38,07999801635742;1720,53759765625;1716;
1254,482;37,971763610839844;1730,3466796875;1716;
1254,483;38,16646957397461;1726,4228515625;1716;
1254,484;37,53117752075195;1712,68994140625;1716;
1254,485;38,41353225708008;1714,6519775390625;1716;
1254,486;38,07764434814453;1720,53759765625;1716;
1254,487;37,971763610839844;1726,4228515625;1716;
1254,488;38,16646957397461;1726,4228515625;1716;
1254,489;37,53117752075195;1712,68994140625;1716;
1254,49;38,41353225708008;1712,68994140625;1716;
1254,491;38,07764434814453;1726,4228515625;1716;
1254,492;37,971763610839844;1730,3466796875;1716;
1254,493;38,16646957397461;1724,461181640625;1716;
1254,494;37,53117752075195;1716,61376953125;1716;
1254,495;38,14882278442383;1726,4228515625;1716;
1254,496;38,07999801635742;1720,53759765625;1716;
1254,497;37,971763610839844;1724,461181640625;1716;
1254,498;38,16646957397461;1716,61376953125;1716;
1254,499;37,53117752075195;1712,68994140625;1716;
1254,5;38,14882278442383;1722,499267578125;1716;
1254,501;38,07999801635742;1722,499267578125;1716;
1254,502;37,97235107421875;1728,3848876953125;1716;
1254,503;38,16646957397461;1718,5755615234375;1716;
1254,504;37,53117752075195;1714,6519775390625;1716;
1254,505;38,14882278442383;1720,53759765625;1716;
1254,506;38,07823181152344;1722,499267578125;1716;
1254,507;37,971763610839844;1724,461181640625;1716;
1254,508;38,16646957397461;1710,728271484375;1716;
1254,509;37,53117752075195;1712,68994140625;1716;
1254,51;38,14882278442383;1722,499267578125;1716;
1254,511;38,07823181152344;1728,3848876953125;1716;
1254,512;37,971763610839844;1728,3848876953125;1716;
1254,513;38,16646957397461;1712,68994140625;1716;
1254,514;37,53117752075195;1714,6519775390625;1716;
1254,515;38,14882278442383;1726,4228515625;1716;
1254,516;38,07823181152344;1732,3084716796875;1716;
1254,517;37,971763610839844;1726,4228515625;1716;
1254,518;38,16646957397461;1708,766357421875;1716;
1254,519;37,53117752075195;1710,728271484375;1716;
1254,52;38,14882278442383;1724,461181640625;1716;
1254,521;38,07823181152344;1732,3084716796875;1716;
1254,522;37,971763610839844;1726,4228515625;1716;
1254,523;38,16646957397461;1710,728271484375;1716;
1254,524;37,53117752075195;1712,68994140625;1716;
1254,525;38,14882278442383;1724,461181640625;1716;
1254,526;38,07823181152344;1732,3084716796875;1716;
1254,527;38,412940979003906;1726,4228515625;1716;
1254,528;38,16646957397461;1710,728271484375;1716;
1254,529;37,53117752075195;1710,728271484375;1716;
1254,53;38,14882278442383;1722,499267578125;1716;
1254,531;38,07823181152344;1730,3466796875;1716;
1254,532;38,41353225708008;1722,499267578125;1716;
1254,533;38,16646957397461;1714,6519775390625;1716;
1254,534;37,53117752075195;1716,61376953125;1716;
1254,535;38,14882278442383;1724,461181640625;1716;
1254,536;38,07823181152344;1728,3848876953125;1716;
1254,537;38,412940979003906;1720,53759765625;1716;
1254,538;38,16646957397461;1710,728271484375;1716;
1254,539;37,53117752075195;1712,68994140625;1716;
1254,54;38,14882278442383;1724,461181640625;1716;
1254,541;38,07823181152344;1726,4228515625;1716;
1254,542;38,41353225708008;1716,61376953125;1716;
1254,543;38,16646957397461;1712,68994140625;1716;
1254,544;37,97235107421875;1722,499267578125;1716;
1254,545;38,14882278442383;1726,4228515625;1716;
1254,546;38,07999801635742;1726,4228515625;1716;
1254,547;38,4152946472168;1714,6519775390625;1716;
1254,548;38,16646957397461;1708,766357421875;1716;
1254,549;37,974117279052734;1722,499267578125;1716;
1254,55;38,14882278442383;1728,3848876953125;1716;
1254,551;38,07823181152344;1726,4228515625;1716;
1254,552;38,4152946472168;1712,68994140625;1716;
1254,553;38,16529083251953;1708,766357421875;1716;
1254,554;37,971763610839844;1722,499267578125;1716;
1254,555;38,147056579589844;1732,3084716796875;1716;
1254,556;38,08176040649414;1728,3848876953125;1716;
1254,557;38,416473388671875;1712,68994140625;1716;
1254,558;38,16293716430664;1708,766357421875;1716;
1254,559;37,885292053222656;1722,499267578125;1716;
1254,56;38,064117431640625;1730,3466796875;1716;
1254,561;37,44117736816406;1728,3848876953125;1716;
1254,562;38,32353210449219;1712,68994140625;1716;
1254,563;38,078819274902344;1708,766357421875;1716;
1254,564;37,88235092163086;1720,53759765625;1716;
1254,565;38,05882263183594;1732,3084716796875;1716;
1254,566;37,44117736816406;1728,3848876953125;1716;
1254,567;38,32353210449219;1710,728271484375;1716;
1254,568;38,07646942138672;1708,766357421875;1716;
1254,569;37,88235092163086;1722,499267578125;1716;
1254,57;38,05882263183594;1730,3466796875;1716;
1254,571;37,44117736816406;1728,3848876953125;1716;
1254,572;38,32353210449219;1716,61376953125;1716;
1254,573;38,07646942138672;1710,728271484375;1716;
1254,574;37,88235092163086;1722,499267578125;1716;
1254,575;38,07646942138672;1710,728271484375;1716;
1254,576;37,44117736816406;1726,4228515625;1716;
1254,577;38,32353210449219;1714,6519775390625;1716;
1254,578;38,07646942138672;1708,766357421875;1716;
1254,579;37,88235092163086;1722,499267578125;1716;
1254,58;38,05882263183594;1726,4228515625;1716;
1254,581;37,44117736816406;1724,461181640625;1716;
1254,582;38,32353210449219;1718,5755615234375;1716;
1254,583;37,98823547363281;1714,6519775390625;1716;
1254,584;37,88235092163086;1726,4228515625;1716;
1254,585;38,05882263183594;1726,4228515625;1716;
1254,586;37,44117736816406;1718,5755615234375;1716;
1254,587;38,32353210449219;1716,61376953125;1716;
1254,588;38,07646942138672;1718,5755615234375;1716;
1254,589;37,88235092163086;1724,461181640625;1716;
1254,59;38,05882263183594;1724,461181640625;1716;
1254,591;37,44117736816406;1712,68994140625;1716;
1254,592;38,32353210449219;1716,61376953125;1716;
1254,593;37,98823547363281;1718,5755615234375;1716;
1254,594;37,88235092163086;1728,3848876953125;1716;
1254,595;38,05882263183594;1728,3848876953125;1716;
1254,596;37,44117736816406;1712,68994140625;1716;
1254,597;38,32353210449219;1712,68994140625;1716;
1254,598;36,758819580078125;1720,53759765625;1716;
1254,599;37,94234848022461;1728,3848876953125;1716;
1254,6;38,11587905883789;1724,461181640625;1716;
1254,601;37,514705657958984;1712,68994140625;1716;
1254,602;38,39411926269531;1712,68994140625;1716;
1254,603;38,06646728515625;1720,53759765625;1716;
1254,604;37,966468811035156;1732,3084716796875;1716;
1254,605;38,14588165283203;1728,3848876953125;1716;
1254,606;37,5223503112793;1712,68994140625;1716;
1254,607;38,404117584228516;1712,68994140625;1716;
1254,608;38,07529067993164;1722,499267578125;1716;
1254,609;37,96940994262695;1730,3466796875;1716;
1254,61;38,14352798461914;1726,4228515625;1716;
1254,611;37,525291442871094;1712,68994140625;1716;
1254,612;38,40353012084961;1714,6519775390625;1716;
1254,613;38,06352615356445;1722,499267578125;1716;
1254,614;37,952938079833984;1730,3466796875;1716;
1254,615;38,14411544799805;1726,4228515625;1716;
1254,616;37,50470733642578;1716,61376953125;1716;
1254,617;38,388824462890625;1712,68994140625;1716;
1254,618;38,051761627197266;1720,53759765625;1716;
1254,619;37,946468353271484;1728,3848876953125;1716;
1254,62;38,140586853027344;1726,4228515625;1716;
1254,621;37,50470733642578;1712,68994140625;1716;
1254,622;38,47352981567383;1714,6519775390625;1716;
1254,623;38,13352584838867;1722,499267578125;1716;
1254,624;38,02411651611328;1726,4228515625;1716;
1254,625;38,228233337402344;1720,53759765625;1716;
1254,626;37,60293960571289;1716,61376953125;1716;
1254,627;38,47999954223633;1720,53759765625;1716;
1254,628;38,15764617919922;1726,4228515625;1716;
1254,629;38,03705596923828;1726,4228515625;1716;
1254,63;38,222938537597656;1718,5755615234375;1716;
1254,631;37,59470748901367;1712,68994140625;1716;
1254,632;38,21294021606445;1724,461181640625;1716;
1254,633;38,14234924316406;1726,4228515625;1716;
1254,634;38,03940963745117;1726,4228515625;1716;
1254,635;38,230587005615234;1714,6519775390625;1716;
1254,636;37,598236083984375;1710,728271484375;1716;
1254,637;38,21882247924805;1724,461181640625;1716;
1254,638;38,14529037475586;1732,3084716796875;1716;
1254,639;38,027645111083984;1724,461181640625;1716;
1254,64;38,23176193237305;1710,728271484375;1716;
1254,641;37,60176467895508;1710,728271484375;1716;
1254,642;38,239410400390625;1724,461181640625;1716;
1254,643;38,17176055908203;1730,3466796875;1716;
1254,644;38,077056884765625;1726,4228515625;1716;
1254,645;38,262939453125;1710,728271484375;1716;
1254,646;37,63470458984375;1710,728271484375;1716;
1254,647;38,254703521728516;1722,499267578125;1716;
1254,648;38,1847038269043;1732,3084716796875;1716;
1254,649;38,51000213623047;1726,4228515625;1716;
1254,65;38,262939453125;1708,766357421875;1716;
1254,651;37,62294006347656;1708,766357421875;1716;
1254,652;38,24117660522461;1724,461181640625;1716;
1254,653;38,15705490112305;1730,3466796875;1716;
1254,654;38,4935302734375;1724,461181640625;1716;
1254,655;38,23646926879883;1710,728271484375;1716;
1254,656;37,59941101074219;1710,728271484375;1716;
1254,657;38,20882034301758;1722,499267578125;1716;
1254,658;38,13999557495117;1730,3466796875;1716;
1254,659;38,47588348388672;1722,499267578125;1716;
1254,66;38,230587005615234;1710,728271484375;1716;
1254,661;37,59529113769531;1710,728271484375;1716;
1254,662;38,21058654785156;1726,4228515625;1716;
1254,663;38,14117431640625;1730,3466796875;1716;
1254,664;38,480587005615234;1724,461181640625;1716;
1254,665;38,22882080078125;1712,68994140625;1716;
1254,666;37,598819732666016;1720,53759765625;1716;
1254,667;38,21411895751953;1722,499267578125;1716;
1254,668;38,14117431640625;1728,3848876953125;1716;
1254,669;38,474117279052734;1722,499267578125;1716;
1254,67;38,23293685913086;1710,728271484375;1716;
1254,671;37,59529113769531;1720,53759765625;1716;
1254,672;38,21470260620117;1724,461181640625;1716;
1254,673;38,140586853027344;1728,3848876953125;1716;
1254,674;38,480587005615234;1718,5755615234375;1716;
1254,675;38,230587005615234;1710,728271484375;1716;
1254,676;38,036468505859375;1718,5755615234375;1716;
1254,677;38,21235275268555;1724,461181640625;1716;
1254,678;38,139408111572266;1728,3848876953125;1716;
1254,679;38,47941207885742;1710,728271484375;1716;
1254,68;38,23352813720703;1710,728271484375;1716;
1254,681;38,03117752075195;1722,499267578125;1716;
1254,682;38,21294021606445;1726,4228515625;1716;
1254,683;38,14117431640625;1728,3848876953125;1716;
1254,684;38,478233337402344;1714,6519775390625;1716;
1254,685;38,23117446899414;1710,728271484375;1716;
1254,686;38,14117431640625;1722,499267578125;1716;
1254,687;38,21058654785156;1728,3848876953125;1716;
1254,688;38,145877838134766;1730,3466796875;1716;
1254,689;38,47705841064453;1710,728271484375;1716;
1254,69;38,22999954223633;1708,766357421875;1716;
1254,691;38,03940963745117;1722,499267578125;1716;
1254,692;38,21294021606445;1730,3466796875;1716;
1254,693;38,145877838134766;1728,3848876953125;1716;
1254,694;38,476470947265625;1710,728271484375;1716;
1254,695;38,23117446899414;1708,766357421875;1716;
1254,696;38,0352897644043;1722,499267578125;1716;
1254,697;38,21352767944336;1732,3084716796875;1716;
1254,698;38,14352798461914;1730,3466796875;1716;
1254,699;38,47764587402344;1710,728271484375;1716;
1254,7;38,23411560058594;1714,6519775390625;1716;
1254,701;38,03764724731445;1722,499267578125;1716;
1254,702;38,211761474609375;1730,3466796875;1716;
1254,703;38,14117431640625;1730,3466796875;1716;
1254,704;38,478233337402344;1714,6519775390625;1716;
1254,705;38,23234939575195;1712,68994140625;1716;
1254,706;38,03705596923828;1720,53759765625;1716;
1254,707;38,20941162109375;1730,3466796875;1716;
1254,708;37,58293914794922;1726,4228515625;1716;
1254,709;38,41353225708008;1714,6519775390625;1716;
1254,71;38,16411590576172;1710,728271484375;1716;
1254,711;37,970584869384766;1720,53759765625;1716;
1254,712;38,147647857666016;1728,3848876953125;1716;
1254,713;37,5288200378418;1720,53759765625;1716;
1254,714;38,412940979003906;1714,6519775390625;1716;
1254,715;38,16587829589844;1710,728271484375;1716;
1254,716;37,972938537597656;1722,499267578125;1716;
1254,717;38,148231506347656;1726,4228515625;1716;
1254,718;37,53176498413086;1722,499267578125;1716;
1254,719;38,41353225708008;1716,61376953125;1716;
1254,72;38,16646957397461;1716,61376953125;1716;
1254,721;37,974117279052734;1724,461181640625;1716;
1254,722;38,148231506347656;1726,4228515625;1716;
1254,723;37,529998779296875;1720,53759765625;1716;
1254,724;38,41353225708008;1714,6519775390625;1716;
1254,725;38,07823181152344;1720,53759765625;1716;
1254,726;37,97235107421875;1724,461181640625;1716;
1254,727;38,148231506347656;1726,4228515625;1716;
1254,728;37,529998779296875;1716,61376953125;1716;
1254,729;38,41353225708008;1712,68994140625;1716;
1254,73;38,07823181152344;1720,53759765625;1716;
1254,731;37,974117279052734;1726,4228515625;1716;
1254,732;38,148231506347656;1724,461181640625;1716;
1254,733;37,53176498413086;1714,6519775390625;1716;
1254,734;38,41353225708008;1712,68994140625;1716;
1254,735;38,07823181152344;1720,53759765625;1716;
1254,736;37,97235107421875;1728,3848876953125;1716;
1254,737;38,148231506347656;1724,461181640625;1716;
1254,738;37,53176498413086;1710,728271484375;1716;
1254,739;38,41353225708008;1712,68994140625;1716;
1254,74;38,07823181152344;1720,53759765625;1716;
1254,741;37,974117279052734;1730,3466796875;1716;
1254,742;38,16587829589844;1726,4228515625;1716;
1254,743;37,53176498413086;1710,728271484375;1716;
1254,744;38,41353225708008;1712,68994140625;1716;
1254,745;38,07823181152344;1720,53759765625;1716;
1254,746;37,974117279052734;1726,4228515625;1716;
1254,747;38,148231506347656;1726,4228515625;1716;
1254,748;37,53176498413086;1710,728271484375;1716;
1254,749;38,41353225708008;1716,61376953125;1716;
1254,75;38,07823181152344;1730,3466796875;1716;
1254,751;37,974117279052734;1730,3466796875;1716;
1254,752;38,16587829589844;1728,3848876953125;1716;
1254,753;37,53176498413086;1710,728271484375;1716;
1254,754;38,41353225708008;1712,68994140625;1716;
1254,755;38,07823181152344;1726,4228515625;1716;
1254,756;37,974117279052734;1726,4228515625;1716;
1254,757;38,16587829589844;1714,6519775390625;1716;
1254,758;37,53176498413086;1714,6519775390625;1716;
1254,759;38,41353225708008;1716,61376953125;1716;
1254,76;38,077056884765625;1728,3848876953125;1716;
1254,761;37,974117279052734;1728,3848876953125;1716;
1254,762;38,16587829589844;1716,61376953125;1716;
1254,763;37,53293991088867;1712,68994140625;1716;
1254,764;38,41353225708008;1722,499267578125;1716;
1254,765;38,07823181152344;1730,3466796875;1716;
1254,766;37,974117279052734;1724,461181640625;1716;
1254,767;38,16587829589844;1720,53759765625;1716;
1254,768;37,53293991088867;1714,6519775390625;1716;
1254,769;38,14882278442383;1724,461181640625;1716;
1254,77;38,077056884765625;1724,461181640625;1716;
1254,771;37,974117279052734;1726,4228515625;1716;
1254,772;38,16587829589844;1714,6519775390625;1716;
1254,773;37,53176498413086;1710,728271484375;1716;
1254,774;38,41353225708008;1722,499267578125;1716;
1254,775;38,077056884765625;1726,4228515625;1716;
1254,776;37,974117279052734;1724,461181640625;1716;
1254,777;38,16587829589844;1710,728271484375;1716;
1254,778;37,53176498413086;1710,728271484375;1716;
1254,779;38,14882278442383;1722,499267578125;1716;
1254,78;38,077056884765625;1728,3848876953125;1716;
1254,781;38,41353225708008;1728,3848876953125;1716;
1254,782;38,16529083251953;1708,766357421875;1716;
1254,783;37,53176498413086;1712,68994140625;1716;
1254,784;38,14882278442383;1724,461181640625;1716;
1254,785;38,07823181152344;1728,3848876953125;1716;
1254,786;37,974117279052734;1726,4228515625;1716;
1254,787;38,16529083251953;1710,728271484375;1716;
1254,788;37,53176498413086;1710,728271484375;1716;
1254,789;38,14882278442383;1724,461181640625;1716;
1254,79;38,07823181152344;1730,3466796875;1716;
1254,791;38,4152946472168;1726,4228515625;1716;
1254,792;38,16646957397461;1708,766357421875;1716;
1254,793;37,53293991088867;1710,728271484375;1716;
1254,794;38,14882278442383;1722,499267578125;1716;
1254,795;38,07823181152344;1728,3848876953125;1716;
1254,796;37,974117279052734;1726,4228515625;1716;
1254,797;38,16646957397461;1712,68994140625;1716;
1254,798;37,53293991088867;1710,728271484375;1716;
1254,799;38,14882278442383;1724,461181640625;1716;
1254,8;38,077056884765625;1732,3084716796875;1716;
1254,801;38,4152946472168;1724,461181640625;1716;
1254,802;38,16646957397461;1712,68994140625;1716;
1254,803;37,972938537597656;1722,499267578125;1716;
1254,804;38,149410247802734;1722,499267578125;1716;
1254,805;38,077056884765625;1728,3848876953125;1716;
1254,806;38,4152946472168;1724,461181640625;1716;
1254,807;38,16646957397461;1710,728271484375;1716;
1254,808;37,972938537597656;1718,5755615234375;1716;
1254,809;38,149410247802734;1724,461181640625;1716;
1254,81;38,077056884765625;1730,3466796875;1716;
1254,811;38,4152946472168;1714,6519775390625;1716;
1254,812;38,16646957397461;1710,728271484375;1716;
1254,813;37,972938537597656;1722,499267578125;1716;
1254,814;38,149410247802734;1722,499267578125;1716;
1254,815;38,077056884765625;1728,3848876953125;1716;
1254,816;38,4152946472168;1712,68994140625;1716;
1254,817;38,16646957397461;1710,728271484375;1716;
1254,818;37,972938537597656;1718,5755615234375;1716;
1254,819;38,149410247802734;1728,3848876953125;1716;
1254,82;38,077056884765625;1728,3848876953125;1716;
1254,821;38,4152946472168;1714,6519775390625;1716;
1254,822;38,16646957397461;1710,728271484375;1716;
1254,823;37,972938537597656;1722,499267578125;1716;
1254,824;38,149410247802734;1730,3466796875;1716;
1254,825;38,077056884765625;1728,3848876953125;1716;
1254,826;38,41353225708008;1712,68994140625;1716;
1254,827;38,167057037353516;1708,766357421875;1716;
1254,828;37,97235107421875;1722,499267578125;1716;
1254,829;38,149410247802734;1730,3466796875;1716;
1254,83;38,07999801635742;1726,4228515625;1716;
1254,831;38,412940979003906;1712,68994140625;1716;
1254,832;38,16823196411133;1708,766357421875;1716;
1254,833;37,97117614746094;1722,499267578125;1716;
1254,834;38,14882278442383;1732,3084716796875;1716;
1254,835;37,53117752075195;1730,3466796875;1716;
1254,836;38,41353225708008;1710,728271484375;1716;
1254,837;38,16529083251953;1712,68994140625;1716;
1254,838;37,971763610839844;1722,499267578125;1716;
1254,839;38,148231506347656;1732,3084716796875;1716;
1254,84;37,528236389160156;1728,3848876953125;1716;
1254,841;38,40705871582031;1716,61376953125;1716;
1254,842;38,079410552978516;1708,766357421875;1716;
1254,843;37,885292053222656;1720,53759765625;1716;
1254,844;38,05882263183594;1730,3466796875;1716;
1254,845;37,44117736816406;1718,5755615234375;1716;
1254,846;38,32353210449219;1710,728271484375;1716;
1254,847;38,07646942138672;1708,766357421875;1716;
1254,848;37,88235092163086;1722,499267578125;1716;
1254,849;38,05882263183594;1730,3466796875;1716;
1254,85;37,44117736816406;1716,61376953125;1716;
1254,851;38,32353210449219;1716,61376953125;1716;
1254,852;38,07646942138672;1716,61376953125;1716;
1254,853;37,88235092163086;1722,499267578125;1716;
1254,854;38,05882263183594;1724,461181640625;1716;
1254,855;37,44117736816406;1724,461181640625;1716;
1254,856;38,32353210449219;1714,6519775390625;1716;
1254,857;38,07646942138672;1718,5755615234375;1716;
1254,858;37,88235092163086;1728,3848876953125;1716;
1254,859;38,05882263183594;1726,4228515625;1716;
1254,86;37,44117736816406;1722,499267578125;1716;
1254,861;38,32353210449219;1714,6519775390625;1716;
1254,862;37,98823547363281;1716,61376953125;1716;
1254,863;37,88235092163086;1732,3084716796875;1716;
1254,864;38,05882263183594;1726,4228515625;1716;
1254,865;37,44117736816406;1712,68994140625;1716;
1254,866;38,32353210449219;1714,6519775390625;1716;
1254,867;37,98823547363281;1722,499267578125;1716;
1254,868;37,88235092163086;1726,4228515625;1716;
1254,869;38,05882263183594;1724,461181640625;1716;
1254,87;37,44117736816406;1716,61376953125;1716;
1254,871;38,32353210449219;1712,68994140625;1716;
1254,872;37,98823547363281;1720,53759765625;1716;
1254,873;37,88235092163086;1732,3084716796875;1716;
1254,874;38,05882263183594;1728,3848876953125;1716;
1254,875;37,44117736816406;1708,766357421875;1716;
1254,876;38,32353210449219;1712,68994140625;1716;
1254,877;37,98823547363281;1722,499267578125;1716;
1254,878;37,88235092163086;1730,3466796875;1716;
1254,879;38,05882263183594;1726,4228515625;1716;
1254,88;37,44117736816406;1714,6519775390625;1716;
1254,881;37,085880279541016;1712,68994140625;1716;
1254,882;38,047645568847656;1720,53759765625;1716;
1254,883;37,9417610168457;1730,3466796875;1716;
1254,884;38,14646911621094;1714,6519775390625;1716;
1254,885;37,51176452636719;1710,728271484375;1716;
1254,886;38,401763916015625;1712,68994140625;1716;
1254,887;38,072349548339844;1720,53759765625;1716;
1254,888;37,966468811035156;1730,3466796875;1716;
1254,889;38,15764617919922;1718,5755615234375;1716;
1254,89;37,52411651611328;1712,68994140625;1716;
1254,891;38,41353225708008;1712,68994140625;1716;
1254,892;38,072349548339844;1722,499267578125;1716;
1254,893;37,96940994262695;1726,4228515625;1716;
1254,894;38,16293716430664;1720,53759765625;1716;
1254,895;37,52176284790039;1714,6519775390625;1716;
1254,896;38,4029426574707;1714,6519775390625;1716;
1254,897;38,06175994873047;1726,4228515625;1716;
1254,898;37,94999694824219;1726,4228515625;1716;
1254,899;38,14293670654297;1724,461181640625;1716;
1254,9;37,5064697265625;1712,68994140625;1716;
1254,901;38,122352600097656;1724,461181640625;1716;
1254,902;38,051761627197266;1722,499267578125;1716;
1254,903;37,946468353271484;1728,3848876953125;1716;
1254,904;38,140586853027344;1720,53759765625;1716;
1254,905;37,5;1712,68994140625;1716;
1254,906;38,20941162109375;1720,53759765625;1716;
1254,907;38,12999725341797;1722,499267578125;1716;
1254,908;38,03764724731445;1726,4228515625;1716;
1254,909;38,23646926879883;1708,766357421875;1716;
1254,91;37,604705810546875;1712,68994140625;1716;
1254,911;38,22587966918945;1720,53759765625;1716;
1254,912;38,15646743774414;1726,4228515625;1716;
1254,913;38,03764724731445;1726,4228515625;1716;
1254,914;38,22646713256836;1710,728271484375;1716;
1254,915;37,59470748901367;1710,728271484375;1716;
1254,916;38,21999740600586;1724,461181640625;1716;
1254,917;38,14881896972656;1728,3848876953125;1716;
1254,918;38,47999954223633;1726,4228515625;1716;
1254,919;38,24117660522461;1710,728271484375;1716;
1254,92;37,598236083984375;1712,68994140625;1716;
1254,921;38,20411682128906;1724,461181640625;1716;
1254,922;38,13352584838867;1732,3084716796875;1716;
1254,923;38,0352897644043;1726,4228515625;1716;
1254,924;38,243526458740234;1710,728271484375;1716;
1254,925;37,62234878540039;1710,728271484375;1716;
1254,926;38,2470588684082;1722,499267578125;1716;
1254,927;38,18293762207031;1730,3466796875;1716;
1254,928;38,51647186279297;1726,4228515625;1716;
1254,929;38,26470184326172;1708,766357421875;1716;
1254,93;37,63823699951172;1714,6519775390625;1716;
1254,931;38,25529098510742;1724,461181640625;1716;
1254,932;38,175289154052734;1732,3084716796875;1716;
1254,933;38,512351989746094;1724,461181640625;1716;
1254,934;38,258819580078125;1712,68994140625;1716;
1254,935;37,61823654174805;1710,728271484375;1716;
1254,936;38,2341194152832;1722,499267578125;1716;
1254,937;38,160587310791016;1728,3848876953125;1716;
1254,938;38,48882293701172;1716,61376953125;1716;
1254,939;38,235877990722656;1708,766357421875;1716;
1254,94;37,60117721557617;1716,61376953125;1716;
1254,941;38,211761474609375;1724,461181640625;1716;
1254,942;38,141761779785156;1730,3466796875;1716;
1254,943;38,478824615478516;1714,6519775390625;1716;
1254,944;38,22882080078125;1712,68994140625;1716;
1254,945;37,59293746948242;1718,5755615234375;1716;
1254,946;38,21352767944336;1722,499267578125;1716;
1254,947;38,141761779785156;1726,4228515625;1716;
1254,948;38,48176574707031;1716,61376953125;1716;
1254,949;38,229408264160156;1708,766357421875;1716;
1254,95;37,5970573425293;1720,53759765625;1716;
1254,951;38,21588134765625;1732,3084716796875;1716;
1254,952;38,14411544799805;1726,4228515625;1716;
1254,953;38,476470947265625;1714,6519775390625;1716;
1254,954;38,23293685913086;1710,728271484375;1716;
1254,955;38,03352737426758;1720,53759765625;1716;
1254,956;38,21235275268555;1732,3084716796875;1716;
1254,957;38,14117431640625;1730,3466796875;1716;
1254,958;38,48117446899414;1708,766357421875;1716;
1254,959;38,23176193237305;1708,766357421875;1716;
1254,96;38,03823471069336;1722,499267578125;1716;
1254,961;38,21352767944336;1732,3084716796875;1716;
1254,962;38,140586853027344;1728,3848876953125;1716;
1254,963;38,476470947265625;1714,6519775390625;1716;
1254,964;38,23411560058594;1714,6519775390625;1716;
1254,965;38,03764724731445;1720,53759765625;1716;
1254,966;38,21235275268555;1732,3084716796875;1716;
1254,967;38,14117431640625;1730,3466796875;1716;
1254,968;38,476470947265625;1708,766357421875;1716;
1254,969;38,23117446899414;1714,6519775390625;1716;
1254,97;38,03705596923828;1722,499267578125;1716;
1254,971;38,21529006958008;1728,3848876953125;1716;
1254,972;38,14646911621094;1730,3466796875;1716;
1254,973;38,47705841064453;1714,6519775390625;1716;
1254,974;38,22882080078125;1712,68994140625;1716;
1254,975;38,03588104248047;1720,53759765625;1716;
1254,976;38,21352767944336;1730,3466796875;1716;
1254,977;37,59646987915039;1722,499267578125;1716;
1254,978;38,478233337402344;1712,68994140625;1716;
1254,979;38,234703063964844;1714,6519775390625;1716;
1254,98;38,034114837646484;1722,499267578125;1716;
1254,981;38,211761474609375;1728,3848876953125;1716;
1254,982;37,59293746948242;1726,4228515625;1716;
1254,983;38,476470947265625;1716,61376953125;1716;
1254,984;38,23117446899414;1712,68994140625;1716;
1254,985;38,03705596923828;1724,461181640625;1716;
1254,986;38,217647552490234;1726,4228515625;1716;
1254,987;37,5941162109375;1714,6519775390625;1716;
1254,988;38,587059020996094;1716,61376953125;1716;
1254,989;38,23529052734375;1716,61376953125;1716;
1254,99;38,03764724731445;1722,499267578125;1716;
1254,991;38,222938537597656;1726,4228515625;1716;
1254,992;37,5323486328125;1720,53759765625;1716;
1254,993;38,41176223754883;1716,61376953125;1716;
1254,994;38,16529083251953;1718,5755615234375;1716;
1254,995;37,96999740600586;1726,4228515625;1716;
1254,996;38,147647857666016;1726,4228515625;1716;
1254,997;37,53176498413086;1714,6519775390625;1716;
1254,998;38,412940979003906;1714,6519775390625;1716;
1254,999;38,077056884765625;1720,53759765625;1716;
1255;37,972938537597656;1730,3466796875;1716;
1255,001;38,147647857666016;1724,461181640625;1716;
1255,002;37,53117752075195;1714,6519775390625;1716;
1255,003;38,41353225708008;1712,68994140625;1716;
1255,004;38,07764434814453;1720,53759765625;1716;
1255,005;37,971763610839844;1730,3466796875;1716;
1255,006;38,14882278442383;1726,4228515625;1716;
1255,007;37,53117752075195;1712,68994140625;1716;
1255,008;38,41353225708008;1712,68994140625;1716;
1255,009;38,07764434814453;1720,53759765625;1716;
1255,01;37,971763610839844;1732,3084716796875;1716;
1255,011;38,14882278442383;1726,4228515625;1716;
1255,012;37,53117752075195;1714,6519775390625;1716;
1255,013;38,41353225708008;1710,728271484375;1716;
1255,014;38,078819274902344;1720,53759765625;1716;
1255,015;37,971763610839844;1730,3466796875;1716;
1255,016;38,16646957397461;1722,499267578125;1716;
1255,017;37,53117752075195;1712,68994140625;1716;
1255,018;38,41353225708008;1712,68994140625;1716;
1255,019;38,07764434814453;1720,53759765625;1716;
1255,02;37,971763610839844;1730,3466796875;1716;
1255,021;38,16646957397461;1720,53759765625;1716;
1255,022;37,53117752075195;1712,68994140625;1716;
1255,023;38,41353225708008;1712,68994140625;1716;
1255,024;38,07999801635742;1722,499267578125;1716;
1255,025;37,971763610839844;1726,4228515625;1716;
1255,026;38,16646957397461;1722,499267578125;1716;
1255,027;37,53117752075195;1716,61376953125;1716;
1255,028;38,41353225708008;1718,5755615234375;1716;
1255,029;38,07999801635742;1724,461181640625;1716;
1255,03;37,971763610839844;1726,4228515625;1716;
1255,031;38,16646957397461;1720,53759765625;1716;
1255,032;37,53117752075195;1714,6519775390625;1716;
1255,033;38,14882278442383;1724,461181640625;1716;
1255,034;38,07823181152344;1724,461181640625;1716;
1255,035;37,97235107421875;1726,4228515625;1716;
1255,036;38,16646957397461;1718,5755615234375;1716;
1255,037;37,53117752075195;1712,68994140625;1716;
1255,038;38,41353225708008;1722,499267578125;1716;
1255,039;38,07823181152344;1726,4228515625;1716;
1255,04;37,971763610839844;1724,461181640625;1716;
1255,041;38,16646957397461;1708,766357421875;1716;
1255,042;37,53117752075195;1714,6519775390625;1716;
1255,043;38,14882278442383;1722,499267578125;1716;
1255,044;38,07823181152344;1728,3848876953125;1716;
1255,045;37,971763610839844;1726,4228515625;1716;
1255,046;38,16646957397461;1710,728271484375;1716;
1255,047;37,53117752075195;1712,68994140625;1716;
1255,048;38,14882278442383;1722,499267578125;1716;
1255,049;38,07823181152344;1732,3084716796875;1716;
1255,05;37,971763610839844;1726,4228515625;1716;
1255,051;38,16646957397461;1708,766357421875;1716;
1255,052;37,53117752075195;1712,68994140625;1716;
1255,053;38,14882278442383;1726,4228515625;1716;
1255,054;38,07823181152344;1730,3466796875;1716;
1255,055;37,971763610839844;1726,4228515625;1716;
1255,056;38,16646957397461;1708,766357421875;1716;
1255,057;37,53117752075195;1710,728271484375;1716;
1255,058;38,14882278442383;1722,499267578125;1716;
1255,059;38,07823181152344;1730,3466796875;1716;
1255,06;37,97235107421875;1728,3848876953125;1716;
1255,061;38,16646957397461;1708,766357421875;1716;
1255,062;37,53117752075195;1712,68994140625;1716;
1255,063;38,14882278442383;1726,4228515625;1716;
1255,064;38,07823181152344;1730,3466796875;1716;
1255,065;38,412940979003906;1724,461181640625;1716;
1255,066;38,16646957397461;1712,68994140625;1716;
1255,067;37,53117752075195;1712,68994140625;1716;
1255,068;38,14882278442383;1722,499267578125;1716;
1255,069;38,07823181152344;1730,3466796875;1716;
1255,07;38,412940979003906;1724,461181640625;1716;
1255,071;38,16646957397461;1714,6519775390625;1716;
1255,072;37,53117752075195;1714,6519775390625;1716;
1255,073;38,14882278442383;1724,461181640625;1716;
1255,074;38,07823181152344;1728,3848876953125;1716;
1255,075;38,412940979003906;1712,68994140625;1716;
1255,076;38,16646957397461;1712,68994140625;1716;
1255,077;37,53117752075195;1716,61376953125;1716;
1255,078;38,14882278442383;1726,4228515625;1716;
1255,079;38,07823181152344;1728,3848876953125;1716;
1255,08;38,412940979003906;1712,68994140625;1716;
1255,081;38,167057037353516;1714,6519775390625;1716;
1255,082;37,53117752075195;1720,53759765625;1716;
1255,083;38,14882278442383;1726,4228515625;1716;
1255,084;38,07823181152344;1726,4228515625;1716;
1255,085;38,41353225708008;1714,6519775390625;1716;
1255,086;38,167057037353516;1710,728271484375;1716;
1255,087;37,97235107421875;1720,53759765625;1716;
1255,088;38,14882278442383;1732,3084716796875;1716;
1255,089;38,07823181152344;1728,3848876953125;1716;
1255,09;38,41353225708008;1710,728271484375;1716;
1255,091;38,167057037353516;1708,766357421875;1716;
1255,092;37,97235107421875;1722,499267578125;1716;
1255,093;38,14882278442383;1730,3466796875;1716;
1255,094;38,07823181152344;1728,3848876953125;1716;
1255,095;38,41353225708008;1712,68994140625;1716;
1255,096;38,167057037353516;1708,766357421875;1716;
1255,097;37,97235107421875;1722,499267578125;1716;
1255,098;38,14882278442383;1732,3084716796875;1716;
1255,099;38,07823181152344;1730,3466796875;1716;
1255,1;38,41353225708008;1714,6519775390625;1716;
1255,101;38,167057037353516;1708,766357421875;1716;
1255,102;37,97235107421875;1722,499267578125;1716;
1255,103;38,14882278442383;1732,3084716796875;1716;
1255,104;37,53117752075195;1730,3466796875;1716;
1255,105;38,41353225708008;1716,61376953125;1716;
1255,106;38,16646957397461;1708,766357421875;1716;
1255,107;37,97235107421875;1724,461181640625;1716;
1255,108;38,14882278442383;1730,3466796875;1716;
1255,109;37,53117752075195;1728,3848876953125;1716;
1255,11;38,41353225708008;1716,61376953125;1716;
1255,111;38,16646957397461;1710,728271484375;1716;
1255,112;37,971763610839844;1720,53759765625;1716;
1255,113;38,14882278442383;1728,3848876953125;1716;
1255,114;37,529998779296875;1722,499267578125;1716;
1255,115;38,41353225708008;1716,61376953125;1716;
1255,116;38,16646957397461;1712,68994140625;1716;
1255,117;37,97235107421875;1726,4228515625;1716;
1255,118;38,14882278442383;1728,3848876953125;1716;
1255,119;37,53117752075195;1716,61376953125;1716;
1255,12;38,4152946472168;1716,61376953125;1716;
1255,121;38,16529083251953;1716,61376953125;1716;
1255,122;37,974117279052734;1722,499267578125;1716;
1255,123;38,147647857666016;1724,461181640625;1716;
1255,124;37,53117752075195;1720,53759765625;1716;
1255,125;38,326473236083984;1716,61376953125;1716;
1255,126;38,079410552978516;1718,5755615234375;1716;
1255,127;37,88235092163086;1732,3084716796875;1716;
1255,128;38,05882263183594;1726,4228515625;1716;
1255,129;37,44117736816406;1716,61376953125;1716;
1255,13;38,32588195800781;1714,6519775390625;1716;
1255,131;37,98823547363281;1720,53759765625;1716;
1255,132;37,88235092163086;1732,3084716796875;1716;
1255,133;38,05882263183594;1726,4228515625;1716;
1255,134;37,44117736816406;1714,6519775390625;1716;
1255,135;38,32353210449219;1714,6519775390625;1716;
1255,136;37,98823547363281;1720,53759765625;1716;
1255,137;37,88235092163086;1730,3466796875;1716;
1255,138;38,05882263183594;1726,4228515625;1716;
1255,139;37,44117736816406;1712,68994140625;1716;
1255,14;38,32353210449219;1712,68994140625;1716;
1255,141;37,98823547363281;1720,53759765625;1716;
1255,142;37,88235092163086;1732,3084716796875;1716;
1255,143;38,05882263183594;1726,4228515625;1716;
1255,144;37,44117736816406;1712,68994140625;1716;
1255,145;38,32353210449219;1720,53759765625;1716;
1255,146;37,98823547363281;1720,53759765625;1716;
1255,147;37,88235092163086;1730,3466796875;1716;
1255,148;38,05882263183594;1726,4228515625;1716;
1255,149;37,44117736816406;1716,61376953125;1716;
1255,15;38,32353210449219;1712,68994140625;1716;
1255,151;37,98823547363281;1720,53759765625;1716;
1255,152;37,88235092163086;1730,3466796875;1716;
1255,153;38,07646942138672;1728,3848876953125;1716;
1255,154;37,44117736816406;1714,6519775390625;1716;
1255,155;38,32353210449219;1714,6519775390625;1716;
1255,156;37,98823547363281;1722,499267578125;1716;
1255,157;37,88235092163086;1728,3848876953125;1716;
1255,158;38,07646942138672;1708,766357421875;1716;
1255,159;37,44117736816406;1714,6519775390625;1716;
1255,16;38,32353210449219;1718,5755615234375;1716;
1255,161;37,98823547363281;1722,499267578125;1716;
1255,162;37,88235092163086;1724,461181640625;1716;
1255,163;38,07646942138672;1720,53759765625;1716;
1255,164;37,44117736816406;1716,61376953125;1716;
1255,165;38,121761322021484;1722,499267578125;1716;
1255,166;38,05352783203125;1724,461181640625;1716;
1255,167;37,94352722167969;1724,461181640625;1716;
1255,168;38,14764404296875;1716,61376953125;1716;
1255,169;37,5164680480957;1712,68994140625;1716;
1255,17;38,142940521240234;1724,461181640625;1716;
1255,171;38,07529067993164;1734,2705078125;1716;
1255,172;37,966468811035156;1726,4228515625;1716;
1255,173;38,160587310791016;1712,68994140625;1716;
1255,174;37,53411865234375;1714,6519775390625;1716;
1255,175;38,14588165283203;1726,4228515625;1716;
1255,176;38,06999588012695;1732,3084716796875;1716;
1255,177;37,96940994262695;1724,461181640625;1716;
1255,178;38,159996032714844;1708,766357421875;1716;
1255,179;37,518821716308594;1710,728271484375;1716;
1255,18;38,13176345825195;1726,4228515625;1716;
1255,181;38,05764389038086;1732,3084716796875;1716;
1255,182;37,95176315307617;1728,3848876953125;1716;
1255,183;38,13999938964844;1708,766357421875;1716;
1255,184;37,50470733642578;1712,68994140625;1716;
1255,185;38,12528991699219;1726,4228515625;1716;
1255,186;38,05234909057617;1730,3466796875;1716;
1255,187;38,38764572143555;1726,4228515625;1716;
1255,188;38,13470458984375;1708,766357421875;1716;
1255,189;37,50176239013672;1712,68994140625;1716;
1255,19;38,20000076293945;1726,4228515625;1716;
1255,191;38,139408111572266;1732,3084716796875;1716;
1255,192;38,48235321044922;1728,3848876953125;1716;
1255,193;38,235877990722656;1714,6519775390625;1716;
1255,194;37,5941162109375;1720,53759765625;1716;
1255,195;38,22587966918945;1724,461181640625;1716;
1255,196;38,14293670654297;1730,3466796875;1716;
1255,197;38,47705841064453;1724,461181640625;1716;
