time;USER_CPU_Load;USER_SPEED_MEAS;USER_SPEED_REF;
1117,978;37,971763610839844;1722,499267578125;1716;
1117,979;38,148231506347656;1724,461181640625;1716;
1117,98;38,07823181152344;1728,3848876953125;1716;
1117,981;37,97235107421875;1724,461181640625;1716;
1117,982;38,16646957397461;1710,728271484375;1716;
1117,983;37,53058624267578;1710,728271484375;1716;
1117,984;38,148231506347656;1724,461181640625;1716;
1117,985;38,07823181152344;1730,3466796875;1716;
1117,986;37,97235107421875;1728,3848876953125;1716;
1117,987;38,16646957397461;1710,728271484375;1716;
1117,988;37,53117752075195;1710,728271484375;1716;
1117,989;38,14882278442383;1722,499267578125;1716;
1117,99;38,07823181152344;1730,3466796875;1716;
1117,991;38,41353225708008;1724,461181640625;1716;
1117,992;38,16587829589844;1706,8046875;1716;
1117,993;37,53058624267578;1710,728271484375;1716;
1117,994;38,148231506347656;1724,461181640625;1716;
1117,995;38,07823181152344;1730,3466796875;1716;
1117,996;38,412353515625;1722,499267578125;1716;
1117,997;38,16823196411133;1710,728271484375;1716;
1117,998;37,53117752075195;1710,728271484375;1716;
1117,999;38,149410247802734;1722,499267578125;1716;
1118;38,07999801635742;1728,3848876953125;1716;
1118,001;38,410587310791016;1726,4228515625;1716;
1118,002;38,16176223754883;1708,766357421875;1716;
1118,003;37,44411849975586;1710,728271484375;1716;
1118,004;38,061763763427734;1724,461181640625;1716;
1118,005;37,98823547363281;1728,3848876953125;1716;
1118,006;38,32353210449219;1724,461181640625;1716;
1118,007;38,07646942138672;1712,68994140625;1716;
1118,008;37,88235092163086;1720,53759765625;1716;
1118,009;38,07646942138672;1722,499267578125;1716;
1118,01;37,98823547363281;1726,4228515625;1716;
1118,011;38,32353210449219;1722,499267578125;1716;
1118,012;38,07646942138672;1710,728271484375;1716;
1118,013;37,88235092163086;1720,53759765625;1716;
1118,014;38,05882263183594;1724,461181640625;1716;
1118,015;37,98823547363281;1726,4228515625;1716;
1118,016;38,32353210449219;1718,5755615234375;1716;
1118,017;38,07646942138672;1710,728271484375;1716;
1118,018;37,44117736816406;1720,53759765625;1716;
1118,019;38,05882263183594;1724,461181640625;1716;
1118,02;37,98823547363281;1724,461181640625;1716;
1118,021;38,32353210449219;1714,6519775390625;1716;
1118,022;38,07646942138672;1710,728271484375;1716;
1118,023;37,88235092163086;1720,53759765625;1716;
1118,024;38,05882263183594;1726,4228515625;1716;
1118,025;37,98823547363281;1726,4228515625;1716;
1118,026;38,32353210449219;1714,6519775390625;1716;
1118,027;38,07646942138672;1710,728271484375;1716;
1118,028;37,88235092163086;1720,53759765625;1716;
1118,029;38,05882263183594;1730,3466796875;1716;
1118,03;37,98823547363281;1726,4228515625;1716;
1118,031;38,32353210449219;1708,766357421875;1716;
1118,032;38,07646942138672;1708,766357421875;1716;
1118,033;37,88235092163086;1722,499267578125;1716;
1118,034;38,05882263183594;1730,3466796875;1716;
1118,035;37,98823547363281;1726,4228515625;1716;
1118,036;38,32353210449219;1710,728271484375;1716;
1118,037;38,07646942138672;1708,766357421875;1716;
1118,038;37,88235092163086;1720,53759765625;1716;
1118,039;38,05882263183594;1732,3084716796875;1716;
1118,04;37,98823547363281;1730,3466796875;1716;
1118,041;38,32353210449219;1708,766357421875;1716;
1118,042;36,8476448059082;1708,766357421875;1716;
1118,043;37,945289611816406;1722,499267578125;1716;
1118,044;38,121177673339844;1726,4228515625;1716;
1118,045;37,51058578491211;1728,3848876953125;1716;
1118,046;38,39411926269531;1714,6519775390625;1716;
1118,047;38,15764617919922;1710,728271484375;1716;
1118,048;37,966468811035156;1722,499267578125;1716;
1118,049;38,142940521240234;1732,3084716796875;1716;
1118,05;37,5223503112793;1730,3466796875;1716;
1118,051;38,40764617919922;1714,6519775390625;1716;
1118,052;38,16646957397461;1714,6519775390625;1716;
1118,053;37,966468811035156;1722,499267578125;1716;
1118,054;38,14882278442383;1728,3848876953125;1716;
1118,055;37,525291442871094;1722,499267578125;1716;
1118,056;38,4058837890625;1714,6519775390625;1716;
1118,057;38,155879974365234;1710,728271484375;1716;
1118,058;37,955291748046875;1728,3848876953125;1716;
1118,059;38,12705993652344;1724,461181640625;1716;
1118,06;37,50764465332031;1722,499267578125;1716;
1118,061;38,388824462890625;1716,61376953125;1716;
1118,062;38,051761627197266;1720,53759765625;1716;
1118,063;37,94588088989258;1722,499267578125;1716;
1118,064;38,119998931884766;1724,461181640625;1716;
1118,065;37,50529479980469;1716,61376953125;1716;
1118,066;38,38176345825195;1714,6519775390625;1716;
1118,067;38,22235107421875;1716,61376953125;1716;
1118,068;38,02705764770508;1728,3848876953125;1716;
1118,069;38,207645416259766;1726,4228515625;1716;
1118,07;37,598819732666016;1716,61376953125;1716;
1118,071;38,4900016784668;1714,6519775390625;1716;
1118,072;38,15176010131836;1720,53759765625;1716;
1118,073;38,049407958984375;1724,461181640625;1716;
1118,074;38,209999084472656;1724,461181640625;1716;
1118,075;37,5941162109375;1714,6519775390625;1716;
1118,076;38,476470947265625;1716,61376953125;1716;
1118,077;38,14293670654297;1720,53759765625;1716;
1118,078;38,04235076904297;1728,3848876953125;1716;
1118,079;38,21940994262695;1726,4228515625;1716;
1118,08;37,60940933227539;1710,728271484375;1716;
1118,081;38,482940673828125;1712,68994140625;1716;
1118,082;38,148231506347656;1720,53759765625;1716;
1118,083;38,03058624267578;1730,3466796875;1716;
1118,084;38,21117401123047;1726,4228515625;1716;
1118,085;37,608821868896484;1712,68994140625;1716;
1118,086;38,492942810058594;1712,68994140625;1716;
1118,087;38,17234802246094;1720,53759765625;1716;
1118,088;38,072349548339844;1730,3466796875;1716;
1118,089;38,269996643066406;1724,461181640625;1716;
1118,09;37,634117126464844;1710,728271484375;1716;
1118,091;38,519412994384766;1712,68994140625;1716;
1118,092;38,1852912902832;1720,53759765625;1716;
1118,093;38,07411575317383;1726,4228515625;1716;
1118,094;38,26117706298828;1724,461181640625;1716;
1118,095;37,62352752685547;1710,728271484375;1716;
1118,096;38,500587463378906;1712,68994140625;1716;
1118,097;38,16411590576172;1722,499267578125;1716;
1118,098;38,05234909057617;1726,4228515625;1716;
1118,099;38,24117660522461;1724,461181640625;1716;
1118,1;37,60588073730469;1712,68994140625;1716;
1118,101;38,48235321044922;1714,6519775390625;1716;
1118,102;38,14352798461914;1722,499267578125;1716;
1118,103;38,036468505859375;1726,4228515625;1716;
1118,104;38,230587005615234;1726,4228515625;1716;
1118,105;37,593528747558594;1712,68994140625;1716;
1118,106;38,217647552490234;1720,53759765625;1716;
1118,107;38,13999557495117;1722,499267578125;1716;
1118,108;38,034114837646484;1726,4228515625;1716;
1118,109;38,22999954223633;1720,53759765625;1716;
1118,11;37,59646987915039;1714,6519775390625;1716;
1118,111;38,21117401123047;1724,461181640625;1716;
1118,112;38,147056579589844;1722,499267578125;1716;
1118,113;38,036468505859375;1724,461181640625;1716;
1118,114;38,234703063964844;1712,68994140625;1716;
1118,115;37,59587860107422;1712,68994140625;1716;
1118,116;38,21529006958008;1720,53759765625;1716;
1118,117;38,141761779785156;1724,461181640625;1716;
1118,118;38,038818359375;1724,461181640625;1716;
1118,119;38,22882080078125;1710,728271484375;1716;
1118,12;37,598236083984375;1712,68994140625;1716;
1118,121;38,21058654785156;1722,499267578125;1716;
1118,122;38,14352798461914;1728,3848876953125;1716;
1118,123;38,036468505859375;1726,4228515625;1716;
1118,124;38,23117446899414;1710,728271484375;1716;
1118,125;37,5941162109375;1712,68994140625;1716;
1118,126;38,21529006958008;1724,461181640625;1716;
1118,127;38,14293670654297;1728,3848876953125;1716;
1118,128;38,03705596923828;1724,461181640625;1716;
1118,129;38,234703063964844;1710,728271484375;1716;
1118,13;37,59293746948242;1710,728271484375;1716;
1118,131;38,21117401123047;1722,499267578125;1716;
1118,132;38,14117431640625;1730,3466796875;1716;
1118,133;38,03588104248047;1726,4228515625;1716;
1118,134;38,23117446899414;1708,766357421875;1716;
1118,135;37,59529113769531;1710,728271484375;1716;
1118,136;38,21352767944336;1724,461181640625;1716;
1118,137;38,147056579589844;1730,3466796875;1716;
1118,138;38,478233337402344;1726,4228515625;1716;
1118,139;38,22999954223633;1706,8046875;1716;
1118,14;37,59587860107422;1712,68994140625;1716;
1118,141;38,21470260620117;1722,499267578125;1716;
1118,142;38,14234924316406;1730,3466796875;1716;
1118,143;38,48117446899414;1728,3848876953125;1716;
1118,144;38,23176193237305;1710,728271484375;1716;
1118,145;37,5941162109375;1710,728271484375;1716;
1118,146;38,21058654785156;1722,499267578125;1716;
1118,147;38,141761779785156;1730,3466796875;1716;
1118,148;38,478233337402344;1716,61376953125;1716;
1118,149;38,23176193237305;1712,68994140625;1716;
1118,15;37,59293746948242;1710,728271484375;1716;
1118,151;38,21529006958008;1724,461181640625;1716;
1118,152;38,139408111572266;1728,3848876953125;1716;
1118,153;38,41411590576172;1716,61376953125;1716;
1118,154;38,16529083251953;1712,68994140625;1716;
1118,155;37,53176498413086;1720,53759765625;1716;
1118,156;38,14646911621094;1722,499267578125;1716;
1118,157;38,077056884765625;1726,4228515625;1716;
1118,158;38,484703063964844;1720,53759765625;1716;
1118,159;38,16587829589844;1710,728271484375;1716;
1118,16;37,97117614746094;1716,61376953125;1716;
1118,161;38,149410247802734;1726,4228515625;1716;
1118,162;38,07764434814453;1730,3466796875;1716;
1118,163;38,41411590576172;1716,61376953125;1716;
1118,164;38,16646957397461;1710,728271484375;1716;
1118,165;37,97117614746094;1720,53759765625;1716;
1118,166;38,15058898925781;1728,3848876953125;1716;
1118,167;38,07823181152344;1728,3848876953125;1716;
1118,168;38,41411590576172;1714,6519775390625;1716;
1118,169;38,167057037353516;1708,766357421875;1716;
1118,17;37,97117614746094;1722,499267578125;1716;
1118,171;38,15058898925781;1728,3848876953125;1716;
1118,172;38,07823181152344;1726,4228515625;1716;
1118,173;38,41411590576172;1712,68994140625;1716;
1118,174;38,167057037353516;1708,766357421875;1716;
1118,175;37,97117614746094;1722,499267578125;1716;
1118,176;38,15058898925781;1730,3466796875;1716;
1118,177;38,07823181152344;1730,3466796875;1716;
1118,178;38,41411590576172;1712,68994140625;1716;
1118,179;38,167057037353516;1708,766357421875;1716;
1118,18;37,97117614746094;1722,499267578125;1716;
1118,181;38,15058898925781;1732,3084716796875;1716;
1118,182;37,53117752075195;1728,3848876953125;1716;
1118,183;38,41411590576172;1716,61376953125;1716;
1118,184;38,167057037353516;1708,766357421875;1716;
1118,185;37,97117614746094;1722,499267578125;1716;
1118,186;38,15058898925781;1732,3084716796875;1716;
1118,187;37,529998779296875;1728,3848876953125;1716;
1118,188;38,41411590576172;1712,68994140625;1716;
1118,189;38,167057037353516;1706,8046875;1716;
1118,19;37,97117614746094;1724,461181640625;1716;
1118,191;38,15058898925781;1728,3848876953125;1716;
1118,192;37,53117752075195;1718,5755615234375;1716;
1118,193;38,41411590576172;1712,68994140625;1716;
1118,194;38,167057037353516;1710,728271484375;1716;
1118,195;37,97235107421875;1722,499267578125;1716;
1118,196;38,14882278442383;1724,461181640625;1716;
1118,197;37,53117752075195;1722,499267578125;1716;
1118,198;38,41411590576172;1712,68994140625;1716;
1118,199;38,16587829589844;1710,728271484375;1716;
1118,2;37,97117614746094;1730,3466796875;1716;
1118,201;38,06058883666992;1728,3848876953125;1716;
1118,202;37,53117752075195;1724,461181640625;1716;
1118,203;38,41411590576172;1716,61376953125;1716;
1118,204;38,078819274902344;1720,53759765625;1716;
1118,205;37,97117614746094;1728,3848876953125;1716;
1118,206;38,14882278442383;1726,4228515625;1716;
1118,207;37,53117752075195;1722,499267578125;1716;
1118,208;38,41411590576172;1716,61376953125;1716;
1118,209;38,078819274902344;1720,53759765625;1716;
1118,21;37,97117614746094;1724,461181640625;1716;
1118,211;38,14882278442383;1724,461181640625;1716;
1118,212;37,53117752075195;1718,5755615234375;1716;
1118,213;38,4152946472168;1712,68994140625;1716;
1118,214;38,07764434814453;1716,61376953125;1716;
1118,215;37,97117614746094;1726,4228515625;1716;
1118,216;38,14882278442383;1726,4228515625;1716;
1118,217;37,53117752075195;1708,766357421875;1716;
1118,218;38,41353225708008;1712,68994140625;1716;
1118,219;38,07764434814453;1720,53759765625;1716;
1118,22;37,97117614746094;1730,3466796875;1716;
1118,221;38,14882278442383;1724,461181640625;1716;
1118,222;37,53117752075195;1714,6519775390625;1716;
1118,223;38,4152946472168;1714,6519775390625;1716;
1118,224;38,07764434814453;1718,5755615234375;1716;
1118,225;37,97117614746094;1732,3084716796875;1716;
1118,226;38,16646957397461;1726,4228515625;1716;
1118,227;37,53117752075195;1710,728271484375;1716;
1118,228;38,4152946472168;1712,68994140625;1716;
1118,229;38,07764434814453;1720,53759765625;1716;
1118,23;37,97117614746094;1728,3848876953125;1716;
1118,231;38,16646957397461;1726,4228515625;1716;
1118,232;37,53117752075195;1714,6519775390625;1716;
1118,233;38,41353225708008;1714,6519775390625;1716;
1118,234;38,07764434814453;1722,499267578125;1716;
1118,235;37,97117614746094;1730,3466796875;1716;
1118,236;38,16646957397461;1728,3848876953125;1716;
1118,237;37,53117752075195;1712,68994140625;1716;
1118,238;38,4152946472168;1720,53759765625;1716;
1118,239;38,078819274902344;1722,499267578125;1716;
1118,24;37,972938537597656;1728,3848876953125;1716;
1118,241;38,16646957397461;1720,53759765625;1716;
1118,242;37,53117752075195;1714,6519775390625;1716;
1118,243;38,14882278442383;1718,5755615234375;1716;
1118,244;38,078819274902344;1722,499267578125;1716;
1118,245;37,972938537597656;1726,4228515625;1716;
1118,246;38,16646957397461;1716,61376953125;1716;
1118,247;37,53117752075195;1712,68994140625;1716;
1118,248;38,4152946472168;1716,61376953125;1716;
1118,249;38,07764434814453;1720,53759765625;1716;
1118,25;37,972938537597656;1724,461181640625;1716;
1118,251;38,16646957397461;1710,728271484375;1716;
1118,252;37,53117752075195;1712,68994140625;1716;
1118,253;38,15058898925781;1722,499267578125;1716;
1118,254;38,07764434814453;1728,3848876953125;1716;
1118,255;37,972938537597656;1726,4228515625;1716;
1118,256;38,16646957397461;1708,766357421875;1716;
1118,257;37,53117752075195;1714,6519775390625;1716;
1118,258;38,15058898925781;1724,461181640625;1716;
1118,259;38,07764434814453;1728,3848876953125;1716;
1118,26;37,972938537597656;1726,4228515625;1716;
1118,261;38,16646957397461;1714,6519775390625;1716;
1118,262;37,529998779296875;1712,68994140625;1716;
1118,263;38,15058898925781;1724,461181640625;1716;
1118,264;38,078819274902344;1730,3466796875;1716;
1118,265;37,972938537597656;1726,4228515625;1716;
1118,266;38,16646957397461;1708,766357421875;1716;
1118,267;37,529998779296875;1710,728271484375;1716;
1118,268;38,15058898925781;1724,461181640625;1716;
1118,269;38,078819274902344;1730,3466796875;1716;
1118,27;37,97235107421875;1724,461181640625;1716;
1118,271;38,16646957397461;1708,766357421875;1716;
1118,272;37,53117752075195;1712,68994140625;1716;
1118,273;38,15058898925781;1722,499267578125;1716;
1118,274;38,07764434814453;1730,3466796875;1716;
1118,275;38,41353225708008;1726,4228515625;1716;
1118,276;38,16529083251953;1712,68994140625;1716;
1118,277;37,529998779296875;1716,61376953125;1716;
1118,278;38,14882278442383;1722,499267578125;1716;
1118,279;38,07764434814453;1730,3466796875;1716;
1118,28;38,4152946472168;1724,461181640625;1716;
1118,281;38,16587829589844;1710,728271484375;1716;
1118,282;37,53117752075195;1712,68994140625;1716;
1118,283;38,14882278442383;1722,499267578125;1716;
1118,284;38,07999801635742;1730,3466796875;1716;
1118,285;38,416473388671875;1716,61376953125;1716;
1118,286;38,079410552978516;1710,728271484375;1716;
1118,287;37,44411849975586;1716,61376953125;1716;
1118,288;38,05882263183594;1722,499267578125;1716;
1118,289;37,98823547363281;1726,4228515625;1716;
1118,29;38,32353210449219;1714,6519775390625;1716;
1118,291;38,07646942138672;1710,728271484375;1716;
1118,292;37,44117736816406;1712,68994140625;1716;
1118,293;38,05882263183594;1724,461181640625;1716;
1118,294;37,98823547363281;1728,3848876953125;1716;
1118,295;38,32353210449219;1716,61376953125;1716;
1118,296;38,07646942138672;1710,728271484375;1716;
1118,297;37,44117736816406;1722,499267578125;1716;
1118,298;38,05882263183594;1732,3084716796875;1716;
1118,299;37,98823547363281;1728,3848876953125;1716;
1118,3;38,32353210449219;1712,68994140625;1716;
1118,301;38,07646942138672;1710,728271484375;1716;
1118,302;37,88235092163086;1722,499267578125;1716;
1118,303;38,05882263183594;1728,3848876953125;1716;
1118,304;37,98823547363281;1726,4228515625;1716;
1118,305;38,32353210449219;1712,68994140625;1716;
1118,306;38,07646942138672;1714,6519775390625;1716;
1118,307;37,88235092163086;1720,53759765625;1716;
1118,308;38,05882263183594;1732,3084716796875;1716;
1118,309;37,98823547363281;1728,3848876953125;1716;
1118,31;38,32353210449219;1710,728271484375;1716;
1118,311;38,07646942138672;1708,766357421875;1716;
1118,312;37,88235092163086;1722,499267578125;1716;
1118,313;38,05882263183594;1730,3466796875;1716;
1118,314;37,98823547363281;1728,3848876953125;1716;
1118,315;38,32353210449219;1714,6519775390625;1716;
1118,316;38,07646942138672;1708,766357421875;1716;
1118,317;37,88235092163086;1722,499267578125;1716;
1118,318;38,05882263183594;1732,3084716796875;1716;
1118,319;37,44117736816406;1728,3848876953125;1716;
1118,32;38,32353210449219;1710,728271484375;1716;
1118,321;38,07646942138672;1708,766357421875;1716;
1118,322;37,88235092163086;1722,499267578125;1716;
1118,323;38,05882263183594;1728,3848876953125;1716;
1118,324;37,44117736816406;1728,3848876953125;1716;
1118,325;38,32353210449219;1716,61376953125;1716;
1118,326;38,139408111572266;1708,766357421875;1716;
1118,327;37,94764709472656;1722,499267578125;1716;
1118,328;38,119998931884766;1728,3848876953125;1716;
1118,329;37,512351989746094;1726,4228515625;1716;
1118,33;38,39882278442383;1714,6519775390625;1716;
1118,331;38,160587310791016;1712,68994140625;1716;
1118,332;37,96940994262695;1724,461181640625;1716;
1118,333;38,142940521240234;1726,4228515625;1716;
1118,334;37,525291442871094;1728,3848876953125;1716;
1118,335;38,416473388671875;1718,5755615234375;1716;
1118,336;38,07529067993164;1718,5755615234375;1716;
1118,337;37,964115142822266;1722,499267578125;1716;
1118,338;38,14588165283203;1726,4228515625;1716;
1118,339;37,52470397949219;1718,5755615234375;1716;
1118,34;38,40117645263672;1716,61376953125;1716;
1118,341;38,06117630004883;1720,53759765625;1716;
1118,342;37,95058822631836;1724,461181640625;1716;
1118,343;38,12823486328125;1724,461181640625;1716;
1118,344;37,50470733642578;1716,61376953125;1716;
1118,345;38,387062072753906;1712,68994140625;1716;
1118,346;38,05470275878906;1718,5755615234375;1716;
1118,347;37,946468353271484;1724,461181640625;1716;
1118,348;38,20882034301758;1726,4228515625;1716;
1118,349;37,583526611328125;1708,766357421875;1716;
1118,35;38,470001220703125;1714,6519775390625;1716;
1118,351;38,132938385009766;1722,499267578125;1716;
1118,352;38,036468505859375;1730,3466796875;1716;
1118,353;38,23529052734375;1724,461181640625;1716;
1118,354;37,6035270690918;1712,68994140625;1716;
1118,355;38,486473083496094;1712,68994140625;1716;
1118,356;38,15470504760742;1720,53759765625;1716;
1118,357;38,03705596923828;1732,3084716796875;1716;
1118,358;38,22882080078125;1726,4228515625;1716;
1118,359;37,5976448059082;1712,68994140625;1716;
1118,36;38,478233337402344;1712,68994140625;1716;
1118,361;38,14881896972656;1720,53759765625;1716;
1118,362;38,03823471069336;1728,3848876953125;1716;
1118,363;38,221763610839844;1726,4228515625;1716;
1118,364;37,60176467895508;1712,68994140625;1716;
1118,365;38,48235321044922;1714,6519775390625;1716;
1118,366;38,15117645263672;1722,499267578125;1716;
1118,367;38,04176330566406;1728,3848876953125;1716;
1118,368;38,23999786376953;1726,4228515625;1716;
1118,369;37,6099967956543;1714,6519775390625;1716;
1118,37;38,2435302734375;1724,461181640625;1716;
1118,371;38,17764663696289;1720,53759765625;1716;
1118,372;38,07764434814453;1728,3848876953125;1716;
1118,373;38,271175384521484;1724,461181640625;1716;
1118,374;37,63646697998047;1714,6519775390625;1716;
1118,375;38,523529052734375;1720,53759765625;1716;
1118,376;38,179996490478516;1722,499267578125;1716;
1118,377;38,06999969482422;1728,3848876953125;1716;
1118,378;38,257057189941406;1720,53759765625;1716;
1118,379;37,61411666870117;1714,6519775390625;1716;
1118,38;38,49529266357422;1720,53759765625;1716;
1118,381;38,15470504760742;1722,499267578125;1716;
1118,382;38,042938232421875;1726,4228515625;1716;
1118,383;38,23823165893555;1712,68994140625;1716;
1118,384;37,5970573425293;1714,6519775390625;1716;
1118,385;38,476470947265625;1720,53759765625;1716;
1118,386;38,14293670654297;1726,4228515625;1716;
1118,387;38,03352737426758;1726,4228515625;1716;
1118,388;38,23234939575195;1714,6519775390625;1716;
1118,389;37,593528747558594;1712,68994140625;1716;
1118,39;38,21117401123047;1724,461181640625;1716;
1118,391;38,13764572143555;1730,3466796875;1716;
1118,392;38,03705596923828;1726,4228515625;1716;
1118,393;38,22999954223633;1712,68994140625;1716;
1118,394;37,5976448059082;1714,6519775390625;1716;
1118,395;38,21117401123047;1726,4228515625;1716;
1118,396;38,14411544799805;1730,3466796875;1716;
1118,397;38,03823471069336;1726,4228515625;1716;
1118,398;38,23352813720703;1710,728271484375;1716;
1118,399;37,59529113769531;1710,728271484375;1716;
1118,4;38,21058654785156;1722,499267578125;1716;
1118,401;38,141761779785156;1732,3084716796875;1716;
1118,402;38,03940963745117;1728,3848876953125;1716;
1118,403;38,22764587402344;1708,766357421875;1716;
1118,404;37,593528747558594;1710,728271484375;1716;
1118,405;38,216468811035156;1726,4228515625;1716;
1118,406;38,14646911621094;1730,3466796875;1716;
1118,407;38,03058624267578;1726,4228515625;1716;
1118,408;38,23117446899414;1712,68994140625;1716;
1118,409;37,5941162109375;1710,728271484375;1716;
1118,41;38,21058654785156;1722,499267578125;1716;
1118,411;38,13764572143555;1730,3466796875;1716;
1118,412;38,478233337402344;1722,499267578125;1716;
1118,413;38,23352813720703;1710,728271484375;1716;
1118,414;37,5976448059082;1710,728271484375;1716;
1118,415;38,217647552490234;1722,499267578125;1716;
1118,416;38,14352798461914;1730,3466796875;1716;
1118,417;38,47588348388672;1724,461181640625;1716;
1118,418;38,229408264160156;1712,68994140625;1716;
1118,419;37,59646987915039;1720,53759765625;1716;
1118,42;38,21529006958008;1722,499267578125;1716;
1118,421;38,14234924316406;1726,4228515625;1716;
1118,422;38,478824615478516;1722,499267578125;1716;
1118,423;38,22999954223633;1712,68994140625;1716;
1118,424;37,5941162109375;1716,61376953125;1716;
1118,425;38,217647552490234;1726,4228515625;1716;
1118,426;38,14117431640625;1726,4228515625;1716;
1118,427;38,478233337402344;1718,5755615234375;1716;
1118,428;38,23117446899414;1712,68994140625;1716;
1118,429;38,036468505859375;1720,53759765625;1716;
1118,43;38,21058654785156;1730,3466796875;1716;
1118,431;38,140586853027344;1728,3848876953125;1716;
1118,432;38,476470947265625;1714,6519775390625;1716;
1118,433;38,23352813720703;1712,68994140625;1716;
1118,434;38,041175842285156;1722,499267578125;1716;
1118,435;38,21117401123047;1726,4228515625;1716;
1118,436;38,07940673828125;1726,4228515625;1716;
1118,437;38,414703369140625;1714,6519775390625;1716;
1118,438;38,164703369140625;1708,766357421875;1716;
1118,439;37,971763610839844;1722,499267578125;1716;
1118,44;38,147056579589844;1732,3084716796875;1716;
1118,441;38,077056884765625;1730,3466796875;1716;
1118,442;38,41411590576172;1710,728271484375;1716;
1118,443;38,16587829589844;1708,766357421875;1716;
1118,444;37,97117614746094;1722,499267578125;1716;
1118,445;38,148231506347656;1730,3466796875;1716;
1118,446;37,53117752075195;1728,3848876953125;1716;
1118,447;38,41353225708008;1714,6519775390625;1716;
1118,448;38,16646957397461;1708,766357421875;1716;
1118,449;37,974117279052734;1720,53759765625;1716;
1118,45;38,148231506347656;1724,461181640625;1716;
1118,451;38,078819274902344;1730,3466796875;1716;
1118,452;38,41353225708008;1712,68994140625;1716;
1118,453;38,16646957397461;1708,766357421875;1716;
1118,454;37,97235107421875;1722,499267578125;1716;
1118,455;38,148231506347656;1728,3848876953125;1716;
1118,456;37,53117752075195;1728,3848876953125;1716;
1118,457;38,41353225708008;1714,6519775390625;1716;
1118,458;38,16646957397461;1708,766357421875;1716;
1118,459;37,97235107421875;1722,499267578125;1716;
1118,46;38,14882278442383;1730,3466796875;1716;
1118,461;37,53117752075195;1726,4228515625;1716;
1118,462;38,41353225708008;1716,61376953125;1716;
1118,463;38,16646957397461;1716,61376953125;1716;
1118,464;37,97235107421875;1720,53759765625;1716;
1118,465;38,14882278442383;1728,3848876953125;1716;
1118,466;37,53176498413086;1724,461181640625;1716;
1118,467;38,41353225708008;1716,61376953125;1716;
1118,468;38,16646957397461;1712,68994140625;1716;
1118,469;37,97235107421875;1722,499267578125;1716;
1118,47;38,14882278442383;1726,4228515625;1716;
1118,471;37,53176498413086;1710,728271484375;1716;
1118,472;38,41353225708008;1718,5755615234375;1716;
1118,473;38,16646957397461;1718,5755615234375;1716;
1118,474;37,97235107421875;1724,461181640625;1716;
1118,475;38,14882278442383;1724,461181640625;1716;
1118,476;37,53293991088867;1712,68994140625;1716;
1118,477;38,41353225708008;1714,6519775390625;1716;
1118,478;38,07823181152344;1718,5755615234375;1716;
1118,479;37,97235107421875;1726,4228515625;1716;
1118,48;38,14882278442383;1728,3848876953125;1716;
1118,481;37,53176498413086;1714,6519775390625;1716;
1118,482;38,412940979003906;1714,6519775390625;1716;
1118,483;38,07823181152344;1720,53759765625;1716;
1118,484;37,97235107421875;1730,3466796875;1716;
1118,485;38,14882278442383;1724,461181640625;1716;
1118,486;37,53058624267578;1712,68994140625;1716;
1118,487;38,412940979003906;1714,6519775390625;1716;
1118,488;38,07823181152344;1722,499267578125;1716;
1118,489;37,97235107421875;1730,3466796875;1716;
1118,49;38,14882278442383;1726,4228515625;1716;
1118,491;37,53058624267578;1712,68994140625;1716;
1118,492;38,412940979003906;1712,68994140625;1716;
1118,493;38,07823181152344;1720,53759765625;1716;
1118,494;37,97235107421875;1732,3084716796875;1716;
1118,495;38,14882278442383;1728,3848876953125;1716;
1118,496;37,53176498413086;1712,68994140625;1716;
1118,497;38,41353225708008;1712,68994140625;1716;
1118,498;38,07823181152344;1722,499267578125;1716;
1118,499;37,97235107421875;1730,3466796875;1716;
1118,5;38,16646957397461;1722,499267578125;1716;
1118,501;37,53058624267578;1712,68994140625;1716;
1118,502;38,41353225708008;1714,6519775390625;1716;
1118,503;38,07823181152344;1720,53759765625;1716;
1118,504;37,97235107421875;1724,461181640625;1716;
1118,505;38,16646957397461;1726,4228515625;1716;
1118,506;37,53058624267578;1714,6519775390625;1716;
1118,507;38,41353225708008;1714,6519775390625;1716;
1118,508;38,07823181152344;1722,499267578125;1716;
1118,509;37,97235107421875;1726,4228515625;1716;
1118,51;38,16646957397461;1722,499267578125;1716;
1118,511;37,53058624267578;1716,61376953125;1716;
1118,512;38,412940979003906;1718,5755615234375;1716;
1118,513;38,07823181152344;1730,3466796875;1716;
1118,514;37,97235107421875;1726,4228515625;1716;
1118,515;38,16646957397461;1718,5755615234375;1716;
1118,516;37,53058624267578;1714,6519775390625;1716;
1118,517;38,148231506347656;1724,461181640625;1716;
1118,518;38,07823181152344;1724,461181640625;1716;
1118,519;37,97235107421875;1726,4228515625;1716;
1118,52;38,16646957397461;1716,61376953125;1716;
1118,521;37,53058624267578;1712,68994140625;1716;
1118,522;38,148231506347656;1724,461181640625;1716;
1118,523;38,07823181152344;1728,3848876953125;1716;
1118,524;37,97235107421875;1726,4228515625;1716;
1118,525;38,16646957397461;1712,68994140625;1716;
1118,526;37,53293991088867;1712,68994140625;1716;
1118,527;38,148231506347656;1724,461181640625;1716;
1118,528;38,07823181152344;1728,3848876953125;1716;
1118,529;37,97235107421875;1724,461181640625;1716;
1118,53;38,16646957397461;1708,766357421875;1716;
1118,531;37,53293991088867;1710,728271484375;1716;
1118,532;38,14882278442383;1724,461181640625;1716;
1118,533;38,07823181152344;1730,3466796875;1716;
1118,534;37,97235107421875;1728,3848876953125;1716;
1118,535;38,16646957397461;1708,766357421875;1716;
1118,536;37,53117752075195;1712,68994140625;1716;
1118,537;38,148231506347656;1724,461181640625;1716;
1118,538;38,07823181152344;1730,3466796875;1716;
1118,539;38,41353225708008;1726,4228515625;1716;
1118,54;38,16646957397461;1710,728271484375;1716;
1118,541;37,53117752075195;1710,728271484375;1716;
1118,542;38,148231506347656;1724,461181640625;1716;
1118,543;38,07823181152344;1732,3084716796875;1716;
1118,544;38,41353225708008;1722,499267578125;1716;
1118,545;38,16646957397461;1710,728271484375;1716;
1118,546;37,53117752075195;1714,6519775390625;1716;
1118,547;38,148231506347656;1722,499267578125;1716;
1118,548;38,07823181152344;1730,3466796875;1716;
1118,549;38,41353225708008;1724,461181640625;1716;
1118,55;38,16646957397461;1714,6519775390625;1716;
1118,551;37,53117752075195;1712,68994140625;1716;
1118,552;38,148231506347656;1724,461181640625;1716;
1118,553;38,07823181152344;1730,3466796875;1716;
1118,554;38,41353225708008;1716,61376953125;1716;
1118,555;38,16646957397461;1714,6519775390625;1716;
1118,556;37,53176498413086;1716,61376953125;1716;
1118,557;38,147647857666016;1722,499267578125;1716;
1118,558;38,07823181152344;1726,4228515625;1716;
1118,559;38,412353515625;1718,5755615234375;1716;
1118,56;38,16823196411133;1712,68994140625;1716;
1118,561;37,53117752075195;1718,5755615234375;1716;
1118,562;38,14882278442383;1730,3466796875;1716;
1118,563;38,07823181152344;1728,3848876953125;1716;
1118,564;38,412353515625;1714,6519775390625;1716;
1118,565;38,16587829589844;1708,766357421875;1716;
1118,566;37,970584869384766;1724,461181640625;1716;
1118,567;38,15353012084961;1728,3848876953125;1716;
1118,568;38,0811767578125;1726,4228515625;1716;
1118,569;38,40999984741211;1714,6519775390625;1716;
1118,57;38,079410552978516;1708,766357421875;1716;
1118,571;37,88764572143555;1722,499267578125;1716;
1118,572;38,05882263183594;1730,3466796875;1716;
1118,573;37,98823547363281;1728,3848876953125;1716;
1118,574;38,32588195800781;1712,68994140625;1716;
1118,575;38,07646942138672;1708,766357421875;1716;
1118,576;37,88235092163086;1722,499267578125;1716;
1118,577;38,05882263183594;1732,3084716796875;1716;
1118,578;37,98823547363281;1728,3848876953125;1716;
1118,579;38,32353210449219;1714,6519775390625;1716;
1118,58;38,07646942138672;1706,8046875;1716;
1118,581;37,88235092163086;1722,499267578125;1716;
1118,582;38,05882263183594;1732,3084716796875;1716;
1118,583;37,44117736816406;1722,499267578125;1716;
1118,584;38,32353210449219;1712,68994140625;1716;
1118,585;38,07646942138672;1708,766357421875;1716;
1118,586;37,88235092163086;1720,53759765625;1716;
1118,587;38,05882263183594;1728,3848876953125;1716;
1118,588;37,44117736816406;1730,3466796875;1716;
1118,589;38,32353210449219;1712,68994140625;1716;
1118,59;38,07646942138672;1708,766357421875;1716;
1118,591;37,88235092163086;1722,499267578125;1716;
1118,592;38,05882263183594;1730,3466796875;1716;
1118,593;37,44117736816406;1722,499267578125;1716;
1118,594;38,32353210449219;1716,61376953125;1716;
1118,595;37,98823547363281;1716,61376953125;1716;
1118,596;37,88235092163086;1720,53759765625;1716;
1118,597;38,05882263183594;1728,3848876953125;1716;
1118,598;37,44117736816406;1726,4228515625;1716;
1118,599;38,32353210449219;1714,6519775390625;1716;
1118,6;38,07646942138672;1714,6519775390625;1716;
1118,601;37,88235092163086;1722,499267578125;1716;
1118,602;38,05882263183594;1726,4228515625;1716;
1118,603;37,44117736816406;1722,499267578125;1716;
1118,604;38,32353210449219;1716,61376953125;1716;
1118,605;37,98823547363281;1716,61376953125;1716;
1118,606;37,88235092163086;1724,461181640625;1716;
1118,607;38,05882263183594;1726,4228515625;1716;
1118,608;37,44117736816406;1712,68994140625;1716;
1118,609;38,38470458984375;1716,61376953125;1716;
1118,61;37,959999084472656;1718,5755615234375;1716;
1118,611;37,93940734863281;1726,4228515625;1716;
1118,612;38,12528991699219;1726,4228515625;1716;
1118,613;37,51176452636719;1716,61376953125;1716;
1118,614;38,401763916015625;1716,61376953125;1716;
1118,615;38,072349548339844;1718,5755615234375;1716;
1118,616;37,96940994262695;1732,3084716796875;1716;
1118,617;38,13999938964844;1726,4228515625;1716;
1118,618;37,52176284790039;1710,728271484375;1716;
1118,619;38,410587310791016;1714,6519775390625;1716;
1118,62;38,07529067993164;1722,499267578125;1716;
1118,621;37,96705627441406;1732,3084716796875;1716;
1118,622;38,142940521240234;1726,4228515625;1716;
1118,623;37,521175384521484;1712,68994140625;1716;
1118,624;38,39882278442383;1712,68994140625;1716;
1118,625;38,06175994873047;1718,5755615234375;1716;
1118,626;37,94999694824219;1732,3084716796875;1716;
1118,627;38,13999938964844;1728,3848876953125;1716;
1118,628;37,5064697265625;1712,68994140625;1716;
1118,629;38,387062072753906;1712,68994140625;1716;
1118,63;38,05234909057617;1722,499267578125;1716;
1118,631;37,946468353271484;1728,3848876953125;1716;
1118,632;38,222938537597656;1722,499267578125;1716;
1118,633;37,5847053527832;1712,68994140625;1716;
1118,634;38,46706008911133;1716,61376953125;1716;
1118,635;38,130584716796875;1720,53759765625;1716;
1118,636;38,03293991088867;1726,4228515625;1716;
1118,637;38,23823165893555;1726,4228515625;1716;
1118,638;37,59646987915039;1714,6519775390625;1716;
1118,639;38,494117736816406;1714,6519775390625;1716;
1118,64;38,145877838134766;1724,461181640625;1716;
1118,641;38,027645111083984;1728,3848876953125;1716;
1118,642;38,23117446899414;1722,499267578125;1716;
1118,643;37,60176467895508;1714,6519775390625;1716;
1118,644;38,478233337402344;1716,61376953125;1716;
1118,645;38,14470291137695;1730,3466796875;1716;
1118,646;38,04176330566406;1726,4228515625;1716;
1118,647;38,237056732177734;1718,5755615234375;1716;
1118,648;37,599998474121094;1712,68994140625;1716;
1118,649;38,21529006958008;1722,499267578125;1716;
1118,65;38,14293670654297;1730,3466796875;1716;
1118,651;38,0288200378418;1724,461181640625;1716;
1118,652;38,237056732177734;1708,766357421875;1716;
1118,653;37,61882019042969;1712,68994140625;1716;
1118,654;38,244117736816406;1722,499267578125;1716;
1118,655;38,17940902709961;1730,3466796875;1716;
1118,656;38,07646942138672;1726,4228515625;1716;
1118,657;38,27058792114258;1708,766357421875;1716;
1118,658;37,63705825805664;1712,68994140625;1716;
1118,659;38,254703521728516;1726,4228515625;1716;
1118,66;38,174705505371094;1732,3084716796875;1716;
1118,661;38,508235931396484;1716,61376953125;1716;
1118,662;38,25529098510742;1710,728271484375;1716;
1118,663;37,617645263671875;1710,728271484375;1716;
1118,664;38,228233337402344;1724,461181640625;1716;
1118,665;38,15764617919922;1730,3466796875;1716;
1118,666;38,47941207885742;1724,461181640625;1716;
1118,667;38,22999954223633;1708,766357421875;1716;
1118,668;37,592350006103516;1710,728271484375;1716;
1118,669;38,21058654785156;1724,461181640625;1716;
1118,67;38,14646911621094;1732,3084716796875;1716;
1118,671;38,47705841064453;1726,4228515625;1716;
1118,672;38,230587005615234;1708,766357421875;1716;
1118,673;37,59293746948242;1710,728271484375;1716;
1118,674;38,211761474609375;1724,461181640625;1716;
1118,675;38,14646911621094;1732,3084716796875;1716;
1118,676;38,47058868408203;1726,4228515625;1716;
1118,677;38,23234939575195;1710,728271484375;1716;
1118,678;37,59587860107422;1716,61376953125;1716;
1118,679;38,218231201171875;1724,461181640625;1716;
1118,68;38,13999557495117;1728,3848876953125;1716;
1118,681;38,47764587402344;1720,53759765625;1716;
1118,682;38,22646713256836;1712,68994140625;1716;
1118,683;38,034706115722656;1728,3848876953125;1716;
1118,684;38,21411895751953;1726,4228515625;1716;
1118,685;38,14293670654297;1728,3848876953125;1716;
1118,686;38,47941207885742;1720,53759765625;1716;
1118,687;38,23352813720703;1714,6519775390625;1716;
1118,688;38,034114837646484;1724,461181640625;1716;
1118,689;38,211761474609375;1730,3466796875;1716;
1118,69;38,14117431640625;1728,3848876953125;1716;
1118,691;38,48176574707031;1718,5755615234375;1716;
1118,692;38,23293685913086;1712,68994140625;1716;
1118,693;38,034114837646484;1716,61376953125;1716;
1118,694;38,21235275268555;1730,3466796875;1716;
1118,695;38,14411544799805;1728,3848876953125;1716;
1118,696;38,47941207885742;1712,68994140625;1716;
1118,697;38,23529052734375;1708,766357421875;1716;
1118,698;38,034114837646484;1722,499267578125;1716;
1118,699;38,21235275268555;1728,3848876953125;1716;
1118,7;38,14234924316406;1730,3466796875;1716;
1118,701;38,47705841064453;1712,68994140625;1716;
1118,702;38,23293685913086;1710,728271484375;1716;
1118,703;38,03764724731445;1722,499267578125;1716;
1118,704;38,216468811035156;1728,3848876953125;1716;
1118,705;38,140586853027344;1728,3848876953125;1716;
1118,706;38,47588348388672;1712,68994140625;1716;
1118,707;38,230587005615234;1708,766357421875;1716;
1118,708;38,036468505859375;1722,499267578125;1716;
1118,709;38,21411895751953;1732,3084716796875;1716;
1118,71;38,14411544799805;1728,3848876953125;1716;
1118,711;38,48235321044922;1712,68994140625;1716;
1118,712;38,22999954223633;1708,766357421875;1716;
1118,713;38,0352897644043;1724,461181640625;1716;
1118,714;38,21294021606445;1730,3466796875;1716;
1118,715;37,59470748901367;1728,3848876953125;1716;
1118,716;38,47705841064453;1716,61376953125;1716;
1118,717;38,234703063964844;1716,61376953125;1716;
1118,718;38,034114837646484;1720,53759765625;1716;
1118,719;38,203529357910156;1728,3848876953125;1716;
1118,72;37,5323486328125;1730,3466796875;1716;
1118,721;38,41176223754883;1716,61376953125;1716;
1118,722;38,16529083251953;1712,68994140625;1716;
1118,723;37,97117614746094;1722,499267578125;1716;
1118,724;38,147647857666016;1728,3848876953125;1716;
1118,725;37,529998779296875;1716,61376953125;1716;
1118,726;38,412353515625;1718,5755615234375;1716;
1118,727;38,16587829589844;1716,61376953125;1716;
1118,728;37,97235107421875;1722,499267578125;1716;
1118,729;38,14882278442383;1726,4228515625;1716;
1118,73;37,53117752075195;1712,68994140625;1716;
1118,731;38,4152946472168;1716,61376953125;1716;
1118,732;38,16587829589844;1718,5755615234375;1716;
1118,733;37,97117614746094;1728,3848876953125;1716;
1118,734;38,14882278442383;1726,4228515625;1716;
1118,735;37,53117752075195;1716,61376953125;1716;
1118,736;38,41353225708008;1714,6519775390625;1716;
1118,737;38,07764434814453;1718,5755615234375;1716;
1118,738;37,97117614746094;1732,3084716796875;1716;
1118,739;38,14882278442383;1726,4228515625;1716;
1118,74;37,53117752075195;1712,68994140625;1716;
1118,741;38,4152946472168;1714,6519775390625;1716;
1118,742;38,078819274902344;1722,499267578125;1716;
1118,743;37,97117614746094;1730,3466796875;1716;
1118,744;38,14882278442383;1726,4228515625;1716;
1118,745;37,53117752075195;1712,68994140625;1716;
1118,746;38,41353225708008;1714,6519775390625;1716;
1118,747;38,07764434814453;1720,53759765625;1716;
1118,748;37,97117614746094;1732,3084716796875;1716;
1118,749;38,14882278442383;1728,3848876953125;1716;
1118,75;37,53117752075195;1712,68994140625;1716;
1118,751;38,4152946472168;1712,68994140625;1716;
1118,752;38,07764434814453;1722,499267578125;1716;
1118,753;37,97117614746094;1730,3466796875;1716;
1118,754;38,16646957397461;1716,61376953125;1716;
1118,755;37,53117752075195;1712,68994140625;1716;
1118,756;38,41353225708008;1712,68994140625;1716;
1118,757;38,07764434814453;1720,53759765625;1716;
1118,758;37,972938537597656;1726,4228515625;1716;
1118,759;38,16646957397461;1718,5755615234375;1716;
1118,76;37,53117752075195;1714,6519775390625;1716;
1118,761;38,4152946472168;1716,61376953125;1716;
1118,762;38,07764434814453;1722,499267578125;1716;
1118,763;37,972938537597656;1726,4228515625;1716;
1118,764;38,16646957397461;1722,499267578125;1716;
1118,765;37,53117752075195;1716,61376953125;1716;
1118,766;38,4152946472168;1716,61376953125;1716;
1118,767;38,07764434814453;1728,3848876953125;1716;
1118,768;37,972938537597656;1726,4228515625;1716;
1118,769;38,16646957397461;1718,5755615234375;1716;
1118,77;37,53117752075195;1716,61376953125;1716;
1118,771;38,15058898925781;1726,4228515625;1716;
1118,772;38,07764434814453;1724,461181640625;1716;
1118,773;37,972938537597656;1724,461181640625;1716;
1118,774;38,16646957397461;1716,61376953125;1716;
1118,775;37,53117752075195;1710,728271484375;1716;
1118,776;38,15058898925781;1722,499267578125;1716;
1118,777;38,07764434814453;1728,3848876953125;1716;
1118,778;37,972938537597656;1726,4228515625;1716;
1118,779;38,16646957397461;1708,766357421875;1716;
1118,78;37,529998779296875;1714,6519775390625;1716;
1118,781;38,15058898925781;1726,4228515625;1716;
1118,782;38,078819274902344;1730,3466796875;1716;
1118,783;37,974117279052734;1724,461181640625;1716;
1118,784;38,16646957397461;1708,766357421875;1716;
1118,785;37,529998779296875;1710,728271484375;1716;
1118,786;38,15058898925781;1726,4228515625;1716;
1118,787;38,07764434814453;1732,3084716796875;1716;
1118,788;38,4152946472168;1728,3848876953125;1716;
1118,789;38,16646957397461;1710,728271484375;1716;
1118,79;37,529998779296875;1712,68994140625;1716;
1118,791;38,15058898925781;1722,499267578125;1716;
1118,792;38,07764434814453;1732,3084716796875;1716;
1118,793;38,41411590576172;1726,4228515625;1716;
1118,794;38,16646957397461;1710,728271484375;1716;
1118,795;37,529998779296875;1710,728271484375;1716;
1118,796;38,15058898925781;1726,4228515625;1716;
1118,797;38,077056884765625;1730,3466796875;1716;
1118,798;38,41411590576172;1726,4228515625;1716;
1118,799;38,16646957397461;1712,68994140625;1716;
1118,8;37,529998779296875;1712,68994140625;1716;
1118,801;38,15058898925781;1722,499267578125;1716;
1118,802;38,077056884765625;1730,3466796875;1716;
1118,803;38,41411590576172;1724,461181640625;1716;
1118,804;38,16646957397461;1712,68994140625;1716;
1118,805;37,529998779296875;1712,68994140625;1716;
1118,806;38,15058898925781;1726,4228515625;1716;
1118,807;38,07823181152344;1730,3466796875;1716;
1118,808;38,4152946472168;1720,53759765625;1716;
1118,809;38,16646957397461;1714,6519775390625;1716;
1118,81;37,97235107421875;1722,499267578125;1716;
1118,811;38,15058898925781;1724,461181640625;1716;
1118,812;38,07823181152344;1728,3848876953125;1716;
1118,813;38,4152946472168;1718,5755615234375;1716;
1118,814;38,16646957397461;1708,766357421875;1716;
1118,815;37,97117614746094;1720,53759765625;1716;
1118,816;38,15058898925781;1726,4228515625;1716;
1118,817;38,07823181152344;1728,3848876953125;1716;
1118,818;38,41411590576172;1714,6519775390625;1716;
1118,819;38,167057037353516;1710,728271484375;1716;
1118,82;37,97117614746094;1724,461181640625;1716;
1118,821;38,15058898925781;1728,3848876953125;1716;
1118,822;38,07823181152344;1726,4228515625;1716;
1118,823;38,41411590576172;1710,728271484375;1716;
1118,824;38,167057037353516;1710,728271484375;1716;
1118,825;37,97117614746094;1722,499267578125;1716;
1118,826;38,15058898925781;1732,3084716796875;1716;
1118,827;38,07823181152344;1730,3466796875;1716;
1118,828;38,41411590576172;1712,68994140625;1716;
1118,829;38,167057037353516;1708,766357421875;1716;
1118,83;37,97117614746094;1722,499267578125;1716;
1118,831;38,15058898925781;1730,3466796875;1716;
1118,832;38,07823181152344;1730,3466796875;1716;
1118,833;38,41411590576172;1714,6519775390625;1716;
1118,834;38,167057037353516;1708,766357421875;1716;
1118,835;37,97117614746094;1722,499267578125;1716;
1118,836;38,15058898925781;1730,3466796875;1716;
1118,837;38,07823181152344;1728,3848876953125;1716;
1118,838;38,41353225708008;1712,68994140625;1716;
1118,839;38,16646957397461;1708,766357421875;1716;
1118,84;37,97235107421875;1720,53759765625;1716;
1118,841;38,147647857666016;1730,3466796875;1716;
1118,842;37,53117752075195;1730,3466796875;1716;
1118,843;38,41353225708008;1714,6519775390625;1716;
1118,844;38,167057037353516;1714,6519775390625;1716;
1118,845;37,971763610839844;1722,499267578125;1716;
1118,846;38,14882278442383;1728,3848876953125;1716;
1118,847;37,53293991088867;1726,4228515625;1716;
1118,848;38,412353515625;1718,5755615234375;1716;
1118,849;38,16352844238281;1712,68994140625;1716;
1118,85;37,971763610839844;1722,499267578125;1716;
1118,851;38,14588165283203;1728,3848876953125;1716;
1118,852;37,52470397949219;1724,461181640625;1716;
1118,853;38,326473236083984;1716,61376953125;1716;
1118,854;38,079410552978516;1714,6519775390625;1716;
1118,855;37,88235092163086;1722,499267578125;1716;
1118,856;38,05882263183594;1726,4228515625;1716;
1118,857;37,44117736816406;1712,68994140625;1716;
1118,858;38,32353210449219;1718,5755615234375;1716;
1118,859;38,07646942138672;1716,61376953125;1716;
1118,86;37,88235092163086;1728,3848876953125;1716;
1118,861;38,07646942138672;1720,53759765625;1716;
1118,862;37,44117736816406;1716,61376953125;1716;
1118,863;38,32353210449219;1716,61376953125;1716;
1118,864;37,98823547363281;1720,53759765625;1716;
1118,865;37,88235092163086;1726,4228515625;1716;
1118,866;38,07646942138672;1710,728271484375;1716;
1118,867;37,44117736816406;1714,6519775390625;1716;
1118,868;38,32353210449219;1712,68994140625;1716;
1118,869;37,98823547363281;1720,53759765625;1716;
1118,87;37,88235092163086;1730,3466796875;1716;
1118,871;38,05882263183594;1728,3848876953125;1716;
1118,872;37,44117736816406;1710,728271484375;1716;
1118,873;38,32353210449219;1712,68994140625;1716;
1118,874;37,98823547363281;1720,53759765625;1716;
1118,875;37,88235092163086;1730,3466796875;1716;
1118,876;38,05882263183594;1726,4228515625;1716;
1118,877;37,44117736816406;1710,728271484375;1716;
1118,878;38,32353210449219;1712,68994140625;1716;
1118,879;37,98823547363281;1720,53759765625;1716;
1118,88;37,88235092163086;1732,3084716796875;1716;
1118,881;38,07646942138672;1728,3848876953125;1716;
1118,882;37,44352722167969;1714,6519775390625;1716;
1118,883;38,32353210449219;1714,6519775390625;1716;
1118,884;37,98823547363281;1722,499267578125;1716;
1118,885;37,88235092163086;1728,3848876953125;1716;
1118,886;38,07646942138672;1726,4228515625;1716;
1118,887;37,44117736816406;1714,6519775390625;1716;
1118,888;38,05882263183594;1722,499267578125;1716;
1118,889;37,98823547363281;1722,499267578125;1716;
1118,89;37,88235092163086;1730,3466796875;1716;
1118,891;38,07646942138672;1724,461181640625;1716;
1118,892;36,211761474609375;1716,61376953125;1716;
1118,893;38,38294219970703;1722,499267578125;1716;
1118,894;38,047645568847656;1720,53759765625;1716;
1118,895;37,95235061645508;1726,4228515625;1716;
1118,896;38,147056579589844;1720,53759765625;1716;
1118,897;37,5223503112793;1710,728271484375;1716;
1118,898;38,142940521240234;1718,5755615234375;1716;
1118,899;38,072349548339844;1724,461181640625;1716;
1118,9;37,96352767944336;1728,3848876953125;1716;
1118,901;38,15940856933594;1716,61376953125;1716;
1118,902;37,53117752075195;1712,68994140625;1716;
1118,903;38,40764617919922;1722,499267578125;1716;
1118,904;38,07529067993164;1724,461181640625;1716;
1118,905;37,96881866455078;1724,461181640625;1716;
1118,906;38,15705871582031;1710,728271484375;1716;
1118,907;37,52058792114258;1714,6519775390625;1716;
1118,908;38,132938385009766;1724,461181640625;1716;
1118,909;38,055877685546875;1728,3848876953125;1716;
1118,91;37,94881820678711;1728,3848876953125;1716;
1118,911;38,141761779785156;1710,728271484375;1716;
1118,912;37,50470733642578;1714,6519775390625;1716;
1118,913;38,122352600097656;1724,461181640625;1716;
1118,914;38,05234909057617;1730,3466796875;1716;
1118,915;37,94588088989258;1726,4228515625;1716;
1118,916;38,21999740600586;1708,766357421875;1716;
1118,917;37,587059020996094;1712,68994140625;1716;
1118,918;38,20411682128906;1726,4228515625;1716;
1118,919;38,14352798461914;1730,3466796875;1716;
1118,92;38,03999710083008;1726,4228515625;1716;
1118,921;38,239410400390625;1710,728271484375;1716;
1118,922;37,613529205322266;1710,728271484375;1716;
1118,923;38,22587966918945;1724,461181640625;1716;
1118,924;38,139408111572266;1732,3084716796875;1716;
1118,925;38,03764724731445;1728,3848876953125;1716;
1118,926;38,23117446899414;1710,728271484375;1716;
1118,927;37,598236083984375;1718,5755615234375;1716;
1118,928;38,221763610839844;1724,461181640625;1716;
1118,929;38,14529037475586;1732,3084716796875;1716;
1118,93;38,482940673828125;1726,4228515625;1716;
1118,931;38,239410400390625;1712,68994140625;1716;
1118,932;37,5976448059082;1712,68994140625;1716;
1118,933;38,20705795288086;1724,461181640625;1716;
1118,934;38,14352798461914;1730,3466796875;1716;
1118,935;38,485294342041016;1724,461181640625;1716;
1118,936;38,24646759033203;1712,68994140625;1716;
1118,937;37,626468658447266;1714,6519775390625;1716;
1118,938;38,25411605834961;1724,461181640625;1716;
1118,939;38,18058776855469;1728,3848876953125;1716;
1118,94;38,51588439941406;1714,6519775390625;1716;
1118,941;38,2723503112793;1714,6519775390625;1716;
1118,942;37,64117431640625;1718,5755615234375;1716;
1118,943;38,24940872192383;1726,4228515625;1716;
1118,944;38,17411422729492;1726,4228515625;1716;
1118,945;38,5064697265625;1712,68994140625;1716;
1118,946;38,25587844848633;1712,68994140625;1716;
1118,947;38,054115295410156;1720,53759765625;1716;
1118,948;38,23176193237305;1732,3084716796875;1716;
1118,949;38,15058517456055;1726,4228515625;1716;
1118,95;38,48411560058594;1714,6519775390625;1716;
1118,951;38,22882080078125;1710,728271484375;1716;
1118,952;38,03293991088867;1720,53759765625;1716;
1118,953;38,21411895751953;1732,3084716796875;1716;
1118,954;38,140586853027344;1728,3848876953125;1716;
1118,955;38,48117446899414;1710,728271484375;1716;
1118,956;38,23117446899414;1710,728271484375;1716;
1118,957;38,03705596923828;1722,499267578125;1716;
1118,958;38,20941162109375;1730,3466796875;1716;
1118,959;38,14411544799805;1728,3848876953125;1716;
1118,96;38,476470947265625;1712,68994140625;1716;
1118,961;38,23234939575195;1708,766357421875;1716;
1118,962;38,03823471069336;1720,53759765625;1716;
1118,963;38,217647552490234;1732,3084716796875;1716;
1118,964;38,14352798461914;1730,3466796875;1716;
1118,965;38,47941207885742;1714,6519775390625;1716;
1118,966;38,22646713256836;1708,766357421875;1716;
1118,967;38,03823471069336;1722,499267578125;1716;
1118,968;38,20587921142578;1730,3466796875;1716;
1118,969;37,598236083984375;1726,4228515625;1716;
1118,97;38,47764587402344;1714,6519775390625;1716;
1118,971;38,23117446899414;1710,728271484375;1716;
1118,972;38,03058624267578;1722,499267578125;1716;
1118,973;38,21294021606445;1732,3084716796875;1716;
1118,974;37,593528747558594;1724,461181640625;1716;
1118,975;38,476470947265625;1714,6519775390625;1716;
1118,976;38,230587005615234;1708,766357421875;1716;
1118,977;38,03588104248047;1722,499267578125;1716;
1118,978;38,21058654785156;1726,4228515625;1716;
1118,979;37,59587860107422;1726,4228515625;1716;
1118,98;38,478233337402344;1716,61376953125;1716;
1118,981;38,23117446899414;1716,61376953125;1716;
1118,982;38,036468505859375;1730,3466796875;1716;
1118,983;38,217647552490234;1726,4228515625;1716;
1118,984;37,593528747558594;1722,499267578125;1716;
1118,985;38,47588348388672;1718,5755615234375;1716;
1118,986;38,147056579589844;1716,61376953125;1716;
1118,987;38,03705596923828;1726,4228515625;1716;
1118,988;38,21470260620117;1726,4228515625;1716;
1118,989;37,59529113769531;1720,53759765625;1716;
1118,99;38,48117446899414;1716,61376953125;1716;
1118,991;38,14234924316406;1720,53759765625;1716;
1118,992;38,034706115722656;1726,4228515625;1716;
1118,993;38,211761474609375;1728,3848876953125;1716;
1118,994;37,5970573425293;1714,6519775390625;1716;
1118,995;38,478824615478516;1714,6519775390625;1716;
1118,996;38,14352798461914;1720,53759765625;1716;
1118,997;38,03764724731445;1728,3848876953125;1716;
1118,998;38,21117401123047;1724,461181640625;1716;
1118,999;37,59646987915039;1714,6519775390625;1716;
1119;38,47764587402344;1712,68994140625;1716;
1119,001;38,13823318481445;1720,53759765625;1716;
1119,002;38,029998779296875;1732,3084716796875;1716;
1119,003;38,151763916015625;1726,4228515625;1716;
1119,004;37,5294075012207;1710,728271484375;1716;
1119,005;38,412353515625;1712,68994140625;1716;
1119,006;38,094703674316406;1720,53759765625;1716;
1119,007;37,97117614746094;1732,3084716796875;1716;
1119,008;38,164703369140625;1726,4228515625;1716;
1119,009;37,53293991088867;1716,61376953125;1716;
1119,01;38,41176223754883;1712,68994140625;1716;
1119,011;38,077056884765625;1720,53759765625;1716;
1119,012;37,97117614746094;1732,3084716796875;1716;
1119,013;38,16646957397461;1722,499267578125;1716;
1119,014;37,53058624267578;1712,68994140625;1716;
1119,015;38,41353225708008;1712,68994140625;1716;
1119,016;38,07823181152344;1720,53759765625;1716;
1119,017;37,97235107421875;1726,4228515625;1716;
1119,018;38,16646957397461;1726,4228515625;1716;
1119,019;37,53176498413086;1712,68994140625;1716;
1119,02;38,412940979003906;1712,68994140625;1716;
1119,021;38,07823181152344;1722,499267578125;1716;
1119,022;37,97235107421875;1728,3848876953125;1716;
1119,023;38,16646957397461;1722,499267578125;1716;
1119,024;37,53058624267578;1716,61376953125;1716;
1119,025;38,412940979003906;1716,61376953125;1716;
1119,026;38,07823181152344;1724,461181640625;1716;
1119,027;37,97235107421875;1726,4228515625;1716;
1119,028;38,16646957397461;1720,53759765625;1716;
1119,029;37,53293991088867;1714,6519775390625;1716;
1119,03;38,148231506347656;1726,4228515625;1716;
1119,031;38,07823181152344;1728,3848876953125;1716;
1119,032;37,97235107421875;1726,4228515625;1716;
1119,033;38,16646957397461;1716,61376953125;1716;
1119,034;37,53293991088867;1716,61376953125;1716;
1119,035;38,148231506347656;1724,461181640625;1716;
1119,036;38,07823181152344;1726,4228515625;1716;
1119,037;37,97235107421875;1726,4228515625;1716;
1119,038;38,16646957397461;1708,766357421875;1716;
1119,039;37,53117752075195;1710,728271484375;1716;
1119,04;38,14882278442383;1724,461181640625;1716;
1119,041;38,07823181152344;1730,3466796875;1716;
1119,042;37,97235107421875;1726,4228515625;1716;
1119,043;38,16646957397461;1712,68994140625;1716;
1119,044;37,53117752075195;1712,68994140625;1716;
1119,045;38,148231506347656;1724,461181640625;1716;
1119,046;38,07823181152344;1730,3466796875;1716;
1119,047;37,97235107421875;1726,4228515625;1716;
1119,048;38,16646957397461;1712,68994140625;1716;
1119,049;37,53117752075195;1710,728271484375;1716;
1119,05;38,148231506347656;1724,461181640625;1716;
1119,051;38,07823181152344;1730,3466796875;1716;
1119,052;38,41353225708008;1726,4228515625;1716;
1119,053;38,16646957397461;1714,6519775390625;1716;
1119,054;37,53117752075195;1710,728271484375;1716;
1119,055;38,148231506347656;1724,461181640625;1716;
1119,056;38,07823181152344;1732,3084716796875;1716;
1119,057;38,41353225708008;1718,5755615234375;1716;
1119,058;38,16646957397461;1708,766357421875;1716;
1119,059;37,53117752075195;1710,728271484375;1716;
1119,06;38,14882278442383;1724,461181640625;1716;
1119,061;38,07823181152344;1732,3084716796875;1716;
1119,062;38,41353225708008;1716,61376953125;1716;
1119,063;38,16646957397461;1714,6519775390625;1716;
1119,064;37,97235107421875;1722,499267578125;1716;
1119,065;38,14882278442383;1724,461181640625;1716;
1119,066;38,07823181152344;1728,3848876953125;1716;
1119,067;38,41353225708008;1722,499267578125;1716;
1119,068;38,16646957397461;1714,6519775390625;1716;
1119,069;37,53117752075195;1714,6519775390625;1716;
1119,07;38,148231506347656;1728,3848876953125;1716;
1119,071;38,07823181152344;1728,3848876953125;1716;
1119,072;38,41353225708008;1716,61376953125;1716;
1119,073;38,16646957397461;1710,728271484375;1716;
1119,074;37,97235107421875;1716,61376953125;1716;
1119,075;38,148231506347656;1728,3848876953125;1716;
1119,076;38,07823181152344;1728,3848876953125;1716;
1119,077;38,41353225708008;1716,61376953125;1716;
1119,078;38,16646957397461;1712,68994140625;1716;
1119,079;37,97235107421875;1722,499267578125;1716;
1119,08;38,148231506347656;1732,3084716796875;1716;
1119,081;38,07823181152344;1726,4228515625;1716;
1119,082;38,41353225708008;1714,6519775390625;1716;
1119,083;38,16646957397461;1710,728271484375;1716;
1119,084;37,97235107421875;1720,53759765625;1716;
1119,085;38,148231506347656;1732,3084716796875;1716;
1119,086;37,53176498413086;1730,3466796875;1716;
1119,087;38,41353225708008;1710,728271484375;1716;
1119,088;38,16646957397461;1706,8046875;1716;
1119,089;37,974117279052734;1722,499267578125;1716;
1119,09;38,148231506347656;1730,3466796875;1716;
1119,091;38,078819274902344;1730,3466796875;1716;
1119,092;38,41353225708008;1712,68994140625;1716;
1119,093;38,16646957397461;1708,766357421875;1716;
1119,094;37,97235107421875;1722,499267578125;1716;
1119,095;38,14882278442383;1732,3084716796875;1716;
1119,096;37,53176498413086;1730,3466796875;1716;
1119,097;38,41353225708008;1712,68994140625;1716;
1119,098;38,16646957397461;1714,6519775390625;1716;
1119,099;37,97235107421875;1722,499267578125;1716;
1119,1;38,14882278442383;1730,3466796875;1716;
1119,101;37,53176498413086;1730,3466796875;1716;
1119,102;38,41353225708008;1716,61376953125;1716;
1119,103;38,16646957397461;1716,61376953125;1716;
1119,104;37,97235107421875;1724,461181640625;1716;
1119,105;38,14882278442383;1730,3466796875;1716;
1119,106;37,53117752075195;1722,499267578125;1716;
1119,107;38,41353225708008;1714,6519775390625;1716;
1119,108;38,16646957397461;1710,728271484375;1716;
1119,109;37,97235107421875;1720,53759765625;1716;
1119,11;38,14882278442383;1728,3848876953125;1716;
1119,111;37,53176498413086;1712,68994140625;1716;
1119,112;38,41353225708008;1716,61376953125;1716;
1119,113;38,16646957397461;1712,68994140625;1716;
1119,114;37,97235107421875;1722,499267578125;1716;
1119,115;38,14882278442383;1728,3848876953125;1716;
1119,116;37,53117752075195;1712,68994140625;1716;
1119,117;38,41353225708008;1716,61376953125;1716;
1119,118;38,07823181152344;1720,53759765625;1716;
1119,119;37,97235107421875;1726,4228515625;1716;
1119,12;38,14882278442383;1726,4228515625;1716;
1119,121;37,53117752075195;1720,53759765625;1716;
1119,122;38,41353225708008;1716,61376953125;1716;
1119,123;38,07764434814453;1716,61376953125;1716;
1119,124;37,974117279052734;1730,3466796875;1716;
1119,125;38,149410247802734;1726,4228515625;1716;
1119,126;37,53058624267578;1716,61376953125;1716;
1119,127;38,412940979003906;1712,68994140625;1716;
1119,128;38,07823181152344;1720,53759765625;1716;
1119,129;37,97235107421875;1728,3848876953125;1716;
1119,13;38,148231506347656;1726,4228515625;1716;
1119,131;37,53293991088867;1710,728271484375;1716;
1119,132;38,41353225708008;1714,6519775390625;1716;
1119,133;38,07999801635742;1722,499267578125;1716;
1119,134;37,97117614746094;1732,3084716796875;1716;
1119,135;38,14882278442383;1726,4228515625;1716;
1119,136;37,44411849975586;1712,68994140625;1716;
1119,137;38,326473236083984;1714,6519775390625;1716;
1119,138;37,98823547363281;1720,53759765625;1716;
1119,139;37,88235092163086;1730,3466796875;1716;
1119,14;38,07646942138672;1726,4228515625;1716;
1119,141;37,44352722167969;1714,6519775390625;1716;
1119,142;38,32353210449219;1712,68994140625;1716;
1119,143;37,98823547363281;1720,53759765625;1716;
1119,144;37,88235092163086;1730,3466796875;1716;
1119,145;38,07646942138672;1718,5755615234375;1716;
1119,146;37,44117736816406;1712,68994140625;1716;
1119,147;38,32353210449219;1716,61376953125;1716;
1119,148;37,98823547363281;1720,53759765625;1716;
1119,149;37,88235092163086;1726,4228515625;1716;
1119,15;38,07646942138672;1716,61376953125;1716;
1119,151;37,44117736816406;1712,68994140625;1716;
1119,152;38,32353210449219;1718,5755615234375;1716;
1119,153;37,98823547363281;1722,499267578125;1716;
1119,154;37,88235092163086;1726,4228515625;1716;
1119,155;38,07646942138672;1718,5755615234375;1716;
1119,156;37,44117736816406;1714,6519775390625;1716;
1119,157;38,32353210449219;1722,499267578125;1716;
1119,158;37,98823547363281;1724,461181640625;1716;
1119,159;37,88235092163086;1724,461181640625;1716;
1119,16;38,07646942138672;1714,6519775390625;1716;
1119,161;37,44117736816406;1714,6519775390625;1716;
1119,162;38,05882263183594;1724,461181640625;1716;
1119,163;37,98823547363281;1728,3848876953125;1716;
1119,164;37,88235092163086;1724,461181640625;1716;
1119,165;38,07646942138672;1712,68994140625;1716;
1119,166;37,44117736816406;1712,68994140625;1716;
1119,167;38,05882263183594;1722,499267578125;1716;
1119,168;37,98823547363281;1730,3466796875;1716;
1119,169;37,88235092163086;1726,4228515625;1716;
1119,17;38,07646942138672;1708,766357421875;1716;
1119,171;37,44117736816406;1710,728271484375;1716;
1119,172;38,05882263183594;1724,461181640625;1716;
1119,173;37,98823547363281;1730,3466796875;1716;
1119,174;37,88235092163086;1726,4228515625;1716;
1119,175;38,07646942138672;1710,728271484375;1716;
1119,176;37,50411605834961;1710,728271484375;1716;
1119,177;38,12411880493164;1722,499267578125;1716;
1119,178;38,049407958984375;1730,3466796875;1716;
1119,179;38,39470291137695;1726,4228515625;1716;
1119,18;38,15176010131836;1708,766357421875;1716;
1119,181;37,5223503112793;1710,728271484375;1716;
1119,182;38,14588165283203;1724,461181640625;1716;
1119,183;38,072349548339844;1732,3084716796875;1716;
1119,184;38,40470504760742;1722,499267578125;1716;
1119,185;38,169410705566406;1710,728271484375;1716;
1119,186;37,528236389160156;1712,68994140625;1716;
1119,187;38,140586853027344;1722,499267578125;1716;
1119,188;38,07529067993164;1730,3466796875;1716;
1119,189;38,40529251098633;1714,6519775390625;1716;
1119,19;38,154117584228516;1712,68994140625;1716;
1119,191;37,51411819458008;1712,68994140625;1716;
1119,192;38,12823486328125;1724,461181640625;1716;
1119,193;38,05764389038086;1728,3848876953125;1716;
1119,194;38,388824462890625;1722,499267578125;1716;
1119,195;38,13999938964844;1712,68994140625;1716;
1119,196;37,50764465332031;1714,6519775390625;1716;
1119,197;38,12294006347656;1732,3084716796875;1716;
1119,198;38,05234909057617;1728,3848876953125;1716;
1119,199;38,38176345825195;1718,5755615234375;1716;
1119,2;38,22175979614258;1714,6519775390625;1716;
1119,201;37,585880279541016;1718,5755615234375;1716;
1119,202;38,21294021606445;1730,3466796875;1716;
1119,203;38,15117645263672;1726,4228515625;1716;
1119,204;38,48235321044922;1716,61376953125;1716;
1119,205;38,24293899536133;1710,728271484375;1716;
1119,206;38,049407958984375;1720,53759765625;1716;
1119,207;38,21058654785156;1726,4228515625;1716;
1119,208;38,14117431640625;1726,4228515625;1716;
1119,209;38,47764587402344;1712,68994140625;1716;
1119,21;38,23117446899414;1708,766357421875;1716;
1119,211;38,04176330566406;1722,499267578125;1716;
1119,212;38,218231201171875;1730,3466796875;1716;
1119,213;38,15940856933594;1726,4228515625;1716;
1119,214;38,47999954223633;1712,68994140625;1716;
1119,215;38,23764419555664;1708,766357421875;1716;
1119,216;38,03058624267578;1722,499267578125;1716;
1119,217;38,21411895751953;1732,3084716796875;1716;
1119,218;38,14999771118164;1730,3466796875;1716;
1119,219;38,49764633178711;1710,728271484375;1716;
1119,22;38,263526916503906;1708,766357421875;1716;
1119,221;38,07176208496094;1722,499267578125;1716;
1119,222;38,2529411315918;1732,3084716796875;1716;
1119,223;37,632938385009766;1728,3848876953125;1716;
1119,224;38,52294158935547;1712,68994140625;1716;
1119,225;38,27587890625;1706,8046875;1716;
1119,226;38,07117462158203;1722,499267578125;1716;
1119,227;38,248233795166016;1732,3084716796875;1716;
1119,228;37,627647399902344;1726,4228515625;1716;
1119,229;38,500587463378906;1714,6519775390625;1716;
1119,23;38,24882125854492;1708,766357421875;1716;
1119,231;38,04646682739258;1722,499267578125;1716;
1119,232;38,22587966918945;1728,3848876953125;1716;
1119,233;37,599998474121094;1730,3466796875;1716;
1119,234;38,48411560058594;1714,6519775390625;1716;
1119,235;38,228233337402344;1708,766357421875;1716;
1119,236;38,0352897644043;1724,461181640625;1716;
1119,237;38,21058654785156;1728,3848876953125;1716;
1119,238;37,59587860107422;1726,4228515625;1716;
1119,239;38,478824615478516;1714,6519775390625;1716;
1119,24;38,23176193237305;1718,5755615234375;1716;
1119,241;38,034114837646484;1720,53759765625;1716;
1119,242;38,21411895751953;1726,4228515625;1716;
1119,243;37,5976448059082;1722,499267578125;1716;
1119,244;38,47999954223633;1712,68994140625;1716;
1119,245;38,229408264160156;1714,6519775390625;1716;
1119,246;38,038818359375;1722,499267578125;1716;
1119,247;38,211761474609375;1726,4228515625;1716;
1119,248;37,59941101074219;1720,53759765625;1716;
1119,249;38,47999954223633;1714,6519775390625;1716;
1119,25;38,23411560058594;1718,5755615234375;1716;
1119,251;38,03764724731445;1724,461181640625;1716;
1119,252;38,217647552490234;1724,461181640625;1716;
1119,253;37,598236083984375;1712,68994140625;1716;
1119,254;38,47764587402344;1716,61376953125;1716;
1119,255;38,13764572143555;1720,53759765625;1716;
1119,256;38,038818359375;1728,3848876953125;1716;
1119,257;38,21235275268555;1726,4228515625;1716;
1119,258;37,598236083984375;1712,68994140625;1716;
1119,259;38,476470947265625;1714,6519775390625;1716;
1119,26;38,14117431640625;1720,53759765625;1716;
1119,261;38,031761169433594;1730,3466796875;1716;
1119,262;38,21235275268555;1726,4228515625;1716;
1119,263;37,5970573425293;1712,68994140625;1716;
1119,264;38,47764587402344;1714,6519775390625;1716;
1119,265;38,14293670654297;1720,53759765625;1716;
1119,266;38,041175842285156;1730,3466796875;1716;
1119,267;38,21411895751953;1726,4228515625;1716;
1119,268;37,59470748901367;1712,68994140625;1716;
1119,269;38,478233337402344;1712,68994140625;1716;
1119,27;38,14411544799805;1720,53759765625;1716;
1119,271;38,03764724731445;1732,3084716796875;1716;
1119,272;38,21706008911133;1728,3848876953125;1716;
1119,273;37,593528747558594;1710,728271484375;1716;
1119,274;38,47588348388672;1714,6519775390625;1716;
1119,275;38,14352798461914;1722,499267578125;1716;
1119,276;38,03705596923828;1730,3466796875;1716;
1119,277;38,23117446899414;1726,4228515625;1716;
1119,278;37,59646987915039;1716,61376953125;1716;
1119,279;38,48117446899414;1714,6519775390625;1716;
1119,28;38,14117431640625;1722,499267578125;1716;
1119,281;38,036468505859375;1726,4228515625;1716;
1119,282;38,230587005615234;1724,461181640625;1716;
1119,283;37,592350006103516;1714,6519775390625;1716;
1119,284;38,48176574707031;1720,53759765625;1716;
1119,285;38,13823318481445;1722,499267578125;1716;
1119,286;39,241172790527344;1726,4228515625;1716;
1119,287;38,167057037353516;1716,61376953125;1716;
1119,288;37,529998779296875;1712,68994140625;1716;
1119,289;38,147647857666016;1718,5755615234375;1716;
1119,29;38,07764434814453;1728,3848876953125;1716;
1119,291;37,971763610839844;1726,4228515625;1716;
1119,292;38,16529083251953;1718,5755615234375;1716;
1119,293;37,53058624267578;1714,6519775390625;1716;
1119,294;38,147056579589844;1726,4228515625;1716;
1119,295;38,078819274902344;1724,461181640625;1716;
1119,296;37,972938537597656;1724,461181640625;1716;
1119,297;38,16646957397461;1710,728271484375;1716;
1119,298;37,529998779296875;1710,728271484375;1716;
1119,299;38,15058898925781;1722,499267578125;1716;
1119,3;38,07764434814453;1728,3848876953125;1716;
1119,301;37,974117279052734;1728,3848876953125;1716;
1119,302;38,16646957397461;1708,766357421875;1716;
1119,303;37,529998779296875;1714,6519775390625;1716;
1119,304;38,15058898925781;1726,4228515625;1716;
1119,305;38,07764434814453;1728,3848876953125;1716;
1119,306;37,97352600097656;1726,4228515625;1716;
1119,307;38,16646957397461;1710,728271484375;1716;
1119,308;37,529998779296875;1710,728271484375;1716;
1119,309;38,15058898925781;1724,461181640625;1716;
1119,31;38,07764434814453;1730,3466796875;1716;
1119,311;37,972938537597656;1728,3848876953125;1716;
1119,312;38,16646957397461;1708,766357421875;1716;
1119,313;37,529998779296875;1712,68994140625;1716;
1119,314;38,15058898925781;1724,461181640625;1716;
1119,315;38,077056884765625;1732,3084716796875;1716;
1119,316;37,972938537597656;1726,4228515625;1716;
1119,317;38,16646957397461;1708,766357421875;1716;
1119,318;37,53117752075195;1710,728271484375;1716;
1119,319;38,15058898925781;1722,499267578125;1716;
1119,32;38,07823181152344;1730,3466796875;1716;
1119,321;38,4152946472168;1726,4228515625;1716;
1119,322;38,16646957397461;1714,6519775390625;1716;
1119,323;37,53117752075195;1716,61376953125;1716;
1119,324;38,15058898925781;1722,499267578125;1716;
1119,325;38,07823181152344;1730,3466796875;1716;
1119,326;38,4152946472168;1724,461181640625;1716;
1119,327;38,16646957397461;1710,728271484375;1716;
1119,328;37,53117752075195;1712,68994140625;1716;
1119,329;38,15058898925781;1722,499267578125;1716;
1119,33;38,07823181152344;1728,3848876953125;1716;
1119,331;38,41411590576172;1720,53759765625;1716;
1119,332;38,16646957397461;1710,728271484375;1716;
1119,333;37,529998779296875;1716,61376953125;1716;
1119,334;38,15058898925781;1722,499267578125;1716;
1119,335;38,07823181152344;1728,3848876953125;1716;
1119,336;38,41411590576172;1714,6519775390625;1716;
1119,337;38,167057037353516;1710,728271484375;1716;
1119,338;37,97117614746094;1718,5755615234375;1716;
1119,339;38,15058898925781;1724,461181640625;1716;
1119,34;37,53117752075195;1730,3466796875;1716;
1119,341;38,41411590576172;1716,61376953125;1716;
1119,342;38,167057037353516;1710,728271484375;1716;
1119,343;37,97117614746094;1722,499267578125;1716;
1119,344;38,15058898925781;1726,4228515625;1716;
1119,345;38,07823181152344;1728,3848876953125;1716;
1119,346;38,4152946472168;1712,68994140625;1716;
1119,347;38,167057037353516;1708,766357421875;1716;
1119,348;37,97117614746094;1722,499267578125;1716;
1119,349;38,15058898925781;1732,3084716796875;1716;
1119,35;38,077056884765625;1726,4228515625;1716;
1119,351;38,41411590576172;1712,68994140625;1716;
1119,352;38,167057037353516;1708,766357421875;1716;
1119,353;37,97117614746094;1720,53759765625;1716;
1119,354;38,15058898925781;1732,3084716796875;1716;
1119,355;38,07823181152344;1728,3848876953125;1716;
1119,356;38,41411590576172;1708,766357421875;1716;
1119,357;38,167057037353516;1708,766357421875;1716;
1119,358;37,97117614746094;1722,499267578125;1716;
1119,359;38,14882278442383;1730,3466796875;1716;
1119,36;38,07823181152344;1728,3848876953125;1716;
1119,361;38,41411590576172;1712,68994140625;1716;
1119,362;38,16587829589844;1710,728271484375;1716;
1119,363;37,97117614746094;1720,53759765625;1716;
1119,364;38,14882278442383;1732,3084716796875;1716;
1119,365;37,53117752075195;1730,3466796875;1716;
1119,366;38,41411590576172;1712,68994140625;1716;
1119,367;38,16587829589844;1708,766357421875;1716;
1119,368;37,97117614746094;1722,499267578125;1716;
1119,369;38,14882278442383;1730,3466796875;1716;
1119,37;37,53117752075195;1718,5755615234375;1716;
1119,371;38,41411590576172;1716,61376953125;1716;
1119,372;38,16587829589844;1712,68994140625;1716;
1119,373;37,97117614746094;1724,461181640625;1716;
1119,374;38,14882278442383;1726,4228515625;1716;
1119,375;37,53117752075195;1726,4228515625;1716;
1119,376;38,41411590576172;1716,61376953125;1716;
1119,377;38,167057037353516;1712,68994140625;1716;
1119,378;37,97117614746094;1722,499267578125;1716;
1119,379;38,14882278442383;1724,461181640625;1716;
1119,38;37,53117752075195;1722,499267578125;1716;
1119,381;38,41353225708008;1716,61376953125;1716;
1119,382;38,16587829589844;1716,61376953125;1716;
1119,383;37,97117614746094;1728,3848876953125;1716;
1119,384;38,14882278442383;1726,4228515625;1716;
1119,385;37,53117752075195;1710,728271484375;1716;
1119,386;38,4152946472168;1712,68994140625;1716;
1119,387;38,07764434814453;1720,53759765625;1716;
1119,388;37,97117614746094;1728,3848876953125;1716;
1119,389;38,14882278442383;1726,4228515625;1716;
1119,39;37,53117752075195;1712,68994140625;1716;
1119,391;38,41353225708008;1716,61376953125;1716;
1119,392;38,078819274902344;1718,5755615234375;1716;
1119,393;37,97117614746094;1730,3466796875;1716;
1119,394;38,16646957397461;1728,3848876953125;1716;
1119,395;37,53117752075195;1712,68994140625;1716;
1119,396;38,41353225708008;1712,68994140625;1716;
1119,397;38,07764434814453;1720,53759765625;1716;
1119,398;37,97117614746094;1728,3848876953125;1716;
1119,399;38,14882278442383;1728,3848876953125;1716;
1119,4;37,53117752075195;1712,68994140625;1716;
1119,401;38,4152946472168;1712,68994140625;1716;
1119,402;38,07764434814453;1720,53759765625;1716;
1119,403;37,974117279052734;1728,3848876953125;1716;
1119,404;38,14882278442383;1728,3848876953125;1716;
1119,405;37,529998779296875;1710,728271484375;1716;
1119,406;38,41353225708008;1712,68994140625;1716;
1119,407;38,078819274902344;1722,499267578125;1716;
1119,408;37,97235107421875;1730,3466796875;1716;
1119,409;38,16646957397461;1726,4228515625;1716;
1119,41;37,53058624267578;1712,68994140625;1716;
1119,411;38,14882278442383;1724,461181640625;1716;
1119,412;38,07764434814453;1720,53759765625;1716;
1119,413;37,97235107421875;1730,3466796875;1716;
1119,414;38,16646957397461;1726,4228515625;1716;
1119,415;37,55058670043945;1714,6519775390625;1716;
1119,416;38,148231506347656;1718,5755615234375;1716;
1119,417;38,08293914794922;1720,53759765625;1716;
1119,418;37,88470458984375;1728,3848876953125;1716;
1119,419;38,079410552978516;1724,461181640625;1716;
1119,42;37,44411849975586;1712,68994140625;1716;
1119,421;38,32882308959961;1714,6519775390625;1716;
1119,422;37,98823547363281;1722,499267578125;1716;
1119,423;37,88235092163086;1728,3848876953125;1716;
1119,424;38,078819274902344;1714,6519775390625;1716;
1119,425;37,44117736816406;1714,6519775390625;1716;
1119,426;38,05882263183594;1720,53759765625;1716;
1119,427;37,98823547363281;1722,499267578125;1716;
1119,428;37,88235092163086;1726,4228515625;1716;
1119,429;38,07646942138672;1718,5755615234375;1716;
1119,43;37,44117736816406;1712,68994140625;1716;
1119,431;38,05882263183594;1720,53759765625;1716;
1119,432;37,98823547363281;1726,4228515625;1716;
1119,433;37,88470458984375;1728,3848876953125;1716;
1119,434;38,07646942138672;1714,6519775390625;1716;
1119,435;37,44117736816406;1710,728271484375;1716;
1119,436;38,05882263183594;1724,461181640625;1716;
1119,437;37,98823547363281;1730,3466796875;1716;
1119,438;37,88235092163086;1724,461181640625;1716;
1119,439;38,07646942138672;1712,68994140625;1716;
1119,44;37,44117736816406;1712,68994140625;1716;
1119,441;38,05882263183594;1724,461181640625;1716;
1119,442;37,98823547363281;1730,3466796875;1716;
1119,443;37,88235092163086;1726,4228515625;1716;
1119,444;38,07646942138672;1710,728271484375;1716;
1119,445;37,44117736816406;1710,728271484375;1716;
1119,446;38,05882263183594;1722,499267578125;1716;
1119,447;37,98823547363281;1732,3084716796875;1716;
1119,448;38,32353210449219;1728,3848876953125;1716;
1119,449;38,07646942138672;1708,766357421875;1716;
1119,45;37,44117736816406;1710,728271484375;1716;
1119,451;38,05882263183594;1726,4228515625;1716;
1119,452;37,98823547363281;1730,3466796875;1716;
1119,453;38,32353210449219;1726,4228515625;1716;
1119,454;38,07646942138672;1710,728271484375;1716;
1119,455;37,44117736816406;1714,6519775390625;1716;
1119,456;38,05882263183594;1722,499267578125;1716;
1119,457;37,98823547363281;1730,3466796875;1716;
1119,458;38,32353210449219;1726,4228515625;1716;
1119,459;38,05117416381836;1710,728271484375;1716;
1119,46;37,5064697265625;1710,728271484375;1716;
1119,461;38,12294006347656;1724,461181640625;1716;
1119,462;38,06117630004883;1728,3848876953125;1716;
1119,463;38,392940521240234;1724,461181640625;1716;
1119,464;38,15764617919922;1712,68994140625;1716;
1119,465;37,525291442871094;1714,6519775390625;1716;
1119,466;38,13999938964844;1722,499267578125;1716;
1119,467;38,06940841674805;1728,3848876953125;1716;
1119,468;38,410587310791016;1716,61376953125;1716;
1119,469;38,160587310791016;1712,68994140625;1716;
1119,47;37,525291442871094;1716,61376953125;1716;
1119,471;38,14470291137695;1724,461181640625;1716;
1119,472;38,070587158203125;1728,3848876953125;1716;
1119,473;38,401763916015625;1718,5755615234375;1716;
1119,474;38,15176010131836;1714,6519775390625;1716;
1119,475;37,95470428466797;1718,5755615234375;1716;
1119,476;38,11941146850586;1726,4228515625;1716;
1119,477;38,051761627197266;1728,3848876953125;1716;
1119,478;38,38999938964844;1714,6519775390625;1716;
1119,479;38,13999938964844;1710,728271484375;1716;
1119,48;37,94940948486328;1722,499267578125;1716;
1119,481;38,12294006347656;1732,3084716796875;1716;
1119,482;38,04999542236328;1728,3848876953125;1716;
1119,483;38,387062072753906;1712,68994140625;1716;
1119,484;38,224117279052734;1708,766357421875;1716;
1119,485;38,03058624267578;1722,499267578125;1716;
1119,486;38,21117401123047;1730,3466796875;1716;
1119,487;38,15058517456055;1730,3466796875;1716;
1119,488;38,48941421508789;1708,766357421875;1716;
1119,489;38,24293899536133;1708,766357421875;1716;
1119,49;38,0352897644043;1722,499267578125;1716;
1119,491;38,20882034301758;1728,3848876953125;1716;
1119,492;37,5976448059082;1728,3848876953125;1716;
1119,493;38,47470474243164;1714,6519775390625;1716;
1119,494;38,237056732177734;1708,766357421875;1716;
1119,495;38,04176330566406;1720,53759765625;1716;
1119,496;38,221763610839844;1730,3466796875;1716;
1119,497;37,634117126464844;1728,3848876953125;1716;
1119,498;38,48411560058594;1712,68994140625;1716;
1119,499;38,230587005615234;1708,766357421875;1716;
1119,5;38,02470397949219;1722,499267578125;1716;
1119,501;38,22235107421875;1728,3848876953125;1716;
1119,502;37,6099967956543;1726,4228515625;1716;
1119,503;38,50882339477539;1714,6519775390625;1716;
1119,504;38,2694091796875;1712,68994140625;1716;
1119,505;38,07411575317383;1722,499267578125;1716;
1119,506;38,24764633178711;1730,3466796875;1716;
1119,507;37,634117126464844;1726,4228515625;1716;
1119,508;38,51764678955078;1714,6519775390625;1716;
1119,509;38,26823425292969;1710,728271484375;1716;
1119,51;38,070587158203125;1722,499267578125;1716;
1119,511;38,2405891418457;1728,3848876953125;1716;
1119,512;37,61647033691406;1720,53759765625;1716;
1119,513;38,49764633178711;1716,61376953125;1716;
1119,514;38,25117492675781;1712,68994140625;1716;
1119,515;38,05117416381836;1722,499267578125;1716;
1119,516;38,221763610839844;1728,3848876953125;1716;
1119,517;37,59587860107422;1716,61376953125;1716;
1119,518;38,478824615478516;1716,61376953125;1716;
1119,519;38,141761779785156;1718,5755615234375;1716;
1119,52;38,042938232421875;1722,499267578125;1716;
1119,521;38,20587921142578;1726,4228515625;1716;
1119,522;37,59941101074219;1720,53759765625;1716;
1119,523;38,47941207885742;1716,61376953125;1716;
1119,524;38,14411544799805;1718,5755615234375;1716;
1119,525;38,03823471069336;1726,4228515625;1716;
1119,526;38,21411895751953;1726,4228515625;1716;
1119,527;37,59529113769531;1716,61376953125;1716;
1119,528;38,480587005615234;1712,68994140625;1716;
1119,529;38,14117431640625;1720,53759765625;1716;
1119,53;38,03823471069336;1730,3466796875;1716;
1119,531;38,23117446899414;1726,4228515625;1716;
1119,532;37,59529113769531;1710,728271484375;1716;
1119,533;38,476470947265625;1712,68994140625;1716;
1119,534;38,145877838134766;1720,53759765625;1716;
1119,535;38,038818359375;1730,3466796875;1716;
1119,536;38,21352767944336;1726,4228515625;1716;
1119,537;37,592350006103516;1712,68994140625;1716;
1119,538;38,480587005615234;1712,68994140625;1716;
1119,539;38,14411544799805;1720,53759765625;1716;
1119,54;38,04058837890625;1730,3466796875;1716;
1119,541;38,230587005615234;1728,3848876953125;1716;
1119,542;37,59587860107422;1712,68994140625;1716;
1119,543;38,47764587402344;1716,61376953125;1716;
1119,544;38,140586853027344;1722,499267578125;1716;
1119,545;38,034114837646484;1728,3848876953125;1716;
1119,546;38,22999954223633;1722,499267578125;1716;
1119,547;37,59529113769531;1712,68994140625;1716;
1119,548;38,478233337402344;1712,68994140625;1716;
1119,549;38,14411544799805;1720,53759765625;1716;
1119,55;38,03588104248047;1726,4228515625;1716;
1119,551;38,234703063964844;1722,499267578125;1716;
1119,552;37,59293746948242;1714,6519775390625;1716;
1119,553;38,47764587402344;1720,53759765625;1716;
1119,554;38,14117431640625;1722,499267578125;1716;
1119,555;38,0352897644043;1726,4228515625;1716;
1119,556;38,23234939575195;1712,68994140625;1716;
1119,557;37,59646987915039;1714,6519775390625;1716;
1119,558;38,217647552490234;1722,499267578125;1716;
1119,559;38,13999557495117;1724,461181640625;1716;
1119,56;38,034706115722656;1726,4228515625;1716;
1119,561;38,22999954223633;1714,6519775390625;1716;
1119,562;37,59529113769531;1714,6519775390625;1716;
1119,563;38,21411895751953;1722,499267578125;1716;
1119,564;38,141761779785156;1724,461181640625;1716;
1119,565;38,04058837890625;1726,4228515625;1716;
1119,566;38,230587005615234;1712,68994140625;1716;
1119,567;37,60234832763672;1712,68994140625;1716;
1119,568;38,209999084472656;1724,461181640625;1716;
1119,569;38,12999725341797;1730,3466796875;1716;
1119,57;37,97529220581055;1726,4228515625;1716;
1119,571;38,16529083251953;1708,766357421875;1716;
1119,572;37,53058624267578;1712,68994140625;1716;
1119,573;38,147647857666016;1724,461181640625;1716;
1119,574;38,07646560668945;1732,3084716796875;1716;
1119,575;38,41411590576172;1726,4228515625;1716;
1119,576;38,164703369140625;1708,766357421875;1716;
1119,577;37,53176498413086;1710,728271484375;1716;
1119,578;38,14882278442383;1722,499267578125;1716;
1119,579;38,07764434814453;1730,3466796875;1716;
1119,58;37,97235107421875;1728,3848876953125;1716;
1119,581;38,16646957397461;1710,728271484375;1716;
1119,582;37,53117752075195;1714,6519775390625;1716;
1119,583;38,148231506347656;1724,461181640625;1716;
1119,584;38,07823181152344;1730,3466796875;1716;
1119,585;38,41353225708008;1726,4228515625;1716;
1119,586;38,16646957397461;1710,728271484375;1716;
1119,587;37,53117752075195;1716,61376953125;1716;
1119,588;38,148231506347656;1722,499267578125;1716;
1119,589;38,07823181152344;1730,3466796875;1716;
1119,59;38,41353225708008;1724,461181640625;1716;
1119,591;38,16646957397461;1714,6519775390625;1716;
1119,592;37,53117752075195;1712,68994140625;1716;
1119,593;38,14882278442383;1724,461181640625;1716;
1119,594;38,07823181152344;1728,3848876953125;1716;
1119,595;38,41353225708008;1720,53759765625;1716;
1119,596;38,16646957397461;1710,728271484375;1716;
1119,597;37,53117752075195;1714,6519775390625;1716;
1119,598;38,148231506347656;1724,461181640625;1716;
1119,599;38,07823181152344;1728,3848876953125;1716;
1119,6;38,41353225708008;1712,68994140625;1716;
1119,601;38,16646957397461;1714,6519775390625;1716;
1119,602;37,53117752075195;1718,5755615234375;1716;
1119,603;38,14882278442383;1726,4228515625;1716;
1119,604;38,07823181152344;1726,4228515625;1716;
1119,605;38,41353225708008;1712,68994140625;1716;
1119,606;38,16646957397461;1710,728271484375;1716;
1119,607;37,97235107421875;1720,53759765625;1716;
1119,608;38,148231506347656;1728,3848876953125;1716;
1119,609;38,07823181152344;1730,3466796875;1716;
1119,61;38,41353225708008;1712,68994140625;1716;
1119,611;38,16646957397461;1712,68994140625;1716;
1119,612;37,97235107421875;1722,499267578125;1716;
1119,613;38,14882278442383;1730,3466796875;1716;
1119,614;38,078819274902344;1726,4228515625;1716;
1119,615;38,41353225708008;1712,68994140625;1716;
1119,616;38,16646957397461;1708,766357421875;1716;
1119,617;37,97235107421875;1722,499267578125;1716;
1119,618;38,148231506347656;1732,3084716796875;1716;
1119,619;38,07823181152344;1730,3466796875;1716;
1119,62;38,41353225708008;1710,728271484375;1716;
1119,621;38,167057037353516;1708,766357421875;1716;
1119,622;37,97235107421875;1722,499267578125;1716;
1119,623;38,14882278442383;1730,3466796875;1716;
1119,624;38,078819274902344;1728,3848876953125;1716;
1119,625;38,41353225708008;1712,68994140625;1716;
1119,626;38,16646957397461;1708,766357421875;1716;
1119,627;37,97235107421875;1722,499267578125;1716;
1119,628;38,14882278442383;1732,3084716796875;1716;
1119,629;37,53176498413086;1728,3848876953125;1716;
1119,63;38,41353225708008;1716,61376953125;1716;
1119,631;38,16646957397461;1714,6519775390625;1716;
1119,632;37,97235107421875;1720,53759765625;1716;
1119,633;38,14882278442383;1730,3466796875;1716;
1119,634;37,53117752075195;1722,499267578125;1716;
1119,635;38,41353225708008;1712,68994140625;1716;
1119,636;38,167057037353516;1710,728271484375;1716;
1119,637;37,97235107421875;1722,499267578125;1716;
1119,638;38,14882278442383;1728,3848876953125;1716;
1119,639;37,53117752075195;1718,5755615234375;1716;
1119,64;38,41353225708008;1716,61376953125;1716;
1119,641;38,16646957397461;1714,6519775390625;1716;
1119,642;37,97235107421875;1720,53759765625;1716;
1119,643;38,14882278442383;1724,461181640625;1716;
1119,644;37,53117752075195;1722,499267578125;1716;
1119,645;38,412940979003906;1716,61376953125;1716;
1119,646;38,16646957397461;1716,61376953125;1716;
1119,647;37,97235107421875;1728,3848876953125;1716;
1119,648;38,14882278442383;1726,4228515625;1716;
1119,649;37,53058624267578;1718,5755615234375;1716;
1119,65;38,412940979003906;1716,61376953125;1716;
1119,651;38,07823181152344;1720,53759765625;1716;
1119,652;37,97235107421875;1726,4228515625;1716;
1119,653;38,14882278442383;1724,461181640625;1716;
1119,654;37,53176498413086;1714,6519775390625;1716;
1119,655;38,41353225708008;1714,6519775390625;1716;
1119,656;38,07823181152344;1720,53759765625;1716;
1119,657;37,97235107421875;1728,3848876953125;1716;
1119,658;38,14882278442383;1724,461181640625;1716;
1119,659;37,53058624267578;1714,6519775390625;1716;
1119,66;38,412940979003906;1712,68994140625;1716;
1119,661;38,07823181152344;1718,5755615234375;1716;
1119,662;37,97235107421875;1732,3084716796875;1716;
1119,663;38,14882278442383;1726,4228515625;1716;
1119,664;37,53058624267578;1710,728271484375;1716;
1119,665;38,412940979003906;1712,68994140625;1716;
1119,666;38,07823181152344;1722,499267578125;1716;
1119,667;37,97235107421875;1730,3466796875;1716;
1119,668;38,14882278442383;1726,4228515625;1716;
1119,669;37,53058624267578;1710,728271484375;1716;
1119,67;38,41353225708008;1712,68994140625;1716;
1119,671;38,07823181152344;1720,53759765625;1716;
1119,672;37,97235107421875;1726,4228515625;1716;
1119,673;38,14882278442383;1728,3848876953125;1716;
1119,674;37,53058624267578;1710,728271484375;1716;
1119,675;38,41353225708008;1712,68994140625;1716;
1119,676;38,07823181152344;1722,499267578125;1716;
1119,677;37,97235107421875;1726,4228515625;1716;
1119,678;38,16646957397461;1726,4228515625;1716;
1119,679;37,53176498413086;1714,6519775390625;1716;
1119,68;38,412940979003906;1714,6519775390625;1716;
1119,681;38,07823181152344;1722,499267578125;1716;
1119,682;37,97235107421875;1726,4228515625;1716;
1119,683;38,16646957397461;1718,5755615234375;1716;
1119,684;37,53058624267578;1716,61376953125;1716;
1119,685;38,412940979003906;1716,61376953125;1716;
1119,686;38,07823181152344;1726,4228515625;1716;
1119,687;37,97117614746094;1724,461181640625;1716;
1119,688;38,16646957397461;1720,53759765625;1716;
1119,689;37,53176498413086;1714,6519775390625;1716;
1119,69;38,149410247802734;1722,499267578125;1716;
1119,691;38,07823181152344;1724,461181640625;1716;
1119,692;37,972938537597656;1726,4228515625;1716;
1119,693;38,16646957397461;1716,61376953125;1716;
1119,694;37,53293991088867;1714,6519775390625;1716;
1119,695;38,41353225708008;1722,499267578125;1716;
1119,696;38,077056884765625;1726,4228515625;1716;
1119,697;37,971763610839844;1724,461181640625;1716;
1119,698;38,16646957397461;1714,6519775390625;1716;
1119,699;37,5294075012207;1710,728271484375;1716;
1119,7;38,14882278442383;1722,499267578125;1716;
1119,701;38,07823181152344;1728,3848876953125;1716;
1119,702;37,96940994262695;1728,3848876953125;1716;
1119,703;38,079410552978516;1706,8046875;1716;
1119,704;37,44588088989258;1712,68994140625;1716;
1119,705;38,05882263183594;1722,499267578125;1716;
1119,706;37,98823547363281;1728,3848876953125;1716;
1119,707;38,32353210449219;1724,461181640625;1716;
1119,708;38,07646942138672;1710,728271484375;1716;
1119,709;37,44117736816406;1710,728271484375;1716;
1119,71;38,05882263183594;1724,461181640625;1716;
1119,711;37,98823547363281;1732,3084716796875;1716;
1119,712;38,32353210449219;1726,4228515625;1716;
1119,713;38,07646942138672;1708,766357421875;1716;
1119,714;37,44117736816406;1712,68994140625;1716;
1119,715;38,059410095214844;1722,499267578125;1716;
1119,716;37,98823547363281;1730,3466796875;1716;
1119,717;38,32353210449219;1724,461181640625;1716;
1119,718;38,07646942138672;1708,766357421875;1716;
1119,719;37,44117736816406;1710,728271484375;1716;
1119,72;38,05882263183594;1724,461181640625;1716;
1119,721;37,98823547363281;1730,3466796875;1716;
1119,722;38,32353210449219;1726,4228515625;1716;
1119,723;38,07646942138672;1712,68994140625;1716;
1119,724;37,44117736816406;1710,728271484375;1716;
1119,725;38,05882263183594;1724,461181640625;1716;
1119,726;37,98823547363281;1730,3466796875;1716;
1119,727;38,32353210449219;1724,461181640625;1716;
1119,728;38,07646942138672;1710,728271484375;1716;
1119,729;37,44117736816406;1714,6519775390625;1716;
1119,73;38,059410095214844;1732,3084716796875;1716;
1119,731;37,98823547363281;1730,3466796875;1716;
1119,732;38,32353210449219;1720,53759765625;1716;
1119,733;38,07646942138672;1714,6519775390625;1716;
1119,734;37,88235092163086;1722,499267578125;1716;
1119,735;38,05882263183594;1724,461181640625;1716;
1119,736;37,98823547363281;1726,4228515625;1716;
1119,737;38,32353210449219;1718,5755615234375;1716;
1119,738;38,07646942138672;1710,728271484375;1716;
1119,739;37,88235092163086;1722,499267578125;1716;
1119,74;38,05882263183594;1726,4228515625;1716;
1119,741;37,98823547363281;1728,3848876953125;1716;
1119,742;37,11529541015625;1714,6519775390625;1716;
1119,743;38,13587951660156;1708,766357421875;1716;
1119,744;37,9417610168457;1722,499267578125;1716;
1119,745;38,128822326660156;1728,3848876953125;1716;
1119,746;38,05881881713867;1728,3848876953125;1716;
1119,747;38,40470504760742;1710,728271484375;1716;
1119,748;38,16352844238281;1708,766357421875;1716;
1119,749;37,966468811035156;1722,499267578125;1716;
1119,75;38,13999938964844;1732,3084716796875;1716;
1119,751;37,52411651611328;1728,3848876953125;1716;
1119,752;38,41353225708008;1712,68994140625;1716;
1119,753;38,160587310791016;1708,766357421875;1716;
1119,754;37,96940994262695;1720,53759765625;1716;
1119,755;38,14529037475586;1732,3084716796875;1716;
1119,756;37,52176284790039;1730,3466796875;1716;
1119,757;38,39823532104492;1710,728271484375;1716;
1119,758;38,15058517456055;1706,8046875;1716;
1119,759;37,94999694824219;1722,499267578125;1716;
1119,76;38,12528991699219;1730,3466796875;1716;
1119,761;38,05352783203125;1730,3466796875;1716;
1119,762;38,384117126464844;1716,61376953125;1716;
1119,763;38,13999938964844;1708,766357421875;1716;
1119,764;37,946468353271484;1720,53759765625;1716;
1119,765;38,20882034301758;1732,3084716796875;1716;
1119,766;37,585880279541016;1730,3466796875;1716;
1119,767;38,384117126464844;1712,68994140625;1716;
1119,768;38,22175979614258;1712,68994140625;1716;
1119,769;38,036468505859375;1722,499267578125;1716;
1119,77;38,217647552490234;1728,3848876953125;1716;
1119,771;37,60234832763672;1726,4228515625;1716;
1119,772;38,4900016784668;1716,61376953125;1716;
1119,773;38,24058532714844;1712,68994140625;1716;
1119,774;38,0352897644043;1722,499267578125;1716;
1119,775;38,21294021606445;1728,3848876953125;1716;
1119,776;37,59587860107422;1724,461181640625;1716;
1119,777;38,48117446899414;1716,61376953125;1716;
1119,778;38,14764404296875;1718,5755615234375;1716;
1119,779;38,03764724731445;1722,499267578125;1716;
1119,78;38,22058868408203;1726,4228515625;1716;
1119,781;37,599998474121094;1712,68994140625;1716;
1119,782;38,478233337402344;1716,61376953125;1716;
1119,783;38,23411560058594;1716,61376953125;1716;
1119,784;38,0352897644043;1730,3466796875;1716;
1119,785;38,22352981567383;1726,4228515625;1716;
1119,786;37,611175537109375;1712,68994140625;1716;
1119,787;38,5094108581543;1714,6519775390625;1716;
1119,788;38,17940902709961;1720,53759765625;1716;
1119,789;38,07529067993164;1726,4228515625;1716;
1119,79;38,24882125854492;1726,4228515625;1716;
1119,791;37,63823699951172;1716,61376953125;1716;
1119,792;38,52411651611328;1714,6519775390625;1716;
1119,793;38,174705505371094;1720,53759765625;1716;
1119,794;38,070587158203125;1732,3084716796875;1716;
1119,795;38,2405891418457;1728,3848876953125;1716;
1119,796;37,61823654174805;1710,728271484375;1716;
1119,797;38,49588394165039;1714,6519775390625;1716;
1119,798;38,16117477416992;1720,53759765625;1716;
1119,799;38,04411697387695;1730,3466796875;1716;
1119,8;38,21411895751953;1726,4228515625;1716;
1119,801;37,593528747558594;1712,68994140625;1716;
1119,802;38,47529220581055;1714,6519775390625;1716;
1119,803;38,148231506347656;1720,53759765625;1716;
1119,804;38,0352897644043;1732,3084716796875;1716;
1119,805;38,21470260620117;1728,3848876953125;1716;
1119,806;37,593528747558594;1712,68994140625;1716;
1119,807;38,478233337402344;1718,5755615234375;1716;
1119,808;38,14529037475586;1722,499267578125;1716;
1119,809;38,03705596923828;1730,3466796875;1716;
1119,81;38,22882080078125;1726,4228515625;1716;
1119,811;37,598236083984375;1712,68994140625;1716;
1119,812;38,47764587402344;1716,61376953125;1716;
1119,813;38,14352798461914;1722,499267578125;1716;
1119,814;38,0323486328125;1728,3848876953125;1716;
1119,815;38,22705841064453;1724,461181640625;1716;
1119,816;37,5911750793457;1716,61376953125;1716;
1119,817;38,48176574707031;1716,61376953125;1716;
1119,818;38,14234924316406;1720,53759765625;1716;
1119,819;38,03940963745117;1728,3848876953125;1716;
1119,82;38,22705841064453;1716,61376953125;1716;
1119,821;37,60117721557617;1712,68994140625;1716;
1119,822;38,472354888916016;1716,61376953125;1716;
1119,823;38,13999557495117;1724,461181640625;1716;
1119,824;38,03823471069336;1726,4228515625;1716;
1119,825;38,23117446899414;1712,68994140625;1716;
1119,826;37,59293746948242;1716,61376953125;1716;
1119,827;38,47588348388672;1722,499267578125;1716;
1119,828;38,14293670654297;1724,461181640625;1716;
1119,829;38,0352897644043;1724,461181640625;1716;
1119,83;38,23117446899414;1714,6519775390625;1716;
1119,831;37,59646987915039;1712,68994140625;1716;
1119,832;38,21411895751953;1722,499267578125;1716;
1119,833;38,145877838134766;1730,3466796875;1716;
1119,834;38,03588104248047;1726,4228515625;1716;
1119,835;38,23234939575195;1712,68994140625;1716;
1119,836;37,59293746948242;1714,6519775390625;1716;
1119,837;38,216468811035156;1724,461181640625;1716;
1119,838;38,14293670654297;1730,3466796875;1716;
1119,839;38,0352897644043;1724,461181640625;1716;
1119,84;38,23117446899414;1708,766357421875;1716;
1119,841;37,59646987915039;1712,68994140625;1716;
1119,842;38,21117401123047;1724,461181640625;1716;
1119,843;38,14117431640625;1730,3466796875;1716;
1119,844;38,03588104248047;1726,4228515625;1716;
1119,845;38,23117446899414;1710,728271484375;1716;
1119,846;37,59529113769531;1714,6519775390625;1716;
1119,847;38,216468811035156;1722,499267578125;1716;
1119,848;38,14117431640625;1734,2705078125;1716;
1119,849;38,03705596923828;1728,3848876953125;1716;
1119,85;38,23234939575195;1712,68994140625;1716;
1119,851;37,59293746948242;1710,728271484375;1716;
1119,852;38,20587921142578;1726,4228515625;1716;
1119,853;38,07940673828125;1732,3084716796875;1716;
1119,854;38,41117477416992;1716,61376953125;1716;
1119,855;38,16587829589844;1712,68994140625;1716;
1119,856;37,53176498413086;1712,68994140625;1716;
1119,857;38,149410247802734;1722,499267578125;1716;
1119,858;38,078819274902344;1730,3466796875;1716;
1119,859;38,412353515625;1714,6519775390625;1716;
1119,86;38,16529083251953;1712,68994140625;1716;
1119,861;37,53058624267578;1712,68994140625;1716;
1119,862;38,148231506347656;1724,461181640625;1716;
1119,863;38,07823181152344;1728,3848876953125;1716;
1119,864;38,41411590576172;1722,499267578125;1716;
1119,865;38,167057037353516;1714,6519775390625;1716;
1119,866;37,529998779296875;1716,61376953125;1716;
1119,867;38,15058898925781;1732,3084716796875;1716;
1119,868;38,07823181152344;1728,3848876953125;1716;
1119,869;38,41411590576172;1718,5755615234375;1716;
1119,87;38,167057037353516;1712,68994140625;1716;
1119,871;37,529998779296875;1718,5755615234375;1716;
1119,872;38,15058898925781;1730,3466796875;1716;
1119,873;38,077056884765625;1728,3848876953125;1716;
1119,874;38,41411590576172;1716,61376953125;1716;
1119,875;38,167057037353516;1710,728271484375;1716;
1119,876;37,97117614746094;1720,53759765625;1716;
1119,877;38,15058898925781;1730,3466796875;1716;
1119,878;38,07823181152344;1728,3848876953125;1716;
1119,879;38,41411590576172;1712,68994140625;1716;
1119,88;38,167057037353516;1708,766357421875;1716;
1119,881;37,97117614746094;1722,499267578125;1716;
1119,882;38,14882278442383;1728,3848876953125;1716;
1119,883;37,53117752075195;1728,3848876953125;1716;
1119,884;38,41411590576172;1712,68994140625;1716;
1119,885;38,16587829589844;1712,68994140625;1716;
1119,886;37,97117614746094;1720,53759765625;1716;
1119,887;38,14882278442383;1732,3084716796875;1716;
1119,888;38,07823181152344;1730,3466796875;1716;
1119,889;38,41411590576172;1710,728271484375;1716;
1119,89;38,16587829589844;1712,68994140625;1716;
1119,891;37,97117614746094;1722,499267578125;1716;
1119,892;38,14882278442383;1730,3466796875;1716;
1119,893;37,53117752075195;1728,3848876953125;1716;
1119,894;38,41411590576172;1716,61376953125;1716;
1119,895;38,167057037353516;1708,766357421875;1716;
1119,896;37,97117614746094;1722,499267578125;1716;
1119,897;38,14882278442383;1732,3084716796875;1716;
1119,898;37,53117752075195;1726,4228515625;1716;
1119,899;38,4152946472168;1714,6519775390625;1716;
1119,9;38,16587829589844;1708,766357421875;1716;
1119,901;37,97117614746094;1722,499267578125;1716;
1119,902;38,14882278442383;1726,4228515625;1716;
1119,903;37,53117752075195;1728,3848876953125;1716;
1119,904;38,4152946472168;1716,61376953125;1716;
1119,905;38,07764434814453;1716,61376953125;1716;
1119,906;37,97117614746094;1730,3466796875;1716;
1119,907;38,14882278442383;1728,3848876953125;1716;
1119,908;37,53117752075195;1724,461181640625;1716;
1119,909;38,4152946472168;1718,5755615234375;1716;
1119,91;38,16587829589844;1714,6519775390625;1716;
1119,911;37,97117614746094;1728,3848876953125;1716;
1119,912;38,14882278442383;1726,4228515625;1716;
1119,913;37,53117752075195;1722,499267578125;1716;
1119,914;38,4152946472168;1714,6519775390625;1716;
1119,915;38,07764434814453;1718,5755615234375;1716;
1119,916;37,97117614746094;1724,461181640625;1716;
1119,917;38,14882278442383;1726,4228515625;1716;
1119,918;37,53117752075195;1716,61376953125;1716;
1119,919;38,41353225708008;1714,6519775390625;1716;
1119,92;38,07764434814453;1720,53759765625;1716;
1119,921;37,97117614746094;1728,3848876953125;1716;
1119,922;38,14882278442383;1724,461181640625;1716;
1119,923;37,53117752075195;1712,68994140625;1716;
1119,924;38,4152946472168;1712,68994140625;1716;
1119,925;38,07764434814453;1720,53759765625;1716;
1119,926;37,972938537597656;1728,3848876953125;1716;
1119,927;38,16646957397461;1728,3848876953125;1716;
1119,928;37,53117752075195;1712,68994140625;1716;
1119,929;38,41353225708008;1714,6519775390625;1716;
1119,93;38,078819274902344;1720,53759765625;1716;
1119,931;37,972938537597656;1732,3084716796875;1716;
1119,932;38,16646957397461;1724,461181640625;1716;
1119,933;37,53117752075195;1712,68994140625;1716;
1119,934;38,4152946472168;1710,728271484375;1716;
1119,935;38,07764434814453;1720,53759765625;1716;
1119,936;37,972938537597656;1730,3466796875;1716;
1119,937;38,167057037353516;1724,461181640625;1716;
1119,938;37,53117752075195;1714,6519775390625;1716;
1119,939;38,4152946472168;1712,68994140625;1716;
1119,94;38,07764434814453;1722,499267578125;1716;
1119,941;37,972938537597656;1732,3084716796875;1716;
1119,942;38,16646957397461;1724,461181640625;1716;
1119,943;37,53117752075195;1712,68994140625;1716;
1119,944;38,15058898925781;1722,499267578125;1716;
1119,945;38,07764434814453;1720,53759765625;1716;
1119,946;37,972938537597656;1728,3848876953125;1716;
1119,947;38,16646957397461;1724,461181640625;1716;
1119,948;37,529998779296875;1714,6519775390625;1716;
1119,949;38,15058898925781;1722,499267578125;1716;
1119,95;38,078819274902344;1720,53759765625;1716;
1119,951;37,972938537597656;1728,3848876953125;1716;
1119,952;38,16646957397461;1722,499267578125;1716;
1119,953;37,529998779296875;1712,68994140625;1716;
1119,954;38,4152946472168;1722,499267578125;1716;
1119,955;38,078819274902344;1722,499267578125;1716;
1119,956;37,974117279052734;1726,4228515625;1716;
1119,957;38,16646957397461;1710,728271484375;1716;
1119,958;37,529998779296875;1716,61376953125;1716;
1119,959;38,15058898925781;1722,499267578125;1716;
1119,96;38,07764434814453;1724,461181640625;1716;
1119,961;37,972938537597656;1726,4228515625;1716;
1119,962;38,16646957397461;1714,6519775390625;1716;
1119,963;37,529998779296875;1714,6519775390625;1716;
1119,964;38,15058898925781;1722,499267578125;1716;
1119,965;38,07764434814453;1726,4228515625;1716;
1119,966;37,972938537597656;1726,4228515625;1716;
1119,967;38,16646957397461;1712,68994140625;1716;
1119,968;37,529998779296875;1714,6519775390625;1716;
1119,969;38,15058898925781;1722,499267578125;1716;
1119,97;38,077056884765625;1732,3084716796875;1716;
1119,971;37,97235107421875;1726,4228515625;1716;
1119,972;38,16646957397461;1710,728271484375;1716;
1119,973;37,53176498413086;1712,68994140625;1716;
1119,974;38,147647857666016;1726,4228515625;1716;
1119,975;38,078819274902344;1730,3466796875;1716;
1119,976;37,97235107421875;1726,4228515625;1716;
1119,977;38,167057037353516;1710,728271484375;1716;
1119,978;37,53058624267578;1712,68994140625;1716;
1119,979;38,15058898925781;1722,499267578125;1716;
1119,98;38,07999801635742;1732,3084716796875;1716;
1119,981;38,41353225708008;1720,53759765625;1716;
1119,982;38,16646957397461;1710,728271484375;1716;
1119,983;37,529998779296875;1716,61376953125;1716;
1119,984;38,147647857666016;1724,461181640625;1716;
1119,985;38,07823181152344;1730,3466796875;1716;
1119,986;38,326473236083984;1722,499267578125;1716;
1119,987;38,079410552978516;1712,68994140625;1716;
1119,988;37,44117736816406;1716,61376953125;1716;
1119,989;38,05882263183594;1724,461181640625;1716;
1119,99;37,98823547363281;1732,3084716796875;1716;
1119,991;38,32588195800781;1726,4228515625;1716;
1119,992;38,07646942138672;1712,68994140625;1716;
1119,993;37,44117736816406;1716,61376953125;1716;
1119,994;38,05882263183594;1724,461181640625;1716;
1119,995;37,98823547363281;1726,4228515625;1716;
1119,996;38,32353210449219;1716,61376953125;1716;
1119,997;38,07646942138672;1712,68994140625;1716;
1119,998;37,44117736816406;1714,6519775390625;1716;
1119,999;38,05882263183594;1726,4228515625;1716;
1120;37,98823547363281;1728,3848876953125;1716;
1120,001;38,32353210449219;1712,68994140625;1716;
1120,002;38,07646942138672;1712,68994140625;1716;
1120,003;37,88235092163086;1718,5755615234375;1716;
1120,004;38,05882263183594;1726,4228515625;1716;
1120,005;37,98823547363281;1728,3848876953125;1716;
1120,006;38,32353210449219;1716,61376953125;1716;
1120,007;38,07646942138672;1710,728271484375;1716;
1120,008;37,88235092163086;1720,53759765625;1716;
1120,009;38,05882263183594;1732,3084716796875;1716;
1120,01;37,98823547363281;1728,3848876953125;1716;
1120,011;38,32353210449219;1712,68994140625;1716;
1120,012;38,07646942138672;1710,728271484375;1716;
1120,013;37,88235092163086;1722,499267578125;1716;
1120,014;38,05882263183594;1728,3848876953125;1716;
1120,015;37,44117736816406;1728,3848876953125;1716;
1120,016;38,32353210449219;1712,68994140625;1716;
1120,017;38,07646942138672;1708,766357421875;1716;
1120,018;37,88235092163086;1722,499267578125;1716;
1120,019;38,05882263183594;1732,3084716796875;1716;
1120,02;37,98823547363281;1730,3466796875;1716;
1120,021;38,32353210449219;1712,68994140625;1716;
1120,022;38,07646942138672;1708,766357421875;1716;
1120,023;37,88235092163086;1722,499267578125;1716;
1120,024;38,05882263183594;1732,3084716796875;1716;
1120,025;36,211761474609375;1728,3848876953125;1716;
1120,026;38,38588333129883;1716,61376953125;1716;
1120,027;38,13882064819336;1708,766357421875;1716;
1120,028;37,95176315307617;1722,499267578125;1716;
1120,029;38,12940979003906;1728,3848876953125;1716;
1120,03;37,5223503112793;1718,5755615234375;1716;
1120,031;38,40470504760742;1718,5755615234375;1716;
1120,032;38,153526306152344;1714,6519775390625;1716;
1120,033;37,966468811035156;1722,499267578125;1716;
1120,034;38,142940521240234;1726,4228515625;1716;
1120,035;37,53117752075195;1716,61376953125;1716;
1120,036;38,40764617919922;1716,61376953125;1716;
1120,037;38,16646957397461;1714,6519775390625;1716;
1120,038;37,966468811035156;1724,461181640625;1716;
1120,039;38,14117431640625;1726,4228515625;1716;
1120,04;37,52058792114258;1718,5755615234375;1716;
1120,041;38,3964729309082;1716,61376953125;1716;
1120,042;38,14470291137695;1718,5755615234375;1716;
1120,043;37,94881820678711;1730,3466796875;1716;
1120,044;38,12411880493164;1724,461181640625;1716;
1120,045;37,50470733642578;1716,61376953125;1716;
1120,046;38,387062072753906;1714,6519775390625;1716;
1120,047;38,05234909057617;1720,53759765625;1716;
1120,048;37,946468353271484;1730,3466796875;1716;
1120,049;38,20000076293945;1726,4228515625;1716;
1120,05;37,587059020996094;1712,68994140625;1716;
1120,051;38,46941375732422;1714,6519775390625;1716;
1120,052;38,139408111572266;1720,53759765625;1716;
1120,053;38,042938232421875;1732,3084716796875;1716;
1120,054;38,21940994262695;1726,4228515625;1716;
1120,055;37,607059478759766;1710,728271484375;1716;
1120,056;38,4900016784668;1712,68994140625;1716;
1120,057;38,140586853027344;1720,53759765625;1716;
1120,058;38,03293991088867;1732,3084716796875;1716;
1120,059;38,21352767944336;1726,4228515625;1716;
1120,06;37,59587860107422;1714,6519775390625;1716;
1120,061;38,47941207885742;1712,68994140625;1716;
1120,062;38,14234924316406;1720,53759765625;1716;
1120,063;38,03999710083008;1730,3466796875;1716;
1120,064;38,23117446899414;1724,461181640625;1716;
1120,065;37,60117721557617;1712,68994140625;1716;
1120,066;38,47470474243164;1712,68994140625;1716;
1120,067;38,140586853027344;1722,499267578125;1716;
1120,068;38,04470443725586;1726,4228515625;1716;
1120,069;38,24646759033203;1724,461181640625;1716;
1120,07;37,628822326660156;1714,6519775390625;1716;
1120,071;38,51353073120117;1714,6519775390625;1716;
1120,072;38,17881774902344;1720,53759765625;1716;
1120,073;38,07646942138672;1724,461181640625;1716;
1120,074;38,275291442871094;1722,499267578125;1716;
1120,075;37,64234924316406;1714,6519775390625;1716;
1120,076;38,514705657958984;1716,61376953125;1716;
1120,077;38,17411422729492;1726,4228515625;1716;
1120,078;38,06999969482422;1726,4228515625;1716;
1120,079;38,25529098510742;1718,5755615234375;1716;
1120,08;37,61587905883789;1716,61376953125;1716;
1120,081;38,22529220581055;1724,461181640625;1716;
1120,082;38,153526306152344;1724,461181640625;1716;
1120,083;38,04646682739258;1724,461181640625;1716;
1120,084;38,23117446899414;1716,61376953125;1716;
1120,085;37,5970573425293;1714,6519775390625;1716;
1120,086;38,20587921142578;1724,461181640625;1716;
1120,087;38,141761779785156;1726,4228515625;1716;
1120,088;38,03823471069336;1726,4228515625;1716;
1120,089;38,23176193237305;1712,68994140625;1716;
1120,09;37,59587860107422;1710,728271484375;1716;
1120,091;38,21058654785156;1722,499267578125;1716;
1120,092;38,141761779785156;1730,3466796875;1716;
1120,093;38,0352897644043;1726,4228515625;1716;
1120,094;38,23411560058594;1708,766357421875;1716;
1120,095;37,598819732666016;1710,728271484375;1716;
1120,096;38,21294021606445;1724,461181640625;1716;
1120,097;38,14411544799805;1730,3466796875;1716;
1120,098;38,034706115722656;1726,4228515625;1716;
1120,099;38,23411560058594;1710,728271484375;1716;
1120,1;37,599998474121094;1710,728271484375;1716;
1120,101;38,216468811035156;1722,499267578125;1716;
1120,102;38,13764572143555;1732,3084716796875;1716;
1120,103;38,47764587402344;1726,4228515625;1716;
1120,104;38,22646713256836;1708,766357421875;1716;
1120,105;37,5976448059082;1712,68994140625;1716;
1120,106;38,20705795288086;1726,4228515625;1716;
1120,107;38,140586853027344;1730,3466796875;1716;
1120,108;38,47470474243164;1722,499267578125;1716;
1120,109;38,23529052734375;1710,728271484375;1716;
1120,11;37,593528747558594;1712,68994140625;1716;
1120,111;38,21411895751953;1724,461181640625;1716;
1120,112;38,14646911621094;1728,3848876953125;1716;
1120,113;38,47529220581055;1724,461181640625;1716;
1120,114;38,229408264160156;1712,68994140625;1716;
1120,115;37,5941162109375;1712,68994140625;1716;
1120,116;38,21117401123047;1726,4228515625;1716;
1120,117;38,14293670654297;1730,3466796875;1716;
1120,118;38,478233337402344;1716,61376953125;1716;
1120,119;38,23529052734375;1712,68994140625;1716;
1120,12;38,03940963745117;1720,53759765625;1716;
1120,121;38,211761474609375;1728,3848876953125;1716;
1120,122;38,141761779785156;1728,3848876953125;1716;
1120,123;38,478233337402344;1718,5755615234375;1716;
1120,124;38,23176193237305;1714,6519775390625;1716;
1120,125;38,038818359375;1722,499267578125;1716;
1120,126;38,21235275268555;1730,3466796875;1716;
1120,127;38,14117431640625;1726,4228515625;1716;
1120,128;38,47588348388672;1712,68994140625;1716;
1120,129;38,230587005615234;1710,728271484375;1716;
1120,13;38,03764724731445;1722,499267578125;1716;
1120,131;38,21352767944336;1728,3848876953125;1716;
1120,132;38,14234924316406;1728,3848876953125;1716;
1120,133;38,47529220581055;1712,68994140625;1716;
1120,134;38,23234939575195;1708,766357421875;1716;
1120,135;38,03352737426758;1722,499267578125;1716;
1120,136;38,14882278442383;1728,3848876953125;1716;
1120,137;38,078819274902344;1726,4228515625;1716;
1120,138;38,412353515625;1712,68994140625;1716;
1120,139;38,16529083251953;1708,766357421875;1716;
1120,14;37,97117614746094;1722,499267578125;1716;
1120,141;38,14646911621094;1732,3084716796875;1716;
1120,142;38,07646560668945;1730,3466796875;1716;
1120,143;38,412353515625;1710,728271484375;1716;
1120,144;38,16646957397461;1708,766357421875;1716;
1120,145;37,971763610839844;1722,499267578125;1716;
1120,146;38,14882278442383;1732,3084716796875;1716;
1120,147;37,53117752075195;1728,3848876953125;1716;
1120,148;38,41353225708008;1712,68994140625;1716;
1120,149;38,16646957397461;1708,766357421875;1716;
1120,15;37,97235107421875;1722,499267578125;1716;
1120,151;38,14882278442383;1728,3848876953125;1716;
1120,152;38,07823181152344;1728,3848876953125;1716;
1120,153;38,41353225708008;1712,68994140625;1716;
1120,154;38,16646957397461;1708,766357421875;1716;
1120,155;37,97235107421875;1722,499267578125;1716;
1120,156;38,14882278442383;1730,3466796875;1716;
1120,157;37,53117752075195;1728,3848876953125;1716;
1120,158;38,412940979003906;1716,61376953125;1716;
1120,159;38,16646957397461;1714,6519775390625;1716;
1120,16;37,97235107421875;1722,499267578125;1716;
1120,161;38,14882278442383;1728,3848876953125;1716;
1120,162;37,53117752075195;1726,4228515625;1716;
1120,163;38,412940979003906;1716,61376953125;1716;
1120,164;38,16646957397461;1718,5755615234375;1716;
1120,165;37,97235107421875;1720,53759765625;1716;
1120,166;38,14882278442383;1726,4228515625;1716;
1120,167;37,53058624267578;1722,499267578125;1716;
1120,168;38,412940979003906;1714,6519775390625;1716;
1120,169;38,16646957397461;1714,6519775390625;1716;
1120,17;37,97235107421875;1724,461181640625;1716;
1120,171;38,14882278442383;1726,4228515625;1716;
1120,172;37,53058624267578;1714,6519775390625;1716;
1120,173;38,412940979003906;1714,6519775390625;1716;
1120,174;38,07823181152344;1718,5755615234375;1716;
1120,175;37,97235107421875;1724,461181640625;1716;
1120,176;38,14882278442383;1726,4228515625;1716;
1120,177;37,53058624267578;1716,61376953125;1716;
1120,178;38,412940979003906;1716,61376953125;1716;
1120,179;38,07823181152344;1720,53759765625;1716;
1120,18;37,97235107421875;1728,3848876953125;1716;
1120,181;38,14882278442383;1726,4228515625;1716;
1120,182;37,53058624267578;1712,68994140625;1716;
1120,183;38,41353225708008;1712,68994140625;1716;
1120,184;38,07823181152344;1718,5755615234375;1716;
1120,185;37,97235107421875;1730,3466796875;1716;
1120,186;38,14882278442383;1726,4228515625;1716;
1120,187;37,53058624267578;1710,728271484375;1716;
1120,188;38,41353225708008;1712,68994140625;1716;
1120,189;38,07823181152344;1722,499267578125;1716;
1120,19;37,97235107421875;1728,3848876953125;1716;
1120,191;38,16646957397461;1726,4228515625;1716;
1120,192;37,53058624267578;1712,68994140625;1716;
1120,193;38,412940979003906;1712,68994140625;1716;
1120,194;38,07823181152344;1720,53759765625;1716;
1120,195;37,97235107421875;1730,3466796875;1716;
1120,196;38,16646957397461;1728,3848876953125;1716;
1120,197;37,53058624267578;1708,766357421875;1716;
1120,198;38,412940979003906;1714,6519775390625;1716;
1120,199;38,07823181152344;1722,499267578125;1716;
1120,2;37,97235107421875;1728,3848876953125;1716;
1120,201;38,16646957397461;1726,4228515625;1716;
1120,202;37,53058624267578;1714,6519775390625;1716;
1120,203;38,412940979003906;1718,5755615234375;1716;
1120,204;38,07823181152344;1720,53759765625;1716;
1120,205;37,97235107421875;1724,461181640625;1716;
1120,206;38,16646957397461;1724,461181640625;1716;
1120,207;37,53293991088867;1714,6519775390625;1716;
1120,208;38,412940979003906;1714,6519775390625;1716;
1120,209;38,07823181152344;1722,499267578125;1716;
1120,21;37,97235107421875;1726,4228515625;1716;
1120,211;38,16646957397461;1710,728271484375;1716;
1120,212;37,53293991088867;1714,6519775390625;1716;
1120,213;38,412940979003906;1716,61376953125;1716;
1120,214;38,07823181152344;1722,499267578125;1716;
1120,215;37,97235107421875;1724,461181640625;1716;
1120,216;38,16646957397461;1710,728271484375;1716;
1120,217;37,53117752075195;1714,6519775390625;1716;
1120,218;38,14882278442383;1720,53759765625;1716;
1120,219;38,07823181152344;1722,499267578125;1716;
1120,22;37,97235107421875;1722,499267578125;1716;
1120,221;38,16646957397461;1712,68994140625;1716;
1120,222;37,53117752075195;1712,68994140625;1716;
1120,223;38,148231506347656;1720,53759765625;1716;
1120,224;38,07823181152344;1730,3466796875;1716;
1120,225;37,97235107421875;1724,461181640625;1716;
1120,226;38,16646957397461;1710,728271484375;1716;
1120,227;37,53117752075195;1712,68994140625;1716;
1120,228;38,148231506347656;1724,461181640625;1716;
1120,229;38,07823181152344;1726,4228515625;1716;
1120,23;37,97235107421875;1722,499267578125;1716;
1120,231;38,16646957397461;1708,766357421875;1716;
1120,232;37,53117752075195;1710,728271484375;1716;
1120,233;38,148231506347656;1722,499267578125;1716;
1120,234;38,07823181152344;1730,3466796875;1716;
1120,235;37,97235107421875;1726,4228515625;1716;
1120,236;38,16646957397461;1708,766357421875;1716;
1120,237;37,53117752075195;1710,728271484375;1716;
1120,238;38,148231506347656;1724,461181640625;1716;
1120,239;38,07823181152344;1730,3466796875;1716;
1120,24;37,97235107421875;1724,461181640625;1716;
1120,241;38,16646957397461;1708,766357421875;1716;
1120,242;37,53117752075195;1710,728271484375;1716;
1120,243;38,148231506347656;1724,461181640625;1716;
1120,244;38,07823181152344;1730,3466796875;1716;
1120,245;38,41353225708008;1722,499267578125;1716;
1120,246;38,16646957397461;1708,766357421875;1716;
1120,247;37,53117752075195;1710,728271484375;1716;
1120,248;38,14882278442383;1722,499267578125;1716;
1120,249;38,07823181152344;1728,3848876953125;1716;
1120,25;38,41353225708008;1722,499267578125;1716;
1120,251;38,16646957397461;1708,766357421875;1716;
1120,252;37,529998779296875;1712,68994140625;1716;
1120,253;38,148231506347656;1722,499267578125;1716;
1120,254;38,07823181152344;1726,4228515625;1716;
1120,255;38,412940979003906;1722,499267578125;1716;
1120,256;38,16823196411133;1710,728271484375;1716;
1120,257;37,53293991088867;1710,728271484375;1716;
1120,258;38,149410247802734;1722,499267578125;1716;
1120,259;38,07823181152344;1728,3848876953125;1716;
1120,26;38,41353225708008;1722,499267578125;1716;
1120,261;38,16646957397461;1708,766357421875;1716;
1120,262;37,53117752075195;1714,6519775390625;1716;
1120,263;38,148231506347656;1720,53759765625;1716;
1120,264;38,078819274902344;1726,4228515625;1716;
1120,265;38,412940979003906;1720,53759765625;1716;
1120,266;38,16587829589844;1712,68994140625;1716;
1120,267;37,53352737426758;1714,6519775390625;1716;
1120,268;38,15235137939453;1724,461181640625;1716;
1120,269;38,02647018432617;1726,4228515625;1716;
1120,27;38,326473236083984;1712,68994140625;1716;
1120,271;38,078819274902344;1708,766357421875;1716;
1120,272;37,44117736816406;1714,6519775390625;1716;
1120,273;38,05882263183594;1722,499267578125;1716;
1120,274;37,98823547363281;1724,461181640625;1716;
1120,275;38,32353210449219;1712,68994140625;1716;
1120,276;38,07646942138672;1712,68994140625;1716;
1120,277;37,44117736816406;1716,61376953125;1716;
1120,278;38,05882263183594;1724,461181640625;1716;
1120,279;37,98823547363281;1726,4228515625;1716;
1120,28;38,32353210449219;1708,766357421875;1716;
1120,281;38,07646942138672;1708,766357421875;1716;
1120,282;37,88235092163086;1718,5755615234375;1716;
1120,283;38,05882263183594;1726,4228515625;1716;
1120,284;37,98823547363281;1726,4228515625;1716;
1120,285;38,32353210449219;1710,728271484375;1716;
1120,286;38,07646942138672;1708,766357421875;1716;
1120,287;37,88235092163086;1718,5755615234375;1716;
1120,288;38,05882263183594;1728,3848876953125;1716;
1120,289;37,98823547363281;1726,4228515625;1716;
1120,29;38,32353210449219;1710,728271484375;1716;
1120,291;38,07646942138672;1708,766357421875;1716;
1120,292;37,88235092163086;1720,53759765625;1716;
1120,293;38,05882263183594;1724,461181640625;1716;
1120,294;37,98823547363281;1724,461181640625;1716;
1120,295;38,32353210449219;1710,728271484375;1716;
1120,296;38,07646942138672;1706,8046875;1716;
1120,297;37,88235092163086;1720,53759765625;1716;
1120,298;38,05882263183594;1728,3848876953125;1716;
1120,299;37,98823547363281;1724,461181640625;1716;
1120,3;38,32353210449219;1708,766357421875;1716;
1120,301;38,07646942138672;1706,8046875;1716;
1120,302;37,88235092163086;1720,53759765625;1716;
1120,303;38,05882263183594;1728,3848876953125;1716;
1120,304;37,98823547363281;1724,461181640625;1716;
1120,305;38,32353210449219;1708,766357421875;1716;
1120,306;38,07646942138672;1706,8046875;1716;
1120,307;37,88235092163086;1720,53759765625;1716;
1120,308;38,05882263183594;1728,3848876953125;1716;
1120,309;38,05117416381836;1724,461181640625;1716;
1120,31;38,388824462890625;1714,6519775390625;1716;
1120,311;38,140586853027344;1706,8046875;1716;
1120,312;37,955291748046875;1718,5755615234375;1716;
1120,313;38,12823486328125;1728,3848876953125;1716;
1120,314;37,5223503112793;1724,461181640625;1716;
1120,315;38,40764617919922;1706,8046875;1716;
1120,316;38,15764617919922;1704,8426513671875;1716;
1120,317;37,96352767944336;1718,5755615234375;1716;
1120,318;38,14588165283203;1726,4228515625;1716;
1120,319;37,525291442871094;1724,461181640625;1716;
1120,32;38,410587310791016;1708,766357421875;1716;
1120,321;38,162349700927734;1706,8046875;1716;
1120,322;37,96470642089844;1718,5755615234375;1716;
1120,323;38,13705825805664;1728,3848876953125;1716;
1120,324;37,5164680480957;1726,4228515625;1716;
1120,325;38,39588165283203;1706,8046875;1716;
1120,326;38,13705825805664;1704,8426513671875;1716;
1120,327;37,94588088989258;1718,5755615234375;1716;
1120,328;38,12528991699219;1726,4228515625;1716;
1120,329;37,50470733642578;1724,461181640625;1716;
1120,33;38,390586853027344;1712,68994140625;1716;
1120,331;38,14117431640625;1714,6519775390625;1716;
1120,332;37,944114685058594;1718,5755615234375;1716;
1120,333;38,20823287963867;1726,4228515625;1716;
1120,334;37,58529281616211;1726,4228515625;1716;
1120,335;38,47058868408203;1710,728271484375;1716;
1120,336;38,243526458740234;1710,728271484375;1716;
1120,337;38,04411697387695;1718,5755615234375;1716;
1120,338;38,228233337402344;1724,461181640625;1716;
1120,339;37,608821868896484;1724,461181640625;1716;
1120,34;38,49293899536133;1712,68994140625;1716;
1120,341;38,22705841064453;1704,8426513671875;1716;
1120,342;38,03705596923828;1718,5755615234375;1716;
1120,343;38,209999084472656;1726,4228515625;1716;
1120,344;37,60411834716797;1710,728271484375;1716;
1120,345;38,484703063964844;1712,68994140625;1716;
1120,346;38,23764419555664;1706,8046875;1716;
1120,347;38,04411697387695;1718,5755615234375;1716;
1120,348;38,209999084472656;1724,461181640625;1716;
1120,349;37,59529113769531;1716,61376953125;1716;
1120,35;38,46588134765625;1712,68994140625;1716;
1120,351;38,22882080078125;1708,766357421875;1716;
1120,352;38,05117416381836;1718,5755615234375;1716;
1120,353;38,2470588684082;1722,499267578125;1716;
1120,354;37,63058853149414;1720,53759765625;1716;
1120,355;38,51588439941406;1714,6519775390625;1716;
1120,356;38,26176071166992;1710,728271484375;1716;
1120,357;38,07646942138672;1722,499267578125;1716;
1120,358;38,2535285949707;1722,499267578125;1716;
1120,359;37,635292053222656;1718,5755615234375;1716;
1120,36;38,51353073120117;1710,728271484375;1716;
1120,361;38,175880432128906;1714,6519775390625;1716;
1120,362;38,06293869018555;1718,5755615234375;1716;
1120,363;38,237056732177734;1722,499267578125;1716;
1120,364;37,61411666870117;1718,5755615234375;1716;
1120,365;38,49235153198242;1710,728271484375;1716;
1120,366;38,14999771118164;1712,68994140625;1716;
1120,367;38,042938232421875;1720,53759765625;1716;
1120,368;38,20882034301758;1722,499267578125;1716;
1120,369;37,592350006103516;1714,6519775390625;1716;
1120,37;38,47941207885742;1708,766357421875;1716;
1120,371;38,13999557495117;1712,68994140625;1716;
1120,372;38,038818359375;1720,53759765625;1716;
1120,373;38,20882034301758;1722,499267578125;1716;
1120,374;37,5976448059082;1710,728271484375;1716;
1120,375;38,47705841064453;1712,68994140625;1716;
1120,376;38,145877838134766;1712,68994140625;1716;
1120,377;38,03823471069336;1724,461181640625;1716;
1120,378;38,21235275268555;1722,499267578125;1716;
1120,379;37,5911750793457;1706,8046875;1716;
1120,38;38,478824615478516;1708,766357421875;1716;
1120,381;38,13823318481445;1714,6519775390625;1716;
1120,382;38,041175842285156;1724,461181640625;1716;
1120,383;38,20882034301758;1720,53759765625;1716;
1120,384;37,5970573425293;1708,766357421875;1716;
1120,385;38,478824615478516;1712,68994140625;1716;
1120,386;38,14764404296875;1716,61376953125;1716;
1120,387;38,03117752075195;1728,3848876953125;1716;
1120,388;38,216468811035156;1722,499267578125;1716;
1120,389;37,5976448059082;1706,8046875;1716;
1120,39;38,47588348388672;1708,766357421875;1716;
1120,391;38,141761779785156;1716,61376953125;1716;
1120,392;38,03764724731445;1722,499267578125;1716;
1120,393;38,21470260620117;1722,499267578125;1716;
1120,394;37,593528747558594;1710,728271484375;1716;
1120,395;38,478824615478516;1712,68994140625;1716;
1120,396;38,14117431640625;1718,5755615234375;1716;
1120,397;38,0352897644043;1726,4228515625;1716;
1120,398;38,21352767944336;1722,499267578125;1716;
1120,399;37,59587860107422;1708,766357421875;1716;
1120,4;38,478824615478516;1708,766357421875;1716;
1120,401;38,147056579589844;1716,61376953125;1716;
1120,402;38,0352897644043;1724,461181640625;1716;
1120,403;38,21117401123047;1722,499267578125;1716;
1120,404;37,5941162109375;1710,728271484375;1716;
1120,405;38,47764587402344;1710,728271484375;1716;
1120,406;38,141761779785156;1718,5755615234375;1716;
1120,407;38,03705596923828;1728,3848876953125;1716;
1120,408;38,235877990722656;1718,5755615234375;1716;
1120,409;37,59587860107422;1708,766357421875;1716;
1120,41;38,47705841064453;1708,766357421875;1716;
1120,411;38,14234924316406;1714,6519775390625;1716;
1120,412;38,03588104248047;1726,4228515625;1716;
1120,413;38,23234939575195;1724,461181640625;1716;
1120,414;37,59587860107422;1706,8046875;1716;
1120,415;38,48117446899414;1708,766357421875;1716;
1120,416;38,13882064819336;1716,61376953125;1716;
1120,417;38,03940963745117;1726,4228515625;1716;
1120,418;38,228233337402344;1722,499267578125;1716;
1120,419;38,820587158203125;1708,766357421875;1716;
1120,42;38,414703369140625;1708,766357421875;1716;
1120,421;38,07646560668945;1716,61376953125;1716;
1120,422;37,971763610839844;1728,3848876953125;1716;
1120,423;38,16529083251953;1726,4228515625;1716;
1120,424;37,53058624267578;1706,8046875;1716;
1120,425;38,41117477416992;1710,728271484375;1716;
1120,426;38,077056884765625;1718,5755615234375;1716;
1120,427;37,96999740600586;1724,461181640625;1716;
1120,428;38,16823196411133;1722,499267578125;1716;
1120,429;37,529998779296875;1708,766357421875;1716;
1120,43;38,4152946472168;1712,68994140625;1716;
1120,431;38,078819274902344;1718,5755615234375;1716;
1120,432;37,972938537597656;1724,461181640625;1716;
1120,433;38,16646957397461;1720,53759765625;1716;
1120,434;37,529998779296875;1710,728271484375;1716;
1120,435;38,4152946472168;1708,766357421875;1716;
1120,436;38,078819274902344;1716,61376953125;1716;
1120,437;37,974117279052734;1726,4228515625;1716;
1120,438;38,16646957397461;1718,5755615234375;1716;
1120,439;37,529998779296875;1710,728271484375;1716;
1120,44;38,4152946472168;1712,68994140625;1716;
1120,441;38,078819274902344;1718,5755615234375;1716;
1120,442;37,97235107421875;1722,499267578125;1716;
1120,443;38,16646957397461;1716,61376953125;1716;
1120,444;37,529998779296875;1712,68994140625;1716;
1120,445;38,4152946472168;1712,68994140625;1716;
1120,446;38,07764434814453;1718,5755615234375;1716;
1120,447;37,974117279052734;1720,53759765625;1716;
1120,448;38,16646957397461;1714,6519775390625;1716;
1120,449;37,529998779296875;1710,728271484375;1716;
1120,45;38,4152946472168;1710,728271484375;1716;
1120,451;38,07764434814453;1724,461181640625;1716;
1120,452;37,974117279052734;1724,461181640625;1716;
1120,453;38,16646957397461;1712,68994140625;1716;
1120,454;37,529998779296875;1712,68994140625;1716;
1120,455;38,15058898925781;1722,499267578125;1716;
1120,456;38,07764434814453;1720,53759765625;1716;
1120,457;37,972938537597656;1722,499267578125;1716;
1120,458;38,167057037353516;1706,8046875;1716;
1120,459;37,529998779296875;1708,766357421875;1716;
1120,46;38,15058898925781;1720,53759765625;1716;
1120,461;38,07764434814453;1718,5755615234375;1716;
1120,462;37,972938537597656;1722,499267578125;1716;
1120,463;38,16646957397461;1710,728271484375;1716;
1120,464;37,529998779296875;1708,766357421875;1716;
1120,465;38,15058898925781;1720,53759765625;1716;
1120,466;38,07764434814453;1722,499267578125;1716;
1120,467;37,972938537597656;1720,53759765625;1716;
1120,468;38,16646957397461;1708,766357421875;1716;
1120,469;37,529998779296875;1708,766357421875;1716;
1120,47;38,15058898925781;1720,53759765625;1716;
1120,471;38,07764434814453;1720,53759765625;1716;
1120,472;37,972938537597656;1720,53759765625;1716;
1120,473;38,16646957397461;1706,8046875;1716;
1120,474;37,529998779296875;1710,728271484375;1716;
1120,475;38,15058898925781;1716,61376953125;1716;
1120,476;38,077056884765625;1722,499267578125;1716;
1120,477;37,972938537597656;1724,461181640625;1716;
1120,478;38,16646957397461;1706,8046875;1716;
1120,479;37,529998779296875;1712,68994140625;1716;
1120,48;38,15058898925781;1722,499267578125;1716;
1120,481;38,077056884765625;1728,3848876953125;1716;
1120,482;37,972938537597656;1722,499267578125;1716;
1120,483;38,16646957397461;1706,8046875;1716;
1120,484;37,529998779296875;1710,728271484375;1716;
1120,485;38,15058898925781;1720,53759765625;1716;
1120,486;38,077056884765625;1728,3848876953125;1716;
1120,487;37,972938537597656;1724,461181640625;1716;
1120,488;38,16646957397461;1704,8426513671875;1716;
1120,489;37,53117752075195;1708,766357421875;1716;
1120,49;38,15058898925781;1722,499267578125;1716;
1120,491;38,077056884765625;1726,4228515625;1716;
1120,492;37,972938537597656;1722,499267578125;1716;
1120,493;38,16646957397461;1704,8426513671875;1716;
1120,494;37,53117752075195;1710,728271484375;1716;
1120,495;38,15058898925781;1720,53759765625;1716;
1120,496;38,07823181152344;1728,3848876953125;1716;
1120,497;38,4152946472168;1724,461181640625;1716;
1120,498;38,16646957397461;1706,8046875;1716;
1120,499;37,53117752075195;1708,766357421875;1716;
1120,5;38,15058898925781;1720,53759765625;1716;
1120,501;38,07823181152344;1728,3848876953125;1716;
1120,502;37,974117279052734;1722,499267578125;1716;
1120,503;38,16646957397461;1706,8046875;1716;
1120,504;37,53117752075195;1706,8046875;1716;
1120,505;38,15058898925781;1722,499267578125;1716;
1120,506;38,07823181152344;1728,3848876953125;1716;
1120,507;37,972938537597656;1722,499267578125;1716;
1120,508;38,16646957397461;1708,766357421875;1716;
1120,509;37,53117752075195;1708,766357421875;1716;
1120,51;38,15058898925781;1720,53759765625;1716;
1120,511;38,07823181152344;1728,3848876953125;1716;
1120,512;38,4152946472168;1720,53759765625;1716;
1120,513;38,16646957397461;1706,8046875;1716;
1120,514;37,529998779296875;1708,766357421875;1716;
1120,515;38,15058898925781;1722,499267578125;1716;
1120,516;38,07823181152344;1726,4228515625;1716;
1120,517;38,41411590576172;1722,499267578125;1716;
1120,518;38,16646957397461;1708,766357421875;1716;
1120,519;37,529998779296875;1710,728271484375;1716;
1120,52;38,15058898925781;1718,5755615234375;1716;
1120,521;38,07940673828125;1724,461181640625;1716;
1120,522;38,41411590576172;1722,499267578125;1716;
1120,523;38,16646957397461;1706,8046875;1716;
1120,524;37,529998779296875;1710,728271484375;1716;
1120,525;38,15058898925781;1722,499267578125;1716;
1120,526;38,07823181152344;1726,4228515625;1716;
1120,527;38,41411590576172;1720,53759765625;1716;
1120,528;38,167057037353516;1708,766357421875;1716;
1120,529;37,529998779296875;1714,6519775390625;1716;
1120,53;38,15058898925781;1720,53759765625;1716;
1120,531;38,07823181152344;1726,4228515625;1716;
1120,532;38,41411590576172;1718,5755615234375;1716;
1120,533;38,167057037353516;1702,880859375;1716;
1120,534;37,529998779296875;1708,766357421875;1716;
1120,535;38,15058898925781;1720,53759765625;1716;
1120,536;38,07823181152344;1724,461181640625;1716;
1120,537;38,414703369140625;1712,68994140625;1716;
1120,538;38,16823196411133;1710,728271484375;1716;
1120,539;37,53293991088867;1710,728271484375;1716;
1120,54;38,149410247802734;1722,499267578125;1716;
1120,541;38,07764434814453;1726,4228515625;1716;
1120,542;38,41411590576172;1710,728271484375;1716;
1120,543;38,16646957397461;1710,728271484375;1716;
1120,544;37,53117752075195;1712,68994140625;1716;
1120,545;38,14882278442383;1720,53759765625;1716;
1120,546;38,07823181152344;1722,499267578125;1716;
1120,547;38,41353225708008;1716,61376953125;1716;
1120,548;38,167057037353516;1708,766357421875;1716;
1120,549;37,528236389160156;1712,68994140625;1716;
1120,55;38,14882278442383;1722,499267578125;1716;
1120,551;38,0811767578125;1724,461181640625;1716;
1120,552;38,410587310791016;1712,68994140625;1716;
1120,553;38,079410552978516;1710,728271484375;1716;
1120,554;37,446468353271484;1716,61376953125;1716;
1120,555;38,05882263183594;1724,461181640625;1716;
1120,556;37,98823547363281;1724,461181640625;1716;
1120,557;38,32588195800781;1712,68994140625;1716;
1120,558;38,07646942138672;1708,766357421875;1716;
1120,559;37,88235092163086;1720,53759765625;1716;
1120,56;38,05882263183594;1724,461181640625;1716;
1120,561;37,98823547363281;1724,461181640625;1716;
1120,562;38,32353210449219;1710,728271484375;1716;
1120,563;38,07646942138672;1706,8046875;1716;
1120,564;37,88235092163086;1718,5755615234375;1716;
1120,565;38,05882263183594;1724,461181640625;1716;
1120,566;37,98823547363281;1722,499267578125;1716;
1120,567;38,32353210449219;1710,728271484375;1716;
1120,568;38,07646942138672;1706,8046875;1716;
1120,569;37,88235092163086;1720,53759765625;1716;
1120,57;38,05882263183594;1724,461181640625;1716;
1120,571;37,98823547363281;1722,499267578125;1716;
1120,572;38,32353210449219;1708,766357421875;1716;
1120,573;38,07646942138672;1706,8046875;1716;
1120,574;37,88235092163086;1716,61376953125;1716;
1120,575;38,05882263183594;1726,4228515625;1716;
1120,576;37,98823547363281;1726,4228515625;1716;
1120,577;38,32353210449219;1708,766357421875;1716;
1120,578;38,07646942138672;1706,8046875;1716;
1120,579;37,88235092163086;1718,5755615234375;1716;
1120,58;38,05882263183594;1726,4228515625;1716;
1120,581;37,98823547363281;1724,461181640625;1716;
1120,582;38,32353210449219;1708,766357421875;1716;
1120,583;38,07646942138672;1704,8426513671875;1716;
1120,584;37,900001525878906;1716,61376953125;1716;
1120,585;38,05882263183594;1728,3848876953125;1716;
1120,586;37,98823547363281;1726,4228515625;1716;
1120,587;38,32353210449219;1706,8046875;1716;
1120,588;38,07646942138672;1706,8046875;1716;
1120,589;37,88235092163086;1718,5755615234375;1716;
1120,59;38,05882263183594;1726,4228515625;1716;
1120,591;37,98823547363281;1724,461181640625;1716;
1120,592;37,11529541015625;1708,766357421875;1716;
1120,593;38,13646697998047;1706,8046875;1716;
1120,594;37,93940734863281;1718,5755615234375;1716;
1120,595;38,12528991699219;1728,3848876953125;1716;
1120,596;38,05881881713867;1726,4228515625;1716;
1120,597;38,40470504760742;1706,8046875;1716;
1120,598;38,160587310791016;1704,8426513671875;1716;
1120,599;37,96940994262695;1718,5755615234375;1716;
1120,6;38,13999938964844;1728,3848876953125;1716;
1120,601;37,52176284790039;1724,461181640625;1716;
1120,602;38,410587310791016;1708,766357421875;1716;
1120,603;38,16352844238281;1706,8046875;1716;
1120,604;37,96705627441406;1720,53759765625;1716;
1120,605;38,14352798461914;1728,3848876953125;1716;
1120,606;38,068233489990234;1724,461181640625;1716;
1120,607;38,39882278442383;1708,766357421875;1716;
1120,608;38,14999771118164;1706,8046875;1716;
1120,609;37,94999694824219;1716,61376953125;1716;
1120,61;38,122352600097656;1728,3848876953125;1716;
1120,611;37,5064697265625;1726,4228515625;1716;
1120,612;38,387062072753906;1712,68994140625;1716;
1120,613;38,140586853027344;1706,8046875;1716;
1120,614;37,946468353271484;1720,53759765625;1716;
1120,615;38,20470428466797;1726,4228515625;1716;
1120,616;37,587646484375;1720,53759765625;1716;
1120,617;38,46706008911133;1710,728271484375;1716;
1120,618;38,22235107421875;1706,8046875;1716;
1120,619;38,036468505859375;1716,61376953125;1716;
1120,62;38,21882247924805;1724,461181640625;1716;
1120,621;37,5970573425293;1726,4228515625;1716;
1120,622;38,492942810058594;1710,728271484375;1716;
1120,623;38,23411560058594;1706,8046875;1716;
1120,624;38,03293991088867;1722,499267578125;1716;
1120,625;38,21352767944336;1724,461181640625;1716;
1120,626;37,60411834716797;1724,461181640625;1716;
1120,627;38,48117446899414;1712,68994140625;1716;
1120,628;38,235877990722656;1706,8046875;1716;
1120,629;38,036468505859375;1720,53759765625;1716;
1120,63;38,22235107421875;1726,4228515625;1716;
1120,631;37,60176467895508;1724,461181640625;1716;
1120,632;38,478233337402344;1710,728271484375;1716;
1120,633;38,230587005615234;1706,8046875;1716;
1120,634;38,034706115722656;1720,53759765625;1716;
1120,635;38,221763610839844;1724,461181640625;1716;
1120,636;37,61882019042969;1722,499267578125;1716;
1120,637;38,51176452636719;1712,68994140625;1716;
1120,638;38,182350158691406;1712,68994140625;1716;
1120,639;38,07117462158203;1718,5755615234375;1716;
1120,64;38,2535285949707;1724,461181640625;1716;
1120,641;37,635292053222656;1720,53759765625;1716;
1120,642;38,51823425292969;1712,68994140625;1716;
1120,643;38,262939453125;1710,728271484375;1716;
1120,644;38,068233489990234;1716,61376953125;1716;
1120,645;38,237056732177734;1722,499267578125;1716;
1120,646;37,61882019042969;1712,68994140625;1716;
1120,647;38,49529266357422;1712,68994140625;1716;
1120,648;38,159996032714844;1714,6519775390625;1716;
1120,649;38,04470443725586;1718,5755615234375;1716;
1120,65;38,21117401123047;1722,499267578125;1716;
1120,651;37,59470748901367;1710,728271484375;1716;
1120,652;38,47941207885742;1714,6519775390625;1716;
1120,653;38,22999954223633;1714,6519775390625;1716;
1120,654;38,034706115722656;1718,5755615234375;1716;
1120,655;38,21352767944336;1720,53759765625;1716;
1120,656;37,59529113769531;1716,61376953125;1716;
1120,657;38,476470947265625;1712,68994140625;1716;
1120,658;38,22764587402344;1712,68994140625;1716;
1120,659;38,03352737426758;1726,4228515625;1716;
1120,66;38,21529006958008;1722,499267578125;1716;
1120,661;37,59587860107422;1714,6519775390625;1716;
1120,662;38,48176574707031;1712,68994140625;1716;
1120,663;38,140586853027344;1716,61376953125;1716;
1120,664;38,0352897644043;1722,499267578125;1716;
1120,665;38,20882034301758;1720,53759765625;1716;
1120,666;37,5970573425293;1712,68994140625;1716;
1120,667;38,47999954223633;1712,68994140625;1716;
1120,668;38,14352798461914;1716,61376953125;1716;
1120,669;38,03764724731445;1724,461181640625;1716;
1120,67;38,21882247924805;1722,499267578125;1716;
1120,671;37,5976448059082;1712,68994140625;1716;
1120,672;38,48117446899414;1710,728271484375;1716;
1120,673;38,13823318481445;1714,6519775390625;1716;
1120,674;38,03764724731445;1726,4228515625;1716;
1120,675;38,21294021606445;1722,499267578125;1716;
1120,676;37,5941162109375;1706,8046875;1716;
1120,677;38,47764587402344;1712,68994140625;1716;
1120,678;38,141761779785156;1716,61376953125;1716;
1120,679;38,03705596923828;1724,461181640625;1716;
1120,68;38,23411560058594;1722,499267578125;1716;
1120,681;37,59293746948242;1708,766357421875;1716;
1120,682;38,476470947265625;1710,728271484375;1716;
1120,683;38,14117431640625;1714,6519775390625;1716;
1120,684;38,03705596923828;1728,3848876953125;1716;
1120,685;38,23352813720703;1724,461181640625;1716;
1120,686;37,59470748901367;1708,766357421875;1716;
1120,687;38,48235321044922;1710,728271484375;1716;
1120,688;38,14117431640625;1716,61376953125;1716;
1120,689;38,034114837646484;1724,461181640625;1716;
1120,69;38,211761474609375;1722,499267578125;1716;
1120,691;37,59587860107422;1706,8046875;1716;
1120,692;38,47999954223633;1708,766357421875;1716;
1120,693;38,14470291137695;1716,61376953125;1716;
1120,694;38,03764724731445;1726,4228515625;1716;
1120,695;38,21235275268555;1724,461181640625;1716;
1120,696;37,593528747558594;1708,766357421875;1716;
1120,697;38,47764587402344;1710,728271484375;1716;
1120,698;38,145877838134766;1716,61376953125;1716;
1120,699;38,03705596923828;1728,3848876953125;1716;
1120,7;38,23117446899414;1722,499267578125;1716;
1120,701;37,59176254272461;1706,8046875;1716;
1120,702;38,46823501586914;1708,766357421875;1716;
1120,703;38,07999801635742;1716,61376953125;1716;
1120,704;37,88352584838867;1728,3848876953125;1716;
1120,705;38,16529083251953;1722,499267578125;1716;
1120,706;37,53176498413086;1708,766357421875;1716;
1120,707;38,412940979003906;1710,728271484375;1716;
1120,708;38,077056884765625;1714,6519775390625;1716;
1120,709;37,972938537597656;1728,3848876953125;1716;
1120,71;38,16529083251953;1724,461181640625;1716;
1120,711;37,529998779296875;1708,766357421875;1716;
1120,712;38,412353515625;1708,766357421875;1716;
1120,713;38,07823181152344;1718,5755615234375;1716;
1120,714;37,97235107421875;1726,4228515625;1716;
1120,715;38,16646957397461;1718,5755615234375;1716;
1120,716;37,53293991088867;1712,68994140625;1716;
1120,717;38,412940979003906;1712,68994140625;1716;
1120,718;38,07823181152344;1716,61376953125;1716;
1120,719;37,97235107421875;1726,4228515625;1716;
1120,72;38,16646957397461;1706,8046875;1716;
1120,721;37,53293991088867;1708,766357421875;1716;
1120,722;38,412940979003906;1710,728271484375;1716;
1120,723;38,07823181152344;1718,5755615234375;1716;
1120,724;37,97235107421875;1724,461181640625;1716;
1120,725;38,16646957397461;1712,68994140625;1716;
1120,726;37,53293991088867;1710,728271484375;1716;
1120,727;38,41411590576172;1716,61376953125;1716;
1120,728;38,07823181152344;1718,5755615234375;1716;
1120,729;37,97235107421875;1726,4228515625;1716;
1120,73;38,16646957397461;1722,499267578125;1716;
1120,731;37,53117752075195;1710,728271484375;1716;
1120,732;38,41353225708008;1710,728271484375;1716;
1120,733;38,07823181152344;1718,5755615234375;1716;
1120,734;37,97235107421875;1724,461181640625;1716;
1120,735;38,16646957397461;1720,53759765625;1716;
1120,736;37,53117752075195;1710,728271484375;1716;
1120,737;38,41353225708008;1718,5755615234375;1716;
1120,738;38,07823181152344;1718,5755615234375;1716;
1120,739;37,97235107421875;1724,461181640625;1716;
1120,74;38,16646957397461;1718,5755615234375;1716;
1120,741;37,53117752075195;1712,68994140625;1716;
1120,742;38,412940979003906;1712,68994140625;1716;
1120,743;38,078819274902344;1720,53759765625;1716;
1120,744;37,97235107421875;1724,461181640625;1716;
1120,745;38,16646957397461;1718,5755615234375;1716;
1120,746;37,53117752075195;1710,728271484375;1716;
1120,747;38,412940979003906;1712,68994140625;1716;
1120,748;38,07823181152344;1718,5755615234375;1716;
1120,749;37,97235107421875;1724,461181640625;1716;
1120,75;38,16646957397461;1708,766357421875;1716;
1120,751;37,53117752075195;1712,68994140625;1716;
1120,752;38,148231506347656;1716,61376953125;1716;
1120,753;38,07823181152344;1718,5755615234375;1716;
1120,754;37,97235107421875;1720,53759765625;1716;
1120,755;38,16646957397461;1714,6519775390625;1716;
1120,756;37,53117752075195;1710,728271484375;1716;
1120,757;38,412940979003906;1716,61376953125;1716;
1120,758;38,07823181152344;1724,461181640625;1716;
1120,759;37,97235107421875;1722,499267578125;1716;
1120,76;38,16646957397461;1712,68994140625;1716;
1120,761;37,53117752075195;1712,68994140625;1716;
1120,762;38,148231506347656;1722,499267578125;1716;
1120,763;38,07823181152344;1722,499267578125;1716;
1120,764;37,97235107421875;1722,499267578125;1716;
1120,765;38,16646957397461;1712,68994140625;1716;
1120,766;37,53117752075195;1710,728271484375;1716;
1120,767;38,148231506347656;1722,499267578125;1716;
1120,768;38,07823181152344;1722,499267578125;1716;
1120,769;37,97235107421875;1722,499267578125;1716;
1120,77;38,16646957397461;1710,728271484375;1716;
1120,771;37,53117752075195;1708,766357421875;1716;
1120,772;38,148231506347656;1720,53759765625;1716;
1120,773;38,07823181152344;1726,4228515625;1716;
1120,774;37,97235107421875;1722,499267578125;1716;
1120,775;38,16646957397461;1704,8426513671875;1716;
1120,776;37,53117752075195;1710,728271484375;1716;
1120,777;38,148231506347656;1722,499267578125;1716;
1120,778;38,07823181152344;1724,461181640625;1716;
1120,779;38,41353225708008;1722,499267578125;1716;
1120,78;38,16646957397461;1706,8046875;1716;
1120,781;37,53117752075195;1708,766357421875;1716;
1120,782;38,148231506347656;1722,499267578125;1716;
1120,783;38,07823181152344;1728,3848876953125;1716;
1120,784;37,97235107421875;1724,461181640625;1716;
1120,785;38,16646957397461;1704,8426513671875;1716;
1120,786;37,53117752075195;1708,766357421875;1716;
1120,787;38,148231506347656;1718,5755615234375;1716;
1120,788;38,07823181152344;1726,4228515625;1716;
1120,789;37,97235107421875;1722,499267578125;1716;
1120,79;38,16646957397461;1706,8046875;1716;
1120,791;37,53117752075195;1708,766357421875;1716;
1120,792;38,14882278442383;1722,499267578125;1716;
1120,793;38,07823181152344;1728,3848876953125;1716;
1120,794;37,97235107421875;1724,461181640625;1716;
1120,795;38,16646957397461;1704,8426513671875;1716;
1120,796;37,53117752075195;1708,766357421875;1716;
1120,797;38,14882278442383;1720,53759765625;1716;
1120,798;38,07823181152344;1724,461181640625;1716;
1120,799;38,41353225708008;1722,499267578125;1716;
1120,8;38,16646957397461;1704,8426513671875;1716;
1120,801;37,53117752075195;1710,728271484375;1716;
1120,802;38,148231506347656;1722,499267578125;1716;
1120,803;38,07823181152344;1728,3848876953125;1716;
1120,804;38,41353225708008;1722,499267578125;1716;
1120,805;38,16646957397461;1706,8046875;1716;
1120,806;37,53117752075195;1714,6519775390625;1716;
1120,807;38,148231506347656;1720,53759765625;1716;
1120,808;38,07823181152344;1728,3848876953125;1716;
1120,809;38,41353225708008;1724,461181640625;1716;
1120,81;38,16646957397461;1708,766357421875;1716;
1120,811;37,53117752075195;1708,766357421875;1716;
1120,812;38,148231506347656;1722,499267578125;1716;
1120,813;38,07823181152344;1728,3848876953125;1716;
1120,814;38,41353225708008;1714,6519775390625;1716;
1120,815;38,16646957397461;1710,728271484375;1716;
1120,816;37,53117752075195;1708,766357421875;1716;
1120,817;38,148231506347656;1720,53759765625;1716;
1120,818;38,07823181152344;1728,3848876953125;1716;
1120,819;38,41353225708008;1712,68994140625;1716;
1120,82;38,16646957397461;1706,8046875;1716;
1120,821;37,53117752075195;1706,8046875;1716;
1120,822;38,147647857666016;1720,53759765625;1716;
1120,823;38,07823181152344;1724,461181640625;1716;
1120,824;38,412353515625;1722,499267578125;1716;
1120,825;38,167057037353516;1708,766357421875;1716;
1120,826;37,53117752075195;1714,6519775390625;1716;
1120,827;38,148231506347656;1724,461181640625;1716;
1120,828;38,07764434814453;1726,4228515625;1716;
1120,829;38,412353515625;1720,53759765625;1716;
1120,83;38,16587829589844;1708,766357421875;1716;
1120,831;37,97235107421875;1718,5755615234375;1716;
1120,832;38,149410247802734;1720,53759765625;1716;
1120,833;38,07999801635742;1726,4228515625;1716;
1120,834;38,410587310791016;1720,53759765625;1716;
1120,835;38,16176223754883;1708,766357421875;1716;
1120,836;37,885292053222656;1718,5755615234375;1716;
1120,837;38,061763763427734;1722,499267578125;1716;
1120,838;37,99058532714844;1724,461181640625;1716;
1120,839;38,32353210449219;1716,61376953125;1716;
1120,84;38,07646942138672;1706,8046875;1716;
1120,841;37,44117736816406;1712,68994140625;1716;
1120,842;38,05882263183594;1720,53759765625;1716;
1120,843;37,98823547363281;1724,461181640625;1716;
1120,844;38,32353210449219;1708,766357421875;1716;
1120,845;38,07646942138672;1708,766357421875;1716;
1120,846;37,88235092163086;1714,6519775390625;1716;
1120,847;38,05882263183594;1724,461181640625;1716;
1120,848;37,98823547363281;1724,461181640625;1716;
1120,849;38,32353210449219;1714,6519775390625;1716;
1120,85;38,07646942138672;1710,728271484375;1716;
1120,851;37,88235092163086;1716,61376953125;1716;
1120,852;38,05882263183594;1726,4228515625;1716;
1120,853;37,98881912231445;1722,499267578125;1716;
1120,854;38,32353210449219;1714,6519775390625;1716;
1120,855;38,07646942138672;1708,766357421875;1716;
1120,856;37,88235092163086;1714,6519775390625;1716;
1120,857;38,05882263183594;1726,4228515625;1716;
1120,858;37,98823547363281;1724,461181640625;1716;
1120,859;38,32353210449219;1712,68994140625;1716;
1120,86;38,07646942138672;1708,766357421875;1716;
1120,861;37,88235092163086;1718,5755615234375;1716;
1120,862;38,05882263183594;1722,499267578125;1716;
1120,863;37,98823547363281;1722,499267578125;1716;
1120,864;38,32353210449219;1710,728271484375;1716;
1120,865;38,07646942138672;1704,8426513671875;1716;
1120,866;37,88235092163086;1716,61376953125;1716;
1120,867;38,05882263183594;1724,461181640625;1716;
1120,868;37,98823547363281;1724,461181640625;1716;
1120,869;38,32353210449219;1710,728271484375;1716;
1120,87;38,07646942138672;1706,8046875;1716;
1120,871;37,88235092163086;1718,5755615234375;1716;
1120,872;38,05882263183594;1726,4228515625;1716;
1120,873;37,44117736816406;1726,4228515625;1716;
1120,874;38,32353210449219;1708,766357421875;1716;
1120,875;36,8476448059082;1708,766357421875;1716;
1120,876;37,945289611816406;1720,53759765625;1716;
1120,877;38,121177673339844;1726,4228515625;1716;
1120,878;38,05764389038086;1722,499267578125;1716;
1120,879;38,39411926269531;1708,766357421875;1716;
1120,88;38,15764617919922;1706,8046875;1716;
1120,881;37,96352767944336;1718,5755615234375;1716;
1120,882;38,142940521240234;1726,4228515625;1716;
1120,883;37,525291442871094;1726,4228515625;1716;
1120,884;38,40764617919922;1706,8046875;1716;
1120,885;38,16646957397461;1706,8046875;1716;
1120,886;37,966468811035156;1720,53759765625;1716;
1120,887;38,14882278442383;1726,4228515625;1716;
1120,888;38,072349548339844;1724,461181640625;1716;
1120,889;38,4058837890625;1708,766357421875;1716;
1120,89;38,155879974365234;1706,8046875;1716;
1120,891;37,955291748046875;1718,5755615234375;1716;
1120,892;38,126468658447266;1726,4228515625;1716;
1120,893;37,50764465332031;1726,4228515625;1716;
1120,894;38,388824462890625;1710,728271484375;1716;
1120,895;38,13999938964844;1708,766357421875;1716;
1120,896;37,94588088989258;1718,5755615234375;1716;
1120,897;38,12294006347656;1728,3848876953125;1716;
1120,898;37,50529479980469;1724,461181640625;1716;
1120,899;38,38176345825195;1712,68994140625;1716;
1120,9;38,22882080078125;1704,8426513671875;1716;
1120,901;38,02705764770508;1720,53759765625;1716;
1120,902;38,207645416259766;1726,4228515625;1716;
1120,903;37,599998474121094;1724,461181640625;1716;
1120,904;38,487060546875;1714,6519775390625;1716;
1120,905;38,23999786376953;1706,8046875;1716;
1120,906;38,049407958984375;1716,61376953125;1716;
1120,907;38,20705795288086;1724,461181640625;1716;
1120,908;37,5941162109375;1718,5755615234375;1716;
1120,909;38,476470947265625;1712,68994140625;1716;
1120,91;38,23117446899414;1708,766357421875;1716;
1120,911;38,03940963745117;1720,53759765625;1716;
1120,912;38,22117614746094;1724,461181640625;1716;
1120,913;37,60940933227539;1714,6519775390625;1716;
1120,914;38,482940673828125;1712,68994140625;1716;
1120,915;38,23646926879883;1710,728271484375;1716;
1120,916;38,03058624267578;1716,61376953125;1716;
1120,917;38,2470588684082;1720,53759765625;1716;
1120,918;37,608821868896484;1720,53759765625;1716;
1120,919;38,492942810058594;1712,68994140625;1716;
1120,92;38,26058578491211;1710,728271484375;1716;
1120,921;38,072349548339844;1728,3848876953125;1716;
1120,922;38,252349853515625;1722,499267578125;1716;
1120,923;37,634117126464844;1718,5755615234375;1716;
1120,924;38,519412994384766;1714,6519775390625;1716;
1120,925;38,273529052734375;1712,68994140625;1716;
1120,926;38,07411575317383;1722,499267578125;1716;
1120,927;38,2435302734375;1722,499267578125;1716;
1120,928;37,62352752685547;1716,61376953125;1716;
1120,929;38,500587463378906;1712,68994140625;1716;
1120,93;38,168819427490234;1716,61376953125;1716;
1120,931;38,05234909057617;1722,499267578125;1716;
1120,932;38,22352981567383;1720,53759765625;1716;
1120,933;37,60529327392578;1716,61376953125;1716;
1120,934;38,48235321044922;1712,68994140625;1716;
1120,935;38,23176193237305;1712,68994140625;1716;
1120,936;38,036468505859375;1722,499267578125;1716;
1120,937;38,21294021606445;1722,499267578125;1716;
1120,938;37,593528747558594;1712,68994140625;1716;
1120,939;38,48235321044922;1710,728271484375;1716;
1120,94;38,228233337402344;1714,6519775390625;1716;
1120,941;38,0323486328125;1722,499267578125;1716;
1120,942;38,21235275268555;1722,499267578125;1716;
1120,943;37,59646987915039;1708,766357421875;1716;
1120,944;38,47588348388672;1712,68994140625;1716;
1120,945;38,147056579589844;1714,6519775390625;1716;
1120,946;38,036468505859375;1724,461181640625;1716;
1120,947;38,21706008911133;1724,461181640625;1716;
1120,948;37,59587860107422;1710,728271484375;1716;
1120,949;38,47999954223633;1712,68994140625;1716;
1120,95;38,14117431640625;1716,61376953125;1716;
1120,951;38,03823471069336;1724,461181640625;1716;
1120,952;38,21117401123047;1722,499267578125;1716;
1120,953;37,598236083984375;1710,728271484375;1716;
1120,954;38,47588348388672;1710,728271484375;1716;
1120,955;38,14352798461914;1716,61376953125;1716;
1120,956;38,036468505859375;1728,3848876953125;1716;
1120,957;38,21352767944336;1722,499267578125;1716;
1120,958;37,5941162109375;1708,766357421875;1716;
1120,959;38,47999954223633;1710,728271484375;1716;
1120,96;38,14293670654297;1716,61376953125;1716;
1120,961;38,03705596923828;1726,4228515625;1716;
1120,962;38,21470260620117;1720,53759765625;1716;
1120,963;37,59470748901367;1708,766357421875;1716;
1120,964;38,47588348388672;1710,728271484375;1716;
1120,965;38,14117431640625;1716,61376953125;1716;
1120,966;38,03588104248047;1728,3848876953125;1716;
1120,967;38,21352767944336;1722,499267578125;1716;
1120,968;37,59587860107422;1708,766357421875;1716;
1120,969;38,48117446899414;1710,728271484375;1716;
1120,97;38,147056579589844;1716,61376953125;1716;
1120,971;38,03705596923828;1728,3848876953125;1716;
1120,972;38,22999954223633;1724,461181640625;1716;
1120,973;37,59470748901367;1706,8046875;1716;
1120,974;38,47941207885742;1708,766357421875;1716;
1120,975;38,14234924316406;1716,61376953125;1716;
1120,976;38,03999710083008;1726,4228515625;1716;
1120,977;38,229408264160156;1722,499267578125;1716;
1120,978;37,59587860107422;1708,766357421875;1716;
1120,979;38,476470947265625;1708,766357421875;1716;
1120,98;38,14293670654297;1714,6519775390625;1716;
1120,981;38,03705596923828;1722,499267578125;1716;
1120,982;38,23117446899414;1724,461181640625;1716;
1120,983;37,59293746948242;1706,8046875;1716;
1120,984;38,47999954223633;1708,766357421875;1716;
1120,985;38,13882064819336;1718,5755615234375;1716;
1120,986;37,972938537597656;1726,4228515625;1716;
1120,987;38,16529083251953;1722,499267578125;1716;
1120,988;37,53176498413086;1708,766357421875;1716;
1120,989;38,41117477416992;1708,766357421875;1716;
1120,99;38,077056884765625;1716,61376953125;1716;
1120,991;37,972938537597656;1726,4228515625;1716;
1120,992;38,16587829589844;1724,461181640625;1716;
1120,993;37,529998779296875;1708,766357421875;1716;
1120,994;38,41411590576172;1714,6519775390625;1716;
1120,995;38,07823181152344;1718,5755615234375;1716;
1120,996;37,974117279052734;1724,461181640625;1716;
1120,997;38,16646957397461;1720,53759765625;1716;
1120,998;37,529998779296875;1708,766357421875;1716;
1120,999;38,4152946472168;1712,68994140625;1716;
1121;38,078819274902344;1716,61376953125;1716;
1121,001;37,974117279052734;1726,4228515625;1716;
1121,002;38,16646957397461;1720,53759765625;1716;
1121,003;37,529998779296875;1712,68994140625;1716;
1121,004;38,4152946472168;1712,68994140625;1716;
1121,005;38,07764434814453;1716,61376953125;1716;
1121,006;37,974117279052734;1724,461181640625;1716;
1121,007;38,16646957397461;1714,6519775390625;1716;
1121,008;37,529998779296875;1710,728271484375;1716;
1121,009;38,4152946472168;1712,68994140625;1716;
1121,01;38,07764434814453;1718,5755615234375;1716;
1121,011;37,972938537597656;1722,499267578125;1716;
1121,012;38,16646957397461;1718,5755615234375;1716;
1121,013;37,529998779296875;1712,68994140625;1716;
1121,014;38,4152946472168;1716,61376953125;1716;
1121,015;38,07764434814453;1716,61376953125;1716;
1121,016;37,972938537597656;1720,53759765625;1716;
1121,017;38,16646957397461;1718,5755615234375;1716;
1121,018;37,529998779296875;1710,728271484375;1716;
1121,019;38,4152946472168;1714,6519775390625;1716;
1121,02;38,07764434814453;1722,499267578125;1716;
1121,021;37,972938537597656;1722,499267578125;1716;
1121,022;38,16646957397461;1716,61376953125;1716;
1121,023;37,529998779296875;1712,68994140625;1716;
1121,024;38,15058898925781;1722,499267578125;1716;
1121,025;38,07764434814453;1718,5755615234375;1716;
1121,026;37,972938537597656;1722,499267578125;1716;
1121,027;38,16646957397461;1714,6519775390625;1716;
1121,028;37,529998779296875;1710,728271484375;1716;
1121,029;38,15058898925781;1718,5755615234375;1716;
1121,03;38,077056884765625;1720,53759765625;1716;
1121,031;37,972938537597656;1722,499267578125;1716;
1121,032;38,16646957397461;1712,68994140625;1716;
1121,033;37,529998779296875;1710,728271484375;1716;
1121,034;38,4152946472168;1718,5755615234375;1716;
1121,035;38,077056884765625;1724,461181640625;1716;
1121,036;37,972938537597656;1722,499267578125;1716;
1121,037;38,16646957397461;1704,8426513671875;1716;
1121,038;37,529998779296875;1710,728271484375;1716;
1121,039;38,15058898925781;1720,53759765625;1716;
1121,04;38,077056884765625;1724,461181640625;1716;
1121,041;37,972938537597656;1722,499267578125;1716;
1121,042;38,16646957397461;1710,728271484375;1716;
1121,043;37,53117752075195;1710,728271484375;1716;
1121,044;38,15058898925781;1720,53759765625;1716;
1121,045;38,077056884765625;1728,3848876953125;1716;
1121,046;37,972938537597656;1724,461181640625;1716;
1121,047;38,16646957397461;1708,766357421875;1716;
1121,048;37,53117752075195;1710,728271484375;1716;
1121,049;38,15058898925781;1722,499267578125;1716;
1121,05;38,07823181152344;1726,4228515625;1716;
1121,051;37,974117279052734;1720,53759765625;1716;
1121,052;38,16646957397461;1706,8046875;1716;
1121,053;37,53117752075195;1708,766357421875;1716;
1121,054;38,15058898925781;1720,53759765625;1716;
1121,055;38,07823181152344;1728,3848876953125;1716;
1121,056;37,974117279052734;1724,461181640625;1716;
1121,057;38,16646957397461;1706,8046875;1716;
1121,058;37,53117752075195;1708,766357421875;1716;
1121,059;38,15058898925781;1722,499267578125;1716;
1121,06;38,07823181152344;1728,3848876953125;1716;
1121,061;37,974117279052734;1722,499267578125;1716;
1121,062;38,16646957397461;1706,8046875;1716;
1121,063;37,529998779296875;1708,766357421875;1716;
1121,064;38,15058898925781;1722,499267578125;1716;
1121,065;38,07823181152344;1728,3848876953125;1716;
1121,066;37,972938537597656;1722,499267578125;1716;
1121,067;38,16646957397461;1708,766357421875;1716;
1121,068;37,529998779296875;1708,766357421875;1716;
1121,069;38,15058898925781;1720,53759765625;1716;
1121,07;38,07823181152344;1728,3848876953125;1716;
1121,071;38,41411590576172;1722,499267578125;1716;
1121,072;38,16646957397461;1704,8426513671875;1716;
1121,073;37,529998779296875;1706,8046875;1716;
1121,074;38,15058898925781;1722,499267578125;1716;
1121,075;38,07823181152344;1726,4228515625;1716;
1121,076;38,41411590576172;1720,53759765625;1716;
1121,077;38,167057037353516;1706,8046875;1716;
1121,078;37,529998779296875;1708,766357421875;1716;
1121,079;38,15058898925781;1720,53759765625;1716;
1121,08;38,07823181152344;1728,3848876953125;1716;
1121,081;38,41411590576172;1724,461181640625;1716;
1121,082;38,167057037353516;1708,766357421875;1716;
1121,083;37,529998779296875;1708,766357421875;1716;
1121,084;38,15058898925781;1720,53759765625;1716;
1121,085;38,07823181152344;1726,4228515625;1716;
1121,086;38,41411590576172;1722,499267578125;1716;
1121,087;38,167057037353516;1708,766357421875;1716;
1121,088;37,529998779296875;1714,6519775390625;1716;
1121,089;38,15058898925781;1720,53759765625;1716;
1121,09;38,07823181152344;1724,461181640625;1716;
1121,091;38,41411590576172;1720,53759765625;1716;
1121,092;38,167057037353516;1710,728271484375;1716;
1121,093;37,529998779296875;1714,6519775390625;1716;
1121,094;38,15058898925781;1720,53759765625;1716;
1121,095;38,07823181152344;1726,4228515625;1716;
1121,096;38,41411590576172;1720,53759765625;1716;
1121,097;38,167057037353516;1706,8046875;1716;
1121,098;37,529998779296875;1708,766357421875;1716;
1121,099;38,15058898925781;1720,53759765625;1716;
1121,1;38,077056884765625;1726,4228515625;1716;
1121,101;38,41411590576172;1716,61376953125;1716;
1121,102;38,167057037353516;1710,728271484375;1716;
1121,103;37,529998779296875;1712,68994140625;1716;
1121,104;38,14882278442383;1720,53759765625;1716;
1121,105;38,077056884765625;1724,461181640625;1716;
1121,106;38,412353515625;1712,68994140625;1716;
1121,107;38,16587829589844;1708,766357421875;1716;
1121,108;37,97235107421875;1718,5755615234375;1716;
1121,109;38,149410247802734;1722,499267578125;1716;
1121,11;38,078819274902344;1724,461181640625;1716;
1121,111;38,41353225708008;1714,6519775390625;1716;
1121,112;38,16587829589844;1710,728271484375;1716;
1121,113;37,972938537597656;1716,61376953125;1716;
1121,114;38,148231506347656;1720,53759765625;1716;
1121,115;38,07823181152344;1722,499267578125;1716;
1121,116;38,412353515625;1714,6519775390625;1716;
1121,117;38,16823196411133;1706,8046875;1716;
1121,118;37,97529220581055;1716,61376953125;1716;
1121,119;38,061763763427734;1726,4228515625;1716;
1121,12;37,99117660522461;1724,461181640625;1716;
1121,121;38,32353210449219;1712,68994140625;1716;
1121,122;38,07646942138672;1708,766357421875;1716;
1121,123;37,882938385009766;1720,53759765625;1716;
1121,124;38,05882263183594;1724,461181640625;1716;
1121,125;37,98823547363281;1722,499267578125;1716;
1121,126;38,32353210449219;1710,728271484375;1716;
1121,127;38,07646942138672;1706,8046875;1716;
1121,128;37,88235092163086;1720,53759765625;1716;
1121,129;38,05882263183594;1724,461181640625;1716;
1121,13;37,98823547363281;1724,461181640625;1716;
1121,131;38,32353210449219;1710,728271484375;1716;
1121,132;38,07646942138672;1706,8046875;1716;
1121,133;37,88235092163086;1716,61376953125;1716;
1121,134;38,05882263183594;1726,4228515625;1716;
1121,135;37,98823547363281;1724,461181640625;1716;
1121,136;38,32353210449219;1706,8046875;1716;
1121,137;38,07646942138672;1706,8046875;1716;
1121,138;37,88235092163086;1720,53759765625;1716;
1121,139;38,059410095214844;1722,499267578125;1716;
1121,14;37,98823547363281;1724,461181640625;1716;
1121,141;38,32353210449219;1708,766357421875;1716;
1121,142;38,07646942138672;1704,8426513671875;1716;
1121,143;37,88235092163086;1720,53759765625;1716;
1121,144;38,05882263183594;1728,3848876953125;1716;
1121,145;37,98823547363281;1726,4228515625;1716;
1121,146;38,32353210449219;1706,8046875;1716;
1121,147;38,07646942138672;1706,8046875;1716;
1121,148;37,88235092163086;1720,53759765625;1716;
1121,149;38,05882263183594;1726,4228515625;1716;
1121,15;37,98823547363281;1724,461181640625;1716;
1121,151;38,32353210449219;1708,766357421875;1716;
1121,152;38,07646942138672;1706,8046875;1716;
1121,153;37,88235092163086;1720,53759765625;1716;
1121,154;38,05882263183594;1726,4228515625;1716;
1121,155;37,44117736816406;1726,4228515625;1716;
1121,156;38,32353210449219;1708,766357421875;1716;
1121,157;38,07646942138672;1706,8046875;1716;
1121,158;37,88235092163086;1720,53759765625;1716;
1121,159;38,121761322021484;1726,4228515625;1716;
1121,16;37,5064697265625;1726,4228515625;1716;
1121,161;38,38470458984375;1708,766357421875;1716;
1121,162;38,14764404296875;1706,8046875;1716;
1121,163;37,957645416259766;1720,53759765625;1716;
1121,164;38,142940521240234;1728,3848876953125;1716;
1121,165;37,525291442871094;1724,461181640625;1716;
1121,166;38,40764617919922;1710,728271484375;1716;
1121,167;38,160587310791016;1708,766357421875;1716;
1121,168;37,97529220581055;1716,61376953125;1716;
1121,169;38,142940521240234;1728,3848876953125;1716;
1121,17;37,5229377746582;1726,4228515625;1716;
1121,171;38,410587310791016;1712,68994140625;1716;
1121,172;38,159996032714844;1706,8046875;1716;
1121,173;37,959999084472656;1720,53759765625;1716;
1121,174;38,13176345825195;1726,4228515625;1716;
1121,175;37,51058578491211;1724,461181640625;1716;
1121,176;38,392940521240234;1714,6519775390625;1716;
1121,177;38,13999938964844;1706,8046875;1716;
1121,178;37,94588088989258;1718,5755615234375;1716;
1121,179;38,122352600097656;1726,4228515625;1716;
1121,18;37,50529479980469;1718,5755615234375;1716;
1121,181;38,38764572143555;1710,728271484375;1716;
1121,182;38,13470458984375;1710,728271484375;1716;
1121,183;38,02587890625;1720,53759765625;1716;
1121,184;38,20235061645508;1724,461181640625;1716;
1121,185;37,593528747558594;1708,766357421875;1716;
1121,186;38,484703063964844;1714,6519775390625;1716;
1121,187;38,15058517456055;1714,6519775390625;1716;
1121,188;38,04646682739258;1722,499267578125;1716;
1121,189;38,22470474243164;1720,53759765625;1716;
1121,19;37,59293746948242;1714,6519775390625;1716;
1121,191;38,47705841064453;1710,728271484375;1716;
1121,192;38,22999954223633;1708,766357421875;1716;
1121,193;38,0352897644043;1718,5755615234375;1716;
1121,194;38,216468811035156;1722,499267578125;1716;
1121,195;37,598819732666016;1714,6519775390625;1716;
1121,196;38,482940673828125;1712,68994140625;1716;
1121,197;38,148231506347656;1714,6519775390625;1716;
1121,198;38,04470443725586;1720,53759765625;1716;
1121,199;38,21882247924805;1722,499267578125;1716;
1121,2;37,5970573425293;1710,728271484375;1716;
1121,201;38,484703063964844;1714,6519775390625;1716;
1121,202;38,15705490112305;1712,68994140625;1716;
1121,203;38,06352615356445;1724,461181640625;1716;
1121,204;38,245880126953125;1720,53759765625;1716;
1121,205;37,63352966308594;1718,5755615234375;1716;
1121,206;38,521175384521484;1712,68994140625;1716;
1121,207;38,17940902709961;1712,68994140625;1716;
1121,208;38,083526611328125;1724,461181640625;1716;
1121,209;38,24764633178711;1722,499267578125;1716;
1121,21;37,62940979003906;1708,766357421875;1716;
1121,211;38,5064697265625;1710,728271484375;1716;
1121,212;38,16587829589844;1716,61376953125;1716;
1121,213;38,057647705078125;1724,461181640625;1716;
1121,214;38,22882080078125;1720,53759765625;1716;
1121,215;37,6099967956543;1712,68994140625;1716;
1121,216;38,484703063964844;1712,68994140625;1716;
1121,217;38,14117431640625;1718,5755615234375;1716;
1121,218;38,04411697387695;1724,461181640625;1716;
1121,219;38,216468811035156;1722,499267578125;1716;
1121,22;37,59529113769531;1712,68994140625;1716;
1121,221;38,47764587402344;1710,728271484375;1716;
1121,222;38,14352798461914;1716,61376953125;1716;
1121,223;38,0352897644043;1724,461181640625;1716;
1121,224;38,21058654785156;1722,499267578125;1716;
1121,225;37,5970573425293;1708,766357421875;1716;
1121,226;38,547645568847656;1710,728271484375;1716;
1121,227;38,14411544799805;1718,5755615234375;1716;
1121,228;38,03588104248047;1726,4228515625;1716;
1121,229;38,230587005615234;1722,499267578125;1716;
1121,23;37,598236083984375;1710,728271484375;1716;
1121,231;38,476470947265625;1710,728271484375;1716;
1121,232;38,141761779785156;1716,61376953125;1716;
1121,233;38,03823471069336;1726,4228515625;1716;
1121,234;38,22999954223633;1724,461181640625;1716;
1121,235;37,59646987915039;1706,8046875;1716;
1121,236;38,480587005615234;1710,728271484375;1716;
1121,237;38,13999557495117;1718,5755615234375;1716;
1121,238;38,04058837890625;1726,4228515625;1716;
1121,239;38,21235275268555;1722,499267578125;1716;
1121,24;37,5905876159668;1708,766357421875;1716;
1121,241;38,478824615478516;1710,728271484375;1716;
1121,242;38,148231506347656;1718,5755615234375;1716;
1121,243;38,03352737426758;1728,3848876953125;1716;
1121,244;38,22705841064453;1724,461181640625;1716;
1121,245;37,59529113769531;1706,8046875;1716;
1121,246;38,478824615478516;1714,6519775390625;1716;
1121,247;38,14352798461914;1716,61376953125;1716;
1121,248;38,04058837890625;1724,461181640625;1716;
1121,249;38,22882080078125;1722,499267578125;1716;
1121,25;37,59470748901367;1708,766357421875;1716;
1121,251;38,47999954223633;1716,61376953125;1716;
1121,252;38,14234924316406;1716,61376953125;1716;
1121,253;38,036468505859375;1728,3848876953125;1716;
1121,254;38,23117446899414;1724,461181640625;1716;
1121,255;37,598819732666016;1710,728271484375;1716;
1121,256;38,47529220581055;1710,728271484375;1716;
1121,257;38,141761779785156;1718,5755615234375;1716;
1121,258;38,03588104248047;1724,461181640625;1716;
1121,259;38,23117446899414;1720,53759765625;1716;
1121,26;37,59529113769531;1710,728271484375;1716;
1121,261;38,478824615478516;1708,766357421875;1716;
1121,262;38,14293670654297;1718,5755615234375;1716;
1121,263;38,034114837646484;1724,461181640625;1716;
1121,264;38,22999954223633;1722,499267578125;1716;
1121,265;37,5941162109375;1710,728271484375;1716;
1121,266;38,47470474243164;1710,728271484375;1716;
1121,267;38,132347106933594;1718,5755615234375;1716;
1121,268;38,034706115722656;1720,53759765625;1716;
1121,269;39,46529006958008;1722,499267578125;1716;
1121,27;37,53176498413086;1708,766357421875;1716;
1121,271;38,41117477416992;1710,728271484375;1716;
1121,272;38,077056884765625;1718,5755615234375;1716;
1121,273;37,97117614746094;1724,461181640625;1716;
1121,274;38,16529083251953;1720,53759765625;1716;
1121,275;37,529998779296875;1712,68994140625;1716;
1121,276;38,147647857666016;1718,5755615234375;1716;
1121,277;38,07587814331055;1718,5755615234375;1716;
1121,278;37,971763610839844;1722,499267578125;1716;
1121,279;38,16646957397461;1720,53759765625;1716;
1121,28;37,53117752075195;1710,728271484375;1716;
1121,281;38,148231506347656;1722,499267578125;1716;
1121,282;38,07823181152344;1724,461181640625;1716;
1121,283;37,97235107421875;1722,499267578125;1716;
1121,284;38,16646957397461;1712,68994140625;1716;
1121,285;37,53117752075195;1710,728271484375;1716;
1121,286;38,412940979003906;1720,53759765625;1716;
1121,287;38,07823181152344;1724,461181640625;1716;
1121,288;37,97235107421875;1722,499267578125;1716;
1121,289;38,16646957397461;1710,728271484375;1716;
1121,29;37,53117752075195;1708,766357421875;1716;
1121,291;38,148231506347656;1722,499267578125;1716;
1121,292;38,07823181152344;1726,4228515625;1716;
1121,293;37,97235107421875;1722,499267578125;1716;
1121,294;38,16646957397461;1706,8046875;1716;
1121,295;37,53117752075195;1710,728271484375;1716;
1121,296;38,14882278442383;1720,53759765625;1716;
1121,297;38,07823181152344;1726,4228515625;1716;
1121,298;38,41353225708008;1712,68994140625;1716;
1121,299;38,16646957397461;1712,68994140625;1716;
1121,3;37,53117752075195;1710,728271484375;1716;
1121,301;38,148231506347656;1722,499267578125;1716;
1121,302;38,07823181152344;1726,4228515625;1716;
1121,303;37,97235107421875;1722,499267578125;1716;
1121,304;38,16646957397461;1706,8046875;1716;
1121,305;37,53117752075195;1710,728271484375;1716;
1121,306;38,14882278442383;1720,53759765625;1716;
1121,307;38,07823181152344;1728,3848876953125;1716;
1121,308;37,97235107421875;1724,461181640625;1716;
1121,309;38,16646957397461;1708,766357421875;1716;
1121,31;37,53117752075195;1710,728271484375;1716;
1121,311;38,14882278442383;1722,499267578125;1716;
1121,312;38,07823181152344;1726,4228515625;1716;
1121,313;37,97235107421875;1720,53759765625;1716;
1121,314;38,16646957397461;1708,766357421875;1716;
1121,315;37,53117752075195;1708,766357421875;1716;
1121,316;38,148231506347656;1720,53759765625;1716;
1121,317;38,07823181152344;1728,3848876953125;1716;
1121,318;37,97235107421875;1724,461181640625;1716;
1121,319;38,16646957397461;1706,8046875;1716;
1121,32;37,53117752075195;1708,766357421875;1716;
1121,321;38,148231506347656;1720,53759765625;1716;
1121,322;38,07823181152344;1728,3848876953125;1716;
1121,323;38,41353225708008;1720,53759765625;1716;
1121,324;38,16646957397461;1708,766357421875;1716;
1121,325;37,53117752075195;1708,766357421875;1716;
1121,326;38,148231506347656;1722,499267578125;1716;
1121,327;38,07823181152344;1728,3848876953125;1716;
1121,328;38,41353225708008;1718,5755615234375;1716;
1121,329;38,16529083251953;1710,728271484375;1716;
1121,33;37,53117752075195;1708,766357421875;1716;
1121,331;38,148231506347656;1720,53759765625;1716;
1121,332;38,07823181152344;1728,3848876953125;1716;
1121,333;38,41353225708008;1718,5755615234375;1716;
1121,334;38,16646957397461;1706,8046875;1716;
1121,335;37,53117752075195;1708,766357421875;1716;
1121,336;38,148231506347656;1722,499267578125;1716;
1121,337;38,07823181152344;1726,4228515625;1716;
1121,338;38,41353225708008;1720,53759765625;1716;
1121,339;38,16646957397461;1708,766357421875;1716;
1121,34;37,53293991088867;1712,68994140625;1716;
1121,341;38,148231506347656;1720,53759765625;1716;
1121,342;38,07823181152344;1726,4228515625;1716;
1121,343;38,41353225708008;1724,461181640625;1716;
1121,344;38,16646957397461;1708,766357421875;1716;
1121,345;37,53058624267578;1710,728271484375;1716;
1121,346;38,14882278442383;1722,499267578125;1716;
1121,347;38,07764434814453;1726,4228515625;1716;
1121,348;38,41353225708008;1718,5755615234375;1716;
1121,349;38,16646957397461;1706,8046875;1716;
1121,35;37,53293991088867;1718,5755615234375;1716;
1121,351;38,148231506347656;1720,53759765625;1716;
1121,352;38,078819274902344;1728,3848876953125;1716;
1121,353;38,41353225708008;1716,61376953125;1716;
1121,354;38,16646957397461;1710,728271484375;1716;
1121,355;37,53293991088867;1714,6519775390625;1716;
1121,356;38,148231506347656;1720,53759765625;1716;
1121,357;38,07823181152344;1724,461181640625;1716;
1121,358;38,41353225708008;1710,728271484375;1716;
1121,359;38,16646957397461;1710,728271484375;1716;
1121,36;37,53117752075195;1714,6519775390625;1716;
1121,361;38,148231506347656;1722,499267578125;1716;
1121,362;38,07823181152344;1724,461181640625;1716;
1121,363;38,41353225708008;1718,5755615234375;1716;
1121,364;38,16646957397461;1710,728271484375;1716;
1121,365;37,53117752075195;1718,5755615234375;1716;
1121,366;38,14882278442383;1722,499267578125;1716;
1121,367;38,078819274902344;1722,499267578125;1716;
1121,368;38,41353225708008;1712,68994140625;1716;
1121,369;38,16646957397461;1708,766357421875;1716;
1121,37;37,53117752075195;1718,5755615234375;1716;
1121,371;38,14882278442383;1724,461181640625;1716;
1121,372;38,078819274902344;1724,461181640625;1716;
1121,373;38,41353225708008;1710,728271484375;1716;
1121,374;38,16646957397461;1708,766357421875;1716;
1121,375;37,97235107421875;1720,53759765625;1716;
1121,376;38,14882278442383;1724,461181640625;1716;
1121,377;38,078819274902344;1722,499267578125;1716;
1121,378;38,41353225708008;1710,728271484375;1716;
1121,379;38,16646957397461;1704,8426513671875;1716;
1121,38;37,97235107421875;1720,53759765625;1716;
1121,381;38,14882278442383;1726,4228515625;1716;
1121,382;38,078819274902344;1724,461181640625;1716;
1121,383;38,41353225708008;1708,766357421875;1716;
1121,384;38,16646957397461;1706,8046875;1716;
1121,385;37,97235107421875;1720,53759765625;1716;
1121,386;38,14882278442383;1726,4228515625;1716;
1121,387;38,07823181152344;1722,499267578125;1716;
1121,388;38,41411590576172;1708,766357421875;1716;
1121,389;38,16646957397461;1706,8046875;1716;
1121,39;37,974117279052734;1720,53759765625;1716;
1121,391;38,148231506347656;1728,3848876953125;1716;
1121,392;37,53176498413086;1722,499267578125;1716;
1121,393;38,4152946472168;1708,766357421875;1716;
1121,394;38,16529083251953;1706,8046875;1716;
1121,395;37,97235107421875;1718,5755615234375;1716;
1121,396;38,15058898925781;1728,3848876953125;1716;
1121,397;38,078819274902344;1726,4228515625;1716;
1121,398;38,412940979003906;1708,766357421875;1716;
1121,399;38,16587829589844;1706,8046875;1716;
1121,4;37,97587966918945;1720,53759765625;1716;
1121,401;38,151763916015625;1726,4228515625;1716;
1121,402;38,074703216552734;1724,461181640625;1716;
1121,403;38,326473236083984;1708,766357421875;1716;
1121,404;38,08176040649414;1706,8046875;1716;
1121,405;37,88235092163086;1718,5755615234375;1716;
1121,406;38,05882263183594;1728,3848876953125;1716;
1121,407;37,99058532714844;1728,3848876953125;1716;
1121,408;38,32353210449219;1706,8046875;1716;
1121,409;38,07646942138672;1704,8426513671875;1716;
1121,41;37,88235092163086;1720,53759765625;1716;
1121,411;38,05882263183594;1726,4228515625;1716;
1121,412;37,98823547363281;1724,461181640625;1716;
1121,413;38,32353210449219;1708,766357421875;1716;
1121,414;38,07646942138672;1706,8046875;1716;
1121,415;37,88235092163086;1718,5755615234375;1716;
1121,416;38,05882263183594;1728,3848876953125;1716;
1121,417;37,44117736816406;1726,4228515625;1716;
1121,418;38,32353210449219;1712,68994140625;1716;
1121,419;38,07646942138672;1706,8046875;1716;
1121,42;37,88235092163086;1720,53759765625;1716;
1121,421;38,05882263183594;1726,4228515625;1716;
1121,422;37,44117736816406;1720,53759765625;1716;
1121,423;38,32353210449219;1710,728271484375;1716;
1121,424;38,07646942138672;1704,8426513671875;1716;
1121,425;37,88235092163086;1720,53759765625;1716;
1121,426;38,05882263183594;1724,461181640625;1716;
1121,427;37,44117736816406;1724,461181640625;1716;
1121,428;38,32353210449219;1712,68994140625;1716;
1121,429;38,07646942138672;1708,766357421875;1716;
1121,43;37,88235092163086;1718,5755615234375;1716;
1121,431;38,05882263183594;1722,499267578125;1716;
1121,432;37,44117736816406;1722,499267578125;1716;
1121,433;38,32353210449219;1712,68994140625;1716;
1121,434;38,07646942138672;1708,766357421875;1716;
1121,435;37,88235092163086;1722,499267578125;1716;
1121,436;38,05882263183594;1724,461181640625;1716;
1121,437;37,44117736816406;1720,53759765625;1716;
1121,438;38,32353210449219;1714,6519775390625;1716;
1121,439;38,07646942138672;1714,6519775390625;1716;
1121,44;37,88235092163086;1718,5755615234375;1716;
1121,441;38,05882263183594;1722,499267578125;1716;
1121,442;36,211761474609375;1720,53759765625;1716;
1121,443;38,38352966308594;1712,68994140625;1716;
1121,444;38,13352584838867;1712,68994140625;1716;
1121,445;37,95587921142578;1720,53759765625;1716;
1121,446;38,12940979003906;1724,461181640625;1716;
1121,447;37,5194091796875;1718,5755615234375;1716;
1121,448;38,40764617919922;1712,68994140625;1716;
1121,449;38,16352844238281;1712,68994140625;1716;
1121,45;37,96352767944336;1720,53759765625;1716;
1121,451;38,14588165283203;1722,499267578125;1716;
1121,452;37,528236389160156;1708,766357421875;1716;
1121,453;38,410587310791016;1712,68994140625;1716;
1121,454;38,07293701171875;1712,68994140625;1716;
1121,455;37,966468811035156;1722,499267578125;1716;
1121,456;38,21058654785156;1722,499267578125;1716;
1121,457;37,5164680480957;1716,61376953125;1716;
1121,458;38,39411926269531;1712,68994140625;1716;
1121,459;38,14411544799805;1716,61376953125;1716;
1121,46;37,94588088989258;1726,4228515625;1716;
1121,461;38,12411880493164;1722,499267578125;1716;
1121,462;37,50470733642578;1712,68994140625;1716;
1121,463;38,38764572143555;1712,68994140625;1716;
1121,464;38,05234909057617;1716,61376953125;1716;
1121,465;37,94588088989258;1726,4228515625;1716;
1121,466;38,20882034301758;1720,53759765625;1716;
1121,467;37,587059020996094;1712,68994140625;1716;
1121,468;38,465293884277344;1712,68994140625;1716;
1121,469;38,13999557495117;1718,5755615234375;1716;
1121,47;38,04411697387695;1726,4228515625;1716;
1121,471;38,22705841064453;1724,461181640625;1716;
1121,472;37,61058807373047;1708,766357421875;1716;
1121,473;38,478233337402344;1710,728271484375;1716;
1121,474;38,13470458984375;1718,5755615234375;1716;
1121,475;38,03764724731445;1724,461181640625;1716;
1121,476;38,21294021606445;1720,53759765625;1716;
1121,477;37,59529113769531;1706,8046875;1716;
1121,478;38,480587005615234;1710,728271484375;1716;
1121,479;38,14234924316406;1716,61376953125;1716;
1121,48;38,03940963745117;1726,4228515625;1716;
1121,481;38,21882247924805;1724,461181640625;1716;
1121,482;37,598236083984375;1708,766357421875;1716;
1121,483;38,46882247924805;1710,728271484375;1716;
1121,484;38,140586853027344;1716,61376953125;1716;
1121,485;38,042938232421875;1726,4228515625;1716;
1121,486;38,257057189941406;1722,499267578125;1716;
1121,487;37,62940979003906;1708,766357421875;1716;
1121,488;38,51823425292969;1710,728271484375;1716;
1121,489;38,17646789550781;1716,61376953125;1716;
1121,49;38,07587814331055;1728,3848876953125;1716;
1121,491;38,2723503112793;1722,499267578125;1716;
1121,492;37,63764572143555;1710,728271484375;1716;
1121,493;38,51000213623047;1710,728271484375;1716;
1121,494;38,171173095703125;1716,61376953125;1716;
1121,495;38,064117431640625;1726,4228515625;1716;
1121,496;38,237056732177734;1724,461181640625;1716;
1121,497;37,613529205322266;1706,8046875;1716;
1121,498;38,4935302734375;1710,728271484375;1716;
1121,499;38,14764404296875;1720,53759765625;1716;
1121,5;38,04470443725586;1726,4228515625;1716;
1121,501;38,21117401123047;1722,499267578125;1716;
1121,502;37,59293746948242;1708,766357421875;1716;
1121,503;38,47588348388672;1714,6519775390625;1716;
1121,504;38,14117431640625;1718,5755615234375;1716;
1121,505;38,036468505859375;1726,4228515625;1716;
1121,506;38,228233337402344;1724,461181640625;1716;
1121,507;37,5941162109375;1708,766357421875;1716;
1121,508;38,480587005615234;1712,68994140625;1716;
1121,509;38,140586853027344;1718,5755615234375;1716;
1121,51;38,03999710083008;1724,461181640625;1716;
1121,511;38,23352813720703;1722,499267578125;1716;
1121,512;37,5976448059082;1712,68994140625;1716;
1121,513;38,474117279052734;1712,68994140625;1716;
1121,514;38,14293670654297;1718,5755615234375;1716;
1121,515;38,036468505859375;1726,4228515625;1716;
1121,516;38,22999954223633;1714,6519775390625;1716;
1121,517;37,5941162109375;1710,728271484375;1716;
1121,518;38,480587005615234;1710,728271484375;1716;
1121,519;38,14411544799805;1718,5755615234375;1716;
1121,52;38,03764724731445;1722,499267578125;1716;
1121,521;38,228233337402344;1720,53759765625;1716;
1121,522;37,592350006103516;1710,728271484375;1716;
1121,523;38,47941207885742;1718,5755615234375;1716;
1121,524;38,14529037475586;1722,499267578125;1716;
1121,525;38,031761169433594;1722,499267578125;1716;
1121,526;38,229408264160156;1716,61376953125;1716;
1121,527;37,59293746948242;1712,68994140625;1716;
1121,528;38,478233337402344;1716,61376953125;1716;
1121,529;38,14293670654297;1722,499267578125;1716;
1121,53;38,03999710083008;1720,53759765625;1716;
1121,531;38,228233337402344;1710,728271484375;1716;
1121,532;37,59470748901367;1710,728271484375;1716;
1121,533;38,211761474609375;1720,53759765625;1716;
1121,534;38,14411544799805;1726,4228515625;1716;
1121,535;38,03940963745117;1724,461181640625;1716;
1121,536;38,22999954223633;1714,6519775390625;1716;
1121,537;37,598819732666016;1712,68994140625;1716;
1121,538;38,21294021606445;1722,499267578125;1716;
1121,539;38,14293670654297;1720,53759765625;1716;
1121,54;38,03705596923828;1722,499267578125;1716;
1121,541;38,23117446899414;1714,6519775390625;1716;
1121,542;37,59646987915039;1708,766357421875;1716;
1121,543;38,478824615478516;1720,53759765625;1716;
1121,544;38,145877838134766;1722,499267578125;1716;
1121,545;38,053531646728516;1722,499267578125;1716;
1121,546;38,22882080078125;1706,8046875;1716;
1121,547;37,61176300048828;1710,728271484375;1716;
1121,548;38,21294021606445;1720,53759765625;1716;
1121,549;38,14470291137695;1728,3848876953125;1716;
1121,55;38,03705596923828;1724,461181640625;1716;
1121,551;38,22999954223633;1706,8046875;1716;
1121,552;37,58293914794922;1710,728271484375;1716;
1121,553;38,14882278442383;1720,53759765625;1716;
1121,554;38,077056884765625;1726,4228515625;1716;
1121,555;37,97117614746094;1722,499267578125;1716;
1121,556;38,16529083251953;1708,766357421875;1716;
1121,557;37,5288200378418;1710,728271484375;1716;
1121,558;38,149410247802734;1720,53759765625;1716;
1121,559;38,07764434814453;1728,3848876953125;1716;
1121,56;37,971763610839844;1722,499267578125;1716;
1121,561;38,16529083251953;1704,8426513671875;1716;
1121,562;37,53176498413086;1710,728271484375;1716;
1121,563;38,15058898925781;1722,499267578125;1716;
1121,564;38,07823181152344;1728,3848876953125;1716;
1121,565;37,972938537597656;1722,499267578125;1716;
1121,566;38,167057037353516;1706,8046875;1716;
1121,567;37,529998779296875;1708,766357421875;1716;
1121,568;38,15058898925781;1720,53759765625;1716;
1121,569;38,07823181152344;1728,3848876953125;1716;
1121,57;37,972938537597656;1724,461181640625;1716;
1121,571;38,167057037353516;1704,8426513671875;1716;
1121,572;37,529998779296875;1708,766357421875;1716;
1121,573;38,15058898925781;1722,499267578125;1716;
1121,574;38,07823181152344;1728,3848876953125;1716;
1121,575;38,41411590576172;1722,499267578125;1716;
1121,576;38,167057037353516;1708,766357421875;1716;
1121,577;37,529998779296875;1708,766357421875;1716;
1121,578;38,15058898925781;1722,499267578125;1716;
1121,579;38,07823181152344;1728,3848876953125;1716;
1121,58;38,41411590576172;1716,61376953125;1716;
1121,581;38,167057037353516;1706,8046875;1716;
1121,582;37,529998779296875;1708,766357421875;1716;
1121,583;38,15058898925781;1722,499267578125;1716;
1121,584;38,07823181152344;1726,4228515625;1716;
1121,585;38,41411590576172;1716,61376953125;1716;
1121,586;38,167057037353516;1708,766357421875;1716;
1121,587;37,512351989746094;1708,766357421875;1716;
1121,588;38,06235122680664;1722,499267578125;1716;
1121,589;38,07823181152344;1726,4228515625;1716;
1121,59;38,41411590576172;1718,5755615234375;1716;
1121,591;38,167057037353516;1710,728271484375;1716;
1121,592;37,529998779296875;1712,68994140625;1716;
1121,593;38,15058898925781;1720,53759765625;1716;
1121,594;38,077056884765625;1724,461181640625;1716;
1121,595;38,41411590576172;1722,499267578125;1716;
1121,596;38,167057037353516;1708,766357421875;1716;
1121,597;37,529998779296875;1708,766357421875;1716;
1121,598;38,15058898925781;1722,499267578125;1716;
1121,599;38,077056884765625;1726,4228515625;1716;
1121,6;38,41411590576172;1720,53759765625;1716;
1121,601;38,167057037353516;1708,766357421875;1716;
1121,602;37,529998779296875;1710,728271484375;1716;
1121,603;38,15058898925781;1720,53759765625;1716;
1121,604;38,07823181152344;1726,4228515625;1716;
1121,605;38,41411590576172;1720,53759765625;1716;
1121,606;38,167057037353516;1708,766357421875;1716;
1121,607;37,529998779296875;1716,61376953125;1716;
1121,608;38,14882278442383;1720,53759765625;1716;
1121,609;38,07823181152344;1726,4228515625;1716;
1121,61;38,41411590576172;1718,5755615234375;1716;
1121,611;38,16587829589844;1708,766357421875;1716;
1121,612;37,529998779296875;1714,6519775390625;1716;
1121,613;38,14882278442383;1720,53759765625;1716;
1121,614;38,07823181152344;1724,461181640625;1716;
1121,615;38,41411590576172;1710,728271484375;1716;
1121,616;38,16587829589844;1710,728271484375;1716;
1121,617;37,97117614746094;1714,6519775390625;1716;
1121,618;38,14882278442383;1722,499267578125;1716;
1121,619;38,07823181152344;1722,499267578125;1716;
1121,62;38,41411590576172;1714,6519775390625;1716;
1121,621;38,16587829589844;1710,728271484375;1716;
1121,622;37,97117614746094;1714,6519775390625;1716;
1121,623;38,14882278442383;1726,4228515625;1716;
1121,624;38,07823181152344;1724,461181640625;1716;
1121,625;38,41411590576172;1712,68994140625;1716;
1121,626;38,1847038269043;1708,766357421875;1716;
1121,627;37,97117614746094;1720,53759765625;1716;
1121,628;38,14882278442383;1722,499267578125;1716;
1121,629;38,07823181152344;1722,499267578125;1716;
1121,63;38,41411590576172;1712,68994140625;1716;
1121,631;38,167057037353516;1706,8046875;1716;
1121,632;37,97117614746094;1718,5755615234375;1716;
1121,633;38,14882278442383;1724,461181640625;1716;
1121,634;38,07823181152344;1724,461181640625;1716;
1121,635;38,41411590576172;1708,766357421875;1716;
1121,636;38,167057037353516;1706,8046875;1716;
1121,637;37,97117614746094;1720,53759765625;1716;
1121,638;38,14882278442383;1724,461181640625;1716;
1121,639;38,07823181152344;1722,499267578125;1716;
1121,64;38,41411590576172;1708,766357421875;1716;
1121,641;38,167057037353516;1706,8046875;1716;
1121,642;37,97117614746094;1720,53759765625;1716;
1121,643;38,14882278442383;1728,3848876953125;1716;
1121,644;37,53117752075195;1726,4228515625;1716;
1121,645;38,4152946472168;1708,766357421875;1716;
1121,646;38,16587829589844;1706,8046875;1716;
1121,647;37,97117614746094;1720,53759765625;1716;
1121,648;38,14882278442383;1728,3848876953125;1716;
1121,649;38,07823181152344;1724,461181640625;1716;
1121,65;38,4152946472168;1708,766357421875;1716;
1121,651;38,16587829589844;1706,8046875;1716;
1121,652;37,97117614746094;1720,53759765625;1716;
1121,653;38,14882278442383;1728,3848876953125;1716;
1121,654;38,07823181152344;1724,461181640625;1716;
1121,655;38,41353225708008;1710,728271484375;1716;
1121,656;38,16587829589844;1706,8046875;1716;
1121,657;37,97117614746094;1718,5755615234375;1716;
1121,658;38,14882278442383;1730,3466796875;1716;
1121,659;37,53058624267578;1726,4228515625;1716;
1121,66;38,4152946472168;1706,8046875;1716;
1121,661;38,16587829589844;1706,8046875;1716;
1121,662;37,97117614746094;1720,53759765625;1716;
1121,663;38,14882278442383;1728,3848876953125;1716;
1121,664;37,53117752075195;1724,461181640625;1716;
1121,665;38,4152946472168;1712,68994140625;1716;
1121,666;38,167057037353516;1706,8046875;1716;
1121,667;37,97117614746094;1718,5755615234375;1716;
1121,668;38,14882278442383;1728,3848876953125;1716;
1121,669;37,53117752075195;1724,461181640625;1716;
1121,67;38,4152946472168;1708,766357421875;1716;
1121,671;38,16646957397461;1706,8046875;1716;
1121,672;37,974117279052734;1720,53759765625;1716;
1121,673;38,15058898925781;1724,461181640625;1716;
1121,674;37,53293991088867;1724,461181640625;1716;
1121,675;38,4152946472168;1714,6519775390625;1716;
1121,676;38,16529083251953;1710,728271484375;1716;
1121,677;37,97117614746094;1718,5755615234375;1716;
1121,678;38,147647857666016;1724,461181640625;1716;
1121,679;37,53117752075195;1726,4228515625;1716;
1121,68;38,4152946472168;1712,68994140625;1716;
1121,681;38,16529083251953;1710,728271484375;1716;
1121,682;37,971763610839844;1724,461181640625;1716;
1121,683;38,148231506347656;1722,499267578125;1716;
1121,684;37,528236389160156;1718,5755615234375;1716;
1121,685;38,4058837890625;1712,68994140625;1716;
1121,686;37,99117660522461;1716,61376953125;1716;
1121,687;37,885292053222656;1720,53759765625;1716;
1121,688;38,05882263183594;1726,4228515625;1716;
1121,689;37,44117736816406;1722,499267578125;1716;
1121,69;38,32353210449219;1714,6519775390625;1716;
1121,691;37,98823547363281;1718,5755615234375;1716;
1121,692;37,88235092163086;1720,53759765625;1716;
1121,693;38,05882263183594;1720,53759765625;1716;
1121,694;37,44117736816406;1722,499267578125;1716;
1121,695;38,32353210449219;1712,68994140625;1716;
1121,696;37,98823547363281;1716,61376953125;1716;
1121,697;37,88235092163086;1720,53759765625;1716;
1121,698;38,05882263183594;1722,499267578125;1716;
1121,699;37,44117736816406;1718,5755615234375;1716;
1121,7;38,32353210449219;1712,68994140625;1716;
1121,701;37,98823547363281;1714,6519775390625;1716;
1121,702;37,88235092163086;1720,53759765625;1716;
1121,703;38,05882263183594;1722,499267578125;1716;
1121,704;37,44117736816406;1712,68994140625;1716;
1121,705;38,32353210449219;1712,68994140625;1716;
1121,706;37,98823547363281;1714,6519775390625;1716;
1121,707;37,88235092163086;1728,3848876953125;1716;
1121,708;38,05882263183594;1724,461181640625;1716;
1121,709;37,44117736816406;1710,728271484375;1716;
1121,71;38,32353210449219;1714,6519775390625;1716;
1121,711;37,98823547363281;1716,61376953125;1716;
1121,712;37,88235092163086;1726,4228515625;1716;
1121,713;38,05882263183594;1722,499267578125;1716;
1121,714;37,44117736816406;1714,6519775390625;1716;
1121,715;38,32353210449219;1712,68994140625;1716;
1121,716;37,98823547363281;1716,61376953125;1716;
1121,717;37,88235092163086;1726,4228515625;1716;
1121,718;38,05882263183594;1722,499267578125;1716;
1121,719;37,44117736816406;1712,68994140625;1716;
1121,72;38,32353210449219;1712,68994140625;1716;
1121,721;37,98823547363281;1716,61376953125;1716;
1121,722;37,88235092163086;1724,461181640625;1716;
1121,723;38,05882263183594;1722,499267578125;1716;
1121,724;37,44117736816406;1710,728271484375;1716;
1121,725;37,100589752197266;1710,728271484375;1716;
1121,726;38,04823303222656;1718,5755615234375;1716;
1121,727;37,9417610168457;1726,4228515625;1716;
1121,728;38,128822326660156;1722,499267578125;1716;
1121,729;37,51176452636719;1710,728271484375;1716;
1121,73;38,40470504760742;1710,728271484375;1716;
1121,731;38,072349548339844;1718,5755615234375;1716;
1121,732;37,966468811035156;1728,3848876953125;1716;
1121,733;38,13999938964844;1722,499267578125;1716;
1121,734;37,52411651611328;1706,8046875;1716;
1121,735;38,41353225708008;1710,728271484375;1716;
1121,736;38,072349548339844;1718,5755615234375;1716;
1121,737;37,96940994262695;1726,4228515625;1716;
1121,738;38,159996032714844;1720,53759765625;1716;
1121,739;37,52176284790039;1708,766357421875;1716;
1121,74;38,39823532104492;1710,728271484375;1716;
1121,741;38,062347412109375;1718,5755615234375;1716;
1121,742;37,94705581665039;1726,4228515625;1716;
1121,743;38,14293670654297;1724,461181640625;1716;
1121,744;37,5064697265625;1708,766357421875;1716;
1121,745;38,384117126464844;1714,6519775390625;1716;
1121,746;38,051761627197266;1720,53759765625;1716;
1121,747;37,946468353271484;1726,4228515625;1716;
1121,748;38,22646713256836;1722,499267578125;1716;
1121,749;37,5841178894043;1710,728271484375;1716;
1121,75;38,46764373779297;1710,728271484375;1716;
1121,751;38,126468658447266;1720,53759765625;1716;
1121,752;38,036468505859375;1726,4228515625;1716;
1121,753;38,23529052734375;1720,53759765625;1716;
1121,754;37,604705810546875;1712,68994140625;1716;
1121,755;38,48823547363281;1718,5755615234375;1716;
1121,756;38,15528869628906;1718,5755615234375;1716;
1121,757;38,034114837646484;1728,3848876953125;1716;
1121,758;38,230587005615234;1724,461181640625;1716;
1121,759;37,59529113769531;1710,728271484375;1716;
1121,76;38,48117446899414;1710,728271484375;1716;
1121,761;38,14764404296875;1718,5755615234375;1716;
1121,762;38,03705596923828;1726,4228515625;1716;
1121,763;38,24117660522461;1720,53759765625;1716;
1121,764;37,6035270690918;1712,68994140625;1716;
1121,765;38,48117446899414;1716,61376953125;1716;
1121,766;38,145877838134766;1718,5755615234375;1716;
1121,767;38,03764724731445;1726,4228515625;1716;
1121,768;38,23999786376953;1716,61376953125;1716;
1121,769;37,60764694213867;1708,766357421875;1716;
1121,77;38,50706100463867;1716,61376953125;1716;
1121,771;38,1817626953125;1722,499267578125;1716;
1121,772;38,07823181152344;1722,499267578125;1716;
1121,773;38,2664680480957;1714,6519775390625;1716;
1121,774;37,635292053222656;1712,68994140625;1716;
1121,775;38,52176284790039;1714,6519775390625;1716;
1121,776;38,17411422729492;1726,4228515625;1716;
1121,777;38,07293701171875;1724,461181640625;1716;
1121,778;38,25764465332031;1720,53759765625;1716;
1121,779;37,61705780029297;1710,728271484375;1716;
1121,78;38,230587005615234;1722,499267578125;1716;
1121,781;38,160587310791016;1724,461181640625;1716;
1121,782;38,041175842285156;1722,499267578125;1716;
1121,783;38,229408264160156;1712,68994140625;1716;
1121,784;37,593528747558594;1710,728271484375;1716;
1121,785;38,211761474609375;1722,499267578125;1716;
1121,786;38,14352798461914;1726,4228515625;1716;
1121,787;38,0323486328125;1722,499267578125;1716;
1121,788;38,23176193237305;1708,766357421875;1716;
1121,789;37,592350006103516;1710,728271484375;1716;
1121,79;38,216468811035156;1722,499267578125;1716;
1121,791;38,14293670654297;1726,4228515625;1716;
1121,792;38,034706115722656;1720,53759765625;1716;
1121,793;38,229408264160156;1710,728271484375;1716;
1121,794;37,59646987915039;1712,68994140625;1716;
1121,795;38,21235275268555;1722,499267578125;1716;
1121,796;38,14411544799805;1728,3848876953125;1716;
1121,797;38,034706115722656;1722,499267578125;1716;
1121,798;38,228233337402344;1704,8426513671875;1716;
1121,799;37,59529113769531;1708,766357421875;1716;
1121,8;38,21706008911133;1722,499267578125;1716;
1121,801;38,14234924316406;1726,4228515625;1716;
1121,802;38,03352737426758;1722,499267578125;1716;
1121,803;38,23117446899414;1706,8046875;1716;
1121,804;37,598819732666016;1708,766357421875;1716;
1121,805;38,31470489501953;1720,53759765625;1716;
1121,806;38,13999557495117;1728,3848876953125;1716;
1121,807;38,47294235229492;1724,461181640625;1716;
1121,808;38,23646926879883;1704,8426513671875;1716;
1121,809;37,59529113769531;1708,766357421875;1716;
1121,81;38,21058654785156;1720,53759765625;1716;
1121,811;38,140586853027344;1728,3848876953125;1716;
1121,812;38,48117446899414;1722,499267578125;1716;
1121,813;38,22999954223633;1704,8426513671875;1716;
1121,814;37,5970573425293;1708,766357421875;1716;
1121,815;38,211761474609375;1722,499267578125;1716;
1121,816;38,14646911621094;1726,4228515625;1716;
1121,817;38,034114837646484;1724,461181640625;1716;
1121,818;38,22999954223633;1706,8046875;1716;
1121,819;37,59941101074219;1708,766357421875;1716;
1121,82;38,21352767944336;1720,53759765625;1716;
1121,821;38,14293670654297;1728,3848876953125;1716;
1121,822;38,03764724731445;1724,461181640625;1716;
1121,823;38,23411560058594;1706,8046875;1716;
1121,824;37,59646987915039;1708,766357421875;1716;
1121,825;38,211761474609375;1720,53759765625;1716;
1121,826;38,141761779785156;1728,3848876953125;1716;
1121,827;38,47705841064453;1724,461181640625;1716;
1121,828;38,23176193237305;1708,766357421875;1716;
1121,829;37,59646987915039;1714,6519775390625;1716;
1121,83;38,23529052734375;1720,53759765625;1716;
1121,831;38,15764617919922;1728,3848876953125;1716;
1121,832;38,4935302734375;1724,461181640625;1716;
1121,833;38,230587005615234;1706,8046875;1716;
1121,834;37,6105842590332;1710,728271484375;1716;
1121,835;38,22470474243164;1720,53759765625;1716;
1121,836;38,09882354736328;1726,4228515625;1716;
1121,837;38,41117477416992;1720,53759765625;1716;
1121,838;38,1847038269043;1706,8046875;1716;
1121,839;37,547645568847656;1708,766357421875;1716;
1121,84;38,148231506347656;1720,53759765625;1716;
1121,841;38,07646560668945;1726,4228515625;1716;
1121,842;38,43000030517578;1718,5755615234375;1716;
1121,843;38,18294143676758;1710,728271484375;1716;
1121,844;37,54882049560547;1708,766357421875;1716;
1121,845;38,14882278442383;1724,461181640625;1716;
1121,846;38,09646987915039;1726,4228515625;1716;
1121,847;38,431175231933594;1722,499267578125;1716;
1121,848;38,184120178222656;1708,766357421875;1716;
1121,849;37,54882049560547;1708,766357421875;1716;
1121,85;38,14882278442383;1724,461181640625;1716;
1121,851;38,09646987915039;1724,461181640625;1716;
1121,852;38,431175231933594;1718,5755615234375;1716;
1121,853;38,184120178222656;1710,728271484375;1716;
1121,854;37,97235107421875;1716,61376953125;1716;
1121,855;38,16646957397461;1720,53759765625;1716;
1121,856;38,09646987915039;1724,461181640625;1716;
1121,857;38,431175231933594;1714,6519775390625;1716;
1121,858;38,16646957397461;1708,766357421875;1716;
1121,859;37,54882049560547;1710,728271484375;1716;
1121,86;38,16646957397461;1722,499267578125;1716;
1121,861;38,095882415771484;1726,4228515625;1716;
1121,862;38,41353225708008;1706,8046875;1716;
1121,863;38,184120178222656;1708,766357421875;1716;
1121,864;37,54882049560547;1714,6519775390625;1716;
1121,865;38,16646957397461;1720,53759765625;1716;
1121,866;38,07823181152344;1724,461181640625;1716;
1121,867;38,431175231933594;1710,728271484375;1716;
1121,868;38,184120178222656;1708,766357421875;1716;
1121,869;37,9900016784668;1714,6519775390625;1716;
1121,87;38,14882278442383;1728,3848876953125;1716;
1121,871;38,095882415771484;1724,461181640625;1716;
1121,872;38,431175231933594;1708,766357421875;1716;
1121,873;38,184120178222656;1710,728271484375;1716;
1121,874;37,97235107421875;1720,53759765625;1716;
1121,875;38,16646957397461;1726,4228515625;1716;
1121,876;38,095882415771484;1724,461181640625;1716;
1121,877;38,431175231933594;1708,766357421875;1716;
1121,878;38,16646957397461;1704,8426513671875;1716;
1121,879;37,9900016784668;1720,53759765625;1716;
1121,88;38,16646957397461;1728,3848876953125;1716;
1121,881;38,095882415771484;1724,461181640625;1716;
1121,882;38,41411590576172;1708,766357421875;1716;
1121,883;38,16646957397461;1706,8046875;1716;
1121,884;37,9900016784668;1720,53759765625;1716;
1121,885;38,16646957397461;1728,3848876953125;1716;
1121,886;38,07823181152344;1724,461181640625;1716;
1121,887;38,412940979003906;1708,766357421875;1716;
1121,888;38,184120178222656;1704,8426513671875;1716;
1121,889;37,9900016784668;1720,53759765625;1716;
1121,89;38,16646957397461;1726,4228515625;1716;
1121,891;37,53058624267578;1724,461181640625;1716;
1121,892;38,412940979003906;1708,766357421875;1716;
1121,893;38,16646957397461;1706,8046875;1716;
1121,894;37,9900016784668;1718,5755615234375;1716;
1121,895;38,16646957397461;1728,3848876953125;1716;
1121,896;37,53058624267578;1728,3848876953125;1716;
1121,897;38,43058776855469;1706,8046875;1716;
1121,898;38,184120178222656;1724,461181640625;1716;
1121,899;37,9900016784668;1720,53759765625;1716;
1121,9;38,16646957397461;1726,4228515625;1716;
1121,901;37,53058624267578;1712,68994140625;1716;
1121,902;38,43058776855469;1708,766357421875;1716;
1121,903;38,184120178222656;1706,8046875;1716;
1121,904;37,9900016784668;1720,53759765625;1716;
1121,905;38,14882278442383;1722,499267578125;1716;
1121,906;37,54823303222656;1726,4228515625;1716;
1121,907;38,43058776855469;1710,728271484375;1716;
1121,908;38,184120178222656;1706,8046875;1716;
1121,909;37,9900016784668;1720,53759765625;1716;
1121,91;38,14882278442383;1724,461181640625;1716;
1121,911;37,54823303222656;1724,461181640625;1716;
1121,912;38,43058776855469;1710,728271484375;1716;
1121,913;38,184120178222656;1706,8046875;1716;
1121,914;37,97235107421875;1720,53759765625;1716;
1121,915;38,16646957397461;1726,4228515625;1716;
1121,916;37,54823303222656;1724,461181640625;1716;
1121,917;38,43058776855469;1712,68994140625;1716;
1121,918;38,16646957397461;1714,6519775390625;1716;
1121,919;37,9900016784668;1718,5755615234375;1716;
1121,92;38,16646957397461;1724,461181640625;1716;
1121,921;37,54823303222656;1724,461181640625;1716;
1121,922;38,412940979003906;1712,68994140625;1716;
1121,923;38,184120178222656;1708,766357421875;1716;
1121,924;37,9900016784668;1720,53759765625;1716;
1121,925;38,14882278442383;1724,461181640625;1716;
1121,926;37,53058624267578;1714,6519775390625;1716;
1121,927;38,431175231933594;1714,6519775390625;1716;
1121,928;38,184120178222656;1712,68994140625;1716;
1121,929;37,97235107421875;1718,5755615234375;1716;
1121,93;38,14882278442383;1720,53759765625;1716;
1121,931;37,54823303222656;1720,53759765625;1716;
1121,932;38,431175231933594;1712,68994140625;1716;
1121,933;38,07823181152344;1712,68994140625;1716;
1121,934;37,97235107421875;1724,461181640625;1716;
1121,935;38,16646957397461;1722,499267578125;1716;
1121,936;37,53058624267578;1716,61376953125;1716;
1121,937;38,431175231933594;1714,6519775390625;1716;
1121,938;38,07823181152344;1722,499267578125;1716;
1121,939;37,9900016784668;1720,53759765625;1716;
1121,94;38,14882278442383;1722,499267578125;1716;
1121,941;37,54823303222656;1716,61376953125;1716;
1121,942;38,43058776855469;1712,68994140625;1716;
1121,943;38,07823181152344;1718,5755615234375;1716;
1121,944;37,9900016784668;1722,499267578125;1716;
1121,945;38,15058898925781;1722,499267578125;1716;
1121,946;37,549407958984375;1714,6519775390625;1716;
1121,947;38,412940979003906;1712,68994140625;1716;
1121,948;38,184120178222656;1716,61376953125;1716;
1121,949;37,9900016784668;1724,461181640625;1716;
1121,95;38,16646957397461;1722,499267578125;1716;
1121,951;37,53058624267578;1708,766357421875;1716;
1121,952;38,43058776855469;1712,68994140625;1716;
1121,953;38,095882415771484;1718,5755615234375;1716;
1121,954;37,974117279052734;1724,461181640625;1716;
1121,955;38,16529083251953;1722,499267578125;1716;
1121,956;37,53117752075195;1708,766357421875;1716;
1121,957;38,431175231933594;1710,728271484375;1716;
1121,958;38,09646987915039;1716,61376953125;1716;
1121,959;38,077056884765625;1726,4228515625;1716;
1121,96;38,148231506347656;1724,461181640625;1716;
1121,961;37,5323486328125;1708,766357421875;1716;
1121,962;38,4317626953125;1710,728271484375;1716;
1121,963;38,184120178222656;1718,5755615234375;1716;
1121,964;38,4152946472168;1724,461181640625;1716;
1121,965;38,2535285949707;1724,461181640625;1716;
1121,966;37,63882064819336;1708,766357421875;1716;
1121,967;38,51647186279297;1710,728271484375;1716;
1121,968;38,07823181152344;1718,5755615234375;1716;
1121,969;37,885292053222656;1726,4228515625;1716;
1121,97;38,16764831542969;1724,461181640625;1716;
1121,971;37,54705810546875;1708,766357421875;1716;
1121,972;38,429412841796875;1710,728271484375;1716;
1121,973;37,98823547363281;1718,5755615234375;1716;
1121,974;37,99058532714844;1728,3848876953125;1716;
1121,975;38,07646942138672;1722,499267578125;1716;
1121,976;37,44117736816406;1708,766357421875;1716;
1121,977;38,429412841796875;1708,766357421875;1716;
1121,978;37,98823547363281;1718,5755615234375;1716;
1121,979;37,98823547363281;1728,3848876953125;1716;
1121,98;38,164703369140625;1722,499267578125;1716;
1121,981;37,44117736816406;1708,766357421875;1716;
1121,982;38,32353210449219;1712,68994140625;1716;
1121,983;38,094120025634766;1716,61376953125;1716;
1121,984;37,98823547363281;1728,3848876953125;1716;
1121,985;38,164703369140625;1724,461181640625;1716;
1121,986;37,44117736816406;1710,728271484375;1716;
1121,987;38,429412841796875;1710,728271484375;1716;
1121,988;38,094120025634766;1720,53759765625;1716;
1121,989;37,98823547363281;1726,4228515625;1716;
1121,99;38,07646942138672;1718,5755615234375;1716;
1121,991;37,44117736816406;1710,728271484375;1716;
1121,992;38,32353210449219;1710,728271484375;1716;
1121,993;38,094120025634766;1718,5755615234375;1716;
1121,994;37,98823547363281;1726,4228515625;1716;
1121,995;38,07646942138672;1720,53759765625;1716;
1121,996;37,44117736816406;1708,766357421875;1716;
1121,997;38,32353210449219;1710,728271484375;1716;
1121,998;37,98823547363281;1720,53759765625;1716;
1121,999;37,88235092163086;1724,461181640625;1716;
1122;38,18235397338867;1722,499267578125;1716;
1122,001;37,54705810546875;1710,728271484375;1716;
1122,002;38,32353210449219;1718,5755615234375;1716;
1122,003;37,98823547363281;1728,3848876953125;1716;
1122,004;37,98823547363281;1724,461181640625;1716;
1122,005;38,18235397338867;1722,499267578125;1716;
1122,006;37,54705810546875;1710,728271484375;1716;
1122,007;38,429412841796875;1712,68994140625;1716;
1122,008;37,98823547363281;1722,499267578125;1716;
1122,009;37,945289611816406;1722,499267578125;1716;
1122,01;38,141761779785156;1712,68994140625;1716;
1122,011;37,502349853515625;1710,728271484375;1716;
1122,012;38,39470291137695;1718,5755615234375;1716;
1122,013;38,169410705566406;1720,53759765625;1716;
1122,014;38,072349548339844;1724,461181640625;1716;
1122,015;38,269412994384766;1716,61376953125;1716;
1122,016;37,525291442871094;1708,766357421875;1716;
1122,017;38,13999938964844;1722,499267578125;1716;
1122,018;38,0811767578125;1720,53759765625;1716;
1122,019;38,07529067993164;1722,499267578125;1716;
1122,02;38,158233642578125;1706,8046875;1716;
1122,021;37,634117126464844;1710,728271484375;1716;
1122,022;38,14234924316406;1716,61376953125;1716;
1122,023;38,065879821777344;1722,499267578125;1716;
1122,024;37,955291748046875;1724,461181640625;1716;
1122,025;38,145877838134766;1706,8046875;1716;
1122,026;37,51058578491211;1712,68994140625;1716;
1122,027;38,492942810058594;1720,53759765625;1716;
1122,028;38,15764617919922;1722,499267578125;1716;
1122,029;37,94881820678711;1724,461181640625;1716;
1122,03;38,140586853027344;1708,766357421875;1716;
1122,031;37,50529479980469;1710,728271484375;1716;
1122,032;38,11705780029297;1720,53759765625;1716;
1122,033;38,13352584838867;1728,3848876953125;1716;
1122,034;38,02705764770508;1722,499267578125;1716;
1122,035;38,33647155761719;1710,728271484375;1716;
1122,036;37,711761474609375;1710,728271484375;1716;
1122,037;38,217647552490234;1720,53759765625;1716;
1122,038;38,152347564697266;1726,4228515625;1716;
1122,039;38,15470504760742;1720,53759765625;1716;
1122,04;38,228233337402344;1708,766357421875;1716;
1122,041;37,701175689697266;1708,766357421875;1716;
1122,042;38,21294021606445;1722,499267578125;1716;
1122,043;38,14293670654297;1726,4228515625;1716;
1122,044;38,041175842285156;1722,499267578125;1716;
1122,045;38,23352813720703;1706,8046875;1716;
1122,046;37,60588073730469;1708,766357421875;1716;
1122,047;38,224117279052734;1720,53759765625;1716;
1122,048;38,15117645263672;1728,3848876953125;1716;
1122,049;38,04587936401367;1722,499267578125;1716;
1122,05;38,22882080078125;1706,8046875;1716;
1122,051;37,608821868896484;1708,766357421875;1716;
1122,052;38,230587005615234;1722,499267578125;1716;
1122,053;38,174705505371094;1728,3848876953125;1716;
1122,054;38,07587814331055;1724,461181640625;1716;
1122,055;38,2694091796875;1706,8046875;1716;
1122,056;37,62059020996094;1708,766357421875;1716;
1122,057;38,254703521728516;1720,53759765625;1716;
1122,058;38,188819885253906;1728,3848876953125;1716;
1122,059;38,51529312133789;1724,461181640625;1716;
1122,06;38,26470184326172;1704,8426513671875;1716;
1122,061;37,627647399902344;1708,766357421875;1716;
1122,062;38,23646926879883;1722,499267578125;1716;
1122,063;38,160587310791016;1726,4228515625;1716;
1122,064;38,49529266357422;1724,461181640625;1716;
1122,065;38,24528884887695;1708,766357421875;1716;
1122,066;37,598236083984375;1710,728271484375;1716;
1122,067;38,22058868408203;1720,53759765625;1716;
1122,068;38,140586853027344;1728,3848876953125;1716;
1122,069;38,480587005615234;1720,53759765625;1716;
1122,07;38,230587005615234;1706,8046875;1716;
1122,071;38,03705596923828;1720,53759765625;1716;
1122,072;38,20823287963867;1720,53759765625;1716;
1122,073;38,14352798461914;1728,3848876953125;1716;
1122,074;38,478233337402344;1722,499267578125;1716;
1122,075;38,23176193237305;1706,8046875;1716;
1122,076;37,5970573425293;1712,68994140625;1716;
1122,077;38,21470260620117;1722,499267578125;1716;
1122,078;38,140586853027344;1724,461181640625;1716;
1122,079;38,47999954223633;1714,6519775390625;1716;
1122,08;38,230587005615234;1710,728271484375;1716;
1122,081;37,59941101074219;1710,728271484375;1716;
1122,082;38,21117401123047;1720,53759765625;1716;
1122,083;38,14293670654297;1726,4228515625;1716;
1122,084;38,47294235229492;1720,53759765625;1716;
1122,085;38,230587005615234;1708,766357421875;1716;
1122,086;37,593528747558594;1716,61376953125;1716;
1122,087;38,21058654785156;1722,499267578125;1716;
1122,088;38,13764572143555;1726,4228515625;1716;
1122,089;38,4835319519043;1714,6519775390625;1716;
1122,09;38,228233337402344;1710,728271484375;1716;
1122,091;37,70235061645508;1712,68994140625;1716;
1122,092;38,21294021606445;1720,53759765625;1716;
1122,093;38,13882064819336;1724,461181640625;1716;
1122,094;38,474117279052734;1718,5755615234375;1716;
1122,095;38,22999954223633;1708,766357421875;1716;
1122,096;37,593528747558594;1712,68994140625;1716;
1122,097;38,21352767944336;1724,461181640625;1716;
1122,098;38,145877838134766;1724,461181640625;1716;
1122,099;38,47588348388672;1716,61376953125;1716;
1122,1;38,22999954223633;1708,766357421875;1716;
1122,101;38,03764724731445;1720,53759765625;1716;
1122,102;38,21352767944336;1724,461181640625;1716;
1122,103;38,14234924316406;1724,461181640625;1716;
1122,104;38,478824615478516;1708,766357421875;1716;
1122,105;38,23411560058594;1710,728271484375;1716;
1122,106;38,0352897644043;1720,53759765625;1716;
1122,107;38,21117401123047;1726,4228515625;1716;
1122,108;38,14117431640625;1724,461181640625;1716;
1122,109;38,47764587402344;1712,68994140625;1716;
1122,11;38,23176193237305;1706,8046875;1716;
1122,111;38,036468505859375;1718,5755615234375;1716;
1122,112;38,234703063964844;1724,461181640625;1716;
1122,113;38,1594123840332;1724,461181640625;1716;
1122,114;38,47588348388672;1710,728271484375;1716;
1122,115;38,2470588684082;1708,766357421875;1716;
1122,116;38,052940368652344;1720,53759765625;1716;
1122,117;38,23176193237305;1724,461181640625;1716;
1122,118;38,15529251098633;1724,461181640625;1716;
1122,119;39,71470642089844;1708,766357421875;1716;
1122,12;38,1852912902832;1706,8046875;1716;
1122,121;37,989410400390625;1718,5755615234375;1716;
1122,122;38,16529083251953;1726,4228515625;1716;
1122,123;37,529998779296875;1726,4228515625;1716;
1122,124;38,4317626953125;1706,8046875;1716;
1122,125;38,18294143676758;1706,8046875;1716;
1122,126;37,989410400390625;1720,53759765625;1716;
1122,127;38,147647857666016;1726,4228515625;1716;
1122,128;38,095882415771484;1726,4228515625;1716;
1122,129;38,431175231933594;1708,766357421875;1716;
1122,13;38,1847038269043;1706,8046875;1716;
1122,131;37,98882293701172;1720,53759765625;1716;
1122,132;38,16646957397461;1728,3848876953125;1716;
1122,133;38,095882415771484;1726,4228515625;1716;
1122,134;38,43294143676758;1706,8046875;1716;
1122,135;38,183528900146484;1706,8046875;1716;
1122,136;37,97117614746094;1720,53759765625;1716;
1122,137;38,16646957397461;1728,3848876953125;1716;
1122,138;37,54882049560547;1724,461181640625;1716;
1122,139;38,431175231933594;1708,766357421875;1716;
1122,14;38,16587829589844;1706,8046875;1716;
1122,141;37,98882293701172;1720,53759765625;1716;
1122,142;38,16646957397461;1728,3848876953125;1716;
1122,143;37,53117752075195;1718,5755615234375;1716;
1122,144;38,41353225708008;1712,68994140625;1716;
1122,145;38,183528900146484;1706,8046875;1716;
1122,146;37,98882293701172;1718,5755615234375;1716;
1122,147;38,16646957397461;1728,3848876953125;1716;
1122,148;37,53117752075195;1718,5755615234375;1716;
1122,149;38,4152946472168;1712,68994140625;1716;
1122,15;38,1847038269043;1704,8426513671875;1716;
1122,151;37,98882293701172;1720,53759765625;1716;
1122,152;38,16646957397461;1728,3848876953125;1716;
1122,153;37,53117752075195;1722,499267578125;1716;
1122,154;38,43294143676758;1710,728271484375;1716;
1122,155;38,1847038269043;1710,728271484375;1716;
1122,156;37,9905891418457;1718,5755615234375;1716;
1122,157;38,14882278442383;1720,53759765625;1716;
1122,158;37,54882049560547;1726,4228515625;1716;
1122,159;38,431175231933594;1710,728271484375;1716;
1122,16;38,183528900146484;1706,8046875;1716;
1122,161;37,972938537597656;1728,3848876953125;1716;
1122,162;38,14882278442383;1724,461181640625;1716;
1122,163;37,54882049560547;1724,461181640625;1716;
1122,164;38,43294143676758;1712,68994140625;1716;
1122,165;38,1852912902832;1714,6519775390625;1716;
1122,166;37,9905891418457;1724,461181640625;1716;
1122,167;38,16646957397461;1726,4228515625;1716;
1122,168;37,54882049560547;1722,499267578125;1716;
1122,169;38,43294143676758;1712,68994140625;1716;
1122,17;38,183528900146484;1714,6519775390625;1716;
1122,171;37,972938537597656;1722,499267578125;1716;
1122,172;38,16646957397461;1724,461181640625;1716;
1122,173;37,54882049560547;1722,499267578125;1716;
1122,174;38,43294143676758;1712,68994140625;1716;
1122,175;38,07764434814453;1714,6519775390625;1716;
1122,176;37,972938537597656;1722,499267578125;1716;
1122,177;38,16646957397461;1722,499267578125;1716;
1122,178;37,54882049560547;1718,5755615234375;1716;
1122,179;38,4152946472168;1712,68994140625;1716;
1122,18;38,09529113769531;1712,68994140625;1716;
1122,181;37,9905891418457;1722,499267578125;1716;
1122,182;38,16646957397461;1722,499267578125;1716;
1122,183;37,53117752075195;1708,766357421875;1716;
1122,184;38,43294143676758;1712,68994140625;1716;
1122,185;38,09529113769531;1712,68994140625;1716;
1122,186;37,9905891418457;1724,461181640625;1716;
1122,187;38,16646957397461;1722,499267578125;1716;
1122,188;37,53117752075195;1706,8046875;1716;
1122,189;38,43294143676758;1714,6519775390625;1716;
1122,19;38,09529113769531;1718,5755615234375;1716;
1122,191;37,9905891418457;1720,53759765625;1716;
1122,192;38,14882278442383;1724,461181640625;1716;
1122,193;37,54882049560547;1714,6519775390625;1716;
1122,194;38,43294143676758;1712,68994140625;1716;
1122,195;38,09529113769531;1716,61376953125;1716;
1122,196;37,972938537597656;1728,3848876953125;1716;
1122,197;38,16646957397461;1722,499267578125;1716;
1122,198;37,529998779296875;1708,766357421875;1716;
1122,199;38,43294143676758;1710,728271484375;1716;
1122,2;38,09646987915039;1718,5755615234375;1716;
1122,201;37,972938537597656;1726,4228515625;1716;
1122,202;38,16646957397461;1722,499267578125;1716;
1122,203;37,547645568847656;1712,68994140625;1716;
1122,204;38,43294143676758;1710,728271484375;1716;
1122,205;38,07764434814453;1718,5755615234375;1716;
1122,206;37,991764068603516;1726,4228515625;1716;
1122,207;38,16646957397461;1720,53759765625;1716;
1122,208;37,547645568847656;1710,728271484375;1716;
1122,209;38,4152946472168;1710,728271484375;1716;
1122,21;38,09646987915039;1716,61376953125;1716;
1122,211;37,9905891418457;1728,3848876953125;1716;
1122,212;38,16646957397461;1722,499267578125;1716;
1122,213;37,529998779296875;1708,766357421875;1716;
1122,214;38,43294143676758;1710,728271484375;1716;
1122,215;38,09529113769531;1718,5755615234375;1716;
1122,216;37,991764068603516;1726,4228515625;1716;
1122,217;38,16646957397461;1724,461181640625;1716;
1122,218;37,529998779296875;1712,68994140625;1716;
1122,219;38,43294143676758;1710,728271484375;1716;
1122,22;38,09529113769531;1718,5755615234375;1716;
1122,221;37,9905891418457;1728,3848876953125;1716;
1122,222;38,16646957397461;1718,5755615234375;1716;
1122,223;37,547645568847656;1706,8046875;1716;
1122,224;38,43294143676758;1710,728271484375;1716;
1122,225;38,09529113769531;1720,53759765625;1716;
1122,226;37,972938537597656;1724,461181640625;1716;
1122,227;38,184120178222656;1726,4228515625;1716;
1122,228;37,547645568847656;1710,728271484375;1716;
1122,229;38,43294143676758;1710,728271484375;1716;
1122,23;38,09529113769531;1718,5755615234375;1716;
1122,231;37,9905891418457;1728,3848876953125;1716;
1122,232;38,184120178222656;1722,499267578125;1716;
1122,233;37,547645568847656;1708,766357421875;1716;
1122,234;38,43294143676758;1710,728271484375;1716;
1122,235;38,07764434814453;1722,499267578125;1716;
1122,236;37,991764068603516;1726,4228515625;1716;
1122,237;38,184120178222656;1724,461181640625;1716;
1122,238;37,547645568847656;1708,766357421875;1716;
1122,239;38,41353225708008;1718,5755615234375;1716;
1122,24;38,095882415771484;1720,53759765625;1716;
1122,241;37,9900016784668;1726,4228515625;1716;
1122,242;38,27235412597656;1718,5755615234375;1716;
1122,243;37,53117752075195;1712,68994140625;1716;
1122,244;38,519412994384766;1712,68994140625;1716;
1122,245;38,078819274902344;1720,53759765625;1716;
1122,246;38,07823181152344;1722,499267578125;1716;
1122,247;38,16646957397461;1712,68994140625;1716;
1122,248;37,63882064819336;1710,728271484375;1716;
1122,249;38,518821716308594;1712,68994140625;1716;
1122,25;38,18882369995117;1720,53759765625;1716;
1122,251;37,97764587402344;1722,499267578125;1716;
1122,252;38,18529510498047;1714,6519775390625;1716;
1122,253;37,54999923706055;1712,68994140625;1716;
1122,254;38,4317626953125;1714,6519775390625;1716;
1122,255;38,094120025634766;1718,5755615234375;1716;
1122,256;37,88235092163086;1722,499267578125;1716;
1122,257;38,1847038269043;1720,53759765625;1716;
1122,258;37,54705810546875;1710,728271484375;1716;
1122,259;38,429412841796875;1714,6519775390625;1716;
1122,26;37,99058532714844;1728,3848876953125;1716;
1122,261;37,98823547363281;1722,499267578125;1716;
1122,262;38,18235397338867;1718,5755615234375;1716;
1122,263;37,54705810546875;1712,68994140625;1716;
1122,264;38,05882263183594;1722,499267578125;1716;
1122,265;38,094120025634766;1726,4228515625;1716;
1122,266;37,98823547363281;1720,53759765625;1716;
1122,267;38,18235397338867;1710,728271484375;1716;
1122,268;37,44117736816406;1708,766357421875;1716;
1122,269;38,164703369140625;1722,499267578125;1716;
1122,27;38,094120025634766;1728,3848876953125;1716;
1122,271;37,98823547363281;1724,461181640625;1716;
1122,272;38,18235397338867;1708,766357421875;1716;
1122,273;37,44117736816406;1710,728271484375;1716;
1122,274;38,05882263183594;1720,53759765625;1716;
1122,275;38,094120025634766;1728,3848876953125;1716;
1122,276;37,88470458984375;1722,499267578125;1716;
1122,277;38,07646942138672;1704,8426513671875;1716;
1122,278;37,54705810546875;1708,766357421875;1716;
1122,279;38,164703369140625;1722,499267578125;1716;
1122,28;37,98823547363281;1728,3848876953125;1716;
1122,281;38,32353210449219;1714,6519775390625;1716;
1122,282;38,18235397338867;1706,8046875;1716;
1122,283;37,54705810546875;1708,766357421875;1716;
1122,284;38,164703369140625;1720,53759765625;1716;
1122,285;38,094120025634766;1728,3848876953125;1716;
1122,286;38,32353210449219;1724,461181640625;1716;
1122,287;38,18235397338867;1704,8426513671875;1716;
1122,288;37,54705810546875;1708,766357421875;1716;
1122,289;38,164703369140625;1722,499267578125;1716;
1122,29;37,98823547363281;1726,4228515625;1716;
1122,291;37,98823547363281;1724,461181640625;1716;
1122,292;38,24529266357422;1706,8046875;1716;
1122,293;37,61235046386719;1708,766357421875;1716;
1122,294;38,12294006347656;1724,461181640625;1716;
1122,295;38,16706085205078;1728,3848876953125;1716;
1122,296;38,05764389038086;1724,461181640625;1716;
1122,297;38,26353073120117;1706,8046875;1716;
1122,298;37,63117599487305;1708,766357421875;1716;
1122,299;38,13999938964844;1720,53759765625;1716;
1122,3;38,17529296875;1728,3848876953125;1716;
1122,301;38,410587310791016;1724,461181640625;1716;
1122,302;38,26647186279297;1706,8046875;1716;
1122,303;37,528236389160156;1712,68994140625;1716;
1122,304;38,250587463378906;1720,53759765625;1716;
1122,305;38,17764663696289;1728,3848876953125;1716;
1122,306;38,50764465332031;1722,499267578125;1716;
1122,307;38,25764465332031;1708,766357421875;1716;
1122,308;37,95470428466797;1716,61376953125;1716;
1122,309;38,22529220581055;1720,53759765625;1716;
1122,31;38,15764617919922;1726,4228515625;1716;
1122,311;38,495880126953125;1722,499267578125;1716;
1122,312;38,13999938964844;1708,766357421875;1716;
1122,313;37,61411666870117;1710,728271484375;1716;
1122,314;38,22882080078125;1722,499267578125;1716;
1122,315;38,04999542236328;1726,4228515625;1716;
1122,316;38,384117126464844;1712,68994140625;1716;
1122,317;38,33000183105469;1710,728271484375;1716;
1122,318;37,69529342651367;1714,6519775390625;1716;
1122,319;38,21117401123047;1720,53759765625;1716;
1122,32;38,15058517456055;1722,499267578125;1716;
1122,321;38,59529495239258;1724,461181640625;1716;
1122,322;38,24293899536133;1706,8046875;1716;
1122,323;38,034114837646484;1714,6519775390625;1716;
1122,324;38,31470489501953;1722,499267578125;1716;
1122,325;38,141761779785156;1724,461181640625;1716;
1122,326;38,57882308959961;1716,61376953125;1716;
1122,327;38,34294128417969;1708,766357421875;1716;
1122,328;37,70646667480469;1716,61376953125;1716;
1122,329;38,22058868408203;1726,4228515625;1716;
1122,33;38,254703521728516;1724,461181640625;1716;
1122,331;38,59000015258789;1714,6519775390625;1716;
1122,332;38,33647155761719;1708,766357421875;1716;
1122,333;38,02470397949219;1720,53759765625;1716;
1122,334;38,31764602661133;1724,461181640625;1716;
1122,335;38,262939453125;1724,461181640625;1716;
1122,336;38,505882263183594;1708,766357421875;1716;
1122,337;38,372352600097656;1710,728271484375;1716;
1122,338;38,07411575317383;1718,5755615234375;1716;
1122,339;38,3535270690918;1726,4228515625;1716;
1122,34;38,28705978393555;1726,4228515625;1716;
1122,341;38,623531341552734;1710,728271484375;1716;
1122,342;38,26823425292969;1706,8046875;1716;
1122,343;38,070587158203125;1720,53759765625;1716;
1122,344;38,34646987915039;1726,4228515625;1716;
1122,345;38,16587829589844;1722,499267578125;1716;
1122,346;38,49764633178711;1708,766357421875;1716;
1122,347;38,357059478759766;1708,766357421875;1716;
1122,348;38,15705490112305;1718,5755615234375;1716;
1122,349;38,221763610839844;1730,3466796875;1716;
1122,35;38,14293670654297;1728,3848876953125;1716;
1122,351;38,47705841064453;1706,8046875;1716;
1122,352;38,33588409423828;1706,8046875;1716;
1122,353;38,14881896972656;1720,53759765625;1716;
1122,354;38,318233489990234;1726,4228515625;1716;
1122,355;38,14646911621094;1724,461181640625;1716;
1122,356;38,58529281616211;1708,766357421875;1716;
1122,357;38,23234939575195;1706,8046875;1716;
1122,358;38,14411544799805;1720,53759765625;1716;
1122,359;38,31999969482422;1732,3084716796875;1716;
1122,36;37,59529113769531;1728,3848876953125;1716;
1122,361;38,58647155761719;1708,766357421875;1716;
1122,362;38,33529281616211;1706,8046875;1716;
1122,363;38,14234924316406;1718,5755615234375;1716;
1122,364;38,21352767944336;1726,4228515625;1716;
1122,365;38,248233795166016;1726,4228515625;1716;
1122,366;38,476470947265625;1712,68994140625;1716;
1122,367;38,34000015258789;1706,8046875;1716;
1122,368;38,03588104248047;1720,53759765625;1716;
1122,369;38,31940841674805;1730,3466796875;1716;
1122,37;37,59293746948242;1724,461181640625;1716;
1122,371;38,58647155761719;1710,728271484375;1716;
1122,372;38,338233947753906;1706,8046875;1716;
1122,373;38,04058837890625;1718,5755615234375;1716;
1122,374;38,31882095336914;1730,3466796875;1716;
1122,375;37,70176315307617;1728,3848876953125;1716;
1122,376;38,581764221191406;1708,766357421875;1716;
1122,377;38,22882080078125;1710,728271484375;1716;
1122,378;38,034114837646484;1720,53759765625;1716;
1122,379;38,21235275268555;1728,3848876953125;1716;
1122,38;37,701175689697266;1726,4228515625;1716;
1122,381;38,478233337402344;1712,68994140625;1716;
1122,382;38,23234939575195;1714,6519775390625;1716;
1122,383;38,14352798461914;1718,5755615234375;1716;
1122,384;38,21706008911133;1726,4228515625;1716;
1122,385;37,59293746948242;1718,5755615234375;1716;
1122,386;38,476470947265625;1712,68994140625;1716;
1122,387;38,229408264160156;1708,766357421875;1716;
1122,388;38,141761779785156;1720,53759765625;1716;
1122,389;38,320587158203125;1724,461181640625;1716;
1122,39;37,59646987915039;1718,5755615234375;1716;
1122,391;38,588233947753906;1714,6519775390625;1716;
1122,392;38,3341178894043;1712,68994140625;1716;
1122,393;38,14352798461914;1720,53759765625;1716;
1122,394;38,21235275268555;1722,499267578125;1716;
1122,395;37,61235046386719;1720,53759765625;1716;
1122,396;38,5847053527832;1712,68994140625;1716;
1122,397;38,33588409423828;1712,68994140625;1716;
1122,398;38,05823516845703;1724,461181640625;1716;
1122,399;38,23117446899414;1722,499267578125;1716;
1122,4;37,70352554321289;1720,53759765625;1716;
1122,401;38,580589294433594;1714,6519775390625;1716;
1122,402;38,324119567871094;1714,6519775390625;1716;
1122,403;37,991764068603516;1726,4228515625;1716;
1122,404;38,23588180541992;1724,461181640625;1716;
1122,405;37,547645568847656;1710,728271484375;1716;
1122,406;38,43058776855469;1710,728271484375;1716;
1122,407;38,0941162109375;1716,61376953125;1716;
1122,408;37,9905891418457;1726,4228515625;1716;
1122,409;38,23529052734375;1724,461181640625;1716;
1122,41;37,61823654174805;1716,61376953125;1716;
1122,411;38,41353225708008;1712,68994140625;1716;
1122,412;38,07823181152344;1718,5755615234375;1716;
1122,413;37,9900016784668;1724,461181640625;1716;
1122,414;38,14882278442383;1724,461181640625;1716;
1122,415;37,53293991088867;1712,68994140625;1716;
1122,416;38,43058776855469;1710,728271484375;1716;
1122,417;38,095882415771484;1718,5755615234375;1716;
1122,418;37,97235107421875;1724,461181640625;1716;
1122,419;38,16646957397461;1720,53759765625;1716;
1122,42;37,55058670043945;1708,766357421875;1716;
1122,421;38,412940979003906;1710,728271484375;1716;
1122,422;38,07823181152344;1718,5755615234375;1716;
1122,423;37,97235107421875;1728,3848876953125;1716;
1122,424;38,14882278442383;1724,461181640625;1716;
1122,425;37,55058670043945;1708,766357421875;1716;
1122,426;38,431175231933594;1710,728271484375;1716;
1122,427;38,095882415771484;1718,5755615234375;1716;
1122,428;37,97235107421875;1726,4228515625;1716;
1122,429;38,16646957397461;1724,461181640625;1716;
1122,43;37,53117752075195;1708,766357421875;1716;
1122,431;38,431175231933594;1710,728271484375;1716;
1122,432;38,07823181152344;1720,53759765625;1716;
1122,433;37,97235107421875;1726,4228515625;1716;
1122,434;38,184120178222656;1724,461181640625;1716;
1122,435;37,54882049560547;1710,728271484375;1716;
1122,436;38,412940979003906;1710,728271484375;1716;
1122,437;38,07823181152344;1716,61376953125;1716;
1122,438;37,9900016784668;1724,461181640625;1716;
1122,439;38,184120178222656;1726,4228515625;1716;
1122,44;37,54882049560547;1710,728271484375;1716;
1122,441;38,412940979003906;1710,728271484375;1716;
1122,442;38,095882415771484;1720,53759765625;1716;
1122,443;37,9900016784668;1728,3848876953125;1716;
1122,444;38,14882278442383;1724,461181640625;1716;
1122,445;37,53117752075195;1710,728271484375;1716;
1122,446;38,43058776855469;1714,6519775390625;1716;
1122,447;38,07823181152344;1720,53759765625;1716;
1122,448;37,9900016784668;1726,4228515625;1716;
1122,449;38,184120178222656;1726,4228515625;1716;
1122,45;37,54882049560547;1708,766357421875;1716;
1122,451;38,412940979003906;1714,6519775390625;1716;
1122,452;38,07823181152344;1720,53759765625;1716;
1122,453;37,97235107421875;1728,3848876953125;1716;
1122,454;38,184120178222656;1722,499267578125;1716;
1122,455;37,54882049560547;1712,68994140625;1716;
1122,456;38,412940979003906;1712,68994140625;1716;
1122,457;38,07823181152344;1718,5755615234375;1716;
1122,458;37,97235107421875;1724,461181640625;1716;
1122,459;38,184120178222656;1714,6519775390625;1716;
1122,46;37,53117752075195;1710,728271484375;1716;
1122,461;38,431175231933594;1718,5755615234375;1716;
1122,462;38,095882415771484;1720,53759765625;1716;
1122,463;37,9900016784668;1724,461181640625;1716;
1122,464;38,16646957397461;1714,6519775390625;1716;
1122,465;37,54882049560547;1712,68994140625;1716;
1122,466;38,43058776855469;1714,6519775390625;1716;
1122,467;38,07823181152344;1720,53759765625;1716;
1122,468;37,97235107421875;1722,499267578125;1716;
1122,469;38,184120178222656;1716,61376953125;1716;
1122,47;37,53117752075195;1714,6519775390625;1716;
1122,471;38,41353225708008;1718,5755615234375;1716;
1122,472;38,095882415771484;1726,4228515625;1716;
1122,473;37,97235107421875;1722,499267578125;1716;
1122,474;38,184120178222656;1716,61376953125;1716;
1122,475;37,54882049560547;1710,728271484375;1716;
1122,476;38,16587829589844;1720,53759765625;1716;
1122,477;38,095882415771484;1724,461181640625;1716;
1122,478;37,97235107421875;1724,461181640625;1716;
1122,479;38,16646957397461;1712,68994140625;1716;
1122,48;37,53117752075195;1708,766357421875;1716;
1122,481;38,15058898925781;1722,499267578125;1716;
1122,482;38,095882415771484;1726,4228515625;1716;
1122,483;37,9900016784668;1722,499267578125;1716;
1122,484;38,16646957397461;1710,728271484375;1716;
1122,485;37,53117752075195;1708,766357421875;1716;
1122,486;38,16587829589844;1722,499267578125;1716;
1122,487;38,095882415771484;1726,4228515625;1716;
1122,488;37,9900016784668;1724,461181640625;1716;
1122,489;38,184120178222656;1706,8046875;1716;
1122,49;37,54882049560547;1710,728271484375;1716;
1122,491;38,16587829589844;1722,499267578125;1716;
1122,492;38,07823181152344;1726,4228515625;1716;
1122,493;37,9900016784668;1724,461181640625;1716;
1122,494;38,184120178222656;1708,766357421875;1716;
1122,495;37,54882049560547;1708,766357421875;1716;
1122,496;38,16587829589844;1722,499267578125;1716;
1122,497;38,095882415771484;1728,3848876953125;1716;
1122,498;37,9900016784668;1724,461181640625;1716;
1122,499;38,184120178222656;1708,766357421875;1716;
1122,5;37,54882049560547;1708,766357421875;1716;
1122,501;38,16587829589844;1720,53759765625;1716;
1122,502;38,078819274902344;1728,3848876953125;1716;
1122,503;38,431175231933594;1724,461181640625;1716;
1122,504;38,184120178222656;1706,8046875;1716;
1122,505;37,55058670043945;1708,766357421875;1716;
1122,506;38,16587829589844;1722,499267578125;1716;
1122,507;38,09646987915039;1728,3848876953125;1716;
1122,508;38,431175231933594;1724,461181640625;1716;
1122,509;38,184120178222656;1708,766357421875;1716;
1122,51;37,54882049560547;1710,728271484375;1716;
1122,511;38,16587829589844;1720,53759765625;1716;
1122,512;38,07823181152344;1728,3848876953125;1716;
1122,513;38,431175231933594;1726,4228515625;1716;
1122,514;38,184120178222656;1708,766357421875;1716;
1122,515;37,54882049560547;1708,766357421875;1716;
1122,516;38,16587829589844;1722,499267578125;1716;
1122,517;38,09646987915039;1728,3848876953125;1716;
1122,518;38,41353225708008;1720,53759765625;1716;
1122,519;38,184120178222656;1710,728271484375;1716;
1122,52;37,54882049560547;1710,728271484375;1716;
1122,521;38,16646957397461;1720,53759765625;1716;
1122,522;38,077056884765625;1724,461181640625;1716;
1122,523;38,41411590576172;1718,5755615234375;1716;
1122,524;38,184120178222656;1710,728271484375;1716;
1122,525;37,54882049560547;1710,728271484375;1716;
1122,526;38,23646926879883;1720,53759765625;1716;
1122,527;38,077056884765625;1724,461181640625;1716;
1122,528;38,519412994384766;1722,499267578125;1716;
1122,529;38,27294158935547;1710,728271484375;1716;
1122,53;37,63705825805664;1716,61376953125;1716;
1122,531;38,14882278442383;1724,461181640625;1716;
1122,532;38,182350158691406;1726,4228515625;1716;
1122,533;38,519412994384766;1718,5755615234375;1716;
1122,534;38,27235412597656;1710,728271484375;1716;
1122,535;37,965877532958984;1718,5755615234375;1716;
1122,536;38,16764831542969;1720,53759765625;1716;
1122,537;37,99293899536133;1722,499267578125;1716;
1122,538;38,429412841796875;1712,68994140625;1716;
1122,539;38,18235397338867;1708,766357421875;1716;
1122,54;37,88235092163086;1718,5755615234375;1716;
1122,541;38,164703369140625;1722,499267578125;1716;
1122,542;38,094120025634766;1726,4228515625;1716;
1122,543;38,429412841796875;1714,6519775390625;1716;
1122,544;38,07646942138672;1706,8046875;1716;
1122,545;37,98823547363281;1720,53759765625;1716;
1122,546;38,164703369140625;1722,499267578125;1716;
1122,547;38,094120025634766;1722,499267578125;1716;
1122,548;38,32353210449219;1710,728271484375;1716;
1122,549;38,18235397338867;1708,766357421875;1716;
1122,55;37,98823547363281;1718,5755615234375;1716;
1122,551;38,164703369140625;1730,3466796875;1716;
1122,552;37,44117736816406;1726,4228515625;1716;
1122,553;38,429412841796875;1708,766357421875;1716;
1122,554;38,18235397338867;1710,728271484375;1716;
1122,555;37,98823547363281;1720,53759765625;1716;
1122,556;38,164703369140625;1726,4228515625;1716;
1122,557;37,44117736816406;1726,4228515625;1716;
1122,558;38,429412841796875;1708,766357421875;1716;
1122,559;38,18235397338867;1706,8046875;1716;
1122,56;37,99058532714844;1720,53759765625;1716;
1122,561;38,05882263183594;1730,3466796875;1716;
1122,562;38,094120025634766;1726,4228515625;1716;
1122,563;38,429412841796875;1710,728271484375;1716;
1122,564;38,18235397338867;1706,8046875;1716;
1122,565;37,98823547363281;1718,5755615234375;1716;
1122,566;38,164703369140625;1728,3848876953125;1716;
1122,567;38,094120025634766;1724,461181640625;1716;
1122,568;38,429412841796875;1706,8046875;1716;
1122,569;38,18235397338867;1706,8046875;1716;
1122,57;37,98823547363281;1720,53759765625;1716;
1122,571;38,164703369140625;1730,3466796875;1716;
1122,572;37,54705810546875;1728,3848876953125;1716;
1122,573;38,32353210449219;1716,61376953125;1716;
1122,574;38,18235397338867;1706,8046875;1716;
1122,575;36,77999496459961;1718,5755615234375;1716;
1122,576;38,22529220581055;1730,3466796875;1716;
1122,577;38,047645568847656;1728,3848876953125;1716;
1122,578;38,393531799316406;1710,728271484375;1716;
1122,579;38,2529411315918;1708,766357421875;1716;
1122,58;38,06940841674805;1720,53759765625;1716;
1122,581;38,24882125854492;1728,3848876953125;1716;
1122,582;37,63117599487305;1724,461181640625;1716;
1122,583;38,510589599609375;1712,68994140625;1716;
1122,584;38,26529312133789;1706,8046875;1716;
1122,585;38,07823181152344;1718,5755615234375;1716;
1122,586;38,14588165283203;1726,4228515625;1716;
1122,587;37,634117126464844;1722,499267578125;1716;
1122,588;38,5158805847168;1710,728271484375;1716;
1122,589;38,262943267822266;1706,8046875;1716;
1122,59;37,961761474609375;1724,461181640625;1716;
1122,591;38,23881912231445;1728,3848876953125;1716;
1122,592;37,61470413208008;1726,4228515625;1716;
1122,593;38,495880126953125;1716,61376953125;1716;
1122,594;38,24764633178711;1708,766357421875;1716;
1122,595;37,94588088989258;1726,4228515625;1716;
1122,596;38,228233337402344;1726,4228515625;1716;
1122,597;37,611175537109375;1722,499267578125;1716;
1122,598;38,4935302734375;1714,6519775390625;1716;
1122,599;38,132938385009766;1714,6519775390625;1716;
1122,6;38,04882049560547;1720,53759765625;1716;
1122,601;38,30881881713867;1726,4228515625;1716;
1122,602;37,70058822631836;1722,499267578125;1716;
1122,603;38,48235321044922;1712,68994140625;1716;
1122,604;38,25529098510742;1710,728271484375;1716;
1122,605;38,15293884277344;1720,53759765625;1716;
1122,606;38,31882095336914;1726,4228515625;1716;
1122,607;37,69529342651367;1712,68994140625;1716;
1122,608;38,57706069946289;1712,68994140625;1716;
1122,609;38,24882125854492;1716,61376953125;1716;
1122,61;38,14764404296875;1720,53759765625;1716;
1122,611;38,22117614746094;1722,499267578125;1716;
1122,612;37,70235061645508;1718,5755615234375;1716;
1122,613;38,594703674316406;1714,6519775390625;1716;
1122,614;38,2529411315918;1716,61376953125;1716;
1122,615;38,04176330566406;1730,3466796875;1716;
1122,616;38,32176208496094;1724,461181640625;1716;
1122,617;37,69999694824219;1714,6519775390625;1716;
1122,618;38,59823226928711;1712,68994140625;1716;
1122,619;38,158233642578125;1718,5755615234375;1716;
1122,62;38,174705505371094;1724,461181640625;1716;
1122,621;38,35588073730469;1724,461181640625;1716;
1122,622;37,73999786376953;1712,68994140625;1716;
1122,623;38,51764678955078;1710,728271484375;1716;
1122,624;38,28940963745117;1718,5755615234375;1716;
1122,625;38,18705749511719;1726,4228515625;1716;
1122,626;38,3505859375;1722,499267578125;1716;
1122,627;37,73293685913086;1712,68994140625;1716;
1122,628;38,61470413208008;1710,728271484375;1716;
1122,629;38,27058792114258;1716,61376953125;1716;
1122,63;38,166465759277344;1728,3848876953125;1716;
1122,631;38,33646774291992;1724,461181640625;1716;
1122,632;37,71058654785156;1708,766357421875;1716;
1122,633;38,58647155761719;1710,728271484375;1716;
1122,634;38,24529266357422;1718,5755615234375;1716;
1122,635;38,147056579589844;1728,3848876953125;1716;
1122,636;38,22999954223633;1724,461181640625;1716;
1122,637;37,70176315307617;1710,728271484375;1716;
1122,638;38,5841178894043;1710,728271484375;1716;
1122,639;38,245880126953125;1718,5755615234375;1716;
1122,64;38,03823471069336;1724,461181640625;1716;
1122,641;38,33588409423828;1728,3848876953125;1716;
1122,642;37,702938079833984;1708,766357421875;1716;
1122,643;38,5841178894043;1710,728271484375;1716;
1122,644;38,25117492675781;1720,53759765625;1716;
1122,645;38,141761779785156;1728,3848876953125;1716;
1122,646;38,338233947753906;1724,461181640625;1716;
1122,647;37,69999694824219;1710,728271484375;1716;
1122,648;38,48117446899414;1714,6519775390625;1716;
1122,649;38,244117736816406;1718,5755615234375;1716;
1122,65;38,14529037475586;1728,3848876953125;1716;
1122,651;38,332942962646484;1726,4228515625;1716;
1122,652;37,70705795288086;1714,6519775390625;1716;
1122,653;38,5841178894043;1710,728271484375;1716;
1122,654;38,249412536621094;1720,53759765625;1716;
1122,655;38,139408111572266;1724,461181640625;1716;
1122,656;38,22882080078125;1712,68994140625;1716;
1122,657;37,70058822631836;1712,68994140625;1716;
1122,658;38,585880279541016;1712,68994140625;1716;
1122,659;38,248233795166016;1720,53759765625;1716;
1122,66;38,03823471069336;1724,461181640625;1716;
1122,661;38,337646484375;1720,53759765625;1716;
1122,662;37,70235061645508;1714,6519775390625;1716;
1122,663;38,5841178894043;1714,6519775390625;1716;
1122,664;38,14529037475586;1722,499267578125;1716;
1122,665;38,14352798461914;1724,461181640625;1716;
1122,666;38,3405876159668;1720,53759765625;1716;
1122,667;37,70235061645508;1712,68994140625;1716;
1122,668;38,21117401123047;1720,53759765625;1716;
1122,669;38,2470588684082;1724,461181640625;1716;
1122,67;38,14293670654297;1724,461181640625;1716;
1122,671;38,337646484375;1716,61376953125;1716;
1122,672;37,59587860107422;1708,766357421875;1716;
1122,673;38,322349548339844;1720,53759765625;1716;
1122,674;38,24764633178711;1720,53759765625;1716;
1122,675;38,0352897644043;1722,499267578125;1716;
1122,676;38,229408264160156;1708,766357421875;1716;
1122,677;37,70058822631836;1712,68994140625;1716;
1122,678;38,31940841674805;1720,53759765625;1716;
1122,679;38,24882125854492;1724,461181640625;1716;
1122,68;38,057647705078125;1726,4228515625;1716;
1122,681;38,3341178894043;1712,68994140625;1716;
1122,682;37,701175689697266;1712,68994140625;1716;
1122,683;38,31999969482422;1722,499267578125;1716;
1122,684;38,24764633178711;1728,3848876953125;1716;
1122,685;38,48411560058594;1724,461181640625;1716;
1122,686;38,25587844848633;1710,728271484375;1716;
1122,687;37,61823654174805;1712,68994140625;1716;
1122,688;38,16587829589844;1724,461181640625;1716;
1122,689;38,0941162109375;1730,3466796875;1716;
1122,69;38,43000030517578;1724,461181640625;1716;
1122,691;38,252349853515625;1708,766357421875;1716;
1122,692;37,619998931884766;1710,728271484375;1716;
1122,693;38,167057037353516;1722,499267578125;1716;
1122,694;38,077056884765625;1730,3466796875;1716;
1122,695;37,97235107421875;1724,461181640625;1716;
1122,696;38,16587829589844;1706,8046875;1716;
1122,697;37,547645568847656;1710,728271484375;1716;
1122,698;38,14882278442383;1724,461181640625;1716;
1122,699;38,07823181152344;1730,3466796875;1716;
1122,7;38,41411590576172;1724,461181640625;1716;
1122,701;38,16587829589844;1710,728271484375;1716;
1122,702;37,529998779296875;1710,728271484375;1716;
1122,703;38,14882278442383;1722,499267578125;1716;
1122,704;38,07823181152344;1728,3848876953125;1716;
1122,705;38,41411590576172;1726,4228515625;1716;
1122,706;38,183528900146484;1708,766357421875;1716;
1122,707;37,529998779296875;1708,766357421875;1716;
1122,708;38,14882278442383;1722,499267578125;1716;
1122,709;38,07823181152344;1730,3466796875;1716;
1122,71;38,4317626953125;1720,53759765625;1716;
1122,711;38,167057037353516;1710,728271484375;1716;
1122,712;37,529998779296875;1710,728271484375;1716;
1122,713;38,14882278442383;1722,499267578125;1716;
1122,714;38,095882415771484;1726,4228515625;1716;
1122,715;38,41411590576172;1724,461181640625;1716;
1122,716;38,16587829589844;1710,728271484375;1716;
1122,717;37,529998779296875;1708,766357421875;1716;
1122,718;38,16646957397461;1724,461181640625;1716;
1122,719;38,07823181152344;1728,3848876953125;1716;
1122,72;38,41411590576172;1722,499267578125;1716;
1122,721;38,167057037353516;1710,728271484375;1716;
1122,722;37,98882293701172;1716,61376953125;1716;
1122,723;38,14882278442383;1724,461181640625;1716;
1122,724;38,07823181152344;1726,4228515625;1716;
1122,725;38,4152946472168;1718,5755615234375;1716;
1122,726;38,183528900146484;1710,728271484375;1716;
1122,727;37,529998779296875;1714,6519775390625;1716;
1122,728;38,14882278442383;1722,499267578125;1716;
1122,729;38,07823181152344;1726,4228515625;1716;
1122,73;38,43294143676758;1710,728271484375;1716;
1122,731;38,16587829589844;1708,766357421875;1716;
1122,732;37,97117614746094;1718,5755615234375;1716;
1122,733;38,14882278442383;1724,461181640625;1716;
1122,734;38,095882415771484;1726,4228515625;1716;
1122,735;38,43294143676758;1708,766357421875;1716;
1122,736;38,16587829589844;1712,68994140625;1716;
1122,737;37,97117614746094;1718,5755615234375;1716;
1122,738;38,16646957397461;1728,3848876953125;1716;
1122,739;38,07823181152344;1724,461181640625;1716;
1122,74;38,41353225708008;1714,6519775390625;1716;
1122,741;38,167057037353516;1710,728271484375;1716;
1122,742;37,97117614746094;1720,53759765625;1716;
1122,743;38,14882278442383;1728,3848876953125;1716;
1122,744;38,07823181152344;1726,4228515625;1716;
1122,745;38,41353225708008;1710,728271484375;1716;
1122,746;38,183528900146484;1706,8046875;1716;
1122,747;37,97117614746094;1720,53759765625;1716;
1122,748;38,14882278442383;1730,3466796875;1716;
1122,749;38,07823181152344;1726,4228515625;1716;
1122,75;38,431175231933594;1714,6519775390625;1716;
1122,751;38,16587829589844;1708,766357421875;1716;
1122,752;37,97117614746094;1722,499267578125;1716;
1122,753;38,14882278442383;1730,3466796875;1716;
1122,754;37,54882049560547;1724,461181640625;1716;
1122,755;38,43294143676758;1712,68994140625;1716;
1122,756;38,16587829589844;1708,766357421875;1716;
1122,757;37,972938537597656;1720,53759765625;1716;
1122,758;38,14882278442383;1728,3848876953125;1716;
1122,759;37,53117752075195;1716,61376953125;1716;
1122,76;38,41353225708008;1712,68994140625;1716;
1122,761;38,16587829589844;1708,766357421875;1716;
1122,762;37,972938537597656;1722,499267578125;1716;
1122,763;38,16646957397461;1726,4228515625;1716;
1122,764;37,53117752075195;1728,3848876953125;1716;
1122,765;38,4152946472168;1712,68994140625;1716;
1122,766;38,1847038269043;1712,68994140625;1716;
1122,767;37,9905891418457;1722,499267578125;1716;
1122,768;38,14882278442383;1728,3848876953125;1716;
1122,769;37,53117752075195;1728,3848876953125;1716;
1122,77;38,4152946472168;1710,728271484375;1716;
1122,771;38,183528900146484;1716,61376953125;1716;
1122,772;37,972938537597656;1722,499267578125;1716;
1122,773;38,14882278442383;1728,3848876953125;1716;
1122,774;37,53117752075195;1726,4228515625;1716;
1122,775;38,43294143676758;1716,61376953125;1716;
1122,776;38,16587829589844;1710,728271484375;1716;
1122,777;37,972938537597656;1720,53759765625;1716;
1122,778;38,14882278442383;1726,4228515625;1716;
1122,779;37,54882049560547;1716,61376953125;1716;
1122,78;38,4152946472168;1714,6519775390625;1716;
1122,781;38,16587829589844;1718,5755615234375;1716;
1122,782;37,99117660522461;1728,3848876953125;1716;
1122,783;38,16646957397461;1724,461181640625;1716;
1122,784;37,547645568847656;1710,728271484375;1716;
1122,785;38,4152946472168;1716,61376953125;1716;
1122,786;38,078819274902344;1718,5755615234375;1716;
1122,787;37,972938537597656;1728,3848876953125;1716;
1122,788;38,16646957397461;1726,4228515625;1716;
1122,789;37,529998779296875;1716,61376953125;1716;
1122,79;38,43294143676758;1712,68994140625;1716;
1122,791;38,078819274902344;1720,53759765625;1716;
1122,792;37,991764068603516;1728,3848876953125;1716;
1122,793;38,14882278442383;1722,499267578125;1716;
1122,794;37,547645568847656;1710,728271484375;1716;
1122,795;38,4152946472168;1712,68994140625;1716;
1122,796;38,07764434814453;1720,53759765625;1716;
1122,797;37,974117279052734;1730,3466796875;1716;
1122,798;38,14882278442383;1726,4228515625;1716;
1122,799;37,529998779296875;1708,766357421875;1716;
1122,8;38,43294143676758;1712,68994140625;1716;
1122,801;38,09529113769531;1722,499267578125;1716;
1122,802;37,972938537597656;1728,3848876953125;1716;
1122,803;38,14882278442383;1724,461181640625;1716;
1122,804;37,53058624267578;1710,728271484375;1716;
1122,805;38,431175231933594;1714,6519775390625;1716;
1122,806;38,07823181152344;1720,53759765625;1716;
1122,807;37,97117614746094;1728,3848876953125;1716;
1122,808;38,185882568359375;1726,4228515625;1716;
1122,809;37,63882064819336;1714,6519775390625;1716;
1122,81;38,41353225708008;1712,68994140625;1716;
1122,811;38,07999801635742;1720,53759765625;1716;
1122,812;37,97235107421875;1728,3848876953125;1716;
1122,813;38,27294158935547;1720,53759765625;1716;
1122,814;37,63705825805664;1712,68994140625;1716;
1122,815;38,519412994384766;1712,68994140625;1716;
1122,816;38,077056884765625;1720,53759765625;1716;
1122,817;38,077056884765625;1724,461181640625;1716;
1122,818;38,16646957397461;1722,499267578125;1716;
1122,819;37,44411849975586;1714,6519775390625;1716;
1122,82;38,326473236083984;1716,61376953125;1716;
1122,821;38,094120025634766;1724,461181640625;1716;
1122,822;37,88235092163086;1726,4228515625;1716;
1122,823;38,07646942138672;1720,53759765625;1716;
1122,824;37,44352722167969;1714,6519775390625;1716;
1122,825;38,164703369140625;1722,499267578125;1716;
1122,826;37,98823547363281;1724,461181640625;1716;
1122,827;37,88235092163086;1724,461181640625;1716;
1122,828;38,07646942138672;1718,5755615234375;1716;
1122,829;37,54705810546875;1712,68994140625;1716;
1122,83;38,164703369140625;1722,499267578125;1716;
1122,831;38,094120025634766;1722,499267578125;1716;
1122,832;37,88235092163086;1722,499267578125;1716;
1122,833;38,18235397338867;1710,728271484375;1716;
1122,834;37,44117736816406;1712,68994140625;1716;
1122,835;38,05882263183594;1722,499267578125;1716;
1122,836;37,98823547363281;1726,4228515625;1716;
1122,837;37,88235092163086;1724,461181640625;1716;
1122,838;38,18235397338867;1708,766357421875;1716;
1122,839;37,44117736816406;1712,68994140625;1716;
1122,84;38,05882263183594;1724,461181640625;1716;
1122,841;37,98823547363281;1728,3848876953125;1716;
1122,842;37,98823547363281;1726,4228515625;1716;
1122,843;38,07646942138672;1710,728271484375;1716;
1122,844;37,44117736816406;1710,728271484375;1716;
1122,845;38,164703369140625;1724,461181640625;1716;
1122,846;38,094120025634766;1730,3466796875;1716;
1122,847;37,88235092163086;1724,461181640625;1716;
1122,848;38,07646942138672;1710,728271484375;1716;
1122,849;37,44117736816406;1710,728271484375;1716;
1122,85;38,05882263183594;1722,499267578125;1716;
1122,851;37,98823547363281;1730,3466796875;1716;
1122,852;37,88235092163086;1728,3848876953125;1716;
1122,853;38,07646942138672;1708,766357421875;1716;
1122,854;37,54705810546875;1710,728271484375;1716;
1122,855;38,05882263183594;1724,461181640625;1716;
1122,856;37,98823547363281;1730,3466796875;1716;
1122,857;37,88235092163086;1726,4228515625;1716;
1122,858;36,953529357910156;1712,68994140625;1716;
1122,859;37,50411605834961;1712,68994140625;1716;
1122,86;38,121177673339844;1722,499267578125;1716;
1122,861;38,16352844238281;1728,3848876953125;1716;
1122,862;38,5;1722,499267578125;1716;
1122,863;38,15764617919922;1710,728271484375;1716;
1122,864;37,5223503112793;1712,68994140625;1716;
1122,865;38,142940521240234;1722,499267578125;1716;
1122,866;38,1782341003418;1726,4228515625;1716;
1122,867;38,40764617919922;1724,461181640625;1716;
1122,868;38,169410705566406;1710,728271484375;1716;
1122,869;37,525291442871094;1714,6519775390625;1716;
1122,87;38,254703521728516;1724,461181640625;1716;
1122,871;38,072349548339844;1728,3848876953125;1716;
1122,872;38,4058837890625;1720,53759765625;1716;
1122,873;38,155879974365234;1710,728271484375;1716;
1122,874;38,060585021972656;1720,53759765625;1716;
1122,875;38,12705993652344;1724,461181640625;1716;
1122,876;38,05470275878906;1726,4228515625;1716;
1122,877;38,48411560058594;1718,5755615234375;1716;
1122,878;38,24588394165039;1710,728271484375;1716;
1122,879;37,50470733642578;1718,5755615234375;1716;
1122,88;38,12294006347656;1724,461181640625;1716;
1122,881;38,05234909057617;1726,4228515625;1716;
1122,882;38,48764419555664;1708,766357421875;1716;
1122,883;38,3282356262207;1710,728271484375;1716;
1122,884;38,132938385009766;1722,499267578125;1716;
1122,885;38,207645416259766;1726,4228515625;1716;
1122,886;38,25529098510742;1728,3848876953125;1716;
1122,887;38,487060546875;1714,6519775390625;1716;
1122,888;38,345882415771484;1708,766357421875;1716;
1122,889;38,15470504760742;1720,53759765625;1716;
1122,89;38,21058654785156;1730,3466796875;1716;
1122,891;38,2435302734375;1730,3466796875;1716;
1122,892;38,5841178894043;1710,728271484375;1716;
1122,893;38,3411750793457;1708,766357421875;1716;
1122,894;38,147056579589844;1722,499267578125;1716;
1122,895;38,32646942138672;1728,3848876953125;1716;
1122,896;38,2564697265625;1728,3848876953125;1716;
1122,897;38,485294342041016;1712,68994140625;1716;
1122,898;38,34529495239258;1708,766357421875;1716;
1122,899;38,04411697387695;1722,499267578125;1716;
1122,9;38,21411895751953;1732,3084716796875;1716;
1122,901;38,155879974365234;1730,3466796875;1716;
1122,902;38,59646987915039;1714,6519775390625;1716;
1122,903;38,263526916503906;1708,766357421875;1716;
1122,904;38,07823181152344;1722,499267578125;1716;
1122,905;38,35823059082031;1728,3848876953125;1716;
1122,906;37,73764419555664;1726,4228515625;1716;
1122,907;38,519412994384766;1714,6519775390625;1716;
1122,908;38,276466369628906;1708,766357421875;1716;
1122,909;38,07411575317383;1722,499267578125;1716;
1122,91;38,35411834716797;1726,4228515625;1716;
1122,911;37,626468658447266;1728,3848876953125;1716;
1122,912;38,609413146972656;1716,61376953125;1716;
1122,913;38,361175537109375;1710,728271484375;1716;
1122,914;38,15646743774414;1722,499267578125;1716;
1122,915;38,222938537597656;1728,3848876953125;1716;
1122,916;37,6035270690918;1726,4228515625;1716;
1122,917;38,478233337402344;1716,61376953125;1716;
1122,918;38,14234924316406;1716,61376953125;1716;
1122,919;38,13999557495117;1722,499267578125;1716;
1122,92;38,21117401123047;1728,3848876953125;1716;
1122,921;37,5941162109375;1722,499267578125;1716;
1122,922;38,585880279541016;1716,61376953125;1716;
1122,923;38,245880126953125;1720,53759765625;1716;
1122,924;38,13823318481445;1722,499267578125;1716;
1122,925;38,31764602661133;1726,4228515625;1716;
1122,926;37,705291748046875;1714,6519775390625;1716;
1122,927;38,478233337402344;1714,6519775390625;1716;
1122,928;38,25235366821289;1718,5755615234375;1716;
1122,929;38,141761779785156;1726,4228515625;1716;
1122,93;38,21706008911133;1726,4228515625;1716;
1122,931;37,69588088989258;1712,68994140625;1716;
1122,932;38,47941207885742;1714,6519775390625;1716;
1122,933;38,250587463378906;1720,53759765625;1716;
1122,934;38,140586853027344;1728,3848876953125;1716;
1122,935;38,31705856323242;1726,4228515625;1716;
1122,936;37,599998474121094;1712,68994140625;1716;
1122,937;38,581764221191406;1714,6519775390625;1716;
1122,938;38,249412536621094;1720,53759765625;1716;
1122,939;38,14234924316406;1732,3084716796875;1716;
1122,94;38,318233489990234;1726,4228515625;1716;
1122,941;37,70470428466797;1712,68994140625;1716;
1122,942;38,5847053527832;1712,68994140625;1716;
1122,943;38,24764633178711;1720,53759765625;1716;
1122,944;38,14352798461914;1732,3084716796875;1716;
1122,945;38,3405876159668;1728,3848876953125;1716;
1122,946;37,59293746948242;1710,728271484375;1716;
1122,947;38,476470947265625;1718,5755615234375;1716;
1122,948;38,2464714050293;1720,53759765625;1716;
1122,949;38,141761779785156;1730,3466796875;1716;
1122,95;38,338233947753906;1726,4228515625;1716;
1122,951;37,70235061645508;1712,68994140625;1716;
1122,952;38,5841178894043;1716,61376953125;1716;
1122,953;38,14352798461914;1720,53759765625;1716;
1122,954;38,140586853027344;1730,3466796875;1716;
1122,955;38,33588409423828;1726,4228515625;1716;
1122,956;37,701175689697266;1714,6519775390625;1716;
1122,957;38,5847053527832;1716,61376953125;1716;
1122,958;38,24882125854492;1722,499267578125;1716;
1122,959;38,14646911621094;1726,4228515625;1716;
1122,96;38,3347053527832;1716,61376953125;1716;
1122,961;37,69999694824219;1716,61376953125;1716;
1122,962;38,58353042602539;1716,61376953125;1716;
1122,963;38,24882125854492;1722,499267578125;1716;
1122,964;38,053531646728516;1724,461181640625;1716;
1122,965;38,33882141113281;1718,5755615234375;1716;
1122,966;37,69999694824219;1714,6519775390625;1716;
1122,967;38,32176208496094;1724,461181640625;1716;
1122,968;38,156471252441406;1728,3848876953125;1716;
1122,969;38,06235122680664;1724,461181640625;1716;
1122,97;38,25293731689453;1716,61376953125;1716;
1122,971;37,617645263671875;1716,61376953125;1716;
1122,972;38,148231506347656;1724,461181640625;1716;
1122,973;38,16411590576172;1726,4228515625;1716;
1122,974;37,970584869384766;1726,4228515625;1716;
1122,975;38,25529098510742;1712,68994140625;1716;
1122,976;37,619998931884766;1714,6519775390625;1716;
1122,977;38,16646957397461;1726,4228515625;1716;
1122,978;38,078819274902344;1728,3848876953125;1716;
1122,979;37,97235107421875;1724,461181640625;1716;
1122,98;38,16646957397461;1712,68994140625;1716;
1122,981;37,55058670043945;1712,68994140625;1716;
1122,982;38,16587829589844;1724,461181640625;1716;
1122,983;38,07823181152344;1732,3084716796875;1716;
1122,984;37,97235107421875;1728,3848876953125;1716;
1122,985;38,16646957397461;1708,766357421875;1716;
1122,986;37,53117752075195;1712,68994140625;1716;
1122,987;38,14882278442383;1726,4228515625;1716;
1122,988;38,07823181152344;1730,3466796875;1716;
1122,989;38,431175231933594;1720,53759765625;1716;
1122,99;38,16646957397461;1710,728271484375;1716;
1122,991;37,53117752075195;1710,728271484375;1716;
1122,992;38,14882278442383;1724,461181640625;1716;
1122,993;38,078819274902344;1732,3084716796875;1716;
1122,994;38,431175231933594;1722,499267578125;1716;
1122,995;38,16646957397461;1712,68994140625;1716;
1122,996;37,53117752075195;1712,68994140625;1716;
1122,997;38,14882278442383;1724,461181640625;1716;
1122,998;38,095882415771484;1728,3848876953125;1716;
1122,999;38,41353225708008;1724,461181640625;1716;
1123;38,16646957397461;1712,68994140625;1716;
1123,001;37,53117752075195;1714,6519775390625;1716;
1123,002;38,16646957397461;1726,4228515625;1716;
1123,003;38,07823181152344;1730,3466796875;1716;
1123,004;38,41353225708008;1714,6519775390625;1716;
1123,005;38,16646957397461;1714,6519775390625;1716;
1123,006;37,9900016784668;1722,499267578125;1716;
1123,007;38,14882278442383;1724,461181640625;1716;
1123,008;38,07823181152344;1728,3848876953125;1716;
1123,009;38,412940979003906;1718,5755615234375;1716;
1123,01;38,184120178222656;1710,728271484375;1716;
1123,011;37,97235107421875;1718,5755615234375;1716;
1123,012;38,14882278442383;1726,4228515625;1716;
1123,013;38,07764434814453;1728,3848876953125;1716;
1123,014;38,412940979003906;1710,728271484375;1716;
1123,015;38,16646957397461;1712,68994140625;1716;
1123,016;37,97235107421875;1724,461181640625;1716;
1123,017;38,14882278442383;1728,3848876953125;1716;
1123,018;38,07764434814453;1728,3848876953125;1716;
1123,019;38,43058776855469;1712,68994140625;1716;
1123,02;38,16646957397461;1710,728271484375;1716;
1123,021;37,97235107421875;1724,461181640625;1716;
1123,022;38,14882278442383;1732,3084716796875;1716;
1123,023;37,54823303222656;1730,3466796875;1716;
1123,024;38,412940979003906;1710,728271484375;1716;
1123,025;38,16646957397461;1710,728271484375;1716;
1123,026;37,97235107421875;1722,499267578125;1716;
1123,027;38,14882278442383;1732,3084716796875;1716;
1123,028;37,53058624267578;1728,3848876953125;1716;
1123,029;38,41353225708008;1712,68994140625;1716;
1123,03;38,16646957397461;1710,728271484375;1716;
1123,031;37,9900016784668;1724,461181640625;1716;
1123,032;38,14882278442383;1732,3084716796875;1716;
1123,033;37,53058624267578;1728,3848876953125;1716;
1123,034;38,41353225708008;1714,6519775390625;1716;
1123,035;38,184120178222656;1712,68994140625;1716;
1123,036;37,97235107421875;1722,499267578125;1716;
1123,037;38,14882278442383;1730,3466796875;1716;
1123,038;37,53176498413086;1730,3466796875;1716;
1123,039;38,412940979003906;1716,61376953125;1716;
1123,04;38,16646957397461;1712,68994140625;1716;
1123,041;37,97235107421875;1724,461181640625;1716;
1123,042;38,14882278442383;1728,3848876953125;1716;
1123,043;37,54823303222656;1718,5755615234375;1716;
1123,044;38,412940979003906;1718,5755615234375;1716;
1123,045;38,16646957397461;1716,61376953125;1716;
1123,046;37,97235107421875;1722,499267578125;1716;
1123,047;38,14882278442383;1724,461181640625;1716;
1123,048;37,53293991088867;1722,499267578125;1716;
1123,049;38,412940979003906;1716,61376953125;1716;
1123,05;38,07823181152344;1718,5755615234375;1716;
1123,051;37,9900016784668;1730,3466796875;1716;
1123,052;38,14882278442383;1726,4228515625;1716;
1123,053;37,53293991088867;1718,5755615234375;1716;
1123,054;38,412940979003906;1716,61376953125;1716;
1123,055;38,095882415771484;1722,499267578125;1716;
1123,056;37,97235107421875;1728,3848876953125;1716;
1123,057;38,14882278442383;1724,461181640625;1716;
1123,058;37,53117752075195;1712,68994140625;1716;
1123,059;38,43058776855469;1714,6519775390625;1716;
1123,06;38,07823181152344;1722,499267578125;1716;
1123,061;37,97235107421875;1730,3466796875;1716;
1123,062;38,14882278442383;1726,4228515625;1716;
1123,063;37,54882049560547;1712,68994140625;1716;
1123,064;38,412940979003906;1714,6519775390625;1716;
1123,065;38,07823181152344;1720,53759765625;1716;
1123,066;37,9900016784668;1730,3466796875;1716;
1123,067;38,16646957397461;1728,3848876953125;1716;
1123,068;37,54882049560547;1712,68994140625;1716;
1123,069;38,412940979003906;1712,68994140625;1716;
1123,07;38,07823181152344;1722,499267578125;1716;
1123,071;37,97235107421875;1730,3466796875;1716;
1123,072;38,16646957397461;1724,461181640625;1716;
1123,073;37,53117752075195;1712,68994140625;1716;
1123,074;38,412940979003906;1714,6519775390625;1716;
1123,075;38,07823181152344;1720,53759765625;1716;
1123,076;37,9900016784668;1726,4228515625;1716;
1123,077;38,16646957397461;1726,4228515625;1716;
1123,078;37,53117752075195;1712,68994140625;1716;
1123,079;38,41353225708008;1714,6519775390625;1716;
1123,08;38,095882415771484;1730,3466796875;1716;
1123,081;37,97235107421875;1728,3848876953125;1716;
1123,082;38,16646957397461;1722,499267578125;1716;
1123,083;37,53117752075195;1716,61376953125;1716;
1123,084;38,16587829589844;1726,4228515625;1716;
1123,085;38,07823181152344;1722,499267578125;1716;
1123,086;37,972938537597656;1724,461181640625;1716;
1123,087;38,16646957397461;1714,6519775390625;1716;
1123,088;37,54882049560547;1712,68994140625;1716;
1123,089;38,15058898925781;1722,499267578125;1716;
1123,09;38,07823181152344;1724,461181640625;1716;
1123,091;37,974117279052734;1726,4228515625;1716;
1123,092;38,27235412597656;1710,728271484375;1716;
1123,093;37,53293991088867;1712,68994140625;1716;
1123,094;38,14882278442383;1724,461181640625;1716;
1123,095;38,07823181152344;1732,3084716796875;1716;
1123,096;38,41353225708008;1724,461181640625;1716;
1123,097;38,16587829589844;1710,728271484375;1716;
1123,098;37,53058624267578;1712,68994140625;1716;
1123,099;38,14882278442383;1726,4228515625;1716;
1123,1;38,07999801635742;1730,3466796875;1716;
1123,101;38,416473388671875;1720,53759765625;1716;
1123,102;38,079410552978516;1710,728271484375;1716;
1123,103;37,44411849975586;1712,68994140625;1716;
1123,104;38,06117630004883;1724,461181640625;1716;
1123,105;38,094120025634766;1730,3466796875;1716;
1123,106;37,88235092163086;1728,3848876953125;1716;
1123,107;38,07646942138672;1708,766357421875;1716;
1123,108;37,44117736816406;1712,68994140625;1716;
1123,109;38,164703369140625;1726,4228515625;1716;
1123,11;37,98823547363281;1732,3084716796875;1716;
1123,111;38,32353210449219;1726,4228515625;1716;
1123,112;38,07646942138672;1710,728271484375;1716;
1123,113;37,54705810546875;1718,5755615234375;1716;
1123,114;38,05882263183594;1724,461181640625;1716;
1123,115;37,98823547363281;1732,3084716796875;1716;
1123,116;38,32353210449219;1726,4228515625;1716;
1123,117;38,18235397338867;1714,6519775390625;1716;
1123,118;37,44117736816406;1710,728271484375;1716;
1123,119;38,05882263183594;1724,461181640625;1716;
1123,12;37,98823547363281;1730,3466796875;1716;
1123,121;38,429412841796875;1720,53759765625;1716;
1123,122;38,07646942138672;1712,68994140625;1716;
1123,123;37,44117736816406;1714,6519775390625;1716;
1123,124;38,05882263183594;1724,461181640625;1716;
1123,125;38,094120025634766;1728,3848876953125;1716;
1123,126;38,32353210449219;1720,53759765625;1716;
1123,127;38,07646942138672;1714,6519775390625;1716;
1123,128;37,88235092163086;1718,5755615234375;1716;
1123,129;38,05882263183594;1728,3848876953125;1716;
1123,13;38,094120025634766;1726,4228515625;1716;
1123,131;38,32353210449219;1714,6519775390625;1716;
1123,132;38,07646942138672;1710,728271484375;1716;
1123,133;37,88235092163086;1720,53759765625;1716;
1123,134;38,164703369140625;1732,3084716796875;1716;
1123,135;37,98823547363281;1728,3848876953125;1716;
1123,136;38,32353210449219;1712,68994140625;1716;
1123,137;38,07646942138672;1712,68994140625;1716;
1123,138;37,98823547363281;1722,499267578125;1716;
1123,139;38,05882263183594;1728,3848876953125;1716;
1123,14;37,98823547363281;1726,4228515625;1716;
1123,141;38,32353210449219;1712,68994140625;1716;
1123,142;38,24529266357422;1710,728271484375;1716;
1123,143;37,94764709472656;1724,461181640625;1716;
1123,144;38,12294006347656;1732,3084716796875;1716;
1123,145;38,06117630004883;1730,3466796875;1716;
1123,146;38,49882125854492;1716,61376953125;1716;
1123,147;38,15764617919922;1710,728271484375;1716;
1123,148;37,966468811035156;1724,461181640625;1716;
1123,149;38,13999938964844;1732,3084716796875;1716;
1123,15;37,5223503112793;1724,461181640625;1716;
1123,151;38,410587310791016;1716,61376953125;1716;
1123,152;38,26647186279297;1710,728271484375;1716;
1123,153;37,96940994262695;1724,461181640625;1716;
1123,154;38,14470291137695;1726,4228515625;1716;
1123,155;37,52411651611328;1724,461181640625;1716;
1123,156;38,401763916015625;1718,5755615234375;1716;
1123,157;38,15176010131836;1708,766357421875;1716;
1123,158;37,95470428466797;1730,3466796875;1716;
1123,159;38,11941146850586;1728,3848876953125;1716;
1123,16;37,50470733642578;1728,3848876953125;1716;
1123,161;38,59823226928711;1716,61376953125;1716;
1123,162;38,14352798461914;1716,61376953125;1716;
1123,163;38,05529022216797;1726,4228515625;1716;
1123,164;38,12294006347656;1728,3848876953125;1716;
1123,165;37,502349853515625;1724,461181640625;1716;
1123,166;38,47294235229492;1716,61376953125;1716;
1123,167;38,23823165893555;1718,5755615234375;1716;
1123,168;38,0294075012207;1722,499267578125;1716;
1123,169;38,21117401123047;1726,4228515625;1716;
1123,17;37,60293960571289;1716,61376953125;1716;
1123,171;38,59529495239258;1714,6519775390625;1716;
1123,172;38,15528869628906;1718,5755615234375;1716;
1123,173;38,03352737426758;1726,4228515625;1716;
1123,174;38,20882034301758;1726,4228515625;1716;
1123,175;37,70176315307617;1710,728271484375;1716;
1123,176;38,47705841064453;1714,6519775390625;1716;
1123,177;38,255882263183594;1722,499267578125;1716;
1123,178;38,03999710083008;1732,3084716796875;1716;
1123,179;38,23823165893555;1718,5755615234375;1716;
1123,18;37,60293960571289;1710,728271484375;1716;
1123,181;38,48235321044922;1712,68994140625;1716;
1123,182;38,14234924316406;1720,53759765625;1716;
1123,183;38,03705596923828;1732,3084716796875;1716;
1123,184;38,338233947753906;1724,461181640625;1716;
1123,185;37,6099967956543;1712,68994140625;1716;
1123,186;38,5094108581543;1714,6519775390625;1716;
1123,187;38,1782341003418;1722,499267578125;1716;
1123,188;38,18587875366211;1730,3466796875;1716;
1123,189;38,262939453125;1726,4228515625;1716;
1123,19;37,63058853149414;1712,68994140625;1716;
1123,191;38,52294158935547;1712,68994140625;1716;
1123,192;38,28823471069336;1722,499267578125;1716;
1123,193;38,074703216552734;1730,3466796875;1716;
1123,194;38,25823211669922;1724,461181640625;1716;
1123,195;37,62176513671875;1716,61376953125;1716;
1123,196;38,60353088378906;1724,461181640625;1716;
1123,197;38,162349700927734;1722,499267578125;1716;
1123,198;38,04470443725586;1726,4228515625;1716;
1123,199;38,23352813720703;1720,53759765625;1716;
1123,2;37,707645416259766;1712,68994140625;1716;
1123,201;38,47529220581055;1718,5755615234375;1716;
1123,202;38,139408111572266;1722,499267578125;1716;
1123,203;38,036468505859375;1726,4228515625;1716;
1123,204;38,228233337402344;1718,5755615234375;1716;
1123,205;37,69823455810547;1714,6519775390625;1716;
1123,206;38,476470947265625;1720,53759765625;1716;
1123,207;38,14470291137695;1728,3848876953125;1716;
1123,208;38,14293670654297;1726,4228515625;1716;
1123,209;38,337059020996094;1708,766357421875;1716;
1123,21;37,59470748901367;1714,6519775390625;1716;
1123,211;38,21529006958008;1726,4228515625;1716;
1123,212;38,13823318481445;1728,3848876953125;1716;
1123,213;38,145877838134766;1726,4228515625;1716;
1123,214;38,22646713256836;1712,68994140625;1716;
1123,215;37,598236083984375;1714,6519775390625;1716;
1123,216;38,207645416259766;1726,4228515625;1716;
1123,217;38,25;1732,3084716796875;1716;
1123,218;38,038818359375;1726,4228515625;1716;
1123,219;38,23529052734375;1708,766357421875;1716;
1123,22;37,592350006103516;1714,6519775390625;1716;
1123,221;38,322349548339844;1726,4228515625;1716;
1123,222;38,14470291137695;1730,3466796875;1716;
1123,223;38,5847053527832;1726,4228515625;1716;
1123,224;38,22999954223633;1710,728271484375;1716;
1123,225;37,70235061645508;1712,68994140625;1716;
1123,226;38,21470260620117;1724,461181640625;1716;
1123,227;38,140586853027344;1732,3084716796875;1716;
1123,228;38,03588104248047;1728,3848876953125;1716;
1123,229;38,33529281616211;1710,728271484375;1716;
1123,23;37,5941162109375;1712,68994140625;1716;
1123,231;38,31940841674805;1724,461181640625;1716;
1123,232;38,14293670654297;1730,3466796875;1716;
1123,233;38,5841178894043;1720,53759765625;1716;
1123,234;38,3411750793457;1714,6519775390625;1716;
1123,235;37,59293746948242;1714,6519775390625;1716;
1123,236;38,21117401123047;1724,461181640625;1716;
1123,237;38,14117431640625;1730,3466796875;1716;
1123,238;38,582942962646484;1716,61376953125;1716;
1123,239;38,337646484375;1714,6519775390625;1716;
1123,24;37,59529113769531;1716,61376953125;1716;
1123,241;38,21294021606445;1724,461181640625;1716;
1123,242;38,2470588684082;1726,4228515625;1716;
1123,243;38,47705841064453;1718,5755615234375;1716;
1123,244;38,230587005615234;1714,6519775390625;1716;
1123,245;37,59587860107422;1718,5755615234375;1716;
1123,246;38,320587158203125;1730,3466796875;1716;
1123,247;38,14293670654297;1728,3848876953125;1716;
1123,248;38,48117446899414;1714,6519775390625;1716;
1123,249;38,22705841064453;1712,68994140625;1716;
1123,25;38,14646911621094;1724,461181640625;1716;
1123,251;38,21058654785156;1728,3848876953125;1716;
1123,252;38,135292053222656;1726,4228515625;1716;
1123,253;38,41411590576172;1714,6519775390625;1716;
1123,254;38,164703369140625;1710,728271484375;1716;
1123,255;37,970584869384766;1722,499267578125;1716;
1123,256;38,147647857666016;1730,3466796875;1716;
1123,257;38,077056884765625;1730,3466796875;1716;
1123,258;38,49940872192383;1710,728271484375;1716;
1123,259;38,16411590576172;1710,728271484375;1716;
1123,26;37,970584869384766;1724,461181640625;1716;
1123,261;38,15058898925781;1730,3466796875;1716;
1123,262;37,53117752075195;1728,3848876953125;1716;
1123,263;38,4152946472168;1712,68994140625;1716;
1123,264;38,16587829589844;1710,728271484375;1716;
1123,265;37,972938537597656;1722,499267578125;1716;
1123,266;38,14882278442383;1730,3466796875;1716;
1123,267;38,07823181152344;1732,3084716796875;1716;
1123,268;38,4152946472168;1712,68994140625;1716;
1123,269;38,16587829589844;1708,766357421875;1716;
1123,27;37,972938537597656;1730,3466796875;1716;
1123,271;38,14882278442383;1730,3466796875;1716;
1123,272;37,53117752075195;1730,3466796875;1716;
1123,273;38,4152946472168;1714,6519775390625;1716;
1123,274;38,07764434814453;1722,499267578125;1716;
1123,275;37,972938537597656;1724,461181640625;1716;
1123,276;38,14882278442383;1728,3848876953125;1716;
1123,277;37,53117752075195;1726,4228515625;1716;
1123,278;38,4152946472168;1718,5755615234375;1716;
1123,279;38,16587829589844;1712,68994140625;1716;
1123,28;37,972938537597656;1724,461181640625;1716;
1123,281;38,14882278442383;1728,3848876953125;1716;
1123,282;37,53117752075195;1722,499267578125;1716;
1123,283;38,4152946472168;1716,61376953125;1716;
1123,284;38,078819274902344;1718,5755615234375;1716;
1123,285;37,972938537597656;1726,4228515625;1716;
1123,286;38,14882278442383;1728,3848876953125;1716;
1123,287;37,547645568847656;1712,68994140625;1716;
1123,288;38,4152946472168;1714,6519775390625;1716;
1123,289;38,167057037353516;1720,53759765625;1716;
1123,29;37,974117279052734;1726,4228515625;1716;
1123,291;38,14882278442383;1724,461181640625;1716;
1123,292;37,529998779296875;1712,68994140625;1716;
1123,293;38,4152946472168;1714,6519775390625;1716;
1123,294;38,07764434814453;1720,53759765625;1716;
1123,295;37,972938537597656;1732,3084716796875;1716;
1123,296;38,14882278442383;1728,3848876953125;1716;
1123,297;37,529998779296875;1712,68994140625;1716;
1123,298;38,4152946472168;1714,6519775390625;1716;
1123,299;38,07764434814453;1720,53759765625;1716;
1123,3;37,972938537597656;1730,3466796875;1716;
1123,301;38,14882278442383;1726,4228515625;1716;
1123,302;37,529998779296875;1710,728271484375;1716;
1123,303;38,41353225708008;1712,68994140625;1716;
1123,304;38,077056884765625;1726,4228515625;1716;
1123,305;37,972938537597656;1732,3084716796875;1716;
1123,306;38,14882278442383;1726,4228515625;1716;
1123,307;37,529998779296875;1712,68994140625;1716;
1123,308;38,4152946472168;1714,6519775390625;1716;
1123,309;38,077056884765625;1722,499267578125;1716;
1123,31;37,972938537597656;1730,3466796875;1716;
1123,311;38,16646957397461;1728,3848876953125;1716;
1123,312;37,53117752075195;1712,68994140625;1716;
1123,313;38,4152946472168;1718,5755615234375;1716;
1123,314;38,07823181152344;1720,53759765625;1716;
1123,315;37,974117279052734;1730,3466796875;1716;
1123,316;38,16646957397461;1724,461181640625;1716;
1123,317;37,53117752075195;1716,61376953125;1716;
1123,318;38,4152946472168;1718,5755615234375;1716;
1123,319;38,07823181152344;1722,499267578125;1716;
1123,32;37,972938537597656;1726,4228515625;1716;
1123,321;38,16646957397461;1716,61376953125;1716;
1123,322;37,529998779296875;1714,6519775390625;1716;
1123,323;38,4152946472168;1720,53759765625;1716;
1123,324;38,07823181152344;1726,4228515625;1716;
1123,325;37,972938537597656;1726,4228515625;1716;
1123,326;38,167057037353516;1718,5755615234375;1716;
1123,327;37,529998779296875;1716,61376953125;1716;
1123,328;38,4152946472168;1722,499267578125;1716;
1123,329;38,07823181152344;1732,3084716796875;1716;
1123,33;37,972938537597656;1726,4228515625;1716;
1123,331;38,16587829589844;1714,6519775390625;1716;
1123,332;37,529998779296875;1714,6519775390625;1716;
1123,333;38,15058898925781;1726,4228515625;1716;
1123,334;38,07823181152344;1728,3848876953125;1716;
1123,335;37,972938537597656;1726,4228515625;1716;
1123,336;38,167057037353516;1712,68994140625;1716;
1123,337;37,529998779296875;1710,728271484375;1716;
1123,338;38,15058898925781;1722,499267578125;1716;
1123,339;38,077056884765625;1734,2705078125;1716;
1123,34;37,972938537597656;1726,4228515625;1716;
1123,341;38,167057037353516;1710,728271484375;1716;
1123,342;37,529998779296875;1712,68994140625;1716;
1123,343;38,14882278442383;1726,4228515625;1716;
1123,344;38,07823181152344;1732,3084716796875;1716;
1123,345;38,41411590576172;1726,4228515625;1716;
1123,346;38,16587829589844;1710,728271484375;1716;
1123,347;37,529998779296875;1710,728271484375;1716;
1123,348;38,14882278442383;1724,461181640625;1716;
1123,349;38,07823181152344;1730,3466796875;1716;
1123,35;38,41411590576172;1724,461181640625;1716;
1123,351;38,16587829589844;1710,728271484375;1716;
1123,352;37,529998779296875;1710,728271484375;1716;
1123,353;38,14882278442383;1732,3084716796875;1716;
1123,354;38,07823181152344;1730,3466796875;1716;
1123,355;38,41411590576172;1724,461181640625;1716;
1123,356;38,16587829589844;1712,68994140625;1716;
1123,357;37,529998779296875;1714,6519775390625;1716;
1123,358;38,14882278442383;1724,461181640625;1716;
1123,359;38,07823181152344;1730,3466796875;1716;
1123,36;38,41411590576172;1722,499267578125;1716;
1123,361;38,167057037353516;1714,6519775390625;1716;
1123,362;37,529998779296875;1722,499267578125;1716;
1123,363;38,14882278442383;1724,461181640625;1716;
1123,364;38,07823181152344;1728,3848876953125;1716;
1123,365;38,4152946472168;1718,5755615234375;1716;
1123,366;38,1847038269043;1712,68994140625;1716;
1123,367;37,529998779296875;1718,5755615234375;1716;
1123,368;38,14882278442383;1726,4228515625;1716;
1123,369;38,07823181152344;1728,3848876953125;1716;
1123,37;38,431175231933594;1712,68994140625;1716;
1123,371;38,16646957397461;1712,68994140625;1716;
1123,372;37,974117279052734;1722,499267578125;1716;
1123,373;38,148231506347656;1728,3848876953125;1716;
1123,374;38,07764434814453;1728,3848876953125;1716;
1123,375;38,412940979003906;1714,6519775390625;1716;
1123,376;38,16646957397461;1710,728271484375;1716;
1123,377;37,97235107421875;1720,53759765625;1716;
1123,378;38,254703521728516;1732,3084716796875;1716;
1123,379;38,07823181152344;1730,3466796875;1716;
1123,38;38,41353225708008;1710,728271484375;1716;
1123,381;38,167057037353516;1710,728271484375;1716;
1123,382;37,970584869384766;1724,461181640625;1716;
1123,383;38,254703521728516;1728,3848876953125;1716;
1123,384;37,528236389160156;1728,3848876953125;1716;
1123,385;38,40999984741211;1710,728271484375;1716;
1123,386;38,079410552978516;1708,766357421875;1716;
1123,387;37,88764572143555;1726,4228515625;1716;
1123,388;38,05882263183594;1732,3084716796875;1716;
1123,389;37,44117736816406;1732,3084716796875;1716;
1123,39;38,32588195800781;1712,68994140625;1716;
1123,391;38,07646942138672;1710,728271484375;1716;
1123,392;37,98823547363281;1724,461181640625;1716;
1123,393;38,05882263183594;1730,3466796875;1716;
1123,394;37,44117736816406;1724,461181640625;1716;
1123,395;38,32353210449219;1714,6519775390625;1716;
1123,396;38,18235397338867;1712,68994140625;1716;
1123,397;37,88235092163086;1722,499267578125;1716;
1123,398;38,05882263183594;1726,4228515625;1716;
1123,399;37,44117736816406;1720,53759765625;1716;
1123,4;38,429412841796875;1718,5755615234375;1716;
1123,401;38,07646942138672;1712,68994140625;1716;
1123,402;37,88235092163086;1722,499267578125;1716;
1123,403;38,05882263183594;1728,3848876953125;1716;
1123,404;37,44117736816406;1718,5755615234375;1716;
1123,405;38,32353210449219;1716,61376953125;1716;
1123,406;37,98823547363281;1714,6519775390625;1716;
1123,407;37,88235092163086;1724,461181640625;1716;
1123,408;38,05882263183594;1728,3848876953125;1716;
1123,409;37,54705810546875;1712,68994140625;1716;
1123,41;38,32353210449219;1718,5755615234375;1716;
1123,411;37,98823547363281;1720,53759765625;1716;
1123,412;37,88235092163086;1726,4228515625;1716;
1123,413;38,164703369140625;1726,4228515625;1716;
1123,414;37,44117736816406;1716,61376953125;1716;
1123,415;38,32353210449219;1714,6519775390625;1716;
1123,416;37,98823547363281;1722,499267578125;1716;
1123,417;37,98823547363281;1732,3084716796875;1716;
1123,418;38,05882263183594;1726,4228515625;1716;
1123,419;37,44117736816406;1712,68994140625;1716;
1123,42;38,32353210449219;1714,6519775390625;1716;
1123,421;38,094120025634766;1720,53759765625;1716;
1123,422;37,88235092163086;1732,3084716796875;1716;
1123,423;38,05882263183594;1726,4228515625;1716;
1123,424;37,44117736816406;1712,68994140625;1716;
1123,425;37,20647048950195;1714,6519775390625;1716;
1123,426;38,03058624267578;1722,499267578125;1716;
1123,427;37,938819885253906;1732,3084716796875;1716;
1123,428;38,14293670654297;1726,4228515625;1716;
1123,429;37,617645263671875;1714,6519775390625;1716;
1123,43;38,401763916015625;1716,61376953125;1716;
1123,431;38,072349548339844;1720,53759765625;1716;
1123,432;37,96940994262695;1730,3466796875;1716;
1123,433;38,15764617919922;1724,461181640625;1716;
1123,434;37,52176284790039;1714,6519775390625;1716;
1123,435;38,410587310791016;1718,5755615234375;1716;
1123,436;38,07529067993164;1722,499267578125;1716;
1123,437;37,96705627441406;1730,3466796875;1716;
1123,438;38,160587310791016;1708,766357421875;1716;
1123,439;37,521175384521484;1714,6519775390625;1716;
1123,44;38,3994140625;1718,5755615234375;1716;
1123,441;38,06175994873047;1720,53759765625;1716;
1123,442;38,055877685546875;1726,4228515625;1716;
1123,443;38,13999938964844;1722,499267578125;1716;
1123,444;37,5064697265625;1714,6519775390625;1716;
1123,445;38,228233337402344;1722,499267578125;1716;
1123,446;38,158233642578125;1732,3084716796875;1716;
1123,447;37,946468353271484;1726,4228515625;1716;
1123,448;38,13999938964844;1718,5755615234375;1716;
1123,449;37,587646484375;1716,61376953125;1716;
1123,45;38,20235061645508;1724,461181640625;1716;
1123,451;38,130584716796875;1726,4228515625;1716;
1123,452;38,0352897644043;1724,461181640625;1716;
1123,453;38,23646926879883;1714,6519775390625;1716;
1123,454;37,5976448059082;1712,68994140625;1716;
1123,455;38,3341178894043;1726,4228515625;1716;
1123,456;38,145877838134766;1728,3848876953125;1716;
1123,457;38,029998779296875;1726,4228515625;1716;
1123,458;38,22882080078125;1712,68994140625;1716;
1123,459;37,59529113769531;1712,68994140625;1716;
1123,46;38,21706008911133;1724,461181640625;1716;
1123,461;38,14764404296875;1732,3084716796875;1716;
1123,462;38,03705596923828;1726,4228515625;1716;
1123,463;38,239410400390625;1708,766357421875;1716;
1123,464;37,60293960571289;1712,68994140625;1716;
1123,465;38,20411682128906;1726,4228515625;1716;
1123,466;38,14234924316406;1730,3466796875;1716;
1123,467;38,5847053527832;1726,4228515625;1716;
1123,468;38,24235153198242;1710,728271484375;1716;
1123,469;37,61882019042969;1712,68994140625;1716;
1123,47;38,244117736816406;1724,461181640625;1716;
1123,471;38,17940902709961;1730,3466796875;1716;
1123,472;38,514705657958984;1728,3848876953125;1716;
1123,473;38,2694091796875;1708,766357421875;1716;
1123,474;37,63587951660156;1710,728271484375;1716;
1123,475;38,252349853515625;1724,461181640625;1716;
1123,476;38,17881774902344;1732,3084716796875;1716;
1123,477;38,47999954223633;1722,499267578125;1716;
1123,478;38,25587844848633;1712,68994140625;1716;
1123,479;38,16764450073242;1716,61376953125;1716;
1123,48;38,23352813720703;1724,461181640625;1716;
1123,481;38,15764617919922;1728,3848876953125;1716;
1123,482;38,48588180541992;1716,61376953125;1716;
1123,483;38,3405876159668;1712,68994140625;1716;
1123,484;37,59293746948242;1714,6519775390625;1716;
1123,485;38,216468811035156;1726,4228515625;1716;
1123,486;38,14646911621094;1728,3848876953125;1716;
1123,487;38,58647155761719;1716,61376953125;1716;
1123,488;38,22587966918945;1712,68994140625;1716;
1123,489;38,03588104248047;1718,5755615234375;1716;
1123,49;38,21352767944336;1726,4228515625;1716;
1123,491;38,14646911621094;1728,3848876953125;1716;
1123,492;38,5841178894043;1710,728271484375;1716;
1123,493;38,235877990722656;1708,766357421875;1716;
1123,494;38,03588104248047;1722,499267578125;1716;
1123,495;38,21470260620117;1730,3466796875;1716;
1123,496;38,2464714050293;1728,3848876953125;1716;
1123,497;38,48176574707031;1714,6519775390625;1716;
1123,498;38,230587005615234;1712,68994140625;1716;
1123,499;38,034706115722656;1722,499267578125;1716;
1123,5;38,21588134765625;1730,3466796875;1716;
1123,501;38,140586853027344;1728,3848876953125;1716;
1123,502;38,47352981567383;1708,766357421875;1716;
1123,503;38,23117446899414;1708,766357421875;1716;
1123,504;38,139408111572266;1722,499267578125;1716;
1123,505;38,21352767944336;1730,3466796875;1716;
1123,506;38,13823318481445;1728,3848876953125;1716;
1123,507;38,47529220581055;1714,6519775390625;1716;
1123,508;38,14234924316406;1720,53759765625;1716;
1123,509;38,0352897644043;1724,461181640625;1716;
1123,51;38,21117401123047;1730,3466796875;1716;
1123,511;37,59587860107422;1730,3466796875;1716;
1123,512;38,58353042602539;1714,6519775390625;1716;
1123,513;38,23529052734375;1708,766357421875;1716;
1123,514;38,0352897644043;1722,499267578125;1716;
1123,515;38,21352767944336;1732,3084716796875;1716;
1123,516;37,70058822631836;1728,3848876953125;1716;
1123,517;38,47705841064453;1714,6519775390625;1716;
1123,518;38,23117446899414;1708,766357421875;1716;
1123,519;38,036468505859375;1724,461181640625;1716;
1123,52;38,216468811035156;1728,3848876953125;1716;
1123,521;37,5941162109375;1728,3848876953125;1716;
1123,522;38,47764587402344;1716,61376953125;1716;
1123,523;38,230587005615234;1710,728271484375;1716;
1123,524;38,041175842285156;1720,53759765625;1716;
1123,525;38,31940841674805;1724,461181640625;1716;
1123,526;37,5941162109375;1726,4228515625;1716;
1123,527;38,4835319519043;1716,61376953125;1716;
1123,528;38,229408264160156;1712,68994140625;1716;
1123,529;38,034706115722656;1726,4228515625;1716;
1123,53;38,211761474609375;1726,4228515625;1716;
1123,531;37,598819732666016;1714,6519775390625;1716;
1123,532;38,47941207885742;1716,61376953125;1716;
1123,533;38,25529098510742;1720,53759765625;1716;
1123,534;38,0323486328125;1722,499267578125;1716;
1123,535;38,20235061645508;1726,4228515625;1716;
1123,536;37,53293991088867;1720,53759765625;1716;
1123,537;38,41411590576172;1714,6519775390625;1716;
1123,538;38,07587814331055;1718,5755615234375;1716;
1123,539;37,96999740600586;1726,4228515625;1716;
1123,54;38,147647857666016;1726,4228515625;1716;
1123,541;37,61823654174805;1712,68994140625;1716;
1123,542;38,412353515625;1714,6519775390625;1716;
1123,543;38,077056884765625;1720,53759765625;1716;
1123,544;37,972938537597656;1730,3466796875;1716;
1123,545;38,16529083251953;1722,499267578125;1716;
1123,546;37,53117752075195;1710,728271484375;1716;
1123,547;38,412940979003906;1714,6519775390625;1716;
1123,548;38,07823181152344;1720,53759765625;1716;
1123,549;37,97235107421875;1732,3084716796875;1716;
1123,55;38,16646957397461;1724,461181640625;1716;
1123,551;37,53117752075195;1712,68994140625;1716;
1123,552;38,412940979003906;1712,68994140625;1716;
1123,553;38,07823181152344;1718,5755615234375;1716;
1123,554;37,97235107421875;1730,3466796875;1716;
1123,555;38,16646957397461;1728,3848876953125;1716;
1123,556;37,53117752075195;1712,68994140625;1716;
1123,557;38,412940979003906;1712,68994140625;1716;
1123,558;38,07823181152344;1722,499267578125;1716;
1123,559;37,97235107421875;1730,3466796875;1716;
1123,56;38,16646957397461;1726,4228515625;1716;
1123,561;37,53117752075195;1712,68994140625;1716;
1123,562;38,412940979003906;1716,61376953125;1716;
1123,563;38,07823181152344;1720,53759765625;1716;
1123,564;37,97235107421875;1730,3466796875;1716;
1123,565;38,16646957397461;1720,53759765625;1716;
1123,566;37,53117752075195;1714,6519775390625;1716;
1123,567;38,412940979003906;1712,68994140625;1716;
1123,568;38,07823181152344;1722,499267578125;1716;
1123,569;37,97235107421875;1728,3848876953125;1716;
1123,57;38,16646957397461;1716,61376953125;1716;
1123,571;37,53117752075195;1716,61376953125;1716;
1123,572;38,412940979003906;1722,499267578125;1716;
1123,573;38,07823181152344;1724,461181640625;1716;
1123,574;37,97235107421875;1726,4228515625;1716;
1123,575;38,16646957397461;1712,68994140625;1716;
1123,576;37,53117752075195;1716,61376953125;1716;
1123,577;38,148231506347656;1718,5755615234375;1716;
1123,578;38,07823181152344;1724,461181640625;1716;
1123,579;37,97235107421875;1726,4228515625;1716;
1123,58;38,16646957397461;1716,61376953125;1716;
1123,581;37,53293991088867;1712,68994140625;1716;
1123,582;38,148231506347656;1722,499267578125;1716;
1123,583;38,078819274902344;1732,3084716796875;1716;
1123,584;37,97235107421875;1726,4228515625;1716;
1123,585;38,16646957397461;1708,766357421875;1716;
1123,586;37,53117752075195;1710,728271484375;1716;
1123,587;38,148231506347656;1724,461181640625;1716;
1123,588;38,07823181152344;1730,3466796875;1716;
1123,589;37,97235107421875;1726,4228515625;1716;
1123,59;38,16646957397461;1708,766357421875;1716;
1123,591;37,53117752075195;1710,728271484375;1716;
1123,592;38,14882278442383;1722,499267578125;1716;
1123,593;38,078819274902344;1732,3084716796875;1716;
1123,594;37,97235107421875;1728,3848876953125;1716;
1123,595;38,16646957397461;1710,728271484375;1716;
1123,596;37,53117752075195;1710,728271484375;1716;
1123,597;38,14882278442383;1724,461181640625;1716;
1123,598;38,078819274902344;1730,3466796875;1716;
1123,599;38,41353225708008;1712,68994140625;1716;
1123,6;38,16646957397461;1712,68994140625;1716;
1123,601;37,53117752075195;1712,68994140625;1716;
1123,602;38,14882278442383;1726,4228515625;1716;
1123,603;38,078819274902344;1730,3466796875;1716;
1123,604;38,41353225708008;1716,61376953125;1716;
1123,605;38,16646957397461;1710,728271484375;1716;
1123,606;37,53117752075195;1714,6519775390625;1716;
1123,607;38,14882278442383;1722,499267578125;1716;
1123,608;38,07823181152344;1728,3848876953125;1716;
1123,609;38,41353225708008;1726,4228515625;1716;
1123,61;38,16646957397461;1714,6519775390625;1716;
1123,611;37,53117752075195;1716,61376953125;1716;
1123,612;38,14882278442383;1726,4228515625;1716;
1123,613;38,078819274902344;1728,3848876953125;1716;
1123,614;38,412940979003906;1722,499267578125;1716;
1123,615;38,16646957397461;1714,6519775390625;1716;
1123,616;37,97235107421875;1722,499267578125;1716;
1123,617;38,14882278442383;1722,499267578125;1716;
1123,618;38,07764434814453;1728,3848876953125;1716;
1123,619;38,412940979003906;1720,53759765625;1716;
1123,62;38,16646957397461;1712,68994140625;1716;
1123,621;37,97235107421875;1718,5755615234375;1716;
1123,622;38,14882278442383;1726,4228515625;1716;
1123,623;38,07764434814453;1728,3848876953125;1716;
1123,624;38,412940979003906;1710,728271484375;1716;
1123,625;38,16646957397461;1712,68994140625;1716;
1123,626;37,97235107421875;1722,499267578125;1716;
1123,627;38,14882278442383;1726,4228515625;1716;
1123,628;38,07764434814453;1728,3848876953125;1716;
1123,629;38,412940979003906;1714,6519775390625;1716;
1123,63;38,16646957397461;1708,766357421875;1716;
1123,631;37,97235107421875;1722,499267578125;1716;
1123,632;38,14882278442383;1730,3466796875;1716;
1123,633;37,53058624267578;1730,3466796875;1716;
1123,634;38,41353225708008;1712,68994140625;1716;
1123,635;38,16646957397461;1706,8046875;1716;
1123,636;37,97235107421875;1720,53759765625;1716;
1123,637;38,14882278442383;1732,3084716796875;1716;
1123,638;38,07764434814453;1728,3848876953125;1716;
1123,639;38,41353225708008;1710,728271484375;1716;
1123,64;38,16646957397461;1708,766357421875;1716;
1123,641;37,97235107421875;1722,499267578125;1716;
1123,642;38,14882278442383;1732,3084716796875;1716;
1123,643;37,53176498413086;1728,3848876953125;1716;
1123,644;38,412940979003906;1716,61376953125;1716;
1123,645;38,16646957397461;1710,728271484375;1716;
1123,646;37,97235107421875;1720,53759765625;1716;
1123,647;38,14882278442383;1732,3084716796875;1716;
1123,648;37,53058624267578;1720,53759765625;1716;
1123,649;38,412940979003906;1712,68994140625;1716;
1123,65;38,16646957397461;1706,8046875;1716;
1123,651;37,97235107421875;1722,499267578125;1716;
1123,652;38,14882278442383;1726,4228515625;1716;
1123,653;37,53058624267578;1722,499267578125;1716;
1123,654;38,41411590576172;1716,61376953125;1716;
1123,655;38,16529083251953;1716,61376953125;1716;
1123,656;37,974117279052734;1728,3848876953125;1716;
1123,657;38,14882278442383;1726,4228515625;1716;
1123,658;37,53176498413086;1726,4228515625;1716;
1123,659;38,41353225708008;1716,61376953125;1716;
1123,66;38,078819274902344;1720,53759765625;1716;
1123,661;37,974117279052734;1728,3848876953125;1716;
1123,662;38,14882278442383;1726,4228515625;1716;
1123,663;37,53058624267578;1716,61376953125;1716;
1123,664;38,41353225708008;1714,6519775390625;1716;
1123,665;38,07764434814453;1720,53759765625;1716;
1123,666;37,97235107421875;1730,3466796875;1716;
1123,667;38,14588165283203;1724,461181640625;1716;
1123,668;37,52647018432617;1712,68994140625;1716;
1123,669;38,326473236083984;1712,68994140625;1716;
1123,67;37,99117660522461;1720,53759765625;1716;
1123,671;37,88235092163086;1732,3084716796875;1716;
1123,672;38,05882263183594;1726,4228515625;1716;
1123,673;37,44117736816406;1712,68994140625;1716;
1123,674;38,32353210449219;1714,6519775390625;1716;
1123,675;37,98823547363281;1720,53759765625;1716;
1123,676;37,88235092163086;1732,3084716796875;1716;
1123,677;38,07646942138672;1726,4228515625;1716;
1123,678;37,44117736816406;1710,728271484375;1716;
1123,679;38,32353210449219;1712,68994140625;1716;
1123,68;37,98823547363281;1720,53759765625;1716;
1123,681;37,88235092163086;1728,3848876953125;1716;
1123,682;38,078819274902344;1726,4228515625;1716;
1123,683;37,44117736816406;1712,68994140625;1716;
1123,684;38,32353210449219;1712,68994140625;1716;
1123,685;37,98823547363281;1720,53759765625;1716;
1123,686;37,88235092163086;1728,3848876953125;1716;
1123,687;38,07646942138672;1726,4228515625;1716;
1123,688;37,44117736816406;1712,68994140625;1716;
1123,689;38,32353210449219;1720,53759765625;1716;
1123,69;37,98823547363281;1724,461181640625;1716;
1123,691;37,88235092163086;1728,3848876953125;1716;
1123,692;38,07646942138672;1722,499267578125;1716;
1123,693;37,44117736816406;1716,61376953125;1716;
1123,694;38,32353210449219;1718,5755615234375;1716;
1123,695;37,98823547363281;1722,499267578125;1716;
1123,696;37,88235092163086;1726,4228515625;1716;
1123,697;38,07646942138672;1718,5755615234375;1716;
1123,698;37,44352722167969;1714,6519775390625;1716;
1123,699;38,05882263183594;1726,4228515625;1716;
1123,7;37,98823547363281;1724,461181640625;1716;
1123,701;37,88235092163086;1724,461181640625;1716;
1123,702;38,07646942138672;1710,728271484375;1716;
1123,703;37,44117736816406;1714,6519775390625;1716;
1123,704;38,05882263183594;1722,499267578125;1716;
1123,705;37,98823547363281;1728,3848876953125;1716;
1123,706;37,88235092163086;1728,3848876953125;1716;
1123,707;38,07646942138672;1710,728271484375;1716;
1123,708;36,21470260620117;1714,6519775390625;1716;
1123,709;38,121761322021484;1726,4228515625;1716;
1123,71;38,05058670043945;1732,3084716796875;1716;
1123,711;37,95176315307617;1726,4228515625;1716;
1123,712;38,147056579589844;1710,728271484375;1716;
1123,713;37,5223503112793;1710,728271484375;1716;
1123,714;38,13999938964844;1722,499267578125;1716;
1123,715;38,072349548339844;1730,3466796875;1716;
1123,716;37,966468811035156;1728,3848876953125;1716;
1123,717;38,160587310791016;1708,766357421875;1716;
1123,718;37,53117752075195;1714,6519775390625;1716;
1123,719;38,142940521240234;1724,461181640625;1716;
1123,72;38,07823181152344;1730,3466796875;1716;
1123,721;37,966468811035156;1726,4228515625;1716;
1123,722;38,15882110595703;1712,68994140625;1716;
1123,723;37,52058792114258;1710,728271484375;1716;
1123,724;38,132938385009766;1726,4228515625;1716;
1123,725;38,05646896362305;1732,3084716796875;1716;
1123,726;38,38999938964844;1728,3848876953125;1716;
1123,727;38,141761779785156;1712,68994140625;1716;
1123,728;37,50470733642578;1710,728271484375;1716;
1123,729;38,122352600097656;1722,499267578125;1716;
1123,73;38,05234909057617;1730,3466796875;1716;
1123,731;38,38764572143555;1720,53759765625;1716;
1123,732;38,21881866455078;1712,68994140625;1716;
1123,733;37,58646774291992;1712,68994140625;1716;
1123,734;38,202938079833984;1724,461181640625;1716;
1123,735;38,139408111572266;1728,3848876953125;1716;
1123,736;38,48176574707031;1720,53759765625;1716;
1123,737;38,239410400390625;1714,6519775390625;1716;
1123,738;37,60176467895508;1716,61376953125;1716;
1123,739;38,22117614746094;1728,3848876953125;1716;
1123,74;38,14117431640625;1728,3848876953125;1716;
1123,741;38,474117279052734;1718,5755615234375;1716;
1123,742;38,23117446899414;1712,68994140625;1716;
1123,743;38,03705596923828;1722,499267578125;1716;
1123,744;38,21352767944336;1726,4228515625;1716;
1123,745;38,14529037475586;1728,3848876953125;1716;
1123,746;38,4835319519043;1720,53759765625;1716;
1123,747;38,23823165893555;1712,68994140625;1716;
1123,748;38,04352569580078;1718,5755615234375;1716;
1123,749;38,21588134765625;1722,499267578125;1716;
1123,75;38,140586853027344;1726,4228515625;1716;
1123,751;38,48941421508789;1710,728271484375;1716;
1123,752;38,24235153198242;1708,766357421875;1716;
1123,753;38,06352615356445;1722,499267578125;1716;
1123,754;38,245880126953125;1730,3466796875;1716;
1123,755;38,179996490478516;1728,3848876953125;1716;
1123,756;38,519412994384766;1712,68994140625;1716;
1123,757;38,276466369628906;1708,766357421875;1716;
1123,758;38,08058547973633;1722,499267578125;1716;
1123,759;38,24764633178711;1726,4228515625;1716;
1123,76;37,709407806396484;1726,4228515625;1716;
1123,761;38,16764450073242;1728,3848876953125;1716;
1123,762;37,72587966918945;1724,461181640625;1716;
1123,763;38,06117630004883;1722,499267578125;1716;
1123,764;38,228233337402344;1732,3084716796875;1716;
1123,765;38,153526306152344;1728,3848876953125;1716;
1123,766;38,4835319519043;1714,6519775390625;1716;
1123,767;38,23176193237305;1708,766357421875;1716;
1123,768;38,03823471069336;1722,499267578125;1716;
1123,769;38,21294021606445;1730,3466796875;1716;
1123,77;37,59587860107422;1728,3848876953125;1716;
1123,771;38,476470947265625;1716,61376953125;1716;
1123,772;38,23234939575195;1708,766357421875;1716;
1123,773;38,03117752075195;1722,499267578125;1716;
1123,774;38,21470260620117;1730,3466796875;1716;
1123,775;37,5970573425293;1720,53759765625;1716;
1123,776;38,478233337402344;1718,5755615234375;1716;
1123,777;38,22882080078125;1718,5755615234375;1716;
1123,778;38,03764724731445;1720,53759765625;1716;
1123,779;38,21588134765625;1726,4228515625;1716;
1123,78;37,599998474121094;1724,461181640625;1716;
1123,781;38,47352981567383;1716,61376953125;1716;
1123,782;38,13999557495117;1714,6519775390625;1716;
1123,783;38,03705596923828;1732,3084716796875;1716;
1123,784;38,217647552490234;1726,4228515625;1716;
1123,785;37,59293746948242;1720,53759765625;1716;
1123,786;38,478824615478516;1718,5755615234375;1716;
1123,787;38,14411544799805;1718,5755615234375;1716;
1123,788;38,03705596923828;1730,3466796875;1716;
1123,789;38,20882034301758;1724,461181640625;1716;
1123,79;37,59646987915039;1712,68994140625;1716;
1123,791;38,474117279052734;1714,6519775390625;1716;
1123,792;38,14470291137695;1720,53759765625;1716;
1123,793;38,03588104248047;1732,3084716796875;1716;
1123,794;38,211761474609375;1724,461181640625;1716;
1123,795;37,599998474121094;1714,6519775390625;1716;
1123,796;38,476470947265625;1714,6519775390625;1716;
1123,797;38,141761779785156;1718,5755615234375;1716;
1123,798;38,0352897644043;1732,3084716796875;1716;
1123,799;38,21352767944336;1726,4228515625;1716;
1123,8;37,5941162109375;1710,728271484375;1716;
1123,801;38,47999954223633;1714,6519775390625;1716;
1123,802;38,14646911621094;1720,53759765625;1716;
1123,803;38,034706115722656;1730,3466796875;1716;
1123,804;38,22999954223633;1726,4228515625;1716;
1123,805;37,59529113769531;1712,68994140625;1716;
1123,806;38,478824615478516;1712,68994140625;1716;
1123,807;38,14234924316406;1718,5755615234375;1716;
1123,808;38,03823471069336;1730,3466796875;1716;
1123,809;38,23529052734375;1728,3848876953125;1716;
1123,81;37,59293746948242;1710,728271484375;1716;
1123,811;38,476470947265625;1710,728271484375;1716;
1123,812;38,141761779785156;1722,499267578125;1716;
1123,813;38,03588104248047;1730,3466796875;1716;
1123,814;38,23117446899414;1726,4228515625;1716;
1123,815;37,59529113769531;1714,6519775390625;1716;
1123,816;38,476470947265625;1718,5755615234375;1716;
1123,817;38,14293670654297;1720,53759765625;1716;
1123,818;38,03058624267578;1730,3466796875;1716;
1123,819;38,167057037353516;1724,461181640625;1716;
1123,82;37,53058624267578;1712,68994140625;1716;
1123,821;38,412353515625;1714,6519775390625;1716;
1123,822;38,07764434814453;1722,499267578125;1716;
1123,823;37,972938537597656;1728,3848876953125;1716;
1123,824;38,167057037353516;1722,499267578125;1716;
1123,825;37,5294075012207;1714,6519775390625;1716;
1123,826;38,412353515625;1716,61376953125;1716;
1123,827;38,07999801635742;1722,499267578125;1716;
1123,828;37,974117279052734;1726,4228515625;1716;
1123,829;38,167057037353516;1710,728271484375;1716;
1123,83;37,529998779296875;1716,61376953125;1716;
1123,831;38,15058898925781;1722,499267578125;1716;
1123,832;38,077056884765625;1724,461181640625;1716;
1123,833;37,972938537597656;1724,461181640625;1716;
1123,834;38,167057037353516;1714,6519775390625;1716;
1123,835;37,529998779296875;1714,6519775390625;1716;
1123,836;38,15058898925781;1722,499267578125;1716;
1123,837;38,07823181152344;1730,3466796875;1716;
1123,838;37,9905891418457;1726,4228515625;1716;
1123,839;38,167057037353516;1710,728271484375;1716;
1123,84;37,529998779296875;1714,6519775390625;1716;
1123,841;38,14882278442383;1724,461181640625;1716;
1123,842;38,07823181152344;1728,3848876953125;1716;
1123,843;37,972938537597656;1724,461181640625;1716;
1123,844;38,16587829589844;1710,728271484375;1716;
1123,845;37,529998779296875;1710,728271484375;1716;
1123,846;38,14882278442383;1724,461181640625;1716;
1123,847;38,07823181152344;1730,3466796875;1716;
1123,848;38,41411590576172;1728,3848876953125;1716;
1123,849;38,16587829589844;1710,728271484375;1716;
1123,85;37,529998779296875;1712,68994140625;1716;
1123,851;38,14882278442383;1722,499267578125;1716;
1123,852;38,07823181152344;1732,3084716796875;1716;
1123,853;38,41411590576172;1724,461181640625;1716;
1123,854;38,167057037353516;1708,766357421875;1716;
1123,855;37,529998779296875;1710,728271484375;1716;
1123,856;38,14882278442383;1724,461181640625;1716;
1123,857;38,07823181152344;1730,3466796875;1716;
1123,858;38,41411590576172;1722,499267578125;1716;
1123,859;38,167057037353516;1712,68994140625;1716;
1123,86;37,529998779296875;1712,68994140625;1716;
1123,861;38,14882278442383;1722,499267578125;1716;
1123,862;38,07823181152344;1728,3848876953125;1716;
1123,863;38,4152946472168;1724,461181640625;1716;
1123,864;38,16587829589844;1710,728271484375;1716;
1123,865;37,529998779296875;1712,68994140625;1716;
1123,866;38,14882278442383;1724,461181640625;1716;
1123,867;38,07823181152344;1728,3848876953125;1716;
1123,868;38,4152946472168;1720,53759765625;1716;
1123,869;38,16587829589844;1714,6519775390625;1716;
1123,87;37,529998779296875;1722,499267578125;1716;
1123,871;38,14882278442383;1726,4228515625;1716;
1123,872;38,07823181152344;1728,3848876953125;1716;
1123,873;38,4152946472168;1718,5755615234375;1716;
1123,874;38,16587829589844;1708,766357421875;1716;
1123,875;37,97117614746094;1718,5755615234375;1716;
1123,876;38,14882278442383;1726,4228515625;1716;
1123,877;38,07823181152344;1728,3848876953125;1716;
1123,878;38,41353225708008;1712,68994140625;1716;
1123,879;38,16587829589844;1710,728271484375;1716;
1123,88;37,953529357910156;1722,499267578125;1716;
1123,881;38,14882278442383;1728,3848876953125;1716;
1123,882;38,07823181152344;1730,3466796875;1716;
1123,883;38,4152946472168;1710,728271484375;1716;
1123,884;38,16587829589844;1708,766357421875;1716;
1123,885;37,972938537597656;1722,499267578125;1716;
1123,886;38,14882278442383;1730,3466796875;1716;
1123,887;38,077056884765625;1728,3848876953125;1716;
1123,888;38,4152946472168;1712,68994140625;1716;
1123,889;38,16587829589844;1708,766357421875;1716;
1123,89;37,9905891418457;1722,499267578125;1716;
1123,891;38,14882278442383;1732,3084716796875;1716;
1123,892;38,07823181152344;1728,3848876953125;1716;
1123,893;38,4152946472168;1710,728271484375;1716;
1123,894;38,16587829589844;1708,766357421875;1716;
1123,895;37,972938537597656;1722,499267578125;1716;
1123,896;38,14882278442383;1730,3466796875;1716;
1123,897;37,53117752075195;1728,3848876953125;1716;
1123,898;38,4152946472168;1716,61376953125;1716;
1123,899;38,16587829589844;1710,728271484375;1716;
1123,9;37,972938537597656;1720,53759765625;1716;
1123,901;38,14882278442383;1732,3084716796875;1716;
1123,902;37,53117752075195;1726,4228515625;1716;
1123,903;38,4152946472168;1714,6519775390625;1716;
1123,904;38,16587829589844;1708,766357421875;1716;
1123,905;37,972938537597656;1722,499267578125;1716;
1123,906;38,14882278442383;1730,3466796875;1716;
1123,907;37,53117752075195;1724,461181640625;1716;
1123,908;38,4152946472168;1716,61376953125;1716;
1123,909;38,167057037353516;1710,728271484375;1716;
1123,91;37,972938537597656;1720,53759765625;1716;
1123,911;38,14882278442383;1726,4228515625;1716;
1123,912;37,529998779296875;1726,4228515625;1716;
1123,913;38,4152946472168;1714,6519775390625;1716;
1123,914;38,167057037353516;1712,68994140625;1716;
1123,915;37,974117279052734;1724,461181640625;1716;
1123,916;38,14882278442383;1726,4228515625;1716;
1123,917;37,529998779296875;1722,499267578125;1716;
1123,918;38,4152946472168;1718,5755615234375;1716;
1123,919;38,07764434814453;1718,5755615234375;1716;
1123,92;37,974117279052734;1724,461181640625;1716;
1123,921;38,14882278442383;1726,4228515625;1716;
1123,922;37,529998779296875;1718,5755615234375;1716;
1123,923;38,4152946472168;1712,68994140625;1716;
1123,924;38,07764434814453;1718,5755615234375;1716;
1123,925;37,972938537597656;1724,461181640625;1716;
1123,926;38,14882278442383;1726,4228515625;1716;
1123,927;37,529998779296875;1712,68994140625;1716;
1123,928;38,4152946472168;1714,6519775390625;1716;
1123,929;38,07764434814453;1718,5755615234375;1716;
1123,93;37,972938537597656;1732,3084716796875;1716;
1123,931;38,14882278442383;1726,4228515625;1716;
1123,932;37,529998779296875;1710,728271484375;1716;
1123,933;38,4152946472168;1712,68994140625;1716;
1123,934;38,077056884765625;1720,53759765625;1716;
1123,935;37,972938537597656;1728,3848876953125;1716;
1123,936;38,14882278442383;1726,4228515625;1716;
1123,937;37,53117752075195;1712,68994140625;1716;
1123,938;38,41411590576172;1712,68994140625;1716;
1123,939;38,07999801635742;1720,53759765625;1716;
1123,94;37,974117279052734;1730,3466796875;1716;
1123,941;38,16823196411133;1728,3848876953125;1716;
1123,942;37,53293991088867;1710,728271484375;1716;
1123,943;38,4152946472168;1712,68994140625;1716;
1123,944;38,07823181152344;1720,53759765625;1716;
1123,945;37,974117279052734;1728,3848876953125;1716;
1123,946;38,16529083251953;1726,4228515625;1716;
1123,947;37,53058624267578;1712,68994140625;1716;
1123,948;38,41353225708008;1714,6519775390625;1716;
1123,949;38,07823181152344;1720,53759765625;1716;
1123,95;37,974117279052734;1728,3848876953125;1716;
1123,951;38,169410705566406;1726,4228515625;1716;
1123,952;37,44411849975586;1716,61376953125;1716;
1123,953;38,326473236083984;1714,6519775390625;1716;
1123,954;37,98823547363281;1722,499267578125;1716;
1123,955;37,88235092163086;1726,4228515625;1716;
1123,956;38,07646942138672;1712,68994140625;1716;
1123,957;37,44117736816406;1712,68994140625;1716;
1123,958;38,32353210449219;1714,6519775390625;1716;
1123,959;37,98823547363281;1724,461181640625;1716;
1123,96;37,88235092163086;1728,3848876953125;1716;
1123,961;38,07646942138672;1714,6519775390625;1716;
1123,962;37,44117736816406;1716,61376953125;1716;
1123,963;38,32353210449219;1718,5755615234375;1716;
1123,964;37,98823547363281;1724,461181640625;1716;
1123,965;37,88235092163086;1726,4228515625;1716;
1123,966;38,078819274902344;1714,6519775390625;1716;
1123,967;37,44117736816406;1712,68994140625;1716;
1123,968;38,05882263183594;1724,461181640625;1716;
1123,969;37,98823547363281;1730,3466796875;1716;
1123,97;37,88235092163086;1726,4228515625;1716;
1123,971;38,07646942138672;1710,728271484375;1716;
1123,972;37,54705810546875;1710,728271484375;1716;
1123,973;38,05882263183594;1724,461181640625;1716;
1123,974;37,98823547363281;1726,4228515625;1716;
1123,975;37,88235092163086;1724,461181640625;1716;
1123,976;38,07646942138672;1708,766357421875;1716;
1123,977;37,44117736816406;1710,728271484375;1716;
1123,978;38,05882263183594;1724,461181640625;1716;
1123,979;37,98823547363281;1730,3466796875;1716;
1123,98;38,32353210449219;1726,4228515625;1716;
1123,981;38,07646942138672;1710,728271484375;1716;
1123,982;37,44352722167969;1710,728271484375;1716;
1123,983;38,05882263183594;1722,499267578125;1716;
1123,984;37,98823547363281;1730,3466796875;1716;
1123,985;37,88235092163086;1728,3848876953125;1716;
1123,986;38,07646942138672;1708,766357421875;1716;
1123,987;37,44117736816406;1710,728271484375;1716;
1123,988;38,05882263183594;1724,461181640625;1716;
1123,989;37,98823547363281;1730,3466796875;1716;
1123,99;38,32353210449219;1724,461181640625;1716;
1123,991;38,07646942138672;1710,728271484375;1716;
1123,992;37,50411605834961;1710,728271484375;1716;
1123,993;38,12411880493164;1722,499267578125;1716;
1123,994;38,049407958984375;1730,3466796875;1716;
1123,995;38,39470291137695;1728,3848876953125;1716;
1123,996;38,15176010131836;1712,68994140625;1716;
1123,997;38,072349548339844;1720,53759765625;1716;
1123,998;38,14588165283203;1722,499267578125;1716;
1123,999;38,072349548339844;1728,3848876953125;1716;
1124;38,40764617919922;1720,53759765625;1716;
1124,001;38,169410705566406;1712,68994140625;1716;
1124,002;37,966468811035156;1722,499267578125;1716;
1124,003;38,140586853027344;1724,461181640625;1716;
1124,004;38,07529067993164;1730,3466796875;1716;
1124,005;38,40705871582031;1716,61376953125;1716;
1124,006;38,154117584228516;1712,68994140625;1716;
1124,007;37,51411819458008;1714,6519775390625;1716;
1124,008;38,12705993652344;1722,499267578125;1716;
1124,009;38,05470275878906;1728,3848876953125;1716;
1124,01;38,387062072753906;1714,6519775390625;1716;
1124,011;38,13999938964844;1710,728271484375;1716;
1124,012;37,94588088989258;1720,53759765625;1716;
1124,013;38,12294006347656;1730,3466796875;1716;
1124,014;38,05234909057617;1730,3466796875;1716;
1124,015;38,38176345825195;1710,728271484375;1716;
1124,016;38,22175979614258;1712,68994140625;1716;
1124,017;38,025291442871094;1720,53759765625;1716;
1124,018;38,21058654785156;1730,3466796875;1716;
1124,019;38,152347564697266;1726,4228515625;1716;
1124,02;38,486473083496094;1712,68994140625;1716;
1124,021;38,24293899536133;1708,766357421875;1716;
1124,022;38,04646682739258;1720,53759765625;1716;
1124,023;38,20823287963867;1730,3466796875;1716;
1124,024;38,140586853027344;1728,3848876953125;1716;
1124,025;38,474117279052734;1710,728271484375;1716;
1124,026;38,23293685913086;1706,8046875;1716;
1124,027;38,041175842285156;1722,499267578125;1716;
1124,028;38,21588134765625;1728,3848876953125;1716;
1124,029;38,15293884277344;1728,3848876953125;1716;
1124,03;38,48588180541992;1714,6519775390625;1716;
1124,031;38,23411560058594;1708,766357421875;1716;
1124,032;38,04411697387695;1722,499267578125;1716;
1124,033;38,21706008911133;1732,3084716796875;1716;
1124,034;37,599998474121094;1730,3466796875;1716;
1124,035;38,492942810058594;1714,6519775390625;1716;
1124,036;38,265289306640625;1708,766357421875;1716;
1124,037;38,07352828979492;1720,53759765625;1716;
1124,038;38,2535285949707;1730,3466796875;1716;
1124,039;37,63823699951172;1730,3466796875;1716;
1124,04;38,51764678955078;1710,728271484375;1716;
1124,041;38,277645111083984;1710,728271484375;1716;
1124,042;38,072349548339844;1722,499267578125;1716;
1124,043;38,248233795166016;1730,3466796875;1716;
1124,044;37,627647399902344;1724,461181640625;1716;
1124,045;38,50117492675781;1716,61376953125;1716;
1124,046;38,26764678955078;1718,5755615234375;1716;
1124,047;38,052940368652344;1722,499267578125;1716;
1124,048;38,22470474243164;1726,4228515625;1716;
1124,049;37,60117721557617;1722,499267578125;1716;
1124,05;38,482940673828125;1714,6519775390625;1716;
1124,051;38,228233337402344;1714,6519775390625;1716;
1124,052;38,03999710083008;1724,461181640625;1716;
1124,053;38,20882034301758;1726,4228515625;1716;
1124,054;37,59470748901367;1712,68994140625;1716;
1124,055;38,474117279052734;1714,6519775390625;1716;
1124,056;38,23176193237305;1720,53759765625;1716;
1124,057;38,0352897644043;1720,53759765625;1716;
1124,058;38,216468811035156;1726,4228515625;1716;
1124,059;37,59529113769531;1716,61376953125;1716;
1124,06;38,47941207885742;1712,68994140625;1716;
1124,061;38,140586853027344;1720,53759765625;1716;
1124,062;38,03764724731445;1724,461181640625;1716;
1124,063;38,209999084472656;1728,3848876953125;1716;
1124,064;37,59941101074219;1712,68994140625;1716;
1124,065;38,47705841064453;1714,6519775390625;1716;
1124,066;38,14293670654297;1718,5755615234375;1716;
1124,067;38,0352897644043;1728,3848876953125;1716;
1124,068;38,21294021606445;1724,461181640625;1716;
1124,069;37,59587860107422;1712,68994140625;1716;
1124,07;38,476470947265625;1714,6519775390625;1716;
1124,071;38,140586853027344;1720,53759765625;1716;
1124,072;38,03999710083008;1728,3848876953125;1716;
1124,073;38,209999084472656;1724,461181640625;1716;
1124,074;37,5970573425293;1714,6519775390625;1716;
1124,075;38,47764587402344;1714,6519775390625;1716;
1124,076;38,13999557495117;1720,53759765625;1716;
1124,077;38,031761169433594;1730,3466796875;1716;
1124,078;38,21235275268555;1728,3848876953125;1716;
1124,079;37,59587860107422;1712,68994140625;1716;
1124,08;38,47764587402344;1712,68994140625;1716;
1124,081;38,147056579589844;1722,499267578125;1716;
1124,082;38,03705596923828;1728,3848876953125;1716;
1124,083;38,22882080078125;1720,53759765625;1716;
1124,084;37,5941162109375;1712,68994140625;1716;
1124,085;38,47705841064453;1714,6519775390625;1716;
1124,086;38,14293670654297;1720,53759765625;1716;
1124,087;38,036468505859375;1724,461181640625;1716;
1124,088;38,23411560058594;1726,4228515625;1716;
1124,089;37,59529113769531;1710,728271484375;1716;
1124,09;38,47705841064453;1714,6519775390625;1716;
1124,091;38,14529037475586;1722,499267578125;1716;
1124,092;38,03764724731445;1726,4228515625;1716;
1124,093;38,23234939575195;1722,499267578125;1716;
1124,094;37,59646987915039;1714,6519775390625;1716;
1124,095;38,48117446899414;1718,5755615234375;1716;
1124,096;38,145877838134766;1726,4228515625;1716;
1124,097;38,03588104248047;1724,461181640625;1716;
1124,098;38,22882080078125;1718,5755615234375;1716;
1124,099;37,59176254272461;1714,6519775390625;1716;
1124,1;38,21588134765625;1724,461181640625;1716;
1124,101;38,13882064819336;1724,461181640625;1716;
1124,102;39,241172790527344;1726,4228515625;1716;
1124,103;38,16764450073242;1716,61376953125;1716;
1124,104;37,529998779296875;1710,728271484375;1716;
1124,105;38,412353515625;1722,499267578125;1716;
1124,106;38,077056884765625;1730,3466796875;1716;
1124,107;37,97117614746094;1724,461181640625;1716;
1124,108;38,16411590576172;1710,728271484375;1716;
1124,109;37,529998779296875;1710,728271484375;1716;
1124,11;38,149410247802734;1724,461181640625;1716;
1124,111;38,07823181152344;1728,3848876953125;1716;
1124,112;37,97235107421875;1724,461181640625;1716;
1124,113;38,16646957397461;1708,766357421875;1716;
1124,114;37,53117752075195;1710,728271484375;1716;
1124,115;38,14882278442383;1724,461181640625;1716;
1124,116;38,078819274902344;1730,3466796875;1716;
1124,117;37,97235107421875;1728,3848876953125;1716;
1124,118;38,16646957397461;1708,766357421875;1716;
1124,119;37,53117752075195;1710,728271484375;1716;
1124,12;38,14882278442383;1724,461181640625;1716;
1124,121;38,078819274902344;1730,3466796875;1716;
1124,122;37,97235107421875;1726,4228515625;1716;
1124,123;38,16646957397461;1710,728271484375;1716;
1124,124;37,53117752075195;1710,728271484375;1716;
1124,125;38,14882278442383;1722,499267578125;1716;
1124,126;38,07823181152344;1730,3466796875;1716;
1124,127;37,97235107421875;1728,3848876953125;1716;
1124,128;38,16646957397461;1710,728271484375;1716;
1124,129;37,53117752075195;1712,68994140625;1716;
1124,13;38,14882278442383;1722,499267578125;1716;
1124,131;38,07823181152344;1728,3848876953125;1716;
1124,132;38,41353225708008;1726,4228515625;1716;
1124,133;38,16646957397461;1712,68994140625;1716;
1124,134;37,53117752075195;1710,728271484375;1716;
1124,135;38,14882278442383;1724,461181640625;1716;
1124,136;38,07823181152344;1730,3466796875;1716;
1124,137;38,412940979003906;1718,5755615234375;1716;
1124,138;38,16646957397461;1710,728271484375;1716;
1124,139;37,53117752075195;1714,6519775390625;1716;
1124,14;38,14882278442383;1722,499267578125;1716;
1124,141;38,07764434814453;1724,461181640625;1716;
1124,142;38,412940979003906;1720,53759765625;1716;
1124,143;38,16646957397461;1710,728271484375;1716;
1124,144;37,53117752075195;1714,6519775390625;1716;
1124,145;38,14882278442383;1726,4228515625;1716;
1124,146;38,078819274902344;1728,3848876953125;1716;
1124,147;38,41353225708008;1718,5755615234375;1716;
1124,148;38,16646957397461;1712,68994140625;1716;
1124,149;37,97235107421875;1722,499267578125;1716;
1124,15;38,14882278442383;1722,499267578125;1716;
1124,151;38,07764434814453;1724,461181640625;1716;
1124,152;38,412940979003906;1716,61376953125;1716;
1124,153;38,16646957397461;1708,766357421875;1716;
1124,154;37,53117752075195;1720,53759765625;1716;
1124,155;38,14882278442383;1726,4228515625;1716;
1124,156;38,07764434814453;1726,4228515625;1716;
1124,157;38,412940979003906;1708,766357421875;1716;
1124,158;38,16646957397461;1710,728271484375;1716;
1124,159;37,97235107421875;1722,499267578125;1716;
1124,16;38,14882278442383;1728,3848876953125;1716;
1124,161;37,54823303222656;1726,4228515625;1716;
1124,162;38,41353225708008;1710,728271484375;1716;
1124,163;38,16646957397461;1708,766357421875;1716;
1124,164;37,97235107421875;1722,499267578125;1716;
1124,165;38,14882278442383;1730,3466796875;1716;
1124,166;38,07764434814453;1726,4228515625;1716;
1124,167;38,41353225708008;1710,728271484375;1716;
1124,168;38,16646957397461;1708,766357421875;1716;
1124,169;37,97117614746094;1720,53759765625;1716;
1124,17;38,14882278442383;1730,3466796875;1716;
1124,171;38,07764434814453;1728,3848876953125;1716;
1124,172;38,412940979003906;1708,766357421875;1716;
1124,173;38,16646957397461;1708,766357421875;1716;
1124,174;37,97235107421875;1722,499267578125;1716;
1124,175;38,14882278442383;1730,3466796875;1716;
1124,176;38,078819274902344;1726,4228515625;1716;
1124,177;38,412940979003906;1710,728271484375;1716;
1124,178;38,16646957397461;1712,68994140625;1716;
1124,179;37,97235107421875;1720,53759765625;1716;
1124,18;38,14882278442383;1730,3466796875;1716;
1124,181;37,53058624267578;1730,3466796875;1716;
1124,182;38,412940979003906;1714,6519775390625;1716;
1124,183;38,16646957397461;1708,766357421875;1716;
1124,184;37,97235107421875;1722,499267578125;1716;
1124,185;38,14882278442383;1726,4228515625;1716;
1124,186;37,53117752075195;1726,4228515625;1716;
1124,187;38,412940979003906;1716,61376953125;1716;
1124,188;38,16646957397461;1710,728271484375;1716;
1124,189;37,97235107421875;1720,53759765625;1716;
1124,19;38,14882278442383;1728,3848876953125;1716;
1124,191;37,53293991088867;1718,5755615234375;1716;
1124,192;38,412940979003906;1714,6519775390625;1716;
1124,193;38,16646957397461;1712,68994140625;1716;
1124,194;37,97235107421875;1722,499267578125;1716;
1124,195;38,14882278442383;1722,499267578125;1716;
1124,196;37,53293991088867;1722,499267578125;1716;
1124,197;38,41353225708008;1716,61376953125;1716;
1124,198;38,16646957397461;1714,6519775390625;1716;
1124,199;37,97235107421875;1726,4228515625;1716;
1124,2;38,14882278442383;1726,4228515625;1716;
1124,201;37,53117752075195;1716,61376953125;1716;
1124,202;38,412940979003906;1714,6519775390625;1716;
1124,203;38,16646957397461;1718,5755615234375;1716;
1124,204;37,97235107421875;1728,3848876953125;1716;
1124,205;38,14882278442383;1724,461181640625;1716;
1124,206;37,53117752075195;1716,61376953125;1716;
1124,207;38,412940979003906;1714,6519775390625;1716;
1124,208;38,07823181152344;1720,53759765625;1716;
1124,209;37,97235107421875;1726,4228515625;1716;
1124,21;38,14882278442383;1724,461181640625;1716;
1124,211;37,53117752075195;1712,68994140625;1716;
1124,212;38,412940979003906;1712,68994140625;1716;
1124,213;38,07823181152344;1720,53759765625;1716;
1124,214;37,97235107421875;1726,4228515625;1716;
1124,215;38,14882278442383;1722,499267578125;1716;
1124,216;37,53117752075195;1710,728271484375;1716;
1124,217;38,412940979003906;1712,68994140625;1716;
1124,218;38,07823181152344;1720,53759765625;1716;
1124,219;37,971763610839844;1730,3466796875;1716;
1124,22;38,14882278442383;1726,4228515625;1716;
1124,221;37,53117752075195;1710,728271484375;1716;
1124,222;38,4152946472168;1712,68994140625;1716;
1124,223;38,07823181152344;1720,53759765625;1716;
1124,224;37,974117279052734;1728,3848876953125;1716;
1124,225;38,147647857666016;1726,4228515625;1716;
1124,226;37,529998779296875;1710,728271484375;1716;
1124,227;38,412940979003906;1712,68994140625;1716;
1124,228;38,07823181152344;1720,53759765625;1716;
1124,229;37,974117279052734;1728,3848876953125;1716;
1124,23;38,16646957397461;1726,4228515625;1716;
1124,231;37,53058624267578;1710,728271484375;1716;
1124,232;38,41176223754883;1714,6519775390625;1716;
1124,233;38,08176040649414;1720,53759765625;1716;
1124,234;37,97529220581055;1728,3848876953125;1716;
1124,235;38,16293716430664;1726,4228515625;1716;
1124,236;37,44411849975586;1712,68994140625;1716;
1124,237;38,32882308959961;1712,68994140625;1716;
1124,238;37,98823547363281;1720,53759765625;1716;
1124,239;37,88235092163086;1728,3848876953125;1716;
1124,24;38,078819274902344;1718,5755615234375;1716;
1124,241;37,44117736816406;1712,68994140625;1716;
1124,242;38,32353210449219;1716,61376953125;1716;
1124,243;37,98823547363281;1720,53759765625;1716;
1124,244;37,88235092163086;1724,461181640625;1716;
1124,245;38,07646942138672;1722,499267578125;1716;
1124,246;37,44117736816406;1712,68994140625;1716;
1124,247;38,32353210449219;1716,61376953125;1716;
1124,248;37,98823547363281;1724,461181640625;1716;
1124,249;37,88235092163086;1726,4228515625;1716;
1124,25;38,07646942138672;1718,5755615234375;1716;
1124,251;37,44117736816406;1714,6519775390625;1716;
1124,252;38,05882263183594;1724,461181640625;1716;
1124,253;37,98823547363281;1724,461181640625;1716;
1124,254;37,88235092163086;1724,461181640625;1716;
1124,255;38,07646942138672;1716,61376953125;1716;
1124,256;37,44117736816406;1710,728271484375;1716;
1124,257;38,32353210449219;1720,53759765625;1716;
1124,258;37,98823547363281;1724,461181640625;1716;
1124,259;37,88235092163086;1724,461181640625;1716;
1124,26;38,07646942138672;1708,766357421875;1716;
1124,261;37,44117736816406;1712,68994140625;1716;
1124,262;38,05882263183594;1722,499267578125;1716;
1124,263;37,98823547363281;1728,3848876953125;1716;
1124,264;37,88235092163086;1726,4228515625;1716;
1124,265;38,07646942138672;1708,766357421875;1716;
1124,266;37,44117736816406;1712,68994140625;1716;
1124,267;38,05882263183594;1724,461181640625;1716;
1124,268;37,98823547363281;1730,3466796875;1716;
1124,269;37,88235092163086;1722,499267578125;1716;
1124,27;38,07646942138672;1708,766357421875;1716;
1124,271;37,44117736816406;1710,728271484375;1716;
1124,272;38,05882263183594;1722,499267578125;1716;
1124,273;37,98823547363281;1730,3466796875;1716;
1124,274;37,88235092163086;1726,4228515625;1716;
1124,275;36,8476448059082;1706,8046875;1716;
1124,276;37,50117492675781;1710,728271484375;1716;
1124,277;38,11587905883789;1724,461181640625;1716;
1124,278;38,05470275878906;1728,3848876953125;1716;
1124,279;37,952938079833984;1724,461181640625;1716;
1124,28;38,260589599609375;1712,68994140625;1716;
1124,281;37,525291442871094;1712,68994140625;1716;
1124,282;38,14588165283203;1722,499267578125;1716;
1124,283;38,06940841674805;1730,3466796875;1716;
1124,284;38,404117584228516;1726,4228515625;1716;
1124,285;38,16352844238281;1710,728271484375;1716;
1124,286;37,528236389160156;1710,728271484375;1716;
1124,287;38,14352798461914;1722,499267578125;1716;
1124,288;38,07352828979492;1730,3466796875;1716;
1124,289;38,40353012084961;1720,53759765625;1716;
1124,29;38,15176010131836;1708,766357421875;1716;
1124,291;37,513526916503906;1710,728271484375;1716;
1124,292;38,12058639526367;1722,499267578125;1716;
1124,293;38,15764617919922;1726,4228515625;1716;
1124,294;38,388824462890625;1722,499267578125;1716;
1124,295;38,239410400390625;1712,68994140625;1716;
1124,296;37,50529479980469;1712,68994140625;1716;
1124,297;38,12294006347656;1724,461181640625;1716;
1124,298;38,13587951660156;1728,3848876953125;1716;
1124,299;38,48764419555664;1720,53759765625;1716;
1124,3;38,22235107421875;1710,728271484375;1716;
1124,301;37,58646774291992;1718,5755615234375;1716;
1124,302;38,207645416259766;1722,499267578125;1716;
1124,303;38,153526306152344;1728,3848876953125;1716;
1124,304;38,48411560058594;1718,5755615234375;1716;
1124,305;38,2470588684082;1710,728271484375;1716;
1124,306;38,03588104248047;1718,5755615234375;1716;
1124,307;38,20823287963867;1722,499267578125;1716;
1124,308;38,140586853027344;1726,4228515625;1716;
1124,309;38,47705841064453;1712,68994140625;1716;
1124,31;38,23881912231445;1708,766357421875;1716;
1124,311;38,03999710083008;1718,5755615234375;1716;
1124,312;38,22058868408203;1724,461181640625;1716;
1124,313;38,15117645263672;1726,4228515625;1716;
1124,314;38,48588180541992;1710,728271484375;1716;
1124,315;38,23352813720703;1708,766357421875;1716;
1124,316;38,03999710083008;1722,499267578125;1716;
1124,317;38,21235275268555;1726,4228515625;1716;
1124,318;38,15117645263672;1726,4228515625;1716;
1124,319;38,4970588684082;1710,728271484375;1716;
1124,32;38,26705551147461;1710,728271484375;1716;
1124,321;38,07999801635742;1722,499267578125;1716;
1124,322;38,24529266357422;1730,3466796875;1716;
1124,323;38,1817626953125;1726,4228515625;1716;
1124,324;38,51764678955078;1710,728271484375;1716;
1124,325;38,27058792114258;1708,766357421875;1716;
1124,326;38,072349548339844;1720,53759765625;1716;
1124,327;38,239410400390625;1730,3466796875;1716;
1124,328;38,16764450073242;1726,4228515625;1716;
1124,329;38,499412536621094;1708,766357421875;1716;
1124,33;38,25117492675781;1706,8046875;1716;
1124,331;38,047645568847656;1722,499267578125;1716;
1124,332;38,21706008911133;1730,3466796875;1716;
1124,333;37,59587860107422;1726,4228515625;1716;
1124,334;38,478824615478516;1712,68994140625;1716;
1124,335;38,22882080078125;1708,766357421875;1716;
1124,336;38,034706115722656;1720,53759765625;1716;
1124,337;38,21117401123047;1730,3466796875;1716;
1124,338;37,59000015258789;1726,4228515625;1716;
1124,339;38,478233337402344;1708,766357421875;1716;
1124,34;38,22764587402344;1706,8046875;1716;
1124,341;38,03764724731445;1722,499267578125;1716;
1124,342;38,211761474609375;1724,461181640625;1716;
1124,343;37,59470748901367;1726,4228515625;1716;
1124,344;38,47705841064453;1712,68994140625;1716;
1124,345;38,22999954223633;1708,766357421875;1716;
1124,346;38,03352737426758;1720,53759765625;1716;
1124,347;38,21529006958008;1728,3848876953125;1716;
1124,348;37,598819732666016;1726,4228515625;1716;
1124,349;38,47588348388672;1714,6519775390625;1716;
1124,35;38,13823318481445;1712,68994140625;1716;
1124,351;38,03999710083008;1722,499267578125;1716;
1124,352;38,21411895751953;1726,4228515625;1716;
1124,353;37,59587860107422;1724,461181640625;1716;
1124,354;38,46941375732422;1716,61376953125;1716;
1124,355;38,21352767944336;1710,728271484375;1716;
1124,356;38,0323486328125;1722,499267578125;1716;
1124,357;38,216468811035156;1726,4228515625;1716;
1124,358;37,59529113769531;1710,728271484375;1716;
1124,359;38,47764587402344;1716,61376953125;1716;
1124,36;38,13999557495117;1714,6519775390625;1716;
1124,361;38,03823471069336;1722,499267578125;1716;
1124,362;38,21411895751953;1722,499267578125;1716;
1124,363;37,60117721557617;1714,6519775390625;1716;
1124,364;38,476470947265625;1714,6519775390625;1716;
1124,365;38,141761779785156;1716,61376953125;1716;
1124,366;38,04235076904297;1728,3848876953125;1716;
1124,367;38,21235275268555;1724,461181640625;1716;
1124,368;37,5941162109375;1716,61376953125;1716;
1124,369;38,47764587402344;1714,6519775390625;1716;
1124,37;38,145877838134766;1718,5755615234375;1716;
1124,371;38,03823471069336;1728,3848876953125;1716;
1124,372;38,21117401123047;1722,499267578125;1716;
1124,373;37,59646987915039;1714,6519775390625;1716;
1124,374;38,487060546875;1712,68994140625;1716;
1124,375;38,14529037475586;1720,53759765625;1716;
1124,376;38,03764724731445;1730,3466796875;1716;
1124,377;38,21706008911133;1724,461181640625;1716;
1124,378;37,598819732666016;1712,68994140625;1716;
1124,379;38,478233337402344;1712,68994140625;1716;
1124,38;38,140586853027344;1718,5755615234375;1716;
1124,381;38,03705596923828;1728,3848876953125;1716;
1124,382;38,21529006958008;1724,461181640625;1716;
1124,383;37,599998474121094;1710,728271484375;1716;
1124,384;38,47588348388672;1710,728271484375;1716;
1124,385;38,132938385009766;1718,5755615234375;1716;
1124,386;37,972938537597656;1728,3848876953125;1716;
1124,387;38,16411590576172;1724,461181640625;1716;
1124,388;37,529998779296875;1714,6519775390625;1716;
1124,389;38,41176223754883;1712,68994140625;1716;
1124,39;38,07764434814453;1718,5755615234375;1716;
1124,391;37,971763610839844;1728,3848876953125;1716;
1124,392;38,16587829589844;1724,461181640625;1716;
1124,393;37,5288200378418;1708,766357421875;1716;
1124,394;38,41353225708008;1712,68994140625;1716;
1124,395;38,07823181152344;1722,499267578125;1716;
1124,396;37,972938537597656;1726,4228515625;1716;
1124,397;38,167057037353516;1724,461181640625;1716;
1124,398;37,529998779296875;1712,68994140625;1716;
1124,399;38,4152946472168;1714,6519775390625;1716;
1124,4;38,095882415771484;1730,3466796875;1716;
1124,401;37,972938537597656;1728,3848876953125;1716;
1124,402;38,167057037353516;1726,4228515625;1716;
1124,403;37,529998779296875;1710,728271484375;1716;
1124,404;38,4152946472168;1712,68994140625;1716;
1124,405;38,07823181152344;1726,4228515625;1716;
1124,406;37,972938537597656;1724,461181640625;1716;
1124,407;38,167057037353516;1716,61376953125;1716;
1124,408;37,529998779296875;1712,68994140625;1716;
1124,409;38,15058898925781;1718,5755615234375;1716;
1124,41;38,07823181152344;1722,499267578125;1716;
1124,411;37,972938537597656;1726,4228515625;1716;
1124,412;38,167057037353516;1714,6519775390625;1716;
1124,413;37,529998779296875;1714,6519775390625;1716;
1124,414;38,4152946472168;1720,53759765625;1716;
1124,415;38,077056884765625;1720,53759765625;1716;
1124,416;37,972938537597656;1724,461181640625;1716;
1124,417;38,167057037353516;1712,68994140625;1716;
1124,418;37,529998779296875;1712,68994140625;1716;
1124,419;38,15058898925781;1716,61376953125;1716;
1124,42;38,07823181152344;1722,499267578125;1716;
1124,421;37,972938537597656;1726,4228515625;1716;
1124,422;38,167057037353516;1708,766357421875;1716;
1124,423;37,529998779296875;1714,6519775390625;1716;
1124,424;38,14882278442383;1722,499267578125;1716;
1124,425;38,07823181152344;1730,3466796875;1716;
1124,426;37,972938537597656;1722,499267578125;1716;
1124,427;38,16587829589844;1714,6519775390625;1716;
1124,428;37,529998779296875;1710,728271484375;1716;
1124,429;38,14882278442383;1722,499267578125;1716;
1124,43;38,07823181152344;1730,3466796875;1716;
1124,431;37,972938537597656;1726,4228515625;1716;
1124,432;38,16587829589844;1706,8046875;1716;
1124,433;37,529998779296875;1710,728271484375;1716;
1124,434;38,14882278442383;1724,461181640625;1716;
1124,435;38,07823181152344;1728,3848876953125;1716;
1124,436;37,972938537597656;1722,499267578125;1716;
1124,437;38,167057037353516;1708,766357421875;1716;
1124,438;37,529998779296875;1710,728271484375;1716;
1124,439;38,14882278442383;1722,499267578125;1716;
1124,44;38,07823181152344;1730,3466796875;1716;
1124,441;37,972938537597656;1726,4228515625;1716;
1124,442;38,167057037353516;1710,728271484375;1716;
1124,443;37,529998779296875;1710,728271484375;1716;
1124,444;38,14882278442383;1724,461181640625;1716;
1124,445;38,07823181152344;1730,3466796875;1716;
1124,446;38,41411590576172;1720,53759765625;1716;
1124,447;38,167057037353516;1706,8046875;1716;
1124,448;37,529998779296875;1710,728271484375;1716;
1124,449;38,14882278442383;1724,461181640625;1716;
1124,45;38,07823181152344;1730,3466796875;1716;
1124,451;38,4152946472168;1722,499267578125;1716;
1124,452;38,16587829589844;1710,728271484375;1716;
1124,453;37,529998779296875;1710,728271484375;1716;
1124,454;38,14882278442383;1722,499267578125;1716;
1124,455;38,07823181152344;1728,3848876953125;1716;
1124,456;38,41353225708008;1726,4228515625;1716;
1124,457;38,16587829589844;1710,728271484375;1716;
1124,458;37,529998779296875;1712,68994140625;1716;
1124,459;38,14882278442383;1722,499267578125;1716;
1124,46;38,07823181152344;1728,3848876953125;1716;
1124,461;38,4152946472168;1712,68994140625;1716;
1124,462;38,16587829589844;1712,68994140625;1716;
1124,463;37,529998779296875;1716,61376953125;1716;
1124,464;38,14882278442383;1722,499267578125;1716;
1124,465;38,07823181152344;1728,3848876953125;1716;
1124,466;38,4152946472168;1712,68994140625;1716;
1124,467;38,16587829589844;1710,728271484375;1716;
1124,468;37,97117614746094;1718,5755615234375;1716;
1124,469;38,14882278442383;1724,461181640625;1716;
1124,47;38,07823181152344;1726,4228515625;1716;
1124,471;38,41353225708008;1720,53759765625;1716;
1124,472;38,16587829589844;1712,68994140625;1716;
1124,473;37,529998779296875;1714,6519775390625;1716;
1124,474;38,14882278442383;1728,3848876953125;1716;
1124,475;38,07823181152344;1726,4228515625;1716;
1124,476;38,4152946472168;1716,61376953125;1716;
1124,477;38,16587829589844;1710,728271484375;1716;
1124,478;37,97117614746094;1722,499267578125;1716;
1124,479;38,14882278442383;1728,3848876953125;1716;
1124,48;38,07823181152344;1724,461181640625;1716;
1124,481;38,41353225708008;1710,728271484375;1716;
1124,482;38,16587829589844;1708,766357421875;1716;
1124,483;37,972938537597656;1718,5755615234375;1716;
1124,484;38,14882278442383;1728,3848876953125;1716;
1124,485;38,07823181152344;1726,4228515625;1716;
1124,486;38,41353225708008;1708,766357421875;1716;
1124,487;38,167057037353516;1706,8046875;1716;
1124,488;37,972938537597656;1722,499267578125;1716;
1124,489;38,14882278442383;1728,3848876953125;1716;
1124,49;37,53117752075195;1724,461181640625;1716;
1124,491;38,4152946472168;1712,68994140625;1716;
1124,492;38,16587829589844;1710,728271484375;1716;
1124,493;37,972938537597656;1720,53759765625;1716;
1124,494;38,14882278442383;1730,3466796875;1716;
1124,495;38,07823181152344;1730,3466796875;1716;
1124,496;38,4152946472168;1708,766357421875;1716;
1124,497;38,16587829589844;1708,766357421875;1716;
1124,498;37,972938537597656;1722,499267578125;1716;
1124,499;38,14882278442383;1728,3848876953125;1716;
1124,5;37,53117752075195;1726,4228515625;1716;
1124,501;38,4152946472168;1714,6519775390625;1716;
1124,502;38,16587829589844;1706,8046875;1716;
1124,503;37,972938537597656;1722,499267578125;1716;
1124,504;38,14882278442383;1730,3466796875;1716;
1124,505;37,53117752075195;1722,499267578125;1716;
1124,506;38,4152946472168;1712,68994140625;1716;
1124,507;38,16646957397461;1708,766357421875;1716;
1124,508;37,971763610839844;1720,53759765625;1716;
1124,509;38,147647857666016;1722,499267578125;1716;
1124,51;37,529998779296875;1726,4228515625;1716;
1124,511;38,41353225708008;1714,6519775390625;1716;
1124,512;38,167057037353516;1706,8046875;1716;
1124,513;37,974117279052734;1722,499267578125;1716;
1124,514;38,147647857666016;1726,4228515625;1716;
1124,515;37,53058624267578;1722,499267578125;1716;
1124,516;38,412940979003906;1716,61376953125;1716;
1124,517;38,16352844238281;1706,8046875;1716;
1124,518;37,96470642089844;1724,461181640625;1716;
1124,519;38,061763763427734;1726,4228515625;1716;
1124,52;37,44411849975586;1726,4228515625;1716;
1124,521;38,32353210449219;1714,6519775390625;1716;
1124,522;37,98823547363281;1716,61376953125;1716;
1124,523;37,88235092163086;1722,499267578125;1716;
1124,524;38,05882263183594;1728,3848876953125;1716;
1124,525;37,44117736816406;1724,461181640625;1716;
1124,526;38,32353210449219;1714,6519775390625;1716;
1124,527;38,07646942138672;1716,61376953125;1716;
1124,528;37,88235092163086;1722,499267578125;1716;
1124,529;38,05882263183594;1722,499267578125;1716;
1124,53;37,44117736816406;1716,61376953125;1716;
1124,531;38,32353210449219;1712,68994140625;1716;
1124,532;37,98823547363281;1716,61376953125;1716;
1124,533;37,88235092163086;1720,53759765625;1716;
1124,534;38,05882263183594;1724,461181640625;1716;
1124,535;37,44117736816406;1712,68994140625;1716;
1124,536;38,32353210449219;1714,6519775390625;1716;
1124,537;37,98823547363281;1718,5755615234375;1716;
1124,538;37,88235092163086;1728,3848876953125;1716;
1124,539;38,05882263183594;1724,461181640625;1716;
1124,54;37,44117736816406;1716,61376953125;1716;
1124,541;38,32353210449219;1712,68994140625;1716;
1124,542;37,98823547363281;1718,5755615234375;1716;
1124,543;37,88235092163086;1730,3466796875;1716;
1124,544;38,05882263183594;1724,461181640625;1716;
1124,545;37,44117736816406;1710,728271484375;1716;
1124,546;38,32353210449219;1712,68994140625;1716;
1124,547;37,98823547363281;1720,53759765625;1716;
1124,548;37,88235092163086;1730,3466796875;1716;
1124,549;38,05882263183594;1724,461181640625;1716;
1124,55;37,44117736816406;1708,766357421875;1716;
1124,551;38,32353210449219;1710,728271484375;1716;
1124,552;37,98823547363281;1718,5755615234375;1716;
1124,553;37,88235092163086;1730,3466796875;1716;
1124,554;38,05882263183594;1724,461181640625;1716;
1124,555;37,44117736816406;1712,68994140625;1716;
1124,556;38,32353210449219;1712,68994140625;1716;
1124,557;37,98823547363281;1720,53759765625;1716;
1124,558;36,67411422729492;1728,3848876953125;1716;
1124,559;38,13587951660156;1722,499267578125;1716;
1124,56;37,500587463378906;1708,766357421875;1716;
1124,561;38,38999938964844;1708,766357421875;1716;
1124,562;38,05881881713867;1720,53759765625;1716;
1124,563;37,96352767944336;1724,461181640625;1716;
1124,564;38,160587310791016;1724,461181640625;1716;
1124,565;37,525291442871094;1712,68994140625;1716;
1124,566;38,40470504760742;1714,6519775390625;1716;
1124,567;38,07117462158203;1720,53759765625;1716;
1124,568;37,97235107421875;1726,4228515625;1716;
1124,569;38,160587310791016;1722,499267578125;1716;
1124,57;37,528236389160156;1712,68994140625;1716;
1124,571;38,40999984741211;1712,68994140625;1716;
1124,572;38,174705505371094;1732,3084716796875;1716;
1124,573;37,961761474609375;1726,4228515625;1716;
1124,574;38,15058517456055;1720,53759765625;1716;
1124,575;37,508819580078125;1712,68994140625;1716;
1124,576;38,38999938964844;1718,5755615234375;1716;
1124,577;38,05352783203125;1720,53759765625;1716;
1124,578;37,94293975830078;1724,461181640625;1716;
1124,579;38,248233795166016;1716,61376953125;1716;
1124,58;37,50529479980469;1712,68994140625;1716;
1124,581;38,12294006347656;1718,5755615234375;1716;
1124,582;38,132938385009766;1720,53759765625;1716;
1124,583;37,94293975830078;1724,461181640625;1716;
1124,584;38,21470260620117;1710,728271484375;1716;
1124,585;37,59646987915039;1712,68994140625;1716;
1124,586;38,48235321044922;1718,5755615234375;1716;
1124,587;38,14529037475586;1722,499267578125;1716;
1124,588;38,04882049560547;1724,461181640625;1716;
1124,589;38,243526458740234;1708,766357421875;1716;
1124,59;37,593528747558594;1714,6519775390625;1716;
1124,591;38,21235275268555;1724,461181640625;1716;
1124,592;38,14293670654297;1726,4228515625;1716;
1124,593;38,04235076904297;1724,461181640625;1716;
1124,594;38,23881912231445;1710,728271484375;1716;
1124,595;37,6035270690918;1710,728271484375;1716;
1124,596;38,22352981567383;1722,499267578125;1716;
1124,597;38,14999771118164;1728,3848876953125;1716;
1124,598;38,041175842285156;1724,461181640625;1716;
1124,599;38,23411560058594;1706,8046875;1716;
1124,6;37,593528747558594;1712,68994140625;1716;
1124,601;38,22235107421875;1722,499267578125;1716;
1124,602;38,158233642578125;1730,3466796875;1716;
1124,603;38,06175994873047;1724,461181640625;1716;
1124,604;38,26764678955078;1706,8046875;1716;
1124,605;37,63235092163086;1706,8046875;1716;
1124,606;38,24882125854492;1722,499267578125;1716;
1124,607;38,18293762207031;1728,3848876953125;1716;
1124,608;38,07999801635742;1724,461181640625;1716;
1124,609;38,265289306640625;1708,766357421875;1716;
1124,61;37,62705612182617;1710,728271484375;1716;
1124,611;38,23999786376953;1722,499267578125;1716;
1124,612;38,16764450073242;1730,3466796875;1716;
1124,613;38,060585021972656;1724,461181640625;1716;
1124,614;38,24882125854492;1708,766357421875;1716;
1124,615;37,60411834716797;1708,766357421875;1716;
1124,616;38,21117401123047;1722,499267578125;1716;
1124,617;38,139408111572266;1730,3466796875;1716;
1124,618;38,47529220581055;1722,499267578125;1716;
1124,619;38,235877990722656;1708,766357421875;1716;
1124,62;37,59529113769531;1710,728271484375;1716;
1124,621;38,21411895751953;1722,499267578125;1716;
1124,622;38,13882064819336;1726,4228515625;1716;
1124,623;38,48117446899414;1724,461181640625;1716;
1124,624;38,23117446899414;1706,8046875;1716;
1124,625;37,59941101074219;1708,766357421875;1716;
1124,626;38,211761474609375;1722,499267578125;1716;
1124,627;38,14411544799805;1726,4228515625;1716;
1124,628;38,47705841064453;1722,499267578125;1716;
1124,629;38,234703063964844;1712,68994140625;1716;
1124,63;37,5941162109375;1716,61376953125;1716;
1124,631;38,21058654785156;1722,499267578125;1716;
1124,632;38,13823318481445;1728,3848876953125;1716;
1124,633;38,48176574707031;1720,53759765625;1716;
1124,634;38,230587005615234;1710,728271484375;1716;
1124,635;37,598236083984375;1712,68994140625;1716;
1124,636;38,20823287963867;1720,53759765625;1716;
1124,637;38,14529037475586;1726,4228515625;1716;
1124,638;38,47529220581055;1714,6519775390625;1716;
1124,639;38,23117446899414;1712,68994140625;1716;
1124,64;37,59529113769531;1716,61376953125;1716;
1124,641;38,217647552490234;1728,3848876953125;1716;
1124,642;38,14352798461914;1724,461181640625;1716;
1124,643;38,47529220581055;1714,6519775390625;1716;
1124,644;38,23176193237305;1710,728271484375;1716;
1124,645;37,59529113769531;1718,5755615234375;1716;
1124,646;38,21235275268555;1724,461181640625;1716;
1124,647;38,14293670654297;1726,4228515625;1716;
1124,648;38,47764587402344;1714,6519775390625;1716;
1124,649;38,23411560058594;1710,728271484375;1716;
1124,65;38,034114837646484;1720,53759765625;1716;
1124,651;38,21235275268555;1730,3466796875;1716;
1124,652;38,14234924316406;1726,4228515625;1716;
1124,653;38,478233337402344;1708,766357421875;1716;
1124,654;38,23234939575195;1708,766357421875;1716;
1124,655;38,03764724731445;1720,53759765625;1716;
1124,656;38,21706008911133;1726,4228515625;1716;
1124,657;38,13999557495117;1724,461181640625;1716;
1124,658;38,47764587402344;1710,728271484375;1716;
1124,659;38,23293685913086;1708,766357421875;1716;
1124,66;38,03588104248047;1722,499267578125;1716;
1124,661;38,21470260620117;1730,3466796875;1716;
1124,662;38,14352798461914;1726,4228515625;1716;
1124,663;38,48235321044922;1710,728271484375;1716;
1124,664;38,228233337402344;1706,8046875;1716;
1124,665;38,034706115722656;1720,53759765625;1716;
1124,666;38,21352767944336;1730,3466796875;1716;
1124,667;37,5905876159668;1728,3848876953125;1716;
1124,668;38,46823501586914;1708,766357421875;1716;
1124,669;38,16646957397461;1708,766357421875;1716;
1124,67;37,97117614746094;1722,499267578125;1716;
1124,671;38,147647857666016;1728,3848876953125;1716;
1124,672;38,07764434814453;1726,4228515625;1716;
1124,673;38,41117477416992;1710,728271484375;1716;
1124,674;38,16529083251953;1706,8046875;1716;
1124,675;37,97117614746094;1718,5755615234375;1716;
1124,676;38,147647857666016;1730,3466796875;1716;
1124,677;38,07823181152344;1728,3848876953125;1716;
1124,678;38,41411590576172;1710,728271484375;1716;
1124,679;38,16646957397461;1710,728271484375;1716;
1124,68;37,97235107421875;1722,499267578125;1716;
1124,681;38,06058883666992;1728,3848876953125;1716;
1124,682;37,53293991088867;1726,4228515625;1716;
1124,683;38,412940979003906;1712,68994140625;1716;
1124,684;38,16646957397461;1712,68994140625;1716;
1124,685;37,97235107421875;1718,5755615234375;1716;
1124,686;38,14882278442383;1728,3848876953125;1716;
1124,687;37,53117752075195;1720,53759765625;1716;
1124,688;38,41353225708008;1714,6519775390625;1716;
1124,689;38,16646957397461;1710,728271484375;1716;
1124,69;37,97235107421875;1724,461181640625;1716;
1124,691;38,14882278442383;1726,4228515625;1716;
1124,692;37,53117752075195;1716,61376953125;1716;
1124,693;38,412940979003906;1716,61376953125;1716;
1124,694;38,16646957397461;1712,68994140625;1716;
1124,695;37,97235107421875;1724,461181640625;1716;
1124,696;38,14882278442383;1724,461181640625;1716;
1124,697;37,53117752075195;1720,53759765625;1716;
1124,698;38,412940979003906;1714,6519775390625;1716;
1124,699;38,07823181152344;1718,5755615234375;1716;
1124,7;37,97235107421875;1726,4228515625;1716;
1124,701;38,14882278442383;1724,461181640625;1716;
1124,702;37,53117752075195;1718,5755615234375;1716;
1124,703;38,412940979003906;1714,6519775390625;1716;
1124,704;38,07823181152344;1718,5755615234375;1716;
1124,705;37,97235107421875;1726,4228515625;1716;
1124,706;38,14882278442383;1724,461181640625;1716;
1124,707;37,53117752075195;1714,6519775390625;1716;
1124,708;38,412940979003906;1712,68994140625;1716;
1124,709;38,07823181152344;1718,5755615234375;1716;
1124,71;37,97235107421875;1726,4228515625;1716;
1124,711;38,14882278442383;1722,499267578125;1716;
1124,712;37,53117752075195;1710,728271484375;1716;
1124,713;38,412940979003906;1714,6519775390625;1716;
1124,714;38,07823181152344;1718,5755615234375;1716;
1124,715;37,97235107421875;1728,3848876953125;1716;
1124,716;38,16646957397461;1726,4228515625;1716;
1124,717;37,53117752075195;1710,728271484375;1716;
1124,718;38,412940979003906;1712,68994140625;1716;
1124,719;38,07823181152344;1718,5755615234375;1716;
1124,72;37,97235107421875;1728,3848876953125;1716;
1124,721;38,14882278442383;1724,461181640625;1716;
1124,722;37,53117752075195;1708,766357421875;1716;
1124,723;38,41353225708008;1712,68994140625;1716;
1124,724;38,07823181152344;1718,5755615234375;1716;
1124,725;37,97235107421875;1728,3848876953125;1716;
1124,726;38,16646957397461;1726,4228515625;1716;
1124,727;37,53117752075195;1710,728271484375;1716;
1124,728;38,412940979003906;1712,68994140625;1716;
1124,729;38,07823181152344;1718,5755615234375;1716;
1124,73;37,97235107421875;1728,3848876953125;1716;
1124,731;38,16646957397461;1724,461181640625;1716;
1124,732;37,53117752075195;1710,728271484375;1716;
1124,733;38,412940979003906;1712,68994140625;1716;
1124,734;38,07823181152344;1720,53759765625;1716;
1124,735;37,97235107421875;1728,3848876953125;1716;
1124,736;38,16646957397461;1724,461181640625;1716;
1124,737;37,53117752075195;1714,6519775390625;1716;
1124,738;38,412940979003906;1712,68994140625;1716;
1124,739;38,07823181152344;1718,5755615234375;1716;
1124,74;37,97235107421875;1728,3848876953125;1716;
1124,741;38,16646957397461;1720,53759765625;1716;
1124,742;37,53117752075195;1710,728271484375;1716;
1124,743;38,412940979003906;1712,68994140625;1716;
1124,744;38,07823181152344;1720,53759765625;1716;
1124,745;37,97235107421875;1724,461181640625;1716;
1124,746;38,16646957397461;1720,53759765625;1716;
1124,747;37,53117752075195;1714,6519775390625;1716;
1124,748;38,412940979003906;1714,6519775390625;1716;
1124,749;38,078819274902344;1722,499267578125;1716;
1124,75;37,97235107421875;1726,4228515625;1716;
1124,751;38,16646957397461;1720,53759765625;1716;
1124,752;37,53293991088867;1712,68994140625;1716;
1124,753;38,412940979003906;1722,499267578125;1716;
1124,754;38,078819274902344;1720,53759765625;1716;
1124,755;37,97235107421875;1724,461181640625;1716;
1124,756;38,16646957397461;1718,5755615234375;1716;
1124,757;37,53117752075195;1712,68994140625;1716;
1124,758;38,148231506347656;1720,53759765625;1716;
1124,759;38,07823181152344;1724,461181640625;1716;
1124,76;37,97235107421875;1724,461181640625;1716;
1124,761;38,16646957397461;1708,766357421875;1716;
1124,762;37,53117752075195;1712,68994140625;1716;
1124,763;38,14882278442383;1720,53759765625;1716;
1124,764;38,078819274902344;1724,461181640625;1716;
1124,765;37,97235107421875;1724,461181640625;1716;
1124,766;38,16646957397461;1712,68994140625;1716;
1124,767;37,53117752075195;1712,68994140625;1716;
1124,768;38,14882278442383;1722,499267578125;1716;
1124,769;38,078819274902344;1730,3466796875;1716;
1124,77;37,97235107421875;1724,461181640625;1716;
1124,771;38,16646957397461;1708,766357421875;1716;
1124,772;37,53117752075195;1710,728271484375;1716;
1124,773;38,14882278442383;1722,499267578125;1716;
1124,774;38,07823181152344;1728,3848876953125;1716;
1124,775;37,97235107421875;1722,499267578125;1716;
1124,776;38,16646957397461;1708,766357421875;1716;
1124,777;37,53117752075195;1712,68994140625;1716;
1124,778;38,14882278442383;1724,461181640625;1716;
1124,779;38,078819274902344;1730,3466796875;1716;
1124,78;37,97235107421875;1726,4228515625;1716;
1124,781;38,16646957397461;1706,8046875;1716;
1124,782;37,53117752075195;1706,8046875;1716;
1124,783;38,14882278442383;1722,499267578125;1716;
1124,784;38,07999801635742;1730,3466796875;1716;
1124,785;38,41353225708008;1724,461181640625;1716;
1124,786;38,16646957397461;1712,68994140625;1716;
1124,787;37,53176498413086;1712,68994140625;1716;
1124,788;38,147647857666016;1722,499267578125;1716;
1124,789;38,07823181152344;1730,3466796875;1716;
1124,79;38,41353225708008;1716,61376953125;1716;
1124,791;38,167057037353516;1708,766357421875;1716;
1124,792;37,53058624267578;1708,766357421875;1716;
1124,793;38,148231506347656;1724,461181640625;1716;
1124,794;38,07764434814453;1728,3848876953125;1716;
1124,795;38,412940979003906;1716,61376953125;1716;
1124,796;38,16646957397461;1708,766357421875;1716;
1124,797;37,53293991088867;1710,728271484375;1716;
1124,798;38,147647857666016;1722,499267578125;1716;
1124,799;38,07999801635742;1726,4228515625;1716;
1124,8;38,4282341003418;1716,61376953125;1716;
1124,801;38,16646957397461;1710,728271484375;1716;
1124,802;37,44411849975586;1710,728271484375;1716;
1124,803;38,061763763427734;1720,53759765625;1716;
1124,804;37,98823547363281;1726,4228515625;1716;
1124,805;38,32353210449219;1722,499267578125;1716;
1124,806;38,07646942138672;1710,728271484375;1716;
1124,807;37,44117736816406;1718,5755615234375;1716;
1124,808;38,05882263183594;1724,461181640625;1716;
1124,809;37,98823547363281;1728,3848876953125;1716;
1124,81;38,32353210449219;1718,5755615234375;1716;
1124,811;38,07646942138672;1710,728271484375;1716;
1124,812;37,88235092163086;1720,53759765625;1716;
1124,813;38,05882263183594;1726,4228515625;1716;
1124,814;37,98823547363281;1726,4228515625;1716;
1124,815;38,32353210449219;1712,68994140625;1716;
1124,816;38,07646942138672;1708,766357421875;1716;
1124,817;37,88235092163086;1718,5755615234375;1716;
1124,818;38,05882263183594;1724,461181640625;1716;
1124,819;37,98823547363281;1726,4228515625;1716;
1124,82;38,32353210449219;1710,728271484375;1716;
1124,821;38,07646942138672;1710,728271484375;1716;
1124,822;37,88235092163086;1718,5755615234375;1716;
1124,823;38,05882263183594;1726,4228515625;1716;
1124,824;37,98823547363281;1726,4228515625;1716;
1124,825;38,32353210449219;1712,68994140625;1716;
1124,826;38,07646942138672;1708,766357421875;1716;
1124,827;37,88235092163086;1718,5755615234375;1716;
1124,828;38,05882263183594;1730,3466796875;1716;
1124,829;37,98823547363281;1724,461181640625;1716;
1124,83;38,32353210449219;1710,728271484375;1716;
1124,831;38,07646942138672;1706,8046875;1716;
1124,832;37,88235092163086;1718,5755615234375;1716;
1124,833;38,05882263183594;1728,3848876953125;1716;
1124,834;37,98823547363281;1726,4228515625;1716;
1124,835;38,32353210449219;1708,766357421875;1716;
1124,836;38,07646942138672;1706,8046875;1716;
1124,837;37,88235092163086;1720,53759765625;1716;
1124,838;38,05882263183594;1728,3848876953125;1716;
1124,839;37,98823547363281;1726,4228515625;1716;
1124,84;38,32353210449219;1712,68994140625;1716;
1124,841;38,07646942138672;1706,8046875;1716;
1124,842;37,945289611816406;1718,5755615234375;1716;
1124,843;38,12411880493164;1730,3466796875;1716;
1124,844;37,502349853515625;1724,461181640625;1716;
1124,845;38,39470291137695;1708,766357421875;1716;
1124,846;38,15176010131836;1706,8046875;1716;
1124,847;37,96352767944336;1720,53759765625;1716;
1124,848;38,14588165283203;1728,3848876953125;1716;
1124,849;37,525291442871094;1726,4228515625;1716;
1124,85;38,40764617919922;1714,6519775390625;1716;
1124,851;38,169410705566406;1706,8046875;1716;
1124,852;37,96940994262695;1720,53759765625;1716;
1124,853;38,140586853027344;1726,4228515625;1716;
1124,854;37,528236389160156;1724,461181640625;1716;
1124,855;38,40705871582031;1710,728271484375;1716;
1124,856;38,155879974365234;1710,728271484375;1716;
1124,857;37,955291748046875;1720,53759765625;1716;
1124,858;38,12823486328125;1728,3848876953125;1716;
1124,859;37,51058578491211;1726,4228515625;1716;
1124,86;38,387062072753906;1714,6519775390625;1716;
1124,861;38,13999938964844;1706,8046875;1716;
1124,862;37,94881820678711;1720,53759765625;1716;
1124,863;38,12294006347656;1724,461181640625;1716;
1124,864;37,50529479980469;1708,766357421875;1716;
1124,865;38,38176345825195;1714,6519775390625;1716;
1124,866;38,22175979614258;1714,6519775390625;1716;
1124,867;38,02705764770508;1722,499267578125;1716;
1124,868;38,3341178894043;1724,461181640625;1716;
1124,869;37,60588073730469;1718,5755615234375;1716;
1124,87;38,48235321044922;1714,6519775390625;1716;
1124,871;38,24293899536133;1714,6519775390625;1716;
1124,872;38,04587936401367;1724,461181640625;1716;
1124,873;38,20882034301758;1726,4228515625;1716;
1124,874;37,59529113769531;1712,68994140625;1716;
1124,875;38,47764587402344;1714,6519775390625;1716;
1124,876;38,14293670654297;1718,5755615234375;1716;
1124,877;38,041175842285156;1728,3848876953125;1716;
1124,878;38,21882247924805;1722,499267578125;1716;
1124,879;37,60588073730469;1712,68994140625;1716;
1124,88;38,485294342041016;1712,68994140625;1716;
1124,881;38,15117645263672;1718,5755615234375;1716;
1124,882;38,04587936401367;1728,3848876953125;1716;
1124,883;38,21411895751953;1726,4228515625;1716;
1124,884;37,59941101074219;1710,728271484375;1716;
1124,885;38,49529266357422;1712,68994140625;1716;
1124,886;38,174705505371094;1718,5755615234375;1716;
1124,887;38,07587814331055;1730,3466796875;1716;
1124,888;38,2529411315918;1724,461181640625;1716;
1124,889;37,63823699951172;1708,766357421875;1716;
1124,89;38,519412994384766;1710,728271484375;1716;
1124,891;38,188232421875;1718,5755615234375;1716;
1124,892;38,07352828979492;1730,3466796875;1716;
1124,893;38,2435302734375;1724,461181640625;1716;
1124,894;37,627647399902344;1712,68994140625;1716;
1124,895;38,50117492675781;1714,6519775390625;1716;
1124,896;38,160587310791016;1718,5755615234375;1716;
1124,897;38,052940368652344;1730,3466796875;1716;
1124,898;38,24528884887695;1722,499267578125;1716;
1124,899;37,598236083984375;1712,68994140625;1716;
1124,9;38,485294342041016;1708,766357421875;1716;
1124,901;38,14352798461914;1720,53759765625;1716;
1124,902;38,03999710083008;1726,4228515625;1716;
1124,903;38,230587005615234;1720,53759765625;1716;
1124,904;37,59587860107422;1712,68994140625;1716;
1124,905;38,47352981567383;1712,68994140625;1716;
1124,906;38,14352798461914;1718,5755615234375;1716;
1124,907;38,03705596923828;1724,461181640625;1716;
1124,908;38,23176193237305;1724,461181640625;1716;
1124,909;37,5970573425293;1710,728271484375;1716;
1124,91;38,48117446899414;1710,728271484375;1716;
1124,911;38,139408111572266;1720,53759765625;1716;
1124,912;38,038818359375;1724,461181640625;1716;
1124,913;38,230587005615234;1722,499267578125;1716;
1124,914;37,59941101074219;1714,6519775390625;1716;
1124,915;38,47999954223633;1714,6519775390625;1716;
1124,916;38,14293670654297;1722,499267578125;1716;
1124,917;38,0323486328125;1726,4228515625;1716;
1124,918;38,23411560058594;1720,53759765625;1716;
1124,919;37,593528747558594;1712,68994140625;1716;
1124,92;38,476470947265625;1722,499267578125;1716;
1124,921;38,13764572143555;1720,53759765625;1716;
1124,922;38,04235076904297;1724,461181640625;1716;
1124,923;38,22764587402344;1716,61376953125;1716;
1124,924;37,59646987915039;1712,68994140625;1716;
1124,925;38,476470947265625;1718,5755615234375;1716;
1124,926;38,14411544799805;1726,4228515625;1716;
1124,927;38,03293991088867;1724,461181640625;1716;
1124,928;38,22999954223633;1708,766357421875;1716;
1124,929;37,5970573425293;1712,68994140625;1716;
1124,93;38,47705841064453;1720,53759765625;1716;
1124,931;38,145877838134766;1722,499267578125;1716;
1124,932;38,034706115722656;1722,499267578125;1716;
1124,933;38,22999954223633;1712,68994140625;1716;
1124,934;37,59646987915039;1712,68994140625;1716;
1124,935;38,21352767944336;1720,53759765625;1716;
1124,936;38,14234924316406;1726,4228515625;1716;
1124,937;38,03764724731445;1724,461181640625;1716;
1124,938;38,23411560058594;1708,766357421875;1716;
1124,939;37,5941162109375;1712,68994140625;1716;
1124,94;38,21058654785156;1722,499267578125;1716;
1124,941;38,14117431640625;1726,4228515625;1716;
1124,942;38,03588104248047;1724,461181640625;1716;
1124,943;38,23176193237305;1708,766357421875;1716;
1124,944;37,59529113769531;1710,728271484375;1716;
1124,945;38,21411895751953;1722,499267578125;1716;
1124,946;38,141761779785156;1730,3466796875;1716;
1124,947;38,03588104248047;1726,4228515625;1716;
1124,948;38,229408264160156;1706,8046875;1716;
1124,949;37,5941162109375;1706,8046875;1716;
1124,95;38,211761474609375;1722,499267578125;1716;
1124,951;38,13764572143555;1728,3848876953125;1716;
1124,952;39,241172790527344;1724,461181640625;1716;
1124,953;38,16764450073242;1708,766357421875;1716;
1124,954;37,53058624267578;1710,728271484375;1716;
1124,955;38,149410247802734;1724,461181640625;1716;
1124,956;38,077056884765625;1732,3084716796875;1716;
1124,957;37,971763610839844;1724,461181640625;1716;
1124,958;38,18294143676758;1708,766357421875;1716;
1124,959;37,53058624267578;1708,766357421875;1716;
1124,96;38,147647857666016;1720,53759765625;1716;
1124,961;38,07823181152344;1730,3466796875;1716;
1124,962;37,974117279052734;1726,4228515625;1716;
1124,963;38,16587829589844;1710,728271484375;1716;
1124,964;37,529998779296875;1710,728271484375;1716;
1124,965;38,14882278442383;1724,461181640625;1716;
1124,966;38,07823181152344;1730,3466796875;1716;
1124,967;38,4152946472168;1718,5755615234375;1716;
1124,968;38,16587829589844;1710,728271484375;1716;
1124,969;37,529998779296875;1710,728271484375;1716;
1124,97;38,14882278442383;1720,53759765625;1716;
1124,971;38,07823181152344;1726,4228515625;1716;
1124,972;38,41353225708008;1724,461181640625;1716;
1124,973;38,167057037353516;1708,766357421875;1716;
1124,974;37,529998779296875;1710,728271484375;1716;
1124,975;38,14882278442383;1724,461181640625;1716;
1124,976;38,07823181152344;1728,3848876953125;1716;
1124,977;38,41353225708008;1720,53759765625;1716;
1124,978;38,16587829589844;1710,728271484375;1716;
1124,979;37,529998779296875;1718,5755615234375;1716;
1124,98;38,14882278442383;1722,499267578125;1716;
1124,981;38,07823181152344;1724,461181640625;1716;
1124,982;38,41353225708008;1718,5755615234375;1716;
1124,983;38,16587829589844;1710,728271484375;1716;
1124,984;37,97117614746094;1718,5755615234375;1716;
1124,985;38,14882278442383;1724,461181640625;1716;
1124,986;38,07823181152344;1726,4228515625;1716;
1124,987;38,4152946472168;1716,61376953125;1716;
1124,988;38,16587829589844;1708,766357421875;1716;
1124,989;37,972938537597656;1716,61376953125;1716;
1124,99;38,14882278442383;1724,461181640625;1716;
1124,991;38,07823181152344;1726,4228515625;1716;
1124,992;38,41353225708008;1712,68994140625;1716;
1124,993;38,16587829589844;1706,8046875;1716;
1124,994;37,972938537597656;1720,53759765625;1716;
1124,995;38,14882278442383;1724,461181640625;1716;
1124,996;38,07823181152344;1724,461181640625;1716;
1124,997;38,4152946472168;1710,728271484375;1716;
1124,998;38,16587829589844;1710,728271484375;1716;
1124,999;37,972938537597656;1718,5755615234375;1716;
1125;38,14882278442383;1728,3848876953125;1716;
1125,001;38,07823181152344;1726,4228515625;1716;
1125,002;38,4152946472168;1708,766357421875;1716;
1125,003;38,16587829589844;1706,8046875;1716;
1125,004;37,972938537597656;1720,53759765625;1716;
1125,005;38,14882278442383;1728,3848876953125;1716;
1125,006;38,07823181152344;1728,3848876953125;1716;
1125,007;38,4152946472168;1710,728271484375;1716;
1125,008;38,16587829589844;1706,8046875;1716;
1125,009;37,972938537597656;1720,53759765625;1716;
1125,01;38,14882278442383;1728,3848876953125;1716;
1125,011;38,07823181152344;1728,3848876953125;1716;
1125,012;38,4152946472168;1708,766357421875;1716;
1125,013;38,16587829589844;1706,8046875;1716;
1125,014;37,972938537597656;1720,53759765625;1716;
1125,015;38,14882278442383;1728,3848876953125;1716;
1125,016;37,53117752075195;1726,4228515625;1716;
1125,017;38,4152946472168;1710,728271484375;1716;
1125,018;38,16587829589844;1706,8046875;1716;
1125,019;37,972938537597656;1720,53759765625;1716;
1125,02;38,14882278442383;1730,3466796875;1716;
1125,021;38,07823181152344;1728,3848876953125;1716;
1125,022;38,4152946472168;1714,6519775390625;1716;
1125,023;38,167057037353516;1708,766357421875;1716;
1125,024;37,972938537597656;1718,5755615234375;1716;
1125,025;38,14882278442383;1730,3466796875;1716;
1125,026;38,077056884765625;1728,3848876953125;1716;
1125,027;38,4152946472168;1714,6519775390625;1716;
1125,028;38,16587829589844;1704,8426513671875;1716;
1125,029;37,974117279052734;1720,53759765625;1716;
1125,03;38,14882278442383;1728,3848876953125;1716;
1125,031;37,529998779296875;1726,4228515625;1716;
1125,032;38,4152946472168;1716,61376953125;1716;
1125,033;38,167057037353516;1708,766357421875;1716;
1125,034;37,974117279052734;1718,5755615234375;1716;
1125,035;38,14882278442383;1728,3848876953125;1716;
1125,036;37,529998779296875;1720,53759765625;1716;
1125,037;38,4152946472168;1712,68994140625;1716;
1125,038;38,16587829589844;1708,766357421875;1716;
1125,039;37,974117279052734;1720,53759765625;1716;
1125,04;38,14882278442383;1724,461181640625;1716;
1125,041;37,529998779296875;1724,461181640625;1716;
1125,042;38,4152946472168;1716,61376953125;1716;
1125,043;38,16587829589844;1712,68994140625;1716;
1125,044;37,972938537597656;1722,499267578125;1716;
1125,045;38,14882278442383;1726,4228515625;1716;
1125,046;37,529998779296875;1720,53759765625;1716;
1125,047;38,4152946472168;1712,68994140625;1716;
1125,048;38,07764434814453;1716,61376953125;1716;
1125,049;37,972938537597656;1722,499267578125;1716;
1125,05;38,14882278442383;1724,461181640625;1716;
1125,051;37,529998779296875;1720,53759765625;1716;
1125,052;38,4152946472168;1712,68994140625;1716;
1125,053;38,077056884765625;1716,61376953125;1716;
1125,054;37,972938537597656;1722,499267578125;1716;
1125,055;38,14882278442383;1724,461181640625;1716;
1125,056;37,529998779296875;1716,61376953125;1716;
1125,057;38,4152946472168;1712,68994140625;1716;
1125,058;38,077056884765625;1716,61376953125;1716;
1125,059;37,972938537597656;1722,499267578125;1716;
1125,06;38,14882278442383;1722,499267578125;1716;
1125,061;37,53117752075195;1710,728271484375;1716;
1125,062;38,4152946472168;1714,6519775390625;1716;
1125,063;38,077056884765625;1716,61376953125;1716;
1125,064;37,972938537597656;1728,3848876953125;1716;
1125,065;38,14882278442383;1726,4228515625;1716;
1125,066;37,53117752075195;1710,728271484375;1716;
1125,067;38,4152946472168;1712,68994140625;1716;
1125,068;38,07823181152344;1718,5755615234375;1716;
1125,069;37,98882293701172;1724,461181640625;1716;
1125,07;38,14882278442383;1722,499267578125;1716;
1125,071;37,529998779296875;1710,728271484375;1716;
1125,072;38,41353225708008;1710,728271484375;1716;
1125,073;38,078819274902344;1718,5755615234375;1716;
1125,074;37,97235107421875;1730,3466796875;1716;
1125,075;38,14882278442383;1726,4228515625;1716;
1125,076;37,53117752075195;1710,728271484375;1716;
1125,077;38,41411590576172;1712,68994140625;1716;
1125,078;38,07764434814453;1718,5755615234375;1716;
1125,079;37,97235107421875;1728,3848876953125;1716;
1125,08;38,16646957397461;1724,461181640625;1716;
1125,081;37,53293991088867;1708,766357421875;1716;
1125,082;38,412940979003906;1710,728271484375;1716;
1125,083;38,08293914794922;1718,5755615234375;1716;
1125,084;37,97764587402344;1728,3848876953125;1716;
1125,085;38,079410552978516;1722,499267578125;1716;
1125,086;37,44411849975586;1714,6519775390625;1716;
1125,087;38,32588195800781;1712,68994140625;1716;
1125,088;38,094120025634766;1728,3848876953125;1716;
1125,089;37,88235092163086;1728,3848876953125;1716;
1125,09;38,078819274902344;1726,4228515625;1716;
1125,091;37,44117736816406;1712,68994140625;1716;
1125,092;38,32353210449219;1710,728271484375;1716;
1125,093;37,98823547363281;1720,53759765625;1716;
1125,094;37,88235092163086;1728,3848876953125;1716;
1125,095;38,07646942138672;1718,5755615234375;1716;
1125,096;37,44117736816406;1712,68994140625;1716;
1125,097;38,32353210449219;1712,68994140625;1716;
1125,098;37,98823547363281;1718,5755615234375;1716;
1125,099;37,88235092163086;1724,461181640625;1716;
1125,1;38,07646942138672;1716,61376953125;1716;
1125,101;37,44117736816406;1712,68994140625;1716;
1125,102;38,32353210449219;1718,5755615234375;1716;
1125,103;37,98823547363281;1720,53759765625;1716;
1125,104;37,88235092163086;1724,461181640625;1716;
1125,105;38,07646942138672;1720,53759765625;1716;
1125,106;37,44117736816406;1714,6519775390625;1716;
1125,107;38,32353210449219;1716,61376953125;1716;
1125,108;37,98823547363281;1724,461181640625;1716;
1125,109;37,88235092163086;1724,461181640625;1716;
1125,11;38,07646942138672;1718,5755615234375;1716;
1125,111;37,44117736816406;1714,6519775390625;1716;
1125,112;38,05882263183594;1720,53759765625;1716;
1125,113;37,98823547363281;1722,499267578125;1716;
1125,114;37,88235092163086;1724,461181640625;1716;
1125,115;38,07646942138672;1716,61376953125;1716;
1125,116;37,44117736816406;1708,766357421875;1716;
1125,117;38,126468658447266;1720,53759765625;1716;
1125,118;37,98823547363281;1724,461181640625;1716;
1125,119;37,88235092163086;1724,461181640625;1716;
1125,12;38,07646942138672;1712,68994140625;1716;
1125,121;37,44117736816406;1710,728271484375;1716;
1125,122;38,05882263183594;1722,499267578125;1716;
1125,123;37,98823547363281;1724,461181640625;1716;
1125,124;37,88235092163086;1722,499267578125;1716;
1125,125;38,139408111572266;1708,766357421875;1716;
1125,126;37,5064697265625;1712,68994140625;1716;
1125,127;38,12294006347656;1722,499267578125;1716;
1125,128;38,06117630004883;1726,4228515625;1716;
1125,129;38,392940521240234;1726,4228515625;1716;
1125,13;38,160587310791016;1706,8046875;1716;
1125,131;37,525291442871094;1710,728271484375;1716;
1125,132;38,14411926269531;1724,461181640625;1716;
1125,133;38,06940841674805;1726,4228515625;1716;
1125,134;37,96940994262695;1724,461181640625;1716;
1125,135;38,160587310791016;1708,766357421875;1716;
1125,136;37,528236389160156;1710,728271484375;1716;
1125,137;38,14470291137695;1724,461181640625;1716;
1125,138;38,070587158203125;1730,3466796875;1716;
1125,139;38,401763916015625;1726,4228515625;1716;
1125,14;38,15176010131836;1706,8046875;1716;
1125,141;37,513526916503906;1708,766357421875;1716;
1125,142;38,11941146850586;1722,499267578125;1716;
1125,143;38,051761627197266;1730,3466796875;1716;
1125,144;38,38999938964844;1724,461181640625;1716;
1125,145;38,13999938964844;1708,766357421875;1716;
1125,146;37,508235931396484;1712,68994140625;1716;
1125,147;38,20705795288086;1722,499267578125;1716;
1125,148;38,04999542236328;1728,3848876953125;1716;
1125,149;38,470001220703125;1724,461181640625;1716;
1125,15;38,224117279052734;1712,68994140625;1716;
1125,151;37,58940887451172;1708,766357421875;1716;
1125,152;38,21117401123047;1720,53759765625;1716;
1125,153;38,147056579589844;1730,3466796875;1716;
1125,154;38,48764419555664;1724,461181640625;1716;
1125,155;38,24293899536133;1710,728271484375;1716;
1125,156;37,5941162109375;1710,728271484375;1716;
1125,157;38,20882034301758;1722,499267578125;1716;
1125,158;38,141761779785156;1728,3848876953125;1716;
1125,159;38,47705841064453;1716,61376953125;1716;
1125,16;38,237056732177734;1710,728271484375;1716;
1125,161;37,6005859375;1712,68994140625;1716;
1125,162;38,22058868408203;1724,461181640625;1716;
1125,163;38,148231506347656;1726,4228515625;1716;
1125,164;38,485294342041016;1722,499267578125;1716;
1125,165;38,230587005615234;1710,728271484375;1716;
1125,166;37,5941162109375;1714,6519775390625;1716;
1125,167;38,211761474609375;1726,4228515625;1716;
1125,168;38,15705490112305;1726,4228515625;1716;
1125,169;38,5094108581543;1712,68994140625;1716;
1125,17;38,2664680480957;1712,68994140625;1716;
1125,171;38,07999801635742;1720,53759765625;1716;
1125,172;38,24764633178711;1724,461181640625;1716;
1125,173;38,182350158691406;1726,4228515625;1716;
1125,174;38,51764678955078;1716,61376953125;1716;
1125,175;38,26823425292969;1706,8046875;1716;
1125,176;38,07176208496094;1718,5755615234375;1716;
1125,177;38,2405891418457;1726,4228515625;1716;
1125,178;38,16587829589844;1724,461181640625;1716;
1125,179;38,49764633178711;1710,728271484375;1716;
1125,18;38,25117492675781;1710,728271484375;1716;
1125,181;38,04587936401367;1718,5755615234375;1716;
1125,182;38,221763610839844;1730,3466796875;1716;
1125,183;38,14293670654297;1728,3848876953125;1716;
1125,184;38,478824615478516;1710,728271484375;1716;
1125,185;38,22999954223633;1710,728271484375;1716;
1125,186;38,038818359375;1722,499267578125;1716;
1125,187;38,20647048950195;1730,3466796875;1716;
1125,188;37,59941101074219;1726,4228515625;1716;
1125,189;38,47941207885742;1710,728271484375;1716;
1125,19;38,22587966918945;1706,8046875;1716;
1125,191;38,031761169433594;1718,5755615234375;1716;
1125,192;38,21411895751953;1730,3466796875;1716;
1125,193;37,59646987915039;1730,3466796875;1716;
1125,194;38,480587005615234;1708,766357421875;1716;
1125,195;38,229408264160156;1706,8046875;1716;
1125,196;38,03999710083008;1722,499267578125;1716;
1125,197;38,21352767944336;1726,4228515625;1716;
1125,198;37,5970573425293;1726,4228515625;1716;
1125,199;38,476470947265625;1712,68994140625;1716;
1125,2;38,23411560058594;1706,8046875;1716;
1125,201;38,03823471069336;1718,5755615234375;1716;
1125,202;38,21352767944336;1726,4228515625;1716;
1125,203;37,59529113769531;1726,4228515625;1716;
1125,204;38,480587005615234;1714,6519775390625;1716;
1125,205;38,23234939575195;1708,766357421875;1716;
1125,206;38,04058837890625;1720,53759765625;1716;
1125,207;38,21294021606445;1730,3466796875;1716;
1125,208;37,5970573425293;1724,461181640625;1716;
1125,209;38,47941207885742;1712,68994140625;1716;
1125,21;38,23117446899414;1708,766357421875;1716;
1125,211;38,034114837646484;1724,461181640625;1716;
1125,212;38,21235275268555;1726,4228515625;1716;
1125,213;37,5941162109375;1726,4228515625;1716;
1125,214;38,478233337402344;1714,6519775390625;1716;
1125,215;38,14411544799805;1712,68994140625;1716;
1125,216;38,03764724731445;1720,53759765625;1716;
1125,217;38,21706008911133;1724,461181640625;1716;
1125,218;37,59646987915039;1724,461181640625;1716;
1125,219;38,47764587402344;1714,6519775390625;1716;
1125,22;38,22999954223633;1714,6519775390625;1716;
1125,221;38,03588104248047;1720,53759765625;1716;
1125,222;38,21470260620117;1726,4228515625;1716;
1125,223;37,59529113769531;1710,728271484375;1716;
1125,224;38,48235321044922;1714,6519775390625;1716;
1125,225;38,228233337402344;1712,68994140625;1716;
1125,226;38,03764724731445;1724,461181640625;1716;
1125,227;38,21235275268555;1722,499267578125;1716;
1125,228;37,59529113769531;1714,6519775390625;1716;
1125,229;38,478824615478516;1712,68994140625;1716;
1125,23;38,14117431640625;1716,61376953125;1716;
1125,231;38,03588104248047;1726,4228515625;1716;
1125,232;38,21352767944336;1726,4228515625;1716;
1125,233;37,60234832763672;1712,68994140625;1716;
1125,234;38,47470474243164;1714,6519775390625;1716;
1125,235;38,12940979003906;1718,5755615234375;1716;
1125,236;37,974117279052734;1730,3466796875;1716;
1125,237;38,147647857666016;1722,499267578125;1716;
1125,238;37,53058624267578;1710,728271484375;1716;
1125,239;38,412940979003906;1712,68994140625;1716;
1125,24;38,07587814331055;1718,5755615234375;1716;
1125,241;37,972938537597656;1730,3466796875;1716;
1125,242;38,147056579589844;1724,461181640625;1716;
1125,243;37,53058624267578;1710,728271484375;1716;
1125,244;38,41353225708008;1712,68994140625;1716;
1125,245;38,07764434814453;1718,5755615234375;1716;
1125,246;37,97235107421875;1730,3466796875;1716;
1125,247;38,14882278442383;1726,4228515625;1716;
1125,248;37,53117752075195;1708,766357421875;1716;
1125,249;38,412940979003906;1710,728271484375;1716;
1125,25;38,07823181152344;1718,5755615234375;1716;
1125,251;37,97235107421875;1726,4228515625;1716;
1125,252;38,14882278442383;1726,4228515625;1716;
1125,253;37,53117752075195;1710,728271484375;1716;
1125,254;38,412940979003906;1714,6519775390625;1716;
1125,255;38,07823181152344;1720,53759765625;1716;
1125,256;37,97235107421875;1728,3848876953125;1716;
1125,257;38,16646957397461;1726,4228515625;1716;
1125,258;37,53117752075195;1708,766357421875;1716;
1125,259;38,412940979003906;1710,728271484375;1716;
1125,26;38,07823181152344;1720,53759765625;1716;
1125,261;38,41353225708008;1726,4228515625;1716;
1125,262;38,16646957397461;1722,499267578125;1716;
1125,263;37,53293991088867;1712,68994140625;1716;
1125,264;38,412940979003906;1716,61376953125;1716;
1125,265;38,07823181152344;1720,53759765625;1716;
1125,266;37,97235107421875;1726,4228515625;1716;
1125,267;38,16646957397461;1720,53759765625;1716;
1125,268;37,53293991088867;1712,68994140625;1716;
1125,269;38,412940979003906;1716,61376953125;1716;
1125,27;38,078819274902344;1720,53759765625;1716;
1125,271;37,97235107421875;1724,461181640625;1716;
1125,272;38,16646957397461;1718,5755615234375;1716;
1125,273;37,53293991088867;1714,6519775390625;1716;
1125,274;38,14882278442383;1722,499267578125;1716;
1125,275;38,078819274902344;1724,461181640625;1716;
1125,276;37,97235107421875;1724,461181640625;1716;
1125,277;38,16646957397461;1714,6519775390625;1716;
1125,278;37,53117752075195;1714,6519775390625;1716;
1125,279;38,412940979003906;1718,5755615234375;1716;
1125,28;38,078819274902344;1722,499267578125;1716;
1125,281;37,97235107421875;1724,461181640625;1716;
1125,282;38,16646957397461;1712,68994140625;1716;
1125,283;37,53117752075195;1712,68994140625;1716;
1125,284;38,14882278442383;1722,499267578125;1716;
1125,285;38,078819274902344;1726,4228515625;1716;
1125,286;37,97235107421875;1726,4228515625;1716;
1125,287;38,16646957397461;1708,766357421875;1716;
1125,288;37,53117752075195;1712,68994140625;1716;
1125,289;38,14882278442383;1722,499267578125;1716;
1125,29;38,07823181152344;1726,4228515625;1716;
1125,291;37,97235107421875;1724,461181640625;1716;
1125,292;38,16646957397461;1710,728271484375;1716;
1125,293;37,53117752075195;1710,728271484375;1716;
1125,294;38,14882278442383;1724,461181640625;1716;
1125,295;38,07823181152344;1730,3466796875;1716;
1125,296;37,97235107421875;1726,4228515625;1716;
1125,297;38,16646957397461;1706,8046875;1716;
1125,298;37,53117752075195;1710,728271484375;1716;
1125,299;38,14882278442383;1722,499267578125;1716;
1125,3;38,07823181152344;1728,3848876953125;1716;
1125,301;37,97235107421875;1724,461181640625;1716;
1125,302;38,16646957397461;1706,8046875;1716;
1125,303;37,53117752075195;1710,728271484375;1716;
1125,304;38,14882278442383;1724,461181640625;1716;
1125,305;38,07823181152344;1730,3466796875;1716;
1125,306;38,41353225708008;1724,461181640625;1716;
1125,307;38,16646957397461;1708,766357421875;1716;
1125,308;37,53117752075195;1708,766357421875;1716;
1125,309;38,14882278442383;1720,53759765625;1716;
1125,31;38,078819274902344;1730,3466796875;1716;
1125,311;37,971763610839844;1726,4228515625;1716;
1125,312;38,16646957397461;1708,766357421875;1716;
1125,313;37,53117752075195;1710,728271484375;1716;
1125,314;38,14882278442383;1722,499267578125;1716;
1125,315;38,078819274902344;1730,3466796875;1716;
1125,316;38,412940979003906;1718,5755615234375;1716;
1125,317;38,16646957397461;1708,766357421875;1716;
1125,318;37,53117752075195;1710,728271484375;1716;
1125,319;38,14882278442383;1720,53759765625;1716;
1125,32;38,07764434814453;1730,3466796875;1716;
1125,321;38,412940979003906;1724,461181640625;1716;
1125,322;38,16646957397461;1708,766357421875;1716;
1125,323;37,53117752075195;1710,728271484375;1716;
1125,324;38,14882278442383;1722,499267578125;1716;
1125,325;38,07764434814453;1728,3848876953125;1716;
1125,326;38,412940979003906;1720,53759765625;1716;
1125,327;38,16646957397461;1710,728271484375;1716;
1125,328;37,53117752075195;1718,5755615234375;1716;
1125,329;38,14882278442383;1720,53759765625;1716;
1125,33;38,07764434814453;1726,4228515625;1716;
1125,331;38,412940979003906;1718,5755615234375;1716;
1125,332;38,16646957397461;1712,68994140625;1716;
1125,333;37,97235107421875;1714,6519775390625;1716;
1125,334;38,14882278442383;1724,461181640625;1716;
1125,335;38,07764434814453;1726,4228515625;1716;
1125,336;38,412940979003906;1716,61376953125;1716;
1125,337;38,167057037353516;1710,728271484375;1716;
1125,338;37,53117752075195;1716,61376953125;1716;
1125,339;38,14882278442383;1724,461181640625;1716;
1125,34;38,07764434814453;1726,4228515625;1716;
1125,341;38,41353225708008;1712,68994140625;1716;
1125,342;38,16646957397461;1710,728271484375;1716;
1125,343;37,53117752075195;1718,5755615234375;1716;
1125,344;38,14882278442383;1726,4228515625;1716;
1125,345;38,07764434814453;1724,461181640625;1716;
1125,346;38,41353225708008;1712,68994140625;1716;
1125,347;38,16646957397461;1710,728271484375;1716;
1125,348;37,97235107421875;1720,53759765625;1716;
1125,349;38,14882278442383;1726,4228515625;1716;
1125,35;38,07764434814453;1726,4228515625;1716;
1125,351;38,412940979003906;1708,766357421875;1716;
1125,352;38,16646957397461;1706,8046875;1716;
1125,353;37,97117614746094;1720,53759765625;1716;
1125,354;38,14882278442383;1728,3848876953125;1716;
1125,355;38,07823181152344;1726,4228515625;1716;
1125,356;38,412353515625;1710,728271484375;1716;
1125,357;38,16646957397461;1708,766357421875;1716;
1125,358;37,971763610839844;1722,499267578125;1716;
1125,359;38,14882278442383;1730,3466796875;1716;
1125,36;38,07999801635742;1728,3848876953125;1716;
1125,361;38,412353515625;1708,766357421875;1716;
1125,362;38,16529083251953;1706,8046875;1716;
1125,363;37,971763610839844;1720,53759765625;1716;
1125,364;38,14882278442383;1730,3466796875;1716;
1125,365;38,07646560668945;1728,3848876953125;1716;
1125,366;38,41353225708008;1710,728271484375;1716;
1125,367;38,16646957397461;1706,8046875;1716;
1125,368;37,965877532958984;1722,499267578125;1716;
1125,369;38,061763763427734;1730,3466796875;1716;
1125,37;37,44588088989258;1718,5755615234375;1716;
1125,371;38,32353210449219;1710,728271484375;1716;
1125,372;38,07646942138672;1706,8046875;1716;
1125,373;37,88235092163086;1718,5755615234375;1716;
1125,374;38,05882263183594;1724,461181640625;1716;
1125,375;37,44117736816406;1728,3848876953125;1716;
1125,376;38,32353210449219;1712,68994140625;1716;
1125,377;38,07646942138672;1708,766357421875;1716;
1125,378;37,88235092163086;1722,499267578125;1716;
1125,379;38,05882263183594;1728,3848876953125;1716;
1125,38;37,44117736816406;1724,461181640625;1716;
1125,381;38,32353210449219;1714,6519775390625;1716;
1125,382;38,07646942138672;1710,728271484375;1716;
1125,383;37,88235092163086;1720,53759765625;1716;
1125,384;38,05882263183594;1726,4228515625;1716;
1125,385;37,44117736816406;1726,4228515625;1716;
1125,386;38,32353210449219;1712,68994140625;1716;
1125,387;38,07646942138672;1714,6519775390625;1716;
1125,388;37,88235092163086;1722,499267578125;1716;
1125,389;38,05882263183594;1726,4228515625;1716;
1125,39;37,44117736816406;1722,499267578125;1716;
1125,391;38,32353210449219;1714,6519775390625;1716;
1125,392;38,07646942138672;1712,68994140625;1716;
1125,393;37,88235092163086;1720,53759765625;1716;
1125,394;38,05882263183594;1724,461181640625;1716;
1125,395;37,44117736816406;1720,53759765625;1716;
1125,396;38,32353210449219;1714,6519775390625;1716;
1125,397;38,07646942138672;1714,6519775390625;1716;
1125,398;37,88235092163086;1724,461181640625;1716;
1125,399;38,05882263183594;1724,461181640625;1716;
1125,4;37,44117736816406;1710,728271484375;1716;
1125,401;38,32353210449219;1714,6519775390625;1716;
1125,402;38,07646942138672;1714,6519775390625;1716;
1125,403;37,88235092163086;1724,461181640625;1716;
1125,404;38,05882263183594;1724,461181640625;1716;
1125,405;37,44117736816406;1710,728271484375;1716;
1125,406;38,32353210449219;1712,68994140625;1716;
1125,407;37,98823547363281;1718,5755615234375;1716;
1125,408;36,67411422729492;1728,3848876953125;1716;
1125,409;38,11823272705078;1724,461181640625;1716;
1125,41;37,500587463378906;1712,68994140625;1716;
1125,411;38,393531799316406;1712,68994140625;1716;
1125,412;38,05881881713867;1716,61376953125;1716;
1125,413;37,96352767944336;1728,3848876953125;1716;
1125,414;38,142940521240234;1726,4228515625;1716;
1125,415;37,528236389160156;1710,728271484375;1716;
1125,416;38,393531799316406;1712,68994140625;1716;
1125,417;38,07117462158203;1718,5755615234375;1716;
1125,418;37,97235107421875;1728,3848876953125;1716;
1125,419;38,142940521240234;1724,461181640625;1716;
1125,42;37,528236389160156;1710,728271484375;1716;
1125,421;38,40999984741211;1708,766357421875;1716;
1125,422;38,06882095336914;1718,5755615234375;1716;
1125,423;37,961761474609375;1728,3848876953125;1716;
1125,424;38,132938385009766;1726,4228515625;1716;
1125,425;37,508819580078125;1710,728271484375;1716;
1125,426;38,38999938964844;1714,6519775390625;1716;
1125,427;38,05352783203125;1718,5755615234375;1716;
1125,428;37,94293975830078;1728,3848876953125;1716;
1125,429;38,122352600097656;1724,461181640625;1716;
1125,43;37,50529479980469;1712,68994140625;1716;
1125,431;38,38764572143555;1708,766357421875;1716;
1125,432;38,132347106933594;1718,5755615234375;1716;
1125,433;37,94293975830078;1730,3466796875;1716;
1125,434;38,20470428466797;1724,461181640625;1716;
1125,435;37,59529113769531;1714,6519775390625;1716;
1125,436;38,48764419555664;1710,728271484375;1716;
1125,437;38,14881896972656;1718,5755615234375;1716;
1125,438;38,04705810546875;1728,3848876953125;1716;
1125,439;38,24058532714844;1720,53759765625;1716;
1125,44;37,593528747558594;1710,728271484375;1716;
1125,441;38,47117614746094;1710,728271484375;1716;
1125,442;38,14293670654297;1720,53759765625;1716;
1125,443;38,04176330566406;1724,461181640625;1716;
1125,444;38,235877990722656;1722,499267578125;1716;
1125,445;37,59646987915039;1712,68994140625;1716;
1125,446;38,48882293701172;1714,6519775390625;1716;
1125,447;38,147056579589844;1726,4228515625;1716;
1125,448;38,04176330566406;1724,461181640625;1716;
1125,449;38,23411560058594;1720,53759765625;1716;
1125,45;37,59646987915039;1712,68994140625;1716;
1125,451;38,48823547363281;1714,6519775390625;1716;
1125,452;38,158233642578125;1724,461181640625;1716;
1125,453;38,06117630004883;1724,461181640625;1716;
1125,454;38,26764678955078;1718,5755615234375;1716;
1125,455;37,628822326660156;1714,6519775390625;1716;
1125,456;38,255882263183594;1722,499267578125;1716;
1125,457;38,1852912902832;1720,53759765625;1716;
1125,458;38,0811767578125;1724,461181640625;1716;
1125,459;38,262939453125;1714,6519775390625;1716;
1125,46;37,62705612182617;1708,766357421875;1716;
1125,461;38,50176239013672;1718,5755615234375;1716;
1125,462;38,16529083251953;1722,499267578125;1716;
1125,463;38,057647705078125;1724,461181640625;1716;
1125,464;38,24940872192383;1714,6519775390625;1716;
1125,465;37,604705810546875;1708,766357421875;1716;
1125,466;38,478824615478516;1720,53759765625;1716;
1125,467;38,140586853027344;1724,461181640625;1716;
1125,468;38,04411697387695;1724,461181640625;1716;
1125,469;38,23646926879883;1706,8046875;1716;
1125,47;37,59587860107422;1712,68994140625;1716;
1125,471;38,21470260620117;1722,499267578125;1716;
1125,472;38,140586853027344;1726,4228515625;1716;
1125,473;38,03823471069336;1724,461181640625;1716;
1125,474;38,23352813720703;1710,728271484375;1716;
1125,475;37,5970573425293;1710,728271484375;1716;
1125,476;38,21117401123047;1722,499267578125;1716;
1125,477;38,14411544799805;1730,3466796875;1716;
1125,478;38,03588104248047;1726,4228515625;1716;
1125,479;38,23117446899414;1706,8046875;1716;
1125,48;37,5941162109375;1710,728271484375;1716;
1125,481;38,21058654785156;1724,461181640625;1716;
1125,482;38,13823318481445;1728,3848876953125;1716;
1125,483;38,04058837890625;1724,461181640625;1716;
1125,484;38,230587005615234;1706,8046875;1716;
1125,485;37,60117721557617;1708,766357421875;1716;
1125,486;38,21588134765625;1724,461181640625;1716;
1125,487;38,14234924316406;1730,3466796875;1716;
1125,488;38,472354888916016;1724,461181640625;1716;
1125,489;38,228233337402344;1706,8046875;1716;
1125,49;37,59470748901367;1708,766357421875;1716;
1125,491;38,216468811035156;1720,53759765625;1716;
1125,492;38,14234924316406;1730,3466796875;1716;
1125,493;38,034706115722656;1724,461181640625;1716;
1125,494;38,23117446899414;1710,728271484375;1716;
1125,495;37,59646987915039;1708,766357421875;1716;
1125,496;38,21352767944336;1724,461181640625;1716;
1125,497;38,14234924316406;1728,3848876953125;1716;
1125,498;38,478824615478516;1714,6519775390625;1716;
1125,499;38,23411560058594;1710,728271484375;1716;
1125,5;37,5941162109375;1712,68994140625;1716;
1125,501;38,21470260620117;1720,53759765625;1716;
1125,502;38,14117431640625;1730,3466796875;1716;
1125,503;38,47764587402344;1718,5755615234375;1716;
1125,504;38,23176193237305;1708,766357421875;1716;
1125,505;37,59529113769531;1708,766357421875;1716;
1125,506;38,21706008911133;1722,499267578125;1716;
1125,507;38,141761779785156;1726,4228515625;1716;
1125,508;38,47588348388672;1720,53759765625;1716;
1125,509;38,229408264160156;1710,728271484375;1716;
1125,51;37,59470748901367;1712,68994140625;1716;
1125,511;38,21352767944336;1724,461181640625;1716;
1125,512;38,14293670654297;1726,4228515625;1716;
1125,513;38,48117446899414;1720,53759765625;1716;
1125,514;38,23117446899414;1710,728271484375;1716;
1125,515;37,59587860107422;1718,5755615234375;1716;
1125,516;38,21470260620117;1724,461181640625;1716;
1125,517;38,13646697998047;1726,4228515625;1716;
1125,518;38,47058868408203;1716,61376953125;1716;
1125,519;38,16764450073242;1710,728271484375;1716;
1125,52;37,97117614746094;1716,61376953125;1716;
1125,521;38,148231506347656;1724,461181640625;1716;
1125,522;38,07646560668945;1726,4228515625;1716;
1125,523;38,412940979003906;1710,728271484375;1716;
1125,524;38,16411590576172;1708,766357421875;1716;
1125,525;37,97117614746094;1718,5755615234375;1716;
1125,526;38,147647857666016;1730,3466796875;1716;
1125,527;38,077056884765625;1724,461181640625;1716;
1125,528;38,412940979003906;1710,728271484375;1716;
1125,529;38,16587829589844;1710,728271484375;1716;
1125,53;37,972938537597656;1718,5755615234375;1716;
1125,531;38,14882278442383;1730,3466796875;1716;
1125,532;38,07823181152344;1728,3848876953125;1716;
1125,533;38,4152946472168;1708,766357421875;1716;
1125,534;38,16587829589844;1708,766357421875;1716;
1125,535;37,972938537597656;1720,53759765625;1716;
1125,536;38,14882278442383;1730,3466796875;1716;
1125,537;38,07823181152344;1726,4228515625;1716;
1125,538;38,4152946472168;1710,728271484375;1716;
1125,539;38,16587829589844;1706,8046875;1716;
1125,54;37,972938537597656;1720,53759765625;1716;
1125,541;38,14882278442383;1730,3466796875;1716;
1125,542;38,07823181152344;1728,3848876953125;1716;
1125,543;38,4152946472168;1708,766357421875;1716;
1125,544;38,167057037353516;1708,766357421875;1716;
1125,545;37,974117279052734;1722,499267578125;1716;
1125,546;38,14882278442383;1728,3848876953125;1716;
1125,547;37,529998779296875;1728,3848876953125;1716;
1125,548;38,4152946472168;1710,728271484375;1716;
1125,549;38,167057037353516;1708,766357421875;1716;
1125,55;37,974117279052734;1720,53759765625;1716;
1125,551;38,14882278442383;1730,3466796875;1716;
1125,552;37,529998779296875;1728,3848876953125;1716;
1125,553;38,4152946472168;1714,6519775390625;1716;
1125,554;38,16587829589844;1704,8426513671875;1716;
1125,555;37,974117279052734;1720,53759765625;1716;
1125,556;38,14882278442383;1728,3848876953125;1716;
1125,557;37,529998779296875;1724,461181640625;1716;
1125,558;38,4152946472168;1712,68994140625;1716;
1125,559;38,16587829589844;1708,766357421875;1716;
1125,56;37,972938537597656;1720,53759765625;1716;
1125,561;38,14882278442383;1726,4228515625;1716;
1125,562;37,529998779296875;1724,461181640625;1716;
1125,563;38,4152946472168;1714,6519775390625;1716;
1125,564;38,16587829589844;1708,766357421875;1716;
1125,565;37,972938537597656;1730,3466796875;1716;
1125,566;38,14882278442383;1724,461181640625;1716;
1125,567;37,529998779296875;1724,461181640625;1716;
1125,568;38,4152946472168;1714,6519775390625;1716;
1125,569;38,16529083251953;1710,728271484375;1716;
1125,57;37,972938537597656;1724,461181640625;1716;
1125,571;38,14882278442383;1726,4228515625;1716;
1125,572;37,529998779296875;1720,53759765625;1716;
1125,573;38,4152946472168;1716,61376953125;1716;
1125,574;38,077056884765625;1718,5755615234375;1716;
1125,575;37,972938537597656;1720,53759765625;1716;
1125,576;38,14882278442383;1724,461181640625;1716;
1125,577;37,53117752075195;1720,53759765625;1716;
1125,578;38,4152946472168;1712,68994140625;1716;
1125,579;38,07823181152344;1716,61376953125;1716;
1125,58;37,974117279052734;1728,3848876953125;1716;
1125,581;38,14882278442383;1724,461181640625;1716;
1125,582;37,53117752075195;1710,728271484375;1716;
1125,583;38,4152946472168;1714,6519775390625;1716;
1125,584;38,07823181152344;1716,61376953125;1716;
1125,585;37,974117279052734;1724,461181640625;1716;
1125,586;38,14882278442383;1724,461181640625;1716;
1125,587;37,53117752075195;1714,6519775390625;1716;
1125,588;38,4152946472168;1714,6519775390625;1716;
1125,589;38,07823181152344;1720,53759765625;1716;
1125,59;37,974117279052734;1728,3848876953125;1716;
1125,591;38,16646957397461;1724,461181640625;1716;
1125,592;37,529998779296875;1712,68994140625;1716;
1125,593;38,4152946472168;1710,728271484375;1716;
1125,594;38,07823181152344;1718,5755615234375;1716;
1125,595;37,972938537597656;1730,3466796875;1716;
1125,596;38,14882278442383;1724,461181640625;1716;
1125,597;37,529998779296875;1710,728271484375;1716;
1125,598;38,4152946472168;1712,68994140625;1716;
1125,599;38,07823181152344;1720,53759765625;1716;
1125,6;37,972938537597656;1728,3848876953125;1716;
1125,601;38,149410247802734;1724,461181640625;1716;
1125,602;37,529998779296875;1710,728271484375;1716;
1125,603;38,4152946472168;1710,728271484375;1716;
1125,604;38,07823181152344;1718,5755615234375;1716;
1125,605;37,97235107421875;1728,3848876953125;1716;
1125,606;38,167057037353516;1726,4228515625;1716;
1125,607;37,529998779296875;1708,766357421875;1716;
1125,608;38,4152946472168;1712,68994140625;1716;
1125,609;38,07823181152344;1718,5755615234375;1716;
1125,61;37,972938537597656;1728,3848876953125;1716;
1125,611;38,167057037353516;1724,461181640625;1716;
1125,612;37,529998779296875;1712,68994140625;1716;
1125,613;38,4152946472168;1710,728271484375;1716;
1125,614;38,07823181152344;1718,5755615234375;1716;
1125,615;37,972938537597656;1728,3848876953125;1716;
1125,616;38,167057037353516;1720,53759765625;1716;
1125,617;37,529998779296875;1710,728271484375;1716;
1125,618;38,4152946472168;1712,68994140625;1716;
1125,619;38,077056884765625;1718,5755615234375;1716;
1125,62;37,972938537597656;1724,461181640625;1716;
1125,621;38,16764450073242;1718,5755615234375;1716;
1125,622;37,529998779296875;1714,6519775390625;1716;
1125,623;38,4152946472168;1712,68994140625;1716;
1125,624;38,07823181152344;1722,499267578125;1716;
1125,625;37,972938537597656;1726,4228515625;1716;
1125,626;38,167057037353516;1720,53759765625;1716;
1125,627;37,529998779296875;1714,6519775390625;1716;
1125,628;38,41353225708008;1714,6519775390625;1716;
1125,629;38,07823181152344;1718,5755615234375;1716;
1125,63;37,972938537597656;1722,499267578125;1716;
1125,631;38,16587829589844;1712,68994140625;1716;
1125,632;37,529998779296875;1712,68994140625;1716;
1125,633;38,14882278442383;1718,5755615234375;1716;
1125,634;38,07823181152344;1722,499267578125;1716;
1125,635;37,972938537597656;1726,4228515625;1716;
1125,636;38,16587829589844;1714,6519775390625;1716;
1125,637;37,53058624267578;1712,68994140625;1716;
1125,638;38,14882278442383;1720,53759765625;1716;
1125,639;38,07764434814453;1720,53759765625;1716;
1125,64;37,97117614746094;1724,461181640625;1716;
1125,641;38,16646957397461;1706,8046875;1716;
1125,642;37,53117752075195;1710,728271484375;1716;
1125,643;38,15058898925781;1720,53759765625;1716;
1125,644;38,07999801635742;1726,4228515625;1716;
1125,645;37,97235107421875;1724,461181640625;1716;
1125,646;38,16529083251953;1710,728271484375;1716;
1125,647;37,53117752075195;1712,68994140625;1716;
1125,648;38,14882278442383;1724,461181640625;1716;
1125,649;38,077056884765625;1730,3466796875;1716;
1125,65;37,97117614746094;1724,461181640625;1716;
1125,651;38,16646957397461;1706,8046875;1716;
1125,652;37,44411849975586;1710,728271484375;1716;
1125,653;38,061763763427734;1724,461181640625;1716;
1125,654;37,98823547363281;1730,3466796875;1716;
1125,655;37,88235092163086;1724,461181640625;1716;
1125,656;38,07646942138672;1708,766357421875;1716;
1125,657;37,44117736816406;1710,728271484375;1716;
1125,658;38,05882263183594;1722,499267578125;1716;
1125,659;37,98823547363281;1730,3466796875;1716;
1125,66;37,88235092163086;1724,461181640625;1716;
1125,661;38,07646942138672;1706,8046875;1716;
1125,662;37,44117736816406;1708,766357421875;1716;
1125,663;38,05882263183594;1724,461181640625;1716;
1125,664;37,98823547363281;1730,3466796875;1716;
1125,665;38,32353210449219;1724,461181640625;1716;
1125,666;38,07646942138672;1710,728271484375;1716;
1125,667;37,44117736816406;1710,728271484375;1716;
1125,668;38,05882263183594;1722,499267578125;1716;
1125,669;37,98823547363281;1728,3848876953125;1716;
1125,67;38,32353210449219;1722,499267578125;1716;
1125,671;38,07646942138672;1708,766357421875;1716;
1125,672;37,44117736816406;1710,728271484375;1716;
1125,673;38,05882263183594;1724,461181640625;1716;
1125,674;37,98823547363281;1728,3848876953125;1716;
1125,675;38,32353210449219;1720,53759765625;1716;
1125,676;38,07646942138672;1712,68994140625;1716;
1125,677;37,44117736816406;1714,6519775390625;1716;
1125,678;38,05882263183594;1722,499267578125;1716;
1125,679;37,98823547363281;1726,4228515625;1716;
1125,68;38,32353210449219;1716,61376953125;1716;
1125,681;38,07646942138672;1706,8046875;1716;
1125,682;37,44117736816406;1714,6519775390625;1716;
1125,683;38,05882263183594;1724,461181640625;1716;
1125,684;37,98823547363281;1726,4228515625;1716;
1125,685;38,32353210449219;1716,61376953125;1716;
1125,686;38,07646942138672;1710,728271484375;1716;
1125,687;37,44117736816406;1716,61376953125;1716;
1125,688;38,05882263183594;1724,461181640625;1716;
1125,689;37,98823547363281;1726,4228515625;1716;
1125,69;38,32353210449219;1708,766357421875;1716;
1125,691;36,8476448059082;1710,728271484375;1716;
1125,692;37,945289611816406;1720,53759765625;1716;
1125,693;38,121177673339844;1726,4228515625;1716;
1125,694;38,05764389038086;1724,461181640625;1716;
1125,695;38,39411926269531;1712,68994140625;1716;
1125,696;38,15764617919922;1708,766357421875;1716;
1125,697;37,96352767944336;1720,53759765625;1716;
1125,698;38,142940521240234;1728,3848876953125;1716;
1125,699;38,072349548339844;1726,4228515625;1716;
1125,7;38,40764617919922;1708,766357421875;1716;
1125,701;38,169410705566406;1708,766357421875;1716;
1125,702;37,966468811035156;1720,53759765625;1716;
1125,703;38,14882278442383;1728,3848876953125;1716;
1125,704;38,072349548339844;1726,4228515625;1716;
1125,705;38,4058837890625;1710,728271484375;1716;
1125,706;38,155879974365234;1708,766357421875;1716;
1125,707;37,95470428466797;1722,499267578125;1716;
1125,708;38,12705993652344;1730,3466796875;1716;
1125,709;38,05470275878906;1728,3848876953125;1716;
1125,71;38,388824462890625;1708,766357421875;1716;
1125,711;38,13999938964844;1706,8046875;1716;
1125,712;37,94588088989258;1720,53759765625;1716;
1125,713;38,12294006347656;1730,3466796875;1716;
1125,714;38,05234909057617;1728,3848876953125;1716;
1125,715;38,38176345825195;1710,728271484375;1716;
1125,716;38,22235107421875;1704,8426513671875;1716;
1125,717;38,02705764770508;1722,499267578125;1716;
1125,718;38,207645416259766;1730,3466796875;1716;
1125,719;38,147056579589844;1726,4228515625;1716;
1125,72;38,487060546875;1710,728271484375;1716;
1125,721;38,23999786376953;1706,8046875;1716;
1125,722;38,04823303222656;1718,5755615234375;1716;
1125,723;38,21058654785156;1730,3466796875;1716;
1125,724;37,58882141113281;1728,3848876953125;1716;
1125,725;38,478233337402344;1712,68994140625;1716;
1125,726;38,23117446899414;1708,766357421875;1716;
1125,727;38,03705596923828;1722,499267578125;1716;
1125,728;38,22058868408203;1728,3848876953125;1716;
1125,729;37,60176467895508;1724,461181640625;1716;
1125,73;38,485294342041016;1714,6519775390625;1716;
1125,731;38,234703063964844;1710,728271484375;1716;
1125,732;38,04411697387695;1718,5755615234375;1716;
1125,733;38,25;1726,4228515625;1716;
1125,734;37,61058807373047;1724,461181640625;1716;
1125,735;38,4905891418457;1712,68994140625;1716;
1125,736;38,26058578491211;1710,728271484375;1716;
1125,737;38,07823181152344;1722,499267578125;1716;
1125,738;38,252349853515625;1726,4228515625;1716;
1125,739;37,63705825805664;1722,499267578125;1716;
1125,74;38,519412994384766;1716,61376953125;1716;
1125,741;38,276466369628906;1714,6519775390625;1716;
1125,742;38,07411575317383;1722,499267578125;1716;
1125,743;38,248233795166016;1724,461181640625;1716;
1125,744;37,62940979003906;1718,5755615234375;1716;
1125,745;38,500587463378906;1714,6519775390625;1716;
1125,746;38,2564697265625;1714,6519775390625;1716;
1125,747;38,051761627197266;1724,461181640625;1716;
1125,748;38,222938537597656;1724,461181640625;1716;
1125,749;37,59587860107422;1716,61376953125;1716;
1125,75;38,478233337402344;1714,6519775390625;1716;
1125,751;38,23117446899414;1716,61376953125;1716;
1125,752;38,034114837646484;1726,4228515625;1716;
1125,753;38,21117401123047;1724,461181640625;1716;
1125,754;37,5941162109375;1712,68994140625;1716;
1125,755;38,47999954223633;1714,6519775390625;1716;
1125,756;38,13999557495117;1720,53759765625;1716;
1125,757;38,034114837646484;1726,4228515625;1716;
1125,758;38,211761474609375;1722,499267578125;1716;
1125,759;37,59941101074219;1712,68994140625;1716;
1125,76;38,478233337402344;1710,728271484375;1716;
1125,761;38,14646911621094;1718,5755615234375;1716;
1125,762;38,03588104248047;1728,3848876953125;1716;
1125,763;38,21470260620117;1726,4228515625;1716;
1125,764;37,58940887451172;1708,766357421875;1716;
1125,765;38,47941207885742;1712,68994140625;1716;
1125,766;38,14470291137695;1720,53759765625;1716;
1125,767;38,034706115722656;1728,3848876953125;1716;
1125,768;38,21588134765625;1724,461181640625;1716;
1125,769;37,599998474121094;1708,766357421875;1716;
1125,77;38,47588348388672;1710,728271484375;1716;
1125,771;38,13999557495117;1718,5755615234375;1716;
1125,772;38,036468505859375;1730,3466796875;1716;
1125,773;38,22764587402344;1724,461181640625;1716;
1125,774;37,593528747558594;1708,766357421875;1716;
1125,775;38,478824615478516;1712,68994140625;1716;
1125,776;38,141761779785156;1718,5755615234375;1716;
1125,777;38,03764724731445;1728,3848876953125;1716;
1125,778;38,21294021606445;1724,461181640625;1716;
1125,779;37,59293746948242;1710,728271484375;1716;
1125,78;38,47588348388672;1712,68994140625;1716;
1125,781;38,141761779785156;1724,461181640625;1716;
1125,782;38,03588104248047;1728,3848876953125;1716;
1125,783;38,23176193237305;1718,5755615234375;1716;
1125,784;37,59646987915039;1712,68994140625;1716;
1125,785;38,478233337402344;1714,6519775390625;1716;
1125,786;38,13999557495117;1722,499267578125;1716;
1125,787;38,034706115722656;1726,4228515625;1716;
1125,788;38,22882080078125;1722,499267578125;1716;
1125,789;37,701175689697266;1710,728271484375;1716;
1125,79;38,21411895751953;1718,5755615234375;1716;
1125,791;38,14293670654297;1722,499267578125;1716;
1125,792;38,04058837890625;1726,4228515625;1716;
1125,793;38,23117446899414;1720,53759765625;1716;
1125,794;37,59470748901367;1714,6519775390625;1716;
1125,795;38,476470947265625;1718,5755615234375;1716;
1125,796;38,141761779785156;1720,53759765625;1716;
1125,797;38,03705596923828;1724,461181640625;1716;
1125,798;38,23293685913086;1718,5755615234375;1716;
1125,799;37,5941162109375;1712,68994140625;1716;
1125,8;38,21294021606445;1722,499267578125;1716;
1125,801;38,13470458984375;1724,461181640625;1716;
1125,802;37,972938537597656;1724,461181640625;1716;
1125,803;38,164703369140625;1714,6519775390625;1716;
1125,804;37,5294075012207;1714,6519775390625;1716;
1125,805;38,412940979003906;1722,499267578125;1716;
1125,806;38,07587814331055;1726,4228515625;1716;
1125,807;37,970584869384766;1724,461181640625;1716;
1125,808;38,167057037353516;1708,766357421875;1716;
1125,809;37,53176498413086;1712,68994140625;1716;
1125,81;38,148231506347656;1724,461181640625;1716;
1125,811;38,078819274902344;1728,3848876953125;1716;
1125,812;37,97235107421875;1722,499267578125;1716;
1125,813;38,16646957397461;1710,728271484375;1716;
1125,814;37,53117752075195;1712,68994140625;1716;
1125,815;38,14882278442383;1722,499267578125;1716;
1125,816;38,07823181152344;1730,3466796875;1716;
1125,817;37,97235107421875;1724,461181640625;1716;
1125,818;38,16646957397461;1706,8046875;1716;
1125,819;37,53117752075195;1710,728271484375;1716;
1125,82;38,14882278442383;1724,461181640625;1716;
1125,821;38,078819274902344;1730,3466796875;1716;
1125,822;37,971763610839844;1724,461181640625;1716;
1125,823;38,16646957397461;1708,766357421875;1716;
1125,824;37,53117752075195;1710,728271484375;1716;
1125,825;38,14882278442383;1722,499267578125;1716;
1125,826;38,07764434814453;1732,3084716796875;1716;
1125,827;37,971763610839844;1726,4228515625;1716;
1125,828;38,16646957397461;1706,8046875;1716;
1125,829;37,53117752075195;1710,728271484375;1716;
1125,83;38,14882278442383;1724,461181640625;1716;
1125,831;38,07764434814453;1730,3466796875;1716;
1125,832;37,971763610839844;1724,461181640625;1716;
1125,833;38,16646957397461;1708,766357421875;1716;
1125,834;37,53117752075195;1714,6519775390625;1716;
1125,835;38,14882278442383;1724,461181640625;1716;
1125,836;38,07764434814453;1730,3466796875;1716;
1125,837;38,412940979003906;1724,461181640625;1716;
1125,838;38,16646957397461;1710,728271484375;1716;
1125,839;37,53117752075195;1710,728271484375;1716;
1125,84;38,14882278442383;1722,499267578125;1716;
1125,841;38,07764434814453;1728,3848876953125;1716;
1125,842;38,412940979003906;1722,499267578125;1716;
1125,843;38,16646957397461;1712,68994140625;1716;
1125,844;37,53117752075195;1712,68994140625;1716;
1125,845;38,15058898925781;1724,461181640625;1716;
1125,846;38,09646987915039;1728,3848876953125;1716;
1125,847;38,41353225708008;1718,5755615234375;1716;
1125,848;38,16646957397461;1712,68994140625;1716;
1125,849;37,53117752075195;1716,61376953125;1716;
1125,85;38,14882278442383;1722,499267578125;1716;
1125,851;38,07764434814453;1724,461181640625;1716;
1125,852;38,41353225708008;1716,61376953125;1716;
1125,853;38,16646957397461;1710,728271484375;1716;
1125,854;37,53117752075195;1718,5755615234375;1716;
1125,855;38,14882278442383;1724,461181640625;1716;
1125,856;38,07764434814453;1726,4228515625;1716;
1125,857;38,412940979003906;1714,6519775390625;1716;
1125,858;38,16646957397461;1712,68994140625;1716;
1125,859;37,97235107421875;1722,499267578125;1716;
1125,86;38,14882278442383;1724,461181640625;1716;
1125,861;38,07764434814453;1724,461181640625;1716;
1125,862;38,412940979003906;1714,6519775390625;1716;
1125,863;38,16646957397461;1708,766357421875;1716;
1125,864;37,97235107421875;1720,53759765625;1716;
1125,865;38,14882278442383;1728,3848876953125;1716;
1125,866;38,07764434814453;1726,4228515625;1716;
1125,867;38,412940979003906;1710,728271484375;1716;
1125,868;38,16646957397461;1708,766357421875;1716;
1125,869;37,97235107421875;1722,499267578125;1716;
1125,87;38,14882278442383;1730,3466796875;1716;
1125,871;38,07999801635742;1726,4228515625;1716;
1125,872;38,412940979003906;1708,766357421875;1716;
1125,873;38,16646957397461;1706,8046875;1716;
1125,874;37,97235107421875;1722,499267578125;1716;
1125,875;38,14882278442383;1730,3466796875;1716;
1125,876;37,53293991088867;1726,4228515625;1716;
1125,877;38,412940979003906;1710,728271484375;1716;
1125,878;38,16646957397461;1708,766357421875;1716;
1125,879;37,97235107421875;1720,53759765625;1716;
1125,88;38,14882278442383;1730,3466796875;1716;
1125,881;37,53117752075195;1728,3848876953125;1716;
1125,882;38,41353225708008;1712,68994140625;1716;
1125,883;38,16646957397461;1710,728271484375;1716;
1125,884;37,97235107421875;1722,499267578125;1716;
1125,885;38,14882278442383;1726,4228515625;1716;
1125,886;37,53117752075195;1726,4228515625;1716;
1125,887;38,412940979003906;1712,68994140625;1716;
1125,888;38,16646957397461;1710,728271484375;1716;
1125,889;37,97235107421875;1720,53759765625;1716;
1125,89;38,14882278442383;1730,3466796875;1716;
1125,891;37,53117752075195;1722,499267578125;1716;
1125,892;38,412940979003906;1712,68994140625;1716;
1125,893;38,16646957397461;1710,728271484375;1716;
1125,894;37,97235107421875;1730,3466796875;1716;
1125,895;38,14882278442383;1726,4228515625;1716;
1125,896;37,53117752075195;1724,461181640625;1716;
1125,897;38,412940979003906;1716,61376953125;1716;
1125,898;38,16646957397461;1714,6519775390625;1716;
1125,899;37,97235107421875;1722,499267578125;1716;
1125,9;38,14882278442383;1728,3848876953125;1716;
1125,901;37,53117752075195;1716,61376953125;1716;
1125,902;38,412940979003906;1714,6519775390625;1716;
1125,903;38,16646957397461;1714,6519775390625;1716;
1125,904;37,97235107421875;1724,461181640625;1716;
1125,905;38,14882278442383;1726,4228515625;1716;
1125,906;37,53117752075195;1720,53759765625;1716;
1125,907;38,412940979003906;1714,6519775390625;1716;
1125,908;38,07823181152344;1718,5755615234375;1716;
1125,909;37,97235107421875;1726,4228515625;1716;
1125,91;38,14882278442383;1724,461181640625;1716;
1125,911;37,53117752075195;1710,728271484375;1716;
1125,912;38,41353225708008;1714,6519775390625;1716;
1125,913;38,07823181152344;1720,53759765625;1716;
1125,914;37,97235107421875;1726,4228515625;1716;
1125,915;38,14882278442383;1724,461181640625;1716;
1125,916;37,53117752075195;1714,6519775390625;1716;
1125,917;38,412940979003906;1712,68994140625;1716;
1125,918;38,07823181152344;1718,5755615234375;1716;
1125,919;37,972938537597656;1730,3466796875;1716;
1125,92;38,14882278442383;1726,4228515625;1716;
1125,921;37,53117752075195;1710,728271484375;1716;
1125,922;38,4152946472168;1712,68994140625;1716;
1125,923;38,07823181152344;1720,53759765625;1716;
1125,924;37,97235107421875;1728,3848876953125;1716;
1125,925;38,14882278442383;1726,4228515625;1716;
1125,926;37,53293991088867;1708,766357421875;1716;
1125,927;38,41353225708008;1712,68994140625;1716;
1125,928;38,07823181152344;1720,53759765625;1716;
1125,929;37,97235107421875;1730,3466796875;1716;
1125,93;38,148231506347656;1728,3848876953125;1716;
1125,931;37,54882049560547;1710,728271484375;1716;
1125,932;38,412940979003906;1712,68994140625;1716;
1125,933;38,07999801635742;1720,53759765625;1716;
1125,934;37,97587966918945;1730,3466796875;1716;
1125,935;38,079410552978516;1726,4228515625;1716;
1125,936;37,44411849975586;1712,68994140625;1716;
1125,937;38,32588195800781;1710,728271484375;1716;
1125,938;37,99058532714844;1720,53759765625;1716;
1125,939;37,88235092163086;1728,3848876953125;1716;
1125,94;38,078819274902344;1724,461181640625;1716;
1125,941;37,44117736816406;1714,6519775390625;1716;
1125,942;38,32353210449219;1714,6519775390625;1716;
1125,943;37,98823547363281;1722,499267578125;1716;
1125,944;37,88235092163086;1728,3848876953125;1716;
1125,945;38,07646942138672;1718,5755615234375;1716;
1125,946;37,44117736816406;1712,68994140625;1716;
1125,947;38,32353210449219;1714,6519775390625;1716;
1125,948;37,98823547363281;1722,499267578125;1716;
1125,949;37,88235092163086;1726,4228515625;1716;
1125,95;38,07646942138672;1718,5755615234375;1716;
1125,951;37,44117736816406;1714,6519775390625;1716;
1125,952;38,05882263183594;1720,53759765625;1716;
1125,953;37,98823547363281;1726,4228515625;1716;
1125,954;37,88470458984375;1722,499267578125;1716;
1125,955;38,07646942138672;1712,68994140625;1716;
1125,956;37,44117736816406;1712,68994140625;1716;
1125,957;38,05882263183594;1720,53759765625;1716;
1125,958;37,98823547363281;1728,3848876953125;1716;
1125,959;37,88235092163086;1724,461181640625;1716;
1125,96;38,07646942138672;1714,6519775390625;1716;
1125,961;37,44117736816406;1712,68994140625;1716;
1125,962;38,05882263183594;1724,461181640625;1716;
1125,963;37,98823547363281;1726,4228515625;1716;
1125,964;37,88235092163086;1722,499267578125;1716;
1125,965;38,07646942138672;1712,68994140625;1716;
1125,966;37,44117736816406;1712,68994140625;1716;
1125,967;38,05882263183594;1724,461181640625;1716;
1125,968;37,98823547363281;1728,3848876953125;1716;
1125,969;37,88235092163086;1722,499267578125;1716;
1125,97;38,07646942138672;1708,766357421875;1716;
1125,971;37,44117736816406;1712,68994140625;1716;
1125,972;38,05882263183594;1724,461181640625;1716;
1125,973;37,98823547363281;1730,3466796875;1716;
1125,974;37,88235092163086;1724,461181640625;1716;
1125,975;38,139408111572266;1706,8046875;1716;
1125,976;37,5064697265625;1710,728271484375;1716;
1125,977;38,121177673339844;1724,461181640625;1716;
1125,978;38,06117630004883;1730,3466796875;1716;
1125,979;38,392940521240234;1724,461181640625;1716;
1125,98;38,15764617919922;1706,8046875;1716;
1125,981;37,525291442871094;1712,68994140625;1716;
1125,982;38,13999938964844;1722,499267578125;1716;
1125,983;38,06940841674805;1728,3848876953125;1716;
1125,984;38,410587310791016;1726,4228515625;1716;
1125,985;38,160587310791016;1708,766357421875;1716;
1125,986;37,528236389160156;1708,766357421875;1716;
1125,987;38,14470291137695;1722,499267578125;1716;
1125,988;38,070587158203125;1728,3848876953125;1716;
1125,989;38,401763916015625;1720,53759765625;1716;
1125,99;38,15176010131836;1710,728271484375;1716;
1125,991;37,513526916503906;1716,61376953125;1716;
1125,992;38,11941146850586;1722,499267578125;1716;
1125,993;38,051761627197266;1730,3466796875;1716;
1125,994;38,38999938964844;1724,461181640625;1716;
1125,995;38,14352798461914;1710,728271484375;1716;
1125,996;37,94940948486328;1716,61376953125;1716;
1125,997;38,20705795288086;1722,499267578125;1716;
1125,998;38,13352584838867;1728,3848876953125;1716;
1125,999;38,47294235229492;1720,53759765625;1716;
1126;38,220584869384766;1712,68994140625;1716;
1126,001;37,588233947753906;1718,5755615234375;1716;
1126,002;38,21117401123047;1726,4228515625;1716;
1126,003;38,15058517456055;1726,4228515625;1716;
1126,004;38,48941421508789;1712,68994140625;1716;
1126,005;38,243526458740234;1712,68994140625;1716;
1126,006;38,03352737426758;1718,5755615234375;1716;
1126,007;38,20882034301758;1722,499267578125;1716;
1126,008;38,14470291137695;1726,4228515625;1716;
1126,009;38,47705841064453;1712,68994140625;1716;
1126,01;38,23764419555664;1708,766357421875;1716;
1126,011;38,03999710083008;1718,5755615234375;1716;
1126,012;38,217647552490234;1724,461181640625;1716;
1126,013;38,14940643310547;1728,3848876953125;1716;
1126,014;38,48235321044922;1712,68994140625;1716;
1126,015;38,23529052734375;1708,766357421875;1716;
1126,016;38,03705596923828;1722,499267578125;1716;
1126,017;38,250587463378906;1726,4228515625;1716;
1126,018;38,15705490112305;1724,461181640625;1716;
1126,019;38,5094108581543;1710,728271484375;1716;
1126,02;38,2664680480957;1708,766357421875;1716;
1126,021;38,07999801635742;1722,499267578125;1716;
1126,022;38,24529266357422;1730,3466796875;1716;
1126,023;38,17764663696289;1728,3848876953125;1716;
1126,024;38,51823425292969;1710,728271484375;1716;
1126,025;38,26764678955078;1708,766357421875;1716;
1126,026;38,074703216552734;1722,499267578125;1716;
1126,027;38,2405891418457;1730,3466796875;1716;
1126,028;38,168819427490234;1726,4228515625;1716;
1126,029;38,49764633178711;1710,728271484375;1716;
1126,03;38,24940872192383;1706,8046875;1716;
1126,031;38,04587936401367;1722,499267578125;1716;
1126,032;38,21999740600586;1728,3848876953125;1716;
1126,033;37,60234832763672;1726,4228515625;1716;
1126,034;38,47529220581055;1714,6519775390625;1716;
1126,035;38,22705841064453;1708,766357421875;1716;
1126,036;38,036468505859375;1722,499267578125;1716;
1126,037;38,21058654785156;1730,3466796875;1716;
1126,038;37,59941101074219;1722,499267578125;1716;
1126,039;38,476470947265625;1710,728271484375;1716;
1126,04;38,229408264160156;1708,766357421875;1716;
1126,041;38,03705596923828;1722,499267578125;1716;
1126,042;38,21470260620117;1728,3848876953125;1716;
1126,043;37,59470748901367;1726,4228515625;1716;
1126,044;38,47999954223633;1716,61376953125;1716;
1126,045;38,22646713256836;1710,728271484375;1716;
1126,046;38,03999710083008;1722,499267578125;1716;
1126,047;38,21352767944336;1730,3466796875;1716;
1126,048;37,598236083984375;1722,499267578125;1716;
1126,049;38,472354888916016;1712,68994140625;1716;
1126,05;38,23234939575195;1710,728271484375;1716;
1126,051;38,03823471069336;1722,499267578125;1716;
1126,052;38,21352767944336;1726,4228515625;1716;
1126,053;37,592350006103516;1722,499267578125;1716;
1126,054;38,482940673828125;1716,61376953125;1716;
1126,055;38,14470291137695;1720,53759765625;1716;
1126,056;38,03823471069336;1722,499267578125;1716;
1126,057;38,21411895751953;1726,4228515625;1716;
1126,058;37,59646987915039;1722,499267578125;1716;
1126,059;38,47764587402344;1716,61376953125;1716;
1126,06;38,140586853027344;1716,61376953125;1716;
1126,061;38,03588104248047;1724,461181640625;1716;
1126,062;38,21117401123047;1724,461181640625;1716;
1126,063;37,5941162109375;1712,68994140625;1716;
1126,064;38,476470947265625;1714,6519775390625;1716;
1126,065;38,140586853027344;1718,5755615234375;1716;
1126,066;38,03705596923828;1726,4228515625;1716;
1126,067;38,217647552490234;1724,461181640625;1716;
1126,068;37,59293746948242;1714,6519775390625;1716;
1126,069;38,47588348388672;1714,6519775390625;1716;
1126,07;38,14117431640625;1720,53759765625;1716;
1126,071;38,03588104248047;1728,3848876953125;1716;
1126,072;38,21411895751953;1724,461181640625;1716;
1126,073;37,59529113769531;1714,6519775390625;1716;
1126,074;38,47705841064453;1712,68994140625;1716;
1126,075;38,14293670654297;1718,5755615234375;1716;
1126,076;38,03705596923828;1730,3466796875;1716;
1126,077;38,21294021606445;1726,4228515625;1716;
1126,078;37,59587860107422;1708,766357421875;1716;
1126,079;38,47941207885742;1710,728271484375;1716;
1126,08;38,14293670654297;1722,499267578125;1716;
1126,081;38,03999710083008;1728,3848876953125;1716;
1126,082;38,22705841064453;1726,4228515625;1716;
1126,083;37,59941101074219;1708,766357421875;1716;
1126,084;38,47588348388672;1712,68994140625;1716;
1126,085;38,13175964355469;1720,53759765625;1716;
1126,086;37,97352600097656;1728,3848876953125;1716;
1126,087;38,164703369140625;1726,4228515625;1716;
1126,088;37,5294075012207;1714,6519775390625;1716;
1126,089;38,41176223754883;1714,6519775390625;1716;
1126,09;38,077056884765625;1722,499267578125;1716;
1126,091;37,97117614746094;1728,3848876953125;1716;
1126,092;38,16411590576172;1724,461181640625;1716;
1126,093;37,5294075012207;1712,68994140625;1716;
1126,094;38,4152946472168;1716,61376953125;1716;
1126,095;38,07999801635742;1722,499267578125;1716;
1126,096;37,972938537597656;1724,461181640625;1716;
1126,097;38,16587829589844;1718,5755615234375;1716;
1126,098;37,529998779296875;1714,6519775390625;1716;
1126,099;38,41353225708008;1720,53759765625;1716;
1126,1;38,07823181152344;1722,499267578125;1716;
1126,101;37,972938537597656;1724,461181640625;1716;
1126,102;38,16587829589844;1718,5755615234375;1716;
1126,103;37,529998779296875;1712,68994140625;1716;
1126,104;38,41353225708008;1720,53759765625;1716;
1126,105;38,07823181152344;1724,461181640625;1716;
1126,106;37,972938537597656;1724,461181640625;1716;
1126,107;38,167057037353516;1712,68994140625;1716;
1126,108;37,529998779296875;1714,6519775390625;1716;
1126,109;38,14882278442383;1724,461181640625;1716;
1126,11;38,07823181152344;1726,4228515625;1716;
1126,111;37,972938537597656;1724,461181640625;1716;
1126,112;38,167057037353516;1712,68994140625;1716;
1126,113;37,529998779296875;1710,728271484375;1716;
1126,114;38,14882278442383;1724,461181640625;1716;
1126,115;38,07823181152344;1730,3466796875;1716;
1126,116;37,974117279052734;1728,3848876953125;1716;
1126,117;38,16587829589844;1710,728271484375;1716;
1126,118;37,529998779296875;1710,728271484375;1716;
1126,119;38,14882278442383;1724,461181640625;1716;
1126,12;38,07823181152344;1730,3466796875;1716;
1126,121;37,97235107421875;1724,461181640625;1716;
1126,122;38,16587829589844;1706,8046875;1716;
1126,123;37,529998779296875;1710,728271484375;1716;
1126,124;38,14882278442383;1724,461181640625;1716;
1126,125;38,07823181152344;1732,3084716796875;1716;
1126,126;37,974117279052734;1726,4228515625;1716;
1126,127;38,16587829589844;1708,766357421875;1716;
1126,128;37,529998779296875;1710,728271484375;1716;
1126,129;38,14882278442383;1722,499267578125;1716;
1126,13;38,07823181152344;1730,3466796875;1716;
1126,131;37,974117279052734;1726,4228515625;1716;
1126,132;38,16587829589844;1708,766357421875;1716;
1126,133;37,529998779296875;1710,728271484375;1716;
1126,134;38,14882278442383;1724,461181640625;1716;
1126,135;38,07823181152344;1730,3466796875;1716;
1126,136;38,41353225708008;1726,4228515625;1716;
1126,137;38,16587829589844;1712,68994140625;1716;
1126,138;37,529998779296875;1712,68994140625;1716;
1126,139;38,14882278442383;1722,499267578125;1716;
1126,14;38,07823181152344;1728,3848876953125;1716;
1126,141;38,4152946472168;1722,499267578125;1716;
1126,142;38,16587829589844;1710,728271484375;1716;
1126,143;37,529998779296875;1712,68994140625;1716;
1126,144;38,14882278442383;1724,461181640625;1716;
1126,145;38,07823181152344;1728,3848876953125;1716;
1126,146;38,41353225708008;1716,61376953125;1716;
1126,147;38,16587829589844;1712,68994140625;1716;
1126,148;37,53176498413086;1716,61376953125;1716;
1126,149;38,14882278442383;1722,499267578125;1716;
1126,15;38,07823181152344;1726,4228515625;1716;
1126,151;38,4152946472168;1716,61376953125;1716;
1126,152;38,16587829589844;1710,728271484375;1716;
1126,153;37,53176498413086;1718,5755615234375;1716;
1126,154;38,14882278442383;1724,461181640625;1716;
1126,155;38,07823181152344;1724,461181640625;1716;
1126,156;38,4152946472168;1714,6519775390625;1716;
1126,157;38,16587829589844;1710,728271484375;1716;
1126,158;37,53176498413086;1718,5755615234375;1716;
1126,159;38,14882278442383;1726,4228515625;1716;
1126,16;38,07823181152344;1726,4228515625;1716;
1126,161;38,4152946472168;1712,68994140625;1716;
1126,162;38,16587829589844;1708,766357421875;1716;
1126,163;37,972938537597656;1722,499267578125;1716;
1126,164;38,14882278442383;1726,4228515625;1716;
1126,165;38,07823181152344;1724,461181640625;1716;
1126,166;38,4152946472168;1710,728271484375;1716;
1126,167;38,16587829589844;1708,766357421875;1716;
1126,168;37,972938537597656;1722,499267578125;1716;
1126,169;38,14882278442383;1728,3848876953125;1716;
1126,17;38,07823181152344;1730,3466796875;1716;
1126,171;38,4152946472168;1708,766357421875;1716;
1126,172;38,167057037353516;1708,766357421875;1716;
1126,173;37,972938537597656;1722,499267578125;1716;
1126,174;38,14882278442383;1728,3848876953125;1716;
1126,175;38,077056884765625;1728,3848876953125;1716;
1126,176;38,4152946472168;1708,766357421875;1716;
1126,177;38,167057037353516;1708,766357421875;1716;
1126,178;37,974117279052734;1720,53759765625;1716;
1126,179;38,14882278442383;1730,3466796875;1716;
1126,18;38,077056884765625;1728,3848876953125;1716;
1126,181;38,4152946472168;1710,728271484375;1716;
1126,182;38,16587829589844;1708,766357421875;1716;
1126,183;37,974117279052734;1722,499267578125;1716;
1126,184;38,14882278442383;1728,3848876953125;1716;
1126,185;38,077056884765625;1728,3848876953125;1716;
1126,186;38,4152946472168;1712,68994140625;1716;
1126,187;38,16587829589844;1710,728271484375;1716;
1126,188;37,972938537597656;1722,499267578125;1716;
1126,189;38,14882278442383;1728,3848876953125;1716;
1126,19;37,529998779296875;1726,4228515625;1716;
1126,191;38,4152946472168;1714,6519775390625;1716;
1126,192;38,16587829589844;1710,728271484375;1716;
1126,193;37,972938537597656;1720,53759765625;1716;
1126,194;38,14882278442383;1728,3848876953125;1716;
1126,195;37,529998779296875;1710,728271484375;1716;
1126,196;38,4152946472168;1714,6519775390625;1716;
1126,197;38,16529083251953;1710,728271484375;1716;
1126,198;37,972938537597656;1722,499267578125;1716;
1126,199;38,14882278442383;1726,4228515625;1716;
1126,2;37,529998779296875;1722,499267578125;1716;
1126,201;38,4152946472168;1716,61376953125;1716;
1126,202;38,16529083251953;1714,6519775390625;1716;
1126,203;37,97235107421875;1720,53759765625;1716;
1126,204;38,14882278442383;1722,499267578125;1716;
1126,205;37,53058624267578;1720,53759765625;1716;
1126,206;38,41411590576172;1714,6519775390625;1716;
1126,207;38,16823196411133;1716,61376953125;1716;
1126,208;37,971763610839844;1724,461181640625;1716;
1126,209;38,14882278442383;1724,461181640625;1716;
1126,21;37,53117752075195;1716,61376953125;1716;
1126,211;38,41353225708008;1714,6519775390625;1716;
1126,212;38,16646957397461;1718,5755615234375;1716;
1126,213;37,97235107421875;1728,3848876953125;1716;
1126,214;38,149410247802734;1724,461181640625;1716;
1126,215;37,528236389160156;1714,6519775390625;1716;
1126,216;38,41353225708008;1714,6519775390625;1716;
1126,217;38,07529067993164;1718,5755615234375;1716;
1126,218;37,96940994262695;1728,3848876953125;1716;
1126,219;38,061763763427734;1722,499267578125;1716;
1126,22;37,446468353271484;1712,68994140625;1716;
1126,221;38,32353210449219;1712,68994140625;1716;
1126,222;37,98823547363281;1718,5755615234375;1716;
1126,223;37,88470458984375;1728,3848876953125;1716;
1126,224;38,05882263183594;1724,461181640625;1716;
1126,225;37,44117736816406;1714,6519775390625;1716;
1126,226;38,32353210449219;1712,68994140625;1716;
1126,227;37,98823547363281;1720,53759765625;1716;
1126,228;37,88235092163086;1728,3848876953125;1716;
1126,229;38,05882263183594;1724,461181640625;1716;
1126,23;37,44117736816406;1710,728271484375;1716;
1126,231;38,32353210449219;1712,68994140625;1716;
1126,232;37,98823547363281;1718,5755615234375;1716;
1126,233;37,88235092163086;1728,3848876953125;1716;
1126,234;38,05882263183594;1726,4228515625;1716;
1126,235;37,44117736816406;1708,766357421875;1716;
1126,236;38,32353210449219;1710,728271484375;1716;
1126,237;37,98823547363281;1718,5755615234375;1716;
1126,238;37,882938385009766;1726,4228515625;1716;
1126,239;38,07646942138672;1722,499267578125;1716;
1126,24;37,44117736816406;1710,728271484375;1716;
1126,241;38,32353210449219;1710,728271484375;1716;
1126,242;37,98823547363281;1718,5755615234375;1716;
1126,243;37,88235092163086;1728,3848876953125;1716;
1126,244;38,07646942138672;1726,4228515625;1716;
1126,245;37,44117736816406;1710,728271484375;1716;
1126,246;38,32353210449219;1712,68994140625;1716;
1126,247;37,98823547363281;1720,53759765625;1716;
1126,248;37,88235092163086;1726,4228515625;1716;
1126,249;38,07646942138672;1722,499267578125;1716;
1126,25;37,44117736816406;1712,68994140625;1716;
1126,251;38,32353210449219;1714,6519775390625;1716;
1126,252;37,98823547363281;1720,53759765625;1716;
1126,253;37,88235092163086;1726,4228515625;1716;
1126,254;38,07646942138672;1720,53759765625;1716;
1126,255;37,44117736816406;1714,6519775390625;1716;
1126,256;38,32353210449219;1714,6519775390625;1716;
1126,257;37,98823547363281;1718,5755615234375;1716;
1126,258;36,67411422729492;1724,461181640625;1716;
1126,259;38,13646697998047;1720,53759765625;1716;
1126,26;37,498233795166016;1712,68994140625;1716;
1126,261;38,38999938964844;1714,6519775390625;1716;
1126,262;38,05881881713867;1720,53759765625;1716;
1126,263;37,96352767944336;1724,461181640625;1716;
1126,264;38,160587310791016;1714,6519775390625;1716;
1126,265;37,528236389160156;1714,6519775390625;1716;
1126,266;38,13999938964844;1720,53759765625;1716;
1126,267;38,06882095336914;1722,499267578125;1716;
1126,268;37,96940994262695;1724,461181640625;1716;
1126,269;38,16352844238281;1714,6519775390625;1716;
1126,27;37,52587890625;1712,68994140625;1716;
1126,271;38,14352798461914;1724,461181640625;1716;
1126,272;38,068233489990234;1724,461181640625;1716;
1126,273;37,957645416259766;1724,461181640625;1716;
1126,274;38,14999771118164;1710,728271484375;1716;
1126,275;37,508819580078125;1712,68994140625;1716;
1126,276;38,122352600097656;1722,499267578125;1716;
1126,277;38,05352783203125;1726,4228515625;1716;
1126,278;37,94588088989258;1724,461181640625;1716;
1126,279;38,140586853027344;1708,766357421875;1716;
1126,28;37,50529479980469;1712,68994140625;1716;
1126,281;38,20470428466797;1724,461181640625;1716;
1126,282;38,13470458984375;1730,3466796875;1716;
1126,283;38,02587890625;1724,461181640625;1716;
1126,284;38,22235107421875;1708,766357421875;1716;
1126,285;37,59529113769531;1708,766357421875;1716;
1126,286;38,21882247924805;1720,53759765625;1716;
1126,287;38,14411544799805;1730,3466796875;1716;
1126,288;38,051761627197266;1726,4228515625;1716;
1126,289;38,23117446899414;1706,8046875;1716;
1126,29;37,59176254272461;1710,728271484375;1716;
1126,291;38,21352767944336;1724,461181640625;1716;
1126,292;38,15117645263672;1730,3466796875;1716;
1126,293;38,478233337402344;1724,461181640625;1716;
1126,294;38,235877990722656;1710,728271484375;1716;
1126,295;37,59529113769531;1708,766357421875;1716;
1126,296;38,22235107421875;1720,53759765625;1716;
1126,297;38,14881896972656;1730,3466796875;1716;
1126,298;38,478233337402344;1724,461181640625;1716;
1126,299;38,230587005615234;1706,8046875;1716;
1126,3;37,593528747558594;1710,728271484375;1716;
1126,301;38,221763610839844;1724,461181640625;1716;
1126,302;38,16587829589844;1730,3466796875;1716;
1126,303;38,51176452636719;1724,461181640625;1716;
1126,304;38,26823425292969;1708,766357421875;1716;
1126,305;37,634117126464844;1710,728271484375;1716;
1126,306;38,2535285949707;1722,499267578125;1716;
1126,307;38,182350158691406;1728,3848876953125;1716;
1126,308;38,51823425292969;1718,5755615234375;1716;
1126,309;38,265289306640625;1710,728271484375;1716;
1126,31;37,628822326660156;1710,728271484375;1716;
1126,311;38,237056732177734;1722,499267578125;1716;
1126,312;38,16587829589844;1728,3848876953125;1716;
1126,313;38,49529266357422;1722,499267578125;1716;
1126,314;38,248233795166016;1710,728271484375;1716;
1126,315;37,5970573425293;1716,61376953125;1716;
1126,316;38,21117401123047;1722,499267578125;1716;
1126,317;38,141761779785156;1728,3848876953125;1716;
1126,318;38,47941207885742;1718,5755615234375;1716;
1126,319;38,22999954223633;1712,68994140625;1716;
1126,32;37,5911750793457;1714,6519775390625;1716;
1126,321;38,21352767944336;1722,499267578125;1716;
1126,322;38,14234924316406;1726,4228515625;1716;
1126,323;38,476470947265625;1712,68994140625;1716;
1126,324;38,22764587402344;1710,728271484375;1716;
1126,325;37,59293746948242;1716,61376953125;1716;
1126,326;38,21529006958008;1724,461181640625;1716;
1126,327;38,14293670654297;1726,4228515625;1716;
1126,328;38,48176574707031;1714,6519775390625;1716;
1126,329;38,22882080078125;1710,728271484375;1716;
1126,33;38,03705596923828;1720,53759765625;1716;
1126,331;38,20882034301758;1724,461181640625;1716;
1126,332;38,14411544799805;1724,461181640625;1716;
1126,333;38,48117446899414;1712,68994140625;1716;
1126,334;38,23176193237305;1708,766357421875;1716;
1126,335;38,03588104248047;1718,5755615234375;1716;
1126,336;38,21882247924805;1728,3848876953125;1716;
1126,337;38,14293670654297;1726,4228515625;1716;
1126,338;38,48117446899414;1710,728271484375;1716;
1126,339;38,22646713256836;1706,8046875;1716;
1126,34;38,03764724731445;1720,53759765625;1716;
1126,341;38,21294021606445;1728,3848876953125;1716;
1126,342;38,13999557495117;1726,4228515625;1716;
1126,343;38,47764587402344;1710,728271484375;1716;
1126,344;38,22999954223633;1706,8046875;1716;
1126,345;38,03705596923828;1720,53759765625;1716;
1126,346;38,216468811035156;1730,3466796875;1716;
1126,347;37,5941162109375;1724,461181640625;1716;
1126,348;38,476470947265625;1710,728271484375;1716;
1126,349;38,23352813720703;1706,8046875;1716;
1126,35;38,03588104248047;1718,5755615234375;1716;
1126,351;38,21588134765625;1730,3466796875;1716;
1126,352;38,14470291137695;1728,3848876953125;1716;
1126,353;38,478824615478516;1708,766357421875;1716;
1126,354;38,230587005615234;1704,8426513671875;1716;
1126,355;38,034706115722656;1720,53759765625;1716;
1126,356;38,211761474609375;1728,3848876953125;1716;
1126,357;38,14352798461914;1728,3848876953125;1716;
1126,358;38,47999954223633;1710,728271484375;1716;
1126,359;38,23293685913086;1706,8046875;1716;
1126,36;38,04058837890625;1718,5755615234375;1716;
1126,361;38,21235275268555;1728,3848876953125;1716;
1126,362;37,59587860107422;1728,3848876953125;1716;
1126,363;38,47764587402344;1710,728271484375;1716;
1126,364;38,23117446899414;1710,728271484375;1716;
1126,365;38,03823471069336;1720,53759765625;1716;
1126,366;38,21352767944336;1728,3848876953125;1716;
1126,367;37,59470748901367;1726,4228515625;1716;
1126,368;38,46823501586914;1714,6519775390625;1716;
1126,369;38,16764450073242;1708,766357421875;1716;
1126,37;37,971763610839844;1718,5755615234375;1716;
1126,371;38,147647857666016;1728,3848876953125;1716;
1126,372;37,529998779296875;1718,5755615234375;1716;
1126,373;38,41176223754883;1714,6519775390625;1716;
1126,374;38,16529083251953;1708,766357421875;1716;
1126,375;37,972938537597656;1720,53759765625;1716;
1126,376;38,147056579589844;1726,4228515625;1716;
1126,377;37,529998779296875;1724,461181640625;1716;
1126,378;38,41353225708008;1714,6519775390625;1716;
1126,379;38,16646957397461;1710,728271484375;1716;
1126,38;37,97235107421875;1726,4228515625;1716;
1126,381;38,14882278442383;1724,461181640625;1716;
1126,382;37,53117752075195;1714,6519775390625;1716;
1126,383;38,41353225708008;1714,6519775390625;1716;
1126,384;38,07823181152344;1714,6519775390625;1716;
1126,385;37,97235107421875;1722,499267578125;1716;
1126,386;38,14882278442383;1724,461181640625;1716;
1126,387;37,53117752075195;1718,5755615234375;1716;
1126,388;38,412940979003906;1712,68994140625;1716;
1126,389;38,16646957397461;1714,6519775390625;1716;
1126,39;37,97235107421875;1724,461181640625;1716;
1126,391;38,14882278442383;1726,4228515625;1716;
1126,392;37,53117752075195;1714,6519775390625;1716;
1126,393;38,412940979003906;1714,6519775390625;1716;
1126,394;38,07823181152344;1718,5755615234375;1716;
1126,395;37,97235107421875;1724,461181640625;1716;
1126,396;38,14882278442383;1722,499267578125;1716;
1126,397;37,53117752075195;1710,728271484375;1716;
1126,398;38,412940979003906;1712,68994140625;1716;
1126,399;38,07823181152344;1718,5755615234375;1716;
1126,4;37,97235107421875;1726,4228515625;1716;
1126,401;38,14882278442383;1724,461181640625;1716;
1126,402;37,53117752075195;1712,68994140625;1716;
1126,403;38,412940979003906;1714,6519775390625;1716;
1126,404;38,07823181152344;1718,5755615234375;1716;
1126,405;37,97235107421875;1730,3466796875;1716;
1126,406;38,14882278442383;1722,499267578125;1716;
1126,407;37,53293991088867;1710,728271484375;1716;
1126,408;38,412940979003906;1712,68994140625;1716;
1126,409;38,07823181152344;1718,5755615234375;1716;
1126,41;37,97235107421875;1728,3848876953125;1716;
1126,411;38,16646957397461;1724,461181640625;1716;
1126,412;37,53117752075195;1710,728271484375;1716;
1126,413;38,41353225708008;1710,728271484375;1716;
1126,414;38,078819274902344;1718,5755615234375;1716;
1126,415;37,97235107421875;1730,3466796875;1716;
1126,416;38,16646957397461;1726,4228515625;1716;
1126,417;37,53293991088867;1710,728271484375;1716;
1126,418;38,412940979003906;1710,728271484375;1716;
1126,419;38,07823181152344;1720,53759765625;1716;
1126,42;37,97235107421875;1728,3848876953125;1716;
1126,421;38,16646957397461;1724,461181640625;1716;
1126,422;37,53117752075195;1714,6519775390625;1716;
1126,423;38,412940979003906;1720,53759765625;1716;
1126,424;38,07823181152344;1718,5755615234375;1716;
1126,425;37,97235107421875;1728,3848876953125;1716;
1126,426;38,16646957397461;1724,461181640625;1716;
1126,427;37,53117752075195;1712,68994140625;1716;
1126,428;38,41353225708008;1710,728271484375;1716;
1126,429;38,07823181152344;1720,53759765625;1716;
1126,43;37,97235107421875;1726,4228515625;1716;
1126,431;38,16646957397461;1718,5755615234375;1716;
1126,432;37,53117752075195;1712,68994140625;1716;
1126,433;38,41353225708008;1718,5755615234375;1716;
1126,434;38,078819274902344;1718,5755615234375;1716;
1126,435;37,97235107421875;1726,4228515625;1716;
1126,436;38,16646957397461;1722,499267578125;1716;
1126,437;37,53117752075195;1712,68994140625;1716;
1126,438;38,41353225708008;1712,68994140625;1716;
1126,439;38,07823181152344;1724,461181640625;1716;
1126,44;37,97235107421875;1724,461181640625;1716;
1126,441;38,16646957397461;1718,5755615234375;1716;
1126,442;37,53117752075195;1714,6519775390625;1716;
1126,443;38,14882278442383;1714,6519775390625;1716;
1126,444;38,07823181152344;1722,499267578125;1716;
1126,445;37,97235107421875;1724,461181640625;1716;
1126,446;38,16646957397461;1710,728271484375;1716;
1126,447;37,53117752075195;1710,728271484375;1716;
1126,448;38,14882278442383;1722,499267578125;1716;
1126,449;38,07823181152344;1720,53759765625;1716;
1126,45;37,97235107421875;1724,461181640625;1716;
1126,451;38,184120178222656;1714,6519775390625;1716;
1126,452;37,53117752075195;1710,728271484375;1716;
1126,453;38,14882278442383;1722,499267578125;1716;
1126,454;38,07823181152344;1724,461181640625;1716;
1126,455;37,97235107421875;1724,461181640625;1716;
1126,456;38,16646957397461;1708,766357421875;1716;
1126,457;37,53117752075195;1710,728271484375;1716;
1126,458;38,14882278442383;1724,461181640625;1716;
1126,459;38,078819274902344;1724,461181640625;1716;
1126,46;37,971763610839844;1724,461181640625;1716;
1126,461;38,16646957397461;1710,728271484375;1716;
1126,462;37,53117752075195;1708,766357421875;1716;
1126,463;38,14882278442383;1722,499267578125;1716;
1126,464;38,07764434814453;1732,3084716796875;1716;
1126,465;38,412940979003906;1726,4228515625;1716;
1126,466;38,16646957397461;1708,766357421875;1716;
1126,467;37,53117752075195;1708,766357421875;1716;
1126,468;38,14882278442383;1720,53759765625;1716;
1126,469;38,078819274902344;1728,3848876953125;1716;
1126,47;37,97235107421875;1724,461181640625;1716;
1126,471;38,16646957397461;1706,8046875;1716;
1126,472;37,53117752075195;1708,766357421875;1716;
1126,473;38,14882278442383;1724,461181640625;1716;
1126,474;38,07764434814453;1730,3466796875;1716;
1126,475;38,412940979003906;1724,461181640625;1716;
1126,476;38,16646957397461;1710,728271484375;1716;
1126,477;37,53117752075195;1708,766357421875;1716;
1126,478;38,14882278442383;1720,53759765625;1716;
1126,479;38,07764434814453;1728,3848876953125;1716;
1126,48;38,412940979003906;1726,4228515625;1716;
1126,481;38,16646957397461;1708,766357421875;1716;
1126,482;37,53117752075195;1714,6519775390625;1716;
1126,483;38,14882278442383;1722,499267578125;1716;
1126,484;38,07764434814453;1728,3848876953125;1716;
1126,485;38,412940979003906;1720,53759765625;1716;
1126,486;38,16646957397461;1710,728271484375;1716;
1126,487;37,53293991088867;1708,766357421875;1716;
1126,488;38,147647857666016;1720,53759765625;1716;
1126,489;38,07823181152344;1726,4228515625;1716;
1126,49;38,41353225708008;1714,6519775390625;1716;
1126,491;38,167057037353516;1708,766357421875;1716;
1126,492;37,53117752075195;1712,68994140625;1716;
1126,493;38,14882278442383;1722,499267578125;1716;
1126,494;38,07823181152344;1728,3848876953125;1716;
1126,495;38,412353515625;1716,61376953125;1716;
1126,496;38,16587829589844;1710,728271484375;1716;
1126,497;37,53117752075195;1716,61376953125;1716;
1126,498;38,149410247802734;1724,461181640625;1716;
1126,499;38,07999801635742;1724,461181640625;1716;
1126,5;38,410587310791016;1714,6519775390625;1716;
1126,501;38,15882110595703;1710,728271484375;1716;
1126,502;37,44411849975586;1716,61376953125;1716;
1126,503;38,061763763427734;1724,461181640625;1716;
1126,504;37,98823547363281;1726,4228515625;1716;
1126,505;38,32353210449219;1714,6519775390625;1716;
1126,506;38,07646942138672;1710,728271484375;1716;
1126,507;37,88235092163086;1714,6519775390625;1716;
1126,508;38,05882263183594;1730,3466796875;1716;
1126,509;37,98823547363281;1726,4228515625;1716;
1126,51;38,32353210449219;1710,728271484375;1716;
1126,511;38,07646942138672;1712,68994140625;1716;
1126,512;37,88235092163086;1720,53759765625;1716;
1126,513;38,05882263183594;1722,499267578125;1716;
1126,514;37,98823547363281;1724,461181640625;1716;
1126,515;38,32353210449219;1710,728271484375;1716;
1126,516;38,07646942138672;1706,8046875;1716;
1126,517;37,88235092163086;1718,5755615234375;1716;
1126,518;38,05882263183594;1726,4228515625;1716;
1126,519;37,98823547363281;1726,4228515625;1716;
1126,52;38,32353210449219;1708,766357421875;1716;
1126,521;38,07646942138672;1706,8046875;1716;
1126,522;37,88235092163086;1720,53759765625;1716;
1126,523;38,05882263183594;1730,3466796875;1716;
1126,524;37,98823547363281;1726,4228515625;1716;
1126,525;38,32353210449219;1710,728271484375;1716;
1126,526;38,07646942138672;1706,8046875;1716;
1126,527;37,88235092163086;1720,53759765625;1716;
1126,528;38,05882263183594;1730,3466796875;1716;
1126,529;37,98823547363281;1728,3848876953125;1716;
1126,53;38,32353210449219;1708,766357421875;1716;
1126,531;38,07646942138672;1706,8046875;1716;
1126,532;37,88235092163086;1720,53759765625;1716;
1126,533;38,05882263183594;1728,3848876953125;1716;
1126,534;37,98823547363281;1726,4228515625;1716;
1126,535;38,32353210449219;1708,766357421875;1716;
1126,536;38,07646942138672;1706,8046875;1716;
1126,537;37,88235092163086;1720,53759765625;1716;
1126,538;38,05882263183594;1728,3848876953125;1716;
1126,539;37,44117736816406;1726,4228515625;1716;
1126,54;38,32353210449219;1710,728271484375;1716;
1126,541;36,84705352783203;1706,8046875;1716;
1126,542;37,945289611816406;1718,5755615234375;1716;
1126,543;38,121177673339844;1730,3466796875;1716;
1126,544;37,51058578491211;1728,3848876953125;1716;
1126,545;38,39411926269531;1712,68994140625;1716;
1126,546;38,15764617919922;1706,8046875;1716;
1126,547;37,96352767944336;1720,53759765625;1716;
1126,548;38,142940521240234;1728,3848876953125;1716;
1126,549;37,525291442871094;1724,461181640625;1716;
1126,55;38,40764617919922;1712,68994140625;1716;
1126,551;38,16646957397461;1710,728271484375;1716;
1126,552;37,966468811035156;1718,5755615234375;1716;
1126,553;38,14882278442383;1726,4228515625;1716;
1126,554;37,525291442871094;1724,461181640625;1716;
1126,555;38,38999938964844;1714,6519775390625;1716;
1126,556;38,155879974365234;1710,728271484375;1716;
1126,557;37,95646667480469;1720,53759765625;1716;
1126,558;38,12705993652344;1724,461181640625;1716;
1126,559;37,50764465332031;1720,53759765625;1716;
1126,56;38,388824462890625;1712,68994140625;1716;
1126,561;38,13999938964844;1714,6519775390625;1716;
1126,562;37,94588088989258;1720,53759765625;1716;
1126,563;38,12294006347656;1724,461181640625;1716;
1126,564;37,50470733642578;1718,5755615234375;1716;
1126,565;38,378822326660156;1714,6519775390625;1716;
1126,566;38,224117279052734;1714,6519775390625;1716;
1126,567;38,02705764770508;1726,4228515625;1716;
1126,568;38,207645416259766;1724,461181640625;1716;
1126,569;37,599998474121094;1716,61376953125;1716;
1126,57;38,487060546875;1712,68994140625;1716;
1126,571;38,230587005615234;1716,61376953125;1716;
1126,572;38,04587936401367;1724,461181640625;1716;
1126,573;38,211761474609375;1724,461181640625;1716;
1126,574;37,592350006103516;1712,68994140625;1716;
1126,575;38,476470947265625;1712,68994140625;1716;
1126,576;38,14234924316406;1714,6519775390625;1716;
1126,577;38,03764724731445;1726,4228515625;1716;
1126,578;38,218231201171875;1724,461181640625;1716;
1126,579;37,60234832763672;1712,68994140625;1716;
1126,58;38,482940673828125;1710,728271484375;1716;
1126,581;38,148231506347656;1718,5755615234375;1716;
1126,582;38,041175842285156;1726,4228515625;1716;
1126,583;38,211761474609375;1724,461181640625;1716;
1126,584;37,60823440551758;1706,8046875;1716;
1126,585;38,492942810058594;1710,728271484375;1716;
1126,586;38,17234802246094;1718,5755615234375;1716;
1126,587;38,07293701171875;1726,4228515625;1716;
1126,588;38,24882125854492;1722,499267578125;1716;
1126,589;37,63470458984375;1710,728271484375;1716;
1126,59;38,519412994384766;1710,728271484375;1716;
1126,591;38,1852912902832;1718,5755615234375;1716;
1126,592;38,074703216552734;1726,4228515625;1716;
1126,593;38,24470520019531;1726,4228515625;1716;
1126,594;37,62940979003906;1708,766357421875;1716;
1126,595;38,500587463378906;1710,728271484375;1716;
1126,596;38,168819427490234;1718,5755615234375;1716;
1126,597;38,05234909057617;1730,3466796875;1716;
1126,598;38,226470947265625;1724,461181640625;1716;
1126,599;37,60529327392578;1710,728271484375;1716;
1126,6;38,48235321044922;1708,766357421875;1716;
1126,601;38,14352798461914;1718,5755615234375;1716;
1126,602;38,036468505859375;1728,3848876953125;1716;
1126,603;38,21294021606445;1724,461181640625;1716;
1126,604;37,59176254272461;1708,766357421875;1716;
1126,605;38,48235321044922;1710,728271484375;1716;
1126,606;38,13999557495117;1718,5755615234375;1716;
1126,607;38,034114837646484;1728,3848876953125;1716;
1126,608;38,23234939575195;1724,461181640625;1716;
1126,609;37,598236083984375;1710,728271484375;1716;
1126,61;38,47588348388672;1710,728271484375;1716;
1126,611;38,14646911621094;1718,5755615234375;1716;
1126,612;38,036468505859375;1726,4228515625;1716;
1126,613;38,234703063964844;1722,499267578125;1716;
1126,614;37,59587860107422;1710,728271484375;1716;
1126,615;38,48117446899414;1712,68994140625;1716;
1126,616;38,14117431640625;1718,5755615234375;1716;
1126,617;38,03823471069336;1726,4228515625;1716;
1126,618;38,228233337402344;1722,499267578125;1716;
1126,619;37,60117721557617;1710,728271484375;1716;
1126,62;38,478824615478516;1712,68994140625;1716;
1126,621;38,14293670654297;1720,53759765625;1716;
1126,622;38,036468505859375;1724,461181640625;1716;
1126,623;38,229408264160156;1720,53759765625;1716;
1126,624;37,5941162109375;1712,68994140625;1716;
1126,625;38,48117446899414;1716,61376953125;1716;
1126,626;38,14411544799805;1720,53759765625;1716;
1126,627;38,03705596923828;1724,461181640625;1716;
1126,628;38,23529052734375;1716,61376953125;1716;
1126,629;37,59293746948242;1710,728271484375;1716;
1126,63;38,47588348388672;1716,61376953125;1716;
1126,631;38,14117431640625;1722,499267578125;1716;
1126,632;38,03588104248047;1724,461181640625;1716;
1126,633;38,23176193237305;1716,61376953125;1716;
1126,634;37,59470748901367;1710,728271484375;1716;
1126,635;38,482940673828125;1718,5755615234375;1716;
1126,636;38,14117431640625;1722,499267578125;1716;
1126,637;38,03705596923828;1726,4228515625;1716;
1126,638;38,230587005615234;1712,68994140625;1716;
1126,639;37,59587860107422;1712,68994140625;1716;
1126,64;38,47941207885742;1720,53759765625;1716;
1126,641;38,14293670654297;1724,461181640625;1716;
1126,642;38,036468505859375;1722,499267578125;1716;
1126,643;38,234703063964844;1706,8046875;1716;
1126,644;37,5941162109375;1710,728271484375;1716;
1126,645;38,216468811035156;1720,53759765625;1716;
1126,646;38,141761779785156;1726,4228515625;1716;
1126,647;38,03764724731445;1726,4228515625;1716;
1126,648;38,23176193237305;1708,766357421875;1716;
1126,649;37,59293746948242;1710,728271484375;1716;
1126,65;38,15058898925781;1722,499267578125;1716;
1126,651;38,139408111572266;1726,4228515625;1716;
1126,652;37,97352600097656;1724,461181640625;1716;
1126,653;38,16529083251953;1708,766357421875;1716;
1126,654;37,53176498413086;1708,766357421875;1716;
1126,655;38,148231506347656;1720,53759765625;1716;
1126,656;38,077056884765625;1728,3848876953125;1716;
1126,657;37,970584869384766;1726,4228515625;1716;
1126,658;38,16529083251953;1706,8046875;1716;
1126,659;37,529998779296875;1708,766357421875;1716;
1126,66;38,15058898925781;1720,53759765625;1716;
1126,661;38,07764434814453;1728,3848876953125;1716;
1126,662;38,41353225708008;1722,499267578125;1716;
1126,663;38,16587829589844;1704,8426513671875;1716;
1126,664;37,529998779296875;1708,766357421875;1716;
1126,665;38,14882278442383;1722,499267578125;1716;
1126,666;38,07823181152344;1730,3466796875;1716;
1126,667;37,97235107421875;1724,461181640625;1716;
1126,668;38,16587829589844;1708,766357421875;1716;
1126,669;37,529998779296875;1710,728271484375;1716;
1126,67;38,14882278442383;1720,53759765625;1716;
1126,671;38,07823181152344;1728,3848876953125;1716;
1126,672;37,974117279052734;1726,4228515625;1716;
1126,673;38,16587829589844;1706,8046875;1716;
1126,674;37,529998779296875;1708,766357421875;1716;
1126,675;38,14882278442383;1722,499267578125;1716;
1126,676;38,07823181152344;1728,3848876953125;1716;
1126,677;38,41353225708008;1720,53759765625;1716;
1126,678;38,16587829589844;1708,766357421875;1716;
1126,679;37,53176498413086;1708,766357421875;1716;
1126,68;38,14882278442383;1720,53759765625;1716;
1126,681;38,07823181152344;1728,3848876953125;1716;
1126,682;38,41353225708008;1724,461181640625;1716;
1126,683;38,16587829589844;1706,8046875;1716;
1126,684;37,53176498413086;1708,766357421875;1716;
1126,685;38,14882278442383;1724,461181640625;1716;
1126,686;38,07823181152344;1726,4228515625;1716;
1126,687;38,4152946472168;1722,499267578125;1716;
1126,688;38,16587829589844;1708,766357421875;1716;
1126,689;37,53176498413086;1712,68994140625;1716;
1126,69;38,14882278442383;1720,53759765625;1716;
1126,691;38,07823181152344;1726,4228515625;1716;
1126,692;38,4152946472168;1720,53759765625;1716;
1126,693;38,16587829589844;1708,766357421875;1716;
1126,694;37,53176498413086;1716,61376953125;1716;
1126,695;38,14882278442383;1720,53759765625;1716;
1126,696;38,07823181152344;1724,461181640625;1716;
1126,697;38,4152946472168;1714,6519775390625;1716;
1126,698;38,16587829589844;1708,766357421875;1716;
1126,699;37,53176498413086;1714,6519775390625;1716;
1126,7;38,14882278442383;1722,499267578125;1716;
1126,701;38,07823181152344;1726,4228515625;1716;
1126,702;38,4152946472168;1716,61376953125;1716;
1126,703;38,16587829589844;1708,766357421875;1716;
1126,704;37,53176498413086;1716,61376953125;1716;
1126,705;38,14882278442383;1722,499267578125;1716;
1126,706;38,07823181152344;1724,461181640625;1716;
1126,707;38,4152946472168;1714,6519775390625;1716;
1126,708;38,16587829589844;1708,766357421875;1716;
1126,709;37,53176498413086;1716,61376953125;1716;
1126,71;38,14882278442383;1724,461181640625;1716;
1126,711;38,07823181152344;1726,4228515625;1716;
1126,712;38,4152946472168;1712,68994140625;1716;
1126,713;38,16587829589844;1708,766357421875;1716;
1126,714;37,972938537597656;1720,53759765625;1716;
1126,715;38,14882278442383;1724,461181640625;1716;
1126,716;38,077056884765625;1724,461181640625;1716;
1126,717;38,4152946472168;1712,68994140625;1716;
1126,718;38,167057037353516;1706,8046875;1716;
1126,719;37,972938537597656;1720,53759765625;1716;
1126,72;38,14882278442383;1730,3466796875;1716;
1126,721;38,077056884765625;1726,4228515625;1716;
1126,722;38,4152946472168;1710,728271484375;1716;
1126,723;38,167057037353516;1706,8046875;1716;
1126,724;37,974117279052734;1720,53759765625;1716;
1126,725;38,14882278442383;1728,3848876953125;1716;
1126,726;38,077056884765625;1724,461181640625;1716;
1126,727;38,4152946472168;1710,728271484375;1716;
1126,728;38,16587829589844;1706,8046875;1716;
1126,729;37,974117279052734;1720,53759765625;1716;
1126,73;38,14882278442383;1730,3466796875;1716;
1126,731;38,077056884765625;1726,4228515625;1716;
1126,732;38,4152946472168;1710,728271484375;1716;
1126,733;38,16587829589844;1706,8046875;1716;
1126,734;37,974117279052734;1718,5755615234375;1716;
1126,735;38,14882278442383;1726,4228515625;1716;
1126,736;37,529998779296875;1728,3848876953125;1716;
1126,737;38,4152946472168;1710,728271484375;1716;
1126,738;38,16587829589844;1706,8046875;1716;
1126,739;37,972938537597656;1720,53759765625;1716;
1126,74;38,14882278442383;1730,3466796875;1716;
1126,741;37,529998779296875;1726,4228515625;1716;
1126,742;38,4152946472168;1708,766357421875;1716;
1126,743;38,16587829589844;1706,8046875;1716;
1126,744;37,972938537597656;1718,5755615234375;1716;
1126,745;38,14882278442383;1726,4228515625;1716;
1126,746;38,077056884765625;1728,3848876953125;1716;
1126,747;38,4152946472168;1708,766357421875;1716;
1126,748;38,16529083251953;1706,8046875;1716;
1126,749;37,972938537597656;1720,53759765625;1716;
1126,75;38,14882278442383;1728,3848876953125;1716;
1126,751;37,529998779296875;1726,4228515625;1716;
1126,752;38,4152946472168;1710,728271484375;1716;
1126,753;38,16529083251953;1706,8046875;1716;
1126,754;37,972938537597656;1718,5755615234375;1716;
1126,755;38,14882278442383;1728,3848876953125;1716;
1126,756;37,529998779296875;1726,4228515625;1716;
1126,757;38,4152946472168;1712,68994140625;1716;
1126,758;38,16529083251953;1708,766357421875;1716;
1126,759;37,972938537597656;1720,53759765625;1716;
1126,76;38,14882278442383;1726,4228515625;1716;
1126,761;37,53117752075195;1718,5755615234375;1716;
1126,762;38,4152946472168;1712,68994140625;1716;
1126,763;38,16646957397461;1708,766357421875;1716;
1126,764;37,974117279052734;1720,53759765625;1716;
1126,765;38,14882278442383;1726,4228515625;1716;
1126,766;37,53117752075195;1716,61376953125;1716;
1126,767;38,4152946472168;1714,6519775390625;1716;
1126,768;38,16646957397461;1712,68994140625;1716;
1126,769;37,97235107421875;1722,499267578125;1716;
1126,77;38,14882278442383;1724,461181640625;1716;
1126,771;37,53117752075195;1720,53759765625;1716;
1126,772;38,4152946472168;1712,68994140625;1716;
1126,773;38,16646957397461;1712,68994140625;1716;
1126,774;37,97235107421875;1720,53759765625;1716;
1126,775;38,14882278442383;1724,461181640625;1716;
1126,776;37,53176498413086;1718,5755615234375;1716;
1126,777;38,41353225708008;1712,68994140625;1716;
1126,778;38,16646957397461;1716,61376953125;1716;
1126,779;37,97235107421875;1720,53759765625;1716;
1126,78;38,147647857666016;1722,499267578125;1716;
1126,781;37,53117752075195;1716,61376953125;1716;
1126,782;38,41353225708008;1712,68994140625;1716;
1126,783;38,16823196411133;1716,61376953125;1716;
1126,784;37,97529220581055;1724,461181640625;1716;
1126,785;38,061763763427734;1724,461181640625;1716;
1126,786;37,44411849975586;1708,766357421875;1716;
1126,787;38,32353210449219;1712,68994140625;1716;
1126,788;37,98823547363281;1718,5755615234375;1716;
1126,789;37,88235092163086;1728,3848876953125;1716;
1126,79;38,078819274902344;1716,61376953125;1716;
1126,791;37,44117736816406;1712,68994140625;1716;
1126,792;38,32353210449219;1710,728271484375;1716;
1126,793;37,98823547363281;1716,61376953125;1716;
1126,794;37,88235092163086;1726,4228515625;1716;
1126,795;38,07646942138672;1724,461181640625;1716;
1126,796;37,44117736816406;1712,68994140625;1716;
1126,797;38,32353210449219;1712,68994140625;1716;
1126,798;37,98823547363281;1716,61376953125;1716;
1126,799;37,88235092163086;1728,3848876953125;1716;
1126,8;38,05882263183594;1724,461181640625;1716;
1126,801;37,44117736816406;1708,766357421875;1716;
1126,802;38,32353210449219;1710,728271484375;1716;
1126,803;37,98823547363281;1720,53759765625;1716;
1126,804;37,88235092163086;1728,3848876953125;1716;
1126,805;38,05882263183594;1724,461181640625;1716;
1126,806;37,44117736816406;1710,728271484375;1716;
1126,807;38,32353210449219;1710,728271484375;1716;
1126,808;37,98823547363281;1718,5755615234375;1716;
1126,809;37,88235092163086;1730,3466796875;1716;
1126,81;38,07646942138672;1726,4228515625;1716;
1126,811;37,44117736816406;1706,8046875;1716;
1126,812;38,32353210449219;1710,728271484375;1716;
1126,813;37,98823547363281;1718,5755615234375;1716;
1126,814;37,88235092163086;1726,4228515625;1716;
1126,815;38,07646942138672;1724,461181640625;1716;
1126,816;37,44117736816406;1710,728271484375;1716;
1126,817;38,32353210449219;1710,728271484375;1716;
1126,818;37,98823547363281;1718,5755615234375;1716;
1126,819;37,88235092163086;1726,4228515625;1716;
1126,82;38,07646942138672;1720,53759765625;1716;
1126,821;37,44117736816406;1710,728271484375;1716;
1126,822;38,32353210449219;1710,728271484375;1716;
1126,823;37,98823547363281;1720,53759765625;1716;
1126,824;37,88235092163086;1726,4228515625;1716;
1126,825;38,139408111572266;1724,461181640625;1716;
1126,826;37,5064697265625;1710,728271484375;1716;
1126,827;38,392940521240234;1710,728271484375;1716;
1126,828;38,05881881713867;1720,53759765625;1716;
1126,829;37,957645416259766;1722,499267578125;1716;
1126,83;38,160587310791016;1722,499267578125;1716;
1126,831;37,528236389160156;1712,68994140625;1716;
1126,832;38,40764617919922;1712,68994140625;1716;
1126,833;38,072349548339844;1718,5755615234375;1716;
1126,834;37,97529220581055;1724,461181640625;1716;
1126,835;38,16352844238281;1722,499267578125;1716;
1126,836;37,5229377746582;1710,728271484375;1716;
1126,837;38,12528991699219;1720,53759765625;1716;
1126,838;38,07176208496094;1720,53759765625;1716;
1126,839;37,959999084472656;1724,461181640625;1716;
1126,84;38,149410247802734;1718,5755615234375;1716;
1126,841;37,5094108581543;1712,68994140625;1716;
1126,842;38,392940521240234;1716,61376953125;1716;
1126,843;38,051761627197266;1718,5755615234375;1716;
1126,844;37,94588088989258;1722,499267578125;1716;
1126,845;38,14293670654297;1718,5755615234375;1716;
1126,846;37,50529479980469;1710,728271484375;1716;
1126,847;38,471763610839844;1716,61376953125;1716;
1126,848;38,130584716796875;1722,499267578125;1716;
1126,849;38,0288200378418;1724,461181640625;1716;
1126,85;38,22117614746094;1716,61376953125;1716;
1126,851;37,59529113769531;1712,68994140625;1716;
1126,852;38,21706008911133;1722,499267578125;1716;
1126,853;38,23881912231445;1726,4228515625;1716;
1126,854;38,04587936401367;1722,499267578125;1716;
1126,855;38,243526458740234;1712,68994140625;1716;
1126,856;37,59587860107422;1710,728271484375;1716;
1126,857;38,21117401123047;1720,53759765625;1716;
1126,858;38,14470291137695;1724,461181640625;1716;
1126,859;38,03705596923828;1720,53759765625;1716;
1126,86;38,234703063964844;1708,766357421875;1716;
1126,861;37,5970573425293;1710,728271484375;1716;
1126,862;38,221763610839844;1720,53759765625;1716;
1126,863;38,14881896972656;1726,4228515625;1716;
1126,864;38,041175842285156;1722,499267578125;1716;
1126,865;38,239410400390625;1704,8426513671875;1716;
1126,866;37,59646987915039;1710,728271484375;1716;
1126,867;38,22235107421875;1722,499267578125;1716;
1126,868;38,15705490112305;1726,4228515625;1716;
1126,869;38,06705856323242;1722,499267578125;1716;
1126,87;38,2658805847168;1708,766357421875;1716;
1126,871;37,63352966308594;1710,728271484375;1716;
1126,872;38,2535285949707;1720,53759765625;1716;
1126,873;38,18352508544922;1728,3848876953125;1716;
1126,874;38,0841178894043;1724,461181640625;1716;
1126,875;38,26823425292969;1706,8046875;1716;
1126,876;37,62940979003906;1708,766357421875;1716;
1126,877;38,239410400390625;1722,499267578125;1716;
1126,878;38,16117477416992;1728,3848876953125;1716;
1126,879;38,054115295410156;1724,461181640625;1716;
1126,88;38,24293899536133;1706,8046875;1716;
1126,881;37,6099967956543;1708,766357421875;1716;
1126,882;38,21940994262695;1722,499267578125;1716;
1126,883;38,14411544799805;1728,3848876953125;1716;
1126,884;38,47705841064453;1722,499267578125;1716;
1126,885;38,23117446899414;1708,766357421875;1716;
1126,886;37,592350006103516;1708,766357421875;1716;
1126,887;38,21470260620117;1720,53759765625;1716;
1126,888;38,14470291137695;1728,3848876953125;1716;
1126,889;38,47588348388672;1724,461181640625;1716;
1126,89;38,22587966918945;1704,8426513671875;1716;
1126,891;37,59587860107422;1708,766357421875;1716;
1126,892;38,21235275268555;1722,499267578125;1716;
1126,893;38,14411544799805;1728,3848876953125;1716;
1126,894;38,47529220581055;1722,499267578125;1716;
1126,895;38,23234939575195;1706,8046875;1716;
1126,896;37,5970573425293;1712,68994140625;1716;
1126,897;38,21588134765625;1720,53759765625;1716;
1126,898;38,141761779785156;1726,4228515625;1716;
1126,899;38,47529220581055;1720,53759765625;1716;
1126,9;38,22999954223633;1706,8046875;1716;
1126,901;37,5976448059082;1708,766357421875;1716;
1126,902;38,20882034301758;1720,53759765625;1716;
1126,903;38,13999557495117;1726,4228515625;1716;
1126,904;38,48117446899414;1706,8046875;1716;
1126,905;38,234703063964844;1708,766357421875;1716;
1126,906;37,58940887451172;1710,728271484375;1716;
1126,907;38,21294021606445;1720,53759765625;1716;
1126,908;38,14234924316406;1726,4228515625;1716;
1126,909;38,47529220581055;1724,461181640625;1716;
1126,91;38,228233337402344;1706,8046875;1716;
1126,911;37,59587860107422;1714,6519775390625;1716;
1126,912;38,21588134765625;1722,499267578125;1716;
1126,913;38,14293670654297;1724,461181640625;1716;
1126,914;38,48235321044922;1714,6519775390625;1716;
1126,915;38,229408264160156;1708,766357421875;1716;
1126,916;37,593528747558594;1712,68994140625;1716;
1126,917;38,211761474609375;1720,53759765625;1716;
1126,918;38,14293670654297;1722,499267578125;1716;
1126,919;38,47999954223633;1710,728271484375;1716;
1126,92;38,23293685913086;1710,728271484375;1716;
1126,921;37,59587860107422;1718,5755615234375;1716;
1126,922;38,21235275268555;1724,461181640625;1716;
1126,923;38,14411544799805;1724,461181640625;1716;
1126,924;38,47764587402344;1716,61376953125;1716;
1126,925;38,23176193237305;1708,766357421875;1716;
1126,926;38,03705596923828;1714,6519775390625;1716;
1126,927;38,21352767944336;1722,499267578125;1716;
1126,928;38,147056579589844;1724,461181640625;1716;
1126,929;38,47529220581055;1712,68994140625;1716;
1126,93;38,229408264160156;1704,8426513671875;1716;
1126,931;38,03588104248047;1720,53759765625;1716;
1126,932;38,21411895751953;1722,499267578125;1716;
1126,933;38,147056579589844;1722,499267578125;1716;
1126,934;38,47588348388672;1712,68994140625;1716;
1126,935;39,45587921142578;1708,766357421875;1716;
1126,936;37,97117614746094;1718,5755615234375;1716;
1126,937;38,14646911621094;1724,461181640625;1716;
1126,938;38,078819274902344;1726,4228515625;1716;
1126,939;38,41176223754883;1710,728271484375;1716;
1126,94;38,16529083251953;1708,766357421875;1716;
1126,941;37,96999740600586;1720,53759765625;1716;
1126,942;38,14646911621094;1722,499267578125;1716;
1126,943;38,077056884765625;1722,499267578125;1716;
1126,944;38,41353225708008;1710,728271484375;1716;
1126,945;38,16646957397461;1706,8046875;1716;
1126,946;37,97235107421875;1720,53759765625;1716;
1126,947;38,14882278442383;1728,3848876953125;1716;
1126,948;38,07823181152344;1724,461181640625;1716;
1126,949;38,412940979003906;1710,728271484375;1716;
1126,95;38,16646957397461;1706,8046875;1716;
1126,951;37,97235107421875;1720,53759765625;1716;
1126,952;38,14882278442383;1726,4228515625;1716;
1126,953;38,07823181152344;1722,499267578125;1716;
1126,954;38,412940979003906;1708,766357421875;1716;
1126,955;38,16646957397461;1704,8426513671875;1716;
1126,956;37,97235107421875;1720,53759765625;1716;
1126,957;38,14882278442383;1728,3848876953125;1716;
1126,958;38,07823181152344;1724,461181640625;1716;
1126,959;38,412940979003906;1708,766357421875;1716;
1126,96;38,16646957397461;1706,8046875;1716;
1126,961;37,97235107421875;1720,53759765625;1716;
1126,962;38,14882278442383;1728,3848876953125;1716;
1126,963;38,07823181152344;1726,4228515625;1716;
1126,964;38,412940979003906;1706,8046875;1716;
1126,965;38,16646957397461;1704,8426513671875;1716;
1126,966;37,97235107421875;1720,53759765625;1716;
1126,967;38,14882278442383;1728,3848876953125;1716;
1126,968;37,53117752075195;1724,461181640625;1716;
1126,969;38,412940979003906;1712,68994140625;1716;
1126,97;38,16646957397461;1706,8046875;1716;
1126,971;37,97235107421875;1722,499267578125;1716;
1126,972;38,14882278442383;1728,3848876953125;1716;
1126,973;37,53117752075195;1728,3848876953125;1716;
1126,974;38,412940979003906;1706,8046875;1716;
1126,975;38,16646957397461;1704,8426513671875;1716;
1126,976;37,972938537597656;1720,53759765625;1716;
1126,977;38,14882278442383;1726,4228515625;1716;
1126,978;37,53117752075195;1728,3848876953125;1716;
1126,979;38,412940979003906;1714,6519775390625;1716;
1126,98;38,16646957397461;1706,8046875;1716;
1126,981;37,97235107421875;1720,53759765625;1716;
1126,982;38,14882278442383;1730,3466796875;1716;
1126,983;37,53117752075195;1722,499267578125;1716;
1126,984;38,412940979003906;1710,728271484375;1716;
1126,985;38,16646957397461;1706,8046875;1716;
1126,986;37,97235107421875;1720,53759765625;1716;
1126,987;38,14882278442383;1724,461181640625;1716;
1126,988;37,53117752075195;1720,53759765625;1716;
1126,989;38,41353225708008;1714,6519775390625;1716;
1126,99;38,16646957397461;1708,766357421875;1716;
1126,991;37,97235107421875;1720,53759765625;1716;
1126,992;38,14882278442383;1724,461181640625;1716;
1126,993;37,53117752075195;1724,461181640625;1716;
1126,994;38,41353225708008;1712,68994140625;1716;
1126,995;38,16646957397461;1710,728271484375;1716;
1126,996;37,97235107421875;1720,53759765625;1716;
1126,997;38,14882278442383;1726,4228515625;1716;
1126,998;37,53117752075195;1724,461181640625;1716;
1126,999;38,412940979003906;1712,68994140625;1716;
1127;38,16646957397461;1710,728271484375;1716;
1127,001;37,97235107421875;1720,53759765625;1716;
1127,002;38,14882278442383;1726,4228515625;1716;
1127,003;37,53117752075195;1714,6519775390625;1716;
1127,004;38,412940979003906;1710,728271484375;1716;
1127,005;38,07823181152344;1714,6519775390625;1716;
1127,006;37,97235107421875;1720,53759765625;1716;
1127,007;38,14882278442383;1724,461181640625;1716;
1127,008;37,53117752075195;1712,68994140625;1716;
1127,009;38,412940979003906;1712,68994140625;1716;
1127,01;38,07823181152344;1714,6519775390625;1716;
1127,011;37,97235107421875;1722,499267578125;1716;
1127,012;38,14882278442383;1724,461181640625;1716;
1127,013;37,53117752075195;1710,728271484375;1716;
1127,014;38,412940979003906;1714,6519775390625;1716;
1127,015;38,07823181152344;1716,61376953125;1716;
1127,016;37,97235107421875;1726,4228515625;1716;
1127,017;38,14882278442383;1724,461181640625;1716;
1127,018;37,53117752075195;1714,6519775390625;1716;
1127,019;38,412940979003906;1712,68994140625;1716;
1127,02;38,07823181152344;1716,61376953125;1716;
1127,021;37,97235107421875;1728,3848876953125;1716;
1127,022;38,14882278442383;1722,499267578125;1716;
1127,023;37,53117752075195;1710,728271484375;1716;
1127,024;38,412940979003906;1710,728271484375;1716;
1127,025;38,078819274902344;1716,61376953125;1716;
1127,026;37,97235107421875;1726,4228515625;1716;
1127,027;38,14882278442383;1724,461181640625;1716;
1127,028;37,53293991088867;1708,766357421875;1716;
1127,029;38,412940979003906;1710,728271484375;1716;
1127,03;38,078819274902344;1718,5755615234375;1716;
1127,031;37,97235107421875;1728,3848876953125;1716;
1127,032;38,14882278442383;1724,461181640625;1716;
1127,033;37,53293991088867;1708,766357421875;1716;
1127,034;38,41353225708008;1710,728271484375;1716;
1127,035;38,078819274902344;1716,61376953125;1716;
1127,036;37,97235107421875;1726,4228515625;1716;
1127,037;38,16646957397461;1726,4228515625;1716;
1127,038;37,53117752075195;1706,8046875;1716;
1127,039;38,41411590576172;1710,728271484375;1716;
1127,04;38,07823181152344;1720,53759765625;1716;
1127,041;37,97235107421875;1726,4228515625;1716;
1127,042;38,16646957397461;1724,461181640625;1716;
1127,043;37,53117752075195;1708,766357421875;1716;
1127,044;38,41353225708008;1710,728271484375;1716;
1127,045;38,078819274902344;1718,5755615234375;1716;
1127,046;37,97235107421875;1728,3848876953125;1716;
1127,047;38,16646957397461;1724,461181640625;1716;
1127,048;37,53117752075195;1710,728271484375;1716;
1127,049;38,41353225708008;1712,68994140625;1716;
1127,05;38,078819274902344;1718,5755615234375;1716;
1127,051;37,97235107421875;1726,4228515625;1716;
1127,052;38,16646957397461;1722,499267578125;1716;
1127,053;37,53117752075195;1712,68994140625;1716;
1127,054;38,41353225708008;1712,68994140625;1716;
1127,055;38,078819274902344;1720,53759765625;1716;
1127,056;37,972938537597656;1724,461181640625;1716;
1127,057;38,16646957397461;1724,461181640625;1716;
1127,058;37,53117752075195;1712,68994140625;1716;
1127,059;38,412940979003906;1716,61376953125;1716;
1127,06;38,07823181152344;1720,53759765625;1716;
1127,061;37,97235107421875;1724,461181640625;1716;
1127,062;38,16823196411133;1718,5755615234375;1716;
1127,063;37,53176498413086;1708,766357421875;1716;
1127,064;38,412940979003906;1716,61376953125;1716;
1127,065;38,07646560668945;1720,53759765625;1716;
1127,066;37,97587966918945;1726,4228515625;1716;
1127,067;38,169410705566406;1720,53759765625;1716;
1127,068;37,527645111083984;1712,68994140625;1716;
1127,069;38,326473236083984;1714,6519775390625;1716;
1127,07;37,993526458740234;1720,53759765625;1716;
1127,071;37,88235092163086;1722,499267578125;1716;
1127,072;38,07646942138672;1714,6519775390625;1716;
1127,073;37,44117736816406;1710,728271484375;1716;
1127,074;38,32353210449219;1714,6519775390625;1716;
1127,075;37,98823547363281;1724,461181640625;1716;
1127,076;37,88235092163086;1726,4228515625;1716;
1127,077;38,07646942138672;1716,61376953125;1716;
1127,078;37,44117736816406;1710,728271484375;1716;
1127,079;38,05882263183594;1718,5755615234375;1716;
1127,08;37,98823547363281;1726,4228515625;1716;
1127,081;37,88235092163086;1722,499267578125;1716;
1127,082;38,07646942138672;1708,766357421875;1716;
1127,083;37,44117736816406;1710,728271484375;1716;
1127,084;38,05882263183594;1722,499267578125;1716;
1127,085;37,98823547363281;1728,3848876953125;1716;
1127,086;38,32353210449219;1718,5755615234375;1716;
1127,087;38,07646942138672;1708,766357421875;1716;
1127,088;37,44117736816406;1708,766357421875;1716;
1127,089;38,05882263183594;1722,499267578125;1716;
1127,09;37,98823547363281;1728,3848876953125;1716;
1127,091;37,88235092163086;1724,461181640625;1716;
1127,092;38,07646942138672;1706,8046875;1716;
1127,093;37,44117736816406;1708,766357421875;1716;
1127,094;38,05882263183594;1722,499267578125;1716;
1127,095;37,98823547363281;1728,3848876953125;1716;
1127,096;37,88235092163086;1724,461181640625;1716;
1127,097;38,07646942138672;1706,8046875;1716;
1127,098;37,44117736816406;1708,766357421875;1716;
1127,099;38,05882263183594;1720,53759765625;1716;
1127,1;37,98823547363281;1728,3848876953125;1716;
1127,101;37,88235092163086;1726,4228515625;1716;
1127,102;38,07646942138672;1708,766357421875;1716;
1127,103;37,44117736816406;1708,766357421875;1716;
1127,104;38,05882263183594;1722,499267578125;1716;
1127,105;37,98823547363281;1728,3848876953125;1716;
1127,106;37,88235092163086;1724,461181640625;1716;
1127,107;38,07646942138672;1708,766357421875;1716;
1127,108;36,232940673828125;1708,766357421875;1716;
1127,109;38,11882019042969;1720,53759765625;1716;
1127,11;38,045291900634766;1728,3848876953125;1716;
1127,111;38,38999938964844;1720,53759765625;1716;
1127,112;38,147056579589844;1706,8046875;1716;
1127,113;37,5194091796875;1708,766357421875;1716;
1127,114;38,142940521240234;1722,499267578125;1716;
1127,115;38,07529067993164;1728,3848876953125;1716;
1127,116;38,40470504760742;1724,461181640625;1716;
1127,117;38,15705871582031;1710,728271484375;1716;
1127,118;37,528236389160156;1708,766357421875;1716;
1127,119;38,14588165283203;1720,53759765625;1716;
1127,12;38,07293701171875;1726,4228515625;1716;
1127,121;38,40764617919922;1720,53759765625;1716;
1127,122;38,15646743774414;1712,68994140625;1716;
1127,123;37,5164680480957;1708,766357421875;1716;
1127,124;38,13235092163086;1722,499267578125;1716;
1127,125;38,055877685546875;1726,4228515625;1716;
1127,126;38,387062072753906;1720,53759765625;1716;
1127,127;38,141761779785156;1710,728271484375;1716;
1127,128;37,50470733642578;1712,68994140625;1716;
1127,129;38,12294006347656;1722,499267578125;1716;
1127,13;38,05234909057617;1726,4228515625;1716;
1127,131;38,387062072753906;1716,61376953125;1716;
1127,132;38,222938537597656;1712,68994140625;1716;
1127,133;37,5;1718,5755615234375;1716;
1127,134;38,203529357910156;1722,499267578125;1716;
1127,135;38,14234924316406;1726,4228515625;1716;
1127,136;38,48764419555664;1714,6519775390625;1716;
1127,137;38,235877990722656;1706,8046875;1716;
1127,138;37,60764694213867;1716,61376953125;1716;
1127,139;38,21411895751953;1724,461181640625;1716;
1127,14;38,13646697998047;1724,461181640625;1716;
1127,141;38,476470947265625;1714,6519775390625;1716;
1127,142;38,23646926879883;1708,766357421875;1716;
1127,143;38,038818359375;1720,53759765625;1716;
1127,144;38,21588134765625;1726,4228515625;1716;
1127,145;38,13999557495117;1724,461181640625;1716;
1127,146;38,49529266357422;1710,728271484375;1716;
1127,147;38,237056732177734;1708,766357421875;1716;
1127,148;38,041175842285156;1720,53759765625;1716;
1127,149;38,21294021606445;1726,4228515625;1716;
1127,15;38,14352798461914;1724,461181640625;1716;
1127,151;38,48882293701172;1710,728271484375;1716;
1127,152;38,25411605834961;1706,8046875;1716;
1127,153;38,06882095336914;1718,5755615234375;1716;
1127,154;38,25;1730,3466796875;1716;
1127,155;38,175289154052734;1726,4228515625;1716;
1127,156;38,51764678955078;1708,766357421875;1716;
1127,157;38,2723503112793;1706,8046875;1716;
1127,158;38,07823181152344;1720,53759765625;1716;
1127,159;38,24470520019531;1726,4228515625;1716;
1127,16;38,171173095703125;1726,4228515625;1716;
1127,161;38,505882263183594;1710,728271484375;1716;
1127,162;38,25293731689453;1706,8046875;1716;
1127,163;38,057647705078125;1718,5755615234375;1716;
1127,164;38,22705841064453;1730,3466796875;1716;
1127,165;38,148231506347656;1728,3848876953125;1716;
1127,166;38,48176574707031;1708,766357421875;1716;
1127,167;38,22705841064453;1704,8426513671875;1716;
1127,168;38,041175842285156;1720,53759765625;1716;
1127,169;38,21117401123047;1728,3848876953125;1716;
1127,17;38,139408111572266;1728,3848876953125;1716;
1127,171;38,47294235229492;1710,728271484375;1716;
1127,172;38,22705841064453;1706,8046875;1716;
1127,173;38,03940963745117;1720,53759765625;1716;
1127,174;38,21470260620117;1730,3466796875;1716;
1127,175;37,59587860107422;1716,61376953125;1716;
1127,176;38,47941207885742;1712,68994140625;1716;
1127,177;38,23176193237305;1706,8046875;1716;
1127,178;38,03823471069336;1718,5755615234375;1716;
1127,179;38,21411895751953;1728,3848876953125;1716;
1127,18;37,5941162109375;1726,4228515625;1716;
1127,181;38,47941207885742;1714,6519775390625;1716;
1127,182;38,23352813720703;1708,766357421875;1716;
1127,183;38,0352897644043;1722,499267578125;1716;
1127,184;38,216468811035156;1724,461181640625;1716;
1127,185;37,5970573425293;1724,461181640625;1716;
1127,186;38,48117446899414;1714,6519775390625;1716;
1127,187;38,22999954223633;1710,728271484375;1716;
1127,188;38,03117752075195;1720,53759765625;1716;
1127,189;38,209999084472656;1722,499267578125;1716;
1127,19;37,5970573425293;1722,499267578125;1716;
1127,191;38,47529220581055;1714,6519775390625;1716;
1127,192;38,13999557495117;1716,61376953125;1716;
1127,193;38,034706115722656;1722,499267578125;1716;
1127,194;38,21411895751953;1726,4228515625;1716;
1127,195;37,59529113769531;1718,5755615234375;1716;
1127,196;38,48117446899414;1714,6519775390625;1716;
1127,197;38,14117431640625;1714,6519775390625;1716;
1127,198;38,03705596923828;1720,53759765625;1716;
1127,199;38,21294021606445;1722,499267578125;1716;
1127,2;37,599998474121094;1714,6519775390625;1716;
1127,201;38,47941207885742;1714,6519775390625;1716;
1127,202;38,230587005615234;1716,61376953125;1716;
1127,203;38,03999710083008;1726,4228515625;1716;
1127,204;38,21529006958008;1724,461181640625;1716;
1127,205;37,598819732666016;1712,68994140625;1716;
1127,206;38,476470947265625;1714,6519775390625;1716;
1127,207;38,141761779785156;1718,5755615234375;1716;
1127,208;38,03588104248047;1724,461181640625;1716;
1127,209;38,21411895751953;1724,461181640625;1716;
1127,21;37,599998474121094;1712,68994140625;1716;
1127,211;38,47529220581055;1710,728271484375;1716;
1127,212;38,140586853027344;1718,5755615234375;1716;
1127,213;38,0352897644043;1728,3848876953125;1716;
1127,214;38,21294021606445;1724,461181640625;1716;
1127,215;37,59529113769531;1710,728271484375;1716;
1127,216;38,480587005615234;1712,68994140625;1716;
1127,217;38,141761779785156;1718,5755615234375;1716;
1127,218;38,026466369628906;1730,3466796875;1716;
1127,219;38,149410247802734;1724,461181640625;1716;
1127,22;37,529998779296875;1708,766357421875;1716;
1127,221;38,41176223754883;1710,728271484375;1716;
1127,222;38,077056884765625;1718,5755615234375;1716;
1127,223;37,97117614746094;1730,3466796875;1716;
1127,224;38,148231506347656;1724,461181640625;1716;
1127,225;37,5294075012207;1712,68994140625;1716;
1127,226;38,412353515625;1710,728271484375;1716;
1127,227;38,077056884765625;1716,61376953125;1716;
1127,228;37,974117279052734;1730,3466796875;1716;
1127,229;38,148231506347656;1726,4228515625;1716;
1127,23;37,529998779296875;1708,766357421875;1716;
1127,231;38,41353225708008;1712,68994140625;1716;
1127,232;38,07823181152344;1720,53759765625;1716;
1127,233;37,972938537597656;1726,4228515625;1716;
1127,234;38,16587829589844;1724,461181640625;1716;
1127,235;37,529998779296875;1710,728271484375;1716;
1127,236;38,41353225708008;1710,728271484375;1716;
1127,237;38,07823181152344;1718,5755615234375;1716;
1127,238;37,972938537597656;1728,3848876953125;1716;
1127,239;38,167057037353516;1724,461181640625;1716;
1127,24;37,529998779296875;1712,68994140625;1716;
1127,241;38,41353225708008;1716,61376953125;1716;
1127,242;38,07823181152344;1720,53759765625;1716;
1127,243;37,972938537597656;1726,4228515625;1716;
1127,244;38,167057037353516;1722,499267578125;1716;
1127,245;37,529998779296875;1712,68994140625;1716;
1127,246;38,41353225708008;1712,68994140625;1716;
1127,247;38,07823181152344;1720,53759765625;1716;
1127,248;37,974117279052734;1726,4228515625;1716;
1127,249;38,16587829589844;1712,68994140625;1716;
1127,25;37,529998779296875;1714,6519775390625;1716;
1127,251;38,41353225708008;1716,61376953125;1716;
1127,252;38,07823181152344;1720,53759765625;1716;
1127,253;37,974117279052734;1724,461181640625;1716;
1127,254;38,16587829589844;1712,68994140625;1716;
1127,255;37,529998779296875;1712,68994140625;1716;
1127,256;38,41353225708008;1718,5755615234375;1716;
1127,257;38,07823181152344;1722,499267578125;1716;
1127,258;37,97235107421875;1724,461181640625;1716;
1127,259;38,167057037353516;1712,68994140625;1716;
1127,26;37,53117752075195;1710,728271484375;1716;
1127,261;38,41353225708008;1720,53759765625;1716;
1127,262;38,07823181152344;1722,499267578125;1716;
1127,263;37,974117279052734;1722,499267578125;1716;
1127,264;38,167057037353516;1712,68994140625;1716;
1127,265;37,529998779296875;1712,68994140625;1716;
1127,266;38,14882278442383;1724,461181640625;1716;
1127,267;38,07823181152344;1728,3848876953125;1716;
1127,268;37,974117279052734;1724,461181640625;1716;
1127,269;38,16587829589844;1710,728271484375;1716;
1127,27;37,529998779296875;1712,68994140625;1716;
1127,271;38,14882278442383;1724,461181640625;1716;
1127,272;38,07823181152344;1730,3466796875;1716;
1127,273;37,97235107421875;1724,461181640625;1716;
1127,274;38,16587829589844;1706,8046875;1716;
1127,275;37,529998779296875;1710,728271484375;1716;
1127,276;38,147647857666016;1724,461181640625;1716;
1127,277;38,07823181152344;1728,3848876953125;1716;
1127,278;37,97235107421875;1724,461181640625;1716;
1127,279;38,16587829589844;1708,766357421875;1716;
1127,28;37,529998779296875;1710,728271484375;1716;
1127,281;38,14882278442383;1722,499267578125;1716;
1127,282;38,07823181152344;1724,461181640625;1716;
1127,283;38,41353225708008;1726,4228515625;1716;
1127,284;38,16587829589844;1706,8046875;1716;
1127,285;37,53176498413086;1710,728271484375;1716;
1127,286;38,14882278442383;1724,461181640625;1716;
1127,287;38,07823181152344;1730,3466796875;1716;
1127,288;37,974117279052734;1724,461181640625;1716;
1127,289;38,16587829589844;1708,766357421875;1716;
1127,29;37,53176498413086;1708,766357421875;1716;
1127,291;38,14882278442383;1722,499267578125;1716;
1127,292;38,07823181152344;1730,3466796875;1716;
1127,293;38,4152946472168;1726,4228515625;1716;
1127,294;38,16587829589844;1708,766357421875;1716;
1127,295;37,53176498413086;1710,728271484375;1716;
1127,296;38,14882278442383;1722,499267578125;1716;
1127,297;38,07823181152344;1728,3848876953125;1716;
1127,298;38,4152946472168;1722,499267578125;1716;
1127,299;38,16587829589844;1712,68994140625;1716;
1127,3;37,53176498413086;1710,728271484375;1716;
1127,301;38,14882278442383;1722,499267578125;1716;
1127,302;38,07823181152344;1728,3848876953125;1716;
1127,303;38,4152946472168;1720,53759765625;1716;
1127,304;38,16587829589844;1710,728271484375;1716;
1127,305;37,53176498413086;1712,68994140625;1716;
1127,306;38,14882278442383;1722,499267578125;1716;
1127,307;38,07823181152344;1724,461181640625;1716;
1127,308;38,4152946472168;1714,6519775390625;1716;
1127,309;38,16587829589844;1710,728271484375;1716;
1127,31;37,53176498413086;1714,6519775390625;1716;
1127,311;38,14882278442383;1724,461181640625;1716;
1127,312;38,077056884765625;1726,4228515625;1716;
1127,313;38,4152946472168;1716,61376953125;1716;
1127,314;38,167057037353516;1712,68994140625;1716;
1127,315;37,974117279052734;1722,499267578125;1716;
1127,316;38,14882278442383;1724,461181640625;1716;
1127,317;38,077056884765625;1724,461181640625;1716;
1127,318;38,4152946472168;1714,6519775390625;1716;
1127,319;38,167057037353516;1710,728271484375;1716;
1127,32;37,53293991088867;1718,5755615234375;1716;
1127,321;38,14882278442383;1726,4228515625;1716;
1127,322;38,077056884765625;1726,4228515625;1716;
1127,323;38,4152946472168;1708,766357421875;1716;
1127,324;38,16587829589844;1708,766357421875;1716;
1127,325;37,974117279052734;1722,499267578125;1716;
1127,326;38,14882278442383;1726,4228515625;1716;
1127,327;38,077056884765625;1724,461181640625;1716;
1127,328;38,4152946472168;1710,728271484375;1716;
1127,329;38,16587829589844;1706,8046875;1716;
1127,33;37,972938537597656;1720,53759765625;1716;
1127,331;38,14882278442383;1730,3466796875;1716;
1127,332;38,077056884765625;1730,3466796875;1716;
1127,333;38,4152946472168;1710,728271484375;1716;
1127,334;38,16587829589844;1706,8046875;1716;
1127,335;37,97235107421875;1722,499267578125;1716;
1127,336;38,14882278442383;1730,3466796875;1716;
1127,337;38,078819274902344;1726,4228515625;1716;
1127,338;38,41353225708008;1708,766357421875;1716;
1127,339;38,167057037353516;1706,8046875;1716;
1127,34;37,97235107421875;1720,53759765625;1716;
1127,341;38,149410247802734;1730,3466796875;1716;
1127,342;38,07764434814453;1726,4228515625;1716;
1127,343;38,4152946472168;1710,728271484375;1716;
1127,344;38,167057037353516;1706,8046875;1716;
1127,345;37,97235107421875;1718,5755615234375;1716;
1127,346;38,14882278442383;1730,3466796875;1716;
1127,347;38,077056884765625;1728,3848876953125;1716;
1127,348;38,412940979003906;1710,728271484375;1716;
1127,349;38,16587829589844;1708,766357421875;1716;
1127,35;37,96940994262695;1722,499267578125;1716;
1127,351;38,14117431640625;1728,3848876953125;1716;
1127,352;37,44411849975586;1726,4228515625;1716;
1127,353;38,3282356262207;1714,6519775390625;1716;
1127,354;38,07646942138672;1708,766357421875;1716;
1127,355;37,88235092163086;1720,53759765625;1716;
1127,356;38,05882263183594;1724,461181640625;1716;
1127,357;37,44117736816406;1726,4228515625;1716;
1127,358;38,32353210449219;1712,68994140625;1716;
1127,359;38,07646942138672;1710,728271484375;1716;
1127,36;37,88235092163086;1722,499267578125;1716;
1127,361;38,05882263183594;1726,4228515625;1716;
1127,362;37,44117736816406;1724,461181640625;1716;
1127,363;38,32353210449219;1716,61376953125;1716;
1127,364;38,07646942138672;1718,5755615234375;1716;
1127,365;37,88235092163086;1722,499267578125;1716;
1127,366;38,05882263183594;1724,461181640625;1716;
1127,367;37,44117736816406;1720,53759765625;1716;
1127,368;38,32353210449219;1714,6519775390625;1716;
1127,369;37,98823547363281;1716,61376953125;1716;
1127,37;37,88235092163086;1724,461181640625;1716;
1127,371;38,06117630004883;1724,461181640625;1716;
1127,372;37,44117736816406;1712,68994140625;1716;
1127,373;38,32353210449219;1714,6519775390625;1716;
1127,374;37,98823547363281;1716,61376953125;1716;
1127,375;37,88235092163086;1726,4228515625;1716;
1127,376;38,05882263183594;1724,461181640625;1716;
1127,377;37,44117736816406;1714,6519775390625;1716;
1127,378;38,32353210449219;1714,6519775390625;1716;
1127,379;37,98823547363281;1720,53759765625;1716;
1127,38;37,88235092163086;1730,3466796875;1716;
1127,381;38,05882263183594;1724,461181640625;1716;
1127,382;37,44117736816406;1712,68994140625;1716;
1127,383;38,32353210449219;1714,6519775390625;1716;
1127,384;37,98823547363281;1720,53759765625;1716;
1127,385;37,88235092163086;1730,3466796875;1716;
1127,386;38,05882263183594;1726,4228515625;1716;
1127,387;37,44352722167969;1708,766357421875;1716;
1127,388;38,32353210449219;1710,728271484375;1716;
1127,389;37,98823547363281;1722,499267578125;1716;
1127,39;37,88235092163086;1728,3848876953125;1716;
1127,391;36,8476448059082;1724,461181640625;1716;
1127,392;37,500587463378906;1710,728271484375;1716;
1127,393;38,38294219970703;1712,68994140625;1716;
1127,394;38,05823516845703;1720,53759765625;1716;
1127,395;37,952938079833984;1730,3466796875;1716;
1127,396;38,15764617919922;1724,461181640625;1716;
1127,397;37,525291442871094;1712,68994140625;1716;
1127,398;38,410587310791016;1712,68994140625;1716;
1127,399;38,06940841674805;1720,53759765625;1716;
1127,4;37,96529006958008;1728,3848876953125;1716;
1127,401;38,16646957397461;1724,461181640625;1716;
1127,402;37,525291442871094;1710,728271484375;1716;
1127,403;38,410587310791016;1716,61376953125;1716;
1127,404;38,074703216552734;1722,499267578125;1716;
1127,405;37,96294021606445;1726,4228515625;1716;
1127,406;38,155879974365234;1720,53759765625;1716;
1127,407;37,51529312133789;1712,68994140625;1716;
1127,408;38,38823318481445;1714,6519775390625;1716;
1127,409;38,05470275878906;1720,53759765625;1716;
1127,41;37,94764709472656;1726,4228515625;1716;
1127,411;38,13705825805664;1724,461181640625;1716;
1127,412;37,50529479980469;1712,68994140625;1716;
1127,413;38,38764572143555;1714,6519775390625;1716;
1127,414;38,05234909057617;1726,4228515625;1716;
1127,415;37,94117736816406;1726,4228515625;1716;
1127,416;38,22646713256836;1720,53759765625;1716;
1127,417;37,58293914794922;1714,6519775390625;1716;
1127,418;38,211761474609375;1718,5755615234375;1716;
1127,419;38,148231506347656;1722,499267578125;1716;
1127,42;38,04587936401367;1724,461181640625;1716;
1127,421;38,244117736816406;1718,5755615234375;1716;
1127,422;37,60940933227539;1710,728271484375;1716;
1127,423;38,203529357910156;1720,53759765625;1716;
1127,424;38,13823318481445;1724,461181640625;1716;
1127,425;38,03940963745117;1724,461181640625;1716;
1127,426;38,23411560058594;1714,6519775390625;1716;
1127,427;37,60176467895508;1714,6519775390625;1716;
1127,428;38,22058868408203;1722,499267578125;1716;
1127,429;38,15293884277344;1726,4228515625;1716;
1127,43;38,04352569580078;1726,4228515625;1716;
1127,431;38,23646926879883;1706,8046875;1716;
1127,432;37,58646774291992;1712,68994140625;1716;
1127,433;38,21117401123047;1724,461181640625;1716;
1127,434;38,15528869628906;1730,3466796875;1716;
1127,435;38,04882049560547;1726,4228515625;1716;
1127,436;38,26117706298828;1710,728271484375;1716;
1127,437;37,63470458984375;1710,728271484375;1716;
1127,438;38,25117492675781;1722,499267578125;1716;
1127,439;38,17940902709961;1730,3466796875;1716;
1127,44;38,07529067993164;1728,3848876953125;1716;
1127,441;38,2729377746582;1708,766357421875;1716;
1127,442;37,62999725341797;1710,728271484375;1716;
1127,443;38,24529266357422;1724,461181640625;1716;
1127,444;38,17058563232422;1730,3466796875;1716;
1127,445;38,500587463378906;1726,4228515625;1716;
1127,446;38,24528884887695;1710,728271484375;1716;
1127,447;37,61058807373047;1716,61376953125;1716;
1127,448;38,22235107421875;1722,499267578125;1716;
1127,449;38,14764404296875;1730,3466796875;1716;
1127,45;38,482940673828125;1726,4228515625;1716;
1127,451;38,229408264160156;1710,728271484375;1716;
1127,452;37,5970573425293;1710,728271484375;1716;
1127,453;38,209999084472656;1724,461181640625;1716;
1127,454;38,140586853027344;1728,3848876953125;1716;
1127,455;38,47470474243164;1720,53759765625;1716;
1127,456;38,23117446899414;1710,728271484375;1716;
1127,457;37,5911750793457;1710,728271484375;1716;
1127,458;38,21529006958008;1722,499267578125;1716;
1127,459;38,14411544799805;1728,3848876953125;1716;
1127,46;38,47705841064453;1724,461181640625;1716;
1127,461;38,23352813720703;1710,728271484375;1716;
1127,462;37,5970573425293;1712,68994140625;1716;
1127,463;38,21352767944336;1722,499267578125;1716;
1127,464;38,145877838134766;1728,3848876953125;1716;
1127,465;38,478233337402344;1722,499267578125;1716;
1127,466;38,23176193237305;1710,728271484375;1716;
1127,467;38,03117752075195;1720,53759765625;1716;
1127,468;38,216468811035156;1724,461181640625;1716;
1127,469;38,145877838134766;1726,4228515625;1716;
1127,47;38,47294235229492;1718,5755615234375;1716;
1127,471;38,23117446899414;1712,68994140625;1716;
1127,472;38,03705596923828;1722,499267578125;1716;
1127,473;38,211761474609375;1724,461181640625;1716;
1127,474;38,145877838134766;1726,4228515625;1716;
1127,475;38,476470947265625;1716,61376953125;1716;
1127,476;38,22999954223633;1710,728271484375;1716;
1127,477;38,034706115722656;1720,53759765625;1716;
1127,478;38,211761474609375;1726,4228515625;1716;
1127,479;38,14352798461914;1726,4228515625;1716;
1127,48;38,47999954223633;1708,766357421875;1716;
1127,481;38,23293685913086;1708,766357421875;1716;
1127,482;38,03764724731445;1722,499267578125;1716;
1127,483;38,21235275268555;1730,3466796875;1716;
1127,484;38,14117431640625;1728,3848876953125;1716;
1127,485;38,47764587402344;1710,728271484375;1716;
1127,486;38,230587005615234;1708,766357421875;1716;
1127,487;38,0352897644043;1720,53759765625;1716;
1127,488;38,21352767944336;1730,3466796875;1716;
1127,489;37,599998474121094;1728,3848876953125;1716;
1127,49;38,47529220581055;1710,728271484375;1716;
1127,491;38,22882080078125;1708,766357421875;1716;
1127,492;38,03588104248047;1722,499267578125;1716;
1127,493;38,21235275268555;1730,3466796875;1716;
1127,494;37,59587860107422;1728,3848876953125;1716;
1127,495;38,478233337402344;1712,68994140625;1716;
1127,496;38,235877990722656;1706,8046875;1716;
1127,497;38,052940368652344;1722,499267578125;1716;
1127,498;38,21058654785156;1728,3848876953125;1716;
1127,499;37,598236083984375;1730,3466796875;1716;
1127,5;38,478824615478516;1712,68994140625;1716;
1127,501;38,22587966918945;1712,68994140625;1716;
1127,502;37,97235107421875;1720,53759765625;1716;
1127,503;38,147056579589844;1732,3084716796875;1716;
1127,504;37,53058624267578;1730,3466796875;1716;
1127,505;38,41117477416992;1714,6519775390625;1716;
1127,506;38,16411590576172;1716,61376953125;1716;
1127,507;37,97117614746094;1722,499267578125;1716;
1127,508;38,147647857666016;1726,4228515625;1716;
1127,509;37,53058624267578;1722,499267578125;1716;
1127,51;38,41411590576172;1714,6519775390625;1716;
1127,511;38,16823196411133;1718,5755615234375;1716;
1127,512;37,97235107421875;1722,499267578125;1716;
1127,513;38,14882278442383;1724,461181640625;1716;
1127,514;37,53117752075195;1712,68994140625;1716;
1127,515;38,412940979003906;1714,6519775390625;1716;
1127,516;38,16646957397461;1714,6519775390625;1716;
1127,517;37,97235107421875;1726,4228515625;1716;
1127,518;38,14882278442383;1724,461181640625;1716;
1127,519;37,53117752075195;1716,61376953125;1716;
1127,52;38,412940979003906;1714,6519775390625;1716;
1127,521;38,07823181152344;1720,53759765625;1716;
1127,522;37,97235107421875;1724,461181640625;1716;
1127,523;38,06058883666992;1724,461181640625;1716;
1127,524;37,53293991088867;1712,68994140625;1716;
1127,525;38,412940979003906;1714,6519775390625;1716;
1127,526;38,078819274902344;1718,5755615234375;1716;
1127,527;37,97235107421875;1726,4228515625;1716;
1127,528;38,14882278442383;1726,4228515625;1716;
1127,529;37,53117752075195;1712,68994140625;1716;
1127,53;38,412940979003906;1712,68994140625;1716;
1127,531;38,07823181152344;1720,53759765625;1716;
1127,532;37,97235107421875;1728,3848876953125;1716;
1127,533;38,14882278442383;1728,3848876953125;1716;
1127,534;37,53117752075195;1710,728271484375;1716;
1127,535;38,41353225708008;1710,728271484375;1716;
1127,536;38,078819274902344;1720,53759765625;1716;
1127,537;37,97235107421875;1728,3848876953125;1716;
1127,538;38,14882278442383;1726,4228515625;1716;
1127,539;37,53117752075195;1712,68994140625;1716;
1127,54;38,41353225708008;1712,68994140625;1716;
1127,541;38,07823181152344;1720,53759765625;1716;
1127,542;37,97235107421875;1730,3466796875;1716;
1127,543;38,16646957397461;1728,3848876953125;1716;
1127,544;37,53117752075195;1708,766357421875;1716;
1127,545;38,41353225708008;1712,68994140625;1716;
1127,546;38,07823181152344;1722,499267578125;1716;
1127,547;37,97235107421875;1726,4228515625;1716;
1127,548;38,16646957397461;1724,461181640625;1716;
1127,549;37,53117752075195;1710,728271484375;1716;
1127,55;38,41353225708008;1712,68994140625;1716;
1127,551;38,07823181152344;1722,499267578125;1716;
1127,552;37,97235107421875;1728,3848876953125;1716;
1127,553;38,16646957397461;1722,499267578125;1716;
1127,554;37,53117752075195;1712,68994140625;1716;
1127,555;38,41353225708008;1722,499267578125;1716;
1127,556;38,07823181152344;1722,499267578125;1716;
1127,557;37,971763610839844;1724,461181640625;1716;
1127,558;38,16646957397461;1718,5755615234375;1716;
1127,559;37,53117752075195;1714,6519775390625;1716;
1127,56;38,41353225708008;1720,53759765625;1716;
1127,561;38,07764434814453;1724,461181640625;1716;
1127,562;37,971763610839844;1724,461181640625;1716;
1127,563;38,16646957397461;1706,8046875;1716;
1127,564;37,53117752075195;1710,728271484375;1716;
1127,565;38,41353225708008;1722,499267578125;1716;
1127,566;38,07764434814453;1726,4228515625;1716;
1127,567;37,971763610839844;1724,461181640625;1716;
1127,568;38,16646957397461;1714,6519775390625;1716;
1127,569;37,53117752075195;1712,68994140625;1716;
1127,57;38,14882278442383;1722,499267578125;1716;
1127,571;38,07764434814453;1728,3848876953125;1716;
1127,572;37,971763610839844;1728,3848876953125;1716;
1127,573;38,16646957397461;1708,766357421875;1716;
1127,574;37,53117752075195;1710,728271484375;1716;
1127,575;38,14882278442383;1724,461181640625;1716;
1127,576;38,07764434814453;1728,3848876953125;1716;
1127,577;37,971763610839844;1726,4228515625;1716;
1127,578;38,16646957397461;1710,728271484375;1716;
1127,579;37,53117752075195;1710,728271484375;1716;
1127,58;38,14882278442383;1722,499267578125;1716;
1127,581;38,07764434814453;1732,3084716796875;1716;
1127,582;37,97235107421875;1728,3848876953125;1716;
1127,583;38,16646957397461;1708,766357421875;1716;
1127,584;37,53117752075195;1710,728271484375;1716;
1127,585;38,14882278442383;1722,499267578125;1716;
1127,586;38,07764434814453;1730,3466796875;1716;
1127,587;37,97235107421875;1726,4228515625;1716;
1127,588;38,16646957397461;1710,728271484375;1716;
1127,589;37,53117752075195;1710,728271484375;1716;
1127,59;38,14882278442383;1724,461181640625;1716;
1127,591;38,07764434814453;1730,3466796875;1716;
1127,592;38,412940979003906;1724,461181640625;1716;
1127,593;38,16646957397461;1710,728271484375;1716;
1127,594;37,53117752075195;1710,728271484375;1716;
1127,595;38,14882278442383;1722,499267578125;1716;
1127,596;38,07764434814453;1728,3848876953125;1716;
1127,597;38,412940979003906;1718,5755615234375;1716;
1127,598;38,16646957397461;1710,728271484375;1716;
1127,599;37,53117752075195;1712,68994140625;1716;
1127,6;38,14882278442383;1722,499267578125;1716;
1127,601;38,07764434814453;1728,3848876953125;1716;
1127,602;38,412940979003906;1720,53759765625;1716;
1127,603;38,16646957397461;1712,68994140625;1716;
1127,604;37,53117752075195;1716,61376953125;1716;
1127,605;38,14882278442383;1724,461181640625;1716;
1127,606;38,07999801635742;1726,4228515625;1716;
1127,607;38,412940979003906;1718,5755615234375;1716;
1127,608;38,16646957397461;1710,728271484375;1716;
1127,609;37,53117752075195;1718,5755615234375;1716;
1127,61;38,14882278442383;1724,461181640625;1716;
1127,611;38,07999801635742;1726,4228515625;1716;
1127,612;38,412940979003906;1716,61376953125;1716;
1127,613;38,16646957397461;1708,766357421875;1716;
1127,614;37,53117752075195;1720,53759765625;1716;
1127,615;38,14882278442383;1726,4228515625;1716;
1127,616;38,07823181152344;1726,4228515625;1716;
1127,617;38,41353225708008;1714,6519775390625;1716;
1127,618;38,16646957397461;1710,728271484375;1716;
1127,619;37,97235107421875;1722,499267578125;1716;
1127,62;38,14882278442383;1728,3848876953125;1716;
1127,621;37,53117752075195;1728,3848876953125;1716;
1127,622;38,41411590576172;1710,728271484375;1716;
1127,623;38,16646957397461;1708,766357421875;1716;
1127,624;37,971763610839844;1720,53759765625;1716;
1127,625;38,14882278442383;1730,3466796875;1716;
1127,626;38,07764434814453;1728,3848876953125;1716;
1127,627;38,412353515625;1708,766357421875;1716;
1127,628;38,167057037353516;1708,766357421875;1716;
1127,629;37,97235107421875;1722,499267578125;1716;
1127,63;38,15058898925781;1730,3466796875;1716;
1127,631;38,077056884765625;1728,3848876953125;1716;
1127,632;38,412353515625;1708,766357421875;1716;
1127,633;38,16529083251953;1708,766357421875;1716;
1127,634;37,97235107421875;1720,53759765625;1716;
1127,635;38,061763763427734;1730,3466796875;1716;
1127,636;37,99117660522461;1732,3084716796875;1716;
1127,637;38,32353210449219;1708,766357421875;1716;
1127,638;38,07646942138672;1710,728271484375;1716;
1127,639;37,88235092163086;1722,499267578125;1716;
1127,64;38,06117630004883;1730,3466796875;1716;
1127,641;37,44117736816406;1728,3848876953125;1716;
1127,642;38,32353210449219;1712,68994140625;1716;
1127,643;38,07646942138672;1710,728271484375;1716;
1127,644;37,88235092163086;1720,53759765625;1716;
1127,645;38,05882263183594;1730,3466796875;1716;
1127,646;37,44117736816406;1720,53759765625;1716;
1127,647;38,32353210449219;1714,6519775390625;1716;
1127,648;38,07646942138672;1712,68994140625;1716;
1127,649;37,88235092163086;1722,499267578125;1716;
1127,65;38,05882263183594;1728,3848876953125;1716;
1127,651;37,44117736816406;1724,461181640625;1716;
1127,652;38,32353210449219;1714,6519775390625;1716;
1127,653;38,07646942138672;1712,68994140625;1716;
1127,654;37,88235092163086;1726,4228515625;1716;
1127,655;38,05882263183594;1728,3848876953125;1716;
1127,656;37,44117736816406;1720,53759765625;1716;
1127,657;38,32353210449219;1716,61376953125;1716;
1127,658;38,07646942138672;1716,61376953125;1716;
1127,659;37,88235092163086;1722,499267578125;1716;
1127,66;38,05882263183594;1726,4228515625;1716;
1127,661;37,44117736816406;1718,5755615234375;1716;
1127,662;38,32353210449219;1712,68994140625;1716;
1127,663;38,07646942138672;1718,5755615234375;1716;
1127,664;37,88235092163086;1726,4228515625;1716;
1127,665;38,05882263183594;1726,4228515625;1716;
1127,666;37,44117736816406;1714,6519775390625;1716;
1127,667;38,32353210449219;1714,6519775390625;1716;
1127,668;38,05999755859375;1720,53759765625;1716;
1127,669;37,88235092163086;1726,4228515625;1716;
1127,67;38,05882263183594;1726,4228515625;1716;
1127,671;37,44117736816406;1712,68994140625;1716;
1127,672;38,32353210449219;1712,68994140625;1716;
1127,673;37,98823547363281;1720,53759765625;1716;
1127,674;37,88235092163086;1730,3466796875;1716;
1127,675;38,121761322021484;1728,3848876953125;1716;
1127,676;37,5064697265625;1712,68994140625;1716;
1127,677;38,38470458984375;1712,68994140625;1716;
1127,678;38,05940628051758;1722,499267578125;1716;
1127,679;37,96352767944336;1732,3084716796875;1716;
1127,68;38,142940521240234;1726,4228515625;1716;
1127,681;37,528236389160156;1710,728271484375;1716;
1127,682;38,40470504760742;1710,728271484375;1716;
1127,683;38,072349548339844;1720,53759765625;1716;
1127,684;37,971763610839844;1726,4228515625;1716;
1127,685;38,14588165283203;1726,4228515625;1716;
1127,686;37,5229377746582;1712,68994140625;1716;
1127,687;38,410587310791016;1716,61376953125;1716;
1127,688;38,07176208496094;1720,53759765625;1716;
1127,689;37,959999084472656;1730,3466796875;1716;
1127,69;38,149410247802734;1726,4228515625;1716;
1127,691;37,51058578491211;1710,728271484375;1716;
1127,692;38,392940521240234;1712,68994140625;1716;
1127,693;38,051761627197266;1722,499267578125;1716;
1127,694;37,94588088989258;1728,3848876953125;1716;
1127,695;38,14293670654297;1718,5755615234375;1716;
1127,696;37,50529479980469;1714,6519775390625;1716;
1127,697;38,47352981567383;1716,61376953125;1716;
1127,698;38,04646682739258;1720,53759765625;1716;
1127,699;38,02705764770508;1728,3848876953125;1716;
1127,7;38,22117614746094;1722,499267578125;1716;
1127,701;37,59529113769531;1712,68994140625;1716;
1127,702;38,48823547363281;1716,61376953125;1716;
1127,703;38,15176010131836;1730,3466796875;1716;
1127,704;38,04587936401367;1724,461181640625;1716;
1127,705;38,243526458740234;1718,5755615234375;1716;
1127,706;37,59587860107422;1714,6519775390625;1716;
1127,707;38,480587005615234;1722,499267578125;1716;
1127,708;38,14470291137695;1724,461181640625;1716;
1127,709;38,045291900634766;1726,4228515625;1716;
1127,71;38,234703063964844;1714,6519775390625;1716;
1127,711;37,5976448059082;1712,68994140625;1716;
1127,712;38,22235107421875;1724,461181640625;1716;
1127,713;38,15058517456055;1728,3848876953125;1716;
1127,714;38,042938232421875;1724,461181640625;1716;
1127,715;38,23646926879883;1710,728271484375;1716;
1127,716;37,60234832763672;1712,68994140625;1716;
1127,717;38,21940994262695;1722,499267578125;1716;
1127,718;38,160587310791016;1730,3466796875;1716;
1127,719;38,06940841674805;1726,4228515625;1716;
1127,72;38,268821716308594;1708,766357421875;1716;
1127,721;37,63646697998047;1710,728271484375;1716;
1127,722;38,254703521728516;1724,461181640625;1716;
1127,723;38,18352508544922;1730,3466796875;1716;
1127,724;38,08176040649414;1726,4228515625;1716;
1127,725;38,2658805847168;1708,766357421875;1716;
1127,726;37,63235092163086;1710,728271484375;1716;
1127,727;38,23823165893555;1722,499267578125;1716;
1127,728;38,16293716430664;1730,3466796875;1716;
1127,729;38,054115295410156;1728,3848876953125;1716;
1127,73;38,245880126953125;1708,766357421875;1716;
1127,731;37,60176467895508;1710,728271484375;1716;
1127,732;38,21352767944336;1724,461181640625;1716;
1127,733;38,14352798461914;1730,3466796875;1716;
1127,734;38,036468505859375;1726,4228515625;1716;
1127,735;38,23529052734375;1710,728271484375;1716;
1127,736;37,5941162109375;1714,6519775390625;1716;
1127,737;38,21706008911133;1722,499267578125;1716;
1127,738;38,14234924316406;1730,3466796875;1716;
1127,739;38,47352981567383;1726,4228515625;1716;
1127,74;38,22882080078125;1712,68994140625;1716;
1127,741;37,59587860107422;1712,68994140625;1716;
1127,742;38,21529006958008;1722,499267578125;1716;
1127,743;38,14411544799805;1728,3848876953125;1716;
1127,744;38,47705841064453;1718,5755615234375;1716;
1127,745;38,23293685913086;1710,728271484375;1716;
1127,746;37,5976448059082;1714,6519775390625;1716;
1127,747;38,21294021606445;1724,461181640625;1716;
1127,748;38,140586853027344;1730,3466796875;1716;
1127,749;38,47764587402344;1718,5755615234375;1716;
1127,75;38,23411560058594;1714,6519775390625;1716;
1127,751;37,59529113769531;1718,5755615234375;1716;
1127,752;38,209999084472656;1726,4228515625;1716;
1127,753;38,13764572143555;1726,4228515625;1716;
1127,754;38,478233337402344;1716,61376953125;1716;
1127,755;38,23234939575195;1710,728271484375;1716;
1127,756;37,59587860107422;1718,5755615234375;1716;
1127,757;38,21352767944336;1728,3848876953125;1716;
1127,758;38,14117431640625;1728,3848876953125;1716;
1127,759;38,478233337402344;1712,68994140625;1716;
1127,76;38,230587005615234;1708,766357421875;1716;
1127,761;38,03588104248047;1722,499267578125;1716;
1127,762;38,21470260620117;1726,4228515625;1716;
1127,763;38,14352798461914;1728,3848876953125;1716;
1127,764;38,48117446899414;1712,68994140625;1716;
1127,765;38,22882080078125;1708,766357421875;1716;
1127,766;38,034706115722656;1722,499267578125;1716;
1127,767;38,21352767944336;1732,3084716796875;1716;
1127,768;38,14234924316406;1730,3466796875;1716;
1127,769;38,478824615478516;1710,728271484375;1716;
1127,77;38,23234939575195;1708,766357421875;1716;
1127,771;38,041175842285156;1722,499267578125;1716;
1127,772;38,21117401123047;1730,3466796875;1716;
1127,773;37,599998474121094;1728,3848876953125;1716;
1127,774;38,476470947265625;1710,728271484375;1716;
1127,775;38,22999954223633;1708,766357421875;1716;
1127,776;38,03823471069336;1722,499267578125;1716;
1127,777;38,21294021606445;1732,3084716796875;1716;
1127,778;38,147056579589844;1730,3466796875;1716;
1127,779;38,412353515625;1716,61376953125;1716;
1127,78;38,22999954223633;1712,68994140625;1716;
1127,781;38,036468505859375;1720,53759765625;1716;
1127,782;38,21294021606445;1732,3084716796875;1716;
1127,783;37,5970573425293;1730,3466796875;1716;
1127,784;38,474117279052734;1716,61376953125;1716;
1127,785;39,45587921142578;1712,68994140625;1716;
1127,786;37,97352600097656;1722,499267578125;1716;
1127,787;38,147647857666016;1730,3466796875;1716;
1127,788;37,529998779296875;1726,4228515625;1716;
1127,789;38,412353515625;1716,61376953125;1716;
1127,79;38,18294143676758;1712,68994140625;1716;
1127,791;37,97117614746094;1720,53759765625;1716;
1127,792;38,149410247802734;1724,461181640625;1716;
1127,793;37,529998779296875;1724,461181640625;1716;
1127,794;38,4152946472168;1716,61376953125;1716;
1127,795;38,077056884765625;1718,5755615234375;1716;
1127,796;37,972938537597656;1722,499267578125;1716;
1127,797;38,148231506347656;1726,4228515625;1716;
1127,798;37,529998779296875;1720,53759765625;1716;
1127,799;38,4152946472168;1714,6519775390625;1716;
1127,8;38,07823181152344;1718,5755615234375;1716;
1127,801;37,972938537597656;1732,3084716796875;1716;
1127,802;38,149410247802734;1726,4228515625;1716;
1127,803;37,529998779296875;1718,5755615234375;1716;
1127,804;38,4152946472168;1712,68994140625;1716;
1127,805;38,07823181152344;1720,53759765625;1716;
1127,806;37,972938537597656;1726,4228515625;1716;
1127,807;38,149410247802734;1724,461181640625;1716;
1127,808;37,529998779296875;1716,61376953125;1716;
1127,809;38,41353225708008;1712,68994140625;1716;
1127,81;38,07823181152344;1720,53759765625;1716;
1127,811;37,972938537597656;1732,3084716796875;1716;
1127,812;38,148231506347656;1726,4228515625;1716;
1127,813;37,529998779296875;1710,728271484375;1716;
1127,814;38,41353225708008;1714,6519775390625;1716;
1127,815;38,07823181152344;1720,53759765625;1716;
1127,816;37,972938537597656;1728,3848876953125;1716;
1127,817;38,16587829589844;1726,4228515625;1716;
1127,818;37,529998779296875;1716,61376953125;1716;
1127,819;38,41353225708008;1712,68994140625;1716;
1127,82;38,07823181152344;1720,53759765625;1716;
1127,821;37,972938537597656;1732,3084716796875;1716;
1127,822;38,148231506347656;1728,3848876953125;1716;
1127,823;37,529998779296875;1710,728271484375;1716;
1127,824;38,41353225708008;1710,728271484375;1716;
1127,825;38,07823181152344;1722,499267578125;1716;
1127,826;37,972938537597656;1728,3848876953125;1716;
1127,827;38,167057037353516;1722,499267578125;1716;
1127,828;37,529998779296875;1712,68994140625;1716;
1127,829;38,41353225708008;1714,6519775390625;1716;
1127,83;38,07823181152344;1720,53759765625;1716;
1127,831;37,97235107421875;1728,3848876953125;1716;
1127,832;38,16587829589844;1724,461181640625;1716;
1127,833;37,529998779296875;1714,6519775390625;1716;
1127,834;38,41353225708008;1720,53759765625;1716;
1127,835;38,07823181152344;1722,499267578125;1716;
1127,836;37,974117279052734;1728,3848876953125;1716;
1127,837;38,16587829589844;1722,499267578125;1716;
1127,838;37,529998779296875;1716,61376953125;1716;
1127,839;38,41353225708008;1716,61376953125;1716;
1127,84;38,07823181152344;1722,499267578125;1716;
1127,841;37,97235107421875;1726,4228515625;1716;
1127,842;38,167057037353516;1710,728271484375;1716;
1127,843;37,529998779296875;1714,6519775390625;1716;
1127,844;38,14882278442383;1724,461181640625;1716;
1127,845;38,07823181152344;1724,461181640625;1716;
1127,846;37,97235107421875;1724,461181640625;1716;
1127,847;38,16587829589844;1714,6519775390625;1716;
1127,848;37,529998779296875;1712,68994140625;1716;
1127,849;38,14882278442383;1722,499267578125;1716;
1127,85;38,07823181152344;1732,3084716796875;1716;
1127,851;37,974117279052734;1726,4228515625;1716;
1127,852;38,16587829589844;1710,728271484375;1716;
1127,853;37,53176498413086;1714,6519775390625;1716;
1127,854;38,14882278442383;1724,461181640625;1716;
1127,855;38,07823181152344;1728,3848876953125;1716;
1127,856;37,97235107421875;1726,4228515625;1716;
1127,857;38,16587829589844;1710,728271484375;1716;
1127,858;37,53176498413086;1710,728271484375;1716;
1127,859;38,14882278442383;1724,461181640625;1716;
1127,86;38,07823181152344;1730,3466796875;1716;
1127,861;37,974117279052734;1728,3848876953125;1716;
1127,862;38,16587829589844;1708,766357421875;1716;
1127,863;37,53176498413086;1710,728271484375;1716;
1127,864;38,14882278442383;1722,499267578125;1716;
1127,865;38,07823181152344;1730,3466796875;1716;
1127,866;38,4152946472168;1726,4228515625;1716;
1127,867;38,16587829589844;1708,766357421875;1716;
1127,868;37,53176498413086;1710,728271484375;1716;
1127,869;38,14882278442383;1722,499267578125;1716;
1127,87;38,07823181152344;1730,3466796875;1716;
1127,871;38,4152946472168;1722,499267578125;1716;
1127,872;38,16587829589844;1712,68994140625;1716;
1127,873;37,53176498413086;1710,728271484375;1716;
1127,874;38,14882278442383;1724,461181640625;1716;
1127,875;38,07823181152344;1728,3848876953125;1716;
1127,876;38,4152946472168;1726,4228515625;1716;
1127,877;38,16587829589844;1710,728271484375;1716;
1127,878;37,53176498413086;1712,68994140625;1716;
1127,879;38,14882278442383;1724,461181640625;1716;
1127,88;38,077056884765625;1730,3466796875;1716;
1127,881;38,4152946472168;1722,499267578125;1716;
1127,882;38,167057037353516;1714,6519775390625;1716;
1127,883;37,974117279052734;1724,461181640625;1716;
1127,884;38,14882278442383;1726,4228515625;1716;
1127,885;38,077056884765625;1728,3848876953125;1716;
1127,886;38,4152946472168;1718,5755615234375;1716;
1127,887;38,16587829589844;1712,68994140625;1716;
1127,888;37,974117279052734;1718,5755615234375;1716;
1127,889;38,14882278442383;1724,461181640625;1716;
1127,89;38,077056884765625;1728,3848876953125;1716;
1127,891;38,41353225708008;1710,728271484375;1716;
1127,892;38,16587829589844;1712,68994140625;1716;
1127,893;37,972938537597656;1722,499267578125;1716;
1127,894;38,14882278442383;1728,3848876953125;1716;
1127,895;38,077056884765625;1726,4228515625;1716;
1127,896;38,4152946472168;1712,68994140625;1716;
1127,897;38,16587829589844;1708,766357421875;1716;
1127,898;37,972938537597656;1722,499267578125;1716;
1127,899;38,14882278442383;1732,3084716796875;1716;
1127,9;38,077056884765625;1728,3848876953125;1716;
1127,901;38,4152946472168;1712,68994140625;1716;
1127,902;38,16529083251953;1708,766357421875;1716;
1127,903;37,97235107421875;1722,499267578125;1716;
1127,904;38,14882278442383;1732,3084716796875;1716;
1127,905;38,078819274902344;1730,3466796875;1716;
1127,906;38,41411590576172;1710,728271484375;1716;
1127,907;38,16646957397461;1710,728271484375;1716;
1127,908;37,972938537597656;1722,499267578125;1716;
1127,909;38,15058898925781;1732,3084716796875;1716;
1127,91;37,53293991088867;1728,3848876953125;1716;
1127,911;38,4152946472168;1712,68994140625;1716;
1127,912;38,16646957397461;1710,728271484375;1716;
1127,913;37,97235107421875;1720,53759765625;1716;
1127,914;38,14882278442383;1732,3084716796875;1716;
1127,915;37,53058624267578;1726,4228515625;1716;
1127,916;38,418235778808594;1714,6519775390625;1716;
1127,917;38,17176055908203;1708,766357421875;1716;
1127,918;37,885292053222656;1722,499267578125;1716;
1127,919;38,061763763427734;1730,3466796875;1716;
1127,92;37,446468353271484;1728,3848876953125;1716;
1127,921;38,32353210449219;1716,61376953125;1716;
1127,922;37,98823547363281;1716,61376953125;1716;
1127,923;37,88470458984375;1724,461181640625;1716;
1127,924;38,05882263183594;1726,4228515625;1716;
1127,925;37,44117736816406;1726,4228515625;1716;
1127,926;38,32353210449219;1716,61376953125;1716;
1127,927;38,07646942138672;1712,68994140625;1716;
1127,928;37,88235092163086;1722,499267578125;1716;
1127,929;38,05882263183594;1726,4228515625;1716;
1127,93;37,44117736816406;1722,499267578125;1716;
1127,931;38,32353210449219;1718,5755615234375;1716;
1127,932;37,98823547363281;1718,5755615234375;1716;
1127,933;37,88235092163086;1726,4228515625;1716;
1127,934;38,05882263183594;1726,4228515625;1716;
1127,935;37,44117736816406;1712,68994140625;1716;
1127,936;38,32353210449219;1714,6519775390625;1716;
1127,937;37,98823547363281;1720,53759765625;1716;
1127,938;37,88235092163086;1728,3848876953125;1716;
1127,939;38,05882263183594;1724,461181640625;1716;
1127,94;37,44117736816406;1712,68994140625;1716;
1127,941;38,32353210449219;1714,6519775390625;1716;
1127,942;37,98823547363281;1718,5755615234375;1716;
1127,943;37,88235092163086;1732,3084716796875;1716;
1127,944;38,05882263183594;1728,3848876953125;1716;
1127,945;37,44117736816406;1710,728271484375;1716;
1127,946;38,32353210449219;1714,6519775390625;1716;
1127,947;37,98823547363281;1720,53759765625;1716;
1127,948;37,88235092163086;1730,3466796875;1716;
1127,949;38,05882263183594;1726,4228515625;1716;
1127,95;37,44117736816406;1712,68994140625;1716;
1127,951;38,32353210449219;1712,68994140625;1716;
1127,952;37,98823547363281;1720,53759765625;1716;
1127,953;37,88235092163086;1730,3466796875;1716;
1127,954;38,07646942138672;1726,4228515625;1716;
1127,955;37,44117736816406;1714,6519775390625;1716;
1127,956;38,32353210449219;1714,6519775390625;1716;
1127,957;37,98823547363281;1720,53759765625;1716;
1127,958;37,945289611816406;1728,3848876953125;1716;
1127,959;38,141761779785156;1722,499267578125;1716;
1127,96;37,50529479980469;1712,68994140625;1716;
1127,961;38,3964729309082;1716,61376953125;1716;
1127,962;38,05764389038086;1724,461181640625;1716;
1127,963;37,96352767944336;1726,4228515625;1716;
1127,964;38,160587310791016;1718,5755615234375;1716;
1127,965;37,5223503112793;1714,6519775390625;1716;
1127,966;38,40470504760742;1722,499267578125;1716;
1127,967;38,07529067993164;1722,499267578125;1716;
1127,968;37,966468811035156;1726,4228515625;1716;
1127,969;38,158233642578125;1722,499267578125;1716;
1127,97;37,52705764770508;1714,6519775390625;1716;
1127,971;38,14117431640625;1724,461181640625;1716;
1127,972;38,06646728515625;1730,3466796875;1716;
1127,973;37,957645416259766;1726,4228515625;1716;
1127,974;38,14881896972656;1710,728271484375;1716;
1127,975;37,50176239013672;1714,6519775390625;1716;
1127,976;38,122352600097656;1724,461181640625;1716;
1127,977;38,05470275878906;1724,461181640625;1716;
1127,978;37,94588088989258;1724,461181640625;1716;
1127,979;38,14352798461914;1714,6519775390625;1716;
1127,98;37,50529479980469;1710,728271484375;1716;
1127,981;38,20647048950195;1726,4228515625;1716;
1127,982;38,13646697998047;1734,2705078125;1716;
1127,983;38,03352737426758;1728,3848876953125;1716;
1127,984;38,22764587402344;1708,766357421875;1716;
1127,985;37,59176254272461;1712,68994140625;1716;
1127,986;38,222938537597656;1724,461181640625;1716;
1127,987;38,15176010131836;1732,3084716796875;1716;
1127,988;38,04823303222656;1726,4228515625;1716;
1127,989;38,23117446899414;1712,68994140625;1716;
1127,99;37,59293746948242;1710,728271484375;1716;
1127,991;38,21352767944336;1726,4228515625;1716;
1127,992;38,148231506347656;1732,3084716796875;1716;
1127,993;38,485294342041016;1726,4228515625;1716;
1127,994;38,23293685913086;1712,68994140625;1716;
1127,995;37,60176467895508;1714,6519775390625;1716;
1127,996;38,217647552490234;1724,461181640625;1716;
1127,997;38,14881896972656;1728,3848876953125;1716;
1127,998;38,47529220581055;1724,461181640625;1716;
1127,999;38,230587005615234;1712,68994140625;1716;
1128;37,587646484375;1712,68994140625;1716;
1128,001;38,23117446899414;1726,4228515625;1716;
1128,002;38,18352508544922;1730,3466796875;1716;
1128,003;38,517059326171875;1720,53759765625;1716;
1128,004;38,26823425292969;1714,6519775390625;1716;
1128,005;38,07529067993164;1720,53759765625;1716;
1128,006;38,25176239013672;1728,3848876953125;1716;
1128,007;38,1852912902832;1728,3848876953125;1716;
1128,008;38,517059326171875;1722,499267578125;1716;
1128,009;38,265289306640625;1710,728271484375;1716;
1128,01;37,62999725341797;1720,53759765625;1716;
1128,011;38,23529052734375;1728,3848876953125;1716;
1128,012;38,16587829589844;1728,3848876953125;1716;
1128,013;38,4935302734375;1712,68994140625;1716;
1128,014;38,24528884887695;1712,68994140625;1716;
1128,015;38,03940963745117;1722,499267578125;1716;
1128,016;38,21117401123047;1730,3466796875;1716;
1128,017;38,141761779785156;1726,4228515625;1716;
1128,018;38,476470947265625;1712,68994140625;1716;
1128,019;38,23411560058594;1710,728271484375;1716;
1128,02;38,0323486328125;1722,499267578125;1716;
1128,021;38,21058654785156;1732,3084716796875;1716;
1128,022;38,13823318481445;1728,3848876953125;1716;
1128,023;38,478824615478516;1712,68994140625;1716;
1128,024;38,22705841064453;1708,766357421875;1716;
1128,025;38,036468505859375;1722,499267578125;1716;
1128,026;38,21294021606445;1732,3084716796875;1716;
1128,027;38,14646911621094;1730,3466796875;1716;
1128,028;38,478233337402344;1710,728271484375;1716;
1128,029;38,23234939575195;1708,766357421875;1716;
1128,03;38,03823471069336;1724,461181640625;1716;
1128,031;38,21470260620117;1732,3084716796875;1716;
1128,032;37,59000015258789;1728,3848876953125;1716;
1128,033;38,47999954223633;1714,6519775390625;1716;
1128,034;38,22882080078125;1708,766357421875;1716;
1128,035;38,042938232421875;1722,499267578125;1716;
1128,036;38,21294021606445;1730,3466796875;1716;
1128,037;37,59587860107422;1728,3848876953125;1716;
1128,038;38,47588348388672;1714,6519775390625;1716;
1128,039;38,23176193237305;1710,728271484375;1716;
1128,04;38,03764724731445;1722,499267578125;1716;
1128,041;38,21352767944336;1728,3848876953125;1716;
1128,042;37,59529113769531;1726,4228515625;1716;
1128,043;38,47529220581055;1718,5755615234375;1716;
1128,044;38,23646926879883;1714,6519775390625;1716;
1128,045;38,034706115722656;1724,461181640625;1716;
1128,046;38,211761474609375;1726,4228515625;1716;
1128,047;37,59587860107422;1720,53759765625;1716;
1128,048;38,47941207885742;1716,61376953125;1716;
1128,049;38,14234924316406;1716,61376953125;1716;
1128,05;38,04176330566406;1724,461181640625;1716;
1128,051;38,21294021606445;1726,4228515625;1716;
1128,052;37,593528747558594;1718,5755615234375;1716;
1128,053;38,478824615478516;1716,61376953125;1716;
1128,054;38,14411544799805;1720,53759765625;1716;
1128,055;38,03823471069336;1728,3848876953125;1716;
1128,056;38,21411895751953;1726,4228515625;1716;
1128,057;37,598819732666016;1714,6519775390625;1716;
1128,058;38,47588348388672;1714,6519775390625;1716;
1128,059;38,141761779785156;1720,53759765625;1716;
1128,06;38,036468505859375;1730,3466796875;1716;
1128,061;38,21294021606445;1726,4228515625;1716;
1128,062;37,59587860107422;1712,68994140625;1716;
1128,063;38,47941207885742;1714,6519775390625;1716;
1128,064;38,147056579589844;1720,53759765625;1716;
1128,065;38,034706115722656;1732,3084716796875;1716;
1128,066;38,21470260620117;1728,3848876953125;1716;
1128,067;37,592350006103516;1710,728271484375;1716;
1128,068;38,46470642089844;1714,6519775390625;1716;
1128,069;38,07940673828125;1720,53759765625;1716;
1128,07;37,971763610839844;1728,3848876953125;1716;
1128,071;38,149410247802734;1726,4228515625;1716;
1128,072;37,529998779296875;1712,68994140625;1716;
1128,073;38,41117477416992;1714,6519775390625;1716;
1128,074;38,07587814331055;1720,53759765625;1716;
1128,075;37,970584869384766;1730,3466796875;1716;
1128,076;38,167057037353516;1726,4228515625;1716;
1128,077;37,53293991088867;1712,68994140625;1716;
1128,078;38,412940979003906;1718,5755615234375;1716;
1128,079;38,078819274902344;1724,461181640625;1716;
1128,08;37,971763610839844;1728,3848876953125;1716;
1128,081;38,16529083251953;1724,461181640625;1716;
1128,082;37,53117752075195;1714,6519775390625;1716;
1128,083;38,41353225708008;1718,5755615234375;1716;
1128,084;38,07764434814453;1722,499267578125;1716;
1128,085;37,971763610839844;1728,3848876953125;1716;
1128,086;38,16646957397461;1718,5755615234375;1716;
1128,087;37,53117752075195;1716,61376953125;1716;
1128,088;38,41353225708008;1722,499267578125;1716;
1128,089;38,07764434814453;1724,461181640625;1716;
1128,09;37,971763610839844;1726,4228515625;1716;
1128,091;38,16646957397461;1716,61376953125;1716;
1128,092;37,53117752075195;1714,6519775390625;1716;
1128,093;38,41353225708008;1724,461181640625;1716;
1128,094;38,07764434814453;1728,3848876953125;1716;
1128,095;37,971763610839844;1728,3848876953125;1716;
1128,096;38,16646957397461;1712,68994140625;1716;
1128,097;37,53117752075195;1714,6519775390625;1716;
1128,098;38,14882278442383;1726,4228515625;1716;
1128,099;38,07823181152344;1730,3466796875;1716;
1128,1;37,97235107421875;1724,461181640625;1716;
1128,101;38,16646957397461;1710,728271484375;1716;
1128,102;37,53117752075195;1712,68994140625;1716;
1128,103;38,14882278442383;1726,4228515625;1716;
1128,104;38,07764434814453;1732,3084716796875;1716;
1128,105;37,97235107421875;1728,3848876953125;1716;
1128,106;38,16646957397461;1708,766357421875;1716;
1128,107;37,53117752075195;1712,68994140625;1716;
1128,108;38,14882278442383;1724,461181640625;1716;
1128,109;38,078819274902344;1732,3084716796875;1716;
1128,11;37,971763610839844;1726,4228515625;1716;
1128,111;38,16646957397461;1712,68994140625;1716;
1128,112;37,53117752075195;1710,728271484375;1716;
1128,113;38,14882278442383;1724,461181640625;1716;
1128,114;38,07764434814453;1732,3084716796875;1716;
1128,115;38,412940979003906;1724,461181640625;1716;
1128,116;38,16646957397461;1712,68994140625;1716;
1128,117;37,53117752075195;1714,6519775390625;1716;
1128,118;38,14882278442383;1724,461181640625;1716;
1128,119;38,07999801635742;1728,3848876953125;1716;
1128,12;38,412940979003906;1724,461181640625;1716;
1128,121;38,16646957397461;1712,68994140625;1716;
1128,122;37,53117752075195;1714,6519775390625;1716;
1128,123;38,14882278442383;1724,461181640625;1716;
1128,124;38,07999801635742;1730,3466796875;1716;
1128,125;38,412940979003906;1720,53759765625;1716;
1128,126;38,16646957397461;1714,6519775390625;1716;
1128,127;37,97235107421875;1724,461181640625;1716;
1128,128;38,14882278442383;1724,461181640625;1716;
1128,129;38,07823181152344;1728,3848876953125;1716;
1128,13;38,41353225708008;1716,61376953125;1716;
1128,131;38,16646957397461;1712,68994140625;1716;
1128,132;37,53117752075195;1720,53759765625;1716;
1128,133;38,14882278442383;1728,3848876953125;1716;
1128,134;38,07823181152344;1728,3848876953125;1716;
1128,135;38,412940979003906;1710,728271484375;1716;
1128,136;38,16646957397461;1712,68994140625;1716;
1128,137;37,97235107421875;1724,461181640625;1716;
1128,138;38,14882278442383;1730,3466796875;1716;
1128,139;38,07823181152344;1726,4228515625;1716;
1128,14;38,412940979003906;1712,68994140625;1716;
1128,141;38,16646957397461;1708,766357421875;1716;
1128,142;37,97235107421875;1722,499267578125;1716;
1128,143;38,14882278442383;1730,3466796875;1716;
1128,144;38,07823181152344;1728,3848876953125;1716;
1128,145;38,412940979003906;1712,68994140625;1716;
1128,146;38,16646957397461;1710,728271484375;1716;
1128,147;37,97235107421875;1722,499267578125;1716;
1128,148;38,14882278442383;1732,3084716796875;1716;
1128,149;38,07823181152344;1730,3466796875;1716;
1128,15;38,412940979003906;1710,728271484375;1716;
1128,151;38,07823181152344;1718,5755615234375;1716;
1128,152;37,97235107421875;1722,499267578125;1716;
1128,153;38,14882278442383;1732,3084716796875;1716;
1128,154;37,53117752075195;1728,3848876953125;1716;
1128,155;38,412940979003906;1714,6519775390625;1716;
1128,156;38,16646957397461;1710,728271484375;1716;
1128,157;37,97235107421875;1720,53759765625;1716;
1128,158;38,14882278442383;1730,3466796875;1716;
1128,159;37,53117752075195;1716,61376953125;1716;
1128,16;38,412940979003906;1714,6519775390625;1716;
1128,161;38,16646957397461;1710,728271484375;1716;
1128,162;37,97235107421875;1722,499267578125;1716;
1128,163;38,14882278442383;1728,3848876953125;1716;
1128,164;37,53117752075195;1726,4228515625;1716;
1128,165;38,412940979003906;1718,5755615234375;1716;
1128,166;38,16646957397461;1714,6519775390625;1716;
1128,167;37,97235107421875;1732,3084716796875;1716;
1128,168;38,14882278442383;1726,4228515625;1716;
1128,169;37,53117752075195;1720,53759765625;1716;
1128,17;38,412940979003906;1716,61376953125;1716;
1128,171;38,078819274902344;1720,53759765625;1716;
1128,172;37,97235107421875;1724,461181640625;1716;
1128,173;38,14882278442383;1726,4228515625;1716;
1128,174;37,53293991088867;1718,5755615234375;1716;
1128,175;38,412940979003906;1714,6519775390625;1716;
1128,176;38,07823181152344;1718,5755615234375;1716;
1128,177;37,97235107421875;1728,3848876953125;1716;
1128,178;38,14882278442383;1726,4228515625;1716;
1128,179;37,53117752075195;1712,68994140625;1716;
1128,18;38,412940979003906;1714,6519775390625;1716;
1128,181;38,078819274902344;1720,53759765625;1716;
1128,182;37,97235107421875;1730,3466796875;1716;
1128,183;38,14882278442383;1726,4228515625;1716;
1128,184;37,53117752075195;1712,68994140625;1716;
1128,185;38,41353225708008;1712,68994140625;1716;
1128,186;38,078819274902344;1720,53759765625;1716;
1128,187;37,971763610839844;1732,3084716796875;1716;
1128,188;38,14882278442383;1728,3848876953125;1716;
1128,189;37,53117752075195;1710,728271484375;1716;
1128,19;38,41353225708008;1714,6519775390625;1716;
1128,191;38,07529067993164;1722,499267578125;1716;
1128,192;37,97235107421875;1728,3848876953125;1716;
1128,193;38,14882278442383;1726,4228515625;1716;
1128,194;37,529998779296875;1712,68994140625;1716;
1128,195;38,412353515625;1712,68994140625;1716;
1128,196;38,07823181152344;1720,53759765625;1716;
1128,197;37,971763610839844;1730,3466796875;1716;
1128,198;38,164703369140625;1726,4228515625;1716;
1128,199;37,53117752075195;1714,6519775390625;1716;
1128,2;38,416473388671875;1720,53759765625;1716;
1128,201;38,07529067993164;1722,499267578125;1716;
1128,202;37,885292053222656;1728,3848876953125;1716;
1128,203;38,0811767578125;1724,461181640625;1716;
1128,204;37,44117736816406;1714,6519775390625;1716;
1128,205;38,32353210449219;1716,61376953125;1716;
1128,206;37,98823547363281;1728,3848876953125;1716;
1128,207;37,88470458984375;1726,4228515625;1716;
1128,208;38,07646942138672;1714,6519775390625;1716;
1128,209;37,44117736816406;1714,6519775390625;1716;
1128,21;38,05882263183594;1726,4228515625;1716;
1128,211;37,98823547363281;1730,3466796875;1716;
1128,212;37,88235092163086;1726,4228515625;1716;
1128,213;38,07646942138672;1716,61376953125;1716;
1128,214;37,44117736816406;1714,6519775390625;1716;
1128,215;38,32353210449219;1722,499267578125;1716;
1128,216;37,98823547363281;1726,4228515625;1716;
1128,217;37,88235092163086;1728,3848876953125;1716;
1128,218;38,07646942138672;1712,68994140625;1716;
1128,219;37,44117736816406;1714,6519775390625;1716;
1128,22;38,05882263183594;1726,4228515625;1716;
1128,221;37,98823547363281;1730,3466796875;1716;
1128,222;37,88235092163086;1726,4228515625;1716;
1128,223;38,07646942138672;1710,728271484375;1716;
1128,224;37,44117736816406;1712,68994140625;1716;
1128,225;38,05882263183594;1724,461181640625;1716;
1128,226;37,98823547363281;1732,3084716796875;1716;
1128,227;37,88235092163086;1728,3848876953125;1716;
1128,228;38,07646942138672;1708,766357421875;1716;
1128,229;37,44117736816406;1712,68994140625;1716;
1128,23;38,05882263183594;1726,4228515625;1716;
1128,231;37,98823547363281;1732,3084716796875;1716;
1128,232;37,88235092163086;1726,4228515625;1716;
1128,233;38,07646942138672;1712,68994140625;1716;
1128,234;37,44117736816406;1710,728271484375;1716;
1128,235;38,05882263183594;1724,461181640625;1716;
1128,236;37,98823547363281;1732,3084716796875;1716;
1128,237;38,32353210449219;1726,4228515625;1716;
1128,238;38,07646942138672;1714,6519775390625;1716;
1128,239;37,44117736816406;1710,728271484375;1716;
1128,24;38,05882263183594;1724,461181640625;1716;
1128,241;36,76176071166992;1728,3848876953125;1716;
1128,242;38,38294219970703;1724,461181640625;1716;
1128,243;38,13587951660156;1712,68994140625;1716;
1128,244;37,51117706298828;1714,6519775390625;1716;
1128,245;38,12940979003906;1724,461181640625;1716;
1128,246;38,06940841674805;1730,3466796875;1716;
1128,247;38,40764617919922;1720,53759765625;1716;
1128,248;38,160587310791016;1712,68994140625;1716;
1128,249;37,5223503112793;1722,499267578125;1716;
1128,25;38,141761779785156;1724,461181640625;1716;
1128,251;38,07823181152344;1726,4228515625;1716;
1128,252;38,40764617919922;1718,5755615234375;1716;
1128,253;38,16117477416992;1712,68994140625;1716;
1128,254;37,96881866455078;1722,499267578125;1716;
1128,255;38,13941192626953;1726,4228515625;1716;
1128,256;38,06764602661133;1728,3848876953125;1716;
1128,257;38,39764404296875;1712,68994140625;1716;
1128,258;38,14411544799805;1712,68994140625;1716;
1128,259;37,94881820678711;1722,499267578125;1716;
1128,26;38,12411880493164;1728,3848876953125;1716;
1128,261;38,04882049560547;1726,4228515625;1716;
1128,262;38,387062072753906;1712,68994140625;1716;
1128,263;38,140586853027344;1710,728271484375;1716;
1128,264;37,946468353271484;1722,499267578125;1716;
1128,265;38,20235061645508;1732,3084716796875;1716;
1128,266;38,134117126464844;1728,3848876953125;1716;
1128,267;38,46647262573242;1712,68994140625;1716;
1128,268;38,22999954223633;1708,766357421875;1716;
1128,269;38,042938232421875;1720,53759765625;1716;
1128,27;38,22235107421875;1732,3084716796875;1716;
1128,271;37,607059478759766;1730,3466796875;1716;
1128,272;38,4900016784668;1712,68994140625;1716;
1128,273;38,22882080078125;1706,8046875;1716;
1128,274;38,034114837646484;1722,499267578125;1716;
1128,275;38,21352767944336;1730,3466796875;1716;
1128,276;37,598819732666016;1728,3848876953125;1716;
1128,277;38,4835319519043;1716,61376953125;1716;
1128,278;38,235877990722656;1708,766357421875;1716;
1128,279;38,041175842285156;1720,53759765625;1716;
1128,28;38,217647552490234;1728,3848876953125;1716;
1128,281;37,598236083984375;1714,6519775390625;1716;
1128,282;38,471763610839844;1712,68994140625;1716;
1128,283;38,22882080078125;1708,766357421875;1716;
1128,284;38,04705810546875;1722,499267578125;1716;
1128,285;38,22882080078125;1728,3848876953125;1716;
1128,286;37,619998931884766;1722,499267578125;1716;
1128,287;38,519412994384766;1718,5755615234375;1716;
1128,288;38,27587890625;1718,5755615234375;1716;
1128,289;38,074703216552734;1722,499267578125;1716;
1128,29;38,25411605834961;1726,4228515625;1716;
1128,291;37,640586853027344;1724,461181640625;1716;
1128,292;38,512351989746094;1716,61376953125;1716;
1128,293;38,17764663696289;1714,6519775390625;1716;
1128,294;38,06705856323242;1722,499267578125;1716;
1128,295;38,23529052734375;1726,4228515625;1716;
1128,296;37,6099967956543;1720,53759765625;1716;
1128,297;38,49529266357422;1714,6519775390625;1716;
1128,298;38,15293884277344;1718,5755615234375;1716;
1128,299;38,04470443725586;1730,3466796875;1716;
1128,3;38,209999084472656;1726,4228515625;1716;
1128,301;37,593528747558594;1712,68994140625;1716;
1128,302;38,482940673828125;1714,6519775390625;1716;
1128,303;38,14117431640625;1720,53759765625;1716;
1128,304;38,03999710083008;1728,3848876953125;1716;
1128,305;38,209999084472656;1724,461181640625;1716;
1128,306;37,59587860107422;1714,6519775390625;1716;
1128,307;38,47705841064453;1712,68994140625;1716;
1128,308;38,14470291137695;1720,53759765625;1716;
1128,309;38,0323486328125;1732,3084716796875;1716;
1128,31;38,21529006958008;1728,3848876953125;1716;
1128,311;37,5970573425293;1712,68994140625;1716;
1128,312;38,478824615478516;1714,6519775390625;1716;
1128,313;38,13882064819336;1720,53759765625;1716;
1128,314;38,036468505859375;1730,3466796875;1716;
1128,315;38,22646713256836;1726,4228515625;1716;
1128,316;37,598236083984375;1710,728271484375;1716;
1128,317;38,474117279052734;1712,68994140625;1716;
1128,318;38,145877838134766;1720,53759765625;1716;
1128,319;38,03705596923828;1732,3084716796875;1716;
1128,32;38,23411560058594;1728,3848876953125;1716;
1128,321;37,5941162109375;1712,68994140625;1716;
1128,322;38,47588348388672;1714,6519775390625;1716;
1128,323;38,141761779785156;1722,499267578125;1716;
1128,324;38,038818359375;1726,4228515625;1716;
1128,325;38,23176193237305;1726,4228515625;1716;
1128,326;37,59587860107422;1714,6519775390625;1716;
1128,327;38,4964714050293;1712,68994140625;1716;
1128,328;38,141761779785156;1722,499267578125;1716;
1128,329;38,03705596923828;1728,3848876953125;1716;
1128,33;38,23234939575195;1722,499267578125;1716;
1128,331;37,59529113769531;1716,61376953125;1716;
1128,332;38,48176574707031;1718,5755615234375;1716;
1128,333;38,140586853027344;1726,4228515625;1716;
1128,334;38,034706115722656;1726,4228515625;1716;
1128,335;38,23176193237305;1710,728271484375;1716;
1128,336;37,59470748901367;1714,6519775390625;1716;
1128,337;38,21294021606445;1722,499267578125;1716;
1128,338;38,14352798461914;1728,3848876953125;1716;
1128,339;38,03999710083008;1728,3848876953125;1716;
1128,34;38,23117446899414;1708,766357421875;1716;
1128,341;37,59470748901367;1714,6519775390625;1716;
1128,342;38,21235275268555;1726,4228515625;1716;
1128,343;38,14293670654297;1730,3466796875;1716;
1128,344;38,03705596923828;1724,461181640625;1716;
1128,345;38,230587005615234;1712,68994140625;1716;
1128,346;37,598819732666016;1712,68994140625;1716;
1128,347;38,21058654785156;1724,461181640625;1716;
1128,348;38,141761779785156;1732,3084716796875;1716;
1128,349;38,03764724731445;1728,3848876953125;1716;
1128,35;38,22529220581055;1708,766357421875;1716;
1128,351;37,5841178894043;1712,68994140625;1716;
1128,352;38,14999771118164;1726,4228515625;1716;
1128,353;38,078819274902344;1732,3084716796875;1716;
1128,354;37,972938537597656;1726,4228515625;1716;
1128,355;38,16529083251953;1708,766357421875;1716;
1128,356;37,529998779296875;1712,68994140625;1716;
1128,357;38,149410247802734;1726,4228515625;1716;
1128,358;38,07646560668945;1732,3084716796875;1716;
1128,359;38,41411590576172;1724,461181640625;1716;
1128,36;38,16587829589844;1710,728271484375;1716;
1128,361;37,53117752075195;1710,728271484375;1716;
1128,362;38,14882278442383;1724,461181640625;1716;
1128,363;38,077056884765625;1730,3466796875;1716;
1128,364;38,4152946472168;1722,499267578125;1716;
1128,365;38,167057037353516;1712,68994140625;1716;
1128,366;37,53293991088867;1716,61376953125;1716;
1128,367;38,14882278442383;1726,4228515625;1716;
1128,368;38,077056884765625;1732,3084716796875;1716;
1128,369;38,4152946472168;1722,499267578125;1716;
1128,37;38,16587829589844;1712,68994140625;1716;
1128,371;37,974117279052734;1722,499267578125;1716;
1128,372;38,14882278442383;1724,461181640625;1716;
1128,373;38,077056884765625;1730,3466796875;1716;
1128,374;38,4152946472168;1716,61376953125;1716;
1128,375;38,16587829589844;1712,68994140625;1716;
1128,376;37,972938537597656;1718,5755615234375;1716;
1128,377;38,14882278442383;1728,3848876953125;1716;
1128,378;38,077056884765625;1728,3848876953125;1716;
1128,379;38,4152946472168;1718,5755615234375;1716;
1128,38;38,16529083251953;1710,728271484375;1716;
1128,381;37,972938537597656;1724,461181640625;1716;
1128,382;38,14882278442383;1732,3084716796875;1716;
1128,383;38,077056884765625;1728,3848876953125;1716;
1128,384;38,4152946472168;1710,728271484375;1716;
1128,385;38,16529083251953;1710,728271484375;1716;
1128,386;37,972938537597656;1722,499267578125;1716;
1128,387;38,14882278442383;1732,3084716796875;1716;
1128,388;38,07823181152344;1726,4228515625;1716;
1128,389;38,4152946472168;1712,68994140625;1716;
1128,39;38,16646957397461;1712,68994140625;1716;
1128,391;37,974117279052734;1720,53759765625;1716;
1128,392;38,14882278442383;1732,3084716796875;1716;
1128,393;38,07823181152344;1730,3466796875;1716;
1128,394;38,4152946472168;1710,728271484375;1716;
1128,395;38,16646957397461;1706,8046875;1716;
1128,396;37,972938537597656;1722,499267578125;1716;
1128,397;38,14882278442383;1732,3084716796875;1716;
1128,398;37,529998779296875;1728,3848876953125;1716;
1128,399;38,4152946472168;1718,5755615234375;1716;
1128,4;38,16646957397461;1710,728271484375;1716;
1128,401;37,972938537597656;1720,53759765625;1716;
1128,402;38,149410247802734;1732,3084716796875;1716;
1128,403;37,529998779296875;1728,3848876953125;1716;
1128,404;38,4152946472168;1712,68994140625;1716;
1128,405;38,16646957397461;1712,68994140625;1716;
1128,406;37,972938537597656;1724,461181640625;1716;
1128,407;38,149410247802734;1728,3848876953125;1716;
1128,408;37,529998779296875;1724,461181640625;1716;
1128,409;38,4152946472168;1716,61376953125;1716;
1128,41;38,16646957397461;1716,61376953125;1716;
1128,411;37,972938537597656;1724,461181640625;1716;
1128,412;38,149410247802734;1726,4228515625;1716;
1128,413;37,529998779296875;1720,53759765625;1716;
1128,414;38,4152946472168;1716,61376953125;1716;
1128,415;38,16529083251953;1718,5755615234375;1716;
1128,416;37,972938537597656;1728,3848876953125;1716;
1128,417;38,149410247802734;1726,4228515625;1716;
1128,418;37,529998779296875;1716,61376953125;1716;
1128,419;38,4152946472168;1714,6519775390625;1716;
1128,42;38,07823181152344;1718,5755615234375;1716;
1128,421;37,972938537597656;1730,3466796875;1716;
1128,422;38,148231506347656;1726,4228515625;1716;
1128,423;37,529998779296875;1712,68994140625;1716;
1128,424;38,41353225708008;1714,6519775390625;1716;
1128,425;38,07823181152344;1720,53759765625;1716;
1128,426;37,972938537597656;1730,3466796875;1716;
1128,427;38,148231506347656;1726,4228515625;1716;
1128,428;37,529998779296875;1712,68994140625;1716;
1128,429;38,41353225708008;1712,68994140625;1716;
