time;USER_CPU_Load;USER_SPEED_MEAS;USER_SPEED_REF;
1184,705;37,92529296875;190,29888916015625;186;
1184,706;38,36705780029297;190,29888916015625;186;
1184,707;38,36882019042969;190,29888916015625;186;
1184,708;38,369407653808594;190,29888916015625;186;
1184,709;38,369998931884766;190,29888916015625;186;
1184,71;38,10529327392578;192,2607421875;186;
1184,711;38,10647201538086;192,2607421875;186;
1184,712;38,10588073730469;190,29888916015625;186;
1184,713;38,10293960571289;188,33705139160156;186;
1184,714;38,12058639526367;188,33705139160156;186;
1184,715;38,12234878540039;188,33705139160156;186;
1184,717;38,034706115722656;190,29888916015625;186;
1184,719;38,03823471069336;190,29888916015625;186;
1184,72;38,03764724731445;190,29888916015625;186;
1184,721;37,48646926879883;192,2607421875;186;
1184,722;37,48588180541992;192,2607421875;186;
1184,723;37,487648010253906;190,29888916015625;186;
1184,724;37,48823547363281;190,29888916015625;186;
1184,725;37,93058776855469;190,29888916015625;186;
1184,726;37,932350158691406;188,33705139160156;186;
1184,727;37,92646789550781;188,33705139160156;186;
1184,728;37,9288215637207;188,33705139160156;186;
1184,729;38,367645263671875;190,29888916015625;186;
1184,73;38,35588073730469;190,29888916015625;186;
1184,731;38,305877685546875;190,29888916015625;186;
1184,732;38,03940963745117;190,29888916015625;186;
1184,733;38,03940963745117;192,2607421875;186;
1184,734;38,041175842285156;192,2607421875;186;
1184,735;38,03823471069336;192,2607421875;186;
1184,736;38,05705642700195;190,29888916015625;186;
1184,737;38,05588150024414;192,2607421875;186;
1184,738;38,05705642700195;190,29888916015625;186;
1184,74;37,96999740600586;188,33705139160156;186;
1184,741;37,96940994262695;188,33705139160156;186;
1184,744;37,42293930053711;190,29888916015625;186;
1184,747;37,86411666870117;190,29888916015625;186;
1184,748;37,862937927246094;190,29888916015625;186;
1184,75;37,862937927246094;188,33705139160156;186;
1184,751;38,304115295410156;188,33705139160156;186;
1184,752;38,305877685546875;190,29888916015625;186;
1184,755;38,04058837890625;192,2607421875;186;
1184,759;38,05881881713867;192,2607421875;186;
1184,762;37,970584869384766;190,29888916015625;186;
1184,763;37,96940994262695;190,29888916015625;186;
1184,766;37,4223518371582;188,33705139160156;186;
1184,767;37,36882019042969;188,33705139160156;186;
1184,768;37,369998931884766;188,33705139160156;186;
1184,769;37,36882019042969;186,37521362304688;186;
1184,77;37,862937927246094;188,33705139160156;186;
1184,773;37,862937927246094;190,29888916015625;186;
1184,774;38,305877685546875;190,29888916015625;186;
1184,778;38,041175842285156;190,29888916015625;186;
1184,779;38,04058837890625;188,33705139160156;186;
1184,781;38,05823516845703;188,33705139160156;186;
1184,782;38,05881881713867;188,33705139160156;186;
1184,783;38,05881881713867;190,29888916015625;186;
1184,785;37,96940994262695;190,29888916015625;186;
1184,786;37,96940994262695;192,2607421875;186;
1184,787;37,96940994262695;190,29888916015625;186;
1184,788;37,96940994262695;192,2607421875;186;
1184,789;37,42293930053711;192,2607421875;186;
1184,791;37,42293930053711;190,29888916015625;186;
1184,792;37,86411666870117;188,33705139160156;186;
1184,793;37,862937927246094;188,33705139160156;186;
1184,796;38,304115295410156;188,33705139160156;186;
1184,797;38,305877685546875;190,29888916015625;186;
1184,8;38,040000915527344;190,29888916015625;186;
1184,801;38,04058837890625;190,29888916015625;186;
1184,803;38,04058837890625;188,33705139160156;186;
1184,804;38,05881881713867;188,33705139160156;186;
1184,808;37,96940994262695;190,29888916015625;186;
1184,811;37,4223518371582;192,2607421875;186;
1184,812;37,42293930053711;192,2607421875;186;
1184,815;37,86411666870117;190,29888916015625;186;
1184,816;37,862937927246094;190,29888916015625;186;
1184,817;37,880584716796875;190,29888916015625;186;
1184,818;37,862937927246094;190,29888916015625;186;
1184,819;38,305877685546875;188,33705139160156;186;
1184,823;38,04058837890625;190,29888916015625;186;
1184,825;38,04058837890625;188,33705139160156;186;
1184,826;38,05823516845703;190,29888916015625;186;
1184,827;38,05881881713867;190,29888916015625;186;
1184,829;38,05881881713867;188,33705139160156;186;
1184,83;37,970584869384766;188,33705139160156;186;
1184,831;37,96940994262695;190,29888916015625;186;
1184,832;37,96940994262695;188,33705139160156;186;
1184,834;37,4223518371582;188,33705139160156;186;
1184,835;37,42293930053711;190,29888916015625;186;
1184,838;37,862937927246094;190,29888916015625;186;
1184,84;37,862937927246094;188,33705139160156;186;
1184,841;38,304115295410156;190,29888916015625;186;
1184,842;38,305877685546875;190,29888916015625;186;
1184,843;38,305877685546875;192,2607421875;186;
1184,844;38,305877685546875;190,29888916015625;186;
1184,845;38,041175842285156;188,33705139160156;186;
1184,846;38,04058837890625;188,33705139160156;186;
1184,849;38,057647705078125;188,33705139160156;186;
1184,85;38,05823516845703;190,29888916015625;186;
1184,851;38,05881881713867;190,29888916015625;186;
1184,852;38,05823516845703;190,29888916015625;186;
1184,853;37,970584869384766;190,29888916015625;186;
1184,854;37,96999740600586;192,2607421875;186;
1184,855;37,96881866455078;190,29888916015625;186;
1184,856;37,96881866455078;188,33705139160156;186;
1184,857;37,423526763916016;188,33705139160156;186;
1184,858;37,4217643737793;188,33705139160156;186;
1184,859;37,42293930053711;186,37521362304688;186;
1184,86;37,809410095214844;188,33705139160156;186;
1184,861;37,86411666870117;188,33705139160156;186;
1184,863;37,85764694213867;188,33705139160156;186;
1184,864;38,218231201171875;188,33705139160156;186;
1184,865;38,21999740600586;190,29888916015625;186;
1184,866;38,21529006958008;190,29888916015625;186;
1184,868;37,95058822631836;190,29888916015625;186;
1184,87;37,95058822631836;188,33705139160156;186;
1184,872;37,96823501586914;188,33705139160156;186;
1184,875;37,87999725341797;190,29888916015625;186;
1184,877;37,88235092163086;190,29888916015625;186;
1184,878;37,87999725341797;190,29888916015625;186;
1184,879;37,33293914794922;190,29888916015625;186;
1184,881;37,33293914794922;188,33705139160156;186;
1184,883;37,77411651611328;188,33705139160156;186;
1184,887;38,21529006958008;188,33705139160156;186;
1184,888;38,21529006958008;190,29888916015625;186;
1184,891;37,95058822631836;190,29888916015625;186;
1184,892;37,951175689697266;190,29888916015625;186;
1184,893;37,95058822631836;188,33705139160156;186;
1184,894;37,96823501586914;188,33705139160156;186;
1184,898;37,87999725341797;188,33705139160156;186;
1184,901;37,87999725341797;190,29888916015625;186;
1184,902;37,33293914794922;190,29888916015625;186;
1184,903;36,12823486328125;190,29888916015625;186;
1184,904;37,39588165283203;190,29888916015625;186;
1184,905;37,395294189453125;190,29888916015625;186;
1184,906;37,843528747558594;190,29888916015625;186;
1184,907;37,844703674316406;190,29888916015625;186;
1184,908;37,85529327392578;188,33705139160156;186;
1184,909;38,299407958984375;188,33705139160156;186;
1184,913;38,04058837890625;190,29888916015625;186;
1184,914;38,034706115722656;190,29888916015625;186;
1184,915;38,04058837890625;190,29888916015625;186;
1184,916;38,034706115722656;190,29888916015625;186;
1184,917;38,05058670043945;190,29888916015625;186;
1184,918;38,047645568847656;190,29888916015625;186;
1184,919;38,04235076904297;190,29888916015625;186;
1184,92;38,036468505859375;190,29888916015625;186;
1184,921;37,946468353271484;190,29888916015625;186;
1184,922;37,94823455810547;190,29888916015625;186;
1184,923;37,94352722167969;188,33705139160156;186;
1184,924;37,39646911621094;188,33705139160156;186;
1184,925;37,397056579589844;188,33705139160156;186;
1184,927;37,391178131103516;188,33705139160156;186;
1184,928;37,8347053527832;188,33705139160156;186;
1184,929;37,91529083251953;190,29888916015625;186;
1184,93;37,93000030517578;190,29888916015625;186;
1184,931;37,932350158691406;190,29888916015625;186;
1184,932;38,37528991699219;190,29888916015625;186;
1184,933;38,38175964355469;190,29888916015625;186;
1184,934;38,38058853149414;190,29888916015625;186;
1184,935;38,365291595458984;192,2607421875;186;
1184,936;38,09823226928711;192,2607421875;186;
1184,937;38,107059478759766;190,29888916015625;186;
1184,938;38,107059478759766;186,37521362304688;186;
1184,939;38,11000061035156;188,33705139160156;186;
1184,94;38,12588119506836;188,33705139160156;186;
1184,941;38,128822326660156;190,29888916015625;186;
1184,943;38,041175842285156;190,29888916015625;186;
1184,944;38,03117752075195;190,29888916015625;186;
1184,945;38,0323486328125;190,29888916015625;186;
1184,946;38,04587936401367;190,29888916015625;186;
1184,947;37,500587463378906;188,33705139160156;186;
1184,948;37,514705657958984;190,29888916015625;186;
1184,949;37,52941131591797;188,33705139160156;186;
1184,95;37,5288200378418;188,33705139160156;186;
1184,951;37,971763610839844;188,33705139160156;186;
1184,952;37,97352981567383;188,33705139160156;186;
1184,953;37,974117279052734;188,33705139160156;186;
1184,954;37,96411895751953;190,29888916015625;186;
1184,955;38,40176010131836;190,29888916015625;186;
1184,956;38,39470291137695;190,29888916015625;186;
1184,957;38,38882064819336;190,29888916015625;186;
1184,958;38,128822326660156;190,29888916015625;186;
1184,959;38,12294006347656;190,29888916015625;186;
1184,96;38,11647033691406;190,29888916015625;186;
1184,961;38,11000061035156;188,33705139160156;186;
1184,962;38,126468658447266;188,33705139160156;186;
1184,963;38,12470245361328;190,29888916015625;186;
1184,964;38,11587905883789;188,33705139160156;186;
1184,965;38,12294006347656;188,33705139160156;186;
1184,966;38,0323486328125;190,29888916015625;186;
1184,967;38,038818359375;190,29888916015625;186;
1184,968;38,02823257446289;190,29888916015625;186;
1184,969;38,031761169433594;192,2607421875;186;
1184,97;37,485294342041016;192,2607421875;186;
1184,971;37,48999786376953;192,2607421875;186;
1184,972;37,487056732177734;190,29888916015625;186;
1184,973;37,927059173583984;190,29888916015625;186;
1184,974;37,93000030517578;190,29888916015625;186;
1184,975;37,9288215637207;190,29888916015625;186;
1184,976;37,925880432128906;188,33705139160156;186;
1184,977;38,37117385864258;186,37521362304688;186;
1184,978;38,36705780029297;188,33705139160156;186;
1184,979;38,367645263671875;188,33705139160156;186;
1184,98;38,369407653808594;190,29888916015625;186;
1184,981;38,108821868896484;190,29888916015625;186;
1184,982;38,09823226928711;190,29888916015625;186;
1184,983;38,108821868896484;188,33705139160156;186;
1184,984;38,10176467895508;190,29888916015625;186;
1184,985;38,12352752685547;190,29888916015625;186;
1184,986;38,121177673339844;190,29888916015625;186;
1184,987;38,12528991699219;188,33705139160156;186;
1184,988;38,12352752685547;188,33705139160156;186;
1184,989;38,03352737426758;188,33705139160156;186;
1184,992;37,48588180541992;188,33705139160156;186;
1184,993;37,487056732177734;190,29888916015625;186;
1184,994;37,49293899536133;190,29888916015625;186;
1184,995;37,48470687866211;190,29888916015625;186;
1184,996;37,933528900146484;190,29888916015625;186;
1184,997;37,925880432128906;190,29888916015625;186;
1184,998;37,9288215637207;190,29888916015625;186;
1184,999;37,93000030517578;190,29888916015625;186;
1185;38,37058639526367;190,29888916015625;186;
1185,001;38,36823272705078;190,29888916015625;186;
1185,002;38,36823272705078;192,2607421875;186;
1185,003;38,37294006347656;190,29888916015625;186;
1185,004;38,10529327392578;188,33705139160156;186;
1185,007;38,12234878540039;188,33705139160156;186;
1185,008;38,12588119506836;190,29888916015625;186;
1185,009;38,119998931884766;190,29888916015625;186;
1185,01;38,12234878540039;192,2607421875;186;
1185,011;38,034706115722656;192,2607421875;186;
1185,012;38,03352737426758;192,2607421875;186;
1185,013;38,02705764770508;190,29888916015625;186;
1185,014;37,970584869384766;190,29888916015625;186;
1185,015;37,423526763916016;190,29888916015625;186;
1185,016;37,4223518371582;190,29888916015625;186;
1185,017;37,4217643737793;186,37521362304688;186;
1185,018;37,36882019042969;186,37521362304688;186;
1185,019;37,80999755859375;188,33705139160156;186;
1185,02;37,862937927246094;188,33705139160156;186;
1185,022;38,305877685546875;190,29888916015625;186;
1185,023;38,304115295410156;190,29888916015625;186;
1185,024;38,30470275878906;190,29888916015625;186;
1185,026;38,040000915527344;190,29888916015625;186;
1185,027;38,04058837890625;190,29888916015625;186;
1185,028;38,04058837890625;188,33705139160156;186;
1185,03;38,057647705078125;188,33705139160156;186;
1185,034;37,971763610839844;190,29888916015625;186;
1185,038;37,42293930053711;190,29888916015625;186;
1185,04;37,42293930053711;188,33705139160156;186;
1185,041;37,86411666870117;188,33705139160156;186;
1185,045;38,30470275878906;188,33705139160156;186;
1185,046;38,30470275878906;190,29888916015625;186;
1185,048;38,30470275878906;192,2607421875;186;
1185,049;38,04058837890625;192,2607421875;186;
1185,051;38,04058837890625;190,29888916015625;186;
1185,052;38,04058837890625;192,2607421875;186;
1185,053;38,057647705078125;192,2607421875;186;
1185,054;38,057647705078125;190,29888916015625;186;
1185,056;37,96940994262695;188,33705139160156;186;
1185,057;37,971763610839844;188,33705139160156;186;
1185,06;37,4223518371582;188,33705139160156;186;
1185,061;37,42293930053711;190,29888916015625;186;
1185,062;37,42293930053711;188,33705139160156;186;
1185,064;37,86411666870117;188,33705139160156;186;
1185,068;38,30470275878906;188,33705139160156;186;
1185,069;38,30470275878906;190,29888916015625;186;
1185,07;38,30470275878906;188,33705139160156;186;
1185,071;38,040000915527344;190,29888916015625;186;
1185,072;38,04058837890625;190,29888916015625;186;
1185,075;38,05823516845703;190,29888916015625;186;
1185,076;38,057647705078125;190,29888916015625;186;
1185,079;37,971763610839844;190,29888916015625;186;
1185,081;37,971763610839844;188,33705139160156;186;
1185,083;37,42293930053711;188,33705139160156;186;
1185,087;37,86411666870117;188,33705139160156;186;
1185,088;37,86411666870117;190,29888916015625;186;
1185,09;38,30529022216797;188,33705139160156;186;
1185,091;38,30470275878906;190,29888916015625;186;
1185,093;38,30470275878906;188,33705139160156;186;
1185,094;38,04058837890625;188,33705139160156;186;
1185,096;38,04058837890625;184,41336059570312;186;
1185,097;38,04058837890625;186,37521362304688;186;
1185,098;38,057647705078125;186,37521362304688;186;
1185,099;38,05999755859375;188,33705139160156;186;
1185,1;38,057647705078125;188,33705139160156;186;
1185,102;37,971763610839844;190,29888916015625;186;
1185,105;37,424705505371094;190,29888916015625;186;
1185,106;37,42293930053711;190,29888916015625;186;
1185,108;37,42293930053711;188,33705139160156;186;
1185,109;37,86411666870117;188,33705139160156;186;
1185,113;38,30470275878906;186,37521362304688;186;
1185,114;38,30470275878906;190,29888916015625;186;
1185,117;38,04058837890625;190,29888916015625;186;
1185,119;38,04058837890625;188,33705139160156;186;
1185,121;38,057647705078125;188,33705139160156;186;
1185,123;38,057647705078125;186,37521362304688;186;
1185,124;37,96940994262695;186,37521362304688;186;
1185,125;37,971763610839844;188,33705139160156;186;
1185,128;37,42293930053711;188,33705139160156;186;
1185,13;37,423526763916016;190,29888916015625;186;
1185,131;37,42293930053711;188,33705139160156;186;
1185,132;37,86411666870117;186,37521362304688;186;
1185,133;37,86587905883789;186,37521362304688;186;
1185,134;37,862937927246094;186,37521362304688;186;
1185,135;37,86411666870117;186,37521362304688;186;
1185,136;38,30529022216797;186,37521362304688;186;
1185,137;38,30705642700195;188,33705139160156;186;
1185,138;38,30529022216797;188,33705139160156;186;
1185,139;38,30470275878906;190,29888916015625;186;
1185,14;38,040000915527344;192,2607421875;186;
1185,141;38,041175842285156;190,29888916015625;186;
1185,142;38,04058837890625;190,29888916015625;186;
1185,143;38,05823516845703;190,29888916015625;186;
1185,144;38,05705642700195;190,29888916015625;186;
1185,146;38,05823516845703;188,33705139160156;186;
1185,147;37,882938385009766;188,33705139160156;186;
1185,148;37,90058898925781;188,33705139160156;186;
1185,149;37,87999725341797;188,33705139160156;186;
1185,151;37,33293914794922;188,33705139160156;186;
1185,152;37,33529281616211;188,33705139160156;186;
1185,153;37,33293914794922;188,33705139160156;186;
1185,155;37,77411651611328;188,33705139160156;186;
1185,158;38,21529006958008;186,37521362304688;186;
1185,162;37,95058822631836;186,37521362304688;186;
1185,166;37,96823501586914;186,37521362304688;186;
1185,167;37,96823501586914;188,33705139160156;186;
1185,169;37,96823501586914;190,29888916015625;186;
1185,17;37,87999725341797;192,2607421875;186;
1185,172;37,87999725341797;190,29888916015625;186;
1185,174;37,33293914794922;188,33705139160156;186;
1185,177;37,77411651611328;186,37521362304688;186;
1185,178;37,77411651611328;188,33705139160156;186;
1185,179;37,77411651611328;186,37521362304688;186;
1185,181;38,21529006958008;186,37521362304688;186;
1185,182;38,21529006958008;188,33705139160156;186;
1185,184;38,21529006958008;190,29888916015625;186;
1185,185;37,95058822631836;190,29888916015625;186;
1185,186;37,95058822631836;188,33705139160156;186;
1185,187;38,01353073120117;184,41336059570312;186;
1185,188;38,0158805847168;186,37521362304688;186;
1185,189;38,02941131591797;184,41336059570312;186;
1185,19;38,03940963745117;186,37521362304688;186;
1185,191;38,04352951049805;186,37521362304688;186;
1185,192;38,05234909057617;186,37521362304688;186;
1185,193;37,96705627441406;188,33705139160156;186;
1185,194;37,95176315307617;188,33705139160156;186;
1185,195;37,964115142822266;188,33705139160156;186;
1185,196;37,425880432128906;188,33705139160156;186;
1185,197;37,41999816894531;188,33705139160156;186;
1185,198;37,41470718383789;190,29888916015625;186;
1185,199;37,41999816894531;190,29888916015625;186;
1185,2;37,85764694213867;188,33705139160156;186;
1185,201;37,85176086425781;190,29888916015625;186;
1185,202;37,84646987915039;186,37521362304688;186;
1185,203;37,843528747558594;186,37521362304688;186;
1185,204;38,28470230102539;186,37521362304688;186;
1185,205;38,2788200378418;188,33705139160156;186;
1185,206;38,2788200378418;190,29888916015625;186;
1185,207;38,281761169433594;192,2607421875;186;
1185,208;38,014705657958984;190,29888916015625;186;
1185,21;38,10411834716797;190,29888916015625;186;
1185,211;38,0970573425293;190,29888916015625;186;
1185,212;38,11411666870117;190,29888916015625;186;
1185,213;38,12234878540039;188,33705139160156;186;
1185,214;38,12999725341797;188,33705139160156;186;
1185,215;38,038818359375;188,33705139160156;186;
1185,216;38,042938232421875;188,33705139160156;186;
1185,217;38,045291900634766;188,33705139160156;186;
1185,218;38,0294075012207;186,37521362304688;186;
1185,219;37,48646926879883;186,37521362304688;186;
1185,22;37,48646926879883;188,33705139160156;186;
1185,221;37,48823547363281;186,37521362304688;186;
1185,222;37,4935302734375;186,37521362304688;186;
1185,223;37,931175231933594;188,33705139160156;186;
1185,224;37,93411636352539;186,37521362304688;186;
1185,225;37,938819885253906;186,37521362304688;186;
1185,226;37,93647003173828;186,37521362304688;186;
1185,227;38,37528991699219;186,37521362304688;186;
1185,228;38,367645263671875;188,33705139160156;186;
1185,229;38,378231048583984;188,33705139160156;186;
1185,23;38,38764572143555;188,33705139160156;186;
1185,231;38,13587951660156;188,33705139160156;186;
1185,232;38,141761779785156;188,33705139160156;186;
1185,233;38,142940521240234;188,33705139160156;186;
1185,234;38,16352844238281;190,29888916015625;186;
1185,235;38,16176223754883;192,2607421875;186;
1185,236;38,167057037353516;190,29888916015625;186;
1185,237;38,15999984741211;190,29888916015625;186;
1185,238;38,06646728515625;190,29888916015625;186;
1185,239;38,06293869018555;190,29888916015625;186;
1185,24;38,057647705078125;188,33705139160156;186;
1185,241;38,05234909057617;188,33705139160156;186;
1185,242;37,50470733642578;188,33705139160156;186;
1185,243;37,49940872192383;188,33705139160156;186;
1185,244;37,49235153198242;186,37521362304688;186;
1185,245;37,494117736816406;186,37521362304688;186;
1185,246;37,92940902709961;186,37521362304688;186;
1185,247;37,9282341003418;186,37521362304688;186;
1185,248;37,92940902709961;186,37521362304688;186;
1185,249;37,92940902709961;188,33705139160156;186;
1185,25;38,367645263671875;188,33705139160156;186;
1185,251;38,36647033691406;188,33705139160156;186;
1185,252;38,36882019042969;186,37521362304688;186;
1185,253;38,10529327392578;188,33705139160156;186;
1185,254;38,10353088378906;188,33705139160156;186;
1185,255;38,107059478759766;186,37521362304688;186;
1185,256;38,10293960571289;186,37521362304688;186;
1185,257;38,12058639526367;186,37521362304688;186;
1185,258;38,119998931884766;188,33705139160156;186;
1185,259;38,126468658447266;188,33705139160156;186;
1185,26;38,12058639526367;188,33705139160156;186;
1185,261;38,03117752075195;190,29888916015625;186;
1185,262;38,03352737426758;192,2607421875;186;
1185,263;38,0352897644043;190,29888916015625;186;
1185,264;38,034706115722656;190,29888916015625;186;
1185,265;37,4841194152832;190,29888916015625;186;
1185,266;37,48588180541992;190,29888916015625;186;
1185,267;37,485294342041016;188,33705139160156;186;
1185,268;37,9317626953125;188,33705139160156;186;
1185,269;37,925880432128906;188,33705139160156;186;
1185,27;37,92646789550781;188,33705139160156;186;
1185,271;37,9317626953125;186,37521362304688;186;
1185,272;38,37058639526367;186,37521362304688;186;
1185,273;38,37294006347656;188,33705139160156;186;
1185,274;38,36705780029297;188,33705139160156;186;
1185,275;38,36823272705078;188,33705139160156;186;
1185,276;38,10353088378906;190,29888916015625;186;
1185,277;38,10411834716797;190,29888916015625;186;
1185,278;38,10529327392578;188,33705139160156;186;
1185,279;38,10588073730469;186,37521362304688;186;
1185,28;38,12294006347656;186,37521362304688;186;
1185,281;38,121177673339844;186,37521362304688;186;
1185,282;38,121761322021484;186,37521362304688;186;
1185,283;38,121177673339844;186,37521362304688;186;
1185,284;38,03352737426758;186,37521362304688;186;
1185,285;38,03588104248047;188,33705139160156;186;
1185,286;38,034706115722656;188,33705139160156;186;
1185,287;37,4905891418457;188,33705139160156;186;
1185,288;37,48470687866211;188,33705139160156;186;
1185,289;37,485294342041016;190,29888916015625;186;
1185,29;37,48588180541992;190,29888916015625;186;
1185,291;37,9282341003418;188,33705139160156;186;
1185,292;37,9288215637207;190,29888916015625;186;
1185,293;37,92764663696289;188,33705139160156;186;
1185,294;37,925880432128906;186,37521362304688;186;
1185,295;38,369407653808594;186,37521362304688;186;
1185,296;38,36587905883789;188,33705139160156;186;
1185,297;38,305877685546875;188,33705139160156;186;
1185,299;38,040000915527344;190,29888916015625;186;
1185,3;38,03940963745117;190,29888916015625;186;
1185,301;38,03823471069336;190,29888916015625;186;
1185,303;38,05705642700195;190,29888916015625;186;
1185,304;38,05588150024414;190,29888916015625;186;
1185,305;38,07587814331055;188,33705139160156;186;
1185,306;37,96999740600586;188,33705139160156;186;
1185,307;37,96940994262695;188,33705139160156;186;
1185,31;37,4223518371582;188,33705139160156;186;
1185,311;37,42293930053711;188,33705139160156;186;
1185,312;37,42293930053711;186,37521362304688;186;
1185,313;37,42293930053711;188,33705139160156;186;
1185,314;37,862937927246094;188,33705139160156;186;
1185,315;37,862937927246094;190,29888916015625;186;
1185,316;37,862937927246094;188,33705139160156;186;
1185,317;37,862937927246094;190,29888916015625;186;
1185,318;38,305877685546875;190,29888916015625;186;
1185,32;38,305877685546875;188,33705139160156;186;
1185,321;38,305877685546875;190,29888916015625;186;
1185,322;38,04058837890625;188,33705139160156;186;
1185,324;38,04058837890625;186,37521362304688;186;
1185,325;38,05823516845703;186,37521362304688;186;
1185,326;38,05881881713867;188,33705139160156;186;
1185,327;38,05881881713867;190,29888916015625;186;
1185,329;37,96940994262695;190,29888916015625;186;
1185,332;37,96940994262695;188,33705139160156;186;
1185,333;37,42293930053711;188,33705139160156;186;
1185,337;37,862937927246094;188,33705139160156;186;
1185,34;38,304115295410156;190,29888916015625;186;
1185,341;38,305877685546875;190,29888916015625;186;
1185,344;38,041175842285156;190,29888916015625;186;
1185,345;38,04058837890625;188,33705139160156;186;
1185,347;38,04058837890625;186,37521362304688;186;
1185,348;38,05881881713867;184,41336059570312;186;
1185,349;38,05881881713867;186,37521362304688;186;
1185,352;37,96940994262695;188,33705139160156;186;
1185,353;37,96940994262695;190,29888916015625;186;
1185,354;37,96940994262695;188,33705139160156;186;
1185,355;37,96940994262695;190,29888916015625;186;
1185,356;37,42293930053711;190,29888916015625;186;
1185,358;37,42293930053711;188,33705139160156;186;
1185,359;37,86411666870117;188,33705139160156;186;
1185,36;37,862937927246094;190,29888916015625;186;
1185,361;37,862937927246094;188,33705139160156;186;
1185,363;38,304115295410156;188,33705139160156;186;
1185,364;38,305877685546875;190,29888916015625;186;
1185,366;38,305877685546875;192,2607421875;186;
1185,367;38,04058837890625;192,2607421875;186;
1185,368;38,04058837890625;190,29888916015625;186;
1185,371;38,05881881713867;190,29888916015625;186;
1185,373;38,05881881713867;188,33705139160156;186;
1185,374;37,970584869384766;188,33705139160156;186;
1185,375;37,96940994262695;188,33705139160156;186;
1185,378;37,4223518371582;190,29888916015625;186;
1185,379;37,42293930053711;190,29888916015625;186;
1185,382;37,862937927246094;190,29888916015625;186;
1185,384;37,862937927246094;188,33705139160156;186;
1185,386;38,305877685546875;188,33705139160156;186;
1185,387;38,305877685546875;190,29888916015625;186;
1185,388;38,305877685546875;188,33705139160156;186;
1185,39;38,04058837890625;190,29888916015625;186;
1185,393;38,05823516845703;190,29888916015625;186;
1185,394;38,05881881713867;190,29888916015625;186;
1185,397;37,96940994262695;190,29888916015625;186;
1185,398;37,96940994262695;192,2607421875;186;
1185,399;37,96940994262695;188,33705139160156;186;
1185,4;37,971763610839844;188,33705139160156;186;
1185,401;37,42293930053711;188,33705139160156;186;
1185,405;37,862937927246094;188,33705139160156;186;
1185,408;38,304115295410156;190,29888916015625;186;
1185,409;38,305877685546875;190,29888916015625;186;
1185,412;38,04058837890625;188,33705139160156;186;
1185,416;38,05999755859375;188,33705139160156;186;
1185,417;38,05999755859375;190,29888916015625;186;
1185,418;38,05705642700195;190,29888916015625;186;
1185,419;38,05823516845703;190,29888916015625;186;
1185,42;37,96999740600586;190,29888916015625;186;
1185,423;37,423526763916016;190,29888916015625;186;
1185,424;37,42293930053711;190,29888916015625;186;
1185,425;37,423526763916016;188,33705139160156;186;
1185,426;37,42293930053711;188,33705139160156;186;
1185,427;37,863529205322266;188,33705139160156;186;
1185,428;37,86647033691406;188,33705139160156;186;
1185,429;37,867645263671875;188,33705139160156;186;
1185,43;37,77705764770508;188,33705139160156;186;
1185,431;38,218231201171875;186,37521362304688;186;
1185,432;38,217647552490234;190,29888916015625;186;
1185,433;38,21529006958008;190,29888916015625;186;
1185,435;37,95058822631836;190,29888916015625;186;
1185,437;37,95058822631836;188,33705139160156;186;
1185,439;37,96823501586914;188,33705139160156;186;
1185,442;37,87999725341797;188,33705139160156;186;
1185,443;37,87999725341797;190,29888916015625;186;
1185,446;37,33293914794922;190,29888916015625;186;
1185,45;37,77411651611328;188,33705139160156;186;
1185,454;38,21529006958008;188,33705139160156;186;
1185,455;38,21529006958008;190,29888916015625;186;
1185,457;37,95058822631836;190,29888916015625;186;
1185,461;37,96823501586914;188,33705139160156;186;
1185,462;38,03588104248047;190,29888916015625;186;
1185,463;37,96823501586914;188,33705139160156;186;
1185,465;37,87999725341797;188,33705139160156;186;
1185,469;37,33293914794922;188,33705139160156;186;
1185,47;37,39588165283203;190,29888916015625;186;
1185,471;37,392940521240234;190,29888916015625;186;
1185,472;37,38999938964844;190,29888916015625;186;
1185,473;37,8405876159668;190,29888916015625;186;
1185,474;37,844703674316406;190,29888916015625;186;
1185,475;37,852352142333984;188,33705139160156;186;
1185,476;38,299407958984375;188,33705139160156;186;
1185,477;38,30234909057617;190,29888916015625;186;
1185,478;38,29705810546875;188,33705139160156;186;
1185,479;38,29587936401367;188,33705139160156;186;
1185,48;38,03764724731445;188,33705139160156;186;
1185,482;38,03529357910156;188,33705139160156;186;
1185,483;38,034706115722656;188,33705139160156;186;
1185,484;38,04823303222656;188,33705139160156;186;
1185,485;38,04352951049805;190,29888916015625;186;
1185,486;38,04176330566406;190,29888916015625;186;
1185,487;38,03588104248047;190,29888916015625;186;
1185,488;37,94352722167969;190,29888916015625;186;
1185,489;37,945289611816406;190,29888916015625;186;
1185,49;37,94352722167969;188,33705139160156;186;
1185,491;37,397056579589844;188,33705139160156;186;
1185,493;37,39646911621094;188,33705139160156;186;
1185,494;37,39352798461914;188,33705139160156;186;
1185,495;37,83293914794922;188,33705139160156;186;
1185,496;37,919410705566406;188,33705139160156;186;
1185,497;37,9282341003418;188,33705139160156;186;
1185,498;37,93941116333008;190,29888916015625;186;
1185,499;38,37234878540039;190,29888916015625;186;
1185,5;38,385292053222656;192,2607421875;186;
1185,501;38,37058639526367;190,29888916015625;186;
1185,502;38,36823272705078;190,29888916015625;186;
1185,503;38,10353088378906;190,29888916015625;186;
1185,504;38,104705810546875;188,33705139160156;186;
1185,506;38,11176300048828;188,33705139160156;186;
1185,507;38,11941146850586;188,33705139160156;186;
1185,508;38,132938385009766;188,33705139160156;186;
1185,509;38,12999725341797;188,33705139160156;186;
1185,51;38,03999710083008;188,33705139160156;186;
1185,511;38,025291442871094;190,29888916015625;186;
1185,512;38,03823471069336;190,29888916015625;186;
1185,513;38,045291900634766;190,29888916015625;186;
1185,514;37,51176452636719;190,29888916015625;186;
1185,515;37,5223503112793;190,29888916015625;186;
1185,516;37,53411865234375;188,33705139160156;186;
1185,517;37,52647018432617;188,33705139160156;186;
1185,518;37,97117614746094;188,33705139160156;186;
1185,519;37,967647552490234;188,33705139160156;186;
1185,52;37,97058868408203;186,37521362304688;186;
1185,521;37,96529006958008;186,37521362304688;186;
1185,522;38,40176010131836;188,33705139160156;186;
1185,523;38,391761779785156;188,33705139160156;186;
1185,524;38,39764404296875;188,33705139160156;186;
1185,525;38,12294006347656;190,29888916015625;186;
1185,526;38,119998931884766;192,2607421875;186;
1185,527;38,111175537109375;190,29888916015625;186;
1185,528;38,10940933227539;190,29888916015625;186;
1185,529;38,11941146850586;188,33705139160156;186;
1185,53;38,12234878540039;190,29888916015625;186;
1185,531;38,12823486328125;188,33705139160156;186;
1185,532;38,121177673339844;188,33705139160156;186;
1185,533;38,03117752075195;188,33705139160156;186;
1185,534;38,03705596923828;190,29888916015625;186;
1185,535;38,0352897644043;188,33705139160156;186;
1185,536;38,03705596923828;190,29888916015625;186;
1185,537;37,4841194152832;190,29888916015625;186;
1185,538;37,48588180541992;190,29888916015625;186;
1185,54;37,92646789550781;190,29888916015625;186;
1185,541;37,923526763916016;190,29888916015625;186;
1185,542;37,932350158691406;188,33705139160156;186;
1185,544;38,369407653808594;188,33705139160156;186;
1185,545;38,36647033691406;188,33705139160156;186;
1185,546;38,371761322021484;188,33705139160156;186;
1185,548;38,10529327392578;190,29888916015625;186;
1185,549;38,104705810546875;190,29888916015625;186;
1185,55;38,10411834716797;188,33705139160156;186;
1185,551;38,100589752197266;190,29888916015625;186;
1185,552;38,12352752685547;190,29888916015625;186;
1185,553;38,12234878540039;190,29888916015625;186;
1185,555;38,121177673339844;190,29888916015625;186;
1185,556;38,03293991088867;190,29888916015625;186;
1185,557;38,0323486328125;188,33705139160156;186;
1185,558;38,034706115722656;188,33705139160156;186;
1185,559;37,487648010253906;188,33705139160156;186;
1185,56;37,485294342041016;188,33705139160156;186;
1185,561;37,48823547363281;188,33705139160156;186;
1185,562;37,4905891418457;188,33705139160156;186;
1185,563;37,927059173583984;188,33705139160156;186;
1185,564;37,92764663696289;190,29888916015625;186;
1185,565;37,9282341003418;190,29888916015625;186;
1185,566;37,92764663696289;190,29888916015625;186;
1185,567;38,369998931884766;190,29888916015625;186;
1185,568;38,371761322021484;190,29888916015625;186;
1185,569;38,37294006347656;190,29888916015625;186;
1185,57;38,36823272705078;190,29888916015625;186;
1185,571;38,10293960571289;188,33705139160156;186;
1185,572;38,104705810546875;188,33705139160156;186;
1185,573;38,10353088378906;188,33705139160156;186;
1185,574;38,12294006347656;188,33705139160156;186;
1185,575;38,12234878540039;190,29888916015625;186;
1185,576;38,12705612182617;190,29888916015625;186;
1185,577;38,121177673339844;190,29888916015625;186;
1185,578;38,03999710083008;190,29888916015625;186;
1185,579;38,03352737426758;190,29888916015625;186;
1185,58;38,027645111083984;190,29888916015625;186;
1185,581;37,97117614746094;190,29888916015625;186;
1185,582;37,420589447021484;188,33705139160156;186;
1185,583;37,4223518371582;190,29888916015625;186;
1185,584;37,4217643737793;188,33705139160156;186;
1185,586;37,86470413208008;188,33705139160156;186;
1185,587;37,86235046386719;188,33705139160156;186;
1185,588;37,86470413208008;188,33705139160156;186;
1185,589;37,86411666870117;188,33705139160156;186;
1185,59;38,30529022216797;188,33705139160156;186;
1185,591;38,30470275878906;190,29888916015625;186;
1185,593;38,040000915527344;190,29888916015625;186;
1185,594;38,04058837890625;190,29888916015625;186;
1185,596;38,04058837890625;188,33705139160156;186;
1185,597;38,057647705078125;188,33705139160156;186;
1185,598;38,057647705078125;190,29888916015625;186;
1185,599;38,057647705078125;188,33705139160156;186;
1185,601;37,989410400390625;190,29888916015625;186;
1185,602;37,971763610839844;190,29888916015625;186;
1185,605;37,4217643737793;190,29888916015625;186;
1185,606;37,42293930053711;190,29888916015625;186;
1185,608;37,86411666870117;190,29888916015625;186;
1185,61;37,86411666870117;188,33705139160156;186;
1185,612;38,30470275878906;188,33705139160156;186;
1185,613;38,30470275878906;190,29888916015625;186;
1185,616;38,04058837890625;190,29888916015625;186;
1185,617;38,04058837890625;192,2607421875;186;
1185,618;38,04058837890625;190,29888916015625;186;
1185,619;38,04058837890625;192,2607421875;186;
1185,62;38,057647705078125;190,29888916015625;186;
1185,623;37,96940994262695;188,33705139160156;186;
1185,624;37,971763610839844;188,33705139160156;186;
1185,626;37,918819427490234;186,37521362304688;186;
1185,627;37,424705505371094;188,33705139160156;186;
1185,628;37,42293930053711;188,33705139160156;186;
1185,631;37,86411666870117;188,33705139160156;186;
1185,632;37,86411666870117;190,29888916015625;186;
1185,633;37,86411666870117;188,33705139160156;186;
1185,634;37,86411666870117;190,29888916015625;186;
1185,635;38,30470275878906;190,29888916015625;186;
1185,637;38,30470275878906;188,33705139160156;186;
1185,639;38,04058837890625;188,33705139160156;186;
1185,642;38,05823516845703;190,29888916015625;186;
1185,643;38,057647705078125;190,29888916015625;186;
1185,646;37,971763610839844;190,29888916015625;186;
1185,65;37,42293930053711;188,33705139160156;186;
1185,651;37,42293930053711;190,29888916015625;186;
1185,652;37,42293930053711;188,33705139160156;186;
1185,654;37,86411666870117;188,33705139160156;186;
1185,655;37,86411666870117;190,29888916015625;186;
1185,657;38,30529022216797;190,29888916015625;186;
1185,658;38,30470275878906;192,2607421875;186;
1185,661;38,04058837890625;192,2607421875;186;
1185,663;38,04058837890625;188,33705139160156;186;
1185,665;38,057647705078125;186,37521362304688;186;
1185,666;38,057647705078125;188,33705139160156;186;
1185,668;38,05881881713867;188,33705139160156;186;
1185,669;37,971763610839844;190,29888916015625;186;
1185,672;37,424705505371094;190,29888916015625;186;
1185,673;37,42293930053711;190,29888916015625;186;
1185,674;37,42293930053711;188,33705139160156;186;
1185,676;37,86411666870117;188,33705139160156;186;
1185,68;38,30470275878906;186,37521362304688;186;
1185,681;38,30470275878906;190,29888916015625;186;
1185,684;38,03940963745117;192,2607421875;186;
1185,685;38,04058837890625;190,29888916015625;186;
1185,687;38,05823516845703;190,29888916015625;186;
1185,688;38,057647705078125;190,29888916015625;186;
1185,689;38,057647705078125;188,33705139160156;186;
1185,691;37,96940994262695;188,33705139160156;186;
1185,692;37,971763610839844;190,29888916015625;186;
1185,695;37,42293930053711;190,29888916015625;186;
1185,698;37,4223518371582;192,2607421875;186;
1185,699;37,862937927246094;192,2607421875;186;
1185,7;37,863529205322266;192,2607421875;186;
1185,701;37,86411666870117;190,29888916015625;186;
1185,702;38,305877685546875;188,33705139160156;186;
1185,703;38,30529022216797;188,33705139160156;186;
1185,706;38,041175842285156;188,33705139160156;186;
1185,707;38,040000915527344;188,33705139160156;186;
1185,708;38,04058837890625;188,33705139160156;186;
1185,709;38,041175842285156;190,29888916015625;186;
1185,71;38,05646896362305;188,33705139160156;186;
1185,711;38,06175994873047;190,29888916015625;186;
1185,712;38,05529022216797;188,33705139160156;186;
1185,713;38,05529022216797;190,29888916015625;186;
1185,714;37,882938385009766;190,29888916015625;186;
1185,715;37,885292053222656;190,29888916015625;186;
1185,716;37,87999725341797;188,33705139160156;186;
1185,718;37,33529281616211;188,33705139160156;186;
1185,719;37,33293914794922;188,33705139160156;186;
1185,721;37,77411651611328;188,33705139160156;186;
1185,722;37,77411651611328;190,29888916015625;186;
1185,725;38,21529006958008;190,29888916015625;186;
1185,727;38,21529006958008;192,2607421875;186;
1185,729;37,95058822631836;192,2607421875;186;
1185,73;37,95058822631836;190,29888916015625;186;
1185,731;37,95058822631836;186,37521362304688;186;
1185,732;37,95058822631836;188,33705139160156;186;
1185,733;37,96823501586914;188,33705139160156;186;
1185,735;37,96823501586914;190,29888916015625;186;
1185,736;37,87999725341797;190,29888916015625;186;
1185,74;37,33293914794922;188,33705139160156;186;
1185,741;37,33293914794922;190,29888916015625;186;
1185,742;37,33293914794922;188,33705139160156;186;
1185,744;37,77411651611328;188,33705139160156;186;
1185,748;38,21529006958008;190,29888916015625;186;
1185,751;37,95058822631836;190,29888916015625;186;
1185,753;36,72529602050781;190,29888916015625;186;
1185,754;38,0099983215332;188,33705139160156;186;
1185,755;38,027645111083984;188,33705139160156;186;
1185,756;38,03823471069336;190,29888916015625;186;
1185,757;38,038822174072266;188,33705139160156;186;
1185,758;38,049407958984375;188,33705139160156;186;
1185,759;37,964115142822266;188,33705139160156;186;
1185,76;37,964115142822266;190,29888916015625;186;
1185,761;37,96117401123047;190,29888916015625;186;
1185,762;37,96294021606445;190,29888916015625;186;
1185,763;37,42293930053711;190,29888916015625;186;
1185,764;37,417057037353516;190,29888916015625;186;
1185,765;37,41764831542969;188,33705139160156;186;
1185,766;37,419410705566406;190,29888916015625;186;
1185,767;37,854705810546875;188,33705139160156;186;
1185,768;37,8535270690918;188,33705139160156;186;
1185,769;37,848236083984375;188,33705139160156;186;
1185,77;38,28293991088867;188,33705139160156;186;
1185,771;38,281761169433594;188,33705139160156;186;
1185,772;38,28058624267578;190,29888916015625;186;
1185,773;38,27587890625;190,29888916015625;186;
1185,774;38,01411819458008;190,29888916015625;186;
1185,775;38,014705657958984;190,29888916015625;186;
1185,776;38,10529327392578;190,29888916015625;186;
1185,777;38,0094108581543;190,29888916015625;186;
1185,778;38,11411666870117;190,29888916015625;186;
1185,779;38,1099967956543;190,29888916015625;186;
1185,78;38,119998931884766;188,33705139160156;186;
1185,781;38,12999725341797;188,33705139160156;186;
1185,782;38,03999710083008;188,33705139160156;186;
1185,783;38,04587936401367;188,33705139160156;186;
1185,784;38,04705810546875;188,33705139160156;186;
1185,785;37,48470687866211;188,33705139160156;186;
1185,786;37,48588180541992;188,33705139160156;186;
1185,787;37,487056732177734;188,33705139160156;186;
1185,788;37,48999786376953;190,29888916015625;186;
1185,789;37,94293975830078;190,29888916015625;186;
1185,79;37,93000030517578;190,29888916015625;186;
1185,791;37,933528900146484;188,33705139160156;186;
1185,792;37,93647003173828;188,33705139160156;186;
1185,793;38,363529205322266;188,33705139160156;186;
1185,794;38,37352752685547;190,29888916015625;186;
1185,795;38,367645263671875;188,33705139160156;186;
1185,796;38,37940979003906;188,33705139160156;186;
1185,797;38,11411666870117;188,33705139160156;186;
1185,798;38,13764572143555;188,33705139160156;186;
1185,799;38,14470291137695;188,33705139160156;186;
1185,8;38,14235305786133;188,33705139160156;186;
1185,801;38,160587310791016;190,29888916015625;186;
1185,802;38,16646957397461;190,29888916015625;186;
1185,803;38,16411590576172;190,29888916015625;186;
1185,804;38,06705856323242;190,29888916015625;186;
1185,805;38,06882095336914;190,29888916015625;186;
1185,806;38,06529235839844;190,29888916015625;186;
1185,807;38,057647705078125;188,33705139160156;186;
1185,808;37,50764846801758;188,33705139160156;186;
1185,809;37,50529479980469;188,33705139160156;186;
1185,81;37,49293899536133;188,33705139160156;186;
1185,812;37,93058776855469;188,33705139160156;186;
1185,813;37,92764663696289;190,29888916015625;186;
1185,814;37,925880432128906;188,33705139160156;186;
1185,815;37,92764663696289;190,29888916015625;186;
1185,816;38,36411666870117;190,29888916015625;186;
1185,817;38,363529205322266;190,29888916015625;186;
1185,818;38,369998931884766;190,29888916015625;186;
1185,819;38,10588073730469;190,29888916015625;186;
1185,82;38,108821868896484;190,29888916015625;186;
1185,821;38,102352142333984;188,33705139160156;186;
1185,822;38,10529327392578;188,33705139160156;186;
1185,823;38,12705612182617;188,33705139160156;186;
1185,824;38,12411880493164;188,33705139160156;186;
1185,825;38,12352752685547;188,33705139160156;186;
1185,826;38,12528991699219;188,33705139160156;186;
1185,827;38,034114837646484;190,29888916015625;186;
1185,828;38,03705596923828;190,29888916015625;186;
1185,829;38,027645111083984;190,29888916015625;186;
1185,83;38,03117752075195;190,29888916015625;186;
1185,831;37,487056732177734;190,29888916015625;186;
1185,832;37,48999786376953;190,29888916015625;186;
1185,833;37,489410400390625;188,33705139160156;186;
1185,834;37,491764068603516;188,33705139160156;186;
1185,835;37,923526763916016;186,37521362304688;186;
1185,836;37,925880432128906;186,37521362304688;186;
1185,837;37,92764663696289;186,37521362304688;186;
1185,838;38,36882019042969;186,37521362304688;186;
1185,839;38,36882019042969;188,33705139160156;186;
1185,84;38,369407653808594;188,33705139160156;186;
1185,841;38,374114990234375;188,33705139160156;186;
1185,842;38,10411834716797;190,29888916015625;186;
1185,843;38,10411834716797;192,2607421875;186;
1185,844;38,10353088378906;190,29888916015625;186;
1185,845;38,10529327392578;190,29888916015625;186;
1185,846;38,12411880493164;190,29888916015625;186;
1185,847;38,12234878540039;190,29888916015625;186;
1185,848;38,12588119506836;188,33705139160156;186;
1185,849;38,12234878540039;188,33705139160156;186;
1185,85;38,034706115722656;190,29888916015625;186;
1185,851;38,0323486328125;190,29888916015625;186;
1185,852;38,03352737426758;188,33705139160156;186;
1185,853;37,48999786376953;190,29888916015625;186;
1185,854;37,48823547363281;190,29888916015625;186;
1185,855;37,4905891418457;190,29888916015625;186;
1185,856;37,48588180541992;190,29888916015625;186;
1185,857;37,92646789550781;188,33705139160156;186;
1185,858;37,92764663696289;190,29888916015625;186;
1185,859;37,93000030517578;188,33705139160156;186;
1185,86;37,9288215637207;188,33705139160156;186;
1185,861;38,37294006347656;188,33705139160156;186;
1185,862;38,36587905883789;190,29888916015625;186;
1185,863;38,361759185791016;188,33705139160156;186;
1185,864;38,305877685546875;188,33705139160156;186;
1185,865;38,03940963745117;190,29888916015625;186;
1185,866;38,041175842285156;190,29888916015625;186;
1185,867;38,041175842285156;188,33705139160156;186;
1185,868;38,03940963745117;190,29888916015625;186;
1185,869;38,057647705078125;190,29888916015625;186;
1185,87;38,05705642700195;190,29888916015625;186;
1185,871;38,057647705078125;190,29888916015625;186;
1185,872;37,970584869384766;190,29888916015625;186;
1185,873;37,96999740600586;190,29888916015625;186;
1185,874;37,96940994262695;188,33705139160156;186;
1185,876;37,42293930053711;188,33705139160156;186;
1185,88;37,862937927246094;188,33705139160156;186;
1185,881;37,862937927246094;190,29888916015625;186;
1185,884;38,305877685546875;190,29888916015625;186;
1185,887;38,041175842285156;190,29888916015625;186;
1185,888;38,04058837890625;188,33705139160156;186;
1185,89;38,041175842285156;188,33705139160156;186;
1185,891;38,05881881713867;188,33705139160156;186;
1185,893;38,05881881713867;190,29888916015625;186;
1185,895;37,96940994262695;190,29888916015625;186;
1185,899;37,42293930053711;190,29888916015625;186;
1185,901;37,42293930053711;188,33705139160156;186;
1185,902;37,86411666870117;188,33705139160156;186;
1185,903;37,862937927246094;188,33705139160156;186;
1185,905;37,862937927246094;186,37521362304688;186;
1185,906;38,304115295410156;186,37521362304688;186;
1185,907;38,305877685546875;192,2607421875;186;
1185,908;38,305877685546875;190,29888916015625;186;
1185,909;38,305877685546875;192,2607421875;186;
1185,91;38,04058837890625;190,29888916015625;186;
1185,912;38,04058837890625;188,33705139160156;186;
1185,913;38,04058837890625;190,29888916015625;186;
1185,914;38,05881881713867;188,33705139160156;186;
1185,915;38,05881881713867;190,29888916015625;186;
1185,916;38,05881881713867;188,33705139160156;186;
1185,918;37,96940994262695;190,29888916015625;186;
1185,921;37,4223518371582;190,29888916015625;186;
1185,922;37,42293930053711;192,2607421875;186;
1185,924;37,42293930053711;190,29888916015625;186;
1185,925;37,862937927246094;190,29888916015625;186;
1185,927;37,862937927246094;188,33705139160156;186;
1185,929;38,305877685546875;188,33705139160156;186;
1185,931;38,305877685546875;190,29888916015625;186;
1185,933;38,041175842285156;190,29888916015625;186;
1185,934;38,04058837890625;190,29888916015625;186;
1185,935;38,04058837890625;188,33705139160156;186;
1185,936;38,05823516845703;190,29888916015625;186;
1185,937;38,05881881713867;190,29888916015625;186;
1185,938;38,05881881713867;188,33705139160156;186;
1185,94;37,96940994262695;188,33705139160156;186;
1185,944;37,423526763916016;188,33705139160156;186;
1185,945;37,42293930053711;190,29888916015625;186;
1185,948;37,862937927246094;190,29888916015625;186;
1185,95;37,862937927246094;188,33705139160156;186;
1185,951;38,304115295410156;190,29888916015625;186;
1185,952;38,305877685546875;190,29888916015625;186;
1185,954;38,305877685546875;188,33705139160156;186;
1185,955;38,041175842285156;188,33705139160156;186;
1185,956;38,04058837890625;188,33705139160156;186;
1185,959;38,07646560668945;188,33705139160156;186;
1185,96;38,05881881713867;190,29888916015625;186;
1185,962;38,05881881713867;192,2607421875;186;
1185,963;37,96940994262695;192,2607421875;186;
1185,965;37,96940994262695;190,29888916015625;186;
1185,966;37,4223518371582;190,29888916015625;186;
1185,967;37,42293930053711;190,29888916015625;186;
1185,969;37,369998931884766;186,37521362304688;186;
1185,97;37,80999755859375;186,37521362304688;186;
1185,971;37,86470413208008;188,33705139160156;186;
1185,972;37,862937927246094;188,33705139160156;186;
1185,974;38,305877685546875;188,33705139160156;186;
1185,975;38,305877685546875;190,29888916015625;186;
1185,978;38,04058837890625;190,29888916015625;186;
1185,979;38,04058837890625;188,33705139160156;186;
1185,98;38,04058837890625;186,37521362304688;186;
1185,981;38,04058837890625;188,33705139160156;186;
1185,982;38,05999755859375;188,33705139160156;186;
1185,983;38,05823516845703;188,33705139160156;186;
1185,984;38,05881881713867;188,33705139160156;186;
1185,985;37,96999740600586;190,29888916015625;186;
1185,988;37,96940994262695;190,29888916015625;186;
1185,989;37,424705505371094;190,29888916015625;186;
1185,99;37,4217643737793;190,29888916015625;186;
1185,991;37,4217643737793;188,33705139160156;186;
1185,992;37,42293930053711;188,33705139160156;186;
1185,993;37,86470413208008;188,33705139160156;186;
1185,994;37,86587905883789;188,33705139160156;186;
1185,995;37,861175537109375;188,33705139160156;186;
1185,996;37,85940933227539;188,33705139160156;186;
1185,997;38,218231201171875;190,29888916015625;186;
1185,999;38,217647552490234;190,29888916015625;186;
1186;37,95058822631836;192,2607421875;186;
1186,003;37,95058822631836;190,29888916015625;186;
1186,004;37,96823501586914;190,29888916015625;186;
1186,005;37,96823501586914;192,2607421875;186;
1186,006;37,96823501586914;190,29888916015625;186;
1186,007;37,96823501586914;188,33705139160156;186;
1186,008;37,87999725341797;188,33705139160156;186;
1186,012;37,33293914794922;188,33705139160156;186;
1186,013;37,33293914794922;190,29888916015625;186;
1186,015;37,77411651611328;190,29888916015625;186;
1186,016;37,79176330566406;190,29888916015625;186;
1186,017;37,77411651611328;188,33705139160156;186;
1186,019;38,21529006958008;188,33705139160156;186;
1186,02;38,21529006958008;190,29888916015625;186;
1186,023;37,95058822631836;190,29888916015625;186;
1186,027;37,96823501586914;190,29888916015625;186;
1186,03;37,87999725341797;190,29888916015625;186;
1186,032;37,87999725341797;192,2607421875;186;
1186,033;37,87999725341797;188,33705139160156;186;
1186,034;37,33293914794922;188,33705139160156;186;
1186,037;37,39588165283203;188,33705139160156;186;
1186,038;37,83940887451172;188,33705139160156;186;
1186,039;37,83529281616211;190,29888916015625;186;
1186,04;37,84529113769531;190,29888916015625;186;
1186,041;37,84941101074219;190,29888916015625;186;
1186,042;38,299407958984375;190,29888916015625;186;
1186,043;38,30234909057617;190,29888916015625;186;
1186,044;38,29646682739258;192,2607421875;186;
1186,045;38,299407958984375;192,2607421875;186;
1186,046;38,04352951049805;190,29888916015625;186;
1186,047;38,034706115722656;190,29888916015625;186;
1186,048;38,032352447509766;186,37521362304688;186;
1186,049;38,05529022216797;188,33705139160156;186;
1186,05;38,051761627197266;188,33705139160156;186;
1186,051;38,04587936401367;188,33705139160156;186;
1186,052;38,04058837890625;190,29888916015625;186;
1186,053;37,94940948486328;190,29888916015625;186;
1186,055;37,94352722167969;190,29888916015625;186;
1186,057;37,39646911621094;188,33705139160156;186;
1186,058;37,397056579589844;188,33705139160156;186;
1186,06;37,391178131103516;188,33705139160156;186;
1186,061;37,92058563232422;188,33705139160156;186;
1186,062;37,91764831542969;188,33705139160156;186;
1186,063;37,923526763916016;188,33705139160156;186;
1186,064;38,288230895996094;188,33705139160156;186;
1186,065;38,374114990234375;190,29888916015625;186;
1186,066;38,38470458984375;190,29888916015625;186;
1186,067;38,37940979003906;190,29888916015625;186;
1186,068;38,10176467895508;190,29888916015625;186;
1186,069;38,10293960571289;190,29888916015625;186;
1186,07;38,10353088378906;188,33705139160156;186;
1186,071;38,10411834716797;188,33705139160156;186;
1186,072;38,13117599487305;188,33705139160156;186;
1186,073;38,12470245361328;188,33705139160156;186;
1186,074;38,12999725341797;188,33705139160156;186;
1186,075;38,12823486328125;188,33705139160156;186;
1186,076;38,04058837890625;188,33705139160156;186;
1186,077;38,03117752075195;190,29888916015625;186;
1186,078;38,07352828979492;190,29888916015625;186;
1186,079;38,03823471069336;190,29888916015625;186;
1186,08;37,5029411315918;190,29888916015625;186;
1186,081;37,5158805847168;190,29888916015625;186;
1186,082;37,52587890625;188,33705139160156;186;
1186,083;37,97235107421875;188,33705139160156;186;
1186,084;37,966468811035156;188,33705139160156;186;
1186,085;37,97235107421875;188,33705139160156;186;
1186,086;37,972938537597656;188,33705139160156;186;
1186,087;38,40646743774414;186,37521362304688;186;
1186,088;38,404701232910156;186,37521362304688;186;
1186,089;38,39764404296875;188,33705139160156;186;
1186,09;38,38705825805664;190,29888916015625;186;
1186,091;38,123531341552734;190,29888916015625;186;
1186,092;38,11705780029297;190,29888916015625;186;
1186,093;38,11647033691406;190,29888916015625;186;
1186,094;38,12352752685547;190,29888916015625;186;
1186,095;38,12294006347656;190,29888916015625;186;
1186,096;38,119998931884766;190,29888916015625;186;
1186,097;38,12411880493164;188,33705139160156;186;
1186,098;38,03588104248047;188,33705139160156;186;
1186,099;38,0323486328125;188,33705139160156;186;
1186,1;38,0323486328125;186,37521362304688;186;
1186,101;38,034706115722656;186,37521362304688;186;
1186,102;37,4841194152832;186,37521362304688;186;
1186,103;37,487056732177734;188,33705139160156;186;
1186,104;37,48588180541992;188,33705139160156;186;
1186,105;37,48882293701172;188,33705139160156;186;
1186,106;37,925880432128906;188,33705139160156;186;
1186,107;37,9288215637207;188,33705139160156;186;
1186,108;37,92764663696289;188,33705139160156;186;
1186,109;37,93058776855469;188,33705139160156;186;
1186,11;38,362937927246094;190,29888916015625;186;
1186,111;38,367645263671875;190,29888916015625;186;
1186,113;38,37117385864258;190,29888916015625;186;
1186,114;38,104705810546875;188,33705139160156;186;
1186,115;38,09941101074219;188,33705139160156;186;
1186,116;38,099998474121094;188,33705139160156;186;
1186,117;38,12352752685547;188,33705139160156;186;
1186,118;38,11941146850586;190,29888916015625;186;
1186,119;38,121177673339844;190,29888916015625;186;
1186,121;38,036468505859375;190,29888916015625;186;
1186,122;38,034114837646484;190,29888916015625;186;
1186,123;38,03823471069336;188,33705139160156;186;
1186,124;38,0323486328125;188,33705139160156;186;
1186,125;37,48588180541992;186,37521362304688;186;
1186,126;37,48823547363281;186,37521362304688;186;
1186,127;37,43411636352539;184,41336059570312;186;
1186,128;37,43294143676758;184,41336059570312;186;
1186,129;37,876468658447266;186,37521362304688;186;
1186,13;37,9317626953125;186,37521362304688;186;
1186,131;37,92646789550781;186,37521362304688;186;
1186,132;37,9288215637207;188,33705139160156;186;
1186,133;38,36823272705078;188,33705139160156;186;
1186,134;38,369407653808594;190,29888916015625;186;
1186,135;38,37117385864258;188,33705139160156;186;
1186,136;38,104705810546875;188,33705139160156;186;
1186,137;38,108821868896484;188,33705139160156;186;
1186,138;38,102352142333984;188,33705139160156;186;
1186,139;38,10529327392578;188,33705139160156;186;
1186,14;38,121177673339844;186,37521362304688;186;
1186,141;38,121761322021484;188,33705139160156;186;
1186,142;38,12058639526367;190,29888916015625;186;
1186,143;38,12234878540039;190,29888916015625;186;
1186,144;38,0323486328125;190,29888916015625;186;
1186,145;38,03764724731445;192,2607421875;186;
1186,146;38,0294075012207;190,29888916015625;186;
1186,147;37,97117614746094;192,2607421875;186;
1186,148;37,4217643737793;190,29888916015625;186;
1186,149;37,42117691040039;192,2607421875;186;
1186,15;37,4223518371582;190,29888916015625;186;
1186,151;37,862937927246094;188,33705139160156;186;
1186,152;37,86235046386719;188,33705139160156;186;
1186,153;37,86470413208008;186,37521362304688;186;
1186,154;37,80999755859375;186,37521362304688;186;
1186,155;38,252349853515625;186,37521362304688;186;
1186,156;38,30529022216797;188,33705139160156;186;
1186,157;38,30470275878906;190,29888916015625;186;
1186,159;38,04058837890625;190,29888916015625;186;
1186,161;38,04058837890625;188,33705139160156;186;
1186,163;38,057647705078125;186,37521362304688;186;
1186,167;37,971763610839844;186,37521362304688;186;
1186,17;37,424705505371094;188,33705139160156;186;
1186,171;37,42293930053711;188,33705139160156;186;
1186,174;37,86411666870117;188,33705139160156;186;
1186,175;37,86411666870117;190,29888916015625;186;
1186,178;38,30470275878906;190,29888916015625;186;
1186,182;38,04058837890625;190,29888916015625;186;
1186,186;38,057647705078125;190,29888916015625;186;
1186,189;37,96940994262695;188,33705139160156;186;
1186,19;37,971763610839844;190,29888916015625;186;
1186,191;37,971763610839844;188,33705139160156;186;
1186,193;37,42293930053711;188,33705139160156;186;
1186,197;37,86411666870117;188,33705139160156;186;
1186,198;37,86411666870117;190,29888916015625;186;
1186,199;37,86411666870117;188,33705139160156;186;
1186,201;38,30470275878906;188,33705139160156;186;
1186,202;38,30470275878906;190,29888916015625;186;
1186,203;38,30470275878906;188,33705139160156;186;
1186,204;38,040000915527344;188,33705139160156;186;
1186,205;38,04058837890625;188,33705139160156;186;
1186,207;38,04058837890625;186,37521362304688;186;
1186,208;38,05823516845703;186,37521362304688;186;
1186,209;38,057647705078125;188,33705139160156;186;
1186,212;37,971763610839844;192,2607421875;186;
1186,214;37,971763610839844;190,29888916015625;186;
1186,216;37,42293930053711;190,29888916015625;186;
1186,218;37,42293930053711;188,33705139160156;186;
1186,22;37,86411666870117;188,33705139160156;186;
1186,221;37,86470413208008;188,33705139160156;186;
1186,222;37,86411666870117;188,33705139160156;186;
1186,223;38,30529022216797;188,33705139160156;186;
1186,224;38,30470275878906;190,29888916015625;186;
1186,227;38,04058837890625;190,29888916015625;186;
1186,229;38,04058837890625;188,33705139160156;186;
1186,231;38,057647705078125;188,33705139160156;186;
1186,235;37,971763610839844;186,37521362304688;186;
1186,236;37,971763610839844;188,33705139160156;186;
1186,237;37,971763610839844;190,29888916015625;186;
1186,238;37,424705505371094;190,29888916015625;186;
1186,239;37,42293930053711;190,29888916015625;186;
1186,242;37,86411666870117;188,33705139160156;186;
1186,245;37,86411666870117;186,37521362304688;186;
1186,246;38,30470275878906;186,37521362304688;186;
1186,247;38,30470275878906;188,33705139160156;186;
1186,249;38,30470275878906;190,29888916015625;186;
1186,25;38,04058837890625;190,29888916015625;186;
1186,251;38,04058837890625;192,2607421875;186;
1186,252;38,04058837890625;190,29888916015625;186;
1186,254;38,057647705078125;190,29888916015625;186;
1186,257;37,96940994262695;188,33705139160156;186;
1186,258;37,971763610839844;190,29888916015625;186;
1186,259;37,971763610839844;188,33705139160156;186;
1186,261;37,4223518371582;188,33705139160156;186;
1186,262;37,42293930053711;190,29888916015625;186;
1186,265;37,86411666870117;190,29888916015625;186;
1186,267;37,86411666870117;188,33705139160156;186;
1186,268;37,86411666870117;190,29888916015625;186;
1186,269;38,30529022216797;190,29888916015625;186;
1186,27;38,30470275878906;190,29888916015625;186;
1186,271;38,304115295410156;188,33705139160156;186;
1186,272;38,040000915527344;188,33705139160156;186;
1186,273;38,04058837890625;188,33705139160156;186;
1186,275;38,040000915527344;188,33705139160156;186;
1186,276;38,05823516845703;188,33705139160156;186;
1186,277;38,05823516845703;190,29888916015625;186;
1186,278;38,05999755859375;190,29888916015625;186;
1186,279;38,06117630004883;192,2607421875;186;
1186,28;37,882938385009766;192,2607421875;186;
1186,282;37,87999725341797;190,29888916015625;186;
1186,283;37,87999725341797;192,2607421875;186;
1186,284;37,33529281616211;190,29888916015625;186;
1186,285;37,33293914794922;190,29888916015625;186;
1186,286;37,33293914794922;188,33705139160156;186;
1186,287;37,72117614746094;186,37521362304688;186;
1186,288;37,77411651611328;188,33705139160156;186;
1186,291;38,21529006958008;188,33705139160156;186;
1186,292;38,21529006958008;190,29888916015625;186;
1186,295;37,95058822631836;190,29888916015625;186;
1186,296;37,95058822631836;188,33705139160156;186;
1186,299;37,96823501586914;188,33705139160156;186;
1186,3;37,96881866455078;188,33705139160156;186;
1186,301;37,985877990722656;188,33705139160156;186;
1186,302;37,96823501586914;190,29888916015625;186;
1186,303;37,87999725341797;190,29888916015625;186;
1186,306;37,33293914794922;190,29888916015625;186;
1186,309;37,33293914794922;188,33705139160156;186;
1186,31;37,77411651611328;188,33705139160156;186;
1186,314;38,21529006958008;190,29888916015625;186;
1186,315;38,21529006958008;192,2607421875;186;
1186,317;38,21529006958008;194,2225799560547;186;
1186,318;37,95058822631836;192,2607421875;186;
1186,32;38,01353073120117;190,29888916015625;186;
1186,321;38,03352737426758;190,29888916015625;186;
1186,322;38,0323486328125;190,29888916015625;186;
1186,323;38,041175842285156;190,29888916015625;186;
1186,324;38,03764724731445;190,29888916015625;186;
1186,325;37,96117401123047;190,29888916015625;186;
1186,326;37,964115142822266;188,33705139160156;186;
1186,327;37,96117401123047;188,33705139160156;186;
1186,328;37,964115142822266;188,33705139160156;186;
1186,329;37,425880432128906;188,33705139160156;186;
1186,33;37,417057037353516;188,33705139160156;186;
1186,331;37,41999816894531;188,33705139160156;186;
1186,332;37,4188232421875;188,33705139160156;186;
1186,333;37,856468200683594;188,33705139160156;186;
1186,334;37,852352142333984;188,33705139160156;186;
1186,335;37,84941101074219;188,33705139160156;186;
1186,336;38,28764724731445;188,33705139160156;186;
1186,337;38,27587890625;188,33705139160156;186;
1186,338;38,2788200378418;188,33705139160156;186;
1186,339;38,2788200378418;190,29888916015625;186;
1186,34;38,01411819458008;190,29888916015625;186;
1186,341;38,01764678955078;190,29888916015625;186;
1186,342;38,014705657958984;190,29888916015625;186;
1186,343;38,012351989746094;190,29888916015625;186;
1186,344;38,11470413208008;190,29888916015625;186;
1186,345;38,11882019042969;190,29888916015625;186;
1186,346;38,115291595458984;190,29888916015625;186;
1186,347;38,12234878540039;190,29888916015625;186;
1186,348;38,04470443725586;190,29888916015625;186;
1186,349;38,04352569580078;190,29888916015625;186;
1186,35;38,04587936401367;188,33705139160156;186;
1186,351;37,48470687866211;188,33705139160156;186;
1186,352;37,48176574707031;188,33705139160156;186;
1186,353;37,487648010253906;188,33705139160156;186;
1186,354;37,48352813720703;188,33705139160156;186;
1186,355;37,937644958496094;190,29888916015625;186;
1186,356;37,932350158691406;190,29888916015625;186;
1186,357;37,93000030517578;190,29888916015625;186;
1186,358;37,93587875366211;190,29888916015625;186;
1186,359;38,37528991699219;190,29888916015625;186;
1186,36;38,36058807373047;192,2607421875;186;
1186,361;38,37058639526367;192,2607421875;186;
1186,362;38,378231048583984;192,2607421875;186;
1186,363;38,119998931884766;190,29888916015625;186;
1186,364;38,13882064819336;190,29888916015625;186;
1186,365;38,14235305786133;186,37521362304688;186;
1186,366;38,145294189453125;188,33705139160156;186;
1186,367;38,16587829589844;188,33705139160156;186;
1186,368;38,16117477416992;188,33705139160156;186;
1186,369;38,160587310791016;188,33705139160156;186;
1186,37;38,07587814331055;190,29888916015625;186;
1186,371;38,06764602661133;190,29888916015625;186;
1186,372;38,06705856323242;190,29888916015625;186;
1186,373;38,060585021972656;188,33705139160156;186;
1186,374;37,5099983215332;188,33705139160156;186;
1186,375;37,508235931396484;190,29888916015625;186;
1186,376;37,49764633178711;188,33705139160156;186;
1186,377;37,49470520019531;188,33705139160156;186;
1186,378;37,931175231933594;188,33705139160156;186;
1186,379;37,92529296875;188,33705139160156;186;
1186,38;37,92646789550781;188,33705139160156;186;
1186,381;37,9288215637207;190,29888916015625;186;
1186,382;38,36411666870117;190,29888916015625;186;
1186,383;38,369407653808594;192,2607421875;186;
1186,384;38,367645263671875;190,29888916015625;186;
1186,385;38,10764694213867;190,29888916015625;186;
1186,386;38,10353088378906;190,29888916015625;186;
1186,387;38,104705810546875;190,29888916015625;186;
1186,388;38,10353088378906;188,33705139160156;186;
1186,389;38,126468658447266;188,33705139160156;186;
1186,39;38,12352752685547;190,29888916015625;186;
1186,391;38,12234878540039;188,33705139160156;186;
1186,392;38,121761322021484;188,33705139160156;186;
1186,393;38,03705596923828;190,29888916015625;186;
1186,394;38,0323486328125;190,29888916015625;186;
1186,395;38,03352737426758;190,29888916015625;186;
1186,396;38,0352897644043;190,29888916015625;186;
1186,397;37,494117736816406;192,2607421875;186;
1186,398;37,48470687866211;192,2607421875;186;
1186,399;37,48823547363281;192,2607421875;186;
1186,4;37,925880432128906;190,29888916015625;186;
1186,401;37,93000030517578;190,29888916015625;186;
1186,402;37,92293930053711;190,29888916015625;186;
1186,403;37,9282341003418;186,37521362304688;186;
1186,404;38,367645263671875;186,37521362304688;186;
1186,405;38,367645263671875;188,33705139160156;186;
1186,406;38,36705780029297;188,33705139160156;186;
1186,407;38,37058639526367;190,29888916015625;186;
1186,408;38,10529327392578;190,29888916015625;186;
1186,409;38,108821868896484;190,29888916015625;186;
1186,41;38,10529327392578;188,33705139160156;186;
1186,411;38,10823440551758;190,29888916015625;186;
1186,412;38,121177673339844;190,29888916015625;186;
1186,413;38,12294006347656;190,29888916015625;186;
1186,414;38,12352752685547;188,33705139160156;186;
1186,416;38,03764724731445;188,33705139160156;186;
1186,417;38,0323486328125;188,33705139160156;186;
1186,419;37,48588180541992;188,33705139160156;186;
1186,42;37,485294342041016;190,29888916015625;186;
1186,421;37,487648010253906;190,29888916015625;186;
1186,422;37,489410400390625;190,29888916015625;186;
1186,423;37,933528900146484;190,29888916015625;186;
1186,424;37,925880432128906;190,29888916015625;186;
1186,425;37,92764663696289;188,33705139160156;186;
1186,426;37,92764663696289;190,29888916015625;186;
1186,427;38,37470245361328;188,33705139160156;186;
1186,428;38,36882019042969;190,29888916015625;186;
1186,429;38,365291595458984;188,33705139160156;186;
1186,43;39,599998474121094;190,29888916015625;186;
1186,431;38,04235076904297;188,33705139160156;186;
1186,432;38,03823471069336;188,33705139160156;186;
1186,433;38,038822174072266;188,33705139160156;186;
1186,434;38,05705642700195;190,29888916015625;186;
1186,435;38,057647705078125;190,29888916015625;186;
1186,436;38,05705642700195;190,29888916015625;186;
1186,438;37,96940994262695;190,29888916015625;186;
1186,439;37,96940994262695;192,2607421875;186;
1186,442;37,42293930053711;190,29888916015625;186;
1186,443;37,42293930053711;188,33705139160156;186;
1186,445;37,42293930053711;186,37521362304688;186;
1186,446;37,862937927246094;188,33705139160156;186;
1186,45;38,305877685546875;190,29888916015625;186;
1186,453;38,041175842285156;190,29888916015625;186;
1186,454;38,04058837890625;188,33705139160156;186;
1186,457;38,05881881713867;188,33705139160156;186;
1186,461;37,96940994262695;190,29888916015625;186;
1186,465;37,42293930053711;190,29888916015625;186;
1186,467;37,42293930053711;188,33705139160156;186;
1186,468;37,86411666870117;188,33705139160156;186;
1186,469;37,862937927246094;188,33705139160156;186;
1186,471;37,862937927246094;186,37521362304688;186;
1186,472;38,305877685546875;186,37521362304688;186;
1186,473;38,305877685546875;188,33705139160156;186;
1186,475;38,305877685546875;190,29888916015625;186;
1186,476;38,04058837890625;190,29888916015625;186;
1186,477;38,04058837890625;192,2607421875;186;
1186,478;38,04058837890625;190,29888916015625;186;
1186,48;38,05881881713867;190,29888916015625;186;
1186,482;38,05881881713867;188,33705139160156;186;
1186,483;37,970584869384766;188,33705139160156;186;
1186,484;37,96940994262695;188,33705139160156;186;
1186,485;37,96940994262695;190,29888916015625;186;
1186,487;37,4223518371582;190,29888916015625;186;
1186,488;37,42293930053711;190,29888916015625;186;
1186,49;37,424705505371094;190,29888916015625;186;
1186,491;37,862937927246094;188,33705139160156;186;
1186,492;37,862937927246094;190,29888916015625;186;
1186,493;37,862937927246094;188,33705139160156;186;
1186,495;38,305877685546875;188,33705139160156;186;
1186,496;38,305877685546875;190,29888916015625;186;
1186,497;38,305877685546875;188,33705139160156;186;
1186,499;38,04058837890625;190,29888916015625;186;
1186,501;38,04058837890625;188,33705139160156;186;
1186,502;38,05823516845703;190,29888916015625;186;
1186,503;38,05881881713867;190,29888916015625;186;
1186,506;37,970584869384766;190,29888916015625;186;
1186,507;37,96999740600586;190,29888916015625;186;
1186,508;37,96940994262695;188,33705139160156;186;
1186,51;37,42293930053711;188,33705139160156;186;
1186,514;37,862937927246094;190,29888916015625;186;
1186,517;38,304115295410156;190,29888916015625;186;
1186,518;38,305877685546875;190,29888916015625;186;
1186,521;38,04058837890625;190,29888916015625;186;
1186,522;38,04058837890625;188,33705139160156;186;
1186,525;38,05881881713867;188,33705139160156;186;
1186,526;38,05881881713867;190,29888916015625;186;
1186,529;37,96940994262695;190,29888916015625;186;
1186,532;37,4223518371582;190,29888916015625;186;
1186,533;37,42293930053711;190,29888916015625;186;
1186,534;37,42293930053711;188,33705139160156;186;
1186,536;37,86411666870117;188,33705139160156;186;
1186,537;37,862937927246094;188,33705139160156;186;
1186,54;38,305877685546875;188,33705139160156;186;
1186,541;38,305877685546875;190,29888916015625;186;
1186,544;38,041175842285156;190,29888916015625;186;
1186,545;38,04058837890625;190,29888916015625;186;
1186,546;38,04058837890625;188,33705139160156;186;
1186,548;38,05881881713867;188,33705139160156;186;
1186,549;38,05823516845703;188,33705139160156;186;
1186,551;37,96999740600586;188,33705139160156;186;
1186,552;37,971763610839844;190,29888916015625;186;
1186,553;37,96999740600586;190,29888916015625;186;
1186,554;37,96881866455078;190,29888916015625;186;
1186,555;37,42293930053711;190,29888916015625;186;
1186,557;37,424705505371094;192,2607421875;186;
1186,558;37,4217643737793;192,2607421875;186;
1186,559;37,863529205322266;190,29888916015625;186;
1186,56;37,86235046386719;190,29888916015625;186;
1186,561;37,867645263671875;186,37521362304688;186;
1186,562;37,867645263671875;188,33705139160156;186;
1186,563;38,218231201171875;188,33705139160156;186;
1186,565;38,22058868408203;190,29888916015625;186;
1186,566;37,95058822631836;190,29888916015625;186;
1186,568;37,95294189453125;190,29888916015625;186;
1186,569;37,95058822631836;190,29888916015625;186;
1186,57;37,96823501586914;188,33705139160156;186;
1186,571;37,96823501586914;190,29888916015625;186;
1186,572;37,96823501586914;188,33705139160156;186;
1186,574;37,87999725341797;188,33705139160156;186;
1186,575;37,87999725341797;190,29888916015625;186;
1186,576;37,87999725341797;188,33705139160156;186;
1186,578;37,33293914794922;188,33705139160156;186;
1186,579;37,33293914794922;190,29888916015625;186;
1186,581;37,77411651611328;190,29888916015625;186;
1186,584;37,77411651611328;188,33705139160156;186;
1186,585;38,21529006958008;188,33705139160156;186;
1186,586;38,21529006958008;192,2607421875;186;
1186,588;38,21529006958008;190,29888916015625;186;
1186,589;37,95058822631836;190,29888916015625;186;
1186,59;37,95058822631836;188,33705139160156;186;
1186,593;37,96823501586914;190,29888916015625;186;
1186,596;37,87999725341797;190,29888916015625;186;
1186,599;37,87999725341797;188,33705139160156;186;
1186,6;37,33293914794922;188,33705139160156;186;
1186,603;36,12823486328125;188,33705139160156;186;
1186,604;37,833526611328125;188,33705139160156;186;
1186,605;37,8311767578125;190,29888916015625;186;
1186,606;37,8441162109375;188,33705139160156;186;
1186,607;37,844703674316406;190,29888916015625;186;
1186,608;38,29646682739258;190,29888916015625;186;
1186,609;38,299407958984375;192,2607421875;186;
1186,61;38,299407958984375;190,29888916015625;186;
1186,611;38,29646682739258;192,2607421875;186;
1186,612;38,033531188964844;192,2607421875;186;
1186,613;38,04058837890625;190,29888916015625;186;
1186,614;38,034706115722656;188,33705139160156;186;
1186,615;38,05529022216797;186,37521362304688;186;
1186,616;38,034706115722656;188,33705139160156;186;
1186,617;38,04882049560547;188,33705139160156;186;
1186,618;38,047645568847656;188,33705139160156;186;
1186,619;37,95411682128906;190,29888916015625;186;
1186,62;37,94764709472656;190,29888916015625;186;
1186,621;37,946468353271484;190,29888916015625;186;
1186,622;37,945289611816406;190,29888916015625;186;
1186,623;37,39352798461914;190,29888916015625;186;
1186,624;37,39646911621094;190,29888916015625;186;
1186,625;37,397056579589844;188,33705139160156;186;
1186,627;37,83293914794922;188,33705139160156;186;
1186,628;37,92058563232422;188,33705139160156;186;
1186,629;37,91529083251953;186,37521362304688;186;
1186,63;38,37058639526367;188,33705139160156;186;
1186,631;38,38705825805664;190,29888916015625;186;
1186,632;38,377647399902344;190,29888916015625;186;
1186,633;38,38470458984375;190,29888916015625;186;
1186,634;38,11882400512695;190,29888916015625;186;
1186,635;38,10293960571289;190,29888916015625;186;
1186,636;38,10353088378906;190,29888916015625;186;
1186,637;38,10411834716797;190,29888916015625;186;
1186,638;38,12528991699219;188,33705139160156;186;
1186,639;38,12999725341797;190,29888916015625;186;
1186,64;38,12294006347656;188,33705139160156;186;
1186,641;38,13058853149414;188,33705139160156;186;
1186,642;38,03999710083008;190,29888916015625;186;
1186,643;38,034706115722656;190,29888916015625;186;
1186,644;38,02823257446289;190,29888916015625;186;
1186,645;37,485294342041016;190,29888916015625;186;
1186,646;37,495880126953125;192,2607421875;186;
1186,647;37,5029411315918;192,2607421875;186;
1186,648;37,512351989746094;192,2607421875;186;
1186,649;37,972938537597656;192,2607421875;186;
1186,65;37,96705627441406;192,2607421875;186;
1186,651;37,96940994262695;190,29888916015625;186;
1186,652;37,97058868408203;190,29888916015625;186;
1186,653;38,410587310791016;188,33705139160156;186;
1186,654;38,40235137939453;188,33705139160156;186;
1186,655;38,404701232910156;188,33705139160156;186;
1186,656;38,39352798461914;188,33705139160156;186;
1186,657;38,12529373168945;188,33705139160156;186;
1186,658;38,122352600097656;188,33705139160156;186;
1186,659;38,12294006347656;188,33705139160156;186;
1186,66;38,14881896972656;188,33705139160156;186;
1186,661;38,12823486328125;190,29888916015625;186;
1186,662;38,12058639526367;190,29888916015625;186;
1186,663;38,11823272705078;188,33705139160156;186;
1186,664;38,031761169433594;190,29888916015625;186;
1186,665;38,034114837646484;190,29888916015625;186;
1186,666;38,034706115722656;188,33705139160156;186;
1186,667;38,027645111083984;188,33705139160156;186;
1186,668;37,487056732177734;188,33705139160156;186;
1186,669;37,485294342041016;188,33705139160156;186;
1186,671;37,48646926879883;188,33705139160156;186;
1186,672;37,9288215637207;190,29888916015625;186;
1186,675;37,93293762207031;190,29888916015625;186;
1186,676;38,36823272705078;190,29888916015625;186;
1186,677;38,374114990234375;190,29888916015625;186;
1186,678;38,37528991699219;190,29888916015625;186;
1186,679;38,100589752197266;190,29888916015625;186;
1186,68;38,107059478759766;190,29888916015625;186;
1186,681;38,10764694213867;188,33705139160156;186;
1186,682;38,10823440551758;188,33705139160156;186;
1186,683;38,11587905883789;188,33705139160156;186;
1186,684;38,11941146850586;190,29888916015625;186;
1186,685;38,121177673339844;190,29888916015625;186;
1186,686;38,12588119506836;190,29888916015625;186;
1186,687;38,034706115722656;190,29888916015625;186;
1186,688;38,0352897644043;190,29888916015625;186;
1186,689;38,034706115722656;188,33705139160156;186;
1186,69;38,03352737426758;190,29888916015625;186;
1186,691;37,491764068603516;188,33705139160156;186;
1186,692;37,48588180541992;188,33705139160156;186;
1186,693;37,48588180541992;186,37521362304688;186;
1186,694;37,927059173583984;186,37521362304688;186;
1186,695;37,932350158691406;188,33705139160156;186;
1186,696;37,931175231933594;186,37521362304688;186;
1186,697;37,93000030517578;186,37521362304688;186;
1186,698;38,369998931884766;186,37521362304688;186;
1186,699;38,369407653808594;188,33705139160156;186;
1186,7;38,36823272705078;188,33705139160156;186;
1186,701;38,36823272705078;192,2607421875;186;
1186,702;38,104705810546875;190,29888916015625;186;
1186,703;38,10529327392578;190,29888916015625;186;
1186,704;38,10588073730469;188,33705139160156;186;
1186,705;38,11000061035156;188,33705139160156;186;
1186,706;38,119998931884766;188,33705139160156;186;
1186,707;38,12234878540039;190,29888916015625;186;
1186,708;38,12234878540039;188,33705139160156;186;
1186,709;38,121761322021484;188,33705139160156;186;
1186,71;38,034706115722656;190,29888916015625;186;
1186,711;38,04470443725586;190,29888916015625;186;
1186,712;38,0323486328125;190,29888916015625;186;
1186,713;37,47764587402344;190,29888916015625;186;
1186,714;37,42293930053711;190,29888916015625;186;
1186,715;37,4217643737793;190,29888916015625;186;
1186,716;37,4217643737793;188,33705139160156;186;
1186,717;37,86176300048828;188,33705139160156;186;
1186,718;37,862937927246094;188,33705139160156;186;
1186,719;37,862937927246094;184,41336059570312;186;
1186,72;37,80999755859375;184,41336059570312;186;
1186,721;38,304115295410156;184,41336059570312;186;
1186,722;38,30705642700195;186,37521362304688;186;
1186,723;38,30529022216797;186,37521362304688;186;
1186,724;38,30470275878906;188,33705139160156;186;
1186,725;38,04058837890625;188,33705139160156;186;
1186,729;38,057647705078125;188,33705139160156;186;
1186,73;38,057647705078125;190,29888916015625;186;
1186,732;37,96940994262695;190,29888916015625;186;
1186,733;37,971763610839844;190,29888916015625;186;
1186,734;37,971763610839844;188,33705139160156;186;
1186,736;37,42293930053711;188,33705139160156;186;
1186,737;37,42293930053711;190,29888916015625;186;
1186,74;37,86411666870117;190,29888916015625;186;
1186,742;37,86411666870117;188,33705139160156;186;
1186,744;38,30470275878906;188,33705139160156;186;
1186,745;38,30470275878906;190,29888916015625;186;
1186,746;38,30470275878906;188,33705139160156;186;
1186,747;38,040000915527344;188,33705139160156;186;
1186,748;38,04058837890625;186,37521362304688;186;
1186,751;38,05823516845703;186,37521362304688;186;
1186,752;38,057647705078125;188,33705139160156;186;
1186,755;37,971763610839844;188,33705139160156;186;
1186,756;37,971763610839844;192,2607421875;186;
1186,757;37,971763610839844;190,29888916015625;186;
1186,759;37,42293930053711;190,29888916015625;186;
1186,761;37,42293930053711;188,33705139160156;186;
1186,763;37,86411666870117;188,33705139160156;186;
1186,766;38,30529022216797;190,29888916015625;186;
1186,767;38,30470275878906;190,29888916015625;186;
1186,77;38,04058837890625;190,29888916015625;186;
1186,772;38,04058837890625;186,37521362304688;186;
1186,773;38,04058837890625;188,33705139160156;186;
1186,774;38,057647705078125;184,41336059570312;186;
1186,775;38,057647705078125;186,37521362304688;186;
1186,778;37,971763610839844;188,33705139160156;186;
1186,781;37,971763610839844;190,29888916015625;186;
1186,782;37,42293930053711;190,29888916015625;186;
1186,784;37,42293930053711;188,33705139160156;186;
1186,785;37,86411666870117;188,33705139160156;186;
1186,789;38,30470275878906;188,33705139160156;186;
1186,79;38,30470275878906;190,29888916015625;186;
1186,793;38,04058837890625;190,29888916015625;186;
1186,795;38,04058837890625;188,33705139160156;186;
1186,797;38,057647705078125;188,33705139160156;186;
1186,8;37,96940994262695;188,33705139160156;186;
1186,801;37,971763610839844;188,33705139160156;186;
1186,804;37,424705505371094;190,29888916015625;186;
1186,805;37,42293930053711;190,29888916015625;186;
1186,806;37,42293930053711;188,33705139160156;186;
1186,808;37,86411666870117;190,29888916015625;186;
1186,81;37,86411666870117;188,33705139160156;186;
1186,811;37,86411666870117;186,37521362304688;186;
1186,812;38,30470275878906;186,37521362304688;186;
1186,815;38,30470275878906;188,33705139160156;186;
1186,816;38,04058837890625;188,33705139160156;186;
1186,818;38,04058837890625;190,29888916015625;186;
1186,819;38,05823516845703;190,29888916015625;186;
1186,82;38,057647705078125;190,29888916015625;186;
1186,823;37,971763610839844;190,29888916015625;186;
1186,825;37,971763610839844;188,33705139160156;186;
1186,827;37,42293930053711;188,33705139160156;186;
1186,831;37,86587905883789;188,33705139160156;186;
1186,832;37,862937927246094;190,29888916015625;186;
1186,833;37,863529205322266;188,33705139160156;186;
1186,834;38,30529022216797;190,29888916015625;186;
1186,835;38,304115295410156;190,29888916015625;186;
1186,836;38,30529022216797;190,29888916015625;186;
1186,837;38,305877685546875;188,33705139160156;186;
1186,838;38,03940963745117;188,33705139160156;186;
1186,84;38,041175842285156;188,33705139160156;186;
1186,841;38,04235076904297;184,41336059570312;186;
1186,842;38,05705642700195;186,37521362304688;186;
1186,843;38,057647705078125;188,33705139160156;186;
1186,845;38,05823516845703;188,33705139160156;186;
1186,846;37,96234893798828;188,33705139160156;186;
1186,847;37,882938385009766;190,29888916015625;186;
1186,848;37,88470458984375;190,29888916015625;186;
1186,849;37,87999725341797;190,29888916015625;186;
1186,85;37,33293914794922;190,29888916015625;186;
1186,852;37,33293914794922;188,33705139160156;186;
1186,853;37,77411651611328;188,33705139160156;186;
1186,855;37,77411651611328;186,37521362304688;186;
1186,857;38,21529006958008;186,37521362304688;186;
1186,858;38,21529006958008;190,29888916015625;186;
1186,861;37,95058822631836;190,29888916015625;186;
1186,863;37,95058822631836;188,33705139160156;186;
1186,865;37,96823501586914;188,33705139160156;186;
1186,869;37,87999725341797;190,29888916015625;186;
1186,872;37,33293914794922;190,29888916015625;186;
1186,875;37,33293914794922;188,33705139160156;186;
1186,876;37,77411651611328;188,33705139160156;186;
1186,88;38,21529006958008;188,33705139160156;186;
1186,881;38,21529006958008;190,29888916015625;186;
1186,884;37,95058822631836;190,29888916015625;186;
1186,885;37,96823501586914;190,29888916015625;186;
1186,886;36,72529602050781;188,33705139160156;186;
1186,887;38,03117752075195;190,29888916015625;186;
1186,888;38,03058624267578;190,29888916015625;186;
1186,889;38,03764724731445;188,33705139160156;186;
1186,89;38,038822174072266;188,33705139160156;186;
1186,891;37,96117401123047;188,33705139160156;186;
1186,892;37,96117401123047;190,29888916015625;186;
1186,893;37,964115142822266;188,33705139160156;186;
1186,895;37,417057037353516;188,33705139160156;186;
1186,896;37,42293930053711;190,29888916015625;186;
1186,897;37,417057037353516;188,33705139160156;186;
1186,898;37,42293930053711;190,29888916015625;186;
1186,899;37,85823440551758;190,29888916015625;186;
1186,9;37,856468200683594;190,29888916015625;186;
1186,901;37,8535270690918;188,33705139160156;186;
1186,902;38,36235046386719;188,33705139160156;186;
1186,903;38,28352737426758;190,29888916015625;186;
1186,904;38,281761169433594;190,29888916015625;186;
1186,905;38,28058624267578;188,33705139160156;186;
1186,906;38,017059326171875;188,33705139160156;186;
1186,907;38,01411819458008;190,29888916015625;186;
1186,908;38,014705657958984;188,33705139160156;186;
1186,91;38,02647018432617;190,29888916015625;186;
1186,911;38,113529205322266;190,29888916015625;186;
1186,912;38,112937927246094;190,29888916015625;186;
1186,913;38,11941146850586;190,29888916015625;186;
1186,914;38,03823471069336;190,29888916015625;186;
1186,915;38,04587936401367;190,29888916015625;186;
1186,916;38,04352569580078;190,29888916015625;186;
1186,917;37,502349853515625;192,2607421875;186;
1186,918;37,4905891418457;188,33705139160156;186;
1186,919;37,48470687866211;188,33705139160156;186;
1186,92;37,485294342041016;188,33705139160156;186;
1186,921;37,93000030517578;188,33705139160156;186;
1186,923;37,9352912902832;188,33705139160156;186;
1186,924;37,93411636352539;190,29888916015625;186;
1186,925;38,37588119506836;188,33705139160156;186;
1186,926;38,36647033691406;190,29888916015625;186;
1186,927;38,37234878540039;190,29888916015625;186;
1186,928;38,367645263671875;190,29888916015625;186;
1186,929;38,11823272705078;190,29888916015625;186;
1186,93;38,11705780029297;190,29888916015625;186;
1186,931;38,13999938964844;188,33705139160156;186;
1186,932;38,14352798461914;188,33705139160156;186;
1186,933;38,16176223754883;188,33705139160156;186;
1186,934;38,16411590576172;188,33705139160156;186;
1186,935;38,16587829589844;188,33705139160156;186;
1186,936;38,08176040649414;190,29888916015625;186;
1186,937;38,06940841674805;190,29888916015625;186;
1186,938;38,06293869018555;190,29888916015625;186;
1186,939;38,06175994873047;190,29888916015625;186;
1186,94;37,512351989746094;192,2607421875;186;
1186,941;37,508235931396484;192,2607421875;186;
1186,942;37,505882263183594;190,29888916015625;186;
1186,943;37,495880126953125;190,29888916015625;186;
1186,944;37,93705749511719;188,33705139160156;186;
1186,945;37,9352912902832;188,33705139160156;186;
1186,946;37,9288215637207;186,37521362304688;186;
1186,947;37,92646789550781;188,33705139160156;186;
1186,948;38,369407653808594;188,33705139160156;186;
1186,949;38,374114990234375;190,29888916015625;186;
1186,95;38,36705780029297;190,29888916015625;186;
1186,951;38,10176467895508;190,29888916015625;186;
1186,952;38,10529327392578;190,29888916015625;186;
1186,953;38,10588073730469;190,29888916015625;186;
1186,954;38,10940933227539;188,33705139160156;186;
1186,955;38,119998931884766;188,33705139160156;186;
1186,956;38,12411880493164;190,29888916015625;186;
1186,957;38,119998931884766;188,33705139160156;186;
1186,958;38,12470245361328;188,33705139160156;186;
1186,959;38,0323486328125;190,29888916015625;186;
1186,96;38,0352897644043;190,29888916015625;186;
1186,961;38,0294075012207;188,33705139160156;186;
1186,962;38,03823471069336;190,29888916015625;186;
1186,963;37,487056732177734;190,29888916015625;186;
1186,964;37,48882293701172;192,2607421875;186;
1186,965;37,4841194152832;192,2607421875;186;
1186,966;37,9317626953125;192,2607421875;186;
1186,967;37,9282341003418;192,2607421875;186;
1186,968;37,92764663696289;190,29888916015625;186;
1186,969;37,92411804199219;190,29888916015625;186;
1186,97;38,37294006347656;188,33705139160156;186;
1186,971;38,37058639526367;188,33705139160156;186;
1186,972;38,369407653808594;188,33705139160156;186;
1186,973;38,36882019042969;188,33705139160156;186;
1186,974;38,10411834716797;188,33705139160156;186;
1186,975;38,10647201538086;188,33705139160156;186;
1186,976;38,10529327392578;188,33705139160156;186;
1186,977;38,10823440551758;190,29888916015625;186;
1186,978;38,119998931884766;190,29888916015625;186;
1186,979;38,12058639526367;190,29888916015625;186;
1186,98;38,121177673339844;190,29888916015625;186;
1186,981;38,12234878540039;190,29888916015625;186;
1186,982;38,03352737426758;190,29888916015625;186;
1186,983;38,0352897644043;190,29888916015625;186;
1186,984;38,038818359375;188,33705139160156;186;
1186,985;37,48646926879883;188,33705139160156;186;
1186,987;37,48470687866211;188,33705139160156;186;
1186,988;37,48823547363281;188,33705139160156;186;
1186,989;37,93000030517578;190,29888916015625;186;
1186,99;37,9288215637207;190,29888916015625;186;
1186,991;37,93293762207031;190,29888916015625;186;
1186,992;37,927059173583984;190,29888916015625;186;
1186,993;38,367645263671875;192,2607421875;186;
1186,994;38,371761322021484;192,2607421875;186;
1186,995;38,36411666870117;192,2607421875;186;
1186,996;38,362937927246094;192,2607421875;186;
1186,997;38,04352951049805;190,29888916015625;186;
1186,998;38,038822174072266;190,29888916015625;186;
1186,999;38,03940963745117;188,33705139160156;186;
1187;38,05881881713867;188,33705139160156;186;
1187,001;38,05705642700195;188,33705139160156;186;
1187,002;38,05588150024414;188,33705139160156;186;
1187,003;37,96881866455078;188,33705139160156;186;
1187,004;37,96823501586914;190,29888916015625;186;
1187,005;37,970584869384766;190,29888916015625;186;
1187,006;37,96999740600586;190,29888916015625;186;
1187,007;37,96940994262695;190,29888916015625;186;
1187,008;37,42293930053711;188,33705139160156;186;
1187,012;37,862937927246094;188,33705139160156;186;
1187,015;38,304115295410156;188,33705139160156;186;
1187,016;38,305877685546875;190,29888916015625;186;
1187,019;38,04058837890625;190,29888916015625;186;
1187,021;38,04058837890625;188,33705139160156;186;
1187,023;38,05881881713867;188,33705139160156;186;
1187,024;38,05881881713867;190,29888916015625;186;
1187,025;38,05881881713867;188,33705139160156;186;
1187,027;37,96940994262695;190,29888916015625;186;
1187,028;37,96999740600586;190,29888916015625;186;
1187,029;37,96940994262695;190,29888916015625;186;
1187,031;37,42293930053711;190,29888916015625;186;
1187,032;37,42293930053711;192,2607421875;186;
1187,033;37,42293930053711;190,29888916015625;186;
1187,034;37,86411666870117;190,29888916015625;186;
1187,035;37,862937927246094;190,29888916015625;186;
1187,036;37,862937927246094;188,33705139160156;186;
1187,037;37,862937927246094;186,37521362304688;186;
1187,038;38,305877685546875;188,33705139160156;186;
1187,041;38,305877685546875;190,29888916015625;186;
1187,042;38,04058837890625;190,29888916015625;186;
1187,044;38,04058837890625;188,33705139160156;186;
1187,045;38,04058837890625;190,29888916015625;186;
1187,046;38,05881881713867;188,33705139160156;186;
1187,049;37,970584869384766;188,33705139160156;186;
1187,05;37,96940994262695;188,33705139160156;186;
1187,053;37,42293930053711;188,33705139160156;186;
1187,054;37,42293930053711;190,29888916015625;186;
1187,057;37,862937927246094;190,29888916015625;186;
1187,059;37,862937927246094;188,33705139160156;186;
1187,061;38,305877685546875;190,29888916015625;186;
1187,063;38,305877685546875;188,33705139160156;186;
1187,064;38,041175842285156;188,33705139160156;186;
1187,065;38,04058837890625;188,33705139160156;186;
1187,067;38,04058837890625;186,37521362304688;186;
1187,068;38,05823516845703;188,33705139160156;186;
1187,069;38,05881881713867;188,33705139160156;186;
1187,07;38,05881881713867;190,29888916015625;186;
1187,072;37,96940994262695;190,29888916015625;186;
1187,076;37,42293930053711;188,33705139160156;186;
1187,077;37,42293930053711;190,29888916015625;186;
1187,078;37,42293930053711;188,33705139160156;186;
1187,08;37,862937927246094;188,33705139160156;186;
1187,081;37,862937927246094;190,29888916015625;186;
1187,083;38,304115295410156;190,29888916015625;186;
1187,084;38,305877685546875;190,29888916015625;186;
1187,087;38,04058837890625;190,29888916015625;186;
1187,088;38,04058837890625;188,33705139160156;186;
1187,09;38,04058837890625;186,37521362304688;186;
1187,091;38,05881881713867;186,37521362304688;186;
1187,092;38,05881881713867;188,33705139160156;186;
1187,093;38,05881881713867;186,37521362304688;186;
1187,095;37,96940994262695;188,33705139160156;186;
1187,096;37,96940994262695;190,29888916015625;186;
1187,099;37,42293930053711;190,29888916015625;186;
1187,101;37,42293930053711;188,33705139160156;186;
1187,102;37,86411666870117;188,33705139160156;186;
1187,103;37,862937927246094;188,33705139160156;186;
1187,105;37,86411666870117;188,33705139160156;186;
1187,106;38,305877685546875;186,37521362304688;186;
1187,107;38,305877685546875;190,29888916015625;186;
1187,11;38,04058837890625;190,29888916015625;186;
1187,114;38,05881881713867;188,33705139160156;186;
1187,115;38,05999755859375;188,33705139160156;186;
1187,116;38,05705642700195;188,33705139160156;186;
1187,117;37,970584869384766;188,33705139160156;186;
1187,118;37,96999740600586;188,33705139160156;186;
1187,119;37,971763610839844;188,33705139160156;186;
1187,12;37,96881866455078;188,33705139160156;186;
1187,121;37,43940734863281;188,33705139160156;186;
1187,122;37,423526763916016;190,29888916015625;186;
1187,123;37,42293930053711;190,29888916015625;186;
1187,125;37,86587905883789;190,29888916015625;186;
1187,126;37,862937927246094;188,33705139160156;186;
1187,129;38,30529022216797;188,33705139160156;186;
1187,13;38,218231201171875;188,33705139160156;186;
1187,132;37,95058822631836;188,33705139160156;186;
1187,133;37,95058822631836;190,29888916015625;186;
1187,134;37,95058822631836;188,33705139160156;186;
1187,135;37,95294189453125;190,29888916015625;186;
1187,136;37,96823501586914;190,29888916015625;186;
1187,139;37,96823501586914;188,33705139160156;186;
1187,14;37,87999725341797;190,29888916015625;186;
1187,142;37,87999725341797;188,33705139160156;186;
1187,144;37,33293914794922;186,37521362304688;186;
1187,148;37,77411651611328;188,33705139160156;186;
1187,151;38,21529006958008;190,29888916015625;186;
1187,152;38,21529006958008;192,2607421875;186;
1187,154;38,21529006958008;190,29888916015625;186;
1187,155;37,95058822631836;190,29888916015625;186;
1187,157;37,95058822631836;188,33705139160156;186;
1187,159;37,96823501586914;188,33705139160156;186;
1187,16;37,96823501586914;190,29888916015625;186;
1187,163;37,87999725341797;190,29888916015625;186;
1187,165;37,87999725341797;192,2607421875;186;
1187,166;37,33293914794922;190,29888916015625;186;
1187,169;37,33293914794922;186,37521362304688;186;
1187,17;37,78411865234375;186,37521362304688;186;
1187,171;37,786468505859375;188,33705139160156;186;
1187,172;37,78411865234375;186,37521362304688;186;
1187,173;37,8470573425293;188,33705139160156;186;
1187,174;38,28470230102539;188,33705139160156;186;
1187,175;38,29646682739258;190,29888916015625;186;
1187,176;38,299407958984375;190,29888916015625;186;
1187,177;38,29646682739258;190,29888916015625;186;
1187,178;38,031761169433594;190,29888916015625;186;
1187,179;38,03764724731445;190,29888916015625;186;
1187,18;38,034706115722656;188,33705139160156;186;
1187,181;38,03764724731445;188,33705139160156;186;
1187,182;38,054115295410156;188,33705139160156;186;
1187,183;38,05058670043945;188,33705139160156;186;
1187,184;38,046470642089844;186,37521362304688;186;
1187,185;37,955291748046875;186,37521362304688;186;
1187,186;37,95235061645508;188,33705139160156;186;
1187,187;37,94940948486328;188,33705139160156;186;
1187,188;37,94352722167969;190,29888916015625;186;
1187,189;37,399410247802734;190,29888916015625;186;
1187,19;37,39646911621094;192,2607421875;186;
1187,191;37,39999771118164;190,29888916015625;186;
1187,192;37,397056579589844;190,29888916015625;186;
1187,193;37,835880279541016;190,29888916015625;186;
1187,194;37,923526763916016;190,29888916015625;186;
1187,195;37,91764831542969;188,33705139160156;186;
1187,196;37,923526763916016;188,33705139160156;186;
1187,197;38,36705780029297;188,33705139160156;186;
1187,198;38,374114990234375;190,29888916015625;186;
1187,199;38,382938385009766;190,29888916015625;186;
1187,2;38,11705780029297;190,29888916015625;186;
1187,201;38,102352142333984;190,29888916015625;186;
1187,202;38,10176467895508;190,29888916015625;186;
1187,203;38,104705810546875;190,29888916015625;186;
1187,204;38,11941146850586;190,29888916015625;186;
1187,205;38,13058853149414;190,29888916015625;186;
1187,206;38,127647399902344;188,33705139160156;186;
1187,207;38,12528991699219;188,33705139160156;186;
1187,208;38,04882049560547;190,29888916015625;186;
1187,209;38,04176330566406;190,29888916015625;186;
1187,21;38,031761169433594;188,33705139160156;186;
1187,211;38,0223503112793;188,33705139160156;186;
1187,212;37,48234939575195;188,33705139160156;186;
1187,213;37,50176239013672;190,29888916015625;186;
1187,214;37,5158805847168;190,29888916015625;186;
1187,215;37,528236389160156;190,29888916015625;186;
1187,216;37,96940994262695;190,29888916015625;186;
1187,217;37,961761474609375;190,29888916015625;186;
1187,218;37,967647552490234;188,33705139160156;186;
1187,219;38,405879974365234;188,33705139160156;186;
1187,22;38,40999984741211;192,2607421875;186;
1187,221;38,40646743774414;190,29888916015625;186;
1187,222;38,397056579589844;190,29888916015625;186;
1187,223;38,12823486328125;188,33705139160156;186;
1187,224;38,126468658447266;188,33705139160156;186;
1187,225;38,121761322021484;188,33705139160156;186;
1187,226;38,11941146850586;188,33705139160156;186;
1187,227;38,13058853149414;190,29888916015625;186;
1187,228;38,12999725341797;190,29888916015625;186;
1187,229;38,12058639526367;190,29888916015625;186;
1187,23;38,117645263671875;190,29888916015625;186;
1187,231;38,03058624267578;192,2607421875;186;
1187,232;38,03705596923828;192,2607421875;186;
1187,233;38,031761169433594;190,29888916015625;186;
1187,234;37,485294342041016;190,29888916015625;186;
1187,235;37,491764068603516;190,29888916015625;186;
1187,236;37,481178283691406;188,33705139160156;186;
1187,237;37,48646926879883;186,37521362304688;186;
1187,238;37,927059173583984;188,33705139160156;186;
1187,239;37,93000030517578;188,33705139160156;186;
1187,24;37,92646789550781;188,33705139160156;186;
1187,241;37,93000030517578;188,33705139160156;186;
1187,242;38,37058639526367;190,29888916015625;186;
1187,243;38,367645263671875;192,2607421875;186;
1187,244;38,369998931884766;190,29888916015625;186;
1187,245;38,37234878540039;190,29888916015625;186;
1187,246;38,10293960571289;190,29888916015625;186;
1187,247;38,10647201538086;192,2607421875;186;
1187,248;38,09941101074219;188,33705139160156;186;
1187,249;38,12234878540039;188,33705139160156;186;
1187,25;38,11705780029297;188,33705139160156;186;
1187,251;38,121177673339844;188,33705139160156;186;
1187,252;38,119998931884766;190,29888916015625;186;
1187,253;38,034706115722656;190,29888916015625;186;
1187,254;38,036468505859375;192,2607421875;186;
1187,255;38,034706115722656;192,2607421875;186;
1187,256;38,03588104248047;192,2607421875;186;
1187,257;37,48823547363281;192,2607421875;186;
1187,258;37,487056732177734;192,2607421875;186;
1187,259;37,491764068603516;190,29888916015625;186;
1187,26;37,48470687866211;190,29888916015625;186;
1187,261;37,92646789550781;190,29888916015625;186;
1187,262;37,927059173583984;190,29888916015625;186;
1187,263;37,925880432128906;186,37521362304688;186;
1187,264;38,369998931884766;188,33705139160156;186;
1187,265;38,37058639526367;188,33705139160156;186;
1187,266;38,374114990234375;190,29888916015625;186;
1187,267;38,36705780029297;190,29888916015625;186;
1187,268;38,10411834716797;190,29888916015625;186;
1187,271;38,10647201538086;188,33705139160156;186;
1187,272;38,12234878540039;188,33705139160156;186;
1187,273;38,12823486328125;190,29888916015625;186;
1187,274;38,119998931884766;188,33705139160156;186;
1187,275;38,121761322021484;188,33705139160156;186;
1187,276;38,034114837646484;190,29888916015625;186;
1187,277;38,029998779296875;190,29888916015625;186;
1187,278;38,03764724731445;190,29888916015625;186;
1187,279;37,48352813720703;190,29888916015625;186;
1187,28;38,694705963134766;192,2607421875;186;
1187,281;37,423526763916016;192,2607421875;186;
1187,282;37,4217643737793;192,2607421875;186;
1187,283;37,862937927246094;192,2607421875;186;
1187,285;37,862937927246094;190,29888916015625;186;
1187,286;37,86176300048828;190,29888916015625;186;
1187,287;38,304115295410156;190,29888916015625;186;
1187,288;38,30470275878906;190,29888916015625;186;
1187,291;38,04058837890625;188,33705139160156;186;
1187,294;38,05823516845703;188,33705139160156;186;
1187,295;38,057647705078125;190,29888916015625;186;
1187,298;37,971763610839844;188,33705139160156;186;
1187,299;37,971763610839844;190,29888916015625;186;
1187,3;37,971763610839844;188,33705139160156;186;
1187,302;37,42293930053711;188,33705139160156;186;
1187,306;37,86411666870117;190,29888916015625;186;
1187,309;38,30529022216797;192,2607421875;186;
1187,31;38,30470275878906;194,2225799560547;186;
1187,311;38,30470275878906;192,2607421875;186;
1187,313;38,04058837890625;192,2607421875;186;
1187,314;38,04058837890625;190,29888916015625;186;
1187,316;38,04058837890625;188,33705139160156;186;
1187,317;38,057647705078125;190,29888916015625;186;
1187,318;38,057647705078125;188,33705139160156;186;
1187,32;38,057647705078125;190,29888916015625;186;
1187,321;37,971763610839844;190,29888916015625;186;
1187,323;37,971763610839844;188,33705139160156;186;
1187,325;37,42293930053711;188,33705139160156;186;
1187,328;37,86411666870117;188,33705139160156;186;
1187,332;38,30470275878906;188,33705139160156;186;
1187,333;38,30470275878906;192,2607421875;186;
1187,334;38,30470275878906;190,29888916015625;186;
1187,336;38,04058837890625;190,29888916015625;186;
1187,337;38,04058837890625;192,2607421875;186;
1187,338;38,04058837890625;190,29888916015625;186;
1187,34;38,057647705078125;188,33705139160156;186;
1187,342;38,05823516845703;188,33705139160156;186;
1187,343;37,96940994262695;188,33705139160156;186;
1187,344;37,971763610839844;190,29888916015625;186;
1187,347;37,4223518371582;190,29888916015625;186;
1187,348;37,42293930053711;192,2607421875;186;
1187,349;37,42293930053711;190,29888916015625;186;
1187,351;37,86411666870117;190,29888916015625;186;
1187,352;37,86411666870117;188,33705139160156;186;
1187,353;37,86411666870117;186,37521362304688;186;
1187,354;37,86411666870117;188,33705139160156;186;
1187,355;38,30470275878906;188,33705139160156;186;
1187,358;38,040000915527344;190,29888916015625;186;
1187,359;38,04058837890625;190,29888916015625;186;
1187,361;38,04058837890625;188,33705139160156;186;
1187,362;38,057647705078125;190,29888916015625;186;
1187,364;38,057647705078125;188,33705139160156;186;
1187,366;37,971763610839844;188,33705139160156;186;
1187,367;37,971763610839844;190,29888916015625;186;
1187,368;37,971763610839844;188,33705139160156;186;
1187,37;37,42293930053711;190,29888916015625;186;
1187,374;37,86411666870117;190,29888916015625;186;
1187,377;38,30529022216797;190,29888916015625;186;
1187,378;38,30470275878906;190,29888916015625;186;
1187,381;38,04058837890625;190,29888916015625;186;
1187,383;38,04058837890625;188,33705139160156;186;
1187,385;38,057647705078125;190,29888916015625;186;
1187,388;38,057647705078125;192,2607421875;186;
1187,389;37,971763610839844;192,2607421875;186;
1187,391;37,971763610839844;190,29888916015625;186;
1187,392;37,424705505371094;190,29888916015625;186;
1187,393;37,42293930053711;190,29888916015625;186;
1187,395;37,369998931884766;186,37521362304688;186;
1187,396;37,81058883666992;186,37521362304688;186;
1187,397;37,86411666870117;188,33705139160156;186;
1187,398;37,863529205322266;188,33705139160156;186;
1187,399;37,86411666870117;188,33705139160156;186;
1187,4;38,305877685546875;188,33705139160156;186;
1187,401;38,30470275878906;190,29888916015625;186;
1187,402;38,30529022216797;190,29888916015625;186;
1187,403;38,30705642700195;190,29888916015625;186;
1187,404;38,04058837890625;190,29888916015625;186;
1187,405;38,04235076904297;188,33705139160156;186;
1187,406;38,03940963745117;186,37521362304688;186;
1187,407;38,05823516845703;188,33705139160156;186;
1187,409;38,05881881713867;188,33705139160156;186;
1187,41;38,057647705078125;188,33705139160156;186;
1187,411;37,97470474243164;190,29888916015625;186;
1187,412;37,97529220581055;190,29888916015625;186;
1187,413;37,882938385009766;190,29888916015625;186;
1187,415;37,33823776245117;190,29888916015625;186;
1187,416;37,33293914794922;190,29888916015625;186;
1187,417;37,33293914794922;188,33705139160156;186;
1187,418;37,33529281616211;188,33705139160156;186;
1187,419;37,77411651611328;188,33705139160156;186;
1187,423;38,21529006958008;190,29888916015625;186;
1187,426;37,95058822631836;190,29888916015625;186;
1187,427;37,95058822631836;192,2607421875;186;
1187,428;37,95058822631836;190,29888916015625;186;
1187,43;37,96823501586914;190,29888916015625;186;
1187,431;37,96823501586914;192,2607421875;186;
1187,432;37,96823501586914;188,33705139160156;186;
1187,434;37,87999725341797;188,33705139160156;186;
1187,437;37,88235092163086;190,29888916015625;186;
1187,438;37,33293914794922;190,29888916015625;186;
1187,44;37,33293914794922;188,33705139160156;186;
1187,441;37,77411651611328;188,33705139160156;186;
1187,445;38,21529006958008;188,33705139160156;186;
1187,446;38,21529006958008;190,29888916015625;186;
1187,447;38,21529006958008;188,33705139160156;186;
1187,448;38,21529006958008;190,29888916015625;186;
1187,449;37,95058822631836;190,29888916015625;186;
1187,453;38,029998779296875;190,29888916015625;186;
1187,454;38,02823257446289;190,29888916015625;186;
1187,455;38,025291442871094;190,29888916015625;186;
1187,456;37,946468353271484;190,29888916015625;186;
1187,457;37,95058822631836;192,2607421875;186;
1187,458;37,95823287963867;190,29888916015625;186;
1187,459;37,964115142822266;188,33705139160156;186;
1187,46;37,41999816894531;188,33705139160156;186;
1187,461;37,41411590576172;188,33705139160156;186;
1187,462;37,41352844238281;188,33705139160156;186;
1187,463;37,41999816894531;188,33705139160156;186;
1187,464;37,861175537109375;188,33705139160156;186;
1187,465;37,862937927246094;190,29888916015625;186;
1187,466;37,85823440551758;188,33705139160156;186;
1187,467;37,85411834716797;190,29888916015625;186;
1187,468;38,29058837890625;190,29888916015625;186;
1187,469;38,288818359375;190,29888916015625;186;
1187,47;38,28293991088867;190,29888916015625;186;
1187,471;38,281761169433594;190,29888916015625;186;
1187,472;38,0158805847168;188,33705139160156;186;
1187,473;38,01411819458008;188,33705139160156;186;
1187,474;38,014705657958984;188,33705139160156;186;
1187,475;38,0323486328125;188,33705139160156;186;
1187,476;38,031761169433594;190,29888916015625;186;
1187,477;38,11470413208008;190,29888916015625;186;
1187,478;38,11235046386719;190,29888916015625;186;
1187,479;38,02470397949219;190,29888916015625;186;
1187,48;38,034114837646484;192,2607421875;186;
1187,481;38,04352569580078;192,2607421875;186;
1187,482;38,036468505859375;192,2607421875;186;
1187,483;37,5;192,2607421875;186;
1187,484;37,4841194152832;190,29888916015625;186;
1187,485;37,48176574707031;190,29888916015625;186;
1187,486;37,487648010253906;188,33705139160156;186;
1187,487;37,927059173583984;188,33705139160156;186;
1187,488;37,92764663696289;188,33705139160156;186;
1187,489;37,9347038269043;188,33705139160156;186;
1187,49;38,37117385864258;188,33705139160156;186;
1187,491;38,37999725341797;190,29888916015625;186;
1187,492;38,376468658447266;190,29888916015625;186;
1187,493;38,363529205322266;190,29888916015625;186;
1187,494;38,095882415771484;190,29888916015625;186;
1187,495;38,10353088378906;190,29888916015625;186;
1187,496;38,11823272705078;188,33705139160156;186;
1187,497;38,13882064819336;188,33705139160156;186;
1187,498;38,15999984741211;188,33705139160156;186;
1187,499;38,162940979003906;188,33705139160156;186;
1187,5;38,15705871582031;188,33705139160156;186;
1187,501;38,15940856933594;188,33705139160156;186;
1187,502;38,074703216552734;190,29888916015625;186;
1187,503;38,07646942138672;190,29888916015625;186;
1187,504;38,068233489990234;190,29888916015625;186;
1187,505;37,518821716308594;190,29888916015625;186;
1187,506;37,51411819458008;192,2607421875;186;
1187,507;37,512939453125;192,2607421875;186;
1187,508;37,50470733642578;192,2607421875;186;
1187,509;37,939998626708984;192,2607421875;186;
1187,51;37,93705749511719;192,2607421875;186;
1187,511;37,93411636352539;190,29888916015625;186;
1187,512;37,932350158691406;188,33705139160156;186;
1187,513;38,367645263671875;188,33705139160156;186;
1187,514;38,369407653808594;190,29888916015625;186;
1187,515;38,37058639526367;190,29888916015625;186;
1187,516;38,367645263671875;190,29888916015625;186;
1187,517;38,104705810546875;190,29888916015625;186;
1187,518;38,10293960571289;192,2607421875;186;
1187,519;38,11000061035156;190,29888916015625;186;
1187,52;38,12234878540039;192,2607421875;186;
1187,521;38,12294006347656;192,2607421875;186;
1187,522;38,121177673339844;192,2607421875;186;
1187,523;38,12352752685547;188,33705139160156;186;
1187,524;38,0352897644043;188,33705139160156;186;
1187,525;38,03705596923828;188,33705139160156;186;
1187,526;38,0352897644043;188,33705139160156;186;
1187,527;38,0323486328125;188,33705139160156;186;
1187,528;37,48646926879883;188,33705139160156;186;
1187,529;37,4841194152832;190,29888916015625;186;
1187,53;37,494117736816406;190,29888916015625;186;
1187,531;37,485294342041016;190,29888916015625;186;
1187,532;37,924705505371094;190,29888916015625;186;
1187,533;37,9347038269043;190,29888916015625;186;
1187,534;37,92940902709961;188,33705139160156;186;
1187,535;38,37058639526367;190,29888916015625;186;
1187,536;38,36705780029297;190,29888916015625;186;
1187,537;38,369407653808594;190,29888916015625;186;
1187,538;38,371761322021484;190,29888916015625;186;
1187,539;38,10293960571289;190,29888916015625;186;
1187,54;38,10529327392578;190,29888916015625;186;
1187,541;38,10411834716797;188,33705139160156;186;
1187,542;38,10411834716797;190,29888916015625;186;
1187,543;38,12294006347656;190,29888916015625;186;
1187,544;38,12352752685547;192,2607421875;186;
1187,545;38,12588119506836;192,2607421875;186;
1187,546;38,121177673339844;192,2607421875;186;
1187,547;38,03352737426758;192,2607421875;186;
1187,549;38,05235290527344;190,29888916015625;186;
1187,55;37,48882293701172;190,29888916015625;186;
1187,551;37,487056732177734;190,29888916015625;186;
1187,552;37,4905891418457;190,29888916015625;186;
1187,553;37,487056732177734;188,33705139160156;186;
1187,554;37,87411880493164;188,33705139160156;186;
1187,555;37,9288215637207;188,33705139160156;186;
1187,558;38,369407653808594;188,33705139160156;186;
1187,559;38,374114990234375;190,29888916015625;186;
1187,56;38,36705780029297;190,29888916015625;186;
1187,561;38,37117385864258;192,2607421875;186;
1187,562;38,10117721557617;192,2607421875;186;
1187,563;38,09176254272461;190,29888916015625;186;
1187,564;38,04176330566406;188,33705139160156;186;
1187,565;38,041175842285156;188,33705139160156;186;
1187,566;38,05705642700195;188,33705139160156;186;
1187,567;38,057647705078125;188,33705139160156;186;
1187,568;38,05881881713867;190,29888916015625;186;
1187,569;37,96881866455078;190,29888916015625;186;
1187,572;37,96999740600586;190,29888916015625;186;
1187,573;37,42293930053711;190,29888916015625;186;
1187,574;37,42293930053711;192,2607421875;186;
1187,575;37,42293930053711;190,29888916015625;186;
1187,577;37,862937927246094;190,29888916015625;186;
1187,578;37,862937927246094;188,33705139160156;186;
1187,581;38,305877685546875;190,29888916015625;186;
1187,584;38,041175842285156;192,2607421875;186;
1187,585;38,04058837890625;192,2607421875;186;
1187,588;38,05881881713867;190,29888916015625;186;
1187,589;38,05881881713867;192,2607421875;186;
1187,59;38,05881881713867;190,29888916015625;186;
1187,592;37,96940994262695;188,33705139160156;186;
1187,595;37,96940994262695;190,29888916015625;186;
1187,596;37,42293930053711;190,29888916015625;186;
1187,599;37,86411666870117;190,29888916015625;186;
1187,6;37,862937927246094;190,29888916015625;186;
1187,601;37,862937927246094;188,33705139160156;186;
1187,603;38,305877685546875;188,33705139160156;186;
1187,604;38,305877685546875;190,29888916015625;186;
1187,607;38,041175842285156;190,29888916015625;186;
1187,608;38,04058837890625;190,29888916015625;186;
1187,609;38,04058837890625;192,2607421875;186;
1187,611;38,05881881713867;192,2607421875;186;
1187,614;37,970584869384766;192,2607421875;186;
1187,615;37,96940994262695;192,2607421875;186;
1187,616;37,96940994262695;190,29888916015625;186;
1187,617;37,96940994262695;188,33705139160156;186;
1187,618;37,42293930053711;190,29888916015625;186;
1187,62;37,369998931884766;186,37521362304688;186;
1187,621;37,36882019042969;188,33705139160156;186;
1187,622;37,862937927246094;188,33705139160156;186;
1187,625;37,862937927246094;190,29888916015625;186;
1187,626;38,305877685546875;190,29888916015625;186;
1187,628;38,305877685546875;188,33705139160156;186;
1187,629;38,041175842285156;190,29888916015625;186;
1187,63;38,04058837890625;188,33705139160156;186;
1187,633;38,05881881713867;188,33705139160156;186;
1187,634;38,05881881713867;190,29888916015625;186;
1187,637;37,96940994262695;190,29888916015625;186;
1187,638;37,96940994262695;192,2607421875;186;
1187,639;37,96940994262695;190,29888916015625;186;
1187,641;37,42293930053711;188,33705139160156;186;
1187,645;37,862937927246094;188,33705139160156;186;
1187,647;37,862937927246094;186,37521362304688;186;
1187,648;38,304115295410156;186,37521362304688;186;
1187,649;38,305877685546875;188,33705139160156;186;
1187,651;38,305877685546875;190,29888916015625;186;
1187,652;38,04058837890625;190,29888916015625;186;
1187,654;38,04058837890625;188,33705139160156;186;
1187,656;38,05881881713867;188,33705139160156;186;
1187,658;38,057647705078125;188,33705139160156;186;
1187,659;38,05881881713867;188,33705139160156;186;
1187,66;37,96940994262695;190,29888916015625;186;
1187,663;37,4223518371582;190,29888916015625;186;
1187,664;37,42293930053711;190,29888916015625;186;
1187,666;37,42293930053711;188,33705139160156;186;
1187,667;37,862937927246094;188,33705139160156;186;
1187,669;37,862937927246094;184,41336059570312;186;
1187,67;37,811763763427734;184,41336059570312;186;
1187,671;38,25411605834961;184,41336059570312;186;
1187,672;38,305877685546875;186,37521362304688;186;
1187,674;38,305877685546875;188,33705139160156;186;
1187,675;38,04058837890625;188,33705139160156;186;
1187,679;38,05881881713867;188,33705139160156;186;
1187,681;38,05881881713867;190,29888916015625;186;
1187,682;37,96999740600586;190,29888916015625;186;
1187,684;37,96940994262695;188,33705139160156;186;
1187,685;37,971763610839844;188,33705139160156;186;
1187,686;37,424705505371094;188,33705139160156;186;
1187,687;37,42293930053711;190,29888916015625;186;
1187,688;37,424705505371094;190,29888916015625;186;
1187,689;37,42293930053711;188,33705139160156;186;
1187,69;37,86470413208008;190,29888916015625;186;
1187,691;37,86411666870117;190,29888916015625;186;
1187,692;37,86470413208008;188,33705139160156;186;
1187,693;37,86235046386719;186,37521362304688;186;
1187,694;38,30529022216797;186,37521362304688;186;
1187,696;38,29882049560547;186,37521362304688;186;
1187,697;38,218231201171875;186,37521362304688;186;
1187,698;37,955291748046875;186,37521362304688;186;
1187,699;37,95058822631836;186,37521362304688;186;
1187,701;37,96823501586914;188,33705139160156;186;
1187,705;37,87999725341797;188,33705139160156;186;
1187,706;37,87999725341797;192,2607421875;186;
1187,707;37,87999725341797;190,29888916015625;186;
1187,709;37,33293914794922;188,33705139160156;186;
1187,713;37,77411651611328;186,37521362304688;186;
1187,715;37,68587875366211;186,37521362304688;186;
1187,716;37,77411651611328;188,33705139160156;186;
1187,717;38,21529006958008;188,33705139160156;186;
1187,719;38,232940673828125;188,33705139160156;186;
1187,72;37,95058822631836;190,29888916015625;186;
1187,722;37,95058822631836;188,33705139160156;186;
1187,723;37,95058822631836;186,37521362304688;186;
1187,724;37,96823501586914;184,41336059570312;186;
1187,725;37,96823501586914;186,37521362304688;186;
1187,728;37,87999725341797;188,33705139160156;186;
1187,732;37,33293914794922;188,33705139160156;186;
1187,733;37,33293914794922;190,29888916015625;186;
1187,734;37,33293914794922;188,33705139160156;186;
1187,736;36,55470275878906;186,37521362304688;186;
1187,737;37,837059020996094;186,37521362304688;186;
1187,738;37,86058807373047;186,37521362304688;186;
1187,739;38,28470230102539;186,37521362304688;186;
1187,74;38,28588104248047;188,33705139160156;186;
1187,741;38,29646682739258;188,33705139160156;186;
1187,742;38,29646682739258;192,2607421875;186;
1187,743;38,034706115722656;192,2607421875;186;
1187,744;38,034706115722656;190,29888916015625;186;
1187,746;38,04058837890625;190,29888916015625;186;
1187,747;38,05234909057617;188,33705139160156;186;
1187,748;38,05823516845703;188,33705139160156;186;
1187,749;38,05234909057617;188,33705139160156;186;
1187,75;38,05058670043945;188,33705139160156;186;
1187,751;37,959407806396484;188,33705139160156;186;
1187,752;37,95235061645508;188,33705139160156;186;
1187,753;37,94823455810547;188,33705139160156;186;
1187,754;37,963531494140625;186,37521362304688;186;
1187,755;37,39823532104492;188,33705139160156;186;
1187,756;37,39646911621094;186,37521362304688;186;
1187,758;37,85587692260742;186,37521362304688;186;
1187,759;37,837646484375;186,37521362304688;186;
1187,76;37,83235168457031;186,37521362304688;186;
1187,761;37,92058563232422;186,37521362304688;186;
1187,762;38,358821868896484;186,37521362304688;186;
1187,763;38,36647033691406;188,33705139160156;186;
1187,764;38,374114990234375;188,33705139160156;186;
1187,765;38,37528991699219;188,33705139160156;186;
1187,766;38,11058807373047;188,33705139160156;186;
1187,767;38,11705780029297;188,33705139160156;186;
1187,768;38,10293960571289;188,33705139160156;186;
1187,769;38,10176467895508;190,29888916015625;186;
1187,77;38,12470245361328;190,29888916015625;186;
1187,772;38,12823486328125;190,29888916015625;186;
1187,773;38,03705596923828;190,29888916015625;186;
1187,774;38,03999710083008;190,29888916015625;186;
1187,775;38,03940963745117;188,33705139160156;186;
1187,776;38,03764724731445;188,33705139160156;186;
1187,777;37,49470520019531;188,33705139160156;186;
1187,778;37,48588180541992;188,33705139160156;186;
1187,779;37,49529266357422;188,33705139160156;186;
1187,78;37,5;188,33705139160156;186;
1187,781;37,961761474609375;186,37521362304688;186;
1187,782;37,96705627441406;186,37521362304688;186;
1187,783;37,967647552490234;186,37521362304688;186;
1187,784;37,971763610839844;186,37521362304688;186;
1187,785;38,41293716430664;186,37521362304688;186;
1187,786;38,41411590576172;188,33705139160156;186;
1187,787;38,404117584228516;188,33705139160156;186;
1187,788;38,40176010131836;188,33705139160156;186;
1187,789;38,13587951660156;186,37521362304688;186;
1187,79;38,12470245361328;186,37521362304688;186;
1187,791;38,12411880493164;186,37521362304688;186;
1187,792;38,12294006347656;186,37521362304688;186;
1187,793;38,13352966308594;188,33705139160156;186;
1187,794;38,13235092163086;188,33705139160156;186;
1187,795;38,126468658447266;188,33705139160156;186;
1187,796;38,0323486328125;188,33705139160156;186;
1187,797;38,02823257446289;192,2607421875;186;
1187,798;38,03588104248047;190,29888916015625;186;
1187,799;38,0323486328125;190,29888916015625;186;
1187,8;37,487056732177734;190,29888916015625;186;
1187,801;37,48176574707031;190,29888916015625;186;
1187,802;37,485294342041016;188,33705139160156;186;
1187,804;37,927059173583984;186,37521362304688;186;
1187,805;37,925880432128906;188,33705139160156;186;
1187,806;37,93000030517578;184,41336059570312;186;
1187,807;37,93000030517578;186,37521362304688;186;
1187,808;38,37352752685547;186,37521362304688;186;
1187,809;38,36823272705078;188,33705139160156;186;
1187,81;38,369998931884766;188,33705139160156;186;
1187,811;38,102352142333984;188,33705139160156;186;
1187,812;38,10293960571289;190,29888916015625;186;
1187,813;38,10117721557617;188,33705139160156;186;
1187,814;38,108821868896484;186,37521362304688;186;
1187,815;38,115291595458984;186,37521362304688;186;
1187,816;38,126468658447266;186,37521362304688;186;
1187,817;38,12234878540039;186,37521362304688;186;
1187,818;38,12352752685547;186,37521362304688;186;
1187,819;38,03117752075195;188,33705139160156;186;
1187,82;38,036468505859375;188,33705139160156;186;
1187,821;38,034114837646484;188,33705139160156;186;
1187,822;38,03352737426758;188,33705139160156;186;
1187,823;37,487056732177734;190,29888916015625;186;
1187,824;37,48646926879883;192,2607421875;186;
1187,825;37,489410400390625;190,29888916015625;186;
1187,826;37,487056732177734;190,29888916015625;186;
1187,827;37,93293762207031;188,33705139160156;186;
1187,828;37,92764663696289;188,33705139160156;186;
1187,83;38,36705780029297;188,33705139160156;186;
1187,831;38,369407653808594;188,33705139160156;186;
1187,832;38,369998931884766;188,33705139160156;186;
1187,833;38,37058639526367;190,29888916015625;186;
1187,834;38,10940933227539;190,29888916015625;186;
1187,835;38,10353088378906;190,29888916015625;186;
1187,836;38,10293960571289;188,33705139160156;186;
1187,837;38,10529327392578;188,33705139160156;186;
1187,838;38,12294006347656;188,33705139160156;186;
1187,839;38,12058639526367;188,33705139160156;186;
1187,84;38,12352752685547;188,33705139160156;186;
1187,841;38,12588119506836;186,37521362304688;186;
1187,842;38,03588104248047;186,37521362304688;186;
1187,843;38,0323486328125;186,37521362304688;186;
1187,844;38,034706115722656;186,37521362304688;186;
1187,845;38,03352737426758;186,37521362304688;186;
1187,846;37,480587005615234;186,37521362304688;186;
1187,847;37,42411804199219;188,33705139160156;186;
1187,848;37,423526763916016;188,33705139160156;186;
1187,849;37,86411666870117;188,33705139160156;186;
1187,85;37,86176300048828;188,33705139160156;186;
1187,851;37,862937927246094;188,33705139160156;186;
1187,853;38,30352783203125;188,33705139160156;186;
1187,854;38,304115295410156;192,2607421875;186;
1187,855;38,305877685546875;190,29888916015625;186;
1187,856;38,304115295410156;190,29888916015625;186;
1187,857;38,05823516845703;190,29888916015625;186;
1187,858;38,04058837890625;190,29888916015625;186;
1187,861;38,057647705078125;190,29888916015625;186;
1187,864;37,96940994262695;190,29888916015625;186;
1187,865;37,971763610839844;190,29888916015625;186;
1187,867;37,971763610839844;188,33705139160156;186;
1187,868;37,4223518371582;188,33705139160156;186;
1187,869;37,42293930053711;188,33705139160156;186;
1187,872;37,86411666870117;188,33705139160156;186;
1187,875;37,86411666870117;190,29888916015625;186;
1187,876;38,30470275878906;190,29888916015625;186;
1187,88;38,04058837890625;188,33705139160156;186;
1187,882;38,04058837890625;186,37521362304688;186;
1187,883;38,05823516845703;186,37521362304688;186;
1187,884;38,057647705078125;186,37521362304688;186;
1187,886;38,057647705078125;188,33705139160156;186;
1187,887;37,971763610839844;188,33705139160156;186;
1187,889;37,971763610839844;190,29888916015625;186;
1187,891;37,42293930053711;190,29888916015625;186;
1187,893;37,42293930053711;188,33705139160156;186;
1187,895;37,86411666870117;188,33705139160156;186;
1187,898;38,30529022216797;188,33705139160156;186;
1187,899;38,30470275878906;190,29888916015625;186;
1187,902;38,04058837890625;190,29888916015625;186;
1187,903;38,04058837890625;192,2607421875;186;
1187,905;38,04058837890625;190,29888916015625;186;
1187,906;38,057647705078125;190,29888916015625;186;
1187,907;38,057647705078125;192,2607421875;186;
1187,908;38,057647705078125;188,33705139160156;186;
1187,91;37,971763610839844;188,33705139160156;186;
1187,914;37,42293930053711;188,33705139160156;186;
1187,917;37,86411666870117;188,33705139160156;186;
1187,918;37,86411666870117;190,29888916015625;186;
1187,919;37,86411666870117;188,33705139160156;186;
1187,921;38,30470275878906;188,33705139160156;186;
1187,922;38,30470275878906;190,29888916015625;186;
1187,923;38,30470275878906;188,33705139160156;186;
1187,925;38,04058837890625;190,29888916015625;186;
1187,929;38,057647705078125;190,29888916015625;186;
1187,932;37,96940994262695;190,29888916015625;186;
1187,933;37,971763610839844;190,29888916015625;186;
1187,934;37,971763610839844;188,33705139160156;186;
1187,936;37,4223518371582;188,33705139160156;186;
1187,937;37,42293930053711;188,33705139160156;186;
1187,94;37,86411666870117;186,37521362304688;186;
1187,941;37,86411666870117;190,29888916015625;186;
1187,944;38,30705642700195;190,29888916015625;186;
1187,945;38,30470275878906;190,29888916015625;186;
1187,947;38,040000915527344;190,29888916015625;186;
1187,948;38,04058837890625;190,29888916015625;186;
1187,949;38,04058837890625;188,33705139160156;186;
1187,951;38,05823516845703;188,33705139160156;186;
1187,952;38,057647705078125;190,29888916015625;186;
1187,955;37,971763610839844;190,29888916015625;186;
1187,959;37,42293930053711;190,29888916015625;186;
1187,96;37,42293930053711;188,33705139160156;186;
1187,963;37,86411666870117;186,37521362304688;186;
1187,966;38,30705642700195;188,33705139160156;186;
1187,967;38,304115295410156;188,33705139160156;186;
1187,968;38,30470275878906;190,29888916015625;186;
1187,969;38,30529022216797;192,2607421875;186;
1187,97;38,04235076904297;192,2607421875;186;
1187,971;38,03940963745117;190,29888916015625;186;
1187,972;38,04058837890625;188,33705139160156;186;
1187,973;38,040000915527344;190,29888916015625;186;
1187,974;38,05881881713867;188,33705139160156;186;
1187,975;38,05823516845703;190,29888916015625;186;
1187,976;38,05823516845703;188,33705139160156;186;
1187,977;38,05705642700195;188,33705139160156;186;
1187,978;37,96881866455078;190,29888916015625;186;
1187,979;37,96529006958008;190,29888916015625;186;
1187,98;37,882938385009766;190,29888916015625;186;
1187,981;37,335880279541016;190,29888916015625;186;
1187,982;37,33293914794922;190,29888916015625;186;
1187,985;37,77647018432617;188,33705139160156;186;
1187,986;37,77411651611328;188,33705139160156;186;
1187,989;38,21529006958008;188,33705139160156;186;
1187,99;38,21529006958008;190,29888916015625;186;
1187,993;37,95058822631836;190,29888916015625;186;
1187,997;37,96823501586914;190,29888916015625;186;
1187,999;37,96823501586914;188,33705139160156;186;
1188;37,87999725341797;188,33705139160156;186;
1188,004;37,33293914794922;188,33705139160156;186;
1188,005;37,33293914794922;190,29888916015625;186;
1188,008;37,77411651611328;190,29888916015625;186;
1188,01;37,77411651611328;188,33705139160156;186;
1188,011;37,77411651611328;190,29888916015625;186;
1188,012;38,21529006958008;190,29888916015625;186;
1188,014;38,19764709472656;188,33705139160156;186;
1188,015;37,95058822631836;188,33705139160156;186;
1188,019;36,74235153198242;188,33705139160156;186;
1188,02;38,03117752075195;190,29888916015625;186;
1188,021;38,03352737426758;190,29888916015625;186;
1188,022;38,02941131591797;190,29888916015625;186;
1188,023;37,95058822631836;190,29888916015625;186;
1188,024;37,955291748046875;190,29888916015625;186;
1188,025;37,964115142822266;188,33705139160156;186;
1188,026;37,96705627441406;188,33705139160156;186;
1188,027;37,417057037353516;188,33705139160156;186;
1188,029;37,425880432128906;188,33705139160156;186;
1188,03;37,41999816894531;188,33705139160156;186;
1188,031;37,85588073730469;188,33705139160156;186;
1188,032;37,861175537109375;188,33705139160156;186;
1188,033;37,85764694213867;188,33705139160156;186;
1188,034;38,292938232421875;188,33705139160156;186;
1188,035;38,288818359375;190,29888916015625;186;
1188,036;38,28470230102539;190,29888916015625;186;
1188,038;38,01411819458008;190,29888916015625;186;
1188,04;38,017059326171875;188,33705139160156;186;
1188,041;38,014705657958984;188,33705139160156;186;
1188,042;38,0323486328125;188,33705139160156;186;
1188,043;38,02647018432617;188,33705139160156;186;
1188,044;38,11176300048828;188,33705139160156;186;
1188,045;38,112937927246094;188,33705139160156;186;
1188,046;38,03352737426758;190,29888916015625;186;
1188,047;38,03823471069336;190,29888916015625;186;
1188,048;38,042938232421875;190,29888916015625;186;
1188,049;37,495880126953125;190,29888916015625;186;
1188,05;37,49882125854492;190,29888916015625;186;
1188,051;37,4841194152832;188,33705139160156;186;
1188,052;37,49117660522461;188,33705139160156;186;
1188,053;37,927059173583984;188,33705139160156;186;
1188,054;37,92764663696289;186,37521362304688;186;
1188,055;37,93293762207031;184,41336059570312;186;
1188,056;37,931175231933594;186,37521362304688;186;
1188,057;38,37999725341797;186,37521362304688;186;
1188,058;38,374114990234375;188,33705139160156;186;
1188,059;38,37528991699219;188,33705139160156;186;
1188,061;38,108821868896484;190,29888916015625;186;
1188,063;38,11941146850586;190,29888916015625;186;
1188,064;38,13587951660156;190,29888916015625;186;
1188,065;38,162940979003906;190,29888916015625;186;
1188,066;38,160587310791016;190,29888916015625;186;
1188,067;38,162940979003906;188,33705139160156;186;
1188,068;38,07646942138672;188,33705139160156;186;
1188,069;38,07999801635742;190,29888916015625;186;
1188,07;38,07117462158203;190,29888916015625;186;
1188,071;38,06882095336914;190,29888916015625;186;
1188,072;37,52000045776367;190,29888916015625;186;
1188,073;37,5094108581543;190,29888916015625;186;
1188,074;37,51117706298828;190,29888916015625;186;
1188,075;37,50470733642578;190,29888916015625;186;
1188,076;37,93411636352539;188,33705139160156;186;
1188,077;37,9347038269043;188,33705139160156;186;
1188,078;37,933528900146484;188,33705139160156;186;
1188,079;37,92940902709961;188,33705139160156;186;
1188,08;38,37117385864258;188,33705139160156;186;
1188,081;38,369998931884766;188,33705139160156;186;
1188,082;38,369407653808594;188,33705139160156;186;
1188,083;38,10293960571289;188,33705139160156;186;
1188,084;38,102352142333984;190,29888916015625;186;
1188,085;38,10529327392578;188,33705139160156;186;
1188,086;38,10764694213867;190,29888916015625;186;
1188,087;38,121177673339844;188,33705139160156;186;
1188,088;38,12411880493164;190,29888916015625;186;
1188,089;38,121177673339844;190,29888916015625;186;
1188,09;38,12058639526367;190,29888916015625;186;
1188,091;38,03293991088867;190,29888916015625;186;
1188,092;38,03352737426758;190,29888916015625;186;
1188,093;38,03352737426758;188,33705139160156;186;
1188,094;38,03117752075195;188,33705139160156;186;
1188,095;37,487056732177734;188,33705139160156;186;
1188,096;37,49117660522461;188,33705139160156;186;
1188,097;37,480587005615234;188,33705139160156;186;
1188,098;37,4841194152832;188,33705139160156;186;
1188,099;37,923526763916016;190,29888916015625;186;
1188,1;37,92940902709961;190,29888916015625;186;
1188,101;37,92529296875;190,29888916015625;186;
1188,102;38,369407653808594;190,29888916015625;186;
1188,103;38,36823272705078;190,29888916015625;186;
1188,104;38,369407653808594;190,29888916015625;186;
1188,105;38,37058639526367;190,29888916015625;186;
1188,106;38,10529327392578;188,33705139160156;186;
1188,107;38,10293960571289;188,33705139160156;186;
1188,108;38,10293960571289;186,37521362304688;186;
1188,109;38,10353088378906;188,33705139160156;186;
1188,11;38,12234878540039;188,33705139160156;186;
1188,111;38,12294006347656;190,29888916015625;186;
1188,112;38,12470245361328;190,29888916015625;186;
1188,113;38,12294006347656;190,29888916015625;186;
1188,114;38,03293991088867;190,29888916015625;186;
1188,115;38,03352737426758;190,29888916015625;186;
1188,116;38,034114837646484;190,29888916015625;186;
1188,117;37,485294342041016;190,29888916015625;186;
1188,118;37,48823547363281;190,29888916015625;186;
1188,119;37,48823547363281;188,33705139160156;186;
1188,12;37,491764068603516;188,33705139160156;186;
1188,121;37,92646789550781;188,33705139160156;186;
1188,123;37,9282341003418;186,37521362304688;186;
1188,124;37,9288215637207;186,37521362304688;186;
1188,125;38,371761322021484;188,33705139160156;186;
1188,126;38,369407653808594;190,29888916015625;186;
1188,127;38,37234878540039;190,29888916015625;186;
1188,128;38,369407653808594;192,2607421875;186;
1188,129;38,10117721557617;192,2607421875;186;
1188,13;38,041175842285156;190,29888916015625;186;
1188,131;38,041175842285156;188,33705139160156;186;
1188,132;38,057647705078125;188,33705139160156;186;
1188,133;38,05705642700195;190,29888916015625;186;
1188,134;38,05881881713867;190,29888916015625;186;
1188,135;38,05881881713867;188,33705139160156;186;
1188,136;37,96881866455078;190,29888916015625;186;
1188,138;37,96999740600586;190,29888916015625;186;
1188,139;37,96881866455078;190,29888916015625;186;
1188,14;37,42293930053711;190,29888916015625;186;
1188,141;37,42293930053711;192,2607421875;186;
1188,143;37,42293930053711;190,29888916015625;186;
1188,144;37,862937927246094;190,29888916015625;186;
1188,146;37,86411666870117;186,37521362304688;186;
1188,147;37,862937927246094;188,33705139160156;186;
1188,148;38,305877685546875;188,33705139160156;186;
1188,15;38,305877685546875;190,29888916015625;186;
1188,151;38,04058837890625;190,29888916015625;186;
1188,155;38,05881881713867;190,29888916015625;186;
1188,157;38,05881881713867;188,33705139160156;186;
1188,159;37,96940994262695;188,33705139160156;186;
1188,16;37,96940994262695;190,29888916015625;186;
1188,161;37,96940994262695;188,33705139160156;186;
1188,163;37,42293930053711;190,29888916015625;186;
1188,166;37,86411666870117;190,29888916015625;186;
1188,167;37,862937927246094;190,29888916015625;186;
1188,17;38,305877685546875;190,29888916015625;186;
1188,171;38,305877685546875;192,2607421875;186;
1188,173;38,305877685546875;190,29888916015625;186;
1188,174;38,04058837890625;190,29888916015625;186;
1188,176;38,04058837890625;188,33705139160156;186;
1188,178;38,05881881713867;190,29888916015625;186;
1188,181;37,970584869384766;190,29888916015625;186;
1188,182;37,96940994262695;192,2607421875;186;
1188,184;37,96940994262695;190,29888916015625;186;
1188,185;37,42293930053711;188,33705139160156;186;
1188,188;37,42293930053711;186,37521362304688;186;
1188,189;37,862937927246094;188,33705139160156;186;
1188,192;37,862937927246094;190,29888916015625;186;
1188,193;38,305877685546875;190,29888916015625;186;
1188,196;38,041175842285156;190,29888916015625;186;
1188,197;38,04058837890625;190,29888916015625;186;
1188,198;38,04058837890625;192,2607421875;186;
1188,199;38,04058837890625;188,33705139160156;186;
1188,2;38,05881881713867;188,33705139160156;186;
1188,201;38,05881881713867;190,29888916015625;186;
1188,202;38,05881881713867;188,33705139160156;186;
1188,203;38,05881881713867;190,29888916015625;186;
1188,204;37,96940994262695;190,29888916015625;186;
1188,205;37,96940994262695;192,2607421875;186;
1188,208;37,42293930053711;192,2607421875;186;
1188,21;37,42293930053711;190,29888916015625;186;
1188,211;37,86411666870117;190,29888916015625;186;
1188,212;37,862937927246094;190,29888916015625;186;
1188,213;37,862937927246094;188,33705139160156;186;
1188,214;37,811763763427734;186,37521362304688;186;
1188,215;38,25411605834961;186,37521362304688;186;
1188,216;38,305877685546875;188,33705139160156;186;
1188,217;38,305877685546875;190,29888916015625;186;
1188,219;38,04058837890625;190,29888916015625;186;
1188,221;38,04058837890625;188,33705139160156;186;
1188,223;38,05881881713867;188,33705139160156;186;
1188,227;37,96940994262695;190,29888916015625;186;
1188,23;37,4223518371582;190,29888916015625;186;
1188,231;37,42293930053711;192,2607421875;186;
1188,232;37,42293930053711;190,29888916015625;186;
1188,233;37,42293930053711;192,2607421875;186;
1188,234;37,862937927246094;192,2607421875;186;
1188,236;37,862937927246094;190,29888916015625;186;
1188,238;38,305877685546875;190,29888916015625;186;
1188,239;38,305877685546875;192,2607421875;186;
1188,24;38,305877685546875;190,29888916015625;186;
1188,241;38,305877685546875;188,33705139160156;186;
1188,242;38,04058837890625;188,33705139160156;186;
1188,245;38,05823516845703;188,33705139160156;186;
1188,246;38,05881881713867;190,29888916015625;186;
1188,247;38,05881881713867;192,2607421875;186;
1188,248;38,05823516845703;192,2607421875;186;
1188,249;37,96881866455078;192,2607421875;186;
1188,25;37,96940994262695;192,2607421875;186;
1188,251;37,96881866455078;190,29888916015625;186;
1188,252;37,971763610839844;188,33705139160156;186;
1188,253;37,4223518371582;188,33705139160156;186;
1188,254;37,42293930053711;188,33705139160156;186;
1188,255;37,4217643737793;188,33705139160156;186;
1188,256;37,33823776245117;188,33705139160156;186;
1188,257;37,86411666870117;188,33705139160156;186;
1188,258;37,863529205322266;190,29888916015625;186;
1188,259;37,86470413208008;190,29888916015625;186;
1188,26;38,30470275878906;190,29888916015625;186;
1188,261;38,307647705078125;190,29888916015625;186;
1188,262;38,30881881713867;190,29888916015625;186;
1188,263;38,218231201171875;190,29888916015625;186;
1188,264;37,953529357910156;190,29888916015625;186;
1188,265;37,95294189453125;190,29888916015625;186;
1188,266;37,95058822631836;188,33705139160156;186;
1188,268;37,96823501586914;188,33705139160156;186;
1188,269;37,96823501586914;190,29888916015625;186;
1188,272;37,87999725341797;190,29888916015625;186;
1188,273;37,897647857666016;194,2225799560547;186;
1188,274;37,87999725341797;192,2607421875;186;
1188,275;37,33293914794922;192,2607421875;186;
1188,277;37,33293914794922;190,29888916015625;186;
1188,279;37,77411651611328;188,33705139160156;186;
1188,28;37,72117614746094;188,33705139160156;186;
1188,281;37,77411651611328;186,37521362304688;186;
1188,282;37,77411651611328;188,33705139160156;186;
1188,283;38,21529006958008;188,33705139160156;186;
1188,284;38,21529006958008;190,29888916015625;186;
1188,287;37,95058822631836;190,29888916015625;186;
1188,289;37,95058822631836;188,33705139160156;186;
1188,29;37,96823501586914;188,33705139160156;186;
1188,294;37,87999725341797;188,33705139160156;186;
1188,295;37,87999725341797;190,29888916015625;186;
1188,298;37,33293914794922;190,29888916015625;186;
1188,301;37,33293914794922;188,33705139160156;186;
1188,302;37,77411651611328;188,33705139160156;186;
1188,303;36,55470275878906;188,33705139160156;186;
1188,304;37,8341178894043;188,33705139160156;186;
1188,305;37,8311767578125;188,33705139160156;186;
1188,306;38,281761169433594;188,33705139160156;186;
1188,307;38,28588104248047;190,29888916015625;186;
1188,308;38,29352951049805;190,29888916015625;186;
1188,309;38,034706115722656;190,29888916015625;186;
1188,31;38,03764724731445;190,29888916015625;186;
1188,311;38,031761169433594;190,29888916015625;186;
1188,312;38,03117752075195;190,29888916015625;186;
1188,313;38,05529022216797;190,29888916015625;186;
1188,314;38,05529022216797;192,2607421875;186;
1188,315;38,052940368652344;190,29888916015625;186;
1188,316;38,05058670043945;190,29888916015625;186;
1188,317;37,959999084472656;188,33705139160156;186;
1188,318;37,955291748046875;188,33705139160156;186;
1188,319;37,95352554321289;188,33705139160156;186;
1188,32;37,94764709472656;188,33705139160156;186;
1188,321;37,39646911621094;188,33705139160156;186;
1188,322;37,39823532104492;188,33705139160156;186;
1188,323;37,39646911621094;188,33705139160156;186;
1188,324;37,838233947753906;188,33705139160156;186;
1188,325;37,838233947753906;190,29888916015625;186;
1188,326;37,837646484375;188,33705139160156;186;
1188,327;37,923526763916016;188,33705139160156;186;
1188,328;38,356468200683594;188,33705139160156;186;
1188,329;38,3570556640625;190,29888916015625;186;
1188,33;38,36705780029297;188,33705139160156;186;
1188,331;38,37470245361328;188,33705139160156;186;
1188,332;38,10764694213867;188,33705139160156;186;
1188,333;38,12294006347656;190,29888916015625;186;
1188,334;38,10647201538086;188,33705139160156;186;
1188,335;38,10117721557617;190,29888916015625;186;
1188,336;38,12234878540039;190,29888916015625;186;
1188,337;38,12294006347656;190,29888916015625;186;
1188,338;38,12705612182617;190,29888916015625;186;
1188,339;38,03764724731445;190,29888916015625;186;
1188,34;38,031761169433594;190,29888916015625;186;
1188,341;38,051761627197266;192,2607421875;186;
1188,342;38,04176330566406;190,29888916015625;186;
1188,343;37,49882125854492;190,29888916015625;186;
1188,344;37,491764068603516;188,33705139160156;186;
1188,345;37,48823547363281;188,33705139160156;186;
1188,346;37,4935302734375;188,33705139160156;186;
1188,347;37,95411682128906;188,33705139160156;186;
1188,348;37,96234893798828;188,33705139160156;186;
1188,349;37,97235107421875;188,33705139160156;186;
1188,35;37,961761474609375;190,29888916015625;186;
1188,351;38,41646957397461;190,29888916015625;186;
1188,352;38,41176223754883;190,29888916015625;186;
1188,353;38,41117477416992;190,29888916015625;186;
1188,354;38,40293884277344;190,29888916015625;186;
1188,355;38,136470794677734;190,29888916015625;186;
1188,356;38,13294219970703;188,33705139160156;186;
1188,357;38,130001068115234;188,33705139160156;186;
1188,358;38,13705825805664;188,33705139160156;186;
1188,359;38,13764572143555;188,33705139160156;186;
1188,36;38,128822326660156;188,33705139160156;186;
1188,361;38,127647399902344;188,33705139160156;186;
1188,362;38,0352897644043;190,29888916015625;186;
1188,364;38,03058624267578;190,29888916015625;186;
1188,365;38,03352737426758;190,29888916015625;186;
1188,366;37,48470687866211;190,29888916015625;186;
1188,367;37,48646926879883;190,29888916015625;186;
1188,368;37,48234939575195;188,33705139160156;186;
1188,369;37,48470687866211;188,33705139160156;186;
1188,37;37,92411804199219;188,33705139160156;186;
1188,371;37,9288215637207;188,33705139160156;186;
1188,372;37,9282341003418;188,33705139160156;186;
1188,373;38,367645263671875;188,33705139160156;186;
1188,374;38,37058639526367;190,29888916015625;186;
1188,375;38,37234878540039;190,29888916015625;186;
1188,376;38,36647033691406;190,29888916015625;186;
1188,377;38,10293960571289;190,29888916015625;186;
1188,378;38,102352142333984;192,2607421875;186;
1188,379;38,104705810546875;192,2607421875;186;
1188,38;38,10823440551758;192,2607421875;186;
1188,381;38,12294006347656;190,29888916015625;186;
1188,382;38,121761322021484;192,2607421875;186;
1188,383;38,11882019042969;188,33705139160156;186;
1188,384;38,121177673339844;188,33705139160156;186;
1188,385;38,03352737426758;188,33705139160156;186;
1188,386;38,03117752075195;188,33705139160156;186;
1188,387;38,034706115722656;188,33705139160156;186;
1188,388;37,48823547363281;188,33705139160156;186;
1188,389;37,48470687866211;190,29888916015625;186;
1188,39;37,48823547363281;190,29888916015625;186;
1188,391;37,487056732177734;190,29888916015625;186;
1188,392;37,927059173583984;188,33705139160156;186;
1188,393;37,93000030517578;190,29888916015625;186;
1188,394;37,9288215637207;188,33705139160156;186;
1188,395;37,932350158691406;188,33705139160156;186;
1188,396;38,369407653808594;188,33705139160156;186;
1188,397;38,367645263671875;190,29888916015625;186;
1188,398;38,369407653808594;188,33705139160156;186;
1188,399;38,369407653808594;190,29888916015625;186;
1188,4;38,10529327392578;190,29888916015625;186;
1188,401;38,104705810546875;190,29888916015625;186;
1188,402;38,108821868896484;190,29888916015625;186;
1188,403;38,10293960571289;190,29888916015625;186;
1188,404;38,121177673339844;190,29888916015625;186;
1188,405;38,12352752685547;190,29888916015625;186;
1188,406;38,12234878540039;190,29888916015625;186;
1188,407;38,0323486328125;190,29888916015625;186;
1188,408;38,0352897644043;190,29888916015625;186;
1188,409;38,03940963745117;188,33705139160156;186;
1188,41;38,031761169433594;188,33705139160156;186;
1188,411;37,48823547363281;188,33705139160156;186;
1188,412;37,48470687866211;188,33705139160156;186;
1188,413;37,474117279052734;188,33705139160156;186;
1188,414;37,42293930053711;188,33705139160156;186;
1188,415;37,863529205322266;190,29888916015625;186;
1188,416;37,86470413208008;190,29888916015625;186;
1188,417;37,86176300048828;190,29888916015625;186;
1188,418;37,86235046386719;190,29888916015625;186;
1188,419;38,304115295410156;190,29888916015625;186;
1188,42;38,304115295410156;192,2607421875;186;
1188,422;38,040000915527344;190,29888916015625;186;
1188,423;38,04235076904297;190,29888916015625;186;
1188,424;38,04058837890625;190,29888916015625;186;
1188,425;38,04058837890625;186,37521362304688;186;
1188,426;38,057647705078125;186,37521362304688;186;
1188,427;38,057647705078125;188,33705139160156;186;
1188,43;37,971763610839844;190,29888916015625;186;
1188,432;37,971763610839844;188,33705139160156;186;
1188,433;37,971763610839844;190,29888916015625;186;
1188,434;37,42293930053711;188,33705139160156;186;
1188,437;37,86411666870117;188,33705139160156;186;
1188,441;38,30470275878906;188,33705139160156;186;
1188,442;38,30470275878906;190,29888916015625;186;
1188,445;38,04058837890625;190,29888916015625;186;
1188,447;38,04058837890625;188,33705139160156;186;
1188,448;38,04058837890625;190,29888916015625;186;
1188,449;38,057647705078125;188,33705139160156;186;
1188,45;38,057647705078125;190,29888916015625;186;
1188,451;38,057647705078125;188,33705139160156;186;
1188,452;38,057647705078125;190,29888916015625;186;
1188,453;37,971763610839844;190,29888916015625;186;
1188,456;37,42293930053711;192,2607421875;186;
1188,457;37,42293930053711;194,2225799560547;186;
1188,458;37,42293930053711;192,2607421875;186;
1188,459;37,42293930053711;190,29888916015625;186;
1188,46;37,86411666870117;190,29888916015625;186;
1188,463;37,86411666870117;188,33705139160156;186;
1188,464;38,30470275878906;188,33705139160156;186;
1188,467;38,30470275878906;190,29888916015625;186;
1188,468;38,04058837890625;190,29888916015625;186;
1188,47;38,04058837890625;188,33705139160156;186;
1188,471;38,05823516845703;190,29888916015625;186;
1188,472;38,057647705078125;190,29888916015625;186;
1188,473;38,057647705078125;188,33705139160156;186;
1188,475;37,971763610839844;188,33705139160156;186;
1188,476;37,971763610839844;190,29888916015625;186;
1188,477;37,971763610839844;188,33705139160156;186;
1188,478;37,96999740600586;188,33705139160156;186;
1188,479;37,42293930053711;190,29888916015625;186;
1188,483;37,86411666870117;190,29888916015625;186;
1188,484;37,86411666870117;192,2607421875;186;
1188,486;38,30529022216797;192,2607421875;186;
1188,487;38,30470275878906;192,2607421875;186;
1188,489;38,30470275878906;190,29888916015625;186;
1188,49;38,04058837890625;190,29888916015625;186;
1188,491;38,04058837890625;188,33705139160156;186;
1188,494;38,057647705078125;188,33705139160156;186;
1188,495;38,057647705078125;190,29888916015625;186;
1188,498;37,971763610839844;190,29888916015625;186;
1188,5;37,971763610839844;188,33705139160156;186;
1188,501;37,424705505371094;188,33705139160156;186;
1188,502;37,42293930053711;188,33705139160156;186;
1188,505;37,86411666870117;188,33705139160156;186;
1188,506;37,86411666870117;190,29888916015625;186;
1188,507;37,86411666870117;188,33705139160156;186;
1188,508;37,86411666870117;190,29888916015625;186;
1188,509;38,30470275878906;190,29888916015625;186;
1188,51;38,30470275878906;192,2607421875;186;
1188,511;38,30470275878906;190,29888916015625;186;
1188,513;38,04058837890625;190,29888916015625;186;
1188,514;38,04058837890625;192,2607421875;186;
1188,515;38,04058837890625;190,29888916015625;186;
1188,516;38,05823516845703;188,33705139160156;186;
1188,517;38,057647705078125;188,33705139160156;186;
1188,519;38,057647705078125;190,29888916015625;186;
1188,52;37,971763610839844;190,29888916015625;186;
1188,522;37,971763610839844;192,2607421875;186;
1188,524;37,42293930053711;192,2607421875;186;
1188,526;37,42293930053711;190,29888916015625;186;
1188,528;37,86411666870117;190,29888916015625;186;
1188,529;37,86411666870117;188,33705139160156;186;
1188,53;37,81058883666992;186,37521362304688;186;
1188,531;37,81117630004883;188,33705139160156;186;
1188,532;38,304115295410156;188,33705139160156;186;
1188,533;38,30470275878906;190,29888916015625;186;
1188,534;38,30529022216797;190,29888916015625;186;
1188,535;38,041175842285156;190,29888916015625;186;
1188,536;38,04058837890625;190,29888916015625;186;
1188,537;38,041175842285156;188,33705139160156;186;
1188,538;38,04058837890625;190,29888916015625;186;
1188,539;38,05999755859375;188,33705139160156;186;
1188,54;38,05823516845703;190,29888916015625;186;
1188,541;38,05823516845703;188,33705139160156;186;
1188,542;38,05881881713867;188,33705139160156;186;
1188,543;37,96705627441406;188,33705139160156;186;
1188,544;37,96999740600586;190,29888916015625;186;
1188,545;37,96705627441406;190,29888916015625;186;
1188,547;37,335880279541016;190,29888916015625;186;
1188,548;37,33823776245117;190,29888916015625;186;
1188,549;37,33293914794922;190,29888916015625;186;
1188,55;37,77411651611328;190,29888916015625;186;
1188,551;37,77647018432617;190,29888916015625;186;
1188,552;37,77411651611328;188,33705139160156;186;
1188,554;38,21529006958008;188,33705139160156;186;
1188,555;38,21529006958008;190,29888916015625;186;
1188,556;38,21529006958008;188,33705139160156;186;
1188,557;38,21529006958008;190,29888916015625;186;
1188,558;37,95058822631836;190,29888916015625;186;
1188,559;37,95058822631836;192,2607421875;186;
1188,56;37,95058822631836;190,29888916015625;186;
1188,561;37,95058822631836;192,2607421875;186;
1188,562;37,96823501586914;192,2607421875;186;
1188,564;37,96823501586914;190,29888916015625;186;
1188,565;37,87999725341797;190,29888916015625;186;
1188,568;37,87999725341797;186,37521362304688;186;
1188,569;37,279998779296875;186,37521362304688;186;
1188,57;37,279998779296875;188,33705139160156;186;
1188,571;37,28058624267578;186,37521362304688;186;
1188,572;37,279998779296875;188,33705139160156;186;
1188,573;37,77411651611328;188,33705139160156;186;
1188,575;37,77411651611328;186,37521362304688;186;
1188,576;37,77411651611328;188,33705139160156;186;
1188,577;38,21529006958008;188,33705139160156;186;
1188,578;38,21529006958008;190,29888916015625;186;
1188,581;37,95058822631836;190,29888916015625;186;
1188,582;37,95058822631836;188,33705139160156;186;
1188,584;37,96823501586914;188,33705139160156;186;
1188,585;37,96823501586914;190,29888916015625;186;
1188,586;36,74235153198242;190,29888916015625;186;
1188,587;38,027645111083984;190,29888916015625;186;
1188,588;37,93940734863281;190,29888916015625;186;
1188,589;37,94999694824219;192,2607421875;186;
1188,59;37,95058822631836;190,29888916015625;186;
1188,591;37,96117401123047;190,29888916015625;186;
1188,592;37,417057037353516;190,29888916015625;186;
1188,593;37,417057037353516;188,33705139160156;186;
1188,594;37,41411590576172;188,33705139160156;186;
1188,595;37,41352844238281;188,33705139160156;186;
1188,596;37,86411666870117;188,33705139160156;186;
1188,597;37,861175537109375;188,33705139160156;186;
1188,599;38,301761627197266;186,37521362304688;186;
1188,6;38,29587936401367;188,33705139160156;186;
1188,601;38,29058837890625;190,29888916015625;186;
1188,602;38,28940963745117;190,29888916015625;186;
1188,603;38,01823425292969;190,29888916015625;186;
1188,604;38,017059326171875;190,29888916015625;186;
1188,605;38,0158805847168;188,33705139160156;186;
1188,606;38,01117706298828;188,33705139160156;186;
1188,607;38,031761169433594;188,33705139160156;186;
1188,608;38,0323486328125;188,33705139160156;186;
1188,61;38,111175537109375;188,33705139160156;186;
1188,611;38,02411651611328;190,29888916015625;186;
1188,612;38,025291442871094;190,29888916015625;186;
1188,613;38,0352897644043;190,29888916015625;186;
1188,614;37,48823547363281;190,29888916015625;186;
1188,615;37,495880126953125;190,29888916015625;186;
1188,616;37,49823760986328;190,29888916015625;186;
1188,617;37,49940872192383;188,33705139160156;186;
1188,618;37,92764663696289;188,33705139160156;186;
1188,619;37,92646789550781;188,33705139160156;186;
1188,62;37,9282341003418;188,33705139160156;186;
1188,621;37,93058776855469;188,33705139160156;186;
1188,622;38,37528991699219;186,37521362304688;186;
1188,625;38,37294006347656;188,33705139160156;186;
1188,626;38,113529205322266;190,29888916015625;186;
1188,627;38,09882354736328;190,29888916015625;186;
1188,628;38,10293960571289;190,29888916015625;186;
1188,629;38,11705780029297;190,29888916015625;186;
1188,63;38,13470458984375;190,29888916015625;186;
1188,631;38,155879974365234;190,29888916015625;186;
1188,632;38,160587310791016;188,33705139160156;186;
1188,633;38,07117462158203;188,33705139160156;186;
1188,634;38,074703216552734;188,33705139160156;186;
1188,635;38,07764434814453;188,33705139160156;186;
1188,636;38,079410552978516;188,33705139160156;186;
1188,637;37,521175384521484;188,33705139160156;186;
1188,638;37,52411651611328;188,33705139160156;186;
1188,639;37,514705657958984;188,33705139160156;186;
1188,64;37,512939453125;188,33705139160156;186;
1188,641;37,945289611816406;188,33705139160156;186;
1188,642;37,945289611816406;190,29888916015625;186;
1188,643;37,93941116333008;188,33705139160156;186;
1188,644;37,93705749511719;186,37521362304688;186;
1188,645;38,36705780029297;186,37521362304688;186;
1188,646;38,362937927246094;188,33705139160156;186;
1188,647;38,37117385864258;186,37521362304688;186;
1188,648;38,367645263671875;186,37521362304688;186;
1188,649;38,10588073730469;188,33705139160156;186;
1188,65;38,10588073730469;186,37521362304688;186;
1188,651;38,104705810546875;186,37521362304688;186;
1188,652;38,121177673339844;188,33705139160156;186;
1188,653;38,126468658447266;188,33705139160156;186;
1188,654;38,119998931884766;190,29888916015625;186;
1188,655;38,12294006347656;190,29888916015625;186;
1188,656;38,03293991088867;190,29888916015625;186;
1188,657;38,02823257446289;192,2607421875;186;
1188,658;38,0323486328125;190,29888916015625;186;
1188,659;38,03705596923828;190,29888916015625;186;
1188,66;37,48882293701172;188,33705139160156;186;
1188,661;37,48999786376953;188,33705139160156;186;
1188,662;37,4841194152832;186,37521362304688;186;
1188,663;37,48823547363281;188,33705139160156;186;
1188,664;37,92940902709961;188,33705139160156;186;
1188,665;37,931175231933594;188,33705139160156;186;
1188,666;37,93000030517578;188,33705139160156;186;
1188,667;38,37234878540039;188,33705139160156;186;
1188,668;38,37294006347656;188,33705139160156;186;
1188,669;38,37294006347656;190,29888916015625;186;
1188,67;38,36705780029297;190,29888916015625;186;
1188,671;38,107059478759766;188,33705139160156;186;
1188,672;38,10353088378906;188,33705139160156;186;
1188,673;38,10588073730469;186,37521362304688;186;
1188,674;38,10940933227539;184,41336059570312;186;
1188,675;38,06999969482422;184,41336059570312;186;
1188,676;38,121177673339844;186,37521362304688;186;
1188,678;38,12234878540039;186,37521362304688;186;
1188,679;38,03588104248047;188,33705139160156;186;
1188,68;38,034706115722656;188,33705139160156;186;
1188,682;38,0323486328125;188,33705139160156;186;
1188,683;37,485294342041016;188,33705139160156;186;
1188,684;37,48588180541992;188,33705139160156;186;
1188,685;37,485294342041016;188,33705139160156;186;
1188,686;37,487648010253906;188,33705139160156;186;
1188,687;37,93000030517578;188,33705139160156;186;
1188,688;37,932350158691406;188,33705139160156;186;
1188,689;37,925880432128906;186,37521362304688;186;
1188,69;38,367645263671875;188,33705139160156;186;
1188,691;38,369407653808594;190,29888916015625;186;
1188,692;38,369998931884766;190,29888916015625;186;
1188,693;38,37117385864258;192,2607421875;186;
1188,694;38,10940933227539;192,2607421875;186;
1188,695;38,10176467895508;192,2607421875;186;
1188,696;38,094120025634766;190,29888916015625;186;
1188,697;38,04176330566406;190,29888916015625;186;
1188,698;38,05881881713867;188,33705139160156;186;
1188,699;38,05705642700195;188,33705139160156;186;
1188,701;38,057647705078125;188,33705139160156;186;
1188,702;37,96823501586914;188,33705139160156;186;
1188,703;37,96881866455078;188,33705139160156;186;
1188,704;37,96823501586914;188,33705139160156;186;
1188,705;37,424705505371094;188,33705139160156;186;
1188,706;37,4217643737793;188,33705139160156;186;
1188,707;37,42293930053711;188,33705139160156;186;
1188,709;37,862937927246094;186,37521362304688;186;
1188,713;38,305877685546875;186,37521362304688;186;
1188,714;38,305877685546875;188,33705139160156;186;
1188,715;38,305877685546875;186,37521362304688;186;
1188,716;38,305877685546875;188,33705139160156;186;
1188,717;38,04058837890625;188,33705139160156;186;
1188,72;38,04058837890625;190,29888916015625;186;
1188,721;38,05881881713867;190,29888916015625;186;
1188,722;38,05881881713867;192,2607421875;186;
1188,723;38,05881881713867;190,29888916015625;186;
1188,724;37,970584869384766;190,29888916015625;186;
1188,725;37,96940994262695;190,29888916015625;186;
1188,727;37,96940994262695;188,33705139160156;186;
1188,728;37,42293930053711;188,33705139160156;186;
1188,729;37,42293930053711;190,29888916015625;186;
1188,73;37,42293930053711;188,33705139160156;186;
1188,732;37,862937927246094;188,33705139160156;186;
1188,733;37,862937927246094;190,29888916015625;186;
1188,734;37,862937927246094;188,33705139160156;186;
1188,735;37,862937927246094;190,29888916015625;186;
1188,736;38,305877685546875;190,29888916015625;186;
1188,738;38,305877685546875;188,33705139160156;186;
1188,739;38,041175842285156;188,33705139160156;186;
1188,741;38,04058837890625;188,33705139160156;186;
1188,742;38,04058837890625;186,37521362304688;186;
1188,743;38,05823516845703;186,37521362304688;186;
1188,744;38,05881881713867;188,33705139160156;186;
1188,745;38,05881881713867;190,29888916015625;186;
1188,747;37,88117599487305;190,29888916015625;186;
1188,748;37,96940994262695;190,29888916015625;186;
1188,749;37,96940994262695;188,33705139160156;186;
1188,75;37,96940994262695;190,29888916015625;186;
1188,751;37,42293930053711;188,33705139160156;186;
1188,753;37,42293930053711;186,37521362304688;186;
1188,755;37,862937927246094;186,37521362304688;186;
1188,758;38,304115295410156;186,37521362304688;186;
1188,759;38,30470275878906;188,33705139160156;186;
1188,76;38,305877685546875;190,29888916015625;186;
1188,762;38,04058837890625;192,2607421875;186;
1188,763;38,04058837890625;190,29888916015625;186;
1188,765;38,04058837890625;188,33705139160156;186;
1188,766;38,05881881713867;188,33705139160156;186;
1188,767;38,05881881713867;190,29888916015625;186;
1188,768;38,05881881713867;188,33705139160156;186;
1188,77;37,96940994262695;190,29888916015625;186;
1188,773;37,4223518371582;190,29888916015625;186;
1188,774;37,42293930053711;190,29888916015625;186;
1188,777;37,862937927246094;188,33705139160156;186;
1188,781;38,305877685546875;188,33705139160156;186;
1188,782;38,305877685546875;190,29888916015625;186;
1188,783;38,305877685546875;188,33705139160156;186;
1188,784;38,305877685546875;190,29888916015625;186;
1188,785;38,04058837890625;190,29888916015625;186;
1188,787;38,04058837890625;188,33705139160156;186;
1188,788;38,04058837890625;190,29888916015625;186;
1188,789;38,05881881713867;190,29888916015625;186;
1188,791;38,05881881713867;188,33705139160156;186;
1188,792;37,970584869384766;188,33705139160156;186;
1188,793;37,96940994262695;188,33705139160156;186;
1188,796;37,4223518371582;188,33705139160156;186;
1188,797;37,42293930053711;190,29888916015625;186;
1188,798;37,42293930053711;188,33705139160156;186;
1188,799;37,42293930053711;190,29888916015625;186;
1188,8;37,862937927246094;190,29888916015625;186;
1188,802;37,862937927246094;188,33705139160156;186;
1188,803;37,862937927246094;190,29888916015625;186;
1188,804;38,305877685546875;188,33705139160156;186;
1188,805;38,305877685546875;190,29888916015625;186;
1188,806;38,305877685546875;188,33705139160156;186;
1188,807;38,041175842285156;188,33705139160156;186;
1188,808;38,04058837890625;188,33705139160156;186;
1188,811;38,05881881713867;188,33705139160156;186;
1188,812;38,05881881713867;190,29888916015625;186;
1188,815;37,971763610839844;190,29888916015625;186;
1188,816;37,96881866455078;190,29888916015625;186;
1188,817;37,971763610839844;190,29888916015625;186;
1188,818;37,96881866455078;190,29888916015625;186;
1188,819;37,42293930053711;190,29888916015625;186;
1188,82;37,423526763916016;188,33705139160156;186;
1188,821;37,42293930053711;188,33705139160156;186;
1188,822;37,424705505371094;188,33705139160156;186;
1188,823;37,862937927246094;188,33705139160156;186;
1188,824;37,86411666870117;190,29888916015625;186;
1188,826;38,305877685546875;190,29888916015625;186;
1188,827;38,30529022216797;190,29888916015625;186;
1188,829;38,30058670043945;190,29888916015625;186;
1188,83;37,953529357910156;190,29888916015625;186;
1188,832;37,95058822631836;188,33705139160156;186;
1188,834;37,96823501586914;188,33705139160156;186;
1188,837;37,96823501586914;190,29888916015625;186;
1188,838;37,87999725341797;190,29888916015625;186;
1188,84;37,87999725341797;192,2607421875;186;
1188,841;37,33293914794922;192,2607421875;186;
1188,844;37,33293914794922;190,29888916015625;186;
1188,845;37,77411651611328;190,29888916015625;186;
1188,847;37,77411651611328;186,37521362304688;186;
1188,848;37,72117614746094;186,37521362304688;186;
1188,849;38,21529006958008;188,33705139160156;186;
1188,85;38,21529006958008;190,29888916015625;186;
1188,853;37,95058822631836;190,29888916015625;186;
1188,855;37,95058822631836;188,33705139160156;186;
1188,856;37,96823501586914;188,33705139160156;186;
1188,86;37,87999725341797;188,33705139160156;186;
1188,861;37,87999725341797;190,29888916015625;186;
1188,862;37,87999725341797;188,33705139160156;186;
1188,863;37,87999725341797;190,29888916015625;186;
1188,864;37,33293914794922;190,29888916015625;186;
1188,865;37,33293914794922;192,2607421875;186;
1188,866;37,33293914794922;190,29888916015625;186;
1188,867;37,33293914794922;192,2607421875;186;
1188,868;37,77411651611328;192,2607421875;186;
1188,869;37,86058807373047;192,2607421875;186;
1188,87;37,837059020996094;190,29888916015625;186;
1188,871;38,28058624267578;190,29888916015625;186;
1188,872;38,27647018432617;190,29888916015625;186;
1188,873;38,28588104248047;190,29888916015625;186;
1188,874;38,29646682739258;188,33705139160156;186;
1188,875;38,034706115722656;188,33705139160156;186;
1188,876;38,03764724731445;190,29888916015625;186;
1188,877;38,034706115722656;188,33705139160156;186;
1188,879;38,06117630004883;190,29888916015625;186;
1188,88;38,05234909057617;190,29888916015625;186;
1188,881;38,04999923706055;192,2607421875;186;
1188,882;38,05529022216797;192,2607421875;186;
1188,883;37,96352767944336;190,29888916015625;186;
1188,884;37,952938079833984;190,29888916015625;186;
1188,885;37,952938079833984;188,33705139160156;186;
1188,886;37,94940948486328;188,33705139160156;186;
1188,887;37,399410247802734;188,33705139160156;186;
1188,888;37,39646911621094;188,33705139160156;186;
1188,89;37,8405876159668;188,33705139160156;186;
1188,891;37,838233947753906;190,29888916015625;186;
1188,893;37,83235168457031;190,29888916015625;186;
1188,894;38,362937927246094;190,29888916015625;186;
1188,895;38,361759185791016;190,29888916015625;186;
1188,896;38,369407653808594;190,29888916015625;186;
1188,897;38,376468658447266;190,29888916015625;186;
1188,898;38,10940933227539;188,33705139160156;186;
1188,899;38,11411666870117;190,29888916015625;186;
1188,9;38,11705780029297;188,33705139160156;186;
1188,901;38,10293960571289;188,33705139160156;186;
1188,902;38,12234878540039;188,33705139160156;186;
1188,903;38,121761322021484;190,29888916015625;186;
1188,905;38,042938232421875;190,29888916015625;186;
1188,906;38,03940963745117;192,2607421875;186;
1188,907;38,042938232421875;190,29888916015625;186;
1188,908;38,04176330566406;190,29888916015625;186;
1188,909;37,51117706298828;190,29888916015625;186;
1188,91;37,49764633178711;192,2607421875;186;
1188,911;37,48882293701172;188,33705139160156;186;
1188,912;37,48234939575195;188,33705139160156;186;
1188,913;37,945289611816406;188,33705139160156;186;
1188,914;37,95882034301758;188,33705139160156;186;
1188,915;37,96411895751953;188,33705139160156;186;
1188,916;37,96705627441406;188,33705139160156;186;
1188,917;38,404117584228516;190,29888916015625;186;
1188,918;38,40882110595703;190,29888916015625;186;
1188,919;38,41293716430664;190,29888916015625;186;
1188,92;38,141761779785156;190,29888916015625;186;
1188,921;38,13882064819336;192,2607421875;186;
1188,922;38,13705825805664;192,2607421875;186;
1188,923;38,12823486328125;190,29888916015625;186;
1188,924;38,141761779785156;188,33705139160156;186;
1188,925;38,13175964355469;188,33705139160156;186;
1188,926;38,134117126464844;188,33705139160156;186;
1188,927;38,12823486328125;188,33705139160156;186;
1188,928;38,04176330566406;190,29888916015625;186;
1188,929;38,03352737426758;190,29888916015625;186;
1188,93;38,03588104248047;190,29888916015625;186;
1188,931;38,0294075012207;190,29888916015625;186;
1188,932;37,485294342041016;190,29888916015625;186;
1188,933;37,487056732177734;192,2607421875;186;
1188,934;37,48823547363281;190,29888916015625;186;
1188,935;37,925880432128906;190,29888916015625;186;
1188,936;37,9282341003418;188,33705139160156;186;
1188,937;37,927059173583984;188,33705139160156;186;
1188,938;37,92940902709961;186,37521362304688;186;
1188,939;38,37058639526367;188,33705139160156;186;
1188,94;38,369407653808594;188,33705139160156;186;
1188,941;38,36882019042969;190,29888916015625;186;
1188,942;38,37117385864258;190,29888916015625;186;
1188,943;38,10411834716797;190,29888916015625;186;
1188,944;38,10823440551758;190,29888916015625;186;
1188,945;38,09941101074219;190,29888916015625;186;
1188,946;38,10176467895508;190,29888916015625;186;
1188,947;38,12058639526367;188,33705139160156;186;
1188,948;38,12234878540039;190,29888916015625;186;
1188,949;38,117645263671875;188,33705139160156;186;
1188,95;38,12470245361328;188,33705139160156;186;
1188,951;38,03117752075195;188,33705139160156;186;
1188,952;38,03058624267578;188,33705139160156;186;
1188,953;38,0323486328125;188,33705139160156;186;
1188,954;37,4905891418457;188,33705139160156;186;
1188,955;37,48823547363281;190,29888916015625;186;
1188,956;37,4905891418457;190,29888916015625;186;
1188,957;37,487648010253906;190,29888916015625;186;
1188,958;37,92764663696289;190,29888916015625;186;
1188,959;37,9282341003418;190,29888916015625;186;
1188,96;37,92764663696289;188,33705139160156;186;
1188,961;37,93000030517578;190,29888916015625;186;
1188,962;38,371761322021484;188,33705139160156;186;
1188,963;38,37294006347656;190,29888916015625;186;
1188,964;38,38941192626953;190,29888916015625;186;
1188,965;38,36882019042969;190,29888916015625;186;
1188,966;38,104705810546875;188,33705139160156;186;
1188,967;38,10529327392578;188,33705139160156;186;
1188,968;38,10353088378906;188,33705139160156;186;
1188,969;38,12234878540039;190,29888916015625;186;
1188,97;38,12705612182617;190,29888916015625;186;
1188,971;38,121177673339844;190,29888916015625;186;
1188,972;38,121177673339844;192,2607421875;186;
1188,973;38,034114837646484;192,2607421875;186;
1188,974;38,03352737426758;192,2607421875;186;
1188,975;38,03588104248047;190,29888916015625;186;
1188,976;38,03352737426758;190,29888916015625;186;
1188,977;37,48588180541992;190,29888916015625;186;
1188,979;37,48234939575195;186,37521362304688;186;
1188,98;37,37588119506836;186,37521362304688;186;
1188,981;37,80999755859375;188,33705139160156;186;
1188,982;37,862937927246094;188,33705139160156;186;
1188,983;37,86470413208008;188,33705139160156;186;
1188,984;38,30352783203125;188,33705139160156;186;
1188,985;38,304115295410156;190,29888916015625;186;
1188,988;38,04058837890625;190,29888916015625;186;
1188,989;38,040000915527344;190,29888916015625;186;
1188,99;38,04058837890625;188,33705139160156;186;
1188,992;38,057647705078125;188,33705139160156;186;
1188,993;38,040000915527344;186,37521362304688;186;
1188,994;38,057647705078125;186,37521362304688;186;
1188,995;38,057647705078125;188,33705139160156;186;
1188,996;37,971763610839844;188,33705139160156;186;
1188,997;37,971763610839844;192,2607421875;186;
1188,998;37,971763610839844;190,29888916015625;186;
1189;37,42293930053711;190,29888916015625;186;
1189,002;37,42293930053711;188,33705139160156;186;
1189,003;37,86411666870117;188,33705139160156;186;
1189,007;38,30470275878906;188,33705139160156;186;
1189,008;38,30470275878906;190,29888916015625;186;
1189,011;38,04058837890625;194,2225799560547;186;
1189,012;38,04058837890625;192,2607421875;186;
1189,013;38,04058837890625;190,29888916015625;186;
1189,014;38,04058837890625;192,2607421875;186;
1189,015;38,057647705078125;190,29888916015625;186;
1189,018;37,96940994262695;188,33705139160156;186;
1189,019;37,971763610839844;188,33705139160156;186;
1189,022;37,42293930053711;188,33705139160156;186;
1189,023;37,42293930053711;190,29888916015625;186;
1189,024;37,42293930053711;188,33705139160156;186;
1189,026;37,86411666870117;188,33705139160156;186;
1189,029;37,86411666870117;186,37521362304688;186;
1189,03;38,30470275878906;186,37521362304688;186;
1189,031;38,30470275878906;188,33705139160156;186;
1189,034;38,04058837890625;188,33705139160156;186;
1189,035;38,04058837890625;190,29888916015625;186;
1189,037;38,057647705078125;190,29888916015625;186;
1189,038;38,057647705078125;192,2607421875;186;
1189,039;38,057647705078125;190,29888916015625;186;
1189,041;37,971763610839844;190,29888916015625;186;
1189,042;37,971763610839844;192,2607421875;186;
1189,043;37,971763610839844;190,29888916015625;186;
1189,045;37,42293930053711;190,29888916015625;186;
1189,046;37,42293930053711;188,33705139160156;186;
1189,049;37,86411666870117;190,29888916015625;186;
1189,051;37,86411666870117;188,33705139160156;186;
1189,052;38,30529022216797;190,29888916015625;186;
1189,053;38,30470275878906;190,29888916015625;186;
1189,056;38,04058837890625;188,33705139160156;186;
1189,06;38,057647705078125;188,33705139160156;186;
1189,061;38,057647705078125;190,29888916015625;186;
1189,062;38,057647705078125;188,33705139160156;186;
1189,063;38,057647705078125;190,29888916015625;186;
1189,064;37,971763610839844;190,29888916015625;186;
1189,067;37,424705505371094;190,29888916015625;186;
1189,068;37,42293930053711;190,29888916015625;186;
1189,069;37,42293930053711;188,33705139160156;186;
1189,071;37,86411666870117;188,33705139160156;186;
1189,075;38,30470275878906;188,33705139160156;186;
1189,076;38,30470275878906;190,29888916015625;186;
1189,079;38,04058837890625;190,29888916015625;186;
1189,081;38,04058837890625;188,33705139160156;186;
1189,083;38,057647705078125;188,33705139160156;186;
1189,086;37,971763610839844;188,33705139160156;186;
1189,087;37,971763610839844;190,29888916015625;186;
1189,09;37,44058609008789;190,29888916015625;186;
1189,091;37,42293930053711;190,29888916015625;186;
1189,094;37,86411666870117;188,33705139160156;186;
1189,095;37,86411666870117;190,29888916015625;186;
1189,096;37,86411666870117;188,33705139160156;186;
1189,098;38,30470275878906;190,29888916015625;186;
1189,099;38,30529022216797;190,29888916015625;186;
1189,101;38,04235076904297;190,29888916015625;186;
1189,102;38,03940963745117;192,2607421875;186;
1189,103;38,04235076904297;192,2607421875;186;
1189,104;38,04058837890625;192,2607421875;186;
1189,105;38,05823516845703;192,2607421875;186;
1189,107;38,05823516845703;190,29888916015625;186;
1189,108;38,057647705078125;190,29888916015625;186;
1189,109;37,96999740600586;190,29888916015625;186;
1189,11;37,96881866455078;188,33705139160156;186;
1189,111;37,971763610839844;186,37521362304688;186;
1189,112;37,91999816894531;188,33705139160156;186;
1189,113;37,28293991088867;188,33705139160156;186;
1189,114;37,335880279541016;188,33705139160156;186;
1189,115;37,33293914794922;188,33705139160156;186;
1189,116;37,77411651611328;188,33705139160156;186;
1189,12;38,21529006958008;188,33705139160156;186;
1189,121;38,21529006958008;190,29888916015625;186;
1189,124;37,95058822631836;188,33705139160156;186;
1189,125;37,95058822631836;190,29888916015625;186;
1189,126;37,95058822631836;188,33705139160156;186;
1189,128;37,96823501586914;190,29888916015625;186;
1189,131;37,87999725341797;190,29888916015625;186;
1189,134;37,87999725341797;188,33705139160156;186;
1189,135;37,33293914794922;188,33705139160156;186;
1189,136;37,33293914794922;190,29888916015625;186;
1189,137;37,33293914794922;188,33705139160156;186;
1189,139;37,77411651611328;188,33705139160156;186;
1189,14;37,77411651611328;190,29888916015625;186;
1189,141;37,77411651611328;188,33705139160156;186;
1189,142;37,77411651611328;190,29888916015625;186;
1189,143;38,21529006958008;190,29888916015625;186;
1189,144;38,21529006958008;192,2607421875;186;
1189,146;37,95058822631836;192,2607421875;186;
1189,148;37,95058822631836;190,29888916015625;186;
1189,149;37,95058822631836;188,33705139160156;186;
1189,15;37,96823501586914;186,37521362304688;186;
1189,151;37,96823501586914;188,33705139160156;186;
1189,153;38,03117752075195;188,33705139160156;186;
1189,154;37,945289611816406;188,33705139160156;186;
1189,155;37,944114685058594;190,29888916015625;186;
1189,156;37,952938079833984;190,29888916015625;186;
1189,157;37,94940948486328;190,29888916015625;186;
1189,158;37,41411590576172;188,33705139160156;186;
1189,159;37,417057037353516;190,29888916015625;186;
1189,16;37,41411590576172;188,33705139160156;186;
1189,162;37,861175537109375;188,33705139160156;186;
1189,163;37,85823440551758;188,33705139160156;186;
1189,164;37,861175537109375;186,37521362304688;186;
1189,165;38,30117416381836;186,37521362304688;186;
1189,166;38,297645568847656;188,33705139160156;186;
1189,167;38,29352951049805;188,33705139160156;186;
1189,168;38,29058837890625;192,2607421875;186;
1189,169;38,02294158935547;190,29888916015625;186;
1189,17;38,01823425292969;192,2607421875;186;
1189,171;38,01411819458008;190,29888916015625;186;
1189,173;38,031761169433594;188,33705139160156;186;
1189,174;38,0352897644043;190,29888916015625;186;
1189,175;38,0323486328125;188,33705139160156;186;
1189,176;38,029998779296875;188,33705139160156;186;
1189,177;38,0294075012207;190,29888916015625;186;
1189,178;38,025291442871094;190,29888916015625;186;
1189,179;38,029998779296875;188,33705139160156;186;
1189,18;38,034114837646484;190,29888916015625;186;
1189,181;37,4970588684082;190,29888916015625;186;
1189,182;37,50176239013672;190,29888916015625;186;
1189,183;37,4970588684082;190,29888916015625;186;
1189,184;37,9223518371582;190,29888916015625;186;
1189,185;37,925880432128906;190,29888916015625;186;
1189,186;37,92646789550781;188,33705139160156;186;
1189,187;37,923526763916016;188,33705139160156;186;
1189,188;38,37881851196289;188,33705139160156;186;
1189,189;38,369998931884766;190,29888916015625;186;
1189,19;38,377647399902344;188,33705139160156;186;
1189,191;38,37705612182617;188,33705139160156;186;
1189,192;38,10940933227539;190,29888916015625;186;
1189,193;38,102352142333984;190,29888916015625;186;
1189,194;38,09294128417969;188,33705139160156;186;
1189,195;38,10588073730469;190,29888916015625;186;
1189,196;38,13882064819336;190,29888916015625;186;
1189,197;38,15705871582031;190,29888916015625;186;
1189,198;38,15999984741211;192,2607421875;186;
1189,199;38,07529067993164;192,2607421875;186;
1189,2;38,06764602661133;192,2607421875;186;
1189,201;38,07293701171875;190,29888916015625;186;
1189,202;38,07117462158203;188,33705139160156;186;
1189,203;37,52941131591797;188,33705139160156;186;
1189,204;37,52411651611328;188,33705139160156;186;
1189,205;37,52176284790039;188,33705139160156;186;
1189,206;37,512939453125;188,33705139160156;186;
1189,207;37,947059631347656;188,33705139160156;186;
1189,208;37,945289611816406;188,33705139160156;186;
1189,209;37,93705749511719;188,33705139160156;186;
1189,21;37,93705749511719;190,29888916015625;186;
1189,211;38,37058639526367;190,29888916015625;186;
1189,212;38,36647033691406;190,29888916015625;186;
1189,213;38,36705780029297;188,33705139160156;186;
1189,214;38,104705810546875;188,33705139160156;186;
1189,215;38,099998474121094;188,33705139160156;186;
1189,216;38,10117721557617;188,33705139160156;186;
1189,217;38,10353088378906;188,33705139160156;186;
1189,218;38,12352752685547;186,37521362304688;186;
1189,219;38,121177673339844;188,33705139160156;186;
1189,22;38,12294006347656;188,33705139160156;186;
1189,221;38,12058639526367;190,29888916015625;186;
1189,222;38,03293991088867;190,29888916015625;186;
1189,223;38,034114837646484;192,2607421875;186;
1189,224;38,034706115722656;190,29888916015625;186;
1189,225;38,03588104248047;190,29888916015625;186;
1189,226;37,489410400390625;190,29888916015625;186;
1189,227;37,48176574707031;190,29888916015625;186;
1189,228;37,48882293701172;188,33705139160156;186;
1189,229;37,48588180541992;188,33705139160156;186;
1189,23;37,925880432128906;188,33705139160156;186;
1189,231;37,92646789550781;188,33705139160156;186;
1189,232;37,92529296875;188,33705139160156;186;
1189,233;38,36823272705078;190,29888916015625;186;
1189,234;38,37058639526367;190,29888916015625;186;
1189,235;38,36705780029297;190,29888916015625;186;
1189,236;38,37058639526367;190,29888916015625;186;
1189,237;38,10411834716797;190,29888916015625;186;
1189,238;38,10176467895508;190,29888916015625;186;
1189,239;38,10529327392578;188,33705139160156;186;
1189,24;38,10647201538086;188,33705139160156;186;
1189,241;38,12234878540039;188,33705139160156;186;
1189,242;38,12588119506836;188,33705139160156;186;
1189,243;38,12234878540039;188,33705139160156;186;
1189,244;38,121177673339844;188,33705139160156;186;
1189,245;38,03352737426758;190,29888916015625;186;
1189,247;38,03705596923828;190,29888916015625;186;
1189,248;37,48646926879883;190,29888916015625;186;
1189,25;37,48588180541992;192,2607421875;186;
1189,251;37,485294342041016;192,2607421875;186;
1189,252;37,927059173583984;190,29888916015625;186;
1189,253;37,93000030517578;188,33705139160156;186;
1189,254;37,9288215637207;186,37521362304688;186;
1189,255;37,92940902709961;188,33705139160156;186;
1189,256;38,369407653808594;188,33705139160156;186;
1189,257;38,36705780029297;188,33705139160156;186;
1189,258;38,36823272705078;188,33705139160156;186;
1189,259;38,37352752685547;190,29888916015625;186;
1189,26;38,10293960571289;190,29888916015625;186;
1189,261;38,10823440551758;190,29888916015625;186;
1189,262;38,099998474121094;188,33705139160156;186;
1189,263;39,344703674316406;188,33705139160156;186;
1189,264;38,059410095214844;190,29888916015625;186;
1189,265;38,05881881713867;188,33705139160156;186;
1189,266;38,05705642700195;188,33705139160156;186;
1189,267;37,96823501586914;188,33705139160156;186;
1189,269;37,96940994262695;188,33705139160156;186;
1189,27;37,96881866455078;188,33705139160156;186;
1189,271;37,423526763916016;188,33705139160156;186;
1189,272;37,42293930053711;190,29888916015625;186;
1189,273;37,42293930053711;188,33705139160156;186;
1189,275;37,862937927246094;190,29888916015625;186;
1189,277;37,862937927246094;188,33705139160156;186;
1189,278;37,862937927246094;190,29888916015625;186;
1189,279;38,305877685546875;190,29888916015625;186;
1189,281;38,305877685546875;188,33705139160156;186;
1189,282;38,04058837890625;188,33705139160156;186;
1189,283;38,04058837890625;186,37521362304688;186;
1189,286;38,05881881713867;186,37521362304688;186;
1189,287;38,05881881713867;188,33705139160156;186;
1189,288;38,05881881713867;190,29888916015625;186;
1189,29;37,96940994262695;190,29888916015625;186;
1189,294;37,42293930053711;188,33705139160156;186;
1189,296;37,44058609008789;188,33705139160156;186;
1189,297;37,86411666870117;188,33705139160156;186;
1189,298;37,862937927246094;188,33705139160156;186;
1189,301;38,305877685546875;190,29888916015625;186;
1189,305;38,04058837890625;190,29888916015625;186;
1189,306;38,04058837890625;188,33705139160156;186;
1189,307;38,04058837890625;186,37521362304688;186;
1189,308;38,04058837890625;188,33705139160156;186;
1189,309;38,05881881713867;188,33705139160156;186;
1189,311;38,05881881713867;186,37521362304688;186;
1189,313;37,96940994262695;188,33705139160156;186;
1189,315;37,96940994262695;190,29888916015625;186;
1189,316;37,4223518371582;190,29888916015625;186;
1189,317;37,42293930053711;190,29888916015625;186;
1189,319;37,42293930053711;188,33705139160156;186;
1189,32;37,862937927246094;188,33705139160156;186;
1189,323;37,862937927246094;186,37521362304688;186;
1189,324;38,305877685546875;186,37521362304688;186;
1189,325;38,305877685546875;188,33705139160156;186;
1189,326;38,305877685546875;190,29888916015625;186;
1189,327;38,305877685546875;192,2607421875;186;
1189,328;38,04058837890625;190,29888916015625;186;
1189,331;38,05823516845703;190,29888916015625;186;
1189,332;38,05881881713867;188,33705139160156;186;
1189,335;37,96940994262695;188,33705139160156;186;
1189,339;37,42293930053711;188,33705139160156;186;
1189,34;37,42293930053711;190,29888916015625;186;
1189,341;37,42293930053711;188,33705139160156;186;
1189,342;37,42293930053711;190,29888916015625;186;
1189,343;37,862937927246094;188,33705139160156;186;
1189,347;38,305877685546875;188,33705139160156;186;
1189,35;38,041175842285156;188,33705139160156;186;
1189,351;38,04058837890625;190,29888916015625;186;
1189,354;38,05881881713867;190,29888916015625;186;
1189,358;37,96940994262695;188,33705139160156;186;
1189,359;37,96940994262695;190,29888916015625;186;
1189,36;37,96940994262695;188,33705139160156;186;
1189,362;37,42293930053711;186,37521362304688;186;
1189,366;37,862937927246094;188,33705139160156;186;
1189,369;38,305877685546875;188,33705139160156;186;
1189,37;38,305877685546875;192,2607421875;186;
1189,371;38,305877685546875;190,29888916015625;186;
1189,373;38,04058837890625;190,29888916015625;186;
1189,375;38,04058837890625;188,33705139160156;186;
1189,377;38,05881881713867;188,33705139160156;186;
1189,378;38,05881881713867;190,29888916015625;186;
1189,381;37,96999740600586;190,29888916015625;186;
1189,384;37,423526763916016;190,29888916015625;186;
1189,385;37,42293930053711;188,33705139160156;186;
1189,386;37,424705505371094;188,33705139160156;186;
1189,387;37,4217643737793;188,33705139160156;186;
1189,388;37,862937927246094;186,37521362304688;186;
1189,389;37,86411666870117;188,33705139160156;186;
1189,39;37,86587905883789;188,33705139160156;186;
1189,391;37,86411666870117;188,33705139160156;186;
1189,392;38,30470275878906;188,33705139160156;186;
1189,393;38,30352783203125;190,29888916015625;186;
1189,394;38,30881881713867;190,29888916015625;186;
1189,395;38,308231353759766;190,29888916015625;186;
1189,396;38,03705978393555;190,29888916015625;186;
1189,397;37,953529357910156;190,29888916015625;186;
1189,398;37,95588302612305;188,33705139160156;186;
1189,399;37,95058822631836;188,33705139160156;186;
1189,4;37,96823501586914;188,33705139160156;186;
1189,401;37,97058868408203;186,37521362304688;186;
1189,402;37,96823501586914;186,37521362304688;186;
1189,403;37,87999725341797;186,37521362304688;186;
1189,404;37,87999725341797;188,33705139160156;186;
1189,407;37,33293914794922;188,33705139160156;186;
1189,408;37,33293914794922;190,29888916015625;186;
1189,411;37,77411651611328;190,29888916015625;186;
1189,413;37,77411651611328;188,33705139160156;186;
1189,415;38,21529006958008;188,33705139160156;186;
1189,416;38,21529006958008;190,29888916015625;186;
1189,418;37,95058822631836;190,29888916015625;186;
1189,422;37,96823501586914;188,33705139160156;186;
1189,423;37,96823501586914;190,29888916015625;186;
1189,424;37,96823501586914;188,33705139160156;186;
1189,426;37,87999725341797;188,33705139160156;186;
1189,43;37,33293914794922;188,33705139160156;186;
1189,431;37,33293914794922;190,29888916015625;186;
1189,432;37,33293914794922;188,33705139160156;186;
1189,433;37,77411651611328;188,33705139160156;186;
1189,434;37,77411651611328;190,29888916015625;186;
1189,436;36,55470275878906;188,33705139160156;186;
1189,437;38,27470397949219;188,33705139160156;186;
1189,438;38,27470397949219;190,29888916015625;186;
1189,439;38,2852897644043;190,29888916015625;186;
1189,44;38,28588104248047;188,33705139160156;186;
1189,441;38,031761169433594;188,33705139160156;186;
1189,442;38,034706115722656;188,33705139160156;186;
1189,443;38,03764724731445;188,33705139160156;186;
1189,444;38,031761169433594;186,37521362304688;186;
1189,445;38,051177978515625;186,37521362304688;186;
1189,446;38,05823516845703;192,2607421875;186;
1189,447;38,05234909057617;190,29888916015625;186;
1189,448;38,05529022216797;190,29888916015625;186;
1189,449;37,96352767944336;190,29888916015625;186;
1189,45;37,96058654785156;190,29888916015625;186;
1189,451;37,959407806396484;190,29888916015625;186;
1189,452;37,40705871582031;190,29888916015625;186;
1189,453;37,40058898925781;190,29888916015625;186;
1189,454;37,39646911621094;188,33705139160156;186;
1189,455;37,39823532104492;188,33705139160156;186;
1189,456;37,8347053527832;188,33705139160156;186;
1189,457;37,837646484375;190,29888916015625;186;
1189,458;37,838233947753906;188,33705139160156;186;
1189,459;37,838233947753906;190,29888916015625;186;
1189,46;38,3570556640625;190,29888916015625;186;
1189,461;38,361759185791016;192,2607421875;186;
1189,462;38,35588073730469;190,29888916015625;186;
1189,463;38,36823272705078;190,29888916015625;186;
1189,464;38,10647201538086;192,2607421875;186;
1189,465;38,10764694213867;190,29888916015625;186;
1189,466;38,11705780029297;188,33705139160156;186;
1189,467;38,136470794677734;188,33705139160156;186;
1189,468;38,12058639526367;188,33705139160156;186;
1189,469;38,119998931884766;188,33705139160156;186;
1189,47;38,121761322021484;188,33705139160156;186;
1189,471;38,03764724731445;188,33705139160156;186;
1189,472;38,03999710083008;190,29888916015625;186;
1189,473;38,03588104248047;190,29888916015625;186;
1189,474;38,04058837890625;190,29888916015625;186;
1189,475;37,48999786376953;190,29888916015625;186;
1189,476;37,49470520019531;190,29888916015625;186;
1189,477;37,49470520019531;188,33705139160156;186;
1189,478;37,489410400390625;188,33705139160156;186;
1189,479;37,938819885253906;188,33705139160156;186;
1189,48;37,94117736816406;188,33705139160156;186;
1189,481;37,959407806396484;188,33705139160156;186;
1189,482;37,97235107421875;188,33705139160156;186;
1189,483;38,40999984741211;190,29888916015625;186;
1189,484;38,40764617919922;190,29888916015625;186;
1189,485;38,41176223754883;190,29888916015625;186;
1189,486;38,15058898925781;190,29888916015625;186;
1189,487;38,13999938964844;192,2607421875;186;
1189,488;38,136470794677734;190,29888916015625;186;
1189,489;38,13587951660156;190,29888916015625;186;
1189,49;38,142940521240234;188,33705139160156;186;
1189,491;38,13999938964844;190,29888916015625;186;
1189,492;38,142940521240234;188,33705139160156;186;
1189,493;38,13117599487305;188,33705139160156;186;
1189,494;38,03705596923828;188,33705139160156;186;
1189,495;38,03293991088867;190,29888916015625;186;
1189,496;38,0352897644043;188,33705139160156;186;
1189,497;38,031761169433594;190,29888916015625;186;
1189,498;37,4841194152832;190,29888916015625;186;
1189,499;37,48882293701172;190,29888916015625;186;
1189,5;37,5911750793457;190,29888916015625;186;
1189,501;37,92764663696289;190,29888916015625;186;
1189,502;37,92646789550781;192,2607421875;186;
1189,503;37,932350158691406;190,29888916015625;186;
1189,504;37,925880432128906;188,33705139160156;186;
1189,505;38,37117385864258;188,33705139160156;186;
1189,506;38,36705780029297;190,29888916015625;186;
1189,507;38,371761322021484;188,33705139160156;186;
1189,508;38,36647033691406;188,33705139160156;186;
1189,509;38,10764694213867;190,29888916015625;186;
1189,51;38,10411834716797;190,29888916015625;186;
1189,511;38,107059478759766;188,33705139160156;186;
1189,512;38,102352142333984;190,29888916015625;186;
1189,513;38,12705612182617;190,29888916015625;186;
1189,514;38,12588119506836;190,29888916015625;186;
1189,515;38,12823486328125;190,29888916015625;186;
1189,516;38,027645111083984;190,29888916015625;186;
1189,517;38,03705596923828;192,2607421875;186;
1189,518;38,0323486328125;190,29888916015625;186;
1189,519;38,036468505859375;188,33705139160156;186;
1189,52;37,48176574707031;188,33705139160156;186;
1189,521;37,48823547363281;188,33705139160156;186;
1189,523;37,487056732177734;188,33705139160156;186;
1189,524;37,9317626953125;188,33705139160156;186;
1189,525;37,92646789550781;190,29888916015625;186;
1189,526;37,9288215637207;188,33705139160156;186;
1189,527;37,92764663696289;190,29888916015625;186;
1189,528;38,37058639526367;190,29888916015625;186;
1189,529;38,37117385864258;190,29888916015625;186;
1189,53;38,369407653808594;188,33705139160156;186;
1189,531;38,10823440551758;188,33705139160156;186;
1189,532;38,102352142333984;188,33705139160156;186;
1189,534;38,10411834716797;188,33705139160156;186;
1189,535;38,121761322021484;188,33705139160156;186;
1189,536;38,12352752685547;190,29888916015625;186;
1189,537;38,12234878540039;188,33705139160156;186;
1189,538;38,12705612182617;190,29888916015625;186;
1189,539;38,03293991088867;190,29888916015625;186;
1189,54;38,0323486328125;190,29888916015625;186;
1189,541;38,034706115722656;190,29888916015625;186;
1189,543;37,48882293701172;190,29888916015625;186;
1189,544;37,489410400390625;188,33705139160156;186;
1189,545;37,485294342041016;188,33705139160156;186;
1189,546;37,47764587402344;188,33705139160156;186;
1189,547;37,86587905883789;188,33705139160156;186;
1189,548;37,86176300048828;188,33705139160156;186;
1189,549;37,86176300048828;186,37521362304688;186;
1189,55;38,302940368652344;186,37521362304688;186;
1189,551;38,30352783203125;188,33705139160156;186;
1189,552;38,30352783203125;190,29888916015625;186;
1189,553;38,304115295410156;190,29888916015625;186;
1189,554;38,03940963745117;190,29888916015625;186;
1189,556;38,04058837890625;190,29888916015625;186;
1189,557;38,04058837890625;188,33705139160156;186;
1189,558;38,057647705078125;188,33705139160156;186;
1189,562;37,971763610839844;190,29888916015625;186;
1189,565;37,424705505371094;190,29888916015625;186;
1189,566;37,42293930053711;190,29888916015625;186;
1189,568;37,42293930053711;188,33705139160156;186;
1189,569;37,86411666870117;188,33705139160156;186;
1189,573;38,30470275878906;188,33705139160156;186;
1189,574;38,30470275878906;190,29888916015625;186;
1189,575;38,30470275878906;188,33705139160156;186;
1189,576;38,30470275878906;190,29888916015625;186;
1189,577;38,04058837890625;190,29888916015625;186;
1189,578;38,03940963745117;190,29888916015625;186;
1189,579;38,04058837890625;188,33705139160156;186;
1189,58;38,04058837890625;190,29888916015625;186;
1189,581;38,057647705078125;190,29888916015625;186;
1189,582;38,057647705078125;188,33705139160156;186;
1189,584;37,96940994262695;188,33705139160156;186;
1189,585;37,971763610839844;188,33705139160156;186;
1189,588;37,42293930053711;188,33705139160156;186;
1189,59;37,42293930053711;186,37521362304688;186;
1189,591;37,42293930053711;188,33705139160156;186;
1189,592;37,86411666870117;188,33705139160156;186;
1189,593;37,86411666870117;190,29888916015625;186;
1189,594;37,86411666870117;188,33705139160156;186;
1189,595;37,86411666870117;190,29888916015625;186;
1189,596;38,30470275878906;190,29888916015625;186;
1189,598;38,30470275878906;188,33705139160156;186;
1189,6;38,04058837890625;188,33705139160156;186;
1189,602;38,04058837890625;186,37521362304688;186;
1189,603;38,057647705078125;186,37521362304688;186;
1189,604;38,057647705078125;188,33705139160156;186;
1189,605;38,057647705078125;190,29888916015625;186;
1189,607;37,971763610839844;190,29888916015625;186;
1189,609;37,971763610839844;188,33705139160156;186;
1189,61;37,971763610839844;190,29888916015625;186;
1189,611;37,42293930053711;188,33705139160156;186;
1189,613;37,42293930053711;186,37521362304688;186;
1189,615;37,86411666870117;186,37521362304688;186;
1189,618;38,30529022216797;188,33705139160156;186;
1189,619;38,30470275878906;188,33705139160156;186;
1189,62;38,30470275878906;190,29888916015625;186;
1189,622;38,04058837890625;190,29888916015625;186;
1189,624;38,04058837890625;188,33705139160156;186;
1189,626;38,057647705078125;188,33705139160156;186;
1189,628;38,057647705078125;186,37521362304688;186;
1189,63;37,971763610839844;188,33705139160156;186;
1189,632;37,971763610839844;190,29888916015625;186;
1189,634;37,42293930053711;190,29888916015625;186;
1189,636;37,42293930053711;188,33705139160156;186;
1189,637;37,86411666870117;188,33705139160156;186;
1189,638;37,86411666870117;186,37521362304688;186;
1189,64;37,86411666870117;184,41336059570312;186;
1189,641;38,30470275878906;186,37521362304688;186;
1189,642;38,30470275878906;188,33705139160156;186;
1189,645;38,04058837890625;188,33705139160156;186;
1189,647;38,04058837890625;190,29888916015625;186;
1189,649;38,057647705078125;190,29888916015625;186;
1189,651;38,057647705078125;188,33705139160156;186;
1189,653;37,971763610839844;188,33705139160156;186;
1189,654;37,971763610839844;186,37521362304688;186;
1189,656;37,424705505371094;188,33705139160156;186;
1189,657;37,42293930053711;190,29888916015625;186;
1189,66;37,86411666870117;190,29888916015625;186;
1189,661;37,86411666870117;188,33705139160156;186;
1189,664;38,30470275878906;186,37521362304688;186;
1189,667;38,30529022216797;186,37521362304688;186;
1189,668;38,041175842285156;188,33705139160156;186;
1189,669;38,04058837890625;188,33705139160156;186;
1189,67;38,041175842285156;188,33705139160156;186;
1189,671;38,05823516845703;188,33705139160156;186;
1189,672;38,057647705078125;190,29888916015625;186;
1189,673;38,05823516845703;190,29888916015625;186;
1189,674;38,05999755859375;190,29888916015625;186;
1189,675;37,96881866455078;190,29888916015625;186;
1189,676;37,96940994262695;190,29888916015625;186;
1189,677;37,972938537597656;188,33705139160156;186;
1189,678;37,96705627441406;188,33705139160156;186;
1189,679;37,4152946472168;188,33705139160156;186;
1189,68;37,335880279541016;188,33705139160156;186;
1189,682;37,33293914794922;188,33705139160156;186;
1189,683;37,77411651611328;188,33705139160156;186;
1189,684;37,77411651611328;190,29888916015625;186;
1189,685;37,77411651611328;188,33705139160156;186;
1189,686;37,77411651611328;190,29888916015625;186;
1189,687;38,21529006958008;190,29888916015625;186;
1189,689;38,217647552490234;188,33705139160156;186;
1189,69;37,95058822631836;188,33705139160156;186;
1189,693;37,95058822631836;184,41336059570312;186;
1189,694;37,96823501586914;184,41336059570312;186;
1189,695;37,96823501586914;186,37521362304688;186;
1189,696;37,96823501586914;188,33705139160156;186;
1189,698;37,87999725341797;188,33705139160156;186;
1189,699;37,87999725341797;190,29888916015625;186;
1189,702;37,33293914794922;190,29888916015625;186;
1189,704;37,33293914794922;188,33705139160156;186;
1189,706;37,77411651611328;188,33705139160156;186;
1189,708;37,77411651611328;186,37521362304688;186;
1189,709;38,21529006958008;186,37521362304688;186;
1189,71;38,21529006958008;190,29888916015625;186;
1189,711;38,21529006958008;192,2607421875;186;
1189,712;38,21529006958008;190,29888916015625;186;
1189,713;37,95058822631836;190,29888916015625;186;
1189,715;37,95058822631836;188,33705139160156;186;
1189,717;37,96823501586914;188,33705139160156;186;
1189,719;36,74235153198242;188,33705139160156;186;
1189,72;38,03117752075195;188,33705139160156;186;
1189,721;37,94234848022461;190,29888916015625;186;
1189,722;37,94999694824219;190,29888916015625;186;
1189,723;37,95058822631836;190,29888916015625;186;
1189,724;37,41411590576172;190,29888916015625;186;
1189,726;37,417057037353516;190,29888916015625;186;
1189,727;37,417057037353516;188,33705139160156;186;
1189,728;37,85823440551758;188,33705139160156;186;
1189,729;37,86411666870117;188,33705139160156;186;
1189,73;37,85823440551758;188,33705139160156;186;
1189,731;37,86411666870117;188,33705139160156;186;
1189,732;38,299407958984375;188,33705139160156;186;
1189,733;38,297645568847656;188,33705139160156;186;
1189,734;38,29470443725586;188,33705139160156;186;
1189,735;38,28764724731445;190,29888916015625;186;
1189,736;38,018821716308594;190,29888916015625;186;
1189,737;38,017059326171875;190,29888916015625;186;
1189,738;38,018821716308594;190,29888916015625;186;
1189,739;38,01411819458008;190,29888916015625;186;
1189,74;38,031761169433594;190,29888916015625;186;
1189,741;38,0323486328125;190,29888916015625;186;
1189,742;38,0323486328125;188,33705139160156;186;
1189,743;37,938232421875;188,33705139160156;186;
1189,744;38,026466369628906;188,33705139160156;186;
1189,745;38,02587890625;188,33705139160156;186;
1189,746;38,0288200378418;188,33705139160156;186;
1189,747;37,4935302734375;188,33705139160156;186;
1189,748;37,495880126953125;190,29888916015625;186;
1189,749;37,49882125854492;188,33705139160156;186;
1189,75;37,49646759033203;190,29888916015625;186;
1189,751;37,92646789550781;190,29888916015625;186;
1189,752;37,923526763916016;190,29888916015625;186;
1189,753;37,925880432128906;188,33705139160156;186;
1189,754;37,9282341003418;190,29888916015625;186;
1189,755;38,37234878540039;190,29888916015625;186;
1189,757;38,37705612182617;188,33705139160156;186;
1189,758;38,10823440551758;188,33705139160156;186;
1189,759;38,10529327392578;188,33705139160156;186;
1189,76;38,09882354736328;188,33705139160156;186;
1189,761;38,10353088378906;188,33705139160156;186;
1189,762;38,13764572143555;188,33705139160156;186;
1189,763;38,13470458984375;190,29888916015625;186;
1189,764;38,158233642578125;190,29888916015625;186;
1189,765;38,162940979003906;190,29888916015625;186;
1189,766;38,072349548339844;190,29888916015625;186;
1189,767;38,07587814331055;190,29888916015625;186;
1189,768;38,07646942138672;188,33705139160156;186;
1189,769;38,08176040649414;190,29888916015625;186;
1189,77;37,52294158935547;188,33705139160156;186;
1189,771;37,5194091796875;188,33705139160156;186;
1189,772;37,51764678955078;188,33705139160156;186;
1189,773;37,953529357910156;188,33705139160156;186;
1189,774;37,947059631347656;188,33705139160156;186;
1189,775;37,94117736816406;188,33705139160156;186;
1189,776;37,942352294921875;190,29888916015625;186;
1189,777;38,369998931884766;190,29888916015625;186;
1189,778;38,37058639526367;190,29888916015625;186;
1189,779;38,36823272705078;190,29888916015625;186;
1189,78;38,36705780029297;190,29888916015625;186;
1189,781;38,10647201538086;190,29888916015625;186;
1189,782;38,100589752197266;190,29888916015625;186;
1189,783;38,107059478759766;188,33705139160156;186;
1189,784;38,10529327392578;188,33705139160156;186;
1189,785;38,12411880493164;188,33705139160156;186;
1189,786;38,12352752685547;188,33705139160156;186;
1189,787;38,126468658447266;188,33705139160156;186;
1189,788;38,119998931884766;190,29888916015625;186;
1189,789;38,034706115722656;190,29888916015625;186;
1189,79;38,03058624267578;190,29888916015625;186;
1189,791;38,036468505859375;190,29888916015625;186;
1189,792;37,487056732177734;190,29888916015625;186;
1189,793;37,4905891418457;190,29888916015625;186;
1189,794;37,48823547363281;190,29888916015625;186;
1189,795;37,485294342041016;188,33705139160156;186;
1189,796;37,927059173583984;188,33705139160156;186;
1189,797;37,93058776855469;188,33705139160156;186;
1189,798;37,9288215637207;188,33705139160156;186;
1189,799;37,931175231933594;188,33705139160156;186;
1189,8;38,36647033691406;188,33705139160156;186;
1189,801;38,38470458984375;190,29888916015625;186;
1189,802;38,36823272705078;190,29888916015625;186;
1189,803;38,37294006347656;194,2225799560547;186;
1189,804;38,10647201538086;192,2607421875;186;
1189,805;38,10411834716797;192,2607421875;186;
1189,806;38,104705810546875;190,29888916015625;186;
1189,807;38,12294006347656;190,29888916015625;186;
1189,808;38,12352752685547;190,29888916015625;186;
1189,81;38,12705612182617;190,29888916015625;186;
1189,811;38,0323486328125;188,33705139160156;186;
1189,812;38,0352897644043;188,33705139160156;186;
1189,813;38,034706115722656;188,33705139160156;186;
1189,814;38,03352737426758;188,33705139160156;186;
1189,815;37,487648010253906;188,33705139160156;186;
1189,816;37,489410400390625;190,29888916015625;186;
1189,817;37,4905891418457;188,33705139160156;186;
1189,818;37,48588180541992;188,33705139160156;186;
1189,819;37,92764663696289;188,33705139160156;186;
1189,821;37,927059173583984;188,33705139160156;186;
1189,822;38,37117385864258;188,33705139160156;186;
1189,823;38,369407653808594;188,33705139160156;186;
1189,824;38,374114990234375;190,29888916015625;186;
1189,825;38,36823272705078;190,29888916015625;186;
1189,826;38,10411834716797;190,29888916015625;186;
1189,827;38,102352142333984;190,29888916015625;186;
1189,828;38,10411834716797;190,29888916015625;186;
1189,829;38,099998474121094;190,29888916015625;186;
1189,83;38,059410095214844;190,29888916015625;186;
1189,831;38,05588150024414;192,2607421875;186;
1189,832;38,05705642700195;190,29888916015625;186;
1189,834;37,967647552490234;190,29888916015625;186;
1189,835;37,96881866455078;190,29888916015625;186;
1189,836;37,96823501586914;188,33705139160156;186;
1189,838;37,424705505371094;188,33705139160156;186;
1189,84;37,42293930053711;190,29888916015625;186;
1189,841;37,862937927246094;190,29888916015625;186;
1189,844;37,862937927246094;192,2607421875;186;
1189,845;38,305877685546875;192,2607421875;186;
1189,846;38,305877685546875;194,2225799560547;186;
1189,847;38,305877685546875;192,2607421875;186;
1189,849;38,04058837890625;190,29888916015625;186;
1189,851;38,04058837890625;188,33705139160156;186;
1189,852;38,04058837890625;186,37521362304688;186;
1189,853;38,05881881713867;188,33705139160156;186;
1189,856;37,96940994262695;190,29888916015625;186;
1189,858;37,96940994262695;188,33705139160156;186;
1189,86;37,42293930053711;188,33705139160156;186;
1189,864;37,862937927246094;188,33705139160156;186;
1189,867;37,862937927246094;190,29888916015625;186;
1189,868;38,305877685546875;190,29888916015625;186;
1189,871;38,041175842285156;190,29888916015625;186;
1189,872;38,04058837890625;190,29888916015625;186;
1189,874;38,04058837890625;188,33705139160156;186;
1189,875;38,05881881713867;188,33705139160156;186;
1189,879;37,96940994262695;190,29888916015625;186;
1189,883;37,42293930053711;190,29888916015625;186;
1189,884;37,42293930053711;192,2607421875;186;
1189,886;37,86411666870117;190,29888916015625;186;
1189,887;37,862937927246094;190,29888916015625;186;
1189,888;37,862937927246094;188,33705139160156;186;
1189,889;37,862937927246094;186,37521362304688;186;
1189,89;38,305877685546875;186,37521362304688;186;
1189,891;38,305877685546875;188,33705139160156;186;
1189,893;38,305877685546875;190,29888916015625;186;
1189,894;38,04058837890625;190,29888916015625;186;
1189,896;38,04058837890625;188,33705139160156;186;
1189,897;38,04058837890625;190,29888916015625;186;
1189,898;38,05881881713867;190,29888916015625;186;
1189,9;38,05881881713867;188,33705139160156;186;
1189,902;37,96940994262695;188,33705139160156;186;
1189,905;37,4223518371582;188,33705139160156;186;
1189,906;37,42293930053711;190,29888916015625;186;
1189,909;37,862937927246094;190,29888916015625;186;
1189,912;37,880584716796875;188,33705139160156;186;
1189,913;38,305877685546875;188,33705139160156;186;
1189,914;38,305877685546875;190,29888916015625;186;
1189,915;38,305877685546875;188,33705139160156;186;
1189,917;38,04058837890625;188,33705139160156;186;
1189,92;38,05823516845703;188,33705139160156;186;
1189,921;38,05881881713867;190,29888916015625;186;
1189,924;37,96940994262695;190,29888916015625;186;
1189,927;37,96940994262695;188,33705139160156;186;
1189,928;37,42293930053711;188,33705139160156;186;
1189,932;37,862937927246094;188,33705139160156;186;
1189,933;37,862937927246094;190,29888916015625;186;
1189,934;37,862937927246094;188,33705139160156;186;
1189,935;37,862937927246094;190,29888916015625;186;
1189,936;38,305877685546875;190,29888916015625;186;
1189,939;38,04058837890625;190,29888916015625;186;
1189,941;38,04058837890625;188,33705139160156;186;
1189,943;38,05881881713867;188,33705139160156;186;
1189,947;37,96940994262695;190,29888916015625;186;
1189,948;37,971763610839844;190,29888916015625;186;
1189,949;37,96881866455078;190,29888916015625;186;
1189,95;37,971763610839844;190,29888916015625;186;
1189,951;37,424705505371094;190,29888916015625;186;
1189,952;37,4217643737793;190,29888916015625;186;
1189,953;37,4223518371582;188,33705139160156;186;
1189,954;37,86411666870117;188,33705139160156;186;
1189,955;37,86470413208008;188,33705139160156;186;
1189,958;38,30705642700195;188,33705139160156;186;
1189,959;38,30529022216797;190,29888916015625;186;
1189,96;38,304115295410156;190,29888916015625;186;
1189,961;38,30234909057617;190,29888916015625;186;
1189,962;38,04058837890625;190,29888916015625;186;
1189,963;37,953529357910156;190,29888916015625;186;
1189,964;37,953529357910156;188,33705139160156;186;
1189,965;37,95058822631836;190,29888916015625;186;
1189,966;37,96823501586914;188,33705139160156;186;
1189,97;37,87999725341797;188,33705139160156;186;
1189,971;37,87999725341797;190,29888916015625;186;
1189,973;37,33293914794922;190,29888916015625;186;
1189,977;37,77411651611328;190,29888916015625;186;
1189,979;37,77411651611328;188,33705139160156;186;
1189,981;38,21529006958008;188,33705139160156;186;
1189,982;38,21529006958008;190,29888916015625;186;
1189,983;38,21529006958008;188,33705139160156;186;
1189,984;37,95058822631836;190,29888916015625;186;
1189,987;37,95058822631836;188,33705139160156;186;
1189,988;37,96823501586914;190,29888916015625;186;
1189,99;37,97058868408203;190,29888916015625;186;
1189,991;37,96823501586914;190,29888916015625;186;
1189,992;37,87999725341797;190,29888916015625;186;
1189,994;37,79176330566406;188,33705139160156;186;
1189,995;37,87999725341797;188,33705139160156;186;
1189,996;37,33293914794922;188,33705139160156;186;
1190;37,77411651611328;190,29888916015625;186;
1190,003;38,27823257446289;190,29888916015625;186;
1190,004;38,28058624267578;190,29888916015625;186;
1190,005;38,2794075012207;190,29888916015625;186;
1190,006;38,29882049560547;190,29888916015625;186;
1190,007;38,02000045776367;190,29888916015625;186;
1190,008;38,031761169433594;188,33705139160156;186;
1190,009;38,034706115722656;188,33705139160156;186;
1190,01;38,031761169433594;188,33705139160156;186;
1190,011;38,049407958984375;188,33705139160156;186;
1190,012;38,05529022216797;190,29888916015625;186;
1190,013;38,05234909057617;190,29888916015625;186;
1190,014;38,05529022216797;190,29888916015625;186;
1190,015;37,965877532958984;190,29888916015625;186;
1190,016;37,96234893798828;190,29888916015625;186;
1190,017;37,957645416259766;190,29888916015625;186;
1190,018;37,40823745727539;190,29888916015625;186;
1190,019;37,40529251098633;190,29888916015625;186;
1190,02;37,39352798461914;188,33705139160156;186;
1190,021;37,39646911621094;188,33705139160156;186;
1190,022;37,8405876159668;188,33705139160156;186;
1190,023;37,837646484375;188,33705139160156;186;
1190,024;37,8411750793457;188,33705139160156;186;
1190,025;37,838233947753906;188,33705139160156;186;
1190,026;38,362937927246094;188,33705139160156;186;
1190,027;38,36587905883789;190,29888916015625;186;
1190,028;38,36470413208008;190,29888916015625;186;
1190,029;38,36647033691406;190,29888916015625;186;
1190,03;38,10293960571289;190,29888916015625;186;
1190,031;38,10940933227539;190,29888916015625;186;
1190,032;38,11411666870117;188,33705139160156;186;
1190,033;38,119998931884766;188,33705139160156;186;
1190,034;38,121177673339844;188,33705139160156;186;
1190,035;38,11941146850586;188,33705139160156;186;
1190,036;38,121177673339844;188,33705139160156;186;
1190,037;38,03117752075195;188,33705139160156;186;
1190,038;38,041175842285156;190,29888916015625;186;
1190,04;38,03999710083008;190,29888916015625;186;
1190,041;37,489410400390625;190,29888916015625;186;
1190,042;37,4935302734375;190,29888916015625;186;
1190,043;37,49529266357422;190,29888916015625;186;
1190,044;37,48882293701172;190,29888916015625;186;
1190,045;37,92940902709961;190,29888916015625;186;
1190,046;37,945289611816406;190,29888916015625;186;
1190,047;37,959999084472656;188,33705139160156;186;
1190,048;37,966468811035156;188,33705139160156;186;
1190,049;38,40940856933594;188,33705139160156;186;
1190,05;38,40705871582031;190,29888916015625;186;
1190,051;38,408233642578125;190,29888916015625;186;
1190,052;38,14411926269531;190,29888916015625;186;
1190,053;38,14235305786133;190,29888916015625;186;
1190,054;38,13999938964844;192,2607421875;186;
1190,055;38,13705825805664;192,2607421875;186;
1190,056;38,14588165283203;190,29888916015625;186;
1190,057;38,14470291137695;192,2607421875;186;
1190,058;38,140586853027344;190,29888916015625;186;
1190,059;38,13705825805664;190,29888916015625;186;
1190,06;38,045291900634766;188,33705139160156;186;
1190,061;38,03940963745117;188,33705139160156;186;
1190,062;38,031761169433594;186,37521362304688;186;
1190,063;37,97999954223633;188,33705139160156;186;
1190,064;37,48882293701172;188,33705139160156;186;
1190,065;37,48176574707031;188,33705139160156;186;
1190,066;37,48882293701172;188,33705139160156;186;
1190,067;37,485294342041016;188,33705139160156;186;
1190,068;37,92940902709961;190,29888916015625;186;
1190,069;37,924705505371094;188,33705139160156;186;
1190,07;37,9288215637207;188,33705139160156;186;
1190,071;38,36823272705078;188,33705139160156;186;
1190,072;38,37058639526367;190,29888916015625;186;
1190,073;38,36823272705078;190,29888916015625;186;
1190,074;38,37234878540039;190,29888916015625;186;
1190,075;38,10411834716797;190,29888916015625;186;
1190,076;38,107059478759766;190,29888916015625;186;
1190,077;38,09882354736328;188,33705139160156;186;
1190,078;38,10411834716797;188,33705139160156;186;
1190,079;38,12058639526367;190,29888916015625;186;
1190,08;38,12470245361328;190,29888916015625;186;
1190,081;38,11882019042969;190,29888916015625;186;
1190,082;38,12234878540039;190,29888916015625;186;
1190,083;38,0352897644043;190,29888916015625;186;
1190,084;38,0323486328125;192,2607421875;186;
1190,085;38,031761169433594;190,29888916015625;186;
1190,086;37,487056732177734;190,29888916015625;186;
1190,087;37,4841194152832;190,29888916015625;186;
1190,088;37,485294342041016;190,29888916015625;186;
1190,089;37,48646926879883;188,33705139160156;186;
1190,09;37,9282341003418;188,33705139160156;186;
1190,092;37,9288215637207;188,33705139160156;186;
1190,093;37,92646789550781;188,33705139160156;186;
1190,094;38,36823272705078;190,29888916015625;186;
1190,096;38,369998931884766;190,29888916015625;186;
1190,097;38,37058639526367;190,29888916015625;186;
1190,098;38,10293960571289;190,29888916015625;186;
1190,099;38,11000061035156;190,29888916015625;186;
1190,1;38,10529327392578;188,33705139160156;186;
1190,101;38,12234878540039;188,33705139160156;186;
1190,103;38,121761322021484;188,33705139160156;186;
1190,104;38,12470245361328;188,33705139160156;186;
1190,105;38,034114837646484;190,29888916015625;186;
1190,106;38,03823471069336;190,29888916015625;186;
1190,107;38,03352737426758;190,29888916015625;186;
1190,108;38,0323486328125;192,2607421875;186;
1190,109;37,48823547363281;192,2607421875;186;
1190,11;37,4841194152832;192,2607421875;186;
1190,111;37,48588180541992;190,29888916015625;186;
1190,112;37,48352813720703;190,29888916015625;186;
1190,113;39,14411544799805;190,29888916015625;186;
1190,114;37,865291595458984;190,29888916015625;186;
1190,115;37,862937927246094;186,37521362304688;186;
1190,116;38,304115295410156;188,33705139160156;186;
1190,117;38,30352783203125;188,33705139160156;186;
1190,118;38,322940826416016;190,29888916015625;186;
1190,119;38,30352783203125;190,29888916015625;186;
1190,12;38,03940963745117;190,29888916015625;186;
1190,122;38,04058837890625;188,33705139160156;186;
1190,124;38,057647705078125;188,33705139160156;186;
1190,125;38,057647705078125;190,29888916015625;186;
1190,126;38,057647705078125;188,33705139160156;186;
1190,128;37,971763610839844;188,33705139160156;186;
1190,129;37,971763610839844;190,29888916015625;186;
1190,131;37,424705505371094;190,29888916015625;186;
1190,132;37,42293930053711;190,29888916015625;186;
1190,133;37,42293930053711;192,2607421875;186;
1190,135;37,86411666870117;192,2607421875;186;
1190,136;37,77587890625;192,2607421875;186;
1190,137;37,86411666870117;190,29888916015625;186;
1190,139;38,30470275878906;188,33705139160156;186;
1190,143;38,04058837890625;188,33705139160156;186;
1190,146;38,05823516845703;188,33705139160156;186;
1190,147;38,057647705078125;190,29888916015625;186;
1190,15;37,971763610839844;190,29888916015625;186;
1190,151;37,88352584838867;190,29888916015625;186;
1190,152;37,971763610839844;188,33705139160156;186;
1190,154;37,42293930053711;188,33705139160156;186;
1190,155;37,42293930053711;190,29888916015625;186;
1190,156;37,42293930053711;188,33705139160156;186;
1190,158;37,86411666870117;190,29888916015625;186;
1190,162;38,30470275878906;190,29888916015625;186;
1190,165;38,05823516845703;190,29888916015625;186;
1190,166;38,04058837890625;188,33705139160156;186;
1190,169;38,057647705078125;188,33705139160156;186;
1190,17;38,057647705078125;190,29888916015625;186;
1190,173;37,971763610839844;190,29888916015625;186;
1190,177;37,42293930053711;190,29888916015625;186;
1190,178;37,42293930053711;188,33705139160156;186;
1190,18;37,86411666870117;188,33705139160156;186;
1190,184;38,30470275878906;188,33705139160156;186;
1190,185;38,30470275878906;190,29888916015625;186;
1190,188;38,04058837890625;190,29888916015625;186;
1190,19;38,04058837890625;188,33705139160156;186;
1190,192;38,057647705078125;188,33705139160156;186;
1190,196;37,971763610839844;190,29888916015625;186;
1190,199;37,4223518371582;190,29888916015625;186;
1190,2;37,42293930053711;190,29888916015625;186;
1190,202;37,42293930053711;188,33705139160156;186;
1190,203;37,86411666870117;188,33705139160156;186;
1190,205;37,86411666870117;186,37521362304688;186;
1190,206;37,86411666870117;184,41336059570312;186;
1190,207;38,30470275878906;186,37521362304688;186;
1190,208;38,30470275878906;188,33705139160156;186;
1190,211;38,04058837890625;190,29888916015625;186;
1190,214;38,05705642700195;190,29888916015625;186;
1190,215;38,057647705078125;190,29888916015625;186;
1190,217;38,057647705078125;188,33705139160156;186;
1190,218;37,971763610839844;188,33705139160156;186;
1190,219;37,971763610839844;190,29888916015625;186;
1190,22;37,971763610839844;188,33705139160156;186;
1190,222;37,42293930053711;188,33705139160156;186;
1190,223;37,42293930053711;190,29888916015625;186;
1190,224;37,42293930053711;188,33705139160156;186;
1190,226;37,86411666870117;190,29888916015625;186;
1190,228;37,86411666870117;188,33705139160156;186;
1190,23;38,30470275878906;188,33705139160156;186;
1190,231;38,30470275878906;190,29888916015625;186;
1190,232;38,30529022216797;188,33705139160156;186;
1190,233;38,04058837890625;188,33705139160156;186;
1190,235;38,041175842285156;188,33705139160156;186;
1190,236;38,03940963745117;186,37521362304688;186;
1190,237;38,05823516845703;186,37521362304688;186;
1190,238;38,05823516845703;188,33705139160156;186;
1190,239;38,05881881713867;188,33705139160156;186;
1190,24;38,05881881713867;190,29888916015625;186;
1190,241;37,96999740600586;190,29888916015625;186;
1190,242;37,971763610839844;190,29888916015625;186;
1190,243;37,96940994262695;188,33705139160156;186;
1190,244;37,97470474243164;190,29888916015625;186;
1190,245;37,42823791503906;188,33705139160156;186;
1190,246;37,335880279541016;188,33705139160156;186;
1190,248;37,77941131591797;186,37521362304688;186;
1190,249;37,77411651611328;186,37521362304688;186;
1190,251;37,77647018432617;188,33705139160156;186;
1190,252;38,21529006958008;188,33705139160156;186;
1190,253;38,21529006958008;192,2607421875;186;
1190,254;38,21529006958008;190,29888916015625;186;
1190,256;37,95058822631836;190,29888916015625;186;
1190,258;37,95058822631836;188,33705139160156;186;
1190,26;37,96823501586914;188,33705139160156;186;
1190,263;37,96823501586914;186,37521362304688;186;
1190,264;37,87999725341797;188,33705139160156;186;
1190,265;37,87999725341797;190,29888916015625;186;
1190,267;37,33293914794922;190,29888916015625;186;
1190,269;37,33293914794922;188,33705139160156;186;
1190,271;37,77411651611328;186,37521362304688;186;
1190,272;37,77411651611328;184,41336059570312;186;
1190,274;37,72117614746094;184,41336059570312;186;
1190,275;38,21529006958008;186,37521362304688;186;
1190,276;38,21529006958008;188,33705139160156;186;
1190,279;37,95058822631836;188,33705139160156;186;
1190,28;37,95058822631836;190,29888916015625;186;
1190,281;37,95058822631836;188,33705139160156;186;
1190,283;37,96823501586914;190,29888916015625;186;
1190,286;36,65705490112305;188,33705139160156;186;
1190,287;37,939998626708984;190,29888916015625;186;
1190,288;37,93705749511719;190,29888916015625;186;
1190,289;37,946468353271484;190,29888916015625;186;
1190,29;37,40353012084961;190,29888916015625;186;
1190,291;37,41117858886719;190,29888916015625;186;
1190,292;37,417057037353516;188,33705139160156;186;
1190,293;37,41999816894531;190,29888916015625;186;
1190,294;37,85529327392578;188,33705139160156;186;
1190,295;37,854705810546875;188,33705139160156;186;
1190,296;37,861175537109375;188,33705139160156;186;
1190,298;38,29999923706055;188,33705139160156;186;
1190,299;38,299407958984375;186,37521362304688;186;
1190,3;38,295291900634766;186,37521362304688;186;
1190,301;38,025882720947266;186,37521362304688;186;
1190,302;38,02411651611328;188,33705139160156;186;
1190,303;38,01823425292969;188,33705139160156;186;
1190,304;38,01411819458008;188,33705139160156;186;
1190,305;38,03352737426758;190,29888916015625;186;
1190,306;38,031761169433594;192,2607421875;186;
1190,307;38,0323486328125;190,29888916015625;186;
1190,309;37,94352722167969;190,29888916015625;186;
1190,31;38,0294075012207;190,29888916015625;186;
1190,311;38,023529052734375;188,33705139160156;186;
1190,312;38,029998779296875;188,33705139160156;186;
1190,313;37,482940673828125;188,33705139160156;186;
1190,314;37,4970588684082;190,29888916015625;186;
1190,315;37,48999786376953;188,33705139160156;186;
1190,316;37,5;190,29888916015625;186;
1190,317;37,925880432128906;190,29888916015625;186;
1190,319;37,92646789550781;190,29888916015625;186;
1190,32;38,371761322021484;190,29888916015625;186;
1190,322;38,37294006347656;190,29888916015625;186;
1190,323;38,377647399902344;188,33705139160156;186;
1190,324;38,115291595458984;188,33705139160156;186;
1190,325;38,10117721557617;188,33705139160156;186;
1190,326;38,108821868896484;186,37521362304688;186;
1190,327;38,095882415771484;188,33705139160156;186;
1190,328;38,12058639526367;188,33705139160156;186;
1190,329;38,13705825805664;190,29888916015625;186;
1190,33;38,14588165283203;190,29888916015625;186;
1190,331;38,15999984741211;190,29888916015625;186;
1190,332;38,07529067993164;190,29888916015625;186;
1190,333;38,06764602661133;190,29888916015625;186;
1190,334;38,07176208496094;188,33705139160156;186;
1190,335;37,52764892578125;188,33705139160156;186;
1190,336;37,529998779296875;188,33705139160156;186;
1190,337;37,52058792114258;188,33705139160156;186;
1190,339;37,952938079833984;188,33705139160156;186;
1190,34;37,951175689697266;188,33705139160156;186;
1190,341;37,942352294921875;186,37521362304688;186;
1190,342;37,939998626708984;186,37521362304688;186;
1190,343;38,37705612182617;186,37521362304688;186;
1190,344;38,37117385864258;190,29888916015625;186;
1190,345;38,36647033691406;190,29888916015625;186;
1190,346;38,367645263671875;192,2607421875;186;
1190,347;38,10293960571289;192,2607421875;186;
1190,348;38,10588073730469;190,29888916015625;186;
1190,349;38,099998474121094;188,33705139160156;186;
1190,35;38,10353088378906;188,33705139160156;186;
1190,351;38,12058639526367;190,29888916015625;186;
1190,352;38,12470245361328;188,33705139160156;186;
1190,353;38,12058639526367;188,33705139160156;186;
1190,354;38,036468505859375;188,33705139160156;186;
1190,355;38,03293991088867;190,29888916015625;186;
1190,356;38,038818359375;190,29888916015625;186;
1190,357;38,027645111083984;190,29888916015625;186;
1190,358;37,48823547363281;190,29888916015625;186;
1190,359;37,48588180541992;190,29888916015625;186;
1190,36;37,48646926879883;190,29888916015625;186;
1190,361;37,48646926879883;188,33705139160156;186;
1190,362;37,931175231933594;188,33705139160156;186;
1190,363;37,92940902709961;188,33705139160156;186;
1190,364;37,932350158691406;188,33705139160156;186;
1190,365;37,924705505371094;188,33705139160156;186;
1190,366;38,37234878540039;188,33705139160156;186;
1190,367;38,367645263671875;190,29888916015625;186;
1190,368;38,37294006347656;190,29888916015625;186;
1190,369;38,102352142333984;190,29888916015625;186;
1190,37;38,10529327392578;190,29888916015625;186;
1190,371;38,104705810546875;190,29888916015625;186;
1190,372;38,10293960571289;190,29888916015625;186;
1190,373;38,12058639526367;188,33705139160156;186;
1190,374;38,121177673339844;190,29888916015625;186;
1190,375;38,121177673339844;188,33705139160156;186;
1190,376;38,12294006347656;188,33705139160156;186;
1190,377;38,0352897644043;188,33705139160156;186;
1190,378;38,038818359375;188,33705139160156;186;
1190,379;38,03352737426758;188,33705139160156;186;
1190,381;37,48588180541992;188,33705139160156;186;
1190,382;37,48823547363281;190,29888916015625;186;
1190,383;37,48882293701172;190,29888916015625;186;
1190,384;37,9282341003418;190,29888916015625;186;
1190,386;37,927059173583984;190,29888916015625;186;
1190,387;37,92646789550781;188,33705139160156;186;
1190,388;38,36823272705078;188,33705139160156;186;
1190,389;38,36882019042969;190,29888916015625;186;
1190,39;38,37058639526367;190,29888916015625;186;
1190,391;38,369998931884766;188,33705139160156;186;
1190,392;38,108821868896484;188,33705139160156;186;
1190,393;38,10353088378906;190,29888916015625;186;
1190,394;38,11058807373047;188,33705139160156;186;
1190,395;38,102352142333984;188,33705139160156;186;
1190,396;38,108821868896484;190,29888916015625;186;
1190,397;38,05881881713867;190,29888916015625;186;
1190,398;38,05646896362305;190,29888916015625;186;
1190,399;38,05705642700195;190,29888916015625;186;
1190,4;37,96940994262695;192,2607421875;186;
1190,401;37,96881866455078;192,2607421875;186;
1190,402;37,96881866455078;190,29888916015625;186;
1190,403;37,42117691040039;190,29888916015625;186;
1190,405;37,423526763916016;190,29888916015625;186;
1190,406;37,4223518371582;186,37521362304688;186;
1190,407;37,811763763427734;188,33705139160156;186;
1190,408;37,862937927246094;188,33705139160156;186;
1190,411;38,305877685546875;190,29888916015625;186;
1190,415;38,04058837890625;190,29888916015625;186;
1190,416;38,04058837890625;188,33705139160156;186;
1190,418;38,05823516845703;188,33705139160156;186;
1190,419;38,05881881713867;188,33705139160156;186;
1190,421;38,057647705078125;188,33705139160156;186;
1190,422;37,96940994262695;190,29888916015625;186;
1190,423;37,96999740600586;192,2607421875;186;
1190,424;37,96940994262695;190,29888916015625;186;
1190,426;37,42293930053711;190,29888916015625;186;
1190,427;37,42293930053711;192,2607421875;186;
1190,428;37,42293930053711;190,29888916015625;186;
1190,43;37,862937927246094;190,29888916015625;186;
1190,431;37,862937927246094;188,33705139160156;186;
1190,432;37,862937927246094;186,37521362304688;186;
1190,433;38,304115295410156;188,33705139160156;186;
1190,434;38,305877685546875;190,29888916015625;186;
1190,437;38,04058837890625;190,29888916015625;186;
1190,438;38,04058837890625;192,2607421875;186;
1190,44;38,04058837890625;190,29888916015625;186;
1190,441;38,05881881713867;190,29888916015625;186;
1190,444;38,05881881713867;188,33705139160156;186;
1190,445;37,96940994262695;188,33705139160156;186;
1190,448;37,96940994262695;190,29888916015625;186;
1190,449;37,42293930053711;190,29888916015625;186;
1190,452;37,862937927246094;190,29888916015625;186;
1190,454;37,862937927246094;188,33705139160156;186;
1190,456;38,305877685546875;188,33705139160156;186;
1190,457;38,305877685546875;190,29888916015625;186;
1190,46;38,04058837890625;190,29888916015625;186;
1190,461;38,04058837890625;192,2607421875;186;
1190,463;38,05823516845703;192,2607421875;186;
1190,464;38,05881881713867;192,2607421875;186;
1190,467;37,96940994262695;190,29888916015625;186;
1190,469;37,96999740600586;190,29888916015625;186;
1190,47;37,96940994262695;188,33705139160156;186;
1190,471;37,369998931884766;188,33705139160156;186;
1190,472;37,36882019042969;188,33705139160156;186;
1190,474;37,4217643737793;186,37521362304688;186;
1190,475;37,862937927246094;188,33705139160156;186;
1190,476;37,862937927246094;190,29888916015625;186;
1190,477;37,862937927246094;188,33705139160156;186;
1190,478;37,862937927246094;190,29888916015625;186;
1190,479;38,305877685546875;190,29888916015625;186;
1190,482;38,041175842285156;190,29888916015625;186;
1190,483;38,04058837890625;188,33705139160156;186;
1190,486;38,05881881713867;188,33705139160156;186;
1190,487;38,05881881713867;190,29888916015625;186;
1190,49;37,96940994262695;190,29888916015625;186;
1190,491;37,96940994262695;192,2607421875;186;
1190,492;37,96940994262695;190,29888916015625;186;
1190,494;37,42293930053711;190,29888916015625;186;
1190,495;37,42293930053711;192,2607421875;186;
1190,496;37,42293930053711;188,33705139160156;186;
1190,497;37,86411666870117;188,33705139160156;186;
1190,498;37,862937927246094;188,33705139160156;186;
1190,501;38,305877685546875;188,33705139160156;186;
1190,502;38,305877685546875;190,29888916015625;186;
1190,505;38,04058837890625;192,2607421875;186;
1190,507;38,04058837890625;190,29888916015625;186;
1190,509;38,05881881713867;190,29888916015625;186;
1190,51;38,05881881713867;188,33705139160156;186;
1190,512;37,970584869384766;188,33705139160156;186;
1190,513;37,96940994262695;188,33705139160156;186;
1190,514;37,96881866455078;190,29888916015625;186;
1190,515;37,970584869384766;190,29888916015625;186;
1190,516;37,4217643737793;190,29888916015625;186;
1190,517;37,42293930053711;190,29888916015625;186;
1190,518;37,42293930053711;188,33705139160156;186;
1190,52;37,862937927246094;188,33705139160156;186;
1190,521;37,86587905883789;188,33705139160156;186;
1190,522;37,862937927246094;188,33705139160156;186;
1190,523;37,86470413208008;188,33705139160156;186;
1190,524;38,30529022216797;188,33705139160156;186;
1190,525;38,30470275878906;190,29888916015625;186;
1190,526;38,30352783203125;190,29888916015625;186;
1190,527;38,30529022216797;190,29888916015625;186;
1190,528;38,04058837890625;190,29888916015625;186;
1190,529;38,03411865234375;190,29888916015625;186;
1190,53;37,953529357910156;190,29888916015625;186;
1190,531;37,972938537597656;190,29888916015625;186;
1190,532;37,97058868408203;190,29888916015625;186;
1190,533;37,96823501586914;190,29888916015625;186;
1190,534;37,96823501586914;188,33705139160156;186;
1190,535;37,87999725341797;188,33705139160156;186;
1190,536;37,87999725341797;190,29888916015625;186;
1190,537;37,87999725341797;188,33705139160156;186;
1190,539;37,33293914794922;188,33705139160156;186;
1190,54;37,33293914794922;190,29888916015625;186;
1190,543;37,77411651611328;190,29888916015625;186;
1190,545;37,77411651611328;188,33705139160156;186;
1190,546;38,21529006958008;188,33705139160156;186;
1190,547;38,21529006958008;190,29888916015625;186;
1190,55;37,95058822631836;188,33705139160156;186;
1190,554;37,96823501586914;190,29888916015625;186;
1190,558;37,87999725341797;190,29888916015625;186;
1190,559;37,87999725341797;192,2607421875;186;
1190,56;37,87999725341797;190,29888916015625;186;
1190,561;37,33293914794922;190,29888916015625;186;
1190,563;37,33293914794922;188,33705139160156;186;
1190,565;37,77411651611328;186,37521362304688;186;
1190,566;37,77411651611328;188,33705139160156;186;
1190,569;36,98117446899414;190,29888916015625;186;
1190,57;38,27823257446289;190,29888916015625;186;
1190,571;38,277645111083984;190,29888916015625;186;
1190,572;38,28470230102539;190,29888916015625;186;
1190,573;38,021175384521484;190,29888916015625;186;
1190,574;38,031761169433594;188,33705139160156;186;
1190,576;38,034706115722656;188,33705139160156;186;
1190,577;38,05234909057617;188,33705139160156;186;
1190,579;38,05823516845703;188,33705139160156;186;
1190,58;37,964115142822266;188,33705139160156;186;
1190,581;37,96999740600586;190,29888916015625;186;
1190,582;37,964115142822266;190,29888916015625;186;
1190,583;37,96234893798828;190,29888916015625;186;
1190,584;37,412349700927734;190,29888916015625;186;
1190,585;37,40529251098633;190,29888916015625;186;
1190,586;37,40117645263672;188,33705139160156;186;
1190,587;37,399410247802734;188,33705139160156;186;
1190,588;37,83940887451172;188,33705139160156;186;
1190,589;37,83529281616211;188,33705139160156;186;
1190,59;37,837646484375;188,33705139160156;186;
1190,591;37,838233947753906;188,33705139160156;186;
1190,592;38,363529205322266;188,33705139160156;186;
1190,593;38,35940933227539;190,29888916015625;186;
1190,594;38,361759185791016;190,29888916015625;186;
1190,595;38,09529113769531;190,29888916015625;186;
1190,596;38,10176467895508;190,29888916015625;186;
1190,597;38,10940933227539;190,29888916015625;186;
1190,598;38,11176300048828;190,29888916015625;186;
1190,599;38,128822326660156;188,33705139160156;186;
1190,6;38,13470458984375;190,29888916015625;186;
1190,601;38,12058639526367;188,33705139160156;186;
1190,602;38,117645263671875;188,33705139160156;186;
1190,603;38,03293991088867;188,33705139160156;186;
1190,604;38,03352737426758;190,29888916015625;186;
1190,605;38,03588104248047;188,33705139160156;186;
1190,606;38,036468505859375;190,29888916015625;186;
1190,607;37,48999786376953;190,29888916015625;186;
1190,608;37,487648010253906;190,29888916015625;186;
1190,609;37,49117660522461;190,29888916015625;186;
1190,61;37,93587875366211;190,29888916015625;186;
1190,611;37,91764831542969;190,29888916015625;186;
1190,612;37,93647003173828;188,33705139160156;186;
1190,613;37,94293975830078;188,33705139160156;186;
1190,614;38,39999771118164;188,33705139160156;186;
1190,615;38,40529251098633;188,33705139160156;186;
1190,616;38,40999984741211;188,33705139160156;186;
1190,617;38,40882110595703;188,33705139160156;186;
1190,618;38,148231506347656;190,29888916015625;186;
1190,619;38,150001525878906;190,29888916015625;186;
1190,62;38,13764572143555;190,29888916015625;186;
1190,621;38,135292053222656;190,29888916015625;186;
1190,622;38,153526306152344;190,29888916015625;186;
1190,623;38,14234924316406;190,29888916015625;186;
1190,624;38,14352798461914;190,29888916015625;186;
1190,625;38,140586853027344;190,29888916015625;186;
1190,626;38,04823303222656;190,29888916015625;186;
1190,627;38,04058837890625;188,33705139160156;186;
1190,628;38,034706115722656;188,33705139160156;186;
1190,629;37,49882125854492;188,33705139160156;186;
1190,63;37,48823547363281;188,33705139160156;186;
1190,631;37,48588180541992;188,33705139160156;186;
1190,632;37,48470687866211;188,33705139160156;186;
1190,633;37,92646789550781;188,33705139160156;186;
1190,634;37,92529296875;190,29888916015625;186;
1190,636;37,9282341003418;190,29888916015625;186;
1190,637;38,37117385864258;190,29888916015625;186;
1190,638;38,36823272705078;190,29888916015625;186;
1190,639;38,36705780029297;190,29888916015625;186;
1190,641;38,10940933227539;190,29888916015625;186;
1190,642;38,09764862060547;188,33705139160156;186;
1190,643;38,10353088378906;186,37521362304688;186;
1190,644;38,126468658447266;188,33705139160156;186;
1190,645;38,12528991699219;188,33705139160156;186;
1190,646;38,11941146850586;190,29888916015625;186;
1190,647;38,12705612182617;190,29888916015625;186;
1190,648;38,031761169433594;190,29888916015625;186;
1190,649;38,0294075012207;190,29888916015625;186;
1190,651;38,03293991088867;190,29888916015625;186;
1190,652;37,48588180541992;188,33705139160156;186;
1190,653;37,48823547363281;188,33705139160156;186;
1190,656;37,927059173583984;188,33705139160156;186;
1190,658;37,9288215637207;186,37521362304688;186;
1190,659;37,92940902709961;188,33705139160156;186;
1190,66;38,374114990234375;188,33705139160156;186;
1190,661;38,37352752685547;190,29888916015625;186;
1190,662;38,367645263671875;190,29888916015625;186;
1190,663;38,10411834716797;190,29888916015625;186;
1190,665;38,10647201538086;190,29888916015625;186;
1190,666;38,10529327392578;188,33705139160156;186;
1190,667;38,12823486328125;188,33705139160156;186;
1190,668;38,119998931884766;190,29888916015625;186;
1190,669;38,121761322021484;188,33705139160156;186;
1190,671;38,03293991088867;190,29888916015625;186;
1190,672;38,034706115722656;190,29888916015625;186;
1190,673;38,034114837646484;190,29888916015625;186;
1190,674;38,03823471069336;190,29888916015625;186;
1190,675;37,48588180541992;190,29888916015625;186;
1190,676;37,48588180541992;192,2607421875;186;
1190,677;37,48882293701172;190,29888916015625;186;
1190,678;37,9223518371582;190,29888916015625;186;
1190,679;37,91999816894531;190,29888916015625;186;
1190,68;37,86411666870117;190,29888916015625;186;
1190,681;37,862937927246094;188,33705139160156;186;
1190,682;38,304115295410156;188,33705139160156;186;
1190,683;38,302940368652344;188,33705139160156;186;
1190,685;38,304115295410156;190,29888916015625;186;
1190,686;38,038822174072266;190,29888916015625;186;
1190,687;38,03940963745117;190,29888916015625;186;
1190,688;38,04058837890625;188,33705139160156;186;
1190,689;38,040000915527344;190,29888916015625;186;
1190,69;38,057647705078125;190,29888916015625;186;
1190,692;38,057647705078125;188,33705139160156;186;
1190,693;37,96940994262695;188,33705139160156;186;
1190,694;37,971763610839844;188,33705139160156;186;
1190,697;37,42293930053711;188,33705139160156;186;
1190,698;37,42293930053711;190,29888916015625;186;
1190,701;37,86411666870117;190,29888916015625;186;
1190,702;37,86411666870117;192,2607421875;186;
1190,705;38,30470275878906;192,2607421875;186;
1190,707;38,30470275878906;190,29888916015625;186;
1190,708;38,040000915527344;190,29888916015625;186;
1190,709;38,04058837890625;190,29888916015625;186;
1190,71;38,04058837890625;188,33705139160156;186;
1190,712;38,057647705078125;188,33705139160156;186;
1190,713;38,057647705078125;190,29888916015625;186;
1190,716;37,971763610839844;190,29888916015625;186;
1190,718;37,971763610839844;188,33705139160156;186;
1190,72;37,42293930053711;188,33705139160156;186;
1190,724;37,86411666870117;188,33705139160156;186;
1190,725;37,86411666870117;190,29888916015625;186;
1190,727;38,30470275878906;190,29888916015625;186;
1190,728;38,30470275878906;192,2607421875;186;
1190,731;38,04058837890625;192,2607421875;186;
1190,733;38,04058837890625;190,29888916015625;186;
1190,735;38,057647705078125;190,29888916015625;186;
1190,736;38,057647705078125;188,33705139160156;186;
1190,738;38,07764434814453;190,29888916015625;186;
1190,739;37,971763610839844;190,29888916015625;186;
1190,741;37,971763610839844;192,2607421875;186;
1190,742;37,42293930053711;192,2607421875;186;
1190,744;37,42293930053711;190,29888916015625;186;
1190,746;37,86411666870117;188,33705139160156;186;
1190,748;37,86411666870117;186,37521362304688;186;
1190,749;37,81058883666992;188,33705139160156;186;
1190,75;38,30470275878906;188,33705139160156;186;
1190,751;38,30470275878906;190,29888916015625;186;
1190,754;38,04058837890625;190,29888916015625;186;
1190,756;38,04058837890625;188,33705139160156;186;
1190,757;38,057647705078125;190,29888916015625;186;
1190,761;37,971763610839844;188,33705139160156;186;
1190,762;37,971763610839844;190,29888916015625;186;
1190,765;37,42293930053711;192,2607421875;186;
1190,766;37,42293930053711;194,2225799560547;186;
1190,767;37,42293930053711;192,2607421875;186;
1190,769;37,86411666870117;192,2607421875;186;
1190,771;37,86411666870117;190,29888916015625;186;
1190,772;38,30470275878906;190,29888916015625;186;
1190,776;38,04058837890625;188,33705139160156;186;
1190,777;38,04058837890625;190,29888916015625;186;
1190,778;38,04058837890625;188,33705139160156;186;
1190,78;38,057647705078125;190,29888916015625;186;
1190,782;38,057647705078125;188,33705139160156;186;
1190,783;38,057647705078125;190,29888916015625;186;
1190,784;37,971763610839844;190,29888916015625;186;
1190,785;37,971763610839844;188,33705139160156;186;
1190,787;37,424705505371094;188,33705139160156;186;
1190,788;37,42293930053711;188,33705139160156;186;
1190,791;37,86411666870117;190,29888916015625;186;
1190,794;37,86411666870117;192,2607421875;186;
1190,795;38,30470275878906;192,2607421875;186;
1190,796;38,30470275878906;194,2225799560547;186;
1190,797;38,30470275878906;192,2607421875;186;
1190,799;38,04235076904297;190,29888916015625;186;
1190,8;38,03940963745117;190,29888916015625;186;
1190,801;38,040000915527344;188,33705139160156;186;
1190,802;38,05823516845703;188,33705139160156;186;
1190,803;38,05823516845703;190,29888916015625;186;
1190,804;38,05823516845703;188,33705139160156;186;
1190,805;38,05999755859375;188,33705139160156;186;
1190,806;37,96940994262695;188,33705139160156;186;
1190,807;37,970584869384766;190,29888916015625;186;
1190,808;37,96999740600586;188,33705139160156;186;
1190,81;37,4223518371582;188,33705139160156;186;
1190,811;37,4217643737793;188,33705139160156;186;
1190,812;37,42293930053711;188,33705139160156;186;
1190,813;37,335880279541016;188,33705139160156;186;
1190,814;37,77705764770508;188,33705139160156;186;
1190,815;37,77411651611328;188,33705139160156;186;
1190,817;38,21529006958008;188,33705139160156;186;
1190,818;38,32353210449219;190,29888916015625;186;
1190,819;38,21529006958008;192,2607421875;186;
1190,821;37,95058822631836;190,29888916015625;186;
1190,824;37,95058822631836;188,33705139160156;186;
1190,825;37,96823501586914;188,33705139160156;186;
1190,829;37,87999725341797;190,29888916015625;186;
1190,832;37,33293914794922;192,2607421875;186;
1190,836;37,77411651611328;190,29888916015625;186;
1190,839;37,77411651611328;186,37521362304688;186;
1190,84;38,21529006958008;186,37521362304688;186;
1190,841;38,21529006958008;188,33705139160156;186;
1190,843;38,21529006958008;190,29888916015625;186;
1190,844;37,95058822631836;190,29888916015625;186;
1190,846;37,95058822631836;188,33705139160156;186;
1190,847;37,95058822631836;190,29888916015625;186;
1190,848;37,96823501586914;190,29888916015625;186;
1190,85;37,96823501586914;188,33705139160156;186;
1190,851;37,87999725341797;188,33705139160156;186;
1190,853;37,94293975830078;188,33705139160156;186;
1190,854;37,945289611816406;188,33705139160156;186;
1190,855;37,39411926269531;188,33705139160156;186;
1190,856;37,404117584228516;190,29888916015625;186;
1190,857;37,40823745727539;190,29888916015625;186;
1190,858;37,417057037353516;190,29888916015625;186;
1190,859;37,85823440551758;190,29888916015625;186;
1190,862;37,86705780029297;190,29888916015625;186;
1190,863;38,30234909057617;190,29888916015625;186;
1190,864;38,29705810546875;190,29888916015625;186;
1190,865;38,30234909057617;188,33705139160156;186;
1190,866;38,03411865234375;188,33705139160156;186;
1190,867;38,02823257446289;188,33705139160156;186;
1190,868;38,023529052734375;188,33705139160156;186;
1190,869;38,02000045776367;188,33705139160156;186;
1190,87;38,03764724731445;188,33705139160156;186;
1190,871;38,031761169433594;190,29888916015625;186;
1190,873;38,034706115722656;190,29888916015625;186;
1190,874;37,944114685058594;190,29888916015625;186;
1190,876;37,938232421875;188,33705139160156;186;
1190,877;38,026466369628906;188,33705139160156;186;
1190,878;37,39176559448242;188,33705139160156;186;
1190,879;37,48234939575195;188,33705139160156;186;
1190,88;37,49646759033203;188,33705139160156;186;
1190,881;37,494117736816406;188,33705139160156;186;
1190,882;37,937644958496094;188,33705139160156;186;
1190,883;37,94058609008789;188,33705139160156;186;
1190,884;37,925880432128906;188,33705139160156;186;
1190,885;38,36705780029297;190,29888916015625;186;
1190,886;38,369998931884766;190,29888916015625;186;
1190,887;38,369407653808594;190,29888916015625;186;
1190,888;38,37528991699219;190,29888916015625;186;
1190,889;38,107059478759766;190,29888916015625;186;
1190,89;38,115291595458984;190,29888916015625;186;
1190,891;38,11235046386719;188,33705139160156;186;
1190,892;38,10823440551758;188,33705139160156;186;
1190,893;38,11647033691406;186,37521362304688;186;
1190,894;38,12352752685547;188,33705139160156;186;
1190,895;38,126468658447266;188,33705139160156;186;
1190,896;38,13705825805664;188,33705139160156;186;
1190,897;38,06646728515625;190,29888916015625;186;
1190,898;38,072349548339844;190,29888916015625;186;
1190,899;38,07293701171875;190,29888916015625;186;
1190,9;37,525291442871094;190,29888916015625;186;
1190,901;37,53823471069336;190,29888916015625;186;
1190,902;37,53293991088867;188,33705139160156;186;
1190,903;37,525291442871094;188,33705139160156;186;
1190,904;37,96058654785156;188,33705139160156;186;
1190,905;37,957645416259766;188,33705139160156;186;
1190,906;37,94823455810547;188,33705139160156;186;
1190,907;37,94764709472656;188,33705139160156;186;
1190,908;38,385292053222656;188,33705139160156;186;
1190,909;38,37881851196289;190,29888916015625;186;
1190,91;38,37470245361328;190,29888916015625;186;
1190,911;38,36647033691406;190,29888916015625;186;
1190,912;38,10411834716797;190,29888916015625;186;
1190,913;38,10353088378906;190,29888916015625;186;
1190,914;38,10647201538086;188,33705139160156;186;
1190,915;38,104705810546875;190,29888916015625;186;
1190,916;38,117645263671875;190,29888916015625;186;
1190,917;38,121177673339844;188,33705139160156;186;
1190,918;38,11647033691406;188,33705139160156;186;
1190,919;38,034706115722656;188,33705139160156;186;
1190,92;38,03293991088867;190,29888916015625;186;
1190,921;38,03588104248047;188,33705139160156;186;
1190,922;38,031761169433594;188,33705139160156;186;
1190,923;37,487648010253906;190,29888916015625;186;
1190,924;37,48588180541992;190,29888916015625;186;
1190,925;37,4905891418457;190,29888916015625;186;
1190,926;37,48352813720703;190,29888916015625;186;
1190,927;37,92529296875;190,29888916015625;186;
1190,928;37,92940902709961;190,29888916015625;186;
1190,929;37,932350158691406;188,33705139160156;186;
1190,93;37,9223518371582;188,33705139160156;186;
1190,931;38,37117385864258;188,33705139160156;186;
1190,932;38,367645263671875;190,29888916015625;186;
1190,933;38,36705780029297;188,33705139160156;186;
1190,934;38,09823226928711;190,29888916015625;186;
1190,935;38,10353088378906;190,29888916015625;186;
1190,936;38,10411834716797;190,29888916015625;186;
1190,937;38,108821868896484;188,33705139160156;186;
1190,938;38,12352752685547;190,29888916015625;186;
1190,94;38,12528991699219;190,29888916015625;186;
1190,941;38,12058639526367;188,33705139160156;186;
1190,942;38,03293991088867;190,29888916015625;186;
1190,943;38,034706115722656;190,29888916015625;186;
1190,944;38,141761779785156;188,33705139160156;186;
1190,945;38,034706115722656;188,33705139160156;186;
1190,946;37,4905891418457;188,33705139160156;186;
1190,947;37,487056732177734;188,33705139160156;186;
1190,948;37,48588180541992;188,33705139160156;186;
1190,95;37,9288215637207;190,29888916015625;186;
1190,952;37,9282341003418;190,29888916015625;186;
1190,953;38,369998931884766;190,29888916015625;186;
1190,954;38,36705780029297;190,29888916015625;186;
1190,955;38,36882019042969;190,29888916015625;186;
1190,956;38,369407653808594;190,29888916015625;186;
1190,957;38,10411834716797;190,29888916015625;186;
1190,958;38,10647201538086;188,33705139160156;186;
1190,959;38,10529327392578;188,33705139160156;186;
1190,96;38,10293960571289;188,33705139160156;186;
1190,961;38,12352752685547;188,33705139160156;186;
1190,962;38,11882019042969;190,29888916015625;186;
1190,963;38,05881881713867;190,29888916015625;186;
1190,965;37,967647552490234;190,29888916015625;186;
1190,966;37,96881866455078;190,29888916015625;186;
1190,967;37,96823501586914;190,29888916015625;186;
1190,968;37,420589447021484;190,29888916015625;186;
1190,969;37,4217643737793;190,29888916015625;186;
1190,97;37,42117691040039;188,33705139160156;186;
1190,971;37,4223518371582;188,33705139160156;186;
1190,972;37,86587905883789;188,33705139160156;186;
1190,973;37,862937927246094;186,37521362304688;186;
1190,976;38,305877685546875;188,33705139160156;186;
1190,977;38,305877685546875;190,29888916015625;186;
1190,979;38,305877685546875;192,2607421875;186;
1190,98;38,04058837890625;190,29888916015625;186;
1190,982;38,04058837890625;188,33705139160156;186;
1190,983;38,05823516845703;188,33705139160156;186;
1190,984;38,05881881713867;190,29888916015625;186;
1190,986;38,05881881713867;188,33705139160156;186;
1190,987;37,96940994262695;190,29888916015625;186;
1190,991;37,42293930053711;190,29888916015625;186;
1190,993;37,42293930053711;192,2607421875;186;
1190,995;37,862937927246094;190,29888916015625;186;
1190,996;37,862937927246094;188,33705139160156;186;
1190,997;37,862937927246094;186,37521362304688;186;
1190,998;37,862937927246094;188,33705139160156;186;
1190,999;38,305877685546875;188,33705139160156;186;
1191,001;38,305877685546875;190,29888916015625;186;
1191,002;38,041175842285156;190,29888916015625;186;
1191,003;38,04058837890625;190,29888916015625;186;
1191,006;38,05881881713867;188,33705139160156;186;
1191,007;38,05881881713867;190,29888916015625;186;
1191,008;38,05881881713867;188,33705139160156;186;
1191,01;37,96940994262695;188,33705139160156;186;
1191,011;37,96940994262695;190,29888916015625;186;
1191,012;37,96940994262695;188,33705139160156;186;
1191,014;37,42293930053711;190,29888916015625;186;
1191,017;37,862937927246094;190,29888916015625;186;
1191,021;38,305877685546875;188,33705139160156;186;
1191,022;38,305877685546875;190,29888916015625;186;
1191,023;38,30646896362305;190,29888916015625;186;
1191,024;38,46470260620117;190,29888916015625;186;
1191,025;38,04058837890625;188,33705139160156;186;
1191,029;38,05881881713867;190,29888916015625;186;
1191,032;37,96940994262695;192,2607421875;186;
1191,035;37,96940994262695;190,29888916015625;186;
1191,036;37,423526763916016;190,29888916015625;186;
1191,037;37,42293930053711;190,29888916015625;186;
1191,038;37,42293930053711;186,37521362304688;186;
1191,04;37,811763763427734;188,33705139160156;186;
1191,041;37,862937927246094;188,33705139160156;186;
1191,043;37,862937927246094;190,29888916015625;186;
1191,044;38,305877685546875;190,29888916015625;186;
1191,047;38,041175842285156;190,29888916015625;186;
1191,048;38,04058837890625;190,29888916015625;186;
1191,049;38,04058837890625;188,33705139160156;186;
1191,051;38,05881881713867;188,33705139160156;186;
1191,052;38,05881881713867;190,29888916015625;186;
1191,053;38,05881881713867;188,33705139160156;186;
1191,054;38,05881881713867;190,29888916015625;186;
1191,055;37,96940994262695;190,29888916015625;186;
1191,056;37,96940994262695;192,2607421875;186;
1191,057;37,96940994262695;190,29888916015625;186;
1191,058;37,96940994262695;192,2607421875;186;
1191,059;37,42293930053711;192,2607421875;186;
1191,061;37,42293930053711;190,29888916015625;186;
1191,062;37,86411666870117;190,29888916015625;186;
1191,063;37,862937927246094;190,29888916015625;186;
1191,065;37,862937927246094;186,37521362304688;186;
1191,066;38,305877685546875;188,33705139160156;186;
1191,067;38,305877685546875;190,29888916015625;186;
1191,07;38,04058837890625;190,29888916015625;186;
1191,074;38,05881881713867;188,33705139160156;186;
1191,075;38,05881881713867;190,29888916015625;186;
1191,076;38,05881881713867;188,33705139160156;186;
1191,078;37,96940994262695;188,33705139160156;186;
1191,079;37,96940994262695;190,29888916015625;186;
1191,081;37,42293930053711;190,29888916015625;186;
1191,082;37,4223518371582;190,29888916015625;186;
1191,083;37,4217643737793;192,2607421875;186;
1191,084;37,424705505371094;192,2607421875;186;
1191,085;37,862937927246094;192,2607421875;186;
1191,086;37,86470413208008;192,2607421875;186;
1191,087;37,86411666870117;190,29888916015625;186;
1191,088;37,86470413208008;190,29888916015625;186;
1191,089;38,30529022216797;188,33705139160156;186;
1191,09;38,30470275878906;188,33705139160156;186;
1191,091;38,305877685546875;188,33705139160156;186;
1191,092;38,30529022216797;188,33705139160156;186;
1191,093;38,040000915527344;188,33705139160156;186;
1191,094;38,04294204711914;190,29888916015625;186;
1191,095;38,04411697387695;188,33705139160156;186;
1191,096;37,97117614746094;188,33705139160156;186;
1191,097;37,97117614746094;190,29888916015625;186;
1191,098;37,97058868408203;190,29888916015625;186;
1191,099;37,96823501586914;190,29888916015625;186;
1191,1;37,87999725341797;190,29888916015625;186;
1191,102;37,87999725341797;188,33705139160156;186;
1191,104;37,33293914794922;188,33705139160156;186;
1191,108;37,77411651611328;190,29888916015625;186;
1191,111;38,21529006958008;190,29888916015625;186;
1191,115;37,95058822631836;190,29888916015625;186;
1191,116;37,95058822631836;188,33705139160156;186;
1191,118;37,95058822631836;186,37521362304688;186;
1191,119;37,96823501586914;188,33705139160156;186;
1191,122;37,96823501586914;190,29888916015625;186;
1191,123;37,87999725341797;190,29888916015625;186;
1191,125;37,87999725341797;188,33705139160156;186;
1191,126;37,87999725341797;190,29888916015625;186;
1191,127;37,33293914794922;188,33705139160156;186;
1191,13;37,77411651611328;186,37521362304688;186;
1191,134;38,21529006958008;186,37521362304688;186;
1191,135;38,21529006958008;188,33705139160156;186;
1191,136;36,98117446899414;188,33705139160156;186;
1191,137;38,275291442871094;192,2607421875;186;
1191,138;38,00764846801758;192,2607421875;186;
1191,139;38,02470397949219;190,29888916015625;186;
1191,14;38,021175384521484;188,33705139160156;186;
1191,141;38,02882385253906;190,29888916015625;186;
1191,142;38,05234909057617;188,33705139160156;186;
1191,143;38,05529022216797;190,29888916015625;186;
1191,144;38,049407958984375;188,33705139160156;186;
1191,145;37,96058654785156;188,33705139160156;186;
1191,146;37,96705627441406;190,29888916015625;186;
1191,148;37,96881866455078;190,29888916015625;186;
1191,149;37,417057037353516;190,29888916015625;186;
1191,15;37,412940979003906;190,29888916015625;186;
1191,151;37,40823745727539;188,33705139160156;186;
1191,152;37,40529251098633;188,33705139160156;186;
1191,153;37,84176254272461;188,33705139160156;186;
1191,154;37,837646484375;188,33705139160156;186;
1191,155;37,83940887451172;186,37521362304688;186;
1191,156;37,784706115722656;184,41336059570312;186;
1191,157;38,22646713256836;186,37521362304688;186;
1191,158;38,2794075012207;186,37521362304688;186;
1191,159;38,36470413208008;186,37521362304688;186;
1191,16;38,36058807373047;188,33705139160156;186;
1191,161;38,094703674316406;188,33705139160156;186;
1191,162;38,08882141113281;188,33705139160156;186;
1191,163;38,104705810546875;188,33705139160156;186;
1191,164;38,12999725341797;190,29888916015625;186;
1191,165;38,12528991699219;190,29888916015625;186;
1191,166;38,140586853027344;190,29888916015625;186;
1191,167;38,12411880493164;190,29888916015625;186;
1191,168;38,0288200378418;190,29888916015625;186;
1191,169;38,03293991088867;190,29888916015625;186;
1191,17;38,03352737426758;188,33705139160156;186;
1191,171;38,034706115722656;188,33705139160156;186;
1191,172;37,49882125854492;188,33705139160156;186;
1191,173;37,487056732177734;190,29888916015625;186;
1191,174;37,49235153198242;188,33705139160156;186;
1191,175;37,48999786376953;188,33705139160156;186;
1191,176;37,9317626953125;190,29888916015625;186;
1191,177;37,9223518371582;190,29888916015625;186;
1191,178;37,927059173583984;188,33705139160156;186;
1191,179;37,9347038269043;188,33705139160156;186;
1191,18;38,39529037475586;186,37521362304688;186;
1191,181;38,40646743774414;186,37521362304688;186;
1191,182;38,40999984741211;186,37521362304688;186;
1191,183;38,13941192626953;186,37521362304688;186;
1191,184;38,14117431640625;186,37521362304688;186;
1191,185;38,14588165283203;186,37521362304688;186;
1191,186;38,148231506347656;186,37521362304688;186;
1191,187;38,15529251098633;186,37521362304688;186;
1191,188;38,15117645263672;188,33705139160156;186;
1191,189;38,15058898925781;188,33705139160156;186;
1191,19;38,147647857666016;190,29888916015625;186;
1191,191;38,04999923706055;190,29888916015625;186;
1191,193;38,04058837890625;190,29888916015625;186;
1191,194;38,03940963745117;190,29888916015625;186;
1191,195;37,49293899536133;190,29888916015625;186;
1191,196;37,487648010253906;188,33705139160156;186;
1191,197;37,48588180541992;188,33705139160156;186;
1191,199;37,92529296875;188,33705139160156;186;
1191,2;37,9317626953125;188,33705139160156;186;
1191,201;37,92293930053711;188,33705139160156;186;
1191,202;38,37352752685547;188,33705139160156;186;
1191,203;38,36705780029297;190,29888916015625;186;
1191,204;38,369998931884766;190,29888916015625;186;
1191,205;38,37058639526367;190,29888916015625;186;
1191,206;38,10529327392578;190,29888916015625;186;
1191,207;38,10293960571289;188,33705139160156;186;
1191,208;38,10293960571289;186,37521362304688;186;
1191,209;38,052940368652344;184,41336059570312;186;
1191,21;38,06764602661133;184,41336059570312;186;
1191,211;38,11882019042969;186,37521362304688;186;
1191,212;38,12234878540039;186,37521362304688;186;
1191,213;38,12294006347656;186,37521362304688;186;
1191,214;38,03764724731445;188,33705139160156;186;
1191,215;38,025291442871094;188,33705139160156;186;
1191,216;38,034114837646484;188,33705139160156;186;
1191,217;37,48823547363281;188,33705139160156;186;
1191,219;37,487056732177734;188,33705139160156;186;
1191,22;37,48470687866211;188,33705139160156;186;
1191,221;37,92411804199219;188,33705139160156;186;
1191,222;37,92764663696289;188,33705139160156;186;
1191,223;37,92764663696289;186,37521362304688;186;
1191,224;37,927059173583984;186,37521362304688;186;
1191,225;38,369407653808594;188,33705139160156;186;
1191,226;38,369998931884766;192,2607421875;186;
1191,227;38,37058639526367;190,29888916015625;186;
1191,228;38,37234878540039;192,2607421875;186;
1191,229;38,10529327392578;192,2607421875;186;
1191,23;38,10293960571289;190,29888916015625;186;
1191,231;38,10529327392578;190,29888916015625;186;
1191,233;38,12411880493164;188,33705139160156;186;
1191,234;38,12352752685547;188,33705139160156;186;
1191,235;38,12588119506836;188,33705139160156;186;
1191,236;38,031761169433594;188,33705139160156;186;
1191,237;38,0323486328125;188,33705139160156;186;
1191,238;38,03764724731445;188,33705139160156;186;
1191,239;38,03588104248047;188,33705139160156;186;
1191,24;37,48823547363281;188,33705139160156;186;
1191,241;37,487056732177734;190,29888916015625;186;
1191,242;37,491764068603516;188,33705139160156;186;
1191,243;37,48470687866211;188,33705139160156;186;
1191,244;37,92176055908203;186,37521362304688;186;
1191,245;37,92940902709961;186,37521362304688;186;
1191,246;37,92176055908203;186,37521362304688;186;
1191,247;37,86587905883789;186,37521362304688;186;
1191,248;38,305877685546875;186,37521362304688;186;
1191,249;38,304115295410156;188,33705139160156;186;
1191,25;38,30470275878906;186,37521362304688;186;
1191,251;38,30352783203125;188,33705139160156;186;
1191,252;38,040000915527344;188,33705139160156;186;
1191,253;38,041175842285156;188,33705139160156;186;
1191,254;38,040000915527344;188,33705139160156;186;
1191,255;38,05823516845703;188,33705139160156;186;
1191,256;38,05823516845703;192,2607421875;186;
1191,257;38,057647705078125;190,29888916015625;186;
1191,259;37,971763610839844;190,29888916015625;186;
1191,263;37,42293930053711;188,33705139160156;186;
1191,267;37,86411666870117;190,29888916015625;186;
1191,27;38,30529022216797;190,29888916015625;186;
1191,271;38,30470275878906;190,29888916015625;186;
1191,273;38,30470275878906;188,33705139160156;186;
1191,274;38,04058837890625;188,33705139160156;186;
1191,277;38,04058837890625;186,37521362304688;186;
1191,278;38,057647705078125;188,33705139160156;186;
1191,282;37,971763610839844;190,29888916015625;186;
1191,284;37,971763610839844;188,33705139160156;186;
1191,285;37,95411682128906;190,29888916015625;186;
1191,286;37,42293930053711;188,33705139160156;186;
1191,289;37,86411666870117;188,33705139160156;186;
1191,29;37,86411666870117;186,37521362304688;186;
1191,293;38,30470275878906;188,33705139160156;186;
1191,294;38,30470275878906;190,29888916015625;186;
1191,296;38,30470275878906;192,2607421875;186;
1191,297;38,04058837890625;190,29888916015625;186;
1191,299;38,04058837890625;188,33705139160156;186;
1191,3;38,04058837890625;190,29888916015625;186;
1191,301;38,057647705078125;188,33705139160156;186;
1191,302;38,057647705078125;190,29888916015625;186;
1191,303;38,057647705078125;188,33705139160156;186;
1191,304;37,96940994262695;188,33705139160156;186;
1191,305;37,971763610839844;190,29888916015625;186;
1191,307;37,989410400390625;190,29888916015625;186;
1191,308;37,42293930053711;190,29888916015625;186;
1191,311;37,42293930053711;188,33705139160156;186;
1191,312;37,86411666870117;188,33705139160156;186;
1191,316;38,30470275878906;188,33705139160156;186;
1191,317;38,30470275878906;190,29888916015625;186;
1191,32;38,04058837890625;190,29888916015625;186;
1191,322;38,04058837890625;188,33705139160156;186;
1191,323;38,057647705078125;190,29888916015625;186;
1191,325;38,057647705078125;188,33705139160156;186;
1191,327;37,971763610839844;188,33705139160156;186;
1191,331;37,42293930053711;188,33705139160156;186;
1191,332;37,42293930053711;190,29888916015625;186;
1191,333;37,42293930053711;188,33705139160156;186;
1191,334;37,3347053527832;188,33705139160156;186;
1191,335;37,86411666870117;190,29888916015625;186;
1191,337;37,86411666870117;188,33705139160156;186;
1191,338;38,30529022216797;188,33705139160156;186;
1191,339;38,30470275878906;190,29888916015625;186;
1191,341;38,30470275878906;188,33705139160156;186;
1191,342;38,04058837890625;188,33705139160156;186;
1191,346;38,057647705078125;188,33705139160156;186;
1191,347;38,040000915527344;190,29888916015625;186;
1191,348;38,057647705078125;190,29888916015625;186;
1191,35;37,971763610839844;190,29888916015625;186;
1191,352;37,971763610839844;188,33705139160156;186;
1191,353;37,424705505371094;190,29888916015625;186;
1191,354;37,42293930053711;188,33705139160156;186;
1191,357;37,86411666870117;188,33705139160156;186;
1191,359;37,86411666870117;190,29888916015625;186;
1191,361;38,30470275878906;190,29888916015625;186;
1191,362;38,30470275878906;192,2607421875;186;
1191,363;38,30470275878906;190,29888916015625;186;
1191,365;38,04058837890625;190,29888916015625;186;
1191,366;38,040000915527344;190,29888916015625;186;
1191,367;38,04058837890625;188,33705139160156;186;
1191,368;38,041175842285156;188,33705139160156;186;
1191,369;38,057647705078125;188,33705139160156;186;
1191,37;38,05823516845703;188,33705139160156;186;
1191,372;37,971763610839844;190,29888916015625;186;
1191,373;37,96940994262695;190,29888916015625;186;
1191,374;37,96999740600586;190,29888916015625;186;
1191,375;37,96881866455078;190,29888916015625;186;
1191,376;37,41999816894531;190,29888916015625;186;
1191,377;37,42293930053711;190,29888916015625;186;
1191,378;37,42823791503906;188,33705139160156;186;
1191,379;37,41999816894531;188,33705139160156;186;
1191,38;37,77705764770508;188,33705139160156;186;
1191,381;37,77941131591797;188,33705139160156;186;
1191,382;37,77411651611328;188,33705139160156;186;
1191,384;38,217647552490234;190,29888916015625;186;
1191,385;38,21529006958008;190,29888916015625;186;
1191,387;37,95058822631836;192,2607421875;186;
1191,391;37,96823501586914;190,29888916015625;186;
1191,392;37,96823501586914;192,2607421875;186;
1191,393;37,96823501586914;190,29888916015625;186;
1191,395;37,87999725341797;188,33705139160156;186;
1191,399;37,33293914794922;188,33705139160156;186;
1191,4;37,33293914794922;190,29888916015625;186;
1191,401;37,33293914794922;188,33705139160156;186;
1191,403;37,77411651611328;190,29888916015625;186;
1191,404;37,77411651611328;188,33705139160156;186;
1191,406;38,21529006958008;188,33705139160156;186;
1191,407;38,21529006958008;190,29888916015625;186;
1191,41;37,95058822631836;190,29888916015625;186;
1191,414;37,96823501586914;190,29888916015625;186;
1191,416;37,96823501586914;192,2607421875;186;
1191,418;37,87999725341797;192,2607421875;186;
1191,419;36,65705490112305;190,29888916015625;186;
1191,42;37,93940734863281;190,29888916015625;186;
1191,421;37,39234924316406;188,33705139160156;186;
1191,422;37,40293884277344;188,33705139160156;186;
1191,423;37,40353012084961;188,33705139160156;186;
1191,424;37,41117858886719;188,33705139160156;186;
1191,425;37,85823440551758;188,33705139160156;186;
1191,426;37,861175537109375;190,29888916015625;186;
1191,427;37,85823440551758;188,33705139160156;186;
1191,428;37,857059478759766;190,29888916015625;186;
1191,429;38,30529022216797;190,29888916015625;186;
1191,43;38,30234909057617;190,29888916015625;186;
1191,432;38,301761627197266;190,29888916015625;186;
1191,433;38,03117752075195;188,33705139160156;186;
1191,434;38,029998779296875;188,33705139160156;186;
1191,435;38,09646987915039;188,33705139160156;186;
1191,436;38,03588104248047;188,33705139160156;186;
1191,437;38,034706115722656;190,29888916015625;186;
1191,438;38,03352737426758;190,29888916015625;186;
1191,439;38,0288200378418;190,29888916015625;186;
1191,44;37,94352722167969;190,29888916015625;186;
1191,441;37,944114685058594;190,29888916015625;186;
1191,443;37,938819885253906;190,29888916015625;186;
1191,444;37,39176559448242;190,29888916015625;186;
1191,445;37,38882064819336;190,29888916015625;186;
1191,446;37,4841194152832;188,33705139160156;186;
1191,447;37,4935302734375;188,33705139160156;186;
1191,448;37,93647003173828;188,33705139160156;186;
1191,449;37,937644958496094;188,33705139160156;186;
1191,45;37,92940902709961;188,33705139160156;186;
1191,451;38,36882019042969;190,29888916015625;186;
1191,452;38,37234878540039;190,29888916015625;186;
1191,453;38,36882019042969;190,29888916015625;186;
1191,454;38,37470245361328;190,29888916015625;186;
1191,455;38,11470413208008;190,29888916015625;186;
1191,456;38,10764694213867;192,2607421875;186;
1191,457;38,11176300048828;190,29888916015625;186;
1191,458;38,111175537109375;190,29888916015625;186;
1191,459;38,12294006347656;190,29888916015625;186;
1191,46;38,11647033691406;188,33705139160156;186;
1191,461;38,12058639526367;188,33705139160156;186;
1191,462;38,13705825805664;188,33705139160156;186;
1191,463;38,04646682739258;188,33705139160156;186;
1191,464;38,06882095336914;190,29888916015625;186;
1191,465;38,07587814331055;188,33705139160156;186;
1191,466;38,07293701171875;190,29888916015625;186;
1191,467;37,52647018432617;190,29888916015625;186;
1191,468;37,53352737426758;190,29888916015625;186;
1191,469;37,53411865234375;188,33705139160156;186;
1191,47;37,96529006958008;188,33705139160156;186;
1191,471;37,96294021606445;188,33705139160156;186;
1191,472;37,952938079833984;188,33705139160156;186;
1191,473;37,95470428466797;188,33705139160156;186;
1191,474;38,392940521240234;188,33705139160156;186;
1191,475;38,38470458984375;190,29888916015625;186;
1191,476;38,37470245361328;190,29888916015625;186;
1191,477;38,369998931884766;190,29888916015625;186;
1191,478;38,10588073730469;190,29888916015625;186;
1191,479;38,10176467895508;190,29888916015625;186;
1191,48;38,10411834716797;190,29888916015625;186;
1191,481;38,104705810546875;190,29888916015625;186;
1191,482;38,12058639526367;190,29888916015625;186;
1191,483;38,12294006347656;190,29888916015625;186;
1191,484;38,12234878540039;188,33705139160156;186;
1191,485;38,0294075012207;188,33705139160156;186;
1191,486;38,03823471069336;188,33705139160156;186;
1191,487;38,0323486328125;188,33705139160156;186;
1191,488;38,034706115722656;188,33705139160156;186;
1191,489;37,48588180541992;188,33705139160156;186;
1191,49;37,489410400390625;190,29888916015625;186;
1191,491;37,487056732177734;190,29888916015625;186;
1191,493;37,9282341003418;190,29888916015625;186;
1191,494;37,92940902709961;190,29888916015625;186;
1191,495;37,92646789550781;188,33705139160156;186;
1191,496;37,9282341003418;190,29888916015625;186;
1191,497;38,36823272705078;190,29888916015625;186;
1191,498;38,36705780029297;190,29888916015625;186;
1191,499;38,369407653808594;188,33705139160156;186;
1191,5;38,104705810546875;188,33705139160156;186;
1191,501;38,100589752197266;188,33705139160156;186;
1191,502;38,108821868896484;188,33705139160156;186;
1191,503;38,10293960571289;188,33705139160156;186;
1191,504;38,12588119506836;190,29888916015625;186;
1191,505;38,12294006347656;190,29888916015625;186;
1191,506;38,12470245361328;190,29888916015625;186;
1191,507;38,12588119506836;190,29888916015625;186;
1191,508;38,03293991088867;190,29888916015625;186;
1191,509;38,03352737426758;190,29888916015625;186;
1191,51;38,0352897644043;190,29888916015625;186;
1191,511;38,03352737426758;192,2607421875;186;
1191,512;37,48823547363281;190,29888916015625;186;
1191,513;37,48823547363281;188,33705139160156;186;
1191,514;37,491764068603516;188,33705139160156;186;
1191,515;37,48823547363281;188,33705139160156;186;
1191,516;37,93000030517578;188,33705139160156;186;
1191,517;37,9282341003418;188,33705139160156;186;
1191,518;37,9288215637207;188,33705139160156;186;
1191,519;38,371761322021484;190,29888916015625;186;
1191,52;38,369407653808594;190,29888916015625;186;
1191,521;38,36823272705078;190,29888916015625;186;
1191,522;38,36705780029297;190,29888916015625;186;
1191,523;38,10529327392578;190,29888916015625;186;
1191,524;38,10411834716797;188,33705139160156;186;
1191,526;38,10764694213867;188,33705139160156;186;
1191,527;38,127647399902344;188,33705139160156;186;
1191,528;38,11882019042969;188,33705139160156;186;
1191,529;38,11470413208008;188,33705139160156;186;
1191,53;38,05881881713867;190,29888916015625;186;
1191,531;37,970584869384766;190,29888916015625;186;
1191,532;37,96940994262695;190,29888916015625;186;
1191,534;37,4217643737793;190,29888916015625;186;
1191,537;37,4217643737793;188,33705139160156;186;
1191,538;37,86411666870117;188,33705139160156;186;
1191,539;37,86470413208008;188,33705139160156;186;
1191,54;37,862937927246094;188,33705139160156;186;
1191,542;38,305877685546875;188,33705139160156;186;
1191,543;38,305877685546875;190,29888916015625;186;
1191,546;38,04058837890625;190,29888916015625;186;
1191,548;38,04058837890625;188,33705139160156;186;
1191,549;38,05823516845703;190,29888916015625;186;
1191,55;38,05881881713867;190,29888916015625;186;
1191,551;38,05881881713867;188,33705139160156;186;
1191,553;37,96940994262695;188,33705139160156;186;
1191,556;37,96940994262695;190,29888916015625;186;
1191,557;37,42293930053711;190,29888916015625;186;
1191,558;37,42293930053711;192,2607421875;186;
1191,561;37,862937927246094;192,2607421875;186;
1191,562;37,862937927246094;190,29888916015625;186;
1191,564;37,862937927246094;188,33705139160156;186;
1191,565;38,305877685546875;188,33705139160156;186;
1191,568;38,04058837890625;188,33705139160156;186;
1191,572;38,05881881713867;188,33705139160156;186;
1191,573;38,05881881713867;190,29888916015625;186;
1191,575;38,05881881713867;188,33705139160156;186;
1191,576;37,96940994262695;190,29888916015625;186;
1191,578;37,96940994262695;188,33705139160156;186;
1191,58;37,42293930053711;188,33705139160156;186;
1191,583;37,862937927246094;188,33705139160156;186;
1191,584;37,862937927246094;190,29888916015625;186;
1191,587;38,305877685546875;190,29888916015625;186;
1191,591;38,04058837890625;190,29888916015625;186;
1191,592;38,04058837890625;188,33705139160156;186;
1191,595;38,05881881713867;188,33705139160156;186;
1191,596;38,05881881713867;190,29888916015625;186;
1191,598;37,970584869384766;190,29888916015625;186;
1191,599;37,96940994262695;190,29888916015625;186;
1191,602;37,42293930053711;190,29888916015625;186;
1191,603;37,42293930053711;192,2607421875;186;
1191,604;37,42293930053711;188,33705139160156;186;
1191,606;37,862937927246094;188,33705139160156;186;
1191,61;38,305877685546875;190,29888916015625;186;
1191,613;38,041175842285156;190,29888916015625;186;
1191,614;38,04058837890625;190,29888916015625;186;
1191,616;38,04058837890625;188,33705139160156;186;
1191,617;38,05881881713867;188,33705139160156;186;
1191,618;38,05881881713867;190,29888916015625;186;
1191,619;38,05881881713867;188,33705139160156;186;
1191,621;37,96940994262695;190,29888916015625;186;
1191,625;37,42293930053711;190,29888916015625;186;
1191,626;37,42293930053711;192,2607421875;186;
1191,628;37,42293930053711;190,29888916015625;186;
1191,629;37,862937927246094;190,29888916015625;186;
1191,631;37,862937927246094;186,37521362304688;186;
1191,632;38,305877685546875;188,33705139160156;186;
1191,635;38,305877685546875;190,29888916015625;186;
1191,636;38,04058837890625;190,29888916015625;186;
1191,637;38,04235076904297;190,29888916015625;186;
1191,638;38,041175842285156;190,29888916015625;186;
1191,639;38,04058837890625;190,29888916015625;186;
1191,64;38,05881881713867;188,33705139160156;186;
1191,641;38,05881881713867;190,29888916015625;186;
1191,642;38,05881881713867;188,33705139160156;186;
1191,644;37,96940994262695;188,33705139160156;186;
1191,647;37,4223518371582;188,33705139160156;186;
1191,648;37,42293930053711;190,29888916015625;186;
1191,649;37,423526763916016;190,29888916015625;186;
1191,65;37,42293930053711;190,29888916015625;186;
1191,651;37,86470413208008;190,29888916015625;186;
1191,652;37,863529205322266;190,29888916015625;186;
1191,653;37,862937927246094;192,2607421875;186;
1191,654;37,86411666870117;192,2607421875;186;
1191,655;38,30705642700195;192,2607421875;186;
1191,656;38,305877685546875;192,2607421875;186;
1191,657;38,30529022216797;190,29888916015625;186;
1191,658;38,30705642700195;190,29888916015625;186;
1191,659;38,03940963745117;188,33705139160156;186;
1191,66;38,04235076904297;188,33705139160156;186;
1191,661;38,03764724731445;188,33705139160156;186;
1191,662;38,05352783203125;188,33705139160156;186;
1191,663;37,97117614746094;190,29888916015625;186;
1191,665;37,96823501586914;190,29888916015625;186;
1191,666;37,87999725341797;190,29888916015625;186;
1191,669;37,87999725341797;188,33705139160156;186;
1191,67;37,33293914794922;188,33705139160156;186;
1191,674;37,77411651611328;188,33705139160156;186;
1191,675;37,77411651611328;190,29888916015625;186;
1191,678;38,21529006958008;192,2607421875;186;
1191,679;38,21529006958008;194,2225799560547;186;
1191,68;38,21529006958008;192,2607421875;186;
1191,681;37,95058822631836;192,2607421875;186;
1191,682;37,96823501586914;192,2607421875;186;
1191,683;37,95058822631836;190,29888916015625;186;
1191,685;37,96823501586914;188,33705139160156;186;
1191,689;37,87999725341797;190,29888916015625;186;
1191,691;37,897647857666016;188,33705139160156;186;
1191,692;37,87999725341797;190,29888916015625;186;
1191,693;37,33293914794922;190,29888916015625;186;
1191,695;37,33293914794922;188,33705139160156;186;
1191,696;37,77411651611328;188,33705139160156;186;
1191,7;38,21529006958008;188,33705139160156;186;
1191,701;38,21529006958008;190,29888916015625;186;
1191,703;38,27823257446289;190,29888916015625;186;
1191,704;38,0158805847168;190,29888916015625;186;
1191,705;38,02000045776367;190,29888916015625;186;
1191,706;38,02176284790039;190,29888916015625;186;
1191,707;38,025882720947266;190,29888916015625;186;
1191,708;38,049407958984375;190,29888916015625;186;
1191,709;38,05529022216797;190,29888916015625;186;
1191,71;38,05234909057617;188,33705139160156;186;
1191,711;37,964115142822266;188,33705139160156;186;
1191,712;37,972938537597656;190,29888916015625;186;
1191,713;37,96705627441406;190,29888916015625;186;
1191,714;37,961761474609375;190,29888916015625;186;
1191,715;37,41999816894531;190,29888916015625;186;
1191,716;37,4152946472168;190,29888916015625;186;
1191,717;37,410587310791016;190,29888916015625;186;
1191,718;37,405879974365234;190,29888916015625;186;
1191,719;37,843528747558594;192,2607421875;186;
1191,721;37,837646484375;190,29888916015625;186;
1191,722;37,837646484375;188,33705139160156;186;
1191,723;38,2788200378418;188,33705139160156;186;
1191,724;38,2794075012207;188,33705139160156;186;
1191,725;38,29705810546875;188,33705139160156;186;
1191,726;38,094703674316406;188,33705139160156;186;
1191,727;38,094120025634766;190,29888916015625;186;
1191,728;38,09823226928711;190,29888916015625;186;
1191,729;38,104705810546875;190,29888916015625;186;
1191,73;38,12999725341797;190,29888916015625;186;
1191,731;38,13117599487305;190,29888916015625;186;
1191,732;38,13175964355469;190,29888916015625;186;
1191,733;38,13470458984375;190,29888916015625;186;
1191,734;38,031761169433594;190,29888916015625;186;
1191,735;38,03352737426758;192,2607421875;186;
1191,736;38,034114837646484;188,33705139160156;186;
1191,737;38,042938232421875;188,33705139160156;186;
1191,738;37,4935302734375;188,33705139160156;186;
1191,739;37,49235153198242;188,33705139160156;186;
1191,74;37,49470520019531;188,33705139160156;186;
1191,741;37,4905891418457;188,33705139160156;186;
1191,742;37,93587875366211;190,29888916015625;186;
1191,743;37,938819885253906;190,29888916015625;186;
1191,744;37,92058563232422;190,29888916015625;186;
1191,745;38,38175964355469;190,29888916015625;186;
1191,746;38,38764572143555;190,29888916015625;186;
1191,747;38,395877838134766;190,29888916015625;186;
1191,748;38,40529251098633;190,29888916015625;186;
1191,749;38,142940521240234;190,29888916015625;186;
1191,75;38,14470291137695;188,33705139160156;186;
1191,751;38,14411926269531;188,33705139160156;186;
1191,752;38,150001525878906;188,33705139160156;186;
1191,753;38,160587310791016;188,33705139160156;186;
1191,754;38,15705871582031;190,29888916015625;186;
1191,755;38,15470504760742;190,29888916015625;186;
1191,756;38,14588165283203;190,29888916015625;186;
1191,757;38,05529022216797;190,29888916015625;186;
1191,758;38,04352569580078;190,29888916015625;186;
1191,759;38,04411697387695;190,29888916015625;186;
1191,76;37,49293899536133;190,29888916015625;186;
1191,761;37,495880126953125;188,33705139160156;186;
1191,762;37,48999786376953;188,33705139160156;186;
1191,763;37,48882293701172;188,33705139160156;186;
1191,764;37,923526763916016;188,33705139160156;186;
1191,765;37,92646789550781;188,33705139160156;186;
1191,767;37,93000030517578;188,33705139160156;186;
1191,768;38,37294006347656;188,33705139160156;186;
1191,769;38,369998931884766;190,29888916015625;186;
1191,77;38,367645263671875;190,29888916015625;186;
1191,771;38,36882019042969;190,29888916015625;186;
1191,772;38,10411834716797;190,29888916015625;186;
1191,774;38,10411834716797;188,33705139160156;186;
1191,775;38,0294075012207;188,33705139160156;186;
1191,776;38,121177673339844;188,33705139160156;186;
1191,777;38,12823486328125;188,33705139160156;186;
1191,778;38,11705780029297;188,33705139160156;186;
1191,779;38,034114837646484;188,33705139160156;186;
1191,78;38,034114837646484;190,29888916015625;186;
1191,781;38,03352737426758;190,29888916015625;186;
1191,782;38,034114837646484;190,29888916015625;186;
1191,783;37,49117660522461;190,29888916015625;186;
1191,784;37,480587005615234;190,29888916015625;186;
1191,785;37,48999786376953;190,29888916015625;186;
1191,786;37,485294342041016;188,33705139160156;186;
1191,787;37,931175231933594;188,33705139160156;186;
1191,788;37,9288215637207;188,33705139160156;186;
1191,789;37,932350158691406;188,33705139160156;186;
1191,79;37,92764663696289;188,33705139160156;186;
1191,791;38,367645263671875;188,33705139160156;186;
1191,792;38,369407653808594;190,29888916015625;186;
1191,794;38,10529327392578;190,29888916015625;186;
1191,795;38,104705810546875;190,29888916015625;186;
1191,796;38,108821868896484;190,29888916015625;186;
1191,797;38,10293960571289;190,29888916015625;186;
1191,798;38,121177673339844;190,29888916015625;186;
1191,799;38,12352752685547;190,29888916015625;186;
1191,8;38,034114837646484;188,33705139160156;186;
1191,801;38,12352752685547;188,33705139160156;186;
1191,802;38,0323486328125;188,33705139160156;186;
1191,803;38,03940963745117;188,33705139160156;186;
1191,804;38,031761169433594;188,33705139160156;186;
1191,805;38,03352737426758;188,33705139160156;186;
1191,806;37,487056732177734;190,29888916015625;186;
1191,807;37,491764068603516;190,29888916015625;186;
1191,808;37,489410400390625;190,29888916015625;186;
1191,809;37,9282341003418;190,29888916015625;186;
1191,81;37,927059173583984;190,29888916015625;186;
1191,811;37,9317626953125;190,29888916015625;186;
1191,812;37,92646789550781;188,33705139160156;186;
1191,813;38,30646896362305;188,33705139160156;186;
1191,814;38,304115295410156;190,29888916015625;186;
1191,815;38,302940368652344;188,33705139160156;186;
1191,816;38,304115295410156;188,33705139160156;186;
1191,817;38,03940963745117;188,33705139160156;186;
1191,819;38,040000915527344;188,33705139160156;186;
1191,82;38,041175842285156;188,33705139160156;186;
1191,821;38,05823516845703;190,29888916015625;186;
1191,822;38,05705642700195;190,29888916015625;186;
1191,823;38,057647705078125;190,29888916015625;186;
1191,825;37,971763610839844;190,29888916015625;186;
1191,827;37,971763610839844;188,33705139160156;186;
1191,828;37,42293930053711;188,33705139160156;186;
1191,832;37,86411666870117;188,33705139160156;186;
1191,835;37,86411666870117;190,29888916015625;186;
1191,836;38,30470275878906;190,29888916015625;186;
1191,84;38,04058837890625;190,29888916015625;186;
1191,841;38,04058837890625;188,33705139160156;186;
1191,843;38,05823516845703;188,33705139160156;186;
1191,844;38,057647705078125;188,33705139160156;186;
1191,845;38,057647705078125;186,37521362304688;186;
1191,847;37,971763610839844;188,33705139160156;186;
1191,849;37,971763610839844;190,29888916015625;186;
1191,851;37,42293930053711;190,29888916015625;186;
1191,853;37,42293930053711;188,33705139160156;186;
1191,855;37,86411666870117;188,33705139160156;186;
1191,857;37,86411666870117;186,37521362304688;186;
1191,859;38,412940979003906;188,33705139160156;186;
1191,86;38,30470275878906;188,33705139160156;186;
1191,861;38,30470275878906;190,29888916015625;186;
1191,862;38,04058837890625;190,29888916015625;186;
1191,863;38,04058837890625;192,2607421875;186;
1191,864;38,04058837890625;190,29888916015625;186;
1191,866;38,057647705078125;188,33705139160156;186;
1191,867;38,057647705078125;190,29888916015625;186;
1191,868;38,057647705078125;188,33705139160156;186;
1191,87;37,971763610839844;188,33705139160156;186;
1191,873;37,971763610839844;190,29888916015625;186;
1191,874;37,42293930053711;190,29888916015625;186;
1191,877;37,86411666870117;190,29888916015625;186;
1191,878;37,86411666870117;188,33705139160156;186;
1191,881;38,30470275878906;188,33705139160156;186;
1191,885;38,04058837890625;186,37521362304688;186;
1191,886;38,04058837890625;188,33705139160156;186;
1191,887;38,04058837890625;190,29888916015625;186;
1191,889;38,057647705078125;190,29888916015625;186;
1191,893;37,971763610839844;190,29888916015625;186;
1191,894;37,971763610839844;188,33705139160156;186;
1191,896;37,4223518371582;188,33705139160156;186;
1191,897;37,42293930053711;188,33705139160156;186;
1191,898;37,42293930053711;186,37521362304688;186;
1191,9;37,86411666870117;186,37521362304688;186;
1191,901;37,86411666870117;188,33705139160156;186;
1191,904;38,30470275878906;190,29888916015625;186;
1191,905;38,30470275878906;192,2607421875;186;
1191,906;38,30470275878906;190,29888916015625;186;
1191,908;38,04058837890625;190,29888916015625;186;
1191,91;38,04058837890625;188,33705139160156;186;
1191,911;38,05823516845703;188,33705139160156;186;
1191,912;38,057647705078125;190,29888916015625;186;
1191,915;37,971763610839844;190,29888916015625;186;
1191,919;37,42293930053711;188,33705139160156;186;
1191,922;37,42293930053711;186,37521362304688;186;
1191,923;37,86411666870117;186,37521362304688;186;
1191,924;37,86411666870117;188,33705139160156;186;
1191,925;37,86411666870117;186,37521362304688;186;
1191,927;38,30470275878906;188,33705139160156;186;
1191,929;38,30470275878906;190,29888916015625;186;
1191,93;38,04058837890625;190,29888916015625;186;
1191,931;38,041175842285156;190,29888916015625;186;
1191,932;38,04058837890625;190,29888916015625;186;
1191,933;38,04058837890625;188,33705139160156;186;
1191,934;38,05823516845703;188,33705139160156;186;
1191,935;38,05999755859375;188,33705139160156;186;
1191,936;38,05881881713867;188,33705139160156;186;
1191,938;37,970584869384766;190,29888916015625;186;
1191,939;37,971763610839844;190,29888916015625;186;
1191,94;37,96881866455078;190,29888916015625;186;
1191,941;37,96940994262695;190,29888916015625;186;
1191,942;37,42293930053711;190,29888916015625;186;
1191,944;37,424705505371094;190,29888916015625;186;
1191,945;37,86411666870117;188,33705139160156;186;
1191,946;37,77705764770508;188,33705139160156;186;
1191,948;37,77411651611328;186,37521362304688;186;
1191,949;38,21529006958008;188,33705139160156;186;
1191,95;38,21529006958008;190,29888916015625;186;
1191,953;37,95058822631836;190,29888916015625;186;
1191,955;37,95058822631836;188,33705139160156;186;
1191,956;37,95058822631836;190,29888916015625;186;
1191,957;37,96823501586914;190,29888916015625;186;
1191,959;37,96823501586914;188,33705139160156;186;
1191,961;37,87999725341797;188,33705139160156;186;
1191,964;37,33293914794922;188,33705139160156;186;
1191,965;37,33293914794922;190,29888916015625;186;
1191,966;37,33293914794922;188,33705139160156;186;
1191,968;37,79176330566406;190,29888916015625;186;
1191,97;37,77647018432617;188,33705139160156;186;
1191,971;37,79176330566406;190,29888916015625;186;
1191,972;38,21529006958008;188,33705139160156;186;
1191,973;38,232940673828125;190,29888916015625;186;
1191,974;38,232940673828125;188,33705139160156;186;
1191,976;37,95058822631836;188,33705139160156;186;
1191,977;37,96823501586914;188,33705139160156;186;
1191,979;37,96823501586914;186,37521362304688;186;
1191,98;37,96823501586914;190,29888916015625;186;
1191,981;37,985877990722656;190,29888916015625;186;
1191,983;37,897647857666016;190,29888916015625;186;
1191,984;37,87999725341797;190,29888916015625;186;
1191,985;37,897647857666016;190,29888916015625;186;
1191,986;38,029998779296875;190,29888916015625;186;
1191,987;37,41587829589844;188,33705139160156;186;
1191,988;37,414703369140625;188,33705139160156;186;
1191,989;37,405879974365234;188,33705139160156;186;
1191,99;37,508235931396484;188,33705139160156;186;
1191,991;37,96117401123047;188,33705139160156;186;
1191,992;37,964115142822266;190,29888916015625;186;
1191,993;37,85529327392578;188,33705139160156;186;
1191,994;37,85529327392578;190,29888916015625;186;
1191,995;38,408233642578125;190,29888916015625;186;
1191,996;38,40529251098633;190,29888916015625;186;
1191,997;38,408233642578125;190,29888916015625;186;
1191,998;38,036468505859375;190,29888916015625;186;
1191,999;38,13999938964844;190,29888916015625;186;
1192;38,13470458984375;188,33705139160156;186;
1192,001;38,13176345825195;188,33705139160156;186;
1192,002;38,04058837890625;188,33705139160156;186;
1192,003;38,13470458984375;188,33705139160156;186;
1192,004;38,13764572143555;188,33705139160156;186;
1192,005;38,140586853027344;188,33705139160156;186;
1192,006;37,94352722167969;190,29888916015625;186;
1192,007;38,05293655395508;190,29888916015625;186;
1192,008;38,04999542236328;190,29888916015625;186;
1192,009;38,047645568847656;190,29888916015625;186;
1192,01;37,502349853515625;190,29888916015625;186;
1192,011;37,39470672607422;190,29888916015625;186;
1192,012;37,588233947753906;188,33705139160156;186;
1192,013;38,034114837646484;188,33705139160156;186;
1192,014;38,04470443725586;188,33705139160156;186;
1192,015;37,937644958496094;188,33705139160156;186;
1192,016;38,04646682739258;186,37521362304688;186;
1192,017;38,47294235229492;186,37521362304688;186;
1192,018;38,474117279052734;188,33705139160156;186;
1192,019;38,36882019042969;188,33705139160156;186;
1192,02;38,36882019042969;190,29888916015625;186;
1192,021;38,115882873535156;192,2607421875;186;
1192,022;38,21529006958008;192,2607421875;186;
1192,023;38,11000061035156;190,29888916015625;186;
1192,024;38,11294174194336;190,29888916015625;186;
1192,025;38,23293685913086;190,29888916015625;186;
1192,026;38,12352752685547;190,29888916015625;186;
1192,027;38,216468811035156;188,33705139160156;186;
1192,028;38,03823471069336;188,33705139160156;186;
1192,029;38,15705490112305;190,29888916015625;186;
1192,03;38,17176055908203;190,29888916015625;186;
1192,031;38,18058776855469;190,29888916015625;186;
1192,032;37,63764572143555;190,29888916015625;186;
1192,033;37,523529052734375;190,29888916015625;186;
1192,034;37,632938385009766;190,29888916015625;186;
1192,035;37,52764892578125;190,29888916015625;186;
1192,036;38,07176208496094;190,29888916015625;186;
1192,037;37,96529006958008;190,29888916015625;186;
1192,038;38,06705856323242;188,33705139160156;186;
1192,039;38,05705642700195;188,33705139160156;186;
1192,04;38,498233795166016;188,33705139160156;186;
1192,041;38,38999938964844;188,33705139160156;186;
1192,042;38,38352966308594;188,33705139160156;186;
1192,043;38,482940673828125;188,33705139160156;186;
1192,044;38,21588134765625;190,29888916015625;186;
1192,045;38,20705795288086;190,29888916015625;186;
1192,046;38,102352142333984;188,33705139160156;186;
1192,047;38,23411560058594;190,29888916015625;186;
1192,048;38,22352600097656;190,29888916015625;186;
1192,049;38,224117279052734;190,29888916015625;186;
1192,05;38,121177673339844;190,29888916015625;186;
1192,051;38,13823318481445;190,29888916015625;186;
1192,053;38,14293670654297;188,33705139160156;186;
1192,054;38,034114837646484;188,33705139160156;186;
1192,055;37,48882293701172;188,33705139160156;186;
1192,056;37,4841194152832;188,33705139160156;186;
1192,057;37,487648010253906;188,33705139160156;186;
1192,058;37,48352813720703;188,33705139160156;186;
1192,059;37,932350158691406;190,29888916015625;186;
1192,06;38,03293991088867;190,29888916015625;186;
1192,061;38,03705596923828;188,33705139160156;186;
1192,062;38,47705841064453;190,29888916015625;186;
1192,063;38,37294006347656;190,29888916015625;186;
1192,064;38,46941375732422;190,29888916015625;186;
1192,065;38,369407653808594;190,29888916015625;186;
1192,066;38,20882034301758;188,33705139160156;186;
1192,067;38,10588073730469;188,33705139160156;186;
1192,068;38,205291748046875;188,33705139160156;186;
1192,069;38,21117401123047;188,33705139160156;186;
1192,07;38,22764587402344;188,33705139160156;186;
1192,071;38,119998931884766;188,33705139160156;186;
1192,072;38,229408264160156;190,29888916015625;186;
1192,073;38,22999954223633;190,29888916015625;186;
1192,074;38,139408111572266;190,29888916015625;186;
1192,075;38,03764724731445;190,29888916015625;186;
1192,076;38,13823318481445;188,33705139160156;186;
1192,077;38,140586853027344;190,29888916015625;186;
1192,078;37,59176254272461;188,33705139160156;186;
1192,079;37,487056732177734;188,33705139160156;186;
1192,08;37,593528747558594;188,33705139160156;186;
1192,081;38,04058837890625;186,37521362304688;186;
1192,082;37,932350158691406;188,33705139160156;186;
1192,083;37,925880432128906;186,37521362304688;186;
1192,085;38,47529220581055;186,37521362304688;186;
1192,086;38,47588348388672;188,33705139160156;186;
1192,087;38,37117385864258;190,29888916015625;186;
1192,088;38,476470947265625;190,29888916015625;186;
1192,089;38,21411895751953;190,29888916015625;186;
1192,09;38,20882034301758;190,29888916015625;186;
1192,091;38,10293960571289;188,33705139160156;186;
1192,092;38,20941162109375;188,33705139160156;186;
1192,093;38,224117279052734;188,33705139160156;186;
1192,094;38,23176193237305;190,29888916015625;186;
1192,095;38,12058639526367;188,33705139160156;186;
1192,096;39,36235046386719;188,33705139160156;186;
1192,097;37,96999740600586;190,29888916015625;186;
1192,098;38,074703216552734;190,29888916015625;186;
1192,099;37,96881866455078;190,29888916015625;186;
1192,1;37,4217643737793;190,29888916015625;186;
1192,102;37,52705764770508;188,33705139160156;186;
1192,103;37,52647018432617;188,33705139160156;186;
1192,104;37,862937927246094;188,33705139160156;186;
1192,106;37,96881866455078;186,37521362304688;186;
1192,107;37,91764450073242;186,37521362304688;186;
1192,108;38,305877685546875;186,37521362304688;186;
1192,109;38,41176223754883;186,37521362304688;186;
1192,11;38,41176223754883;188,33705139160156;186;
1192,111;38,305877685546875;188,33705139160156;186;
1192,112;38,04058837890625;188,33705139160156;186;
1192,114;38,14646911621094;188,33705139160156;186;
1192,115;38,05881881713867;190,29888916015625;186;
1192,116;38,164703369140625;190,29888916015625;186;
1192,117;38,05881881713867;190,29888916015625;186;
1192,119;37,96940994262695;190,29888916015625;186;
1192,121;37,96940994262695;188,33705139160156;186;
1192,123;37,5288200378418;188,33705139160156;186;
1192,124;37,5288200378418;190,29888916015625;186;
1192,125;37,42293930053711;188,33705139160156;186;
1192,126;37,42293930053711;190,29888916015625;186;
1192,127;37,96881866455078;190,29888916015625;186;
1192,128;37,862937927246094;190,29888916015625;186;
1192,129;37,862937927246094;188,33705139160156;186;
1192,13;38,304115295410156;188,33705139160156;186;
1192,131;38,305877685546875;186,37521362304688;186;
1192,134;38,147056579589844;186,37521362304688;186;
1192,135;38,04058837890625;186,37521362304688;186;
1192,136;38,14646911621094;186,37521362304688;186;
1192,137;38,04058837890625;186,37521362304688;186;
1192,138;38,05881881713867;188,33705139160156;186;
1192,141;38,164703369140625;190,29888916015625;186;
1192,142;38,07529067993164;192,2607421875;186;
1192,143;37,96940994262695;190,29888916015625;186;
1192,146;37,42293930053711;190,29888916015625;186;
1192,147;37,42293930053711;188,33705139160156;186;
1192,149;37,86411666870117;188,33705139160156;186;
1192,15;37,96881866455078;188,33705139160156;186;
1192,151;37,862937927246094;188,33705139160156;186;
1192,153;38,305877685546875;188,33705139160156;186;
1192,154;38,41176223754883;190,29888916015625;186;
1192,156;38,305877685546875;190,29888916015625;186;
1192,157;38,04058837890625;188,33705139160156;186;
1192,158;38,14646911621094;188,33705139160156;186;
1192,159;38,04058837890625;186,37521362304688;186;
1192,16;37,98646926879883;184,41336059570312;186;
1192,161;38,007057189941406;184,41336059570312;186;
1192,162;38,05881881713867;186,37521362304688;186;
1192,165;37,96940994262695;188,33705139160156;186;
1192,167;38,07529067993164;188,33705139160156;186;
1192,168;37,42293930053711;188,33705139160156;186;
1192,172;37,862937927246094;188,33705139160156;186;
1192,173;37,862937927246094;190,29888916015625;186;
1192,174;37,862937927246094;188,33705139160156;186;
1192,175;37,96881866455078;186,37521362304688;186;
1192,176;38,305877685546875;188,33705139160156;186;
1192,177;38,305877685546875;192,2607421875;186;
1192,178;38,305877685546875;190,29888916015625;186;
1192,179;38,305877685546875;192,2607421875;186;
1192,18;38,04058837890625;192,2607421875;186;
1192,181;38,04058837890625;190,29888916015625;186;
1192,182;38,04058837890625;188,33705139160156;186;
1192,183;38,04058837890625;190,29888916015625;186;
1192,184;38,05881881713867;188,33705139160156;186;
1192,187;37,96940994262695;188,33705139160156;186;
1192,191;37,42293930053711;188,33705139160156;186;
1192,192;37,42293930053711;190,29888916015625;186;
1192,193;37,42293930053711;188,33705139160156;186;
1192,195;37,862937927246094;188,33705139160156;186;
1192,197;37,862937927246094;186,37521362304688;186;
1192,199;38,305877685546875;186,37521362304688;186;
1192,2;38,305877685546875;188,33705139160156;186;
1192,201;38,305877685546875;186,37521362304688;186;
1192,202;38,305877685546875;188,33705139160156;186;
1192,203;38,04058837890625;188,33705139160156;186;
1192,206;38,05881881713867;188,33705139160156;186;
1192,207;38,05881881713867;192,2607421875;186;
1192,208;38,05881881713867;190,29888916015625;186;
1192,209;38,07646560668945;190,29888916015625;186;
1192,21;37,96940994262695;190,29888916015625;186;
1192,212;37,96940994262695;188,33705139160156;186;
1192,214;37,423526763916016;188,33705139160156;186;
1192,215;37,42293930053711;190,29888916015625;186;
1192,216;37,42293930053711;188,33705139160156;186;
1192,218;37,86411666870117;190,29888916015625;186;
1192,219;37,863529205322266;190,29888916015625;186;
1192,22;37,86411666870117;188,33705139160156;186;
1192,221;38,30470275878906;190,29888916015625;186;
1192,222;38,30529022216797;190,29888916015625;186;
1192,224;38,304115295410156;188,33705139160156;186;
1192,225;38,040000915527344;188,33705139160156;186;
1192,226;38,038822174072266;188,33705139160156;186;
1192,227;38,04411697387695;186,37521362304688;186;
1192,228;38,04352951049805;186,37521362304688;186;
1192,229;38,05470275878906;186,37521362304688;186;
1192,23;37,97117614746094;188,33705139160156;186;
1192,231;37,97352981567383;186,37521362304688;186;
1192,232;37,96823501586914;188,33705139160156;186;
1192,233;37,87999725341797;190,29888916015625;186;
1192,234;37,88235092163086;190,29888916015625;186;
1192,235;37,87999725341797;188,33705139160156;186;
1192,236;37,87999725341797;190,29888916015625;186;
1192,237;37,33293914794922;190,29888916015625;186;
1192,238;37,33293914794922;188,33705139160156;186;
1192,24;37,77411651611328;184,41336059570312;186;
1192,241;37,77411651611328;186,37521362304688;186;
1192,244;38,21529006958008;186,37521362304688;186;
1192,245;38,21529006958008;188,33705139160156;186;
1192,246;38,232940673828125;188,33705139160156;186;
1192,247;38,21529006958008;190,29888916015625;186;
1192,248;37,95058822631836;192,2607421875;186;
1192,249;37,95058822631836;190,29888916015625;186;
1192,25;37,95058822631836;188,33705139160156;186;
1192,251;37,96823501586914;190,29888916015625;186;
1192,252;37,985877990722656;188,33705139160156;186;
1192,253;37,96823501586914;188,33705139160156;186;
1192,254;37,985877990722656;188,33705139160156;186;
1192,255;37,897647857666016;188,33705139160156;186;
1192,256;37,897647857666016;190,29888916015625;186;
1192,257;37,87999725341797;190,29888916015625;186;
1192,258;37,897647857666016;190,29888916015625;186;
1192,259;37,3505859375;190,29888916015625;186;
1192,261;37,33293914794922;190,29888916015625;186;
1192,262;37,3505859375;188,33705139160156;186;
1192,263;37,79176330566406;188,33705139160156;186;
1192,265;37,77411651611328;186,37521362304688;186;
1192,266;37,79176330566406;188,33705139160156;186;
1192,267;38,232940673828125;188,33705139160156;186;
1192,268;38,232940673828125;190,29888916015625;186;
1192,269;38,406471252441406;190,29888916015625;186;
1192,27;38,27470397949219;190,29888916015625;186;
1192,271;38,027645111083984;190,29888916015625;186;
1192,272;38,126468658447266;190,29888916015625;186;
1192,273;38,12705993652344;188,33705139160156;186;
1192,274;38,049407958984375;190,29888916015625;186;
1192,275;38,158233642578125;190,29888916015625;186;
1192,276;38,16117477416992;188,33705139160156;186;
1192,277;38,15528869628906;188,33705139160156;186;
1192,278;38,06882095336914;188,33705139160156;186;
1192,279;37,96999740600586;188,33705139160156;186;
1192,28;38,06999588012695;188,33705139160156;186;
1192,281;38,07293701171875;186,37521362304688;186;
1192,282;37,525291442871094;186,37521362304688;186;
1192,283;37,41352844238281;188,33705139160156;186;
1192,284;37,51823425292969;190,29888916015625;186;
1192,285;37,512939453125;190,29888916015625;186;
1192,286;37,94764709472656;190,29888916015625;186;
1192,287;37,837646484375;190,29888916015625;186;
1192,288;37,945289611816406;190,29888916015625;186;
1192,289;38,38176345825195;190,29888916015625;186;
1192,29;38,38470458984375;190,29888916015625;186;
1192,291;38,2794075012207;190,29888916015625;186;
1192,292;38,47117614746094;190,29888916015625;186;
1192,293;38,19940948486328;190,29888916015625;186;
1192,294;38,20235061645508;188,33705139160156;186;
1192,295;38,19823455810547;188,33705139160156;186;
1192,296;38,10588073730469;188,33705139160156;186;
1192,297;38,23529052734375;190,29888916015625;186;
1192,298;38,23117446899414;190,29888916015625;186;
1192,299;38,23823165893555;190,29888916015625;186;
1192,3;38,13352966308594;190,29888916015625;186;
1192,301;38,13823318481445;190,29888916015625;186;
1192,302;38,13352584838867;190,29888916015625;186;
1192,303;38,14234924316406;188,33705139160156;186;
1192,304;37,4905891418457;188,33705139160156;186;
1192,305;37,604705810546875;188,33705139160156;186;
1192,306;37,59587860107422;188,33705139160156;186;
1192,307;37,598236083984375;188,33705139160156;186;
1192,308;37,93587875366211;188,33705139160156;186;
1192,309;38,038818359375;188,33705139160156;186;
1192,31;38,03117752075195;188,33705139160156;186;
1192,311;38,0352897644043;190,29888916015625;186;
1192,312;38,37999725341797;190,29888916015625;186;
1192,313;38,49117660522461;192,2607421875;186;
1192,314;38,50353240966797;190,29888916015625;186;
1192,315;38,51529312133789;190,29888916015625;186;
1192,316;38,24764633178711;192,2607421875;186;
1192,317;38,142940521240234;192,2607421875;186;
1192,318;38,25529098510742;188,33705139160156;186;
1192,319;38,2564697265625;188,33705139160156;186;
1192,32;38,26176071166992;188,33705139160156;186;
1192,321;38,257057189941406;188,33705139160156;186;
1192,322;38,25940704345703;188,33705139160156;186;
1192,323;38,160587310791016;188,33705139160156;186;
1192,324;38,158233642578125;190,29888916015625;186;
1192,325;38,054115295410156;190,29888916015625;186;
1192,326;38,14881896972656;190,29888916015625;186;
1192,327;37,59587860107422;190,29888916015625;186;
1192,328;37,59941101074219;190,29888916015625;186;
1192,329;37,598236083984375;188,33705139160156;186;
1192,33;37,489410400390625;188,33705139160156;186;
1192,331;38,03293991088867;188,33705139160156;186;
1192,333;38,03117752075195;188,33705139160156;186;
1192,334;37,92764663696289;188,33705139160156;186;
1192,335;38,476470947265625;190,29888916015625;186;
1192,336;38,47294235229492;190,29888916015625;186;
1192,338;38,10529327392578;190,29888916015625;186;
1192,339;38,211761474609375;190,29888916015625;186;
1192,34;38,21235275268555;192,2607421875;186;
1192,341;38,207645416259766;192,2607421875;186;
1192,342;38,230587005615234;190,29888916015625;186;
1192,343;38,12058639526367;190,29888916015625;186;
1192,344;38,23117446899414;190,29888916015625;186;
1192,345;38,22646713256836;188,33705139160156;186;
1192,346;38,13882064819336;188,33705139160156;186;
1192,347;38,034114837646484;188,33705139160156;186;
1192,348;38,13882064819336;188,33705139160156;186;
1192,349;38,13999557495117;190,29888916015625;186;
1192,35;37,59470748901367;190,29888916015625;186;
1192,351;37,485294342041016;190,29888916015625;186;
1192,352;37,5911750793457;190,29888916015625;186;
1192,353;38,0288200378418;190,29888916015625;186;
1192,354;37,927059173583984;190,29888916015625;186;
1192,355;37,93000030517578;188,33705139160156;186;
1192,356;38,034706115722656;188,33705139160156;186;
1192,357;38,478824615478516;188,33705139160156;186;
1192,358;38,474117279052734;190,29888916015625;186;
1192,359;38,47470474243164;188,33705139160156;186;
1192,36;38,367645263671875;190,29888916015625;186;
1192,361;38,21117401123047;190,29888916015625;186;
1192,363;38,104705810546875;190,29888916015625;186;
1192,364;38,108821868896484;190,29888916015625;186;
1192,365;38,23176193237305;190,29888916015625;186;
1192,366;38,22705841064453;192,2607421875;186;
1192,368;38,03293991088867;192,2607421875;186;
1192,369;38,141761779785156;192,2607421875;186;
1192,37;38,140586853027344;190,29888916015625;186;
1192,371;38,14470291137695;190,29888916015625;186;
1192,372;37,5905876159668;190,29888916015625;186;
1192,373;37,48646926879883;188,33705139160156;186;
1192,374;37,5976448059082;188,33705139160156;186;
1192,375;37,593528747558594;188,33705139160156;186;
1192,376;38,03588104248047;188,33705139160156;186;
1192,377;37,9288215637207;190,29888916015625;186;
1192,378;37,971763610839844;188,33705139160156;186;
1192,379;38,02411651611328;188,33705139160156;186;
1192,38;38,41411590576172;188,33705139160156;186;
1192,381;38,410587310791016;190,29888916015625;186;
1192,382;38,30470275878906;190,29888916015625;186;
1192,383;38,410587310791016;190,29888916015625;186;
1192,384;38,14529037475586;188,33705139160156;186;
1192,385;38,14588165283203;188,33705139160156;186;
1192,386;38,040000915527344;186,37521362304688;186;
1192,387;38,162349700927734;188,33705139160156;186;
1192,388;38,16587829589844;190,29888916015625;186;
1192,389;38,16411590576172;190,29888916015625;186;
1192,39;38,057647705078125;190,29888916015625;186;
1192,391;38,07764434814453;190,29888916015625;186;
1192,392;38,07764434814453;192,2607421875;186;
1192,393;38,07764434814453;190,29888916015625;186;
1192,394;37,989410400390625;190,29888916015625;186;
1192,395;37,5288200378418;190,29888916015625;186;
1192,397;37,5288200378418;188,33705139160156;186;
1192,398;37,42293930053711;188,33705139160156;186;
1192,399;37,96999740600586;188,33705139160156;186;
1192,402;38,30470275878906;190,29888916015625;186;
1192,403;38,410587310791016;190,29888916015625;186;
1192,406;38,14646911621094;190,29888916015625;186;
1192,407;38,04058837890625;192,2607421875;186;
1192,408;38,14646911621094;190,29888916015625;186;
1192,41;38,057647705078125;188,33705139160156;186;
1192,412;38,16352844238281;188,33705139160156;186;
1192,414;38,07764434814453;190,29888916015625;186;
1192,415;37,971763610839844;190,29888916015625;186;
1192,416;38,07764434814453;190,29888916015625;186;
1192,417;37,53058624267578;190,29888916015625;186;
1192,418;37,5288200378418;192,2607421875;186;
1192,42;37,42293930053711;190,29888916015625;186;
1192,421;37,96999740600586;190,29888916015625;186;
1192,423;37,96999740600586;188,33705139160156;186;
1192,424;37,86411666870117;186,37521362304688;186;
1192,425;38,410587310791016;188,33705139160156;186;
1192,427;38,30470275878906;188,33705139160156;186;
1192,428;38,30470275878906;190,29888916015625;186;
1192,429;38,04058837890625;190,29888916015625;186;
1192,43;38,14646911621094;190,29888916015625;186;
1192,431;38,14646911621094;188,33705139160156;186;
1192,432;38,14646911621094;190,29888916015625;186;
1192,433;38,057647705078125;190,29888916015625;186;
1192,434;38,16352844238281;190,29888916015625;186;
1192,435;38,16352844238281;188,33705139160156;186;
1192,436;38,07764434814453;188,33705139160156;186;
1192,437;38,07764434814453;190,29888916015625;186;
1192,438;37,971763610839844;188,33705139160156;186;
1192,439;38,07764434814453;188,33705139160156;186;
1192,44;37,5288200378418;188,33705139160156;186;
1192,441;37,5288200378418;190,29888916015625;186;
1192,442;37,42293930053711;190,29888916015625;186;
1192,443;37,5288200378418;190,29888916015625;186;
1192,444;37,96999740600586;190,29888916015625;186;
1192,446;37,86411666870117;188,33705139160156;186;
1192,447;37,96999740600586;190,29888916015625;186;
1192,448;38,410587310791016;190,29888916015625;186;
1192,45;38,30470275878906;188,33705139160156;186;
1192,451;38,14646911621094;188,33705139160156;186;
1192,454;38,04058837890625;188,33705139160156;186;
1192,455;38,16352844238281;190,29888916015625;186;
1192,459;37,971763610839844;192,2607421875;186;
1192,461;38,07764434814453;190,29888916015625;186;
1192,463;37,42293930053711;190,29888916015625;186;
1192,465;37,5288200378418;186,37521362304688;186;
1192,466;37,47587966918945;186,37521362304688;186;
1192,467;37,863529205322266;188,33705139160156;186;
1192,468;37,96999740600586;188,33705139160156;186;
1192,47;38,410587310791016;188,33705139160156;186;
1192,471;38,410587310791016;190,29888916015625;186;
1192,472;38,30470275878906;190,29888916015625;186;
1192,473;38,410587310791016;190,29888916015625;186;
1192,474;38,14646911621094;190,29888916015625;186;
1192,475;38,14646911621094;188,33705139160156;186;
1192,476;38,04058837890625;188,33705139160156;186;
1192,477;38,14646911621094;188,33705139160156;186;
1192,478;38,16352844238281;188,33705139160156;186;
1192,479;38,057647705078125;188,33705139160156;186;
1192,481;38,16352844238281;190,29888916015625;186;
1192,482;38,07764434814453;190,29888916015625;186;
1192,485;37,42293930053711;190,29888916015625;186;
1192,487;37,5288200378418;190,29888916015625;186;
1192,488;37,5288200378418;188,33705139160156;186;
1192,489;37,86411666870117;188,33705139160156;186;
1192,492;37,96999740600586;188,33705139160156;186;
1192,493;38,30470275878906;186,37521362304688;186;
1192,494;38,410587310791016;190,29888916015625;186;
1192,497;38,14646911621094;192,2607421875;186;
1192,498;38,03940963745117;190,29888916015625;186;
1192,499;38,14588165283203;190,29888916015625;186;
1192,5;38,057647705078125;190,29888916015625;186;
1192,501;38,16293716430664;190,29888916015625;186;
1192,502;38,05999755859375;190,29888916015625;186;
1192,503;38,16293716430664;188,33705139160156;186;
1192,504;38,07764434814453;188,33705139160156;186;
1192,505;38,07587814331055;190,29888916015625;186;
1192,506;37,96940994262695;188,33705139160156;186;
1192,507;37,971763610839844;190,29888916015625;186;
1192,508;37,527645111083984;190,29888916015625;186;
1192,509;37,528236389160156;190,29888916015625;186;
1192,51;37,4223518371582;190,29888916015625;186;
1192,511;37,52587890625;190,29888916015625;186;
1192,512;37,96234893798828;190,29888916015625;186;
1192,513;37,882938385009766;190,29888916015625;186;
1192,514;37,77705764770508;188,33705139160156;186;
1192,515;37,87999725341797;188,33705139160156;186;
1192,516;38,32117462158203;188,33705139160156;186;
1192,517;38,32117462158203;190,29888916015625;186;
1192,519;37,95058822631836;190,29888916015625;186;
1192,522;38,05646896362305;190,29888916015625;186;
1192,523;37,96823501586914;190,29888916015625;186;
1192,524;38,07411575317383;190,29888916015625;186;
1192,525;37,96823501586914;192,2607421875;186;
1192,526;38,07411575317383;192,2607421875;186;
1192,527;37,87999725341797;190,29888916015625;186;
1192,53;37,87999725341797;188,33705139160156;186;
1192,531;37,438819885253906;188,33705139160156;186;
1192,532;37,33293914794922;188,33705139160156;186;
1192,533;37,438819885253906;188,33705139160156;186;
1192,534;37,87999725341797;188,33705139160156;186;
1192,536;37,79176330566406;188,33705139160156;186;
1192,538;38,32117462158203;188,33705139160156;186;
1192,539;38,21529006958008;190,29888916015625;186;
1192,54;38,32117462158203;190,29888916015625;186;
1192,541;38,232940673828125;188,33705139160156;186;
1192,542;37,96823501586914;188,33705139160156;186;
1192,544;38,05646896362305;188,33705139160156;186;
1192,545;37,96823501586914;188,33705139160156;186;
1192,546;37,985877990722656;186,37521362304688;186;
1192,547;38,07411575317383;190,29888916015625;186;
1192,548;37,985877990722656;190,29888916015625;186;
1192,549;37,87999725341797;190,29888916015625;186;
1192,55;37,985877990722656;192,2607421875;186;
1192,551;37,897647857666016;190,29888916015625;186;
1192,552;36,762939453125;190,29888916015625;186;
1192,553;37,41293716430664;190,29888916015625;186;
1192,555;37,508235931396484;188,33705139160156;186;
1192,556;37,5094108581543;188,33705139160156;186;
1192,557;37,96117401123047;188,33705139160156;186;
1192,559;37,964115142822266;188,33705139160156;186;
1192,561;38,40529251098633;190,29888916015625;186;
1192,562;38,41117477416992;190,29888916015625;186;
1192,563;38,40529251098633;190,29888916015625;186;
1192,564;38,14646911621094;190,29888916015625;186;
1192,565;38,140586853027344;190,29888916015625;186;
1192,566;38,13764572143555;190,29888916015625;186;
1192,567;38,13587951660156;188,33705139160156;186;
1192,568;38,14646911621094;188,33705139160156;186;
1192,569;38,141761779785156;190,29888916015625;186;
1192,57;38,140586853027344;188,33705139160156;186;
1192,571;38,139408111572266;188,33705139160156;186;
1192,572;38,049407958984375;190,29888916015625;186;
1192,574;38,04999542236328;192,2607421875;186;
1192,576;37,4970588684082;192,2607421875;186;
1192,577;37,49940872192383;192,2607421875;186;
1192,578;37,581764221191406;190,29888916015625;186;
1192,579;38,031761169433594;190,29888916015625;186;
1192,58;38,03823471069336;190,29888916015625;186;
1192,581;38,042938232421875;190,29888916015625;186;
1192,582;38,042938232421875;188,33705139160156;186;
1192,583;38,486473083496094;186,37521362304688;186;
1192,584;38,474117279052734;188,33705139160156;186;
1192,585;38,47117614746094;188,33705139160156;186;
1192,586;38,48411560058594;190,29888916015625;186;
1192,587;38,209999084472656;190,29888916015625;186;
1192,588;38,211761474609375;190,29888916015625;186;
1192,589;38,21294021606445;188,33705139160156;186;
1192,59;38,217647552490234;190,29888916015625;186;
1192,591;38,23529052734375;190,29888916015625;186;
1192,592;38,23352813720703;190,29888916015625;186;
1192,593;38,22235107421875;188,33705139160156;186;
1192,594;38,229408264160156;188,33705139160156;186;
1192,595;38,152347564697266;188,33705139160156;186;
1192,596;38,15293884277344;188,33705139160156;186;
1192,597;38,17176055908203;188,33705139160156;186;
1192,598;37,63705825805664;188,33705139160156;186;
1192,599;37,635292053222656;190,29888916015625;186;
1192,6;37,63352966308594;190,29888916015625;186;
1192,601;37,640586853027344;190,29888916015625;186;
1192,602;38,08234786987305;190,29888916015625;186;
1192,603;38,06940841674805;190,29888916015625;186;
1192,604;38,06646728515625;190,29888916015625;186;
1192,605;38,064117431640625;192,2607421875;186;
1192,606;38,49764633178711;192,2607421875;186;
1192,608;38,49117660522461;190,29888916015625;186;
1192,609;38,48588180541992;190,29888916015625;186;
1192,61;38,218231201171875;190,29888916015625;186;
1192,611;38,211761474609375;188,33705139160156;186;
1192,612;38,21058654785156;188,33705139160156;186;
1192,613;38,22587966918945;188,33705139160156;186;
1192,614;38,22999954223633;190,29888916015625;186;
1192,615;38,224117279052734;190,29888916015625;186;
1192,616;38,230587005615234;190,29888916015625;186;
1192,617;38,13705825805664;190,29888916015625;186;
1192,618;38,13999557495117;190,29888916015625;186;
1192,619;38,13764572143555;188,33705139160156;186;
1192,62;38,13999557495117;188,33705139160156;186;
1192,621;37,59293746948242;188,33705139160156;186;
1192,622;37,59470748901367;188,33705139160156;186;
1192,623;37,59176254272461;188,33705139160156;186;
1192,624;37,49235153198242;188,33705139160156;186;
1192,625;38,034706115722656;188,33705139160156;186;
1192,626;38,03588104248047;188,33705139160156;186;
1192,627;38,03352737426758;190,29888916015625;186;
1192,628;38,47470474243164;190,29888916015625;186;
1192,629;38,47470474243164;192,2607421875;186;
1192,63;38,47470474243164;190,29888916015625;186;
1192,631;38,47529220581055;190,29888916015625;186;
1192,632;38,20823287963867;190,29888916015625;186;
1192,633;38,209999084472656;192,2607421875;186;
1192,634;38,104705810546875;190,29888916015625;186;
1192,635;38,20705795288086;188,33705139160156;186;
1192,636;38,23176193237305;188,33705139160156;186;
1192,637;38,229408264160156;188,33705139160156;186;
1192,638;38,22705841064453;188,33705139160156;186;
1192,639;38,121177673339844;190,29888916015625;186;
1192,64;38,139408111572266;190,29888916015625;186;
1192,641;38,14293670654297;190,29888916015625;186;
1192,642;38,139408111572266;192,2607421875;186;
1192,643;37,59646987915039;192,2607421875;186;
1192,644;37,598236083984375;192,2607421875;186;
1192,645;37,5911750793457;192,2607421875;186;
1192,646;37,59293746948242;190,29888916015625;186;
1192,647;38,034706115722656;190,29888916015625;186;
1192,649;38,0352897644043;186,37521362304688;186;
1192,65;37,987056732177734;186,37521362304688;186;
1192,651;38,47294235229492;188,33705139160156;186;
1192,652;38,474117279052734;190,29888916015625;186;
1192,653;38,476470947265625;190,29888916015625;186;
1192,654;38,47529220581055;190,29888916015625;186;
1192,655;38,21117401123047;190,29888916015625;186;
1192,656;38,211761474609375;190,29888916015625;186;
1192,657;38,21117401123047;188,33705139160156;186;
1192,658;38,209999084472656;188,33705139160156;186;
1192,659;38,22764587402344;190,29888916015625;186;
1192,66;38,22882080078125;190,29888916015625;186;
1192,661;38,22999954223633;188,33705139160156;186;
1192,662;38,134117126464844;188,33705139160156;186;
1192,663;38,07764434814453;190,29888916015625;186;
1192,664;37,96881866455078;190,29888916015625;186;
1192,665;38,07529067993164;190,29888916015625;186;
1192,666;37,5294075012207;190,29888916015625;186;
1192,667;37,528236389160156;192,2607421875;186;
1192,668;37,42117691040039;190,29888916015625;186;
1192,669;37,528236389160156;192,2607421875;186;
1192,67;37,96823501586914;192,2607421875;186;
1192,671;37,96881866455078;192,2607421875;186;
1192,672;37,96999740600586;190,29888916015625;186;
1192,673;37,862937927246094;190,29888916015625;186;
1192,674;38,41176223754883;188,33705139160156;186;
1192,677;38,04058837890625;188,33705139160156;186;
1192,678;38,14646911621094;190,29888916015625;186;
1192,679;38,14646911621094;188,33705139160156;186;
1192,681;38,05881881713867;190,29888916015625;186;
1192,682;38,164703369140625;190,29888916015625;186;
1192,683;38,164703369140625;192,2607421875;186;
1192,685;38,07529067993164;190,29888916015625;186;
1192,686;37,96940994262695;192,2607421875;186;
1192,687;38,07529067993164;188,33705139160156;186;
1192,689;37,5288200378418;188,33705139160156;186;
1192,69;37,42293930053711;188,33705139160156;186;
1192,691;37,5288200378418;188,33705139160156;186;
1192,692;37,96881866455078;188,33705139160156;186;
1192,694;37,862937927246094;188,33705139160156;186;
1192,695;37,96881866455078;188,33705139160156;186;
1192,696;38,304115295410156;188,33705139160156;186;
1192,697;38,41176223754883;190,29888916015625;186;
1192,699;38,305877685546875;188,33705139160156;186;
1192,7;38,14646911621094;188,33705139160156;186;
1192,703;38,04058837890625;188,33705139160156;186;
1192,704;38,164703369140625;186,37521362304688;186;
1192,705;38,164703369140625;188,33705139160156;186;
1192,706;38,164703369140625;190,29888916015625;186;
1192,707;37,970584869384766;190,29888916015625;186;
1192,708;38,07529067993164;192,2607421875;186;
1192,709;38,07529067993164;190,29888916015625;186;
1192,711;37,42293930053711;190,29888916015625;186;
1192,712;37,5288200378418;190,29888916015625;186;
1192,713;37,42293930053711;188,33705139160156;186;
1192,715;37,96881866455078;188,33705139160156;186;
1192,716;37,862937927246094;188,33705139160156;186;
1192,717;37,96881866455078;188,33705139160156;186;
1192,719;38,41176223754883;190,29888916015625;186;
1192,72;38,305877685546875;190,29888916015625;186;
1192,721;38,41176223754883;190,29888916015625;186;
1192,723;38,14646911621094;190,29888916015625;186;
1192,725;38,04058837890625;188,33705139160156;186;
1192,726;38,164703369140625;188,33705139160156;186;
1192,729;38,05881881713867;188,33705139160156;186;
1192,73;38,07529067993164;188,33705139160156;186;
1192,731;37,96940994262695;190,29888916015625;186;
1192,732;38,07529067993164;190,29888916015625;186;
1192,733;37,96940994262695;190,29888916015625;186;
1192,734;37,5288200378418;190,29888916015625;186;
1192,736;37,5288200378418;188,33705139160156;186;
1192,738;37,862937927246094;188,33705139160156;186;
1192,739;37,96881866455078;188,33705139160156;186;
1192,74;37,96881866455078;186,37521362304688;186;
1192,741;37,96881866455078;188,33705139160156;186;
1192,742;38,305877685546875;188,33705139160156;186;
1192,743;38,41176223754883;188,33705139160156;186;
1192,744;38,41176223754883;190,29888916015625;186;
1192,745;38,14646911621094;190,29888916015625;186;
1192,746;38,04058837890625;190,29888916015625;186;
1192,747;38,14646911621094;190,29888916015625;186;
1192,749;38,164703369140625;188,33705139160156;186;
1192,75;38,164703369140625;190,29888916015625;186;
1192,751;38,05881881713867;188,33705139160156;186;
1192,752;38,164703369140625;188,33705139160156;186;
1192,753;38,07529067993164;188,33705139160156;186;
1192,755;37,96940994262695;186,37521362304688;186;
1192,756;38,07529067993164;186,37521362304688;186;
1192,757;37,5288200378418;186,37521362304688;186;
1192,758;37,5288200378418;188,33705139160156;186;
1192,759;37,42293930053711;188,33705139160156;186;
1192,76;37,96881866455078;188,33705139160156;186;
1192,761;37,96881866455078;190,29888916015625;186;
1192,763;37,862937927246094;190,29888916015625;186;
1192,764;38,41176223754883;190,29888916015625;186;
1192,768;38,04058837890625;190,29888916015625;186;
1192,769;38,14646911621094;190,29888916015625;186;
1192,77;38,14646911621094;188,33705139160156;186;
1192,771;38,14646911621094;190,29888916015625;186;
1192,772;38,05881881713867;190,29888916015625;186;
1192,773;38,164703369140625;190,29888916015625;186;
1192,775;38,07646560668945;190,29888916015625;186;
1192,776;37,96940994262695;190,29888916015625;186;
1192,777;38,07529067993164;190,29888916015625;186;
1192,778;38,07529067993164;188,33705139160156;186;
1192,779;37,5288200378418;188,33705139160156;186;
1192,78;37,53058624267578;188,33705139160156;186;
1192,781;37,4217643737793;188,33705139160156;186;
1192,782;37,47587966918945;186,37521362304688;186;
1192,783;37,917057037353516;186,37521362304688;186;
1192,784;37,970584869384766;186,37521362304688;186;
1192,785;37,862937927246094;186,37521362304688;186;
1192,786;37,96999740600586;188,33705139160156;186;
1192,787;38,41117477416992;188,33705139160156;186;
1192,788;38,41176223754883;192,2607421875;186;
1192,789;38,30529022216797;190,29888916015625;186;
1192,79;38,41176223754883;190,29888916015625;186;
1192,791;38,148231506347656;190,29888916015625;186;
1192,793;38,04235076904297;188,33705139160156;186;
1192,794;38,16293716430664;188,33705139160156;186;
1192,795;38,16411590576172;190,29888916015625;186;
1192,796;38,077056884765625;188,33705139160156;186;
1192,797;37,97117614746094;188,33705139160156;186;
1192,798;37,985877990722656;190,29888916015625;186;
1192,801;37,98823547363281;190,29888916015625;186;
1192,802;37,33293914794922;190,29888916015625;186;
1192,803;37,438819885253906;190,29888916015625;186;
1192,804;37,438819885253906;188,33705139160156;186;
1192,806;37,77411651611328;188,33705139160156;186;
1192,807;37,87999725341797;188,33705139160156;186;
1192,808;37,827056884765625;186,37521362304688;186;
1192,809;37,87999725341797;186,37521362304688;186;
1192,81;38,21529006958008;186,37521362304688;186;
1192,811;38,32117462158203;188,33705139160156;186;
1192,813;38,05646896362305;190,29888916015625;186;
1192,814;37,95058822631836;190,29888916015625;186;
1192,815;38,05646896362305;190,29888916015625;186;
1192,817;38,07411575317383;188,33705139160156;186;
1192,818;37,985877990722656;190,29888916015625;186;
1192,819;38,07411575317383;188,33705139160156;186;
1192,821;37,985877990722656;188,33705139160156;186;
1192,822;37,985877990722656;190,29888916015625;186;
1192,823;37,897647857666016;188,33705139160156;186;
1192,824;37,985877990722656;190,29888916015625;186;
1192,825;37,438819885253906;190,29888916015625;186;
1192,827;37,3505859375;190,29888916015625;186;
1192,828;37,87999725341797;190,29888916015625;186;
1192,829;37,87999725341797;188,33705139160156;186;
1192,832;38,32117462158203;186,37521362304688;186;
1192,833;38,32117462158203;188,33705139160156;186;
1192,834;38,32117462158203;186,37521362304688;186;
1192,836;38,03117752075195;188,33705139160156;186;
1192,837;38,121761322021484;188,33705139160156;186;
1192,838;38,12058639526367;188,33705139160156;186;
1192,839;38,12940979003906;190,29888916015625;186;
1192,84;38,14352798461914;190,29888916015625;186;
1192,841;38,15528869628906;192,2607421875;186;
1192,842;38,158233642578125;190,29888916015625;186;
1192,843;38,15528869628906;190,29888916015625;186;
1192,844;38,067054748535156;190,29888916015625;186;
1192,845;38,07293701171875;190,29888916015625;186;
1192,846;38,06999588012695;188,33705139160156;186;
1192,847;37,52587890625;188,33705139160156;186;
1192,848;37,52470397949219;188,33705139160156;186;
1192,849;37,521175384521484;188,33705139160156;186;
1192,85;37,517059326171875;188,33705139160156;186;
1192,851;37,955291748046875;188,33705139160156;186;
1192,852;37,95235061645508;190,29888916015625;186;
1192,853;37,94058609008789;190,29888916015625;186;
1192,854;37,94352722167969;190,29888916015625;186;
1192,855;38,38764572143555;190,29888916015625;186;
1192,856;38,38470458984375;190,29888916015625;186;
1192,857;38,38823318481445;190,29888916015625;186;
1192,858;38,385292053222656;188,33705139160156;186;
1192,859;38,11823272705078;188,33705139160156;186;
1192,86;38,202938079833984;188,33705139160156;186;
1192,861;38,20705795288086;186,37521362304688;186;
1192,862;38,222938537597656;188,33705139160156;186;
1192,863;38,22646713256836;188,33705139160156;186;
1192,864;38,23411560058594;188,33705139160156;186;
1192,865;38,239410400390625;190,29888916015625;186;
1192,866;38,153526306152344;190,29888916015625;186;
1192,867;38,13764572143555;190,29888916015625;186;
1192,868;38,13823318481445;190,29888916015625;186;
1192,869;38,13882064819336;190,29888916015625;186;
1192,87;37,58940887451172;188,33705139160156;186;
1192,871;37,59941101074219;190,29888916015625;186;
1192,872;37,489410400390625;188,33705139160156;186;
1192,873;37,599998474121094;188,33705139160156;186;
1192,874;38,041175842285156;188,33705139160156;186;
1192,875;38,04058837890625;186,37521362304688;186;
1192,876;38,034706115722656;186,37521362304688;186;
1192,877;38,025291442871094;188,33705139160156;186;
1192,878;38,47999954223633;188,33705139160156;186;
1192,879;38,4935302734375;190,29888916015625;186;
1192,88;38,505882263183594;192,2607421875;186;
1192,881;38,248233795166016;190,29888916015625;186;
1192,882;38,25117492675781;190,29888916015625;186;
1192,883;38,24235153198242;190,29888916015625;186;
1192,884;38,25;188,33705139160156;186;
1192,885;38,2664680480957;188,33705139160156;186;
1192,886;38,160587310791016;190,29888916015625;186;
1192,887;38,26411819458008;188,33705139160156;186;
1192,888;38,25587844848633;188,33705139160156;186;
1192,889;38,166465759277344;190,29888916015625;186;
1192,89;38,15882110595703;190,29888916015625;186;
1192,891;38,15470504760742;190,29888916015625;186;
1192,892;38,15293884277344;190,29888916015625;186;
1192,893;37,60117721557617;190,29888916015625;186;
1192,894;37,60176467895508;190,29888916015625;186;
1192,895;37,598236083984375;188,33705139160156;186;
1192,896;38,03293991088867;188,33705139160156;186;
1192,897;38,0352897644043;188,33705139160156;186;
1192,898;38,03293991088867;188,33705139160156;186;
1192,899;38,034114837646484;188,33705139160156;186;
1192,9;38,47352981567383;188,33705139160156;186;
1192,901;38,47764587402344;190,29888916015625;186;
1192,902;38,47352981567383;190,29888916015625;186;
1192,903;38,474117279052734;190,29888916015625;186;
1192,904;38,211761474609375;190,29888916015625;186;
1192,905;38,21235275268555;190,29888916015625;186;
1192,906;38,21117401123047;190,29888916015625;186;
1192,907;38,209999084472656;190,29888916015625;186;
1192,908;38,22470474243164;190,29888916015625;186;
1192,909;38,23117446899414;192,2607421875;186;
1192,91;38,22235107421875;190,29888916015625;186;
1192,911;38,13823318481445;188,33705139160156;186;
1192,912;38,13999557495117;188,33705139160156;186;
1192,915;37,59470748901367;188,33705139160156;186;
1192,916;37,5905876159668;188,33705139160156;186;
1192,917;37,5905876159668;190,29888916015625;186;
1192,918;37,59293746948242;190,29888916015625;186;
1192,919;38,034706115722656;190,29888916015625;186;
1192,92;37,9288215637207;190,29888916015625;186;
1192,921;38,0323486328125;188,33705139160156;186;
1192,922;38,03293991088867;190,29888916015625;186;
1192,923;38,47529220581055;190,29888916015625;186;
1192,925;38,478824615478516;188,33705139160156;186;
1192,926;38,47529220581055;190,29888916015625;186;
1192,927;38,21411895751953;190,29888916015625;186;
1192,928;38,209999084472656;190,29888916015625;186;
1192,929;38,21235275268555;188,33705139160156;186;
1192,93;38,22764587402344;190,29888916015625;186;
1192,931;38,228233337402344;190,29888916015625;186;
1192,932;38,23293685913086;190,29888916015625;186;
1192,933;38,22587966918945;190,29888916015625;186;
1192,934;38,13823318481445;192,2607421875;186;
1192,935;38,140586853027344;192,2607421875;186;
1192,937;38,13764572143555;192,2607421875;186;
1192,938;37,5941162109375;190,29888916015625;186;
1192,939;37,59646987915039;190,29888916015625;186;
1192,94;37,5905876159668;188,33705139160156;186;
1192,941;37,53940963745117;188,33705139160156;186;
1192,942;38,034114837646484;188,33705139160156;186;
1192,943;38,03117752075195;188,33705139160156;186;
1192,944;38,034706115722656;188,33705139160156;186;
1192,945;38,471763610839844;190,29888916015625;186;
1192,946;39,68705749511719;190,29888916015625;186;
1192,947;38,41117477416992;190,29888916015625;186;
1192,948;38,39234924316406;190,29888916015625;186;
1192,949;38,12940979003906;190,29888916015625;186;
1192,95;38,12705993652344;188,33705139160156;186;
1192,951;38,14529037475586;188,33705139160156;186;
1192,952;38,127647399902344;188,33705139160156;186;
1192,953;38,14529037475586;188,33705139160156;186;
1192,954;38,14588165283203;188,33705139160156;186;
1192,955;38,16352844238281;188,33705139160156;186;
1192,956;38,05705642700195;188,33705139160156;186;
1192,957;37,971763610839844;190,29888916015625;186;
1192,96;37,42293930053711;190,29888916015625;186;
1192,963;37,42293930053711;188,33705139160156;186;
1192,964;37,96999740600586;188,33705139160156;186;
1192,967;37,86411666870117;188,33705139160156;186;
1192,968;38,410587310791016;188,33705139160156;186;
1192,969;38,30470275878906;190,29888916015625;186;
1192,971;38,410587310791016;192,2607421875;186;
1192,972;38,04058837890625;192,2607421875;186;
1192,973;38,04058837890625;194,2225799560547;186;
1192,974;38,04058837890625;190,29888916015625;186;
1192,975;38,04058837890625;192,2607421875;186;
1192,976;38,057647705078125;192,2607421875;186;
1192,977;38,057647705078125;190,29888916015625;186;
1192,979;38,07764434814453;190,29888916015625;186;
1192,98;37,971763610839844;188,33705139160156;186;
1192,981;38,07764434814453;188,33705139160156;186;
1192,982;37,971763610839844;188,33705139160156;186;
1192,983;37,42293930053711;188,33705139160156;186;
1192,984;37,42293930053711;190,29888916015625;186;
1192,985;37,5288200378418;188,33705139160156;186;
1192,987;37,86411666870117;188,33705139160156;186;
1192,989;37,96999740600586;188,33705139160156;186;
1192,99;37,86411666870117;188,33705139160156;186;
1192,991;38,30470275878906;188,33705139160156;186;
1192,992;38,30470275878906;190,29888916015625;186;
1192,993;38,410587310791016;190,29888916015625;186;
1192,994;38,14646911621094;190,29888916015625;186;
1192,995;38,04058837890625;190,29888916015625;186;
1192,998;38,057647705078125;190,29888916015625;186;
1192,999;38,057647705078125;192,2607421875;186;
1193;38,16352844238281;190,29888916015625;186;
1193,002;38,07764434814453;192,2607421875;186;
1193,003;37,971763610839844;192,2607421875;186;
1193,004;37,971763610839844;190,29888916015625;186;
1193,006;37,5288200378418;188,33705139160156;186;
1193,008;37,42293930053711;188,33705139160156;186;
1193,009;37,86411666870117;188,33705139160156;186;
1193,01;37,96999740600586;190,29888916015625;186;
1193,011;37,86411666870117;190,29888916015625;186;
1193,012;37,96999740600586;190,29888916015625;186;
1193,013;38,410587310791016;190,29888916015625;186;
1193,015;38,30470275878906;190,29888916015625;186;
1193,016;38,410587310791016;190,29888916015625;186;
1193,017;38,14646911621094;190,29888916015625;186;
1193,018;38,14646911621094;188,33705139160156;186;
1193,019;38,14646911621094;186,37521362304688;186;
1193,02;38,14646911621094;188,33705139160156;186;
1193,021;38,16352844238281;188,33705139160156;186;
1193,022;38,16352844238281;190,29888916015625;186;
1193,023;38,057647705078125;190,29888916015625;186;
1193,024;38,07764434814453;190,29888916015625;186;
1193,025;37,971763610839844;190,29888916015625;186;
1193,026;38,07764434814453;190,29888916015625;186;
1193,028;37,42293930053711;192,2607421875;186;
1193,029;37,5288200378418;190,29888916015625;186;
1193,031;37,5288200378418;188,33705139160156;186;
1193,032;37,86411666870117;186,37521362304688;186;
1193,033;37,96999740600586;188,33705139160156;186;
1193,036;38,410587310791016;188,33705139160156;186;
1193,037;38,410587310791016;190,29888916015625;186;
1193,039;38,30470275878906;190,29888916015625;186;
1193,04;38,14646911621094;190,29888916015625;186;
1193,042;38,14646911621094;188,33705139160156;186;
1193,043;38,16352844238281;188,33705139160156;186;
1193,047;38,07764434814453;188,33705139160156;186;
1193,048;38,07764434814453;190,29888916015625;186;
1193,049;37,971763610839844;190,29888916015625;186;
1193,05;38,07764434814453;190,29888916015625;186;
1193,051;37,5288200378418;190,29888916015625;186;
1193,055;37,96999740600586;188,33705139160156;186;
1193,058;38,410587310791016;188,33705139160156;186;
1193,059;38,410587310791016;190,29888916015625;186;
1193,062;38,04058837890625;190,29888916015625;186;
1193,063;38,14646911621094;190,29888916015625;186;
1193,064;38,14588165283203;192,2607421875;186;
1193,065;38,14646911621094;192,2607421875;186;
1193,066;38,16352844238281;190,29888916015625;186;
1193,067;38,164703369140625;192,2607421875;186;
1193,068;38,16411590576172;190,29888916015625;186;
1193,069;38,16293716430664;188,33705139160156;186;
1193,07;38,07587814331055;188,33705139160156;186;
1193,071;38,07646560668945;188,33705139160156;186;
1193,072;38,07764434814453;186,37521362304688;186;
1193,073;37,47587966918945;188,33705139160156;186;
1193,074;37,5288200378418;188,33705139160156;186;
1193,075;37,424705505371094;188,33705139160156;186;
1193,076;37,528236389160156;188,33705139160156;186;
1193,077;37,97470474243164;188,33705139160156;186;
1193,078;37,972938537597656;190,29888916015625;186;
1193,079;37,882938385009766;188,33705139160156;186;
1193,081;38,326473236083984;188,33705139160156;186;
1193,082;38,32117462158203;190,29888916015625;186;
1193,083;38,32117462158203;188,33705139160156;186;
1193,084;38,32353210449219;188,33705139160156;186;
1193,085;38,05646896362305;190,29888916015625;186;
1193,086;38,05646896362305;186,37521362304688;186;
1193,088;38,05646896362305;188,33705139160156;186;
1193,089;38,07411575317383;188,33705139160156;186;
1193,09;38,07411575317383;190,29888916015625;186;
1193,091;37,96823501586914;192,2607421875;186;
1193,092;37,985877990722656;190,29888916015625;186;
1193,093;37,985877990722656;192,2607421875;186;
1193,094;37,985877990722656;190,29888916015625;186;
1193,096;37,438819885253906;188,33705139160156;186;
1193,097;37,438819885253906;190,29888916015625;186;
1193,098;37,438819885253906;188,33705139160156;186;
1193,1;37,87999725341797;188,33705139160156;186;
1193,101;37,87999725341797;190,29888916015625;186;
1193,102;37,87999725341797;188,33705139160156;186;
1193,103;37,87999725341797;190,29888916015625;186;
1193,104;38,232940673828125;190,29888916015625;186;
1193,105;38,32117462158203;192,2607421875;186;
1193,106;38,32117462158203;190,29888916015625;186;
1193,107;38,05646896362305;190,29888916015625;186;
1193,108;37,96823501586914;188,33705139160156;186;
1193,109;38,05646896362305;188,33705139160156;186;
1193,11;38,05646896362305;186,37521362304688;186;
1193,111;38,07411575317383;186,37521362304688;186;
1193,112;38,07411575317383;188,33705139160156;186;
1193,115;37,985877990722656;190,29888916015625;186;
1193,119;36,23411560058594;190,29888916015625;186;
1193,12;37,49882125854492;190,29888916015625;186;
1193,121;37,40764617919922;188,33705139160156;186;
1193,122;37,417057037353516;188,33705139160156;186;
1193,123;37,95058822631836;188,33705139160156;186;
1193,124;37,96117401123047;188,33705139160156;186;
1193,125;37,964115142822266;186,37521362304688;186;
1193,126;38,408233642578125;186,37521362304688;186;
1193,127;38,40235137939453;188,33705139160156;186;
1193,128;38,40117645263672;188,33705139160156;186;
1193,129;38,408233642578125;190,29888916015625;186;
1193,13;38,03764724731445;192,2607421875;186;
1193,131;38,14117431640625;192,2607421875;186;
1193,132;38,140586853027344;190,29888916015625;186;
1193,133;38,136470794677734;190,29888916015625;186;
1193,134;38,149410247802734;190,29888916015625;186;
1193,135;38,14764404296875;190,29888916015625;186;
1193,136;38,141761779785156;188,33705139160156;186;
1193,137;38,13764572143555;188,33705139160156;186;
1193,138;38,05117416381836;188,33705139160156;186;
1193,139;38,049407958984375;188,33705139160156;186;
1193,14;38,04999542236328;188,33705139160156;186;
1193,141;37,50293731689453;190,29888916015625;186;
1193,142;37,502349853515625;190,29888916015625;186;
1193,143;37,49940872192383;190,29888916015625;186;
1193,144;37,49764633178711;190,29888916015625;186;
1193,145;38,025291442871094;190,29888916015625;186;
1193,146;38,034114837646484;190,29888916015625;186;
1193,147;38,04176330566406;188,33705139160156;186;
1193,148;38,03705596923828;188,33705139160156;186;
1193,149;38,37234878540039;188,33705139160156;186;
1193,15;38,47352981567383;188,33705139160156;186;
1193,151;38,46882247924805;188,33705139160156;186;
1193,152;38,47764587402344;188,33705139160156;186;
1193,153;38,209999084472656;190,29888916015625;186;
1193,154;38,21235275268555;190,29888916015625;186;
1193,155;38,217647552490234;188,33705139160156;186;
1193,156;38,11176300048828;190,29888916015625;186;
1193,157;38,12234878540039;190,29888916015625;186;
1193,158;38,235877990722656;190,29888916015625;186;
1193,159;38,23234939575195;190,29888916015625;186;
1193,16;38,13117599487305;190,29888916015625;186;
1193,161;38,13823318481445;190,29888916015625;186;
1193,162;38,0323486328125;188,33705139160156;186;
1193,163;38,159996032714844;188,33705139160156;186;
1193,164;37,62823486328125;188,33705139160156;186;
1193,165;37,5223503112793;188,33705139160156;186;
1193,166;37,63235092163086;188,33705139160156;186;
1193,167;37,632938385009766;188,33705139160156;186;
1193,168;37,97058868408203;188,33705139160156;186;
1193,169;37,97058868408203;190,29888916015625;186;
1193,17;38,070587158203125;190,29888916015625;186;
1193,171;38,06529235839844;190,29888916015625;186;
1193,172;38,391761779785156;190,29888916015625;186;
1193,173;38,49882507324219;190,29888916015625;186;
1193,174;38,392940521240234;190,29888916015625;186;
1193,175;38,228233337402344;188,33705139160156;186;
1193,176;38,122352600097656;188,33705139160156;186;
1193,177;38,113529205322266;188,33705139160156;186;
1193,178;38,11176300048828;188,33705139160156;186;
1193,179;38,22764587402344;186,37521362304688;186;
1193,18;38,22587966918945;188,33705139160156;186;
1193,181;38,12352752685547;188,33705139160156;186;
1193,183;38,03058624267578;190,29888916015625;186;
1193,184;38,14117431640625;192,2607421875;186;
1193,185;38,0352897644043;190,29888916015625;186;
1193,186;38,139408111572266;190,29888916015625;186;
1193,187;37,592350006103516;190,29888916015625;186;
1193,188;37,59176254272461;190,29888916015625;186;
1193,189;37,48588180541992;188,33705139160156;186;
1193,19;37,48882293701172;188,33705139160156;186;
1193,191;37,92646789550781;188,33705139160156;186;
1193,192;38,03823471069336;188,33705139160156;186;
1193,193;38,034114837646484;188,33705139160156;186;
1193,194;38,47529220581055;188,33705139160156;186;
1193,195;38,369407653808594;190,29888916015625;186;
1193,196;38,476470947265625;190,29888916015625;186;
1193,197;38,37058639526367;190,29888916015625;186;
1193,198;38,108821868896484;190,29888916015625;186;
1193,199;38,09882354736328;190,29888916015625;186;
1193,2;38,20941162109375;188,33705139160156;186;
1193,201;38,10353088378906;188,33705139160156;186;
1193,202;38,12411880493164;188,33705139160156;186;
1193,203;38,22999954223633;188,33705139160156;186;
1193,204;38,22705841064453;188,33705139160156;186;
1193,205;38,22587966918945;188,33705139160156;186;
1193,206;38,031761169433594;190,29888916015625;186;
1193,207;38,0323486328125;190,29888916015625;186;
1193,209;37,593528747558594;190,29888916015625;186;
1193,21;37,487648010253906;190,29888916015625;186;
1193,211;37,59646987915039;192,2607421875;186;
1193,212;37,4905891418457;190,29888916015625;186;
1193,213;38,03352737426758;188,33705139160156;186;
1193,214;37,92764663696289;188,33705139160156;186;
1193,217;38,47529220581055;188,33705139160156;186;
1193,218;38,476470947265625;190,29888916015625;186;
1193,219;38,474117279052734;188,33705139160156;186;
1193,22;38,474117279052734;190,29888916015625;186;
1193,221;38,20941162109375;190,29888916015625;186;
1193,222;38,10529327392578;190,29888916015625;186;
1193,223;38,21235275268555;188,33705139160156;186;
1193,224;38,12411880493164;190,29888916015625;186;
1193,225;38,12234878540039;190,29888916015625;186;
1193,226;38,228233337402344;190,29888916015625;186;
1193,227;38,23411560058594;188,33705139160156;186;
1193,228;38,03999710083008;188,33705139160156;186;
1193,229;38,12764358520508;190,29888916015625;186;
1193,23;38,078819274902344;188,33705139160156;186;
1193,231;37,972938537597656;188,33705139160156;186;
1193,232;37,423526763916016;188,33705139160156;186;
1193,233;37,512351989746094;190,29888916015625;186;
1193,234;37,50882339477539;190,29888916015625;186;
1193,235;37,527645111083984;190,29888916015625;186;
1193,236;37,862937927246094;190,29888916015625;186;
1193,237;37,96881866455078;190,29888916015625;186;
1193,238;37,86411666870117;188,33705139160156;186;
1193,239;37,86411666870117;190,29888916015625;186;
1193,24;38,41176223754883;190,29888916015625;186;
1193,241;38,305877685546875;190,29888916015625;186;
1193,243;38,14646911621094;190,29888916015625;186;
1193,244;38,14646911621094;188,33705139160156;186;
1193,245;38,04058837890625;188,33705139160156;186;
1193,247;38,05823516845703;190,29888916015625;186;
1193,248;38,164703369140625;190,29888916015625;186;
1193,249;38,05881881713867;192,2607421875;186;
1193,251;37,970584869384766;192,2607421875;186;
1193,252;37,96940994262695;192,2607421875;186;
1193,253;38,07529067993164;190,29888916015625;186;
1193,254;37,96940994262695;190,29888916015625;186;
1193,255;37,42293930053711;190,29888916015625;186;
1193,257;37,47470474243164;186,37521362304688;186;
1193,258;37,80999755859375;186,37521362304688;186;
1193,259;37,86470413208008;188,33705139160156;186;
1193,26;37,862937927246094;188,33705139160156;186;
1193,261;37,96881866455078;188,33705139160156;186;
1193,262;38,304115295410156;188,33705139160156;186;
1193,263;38,30529022216797;190,29888916015625;186;
1193,264;38,305877685546875;190,29888916015625;186;
1193,265;38,41176223754883;190,29888916015625;186;
1193,266;38,041175842285156;190,29888916015625;186;
1193,268;38,040000915527344;188,33705139160156;186;
1193,269;38,04058837890625;188,33705139160156;186;
1193,27;38,05881881713867;188,33705139160156;186;
1193,271;38,05881881713867;190,29888916015625;186;
1193,273;37,96940994262695;190,29888916015625;186;
1193,274;38,07529067993164;190,29888916015625;186;
1193,275;37,96881866455078;190,29888916015625;186;
1193,276;37,96881866455078;192,2607421875;186;
1193,277;37,42293930053711;192,2607421875;186;
1193,278;37,5288200378418;192,2607421875;186;
1193,279;37,42293930053711;192,2607421875;186;
1193,28;37,42293930053711;190,29888916015625;186;
1193,281;37,862937927246094;190,29888916015625;186;
1193,283;37,96881866455078;186,37521362304688;186;
1193,284;37,862937927246094;188,33705139160156;186;
1193,285;38,305877685546875;188,33705139160156;186;
1193,286;38,305877685546875;190,29888916015625;186;
1193,287;38,41176223754883;190,29888916015625;186;
1193,288;38,04058837890625;190,29888916015625;186;
1193,289;38,04058837890625;192,2607421875;186;
1193,29;38,040000915527344;192,2607421875;186;
1193,291;38,14646911621094;190,29888916015625;186;
1193,292;38,05823516845703;190,29888916015625;186;
1193,293;38,05881881713867;190,29888916015625;186;
1193,294;38,05881881713867;188,33705139160156;186;
1193,295;38,164703369140625;188,33705139160156;186;
1193,296;37,970584869384766;188,33705139160156;186;
1193,297;37,96999740600586;188,33705139160156;186;
1193,298;37,96940994262695;188,33705139160156;186;
1193,299;38,07529067993164;190,29888916015625;186;
1193,3;37,42293930053711;190,29888916015625;186;
1193,302;37,423526763916016;190,29888916015625;186;
1193,303;37,96881866455078;190,29888916015625;186;
1193,304;37,86235046386719;192,2607421875;186;
1193,305;37,862937927246094;192,2607421875;186;
1193,306;37,862937927246094;190,29888916015625;186;
1193,307;38,305877685546875;188,33705139160156;186;
1193,308;38,41176223754883;190,29888916015625;186;
1193,309;38,305877685546875;190,29888916015625;186;
1193,31;38,30529022216797;188,33705139160156;186;
1193,311;38,041175842285156;192,2607421875;186;
1193,312;38,04058837890625;192,2607421875;186;
1193,313;38,04058837890625;190,29888916015625;186;
1193,314;38,040000915527344;192,2607421875;186;
1193,315;38,05881881713867;192,2607421875;186;
1193,316;38,164703369140625;192,2607421875;186;
1193,317;38,05881881713867;190,29888916015625;186;
1193,318;37,96940994262695;190,29888916015625;186;
1193,32;38,07529067993164;190,29888916015625;186;
1193,321;37,96940994262695;186,37521362304688;186;
1193,322;37,42293930053711;186,37521362304688;186;
1193,323;37,42293930053711;188,33705139160156;186;
1193,325;37,5288200378418;188,33705139160156;186;
1193,326;37,862937927246094;188,33705139160156;186;
1193,327;37,862937927246094;190,29888916015625;186;
1193,328;37,96881866455078;190,29888916015625;186;
1193,329;37,862937927246094;190,29888916015625;186;
1193,33;38,305877685546875;190,29888916015625;186;
1193,333;38,04058837890625;190,29888916015625;186;
1193,335;38,04058837890625;188,33705139160156;186;
1193,337;38,05881881713867;188,33705139160156;186;
1193,338;38,164703369140625;190,29888916015625;186;
1193,339;38,05881881713867;190,29888916015625;186;
1193,341;37,96940994262695;190,29888916015625;186;
1193,342;38,07529067993164;192,2607421875;186;
1193,343;37,96940994262695;192,2607421875;186;
1193,344;38,07529067993164;192,2607421875;186;
1193,345;37,42293930053711;192,2607421875;186;
1193,346;37,4217643737793;192,2607421875;186;
1193,347;37,423526763916016;190,29888916015625;186;
1193,348;37,86411666870117;190,29888916015625;186;
1193,349;37,862937927246094;186,37521362304688;186;
1193,35;37,96999740600586;188,33705139160156;186;
1193,351;37,86470413208008;188,33705139160156;186;
1193,352;38,30705642700195;188,33705139160156;186;
1193,353;38,304115295410156;190,29888916015625;186;
1193,354;38,30705642700195;190,29888916015625;186;
1193,355;38,30529022216797;190,29888916015625;186;
1193,356;38,041175842285156;190,29888916015625;186;
1193,357;38,03940963745117;190,29888916015625;186;
1193,358;38,04058837890625;188,33705139160156;186;
1193,359;38,14470291137695;188,33705139160156;186;
1193,36;38,05823516845703;188,33705139160156;186;
1193,361;38,16411590576172;188,33705139160156;186;
1193,362;38,051761627197266;188,33705139160156;186;
1193,363;37,882938385009766;188,33705139160156;186;
1193,364;37,88470458984375;190,29888916015625;186;
1193,366;37,87999725341797;190,29888916015625;186;
1193,367;37,438819885253906;190,29888916015625;186;
1193,369;37,33293914794922;190,29888916015625;186;
1193,371;37,87999725341797;190,29888916015625;186;
1193,372;37,77411651611328;190,29888916015625;186;
1193,373;37,77411651611328;188,33705139160156;186;
1193,374;37,87999725341797;188,33705139160156;186;
1193,375;38,32117462158203;188,33705139160156;186;
1193,376;38,21529006958008;190,29888916015625;186;
1193,377;38,32117462158203;190,29888916015625;186;
1193,378;38,21529006958008;190,29888916015625;186;
1193,379;37,95058822631836;190,29888916015625;186;
1193,38;38,05646896362305;192,2607421875;186;
1193,381;37,95058822631836;192,2607421875;186;
1193,382;37,96823501586914;192,2607421875;186;
1193,384;38,07411575317383;190,29888916015625;186;
1193,385;37,96823501586914;190,29888916015625;186;
1193,386;37,87999725341797;190,29888916015625;186;
1193,387;37,87999725341797;188,33705139160156;186;
1193,388;37,985877990722656;186,37521362304688;186;
1193,389;37,827056884765625;186,37521362304688;186;
1193,39;37,279998779296875;188,33705139160156;186;
1193,391;37,438819885253906;188,33705139160156;186;
1193,392;37,33293914794922;188,33705139160156;186;
1193,393;37,438819885253906;188,33705139160156;186;
1193,394;37,77411651611328;188,33705139160156;186;
1193,395;37,77411651611328;190,29888916015625;186;
1193,396;37,77411651611328;188,33705139160156;186;
1193,397;38,32117462158203;188,33705139160156;186;
1193,398;38,21529006958008;190,29888916015625;186;
1193,4;38,21529006958008;188,33705139160156;186;
1193,401;38,05646896362305;188,33705139160156;186;
1193,402;37,95058822631836;190,29888916015625;186;
1193,403;36,72470474243164;188,33705139160156;186;
1193,404;38,01353073120117;186,37521362304688;186;
1193,405;38,14352798461914;188,33705139160156;186;
1193,406;38,03764724731445;190,29888916015625;186;
1193,407;38,038822174072266;190,29888916015625;186;
1193,408;38,049407958984375;190,29888916015625;186;
1193,409;38,06999588012695;190,29888916015625;186;
1193,41;37,964115142822266;190,29888916015625;186;
1193,411;37,96117401123047;190,29888916015625;186;
1193,412;37,964115142822266;190,29888916015625;186;
1193,413;37,5229377746582;190,29888916015625;186;
1193,414;37,417057037353516;188,33705139160156;186;
1193,415;37,42293930053711;188,33705139160156;186;
1193,416;37,85823440551758;188,33705139160156;186;
1193,417;37,95882034301758;190,29888916015625;186;
1193,418;37,95235061645508;188,33705139160156;186;
1193,419;37,84646987915039;190,29888916015625;186;
1193,42;38,28293991088867;190,29888916015625;186;
1193,421;38,281761169433594;192,2607421875;186;
1193,422;38,38470458984375;190,29888916015625;186;
1193,423;38,2788200378418;190,29888916015625;186;
1193,424;38,01411819458008;190,29888916015625;186;
1193,425;38,014705657958984;190,29888916015625;186;
1193,426;38,11470413208008;188,33705139160156;186;
1193,427;38,00882339477539;188,33705139160156;186;
1193,428;38,21881866455078;188,33705139160156;186;
1193,429;38,22529220581055;188,33705139160156;186;
1193,43;38,11941146850586;188,33705139160156;186;
1193,431;38,14881896972656;188,33705139160156;186;
1193,432;38,042938232421875;190,29888916015625;186;
1193,433;38,04058837890625;190,29888916015625;186;
1193,434;38,04646682739258;190,29888916015625;186;
1193,435;37,59000015258789;190,29888916015625;186;
1193,436;37,4841194152832;190,29888916015625;186;
1193,437;37,59176254272461;188,33705139160156;186;
1193,438;37,59646987915039;188,33705139160156;186;
1193,439;37,93293762207031;188,33705139160156;186;
1193,441;37,933528900146484;186,37521362304688;186;
1193,442;37,93647003173828;188,33705139160156;186;
1193,443;38,374114990234375;188,33705139160156;186;
1193,444;38,47352981567383;190,29888916015625;186;
1193,445;38,367645263671875;190,29888916015625;186;
1193,446;38,11470413208008;190,29888916015625;186;
1193,447;38,11705780029297;190,29888916015625;186;
1193,448;38,25176239013672;190,29888916015625;186;
1193,449;38,14588165283203;188,33705139160156;186;
1193,45;38,16117477416992;188,33705139160156;186;
1193,451;38,16176223754883;188,33705139160156;186;
1193,452;38,27411651611328;188,33705139160156;186;
1193,453;38,16823196411133;188,33705139160156;186;
1193,454;38,06999969482422;188,33705139160156;186;
1193,455;38,06529235839844;190,29888916015625;186;
1193,456;38,16587829589844;188,33705139160156;186;
1193,457;38,05999755859375;190,29888916015625;186;
1193,458;37,508235931396484;190,29888916015625;186;
1193,459;37,505882263183594;190,29888916015625;186;
1193,46;37,598819732666016;190,29888916015625;186;
1193,461;37,49293899536133;190,29888916015625;186;
1193,462;37,938232421875;190,29888916015625;186;
1193,463;37,92646789550781;190,29888916015625;186;
1193,464;38,034114837646484;188,33705139160156;186;
1193,465;38,369407653808594;188,33705139160156;186;
1193,466;38,36470413208008;188,33705139160156;186;
1193,467;38,36823272705078;188,33705139160156;186;
1193,468;38,476470947265625;188,33705139160156;186;
1193,469;38,10588073730469;190,29888916015625;186;
1193,47;38,20882034301758;190,29888916015625;186;
1193,471;38,10293960571289;190,29888916015625;186;
1193,472;38,211761474609375;190,29888916015625;186;
1193,473;38,229408264160156;190,29888916015625;186;
1193,474;38,12352752685547;190,29888916015625;186;
1193,475;38,12705612182617;190,29888916015625;186;
1193,476;38,12528991699219;190,29888916015625;186;
1193,477;38,13646697998047;190,29888916015625;186;
1193,478;38,03058624267578;190,29888916015625;186;
1193,479;38,0352897644043;188,33705139160156;186;
1193,48;37,4841194152832;188,33705139160156;186;
1193,481;37,59470748901367;188,33705139160156;186;
1193,482;37,48882293701172;188,33705139160156;186;
1193,483;37,4905891418457;188,33705139160156;186;
1193,484;37,9223518371582;188,33705139160156;186;
1193,485;38,0323486328125;190,29888916015625;186;
1193,486;38,03705596923828;190,29888916015625;186;
1193,487;37,931175231933594;190,29888916015625;186;
1193,488;38,369407653808594;190,29888916015625;186;
1193,489;38,36823272705078;190,29888916015625;186;
1193,49;38,47588348388672;190,29888916015625;186;
1193,491;38,369998931884766;188,33705139160156;186;
1193,492;38,10411834716797;188,33705139160156;186;
1193,493;38,10588073730469;188,33705139160156;186;
1193,494;38,20823287963867;188,33705139160156;186;
1193,495;38,102352142333984;188,33705139160156;186;
1193,496;38,121761322021484;188,33705139160156;186;
1193,497;38,121177673339844;190,29888916015625;186;
1193,498;38,230587005615234;190,29888916015625;186;
1193,499;38,036468505859375;190,29888916015625;186;
1193,5;38,034114837646484;190,29888916015625;186;
1193,501;38,03764724731445;190,29888916015625;186;
1193,502;38,0323486328125;190,29888916015625;186;
1193,503;37,48823547363281;188,33705139160156;186;
1193,504;37,48823547363281;190,29888916015625;186;
1193,505;37,487056732177734;188,33705139160156;186;
1193,506;37,59293746948242;186,37521362304688;186;
1193,507;37,9282341003418;188,33705139160156;186;
1193,508;37,9317626953125;186,37521362304688;186;
1193,509;37,92646789550781;186,37521362304688;186;
1193,51;37,9288215637207;186,37521362304688;186;
1193,511;38,472354888916016;188,33705139160156;186;
1193,512;38,36647033691406;190,29888916015625;186;
1193,513;38,363529205322266;192,2607421875;186;
1193,514;38,04235076904297;192,2607421875;186;
1193,515;38,127647399902344;190,29888916015625;186;
1193,516;38,03940963745117;190,29888916015625;186;
1193,517;38,038822174072266;188,33705139160156;186;
1193,518;38,14529037475586;188,33705139160156;186;
1193,519;38,14411926269531;190,29888916015625;186;
1193,52;38,05588150024414;188,33705139160156;186;
1193,521;38,05646896362305;188,33705139160156;186;
1193,522;37,970584869384766;190,29888916015625;186;
1193,523;37,96940994262695;190,29888916015625;186;
1193,524;38,07764434814453;190,29888916015625;186;
1193,525;37,971763610839844;192,2607421875;186;
1193,526;37,424705505371094;190,29888916015625;186;
1193,527;37,42293930053711;192,2607421875;186;
1193,528;37,5288200378418;190,29888916015625;186;
1193,529;37,86411666870117;190,29888916015625;186;
1193,532;37,86411666870117;188,33705139160156;186;
1193,533;38,30529022216797;188,33705139160156;186;
1193,534;38,410587310791016;188,33705139160156;186;
1193,535;38,30470275878906;188,33705139160156;186;
1193,536;38,30470275878906;190,29888916015625;186;
1193,537;38,14646911621094;190,29888916015625;186;
1193,538;38,04058837890625;190,29888916015625;186;
1193,539;38,04058837890625;188,33705139160156;186;
1193,54;38,04058837890625;190,29888916015625;186;
1193,541;38,057647705078125;190,29888916015625;186;
1193,543;38,057647705078125;188,33705139160156;186;
1193,545;37,96940994262695;188,33705139160156;186;
1193,546;37,971763610839844;188,33705139160156;186;
1193,548;37,4217643737793;188,33705139160156;186;
1193,549;37,42293930053711;190,29888916015625;186;
1193,55;37,5288200378418;190,29888916015625;186;
1193,551;37,42293930053711;190,29888916015625;186;
1193,552;37,86411666870117;190,29888916015625;186;
1193,556;38,30529022216797;192,2607421875;186;
1193,558;38,30470275878906;190,29888916015625;186;
1193,56;38,040000915527344;190,29888916015625;186;
1193,561;38,04058837890625;190,29888916015625;186;
1193,562;38,04058837890625;188,33705139160156;186;
1193,563;38,057647705078125;188,33705139160156;186;
1193,564;38,057647705078125;190,29888916015625;186;
1193,567;37,971763610839844;190,29888916015625;186;
1193,569;37,971763610839844;188,33705139160156;186;
1193,571;37,5288200378418;188,33705139160156;186;
1193,572;37,42293930053711;188,33705139160156;186;
1193,575;37,96999740600586;188,33705139160156;186;
1193,576;37,86411666870117;190,29888916015625;186;
1193,578;38,30529022216797;190,29888916015625;186;
1193,579;38,410587310791016;192,2607421875;186;
1193,58;38,30470275878906;192,2607421875;186;
1193,581;38,30470275878906;190,29888916015625;186;
1193,582;38,040000915527344;190,29888916015625;186;
1193,583;38,04058837890625;192,2607421875;186;
1193,584;38,04058837890625;190,29888916015625;186;
1193,585;38,04058837890625;188,33705139160156;186;
1193,586;38,05823516845703;188,33705139160156;186;
1193,587;38,057647705078125;188,33705139160156;186;
1193,588;38,16352844238281;188,33705139160156;186;
1193,589;38,057647705078125;188,33705139160156;186;
1193,59;37,96881866455078;190,29888916015625;186;
1193,591;37,971763610839844;190,29888916015625;186;
1193,593;37,424705505371094;192,2607421875;186;
1193,594;37,4223518371582;192,2607421875;186;
1193,596;37,54646682739258;190,29888916015625;186;
1193,597;37,86411666870117;190,29888916015625;186;
1193,598;37,86411666870117;188,33705139160156;186;
1193,599;37,86411666870117;186,37521362304688;186;
1193,6;37,96999740600586;186,37521362304688;186;
1193,601;38,30529022216797;188,33705139160156;186;
1193,602;38,30470275878906;190,29888916015625;186;
1193,605;38,040000915527344;190,29888916015625;186;
1193,606;38,04058837890625;190,29888916015625;186;
1193,607;38,04058837890625;188,33705139160156;186;
1193,608;38,041175842285156;190,29888916015625;186;
1193,609;38,16352844238281;190,29888916015625;186;
1193,61;38,057647705078125;190,29888916015625;186;
1193,611;38,057647705078125;188,33705139160156;186;
1193,612;37,96940994262695;188,33705139160156;186;
1193,613;38,07764434814453;190,29888916015625;186;
1193,614;37,971763610839844;190,29888916015625;186;
1193,616;37,42293930053711;190,29888916015625;186;
1193,617;37,5288200378418;194,2225799560547;186;
1193,618;37,42293930053711;192,2607421875;186;
1193,62;37,86411666870117;192,2607421875;186;
1193,621;37,86411666870117;190,29888916015625;186;
1193,622;37,96999740600586;190,29888916015625;186;
1193,623;37,86411666870117;190,29888916015625;186;
1193,624;38,410587310791016;190,29888916015625;186;
1193,625;38,30470275878906;190,29888916015625;186;
1193,626;38,410587310791016;188,33705139160156;186;
1193,627;38,040000915527344;188,33705139160156;186;
1193,628;38,04058837890625;188,33705139160156;186;
1193,63;38,03940963745117;188,33705139160156;186;
1193,631;38,16411590576172;188,33705139160156;186;
1193,632;38,05823516845703;190,29888916015625;186;
1193,633;38,05999755859375;190,29888916015625;186;
1193,634;38,05999755859375;188,33705139160156;186;
1193,635;38,07587814331055;190,29888916015625;186;
1193,636;37,96999740600586;190,29888916015625;186;
1193,637;37,96940994262695;188,33705139160156;186;
1193,639;37,5288200378418;188,33705139160156;186;
1193,64;37,42293930053711;188,33705139160156;186;
1193,642;37,86411666870117;190,29888916015625;186;
1193,643;37,96881866455078;190,29888916015625;186;
1193,645;37,862937927246094;190,29888916015625;186;
1193,646;38,324119567871094;190,29888916015625;186;
1193,647;38,218231201171875;192,2607421875;186;
1193,648;38,32117462158203;192,2607421875;186;
1193,649;38,21529006958008;192,2607421875;186;
1193,65;37,95058822631836;192,2607421875;186;
1193,651;37,95058822631836;190,29888916015625;186;
1193,652;38,05646896362305;188,33705139160156;186;
1193,653;37,95058822631836;188,33705139160156;186;
1193,654;37,97058868408203;188,33705139160156;186;
1193,655;37,96823501586914;188,33705139160156;186;
1193,656;38,07411575317383;188,33705139160156;186;
1193,657;37,87999725341797;190,29888916015625;186;
1193,659;37,880584716796875;190,29888916015625;186;
1193,66;37,985877990722656;188,33705139160156;186;
1193,661;37,33293914794922;188,33705139160156;186;
1193,663;37,33529281616211;188,33705139160156;186;
1193,664;37,438819885253906;186,37521362304688;186;
1193,665;37,77411651611328;188,33705139160156;186;
1193,668;37,87999725341797;188,33705139160156;186;
1193,669;38,21529006958008;190,29888916015625;186;
1193,672;37,95058822631836;190,29888916015625;186;
1193,673;38,05646896362305;190,29888916015625;186;
1193,675;38,05646896362305;188,33705139160156;186;
1193,676;37,96823501586914;188,33705139160156;186;
1193,677;38,07411575317383;188,33705139160156;186;
1193,678;37,96823501586914;188,33705139160156;186;
1193,68;37,87999725341797;188,33705139160156;186;
1193,681;37,87999725341797;190,29888916015625;186;
1193,684;37,33293914794922;190,29888916015625;186;
1193,686;37,50176239013672;188,33705139160156;186;
1193,687;37,39588165283203;188,33705139160156;186;
1193,688;37,83940887451172;188,33705139160156;186;
1193,689;37,83529281616211;186,37521362304688;186;
1193,69;37,84941101074219;186,37521362304688;186;
1193,691;38,29058837890625;186,37521362304688;186;
1193,692;38,299407958984375;186,37521362304688;186;
1193,693;38,30234909057617;188,33705139160156;186;
1193,694;38,40529251098633;188,33705139160156;186;
1193,695;38,034706115722656;188,33705139160156;186;
1193,696;38,04352951049805;190,29888916015625;186;
1193,697;38,03764724731445;188,33705139160156;186;
1193,698;38,140586853027344;190,29888916015625;186;
1193,699;38,05234909057617;190,29888916015625;186;
1193,7;38,051761627197266;192,2607421875;186;
1193,701;38,04587936401367;190,29888916015625;186;
1193,702;38,14352798461914;190,29888916015625;186;
1193,703;37,94940948486328;190,29888916015625;186;
1193,705;37,94352722167969;188,33705139160156;186;
1193,706;37,399410247802734;188,33705139160156;186;
1193,707;37,399410247802734;190,29888916015625;186;
1193,708;37,397056579589844;190,29888916015625;186;
1193,71;37,83235168457031;188,33705139160156;186;
1193,711;38,023529052734375;190,29888916015625;186;
1193,712;37,91764831542969;188,33705139160156;186;
1193,713;37,923526763916016;188,33705139160156;186;
1193,714;38,376468658447266;188,33705139160156;186;
1193,715;38,486473083496094;190,29888916015625;186;
1193,716;38,38058853149414;188,33705139160156;186;
1193,717;38,38235092163086;188,33705139160156;186;
1193,718;38,10293960571289;188,33705139160156;186;
1193,719;38,10529327392578;186,37521362304688;186;
1193,721;38,11058807373047;186,37521362304688;186;
1193,722;38,12999725341797;188,33705139160156;186;
1193,723;38,12470245361328;188,33705139160156;186;
1193,724;38,23411560058594;188,33705139160156;186;
1193,725;38,03999710083008;188,33705139160156;186;
1193,726;38,04058837890625;188,33705139160156;186;
1193,727;38,034114837646484;190,29888916015625;186;
1193,728;38,0352897644043;190,29888916015625;186;
1193,729;37,60764694213867;188,33705139160156;186;
1193,73;37,50176239013672;188,33705139160156;186;
1193,731;37,514705657958984;188,33705139160156;186;
1193,732;37,523529052734375;188,33705139160156;186;
1193,733;38,07117462158203;186,37521362304688;186;
1193,734;37,96529006958008;188,33705139160156;186;
1193,735;37,96470642089844;188,33705139160156;186;
1193,736;37,97587966918945;188,33705139160156;186;
1193,737;38,40705871582031;190,29888916015625;186;
1193,738;38,50176239013672;192,2607421875;186;
1193,739;38,395877838134766;190,29888916015625;186;
1193,74;38,38882064819336;190,29888916015625;186;
1193,741;38,12940979003906;190,29888916015625;186;
1193,742;38,11470413208008;190,29888916015625;186;
1193,743;38,11470413208008;188,33705139160156;186;
1193,744;38,128822326660156;188,33705139160156;186;
1193,746;38,22764587402344;188,33705139160156;186;
1193,747;38,22529220581055;188,33705139160156;186;
1193,748;38,03117752075195;188,33705139160156;186;
1193,749;38,03117752075195;190,29888916015625;186;
1193,75;38,0294075012207;190,29888916015625;186;
1193,751;38,13705825805664;190,29888916015625;186;
1193,752;37,4841194152832;188,33705139160156;186;
1193,753;37,48999786376953;190,29888916015625;186;
1193,754;37,482940673828125;188,33705139160156;186;
1193,755;37,5911750793457;186,37521362304688;186;
1193,756;37,92646789550781;184,41336059570312;186;
1193,757;37,9317626953125;184,41336059570312;186;
1193,758;37,87588119506836;184,41336059570312;186;
1193,759;38,034114837646484;186,37521362304688;186;
1193,76;38,369407653808594;186,37521362304688;186;
1193,761;38,36823272705078;188,33705139160156;186;
1193,762;38,371761322021484;188,33705139160156;186;
1193,763;38,21058654785156;190,29888916015625;186;
1193,764;38,104705810546875;190,29888916015625;186;
1193,765;38,10411834716797;188,33705139160156;186;
1193,766;38,10529327392578;190,29888916015625;186;
1193,767;38,12705612182617;190,29888916015625;186;
1193,768;38,11587905883789;190,29888916015625;186;
1193,769;38,119998931884766;190,29888916015625;186;
1193,77;38,121761322021484;188,33705139160156;186;
1193,771;38,03764724731445;190,29888916015625;186;
1193,772;38,14470291137695;190,29888916015625;186;
1193,773;38,038818359375;188,33705139160156;186;
1193,774;38,03352737426758;190,29888916015625;186;
1193,775;37,48588180541992;190,29888916015625;186;
1193,776;37,494117736816406;190,29888916015625;186;
1193,777;37,48823547363281;190,29888916015625;186;
1193,778;37,93000030517578;188,33705139160156;186;
1193,779;37,92646789550781;188,33705139160156;186;
1193,78;37,93293762207031;188,33705139160156;186;
1193,781;37,927059173583984;188,33705139160156;186;
1193,782;38,374114990234375;188,33705139160156;186;
1193,783;38,36823272705078;188,33705139160156;186;
1193,784;38,476470947265625;188,33705139160156;186;
1193,785;38,37058639526367;188,33705139160156;186;
1193,786;38,10529327392578;188,33705139160156;186;
1193,787;38,108821868896484;190,29888916015625;186;
1193,788;38,10353088378906;188,33705139160156;186;
1193,789;38,10411834716797;190,29888916015625;186;
1193,79;38,12234878540039;190,29888916015625;186;
1193,791;38,12294006347656;190,29888916015625;186;
1193,792;38,12352752685547;190,29888916015625;186;
1193,793;38,12352752685547;188,33705139160156;186;
1193,794;38,031761169433594;190,29888916015625;186;
1193,795;38,03823471069336;188,33705139160156;186;
1193,796;38,03058624267578;188,33705139160156;186;
1193,797;37,424705505371094;188,33705139160156;186;
1193,798;37,420589447021484;186,37521362304688;186;
1193,799;37,4223518371582;186,37521362304688;186;
1193,8;37,4217643737793;186,37521362304688;186;
1193,801;37,86176300048828;186,37521362304688;186;
1193,802;37,863529205322266;188,33705139160156;186;
1193,803;37,86235046386719;188,33705139160156;186;
1193,804;37,862937927246094;190,29888916015625;186;
1193,805;38,30529022216797;190,29888916015625;186;
1193,806;38,30529022216797;192,2607421875;186;
1193,807;38,305877685546875;190,29888916015625;186;
1193,809;38,041175842285156;190,29888916015625;186;
1193,81;38,04058837890625;188,33705139160156;186;
1193,812;38,05823516845703;188,33705139160156;186;
1193,813;38,05881881713867;190,29888916015625;186;
1193,816;37,970584869384766;190,29888916015625;186;
1193,817;37,96940994262695;190,29888916015625;186;
1193,818;37,96940994262695;192,2607421875;186;
1193,82;37,4223518371582;190,29888916015625;186;
1193,821;37,42293930053711;188,33705139160156;186;
1193,822;37,42293930053711;186,37521362304688;186;
1193,823;37,369998931884766;186,37521362304688;186;
1193,824;37,80999755859375;186,37521362304688;186;
1193,825;37,86470413208008;188,33705139160156;186;
1193,826;37,862937927246094;188,33705139160156;186;
1193,828;38,304115295410156;190,29888916015625;186;
1193,829;38,305877685546875;190,29888916015625;186;
1193,831;38,041175842285156;190,29888916015625;186;
1193,832;38,04058837890625;190,29888916015625;186;
1193,833;38,04058837890625;188,33705139160156;186;
1193,835;38,05823516845703;188,33705139160156;186;
1193,836;38,05881881713867;188,33705139160156;186;
1193,838;38,05881881713867;186,37521362304688;186;
1193,839;37,96881866455078;188,33705139160156;186;
1193,841;37,96940994262695;188,33705139160156;186;
1193,842;37,971763610839844;192,2607421875;186;
1193,843;37,42293930053711;190,29888916015625;186;
1193,846;37,86411666870117;190,29888916015625;186;
1193,847;37,96881866455078;188,33705139160156;186;
1193,848;37,862937927246094;188,33705139160156;186;
1193,85;38,305877685546875;188,33705139160156;186;
1193,851;38,305877685546875;190,29888916015625;186;
1193,854;38,041175842285156;190,29888916015625;186;
1193,855;38,04176330566406;190,29888916015625;186;
1193,856;38,04058837890625;190,29888916015625;186;
1193,857;38,040000915527344;190,29888916015625;186;
1193,858;38,05823516845703;190,29888916015625;186;
1193,859;38,05881881713867;190,29888916015625;186;
1193,86;38,05881881713867;188,33705139160156;186;
1193,861;37,970584869384766;188,33705139160156;186;
1193,862;37,96940994262695;188,33705139160156;186;
1193,865;37,4223518371582;188,33705139160156;186;
1193,866;37,423526763916016;190,29888916015625;186;
1193,867;37,42293930053711;190,29888916015625;186;
1193,869;37,862937927246094;190,29888916015625;186;
1193,871;37,862937927246094;188,33705139160156;186;
1193,872;37,862937927246094;190,29888916015625;186;
1193,873;38,305877685546875;190,29888916015625;186;
1193,875;38,305877685546875;188,33705139160156;186;
1193,877;38,04058837890625;188,33705139160156;186;
1193,88;38,05823516845703;190,29888916015625;186;
1193,881;38,05881881713867;190,29888916015625;186;
1193,882;38,05881881713867;192,2607421875;186;
1193,884;37,96999740600586;192,2607421875;186;
1193,885;37,96940994262695;192,2607421875;186;
1193,886;37,96940994262695;190,29888916015625;186;
1193,888;37,4223518371582;190,29888916015625;186;
1193,889;37,42293930053711;190,29888916015625;186;
1193,89;37,42293930053711;188,33705139160156;186;
1193,891;37,369998931884766;186,37521362304688;186;
1193,892;37,80999755859375;188,33705139160156;186;
1193,893;37,86411666870117;188,33705139160156;186;
1193,894;37,862937927246094;188,33705139160156;186;
1193,895;38,304115295410156;188,33705139160156;186;
1193,896;38,305877685546875;190,29888916015625;186;
1193,899;38,041175842285156;190,29888916015625;186;
1193,9;38,04058837890625;190,29888916015625;186;
1193,901;38,04058837890625;188,33705139160156;186;
1193,903;38,05823516845703;188,33705139160156;186;
1193,904;38,05881881713867;188,33705139160156;186;
1193,906;38,05881881713867;190,29888916015625;186;
1193,907;37,970584869384766;190,29888916015625;186;
1193,908;37,96940994262695;190,29888916015625;186;
1193,91;37,42293930053711;190,29888916015625;186;
1193,914;37,86470413208008;188,33705139160156;186;
1193,915;37,86587905883789;188,33705139160156;186;
1193,917;37,86411666870117;188,33705139160156;186;
1193,918;38,30470275878906;188,33705139160156;186;
1193,919;38,305877685546875;190,29888916015625;186;
1193,921;38,30470275878906;194,2225799560547;186;
1193,922;38,041175842285156;194,2225799560547;186;
1193,923;38,14646911621094;192,2607421875;186;
1193,924;38,147056579589844;190,29888916015625;186;
1193,925;38,05881881713867;190,29888916015625;186;
1193,926;38,05823516845703;192,2607421875;186;
1193,927;38,057647705078125;190,29888916015625;186;
1193,928;38,05823516845703;190,29888916015625;186;
1193,929;37,96999740600586;190,29888916015625;186;
1193,93;37,882938385009766;190,29888916015625;186;
1193,931;37,882938385009766;188,33705139160156;186;
1193,932;37,985877990722656;188,33705139160156;186;
1193,933;37,33293914794922;188,33705139160156;186;
1193,936;37,438819885253906;188,33705139160156;186;
1193,937;37,77411651611328;188,33705139160156;186;
1193,941;38,21529006958008;188,33705139160156;186;
1193,942;38,21529006958008;190,29888916015625;186;
1193,943;38,21529006958008;188,33705139160156;186;
1193,944;37,95058822631836;190,29888916015625;186;
1193,945;38,05646896362305;190,29888916015625;186;
1193,946;37,95058822631836;190,29888916015625;186;
1193,948;37,96823501586914;190,29888916015625;186;
1193,952;37,87999725341797;190,29888916015625;186;
1193,953;37,985877990722656;190,29888916015625;186;
1193,954;37,87999725341797;188,33705139160156;186;
1193,956;37,33293914794922;188,33705139160156;186;
1193,958;37,438819885253906;188,33705139160156;186;
1193,959;37,77411651611328;190,29888916015625;186;
1193,963;38,21529006958008;190,29888916015625;186;
1193,967;37,95058822631836;190,29888916015625;186;
1193,969;37,95058822631836;188,33705139160156;186;
1193,97;36,72529602050781;188,33705139160156;186;
1193,971;38,02823257446289;188,33705139160156;186;
1193,972;38,025291442871094;190,29888916015625;186;
1193,973;38,04352951049805;190,29888916015625;186;
1193,974;37,95058822631836;190,29888916015625;186;
1193,975;37,95823287963867;190,29888916015625;186;
1193,976;37,964115142822266;192,2607421875;186;
1193,977;37,96705627441406;192,2607421875;186;
1193,978;37,41411590576172;190,29888916015625;186;
1193,979;37,41352844238281;190,29888916015625;186;
1193,98;37,41999816894531;190,29888916015625;186;
1193,981;37,41999816894531;186,37521362304688;186;
1193,982;37,80588150024414;186,37521362304688;186;
1193,983;37,85823440551758;188,33705139160156;186;
1193,984;37,852352142333984;186,37521362304688;186;
1193,985;37,849998474121094;188,33705139160156;186;
1193,986;38,288818359375;190,29888916015625;186;
1193,987;38,28293991088867;190,29888916015625;186;
1193,988;38,2788200378418;190,29888916015625;186;
1193,989;38,28058624267578;190,29888916015625;186;
1193,99;38,01411819458008;190,29888916015625;186;
1193,991;38,014705657958984;188,33705139160156;186;
1193,993;38,031761169433594;188,33705139160156;186;
1193,994;38,11470413208008;188,33705139160156;186;
1193,995;38,11235046386719;188,33705139160156;186;
1193,996;38,106468200683594;188,33705139160156;186;
1193,997;38,0323486328125;188,33705139160156;186;
1193,998;38,04411697387695;190,29888916015625;186;
1193,999;38,03999710083008;190,29888916015625;186;
1194;38,05058670043945;190,29888916015625;186;
1194,001;37,487648010253906;190,29888916015625;186;
1194,002;37,481178283691406;190,29888916015625;186;
1194,003;37,48882293701172;190,29888916015625;186;
1194,004;37,48646926879883;188,33705139160156;186;
1194,005;37,946468353271484;188,33705139160156;186;
1194,006;37,93587875366211;188,33705139160156;186;
1194,007;37,93058776855469;188,33705139160156;186;
1194,008;38,37999725341797;188,33705139160156;186;
1194,009;38,378231048583984;190,29888916015625;186;
1194,01;38,36058807373047;190,29888916015625;186;
1194,011;38,369998931884766;190,29888916015625;186;
1194,012;38,10293960571289;190,29888916015625;186;
1194,013;38,11705780029297;190,29888916015625;186;
1194,014;38,12823486328125;190,29888916015625;186;
1194,015;38,13941192626953;190,29888916015625;186;
1194,016;38,162940979003906;190,29888916015625;186;
1194,017;38,26823425292969;190,29888916015625;186;
1194,018;38,162349700927734;188,33705139160156;186;
1194,019;38,16411590576172;188,33705139160156;186;
1194,02;38,077056884765625;188,33705139160156;186;
1194,021;38,16764450073242;188,33705139160156;186;
1194,022;38,06175994873047;188,33705139160156;186;
1194,023;37,51529312133789;188,33705139160156;186;
1194,024;37,514705657958984;190,29888916015625;186;
1194,025;37,49529266357422;190,29888916015625;186;
1194,026;37,49940872192383;190,29888916015625;186;
1194,027;37,93705749511719;190,29888916015625;186;
1194,028;37,931175231933594;190,29888916015625;186;
1194,029;37,925880432128906;188,33705139160156;186;
1194,03;37,9282341003418;188,33705139160156;186;
1194,031;38,47294235229492;188,33705139160156;186;
1194,032;38,36705780029297;190,29888916015625;186;
1194,033;38,369998931884766;188,33705139160156;186;
1194,034;38,369407653808594;188,33705139160156;186;
1194,035;38,21235275268555;188,33705139160156;186;
1194,036;38,10647201538086;188,33705139160156;186;
1194,037;38,102352142333984;188,33705139160156;186;
1194,038;38,104705810546875;188,33705139160156;186;
1194,039;38,121177673339844;190,29888916015625;186;
1194,04;38,12470245361328;190,29888916015625;186;
1194,041;38,119998931884766;190,29888916015625;186;
1194,042;38,03117752075195;190,29888916015625;186;
1194,043;38,0352897644043;192,2607421875;186;
1194,044;38,0323486328125;192,2607421875;186;
1194,045;38,034706115722656;190,29888916015625;186;
1194,046;37,48882293701172;190,29888916015625;186;
1194,047;37,48470687866211;188,33705139160156;186;
1194,048;37,487648010253906;186,37521362304688;186;
1194,049;37,433528900146484;186,37521362304688;186;
1194,05;37,92764663696289;188,33705139160156;186;
1194,051;37,92646789550781;188,33705139160156;186;
1194,052;37,9288215637207;188,33705139160156;186;
1194,053;37,927059173583984;190,29888916015625;186;
1194,054;38,37058639526367;190,29888916015625;186;
1194,055;38,36823272705078;190,29888916015625;186;
1194,056;38,474117279052734;190,29888916015625;186;
1194,057;38,10353088378906;190,29888916015625;186;
1194,058;38,10940933227539;190,29888916015625;186;
1194,059;38,10411834716797;188,33705139160156;186;
1194,06;38,10647201538086;186,37521362304688;186;
1194,061;38,12294006347656;186,37521362304688;186;
1194,062;38,12823486328125;188,33705139160156;186;
1194,063;38,119998931884766;188,33705139160156;186;
1194,064;38,121177673339844;186,37521362304688;186;
1194,065;38,034114837646484;188,33705139160156;186;
1194,066;38,034114837646484;190,29888916015625;186;
1194,067;38,034706115722656;190,29888916015625;186;
1194,068;38,034114837646484;190,29888916015625;186;
1194,069;37,48823547363281;190,29888916015625;186;
1194,07;37,48588180541992;190,29888916015625;186;
1194,071;37,48588180541992;188,33705139160156;186;
1194,072;38,055294036865234;188,33705139160156;186;
1194,073;37,9317626953125;188,33705139160156;186;
1194,074;37,931175231933594;188,33705139160156;186;
1194,075;37,92940902709961;188,33705139160156;186;
1194,076;38,37294006347656;186,37521362304688;186;
1194,077;38,47588348388672;188,33705139160156;186;
1194,078;38,369998931884766;190,29888916015625;186;
1194,079;38,36647033691406;190,29888916015625;186;
1194,08;38,092350006103516;192,2607421875;186;
1194,081;38,04058837890625;190,29888916015625;186;
1194,082;38,03823471069336;190,29888916015625;186;
1194,083;38,040000915527344;190,29888916015625;186;
1194,084;38,05705642700195;188,33705139160156;186;
1194,085;38,05705642700195;190,29888916015625;186;
1194,086;38,05705642700195;188,33705139160156;186;
1194,088;37,96823501586914;188,33705139160156;186;
1194,089;37,96881866455078;188,33705139160156;186;
1194,09;37,970584869384766;188,33705139160156;186;
1194,091;37,424705505371094;190,29888916015625;186;
1194,092;37,42293930053711;190,29888916015625;186;
1194,095;37,86411666870117;188,33705139160156;186;
1194,096;37,86411666870117;190,29888916015625;186;
1194,097;37,86411666870117;188,33705139160156;186;
1194,099;38,30529022216797;188,33705139160156;186;
1194,1;38,30470275878906;188,33705139160156;186;
1194,103;38,040000915527344;188,33705139160156;186;
1194,104;38,04058837890625;190,29888916015625;186;
1194,105;38,03940963745117;190,29888916015625;186;
1194,106;38,04058837890625;190,29888916015625;186;
1194,107;38,057647705078125;190,29888916015625;186;
1194,11;37,96940994262695;190,29888916015625;186;
1194,111;37,971763610839844;190,29888916015625;186;
1194,112;37,971763610839844;188,33705139160156;186;
1194,114;37,424705505371094;188,33705139160156;186;
1194,115;37,42293930053711;188,33705139160156;186;
1194,118;37,86411666870117;188,33705139160156;186;
1194,119;37,86411666870117;190,29888916015625;186;
1194,12;37,86470413208008;188,33705139160156;186;
1194,121;37,86470413208008;190,29888916015625;186;
1194,122;38,30529022216797;190,29888916015625;186;
1194,123;38,30470275878906;190,29888916015625;186;
1194,124;38,410587310791016;190,29888916015625;186;
1194,125;38,040000915527344;188,33705139160156;186;
1194,126;38,04058837890625;188,33705139160156;186;
1194,128;38,04058837890625;186,37521362304688;186;
1194,129;38,05823516845703;186,37521362304688;186;
1194,13;38,057647705078125;188,33705139160156;186;
1194,132;38,057647705078125;190,29888916015625;186;
1194,133;37,96940994262695;190,29888916015625;186;
1194,134;37,971763610839844;192,2607421875;186;
1194,135;37,971763610839844;190,29888916015625;186;
1194,137;37,4223518371582;190,29888916015625;186;
1194,139;37,42293930053711;188,33705139160156;186;
1194,14;37,86411666870117;188,33705139160156;186;
1194,144;38,30529022216797;190,29888916015625;186;
1194,145;38,30470275878906;190,29888916015625;186;
1194,146;38,410587310791016;190,29888916015625;186;
1194,147;38,30470275878906;190,29888916015625;186;
1194,148;38,040000915527344;190,29888916015625;186;
1194,149;38,04058837890625;190,29888916015625;186;
1194,15;38,04058837890625;188,33705139160156;186;
1194,152;38,05823516845703;188,33705139160156;186;
1194,153;38,057647705078125;188,33705139160156;186;
1194,156;37,96940994262695;190,29888916015625;186;
1194,157;37,971763610839844;190,29888916015625;186;
1194,159;37,424705505371094;190,29888916015625;186;
1194,16;37,42293930053711;190,29888916015625;186;
1194,163;37,86411666870117;188,33705139160156;186;
1194,164;37,86411666870117;190,29888916015625;186;
1194,165;37,86411666870117;188,33705139160156;186;
1194,167;38,30529022216797;188,33705139160156;186;
1194,168;38,30470275878906;190,29888916015625;186;
1194,171;38,040000915527344;190,29888916015625;186;
1194,172;38,04058837890625;190,29888916015625;186;
1194,174;38,05823516845703;192,2607421875;186;
1194,175;38,057647705078125;192,2607421875;186;
1194,176;38,05823516845703;190,29888916015625;186;
1194,177;38,057647705078125;188,33705139160156;186;
1194,178;37,96940994262695;188,33705139160156;186;
1194,179;37,971763610839844;188,33705139160156;186;
1194,182;37,424705505371094;188,33705139160156;186;
1194,183;37,42293930053711;188,33705139160156;186;
1194,186;37,86411666870117;188,33705139160156;186;
1194,187;37,86411666870117;190,29888916015625;186;
1194,188;37,86411666870117;188,33705139160156;186;
1194,189;38,30529022216797;190,29888916015625;186;
1194,19;38,30470275878906;190,29888916015625;186;
1194,193;38,040000915527344;188,33705139160156;186;
1194,194;38,04058837890625;188,33705139160156;186;
1194,197;38,05823516845703;190,29888916015625;186;
1194,198;38,057647705078125;190,29888916015625;186;
1194,199;38,05999755859375;190,29888916015625;186;
1194,2;38,05705642700195;190,29888916015625;186;
1194,201;37,96940994262695;190,29888916015625;186;
1194,202;37,96999740600586;192,2607421875;186;
1194,203;37,96940994262695;190,29888916015625;186;
1194,204;37,42293930053711;192,2607421875;186;
1194,205;37,42293930053711;190,29888916015625;186;
1194,206;37,4217643737793;188,33705139160156;186;
1194,207;37,4223518371582;188,33705139160156;186;
1194,208;37,86411666870117;188,33705139160156;186;
1194,21;37,86235046386719;188,33705139160156;186;
1194,211;37,86411666870117;188,33705139160156;186;
1194,212;38,30234909057617;190,29888916015625;186;
1194,213;38,30234909057617;192,2607421875;186;
1194,214;38,218231201171875;190,29888916015625;186;
1194,215;38,32117462158203;190,29888916015625;186;
1194,216;38,05646896362305;190,29888916015625;186;
1194,217;37,95058822631836;190,29888916015625;186;
1194,218;37,95294189453125;188,33705139160156;186;
1194,219;37,95058822631836;188,33705139160156;186;
1194,22;37,96823501586914;188,33705139160156;186;
1194,223;37,87999725341797;190,29888916015625;186;
1194,227;37,33293914794922;192,2607421875;186;
1194,229;37,33293914794922;190,29888916015625;186;
1194,231;37,77411651611328;190,29888916015625;186;
1194,232;37,77411651611328;188,33705139160156;186;
1194,233;37,77647018432617;186,37521362304688;186;
1194,234;37,77411651611328;188,33705139160156;186;
1194,235;38,21529006958008;188,33705139160156;186;
1194,236;38,21529006958008;190,29888916015625;186;
1194,238;38,05646896362305;190,29888916015625;186;
1194,239;37,95058822631836;190,29888916015625;186;
1194,241;37,95058822631836;188,33705139160156;186;
1194,242;37,96823501586914;188,33705139160156;186;
1194,243;37,96823501586914;190,29888916015625;186;
1194,244;37,96823501586914;188,33705139160156;186;
1194,246;37,87999725341797;188,33705139160156;186;
1194,247;37,87999725341797;190,29888916015625;186;
1194,25;37,33293914794922;190,29888916015625;186;
1194,251;37,33293914794922;192,2607421875;186;
1194,253;36,56941223144531;192,2607421875;186;
1194,254;37,833526611328125;192,2607421875;186;
1194,255;37,833526611328125;190,29888916015625;186;
1194,256;37,8441162109375;190,29888916015625;186;
1194,257;38,28588104248047;190,29888916015625;186;
1194,258;38,29352951049805;190,29888916015625;186;
1194,259;38,299407958984375;188,33705139160156;186;
1194,261;38,031761169433594;188,33705139160156;186;
1194,262;38,033531188964844;188,33705139160156;186;
1194,263;38,04058837890625;188,33705139160156;186;
1194,264;38,034706115722656;190,29888916015625;186;
1194,265;38,05529022216797;190,29888916015625;186;
1194,266;38,05470275878906;190,29888916015625;186;
1194,267;38,04882049560547;188,33705139160156;186;
1194,268;37,959407806396484;190,29888916015625;186;
1194,269;37,95587921142578;190,29888916015625;186;
1194,27;37,94764709472656;188,33705139160156;186;
1194,271;37,946468353271484;188,33705139160156;186;
1194,272;37,39823532104492;188,33705139160156;186;
1194,273;37,39352798461914;190,29888916015625;186;
1194,274;37,39646911621094;188,33705139160156;186;
1194,275;37,397056579589844;188,33705139160156;186;
1194,276;37,838233947753906;190,29888916015625;186;
1194,277;37,92176055908203;190,29888916015625;186;
1194,278;37,91764831542969;190,29888916015625;186;
1194,279;37,91529083251953;190,29888916015625;186;
1194,28;38,369407653808594;190,29888916015625;186;
1194,281;38,378231048583984;194,2225799560547;186;
1194,282;38,37588119506836;192,2607421875;186;
1194,283;38,38175964355469;192,2607421875;186;
1194,284;38,117645263671875;190,29888916015625;186;
1194,285;38,10353088378906;190,29888916015625;186;
1194,286;38,10176467895508;188,33705139160156;186;
1194,287;38,12470245361328;186,37521362304688;186;
1194,288;38,12528991699219;188,33705139160156;186;
1194,289;38,13235092163086;188,33705139160156;186;
1194,29;38,12528991699219;188,33705139160156;186;
1194,291;38,04176330566406;190,29888916015625;186;
1194,292;38,041175842285156;190,29888916015625;186;
1194,293;38,03764724731445;188,33705139160156;186;
1194,294;38,02823257446289;190,29888916015625;186;
1194,295;37,48588180541992;188,33705139160156;186;
1194,296;37,49470520019531;190,29888916015625;186;
1194,297;37,5;188,33705139160156;186;
1194,298;37,512939453125;188,33705139160156;186;
1194,299;37,97058868408203;188,33705139160156;186;
1194,3;37,96470642089844;188,33705139160156;186;
1194,301;37,97058868408203;188,33705139160156;186;
1194,302;38,41176223754883;188,33705139160156;186;
1194,303;38,41352844238281;190,29888916015625;186;
1194,304;38,404701232910156;190,29888916015625;186;
1194,305;38,500587463378906;190,29888916015625;186;
1194,306;38,130001068115234;190,29888916015625;186;
1194,307;38,126468658447266;190,29888916015625;186;
1194,308;38,12529373168945;188,33705139160156;186;
1194,31;38,13352966308594;188,33705139160156;186;
1194,311;38,12411880493164;188,33705139160156;186;
1194,312;38,12058639526367;188,33705139160156;186;
1194,313;38,119998931884766;188,33705139160156;186;
1194,314;38,034114837646484;190,29888916015625;186;
1194,316;38,03293991088867;190,29888916015625;186;
1194,317;37,481178283691406;190,29888916015625;186;
1194,318;37,4841194152832;190,29888916015625;186;
1194,319;37,485294342041016;190,29888916015625;186;
1194,32;37,48823547363281;190,29888916015625;186;
1194,321;38,034706115722656;188,33705139160156;186;
1194,322;37,9288215637207;188,33705139160156;186;
1194,324;37,92764663696289;188,33705139160156;186;
1194,325;38,37058639526367;188,33705139160156;186;
1194,326;38,36705780029297;190,29888916015625;186;
1194,327;38,367645263671875;190,29888916015625;186;
1194,328;38,37117385864258;190,29888916015625;186;
1194,329;38,10176467895508;190,29888916015625;186;
1194,33;38,10823440551758;190,29888916015625;186;
1194,331;38,10647201538086;188,33705139160156;186;
1194,332;38,10823440551758;190,29888916015625;186;
1194,333;38,11647033691406;190,29888916015625;186;
1194,334;38,12294006347656;190,29888916015625;186;
1194,335;38,119998931884766;188,33705139160156;186;
1194,336;38,03352737426758;188,33705139160156;186;
1194,337;38,0323486328125;188,33705139160156;186;
1194,338;38,03588104248047;188,33705139160156;186;
1194,34;37,487648010253906;188,33705139160156;186;
1194,341;37,4905891418457;190,29888916015625;186;
1194,342;37,487056732177734;190,29888916015625;186;
1194,343;37,48588180541992;190,29888916015625;186;
1194,344;37,927059173583984;190,29888916015625;186;
1194,345;37,9288215637207;190,29888916015625;186;
1194,346;37,9288215637207;188,33705139160156;186;
1194,347;37,9288215637207;190,29888916015625;186;
1194,348;38,37352752685547;190,29888916015625;186;
1194,349;38,369407653808594;190,29888916015625;186;
1194,35;38,369407653808594;188,33705139160156;186;
1194,351;38,104705810546875;188,33705139160156;186;
1194,352;38,10411834716797;188,33705139160156;186;
1194,353;38,10647201538086;188,33705139160156;186;
1194,354;38,10529327392578;188,33705139160156;186;
1194,355;38,12588119506836;188,33705139160156;186;
1194,356;38,119998931884766;190,29888916015625;186;
1194,357;38,12058639526367;190,29888916015625;186;
1194,358;38,121177673339844;190,29888916015625;186;
1194,359;38,034114837646484;190,29888916015625;186;
1194,36;38,034706115722656;190,29888916015625;186;
1194,361;38,03705596923828;188,33705139160156;186;
1194,362;38,0352897644043;190,29888916015625;186;
1194,363;37,51176452636719;188,33705139160156;186;
1194,364;37,4411735534668;190,29888916015625;186;
1194,365;37,4217643737793;188,33705139160156;186;
1194,366;37,423526763916016;188,33705139160156;186;
1194,367;37,86470413208008;188,33705139160156;186;
1194,368;37,86176300048828;188,33705139160156;186;
1194,369;37,86176300048828;190,29888916015625;186;
1194,37;38,30352783203125;190,29888916015625;186;
1194,371;38,392940521240234;190,29888916015625;186;
1194,372;38,30470275878906;190,29888916015625;186;
1194,373;38,30705642700195;190,29888916015625;186;
1194,374;38,041175842285156;190,29888916015625;186;
1194,375;38,04058837890625;190,29888916015625;186;
1194,376;38,04058837890625;188,33705139160156;186;
1194,378;38,05823516845703;188,33705139160156;186;
1194,379;38,05881881713867;188,33705139160156;186;
1194,382;37,970584869384766;190,29888916015625;186;
1194,383;37,96940994262695;190,29888916015625;186;
1194,385;37,4223518371582;190,29888916015625;186;
1194,386;37,42293930053711;190,29888916015625;186;
1194,387;37,42293930053711;188,33705139160156;186;
1194,389;37,86411666870117;188,33705139160156;186;
1194,39;37,862937927246094;188,33705139160156;186;
1194,391;37,862937927246094;186,37521362304688;186;
1194,393;38,304115295410156;186,37521362304688;186;
1194,394;38,305877685546875;188,33705139160156;186;
1194,397;38,041175842285156;192,2607421875;186;
1194,398;38,041175842285156;190,29888916015625;186;
1194,399;38,04058837890625;190,29888916015625;186;
1194,401;38,05881881713867;190,29888916015625;186;
1194,403;38,05881881713867;188,33705139160156;186;
1194,404;37,970584869384766;188,33705139160156;186;
1194,405;37,96940994262695;190,29888916015625;186;
1194,406;37,96940994262695;188,33705139160156;186;
1194,407;37,96940994262695;190,29888916015625;186;
1194,408;37,4223518371582;190,29888916015625;186;
1194,409;37,42293930053711;190,29888916015625;186;
1194,411;37,42293930053711;188,33705139160156;186;
1194,412;37,86411666870117;190,29888916015625;186;
1194,413;37,862937927246094;190,29888916015625;186;
1194,414;37,862937927246094;188,33705139160156;186;
1194,416;38,304115295410156;188,33705139160156;186;
1194,417;38,305877685546875;190,29888916015625;186;
1194,418;38,305877685546875;188,33705139160156;186;
1194,419;38,041175842285156;188,33705139160156;186;
1194,42;38,04058837890625;190,29888916015625;186;
1194,421;38,04058837890625;188,33705139160156;186;
1194,423;38,05881881713867;190,29888916015625;186;
1194,427;37,970584869384766;190,29888916015625;186;
1194,428;37,96940994262695;190,29888916015625;186;
1194,429;37,96940994262695;188,33705139160156;186;
1194,431;37,4223518371582;188,33705139160156;186;
1194,432;37,42293930053711;188,33705139160156;186;
1194,434;37,42293930053711;186,37521362304688;186;
1194,435;37,862937927246094;188,33705139160156;186;
1194,436;37,862937927246094;190,29888916015625;186;
1194,438;38,304115295410156;190,29888916015625;186;
1194,439;38,305877685546875;190,29888916015625;186;
1194,442;38,041175842285156;188,33705139160156;186;
1194,444;38,04058837890625;188,33705139160156;186;
1194,446;38,05823516845703;186,37521362304688;186;
1194,447;38,05881881713867;188,33705139160156;186;
1194,449;38,05881881713867;190,29888916015625;186;
1194,45;37,96999740600586;190,29888916015625;186;
1194,451;37,96940994262695;190,29888916015625;186;
1194,453;37,4223518371582;190,29888916015625;186;
1194,454;37,42293930053711;190,29888916015625;186;
1194,455;37,42293930053711;188,33705139160156;186;
1194,457;37,86411666870117;188,33705139160156;186;
1194,458;37,862937927246094;188,33705139160156;186;
1194,459;37,862937927246094;186,37521362304688;186;
1194,461;38,304115295410156;188,33705139160156;186;
1194,462;38,305877685546875;190,29888916015625;186;
1194,464;38,305877685546875;192,2607421875;186;
1194,465;38,041175842285156;190,29888916015625;186;
1194,466;38,04058837890625;190,29888916015625;186;
1194,467;38,04058837890625;188,33705139160156;186;
1194,468;38,05823516845703;188,33705139160156;186;
1194,469;38,05881881713867;188,33705139160156;186;
1194,472;37,970584869384766;190,29888916015625;186;
1194,473;37,96940994262695;190,29888916015625;186;
1194,476;37,4223518371582;190,29888916015625;186;
1194,477;37,42293930053711;190,29888916015625;186;
1194,478;37,5288200378418;190,29888916015625;186;
1194,479;37,42293930053711;188,33705139160156;186;
1194,48;37,862937927246094;188,33705139160156;186;
1194,481;37,863529205322266;188,33705139160156;186;
1194,482;37,86411666870117;188,33705139160156;186;
1194,483;37,862937927246094;188,33705139160156;186;
1194,484;38,30529022216797;188,33705139160156;186;
1194,485;38,30529022216797;190,29888916015625;186;
1194,487;38,03940963745117;190,29888916015625;186;
1194,488;38,04058837890625;190,29888916015625;186;
1194,489;38,041175842285156;192,2607421875;186;
1194,49;38,03940963745117;192,2607421875;186;
1194,491;38,057647705078125;192,2607421875;186;
1194,492;38,05823516845703;192,2607421875;186;
1194,493;38,05881881713867;190,29888916015625;186;
1194,494;38,05999755859375;188,33705139160156;186;
1194,495;37,96705627441406;188,33705139160156;186;
1194,496;37,96529006958008;188,33705139160156;186;
1194,497;37,882938385009766;186,37521362304688;186;
1194,498;37,882938385009766;188,33705139160156;186;
1194,499;37,33293914794922;188,33705139160156;186;
1194,502;37,77411651611328;188,33705139160156;186;
1194,503;37,77411651611328;190,29888916015625;186;
1194,504;37,77411651611328;188,33705139160156;186;
1194,506;38,21529006958008;188,33705139160156;186;
1194,507;38,21529006958008;190,29888916015625;186;
1194,51;37,95058822631836;190,29888916015625;186;
1194,512;37,95058822631836;188,33705139160156;186;
1194,514;37,96823501586914;190,29888916015625;186;
1194,515;37,97058868408203;190,29888916015625;186;
1194,516;37,96823501586914;190,29888916015625;186;
1194,517;37,87999725341797;190,29888916015625;186;
1194,52;37,87999725341797;188,33705139160156;186;
1194,521;37,33293914794922;188,33705139160156;186;
1194,522;37,33293914794922;190,29888916015625;186;
1194,523;37,33293914794922;188,33705139160156;186;
1194,525;37,77411651611328;188,33705139160156;186;
1194,526;37,77411651611328;190,29888916015625;186;
1194,527;37,77411651611328;188,33705139160156;186;
1194,528;37,77411651611328;190,29888916015625;186;
1194,529;38,21529006958008;190,29888916015625;186;
1194,53;38,21529006958008;194,2225799560547;186;
1194,531;38,21529006958008;192,2607421875;186;
1194,532;37,95058822631836;192,2607421875;186;
1194,534;37,95058822631836;190,29888916015625;186;
1194,535;37,95058822631836;188,33705139160156;186;
1194,536;37,96823501586914;186,37521362304688;186;
1194,537;38,03117752075195;188,33705139160156;186;
1194,538;38,03352737426758;188,33705139160156;186;
1194,539;38,03764724731445;188,33705139160156;186;
1194,54;37,951175689697266;188,33705139160156;186;
1194,541;37,955291748046875;190,29888916015625;186;
1194,542;37,964115142822266;190,29888916015625;186;
1194,543;37,96705627441406;190,29888916015625;186;
1194,544;37,417057037353516;190,29888916015625;186;
1194,546;37,425880432128906;188,33705139160156;186;
1194,547;37,41999816894531;188,33705139160156;186;
1194,548;37,85588073730469;188,33705139160156;186;
1194,549;37,861175537109375;188,33705139160156;186;
1194,55;37,85764694213867;186,37521362304688;186;
1194,551;38,292938232421875;186,37521362304688;186;
1194,552;38,288230895996094;188,33705139160156;186;
1194,553;38,28470230102539;188,33705139160156;186;
1194,554;38,281761169433594;190,29888916015625;186;
1194,555;38,01411819458008;192,2607421875;186;
1194,557;38,017059326171875;190,29888916015625;186;
1194,558;38,014705657958984;190,29888916015625;186;
1194,559;38,0323486328125;190,29888916015625;186;
1194,56;38,02647018432617;190,29888916015625;186;
1194,561;38,11235046386719;188,33705139160156;186;
1194,562;38,11587905883789;188,33705139160156;186;
1194,563;38,034114837646484;190,29888916015625;186;
1194,564;38,038818359375;190,29888916015625;186;
1194,565;38,038818359375;188,33705139160156;186;
1194,566;37,495880126953125;190,29888916015625;186;
1194,567;37,5158805847168;190,29888916015625;186;
1194,568;37,48234939575195;192,2607421875;186;
1194,569;37,487648010253906;192,2607421875;186;
1194,57;37,92646789550781;192,2607421875;186;
1194,571;37,92764663696289;190,29888916015625;186;
1194,572;37,932350158691406;190,29888916015625;186;
1194,573;37,93293762207031;188,33705139160156;186;
1194,574;38,377647399902344;188,33705139160156;186;
1194,575;38,374114990234375;188,33705139160156;186;
1194,576;38,36647033691406;188,33705139160156;186;
1194,577;38,37528991699219;188,33705139160156;186;
1194,578;38,10588073730469;188,33705139160156;186;
1194,579;38,108821868896484;188,33705139160156;186;
1194,58;38,11941146850586;188,33705139160156;186;
1194,581;38,13705825805664;190,29888916015625;186;
1194,582;38,15764617919922;190,29888916015625;186;
1194,583;38,160587310791016;190,29888916015625;186;
1194,584;38,162940979003906;190,29888916015625;186;
1194,585;38,07352828979492;190,29888916015625;186;
1194,586;38,08058547973633;190,29888916015625;186;
1194,587;38,07352828979492;188,33705139160156;186;
1194,588;38,06882095336914;188,33705139160156;186;
1194,589;37,5158805847168;188,33705139160156;186;
1194,59;37,51117706298828;188,33705139160156;186;
1194,591;37,508819580078125;188,33705139160156;186;
1194,592;37,49940872192383;188,33705139160156;186;
1194,593;37,937644958496094;188,33705139160156;186;
1194,594;37,93705749511719;190,29888916015625;186;
1194,595;37,9352912902832;190,29888916015625;186;
1194,596;37,92940902709961;190,29888916015625;186;
1194,597;38,36705780029297;190,29888916015625;186;
1194,598;38,36470413208008;190,29888916015625;186;
1194,599;38,36647033691406;190,29888916015625;186;
1194,6;38,10353088378906;190,29888916015625;186;
1194,601;38,108821868896484;188,33705139160156;186;
1194,602;38,09882354736328;188,33705139160156;186;
1194,603;38,10764694213867;188,33705139160156;186;
1194,604;38,121761322021484;188,33705139160156;186;
1194,605;38,12411880493164;190,29888916015625;186;
1194,606;38,121761322021484;190,29888916015625;186;
1194,607;38,11941146850586;190,29888916015625;186;
1194,608;38,031761169433594;190,29888916015625;186;
1194,609;38,03117752075195;190,29888916015625;186;
1194,61;38,03588104248047;188,33705139160156;186;
1194,611;38,034706115722656;190,29888916015625;186;
1194,612;37,48352813720703;188,33705139160156;186;
1194,613;37,48823547363281;188,33705139160156;186;
1194,614;37,487056732177734;186,37521362304688;186;
1194,615;37,489410400390625;186,37521362304688;186;
1194,616;37,92940902709961;188,33705139160156;186;
1194,617;38,034114837646484;186,37521362304688;186;
1194,618;37,9282341003418;186,37521362304688;186;
1194,619;38,367645263671875;186,37521362304688;186;
1194,62;38,36882019042969;188,33705139160156;186;
1194,621;38,37294006347656;188,33705139160156;186;
1194,622;38,37058639526367;192,2607421875;186;
1194,623;38,10588073730469;192,2607421875;186;
1194,624;38,10353088378906;190,29888916015625;186;
1194,625;38,10293960571289;188,33705139160156;186;
1194,626;38,10529327392578;188,33705139160156;186;
1194,627;38,12294006347656;188,33705139160156;186;
1194,628;38,121177673339844;188,33705139160156;186;
1194,629;38,12352752685547;188,33705139160156;186;
1194,63;38,12588119506836;188,33705139160156;186;
1194,631;38,031761169433594;190,29888916015625;186;
1194,632;38,0323486328125;190,29888916015625;186;
1194,633;38,03352737426758;190,29888916015625;186;
1194,634;37,48882293701172;190,29888916015625;186;
1194,635;37,48823547363281;190,29888916015625;186;
1194,636;37,487056732177734;190,29888916015625;186;
1194,637;37,48823547363281;188,33705139160156;186;
1194,638;37,925880432128906;188,33705139160156;186;
1194,639;37,92646789550781;188,33705139160156;186;
1194,64;37,927059173583984;188,33705139160156;186;
1194,641;37,92764663696289;188,33705139160156;186;
1194,642;38,369998931884766;188,33705139160156;186;
1194,644;38,37058639526367;188,33705139160156;186;
1194,645;38,369407653808594;190,29888916015625;186;
1194,646;38,10117721557617;190,29888916015625;186;
1194,647;38,04176330566406;190,29888916015625;186;
1194,648;38,03940963745117;188,33705139160156;186;
1194,649;38,05646896362305;190,29888916015625;186;
1194,65;38,05705642700195;190,29888916015625;186;
1194,651;38,05705642700195;188,33705139160156;186;
1194,653;37,96881866455078;188,33705139160156;186;
1194,654;37,96940994262695;186,37521362304688;186;
1194,655;37,970584869384766;186,37521362304688;186;
1194,656;37,96999740600586;186,37521362304688;186;
1194,657;37,424705505371094;186,37521362304688;186;
1194,658;37,42293930053711;188,33705139160156;186;
1194,659;37,42293930053711;186,37521362304688;186;
1194,66;37,42293930053711;188,33705139160156;186;
1194,661;37,86411666870117;188,33705139160156;186;
1194,665;38,30529022216797;190,29888916015625;186;
1194,666;38,30470275878906;190,29888916015625;186;
1194,668;38,040000915527344;190,29888916015625;186;
1194,669;38,04058837890625;188,33705139160156;186;
1194,672;38,05823516845703;188,33705139160156;186;
1194,673;38,057647705078125;190,29888916015625;186;
1194,676;37,96940994262695;190,29888916015625;186;
1194,677;37,971763610839844;190,29888916015625;186;
1194,678;37,971763610839844;188,33705139160156;186;
1194,68;37,424705505371094;186,37521362304688;186;
1194,681;37,42293930053711;186,37521362304688;186;
1194,682;37,369998931884766;184,41336059570312;186;
1194,684;37,81117630004883;186,37521362304688;186;
1194,685;37,863529205322266;186,37521362304688;186;
1194,686;37,86411666870117;184,41336059570312;186;
1194,687;38,30529022216797;188,33705139160156;186;
1194,688;38,30470275878906;188,33705139160156;186;
1194,691;38,040000915527344;188,33705139160156;186;
1194,692;38,04058837890625;188,33705139160156;186;
1194,694;38,04058837890625;186,37521362304688;186;
1194,695;38,05823516845703;188,33705139160156;186;
1194,696;38,057647705078125;188,33705139160156;186;
1194,698;38,057647705078125;190,29888916015625;186;
1194,699;37,96940994262695;192,2607421875;186;
1194,7;37,971763610839844;192,2607421875;186;
1194,701;37,971763610839844;190,29888916015625;186;
1194,702;37,971763610839844;192,2607421875;186;
1194,703;37,42293930053711;190,29888916015625;186;
1194,704;37,42293930053711;192,2607421875;186;
1194,705;37,42293930053711;190,29888916015625;186;
1194,706;37,86411666870117;188,33705139160156;186;
1194,708;37,86411666870117;186,37521362304688;186;
1194,709;37,81117630004883;186,37521362304688;186;
1194,71;38,30470275878906;186,37521362304688;186;
1194,711;38,30470275878906;190,29888916015625;186;
1194,712;38,30470275878906;188,33705139160156;186;
1194,713;38,30470275878906;190,29888916015625;186;
1194,714;38,040000915527344;190,29888916015625;186;
1194,715;38,04058837890625;190,29888916015625;186;
1194,716;38,04058837890625;188,33705139160156;186;
1194,718;38,05823516845703;188,33705139160156;186;
1194,719;38,057647705078125;186,37521362304688;186;
1194,72;38,05999755859375;186,37521362304688;186;
1194,721;38,057647705078125;186,37521362304688;186;
1194,722;37,971763610839844;186,37521362304688;186;
1194,725;37,424705505371094;188,33705139160156;186;
1194,726;37,42293930053711;188,33705139160156;186;
1194,729;37,86411666870117;188,33705139160156;186;
1194,731;37,86411666870117;190,29888916015625;186;
1194,733;38,30529022216797;190,29888916015625;186;
1194,734;38,30470275878906;190,29888916015625;186;
1194,737;38,040000915527344;190,29888916015625;186;
1194,738;38,04058837890625;190,29888916015625;186;
1194,74;38,05823516845703;190,29888916015625;186;
1194,741;38,07529067993164;190,29888916015625;186;
1194,742;38,057647705078125;192,2607421875;186;
1194,744;37,96940994262695;192,2607421875;186;
1194,745;37,971763610839844;190,29888916015625;186;
1194,746;37,971763610839844;188,33705139160156;186;
1194,748;37,36882019042969;186,37521362304688;186;
1194,749;37,42293930053711;188,33705139160156;186;
1194,75;37,369998931884766;188,33705139160156;186;
1194,751;37,42293930053711;188,33705139160156;186;
1194,752;37,86411666870117;188,33705139160156;186;
1194,754;37,86411666870117;186,37521362304688;186;
1194,755;37,86411666870117;188,33705139160156;186;
1194,756;38,30470275878906;188,33705139160156;186;
1194,757;38,30470275878906;190,29888916015625;186;
1194,759;38,040000915527344;190,29888916015625;186;
1194,76;38,04058837890625;190,29888916015625;186;
1194,761;38,04058837890625;188,33705139160156;186;
1194,762;38,04058837890625;186,37521362304688;186;
1194,763;38,05823516845703;186,37521362304688;186;
1194,764;38,057647705078125;188,33705139160156;186;
1194,765;38,05823516845703;188,33705139160156;186;
1194,766;38,05881881713867;190,29888916015625;186;
1194,767;37,96999740600586;192,2607421875;186;
1194,769;37,96999740600586;190,29888916015625;186;
1194,77;37,970584869384766;190,29888916015625;186;
1194,771;37,42293930053711;190,29888916015625;186;
1194,773;37,42293930053711;188,33705139160156;186;
1194,774;37,862937927246094;188,33705139160156;186;
1194,775;37,863529205322266;188,33705139160156;186;
1194,776;37,86411666870117;188,33705139160156;186;
1194,777;37,86823272705078;188,33705139160156;186;
1194,778;38,30705642700195;188,33705139160156;186;
1194,779;38,308231353759766;190,29888916015625;186;
1194,78;38,218231201171875;190,29888916015625;186;
1194,782;37,95058822631836;190,29888916015625;186;
1194,784;37,95058822631836;188,33705139160156;186;
1194,786;37,96823501586914;188,33705139160156;186;
1194,789;37,87999725341797;188,33705139160156;186;
1194,791;37,87999725341797;190,29888916015625;186;
1194,793;37,33293914794922;190,29888916015625;186;
1194,795;37,33293914794922;188,33705139160156;186;
1194,797;37,77411651611328;188,33705139160156;186;
1194,801;38,21529006958008;186,37521362304688;186;
1194,802;38,21529006958008;188,33705139160156;186;
1194,804;38,21529006958008;190,29888916015625;186;
1194,805;37,95058822631836;190,29888916015625;186;
1194,808;37,96823501586914;190,29888916015625;186;
1194,812;37,87999725341797;190,29888916015625;186;
1194,814;37,897647857666016;188,33705139160156;186;
1194,815;37,87999725341797;188,33705139160156;186;
1194,816;37,33293914794922;188,33705139160156;186;
1194,817;37,33293914794922;190,29888916015625;186;
1194,818;37,33293914794922;188,33705139160156;186;
1194,819;37,33293914794922;190,29888916015625;186;
1194,82;37,837059020996094;190,29888916015625;186;
1194,821;37,83940887451172;190,29888916015625;186;
1194,822;37,83529281616211;188,33705139160156;186;
1194,823;38,288230895996094;188,33705139160156;186;
1194,824;38,28470230102539;190,29888916015625;186;
1194,825;38,29646682739258;190,29888916015625;186;
1194,826;38,299407958984375;188,33705139160156;186;
1194,827;38,031761169433594;188,33705139160156;186;
1194,829;38,04352951049805;188,33705139160156;186;
1194,83;38,034706115722656;188,33705139160156;186;
1194,831;38,05529022216797;188,33705139160156;186;
1194,832;38,054115295410156;190,29888916015625;186;
1194,833;38,05058670043945;190,29888916015625;186;
1194,834;38,046470642089844;190,29888916015625;186;
1194,835;37,955291748046875;190,29888916015625;186;
1194,836;37,95235061645508;192,2607421875;186;
1194,837;37,94058609008789;190,29888916015625;186;
1194,838;37,39646911621094;192,2607421875;186;
1194,839;37,399410247802734;190,29888916015625;186;
1194,84;37,39646911621094;190,29888916015625;186;
1194,841;37,39999771118164;186,37521362304688;186;
1194,842;37,838233947753906;186,37521362304688;186;
1194,843;37,835880279541016;188,33705139160156;186;
1194,844;37,923526763916016;188,33705139160156;186;
1194,845;37,92058563232422;188,33705139160156;186;
1194,846;38,36587905883789;190,29888916015625;186;
1194,847;38,36705780029297;190,29888916015625;186;
1194,848;38,37234878540039;190,29888916015625;186;
1194,849;38,38175964355469;190,29888916015625;186;
1194,85;38,115882873535156;190,29888916015625;186;
1194,851;38,099998474121094;190,29888916015625;186;
1194,852;38,099998474121094;188,33705139160156;186;
1194,853;38,102352142333984;188,33705139160156;186;
1194,854;38,11882019042969;188,33705139160156;186;
1194,855;38,12999725341797;188,33705139160156;186;
1194,856;38,12705612182617;190,29888916015625;186;
1194,857;38,03940963745117;190,29888916015625;186;
1194,858;38,04882049560547;192,2607421875;186;
1194,859;38,04176330566406;190,29888916015625;186;
1194,86;38,031761169433594;192,2607421875;186;
1194,861;37,49117660522461;192,2607421875;186;
1194,862;37,48234939575195;192,2607421875;186;
1194,863;37,50176239013672;190,29888916015625;186;
1194,864;37,51823425292969;190,29888916015625;186;
1194,865;37,96705627441406;190,29888916015625;186;
1194,866;37,96940994262695;190,29888916015625;186;
1194,867;37,961761474609375;186,37521362304688;186;
1194,868;37,96999740600586;188,33705139160156;186;
1194,869;38,40882110595703;188,33705139160156;186;
1194,87;38,40940856933594;190,29888916015625;186;
1194,871;38,40293884277344;190,29888916015625;186;
1194,872;38,135292053222656;190,29888916015625;186;
1194,873;38,13117599487305;190,29888916015625;186;
1194,874;38,123531341552734;190,29888916015625;186;
1194,875;38,11941146850586;188,33705139160156;186;
1194,876;38,136470794677734;188,33705139160156;186;
1194,877;38,132938385009766;190,29888916015625;186;
1194,878;38,12940979003906;188,33705139160156;186;
1194,879;38,11882019042969;188,33705139160156;186;
1194,88;38,03352737426758;190,29888916015625;186;
1194,881;38,03588104248047;190,29888916015625;186;
1194,882;38,031761169433594;190,29888916015625;186;
1194,883;38,029998779296875;190,29888916015625;186;
1194,884;37,48823547363281;190,29888916015625;186;
1194,885;37,49235153198242;192,2607421875;186;
1194,886;37,481178283691406;192,2607421875;186;
1194,887;37,92529296875;192,2607421875;186;
1194,888;37,927059173583984;192,2607421875;186;
1194,889;37,93000030517578;190,29888916015625;186;
1194,89;37,92529296875;190,29888916015625;186;
1194,891;38,369998931884766;190,29888916015625;186;
1194,892;38,37058639526367;190,29888916015625;186;
1194,893;38,365291595458984;190,29888916015625;186;
1194,894;38,369998931884766;188,33705139160156;186;
1194,895;38,10647201538086;188,33705139160156;186;
1194,896;38,10588073730469;188,33705139160156;186;
1194,897;38,107059478759766;188,33705139160156;186;
1194,898;38,10411834716797;190,29888916015625;186;
1194,899;38,12411880493164;190,29888916015625;186;
1194,9;38,119998931884766;190,29888916015625;186;
1194,901;38,12352752685547;188,33705139160156;186;
1194,902;38,0294075012207;190,29888916015625;186;
1194,903;38,03588104248047;190,29888916015625;186;
1194,904;38,03352737426758;188,33705139160156;186;
1194,905;38,0323486328125;188,33705139160156;186;
1194,906;37,48646926879883;188,33705139160156;186;
1194,907;37,487056732177734;188,33705139160156;186;
1194,908;37,48823547363281;188,33705139160156;186;
1194,909;37,491764068603516;190,29888916015625;186;
1194,91;37,932350158691406;190,29888916015625;186;
1194,911;37,92646789550781;190,29888916015625;186;
1194,912;37,9282341003418;190,29888916015625;186;
1194,913;37,9288215637207;190,29888916015625;186;
1194,914;38,369998931884766;190,29888916015625;186;
1194,915;38,369407653808594;194,2225799560547;186;
1194,916;38,36882019042969;192,2607421875;186;
1194,917;38,102352142333984;192,2607421875;186;
1194,918;38,10529327392578;190,29888916015625;186;
1194,919;38,10411834716797;190,29888916015625;186;
1194,92;38,10293960571289;188,33705139160156;186;
1194,921;38,12058639526367;186,37521362304688;186;
1194,922;38,12352752685547;188,33705139160156;186;
1194,923;38,12588119506836;188,33705139160156;186;
1194,924;38,127647399902344;190,29888916015625;186;
1194,925;38,0323486328125;190,29888916015625;186;
1194,926;38,03293991088867;190,29888916015625;186;
1194,927;38,029998779296875;188,33705139160156;186;
1194,928;38,03823471069336;190,29888916015625;186;
1194,929;37,485294342041016;188,33705139160156;186;
1194,93;38,692352294921875;188,33705139160156;186;
1194,931;37,424705505371094;188,33705139160156;186;
1194,932;37,420589447021484;188,33705139160156;186;
1194,933;37,862937927246094;188,33705139160156;186;
1194,934;37,86176300048828;188,33705139160156;186;
1194,935;37,862937927246094;188,33705139160156;186;
1194,936;38,304115295410156;190,29888916015625;186;
1194,937;38,305877685546875;190,29888916015625;186;
1194,938;38,304115295410156;190,29888916015625;186;
1194,939;38,30529022216797;192,2607421875;186;
1194,94;38,041175842285156;190,29888916015625;186;
1194,941;38,04058837890625;190,29888916015625;186;
1194,942;38,04058837890625;188,33705139160156;186;
1194,944;38,05823516845703;188,33705139160156;186;
1194,945;38,05881881713867;190,29888916015625;186;
1194,946;38,05881881713867;188,33705139160156;186;
1194,948;37,970584869384766;190,29888916015625;186;
1194,949;37,96940994262695;190,29888916015625;186;
1194,951;37,4223518371582;192,2607421875;186;
1194,952;37,42293930053711;192,2607421875;186;
1194,954;37,42293930053711;190,29888916015625;186;
1194,955;37,86411666870117;190,29888916015625;186;
1194,956;37,862937927246094;190,29888916015625;186;
1194,957;37,862937927246094;188,33705139160156;186;
1194,958;37,862937927246094;186,37521362304688;186;
1194,959;38,304115295410156;186,37521362304688;186;
1194,96;38,305877685546875;188,33705139160156;186;
1194,963;38,041175842285156;190,29888916015625;186;
1194,965;38,04058837890625;188,33705139160156;186;
1194,966;38,05823516845703;188,33705139160156;186;
1194,967;38,05881881713867;190,29888916015625;186;
1194,968;38,05881881713867;188,33705139160156;186;
1194,97;37,970584869384766;188,33705139160156;186;
1194,971;37,96940994262695;188,33705139160156;186;
1194,974;37,4223518371582;188,33705139160156;186;
1194,975;37,42293930053711;190,29888916015625;186;
1194,978;37,86411666870117;190,29888916015625;186;
1194,979;37,862937927246094;190,29888916015625;186;
1194,98;37,862937927246094;188,33705139160156;186;
1194,981;37,862937927246094;190,29888916015625;186;
1194,982;38,304115295410156;190,29888916015625;186;
1194,983;38,305877685546875;190,29888916015625;186;
1194,984;38,305877685546875;188,33705139160156;186;
1194,985;38,041175842285156;188,33705139160156;186;
1194,986;38,04058837890625;188,33705139160156;186;
1194,989;38,05823516845703;188,33705139160156;186;
1194,99;38,05881881713867;190,29888916015625;186;
1194,993;37,970584869384766;190,29888916015625;186;
1194,994;37,96940994262695;190,29888916015625;186;
1194,995;37,96940994262695;188,33705139160156;186;
1194,996;37,96940994262695;190,29888916015625;186;
1194,997;37,4223518371582;188,33705139160156;186;
1194,998;37,42293930053711;188,33705139160156;186;
1195;37,86411666870117;188,33705139160156;186;
1195,001;37,862937927246094;188,33705139160156;186;
1195,004;38,304115295410156;190,29888916015625;186;
1195,005;38,305877685546875;190,29888916015625;186;
1195,008;38,041175842285156;190,29888916015625;186;
1195,01;38,04058837890625;188,33705139160156;186;
1195,012;38,05823516845703;188,33705139160156;186;
1195,013;38,05881881713867;188,33705139160156;186;
1195,015;38,05881881713867;190,29888916015625;186;
1195,016;37,970584869384766;190,29888916015625;186;
1195,017;37,96940994262695;190,29888916015625;186;
1195,019;37,4223518371582;190,29888916015625;186;
1195,02;37,423526763916016;190,29888916015625;186;
1195,021;37,42293930053711;188,33705139160156;186;
1195,023;37,86411666870117;188,33705139160156;186;
1195,024;37,862937927246094;188,33705139160156;186;
1195,025;37,862937927246094;186,37521362304688;186;
1195,026;37,862937927246094;188,33705139160156;186;
1195,027;38,304115295410156;188,33705139160156;186;
1195,028;38,305877685546875;190,29888916015625;186;
1195,031;38,041175842285156;190,29888916015625;186;
1195,032;38,04058837890625;190,29888916015625;186;
1195,033;38,04058837890625;188,33705139160156;186;
1195,034;38,05823516845703;188,33705139160156;186;
1195,035;38,05881881713867;188,33705139160156;186;
1195,038;37,970584869384766;188,33705139160156;186;
1195,039;37,96940994262695;190,29888916015625;186;
1195,04;37,96940994262695;188,33705139160156;186;
1195,041;37,96940994262695;190,29888916015625;186;
1195,042;37,4223518371582;190,29888916015625;186;
1195,043;37,42293930053711;190,29888916015625;186;
1195,046;37,86411666870117;190,29888916015625;186;
1195,047;37,862937927246094;190,29888916015625;186;
1195,048;37,86470413208008;188,33705139160156;186;
1195,049;37,86587905883789;188,33705139160156;186;
1195,05;38,30529022216797;188,33705139160156;186;
1195,051;38,30705642700195;190,29888916015625;186;
1195,052;38,304115295410156;188,33705139160156;186;
1195,053;38,040000915527344;190,29888916015625;186;
1195,054;38,04058837890625;190,29888916015625;186;
1195,055;38,040000915527344;188,33705139160156;186;
1195,056;38,04058837890625;190,29888916015625;186;
1195,057;38,05823516845703;188,33705139160156;186;
1195,058;38,05705642700195;190,29888916015625;186;
1195,059;38,057647705078125;190,29888916015625;186;
1195,06;38,05646896362305;188,33705139160156;186;
1195,061;37,97352600097656;190,29888916015625;186;
1195,062;37,972938537597656;190,29888916015625;186;
1195,063;37,966468811035156;188,33705139160156;186;
1195,064;37,882938385009766;188,33705139160156;186;
1195,065;37,33529281616211;188,33705139160156;186;
1195,066;37,33293914794922;188,33705139160156;186;
1195,068;37,77647018432617;186,37521362304688;186;
1195,069;37,77411651611328;188,33705139160156;186;
1195,071;37,77411651611328;190,29888916015625;186;
1195,072;38,21529006958008;190,29888916015625;186;
1195,073;38,21529006958008;192,2607421875;186;
1195,074;38,21529006958008;190,29888916015625;186;
1195,076;37,95058822631836;190,29888916015625;186;
1195,077;37,95058822631836;188,33705139160156;186;
1195,08;37,96823501586914;188,33705139160156;186;
1195,081;37,96823501586914;190,29888916015625;186;
1195,083;37,87999725341797;190,29888916015625;186;
1195,087;37,33293914794922;188,33705139160156;186;
1195,088;37,33293914794922;190,29888916015625;186;
1195,089;37,33293914794922;188,33705139160156;186;
1195,091;37,77411651611328;188,33705139160156;186;
1195,095;38,21529006958008;190,29888916015625;186;
1195,099;37,95058822631836;190,29888916015625;186;
1195,101;37,95058822631836;188,33705139160156;186;
1195,102;37,96823501586914;188,33705139160156;186;
1195,103;36,74235153198242;190,29888916015625;186;
1195,104;38,027645111083984;188,33705139160156;186;
1195,106;37,94999694824219;188,33705139160156;186;
1195,107;37,95058822631836;190,29888916015625;186;
1195,108;37,96117401123047;190,29888916015625;186;
1195,109;37,964115142822266;190,29888916015625;186;
1195,11;37,417057037353516;190,29888916015625;186;
1195,111;37,41411590576172;190,29888916015625;186;
1195,112;37,4158821105957;192,2607421875;186;
1195,113;37,42293930053711;192,2607421875;186;
1195,114;37,85823440551758;190,29888916015625;186;
1195,115;37,86176300048828;190,29888916015625;186;
1195,116;37,86058807373047;188,33705139160156;186;
1195,117;38,295291900634766;188,33705139160156;186;
1195,118;38,29470443725586;188,33705139160156;186;
1195,119;38,28940963745117;190,29888916015625;186;
1195,12;38,28293991088867;190,29888916015625;186;
1195,121;38,017059326171875;190,29888916015625;186;
1195,122;38,0158805847168;190,29888916015625;186;
1195,123;38,01411819458008;188,33705139160156;186;
1195,124;38,12058639526367;190,29888916015625;186;
1195,125;38,13823318481445;190,29888916015625;186;
1195,126;38,0323486328125;190,29888916015625;186;
1195,127;38,111175537109375;188,33705139160156;186;
1195,128;38,11411666870117;188,33705139160156;186;
1195,129;38,02176284790039;188,33705139160156;186;
1195,13;38,0352897644043;188,33705139160156;186;
1195,131;38,038818359375;188,33705139160156;186;
1195,132;37,494117736816406;188,33705139160156;186;
1195,133;37,50176239013672;190,29888916015625;186;
1195,134;37,487056732177734;190,29888916015625;186;
1195,135;37,48234939575195;190,29888916015625;186;
1195,136;37,924705505371094;190,29888916015625;186;
1195,137;37,9288215637207;190,29888916015625;186;
1195,138;37,9317626953125;192,2607421875;186;
1195,139;37,938819885253906;192,2607421875;186;
1195,14;38,371761322021484;192,2607421875;186;
1195,141;38,376468658447266;192,2607421875;186;
1195,142;38,37470245361328;190,29888916015625;186;
1195,143;38,363529205322266;190,29888916015625;186;
1195,144;38,10764694213867;190,29888916015625;186;
1195,145;38,10293960571289;188,33705139160156;186;
1195,146;38,11941146850586;188,33705139160156;186;
1195,147;38,13470458984375;188,33705139160156;186;
1195,148;38,153526306152344;188,33705139160156;186;
1195,149;38,16176223754883;188,33705139160156;186;
1195,15;38,16117477416992;188,33705139160156;186;
1195,151;38,06940841674805;190,29888916015625;186;
1195,152;38,07764434814453;190,29888916015625;186;
1195,153;38,0811767578125;188,33705139160156;186;
1195,154;38,070587158203125;188,33705139160156;186;
1195,155;37,5194091796875;188,33705139160156;186;
1195,156;37,51823425292969;188,33705139160156;186;
1195,157;37,51176452636719;188,33705139160156;186;
1195,158;37,51117706298828;188,33705139160156;186;
1195,159;37,94352722167969;188,33705139160156;186;
1195,16;37,937644958496094;190,29888916015625;186;
1195,161;37,93411636352539;190,29888916015625;186;
1195,162;37,9347038269043;190,29888916015625;186;
1195,163;38,36705780029297;190,29888916015625;186;
1195,164;38,37117385864258;192,2607421875;186;
1195,165;38,365291595458984;190,29888916015625;186;
1195,166;38,107059478759766;190,29888916015625;186;
1195,167;38,10529327392578;190,29888916015625;186;
1195,168;38,104705810546875;188,33705139160156;186;
1195,169;38,10411834716797;188,33705139160156;186;
1195,17;38,126468658447266;188,33705139160156;186;
1195,171;38,12234878540039;188,33705139160156;186;
1195,172;38,12294006347656;188,33705139160156;186;
1195,173;38,12352752685547;190,29888916015625;186;
1195,174;38,03588104248047;190,29888916015625;186;
1195,175;38,03058624267578;192,2607421875;186;
1195,176;38,03705596923828;192,2607421875;186;
1195,177;38,03117752075195;192,2607421875;186;
1195,178;37,4905891418457;192,2607421875;186;
1195,179;37,481178283691406;192,2607421875;186;
1195,18;37,485294342041016;190,29888916015625;186;
1195,181;37,92940902709961;190,29888916015625;186;
1195,182;37,927059173583984;190,29888916015625;186;
1195,183;37,927059173583984;188,33705139160156;186;
1195,184;37,87528991699219;186,37521362304688;186;
1195,185;38,367645263671875;188,33705139160156;186;
1195,186;38,36823272705078;190,29888916015625;186;
1195,187;38,367645263671875;190,29888916015625;186;
1195,188;38,37294006347656;190,29888916015625;186;
1195,189;38,10529327392578;190,29888916015625;186;
1195,19;38,104705810546875;190,29888916015625;186;
1195,191;38,108821868896484;188,33705139160156;186;
1195,192;38,10293960571289;188,33705139160156;186;
1195,193;38,126468658447266;188,33705139160156;186;
1195,194;38,14117431640625;188,33705139160156;186;
1195,195;38,12234878540039;188,33705139160156;186;
1195,196;38,0352897644043;188,33705139160156;186;
1195,197;38,0352897644043;190,29888916015625;186;
1195,198;38,03940963745117;190,29888916015625;186;
1195,199;38,031761169433594;190,29888916015625;186;
1195,2;37,48646926879883;190,29888916015625;186;
1195,201;37,487056732177734;192,2607421875;186;
1195,202;37,48588180541992;190,29888916015625;186;
1195,203;37,489410400390625;190,29888916015625;186;
1195,204;37,9282341003418;190,29888916015625;186;
1195,205;37,93293762207031;192,2607421875;186;
1195,206;37,92764663696289;190,29888916015625;186;
1195,207;37,931175231933594;188,33705139160156;186;
1195,208;38,36823272705078;188,33705139160156;186;
1195,209;38,369407653808594;190,29888916015625;186;
1195,21;38,369998931884766;190,29888916015625;186;
1195,211;38,10647201538086;190,29888916015625;186;
1195,212;38,10411834716797;190,29888916015625;186;
1195,213;38,09529113769531;192,2607421875;186;
1195,214;38,04058837890625;192,2607421875;186;
1195,215;38,05588150024414;190,29888916015625;186;
1195,216;38,057647705078125;192,2607421875;186;
1195,217;38,057647705078125;190,29888916015625;186;
1195,218;38,05646896362305;190,29888916015625;186;
1195,219;37,96881866455078;190,29888916015625;186;
1195,22;37,967647552490234;190,29888916015625;186;
1195,221;37,970584869384766;188,33705139160156;186;
1195,222;37,917057037353516;188,33705139160156;186;
1195,223;37,369998931884766;186,37521362304688;186;
1195,224;37,42293930053711;188,33705139160156;186;
1195,227;37,86411666870117;188,33705139160156;186;
1195,23;38,30529022216797;190,29888916015625;186;
1195,231;38,30470275878906;190,29888916015625;186;
1195,234;38,040000915527344;190,29888916015625;186;
1195,235;38,04058837890625;188,33705139160156;186;
1195,238;38,05823516845703;188,33705139160156;186;
1195,239;38,057647705078125;190,29888916015625;186;
1195,242;37,96940994262695;190,29888916015625;186;
1195,243;37,971763610839844;190,29888916015625;186;
1195,245;37,424705505371094;190,29888916015625;186;
1195,246;37,42293930053711;190,29888916015625;186;
1195,247;37,42293930053711;188,33705139160156;186;
1195,249;37,86411666870117;188,33705139160156;186;
1195,253;38,30529022216797;190,29888916015625;186;
1195,254;38,30470275878906;190,29888916015625;186;
1195,257;38,040000915527344;190,29888916015625;186;
1195,258;38,04058837890625;190,29888916015625;186;
1195,259;38,04058837890625;188,33705139160156;186;
1195,26;38,05823516845703;188,33705139160156;186;
1195,261;38,16352844238281;188,33705139160156;186;
1195,262;38,057647705078125;188,33705139160156;186;
1195,264;37,96940994262695;188,33705139160156;186;
1195,265;37,971763610839844;190,29888916015625;186;
1195,268;37,424705505371094;190,29888916015625;186;
1195,269;37,42293930053711;190,29888916015625;186;
1195,272;37,86411666870117;190,29888916015625;186;
1195,273;37,86411666870117;188,33705139160156;186;
1195,276;38,30470275878906;188,33705139160156;186;
1195,278;38,30470275878906;190,29888916015625;186;
1195,279;38,040000915527344;190,29888916015625;186;
1195,28;38,04058837890625;190,29888916015625;186;
1195,283;38,05823516845703;188,33705139160156;186;
1195,284;38,057647705078125;190,29888916015625;186;
1195,285;38,057647705078125;188,33705139160156;186;
1195,287;37,96940994262695;188,33705139160156;186;
1195,288;37,971763610839844;188,33705139160156;186;
1195,291;37,424705505371094;188,33705139160156;186;
1195,292;37,42293930053711;190,29888916015625;186;
1195,293;37,42293930053711;188,33705139160156;186;
1195,294;37,86411666870117;190,29888916015625;186;
1195,297;37,86411666870117;188,33705139160156;186;
1195,298;38,30529022216797;188,33705139160156;186;
1195,299;38,30470275878906;190,29888916015625;186;
1195,301;38,30470275878906;188,33705139160156;186;
1195,302;38,040000915527344;188,33705139160156;186;
1195,303;38,04058837890625;188,33705139160156;186;
1195,306;38,05823516845703;188,33705139160156;186;
1195,307;38,057647705078125;190,29888916015625;186;
1195,309;37,96940994262695;190,29888916015625;186;
1195,31;37,96999740600586;190,29888916015625;186;
1195,311;37,971763610839844;190,29888916015625;186;
1195,312;37,971763610839844;188,33705139160156;186;
1195,313;37,424705505371094;188,33705139160156;186;
1195,314;37,42293930053711;188,33705139160156;186;
1195,317;37,86411666870117;188,33705139160156;186;
1195,318;37,86411666870117;186,37521362304688;186;
1195,32;37,86411666870117;188,33705139160156;186;
1195,321;38,30529022216797;190,29888916015625;186;
1195,322;38,30470275878906;192,2607421875;186;
1195,323;38,30470275878906;190,29888916015625;186;
1195,325;38,040000915527344;190,29888916015625;186;
1195,326;38,04058837890625;190,29888916015625;186;
1195,327;38,04058837890625;188,33705139160156;186;
1195,328;38,05823516845703;188,33705139160156;186;
1195,329;38,057647705078125;188,33705139160156;186;
1195,331;38,057647705078125;190,29888916015625;186;
1195,332;37,96999740600586;190,29888916015625;186;
1195,333;37,96881866455078;190,29888916015625;186;
1195,334;37,96999740600586;190,29888916015625;186;
1195,335;37,96881866455078;190,29888916015625;186;
1195,336;37,4223518371582;190,29888916015625;186;
1195,338;37,42293930053711;188,33705139160156;186;
1195,34;37,86411666870117;188,33705139160156;186;
1195,342;37,862937927246094;186,37521362304688;186;
1195,343;37,863529205322266;188,33705139160156;186;
1195,344;38,30470275878906;188,33705139160156;186;
1195,345;38,30529022216797;190,29888916015625;186;
1195,346;38,297645568847656;190,29888916015625;186;
1195,347;37,953529357910156;190,29888916015625;186;
1195,349;37,95294189453125;190,29888916015625;186;
1195,35;37,95058822631836;188,33705139160156;186;
1195,351;37,96823501586914;188,33705139160156;186;
1195,352;37,96823501586914;190,29888916015625;186;
1195,353;37,96823501586914;188,33705139160156;186;
1195,355;37,87999725341797;188,33705139160156;186;
1195,356;37,87999725341797;190,29888916015625;186;
1195,357;37,87999725341797;188,33705139160156;186;
1195,358;37,87999725341797;190,29888916015625;186;
1195,359;37,33293914794922;190,29888916015625;186;
1195,362;37,77411651611328;190,29888916015625;186;
1195,364;37,77411651611328;188,33705139160156;186;
1195,366;38,21529006958008;188,33705139160156;186;
1195,367;38,21529006958008;190,29888916015625;186;
1195,368;38,21529006958008;188,33705139160156;186;
1195,37;37,95058822631836;190,29888916015625;186;
1195,374;37,96823501586914;190,29888916015625;186;
1195,377;37,87999725341797;188,33705139160156;186;
1195,378;37,87999725341797;190,29888916015625;186;
1195,379;37,87999725341797;188,33705139160156;186;
1195,381;37,33293914794922;188,33705139160156;186;
1195,382;37,33293914794922;186,37521362304688;186;
1195,385;37,77411651611328;188,33705139160156;186;
1195,386;36,55470275878906;188,33705139160156;186;
1195,387;37,833526611328125;188,33705139160156;186;
1195,388;37,83646774291992;188,33705139160156;186;
1195,389;38,28470230102539;190,29888916015625;186;
1195,39;38,28588104248047;192,2607421875;186;
1195,391;38,29646682739258;190,29888916015625;186;
1195,393;38,034706115722656;190,29888916015625;186;
1195,395;38,034706115722656;188,33705139160156;186;
1195,396;38,05823516845703;188,33705139160156;186;
1195,397;38,05234909057617;190,29888916015625;186;
1195,398;38,05823516845703;190,29888916015625;186;
1195,399;38,05234909057617;190,29888916015625;186;
1195,4;37,96234893798828;190,29888916015625;186;
1195,401;37,959407806396484;190,29888916015625;186;
1195,402;37,95235061645508;190,29888916015625;186;
1195,403;37,94764709472656;190,29888916015625;186;
1195,404;37,399410247802734;188,33705139160156;186;
1195,405;37,39823532104492;188,33705139160156;186;
1195,406;37,39646911621094;188,33705139160156;186;
1195,408;37,838233947753906;188,33705139160156;186;
1195,41;37,83235168457031;188,33705139160156;186;
1195,411;38,358821868896484;188,33705139160156;186;
1195,412;38,358821868896484;190,29888916015625;186;
1195,413;38,36647033691406;190,29888916015625;186;
1195,414;38,37352752685547;190,29888916015625;186;
1195,415;38,113529205322266;190,29888916015625;186;
1195,416;38,11294174194336;190,29888916015625;186;
1195,417;38,11705780029297;188,33705139160156;186;
1195,418;38,10588073730469;188,33705139160156;186;
1195,419;38,11941146850586;188,33705139160156;186;
1195,42;38,22882080078125;188,33705139160156;186;
1195,421;38,12294006347656;188,33705139160156;186;
1195,422;38,12705612182617;186,37521362304688;186;
1195,423;38,034706115722656;186,37521362304688;186;
1195,424;38,036468505859375;188,33705139160156;186;
1195,425;38,04176330566406;190,29888916015625;186;
1195,426;38,04058837890625;190,29888916015625;186;
1195,427;37,49529266357422;190,29888916015625;186;
1195,428;37,397647857666016;190,29888916015625;186;
1195,429;37,49529266357422;190,29888916015625;186;
1195,43;37,94117736816406;188,33705139160156;186;
1195,431;37,959407806396484;188,33705139160156;186;
1195,432;37,96882247924805;188,33705139160156;186;
1195,433;37,96705627441406;188,33705139160156;186;
1195,434;38,40882110595703;188,33705139160156;186;
1195,435;38,41529083251953;190,29888916015625;186;
1195,436;38,41352844238281;190,29888916015625;186;
1195,437;38,403526306152344;190,29888916015625;186;
1195,438;38,13352966308594;190,29888916015625;186;
1195,439;38,13587951660156;190,29888916015625;186;
1195,44;38,127647399902344;190,29888916015625;186;
1195,441;38,123531341552734;190,29888916015625;186;
1195,442;38,13882064819336;190,29888916015625;186;
1195,443;38,134117126464844;190,29888916015625;186;
1195,444;38,13058853149414;188,33705139160156;186;
1195,445;38,03293991088867;188,33705139160156;186;
1195,446;38,0352897644043;188,33705139160156;186;
1195,447;38,03117752075195;188,33705139160156;186;
1195,448;38,038818359375;188,33705139160156;186;
1195,449;37,482940673828125;188,33705139160156;186;
1195,45;37,48646926879883;190,29888916015625;186;
1195,451;37,4841194152832;188,33705139160156;186;
1195,452;37,48999786376953;190,29888916015625;186;
1195,453;37,92646789550781;190,29888916015625;186;
1195,454;37,9282341003418;190,29888916015625;186;
1195,455;37,927059173583984;188,33705139160156;186;
1195,456;37,92940902709961;190,29888916015625;186;
1195,457;38,371761322021484;190,29888916015625;186;
1195,458;38,367645263671875;190,29888916015625;186;
1195,459;38,36823272705078;188,33705139160156;186;
1195,46;38,10293960571289;188,33705139160156;186;
1195,461;38,10353088378906;188,33705139160156;186;
1195,462;38,107059478759766;188,33705139160156;186;
1195,463;38,09882354736328;188,33705139160156;186;
1195,464;38,12528991699219;188,33705139160156;186;
1195,465;38,230587005615234;190,29888916015625;186;
1195,466;38,12470245361328;190,29888916015625;186;
1195,467;38,12352752685547;190,29888916015625;186;
1195,468;38,031761169433594;190,29888916015625;186;
1195,469;38,029998779296875;190,29888916015625;186;
1195,47;38,03352737426758;190,29888916015625;186;
1195,471;38,03352737426758;192,2607421875;186;
1195,472;37,487648010253906;192,2607421875;186;
1195,473;37,48588180541992;192,2607421875;186;
1195,474;37,48646926879883;188,33705139160156;186;
1195,475;37,487648010253906;188,33705139160156;186;
1195,476;37,9282341003418;188,33705139160156;186;
1195,477;37,932350158691406;188,33705139160156;186;
1195,478;37,925880432128906;190,29888916015625;186;
1195,479;38,367645263671875;190,29888916015625;186;
1195,48;38,369407653808594;190,29888916015625;186;
1195,481;38,36882019042969;190,29888916015625;186;
1195,482;38,37117385864258;192,2607421875;186;
1195,483;38,10588073730469;192,2607421875;186;
1195,484;38,10823440551758;192,2607421875;186;
1195,485;38,10293960571289;190,29888916015625;186;
1195,486;38,102352142333984;188,33705139160156;186;
1195,487;38,121177673339844;188,33705139160156;186;
1195,488;38,12705612182617;188,33705139160156;186;
1195,489;38,12294006347656;188,33705139160156;186;
1195,49;38,12470245361328;190,29888916015625;186;
1195,491;38,03764724731445;190,29888916015625;186;
1195,492;38,03352737426758;190,29888916015625;186;
1195,494;37,487648010253906;190,29888916015625;186;
1195,495;37,481178283691406;190,29888916015625;186;
1195,496;37,47999954223633;190,29888916015625;186;
1195,497;37,425880432128906;188,33705139160156;186;
1195,498;37,86235046386719;188,33705139160156;186;
1195,499;37,86176300048828;188,33705139160156;186;
1195,5;37,86470413208008;188,33705139160156;186;
1195,501;37,862937927246094;188,33705139160156;186;
1195,502;38,304115295410156;188,33705139160156;186;
1195,503;38,304115295410156;190,29888916015625;186;
1195,504;38,30470275878906;190,29888916015625;186;
1195,505;38,30529022216797;192,2607421875;186;
1195,506;38,04058837890625;192,2607421875;186;
1195,508;38,04058837890625;190,29888916015625;186;
1195,509;38,05823516845703;192,2607421875;186;
1195,51;38,05881881713867;192,2607421875;186;
1195,511;38,05881881713867;190,29888916015625;186;
1195,512;38,05881881713867;188,33705139160156;186;
1195,513;37,970584869384766;188,33705139160156;186;
1195,514;37,96940994262695;188,33705139160156;186;
1195,517;37,4223518371582;188,33705139160156;186;
1195,518;37,42293930053711;190,29888916015625;186;
1195,519;37,42293930053711;188,33705139160156;186;
1195,52;37,42293930053711;190,29888916015625;186;
1195,521;37,86411666870117;190,29888916015625;186;
1195,522;37,862937927246094;190,29888916015625;186;
1195,523;37,862937927246094;188,33705139160156;186;
1195,524;38,304115295410156;188,33705139160156;186;
1195,525;38,305877685546875;190,29888916015625;186;
1195,528;38,05881881713867;190,29888916015625;186;
1195,529;38,04058837890625;190,29888916015625;186;
1195,532;38,05823516845703;190,29888916015625;186;
1195,533;38,05881881713867;192,2607421875;186;
1195,535;38,05823516845703;192,2607421875;186;
1195,536;37,970584869384766;192,2607421875;186;
1195,537;37,96940994262695;190,29888916015625;186;
1195,539;37,4223518371582;190,29888916015625;186;
1195,54;37,4223518371582;188,33705139160156;186;
1195,541;37,42293930053711;188,33705139160156;186;
1195,543;37,86411666870117;188,33705139160156;186;
1195,544;37,862937927246094;188,33705139160156;186;
1195,547;38,304115295410156;188,33705139160156;186;
1195,548;38,305877685546875;190,29888916015625;186;
1195,549;38,305877685546875;188,33705139160156;186;
1195,55;38,305877685546875;190,29888916015625;186;
1195,551;38,040000915527344;188,33705139160156;186;
1195,552;38,04058837890625;188,33705139160156;186;
1195,555;38,05823516845703;188,33705139160156;186;
1195,556;38,05881881713867;190,29888916015625;186;
1195,558;37,970584869384766;190,29888916015625;186;
1195,559;37,96940994262695;192,2607421875;186;
1195,56;37,96940994262695;190,29888916015625;186;
1195,562;37,4223518371582;190,29888916015625;186;
1195,563;37,42293930053711;190,29888916015625;186;
1195,564;37,42293930053711;188,33705139160156;186;
1195,566;37,86411666870117;188,33705139160156;186;
1195,567;37,862937927246094;188,33705139160156;186;
1195,569;37,862937927246094;190,29888916015625;186;
1195,57;38,304115295410156;190,29888916015625;186;
1195,571;38,305877685546875;190,29888916015625;186;
1195,573;38,041175842285156;190,29888916015625;186;
1195,574;38,04058837890625;190,29888916015625;186;
1195,576;38,04058837890625;188,33705139160156;186;
1195,577;38,05823516845703;188,33705139160156;186;
1195,578;38,05881881713867;190,29888916015625;186;
1195,579;38,05881881713867;188,33705139160156;186;
1195,581;37,970584869384766;190,29888916015625;186;
1195,582;37,96940994262695;190,29888916015625;186;
1195,585;37,4223518371582;190,29888916015625;186;
1195,586;37,42293930053711;190,29888916015625;186;
1195,588;37,86411666870117;190,29888916015625;186;
1195,589;37,862937927246094;188,33705139160156;186;
1195,592;38,304115295410156;188,33705139160156;186;
1195,593;38,305877685546875;188,33705139160156;186;
1195,595;38,305877685546875;190,29888916015625;186;
1195,596;38,041175842285156;190,29888916015625;186;
1195,597;38,04058837890625;190,29888916015625;186;
1195,6;38,05823516845703;188,33705139160156;186;
1195,601;38,05881881713867;190,29888916015625;186;
1195,602;38,05881881713867;188,33705139160156;186;
1195,604;37,970584869384766;188,33705139160156;186;
1195,605;37,96940994262695;188,33705139160156;186;
1195,607;37,4223518371582;188,33705139160156;186;
1195,608;37,42293930053711;190,29888916015625;186;
1195,611;37,86411666870117;190,29888916015625;186;
1195,612;37,862937927246094;190,29888916015625;186;
1195,613;37,862937927246094;188,33705139160156;186;
1195,615;38,30529022216797;188,33705139160156;186;
1195,616;38,30470275878906;190,29888916015625;186;
1195,617;38,30529022216797;188,33705139160156;186;
1195,618;38,305877685546875;188,33705139160156;186;
1195,619;38,04058837890625;188,33705139160156;186;
1195,62;38,040000915527344;186,37521362304688;186;
1195,621;38,04058837890625;186,37521362304688;186;
1195,622;38,040000915527344;186,37521362304688;186;
1195,623;38,05823516845703;188,33705139160156;186;
1195,625;38,05999755859375;190,29888916015625;186;
1195,626;37,96881866455078;190,29888916015625;186;
1195,629;37,96999740600586;188,33705139160156;186;
1195,63;37,335880279541016;188,33705139160156;186;
1195,631;37,335880279541016;190,29888916015625;186;
1195,632;37,33293914794922;188,33705139160156;186;
1195,634;37,77411651611328;188,33705139160156;186;
1195,635;37,77647018432617;188,33705139160156;186;
1195,636;37,77411651611328;188,33705139160156;186;
1195,637;37,77411651611328;190,29888916015625;186;
1195,638;38,21529006958008;190,29888916015625;186;
1195,641;37,95058822631836;190,29888916015625;186;
1195,642;37,95058822631836;188,33705139160156;186;
1195,644;37,95058822631836;186,37521362304688;186;
1195,645;37,96823501586914;184,41336059570312;186;
1195,646;37,96823501586914;186,37521362304688;186;
1195,649;37,87999725341797;188,33705139160156;186;
1195,653;37,33293914794922;190,29888916015625;186;
1195,655;37,33293914794922;188,33705139160156;186;
1195,657;37,77411651611328;188,33705139160156;186;
1195,66;38,21529006958008;188,33705139160156;186;
1195,661;38,21529006958008;190,29888916015625;186;
1195,664;37,95058822631836;190,29888916015625;186;
1195,667;37,95058822631836;188,33705139160156;186;
1195,668;37,96823501586914;188,33705139160156;186;
1195,67;38,03117752075195;188,33705139160156;186;
1195,671;38,03352737426758;188,33705139160156;186;
1195,672;37,944114685058594;188,33705139160156;186;
1195,673;37,952938079833984;188,33705139160156;186;
1195,674;37,955291748046875;188,33705139160156;186;
1195,675;37,96117401123047;186,37521362304688;186;
1195,676;37,417057037353516;188,33705139160156;186;
1195,677;37,41411590576172;190,29888916015625;186;
1195,678;37,41411590576172;188,33705139160156;186;
1195,679;37,861175537109375;188,33705139160156;186;
1195,68;37,85823440551758;190,29888916015625;186;
1195,681;37,861175537109375;188,33705139160156;186;
1195,682;37,8599967956543;186,37521362304688;186;
1195,683;38,29882049560547;186,37521362304688;186;
1195,684;38,29352951049805;188,33705139160156;186;
1195,685;38,29058837890625;186,37521362304688;186;
1195,686;38,28764724731445;188,33705139160156;186;
1195,687;38,01117706298828;188,33705139160156;186;
1195,688;38,01411819458008;188,33705139160156;186;
1195,689;38,017059326171875;188,33705139160156;186;
1195,69;38,01411819458008;190,29888916015625;186;
1195,691;38,0352897644043;190,29888916015625;186;
1195,692;38,0323486328125;192,2607421875;186;
1195,693;38,029998779296875;190,29888916015625;186;
1195,694;38,023529052734375;190,29888916015625;186;
1195,695;38,03117752075195;190,29888916015625;186;
1195,696;38,02705764770508;190,29888916015625;186;
1195,697;38,034114837646484;188,33705139160156;186;
1195,698;37,49470520019531;188,33705139160156;186;
1195,699;37,50176239013672;188,33705139160156;186;
1195,7;37,49764633178711;188,33705139160156;186;
1195,701;37,4841194152832;188,33705139160156;186;
1195,702;37,92529296875;190,29888916015625;186;
1195,703;37,93000030517578;190,29888916015625;186;
1195,704;37,924705505371094;188,33705139160156;186;
1195,705;37,932350158691406;190,29888916015625;186;
1195,706;38,37470245361328;190,29888916015625;186;
1195,707;38,38352966308594;190,29888916015625;186;
1195,708;38,37705612182617;188,33705139160156;186;
1195,709;38,37528991699219;188,33705139160156;186;
1195,71;38,10588073730469;188,33705139160156;186;
1195,711;38,09294128417969;188,33705139160156;186;
1195,712;38,10293960571289;186,37521362304688;186;
1195,713;38,13999938964844;188,33705139160156;186;
1195,714;38,15470504760742;186,37521362304688;186;
1195,715;38,15764617919922;188,33705139160156;186;
1195,716;38,162940979003906;188,33705139160156;186;
1195,717;38,065879821777344;188,33705139160156;186;
1195,718;38,06999969482422;190,29888916015625;186;
1195,719;38,07176208496094;190,29888916015625;186;
1195,72;38,07646942138672;190,29888916015625;186;
1195,721;37,52294158935547;190,29888916015625;186;
1195,722;37,518821716308594;190,29888916015625;186;
1195,723;37,513526916503906;188,33705139160156;186;
1195,724;37,51176452636719;188,33705139160156;186;
1195,725;37,94117736816406;188,33705139160156;186;
1195,726;37,93941116333008;186,37521362304688;186;
